time,open,high,low,close,Swing High,Swing Low,Trail,Fast,Slow
2026-09-16T03:50:00-04:00,75869.32,75869.33,75808.34,75810.52,76084.32,75827.21,,45.77407132350511,45.084904454346706
2026-09-16T03:55:00-04:00,75810.51,75817.28,75753.55,75774.31,76084.32,75827.21,,42.53659586811802,44.676205866434636
2026-09-16T04:00:00-04:00,75773.79,75773.81,75676.4,75676.4,76084.32,75827.21,,38.54835304397032,43.60573326475612
2026-09-16T04:05:00-04:00,75676.41,75676.41,75479.06,75538.7,76084.32,75827.21,,32.69103137966892,41.64990516529556
2026-09-16T04:10:00-04:00,75538.69,75601.94,75501.59,75534.61,76084.32,75827.21,,29.56177443153888,38.85398757306309
2026-09-16T04:15:00-04:00,75523.47,75635.7,75475,75522.08,76084.32,75827.21,,29.22200724615442,36.67586895260195
2026-09-16T04:20:00-04:00,75522.09,75594.02,75408.36,75417.69,76084.32,75827.21,,26.988555538584265,33.41624214212376
2026-09-16T04:25:00-04:00,75408.37,75453.14,75359,75451.63,76084.32,75827.21,,26.722482361245625,31.232557820527813
2026-09-16T04:30:00-04:00,75434.3,75506.32,75431.28,75483.05,76084.32,75827.21,,29.985218807588474,29.83013441054388
2026-09-16T04:35:00-04:00,75483.04,75554.53,75481.78,75548.29,76084.32,75827.21,,34.57084280289452,30.096126323077584
2026-09-16T04:40:00-04:00,75548.3,75577.4,75526.45,75560.18,76084.32,75827.21,,38.13473167251725,31.385477351357697
2026-09-16T04:45:00-04:00,75560.17,75580.96,75542.9,75566.25,76084.32,75827.21,,38.9529961911695,32.77933254011491
2026-09-16T04:50:00-04:00,75566.22,75625,75562.75,75624.99,76084.32,75359,,41.92372343905198,35.01453912075699
2026-09-16T04:55:00-04:00,75625,75738.1,75624.99,75738.09,76084.32,75359,,48.89899073774938,39.03945688273351
2026-09-16T05:00:00-04:00,75738.1,75885.18,75733.77,75883.56,76084.32,75359,,57.32345502999493,43.757674168971086
2026-09-16T05:05:00-04:00,75881.01,75948.95,75834.21,75872.13,76084.32,75359,,61.005498459592985,47.90239392616337
2026-09-16T05:10:00-04:00,75871.31,75871.31,75798.88,75799.06,76084.32,75359,,57.7657305755973,50.38478496117188
2026-09-16T05:15:00-04:00,75799.05,75835.36,75765.1,75811.09,76084.32,75359,,55.340044950706606,52.81819771993177
2026-09-16T05:20:00-04:00,75818,75873.05,75818,75872.3,76084.32,75359,,57.49305643994958,55.68194503225191
2026-09-16T05:25:00-04:00,75872.29,75881.53,75823,75834.64,76084.32,75359,,57.776767357212286,57.34763883940614
2026-09-16T05:30:00-04:00,75830.39,75886.01,75830.39,75856.85,75948.95,75359,,56.953262475435295,57.9831655287336
2026-09-16T05:35:00-04:00,75856.84,75929.81,75856.14,75906.07,75948.95,75359,,59.109570458158046,57.85795753316703
2026-09-16T05:40:00-04:00,75906.15,75930.3,75906.07,75916.21,75948.95,75359,,60.88087931481245,57.9475600587963
2026-09-16T05:45:00-04:00,75916.32,75948.95,75889.57,75933.34,75948.95,75359,,61.701944488075455,58.98259007958935
2026-09-16T05:50:00-04:00,75933.33,75969.47,75917.02,75969.46,75948.95,75359,,63.31041518630123,60.22480869753763
2026-09-16T05:55:00-04:00,75969.47,75997.63,75952.01,75993.57,75948.95,75359,,65.10406969507906,61.15716529534064
2026-09-16T06:00:00-04:00,75993.4,76038.72,75992.38,76009.69,75948.95,75359,,66.28628130934764,62.65609839814773
2026-09-16T06:05:00-04:00,76009.7,76017.05,75973,76011.98,75948.95,75359,,66.83190425481692,63.97963437516397
2026-09-16T06:10:00-04:00,76011.99,76029.49,75932.95,75944.21,75948.95,75359,,62.92416157050467,63.74598157310391
2026-09-16T06:15:00-04:00,75944.25,76000,75944.25,76000,75948.95,75359,,60.90381676083733,63.986187931171074
2026-09-16T06:20:00-04:00,75999.99,76017.88,75930.88,75932.62,75948.95,75359,,59.39288718743331,63.086250915777576
2026-09-16T06:25:00-04:00,75932.63,75990.25,75927.89,75976.65,76038.72,75359,,57.51236553501056,62.32960231651659
2026-09-16T06:30:00-04:00,75976.66,75998.51,75948.93,75970.14,76038.72,75359,,58.765316262211265,61.27517850638679
2026-09-16T06:35:00-04:00,75970.13,75995.86,75960.39,75976.44,76038.72,75359,,58.672951452178026,60.154365214468136
2026-09-16T06:40:00-04:00,75976.43,76004.83,75976.43,75993.96,76038.72,75359,,59.61039953783184,59.21189144439105
2026-09-16T06:45:00-04:00,75993.97,75993.97,75956.34,75957.35,76038.72,75359,,58.172917120844936,58.796866800279645
2026-09-16T06:50:00-04:00,75957.36,75957.36,75924.05,75924.06,76038.72,75359,,54.22629620381362,57.304028428098555
2026-09-16T06:55:00-04:00,75924.05,75963.64,75896.98,75963.64,76038.72,75359,,54.233608283761335,57.32278711351622
2026-09-16T07:00:00-04:00,75987.57,76042,75941.35,75971.81,76038.72,75359,,56.42321238331573,56.99284181332861
2026-09-16T07:05:00-04:00,75971.8,75989.21,75908.76,75937.68,76038.72,75359,,54.80268485413501,56.190606711208716
2026-09-16T07:10:00-04:00,75937.69,75952.88,75909.17,75909.18,76038.72,75359,,51.250135444799156,54.872037239791794
2026-09-16T07:15:00-04:00,75909.17,75953.95,75886.06,75953.57,76038.72,75359,,51.95957876469095,54.00465791888276
2026-09-16T07:20:00-04:00,75953.56,75991.38,75913.63,75915.44,76038.72,75359,,52.14108116360017,53.148655537721865
2026-09-16T07:25:00-04:00,75915.43,75997.53,75915.43,75975.2,76042,75359,,52.92659215688633,53.63331390547496
2026-09-16T07:30:00-04:00,75975.21,76050,75953.67,76028.44,76042,75359,75966.2577,58.00403049712276,54.2259190272537
2026-09-16T07:35:00-04:00,76028.43,76092.66,75975.09,76025.99,76042,75359,75966.2577,60.05595344693812,54.671239923652784
2026-09-16T07:40:00-04:00,76017.85,76262.89,75989.85,76233.14,76042,75886.06,76069.35601085846,66.10050536188376,57.453867743753314
2026-09-16T07:45:00-04:00,76233.13,76253.16,76152,76218.18,76042,75886.06,76069.35601085846,71.44479049159344,60.44114136559397
2026-09-16T07:50:00-04:00,76218.19,76292.8,76212.57,76232.38,76042,75886.06,76069.35601085846,70.94107597052866,62.877152659706944
2026-09-16T07:55:00-04:00,76232.37,76258.45,76223.65,76248.02,76042,75886.06,76090.2142586939,71.67346043407596,66.02182115715848
2026-09-16T08:00:00-04:00,76248.01,76292.8,76200,76291.38,76042,75886.06,76132.25181164434,73.10464795062299,68.64231145791742
2026-09-16T08:05:00-04:00,76292.79,76292.8,76184.13,76184.13,76042,75886.06,76132.25181164434,67.99688932183122,68.87692367850376
2026-09-16T08:10:00-04:00,76184.14,76184.95,76123.13,76123.14,76042,75886.06,,58.993865702318274,68.33885781659747
2026-09-16T08:15:00-04:00,76123.13,76164.21,76089.89,76113.99,76042,75886.06,,55.729561889271096,65.913796972043
2026-09-16T08:20:00-04:00,76114,76114,76000.01,76000.01,76042,75886.06,,50.76592090657812,62.43060936373594
2026-09-16T08:25:00-04:00,76001.86,76020.44,75920.46,75940.94,76042,75886.06,,44.27073224303982,58.293698764189045
2026-09-16T08:30:00-04:00,75937.13,76012.64,75803.63,76012.64,76292.8,75886.06,,45.18367246561722,54.86209851560488
2026-09-16T08:35:00-04:00,76012.63,76020.48,75922.89,75959.47,76292.8,75886.06,,46.2793365326274,50.629324073333166
2026-09-16T08:40:00-04:00,75969.6,76020.12,75953.88,75962.87,76292.8,75886.06,,44.65770109209555,48.193759021394676
2026-09-16T08:45:00-04:00,75959.07,76030.74,75932.92,76023.81,76292.8,75886.06,,47.236766774901504,47.27015295121408
2026-09-16T08:50:00-04:00,76023.82,76046.04,75987.1,75991.49,76292.8,75886.06,,48.48279196413915,46.12325332849984
2026-09-16T08:55:00-04:00,75982.7,76033.98,75919.38,75975.56,76292.8,75803.63,,46.70094802456778,46.10873212778256
2026-09-16T09:00:00-04:00,75968.14,75975.14,75720.21,75752.29,76292.8,75803.63,75879.13333,39.81912287413311,44.85136493738363
2026-09-16T09:05:00-04:00,75752.28,75817.82,75750,75750.58,76292.8,75803.63,75879.13333,33.4877961766027,42.76705318806413
2026-09-16T09:10:00-04:00,75750.57,75802.91,75689.09,75802.91,76292.8,75803.63,75879.13333,35.74377981149639,41.841205874203354
2026-09-16T09:15:00-04:00,75802.76,75880.18,75769.55,75823.18,76046.04,75803.63,,38.903351029519136,41.122953170185156
2026-09-16T09:20:00-04:00,75823.17,75823.17,75759,75765.03,76046.04,75803.63,,38.18871678253775,39.256048733528
2026-09-16T09:25:00-04:00,75765.04,75839.54,75722.88,75774.03,76046.04,75803.63,,37.02258885279569,37.84860942408702
2026-09-16T09:30:00-04:00,75774.02,75785.93,75656.25,75672.68,76046.04,75803.63,,34.87507397233153,35.877227575746204
2026-09-16T09:35:00-04:00,75662.03,75739.82,75602.4,75602.41,76046.04,75803.63,,30.815088978996833,35.27602831119094
2026-09-16T09:40:00-04:00,75602.4,75800,75602.4,75790.77,76046.04,75803.63,,36.77912298030329,36.817606662517804
2026-09-16T09:45:00-04:00,75771.03,75929.76,75655.52,75876.03,76046.04,75803.63,,46.84286837147485,38.44719647118479
2026-09-16T09:50:00-04:00,75873.74,75939.62,75695.92,75730.25,76046.04,75803.63,,45.819363268113655,38.793610159259096
2026-09-16T09:55:00-04:00,75749.08,75799.73,75626.03,75658.21,76046.04,75803.63,,40.6669963092954,39.15527633597269
2026-09-16T10:00:00-04:00,75658.22,75672.51,75532.05,75585.72,76046.04,75803.63,,37.716342414087094,38.99182546248521
2026-09-16T10:05:00-04:00,75585.71,75670,75520.99,75574.66,76046.04,75803.63,,36.07855552579933,39.49912820839206
2026-09-16T10:10:00-04:00,75574.65,75583.23,75437.85,75573.19,76046.04,75803.63,,35.833977479249874,40.42579360541465
2026-09-16T10:15:00-04:00,75574.66,75714.25,75545.78,75562.97,75939.62,75803.63,,35.580337772192365,39.15661814893179
2026-09-16T10:20:00-04:00,75562.98,75685.79,75562.98,75628.02,75939.62,75803.63,,37.90362237750773,37.87172332142404
2026-09-16T10:25:00-04:00,75628.03,75821.01,75626.59,75815.4,75939.62,75803.63,,46.298483174510054,39.29350955075933
2026-09-16T10:30:00-04:00,75819.2,75823.27,75631.24,75721.04,75939.62,75803.63,,49.636760740494665,40.434513158909546
2026-09-16T10:35:00-04:00,75721.03,75781.97,75632.9,75633.59,75939.62,75437.85,,45.06137707396361,41.39209088215262
2026-09-16T10:40:00-04:00,75633.6,75779.05,75625,75752.28,75939.62,75437.85,,46.23288356871797,43.33574974260058
2026-09-16T10:45:00-04:00,75752.27,75754.08,75542.12,75600,75939.62,75437.85,,46.114921614207375,44.32950349214048
2026-09-16T10:50:00-04:00,75587.3,75650,75482.74,75608.42,75939.62,75437.85,,42.98929051504322,45.452593383415106
2026-09-16T10:55:00-04:00,75615.56,75682.63,75574.85,75682.63,75823.27,75437.85,,45.224974789686684,46.421318467048756
2026-09-16T11:00:00-04:00,75684.72,75750,75673.2,75702.94,75823.27,75437.85,,47.7697076235941,45.87294322601055
2026-09-16T11:05:00-04:00,75709.82,75760,75550.01,75739.99,75823.27,75437.85,,49.3041586892525,46.326289309550994
2026-09-16T11:10:00-04:00,75740,75783.4,75690.08,75758.91,75823.27,75437.85,,50.81601803083658,47.51712635654568
2026-09-16T11:15:00-04:00,75758.92,75759.8,75638.38,75688.04,75823.27,75482.74,,49.34894985408261,47.21659396251231
2026-09-16T11:20:00-04:00,75687.79,75795.12,75676.86,75735.39,75823.27,75482.74,,48.75196092908743,48.270566160797124
2026-09-16T11:25:00-04:00,75735.06,75761.63,75632.9,75633.53,75823.27,75482.74,,47.412029321130355,48.480233621394355
2026-09-16T11:30:00-04:00,75633.53,75650,75549.04,75630.53,75823.27,75482.74,,44.60947218969925,48.09470827508643
2026-09-16T11:35:00-04:00,75632.72,75779.02,75632.71,75742.91,75823.27,75482.74,,47.9096801785183,48.520225779944134
2026-09-16T11:40:00-04:00,75761.93,75782.76,75725.03,75725.56,75823.27,75482.74,,50.77782925284386,48.515757007541104
2026-09-16T11:45:00-04:00,75725.84,75925.68,75715.47,75821.14,75823.27,75482.74,,52.88794198067576,49.11220405132675
2026-09-16T11:50:00-04:00,75821.13,75900,75817.41,75847,75823.27,75482.74,,56.169292571449716,50.464426355360274
2026-09-16T11:55:00-04:00,75849.97,75849.98,75741.2,75785.23,75823.27,75549.04,,54.81008949592576,50.84309792756627
2026-09-16T12:00:00-04:00,75785.92,75810.49,75756.25,75779.63,75823.27,75549.04,,52.60643044429361,51.948540961978345
2026-09-16T12:05:00-04:00,75779.62,75829.93,75651.05,75729.33,75823.27,75549.04,,50.78476519256917,52.60746735695768
2026-09-16T12:10:00-04:00,75730.85,75857.1,75700,75840.78,75925.68,75549.04,,52.44746751889949,53.245051630658686
2026-09-16T12:15:00-04:00,75840.85,75875,75750.39,75872.16,75925.68,75549.04,,56.58803678387553,54.267526651538155
2026-09-16T12:20:00-04:00,75872.17,75875,75800.01,75802.74,75925.68,75549.04,,55.049118721050846,53.862530699337285
2026-09-16T12:25:00-04:00,75802.78,75844.9,75760,75796.12,75925.68,75549.04,,52.44990136109848,53.20484344858066
2026-09-16T12:30:00-04:00,75796.11,75849.91,75730.58,75758.15,75925.68,75651.05,,50.93529385069384,52.755446229271016
2026-09-16T12:35:00-04:00,75758.15,75799.61,75743.85,75773.22,75925.68,75651.05,,50.164369617544125,52.507111783795104
2026-09-16T12:40:00-04:00,75758.86,75758.86,75687.5,75692.13,75925.68,75651.05,,47.969545924468704,51.9510978669566
2026-09-16T12:45:00-04:00,75692.12,75837.72,75687.5,75763.76,75875,75651.05,,47.785987974309386,51.175260485340786
2026-09-16T12:50:00-04:00,75763.69,75813.62,75738.45,75795.63,75875,75651.05,,51.373496865593495,50.46122931887602
2026-09-16T12:55:00-04:00,75795.64,75817.67,75762.32,75771.8,75875,75651.05,,51.56155518033232,50.1788137594212
2026-09-16T13:00:00-04:00,75771.81,75794.13,75738.45,75788,75875,75651.05,,51.27753124325395,50.126266428063296
2026-09-16T13:05:00-04:00,75788.01,75797.79,75685.25,75685.25,75875,75651.05,,48.2566159772166,49.413477224142
2026-09-16T13:10:00-04:00,75685.26,75733.71,75678.57,75730.82,75875,75651.05,,46.37564636107099,49.04377406907097
2026-09-16T13:15:00-04:00,75730.81,75824.07,75724.76,75750.01,75875,75651.05,,48.81051000647219,49.653752676142986
2026-09-16T13:20:00-04:00,75750,75758.4,75651.72,75711.85,75875,75651.05,,48.14804992214458,49.147220339881024
2026-09-16T13:25:00-04:00,75705.33,75772.37,75704.26,75719.69,75875,75651.05,,47.09615989484527,48.43165639878636
2026-09-16T13:30:00-04:00,75719.69,75738.76,75640.15,75640.18,75875,75651.05,,44.64432972326725,47.170870209291
2026-09-16T13:35:00-04:00,75640.17,75640.17,75452.7,75465.72,75875,75651.05,,37.33428596835124,44.44787203452844
2026-09-16T13:40:00-04:00,75464.85,75546.81,75407.23,75467.8,75824.07,75651.05,,32.892253732116316,42.781052424976636
2026-09-16T13:45:00-04:00,75467.79,75550.3,75367.33,75373.79,75824.07,75651.05,,31.023609364409538,40.06157574976803
2026-09-16T13:50:00-04:00,75374.94,75580.51,75374.94,75512.19,75824.07,75651.05,,34.689546794420565,38.7464915072476
2026-09-16T13:55:00-04:00,75508.21,75899.99,75508.2,75745.1,75824.07,75651.05,,46.98195236342586,39.728405018705544
2026-09-16T14:00:00-04:00,75753.41,75966.83,75303.46,75850.61,75824.07,75651.05,,55.923691642693484,41.26864343520423
2026-09-16T14:05:00-04:00,75861.57,76550,75861.57,76226.15,75824.07,75651.05,,63.91836913037072,45.23527342073511
2026-09-16T14:10:00-04:00,76223.1,76340.31,75734.99,75807.91,75824.07,75651.05,,61.03402897261202,48.039998579278745
2026-09-16T14:15:00-04:00,75791.54,76040.91,75765.86,75950,75824.07,75651.05,,54.403716003857866,51.38140549837555
2026-09-16T14:20:00-04:00,75950,76096.82,75886.06,75907.62,75824.07,75651.05,,55.64423039596258,55.07446173115104
2026-09-16T14:25:00-04:00,75902.24,76031.25,75665.29,76020.4,75824.07,75303.46,,56.47285468230556,57.60520775205698
2026-09-16T14:30:00-04:00,76010.61,76018.13,75573.74,75641.63,76550,75303.46,,52.22492656048699,56.572454358882794
2026-09-16T14:35:00-04:00,75600,75900,75080,75838.55,76550,75303.46,,49.11703949937262,55.66044999682244
2026-09-16T14:40:00-04:00,75826.29,76319.8,75802.63,75982.24,76550,75303.46,,53.58451677451437,53.619925114352405
2026-09-16T14:45:00-04:00,75979.79,76079.74,75866.07,75937.96,76550,75303.46,,54.69433333530252,53.849108386162584
2026-09-16T14:50:00-04:00,75923.12,75923.12,75565.15,75565.15,76550,75303.46,,49.24547962108155,52.14614329070203
2026-09-16T14:55:00-04:00,75563.85,75729.19,75501.4,75640.69,76550,75303.46,,45.489138992137605,50.94765369935544
2026-09-16T15:00:00-04:00,75674.19,76169.9,75660.68,76050.01,76550,75080,,51.29820444087834,50.667671793151385
2026-09-16T15:05:00-04:00,76050,76066.24,75916.64,75949.61,76319.8,75080,,54.809820284449515,51.68619476334474
2026-09-16T15:10:00-04:00,75929.21,75949.12,75725.18,75949.12,76319.8,75080,,53.54062468800707,51.93155327561838
2026-09-16T15:15:00-04:00,75950,76009.11,75611.01,75611.01,76319.8,75080,,49.5305820235905,50.5279276916522
2026-09-16T15:20:00-04:00,75699.99,75720.8,75424.25,75438.32,76319.8,75080,,43.79644146941596,48.817869885365084
2026-09-16T15:25:00-04:00,75451.41,75555.96,75259.05,75550.59,76319.8,75080,,43.52980675391045,48.89487830103189
2026-09-16T15:30:00-04:00,75551,75796.93,75454.09,75785.6,76319.8,75080,,47.806260592494304,49.47990462832414
2026-09-16T15:35:00-04:00,75791.56,75855.13,75652.77,75828.7,76319.8,75080,,51.10774091252158,48.840460150072815
2026-09-16T15:40:00-04:00,75830.65,75984.61,75791.33,75975.56,76319.8,75080,,53.235734998506125,49.030165975197455
2026-09-16T15:45:00-04:00,75986.22,76131.57,75986.22,76054.04,76319.8,75080,,55.72134833706289,49.46352404980305
2026-09-16T15:50:00-04:00,76054.05,76125.39,76016.57,76077,76319.8,75259.05,,56.821474882607674,51.11327822063094
2026-09-16T15:55:00-04:00,76077.01,76100,76029.16,76084.98,76319.8,75259.05,,57.16858957352813,53.2841377938351
2026-09-16T16:00:00-04:00,76092.35,76276.01,76019.55,76276.01,76319.8,75259.05,,59.41827314188508,55.652840045766546
2026-09-16T16:05:00-04:00,76276,76411.75,76174.91,76181.04,76319.8,75259.05,,59.99652894719597,56.767071609464146
2026-09-16T16:10:00-04:00,76181.03,76237.5,76129.81,76214.65,76319.8,75259.05,,58.81688892398463,57.855453763327425
2026-09-16T16:15:00-04:00,76202.83,76333.31,76149.19,76333.31,76319.8,75259.05,,60.5999217521224,58.871124967640235
2026-09-16T16:20:00-04:00,76333.32,76358.22,76266.82,76266.82,76319.8,75259.05,,60.764680503677866,59.296405810931695
2026-09-16T16:25:00-04:00,76263,76263.01,76113.46,76210.27,76319.8,75259.05,,58.50873495540818,59.353199274154655
2026-09-16T16:30:00-04:00,76211.02,76237,76127.98,76214.41,76411.75,75259.05,,57.53088754297208,59.39991951648711
2026-09-16T16:35:00-04:00,76214.4,76245.7,76101.45,76103.69,76411.75,75259.05,,55.48577818533673,58.22962928656942
2026-09-16T16:40:00-04:00,76103.68,76139.43,76029.75,76129.35,76411.75,75259.05,,53.799818233233836,57.62943074106936
2026-09-16T16:45:00-04:00,76129.36,76196,76081.14,76159.71,76411.75,75259.05,,54.727725534342454,57.0612968895288
2026-09-16T16:50:00-04:00,76164.91,76164.92,76067.76,76129.49,76411.75,75259.05,,54.59336873819468,55.91327273709002
2026-09-16T16:55:00-04:00,76129.39,76187.29,76106.89,76172.74,76411.75,75259.05,,54.748343499755876,55.3423434598368
2026-09-16T17:00:00-04:00,76172.66,76176.01,76146.37,76149.27,76411.75,75259.05,,54.995604195108896,54.90952109129022
2026-09-16T17:05:00-04:00,76149.28,76199.6,76126.53,76153.4,76411.75,76029.75,,54.52852352691805,54.484525169535644
2026-09-16T17:10:00-04:00,76149.76,76159.72,76084.88,76112.41,76411.75,76029.75,,53.55997887317678,54.35929271638737
2026-09-16T17:15:00-04:00,76117.46,76141.49,76100,76100.01,76411.75,76029.75,,52.17980812090261,54.021665137441005
2026-09-16T17:20:00-04:00,76113.47,76140.11,76054.72,76070.65,76411.75,76029.75,,51.05788080107149,53.31076564973853
2026-09-16T17:25:00-04:00,76067.41,76121.83,76040.28,76070.42,76411.75,76029.75,,50.25550276477455,52.78227485932097
2026-09-16T17:30:00-04:00,76070.41,76097.98,76063.08,76063.38,76199.6,76029.75,,50.03639148815333,51.96449364642352
2026-09-16T17:35:00-04:00,76063.39,76073.04,75990,75990.01,76199.6,76029.75,,47.6630144594439,50.687249220559536
2026-09-16T17:40:00-04:00,75990.01,75998,75916.83,75955.76,76199.6,76029.75,,44.551646286173025,49.11395729192493
2026-09-16T17:45:00-04:00,75954.69,75970.34,75927.97,75962.03,76199.6,76029.75,,43.83144005291986,47.90766670048614
2026-09-16T17:50:00-04:00,75954.67,76015.29,75954.67,76011.7,76199.6,76029.75,,45.88425435291067,47.315227643927244
2026-09-16T17:55:00-04:00,76012.55,76017.88,75934.28,75963.45,76199.6,76029.75,,46.184484478928205,46.51526775130235
2026-09-16T18:00:00-04:00,75981.14,75981.14,75740,75740.01,76199.6,76029.75,,39.27112962018205,44.17683531690083
2026-09-16T18:05:00-04:00,75740,75780.58,75670,75750,76199.6,76029.75,,34.259847443360954,42.007683738504525
2026-09-16T18:10:00-04:00,75749.99,75896.07,75749.99,75887.04,76199.6,76029.75,,39.38213423421997,41.810869538265415
2026-09-16T18:15:00-04:00,75887.03,75928.48,75784.67,75784.67,76199.6,76029.75,,41.8182060878219,41.22670082468992
2026-09-16T18:20:00-04:00,75784.3,75786.61,75666.58,75681.34,76199.6,76029.75,,37.49598444025803,40.00073936321917
2026-09-16T18:25:00-04:00,75684.71,75780.15,75684.71,75747.98,76199.6,76029.75,,37.615052951928135,38.864071852980636
2026-09-16T18:30:00-04:00,75747.99,75747.99,75682.03,75682.03,76199.6,76029.75,,38.44053333686475,37.78818189405819
2026-09-16T18:35:00-04:00,75682.04,75756.25,75650,75756.24,76199.6,76029.75,,39.455232566278426,38.91667269472244
2026-09-16T18:40:00-04:00,75756.25,75800,75723.91,75800,76199.6,76029.75,,43.084918054892526,40.30963064021006
2026-09-16T18:45:00-04:00,75799.99,75809.44,75715.87,75715.91,76199.6,76029.75,,42.50547285540438,39.809055157917996
2026-09-16T18:50:00-04:00,75715.9,75715.91,75631.54,75650.6,76199.6,76029.75,,39.27349197098072,39.58256946396972
2026-09-16T18:55:00-04:00,75650.61,75676.65,75649.8,75672.4,76199.6,76029.75,,38.64918093723276,40.13853987133934
2026-09-16T19:00:00-04:00,75672.41,75723.71,75634.11,75717.77,76199.6,76029.75,,40.87550299263691,40.514126618457944
2026-09-16T19:05:00-04:00,75717.76,75794.88,75717.76,75786.42,76199.6,76029.75,,44.53359235250696,41.87941387580854
2026-09-16T19:10:00-04:00,75786.43,75825,75762,75824.99,76199.6,76029.75,,47.84195386032087,42.910332702470065
2026-09-16T19:15:00-04:00,75825,76036.43,75825,76036.43,76199.6,75631.54,,54.18656536933012,45.05131310850499
2026-09-16T19:20:00-04:00,76036.7,76133.86,76036.7,76086.42,76199.6,75631.54,,60.378052013705,48.01678389055596
2026-09-16T19:25:00-04:00,76086.43,76100,76050,76070.41,76199.6,75631.54,,60.86600362898598,51.22060215364935
2026-09-16T19:30:00-04:00,76070.42,76122.56,76058.91,76118.31,76199.6,75631.54,,61.365936984979925,54.50728561848372
2026-09-16T19:35:00-04:00,76119.58,76130.99,76058.91,76115.9,76199.6,75631.54,,62.292578939682265,57.33976670994802
2026-09-16T19:40:00-04:00,76115.89,76206.85,76115.89,76196.92,76199.6,75631.54,,63.9234524599574,60.04724564918384
2026-09-16T19:45:00-04:00,76196.93,76226.24,76150,76217.89,76199.6,75631.54,,66.0647718934446,62.54628614798337
2026-09-16T19:50:00-04:00,76222.06,76254.22,76195.82,76242.33,76199.6,75631.54,,66.99295507716067,63.70621413713544
2026-09-16T19:55:00-04:00,76242.32,76242.33,76179.99,76199.6,76199.6,75631.54,,65.68843266515893,64.0635377626845
2026-09-16T20:00:00-04:00,76199.88,76268.23,76170.42,76266.47,76199.6,75631.54,,65.37590751693226,64.9947581051201
2026-09-16T20:05:00-04:00,76238.08,76315.75,76200,76315.74,76199.6,75631.54,,67.89321349193426,65.9284739075286
2026-09-16T20:10:00-04:00,76315.75,76450,76309.35,76322.63,76199.6,75631.54,,69.05770516078273,66.92765131114881
2026-09-16T20:15:00-04:00,76322.62,76458.52,76320.69,76443.88,76199.6,75631.54,,71.48743760533127,68.08961252049257
2026-09-16T20:20:00-04:00,76445.06,76459.75,76390.59,76459.74,76199.6,75631.54,,74.04282046902809,69.2070937613155
2026-09-16T20:25:00-04:00,76459.75,76470,76363.31,76394.62,76199.6,75631.54,,71.22492979470451,69.2987481540765
2026-09-16T20:30:00-04:00,76395.32,76475.09,76364.76,76430.02,76199.6,75631.54,,68.87718806835205,70.11816673365641
2026-09-16T20:35:00-04:00,76435.27,76490.52,76382.93,76469.41,76199.6,75631.54,,70.41582658425358,70.73872503045403
2026-09-16T20:40:00-04:00,76469.41,76477.05,76415.17,76423.03,76199.6,75631.54,,68.98728058290513,70.43075733107665
2026-09-16T20:45:00-04:00,76423.04,76449.24,76368.49,76404.23,76199.6,75631.54,,65.87129275019855,69.82832148457284
2026-09-16T20:50:00-04:00,76404.25,76409.66,76371.4,76375.12,76199.6,75631.54,,63.60408678738228,68.17837138309123
2026-09-16T20:55:00-04:00,76375.13,76392.83,76335,76335.65,76199.6,75631.54,,60.40818589765962,65.932711607039
2026-09-16T21:00:00-04:00,76336.44,76338.56,76212.99,76223.94,76490.52,75631.54,,54.16645243404958,63.30452070861839
2026-09-16T21:05:00-04:00,76223.93,76343.82,76222.8,76262.57,76490.52,75631.54,,51.079412745515285,60.847632943371345
2026-09-16T21:10:00-04:00,76257.82,76293.84,76224.22,76293.83,76490.52,75631.54,,53.473041436230204,58.46372495204029
2026-09-16T21:15:00-04:00,76293.84,76371.77,76222.81,76354.46,76490.52,75631.54,,56.45606631343844,57.267286009238
2026-09-16T21:20:00-04:00,76354.49,76478.35,76354.49,76478.35,76490.52,75631.54,,61.65582503972344,57.25930560619026
2026-09-16T21:25:00-04:00,76478.21,76641.12,76478.21,76629.26,76490.52,76212.99,,67.92650497748886,58.50226263498275
2026-09-16T21:30:00-04:00,76623.02,76750,76584.35,76622.12,76490.52,76212.99,,70.61888626575363,60.176648568502834
2026-09-16T21:35:00-04:00,76622.13,76760.68,76592.55,76596.2,76490.52,76212.99,,69.16415988705648,62.78732190727044
2026-09-16T21:40:00-04:00,76599.52,76627.39,76505.33,76602.81,76490.52,76212.99,,68.15793927812628,65.05622757782027
2026-09-16T21:45:00-04:00,76584.71,76589.86,76469.8,76544.39,76490.52,76212.99,,65.6355871002356,66.26233495412913
2026-09-16T21:50:00-04:00,76550,76550,76400,76409.59,76490.52,76212.99,,57.857844512394095,65.45673563466474
2026-09-16T21:55:00-04:00,76409.58,76409.59,76339.55,76374.99,76490.52,76212.99,,51.611644319154706,63.39256903396664
2026-09-16T22:00:00-04:00,76374.98,76389.34,76325.28,76382.07,76760.68,76212.99,,50.710860191498014,60.53797998152451
2026-09-16T22:05:00-04:00,76382.07,76389.73,76157.8,76157.81,76760.68,76212.99,76288.90268999999,44.76939894782325,56.00700122884367
2026-09-16T22:10:00-04:00,76157.8,76225.33,76113.99,76221.88,76760.68,76212.99,76288.90268999999,40.72635774525682,52.41289365529603
2026-09-16T22:15:00-04:00,76220.85,76220.85,76126.44,76126.44,76760.68,76212.99,76288.90268999999,40.71039540193234,48.1648458356454
2026-09-16T22:20:00-04:00,76126.38,76127.98,76080,76120.99,76760.68,76212.99,76288.90268999999,38.445738717510096,44.64436554594589
2026-09-16T22:25:00-04:00,76121,76204.79,76120.99,76179.63,76760.68,76212.99,76288.90268999999,40.37044393895374,43.168445671805294
2026-09-16T22:30:00-04:00,76179.64,76265.8,76150,76262.11,76760.68,76212.99,76288.90268999999,45.03900176010191,42.7664676719308
2026-09-16T22:35:00-04:00,76262.12,76427.82,76244.95,76394.76,76760.68,76212.99,,51.23412555935289,43.31795006262098
2026-09-16T22:40:00-04:00,76394.77,76443.75,76371.79,76422.23,76760.68,76212.99,,55.47059812483566,45.8239531510772
2026-09-16T22:45:00-04:00,76422.24,76443.75,76359.88,76443.75,76760.68,76080,,56.67069591808469,47.87347525485751
2026-09-16T22:50:00-04:00,76443.74,76480,76344.12,76364.65,76760.68,76080,,54.6937650671784,49.81920162686179
2026-09-16T22:55:00-04:00,76364.66,76404,76361.85,76374.32,76760.68,76080,,52.45693569860312,51.87667439231267
2026-09-16T23:00:00-04:00,76374.31,76476.91,76374.31,76458.01,76760.68,76080,,55.0038442364337,54.00017314042749
2026-09-16T23:05:00-04:00,76458.02,76499.98,76436.21,76440.98,76760.68,76080,,56.686371540089354,55.20449432945194
2026-09-16T23:10:00-04:00,76440.97,76451.84,76415.6,76441.41,76760.68,76080,,56.10736372004602,55.392526900625526
2026-09-16T23:15:00-04:00,76447.43,76470.01,76419.42,76427.01,76760.68,76080,,55.56310007675775,55.23092345857254
2026-09-16T23:20:00-04:00,76427.02,76485.07,76427.01,76485.06,76760.68,76080,,56.79018167336419,55.42666568784824
2026-09-16T23:25:00-04:00,76485.07,76512.5,76480,76499.58,76760.68,76080,,59.00696635261292,56.4632666829824
2026-09-16T23:30:00-04:00,76499.58,76539.93,76452.19,76501.51,76760.68,76080,,59.50060894961331,57.43914375956543
2026-09-16T23:35:00-04:00,76501.5,76539.88,76494.61,76497.67,76760.68,76080,,59.37191105995131,57.711285775416
2026-09-16T23:40:00-04:00,76506.12,76529.67,76460,76479.99,76760.68,76080,,58.27891329413067,57.894155689291516
2026-09-16T23:45:00-04:00,76480,76514.37,76470.22,76484.03,76760.68,76080,,57.53412204739717,58.11893101180205
2026-09-16T23:50:00-04:00,76483.62,76491.1,76418.83,76435.6,76760.68,76080,,55.15909151114873,57.77872467054608
2026-09-16T23:55:00-04:00,76435.59,76462.16,76414.76,76443.58,76539.93,76080,,52.98864526518301,57.03277775232171
2026-09-17T00:00:00-04:00,76443.59,76443.59,76376.91,76407.55,76539.93,76080,,51.49962141437854,55.63376897390769
2026-09-17T00:05:00-04:00,76407.54,76407.55,76352.36,76352.37,76539.93,76080,,47.095926066344276,53.488582642816276
2026-09-17T00:10:00-04:00,76352.36,76352.37,76309.44,76325.2,76539.93,76080,,43.39381472029996,51.06859859115017
2026-09-17T00:15:00-04:00,76325.21,76331.62,76309.44,76309.45,76539.93,76080,,41.58268650612179,48.71823213195659
2026-09-17T00:20:00-04:00,76309.44,76309.44,76210.4,76210.41,76539.93,76080,,37.348446456225986,45.3012627079584
2026-09-17T00:25:00-04:00,76231.28,76251.51,76200,76212.51,76539.93,76080,,33.905875309543845,42.645884645783774
2026-09-17T00:30:00-04:00,76212.52,76233.33,76190.4,76199.69,76539.93,76080,,33.604232165452885,39.762858965178374
2026-09-17T00:35:00-04:00,76199.68,76352.91,76199.68,76352.02,76539.93,76080,,41.38066038214534,39.754752922288574
2026-09-17T00:40:00-04:00,76345.06,76388.38,76327.29,76377.09,76539.93,76080,,50.64203977812736,40.776034311402114
2026-09-17T00:45:00-04:00,76377.08,76484.84,76336.22,76480.51,76539.93,76080,,55.47108743427022,43.205402269137224
2026-09-17T00:50:00-04:00,76482.23,76522.77,76443.75,76443.76,76539.93,76080,,57.57556281161048,45.345427541541746
2026-09-17T00:55:00-04:00,76443.76,76588.72,76443.76,76539.61,76539.93,76190.4,76463.68977,58.92107692110055,49.3690109733871
2026-09-17T01:00:00-04:00,76538.85,76627.36,76506.03,76523.24,76539.93,76190.4,76463.68977,61.17879364691835,53.13768992364874
2026-09-17T01:05:00-04:00,76523.23,76523.24,76487.18,76513.2,76539.93,76190.4,76463.68977,59.935959170014925,56.89236154611911
2026-09-17T01:10:00-04:00,76513.19,76513.2,76455.8,76477.13,76539.93,76190.4,,57.72460555530502,57.80738854455151
2026-09-17T01:15:00-04:00,76477.75,76477.75,76429.83,76429.84,76539.93,76190.4,,53.87060632642874,57.81480913134807
2026-09-17T01:20:00-04:00,76453.61,76476.88,76439.24,76476.88,76539.93,76190.4,,53.559796339303716,57.261305374561076
2026-09-17T01:25:00-04:00,76476.87,76549.86,76460.35,76491.84,76627.36,76190.4,,55.93401207886156,57.34579463627695
2026-09-17T01:30:00-04:00,76491.83,76491.83,76401.55,76475.6,76627.36,76190.4,,55.6887886274585,56.3377944335205
2026-09-17T01:35:00-04:00,76478.46,76483.73,76401.55,76401.55,76627.36,76190.4,,51.513206383403485,54.5841982752727
2026-09-17T01:40:00-04:00,76401.56,76403.04,76338.74,76361.04,76627.36,76190.4,,46.51883796998882,52.504331233513035
2026-09-17T01:45:00-04:00,76361.03,76399.77,76358.69,76383.14,76627.36,76190.4,,45.94523419595524,51.218663601172764
2026-09-17T01:50:00-04:00,76383.13,76421.84,76375.58,76413.01,76627.36,76190.4,,48.38930702323699,50.93824571831539
2026-09-17T01:55:00-04:00,76413,76413.01,76319.11,76334.99,76627.36,76190.4,,46.575601906208774,49.22317947743135
2026-09-17T02:00:00-04:00,76334.97,76390.13,76316.15,76386.94,76627.36,76190.4,,45.763316351435606,48.032332653336546
2026-09-17T02:05:00-04:00,76386.93,76460,76386.78,76459.99,76627.36,76190.4,,51.10125813083636,47.91245647839644
2026-09-17T02:10:00-04:00,76460,76480.01,76446.38,76465.27,76627.36,76190.4,,54.24556600102456,48.813006829799704
2026-09-17T02:15:00-04:00,76465.26,76465.27,76375,76406.96,76627.36,76190.4,,51.87815707885512,49.4436905095011
2026-09-17T02:20:00-04:00,76406.85,76409.7,76343.24,76356.94,76627.36,76190.4,,47.33266784256982,49.209416443118165
2026-09-17T02:25:00-04:00,76356.93,76437.49,76351.11,76437.49,76627.36,76316.15,,48.69120031725453,49.52994573636325
2026-09-17T02:30:00-04:00,76443.75,76524.61,76443.74,76493.54,76627.36,76316.15,,54.036884350026895,51.3412114270662
2026-09-17T02:35:00-04:00,76493.54,76571.35,76493.54,76554.03,76627.36,76316.15,,57.9979200291848,53.02554678714875
2026-09-17T02:40:00-04:00,76554.04,76581.85,76531.94,76563.5,76627.36,76316.15,,60.24385869953724,53.953383018123596
2026-09-17T02:45:00-04:00,76563.51,76602.7,76550,76550.01,76627.36,76316.15,,59.86960114929454,54.63241397236874
2026-09-17T02:50:00-04:00,76550,76550.01,76499.99,76500.56,76627.36,76316.15,,56.823039955946854,55.36620669729267
2026-09-17T02:55:00-04:00,76500.52,76500.52,76480,76480.72,76627.36,76316.15,,53.53309803560278,56.40396545609244
2026-09-17T03:00:00-04:00,76480.71,76575,76480,76574.99,76627.36,76316.15,,56.08989289918234,57.480118863557756
2026-09-17T03:05:00-04:00,76574.09,76675.56,76574,76632.73,76627.36,76316.15,,61.340948557788366,58.490840944024285
2026-09-17T03:10:00-04:00,76637.99,76676.93,76534.44,76542.31,76627.36,76316.15,,59.039749641653785,57.77778446712032
2026-09-17T03:15:00-04:00,76542.3,76641.61,76518.96,76570.53,76627.36,76316.15,76551.03234,55.895554626636226,57.248468351766846
2026-09-17T03:20:00-04:00,76570.54,76579.6,76539.94,76567.7,76627.36,76316.15,,56.706617288613515,56.87407479264002
2026-09-17T03:25:00-04:00,76565.29,76578.79,76524.37,76525.24,76627.36,76480,,54.66992846369122,56.63329363969381
2026-09-17T03:30:00-04:00,76524.37,76540.31,76511.13,76519.59,76627.36,76480,,52.507827524000035,56.58114036075352
2026-09-17T03:35:00-04:00,76519.58,76519.58,76499.98,76499.98,76676.93,76480,,51.351938613335534,55.27959241516616
2026-09-17T03:40:00-04:00,76499.99,76538.24,76499.98,76517.52,76676.93,76480,,51.24714155398151,53.697195502522995
2026-09-17T03:45:00-04:00,76517.53,76535.55,76482,76511.76,76676.93,76480,,51.75230304891355,53.197464817240366
2026-09-17T03:50:00-04:00,76511.75,76511.76,76463.8,76463.8,76676.93,76480,,49.097981149271064,51.755031651847226
2026-09-17T03:55:00-04:00,76463.81,76465.08,76434.95,76465.08,76676.93,76480,,46.80693813398838,50.36898505877604
2026-09-17T04:00:00-04:00,76470.28,76530.63,76465.36,76530.63,76676.93,76480,,50.2422567779155,50.48998259876844
2026-09-17T04:05:00-04:00,76530.63,76530.63,76459.56,76462.78,76676.93,76480,,50.29048055268539,49.73545735268613
2026-09-17T04:10:00-04:00,76462.79,76510.69,76428.5,76428.51,76676.93,76480,,45.49217336601224,48.81576395667607
2026-09-17T04:15:00-04:00,76428.5,76488.06,76405.41,76487.3,76676.93,76480,,46.932325060286466,48.502652640201845
2026-09-17T04:20:00-04:00,76487.29,76539.17,76487.29,76497.07,76676.93,76480,,50.3134396961225,48.40466014159292
2026-09-17T04:25:00-04:00,76497.08,76529.69,76470,76471.69,76676.93,76480,,49.534556889964605,48.627388566114284
2026-09-17T04:30:00-04:00,76471.7,76491.25,76418.83,76481.28,76676.93,76480,,48.7992342689569,48.973887608726784
2026-09-17T04:35:00-04:00,76481.27,76547.65,76467.76,76547.64,76676.93,76480,,52.51386699608595,49.276420057020125
2026-09-17T04:40:00-04:00,76547.64,76548.95,76459.61,76497.82,76676.93,76405.41,76556.1797,53.13650334396142,49.78703697766279
2026-09-17T04:45:00-04:00,76497.83,76503.6,76481.2,76489.65,76676.93,76405.41,76556.1797,50.139748441016636,50.604298649878515
2026-09-17T04:50:00-04:00,76498.42,76575,76498.4,76575,76676.93,76405.41,,53.59498886582824,51.69065520781758
2026-09-17T04:55:00-04:00,76574.99,76592.97,76567.84,76576.29,76676.93,76405.41,,57.511325401873705,52.66083742295029
2026-09-17T05:00:00-04:00,76576.33,76666.64,76576.32,76666.64,76676.93,76405.41,,60.925624473925396,54.945245946092086
2026-09-17T05:05:00-04:00,76666.63,76695.92,76650,76658.92,76676.93,76405.41,,63.82501544783233,56.95391775977185
2026-09-17T05:10:00-04:00,76658.32,76712.5,76656.44,76691.64,76676.93,76405.41,,64.49056363037398,58.36715927017439
2026-09-17T05:15:00-04:00,76691.63,76740.69,76650.68,76650.8,76676.93,76405.41,,63.11118428748736,59.80382660077926
2026-09-17T05:20:00-04:00,76660.4,76745.93,76658.8,76701.3,76676.93,76405.41,,62.423487029495305,61.876798866882595
2026-09-17T05:25:00-04:00,76700.01,76747.39,76689.54,76689.54,76676.93,76405.41,,63.515468127100505,62.63824924685706
2026-09-17T05:30:00-04:00,76689.16,76710.19,76648.52,76696.5,76676.93,76405.41,,63.053000628090935,63.46013464580181
2026-09-17T05:35:00-04:00,76696.49,76770,76683.73,76710.24,76676.93,76405.41,,63.85588275364324,63.475465898205016
2026-09-17T05:40:00-04:00,76710.05,76710.05,76613.29,76613.3,76676.93,76405.41,,58.523684969288965,61.94546879478941
2026-09-17T05:45:00-04:00,76610.17,76646.53,76541.65,76568.76,76676.93,76405.41,,50.474646558323144,59.47091816333335
2026-09-17T05:50:00-04:00,76568.75,76568.76,76510.53,76537.94,76676.93,76405.41,,46.89347209550635,57.3118367399377
2026-09-17T05:55:00-04:00,76537.93,76537.93,76480,76480,76676.93,76405.41,,43.097570904728116,53.9492278419713
2026-09-17T06:00:00-04:00,76480.01,76482.83,76330.84,76377.48,76770,76405.41,76481.51511,37.30518058351197,49.82318315605526
2026-09-17T06:05:00-04:00,76377.49,76437.46,76375.55,76395.82,76770,76405.41,76481.51511,34.93624711528393,45.915869695455
2026-09-17T06:10:00-04:00,76395.83,76433.48,76381.9,76393.64,76770,76405.41,76481.51511,35.89493745256971,41.83434164146281
2026-09-17T06:15:00-04:00,76394.88,76395.54,76327,76334.84,76770,76405.41,76481.51511,33.96958583167475,38.90041279899379
2026-09-17T06:20:00-04:00,76334.83,76351.68,76320,76329.48,76770,76405.41,76462.4477247657,31.95419445621153,36.54278389800235
2026-09-17T06:25:00-04:00,76329.48,76368.23,76327.18,76337.87,76770,76405.41,76462.4477247657,32.361278409061924,34.748357460009665
2026-09-17T06:30:00-04:00,76337.86,76361.86,76319.91,76342.01,76770,76405.41,76462.4477247657,33.224384683527646,33.72187354908792
2026-09-17T06:35:00-04:00,76342,76400,76342,76390.81,76770,76405.41,76462.4477247657,36.852906765687095,34.61913636920256
2026-09-17T06:40:00-04:00,76390.8,76390.88,76319.46,76321.66,76770,76405.41,76446.88837213749,37.519695197118914,34.46000157246934
2026-09-17T06:45:00-04:00,76321.67,76326.32,76271.37,76326.32,76770,76405.41,76446.88837213749,35.16327381190101,34.41008961472578
2026-09-17T06:50:00-04:00,76304.82,76364.44,76304.81,76361.74,76770,76405.41,76446.88837213749,37.81136059831306,35.55765150579457
2026-09-17T06:55:00-04:00,76361.75,76394.85,76338.79,76394.85,76770,76405.41,76446.88837213749,42.18275563752388,37.3325356665293
2026-09-17T07:00:00-04:00,76394.85,76441.27,76384.51,76435.87,76770,76405.41,76446.88837213749,46.535994989152194,39.607570528677506
2026-09-17T07:05:00-04:00,76435.86,76435.86,76350,76368.21,76770,76405.41,76446.88837213749,45.711535827325946,40.900293136185965
2026-09-17T07:10:00-04:00,76368.2,76432.36,76368.2,76432.33,76770,76271.37,76446.88837213749,45.901624973927724,42.19291858817483
2026-09-17T07:15:00-04:00,76432.32,76445.76,76352,76385.3,76770,76271.37,76446.88837213749,47.167498885684765,43.65680847577621
2026-09-17T07:20:00-04:00,76385.3,76400,76362.91,76362.92,76770,76271.37,76446.88837213749,44.16907883762876,44.76600573838275
2026-09-17T07:25:00-04:00,76362.91,76400.83,76342.25,76397.24,76770,76271.37,76446.88837213749,45.04934109369414,45.72480290302796
2026-09-17T07:30:00-04:00,76397.1,76397.1,76311.56,76316.46,76770,76271.37,76441.96895235438,43.59829764570835,45.17044631214974
2026-09-17T07:35:00-04:00,76316.47,76316.47,76227.23,76227.23,76770,76271.37,76355.88517004334,37.47084723009674,43.13476068615496
2026-09-17T07:40:00-04:00,76227.22,76243.45,76189.84,76198.34,76445.76,76271.37,76325.0811578974,33.788603159578045,41.76389412136463
2026-09-17T07:45:00-04:00,76198.35,76254.45,76198.34,76221.31,76445.76,76271.37,76325.0811578974,34.2737842714796,39.8125204854555
2026-09-17T07:50:00-04:00,76221.3,76261.53,76209.24,76256.12,76445.76,76271.37,76325.0811578974,37.49613006894671,39.0006458880109
2026-09-17T07:55:00-04:00,76256.11,76491.73,76250.35,76489.43,76445.76,76271.37,,48.53008156063868,41.05852126345833
2026-09-17T08:00:00-04:00,76487.14,76564.19,76414.76,76502.37,76445.76,76271.37,,58.017440605090655,42.70581717698133
2026-09-17T08:05:00-04:00,76502.33,76559.18,76429.99,76559.17,76445.76,76189.84,,59.99364470710027,45.742906138141734
2026-09-17T08:10:00-04:00,76559.18,76821.37,76530.06,76817.99,76445.76,76189.84,,66.86283019958142,51.1035265968341
2026-09-17T08:15:00-04:00,76818,76967.26,76818,76963.05,76445.76,76189.84,,74.10899316169392,57.26301756731771
2026-09-17T08:20:00-04:00,76963.06,76986.83,76896.89,76931.23,76445.76,76189.84,,74.85323391358237,62.69765506600633
2026-09-17T08:25:00-04:00,76929.68,76994.75,76929.67,76994.74,76445.76,76189.84,,74.47857901268529,67.82943155124302
2026-09-17T08:30:00-04:00,76994.75,77159.11,76893.21,77043.93,76445.76,76189.84,,75.97526866546858,70.53913709595771
2026-09-17T08:35:00-04:00,77043.93,77062.5,76939.18,76939.18,76445.76,76189.84,,72.5582492583467,71.98394830931616
2026-09-17T08:40:00-04:00,76941.15,76949.67,76868.55,76878.71,76445.76,76189.84,,66.390821036983,72.36690176163849
2026-09-17T08:45:00-04:00,76872.61,76909.49,76800,76800.01,76445.76,76189.84,,61.7177693467998,70.51393092280713
2026-09-17T08:50:00-04:00,76800,76897.48,76794.59,76794.67,76445.76,76189.84,,58.9877686030374,68.04655188773663
2026-09-17T08:55:00-04:00,76792.55,76830,76742.57,76742.58,77159.11,76189.84,,57.1320151862725,65.45072557214716
2026-09-17T09:00:00-04:00,76742.58,76889.67,76727.36,76859.88,77159.11,76189.84,,58.16454042526387,63.38539800561623
2026-09-17T09:05:00-04:00,76859.87,76859.87,76684.35,76684.36,77159.11,76189.84,,55.88124001768769,59.70957452992406
2026-09-17T09:10:00-04:00,76684.35,76745.78,76645.54,76660.29,77159.11,76189.84,,50.27819886080701,57.0196693206049
2026-09-17T09:15:00-04:00,76658.51,76749.52,76650.12,76681.12,77159.11,76189.84,,50.21906483908768,55.08907275909683
2026-09-17T09:20:00-04:00,76671.55,76720.62,76607.65,76615.23,77159.11,76189.84,,49.02312665049058,53.39262855023083
2026-09-17T09:25:00-04:00,76615.23,76625.72,76481.22,76481.23,77159.11,76189.84,,44.19844938051301,50.863552981232715
2026-09-17T09:30:00-04:00,76481.22,76582.24,76323.44,76372.72,77159.11,76189.84,,39.012712667035316,48.215684973305926
2026-09-17T09:35:00-04:00,76373.32,76380.86,76033.34,76033.34,77159.11,76189.84,76265.72954,32.18677750522861,43.44133500407979
2026-09-17T09:40:00-04:00,76033.35,76219.77,76033.35,76157.68,77159.11,76189.84,76265.72954,30.789096156572693,41.04650101298735
2026-09-17T09:45:00-04:00,76108.11,76428.5,76072,76352.33,77159.11,76189.84,,38.52987668355179,40.08467152486401
2026-09-17T09:50:00-04:00,76370.71,76655.83,76366.21,76512.5,77159.11,76189.84,,45.97015146627598,39.83252576361258
2026-09-17T09:55:00-04:00,76518.96,76688.63,76509.39,76688.63,77159.11,76189.84,,51.844343154436785,40.89073338313436
2026-09-17T10:00:00-04:00,76688.64,76755.17,76401.56,76421.99,77159.11,76033.34,,50.48054567352419,41.627410418758636
2026-09-17T10:05:00-04:00,76421.87,76675.82,76389.24,76654.05,77159.11,76033.34,,49.65803760395376,43.93225479368248
2026-09-17T10:10:00-04:00,76637.83,76974.82,76637.83,76974.82,77159.11,76033.34,,56.75705173040997,48.64748876881045
2026-09-17T10:15:00-04:00,76974.83,76976.19,76716.66,76758.89,77159.11,76033.34,,57.35964258028194,51.52383948617084
2026-09-17T10:20:00-04:00,76758.24,76943.84,76754.32,76943.84,77159.11,76033.34,,56.23267770640148,53.70543191819608
2026-09-17T10:25:00-04:00,76946.01,77084.93,76881.27,76933.21,77159.11,76033.34,,58.05875922307546,54.97772741668498
2026-09-17T10:30:00-04:00,76954.24,77013.81,76813.45,76833.94,77159.11,76033.34,,56.42987363323253,55.01558348356629
2026-09-17T10:35:00-04:00,76833.94,76883.88,76728.53,76750,77159.11,76033.34,,53.73898448021426,55.90870993288214
2026-09-17T10:40:00-04:00,76750.01,76810.95,76617.64,76617.65,77159.11,76033.34,,50.684653549701935,55.30890232520863
2026-09-17T10:45:00-04:00,76617.64,76729.53,76615.14,76699.39,77159.11,76033.34,,49.98466432589069,53.9737421030195
2026-09-17T10:50:00-04:00,76700,76712.34,76613.61,76645.92,77084.93,76033.34,,50.34551533110272,53.30486596830029
2026-09-17T10:55:00-04:00,76645.91,76661.93,76508.77,76508.78,77084.93,76033.34,,47.651129010597955,51.52187104707564
2026-09-17T11:00:00-04:00,76508.77,76511.79,76330,76354.17,77084.93,76033.34,,43.768980434611265,49.22207202873909
2026-09-17T11:05:00-04:00,76358.29,76430.79,76300,76393.23,77084.93,76033.34,,42.46938301319817,47.533159441351536
2026-09-17T11:10:00-04:00,76393.08,76393.09,76285.7,76352.68,77084.93,76033.34,,42.596935021959766,46.038629326380665
2026-09-17T11:15:00-04:00,76352.67,76464.25,76300,76407.48,77084.93,76033.34,,43.072931923889,45.358381833976416
2026-09-17T11:20:00-04:00,76395.27,76426.98,76350.4,76372.47,77084.93,76033.34,,43.568023962133054,44.20530350816419
2026-09-17T11:25:00-04:00,76373.02,76467.88,76373.02,76456.69,77084.93,76033.34,,44.683651895913336,43.74070656677945
2026-09-17T11:30:00-04:00,76464.35,76520,76455.4,76516.78,77084.93,76033.34,,47.45019853192103,44.147894799970786
2026-09-17T11:35:00-04:00,76516.79,76698.26,76516.61,76698.25,77084.93,76285.7,,51.686898718066075,46.00296893348083
2026-09-17T11:40:00-04:00,76698.25,76857.05,76691.93,76767.82,77084.93,76285.7,,55.863630383222926,47.97482261997785
2026-09-17T11:45:00-04:00,76767.83,76767.83,76640,76644.55,77084.93,76285.7,,54.572035047067686,49.42442608351166
2026-09-17T11:50:00-04:00,76641.76,76799,76640,76746.02,77084.93,76285.7,,53.84621851816638,51.0529045040571
2026-09-17T11:55:00-04:00,76718.76,76781.53,76671.72,76778.05,77084.93,76285.7,,55.9922690162083,52.97421038467603
2026-09-17T12:00:00-04:00,76783.32,76817.8,76750,76750.01,77084.93,76285.7,,55.905337485603724,54.259100386825786
2026-09-17T12:05:00-04:00,76750,76789.46,76690.6,76765.49,76857.05,76285.7,,55.587197181363095,55.299067141659464
2026-09-17T12:10:00-04:00,76748.48,76748.49,76689.22,76738.5,76857.05,76285.7,,55.230187719705285,55.27146867300843
2026-09-17T12:15:00-04:00,76738.51,76796.62,76711.18,76716.16,76857.05,76285.7,,54.056812652967594,54.78283350444366
2026-09-17T12:20:00-04:00,76716.17,76800,76680.17,76762.27,76857.05,76285.7,,54.496041052979976,55.24975610326908
2026-09-17T12:25:00-04:00,76765.9,76768.18,76679.04,76714.82,76857.05,76285.7,,54.237819399320415,54.89471947048766
2026-09-17T12:30:00-04:00,76714.77,76714.77,76550,76611.83,76857.05,76285.7,,50.49660768571778,53.67956715170036
2026-09-17T12:35:00-04:00,76607.76,76663.95,76581.25,76630.52,76857.05,76285.7,,48.46466936121752,52.76881429209161
2026-09-17T12:40:00-04:00,76630.96,76714.2,76592.13,76712.51,76857.05,76285.7,,50.95002029508562,52.35465946990679
2026-09-17T12:45:00-04:00,76712.52,76748.05,76608.66,76635.63,76857.05,76285.7,,51.010229079643,51.56311182350238
2026-09-17T12:50:00-04:00,76635.62,76742.42,76624.63,76678.36,76857.05,76285.7,,50.13370860424327,51.2337725988427
2026-09-17T12:55:00-04:00,76672.14,76755.17,76602.31,76755.17,76857.05,76550,,53.057045726785525,51.15197030173254
2026-09-17T13:00:00-04:00,76755.17,76918.72,76742.18,76907.21,76857.05,76550,,58.0353015083424,52.31876748713471
2026-09-17T13:05:00-04:00,76907.22,76919.72,76854.26,76887.03,76857.05,76550,,60.57205427608096,54.03066932755059
2026-09-17T13:10:00-04:00,76889.6,76890.73,76820.4,76822.56,76857.05,76550,,58.09403391860035,55.070014503529805
2026-09-17T13:15:00-04:00,76822.57,76866.3,76773.63,76859.22,76857.05,76550,,57.02197705387778,55.76551411577692
2026-09-17T13:20:00-04:00,76859.21,76955,76859.21,76900.01,76857.05,76550,,58.72804892405682,57.27510588764803
2026-09-17T13:25:00-04:00,76900,76931.48,76872.25,76930.46,76857.05,76550,,60.29019433699434,58.667367182277225
2026-09-17T13:30:00-04:00,76929.24,76960,76856.25,76953.37,76857.05,76550,,61.46548032225776,59.677515772068666
2026-09-17T13:35:00-04:00,76953.36,76967.26,76804,76804.01,76857.05,76550,,57.18192575511053,58.42354553849669
2026-09-17T13:40:00-04:00,76804,76853.7,76725.22,76725.23,76857.05,76550,,50.27439247976727,56.735326687407614
2026-09-17T13:45:00-04:00,76725.22,76725.23,76591.87,76645.63,76857.05,76550,,46.21413821298254,55.02928962260588
2026-09-17T13:50:00-04:00,76645.62,76649.97,76589.53,76620.06,76857.05,76550,,43.66750304844801,52.91976268585625
2026-09-17T13:55:00-04:00,76620.05,76703.77,76620.05,76671.29,76857.05,76550,,44.642937204848465,51.00497198854635
2026-09-17T14:00:00-04:00,76671.3,76700.68,76670.29,76690.29,76967.26,76550,,46.80218157880403,49.066044754944734
2026-09-17T14:05:00-04:00,76690.3,76701.84,76657.03,76665.67,76967.26,76550,,46.689563204197555,46.78328138338629
2026-09-17T14:10:00-04:00,76665.66,76726.53,76662.11,76723.66,76967.26,76550,,47.86428648188822,46.40386210545264
2026-09-17T14:15:00-04:00,76723.67,76772.12,76723.67,76772.12,76967.26,76589.53,,51.20785138930799,47.049983928969354
2026-09-17T14:20:00-04:00,76773.68,76784.64,76748.56,76748.56,76967.26,76589.53,,51.897159135311206,48.02758236897512
2026-09-17T14:25:00-04:00,76748.57,76775.68,76747.07,76752.76,76967.26,76589.53,,51.251390714023316,49.21680897627658
2026-09-17T14:30:00-04:00,76752.75,76761.68,76602.2,76608.72,76967.26,76589.53,,46.930057802890374,48.681045396987095
2026-09-17T14:35:00-04:00,76608.71,76646.68,76491.73,76491.74,76967.26,76589.53,,39.670760505710845,47.17926009824996
2026-09-17T14:40:00-04:00,76491.74,76631.1,76482.8,76630.64,76967.26,76589.53,,41.42450140129935,47.176742024730466
2026-09-17T14:45:00-04:00,76630.63,76707.89,76610.56,76661.57,76784.64,76589.53,,46.88024821919207,46.8981063089082
2026-09-17T14:50:00-04:00,76661.56,76661.57,76605.68,76623.9,76784.64,76589.53,,46.77966837649043,45.91154687821116
2026-09-17T14:55:00-04:00,76623.91,76633.28,76577.2,76578.46,76784.64,76589.53,,44.59164887162723,44.81081766214135
2026-09-17T15:00:00-04:00,76578.34,76615.76,76562.86,76586.86,76784.64,76589.53,,43.69579670510305,43.75280573280537
2026-09-17T15:05:00-04:00,76586.85,76631.07,76562.9,76562.9,76784.64,76482.8,,43.3164063857743,43.77834582867962
2026-09-17T15:10:00-04:00,76562.91,76579.53,76561.36,76561.44,76784.64,76482.8,,42.60607324704826,44.59146651604463
2026-09-17T15:15:00-04:00,76559.18,76565.55,76516,76565.55,76784.64,76482.8,,42.73579046010295,44.152999845480636
2026-09-17T15:20:00-04:00,76568.48,76626.75,76568.48,76626.74,76784.64,76482.8,,45.41070387649172,44.171596703844536
2026-09-17T15:25:00-04:00,76595.06,76597.13,76559.23,76595.39,76784.64,76482.8,,46.80805843885329,44.16111129187003
2026-09-17T15:30:00-04:00,76588.19,76628.44,76562.01,76607.45,76784.64,76482.8,,46.21187071543214,44.63451723064593
2026-09-17T15:35:00-04:00,76607.46,76607.46,76547.55,76547.55,76784.64,76482.8,,44.59102494111527,44.41689078787352
2026-09-17T15:40:00-04:00,76547.56,76608.35,76543.75,76608.03,76784.64,76516,,45.05607559998183,45.13156557756237
2026-09-17T15:45:00-04:00,76607.58,76607.58,76512.5,76559.38,76784.64,76516,76592.21569999999,45.92437513600002,45.36497704185974
2026-09-17T15:50:00-04:00,76581.69,76678.92,76575.05,76610,76784.64,76516,,46.2933052300708,46.14799836898175
2026-09-17T15:55:00-04:00,76610.01,76622.32,76525.69,76606.98,76784.64,76516,,48.27286906837618,46.182738525255296
2026-09-17T16:00:00-04:00,76606.99,76620.43,76542.79,76610.68,76784.64,76516,,48.319895502191535,46.57995181564983
2026-09-17T16:05:00-04:00,76610.68,76657.72,76610.67,76623.59,76784.64,76516,,49.07852122616207,47.00178152832098
2026-09-17T16:10:00-04:00,76625.52,76658.74,76625.37,76639.7,76784.64,76512.5,,50.43200487615718,48.2488032256618
2026-09-17T16:15:00-04:00,76639.71,76639.92,76602.51,76626.31,76678.92,76512.5,,50.51800523163163,48.5623328516495
2026-09-17T16:20:00-04:00,76624.92,76718.75,76623.38,76717.94,76678.92,76512.5,,53.911849971215446,50.53093889286621
2026-09-17T16:25:00-04:00,76717.93,76739.14,76702.8,76716.76,76678.92,76512.5,,57.91274294207381,51.88217219793607
2026-09-17T16:30:00-04:00,76711.89,76711.9,76646.13,76648.61,76678.92,76512.5,,54.30584365731485,52.254645918277255
2026-09-17T16:35:00-04:00,76648.62,76672.61,76614.29,76615.55,76678.92,76512.5,,49.23785056298121,52.144445072447404
2026-09-17T16:40:00-04:00,76615.56,76619.42,76520,76532.45,76678.92,76512.5,,44.37242924116862,50.91004820827912
2026-09-17T16:45:00-04:00,76532.46,76555.47,76528.58,76528.59,76678.92,76512.5,,40.89047929816506,49.4182949073068
2026-09-17T16:50:00-04:00,76532.44,76551.41,76512.5,76543.59,76739.14,76512.5,,41.58555059494759,48.357918312083676
2026-09-17T16:55:00-04:00,76543.58,76560,76535.16,76560,76739.14,76512.5,,43.35143040712704,46.40103217471011
2026-09-17T17:00:00-04:00,76559.99,76628.31,76526.5,76526.5,76739.14,76512.5,,42.81418562232867,44.044044792156505
2026-09-17T17:05:00-04:00,76526.51,76526.52,76515.38,76517.39,76739.14,76512.5,,40.9556650890378,42.58669544091667
2026-09-17T17:10:00-04:00,76517.38,76544.06,76509.83,76512.82,76739.14,76512.5,,40.35631276272927,41.50646256351309
2026-09-17T17:15:00-04:00,76512.83,76520,76512.82,76519.99,76739.14,76512.5,,40.65552663734934,41.524723268396876
2026-09-17T17:20:00-04:00,76520,76536.87,76519.99,76536.86,76739.14,76512.5,,42.36836421842329,41.92871539787258
2026-09-17T17:25:00-04:00,76536.87,76574.02,76536.86,76558.49,76739.14,76512.5,,45.08876181740257,42.525640760526876
2026-09-17T17:30:00-04:00,76558.32,76570.76,76541.56,76566.26,76739.14,76512.5,,47.144423889777684,43.01242782148706
2026-09-17T17:35:00-04:00,76566.25,76579.04,76555.26,76579.01,76739.14,76509.83,,48.5939918552244,44.17701396992566
2026-09-17T17:40:00-04:00,76579.02,76579.02,76531.82,76531.82,76739.14,76509.83,,46.49570840117956,44.59529733924186
2026-09-17T17:45:00-04:00,76531.83,76531.83,76490.45,76490.45,76739.14,76509.83,,41.25416152966595,44.433542189050435
2026-09-17T17:50:00-04:00,76490.46,76490.46,76429.84,76464.83,76739.14,76509.83,,37.7655919217205,43.769601706205044
2026-09-17T17:55:00-04:00,76464.84,76465.62,76413.8,76418.83,76739.14,76509.83,,34.4977042245188,42.184782190792006
2026-09-17T18:00:00-04:00,76418.75,76450,76385.8,76399.39,76579.04,76509.83,,31.704987284080655,39.945666125255926
2026-09-17T18:05:00-04:00,76399.38,76464.65,76339.19,76372.56,76579.04,76509.83,,29.901290104745623,37.25817253792571
2026-09-17T18:10:00-04:00,76369.3,76412.12,76352.35,76371.66,76579.04,76509.83,,28.840089782231946,34.301694104400944
2026-09-17T18:15:00-04:00,76371.66,76371.66,76271.37,76278.46,76579.04,76509.83,,25.771950617245306,31.33709888537307
2026-09-17T18:20:00-04:00,76278.45,76307.68,76265.8,76269.47,76579.04,76509.83,,22.4949268454556,28.941912766055136
2026-09-17T18:25:00-04:00,76269.58,76291.55,76268,76277.11,76579.04,76509.83,,22.998623673738056,27.117965100235228
2026-09-17T18:30:00-04:00,76277.1,76311.27,76274.56,76311.26,76579.04,76509.83,,26.974386361157226,26.792393376523254
2026-09-17T18:35:00-04:00,76313.46,76435.97,76312.37,76435.96,76579.04,76509.83,,38.921124886465485,29.179718700916606
2026-09-17T18:40:00-04:00,76435.97,76452.3,76420.67,76433,76579.04,76509.83,,47.488079397355705,31.81719031726899
2026-09-17T18:45:00-04:00,76433,76437.26,76402.64,76426,76579.04,76265.8,,46.96052529639326,34.35698599067698
2026-09-17T18:50:00-04:00,76426.01,76426.01,76350,76361.99,76579.04,76265.8,,43.4302438696737,36.862416960819964
2026-09-17T18:55:00-04:00,76350.01,76424.94,76329.9,76424.93,76579.04,76265.8,,44.02113186207244,40.507330281138934
2026-09-17T19:00:00-04:00,76424.94,76497.67,76399.99,76467.43,76579.04,76265.8,,49.94851176367585,44.56238498651648
2026-09-17T19:05:00-04:00,76467.42,76533.45,76467.42,76468.85,76579.04,76265.8,,52.20288662285562,47.71547321305276
2026-09-17T19:10:00-04:00,76468.86,76521.76,76467.42,76498.46,76579.04,76265.8,,53.77983348464288,48.80773030028144
2026-09-17T19:15:00-04:00,76498.47,76509.48,76483.16,76493.89,76579.04,76265.8,,54.99822206271034,49.86122826029695
2026-09-17T19:20:00-04:00,76493.88,76509.84,76487.57,76509.84,76579.04,76265.8,,55.561341152482655,51.265106259164135
2026-09-17T19:25:00-04:00,76509.83,76509.83,76493.82,76493.84,76579.04,76265.8,,55.31216063828766,53.256061622758075
2026-09-17T19:30:00-04:00,76493.83,76493.84,76407.87,76410.26,76533.45,76265.8,,49.33931058023214,52.78458589292405
2026-09-17T19:35:00-04:00,76410.27,76442.65,76400,76434.01,76533.45,76265.8,,45.913687487457906,52.10325468669581
2026-09-17T19:40:00-04:00,76434,76450.54,76431,76439.4,76533.45,76265.8,,47.69306073888623,51.496064211789935
2026-09-17T19:45:00-04:00,76439.39,76503.56,76431,76459.31,76533.45,76265.8,,49.2634004747193,50.81284525528907
2026-09-17T19:50:00-04:00,76459.3,76459.31,76406.27,76447.7,76533.45,76265.8,,49.76840269604317,50.001830107027885
2026-09-17T19:55:00-04:00,76447.69,76485.62,76427.99,76427.99,76533.45,76265.8,,47.79698549124899,48.59445792350802
2026-09-17T20:00:00-04:00,76419.28,76450.66,76405,76428.34,76533.45,76400,,46.58542071427185,47.50847584302336
2026-09-17T20:05:00-04:00,76428.35,76444.3,76388.7,76444.29,76533.45,76400,,47.8172758588674,48.15959086026095
2026-09-17T20:10:00-04:00,76444.29,76473.33,76388.7,76473.32,76533.45,76400,,51.09694596237253,48.98940683585611
2026-09-17T20:15:00-04:00,76473.33,76473.35,76365.49,76365.5,76533.45,76400,76476.09969999999,46.6435701743598,47.859736413253394
2026-09-17T20:20:00-04:00,76365.49,76367.19,76325.28,76367.19,76533.45,76400,76476.09969999999,40.24018867140764,46.4113463206242
2026-09-17T20:25:00-04:00,76362.35,76389.1,76312.5,76389.09,76533.45,76400,76476.09969999999,41.9876204193351,45.63665576276537
2026-09-17T20:30:00-04:00,76389.1,76445.76,76389.1,76445.75,76533.45,76400,76476.09969999999,47.32592069452219,46.27675637870225
2026-09-17T20:35:00-04:00,76445.76,76445.76,76366.6,76366.6,76533.45,76400,76476.09969999999,46.81904254902936,45.70340485841037
2026-09-17T20:40:00-04:00,76366.61,76431.46,76350.38,76431.46,76533.45,76400,76476.09969999999,46.25366752901769,45.830011141602334
2026-09-17T20:45:00-04:00,76431.45,76435.32,76402.1,76433.48,76533.45,76400,76476.09969999999,50.01615655776179,45.394607885664456
2026-09-17T20:50:00-04:00,76433.47,76552.87,76430.64,76552.87,76533.45,76312.5,,55.43660212171544,48.34230598370395
2026-09-17T20:55:00-04:00,76552.88,76577.87,76545.84,76577.86,76533.45,76312.5,,61.64990386671627,51.51166937003835
2026-09-17T21:00:00-04:00,76577.87,76660.66,76560.66,76571.11,76533.45,76312.5,,62.1378591990303,54.099517063616865
2026-09-17T21:05:00-04:00,76571.1,76659.64,76571.1,76651.89,76533.45,76312.5,,64.5007181651815,56.41875436165527
2026-09-17T21:10:00-04:00,76651.88,76666.56,76547.52,76550.36,76533.45,76312.5,,61.75716852873529,58.36755305781854
2026-09-17T21:15:00-04:00,76550.35,76580.91,76518.96,76580.91,76533.45,76312.5,,57.34367131193148,59.587326871059204
2026-09-17T21:20:00-04:00,76584.21,76639.48,76583.33,76599.28,76533.45,76312.5,,59.10558346147589,60.964532173165416
2026-09-17T21:25:00-04:00,76599.27,76599.28,76570.53,76587.68,76533.45,76312.5,,59.13354648365393,60.64359668875592
2026-09-17T21:30:00-04:00,76587.62,76620,76579.58,76593.94,76533.45,76312.5,,58.75493955130561,60.13739951161951
2026-09-17T21:35:00-04:00,76578,76637.05,76577.99,76625.2,76666.56,76312.5,,60.257884056387205,60.106460933715034
2026-09-17T21:40:00-04:00,76625.19,76710.28,76625.19,76693.41,76666.56,76312.5,,63.925387692121284,59.973019376459455
2026-09-17T21:45:00-04:00,76693.4,76742.42,76693.4,76742.42,76666.56,76312.5,,67.83075228658308,61.8417705788144
2026-09-17T21:50:00-04:00,76742.41,76762.5,76700,76735.31,76666.56,76312.5,,68.84774998858018,63.25989899835908
2026-09-17T21:55:00-04:00,76735.3,76762.49,76711.32,76755.57,76666.56,76312.5,,69.01027576994304,64.67168266694787
2026-09-17T22:00:00-04:00,76755.58,76807.2,76712.45,76714.83,76666.56,76312.5,,66.85817865538121,65.46693676170973
2026-09-17T22:05:00-04:00,76714.84,76714.84,76675.32,76675.33,76666.56,76312.5,,61.59973762083745,65.48448211538555
2026-09-17T22:10:00-04:00,76675.32,76780.92,76650,76766.91,76666.56,76312.5,,62.42884784269413,66.087212129226
2026-09-17T22:15:00-04:00,76766.9,76799,76744.56,76744.56,76666.56,76312.5,,64.39089225206055,65.61748341822532
2026-09-17T22:20:00-04:00,76744.57,76840.62,76744.57,76835.51,76666.56,76312.5,,65.8499300305253,65.52126291320948
2026-09-17T22:25:00-04:00,76840.77,76919.72,76840.76,76919.71,76666.56,76312.5,,70.70311230032522,66.14758693586677
2026-09-17T22:30:00-04:00,76919.72,77021.18,76919.71,77021.18,76666.56,76312.5,,74.74038429568637,67.15843677770758
2026-09-17T22:35:00-04:00,77021.17,77031.69,76998.12,76998.13,76666.56,76650,,75.40344965096051,68.58909293460371
2026-09-17T22:40:00-04:00,76998.12,77004.59,76939.64,76940.55,76666.56,76650,,70.95089236740203,69.83019527672603
2026-09-17T22:45:00-04:00,76940.56,76940.56,76917.41,76931,76666.56,76650,,67.31160699174517,69.98416697718973
2026-09-17T22:50:00-04:00,76950.32,77032.32,76930.83,77031.95,76666.56,76650,,69.21205459935089,71.2076702330947
2026-09-17T22:55:00-04:00,77031.96,77031.96,76982.56,76982.56,76666.56,76650,,69.0769810449652,70.90618155274397
2026-09-17T23:00:00-04:00,76982.57,77010.44,76973.83,77010.44,76666.56,76650,,67.22836035827794,70.21488396393833
2026-09-17T23:05:00-04:00,77016.11,77062.5,77016.1,77038.36,76666.56,76650,,68.60477341593256,69.15314987281432
2026-09-17T23:10:00-04:00,77038.41,77305.32,77038.4,77305.31,76666.56,76650,,73.97772073116955,69.80753284399806
2026-09-17T23:15:00-04:00,77305.32,77577.03,77300,77430,76666.56,76650,,80.08616300376816,71.76322719749035
2026-09-17T23:20:00-04:00,77428.5,77433.49,77284.28,77323.02,76666.56,76650,,77.04229816920073,72.58773032327109
2026-09-17T23:25:00-04:00,77323.4,77475.51,77277.71,77412.52,76666.56,76650,,73.80984959486747,73.0768829104951
2026-09-17T23:30:00-04:00,77412.51,77474.79,77380.3,77388.97,76666.56,76650,,74.11009355311826,74.02576246845767
2026-09-17T23:35:00-04:00,77402.23,77402.24,77320,77322.4,76666.56,76650,,70.60822943545901,74.04255978968968
2026-09-17T23:40:00-04:00,77322.41,77374.83,77307.86,77333.52,77577.03,76650,,68.23714331324976,73.92072529626259
2026-09-17T23:45:00-04:00,77333.53,77427.81,77333.36,77416.86,77577.03,76650,,69.88080764217155,72.87201319283311
2026-09-17T23:50:00-04:00,77404.82,77450,77369.08,77397.71,77577.03,76650,,70.53531757083283,71.19191231542392
2026-09-17T23:55:00-04:00,77397.71,77404.73,77360.55,77383.83,77577.03,76650,,69.15309339160214,70.61795468494779
2026-09-18T00:00:00-04:00,77376.73,77411.44,77334.53,77335.07,77577.03,76650,,66.49013099233233,69.10056414327103
2026-09-18T00:05:00-04:00,77335.06,77335.07,77231.17,77232.05,77577.03,76650,,60.528092223471006,66.73738287647714
2026-09-18T00:10:00-04:00,77232.04,77333.55,77221.7,77281.61,77577.03,76650,,57.913701071429884,65.4735560392627
2026-09-18T00:15:00-04:00,77284.34,77364.63,77239.54,77325.61,77577.03,76650,,60.27884125410516,64.4635822881501
2026-09-18T00:20:00-04:00,77335.35,77369.73,77264.2,77265.61,77577.03,76650,,59.13873500395068,62.404392428342454
2026-09-18T00:25:00-04:00,77265.6,77321,77247.65,77263.22,77577.03,76650,,56.82233146767334,60.545586258675975
2026-09-18T00:30:00-04:00,77265.24,77290.99,77207,77231.89,77577.03,76650,,55.54265083555828,58.51569455518705
2026-09-18T00:35:00-04:00,77231.88,77320.99,77231.88,77312.25,77577.03,76650,,56.72385690130233,57.7552222326674
2026-09-18T00:40:00-04:00,77312.46,77428.44,77264.96,77428.44,77577.03,76650,,61.945470470337554,58.9206597685775
2026-09-18T00:45:00-04:00,77428.45,77440,77341.86,77344.27,77577.03,76650,,61.61878188487661,58.813816750795034
2026-09-18T00:50:00-04:00,77344.26,77436.09,77337.5,77429.81,77577.03,76650,,60.456232384349306,58.97134294864726
2026-09-18T00:55:00-04:00,77436.09,77560,77436.08,77560,77577.03,77207,,65.04113010768062,60.500215351860746
2026-09-18T01:00:00-04:00,77561.22,77649.98,77467.32,77467.33,77577.03,77207,,64.39897208928045,61.1360974119636
2026-09-18T01:05:00-04:00,77467.32,77587.32,77453.95,77492.22,77577.03,77207,,61.70451941072372,62.260749230479455
2026-09-18T01:10:00-04:00,77477.84,77610.08,77476.82,77524.97,77577.03,77207,,62.91398694173448,62.90470599494421
2026-09-18T01:15:00-04:00,77524.96,77577.7,77489.38,77535.89,77577.03,77207,,63.83973489704606,62.80196763811045
2026-09-18T01:20:00-04:00,77535.89,77535.89,77450,77505.3,77577.03,77207,,62.870867797473274,63.26244482711468
2026-09-18T01:25:00-04:00,77505.3,77597.8,77434.36,77593.82,77649.98,77207,,63.67651611261515,63.722048703329264
2026-09-18T01:30:00-04:00,77593.8,77680,77566.68,77659.86,77649.98,77207,,67.01999823702161,63.82783572121212
2026-09-18T01:35:00-04:00,77659.85,77694.9,77506.99,77636.3,77649.98,77207,,67.36246775302409,64.56876175011315
2026-09-18T01:40:00-04:00,77636.31,77639.7,77576.82,77580.24,77649.98,77207,,64.07670618024922,64.50560336964797
2026-09-18T01:45:00-04:00,77582.86,77582.86,77486.22,77512.49,77649.98,77207,,59.23108918259628,63.51650524750225
2026-09-18T01:50:00-04:00,77498.07,77526.15,77467.32,77469.69,77649.98,77434.36,,55.17304172653721,62.02940532093116
2026-09-18T01:55:00-04:00,77469.68,77494.99,77453.95,77487.75,77649.98,77434.36,,54.21241859848597,61.04266261922016
2026-09-18T02:00:00-04:00,77487.74,77578.88,77486.96,77545.1,77694.9,77434.36,,56.448389807470065,59.964226376604
2026-09-18T02:05:00-04:00,77545.09,77590.89,77506.16,77506.66,77694.9,77434.36,,56.65083476567274,58.08004448454905
2026-09-18T02:10:00-04:00,77506.7,77556.86,77484.04,77492.17,77694.9,77434.36,,54.60299371632405,56.31866236611826
2026-09-18T02:15:00-04:00,77492.16,77567.91,77478.42,77518.83,77694.9,77434.36,,54.932212515019856,55.46733200876923
2026-09-18T02:20:00-04:00,77507.14,77625,77488.24,77625,77694.9,77453.95,,58.969696043439164,56.24397861207338
2026-09-18T02:25:00-04:00,77624.99,77658.18,77536.33,77536.34,77694.9,77453.95,,58.58926761713421,56.443396548939816
2026-09-18T02:30:00-04:00,77535,77542.04,77491.44,77491.44,77694.9,77453.95,,53.45568981625795,56.02777038857966
2026-09-18T02:35:00-04:00,77491.45,77577.5,77489.76,77570.62,77694.9,77453.95,,54.25081235446466,55.81551727665256
2026-09-18T02:40:00-04:00,77568.69,77568.7,77511.91,77515.7,77694.9,77453.95,,54.687995975164824,55.466959305577404
2026-09-18T02:45:00-04:00,77515.7,77515.71,77463.59,77500.98,77694.9,77453.95,,52.20692393591257,55.1309259108207
2026-09-18T02:50:00-04:00,77503.91,77504.33,77445.84,77445.84,77658.18,77453.95,,49.79422556291286,53.99896303354683
2026-09-18T02:55:00-04:00,77445.85,77587.78,77404.27,77587.77,77658.18,77453.95,,52.30006292171552,53.225316447471094
2026-09-18T03:00:00-04:00,77587.78,77673.82,77562.06,77666.23,77658.18,77453.95,,58.679935612327384,54.0248681750306
2026-09-18T03:05:00-04:00,77666.23,77763.1,77580,77615.86,77658.18,77453.95,,58.85603036140959,54.76827088894299
2026-09-18T03:10:00-04:00,77623.37,77685.81,77612.5,77618.21,77658.18,77453.95,,57.117508878528675,54.84392432476317
2026-09-18T03:15:00-04:00,77618.22,77734.62,77605.38,77734.62,77658.18,77453.95,,60.115582502799214,56.31900989683853
2026-09-18T03:20:00-04:00,77734.63,77819,77722.22,77750.1,77658.18,77404.27,,63.40535356018006,58.04347564598246
2026-09-18T03:25:00-04:00,77750.01,77826.65,77744.85,77788.95,77658.18,77404.27,,64.65702175452466,60.56552309444191
2026-09-18T03:30:00-04:00,77788.88,77832.36,77755.55,77807.16,77658.18,77404.27,,65.97253373914938,61.94989587953499
2026-09-18T03:35:00-04:00,77807.15,77807.16,77766.97,77766.97,77658.18,77404.27,,64.57557382460834,62.24999115509361
2026-09-18T03:40:00-04:00,77761.33,77828.53,77723.29,77808.97,77658.18,77404.27,,63.8392975820711,63.37368651400969
2026-09-18T03:45:00-04:00,77808.24,77808.97,77726.03,77745.77,77658.18,77404.27,,62.13028925295503,63.68221411921541
2026-09-18T03:50:00-04:00,77745.78,77808.97,77739.68,77770.06,77658.18,77404.27,,60.039315925215625,63.351896063271525
2026-09-18T03:55:00-04:00,77770.05,77795.9,77720.07,77793.55,77832.36,77404.27,,61.41541310254925,63.11365970274947
2026-09-18T04:00:00-04:00,77793.56,77954.52,77793.56,77900.17,77832.36,77404.27,,64.83055350265606,63.401476562737635
2026-09-18T04:05:00-04:00,77897.86,77901.17,77673.82,77686.38,77832.36,77404.27,,59.536567077443024,61.27481208511908
2026-09-18T04:10:00-04:00,77682.39,77836.16,77657.72,77760.51,77832.36,77404.27,77754.82734,53.48227879856685,60.23196369815435
2026-09-18T04:15:00-04:00,77760.52,77887.61,77750,77866.4,77832.36,77404.27,,57.94111323508363,59.58961655740837
2026-09-18T04:20:00-04:00,77865.15,78050,77864.63,78050,77832.36,77404.27,,63.831585522469936,60.71804834658718
2026-09-18T04:25:00-04:00,78049.99,78049.99,77956.25,77963.31,77832.36,77404.27,,64.53261265334004,60.873415622586776
2026-09-18T04:30:00-04:00,77963.3,78018,77923.41,78003.78,77832.36,77404.27,,62.56781248932189,61.0473053142365
2026-09-18T04:35:00-04:00,78003.77,78003.78,77921.23,77924.25,77832.36,77657.72,,60.90204259907394,59.75098393584902
2026-09-18T04:40:00-04:00,77926.46,77996.6,77906.36,77967.2,77832.36,77657.72,,59.37296138629565,61.00056083105153
2026-09-18T04:45:00-04:00,77967.21,78011.68,77956.73,77985.62,78050,77657.72,,60.63388373114593,61.794299630871606
2026-09-18T04:50:00-04:00,77985.59,78067.91,77969.03,78067.9,78050,77657.72,,62.66316879909941,62.34971956362746
2026-09-18T04:55:00-04:00,78067.91,78266.58,78067.9,78266.58,78050,77657.72,,67.52676170063003,62.85006425320306
2026-09-18T05:00:00-04:00,78258.38,78382,78230.51,78305.34,78050,77657.72,,71.2762256366436,64.27646613028563
2026-09-18T05:05:00-04:00,78304.14,78468.5,78278,78419.8,78050,77657.72,,73.27513383838324,65.90929892436344
2026-09-18T05:10:00-04:00,78419.81,78431,78290.29,78370.36,78050,77657.72,,73.01664859347322,67.73778212868542
2026-09-18T05:15:00-04:00,78349.24,78373.8,78287.69,78331.22,78050,77657.72,,69.94415088839106,68.92963878210499
2026-09-18T05:20:00-04:00,78331.21,78382.52,78283.47,78301.63,78050,77657.72,,67.57040152235317,69.71964435474463
2026-09-18T05:25:00-04:00,78303.96,78303.96,78150,78153.97,78050,77657.72,,61.941166092707036,68.72335229456431
2026-09-18T05:30:00-04:00,78153.96,78157.98,78067.12,78094.32,78468.5,77657.72,,55.70904614961368,66.34315419731138
2026-09-18T05:35:00-04:00,78094.32,78094.32,77995.2,78003.76,78468.5,77657.72,,51.78404553284798,63.15415797919412
2026-09-18T05:40:00-04:00,78007.42,78050,77997.94,78041.92,78468.5,77657.72,,50.42441684046648,59.8143779121923
2026-09-18T05:45:00-04:00,78041.27,78175,78041.27,78095.75,78468.5,77657.72,,52.66006164121852,57.33799027854992
2026-09-18T05:50:00-04:00,78095.71,78152.17,78093.27,78123.28,78468.5,77657.72,,54.615679539628005,55.43481466968857
2026-09-18T05:55:00-04:00,78123.29,78205,78123.29,78200.24,78468.5,77657.72,,57.0437447965235,54.33037407117001
2026-09-18T06:00:00-04:00,78200.25,78212.14,78154.16,78163.62,78468.5,77995.2,,57.66776817255423,54.21384383535919
2026-09-18T06:05:00-04:00,78164.33,78203.25,78140.1,78141.07,78468.5,77995.2,,55.80891830338712,54.35890897224814
2026-09-18T06:10:00-04:00,78141.08,78190.08,78110,78190.07,78468.5,77995.2,,56.34708686635432,55.51756993064672
2026-09-18T06:15:00-04:00,78190.19,78202.43,78154.04,78202.43,78468.5,77995.2,,57.913524105499576,56.498653905114736
2026-09-18T06:20:00-04:00,78202.42,78222,78162.34,78176.8,78468.5,77995.2,,57.29170238840857,56.84089585841531
2026-09-18T06:25:00-04:00,78176.81,78265.13,78155.9,78265.13,78468.5,77995.2,,58.68422251176624,57.661094754297096
2026-09-18T06:30:00-04:00,78265.12,78292.73,78241.85,78261.04,78468.5,77995.2,,60.852964570098955,57.92924436515115
2026-09-18T06:35:00-04:00,78261.04,78271.95,78234.08,78242.45,78468.5,77995.2,,59.92452030707939,58.30588107844714
2026-09-18T06:40:00-04:00,78242.44,78260.33,78178.77,78222.15,78468.5,77995.2,,58.304003143993526,58.64212574818156
2026-09-18T06:45:00-04:00,78220.38,78325,78216.04,78324.99,78468.5,77995.2,,60.34445877384954,59.44798733773149
2026-09-18T06:50:00-04:00,78325,78347.25,78265.8,78294.83,78468.5,77995.2,,61.93604605139416,59.79141773272287
2026-09-18T06:55:00-04:00,78302.27,78316.4,78260.35,78280.4,78468.5,77995.2,,60.00341299671632,60.22276179724799
2026-09-18T07:00:00-04:00,78280.4,78362,78260.35,78361.99,78468.5,77995.2,,61.65530501449277,60.640298447787586
2026-09-18T07:05:00-04:00,78362,78428.39,78036.29,78172,78468.5,77995.2,,56.91071020104461,59.09640340608961
2026-09-18T07:10:00-04:00,78171.99,78192.65,78032.12,78103.61,78468.5,77995.2,,47.92577830428854,57.2120864469902
2026-09-18T07:15:00-04:00,78103.6,78150,78069.22,78115.82,78468.5,77995.2,,46.369214721366234,55.68646385676751
2026-09-18T07:20:00-04:00,78115.83,78126.47,78052.14,78064.05,78468.5,77995.2,,45.28396820271501,52.909089140951764
2026-09-18T07:25:00-04:00,78064.06,78095.46,78033.3,78037.41,78468.5,77995.2,,43.05155624667073,50.29089534113225
2026-09-18T07:30:00-04:00,78036.17,78149.36,78036.17,78099.73,78428.39,77995.2,,44.58449708351789,48.503684594323644
2026-09-18T07:35:00-04:00,78099.92,78159.85,78099.86,78114.69,78428.39,78032.12,,47.39444456220263,46.21636378333507
2026-09-18T07:40:00-04:00,78114.68,78114.69,78027.83,78027.84,78428.39,78032.12,,45.261638924576374,45.175378515332724
2026-09-18T07:45:00-04:00,78027.83,78070.65,78027.83,78040.29,78428.39,78032.12,,43.08156568990718,44.83230303636898
2026-09-18T07:50:00-04:00,78040.28,78086.23,78030,78086.22,78428.39,78032.12,,45.33885432496815,44.88098983064756
2026-09-18T07:55:00-04:00,78086.23,78086.23,78041.63,78059.2,78428.39,78032.12,,46.210009756283384,45.09688633738851
2026-09-18T08:00:00-04:00,78059.21,78113.27,78002.52,78113.27,78428.39,78032.12,,47.39234629546614,46.12121555887483
2026-09-18T08:05:00-04:00,78086.52,78090.42,78001.78,78008.77,78428.39,78032.12,,46.089579103039796,45.52690977153763
2026-09-18T08:10:00-04:00,78008.78,78100,77993.49,78081.94,78428.39,78032.12,,45.38351997476258,45.5466656767491
2026-09-18T08:15:00-04:00,78081.99,78100,78004.47,78004.48,78428.39,78032.12,,45.7476805144453,45.665778797214465
2026-09-18T08:20:00-04:00,78004.47,78077.66,77980,78005.09,78428.39,78032.12,,43.45411516060518,45.653108382662815
2026-09-18T08:25:00-04:00,78005.14,78040.86,77996.52,78023.95,78428.39,78032.12,,44.22554239814863,45.34768967526603
2026-09-18T08:30:00-04:00,78023.96,78080,77989,78079.99,78428.39,78032.12,,47.122950961152426,45.91394872691111
2026-09-18T08:35:00-04:00,78080,78154.99,78080,78154.99,78428.39,78032.12,,51.8385807329216,46.61804237168188
2026-09-18T08:40:00-04:00,78155,78174.42,78100,78112.96,78428.39,78032.12,,52.83952511402499,47.84250473004975
2026-09-18T08:45:00-04:00,78112.95,78140.99,78082.69,78089.1,78428.39,77980,,50.40253127405337,48.05204560005068
2026-09-18T08:50:00-04:00,78089.09,78103.61,78012.01,78040.38,78428.39,77980,,47.808818051189846,48.43140116911962
2026-09-18T08:55:00-04:00,78040.36,78052.21,78021.34,78035.6,78428.39,77980,,45.91841215164097,48.756130454632334
2026-09-18T09:00:00-04:00,78033.96,78057.42,77965,78029.92,78428.39,77980,,45.538769040852635,48.806608781320755
2026-09-18T09:05:00-04:00,78037.13,78067.64,78013.43,78029.12,78174.42,77980,,45.295465800597746,48.233991837331004
2026-09-18T09:10:00-04:00,78029.11,78044.55,78000,78024.75,78174.42,77980,,45.07874444584707,46.87522698501375
2026-09-18T09:15:00-04:00,78024.73,78073.17,78023.97,78073.16,78174.42,77980,,47.341665619109754,46.66317483878379
2026-09-18T09:20:00-04:00,78073.17,78135.28,78061.12,78066.57,78174.42,77980,,49.469490381566914,46.608643872874765
2026-09-18T09:25:00-04:00,78050.01,78166.52,78041.7,78166.52,78174.42,77965,,53.562073645728375,48.30696215150909
2026-09-18T09:30:00-04:00,78166.53,78387.51,78137.4,78377.25,78174.42,77965,,63.91438351807018,51.750349977568824
2026-09-18T09:35:00-04:00,78387.51,78940,78336.09,78923.76,78174.42,77965,,76.50387990772441,57.15413668490102
2026-09-18T09:40:00-04:00,78933.6,79287.83,78843.34,79278.39,78174.42,77965,,85.13862936379434,63.13411099562499
2026-09-18T09:45:00-04:00,79254.57,79960.23,79203.85,79952.87,78174.42,77965,,89.21942972284513,69.76576104975761
2026-09-18T09:50:00-04:00,79953.18,80457.44,79903.87,80047.54,78174.42,77965,,91.51897466674137,75.7561992949483
2026-09-18T09:55:00-04:00,80041.95,80117.6,79869.42,80044.1,78174.42,77965,,91.63861488022738,81.81408233508917
2026-09-18T10:00:00-04:00,80047.1,80333.13,80047.1,80332.99,78174.42,77965,,92.15477082816638,86.7826842042163
2026-09-18T10:05:00-04:00,80333,80544.91,80105.05,80197.83,78174.42,77965,,89.65571068616742,89.16874724025982
2026-09-18T10:10:00-04:00,80197.93,80293.75,80121.71,80284.99,78174.42,77965,,86.85459472176703,89.74003129394278
2026-09-18T10:15:00-04:00,80285,80649.89,80284.99,80637.56,78174.42,77965,,88.19281887114897,90.0413728137897
2026-09-18T10:20:00-04:00,80629.76,80944.04,80600.86,80927.27,78174.42,77965,,89.90763396861641,89.93666107844885
2026-09-18T10:25:00-04:00,80925.72,80936.41,80560.01,80684.74,78174.42,77965,,85.98447773376965,88.46008797579779
2026-09-18T10:30:00-04:00,80697.98,80729.77,80580.57,80669.13,78174.42,77965,,81.10227404815532,86.92627798357111
2026-09-18T10:35:00-04:00,80669.63,80813.36,80600,80637.32,78174.42,77965,,80.20764549819052,85.04662359580469
2026-09-18T10:40:00-04:00,80637.31,80800,80614.66,80787.57,78174.42,77965,,80.3251446934824,84.2604019856611
2026-09-18T10:45:00-04:00,80799.99,80956.92,80730.51,80880.69,78174.42,77965,,81.48352522995617,83.51203231243016
2026-09-18T10:50:00-04:00,80868.44,80967.88,80832.97,80918.6,78174.42,77965,,82.09080316236414,82.5169689260083
2026-09-18T10:55:00-04:00,80918.16,80940.72,80833.44,80940.71,78174.42,77965,,82.37497023107315,81.35984267313209
2026-09-18T11:00:00-04:00,80940.72,80950,80700,80702.05,78174.42,77965,,77.38847710299076,80.06096874578577
2026-09-18T11:05:00-04:00,80707.96,80854.99,80580.57,80580.57,78174.42,77965,,70.00226844278455,78.18841250016901
2026-09-18T11:10:00-04:00,80586.78,80760.58,80551.51,80760.58,78174.42,77965,,69.19369246132092,76.91412502096588
2026-09-18T11:15:00-04:00,80762.71,81042.55,80762.71,80882.29,78174.42,77965,,71.59685206374715,75.69461460595893
2026-09-18T11:20:00-04:00,80913.45,81083.78,80850.15,81083.78,78174.42,77965,,73.89834757791175,74.74693140609604
2026-09-18T11:25:00-04:00,81083.78,81130.49,80886.47,80949,78174.42,77965,,72.73764841672482,73.02228467863343
2026-09-18T11:30:00-04:00,80949.23,80959.77,80712.33,80796.23,78174.42,77965,,67.52131472871096,70.50302983399256
2026-09-18T11:35:00-04:00,80796.22,80832.96,80733.76,80758.01,78174.42,80551.51,,64.19558329604442,69.25288644807732
2026-09-18T11:40:00-04:00,80758,80758.01,80636.09,80636.09,78174.42,80551.51,,61.49026508388436,68.0710288743068
2026-09-18T11:45:00-04:00,80631.35,80736.36,80489.42,80676.54,78174.42,80551.51,,59.89476596148799,66.59605030526794
2026-09-18T11:50:00-04:00,80676.55,80820,80676.55,80704.33,81130.49,80551.51,,60.67807873178975,64.9513793508904
2026-09-18T11:55:00-04:00,80703.88,80763.44,80626.43,80721.5,81130.49,80551.51,,61.2144325251239,62.972074575899974
2026-09-18T12:00:00-04:00,80721.49,80825,80680.6,80825,81130.49,80551.51,,62.689923823894375,62.08060089579599
2026-09-18T12:05:00-04:00,80824.99,80898.83,80740,80816.7,81130.49,80551.51,,63.774576410942416,61.901577913680384
2026-09-18T12:10:00-04:00,80811.71,80969.96,80770.17,80968.67,81130.49,80489.42,,65.41364311950227,62.42861798821251
2026-09-18T12:15:00-04:00,80973.2,81034.25,80898.09,80961.64,81130.49,80489.42,,67.0662417301842,63.494714098337475
2026-09-18T12:20:00-04:00,80963.36,81054.67,80903.52,80997.52,81130.49,80489.42,,67.33840888689782,64.55537310975818
2026-09-18T12:25:00-04:00,80997.51,81043.73,80865.13,81043.73,81130.49,80489.42,,68.34844391314115,65.68624700729502
2026-09-18T12:30:00-04:00,81043.72,81249.99,81013.74,81203.51,81130.49,80489.42,,70.73243693824347,67.27480294207804
2026-09-18T12:35:00-04:00,81200.01,81200.01,80964.58,81006.95,81130.49,80489.42,,67.69007146324248,67.11486061853734
2026-09-18T12:40:00-04:00,81002.7,81002.7,80900,80998.89,81130.49,80489.42,,62.65043844370014,66.95362066572311
2026-09-18T12:45:00-04:00,80997.6,80997.6,80833.2,80842.54,81130.49,80489.42,,59.05111083573328,65.2969942517462
2026-09-18T12:50:00-04:00,80849.15,80934.77,80760,80934.76,81130.49,80489.42,,57.0768206504314,64.09950035722231
2026-09-18T12:55:00-04:00,80934.77,80947.94,80837.74,80840.23,81249.99,80489.42,,56.560157531103016,62.217493864376245
2026-09-18T13:00:00-04:00,80843.75,80870.47,80766.03,80870.47,81249.99,80489.42,,55.11434235160242,60.31832848249695
2026-09-18T13:05:00-04:00,80870.16,80882.74,80784.18,80784.19,81249.99,80489.42,,53.825279242627246,57.38687737991446
2026-09-18T13:10:00-04:00,80786.8,80890.1,80759.38,80885.81,81249.99,80489.42,,53.8449753462754,56.36258673479207
2026-09-18T13:15:00-04:00,80887.49,80933,80783.04,80808.23,81249.99,80489.42,,54.03074871383351,54.924108885666854
2026-09-18T13:20:00-04:00,80805.98,80826.34,80647.87,80748.5,81249.99,80489.42,,51.18023192151223,54.11376418787177
2026-09-18T13:25:00-04:00,80748.49,80791.2,80714.57,80747.06,81249.99,80489.42,,49.9339030036316,52.88327527229548
2026-09-18T13:30:00-04:00,80745.59,80745.59,80580.61,80597.99,81249.99,80489.42,,46.951225031558636,51.36835490228766
2026-09-18T13:35:00-04:00,80597.99,80711.3,80597.98,80680.66,81249.99,80489.42,,45.846852483019106,50.23542102412882
2026-09-18T13:40:00-04:00,80680.67,80777.02,80673.35,80776.69,81249.99,80489.42,,49.68982519708372,50.186796603560936
2026-09-18T13:45:00-04:00,80776.7,80872,80768.61,80849.96,81249.99,80489.42,,53.10930463510907,50.02522939236701
2026-09-18T13:50:00-04:00,80850.41,80920,80849.9,80867.27,81249.99,80489.42,,54.87010586330079,50.42661293198016
2026-09-18T13:55:00-04:00,80865.72,81006.28,80858.26,81006.28,81249.99,80580.61,,57.745018809059104,51.90088278880897
2026-09-18T14:00:00-04:00,81006.27,81006.27,80878.47,80902.28,81249.99,80580.61,,57.761345167596005,52.66302497882714
2026-09-18T14:05:00-04:00,80902.28,80974.89,80890.49,80918.58,81249.99,80580.61,,55.55055590017835,54.35783446555747
2026-09-18T14:10:00-04:00,80922.42,80949.89,80809.95,80876.44,81249.99,80580.61,,54.819567873069076,55.22665794741284
2026-09-18T14:15:00-04:00,80876.43,80912.5,80852.38,80912.49,81249.99,80580.61,,54.54530226658049,55.74511362827082
2026-09-18T14:20:00-04:00,80912.5,80928.19,80852.38,80852.38,81006.28,80580.61,,53.75552198243092,55.41129147521908
2026-09-18T14:25:00-04:00,80852.39,80999.38,80831.52,80994.55,81006.28,80580.61,,55.19685812125172,55.8384714162568
2026-09-18T14:30:00-04:00,80994.68,81043.57,80918.27,81043.56,81006.28,80580.61,,59.12690479958374,55.806116043940406
2026-09-18T14:35:00-04:00,81043.57,81146.61,80977.46,81142.54,81006.28,80580.61,,61.820328137591545,56.99818083625552
2026-09-18T14:40:00-04:00,81116.31,81116.42,80933.26,80944.95,81006.28,80580.61,,58.512389804297015,56.652354302260015
2026-09-18T14:45:00-04:00,80944.88,81036.94,80936.96,81036.93,81006.28,80580.61,,55.1651351710733,57.09691434997101
2026-09-18T14:50:00-04:00,81040.36,81074.45,80982.58,81001.65,81006.28,80580.61,,56.04463876347866,57.080736158516636
2026-09-18T14:55:00-04:00,81001.64,81005.39,80876.41,80935.48,81006.28,80580.61,,53.6396630494763,57.06381179769826
2026-09-18T15:00:00-04:00,80941.52,81010.1,80911.88,80971.15,81146.61,80580.61,,52.84044324106583,56.40747476417781
2026-09-18T15:05:00-04:00,80971.14,81080,80946.73,81079.99,81146.61,80580.61,,55.7960726875899,56.11214547998573
2026-09-18T15:10:00-04:00,81079.99,81189.99,81079.99,81189.79,81146.61,80580.61,,59.94717535497976,55.87228825486016
2026-09-18T15:15:00-04:00,81189.78,81384.6,81133.26,81207.9,81146.61,80580.61,,62.21438157709713,57.16985741507148
2026-09-18T15:20:00-04:00,81201.29,81216.93,81104.38,81125.04,81146.61,80876.41,,60.202910259512024,57.31165256584266
2026-09-18T15:25:00-04:00,81129.87,81285.4,81129.87,81229.99,81146.61,80876.41,,59.81831874136995,58.24805169446899
2026-09-18T15:30:00-04:00,81229.98,81229.99,81119.51,81119.51,81146.61,80876.41,,58.839651044784716,58.79736342164506
2026-09-18T15:35:00-04:00,81118.72,81132.36,81047.29,81064.23,81146.61,80876.41,,54.570133852682105,58.74224901207365
2026-09-18T15:40:00-04:00,81064.15,81238.11,81062.22,81238.07,81384.6,80876.41,,56.51157036105758,59.00179132835011
2026-09-18T15:45:00-04:00,81210,81326.66,81156.37,81287.6,81384.6,80876.41,,60.639549516068165,58.940070200956036
2026-09-18T15:50:00-04:00,81287.57,81326.66,81121.39,81131.08,81384.6,80876.41,,57.673814306826515,57.70448639398707
2026-09-18T15:55:00-04:00,81141.38,81236.66,81141.38,81180.01,81384.6,80876.41,,54.79657738694738,57.395403665937565
2026-09-18T16:00:00-04:00,81195.76,81195.76,81067.49,81178.98,81384.6,81047.29,,55.69255092349853,56.52569558888094
2026-09-18T16:05:00-04:00,81178.97,81219.78,80944,80985.11,81384.6,81047.29,,51.35415970396356,55.25669185427438
2026-09-18T16:10:00-04:00,80979.07,81100,80978.6,81069.99,81384.6,81047.29,,48.84395389385034,54.88964417207187
2026-09-18T16:15:00-04:00,81062.66,81199.98,81040.99,81198.06,81326.66,81047.29,,53.10514803053532,54.28342833126801
2026-09-18T16:20:00-04:00,81198.05,81198.05,81061.31,81069.59,81326.66,81047.29,,52.86410606288254,52.66808889973312
2026-09-18T16:25:00-04:00,81065,81073.56,80927,81017.83,81326.66,81047.29,,49.15024200752465,51.84812196003891
2026-09-18T16:30:00-04:00,81017.84,81053.61,81003.97,81022.32,81326.66,81047.29,,48.233258388885005,50.79285490028673
2026-09-18T16:35:00-04:00,81022.31,81040.57,80960.01,81004.67,81326.66,81047.29,,47.95179749681881,49.63647812384471
2026-09-18T16:40:00-04:00,80997.61,81160,80966.15,81159.98,81326.66,81047.29,,50.96522020449557,50.68172932901016
2026-09-18T16:45:00-04:00,81159.99,81176,81073.68,81083.78,81326.66,81047.29,,52.6181710041066,50.71482586963221
2026-09-18T16:50:00-04:00,81083.79,81159.71,81076.1,81077.09,81326.66,80927,,50.72559157247715,50.00185605527925
2026-09-18T16:55:00-04:00,81087.98,81106.23,81066.29,81099,81326.66,80927,,51.08598248329078,50.206790561177414
2026-09-18T17:00:00-04:00,81098.99,81181.5,81085.61,81181.49,81326.66,80927,,53.479445872217376,51.23877144519145
2026-09-18T17:05:00-04:00,81181.5,81234.85,81152.33,81173.87,81326.66,80927,,55.14721958638803,52.18220804617828
2026-09-18T17:10:00-04:00,81163.86,81276.15,81146.07,81273.34,81326.66,80927,,57.12779556945884,53.860485180231464
2026-09-18T17:15:00-04:00,81273.38,81277.15,81105.53,81105.54,81326.66,80927,,54.864525529558605,53.29629528191057
2026-09-18T17:20:00-04:00,81115.74,81190.24,81115.73,81186.3,81326.66,80927,,52.19975803476828,53.740938617563366
2026-09-18T17:25:00-04:00,81186.29,81234.78,81158.88,81176.12,81326.66,80927,,53.7289384277592,54.154394383419735
2026-09-18T17:30:00-04:00,81176.11,81200.47,81126.54,81147.95,81326.66,80927,,52.71481233793714,54.20631857603376
2026-09-18T17:35:00-04:00,81147.96,81234.78,81147.94,81234.78,81326.66,80927,,54.0139436931007,54.30710804652925
2026-09-18T17:40:00-04:00,81235.73,81280,81203.49,81213.08,81326.66,80927,,55.43522281467037,54.28860521268585
2026-09-18T17:45:00-04:00,81213.09,81217,81141.39,81217,81326.66,80927,,54.903757763328436,53.67166867334913
2026-09-18T17:50:00-04:00,81216.99,81247.01,81184.4,81209.3,81326.66,80927,,54.751242268518766,54.256238566674476
2026-09-18T17:55:00-04:00,81209.29,81234.01,81205.59,81230.64,81326.66,80927,,55.10332342931367,54.50125878607639
2026-09-18T18:00:00-04:00,81230.63,81250,81198.04,81223.5,81326.66,80927,,55.442789559627116,54.74591031863673
2026-09-18T18:05:00-04:00,81223.5,81326.66,81223.5,81326.65,81326.66,80927,81245.63304,58.0542717576874,56.02681862029074
2026-09-18T18:10:00-04:00,81326.65,81348.63,81213.88,81238.34,81326.66,80927,,57.707020100172116,55.80107500637142
2026-09-18T18:15:00-04:00,81238.34,81325.4,81238.34,81313.41,81326.66,80927,,56.493848108127864,56.32928298985003
2026-09-18T18:20:00-04:00,81322.65,81337.12,81254.73,81260.46,81326.66,80927,,56.66463051853497,56.304181507859006
2026-09-18T18:25:00-04:00,81256.4,81257.17,81232.54,81255.7,81326.66,80927,,54.660613326024276,56.30338900628018
2026-09-18T18:30:00-04:00,81255.71,81255.71,81165,81165,81326.66,80927,,51.48698170779627,55.27094101599688
2026-09-18T18:35:00-04:00,81162.97,81177.88,81074.67,81177.87,81348.63,80927,,48.90646370958559,54.435867334839735
2026-09-18T18:40:00-04:00,81178.94,81178.95,81118.77,81118.77,81348.63,80927,,47.46360303992243,52.245035668064034
2026-09-18T18:45:00-04:00,81118.76,81119.34,81095.29,81118.16,81348.63,80927,,45.57420353513571,50.969348316257914
2026-09-18T18:50:00-04:00,81118.15,81118.16,81093.41,81118.16,81348.63,80927,,45.55500768129832,49.119652688969886
2026-09-18T18:55:00-04:00,81118.15,81155.97,81090.78,81126.53,81348.63,80927,,45.91496213276305,47.898014491751645
2026-09-18T19:00:00-04:00,81126.53,81197.71,81126.52,81154.18,81348.63,81074.67,,47.48177825677429,47.06855695489845
2026-09-18T19:05:00-04:00,81154.17,81159.21,81086.05,81127.36,81348.63,81074.67,,47.59735451520531,46.78669243672565
2026-09-18T19:10:00-04:00,81127.35,81166,81094.21,81166,81348.63,81074.67,,48.245378029785805,46.87967533209851
2026-09-18T19:15:00-04:00,81165.99,81180.75,81124.56,81126.82,81348.63,81074.67,,48.327665953118554,47.03356755478169
2026-09-18T19:20:00-04:00,81126.83,81126.83,81051.52,81051.52,81348.63,81074.67,,43.85483522153302,46.38842724249775
2026-09-18T19:25:00-04:00,81051.52,81051.52,80990.12,80990.13,81197.71,81074.67,,39.07335508466779,45.18166681288725
2026-09-18T19:30:00-04:00,80990.12,81006.18,80941.13,81005.64,81197.71,81074.67,,37.906480165106075,44.10028953745291
2026-09-18T19:35:00-04:00,81005.64,81005.65,80886.78,80888.14,81197.71,81074.67,,35.38308592377485,41.72489757488741
2026-09-18T19:40:00-04:00,80888.13,80905.63,80853.51,80887.55,81197.71,81074.67,,32.04602910755854,39.65705370669668
2026-09-18T19:45:00-04:00,80887.76,80896.71,80875.46,80892.03,81197.71,81074.67,,32.28695549553984,37.16534827938857
2026-09-18T19:50:00-04:00,80892.02,80957.32,80882.81,80903.48,81197.71,81074.67,,33.22731470994873,35.34266763721959
2026-09-18T19:55:00-04:00,80903.49,80965.79,80876.33,80878.67,81197.71,81074.67,,33.14514086806601,34.105435606969415
2026-09-18T20:00:00-04:00,80878.66,80934.75,80840,80854.85,81197.71,81074.67,,31.655288312013834,33.22321998788989
2026-09-18T20:05:00-04:00,80854.86,80917.44,80844.31,80856.66,81197.71,81074.67,,31.057941420066133,32.14871025124372
2026-09-18T20:10:00-04:00,80855.3,80963.67,80852.53,80963.66,81197.71,81074.67,,37.65976916880087,33.87370091504018
2026-09-18T20:15:00-04:00,80963.67,81060,80963.66,81059.99,81197.71,81074.67,,48.446276651815595,36.83449526388859
2026-09-18T20:20:00-04:00,81060,81077.84,81013.91,81057.83,81197.71,81074.67,,52.65878966903348,39.694224964609795
2026-09-18T20:25:00-04:00,81057.84,81091.58,81057.83,81091.57,81197.71,80840,,53.95514744122563,42.75673318711056
2026-09-18T20:30:00-04:00,81093.51,81261.33,81093.5,81236.53,81197.71,80840,81116.81199,60.12309786924884,47.40221267923346
2026-09-18T20:35:00-04:00,81241.24,81268.74,81241.23,81267.94,81197.71,80840,81116.81199,65.73088102703284,52.49261681997312
2026-09-18T20:40:00-04:00,81267.95,81315.78,81250.79,81315.78,81197.71,80840,81169.16420561359,67.77391230700539,57.89249007550181
2026-09-18T20:45:00-04:00,81309.55,81329,81262.59,81286.14,81197.71,80840,81169.16420561359,67.39522453852194,60.988461211322
2026-09-18T20:50:00-04:00,81286.13,81505.92,81270.99,81411.72,81197.71,80840,81245.04890688111,68.77494229691553,63.700680259816075
2026-09-18T20:55:00-04:00,81411.96,81640,81411.96,81640,81197.71,80840,,75.32545267711008,67.46465064220102
2026-09-18T21:00:00-04:00,81640,81721.43,81486.62,81486.62,81197.71,80840,,72.79116164320828,69.08239860323968
2026-09-18T21:05:00-04:00,81486.58,81508.56,81368.62,81400.01,81197.71,80840,,63.80120888774828,68.51553950462944
2026-09-18T21:10:00-04:00,81400.59,81404.66,81269.93,81276.01,81197.71,80840,,57.35611724398744,66.68960895094101
2026-09-18T21:15:00-04:00,81276,81307.11,81169.28,81169.29,81197.71,80840,,51.14708829809483,63.765018359226424
2026-09-18T21:20:00-04:00,81169.28,81276.08,81059.5,81276.07,81197.71,80840,,50.97046170735274,61.996819570606945
2026-09-18T21:25:00-04:00,81276.08,81305.88,81240.83,81249.57,81721.43,80840,,52.765032571351114,59.19075843763659
2026-09-18T21:30:00-04:00,81249.58,81260.62,81093.24,81093.24,81721.43,80840,,48.54182924216475,54.34435573205114
2026-09-18T21:35:00-04:00,81100.77,81147.22,81040.52,81137.21,81721.43,80840,,46.07666181562972,51.558044201185574
2026-09-18T21:40:00-04:00,81137.09,81161.2,81113.25,81161.19,81721.43,80840,,47.771786200659875,49.76452067859731
2026-09-18T21:45:00-04:00,81161.2,81299.99,81161.2,81299.98,81721.43,80840,,51.58606771599772,49.90945862175994
2026-09-18T21:50:00-04:00,81299.99,81419.09,81299.99,81319.56,81721.43,80840,,55.217398464241825,50.9274664403536
2026-09-18T21:55:00-04:00,81322.73,81322.74,81256.25,81273.71,81721.43,80840,,54.39330002667193,50.887412427279706
2026-09-18T22:00:00-04:00,81273.84,81300,81256.25,81262.15,81721.43,81040.52,,52.83119765927785,50.94637075118981
2026-09-18T22:05:00-04:00,81262.16,81339.99,81250.23,81339.98,81721.43,81040.52,,54.41174989735985,52.5645326144783
2026-09-18T22:10:00-04:00,81339.98,81393.74,81339.98,81360.59,81721.43,81040.52,,56.79814166210472,54.00965070732553
2026-09-18T22:15:00-04:00,81360.6,81361.42,81313.69,81330.02,81419.09,81040.52,,56.300042510973526,55.00117727456792
2026-09-18T22:20:00-04:00,81330.02,81420,81330.01,81418.83,81419.09,81040.52,,57.485661920212934,55.69524905138701
2026-09-18T22:25:00-04:00,81415.57,81415.57,81333.6,81341.81,81419.09,81040.52,,57.174936334844816,55.560473809025915
2026-09-18T22:30:00-04:00,81341.82,81393.75,81320.36,81361.54,81419.09,81040.52,,55.20158229174058,55.926186841406626
2026-09-18T22:35:00-04:00,81325.83,81424.02,81315.85,81326.87,81419.09,81040.52,,54.575323167685355,56.05879538285664
2026-09-18T22:40:00-04:00,81326.88,81332.46,81288.71,81316.54,81419.09,81040.52,,53.09609062753305,55.55028419288469
2026-09-18T22:45:00-04:00,81311.2,81311.2,81280.3,81306.17,81419.09,81040.52,,52.388593946672216,54.79892460701878
2026-09-18T22:50:00-04:00,81306.18,81307.33,81282.69,81282.69,81419.09,81040.52,,51.18165417686018,54.08788752599516
2026-09-18T22:55:00-04:00,81282.7,81302.38,81264.96,81282.46,81419.09,81040.52,,50.32889272336365,52.754133407918985
2026-09-18T23:00:00-04:00,81294.5,81388.58,81274.57,81388.58,81424.02,81040.52,,53.930207243788864,53.16082207140776
2026-09-18T23:05:00-04:00,81388.57,81388.58,81306.99,81314.95,81424.02,81040.52,,54.722002791469585,52.61711069355585
2026-09-18T23:10:00-04:00,81314.96,81314.96,81275.54,81276.87,81424.02,81040.52,,50.56126922924794,52.01394951756849
2026-09-18T23:15:00-04:00,81276.88,81276.88,81181.5,81181.51,81424.02,81040.52,,46.20559297623285,50.64839707889865
2026-09-18T23:20:00-04:00,81181.5,81222.47,81169.74,81175.23,81424.02,81040.52,,43.00660437894558,49.33338106964659
2026-09-18T23:25:00-04:00,81175.24,81178.84,81131.57,81131.57,81424.02,81040.52,,41.52428971417645,47.88915008956044
2026-09-18T23:30:00-04:00,81131.58,81147.63,81114.69,81118.5,81388.58,81040.52,,39.84277127821122,46.337346371031614
2026-09-18T23:35:00-04:00,81118.49,81124.19,81103.16,81108.66,81388.58,81040.52,,39.156067420788766,43.66796728298898
2026-09-18T23:40:00-04:00,81109.34,81157.76,81109.34,81155.97,81388.58,81040.52,,41.09684175996156,42.44444321917217
2026-09-18T23:45:00-04:00,81155.96,81168.46,81147.36,81168.46,81388.58,81040.52,,43.917903710355134,41.76986284901961
2026-09-18T23:50:00-04:00,81168.45,81170.81,81150.32,81169.92,81388.58,81040.52,,44.56778399148775,41.976497794959286
2026-09-18T23:55:00-04:00,81169.91,81182,81124.42,81124.88,81388.58,81040.52,,42.88644668890425,41.73553208043637
2026-09-19T00:00:00-04:00,81124.87,81125.19,81100.92,81106.02,81388.58,81040.52,,40.430591874780596,41.664012697989044
2026-09-19T00:05:00-04:00,81106.02,81200,81106.01,81168.72,81388.58,81040.52,,43.01451786927494,42.641745392168865
2026-09-19T00:10:00-04:00,81168.73,81199.8,81168.72,81196.85,81388.58,81040.52,,47.645954372674936,44.08969468424224
2026-09-19T00:15:00-04:00,81196.86,81216.8,81134.33,81134.77,81388.58,81040.52,,46.38549674909193,44.15278967477754
2026-09-19T00:20:00-04:00,81134.77,81183.01,81118.75,81140.81,81388.58,81040.52,,44.090594617278015,44.139034943363065
2026-09-19T00:25:00-04:00,81137.96,81159.94,81118.78,81128.76,81388.58,81100.92,,43.886923072668495,43.95825798368632
2026-09-19T00:30:00-04:00,81128.75,81128.76,80989.4,80993.33,81388.58,81100.92,,38.630796696564545,42.92313494555172
2026-09-19T00:35:00-04:00,80993.32,81018.47,80920,80925.12,81388.58,81100.92,,32.091325004198595,41.575610306377186
2026-09-19T00:40:00-04:00,80920,81010.72,80912.5,80966.73,81216.8,81100.92,,32.56441033736801,39.93738993643546
2026-09-19T00:45:00-04:00,80966.74,80986.89,80950,80986.89,81216.8,81100.92,,35.90504682949222,38.22106529403926
2026-09-19T00:50:00-04:00,80986.88,81024.22,80986.88,81020.96,81216.8,81100.92,,38.75428120565187,37.75704263830972
2026-09-19T00:55:00-04:00,81020.97,81029.13,81001.31,81027.14,81216.8,81100.92,,40.856933783179414,37.29716219858251
2026-09-19T01:00:00-04:00,81027.13,81075.84,81027.1,81065.85,81216.8,81100.92,,43.1961803296026,37.55968756886232
2026-09-19T01:05:00-04:00,81065.84,81138.24,81065.84,81135.59,81216.8,80912.5,,48.42555612034285,40.095664891090614
2026-09-19T01:10:00-04:00,81135.6,81135.6,81050,81050.01,81216.8,80912.5,,48.17368373988647,42.15464720763028
2026-09-19T01:15:00-04:00,81050,81090.48,81020.97,81074.98,81216.8,80912.5,,45.826444438366536,43.8848174913759
2026-09-19T01:20:00-04:00,81074.99,81086.42,81033.16,81086.35,81216.8,80912.5,,47.46169681599254,45.45654720377323
2026-09-19T01:25:00-04:00,81086.34,81142.55,81074.35,81075.32,81216.8,80912.5,,47.49993756147674,46.38357645018301
2026-09-19T01:30:00-04:00,81075.33,81094.95,81061.35,81092.66,81216.8,80912.5,,47.88638924979182,47.46496305137678
2026-09-19T01:35:00-04:00,81092.67,81121.61,81067.04,81118.01,81216.8,80912.5,,50.00313141327612,48.328419616946874
2026-09-19T01:40:00-04:00,81118.01,81118.01,81029.47,81038.18,81216.8,80912.5,,47.61186267950616,47.23247921113772
2026-09-19T01:45:00-04:00,81038.17,81056.8,81025.51,81032.48,81216.8,80912.5,,43.73059180152822,47.058964777415945
2026-09-19T01:50:00-04:00,81032.48,81080.96,81028.69,81072.4,81142.55,80912.5,,45.623482027684,47.17448995094271
2026-09-19T01:55:00-04:00,81072.39,81082.57,81014.17,81028.91,81142.55,80912.5,,45.81331172623976,46.587997608915146
2026-09-19T02:00:00-04:00,81028.91,81065.5,81000.08,81010.07,81142.55,80912.5,,43.0710701997241,45.90909927615623
2026-09-19T02:05:00-04:00,81010.08,81061.71,81010.06,81044.49,81142.55,80912.5,,44.205391393392276,45.53628393565814
2026-09-19T02:10:00-04:00,81034.49,81034.49,81001.4,81003.12,81142.55,80912.5,,44.298497341903385,44.279203827192596
2026-09-19T02:15:00-04:00,81003.13,81049.08,81000,81000,81142.55,80912.5,,42.31902002192595,44.02404317634951
2026-09-19T02:20:00-04:00,81000.01,81000.01,80960,80960.01,81142.55,80912.5,,40.45914594238185,43.34450501029364
2026-09-19T02:25:00-04:00,80960,80991.74,80940,80970.32,81142.55,80912.5,,39.41548986815333,42.25033113076932
2026-09-19T02:30:00-04:00,80970.33,81060,80970.33,81060,81142.55,80912.5,,45.2474671893558,43.18283514261251
2026-09-19T02:35:00-04:00,81065.61,81087.18,81064.2,81079.51,81142.55,80912.5,,51.36083322283368,44.61883485165777
2026-09-19T02:40:00-04:00,81079.51,81086.75,81069.46,81069.55,81142.55,80912.5,,51.776038493026235,45.34587717107935
2026-09-19T02:45:00-04:00,81069.56,81100,81067.66,81071.16,81142.55,80912.5,,51.318661759888286,46.62459611393916
2026-09-19T02:50:00-04:00,81071.17,81071.18,81042.92,81044.61,81142.55,80940,,49.85533029026526,47.499108676319146
2026-09-19T02:55:00-04:00,81044.63,81049.69,81029.41,81040.5,81142.55,80940,,48.06316850519109,48.79717398902752
2026-09-19T03:00:00-04:00,81056.98,81083.81,81056.98,81080.85,81142.55,80940,,50.30871440853657,50.611458545000076
2026-09-19T03:05:00-04:00,81080.84,81102.97,81080.76,81102.96,81142.55,80940,,54.051508808887874,51.31261445175097
2026-09-19T03:10:00-04:00,81102.97,81157.61,81102.96,81157.61,81142.55,80940,,58.08191273458378,52.53176697692868
2026-09-19T03:15:00-04:00,81159.15,81251.35,81158.03,81225.33,81142.55,80940,,63.63704365796394,54.7014730703046
2026-09-19T03:20:00-04:00,81225.85,81225.86,81114.72,81114.73,81142.55,80940,,59.77777643698407,54.948656884670335
2026-09-19T03:25:00-04:00,81114.72,81126.12,81085,81109.19,81142.55,80940,,52.853626681677945,55.5581291821368
2026-09-19T03:30:00-04:00,81109.18,81127.15,81085,81119.98,81142.55,80940,,53.08929731074248,56.38469368625645
2026-09-19T03:35:00-04:00,81119.99,81119.99,81056.36,81056.36,81142.55,80940,,50.33702895441097,55.566219052386636
2026-09-19T03:40:00-04:00,81056.37,81075.74,81056.07,81058.09,81251.35,80940,,47.15982206072652,54.41564032963891
2026-09-19T03:45:00-04:00,81058.09,81060.64,81045.65,81045.65,81251.35,80940,,46.61995174593807,52.29137305563072
2026-09-19T03:50:00-04:00,81045.66,81150,81043.75,81145.49,81251.35,80940,,51.07110658588159,50.825372594758235
2026-09-19T03:55:00-04:00,81145.5,81176,81102.12,81102.13,81251.35,80940,,53.88380327381385,50.607380723296366
2026-09-19T04:00:00-04:00,81115.75,81135,81077.24,81106.5,81251.35,80940,,51.821903663933576,50.53059458968842
2026-09-19T04:05:00-04:00,81102.59,81200,81092.49,81199.99,81251.35,80940,,56.040386732976664,51.45054912964899
2026-09-19T04:10:00-04:00,81200,81259.16,81199.99,81226.51,81251.35,80940,,61.01838965369187,53.5824119323401
2026-09-19T04:15:00-04:00,81226.52,81229.46,81201.37,81225.89,81251.35,81043.75,,61.950745890242764,55.67652736665362
2026-09-19T04:20:00-04:00,81225.9,81375,81225.89,81279.23,81251.35,81043.75,,63.848731658512456,58.50492047878993
2026-09-19T04:25:00-04:00,81276.83,81292.82,81233.77,81292.81,81251.35,81043.75,,66.24845218834571,60.01291182450052
2026-09-19T04:30:00-04:00,81292.82,81311.14,81269.32,81311.13,81251.35,81043.75,,67.34314199337385,62.35044582723564
2026-09-19T04:35:00-04:00,81311.14,81399.51,81292.91,81329.99,81251.35,81043.75,,68.61966973307769,64.81227355854169
2026-09-19T04:40:00-04:00,81330,81330,81312.38,81316.36,81251.35,81043.75,,68.21154841256035,65.82792059283096
2026-09-19T04:45:00-04:00,81316.35,81330,81316.35,81329.99,81251.35,81043.75,,67.67875083235498,66.71523389530259
2026-09-19T04:50:00-04:00,81330,81370,81302.38,81302.38,81251.35,81043.75,,65.99223984946033,66.98263315260742
2026-09-19T04:55:00-04:00,81300.03,81315.66,81282.02,81308.56,81251.35,81043.75,,64.0629154943661,66.77642927697505
2026-09-19T05:00:00-04:00,81307.55,81326.83,81279.2,81326.56,81399.51,81043.75,,65.16093659122845,66.67191441057392
2026-09-19T05:05:00-04:00,81326.57,81509.05,81326.56,81451.65,81399.51,81043.75,81318.41019,70.33544984194086,67.63137437656562
2026-09-19T05:10:00-04:00,81451.66,81471.5,81400.5,81425.18,81399.51,81043.75,81318.41019,72.63149119375575,67.8181491136248
2026-09-19T05:15:00-04:00,81425.18,81432.81,81387.57,81423.99,81399.51,81043.75,81318.41019,70.47888608853012,68.27918514112842
2026-09-19T05:20:00-04:00,81424,81494.86,81423.99,81488.2,81399.51,81043.75,81365.74581554705,72.36849177105312,69.15807509610997
2026-09-19T05:25:00-04:00,81488.19,81493.04,81400.74,81402.44,81399.51,81279.2,81365.74581554705,68.34631147131495,68.95177703308687
2026-09-19T05:30:00-04:00,81412.44,81434.81,81264.96,81303,81509.05,81279.2,,57.108234561166924,67.1710234009102
2026-09-19T05:35:00-04:00,81303.24,81317.66,81262.31,81317.66,81509.05,81279.2,,52.5005016425771,65.33450990490077
2026-09-19T05:40:00-04:00,81307.64,81319.46,81242.05,81257.66,81509.05,81279.2,,50.39794222357658,61.47459265280612
2026-09-19T05:45:00-04:00,81257.65,81336.03,81257.65,81335.92,81509.05,81279.2,,50.96855353544613,59.14509914538373
2026-09-19T05:50:00-04:00,81335.9,81335.91,81300,81324.36,81509.05,81279.2,,53.73303164113089,56.690062810692055
2026-09-19T05:55:00-04:00,81324.35,81330.81,81323.63,81325.8,81509.05,81279.2,,53.26124613076193,53.68588610530054
2026-09-19T06:00:00-04:00,81320.68,81328.16,81274.05,81274.44,81509.05,81279.2,,50.876686377268555,51.69874135525023
2026-09-19T06:05:00-04:00,81274.05,81294.49,81236.45,81261.03,81509.05,81279.2,,47.82160021186141,51.03256200549897
2026-09-19T06:10:00-04:00,81261.54,81307.56,81261.54,81300.34,81509.05,81279.2,,49.153937190124374,50.74258008312088
2026-09-19T06:15:00-04:00,81304.41,81309.05,81250,81280.51,81509.05,81279.2,,50.11365524711551,50.95133715508151
2026-09-19T06:20:00-04:00,81280.5,81300,81271.8,81284.33,81509.05,81279.2,,49.33318017133483,50.27533055051765
2026-09-19T06:25:00-04:00,81284.18,81303.81,81263.77,81293.47,81509.05,81279.2,,50.03820207428474,49.89567156455404
2026-09-19T06:30:00-04:00,81293.46,81293.95,81256.4,81256.48,81509.05,81236.45,,48.51873289184154,48.920326767968966
2026-09-19T06:35:00-04:00,81256.49,81257.37,81218.1,81225.4,81509.05,81236.45,,44.92488450596623,48.19515674418195
2026-09-19T06:40:00-04:00,81225.39,81276.58,81222.18,81246.17,81509.05,81236.45,,44.66754568976035,48.01916833308296
2026-09-19T06:45:00-04:00,81246.16,81292.64,81246.16,81290.23,81509.05,81236.45,,48.56751626859851,48.027607909460286
2026-09-19T06:50:00-04:00,81290.24,81299.25,81265.52,81299.25,81509.05,81236.45,,51.65936589984849,48.46079994814952
2026-09-19T06:55:00-04:00,81299.24,81300.25,81220,81220,81509.05,81236.45,81317.38615,47.89629759322082,47.61707002999914
2026-09-19T07:00:00-04:00,81220.64,81299.61,81220,81299.6,81509.05,81218.1,81317.38615,47.86698893387563,47.840453336604064
2026-09-19T07:05:00-04:00,81299.6,81354.53,81279.99,81354.53,81509.05,81218.1,,54.51308992244354,49.329743467314
2026-09-19T07:10:00-04:00,81356.44,81360.52,81301.23,81310.2,81509.05,81218.1,,54.633679360717935,50.61439472367598
2026-09-19T07:15:00-04:00,81310.21,81348.88,81300.18,81328.86,81509.05,81218.1,,53.18428810869605,51.76309844415277
2026-09-19T07:20:00-04:00,81328.85,81361.01,81328.85,81361,81509.05,81218.1,,55.42849198812959,52.57467350068486
2026-09-19T07:25:00-04:00,81361.01,81361.01,81290,81290,81509.05,81218.1,,53.22386211533181,52.21009736286229
2026-09-19T07:30:00-04:00,81290.01,81291.74,81250,81250.01,81509.05,81218.1,,47.837001618753575,52.557731793694224
2026-09-19T07:35:00-04:00,81250,81276.51,81250,81274.1,81509.05,81218.1,,47.258256302096456,52.03617375378253
2026-09-19T07:40:00-04:00,81274.11,81300,81257.12,81292.05,81509.05,81218.1,,49.340929320331185,51.07997162166212
2026-09-19T07:45:00-04:00,81292.04,81302.59,81288.24,81302.58,81509.05,81218.1,,50.75602494255931,50.92827249145149
2026-09-19T07:50:00-04:00,81302.59,81302.66,81302.42,81302.43,81361.01,81218.1,,51.27670192446657,50.534946997596556
2026-09-19T07:55:00-04:00,81302.43,81320.78,81301.29,81304.04,81361.01,81218.1,,51.359815659069426,49.76579354029145
2026-09-19T08:00:00-04:00,81304.05,81318.86,81278.92,81318.86,81361.01,81250,,52.32225153955031,50.277343975944696
2026-09-19T08:05:00-04:00,81318.85,81354.24,81315.71,81354.21,81361.01,81250,,55.168214614802224,51.86042582487678
2026-09-19T08:10:00-04:00,81354.22,81367.21,81333.78,81350,81361.01,81250,,56.83728304508846,53.0142087596567
2026-09-19T08:15:00-04:00,81349.99,81366.25,81326,81326,81361.01,81250,,54.78788298763036,53.41669830124796
2026-09-19T08:20:00-04:00,81326.01,81326.01,81227.33,81227.35,81361.01,81250,81330.94969999998,47.35597765358472,52.04276667709253
2026-09-19T08:25:00-04:00,81227.34,81274.24,81227.34,81242.91,81361.01,81250,81330.94969999998,42.69276730518787,50.96414555288262
2026-09-19T08:30:00-04:00,81238.84,81278.75,81235.9,81278.75,81361.01,81250,81330.94969999998,45.97491193209868,50.50422275510088
2026-09-19T08:35:00-04:00,81278.74,81290.23,81276,81276,81367.21,81250,81330.94969999998,48.073062335866126,49.75009149468714
2026-09-19T08:40:00-04:00,81283.07,81291.69,81272.37,81274.66,81367.21,81250,81330.94969999998,47.83181475905633,48.408108510602055
2026-09-19T08:45:00-04:00,81288.6,81288.61,81252.17,81279.9,81367.21,81227.33,81330.94969999998,48.122702589242756,47.26021136444552
2026-09-19T08:50:00-04:00,81279.91,81339.94,81279.89,81333.29,81367.21,81227.33,,51.98695291014444,47.60784277417751
2026-09-19T08:55:00-04:00,81336.16,81339.88,81325.91,81331.51,81367.21,81227.33,,55.34348100278055,49.54235517850146
2026-09-19T09:00:00-04:00,81331.51,81339.88,81301.22,81332.88,81367.21,81227.33,,55.29867706646286,51.20953127739893
2026-09-19T09:05:00-04:00,81332.87,81332.98,81250,81261.45,81367.21,81227.33,,50.31045434231314,50.78108158141988
2026-09-19T09:10:00-04:00,81260.95,81262.08,81185.36,81236.35,81367.21,81227.33,,43.76527005612468,49.97873348318709
2026-09-19T09:15:00-04:00,81245.05,81339.88,81245.05,81293.21,81339.94,81227.33,,46.240550650038976,50.32643469312921
2026-09-19T09:20:00-04:00,81293.24,81296.57,81255.67,81271.82,81339.94,81227.33,,48.86696846459592,50.19138087614514
2026-09-19T09:25:00-04:00,81271.83,81293.67,81237.11,81237.16,81339.94,81227.33,,45.556779437457095,48.4892422723614
2026-09-19T09:30:00-04:00,81237.15,81279.32,81205,81270.1,81339.94,81227.33,,45.79351227083096,47.46281838130239
2026-09-19T09:35:00-04:00,81270.09,81295.19,81253.84,81269.37,81339.94,81185.36,,47.97894391275067,46.39788994272934
2026-09-19T09:40:00-04:00,81269.38,81274.9,81242.7,81266.4,81339.94,81185.36,,47.737607777901374,46.72771936289904
2026-09-19T09:45:00-04:00,81266.39,81270.94,81251.48,81270.28,81339.94,81185.36,,47.84001608479987,47.5621030937794
2026-09-19T09:50:00-04:00,81270.29,81344.71,81238.43,81340.11,81339.94,81185.36,81258.89976,52.82493159566383,48.608971061648994
2026-09-19T09:55:00-04:00,81301.75,81350,81299.51,81349.99,81339.94,81185.36,81258.89976,58.08065456092642,50.1945848355881
2026-09-19T10:00:00-04:00,81349.99,81356.06,81329.99,81356.05,81339.94,81185.36,81258.89976,59.00961622717412,52.452638715853844
2026-09-19T10:05:00-04:00,81356.06,81428.32,81356.06,81399.35,81339.94,81185.36,81301.33109334225,61.76738955717803,54.758549774544406
2026-09-19T10:10:00-04:00,81399.36,81415.93,81365.3,81375.57,81339.94,81185.36,81301.33109334225,62.0718004808121,56.4791691638714
2026-09-19T10:15:00-04:00,81375.58,81467.75,81375.57,81467.36,81339.94,81185.36,81363.95314170836,64.2482339106835,59.475871526767875
2026-09-19T10:20:00-04:00,81466.93,81539.03,81461.4,81467.57,81339.94,81185.36,81363.95314170836,68.52667557792557,62.389643304764455
2026-09-19T10:25:00-04:00,81467.58,81550,81467.57,81549.99,81339.94,81185.36,81439.8580711669,71.39415603543188,64.78136422384446
2026-09-19T10:30:00-04:00,81550,81614.11,81518.12,81534.94,81339.94,81185.36,81439.8580711669,72.97229743619087,66.64439841198286
2026-09-19T10:35:00-04:00,81534.93,81534.94,81471.56,81503.87,81339.94,81185.36,81439.8580711669,69.13728833955739,67.67498482738253
2026-09-19T10:40:00-04:00,81503.88,81552.2,81502,81528.16,81339.94,81185.36,81439.8580711669,67.52888464807907,68.29053986652602
2026-09-19T10:45:00-04:00,81528.17,81610,81503.47,81512.1,81339.94,81185.36,81439.8580711669,67.1482786366318,69.12540715761672
2026-09-19T10:50:00-04:00,81519.76,81519.76,81498.07,81505.75,81339.94,81185.36,81439.8580711669,65.28813311505493,68.58765392491786
2026-09-19T10:55:00-04:00,81505.76,81570.89,81502.34,81570.88,81614.11,81185.36,81454.9340815025,67.4325295044889,68.81279399377769
2026-09-19T11:00:00-04:00,81570.89,81665.87,81570.88,81665.86,81614.11,81185.36,81545.30443282376,72.99066424777297,69.0437991284439
2026-09-19T11:05:00-04:00,81665.87,81729.29,81665.87,81729.08,81614.11,81185.36,81608.52718762206,77.3346227783988,70.05917266297995
2026-09-19T11:10:00-04:00,81729.09,81730,81648.95,81692.37,81614.11,81185.36,81608.52718762206,76.01962961688922,71.0101823505387
2026-09-19T11:15:00-04:00,81696.04,81748.16,81640.1,81643.41,81614.11,81185.36,,69.87155262045393,70.72850636937277
2026-09-19T11:20:00-04:00,81643.4,81664.07,81626.4,81660.8,81614.11,81185.36,,67.0720226520628,70.98839492637612
2026-09-19T11:25:00-04:00,81660.79,81661.86,81566.62,81566.64,81614.11,81185.36,,62.046553382121104,69.80234073139168
2026-09-19T11:30:00-04:00,81566.63,81637.52,81566.63,81637.51,81614.11,81185.36,,59.02616248745119,68.58657577865105
2026-09-19T11:35:00-04:00,81637.5,81662.79,81637.5,81661.13,81614.11,81185.36,,62.38217259488793,66.77134311628167
2026-09-19T11:40:00-04:00,81661.14,81926.35,81661.14,81913.87,81614.11,81185.36,,69.04490871951286,66.21808604754081
2026-09-19T11:45:00-04:00,81913.88,81913.88,81685.42,81685.42,81614.11,81185.36,,66.04271947731674,63.9207973621181
2026-09-19T11:50:00-04:00,81678.83,81744.01,81674.2,81692.98,81614.11,81566.62,,57.33889158969227,62.637325753037466
2026-09-19T11:55:00-04:00,81688.9,81688.9,81591.13,81614,81614.11,81566.62,,55.04061214775986,60.48325150374584
2026-09-19T12:00:00-04:00,81613.99,81642.05,81477.84,81478.78,81614.11,81566.62,,48.96024652438959,58.89838093654276
2026-09-19T12:05:00-04:00,81482.29,81650,81473.41,81605.71,81926.35,81566.62,81532.79559000001,48.68282079293253,57.52801101959765
2026-09-19T12:10:00-04:00,81605.71,81773.63,81574.03,81746.29,81926.35,81566.62,81541.69810674209,55.04977204135556,56.80340934981921
2026-09-19T12:15:00-04:00,81746.28,81805.54,81730.48,81805.53,81926.35,81566.62,81605.36509911765,59.23140756846884,54.72415354787078
2026-09-19T12:20:00-04:00,81805.54,81836.91,81792.75,81836.9,81926.35,81566.62,81645.03944918068,60.96742699468432,55.35332578335281
2026-09-19T12:25:00-04:00,81836.91,81873.86,81819.85,81819.93,81926.35,81566.62,81645.03944918068,61.033336809855356,55.77970932506024
2026-09-19T12:30:00-04:00,81827.64,81900.19,81824.83,81881.48,81926.35,81473.41,81698.35042812007,61.74810529901943,57.2697523979984
2026-09-19T12:35:00-04:00,81881.44,81884.72,81820.39,81845.04,81926.35,81473.41,81698.35042812007,61.776025957264224,59.44136059159585
2026-09-19T12:40:00-04:00,81845.05,81907.33,81845.04,81870.01,81926.35,81473.41,81698.35042812007,61.10567875296063,60.819140386577864
2026-09-19T12:45:00-04:00,81870,81870,81832.04,81852.25,81926.35,81473.41,81698.35042812007,61.01140456964421,61.144684171106896
2026-09-19T12:50:00-04:00,81852.24,81852.24,81832.87,81836.02,81926.35,81473.41,81698.35042812007,59.764999968152495,60.97159535791604
2026-09-19T12:55:00-04:00,81836.01,81861.56,81836.01,81837.2,81926.35,81473.41,81698.35042812007,59.19164767733587,60.637318651864476
2026-09-19T13:00:00-04:00,81837.52,81837.52,81775.16,81789.43,81926.35,81473.41,81698.35042812007,57.32913603327301,59.913252278892514
2026-09-19T13:05:00-04:00,81789.42,81845,81789.42,81809,81907.33,81473.41,81698.35042812007,56.04630414641329,59.00823260826273
2026-09-19T13:10:00-04:00,81801.73,81814,81700.88,81715.45,81907.33,81473.41,81698.35042812007,53.15025170471015,57.44874534959134
2026-09-19T13:15:00-04:00,81715.63,81812.97,81673.69,81703.51,81907.33,81473.41,,49.22713312050392,55.614362427560806
2026-09-19T13:20:00-04:00,81703.5,81710.6,81535.95,81539.33,81907.33,81473.41,,43.96489900733073,52.57831518893035
2026-09-19T13:25:00-04:00,81539.33,81587.64,81450,81528.93,81907.33,81473.41,,38.85659954222663,49.64053373443914
2026-09-19T13:30:00-04:00,81536.74,81598.02,81515.09,81544.76,81907.33,81473.41,,39.253444395829575,46.88168567992856
2026-09-19T13:35:00-04:00,81544.68,81544.68,81455,81475.53,81907.33,81473.41,,38.081401070262906,44.14118088786483
2026-09-19T13:40:00-04:00,81475.24,81504.08,81456.38,81496.73,81907.33,81473.41,,37.186881045975355,41.49327907980343
2026-09-19T13:45:00-04:00,81496.72,81535,81491.19,81498.23,81907.33,81473.41,,38.19174402791781,39.86732155163844
2026-09-19T13:50:00-04:00,81498.22,81498.22,81455,81455.01,81907.33,81450,,37.02163289388428,38.005993300769255
2026-09-19T13:55:00-04:00,81455,81487.74,81450.93,81459.82,81907.33,81450,,36.02981646690789,37.60015511151763
2026-09-19T14:00:00-04:00,81459.94,81512.72,81452.81,81486.64,81907.33,81450,,37.68586539206685,37.67149782929503
2026-09-19T14:05:00-04:00,81486.65,81530.62,81422.39,81474.19,81907.33,81450,,38.67185477868359,37.43398664947592
2026-09-19T14:10:00-04:00,81474.05,81474.05,81339.46,81383.87,81907.33,81450,,35.48507853086291,36.92969138946645
2026-09-19T14:15:00-04:00,81381.14,81416.3,81333.08,81413.16,81907.33,81450,,34.33737998626775,36.61984348955945
2026-09-19T14:20:00-04:00,81413.15,81483.67,81413.15,81455.77,81907.33,81450,,38.19562528315626,36.930800319534576
2026-09-19T14:25:00-04:00,81455.78,81460.65,81429.92,81441.92,81907.33,81450,,39.953872980814474,37.457626371539504
2026-09-19T14:30:00-04:00,81441.91,81451.66,81375.5,81451.04,81907.33,81450,,39.97504676403216,38.05800897585579
2026-09-19T14:35:00-04:00,81451.04,81503.58,81451.03,81502.09,81907.33,81450,,43.198740890314696,39.03273365675318
2026-09-19T14:40:00-04:00,81502.09,81503.58,81474.5,81485.47,81907.33,81333.08,,45.20505276334703,39.92463697147392
2026-09-19T14:45:00-04:00,81485.46,81488.25,81450,81465.65,81907.33,81333.08,,43.639716790112665,41.362630302253116
2026-09-19T14:50:00-04:00,81465.65,81465.65,81413.21,81435.04,81907.33,81333.08,,41.50477438958781,41.97246394385108
2026-09-19T14:55:00-04:00,81435.03,81449.61,81410,81435.6,81907.33,81333.08,,40.25783751429202,41.95183379686333
2026-09-19T15:00:00-04:00,81435.6,81455.26,81429.79,81450.99,81907.33,81333.08,,41.30001125259033,42.35707487864419
2026-09-19T15:05:00-04:00,81450.98,81457.41,81375.7,81406.52,81503.58,81333.08,,40.297607298636905,42.04399394960755
2026-09-19T15:10:00-04:00,81406.53,81413.42,81382.45,81382.45,81503.58,81333.08,,37.283909417745605,40.66712302933873
2026-09-19T15:15:00-04:00,81382.61,81403.26,81360,81396,81503.58,81333.08,,37.261641630869065,39.7744479117567
2026-09-19T15:20:00-04:00,81395.99,81444,81395.99,81420.73,81503.58,81333.08,,40.00768053369343,39.62939838464752
2026-09-19T15:25:00-04:00,81420.74,81427.09,81397.05,81397.06,81503.58,81333.08,,40.61018380996853,39.51885060329405
2026-09-19T15:30:00-04:00,81397.05,81397.06,81375.91,81377.65,81503.58,81333.08,,38.52546329562627,39.1344343221716
2026-09-19T15:35:00-04:00,81377.64,81377.64,81340.31,81354.8,81503.58,81333.08,,36.54893967944305,38.16140158239483
2026-09-19T15:40:00-04:00,81354.79,81363.82,81315.9,81326.49,81503.58,81333.08,,34.2614033135368,37.409804612143
2026-09-19T15:45:00-04:00,81326.49,81368.79,81326.48,81355.62,81503.58,81333.08,,35.4231063911789,37.629743574804344
2026-09-19T15:50:00-04:00,81355.63,81389.65,81355.62,81359.3,81503.58,81333.08,,38.118840791346315,37.65471865799365
2026-09-19T15:55:00-04:00,81359.29,81375.56,81322.07,81360.36,81503.58,81333.08,,38.51037641440503,37.201942397864805
2026-09-19T16:00:00-04:00,81360.37,81400.32,81359.77,81399.35,81503.58,81333.08,,41.84498292619594,38.00751840548718
2026-09-19T16:05:00-04:00,81399.34,81420,81399.34,81415.01,81503.58,81315.9,,46.287439513192126,39.41964988859791
2026-09-19T16:10:00-04:00,81415,81415.9,81391.73,81411.79,81503.58,81315.9,,47.25956955138174,41.067698368898235
2026-09-19T16:15:00-04:00,81411.78,81411.78,81320.64,81362.01,81503.58,81315.9,,43.79650474652173,42.143964583736455
2026-09-19T16:20:00-04:00,81361.88,81391.05,81332.26,81332.26,81503.58,81315.9,,38.911175873290226,42.064289649501475
2026-09-19T16:25:00-04:00,81332.27,81343.27,81265.77,81265.91,81503.58,81315.9,,34.216223394111864,41.02893104166947
2026-09-19T16:30:00-04:00,81265.9,81283.28,81259.16,81259.17,81420,81315.9,,30.897275464296246,39.889117949470396
2026-09-19T16:35:00-04:00,81259.16,81280.64,81256.03,81275.85,81420,81315.9,,32.17487872744077,38.26604412773942
2026-09-19T16:40:00-04:00,81275.86,81290,81267.85,81290,81420,81315.9,,35.0270442012644,36.67186214606247
2026-09-19T16:45:00-04:00,81289.99,81290,81218.81,81218.85,81420,81315.9,,33.14363534732917,34.23292006943869
2026-09-19T16:50:00-04:00,81218.84,81218.85,81130.49,81148.65,81420,81315.9,,27.60734101359868,32.046386793798746
2026-09-19T16:55:00-04:00,81149.72,81164.27,81096.18,81159.41,81420,81315.9,,26.199404782293218,30.60098547201098
2026-09-19T17:00:00-04:00,81159.4,81230.06,81159.4,81195.31,81420,81315.9,,30.17516261269942,30.891797999109478
2026-09-19T17:05:00-04:00,81195.32,81195.35,81096.18,81096.18,81420,81315.9,,29.912983110521633,30.319759085218234
2026-09-19T17:10:00-04:00,81096.19,81096.19,81002.48,81005.29,81420,81315.9,,24.439153420091774,28.681590768438333
2026-09-19T17:15:00-04:00,81005.28,81057.02,80985.77,80999.37,81420,81315.9,,22.132670459558046,26.63565230187356
2026-09-19T17:20:00-04:00,80998.68,81040,80908.96,81040,81420,81315.9,,25.02663257757121,26.36244711993606
2026-09-19T17:25:00-04:00,81033.11,81071.04,81018.86,81060.25,81420,81315.9,,29.482914273455815,27.171530376118454
2026-09-19T17:30:00-04:00,81060.26,81064,80984.44,81000,81420,81315.9,,29.165943720409278,27.210029673683504
2026-09-19T17:35:00-04:00,81000.01,81057.25,80934.23,81048.47,81420,81315.9,,30.659395660987126,27.30988267562923
2026-09-19T17:40:00-04:00,81048.48,81052.54,80997.2,81018.39,81420,81315.9,,32.94944979020251,28.07759158216376
2026-09-19T17:45:00-04:00,81018.4,81114.49,81017.08,81114.4,81420,80908.96,,37.515454440443364,31.045968681443963
2026-09-19T17:50:00-04:00,81114.41,81125,81090,81124.99,81420,80908.96,,43.57676573111035,34.20447594546442
2026-09-19T17:55:00-04:00,81125,81150,81095.19,81098.12,81420,80908.96,,43.03116731448134,36.190121463418286
2026-09-19T18:00:00-04:00,81098.11,81098.11,80978.97,80984.25,81420,80908.96,,38.10252197442373,36.66722100288382
2026-09-19T18:05:00-04:00,80984.24,81060.22,80984.24,81053.36,81420,80908.96,,37.7749757059146,38.64984488784838
2026-09-19T18:10:00-04:00,81053.35,81053.35,80973.65,81004.47,81420,80908.96,,39.73560363679283,39.260423281685455
2026-09-19T18:15:00-04:00,81004.46,81093.01,81004.46,81046.76,81420,80908.96,,40.207318959396204,40.723521793332296
2026-09-19T18:20:00-04:00,81046.75,81064.7,81000,81064.7,81150,80908.96,,43.07520611937176,40.84892376137928
2026-09-19T18:25:00-04:00,81064.7,81080.22,81052.49,81075,81150,80908.96,,44.41109077003614,40.96190037588252
2026-09-19T18:30:00-04:00,81070.01,81107.48,81065.32,81107.47,81150,80908.96,,46.46572281702274,41.83022533353397
2026-09-19T18:35:00-04:00,81107.48,81216.59,81107.47,81216.58,81150,80973.65,,52.44266639857817,45.05908449706951
2026-09-19T18:40:00-04:00,81216.55,81234.81,81204.59,81234.8,81150,80973.65,,57.50038066385858,47.46605532151796
2026-09-19T18:45:00-04:00,81234.8,81234.81,81201.24,81225,81150,80973.65,,57.64916165909566,50.17724393201318
2026-09-19T18:50:00-04:00,81224.99,81250,81220.58,81250,81150,80973.65,,58.10811486966091,52.58056843873645
2026-09-19T18:55:00-04:00,81249.99,81261.29,81239.45,81249.46,81150,80973.65,,59.027708939108834,54.73510188050948
2026-09-19T19:00:00-04:00,81249.45,81249.46,81249.45,81249.45,81150,80973.65,,58.9966701849376,56.747876842994
2026-09-19T19:05:00-04:00,81249.46,81261,81245,81245.56,81150,80973.65,,58.744253563526165,58.2432535223676
2026-09-19T19:10:00-04:00,81245.55,81278.9,81243.79,81278.44,81150,80973.65,,59.98883324369675,58.90392451302788
2026-09-19T19:15:00-04:00,81278.43,81300,81255,81266.34,81150,80973.65,,60.63115875167965,59.13776154745933
2026-09-19T19:20:00-04:00,81266.35,81277.24,81240,81240.01,81150,80973.65,,57.95020025801885,58.98993554129164
2026-09-19T19:25:00-04:00,81240,81300,81220,81299.99,81150,80973.65,,58.98401381164443,59.38801838802606
2026-09-19T19:30:00-04:00,81300,81345.22,81299.65,81345.22,81150,80973.65,,63.67149699114243,60.316732127586974
2026-09-19T19:35:00-04:00,81345.21,81350,81294.06,81294.07,81150,80973.65,,62.07800829407094,60.268400704921305
2026-09-19T19:40:00-04:00,81294.06,81294.07,81271.22,81271.76,81150,80973.65,,57.28624704764167,59.90015883733425
2026-09-19T19:45:00-04:00,81271.75,81299.45,81271.75,81298.4,81150,80973.65,,57.16507085780999,59.4616114518108
2026-09-19T19:50:00-04:00,81298.42,81315.12,81298.36,81315.11,81150,81220,,59.182678713998534,59.486307397996804
2026-09-19T19:55:00-04:00,81315.12,81317.54,81252.41,81252.41,81150,81220,,56.06018386099859,58.921606766947875
2026-09-19T20:00:00-04:00,81252.41,81258.33,81211.33,81211.33,81350,81220,,49.98233903358527,56.91440031855133
2026-09-19T20:05:00-04:00,81211.34,81227.16,81208.04,81227.15,81350,81220,,48.671808637535406,54.63598152306015
2026-09-19T20:10:00-04:00,81227.16,81279.9,81227.15,81279.89,81350,81220,,52.26604525743436,54.110982308083734
2026-09-19T20:15:00-04:00,81279.9,81299.49,81244.14,81253.87,81350,81220,,53.49480084806066,53.55271118032272
2026-09-19T20:20:00-04:00,81253.88,81254.54,81207.64,81240.83,81350,81220,,51.26882464810616,52.426340533882644
2026-09-19T20:25:00-04:00,81241.46,81320.58,81231.2,81313.47,81350,81220,,54.12949769805795,52.10894517576827
2026-09-19T20:30:00-04:00,81313.46,81313.47,81259.33,81313.46,81350,81220,,57.72757576764187,52.90273822149501
2026-09-19T20:35:00-04:00,81313.47,81320.19,81258.38,81300.8,81350,81220,,56.9023975352428,54.086104747670426
2026-09-19T20:40:00-04:00,81300.81,81325.54,81300.8,81325.53,81350,81220,,57.32280033156873,55.374450134075964
2026-09-19T20:45:00-04:00,81325.54,81325.54,81281.36,81291.94,81350,81207.64,,56.32541068206365,55.24592344042164
2026-09-19T20:50:00-04:00,81292.07,81297.12,81289.21,81292.2,81350,81207.64,,54.09770755026342,55.546709191848166
2026-09-19T20:55:00-04:00,81287.67,81289.35,81272.5,81288.18,81350,81207.64,,53.8279976640155,55.97711573068144
2026-09-19T21:00:00-04:00,81288.17,81288.18,81265.15,81267.15,81350,81207.64,,52.04710349538338,54.95173941965543
2026-09-19T21:05:00-04:00,81267.16,81267.16,81232.3,81232.31,81350,81207.64,,48.25841442382668,53.27164106101997
2026-09-19T21:10:00-04:00,81232.3,81232.3,81132.97,81134.18,81325.54,81207.64,,41.00802067117178,50.410488887063714
2026-09-19T21:15:00-04:00,81134.17,81185.26,81100,81185.26,81325.54,81207.64,,39.49949822971777,48.179269031919695
2026-09-19T21:20:00-04:00,81185.26,81210.11,81156.54,81161.16,81325.54,81207.64,,41.8332033785362,46.26985822891301
2026-09-19T21:25:00-04:00,81161.15,81161.16,81120,81120.01,81325.54,81207.64,,38.9413879862802,43.84889201363876
2026-09-19T21:30:00-04:00,81120,81120,81075.84,81075.85,81325.54,81207.64,,35.46386215691821,41.022962369742345
2026-09-19T21:35:00-04:00,81075.84,81118.75,81034.97,81100.49,81325.54,81207.64,,35.48951551331383,39.11815259019032
2026-09-19T21:40:00-04:00,81094.13,81117.77,81076.01,81076.25,81325.54,81207.64,,36.24248945517863,37.589840950128625
2026-09-19T21:45:00-04:00,81076.24,81100.52,81031.05,81078.56,81325.54,81207.64,,35.44108665916666,37.527600015331714
2026-09-19T21:50:00-04:00,81078.55,81086.45,81060.01,81079.25,81325.54,81207.64,,35.66934910635098,36.495512629166676
2026-09-19T21:55:00-04:00,81079.25,81118.75,81077.1,81097.53,81325.54,81207.64,,37.22499881641728,36.2109701404406
2026-09-19T22:00:00-04:00,81097.53,81144.36,81080.85,81087.78,81325.54,81207.64,,38.21970965265676,36.28931881955998
2026-09-19T22:05:00-04:00,81087.79,81111.67,81087.78,81107.55,81325.54,81207.64,,39.3942643157411,37.333942185818564
2026-09-19T22:10:00-04:00,81107.54,81148.96,81107.54,81147.94,81325.54,81031.05,,44.20072252029181,38.77823510726797
2026-09-19T22:15:00-04:00,81148.96,81159.85,81034.91,81066.42,81325.54,81031.05,,42.892170786385776,39.23385113759203
2026-09-19T22:20:00-04:00,81066.41,81078.27,81024,81024,81325.54,81031.05,,36.629872274737764,39.11788814028829
2026-09-19T22:25:00-04:00,81024.01,81024.01,80984.71,80984.71,81325.54,81031.05,,33.2955589995466,38.55562539279078
2026-09-19T22:30:00-04:00,80984.7,80995,80903.52,80903.53,81325.54,81031.05,,29.221050306639125,36.8310457089231
2026-09-19T22:35:00-04:00,80903.52,80972.66,80894.5,80903.94,81325.54,81031.05,,26.68552703581793,35.260144645122544
2026-09-19T22:40:00-04:00,80908.22,80908.77,80556.54,80556.55,81159.85,81031.05,,20.77612181392144,31.511576422688908
2026-09-19T22:45:00-04:00,80580.8,80680,80445.76,80559.11,81159.85,81031.05,,14.984298168132195,26.912594830219795
2026-09-19T22:50:00-04:00,80568.51,80637.5,80361.38,80472.28,81159.85,81031.05,,14.272568098224394,23.33454708321423
2026-09-19T22:55:00-04:00,80469.64,80497.03,80261.51,80318.56,81159.85,81031.05,,12.215148147391641,19.93695936526376
2026-09-19T23:00:00-04:00,80311.91,80406.78,80212.26,80353.59,81159.85,81031.05,,12.884853788827815,17.502917023008862
2026-09-19T23:05:00-04:00,80353.6,80509.52,80353.6,80431.66,81159.85,81031.05,,18.648104186020465,16.916117616515574
2026-09-19T23:10:00-04:00,80431.65,80454.33,80246.72,80246.72,81159.85,81031.05,,20.41345562407248,15.710896619653022
2026-09-19T23:15:00-04:00,80246.73,80421.6,80130,80421.59,81159.85,81031.05,,24.88009213371765,18.088680565028774
2026-09-19T23:20:00-04:00,80421.6,80517.75,80405.67,80473.77,81159.85,81031.05,,33.169348002613376,20.9066251437905
2026-09-19T23:25:00-04:00,80473.76,80483.2,80361.51,80374.44,81159.85,81031.05,,33.25869012594946,23.513286858664507
2026-09-19T23:30:00-04:00,80374.47,80404.18,80348.03,80374.84,81159.85,81031.05,,31.671299726653427,26.465525595008152
2026-09-19T23:35:00-04:00,80371.19,80371.2,80289.08,80294.92,81159.85,81031.05,,30.434676267431858,28.527521852551377
2026-09-19T23:40:00-04:00,80294.93,80383.85,80294.93,80383.84,81159.85,80130,,32.24328240477507,30.34986222893804
2026-09-19T23:45:00-04:00,80383.85,80475.84,80322.11,80470.19,80517.75,80130,,37.98252817739361,33.54725686778598
2026-09-19T23:50:00-04:00,80474.22,80485.69,80431,80485.69,80517.75,80130,,41.13066217219591,34.99288223993183
2026-09-19T23:55:00-04:00,80487.22,80499.87,80454.2,80482.69,80517.75,80130,,41.530264140134136,35.936090049934776
2026-09-20T00:00:00-04:00,80482.7,80516.64,80436.69,80509.37,80517.75,80130,,42.352337851981424,37.591067304512386
2026-09-20T00:05:00-04:00,80509.63,80514.59,80432.99,80455.39,80517.75,80130,,41.89876395710018,38.85822268720528
2026-09-20T00:10:00-04:00,80455.38,80455.86,80377.92,80434.51,80517.75,80130,,40.04326522337324,40.33637843478136
2026-09-20T00:15:00-04:00,80434.5,80531,80375,80375.01,80517.75,80130,,38.11079532251742,40.53465494941737
2026-09-20T00:20:00-04:00,80375,80435.74,80336.33,80424.56,80517.75,80130,,38.60706199812452,40.5148166692759
2026-09-20T00:25:00-04:00,80436.38,80468.66,80409.57,80426.87,80517.75,80130,,40.61421196326175,40.387097746864754
2026-09-20T00:30:00-04:00,80437.24,80462.39,80425.43,80435.02,80517.75,80130,,41.04192603701266,40.375291496955484
2026-09-20T00:35:00-04:00,80426.75,80480,80394.06,80469.17,80517.75,80130,,42.81185506123012,40.51838837807867
2026-09-20T00:40:00-04:00,80469.24,80484.03,80392.42,80392.42,80531,80130,,41.90440106017894,40.37690209783513
2026-09-20T00:45:00-04:00,80381.34,80384.3,80307.22,80375.25,80531,80130,,39.07302650872093,40.241177316749436
2026-09-20T00:50:00-04:00,80375.16,80430.03,80368.38,80430.02,80531,80130,,40.99667515843694,41.20143919381213
2026-09-20T00:55:00-04:00,80430.03,80468.64,80405.57,80421.06,80531,80130,,43.1152415020764,41.52922860359282
2026-09-20T01:00:00-04:00,80421.06,80475.84,80396.91,80469.99,80531,80130,,44.94557084816965,42.438970303785815
2026-09-20T01:05:00-04:00,80472.02,80512.45,80461.61,80498.94,80531,80130,,48.270205260808964,43.5944512389632
2026-09-20T01:10:00-04:00,80498.96,80613.56,80496.72,80588.31,80531,80307.22,,52.77215113025329,45.284769180649576
2026-09-20T01:15:00-04:00,80588.31,80588.32,80470.32,80521.14,80531,80307.22,,53.392571568732514,46.87678566997851
2026-09-20T01:20:00-04:00,80521.13,80542.99,80445.2,80445.34,80531,80307.22,,48.06660578006917,47.85436325817765
2026-09-20T01:25:00-04:00,80454.09,80544.5,80454.09,80544.5,80531,80307.22,,48.917724715231245,49.13994268620546
2026-09-20T01:30:00-04:00,80544.49,80612.97,80538.96,80592.81,80531,80307.22,,53.90851902412879,50.9381568359069
2026-09-20T01:35:00-04:00,80592.8,80592.81,80450,80504.37,80613.56,80307.22,,52.348093191301665,51.254949069957455
2026-09-20T01:40:00-04:00,80506.29,80534.27,80488.41,80534.27,80613.56,80307.22,,50.26973381057793,51.509450707269465
2026-09-20T01:45:00-04:00,80534.27,80544.92,80479.12,80518.83,80613.56,80307.22,,50.71037272894503,50.665869526726524
2026-09-20T01:50:00-04:00,80530.47,80530.47,80457.65,80457.7,80613.56,80307.22,,48.10670638010317,49.99920351051822
2026-09-20T01:55:00-04:00,80457.69,80516.22,80450,80485.02,80613.56,80307.22,,47.07003154214096,50.38113403017561
2026-09-20T02:00:00-04:00,80485.03,80524.2,80428.32,80428.33,80613.56,80307.22,,46.2109783946719,49.22584741892984
2026-09-20T02:05:00-04:00,80428.33,80493.79,80428.32,80490.99,80613.56,80307.22,,46.70193664490579,48.32211049325475
2026-09-20T02:10:00-04:00,80492.99,80511.35,80429.66,80511.35,80613.56,80307.22,,49.8188825613079,48.50321581036019
2026-09-20T02:15:00-04:00,80511.34,80594.88,80483.36,80518.82,80613.56,80307.22,,50.83811193062641,48.484504241840035
2026-09-20T02:20:00-04:00,80518.81,80518.82,80460,80492.28,80613.56,80307.22,,50.05572393202148,48.316173296953465
2026-09-20T02:25:00-04:00,80492.27,80492.86,80456.25,80456.25,80613.56,80307.22,,47.58934531918247,48.33668679586269
2026-09-20T02:30:00-04:00,80451.8,80470.5,80403.31,80443.93,80613.56,80307.22,,45.70842564291796,47.927143040032604
2026-09-20T02:35:00-04:00,80443.93,80445.66,80383,80384.57,80613.56,80307.22,,43.04106199091299,47.43099639478872
2026-09-20T02:40:00-04:00,80384.58,80384.58,80262.97,80354.53,80594.88,80307.22,,39.826930686200335,45.962855623259614
2026-09-20T02:45:00-04:00,80358.55,80425.8,80308.36,80390.04,80594.88,80307.22,,40.63859087885526,44.808055914087966
2026-09-20T02:50:00-04:00,80390.79,80402.49,80284.41,80287.24,80594.88,80307.22,,39.12806449635002,42.61712778489493
2026-09-20T02:55:00-04:00,80287.23,80329.39,80207.96,80294.53,80594.88,80307.22,,36.16366998993384,40.838897644920074
2026-09-20T03:00:00-04:00,80298.88,80332.58,80294.83,80294.83,80594.88,80307.22,,36.56215118884004,39.46650089051139
2026-09-20T03:05:00-04:00,80294.84,80345.31,80290.19,80318.82,80594.88,80307.22,,37.95467615328823,38.62354064788302
2026-09-20T03:10:00-04:00,80318.72,80351.27,80306.14,80345.3,80594.88,80307.22,,40.81823974117502,38.83140881915768
2026-09-20T03:15:00-04:00,80328.88,80331.03,80300,80310.79,80594.88,80307.22,,40.9437205386245,38.94262346286134
2026-09-20T03:20:00-04:00,80310.8,80377.92,80278.06,80377.92,80594.88,80207.96,,43.172535625567136,39.55539303250392
2026-09-20T03:25:00-04:00,80377.91,80408.5,80377.91,80395.41,80594.88,80207.96,,47.622774785075315,41.369683545354285
2026-09-20T03:30:00-04:00,80395.4,80395.42,80354.3,80364.41,80594.88,80207.96,,47.075121593802976,42.67295063360939
2026-09-20T03:35:00-04:00,80364.4,80365.04,80300,80319.92,80594.88,80207.96,,43.788775113173074,43.43443323802086
2026-09-20T03:40:00-04:00,80319.91,80351.12,80308.49,80348.12,80594.88,80207.96,,43.45439834685752,44.24429983177204
2026-09-20T03:45:00-04:00,80335.62,80351.11,80321.68,80327.31,80594.88,80207.96,,44.086918924278145,44.36834157605033
2026-09-20T03:50:00-04:00,80327.3,80382.05,80318.95,80321.21,80408.5,80207.96,,42.901361573899436,44.803625841850604
2026-09-20T03:55:00-04:00,80321.22,80346.48,80296.11,80300,80408.5,80207.96,,41.66502542590585,43.937624376147106
2026-09-20T04:00:00-04:00,80299.99,80431.25,80299.99,80431.24,80408.5,80207.96,80328.3912,47.564768752653116,44.787052689729975
2026-09-20T04:05:00-04:00,80431.24,80431.25,80376.07,80424.99,80408.5,80207.96,80328.3912,54.10864663348249,45.94720295891268
2026-09-20T04:10:00-04:00,80425,80440,80407.86,80414.02,80408.5,80207.96,80328.3912,53.20586977268856,47.47765116387726
2026-09-20T04:15:00-04:00,80414.02,80422.45,80384.84,80416.2,80408.5,80207.96,80328.3912,52.73185641555878,48.59790526425589
2026-09-20T04:20:00-04:00,80413.47,80413.48,80382.32,80383.64,80408.5,80296.11,80328.3912,51.01320151232156,49.456589046175374
2026-09-20T04:25:00-04:00,80383.65,80403.13,80371.1,80373.58,80408.5,80296.11,80328.3912,48.63161354103167,50.23512011200796
2026-09-20T04:30:00-04:00,80373.57,80406.42,80363.34,80367.04,80408.5,80296.11,80328.3912,47.70527965544812,51.18237596890173
2026-09-20T04:35:00-04:00,80367.03,80377.34,80331.67,80331.67,80440,80296.11,80328.3912,45.371478747075294,49.60846582470001
2026-09-20T04:40:00-04:00,80331.66,80331.67,80240,80249.03,80440,80296.11,,39.666040317573334,47.05591702149911
2026-09-20T04:45:00-04:00,80248.94,80284.4,80216.11,80234.15,80440,80296.11,,35.34013898782575,44.50397131473921
2026-09-20T04:50:00-04:00,80234.16,80272.32,80166.29,80253.74,80440,80296.11,,36.19014718945989,42.329714385470865
2026-09-20T04:55:00-04:00,80253.73,80272.34,80244.86,80252.93,80440,80296.11,,37.58485554618245,40.66730103869946
2026-09-20T05:00:00-04:00,80252.92,80291.62,80244.72,80291.61,80440,80296.11,,40.39426742643925,39.976186924158746
2026-09-20T05:05:00-04:00,80291.62,80305.88,80258.8,80262.71,80440,80296.11,,41.763115435771795,38.96953983307766
2026-09-20T05:10:00-04:00,80262.71,80296.68,80261.44,80262.87,80440,80296.11,,40.29802720409297,38.52662934044951
2026-09-20T05:15:00-04:00,80262.63,80295.84,80250,80295.39,80440,80166.29,,42.75264906459398,39.85142804651214
2026-09-20T05:20:00-04:00,80295.4,80371.5,80294.9,80352.29,80440,80166.29,,48.856197974631606,42.38836047953689
2026-09-20T05:25:00-04:00,80352.43,80393.82,80352.42,80373.21,80440,80166.29,,53.710098394081285,44.85712839068968
2026-09-20T05:30:00-04:00,80373.22,80491.62,80373.21,80491.62,80440,80166.29,80359.8597,60.189440768652894,48.84681340024279
2026-09-20T05:35:00-04:00,80491.82,80542.08,80489,80542.08,80440,80166.29,80425.7937011844,67.1528624630468,52.50244125829189
2026-09-20T05:40:00-04:00,80542.08,80571.15,80500.21,80543.1,80440,80166.29,80425.7937011844,68.86264545188133,56.589536261988364
2026-09-20T05:45:00-04:00,80543.11,80543.11,80473.46,80495.51,80440,80166.29,80425.7937011844,65.59314515639238,59.729617816091725
2026-09-20T05:50:00-04:00,80495.52,80495.52,80459.14,80459.14,80440,80166.29,80425.7937011844,60.01308186745004,61.52108849137581
2026-09-20T05:55:00-04:00,80459.15,80476.52,80459.15,80463.37,80440,80166.29,80425.7937011844,57.92721535999604,62.321337069052994
2026-09-20T06:00:00-04:00,80463.38,80503.26,80463.37,80495.3,80440,80166.29,80425.7937011844,59.55793106237979,63.19189782517538
2026-09-20T06:05:00-04:00,80495.29,80495.3,80335,80371.01,80571.15,80166.29,,54.17639459428467,60.60332387637636
2026-09-20T06:10:00-04:00,80371.49,80400,80333.54,80400,80571.15,80166.29,,48.75591169569466,57.93562617736048
2026-09-20T06:15:00-04:00,80401.67,80433.16,80350,80350.01,80571.15,80166.29,,47.90162271920744,54.61446023846953
2026-09-20T06:20:00-04:00,80350,80350.01,80333.9,80337.55,80571.15,80166.29,,45.10964612613685,52.083197883001766
2026-09-20T06:25:00-04:00,80337.54,80377.69,80337.54,80377.65,80571.15,80166.29,,46.66409140192451,50.80046296260509
2026-09-20T06:30:00-04:00,80377.6,80427.36,80374.24,80382.46,80571.15,80166.29,,49.0037081638024,49.533624398375004
2026-09-20T06:35:00-04:00,80382.47,80382.47,80342.41,80345.97,80571.15,80333.54,,47.45026592000511,47.34113006478374
2026-09-20T06:40:00-04:00,80340.57,80349.99,80320,80349.98,80571.15,80333.54,,45.882556349437195,47.16395632841858
2026-09-20T06:45:00-04:00,80349.99,80368.94,80320,80353.92,80571.15,80333.54,,46.35814729304482,46.65605452116951
2026-09-20T06:50:00-04:00,80353.91,80387.28,80347.87,80374.05,80571.15,80333.54,,47.860002322718806,47.15206478656468
2026-09-20T06:55:00-04:00,80374.06,80375.16,80316.36,80316.36,80571.15,80333.54,,45.99833119237887,46.9099645400958
2026-09-20T07:00:00-04:00,80316.37,80336.22,80280.86,80307.82,80571.15,80333.54,,42.45150792374976,45.94846950708618
2026-09-20T07:05:00-04:00,80307.81,80406.04,80307.81,80353.87,80571.15,80333.54,,45.022767480297304,45.772552916237196
2026-09-20T07:10:00-04:00,80353.86,80377.38,80341.31,80361.99,80571.15,80333.54,,48.52017859214429,46.25415884198309
2026-09-20T07:15:00-04:00,80362,80372.38,80305.83,80372.38,80571.15,80333.54,,49.67946078926227,46.857382756187214
2026-09-20T07:20:00-04:00,80372.38,80385.44,80350,80375.01,80571.15,80333.54,,50.5120349324673,47.44098388181807
2026-09-20T07:25:00-04:00,80375.02,80377.73,80370,80376.81,80571.15,80280.86,,50.81227140869742,47.700888209323956
2026-09-20T07:30:00-04:00,80382.94,80500,80382.94,80455.83,80571.15,80280.86,,55.72729618915798,50.2206881666121
2026-09-20T07:35:00-04:00,80441.58,80485.66,80405.77,80441.58,80571.15,80280.86,,59.41063345518904,52.54635264687803
2026-09-20T07:40:00-04:00,80441.59,80488.44,80441.58,80458.57,80571.15,80280.86,,59.23935633452659,54.28257069639189
2026-09-20T07:45:00-04:00,80458.58,80494.7,80451.85,80490.42,80571.15,80280.86,,61.824839602219285,56.347684364042316
2026-09-20T07:50:00-04:00,80490.43,80517.89,80489.52,80517.89,80571.15,80280.86,,64.782590606525,58.59775064418125
2026-09-20T07:55:00-04:00,80517.88,80517.89,80457.56,80486.84,80571.15,80280.86,,63.44217012454016,60.042008704634554
2026-09-20T08:00:00-04:00,80486.52,80491.93,80433.29,80480.94,80571.15,80280.86,,60.30540456564073,61.31007440330791
2026-09-20T08:05:00-04:00,80473.9,80518.12,80473.88,80494.55,80571.15,80280.86,,60.58910672874618,61.43109743023118
2026-09-20T08:10:00-04:00,80494.54,80528.86,80471.13,80490.22,80571.15,80280.86,,60.963370110382215,61.75371344764881
2026-09-20T08:15:00-04:00,80490.23,80501.71,80418.06,80418.06,80571.15,80280.86,,54.82646050209652,60.17027004953688
2026-09-20T08:20:00-04:00,80418.07,80418.65,80385.43,80385.53,80571.15,80280.86,,47.02169742974507,57.524244255513324
2026-09-20T08:25:00-04:00,80385.63,80408.05,80357,80360.02,80571.15,80280.86,,43.461479013121576,54.07852387999304
2026-09-20T08:30:00-04:00,80360.03,80360.03,80320.77,80349.99,80571.15,80280.86,,41.39477155320354,51.22498752084572
2026-09-20T08:35:00-04:00,80350,80372.09,80339.99,80371.79,80528.86,80280.86,,42.60118299227752,49.02017485903213
2026-09-20T08:40:00-04:00,80371.8,80374.76,80335.53,80351.34,80528.86,80280.86,,43.10998704687833,46.23095332602633
2026-09-20T08:45:00-04:00,80351.35,80395.27,80351.33,80395.27,80528.86,80280.86,,45.242204698004,44.52841331263835
2026-09-20T08:50:00-04:00,80395.35,80448.8,80385,80448.8,80528.86,80280.86,,52.06472749930913,45.44188675380136
2026-09-20T08:55:00-04:00,80448.79,80470,80438.85,80470,80528.86,80320.77,,56.679524936223686,47.28779260020367
2026-09-20T09:00:00-04:00,80470,80543.1,80469.99,80543.1,80528.86,80320.77,80448.63084,61.37917812478305,50.56122935713323
2026-09-20T09:05:00-04:00,80543.11,80631.34,80543.11,80577.98,80528.86,80320.77,80448.63084,66.26546657703386,54.3937054641552
2026-09-20T09:10:00-04:00,80577.97,80577.97,80550.29,80560.74,80528.86,80320.77,80448.63084,66.28742189959505,57.32872618779537
2026-09-20T09:15:00-04:00,80560.73,80562.16,80482.53,80520.62,80528.86,80320.77,80448.63084,61.95344443124149,59.7775504311161
2026-09-20T09:20:00-04:00,80520.63,80539.71,80485.35,80539.7,80528.86,80320.77,80448.63084,59.899154849344214,61.516426231035425
2026-09-20T09:25:00-04:00,80529.71,80564.46,80503.98,80503.98,80528.86,80320.77,80448.63084,58.298736402911146,61.55869583214525
2026-09-20T09:30:00-04:00,80501.2,80518.36,80422.65,80424.04,80631.34,80320.77,,51.13734499422379,59.93294624760688
2026-09-20T09:35:00-04:00,80424.04,80480.38,80423.94,80476.9,80631.34,80320.77,,49.33015694194451,58.11611835133423
2026-09-20T09:40:00-04:00,80481.91,80550.76,80461.1,80550.76,80631.34,80320.77,,55.45421867063136,56.844018274349025
2026-09-20T09:45:00-04:00,80550.75,80568.75,80535.95,80540.96,80631.34,80320.77,,58.17739783406644,55.79896861832606
2026-09-20T09:50:00-04:00,80540.97,80576.08,80534.89,80558.67,80631.34,80320.77,,58.37753037941428,55.82232854525554
2026-09-20T09:55:00-04:00,80559.48,80568.81,80545.43,80561.98,80631.34,80422.65,,59.29128455403409,55.6252913910946
2026-09-20T10:00:00-04:00,80562.44,80770,80562.43,80704.17,80631.34,80422.65,80579.80301027425,64.51869997937595,57.59946099567406
2026-09-20T10:05:00-04:00,80700,80700,80645.66,80653.24,80631.34,80422.65,80579.80301027425,66.53253197157804,60.023916241767246
2026-09-20T10:10:00-04:00,80653.23,80653.23,80576.28,80587.44,80631.34,80422.65,,60.00125276411495,60.648345516294185
2026-09-20T10:15:00-04:00,80576.08,80579.19,80433.84,80442.54,80631.34,80422.65,,50.72127427705699,58.67164641503171
2026-09-20T10:20:00-04:00,80442.55,80520.72,80433.84,80510.43,80631.34,80422.65,,47.49679280710423,57.59674408001926
2026-09-20T10:25:00-04:00,80511.73,80555.67,80511.72,80529.94,80770,80422.65,,50.79274428362765,56.504564673378376
2026-09-20T10:30:00-04:00,80529.95,80607.08,80503.46,80564.21,80770,80422.65,,52.729816197033415,55.722038835161925
2026-09-20T10:35:00-04:00,80561.8,80629.87,80550.39,80600.57,80770,80422.65,,55.22344546443354,53.84877766910911
2026-09-20T10:40:00-04:00,80600.56,80646.44,80600.56,80630.71,80770,80422.65,,57.501057023135516,53.14161742132121
2026-09-20T10:45:00-04:00,80630.72,80660.97,80602.49,80649.5,80770,80433.84,,59.14651632161957,53.60456725696757
2026-09-20T10:50:00-04:00,80649.51,80696.84,80638.34,80696.84,80770,80433.84,,61.30813064930929,56.166433527679
2026-09-20T10:55:00-04:00,80696.83,80765.14,80658.72,80680.1,80770,80433.84,,61.95416656522275,57.735245473572874
2026-09-20T11:00:00-04:00,80680.09,80900,80680.09,80828.54,80770,80433.84,80689.5297,65.1964302396807,60.28177237226559
2026-09-20T11:05:00-04:00,80828.55,80911.01,80792.42,80847.05,80770,80433.84,80689.5297,69.74882220557377,62.597818618870114
2026-09-20T11:10:00-04:00,80848.11,80855.65,80781.42,80781.43,80770,80433.84,80689.5297,66.81917019414051,63.594836580753295
2026-09-20T11:15:00-04:00,80781.42,80895.01,80781.42,80848.99,80770,80433.84,80689.5297,65.21560508904865,64.80197520913102
2026-09-20T11:20:00-04:00,80839.66,80848.33,80779.92,80817.6,80770,80433.84,80689.5297,65.43416233149333,65.39130686928867
2026-09-20T11:25:00-04:00,80814.52,80814.53,80673.2,80673.21,80770,80433.84,,57.99761896612955,63.85611472822252
2026-09-20T11:30:00-04:00,80673.2,80775,80673.2,80735.78,80911.01,80433.84,80689.5297,53.99497878643858,63.117253218207466
2026-09-20T11:35:00-04:00,80735.77,80840,80722.71,80840,80911.01,80433.84,80689.5297,58.64561262941589,61.98445255386115
2026-09-20T11:40:00-04:00,80839.99,80875,80797.16,80842.92,80911.01,80433.84,80689.5297,61.46687675732837,60.75098309013736
2026-09-20T11:45:00-04:00,80842.91,80900,80840.06,80900,80911.01,80433.84,80730.34841120164,62.945280629368526,60.87762696392632
2026-09-20T11:50:00-04:00,80899.99,80926.11,80866.92,80921.85,80911.01,80433.84,80756.28345325867,64.8728929506694,60.653065336314725
2026-09-20T11:55:00-04:00,80921.84,80971.37,80889.07,80915.91,80911.01,80673.2,80756.28345325867,65.11671713733699,60.786928337024506
2026-09-20T12:00:00-04:00,80916.37,80942.16,80821.06,80872.31,80911.01,80673.2,80756.28345325867,62.79933170775196,62.02498326249255
2026-09-20T12:05:00-04:00,80870.61,81086.24,80863.13,81018.38,80911.01,80673.2,80830.6472094786,64.38938389501294,63.756758368045745
2026-09-20T12:10:00-04:00,81036.14,81202.71,81006.6,81168.22,80911.01,80673.2,,70.73255604980179,65.4783956683171
2026-09-20T12:15:00-04:00,81166.76,81244.06,81137,81137.76,80911.01,80673.2,,72.1306449776967,66.80354928815099
2026-09-20T12:20:00-04:00,81137.8,81148.56,81049.14,81138.54,80911.01,80673.2,,70.82968328562929,67.73108214153446
2026-09-20T12:25:00-04:00,81136.66,81275.62,81093.78,81200.01,80911.01,80673.2,,71.97062841040035,68.83147370521696
2026-09-20T12:30:00-04:00,81200,81300,81128.86,81257.26,80911.01,80673.2,,74.06477459999687,70.28766998800872
2026-09-20T12:35:00-04:00,81256.41,81483.43,81228.41,81350,80911.01,80673.2,,76.42428378997573,72.72431715728091
2026-09-20T12:40:00-04:00,81350.62,81469.39,81300,81381.43,80911.01,80673.2,,78.24991143337326,74.24782071325453
2026-09-20T12:45:00-04:00,81397.74,81456.88,81241.25,81271.91,80911.01,80673.2,,73.64946745469302,73.55772041582125
2026-09-20T12:50:00-04:00,81272.9,81325,81250,81299.99,80911.01,80673.2,,69.15081697047007,73.39644128261834
2026-09-20T12:55:00-04:00,81300,81350,81277.46,81337.82,80911.01,80673.2,,70.4013643515246,73.43534357750563
2026-09-20T13:00:00-04:00,81338.28,81383.08,81260.74,81383.07,81483.43,80673.2,,71.94374248270007,73.38875958898969
2026-09-20T13:05:00-04:00,81383.08,81450,81264.96,81264.96,81483.43,80673.2,,67.72445869689774,71.62382474804875
2026-09-20T13:10:00-04:00,81262.31,81279.36,81182.63,81249.02,81483.43,80673.2,,62.05856864860188,69.28426954859717
2026-09-20T13:15:00-04:00,81246.46,81290.07,81208.57,81248.03,81483.43,80673.2,,61.39875822150833,66.80920954465876
2026-09-20T13:20:00-04:00,81243.99,81325,81200,81259.28,81483.43,80673.2,,61.66533842985719,65.86023268435835
2026-09-20T13:25:00-04:00,81259.29,81308.28,81169.28,81180,81483.43,80673.2,,58.63673711122199,63.805186727730735
2026-09-20T13:30:00-04:00,81180.01,81297.74,81180,81266.17,81483.43,80673.2,,57.80207467541271,62.26043563404067
2026-09-20T13:35:00-04:00,81267.01,81380,81250.9,81341.38,81483.43,80673.2,,62.19222912069823,61.01904005287307
2026-09-20T13:40:00-04:00,81341.42,81374.13,81333.68,81374.13,81483.43,80673.2,,64.8486314724698,61.43877071277554
2026-09-20T13:45:00-04:00,81378.19,81380,81315.4,81319.14,81483.43,80673.2,,63.26306453200675,61.3631817338459
2026-09-20T13:50:00-04:00,81316.4,81351.22,81152.94,81152.95,81483.43,80673.2,,55.146798083960505,59.65249638776189
2026-09-20T13:55:00-04:00,81152.94,81173.2,81071.48,81151.23,81483.43,80673.2,,49.331442075680016,57.839211346938136
2026-09-20T14:00:00-04:00,81151.14,81154.82,81140,81140,81483.43,80673.2,,48.92013334800308,56.87632388398505
2026-09-20T14:05:00-04:00,81140,81203.08,81049.87,81175.73,81483.43,80673.2,,49.78482602851078,55.54856887639472
2026-09-20T14:10:00-04:00,81167.77,81167.77,81101.57,81107.34,81380,80673.2,,48.73037429946144,53.030079649345964
2026-09-20T14:15:00-04:00,81107.33,81246.96,81107.33,81244.81,81380,80673.2,,50.79062015616461,51.53199421459323
2026-09-20T14:20:00-04:00,81241.35,81241.35,81184.41,81185.76,81380,80673.2,,53.207122165499456,50.156953258915316
2026-09-20T14:25:00-04:00,81185.76,81273.7,81185.75,81272.74,81380,80673.2,,53.71096826289909,51.1217571228614
2026-09-20T14:30:00-04:00,81272.75,81309.12,81248.66,81248.66,81380,81049.87,,55.32756703476127,51.87013181865281
2026-09-20T14:35:00-04:00,81248.67,81256.09,81188.32,81188.34,81380,81049.87,,52.55045451280144,52.15899174137521
2026-09-20T14:40:00-04:00,81188.33,81226.93,81188.33,81215,81380,81049.87,,51.40353660699772,52.33262055536336
2026-09-20T14:45:00-04:00,81214.99,81215,81144.06,81195.14,81380,81049.87,,51.54650322628374,52.963600006181586
2026-09-20T14:50:00-04:00,81192.53,81192.54,81055.26,81085.46,81380,81049.87,,47.46749349853576,51.38315579604083
2026-09-20T14:55:00-04:00,81085.45,81100,81045.29,81045.3,81309.12,81049.87,,42.9625984133808,50.03659321986196
2026-09-20T15:00:00-04:00,81045.29,81117.81,81045.29,81109.48,81309.12,81049.87,,44.16614337918486,48.65606297212248
2026-09-20T15:05:00-04:00,81109.49,81138.87,81101.18,81131.55,81309.12,81049.87,,47.23747518748816,47.725138406355356
2026-09-20T15:10:00-04:00,81131.54,81133.65,81095.38,81095.39,81309.12,81049.87,,46.85048422328185,47.027500032259745
2026-09-20T15:15:00-04:00,81095.38,81097.21,81070.14,81072.68,81309.12,81049.87,,44.98140334321305,45.89024318813117
2026-09-20T15:20:00-04:00,81072.84,81100,81072.83,81084.62,81309.12,81049.87,,44.75057758822811,45.08580699281528
2026-09-20T15:25:00-04:00,81084.61,81115.87,81070.78,81115.87,81309.12,81045.29,,46.5233365622179,45.62048406346893
2026-09-20T15:30:00-04:00,81115.86,81262.31,81115.86,81262.3,81309.12,81045.29,,52.807609409732166,47.8986672774871
2026-09-20T15:35:00-04:00,81262.31,81292.59,81252.74,81263.62,81309.12,81045.29,,57.84539918258082,49.5288428644392
2026-09-20T15:40:00-04:00,81263.63,81289.01,81221.23,81229.69,81309.12,81045.29,,56.470151061072855,50.53657466993987
2026-09-20T15:45:00-04:00,81229.68,81291.6,81228.09,81241.75,81309.12,81045.29,,55.468397352461594,51.99110375849055
2026-09-20T15:50:00-04:00,81240.93,81289.71,81240.93,81282.91,81309.12,81045.29,,57.27576000484541,54.049248001834826
2026-09-20T15:55:00-04:00,81282.9,81282.9,81166.62,81180.28,81309.12,81045.29,,54.41291967716529,54.75177292675833
2026-09-20T16:00:00-04:00,81188.27,81222,81183.39,81222,81292.59,81045.29,,51.644253139757694,55.51236702398906
2026-09-20T16:05:00-04:00,81221.99,81225.83,81193.52,81197.42,81292.59,81045.29,,52.16291154745274,54.56757353753563
2026-09-20T16:10:00-04:00,81197.41,81197.42,81152.88,81153.54,81292.59,81045.29,,49.513437973097794,53.13180667842248
2026-09-20T16:15:00-04:00,81153.55,81179.52,81115.36,81133.5,81292.59,81045.29,,47.08658948380709,51.88655594403112
2026-09-20T16:20:00-04:00,81135.63,81148.23,81117.43,81117.44,81292.59,81045.29,,45.730365070310945,50.34951174066515
2026-09-20T16:25:00-04:00,81117.43,81219.55,81100,81208.97,81292.59,81045.29,,48.93142409566315,49.50245996997905
2026-09-20T16:30:00-04:00,81189.99,81189.99,81123.63,81124.24,81292.59,81045.29,,49.534864936343304,48.95578181471601
2026-09-20T16:35:00-04:00,81124.25,81147.18,81087.57,81135.42,81292.59,81045.29,,46.78438637815232,48.11392660952038
2026-09-20T16:40:00-04:00,81135,81141.69,81097.89,81138.53,81292.59,81045.29,,47.37368681752726,47.587431891880165
2026-09-20T16:45:00-04:00,81138.52,81223.61,81100,81140.96,81292.59,81045.29,,47.6185452369165,47.57252868489716
2026-09-20T16:50:00-04:00,81140.97,81141.27,81083.12,81083.13,81292.59,81045.29,,45.39001944831199,47.10269759602442
2026-09-20T16:55:00-04:00,81083.12,81101.02,81078,81091.91,81292.59,81045.29,,43.49944332915457,46.935122473138186
2026-09-20T17:00:00-04:00,81091.92,81091.93,80720.47,80884.94,81292.59,81045.29,,37.66429387689938,43.88351753352049
2026-09-20T17:05:00-04:00,80884.93,80965.14,80850,80857.21,81292.59,81045.29,,30.75809337804316,41.57033059933815
2026-09-20T17:10:00-04:00,80857.2,80857.2,80602.99,80775,81223.61,81045.29,,28.44394847609932,38.6433924186482
2026-09-20T17:15:00-04:00,80773.98,80903.52,80773.57,80903.52,81223.61,81045.29,,32.57554980624883,37.342291453258596
2026-09-20T17:20:00-04:00,80903.51,80928.34,80835,80835.01,81223.61,81045.29,,36.7934093015604,35.550496437117886
2026-09-20T17:25:00-04:00,80835,80889.26,80835,80887.51,81223.61,81045.29,,37.28000225245549,35.02514368301389
2026-09-20T17:30:00-04:00,80887.52,80944.88,80871.87,80919.42,81223.61,81045.29,,40.602085473358684,34.7226799068905
2026-09-20T17:35:00-04:00,80919.43,80944.72,80896.27,80925.53,81223.61,80602.99,,42.072675191959775,36.284681201602574
2026-09-20T17:40:00-04:00,80909.37,80912.19,80823.48,80823.48,81223.61,80602.99,,39.567533994526215,37.23966294017138
2026-09-20T17:45:00-04:00,80823.47,80940,80813.37,80929.21,81223.61,80602.99,,40.81760751429766,39.820012355373535
2026-09-20T17:50:00-04:00,80929.22,80962.58,80905.15,80946.12,81223.61,80602.99,,45.40246172377633,40.904494916607796
2026-09-20T17:55:00-04:00,80948.74,80948.75,80873.99,80937.28,81223.61,80602.99,,45.71809073579688,42.36992133658396
2026-09-20T18:00:00-04:00,80937.3,81008,80792.47,80920,81223.61,80602.99,,44.89164278871763,43.079249355539844
2026-09-20T18:05:00-04:00,80919.97,81212.9,80919.91,81194.94,81223.61,80602.99,,52.535060229313885,45.7793426954283
2026-09-20T18:10:00-04:00,81187.93,81300,81164.22,81299.99,81223.61,80602.99,,62.85438791475289,49.01688156205216
2026-09-20T18:15:00-04:00,81300,81300,81112.42,81155.23,81223.61,80602.99,,60.48562630113568,51.755940497316715
2026-09-20T18:20:00-04:00,81155.24,81180.14,81090.94,81127.29,81223.61,80602.99,,55.21262093193543,53.1297425385201
2026-09-20T18:25:00-04:00,81127.3,81187.5,81109.61,81165.35,81223.61,80792.47,,55.32746973549921,54.59165707209469
2026-09-20T18:30:00-04:00,81165.34,81181.83,81140.53,81151.97,81223.61,80792.47,,55.811526762610185,56.013581403323904
2026-09-20T18:35:00-04:00,81151.14,81275.08,81151.13,81275.08,81223.61,80792.47,,58.23119787351571,58.40295852489414
2026-09-20T18:40:00-04:00,81252.31,81252.31,81124.19,81124.2,81300,80792.47,,56.68022801576474,57.19791505659558
2026-09-20T18:45:00-04:00,81118.88,81199.34,81118.75,81191.58,81300,80792.47,,53.837326132948014,55.826655158664174
2026-09-20T18:50:00-04:00,81191.57,81275.08,81187.5,81189.61,81300,80792.47,,55.321640638080225,55.72249058143688
2026-09-20T18:55:00-04:00,81189.73,81236.96,81189.72,81224.43,81300,80792.47,,56.09737046335942,56.079440739071025
2026-09-20T19:00:00-04:00,81224.42,81224.42,81151,81151,81300,80792.47,,54.71217849293107,55.546693083560264
2026-09-20T19:05:00-04:00,81151.01,81233.96,81151,81221.29,81300,80792.47,,54.26050588278637,55.63629191626422
2026-09-20T19:10:00-04:00,81235.41,81260.98,81170,81170,81300,80792.47,,54.48007135916136,54.47494265088759
2026-09-20T19:15:00-04:00,81166.94,81257.46,81151,81254.84,81275.08,80792.47,,55.04050095492458,55.16779847030989
2026-09-20T19:20:00-04:00,81254.83,81300,81251.56,81299.99,81275.08,80792.47,,58.19228886759,55.719217717928146
2026-09-20T19:25:00-04:00,81300,81300,81169.28,81169.28,81275.08,80792.47,,55.32694877862707,55.1693150818947
2026-09-20T19:30:00-04:00,81169.29,81197.81,81160,81160.01,81275.08,80792.47,,51.15946324455047,54.30838708398274
2026-09-20T19:35:00-04:00,81160,81287.83,81151,81246.13,81275.08,80792.47,81194.10462,53.132182967706584,54.71788778897342
2026-09-20T19:40:00-04:00,81246.14,81287.54,81200,81266.07,81275.08,80792.47,81194.10462,55.85578527899359,54.764181197184804
2026-09-20T19:45:00-04:00,81266.06,81294.08,81200,81273.99,81275.08,80792.47,81194.10462,56.55478139252735,55.310662084220844
2026-09-20T19:50:00-04:00,81277.91,81330,81176.84,81193.06,81275.08,80792.47,,54.103528152324216,54.496474682156126
2026-09-20T19:55:00-04:00,81193.07,81199.63,81169.28,81186.54,81275.08,80792.47,,51.240306371002184,53.32438137091005
2026-09-20T20:00:00-04:00,81188.29,81400.2,81182.17,81379.84,81275.08,81151,,56.04136158354721,54.70059262641903
2026-09-20T20:05:00-04:00,81380.51,81580,81380.51,81500.01,81275.08,81151,,63.39546914204236,56.82038305590773
2026-09-20T20:10:00-04:00,81500,81680,81437,81658.32,81275.08,81151,,68.24134207439201,59.017495228329146
2026-09-20T20:15:00-04:00,81680,81755.25,81509.05,81755.25,81275.08,81151,,72.02562256078474,61.440336564990915
2026-09-20T20:20:00-04:00,81748.97,81807.26,81710.07,81761.48,81275.08,81151,,73.39049249349333,63.8276984000337
2026-09-20T20:25:00-04:00,81745.85,81794.04,81717.19,81731.73,81275.08,81151,,72.36446426018318,66.65774688152206
2026-09-20T20:30:00-04:00,81731.86,81806.08,81634.52,81642.9,81275.08,81151,,68.1113801570885,68.64800519605838
2026-09-20T20:35:00-04:00,81642.38,81750,81592.03,81664.13,81275.08,81151,,65.35424397927179,69.31857042315765
2026-09-20T20:40:00-04:00,81667.52,81683.25,81526.43,81668.75,81275.08,81151,,65.83231299810556,69.3442462977907
2026-09-20T20:45:00-04:00,81675.22,81831.02,81645.36,81666.95,81275.08,81151,,65.84956019879709,68.63520417298767
2026-09-20T20:50:00-04:00,81664.55,81720.19,81588.98,81662.14,81275.08,81151,,65.57401044205494,67.5009285495822
2026-09-20T20:55:00-04:00,81665.2,81679.81,81571.91,81616.23,81275.08,81151,,63.41054569595376,65.78379080226208
2026-09-20T21:00:00-04:00,81595.76,81605.75,81502.14,81600,81275.08,81151,,60.765523479729445,64.18694546945257
2026-09-20T21:05:00-04:00,81599.99,81749.99,81581.36,81749.99,81275.08,81151,,63.70706909707612,64.52541621368711
2026-09-20T21:10:00-04:00,81750,81794.98,81730.6,81786.74,81831.02,81151,,68.0815396087791,64.96617279216893
2026-09-20T21:15:00-04:00,81786.74,81800,81685.25,81800,81831.02,81151,,69.10111934002654,65.45936088280739
2026-09-20T21:20:00-04:00,81800,82068.63,81772.61,81801,81831.02,81151,,69.39507390219056,65.9791767074242
2026-09-20T21:25:00-04:00,81823.92,81934.19,81500,81578.68,81831.02,81151,,60.62573326839019,64.04556740461746
2026-09-20T21:30:00-04:00,81577.91,81648.42,81300,81346.57,81831.02,81151,,46.08998539882023,61.030445193957476
2026-09-20T21:35:00-04:00,81357.24,81450,81351.38,81412.25,81831.02,81151,,42.23252468827424,58.750424892773104
2026-09-20T21:40:00-04:00,81412.24,81462.5,81381.35,81462.5,81831.02,81151,,45.504173184232855,55.82961779028797
2026-09-20T21:45:00-04:00,81462.5,81488.64,81280.14,81280.15,82068.63,81151,,43.085346988989066,51.60865557283311
2026-09-20T21:50:00-04:00,81280.14,81297.63,80900,80953.75,82068.63,81151,,34.603269595815604,45.973089291942
2026-09-20T21:55:00-04:00,80953.74,81103.4,80861.36,81007.17,82068.63,81151,,31.336261694128225,40.73470922767244
2026-09-20T22:00:00-04:00,81006.16,81250,80964.57,81234.33,82068.63,81151,,37.98643298704671,39.50471778298671
2026-09-20T22:05:00-04:00,81240.96,81290,81179.95,81284.55,82068.63,81151,,44.23997812601766,40.20613572115741
2026-09-20T22:10:00-04:00,81284.54,81356.54,81270.47,81356.53,82068.63,81151,,46.68715105135277,40.777468172437715
2026-09-20T22:15:00-04:00,81356.53,81446.38,81316.15,81446.38,82068.63,81151,,49.82349236282156,41.440226915039894
2026-09-20T22:20:00-04:00,81446.37,81505.78,81430.84,81476.3,82068.63,80861.36,,52.08579489171155,43.34902471607271
2026-09-20T22:25:00-04:00,81476.31,81511.34,81427.32,81430.63,82068.63,80861.36,,51.68398775512889,46.320432103415115
2026-09-20T22:30:00-04:00,81430.64,81430.64,81173.53,81179.36,82068.63,80861.36,,46.21856216569935,47.60111056509304
2026-09-20T22:35:00-04:00,81179.35,81318.64,81167.79,81318.64,82068.63,80861.36,,44.507188423003825,48.18350508511715
2026-09-20T22:40:00-04:00,81310.79,81312.62,81240,81258.89,82068.63,80861.36,,46.2983131917227,48.18920629815161
2026-09-20T22:45:00-04:00,81258.9,81325,81211.88,81248.72,82068.63,80861.36,,45.120375808638045,47.735855015770085
2026-09-20T22:50:00-04:00,81246.4,81329.69,81243.79,81329.69,81511.34,80861.36,,46.653613502506246,47.283526623775806
2026-09-20T22:55:00-04:00,81329.68,81400,81286.35,81312.88,81511.34,80861.36,,48.030730363515765,46.577265150571286
2026-09-20T23:00:00-04:00,81312.87,81446.28,81303.02,81439.65,81511.34,81167.79,,50.31509721152143,46.89241503988796
2026-09-20T23:05:00-04:00,81439.66,81450,81310.98,81337.97,81511.34,81167.79,,50.82590906529067,47.89364997902595
2026-09-20T23:10:00-04:00,81329.32,81329.32,81258.26,81314.48,81511.34,81167.79,,48.24892740354703,47.96148332004316
2026-09-20T23:15:00-04:00,81329.07,81411.83,81329.06,81403.61,81511.34,81167.79,,49.69419407611808,48.863901660281776
2026-09-20T23:20:00-04:00,81403.6,81444.72,81378.23,81414.23,81511.34,81167.79,,51.83792395564332,49.880782790616095
2026-09-20T23:25:00-04:00,81433.72,81490.3,81384.42,81449.99,81511.34,81167.79,,52.84871865572511,50.633931704058604
2026-09-20T23:30:00-04:00,81450,81574.33,81450,81534.11,81511.34,81167.79,,55.409576898822266,51.989024657846535
2026-09-20T23:35:00-04:00,81534.12,81556.05,81462.5,81465.89,81511.34,81167.79,,55.39250608701448,52.084619954199475
2026-09-20T23:40:00-04:00,81465.9,81488.04,81450.01,81477.01,81511.34,81167.79,,53.85209034359707,52.85364788021979
2026-09-20T23:45:00-04:00,81478.21,81507.04,81434.19,81491.41,81511.34,81167.79,,54.44793017726195,53.85576360383231
2026-09-20T23:50:00-04:00,81470.81,81475.14,81400,81400.01,81511.34,81167.79,,52.2500538390148,53.583893526761706
2026-09-20T23:55:00-04:00,81400,81436.96,81379.09,81427.91,81574.33,81167.79,,50.45299395920425,53.46006931913543
2026-09-21T00:00:00-04:00,81427.92,81465.63,81393.75,81393.76,81574.33,81167.79,,50.236073593603706,52.83742350901274
2026-09-21T00:05:00-04:00,81393.76,81393.76,81300,81331.06,81574.33,81167.79,,47.572717836098576,51.22096672978581
2026-09-21T00:10:00-04:00,81331.07,81356.88,81288.67,81288.68,81574.33,81167.79,,44.772012361679955,49.80299673034573
2026-09-21T00:15:00-04:00,81288.67,81354.67,81288.67,81295.93,81574.33,81167.79,,43.91998781652586,48.38322315062261
2026-09-21T00:20:00-04:00,81295,81313.33,81264.67,81264.68,81574.33,81167.79,,43.30479374939623,46.61924346524125
2026-09-21T00:25:00-04:00,81264.67,81333.98,81262.31,81313.9,81574.33,81167.79,,44.22939844179194,46.09160732284466
2026-09-21T00:30:00-04:00,81310.31,81343.93,81243.79,81333.65,81574.33,81167.79,,46.72049911550336,45.55281636704099
2026-09-21T00:35:00-04:00,81341.27,81400,81323.83,81377.44,81574.33,81167.79,,48.96869126775937,45.72949808688913
2026-09-21T00:40:00-04:00,81377.94,81425.39,81368.21,81423.77,81574.33,81167.79,,52.063181426920465,46.835805964418675
2026-09-21T00:45:00-04:00,81423.78,81500,81411.84,81498.6,81574.33,81167.79,,55.8949640982178,48.90748429732851
2026-09-21T00:50:00-04:00,81498.61,81501.66,81426.78,81426.79,81574.33,81167.79,,55.49228350261518,50.14217616044419
2026-09-21T00:55:00-04:00,81426.78,81443.99,81375,81403.35,81574.33,81243.79,,51.9798211480301,51.38606355408105
2026-09-21T01:00:00-04:00,81400.89,81425.32,81371.75,81371.76,81574.33,81243.79,,50.03552208410976,51.80106862967785
2026-09-21T01:05:00-04:00,81371.75,81386.64,81309.12,81309.13,81574.33,81243.79,,46.83758023816105,51.41951530341182
2026-09-21T01:10:00-04:00,81309.13,81343.64,81309.12,81335.01,81574.33,81243.79,,45.76317986281988,50.88520822826657
2026-09-21T01:15:00-04:00,81335,81430.48,81335,81420.55,81501.66,81243.79,,49.832759406238765,50.78225186893133
2026-09-21T01:20:00-04:00,81417.52,81500,81399.64,81499.99,81501.66,81243.79,,55.323600159638914,50.72196138867262
2026-09-21T01:25:00-04:00,81500,81638.5,81499.99,81575.38,81501.66,81243.79,,59.76811395678344,52.00391771297942
2026-09-21T01:30:00-04:00,81573.99,81789.02,81573.98,81764.08,81501.66,81243.79,,65.69081040930715,54.639386891894624
2026-09-21T01:35:00-04:00,81764.09,81764.13,81650,81650,81501.66,81309.12,,65.50967196040864,56.42510339192195
2026-09-21T01:40:00-04:00,81650.01,81676.88,81626.4,81626.41,81501.66,81309.12,,60.637424224123436,58.58219945931245
2026-09-21T01:45:00-04:00,81626.4,81679.84,81535.94,81577.31,81501.66,81309.12,,58.236198061807166,59.988822877346884
2026-09-21T01:50:00-04:00,81577.3,81593.16,81552.09,81562.21,81501.66,81309.12,,56.12007920021103,60.378576543304526
2026-09-21T01:55:00-04:00,81562.2,81562.2,81528.29,81549.17,81789.02,81309.12,,55.174386846616684,59.94619050219768
2026-09-21T02:00:00-04:00,81549.18,81650,81540,81648.5,81789.02,81309.12,,57.367201576809016,59.69260157759755
2026-09-21T02:05:00-04:00,81648.49,81650,81567.39,81618.73,81789.02,81309.12,,58.91906094144729,58.01140493995201
2026-09-21T02:10:00-04:00,81618.72,81668.75,81599.85,81665.79,81789.02,81309.12,,59.05702535889873,57.84898826288044
2026-09-21T02:15:00-04:00,81665.8,81825.13,81665.79,81795.19,81789.02,81309.12,81707.53068000001,63.20182074641322,58.744089660606235
2026-09-21T02:20:00-04:00,81795.2,81845.01,81743.82,81826.01,81789.02,81528.29,81707.53068000001,66.73533690701805,60.2773136472264
2026-09-21T02:25:00-04:00,81826.02,81850,81765.55,81808.19,81789.02,81528.29,81707.53068000001,66.60584553072658,61.740022897896395
2026-09-21T02:30:00-04:00,81808.19,81834.31,81792.77,81821.84,81789.02,81528.29,81707.53068000001,66.16688582999186,63.418027642476446
2026-09-21T02:35:00-04:00,81821.85,81829.38,81618.31,81623.03,81789.02,81528.29,,59.18100898746633,62.25825358665562
2026-09-21T02:40:00-04:00,81623.04,81626.71,81407.85,81407.85,81789.02,81528.29,,46.60579903620706,59.89995281240781
2026-09-21T02:45:00-04:00,81407.84,81743.27,81402.49,81731.74,81789.02,81528.29,,48.60363045728735,59.271569329052376
2026-09-21T02:50:00-04:00,81725.16,81725.16,81600,81628.24,81850,81528.29,,53.68624020479416,57.18121551480237
2026-09-21T02:55:00-04:00,81626.36,81650,81595,81635.8,81850,81528.29,,51.63675316507165,54.957688259924836
2026-09-21T03:00:00-04:00,81637.34,81671.21,81603.84,81642.42,81850,81528.29,,51.92500775144276,52.98669043500699
2026-09-21T03:05:00-04:00,81642.38,81642.39,81550,81579.65,81850,81528.29,,50.61617451863641,50.51462788525185
2026-09-21T03:10:00-04:00,81579.64,81579.65,81476.93,81560.7,81850,81402.49,,48.731648133525695,50.00115876245252
2026-09-21T03:15:00-04:00,81560.82,81600,81531.66,81589.97,81850,81402.49,,49.03688057258794,51.209222609932105
2026-09-21T03:20:00-04:00,81589.96,81650,81589.96,81615.37,81850,81402.49,,50.43459989478021,50.524292887450486
2026-09-21T03:25:00-04:00,81615.36,81659.09,81600,81614.74,81850,81402.49,,51.07262489975131,50.46247537991986
2026-09-21T03:30:00-04:00,81613.01,81613.49,81479.9,81500.53,81850,81402.49,,47.996645817961635,49.484262216847625
2026-09-21T03:35:00-04:00,81500.52,81586.42,81496.35,81561.96,81850,81402.49,,46.72495030339146,48.976744680476635
2026-09-21T03:40:00-04:00,81561.95,81561.96,81462.5,81500.11,81850,81402.49,,46.916989750518184,48.42735228309956
2026-09-21T03:45:00-04:00,81500.12,81556.19,81475.68,81556.18,81850,81402.49,,46.97122323927104,48.47376613926102
2026-09-21T03:50:00-04:00,81556.19,81650,81542.48,81649.99,81850,81402.49,,51.1377208840861,49.02759237209903
2026-09-21T03:55:00-04:00,81650,81711.75,81649.99,81711.75,81850,81402.49,,55.16110331659666,49.82419568835143
2026-09-21T04:00:00-04:00,81711.82,81875,81711.82,81846.64,81850,81402.49,81768.4497,59.53886306901063,51.44651756331598
2026-09-21T04:05:00-04:00,81840.59,81915,81777.99,81912.42,81850,81462.5,81768.4497,63.63434235788041,54.292108985471046
2026-09-21T04:10:00-04:00,81912.43,81930,81853.35,81884.63,81850,81462.5,81768.4497,63.924941078956266,56.36080064204875
2026-09-21T04:15:00-04:00,81882.14,81930,81859.5,81930,81850,81462.5,81768.4497,63.8829080801127,59.13951422249805
2026-09-21T04:20:00-04:00,81930,82160,81909.88,82129.61,81850,81462.5,81915.40016465835,68.04439364735086,62.38170647292869
2026-09-21T04:25:00-04:00,82129.6,82200,82100,82200,81850,81462.5,81987.51943861133,72.2600801251672,65.1744740056641
2026-09-21T04:30:00-04:00,82200,82679.9,82171.72,82524.83,81850,81462.5,,76.50933140430097,68.48120021227278
2026-09-21T04:35:00-04:00,82534.83,84142.4,82534.75,83471.91,81850,81462.5,,84.21878363978809,72.22587988302907
2026-09-21T04:40:00-04:00,83471.9,83899.99,83428.16,83515.89,81850,81462.5,,88.74532425074997,75.65576646737837
2026-09-21T04:45:00-04:00,83514.08,83845,83296.11,83767.74,81850,81462.5,,89.51473918953215,79.53725077176503
2026-09-21T04:50:00-04:00,83752.96,83849.99,83679.42,83788.22,81850,81462.5,,90.21228708033034,83.17844618172627
2026-09-21T04:55:00-04:00,83788.21,83834.13,83680.28,83755.03,81850,81462.5,,89.48091190012775,85.66197027255843
2026-09-21T05:00:00-04:00,83744.57,83952.39,83688.43,83853.5,84142.4,81462.5,,88.9959395921667,87.9601203151547
2026-09-21T05:05:00-04:00,83854,84035.99,83838.75,83936.55,84142.4,81462.5,,89.5351915457702,89.3836445986925
2026-09-21T05:10:00-04:00,83931.51,84034.92,83896.42,83903.65,84142.4,81462.5,,88.924987377177,89.30474995440868
2026-09-21T05:15:00-04:00,83916.18,84053,83883.65,83990.43,84142.4,81462.5,,88.37715630057377,89.27845375578502
2026-09-21T05:20:00-04:00,83991.79,84053,83897.51,84003.99,84142.4,81462.5,,88.73112036017636,89.08085886030703
2026-09-21T05:25:00-04:00,84004,84564.17,84003.99,84448.78,84142.4,81462.5,,90.08069814927198,89.24085691833977
2026-09-21T05:30:00-04:00,84445.69,84771.72,84347.93,84713.79,84142.4,81462.5,,91.94009817973097,89.78348351162222
2026-09-21T05:35:00-04:00,84713.8,85282.9,84691.14,84900.01,84142.4,81462.5,,92.8331572753884,90.33720482783168
2026-09-21T05:40:00-04:00,84900.01,85075.32,84772.42,85021.83,84142.4,81462.5,,93.37015731421684,90.8791880168927
2026-09-21T05:45:00-04:00,85003.72,85056.92,84789.39,84797.84,84142.4,81462.5,,88.66526947858985,90.26299971394964
2026-09-21T05:50:00-04:00,84792.61,84851.39,84634.01,84680.33,84142.4,81462.5,,81.41548307002874,88.89013852245125
2026-09-21T05:55:00-04:00,84680.32,84716.17,84564.17,84639.71,84142.4,81462.5,,78.26617955924789,87.27301662797007
2026-09-21T06:00:00-04:00,84639.7,84800,84543.1,84570.96,85282.9,81462.5,,76.07116814905554,84.88741566524655
2026-09-21T06:05:00-04:00,84576.16,84645.86,84469.98,84600.23,85282.9,81462.5,,74.88740417455307,82.40081834077637
2026-09-21T06:10:00-04:00,84600.23,84609.69,84529.85,84552.49,85282.9,81462.5,,74.05508397762031,79.52225186588426
2026-09-21T06:15:00-04:00,84589.99,84688.28,84537.66,84664.18,85282.9,81462.5,,73.89580217178903,76.83671687151129
2026-09-21T06:20:00-04:00,84660.98,84701.85,84500,84547.94,85282.9,81462.5,,72.2325649345349,74.82719342472569
2026-09-21T06:25:00-04:00,84547.93,84560.91,84367.03,84367.04,85282.9,81462.5,,66.12827980394512,72.46894450977312
2026-09-21T06:30:00-04:00,84374.12,84439.68,84234.2,84253.94,85282.9,81462.5,,60.54988421372201,69.76539475457544
2026-09-21T06:35:00-04:00,84254.27,84269.32,84156.48,84162.52,85282.9,81462.5,,56.98080498085045,67.0145550331431
2026-09-21T06:40:00-04:00,84162.53,84276.96,84128.78,84255.53,85282.9,81462.5,,56.652062141847786,64.55529703094537
2026-09-21T06:45:00-04:00,84253,84259.57,84163.47,84193.35,85282.9,81462.5,,56.77550097645469,62.07753131852434
2026-09-21T06:50:00-04:00,84207.47,84259.59,84133.66,84259.59,85282.9,81462.5,,56.60126240006859,59.61399995331095
2026-09-21T06:55:00-04:00,84259.58,84421.73,84251.82,84421.72,85282.9,81462.5,,59.63871097954591,58.47928733138463
2026-09-21T07:00:00-04:00,84421.73,84515.65,84383.02,84496.65,85282.9,81462.5,,62.64980495122452,58.620149995390776
2026-09-21T07:05:00-04:00,84496.66,84555.97,84473.38,84545.47,85282.9,84128.78,,64.13427945569019,59.503400257661255
2026-09-21T07:10:00-04:00,84545.47,84625,84544.22,84595.23,85282.9,84128.78,,65.31624457451493,61.0017041650092
2026-09-21T07:15:00-04:00,84592.82,84681.66,84516.24,84568.74,85282.9,84128.78,,65.28594274625323,61.97022328749138
2026-09-21T07:20:00-04:00,84568.64,84645.31,84550,84619.26,85282.9,84128.78,,65.32350198670434,63.44399016793768
2026-09-21T07:25:00-04:00,84619.27,84693.02,84617.82,84664.19,85282.9,84128.78,,66.58297342122049,64.82214072210621
2026-09-21T07:30:00-04:00,84664.2,84784.19,84610.81,84734.91,85282.9,84128.78,,68.09173915655212,65.85914107565374
2026-09-21T07:35:00-04:00,84734.92,84802.08,84690.92,84801.02,85282.9,84128.78,,69.83185200851659,66.8741541670468
2026-09-21T07:40:00-04:00,84801.03,84871.64,84794.6,84817.24,85282.9,84128.78,,70.85945187020397,67.78061890837196
2026-09-21T07:45:00-04:00,84820.02,84870.42,84752.68,84869.98,85282.9,84128.78,,71.73246971171177,68.70736134910305
2026-09-21T07:50:00-04:00,84869.99,84909.64,84821.13,84858.51,85282.9,84128.78,,72.0139184191358,69.7028976720527
2026-09-21T07:55:00-04:00,84858.5,84879.36,84715.39,84879.35,85282.9,84128.78,,71.91727328069943,70.59129600453022
2026-09-21T08:00:00-04:00,84879.36,84983.59,84821.42,84963.99,85282.9,84128.78,,73.35494011285603,71.6377452982343
2026-09-21T08:05:00-04:00,84964,85146.2,84950,84950,85282.9,84128.78,,73.96204987168007,72.26852763742392
2026-09-21T08:10:00-04:00,84944.25,85077.84,84900,84985.39,85282.9,84128.78,,73.92700304843949,72.80778845249797
2026-09-21T08:15:00-04:00,84985.39,85247.17,84969.64,85234.7,85282.9,84128.78,,77.28727302061483,74.10504796611274
2026-09-21T08:20:00-04:00,85227.16,85456,85037.33,85224.16,85282.9,84128.78,,79.74010278404225,75.09568361602096
2026-09-21T08:25:00-04:00,85215.34,85220.17,85016.49,85050,85282.9,84128.78,,73.30866069120921,74.47497432956229
2026-09-21T08:30:00-04:00,85068.71,85261.4,85033.77,85242.53,85282.9,84128.78,,69.78693458551736,74.48701541739752
2026-09-21T08:35:00-04:00,85239.99,85398.12,85221.55,85265.77,85282.9,84128.78,,72.56363571120787,74.24888735766281
2026-09-21T08:40:00-04:00,85275.77,85299.1,85118.54,85260.84,85282.9,84128.78,,72.67240856881226,74.118546473721
2026-09-21T08:45:00-04:00,85260.83,85289.09,85151.88,85266.61,85456,84128.78,,72.58719111503927,73.8660839481199
2026-09-21T08:50:00-04:00,85274.75,85289.1,85189.95,85288.67,85456,84128.78,,72.96991851241492,72.88501661423531
2026-09-21T08:55:00-04:00,85288.68,85403.2,85279.1,85315.77,85456,84128.78,,73.66078613398071,72.12913633381659
2026-09-21T09:00:00-04:00,85305.77,85335.77,85200.97,85219.82,85456,84128.78,,70.38367291554633,72.04930582118877
2026-09-21T09:05:00-04:00,85219.81,85426.21,85219.81,85332.93,85456,84128.78,,68.5780968685812,71.78375412897769
2026-09-21T09:10:00-04:00,85332.94,85337.4,85064.72,85162.41,85456,84128.78,,65.03403198685504,69.89799047137367
2026-09-21T09:15:00-04:00,85162.4,85189.66,85090,85159.98,85456,84128.78,,59.56378205115895,68.03843226679103
2026-09-21T09:20:00-04:00,85155.67,85195.93,85065.84,85066.19,85456,84128.78,,56.84898325864984,65.40135965526243
2026-09-21T09:25:00-04:00,85066.3,85127.18,84911.4,84936.85,85456,84128.78,,51.04298765560587,61.7735948791313
2026-09-21T09:30:00-04:00,84936.84,85142.24,84826.48,85142.23,85426.21,84128.78,,52.21522279716258,59.27405584474296
2026-09-21T09:35:00-04:00,85142.24,85199.99,84776.23,85049.99,85426.21,84128.78,,54.44384131469742,57.21935727888877
2026-09-21T09:40:00-04:00,85050,85112.74,84974.96,85059.33,85426.21,84128.78,,52.530916424151286,54.68914714633441
2026-09-21T09:45:00-04:00,85059.32,85554.14,85020.77,85416,85426.21,84128.78,,58.603404346922694,55.38203509605095
2026-09-21T09:50:00-04:00,85426.16,85821.7,85384.41,85393.64,85426.21,84128.78,,63.95142910238507,55.94276058954188
2026-09-21T09:55:00-04:00,85394.3,85649.99,85322.54,85441.91,85426.21,84128.78,,64.09526473933909,57.45240123339073
2026-09-21T10:00:00-04:00,85457.01,85513.38,85236.08,85283.16,85426.21,84776.23,,61.0210558119134,58.793637205629736
2026-09-21T10:05:00-04:00,85281.66,85283.17,85027.31,85230.95,85426.21,84776.23,,56.142165776668776,58.574384941821066
2026-09-21T10:10:00-04:00,85230.94,85431.29,85216.33,85305.66,85426.21,84776.23,,56.30146491506667,59.32438680573522
2026-09-21T10:15:00-04:00,85296.06,85450,85230,85396.19,85821.7,84776.23,,59.062987709368755,60.44069102331177
2026-09-21T10:20:00-04:00,85396.2,85748.68,85331.73,85701.41,85821.7,84776.23,,64.51313041848005,61.01287996903732
2026-09-21T10:25:00-04:00,85702.08,85769,85613.3,85709.76,85821.7,84776.23,,68.58231023747325,61.763799919051245
2026-09-21T10:30:00-04:00,85709.77,85968.99,85595.4,85968.99,85821.7,84776.23,,71.25650629251992,63.05894898423185
2026-09-21T10:35:00-04:00,85969,85986.47,85777.64,85816.63,85821.7,84776.23,,70.35038692402821,64.42932309394119
2026-09-21T10:40:00-04:00,85811.11,85839.99,85579.75,85760.15,85821.7,84776.23,,65.64817840788085,65.77495259314958
2026-09-21T10:45:00-04:00,85781.56,85971.97,85693.6,85971.97,85821.7,84776.23,,66.70929590586607,67.40298909131245
2026-09-21T10:50:00-04:00,85971.98,86100,85943.99,86062.51,85821.7,84776.23,,69.84806035718807,68.85640192109796
2026-09-21T10:55:00-04:00,86062.52,86063.54,85740,85834.41,85821.7,84776.23,,66.07394801438787,67.84893697585754
2026-09-21T11:00:00-04:00,85834.4,86010,85803.53,85991.18,85821.7,84776.23,,63.143140465445015,67.30235341480417
2026-09-21T11:05:00-04:00,85991.33,86336.27,85970.47,86302.43,85821.7,84776.23,,67.64525439309786,66.81715071887982
2026-09-21T11:10:00-04:00,86300.42,86327.12,86104.13,86286.84,85821.7,84776.23,,70.14162436568787,67.24270696956408
2026-09-21T11:15:00-04:00,86286.83,86286.83,86106,86125.57,85821.7,84776.23,,66.81853088387487,67.1515371405924
2026-09-21T11:20:00-04:00,86125.58,86125.58,85870,85891.51,85821.7,84776.23,,59.99313976591678,65.32380521529285
2026-09-21T11:25:00-04:00,85891.51,85946.65,85822.01,85850.66,85821.7,84776.23,,55.575544000053995,63.073675324268365
2026-09-21T11:30:00-04:00,85858.56,85943.97,85822.78,85879.94,86336.27,84776.23,,55.33448336510388,62.25538674406884
2026-09-21T11:35:00-04:00,85879.95,85970,85812,85970,86336.27,84776.23,,56.86542124010836,61.28004125988646
2026-09-21T11:40:00-04:00,85969.99,86106,85865.58,86106,86336.27,84776.23,,59.66465559703566,59.975215659479645
2026-09-21T11:45:00-04:00,86106,86182.2,86046.05,86071.07,86336.27,84776.23,,60.65793648665344,58.570416151590905
2026-09-21T11:50:00-04:00,86071.06,86156.27,85963.35,85963.35,86336.27,84776.23,,58.03558391919802,57.46580224100054
2026-09-21T11:55:00-04:00,85956.77,86040,85911.81,85928.65,86336.27,84776.23,,55.43769265188708,57.26885983329671
2026-09-21T12:00:00-04:00,85927.18,85965.36,85781.47,85781.47,86336.27,84776.23,,52.278936680720626,56.523914435476726
2026-09-21T12:05:00-04:00,85780.6,85880.64,85700.01,85747.12,86336.27,84776.23,,49.180489382886385,55.51057583837743
2026-09-21T12:10:00-04:00,85751.16,85832.04,85704.88,85729.14,86182.2,84776.23,,48.308457352989706,54.07906761058568
2026-09-21T12:15:00-04:00,85729.99,85967.69,85728.15,85833.82,86182.2,84776.23,,49.910241042216875,52.723600251286356
2026-09-21T12:20:00-04:00,85790.89,85878.09,85756,85824.24,86182.2,84776.23,,51.63309711277858,51.50054207519286
2026-09-21T12:25:00-04:00,85843.6,85960,85768.06,85848.6,86182.2,84776.23,,51.91535238121305,50.97496266900493
2026-09-21T12:30:00-04:00,85848.59,85952.18,85728.56,85741.57,86182.2,85700.01,,50.19260961619554,50.00194692213814
2026-09-21T12:35:00-04:00,85741.12,85825.48,85641.4,85641.4,86182.2,85700.01,,46.13512886393934,49.21958900706743
2026-09-21T12:40:00-04:00,85641.41,85856.8,85625.57,85856.8,86182.2,85700.01,,48.52101548060731,49.81352580720126
2026-09-21T12:45:00-04:00,85856.79,86010,85839.61,86002.37,86182.2,85700.01,,55.13359930047452,51.169629563491654
2026-09-21T12:50:00-04:00,86002.38,86028.22,85900,85999.99,86182.2,85700.01,,57.44345699105176,51.965873221154084
2026-09-21T12:55:00-04:00,86021.04,86100,85961.96,85961.97,86182.2,85700.01,,56.55104656351867,52.574757977988824
2026-09-21T13:00:00-04:00,85961.96,86031.16,85889.64,85902.09,86182.2,85700.01,,54.38877399712097,52.67256511141348
2026-09-21T13:05:00-04:00,85902.03,86100,85902.02,86045.08,86182.2,85625.57,,55.61809862678656,54.12489769530055
2026-09-21T13:10:00-04:00,86045.66,86073.61,85953.56,85969.67,86182.2,85625.57,,56.47732349783978,55.62747786395647
2026-09-21T13:15:00-04:00,85959.66,85982.04,85757.16,85788.81,86182.2,85625.57,,51.21121505579491,54.893526145354144
2026-09-21T13:20:00-04:00,85788.8,85932.27,85760.25,85873.96,86182.2,85625.57,,49.26078479057154,53.94953086112705
2026-09-21T13:25:00-04:00,85857.89,85938.16,85842.4,85876.14,86182.2,85625.57,,50.92795139085996,53.03195311672791
2026-09-21T13:30:00-04:00,85876.15,85918.67,85812.05,85853.3,86100,85625.57,,50.48792271372895,52.21720976118713
2026-09-21T13:35:00-04:00,85853.31,85950,85825.36,85891.31,86100,85625.57,,50.825435802011185,52.01385648955369
2026-09-21T13:40:00-04:00,85885.4,85944.79,85876.56,85890.78,86100,85757.16,,51.63222750797682,51.0783894415272
2026-09-21T13:45:00-04:00,85890.78,85895.4,85773.47,85821.4,86100,85757.16,,49.945316646278144,50.14756881767895
2026-09-21T13:50:00-04:00,85821.39,85846.24,85689.64,85700.96,86100,85757.16,,45.66079200043652,49.49255428285338
2026-09-21T13:55:00-04:00,85700.95,85875,85660.72,85875,86100,85757.16,,47.15254127366954,49.545213527135516
2026-09-21T14:00:00-04:00,85874.99,85950,85803.62,85949.99,86100,85757.16,,52.78176556479443,50.022215475406085
2026-09-21T14:05:00-04:00,85949.99,85978.35,85884.77,85939.28,86100,85757.16,,54.04972607688576,50.562871630894605
2026-09-21T14:10:00-04:00,85939.29,85990.93,85930.71,85977.51,86100,85757.16,,54.60830921323132,51.10303645004041
2026-09-21T14:15:00-04:00,85988.23,86049.67,85988.23,86040.71,86100,85757.16,,56.747212314711945,52.02429586139035
2026-09-21T14:20:00-04:00,86040.71,86049.66,85915.12,85931.32,86100,85660.72,,55.179443297242436,52.598501207458774
2026-09-21T14:25:00-04:00,85929.31,85968.09,85875.91,85913.09,86100,85660.72,,51.83185595042985,53.787456989959864
2026-09-21T14:30:00-04:00,85913.09,85958.08,85877,85893.98,86100,85660.72,,50.874305067995394,53.66186229155187
2026-09-21T14:35:00-04:00,85894,85950,85792.17,85946.16,86100,85660.72,,51.71588193084196,53.48291880883058
2026-09-21T14:40:00-04:00,85947.95,85976.4,85900,85916.9,86049.67,85660.72,,52.21821054166172,53.138572138630714
2026-09-21T14:45:00-04:00,85916.91,85974.93,85882.08,85974.23,86049.67,85660.72,,52.89939560726363,52.99465777855411
2026-09-21T14:50:00-04:00,85978.34,86053.92,85943.34,86033.61,86049.67,85660.72,,55.90390514881386,52.89762723408841
2026-09-21T14:55:00-04:00,86032.94,86050.39,86032.94,86040,86049.67,85660.72,,57.548822492733606,53.671623262980155
2026-09-21T15:00:00-04:00,86039.99,86050.39,85986.07,85986.08,86049.67,85792.17,,55.86844104238049,54.05093726036002
2026-09-21T15:05:00-04:00,85986.07,86043.71,85965.75,86000.27,86049.67,85792.17,,54.43642153202761,54.68937082413222
2026-09-21T15:10:00-04:00,86000.26,86043.71,85970.42,86042.63,86049.67,85792.17,,56.06347008305754,55.2931053038502
2026-09-21T15:15:00-04:00,86042.62,86299,86034.22,86299,86049.67,85792.17,,62.842107221205815,57.72476987543053
2026-09-21T15:20:00-04:00,86298.99,86427.05,86150,86225.04,86049.67,85792.17,,65.84287927033469,58.991243493299066
2026-09-21T15:25:00-04:00,86225.05,86352.14,86210.17,86352.13,86049.67,85792.17,,65.5166512459407,60.471268760323916
2026-09-21T15:30:00-04:00,86352.14,86868.58,86314.66,86823.69,86049.67,85792.17,,73.02288428114178,63.41240400427283
2026-09-21T15:35:00-04:00,86817.12,86877.62,86543.42,86580.63,86049.67,85792.17,,72.28163074345244,65.16075153205875
2026-09-21T15:40:00-04:00,86582.96,86667.46,86488.95,86570.55,86049.67,85792.17,,66.0409853694419,66.72799367210548
2026-09-21T15:45:00-04:00,86570.56,86611.03,86477.66,86532.28,86049.67,85792.17,,64.9230718125559,67.69206631191544
2026-09-21T15:50:00-04:00,86529.49,86558.45,86477.66,86499.43,86049.67,85792.17,,63.24827145722074,66.84404059668118
2026-09-21T15:55:00-04:00,86499.44,86651.9,86488.96,86488.96,86049.67,85792.17,,62.20567428649996,66.65286488796265
2026-09-21T16:00:00-04:00,86488.95,86697.96,86488.95,86661.1,86877.62,85792.17,,64.38920325059898,66.52191259801211
2026-09-21T16:05:00-04:00,86661.11,86747.3,86625.97,86701.2,86877.62,85792.17,,67.35022317781079,65.0321045727252
2026-09-21T16:10:00-04:00,86701.25,86794.6,86700,86749.36,86877.62,85792.17,,68.49119370406143,65.43893058675754
2026-09-21T16:15:00-04:00,86749.35,86998.86,86714,86996.6,86877.62,85792.17,,71.84217712260468,66.68958793077171
2026-09-21T16:20:00-04:00,86995.36,87000,86884.77,86978.06,86877.62,85792.17,,74.04543626979088,68.0453204316818
2026-09-21T16:25:00-04:00,86966.13,87393.22,86889.36,87288.74,86877.62,85792.17,,76.20098073634662,70.39036201052197
2026-09-21T16:30:00-04:00,87288.74,87298.74,86994.55,87042.15,86877.62,85792.17,,73.06345349396733,71.14754306238676
2026-09-21T16:35:00-04:00,87030.67,87082.98,86943.8,86944.42,86877.62,85792.17,,65.25468962949006,70.63764383306227
2026-09-21T16:40:00-04:00,86944.36,87000,86901.95,86960.12,86877.62,85792.17,,63.44963852804406,70.03309030531057
2026-09-21T16:45:00-04:00,86954.72,86989.01,86871.91,86871.91,86877.62,85792.17,,61.79622764979992,68.72479638898756
2026-09-21T16:50:00-04:00,86871.9,87037.5,86871.9,86948.99,87393.22,85792.17,,60.9897013746336,66.9323829487474
2026-09-21T16:55:00-04:00,86941.79,87083.24,86937.54,87009.63,87393.22,85792.17,,62.818284926370595,65.51703886229605
2026-09-21T17:00:00-04:00,86996.44,86996.44,86760.01,86760.01,87393.22,85792.17,,58.63234202058144,61.91277188710021
2026-09-21T17:05:00-04:00,86760,86760.01,86637.86,86637.87,87393.22,85792.17,,51.60597327104102,59.38633022717425
2026-09-21T17:10:00-04:00,86637.86,86665.47,86600,86600.01,87393.22,85792.17,,48.94597744005186,57.25313983297501
2026-09-21T17:15:00-04:00,86600,86674.59,86585.3,86602.58,87393.22,85792.17,,48.377790835567076,55.08008802932368
2026-09-21T17:20:00-04:00,86602.59,86697.96,86553.77,86676.21,87393.22,85792.17,,49.78916431364056,53.82255030835805
2026-09-21T17:25:00-04:00,86676.22,86688.84,86599.47,86626.88,87393.22,85792.17,,50.21315327150139,52.001074285571626
2026-09-21T17:30:00-04:00,86626.89,86836.08,86626.88,86832.77,87393.22,85792.17,,52.87040040720458,50.98029758859632
2026-09-21T17:35:00-04:00,86830.86,86843.63,86762.54,86826.52,87393.22,85792.17,,56.33792439789429,51.345526393375295
2026-09-21T17:40:00-04:00,86826.53,86859.86,86774.87,86801.12,87393.22,85792.17,,55.65109763894793,52.136047407998305
2026-09-21T17:45:00-04:00,86801.11,86801.12,86655.97,86655.98,87393.22,86553.77,,52.102447494854275,52.2473749804617
2026-09-21T17:50:00-04:00,86655.98,86655.98,86594.45,86599.84,87393.22,86553.77,,48.04738572003028,52.04164594641636
2026-09-21T17:55:00-04:00,86599.83,86631.7,86587.46,86591.49,87393.22,86553.77,,46.82270873925391,51.399816244922654
2026-09-21T18:00:00-04:00,86591.48,86700,86585.72,86699.33,87393.22,86553.77,,48.991866625041155,51.69270690457057
2026-09-21T18:05:00-04:00,86699.32,86708.43,86572.72,86573.05,86859.86,86553.77,,48.77523194862587,50.22976811390016
2026-09-21T18:10:00-04:00,86573.06,86662.29,86563.9,86626.12,86859.86,86553.77,,47.383746194430245,49.13437027500942
2026-09-21T18:15:00-04:00,86626.03,86777.18,86618,86692.24,86859.86,86553.77,,49.94329230030608,48.59896658857391
2026-09-21T18:20:00-04:00,86692.19,86710.95,86550,86550,86859.86,86553.77,86640.02346999999,48.46645234548514,48.0955145180468
2026-09-21T18:25:00-04:00,86550.01,86579.76,86387.08,86416.02,86859.86,86553.77,86640.02346999999,43.25721987064492,47.230347774463816
2026-09-21T18:30:00-04:00,86425.99,86549.76,86389.69,86549.76,86859.86,86553.77,86640.02346999999,43.85142275365345,47.2465756650181
2026-09-21T18:35:00-04:00,86549.75,86600,86489.41,86508.41,86859.86,86553.77,86640.02346999999,46.02844520868125,46.38365594121812
2026-09-21T18:40:00-04:00,86508.45,86522.68,86432.6,86432.6,86777.18,86553.77,86640.02346999999,43.94075239033319,45.86529579122019
2026-09-21T18:45:00-04:00,86432.59,86432.59,86322.47,86345.57,86777.18,86553.77,86600.87112326082,41.14531325762786,44.60124653070316
2026-09-21T18:50:00-04:00,86342.77,86393.79,86305.26,86389.99,86777.18,86553.77,86600.87112326082,40.78189044276557,43.24775240335147
2026-09-21T18:55:00-04:00,86390,86452.55,86372.35,86452.54,86777.18,86553.77,86600.87112326082,43.383245426627084,43.148901696743714
2026-09-21T19:00:00-04:00,86452.54,86570,86421.19,86569.99,86777.18,86553.77,86600.87112326082,47.51513541838635,44.46429970270617
2026-09-21T19:05:00-04:00,86570,86636.5,86552.67,86558.44,86777.18,86553.77,,49.88607117970129,44.87308696132881
2026-09-21T19:10:00-04:00,86558.45,86699.47,86535.25,86651.24,86777.18,86553.77,,51.63657610310297,46.06662281539809
2026-09-21T19:15:00-04:00,86651.25,86699.99,86581.82,86582.94,86777.18,86305.26,,52.04845451323962,47.18957328215922
2026-09-21T19:20:00-04:00,86582.93,86622.77,86550,86551.2,86777.18,86305.26,,49.733384738724354,48.5203575242828
2026-09-21T19:25:00-04:00,86558.21,86558.22,86502.18,86503.22,86777.18,86305.26,,47.909858485323966,49.226135580033045
2026-09-21T19:30:00-04:00,86503.21,86503.22,86417.37,86429.48,86777.18,86305.26,,45.197898619167944,49.038829865008765
2026-09-21T19:35:00-04:00,86417.38,86466.44,86375,86440.1,86777.18,86305.26,,43.88169126471199,48.18800867898324
2026-09-21T19:40:00-04:00,86440.09,86540,86440.09,86459.23,86699.99,86305.26,,44.74201901512055,47.56910067512856
2026-09-21T19:45:00-04:00,86462.75,86488.58,86435.88,86488.57,86699.99,86305.26,,46.18350084829816,46.62998717761044
2026-09-21T19:50:00-04:00,86488.58,86575.07,86486.84,86575.06,86699.99,86305.26,,49.51599834816916,46.84554177082271
2026-09-21T19:55:00-04:00,86575.07,86650,86571.41,86619.03,86699.99,86305.26,,53.128252187245536,47.599949305759345
2026-09-21T20:00:00-04:00,86619.04,86630.22,86397.8,86413.29,86699.99,86375,,48.976012662848674,47.15015725011549
2026-09-21T20:05:00-04:00,86417.51,86499.56,86305.26,86322.75,86699.99,86375,,41.8113039995841,46.63235084302111
2026-09-21T20:10:00-04:00,86322.74,86478.84,86322.74,86478.84,86699.99,86375,,44.044900682320495,47.196788512289345
2026-09-21T20:15:00-04:00,86478.83,86500.57,86398.38,86473.24,86699.99,86375,,48.00549911554941,47.56477372885792
2026-09-21T20:20:00-04:00,86473.25,86481.07,86375,86382.62,86650,86375,,45.87928641804871,47.10987010364665
2026-09-21T20:25:00-04:00,86388.97,86442.88,86332.62,86412.8,86650,86375,,44.69542673510719,46.18746755369737
2026-09-21T20:30:00-04:00,86404.88,86507.83,86392.72,86491.76,86650,86305.26,,47.57610153269482,45.52354134520359
2026-09-21T20:35:00-04:00,86483.81,86483.82,86280.01,86280.01,86650,86305.26,86391.26496,45.184260627361674,45.1041098292725
2026-09-21T20:40:00-04:00,86280,86346.39,86158.44,86346.39,86650,86305.26,86391.26496,42.421781016437095,45.697963350018725
2026-09-21T20:45:00-04:00,86350,86400,86210,86245.15,86650,86305.26,,42.22264793444512,44.5834661870224
2026-09-21T20:50:00-04:00,86245.95,86266.31,86109.47,86160.16,86650,86305.26,,38.878225261049145,43.09017082016151
2026-09-21T20:55:00-04:00,86162.87,86162.88,85872.7,85903.79,86507.83,86305.26,,33.879651388256754,41.15499903565327
2026-09-21T21:00:00-04:00,85918.54,85981.07,85693.7,85693.7,86507.83,86305.26,,28.159427006413424,38.36559946910615
2026-09-21T21:05:00-04:00,85693.71,85905.54,85641.4,85905.54,86507.83,86305.26,,30.96926555428825,36.41018875610854
2026-09-21T21:10:00-04:00,85905.53,85914.88,85738.57,85794.35,86507.83,86305.26,,34.68098352165472,35.36466315318988
2026-09-21T21:15:00-04:00,85777.82,85875,85418.36,85576.24,86507.83,86305.26,,31.237987950032142,33.214819308564266
2026-09-21T21:20:00-04:00,85576.17,85685.38,85512.6,85684.8,86507.83,86305.26,,31.37678045371593,32.265843872981534
2026-09-21T21:25:00-04:00,85684.77,85773.47,85582.31,85773.46,86507.83,86305.26,,35.48375644177394,32.24497107448564
2026-09-21T21:30:00-04:00,85773.47,85845.04,85701.16,85831.83,86507.83,86305.26,,38.440647741627686,33.56898568823038
2026-09-21T21:35:00-04:00,85821.83,85842.98,85641.4,85679.16,86507.83,86305.26,,37.73216716713864,34.9800396918357
2026-09-21T21:40:00-04:00,85679.16,85731.18,85669.15,85690,86507.83,85418.36,,36.093217729008,35.03297202386459
2026-09-21T21:45:00-04:00,85684.76,85724.94,85595.4,85596.11,86507.83,85418.36,,35.18526047690693,35.124118821907764
2026-09-21T21:50:00-04:00,85595.41,85660.59,85551.77,85627.86,86507.83,85418.36,,34.78306538211193,36.045851290173104
2026-09-21T21:55:00-04:00,85627.85,85671.31,85540,85600.75,86507.83,85418.36,,35.16166696410771,36.20551496773398
2026-09-21T22:00:00-04:00,85600.74,85636.31,85505,85535.61,86507.83,85418.36,,33.94445665613611,35.60605135141943
2026-09-21T22:05:00-04:00,85531.42,85688.44,85515.25,85572.32,86507.83,85418.36,,34.05874818593956,34.95354366610881
2026-09-21T22:10:00-04:00,85572.31,85660,85399.68,85610.43,86507.83,85418.36,,36.05779792073088,35.127660138160074
2026-09-21T22:15:00-04:00,85600.95,85685.38,85539.68,85608.86,86507.83,85418.36,,37.056362910315926,35.228728003625356
2026-09-21T22:20:00-04:00,85605.16,85685.38,85520.67,85651.32,86507.83,85418.36,,38.26163044688432,36.00662298672504
2026-09-21T22:25:00-04:00,85661.91,85850,85661.91,85742.6,86507.83,85418.36,,42.00433364021162,37.291947505939554
2026-09-21T22:30:00-04:00,85742.61,85784.79,85642.39,85726.24,86507.83,85418.36,,44.16484027943307,38.578958219675144
2026-09-21T22:35:00-04:00,85726.19,85840,85724.82,85782.39,86507.83,85399.68,,45.36119244956592,40.553872018348066
2026-09-21T22:40:00-04:00,85782.38,85840,85745.52,85809.89,86507.83,85399.68,,47.65797941711559,42.464452857154015
2026-09-21T22:45:00-04:00,85809.5,85874.68,85760.35,85823.1,86507.83,85399.68,,48.778706675031984,44.18841737671981
2026-09-21T22:50:00-04:00,85800.01,85823.98,85669.17,85703.52,86507.83,85399.68,,46.12595480690236,45.05576482760728
2026-09-21T22:55:00-04:00,85705.04,85759.25,85664.25,85715.24,86507.83,85399.68,,43.466654653610775,45.67556715007022
2026-09-21T23:00:00-04:00,85715.25,85753.49,85608.44,85728.63,86507.83,85399.68,,44.26758551857204,45.70240822142454
2026-09-21T23:05:00-04:00,85728.62,85728.62,85595.4,85598.17,86507.83,85399.68,,41.57176775974429,44.934689287302
2026-09-21T23:10:00-04:00,85598.16,85610.25,85460,85530.26,85874.68,85399.68,,37.0400143913753,43.32492877622722
2026-09-21T23:15:00-04:00,85546.42,85595.4,85433.84,85498.78,85874.68,85399.68,,35.015080786725775,41.322432535762054
2026-09-21T23:20:00-04:00,85498.77,85498.77,85310.2,85405.58,85874.68,85399.68,,32.6600946456851,38.719611053556676
2026-09-21T23:25:00-04:00,85397.01,85640.8,85397,85607.85,85874.68,85399.68,,37.50453849532698,38.8591707324548
2026-09-21T23:30:00-04:00,85607.86,85610.58,85433.84,85543.42,85874.68,85399.68,,42.72779849723831,38.50850929459311
2026-09-21T23:35:00-04:00,85543.43,85562.23,85482.89,85487.78,85874.68,85399.68,,40.26098204244778,37.71442688213358
2026-09-21T23:40:00-04:00,85482.52,85500,85429.23,85495.58,85874.68,85399.68,,39.3909258205562,37.88541159768223
2026-09-21T23:45:00-04:00,85487.7,85542.22,85467.02,85542.22,85874.68,85310.2,,41.12880426402519,38.88265256003355
2026-09-21T23:50:00-04:00,85542.22,85550,85479.13,85506.97,85874.68,85310.2,,41.79658818053906,39.82298513877174
2026-09-21T23:55:00-04:00,85506.96,85711.66,85506.62,85686.86,85874.68,85310.2,,46.14662894783038,42.7359480749322
2026-09-22T00:00:00-04:00,85686.94,85729.22,85650,85709.7,85874.68,85310.2,,51.89082073695194,43.93335149352173
2026-09-22T00:05:00-04:00,85706.18,85731.25,85627.82,85630.49,85874.68,85310.2,,50.35158121856118,44.914171709595884
2026-09-22T00:10:00-04:00,85631.07,85698.37,85616.76,85619.43,85874.68,85310.2,,47.954379139440455,46.13146494980534
2026-09-22T00:15:00-04:00,85619.43,85638.54,85511.55,85537.69,85874.68,85310.2,,45.59692888287442,46.687315441686806
2026-09-22T00:20:00-04:00,85537.68,85593.75,85511.6,85555.19,85874.68,85310.2,,44.08178297494038,46.97517315292397
2026-09-22T00:25:00-04:00,85555.19,85643.94,85547.54,85565.85,85874.68,85310.2,,44.98779272210101,47.59908816784736
2026-09-22T00:30:00-04:00,85567.1,85567.1,85480.42,85480.42,85731.25,85310.2,,43.09860587516144,46.104309417875704
2026-09-22T00:35:00-04:00,85480.43,85608.64,85467.75,85581.78,85731.25,85310.2,,44.1738621506807,45.39424285748415
2026-09-22T00:40:00-04:00,85581.63,85624.32,85535.77,85535.78,85731.25,85310.2,,46.256320412884264,44.93423490196801
2026-09-22T00:45:00-04:00,85525.01,85525.01,85471.56,85497.35,85731.25,85310.2,,44.017074201886736,44.26929858961166
2026-09-22T00:50:00-04:00,85518.32,85525.78,85450,85518.7,85731.25,85310.2,,43.75324863353447,44.40746911644231
2026-09-22T00:55:00-04:00,85535.12,85541.59,85433.84,85464.38,85731.25,85310.2,,43.01397418889047,43.96421036502597
2026-09-22T01:00:00-04:00,85464.39,85498.67,85380.81,85406.74,85731.25,85310.2,,40.06518628136239,43.00101013337413
2026-09-22T01:05:00-04:00,85406.73,85509.79,85392.29,85475.63,85731.25,85310.2,,41.15760055789717,43.40963741723618
2026-09-22T01:10:00-04:00,85475.64,85506.01,85394.13,85411.42,85731.25,85310.2,,42.02949477186003,42.38833373942538
2026-09-22T01:15:00-04:00,85424.25,85424.25,85229.68,85230.22,85731.25,85310.2,,36.5062682085803,40.623908216006484
2026-09-22T01:20:00-04:00,85230.21,85362.99,85222.19,85250.01,85731.25,85310.2,,33.40780550599392,39.357114112027425
2026-09-22T01:25:00-04:00,85250,85258.24,85165.88,85219.33,85731.25,85310.2,,33.54267022757131,37.706600100017006
2026-09-22T01:30:00-04:00,85219.32,85247.44,85125,85197.48,85731.25,85310.2,,32.507896407951584,36.35537760318774
2026-09-22T01:35:00-04:00,85197.48,85349.99,85136.24,85349.98,85731.25,85310.2,,37.68181658894726,37.02563733075554
2026-09-22T01:40:00-04:00,85349.99,85429.26,85349.98,85422.11,85731.25,85310.2,,45.48868550265442,37.592830444546955
2026-09-22T01:45:00-04:00,85422.12,85563.77,85422.11,85535.16,85731.25,85310.2,,50.71648227706204,39.507633760813256
2026-09-22T01:50:00-04:00,85544.83,85590.06,85500,85527.2,85731.25,85310.2,,53.510805074222944,42.451269549016274
2026-09-22T01:55:00-04:00,85527.21,85534.72,85401,85401.01,85731.25,85125,,49.831139837547866,44.20001499840009
2026-09-22T02:00:00-04:00,85401.76,85478.73,85345.66,85345.66,85731.25,85125,,45.04980451027247,45.7390222012166
2026-09-22T02:05:00-04:00,85345.66,85391.02,85327.37,85337.03,85731.25,85125,,43.50496605713971,47.34203489816813
2026-09-22T02:10:00-04:00,85333.47,85387.5,85268.27,85353.11,85731.25,85125,,43.83019482856436,47.495701698250066
2026-09-22T02:15:00-04:00,85354.25,85380.43,85265.01,85265.01,85590.06,85125,,42.14414634707222,46.38645228228751
2026-09-22T02:20:00-04:00,85265,85301.62,85265,85266.49,85590.06,85125,,39.97785957279825,44.42752378274612
2026-09-22T02:25:00-04:00,85272.29,85383.29,85267.74,85383.26,85590.06,85125,,44.02453694175007,43.67608995872383
2026-09-22T02:30:00-04:00,85383.3,85538.49,85358.67,85478.06,85590.06,85125,,50.72717546660217,44.68353396247592
2026-09-22T02:35:00-04:00,85477.09,85583.5,85477.08,85564.73,85590.06,85125,,55.60508156724367,46.69188340357273
2026-09-22T02:40:00-04:00,85564.74,85575.45,85500,85500,85590.06,85125,,55.760239233726764,48.185040584357935
2026-09-22T02:45:00-04:00,85500.01,85500.01,85460,85460.5,85590.06,85265,,52.57122119402837,49.18931950799102
2026-09-22T02:50:00-04:00,85460.51,85506.19,85460,85460.01,85590.06,85265,,51.379667252398946,50.82376084302272
2026-09-22T02:55:00-04:00,85460,85460.01,85371.15,85388.48,85590.06,85265,,49.203248153439034,51.82514481674553
2026-09-22T03:00:00-04:00,85388.49,85407.59,85301.01,85364.84,85583.5,85265,,46.357810115473114,51.4904103212293
2026-09-22T03:05:00-04:00,85365.18,85444.47,85331.16,85439.09,85583.5,85265,,48.1064878849417,51.07637693627111
2026-09-22T03:10:00-04:00,85439.1,85509.05,85425.93,85462.1,85583.5,85265,,51.25692933795138,50.24808111286007
2026-09-22T03:15:00-04:00,85458.58,85473.31,85355.01,85355.01,85583.5,85265,,48.67456884560077,49.05189968252082
2026-09-22T03:20:00-04:00,85355,85370.73,85222,85230.39,85583.5,85265,,42.259673126044135,47.301924522007425
2026-09-22T03:25:00-04:00,85226.81,85314.82,85219.69,85314.82,85583.5,85265,,41.915314057371106,46.34779876965573
2026-09-22T03:30:00-04:00,85318.74,85336.01,85201,85202.05,85583.5,85265,,42.09842440749661,45.27197488030959
2026-09-22T03:35:00-04:00,85201,85250,85171.12,85247.78,85509.05,85265,,40.96696751138053,44.80755802562927
2026-09-22T03:40:00-04:00,85247.77,85281.44,85210.03,85225,85509.05,85265,,41.888884010341236,43.49551663042376
2026-09-22T03:45:00-04:00,85272.53,85318.75,85250,85270.48,85509.05,85265,,42.86050541794697,42.40857976277088
2026-09-22T03:50:00-04:00,85270.47,85330.73,85268.15,85321.15,85509.05,85265,,45.980329404867376,42.72573393307135
2026-09-22T03:55:00-04:00,85321.14,85340.1,85275,85340.09,85509.05,85265,,48.19268406849036,44.10372574632693
2026-09-22T04:00:00-04:00,85340.1,85487.99,85336.35,85470.97,85509.05,85171.12,,52.508725646399625,45.75242295850806
2026-09-22T04:05:00-04:00,85471.53,85500,85401.44,85496.73,85509.05,85171.12,,56.880159626285845,48.327078665981
2026-09-22T04:10:00-04:00,85496.74,85521.98,85475.99,85485.54,85509.05,85171.12,,57.13738447598969,50.372542091253536
2026-09-22T04:15:00-04:00,85477.68,85521.97,85432.21,85504.61,85509.05,85171.12,,57.274463292576144,52.72295846090526
2026-09-22T04:20:00-04:00,85504.62,85533,85496.34,85525.24,85509.05,85171.12,,58.39696516629828,54.81153059078248
2026-09-22T04:25:00-04:00,85525.25,85598.7,85403.2,85416.97,85509.05,85171.12,,54.965608907095685,55.290181175827634
2026-09-22T04:30:00-04:00,85417.12,85499,85327.38,85498.99,85509.05,85171.12,,53.399886795364466,56.2993027984608
2026-09-22T04:35:00-04:00,85499,85883.29,85498.99,85883.28,85509.05,85171.12,,63.26099913201314,58.36225931457438
2026-09-22T04:40:00-04:00,85883.29,86131.18,85836.71,86131.17,85509.05,85171.12,,73.43975772900573,61.03061654209508
2026-09-22T04:45:00-04:00,86136.64,86289.78,86028.39,86250,85509.05,85171.12,,77.26965948268588,64.11433788791615
2026-09-22T04:50:00-04:00,86250,86354.3,86171.69,86271.75,85509.05,85171.12,,78.51378754225232,67.09899489914542
2026-09-22T04:55:00-04:00,86272.05,86308.72,86203.15,86226.63,85509.05,85327.38,,77.24239832818796,69.49874736274178
2026-09-22T05:00:00-04:00,86226.64,86226.64,85698.94,85698.94,85509.05,85327.38,,63.72762523268561,69.60242813502826
2026-09-22T05:05:00-04:00,85699.13,85921.54,85688.01,85849.1,85509.05,85327.38,,53.81778185865328,69.61814595225286
2026-09-22T05:10:00-04:00,85842.03,86021.64,85823.56,85937.48,85509.05,85327.38,,57.13848363966534,67.85313799435745
2026-09-22T05:15:00-04:00,85936.8,86000,85911.67,85946.42,86354.3,85327.38,,58.43263921403879,65.33039780511945
2026-09-22T05:20:00-04:00,85946.43,85978.63,85851.31,85887.02,86354.3,85327.38,,57.39141528910674,62.17363965333484
2026-09-22T05:25:00-04:00,85887.03,85925.62,85840,85903.96,86354.3,85327.38,,56.493307119520786,59.0388319700533
2026-09-22T05:30:00-04:00,85903.95,85993.78,85865.42,85916.9,86354.3,85688.01,,56.96880388739092,56.38118409882141
2026-09-22T05:35:00-04:00,85911.21,86060,85853.28,85983.08,86354.3,85688.01,,58.27793228257379,57.48177684144993
2026-09-22T05:40:00-04:00,85973.07,86070,85966.25,86050.52,86354.3,85688.01,,60.4565050073971,58.27796214131964
2026-09-22T05:45:00-04:00,86050.53,86073.46,86027.69,86036.65,86354.3,85688.01,,61.17937137620249,58.63631619474626
2026-09-22T05:50:00-04:00,86038.83,86255.29,86020.86,86183.4,86354.3,85688.01,,63.11725548604318,59.6164239333209
2026-09-22T05:55:00-04:00,86178.94,86272.57,86140.49,86264.55,86354.3,85688.01,,66.54224091815982,61.25083780304715
2026-09-22T06:00:00-04:00,86264.56,86272.95,86180.28,86180.28,86354.3,85688.01,,65.36942598276099,62.15245789424667
2026-09-22T06:05:00-04:00,86180.29,86180.29,86105.14,86105.15,86354.3,85688.01,,61.13509664894647,62.44120716349158
2026-09-22T06:10:00-04:00,86105.14,86119.49,86031,86048.7,86354.3,85688.01,,57.80321716090228,62.016825002340525
2026-09-22T06:15:00-04:00,86048.69,86097.21,86035.88,86036.84,86354.3,85688.01,,56.10599999864489,61.19820573241953
2026-09-22T06:20:00-04:00,86037.02,86058.22,85920,85940.56,86354.3,85688.01,,53.44533513126802,59.80710036093068
2026-09-22T06:25:00-04:00,85940.57,85940.57,85840,85870.86,86272.95,85688.01,,49.50162292661268,57.30802500115368
2026-09-22T06:30:00-04:00,85870.85,85873.77,85750.01,85801.64,86272.95,85688.01,,46.43215182249725,54.0613606193128
2026-09-22T06:35:00-04:00,85801.63,85931.55,85795.27,85931.55,86272.95,85688.01,,48.01415468749603,52.3493760596494
2026-09-22T06:40:00-04:00,85931.54,85948.87,85863.44,85863.44,86272.95,85688.01,,49.571138986107314,50.75737271564447
2026-09-22T06:45:00-04:00,85856.54,85857.63,85800,85824.25,86272.95,85688.01,,47.207237962358796,49.32195343149412
2026-09-22T06:50:00-04:00,85824.24,85971.98,85823.85,85971.97,86272.95,85688.01,,49.72706110382387,48.93481874569561
2026-09-22T06:55:00-04:00,85971.98,85982.24,85907.49,85908.31,86272.95,85750.01,,51.63463318843451,48.804610019255975
2026-09-22T07:00:00-04:00,85906.66,86000,85900.94,85979.54,86272.95,85750.01,,51.722969241013054,49.56948912123857
2026-09-22T07:05:00-04:00,85979.54,85996.55,85823.63,85823.63,86272.95,85750.01,,49.864952052186176,49.785410084881384
2026-09-22T07:10:00-04:00,85819.71,85987.31,85767.99,85983.26,86272.95,85750.01,,49.76659253957266,50.07018565040331
2026-09-22T07:15:00-04:00,85983.27,86096.63,85971.69,86047.88,86272.95,85750.01,,54.27787981415716,51.13019317860991
2026-09-22T07:20:00-04:00,86057.62,86097.2,86046.92,86053.01,86272.95,85750.01,,55.57504512477418,52.46098769680771
2026-09-22T07:25:00-04:00,86053,86080.27,85929.51,85929.54,86272.95,85750.01,,52.84876859744821,52.022109605359724
2026-09-22T07:30:00-04:00,85929.53,85973.89,85870.25,85927.82,86272.95,85750.01,,49.987552817203394,51.990393305027396
2026-09-22T07:35:00-04:00,85931.18,86095.16,85927.82,86072.99,86272.95,85767.99,,52.985981627421154,52.38297028719061
2026-09-22T07:40:00-04:00,86073,86145.6,86073,86109.48,86272.95,85767.99,,56.72166226766677,53.94945336659328
2026-09-22T07:45:00-04:00,86109.24,86133.75,86050,86075.01,86272.95,85767.99,,56.5212154901937,54.312862558796624
2026-09-22T07:50:00-04:00,86086.53,86096.58,85945.51,85945.52,86272.95,85767.99,,52.4924738639103,53.43933738080847
2026-09-22T07:55:00-04:00,85945.52,86005.68,85903.47,85982.14,86272.95,85767.99,,50.20224783872467,52.77777761992534
2026-09-22T08:00:00-04:00,85982.14,86037.62,85941.37,85954.53,86272.95,85767.99,,50.372525705187556,52.73183941159114
2026-09-22T08:05:00-04:00,85969.16,86002.01,85941.38,85956.46,86145.6,85767.99,,49.75348093686415,52.7108999398284
2026-09-22T08:10:00-04:00,85949.12,86017.14,85933.31,85933.31,86145.6,85767.99,,49.185588354415444,51.646012762160936
2026-09-22T08:15:00-04:00,85921.06,85932.72,85787.27,85843.31,86145.6,85767.99,,46.28449937432291,49.72885339887302
2026-09-22T08:20:00-04:00,85843.3,85988.55,85843.3,85965.97,86145.6,85767.99,,47.396752819018474,49.03902342753945
2026-09-22T08:25:00-04:00,85961.38,86098.55,85950.87,86098.55,86145.6,85767.99,,53.83650370151018,50.11286192390156
2026-09-22T08:30:00-04:00,86104.12,86179.99,86050,86050,86145.6,85767.99,,55.55731083283602,50.56904142585698
2026-09-22T08:35:00-04:00,86050.01,86094.92,86006.26,86024.48,86145.6,85767.99,,53.53856692449985,51.017445129419364
2026-09-22T08:40:00-04:00,86024.49,86059.16,85995.51,85995.51,86145.6,85787.27,,52.03927172695839,51.222124508741054
2026-09-22T08:45:00-04:00,85995.52,86027.98,85978.35,86016.06,86145.6,85787.27,,51.78933271654674,51.76137209002831
2026-09-22T08:50:00-04:00,86016.05,86067.5,85950,85952.13,86145.6,85787.27,,50.49285125543831,52.42451076048831
2026-09-22T08:55:00-04:00,85952.12,86050,85952.12,86028.8,86179.99,85787.27,,50.79107464030882,52.73117832468269
2026-09-22T09:00:00-04:00,86028.79,86177.68,86019.58,86063.46,86179.99,85787.27,,53.86025835907667,52.4312978055073
2026-09-22T09:05:00-04:00,86075,86216.6,86074.99,86138.45,86179.99,85787.27,86094.10970999999,56.6705373109738,53.04924303272206
2026-09-22T09:10:00-04:00,86138.51,86162.51,86056.64,86070.49,86179.99,85787.27,,56.35198544482134,53.2351316684563
2026-09-22T09:15:00-04:00,86070.5,86070.5,85950,86002.15,86179.99,85787.27,,52.10015830155867,53.06663919689356
2026-09-22T09:20:00-04:00,86001.93,86044.55,85932.62,85932.63,86179.99,85787.27,,48.14436368074148,52.19371194394051
2026-09-22T09:25:00-04:00,85932.62,85932.62,85715.93,85753.79,86179.99,85787.27,85872.75696999999,42.19480843604207,50.69576981992321
2026-09-22T09:30:00-04:00,85779.98,86093.86,85600,86093.86,86216.6,85787.27,,46.30345524130555,50.91153497279671
2026-09-22T09:35:00-04:00,86093.86,86173.63,85753.63,85838.37,86216.6,85787.27,,49.666292066818606,49.4974937364209
2026-09-22T09:40:00-04:00,85838.37,85962.67,85710,85925.3,86216.6,85787.27,,46.549769212241465,48.01988694458747
2026-09-22T09:45:00-04:00,85915.29,86128.82,85878.98,86128.82,86216.6,85787.27,,51.64277492852274,48.15200501747845
2026-09-22T09:50:00-04:00,86126.35,86168,86069.54,86115.2,86216.6,85787.27,,54.80875492608651,48.793771694452566
2026-09-22T09:55:00-04:00,86115.21,86357.08,86099.61,86338.7,86216.6,85600,,57.799709824784856,50.91067534434798
2026-09-22T10:00:00-04:00,86338.71,86359.02,86085.17,86146.11,86216.6,85600,,57.47331252323281,53.159058576507064
2026-09-22T10:05:00-04:00,86135.95,86251.56,86075,86125.62,86216.6,85600,,53.538798503564216,52.97791627642188
2026-09-22T10:10:00-04:00,86125.85,86457.34,86119.05,86352.74,86216.6,85600,,56.378618574019,55.07686614999289
2026-09-22T10:15:00-04:00,86355.58,86375.85,86120,86121.36,86216.6,85600,,55.693989981173004,55.59055078183089
2026-09-22T10:20:00-04:00,86121.35,86198.36,86063.43,86148.11,86216.6,85600,,52.197128881333384,55.23525299365307
2026-09-22T10:25:00-04:00,86147.38,86158.66,85932.69,85932.69,86216.6,85600,,49.384403298389145,54.04073603106023
2026-09-22T10:30:00-04:00,85927.85,85938.47,85714.28,85758.09,86216.6,85600,,43.97084880532074,51.28414984523476
2026-09-22T10:35:00-04:00,85752.09,85900,85486.11,85890.53,86457.34,85600,,43.871707469360274,50.15456315852521
2026-09-22T10:40:00-04:00,85890.54,86000,85800,85895.32,86457.34,85600,,46.064997102871516,49.148778016465414
2026-09-22T10:45:00-04:00,85895.33,86042.04,85895.33,86027.19,86457.34,85600,,48.22132776485436,47.823908641621024
2026-09-22T10:50:00-04:00,86027.16,86080,85937.58,86078.54,86457.34,85600,,51.08106699250308,47.83080001970257
2026-09-22T10:55:00-04:00,86079.18,86250.43,86079.17,86250.43,86457.34,85600,,54.306501322314915,48.42658648190145
2026-09-22T11:00:00-04:00,86250.42,86275.8,86174.68,86249.99,86457.34,85486.11,,56.74433325393919,49.93363714985973
2026-09-22T11:05:00-04:00,86250,86375.85,86232.45,86240.32,86457.34,85486.11,,56.54960543775008,52.02051694830984
2026-09-22T11:10:00-04:00,86210.98,86294.72,86125,86294,86457.34,85486.11,,57.18911463079006,53.73861062455395
2026-09-22T11:15:00-04:00,86293.99,86305.11,86110.7,86200,86457.34,85486.11,,56.08183157745317,54.882469655333175
2026-09-22T11:20:00-04:00,86203.08,86301.75,86138.21,86250,86457.34,85486.11,,54.99144894081351,55.67293096054228
2026-09-22T11:25:00-04:00,86238.71,86307.76,86238.71,86279.25,86457.34,85486.11,,56.33472567228884,56.38351499241482
2026-09-22T11:30:00-04:00,86265.1,86333.85,86240.03,86274.75,86375.85,85486.11,,56.72858747549188,56.3649555757357
2026-09-22T11:35:00-04:00,86277.21,86371.06,86250.1,86317.09,86375.85,85486.11,,57.41386391715681,56.57480946761986
2026-09-22T11:40:00-04:00,86317.08,86555.5,86317.08,86549.93,86375.85,85486.11,,61.91916532810423,57.89911554440833
2026-09-22T11:45:00-04:00,86549.94,86700,86410,86479.86,86375.85,85486.11,,63.84582136069234,58.47672567616337
2026-09-22T11:50:00-04:00,86479.89,86479.92,86323.71,86393.92,86375.85,85486.11,,59.97648122295055,59.011872585979006
2026-09-22T11:55:00-04:00,86393.91,86470,86393.91,86411.66,86375.85,85486.11,,58.20372317216045,59.39451831369107
2026-09-22T12:00:00-04:00,86411.67,86500,86390.59,86409.98,86375.85,85486.11,,58.46937018257618,59.621771017489664
2026-09-22T12:05:00-04:00,86394.63,86449.25,86308.99,86308.99,86375.85,85486.11,,55.84502921898864,59.142073097547275
2026-09-22T12:10:00-04:00,86309,86309,86159.33,86188.16,86700,85486.11,,50.54294919815918,57.65865252634749
2026-09-22T12:15:00-04:00,86188.15,86252,86107.66,86123.57,86700,85486.11,,46.49296246085379,54.734586564047156
2026-09-22T12:20:00-04:00,86123.56,86233.65,86100,86233.65,86700,85486.11,,47.701642794684226,53.046030078916594
2026-09-22T12:25:00-04:00,86233.64,86301.75,86106,86106.01,86700,85486.11,,47.63685524034125,51.2089791404445
2026-09-22T12:30:00-04:00,86106,86189.42,86085.68,86181,86700,85486.11,,46.72527423033984,49.76647323839642
2026-09-22T12:35:00-04:00,86173.39,86223.64,86130.55,86214.78,86700,85486.11,,49.16289140811216,48.54998520488335
2026-09-22T12:40:00-04:00,86214.77,86300,86172.46,86236.34,86700,85486.11,,50.399177155660986,48.21051550601709
2026-09-22T12:45:00-04:00,86236.33,86389.99,86218.82,86389.99,86700,85486.11,,54.088430182884956,49.56297977194786
2026-09-22T12:50:00-04:00,86399.99,86589.38,86378.53,86556.24,86700,85486.11,,60.10416117145481,52.09942942333167
2026-09-22T12:55:00-04:00,86554.52,86558.88,86433.82,86433.83,86700,86085.68,,59.94212327264911,53.06025990850925
2026-09-22T13:00:00-04:00,86433.82,86565.89,86380.72,86488.88,86700,86085.68,,57.907691153042215,55.03395396981766
2026-09-22T13:05:00-04:00,86488.89,86538.17,86433.91,86465.6,86700,86085.68,,58.27493762831374,56.3601637365018
2026-09-22T13:10:00-04:00,86463.6,86550,86397.6,86436.33,86700,86085.68,,56.954367718099476,57.260090058385465
2026-09-22T13:15:00-04:00,86433.31,86500,86260,86378.57,86589.38,86085.68,,54.7480445573592,57.60269727984414
2026-09-22T13:20:00-04:00,86382.46,86499.98,86382.46,86499.98,86589.38,86085.68,,55.74646605716826,57.73381459389498
2026-09-22T13:25:00-04:00,86499.97,86586.64,86499.97,86586.63,86589.38,86085.68,,59.77143226585877,57.50763187824527
2026-09-22T13:30:00-04:00,86586.64,86635.95,86544.91,86581.97,86589.38,86085.68,,61.20393009001578,58.09433082742832
2026-09-22T13:35:00-04:00,86581.96,86611.5,86470.3,86470.3,86589.38,86085.68,,58.00955345696884,57.536735393652876
2026-09-22T13:40:00-04:00,86474.09,86562.47,86457.54,86476.39,86589.38,86260,,55.07950348271159,57.18134964297057
2026-09-22T13:45:00-04:00,86476.4,86542.97,86420,86476.53,86589.38,86260,,55.21463237368792,57.03966815239244
2026-09-22T13:50:00-04:00,86479.3,86608.99,86427.93,86550.48,86589.38,86260,,56.92317999718208,57.80281691149139
2026-09-22T13:55:00-04:00,86544.71,86660,86487.88,86571.94,86589.38,86260,,59.10938645153243,58.000502550782194
2026-09-22T14:00:00-04:00,86578.55,86632.04,86540,86591.94,86589.38,86260,,60.0509829020681,57.882688521836904
2026-09-22T14:05:00-04:00,86591.93,86608.05,86510.88,86513.79,86589.38,86260,,57.86282264082199,57.04590042244111
2026-09-22T14:10:00-04:00,86513.78,86650,86459,86539.74,86589.38,86260,,55.89374685167107,57.27817234889468
2026-09-22T14:15:00-04:00,86539.75,86650.82,86539.74,86590,86589.38,86260,,57.866483651473274,57.84218047065873
2026-09-22T14:20:00-04:00,86580.21,86592.23,86488.95,86495.01,86660,86260,,55.96193432561847,57.49168719230341
2026-09-22T14:25:00-04:00,86495,86495.01,86299.66,86305.27,86660,86260,,47.78709620237439,55.23187081499939
2026-09-22T14:30:00-04:00,86294.62,86349.75,86260,86312.67,86660,86260,,43.034572929434034,52.898883328846715
2026-09-22T14:35:00-04:00,86329.1,86421.1,86304.05,86421.1,86660,86260,,46.390453268547446,51.328862348279195
2026-09-22T14:40:00-04:00,86424.19,86449.23,86398.59,86411.2,86660,86260,,49.25571513339614,50.43970975529647
2026-09-22T14:45:00-04:00,86410.13,86564.17,86410.13,86503.03,86660,86260,,51.460100234201015,50.06210617185918
2026-09-22T14:50:00-04:00,86503.04,86536.54,86456.14,86527.08,86660,86260,,54.54279275218417,49.49008378407102
2026-09-22T14:55:00-04:00,86527.07,86584.59,86460.74,86462.66,86660,86260,,53.19071212800236,49.27032840111172
2026-09-22T15:00:00-04:00,86462.66,86525.58,86410,86477.74,86660,86260,,51.65637017738815,50.59559063407494
2026-09-22T15:05:00-04:00,86477.75,86522.8,86446.92,86514.05,86660,86260,,53.13459229617644,52.15604822018098
2026-09-22T15:10:00-04:00,86514.05,86534.82,86460.28,86481.63,86660,86260,,53.089035726240915,52.50947133627307
2026-09-22T15:15:00-04:00,86481.63,86565.89,86481.63,86538.88,86660,86260,,53.706632410597095,53.42773887080982
2026-09-22T15:20:00-04:00,86538.87,86538.88,86450.67,86492.67,86584.59,86260,,53.8008633524374,53.17826079862632
2026-09-22T15:25:00-04:00,86492.68,86588.52,86482.42,86531.57,86584.59,86260,,53.38516907722061,53.09698924939166
2026-09-22T15:30:00-04:00,86531.56,86532.21,86371.06,86470.36,86584.59,86260,,52.4449568895209,52.96518787334592
2026-09-22T15:35:00-04:00,86474.44,86499.99,86281.8,86339.14,86584.59,86260,,46.44626491953623,51.608387747148264
2026-09-22T15:40:00-04:00,86339.15,86431.62,86331.49,86378.66,86584.59,86260,,43.949179180925555,50.340784126131375
2026-09-22T15:45:00-04:00,86379.74,86398.45,86294.12,86339.73,86584.59,86260,,44.225078075783955,49.07582841844627
2026-09-22T15:50:00-04:00,86339.74,86339.74,86180.6,86180.61,86588.52,86260,,39.38727494304592,46.24953913540247
2026-09-22T15:55:00-04:00,86180.6,86258.56,86150,86206.79,86588.52,86260,,36.59636061989782,44.160256209149246
2026-09-22T16:00:00-04:00,86220.6,86264.02,86146.67,86262.6,86588.52,86260,,39.5650463396976,42.300932638967325
2026-09-22T16:05:00-04:00,86261.52,86281.25,86187.11,86230.16,86588.52,86260,,40.76741669635665,40.82381615395946
2026-09-22T16:10:00-04:00,86230.15,86261.29,86184.98,86211.38,86588.52,86260,,39.49335818139417,40.31438785664103
2026-09-22T16:15:00-04:00,86211.53,86244.15,86200.04,86228.45,86588.52,86260,,39.709684152509936,39.612531860126424
2026-09-22T16:20:00-04:00,86228.04,86318.13,86226.89,86318.13,86588.52,86260,,43.76472803481151,40.18285927350604
2026-09-22T16:25:00-04:00,86318.12,86379.26,86311.62,86341.39,86588.52,86146.67,,47.94205793018296,42.05675557073702
2026-09-22T16:30:00-04:00,86338.91,86339.72,86237.33,86338.12,86588.52,86146.67,,48.638603466659646,43.623500086866564
2026-09-22T16:35:00-04:00,86338.13,86353.85,86326.84,86339.78,86588.52,86146.67,,48.59091209552261,44.63557435811558
2026-09-22T16:40:00-04:00,86339.77,86350.54,86315.58,86318.98,86588.52,86146.67,,47.85711051570246,45.64912689239394
2026-09-22T16:45:00-04:00,86318.99,86318.99,86245.03,86275.13,86588.52,86146.67,,45.426756371452676,46.33083098384658
2026-09-22T16:50:00-04:00,86275.14,86303.54,86213.42,86214.63,86379.26,86146.67,,41.749266850420064,46.23186480608255
2026-09-22T16:55:00-04:00,86214.62,86238.79,86188.55,86238.79,86379.26,86146.67,,40.86805296316039,45.50320953480341
2026-09-22T17:00:00-04:00,86250,86333.7,86249.99,86295.85,86379.26,86146.67,,44.62511882932689,45.284167920123664
2026-09-22T17:05:00-04:00,86285.72,86312.42,86229.78,86233.25,86379.26,86146.67,,44.961132929729615,44.452503667109106
2026-09-22T17:10:00-04:00,86233.24,86249.99,86205.24,86249.66,86379.26,86146.67,,43.45723882167752,43.8174041275965
2026-09-22T17:15:00-04:00,86249.67,86251.33,86227.24,86228.16,86379.26,86146.67,,43.419756504639395,43.184688235376804
2026-09-22T17:20:00-04:00,86228.17,86244.93,86216.29,86228.03,86379.26,86188.55,,42.624608323367724,43.01679039957222
2026-09-22T17:25:00-04:00,86228.03,86263.98,86216.05,86242.97,86379.26,86188.55,,43.42284535599077,43.66285352268272
2026-09-22T17:30:00-04:00,86242.98,86288.88,86242.98,86262.45,86379.26,86188.55,,45.280837827683996,44.277586075150396
2026-09-22T17:35:00-04:00,86262.44,86288.88,86227.19,86244.64,86379.26,86188.55,,45.503808751294564,43.91390778610206
2026-09-22T17:40:00-04:00,86244.63,86244.63,86173.13,86205.36,86379.26,86188.55,,42.91688075891536,43.69351402634633
2026-09-22T17:45:00-04:00,86205.37,86295.01,86205.36,86293.05,86379.26,86188.55,,45.83633404550959,44.5936492786255
2026-09-22T17:50:00-04:00,86299,86299,86229.82,86229.83,86379.26,86188.55,,47.73735848959371,44.92711459347613
2026-09-22T17:55:00-04:00,86229.82,86260.03,86178.61,86178.61,86379.26,86188.55,,42.99801030701376,44.700335559667224
2026-09-22T18:00:00-04:00,86178.62,86281.25,86020.16,86098.74,86379.26,86188.55,,38.40537064948818,43.49355039161825
2026-09-22T18:05:00-04:00,86098.73,86159.91,86066.46,86084.01,86379.26,86188.55,,35.334910487781826,41.85864203398089
2026-09-22T18:10:00-04:00,86089.54,86094.62,85995.57,86026.87,86379.26,86188.55,,33.253584167503476,39.99348622482079
2026-09-22T18:15:00-04:00,86026.86,86199.64,86026.86,86199.64,86299,86188.55,,39.62065398156808,40.916862954738804
2026-09-22T18:20:00-04:00,86199.64,86199.97,86137.83,86141.73,86299,86188.55,,45.76987784676899,39.974498739466334
2026-09-22T18:25:00-04:00,86158.28,86193.46,86144.58,86159.72,86299,86188.55,,44.62681435278529,40.028136058507826
2026-09-22T18:30:00-04:00,86159.71,86202.61,86157.52,86202.6,86299,86188.55,,47.01254271880392,41.121507999977815
2026-09-22T18:35:00-04:00,86202.61,86233.65,86165.41,86216.36,86299,85995.57,,49.21739247744688,43.11728515221031
2026-09-22T18:40:00-04:00,86216.46,86260,86182.74,86213.38,86299,85995.57,,49.62936330649043,45.2056373767517
2026-09-22T18:45:00-04:00,86212.47,86261.75,86152.27,86181.77,86299,85995.57,,48.220632623259405,47.39358471099772
2026-09-22T18:50:00-04:00,86180.51,86197.6,86157.17,86165.73,86299,85995.57,,46.28223117768631,47.108945147071196
2026-09-22T18:55:00-04:00,86165.74,86174.85,86109.24,86119.41,86299,85995.57,,43.825122668001285,46.83794037420695
2026-09-22T19:00:00-04:00,86119.4,86217.6,86119.39,86171.1,86299,85995.57,,44.53785701997518,47.08352876626831
2026-09-22T19:05:00-04:00,86171.66,86461.99,86171.66,86461.99,86299,85995.57,86275.51756346576,56.192977969613715,49.46092187443833
2026-09-22T19:10:00-04:00,86466.26,86484.02,86303.87,86372.44,86299,85995.57,86275.51756346576,61.97429777024065,50.728358849923666
2026-09-22T19:15:00-04:00,86372.45,86442.07,86342.08,86342.08,86299,85995.57,86275.51756346576,57.56212387572364,51.72742489421925
2026-09-22T19:20:00-04:00,86342.21,86383.18,86300.38,86303.19,86299,86109.24,86275.51756346576,55.16203847445746,52.71161766455169
2026-09-22T19:25:00-04:00,86306.26,86306.26,86153.61,86215.32,86299,86109.24,,51.03428672191684,53.085155049713684
2026-09-22T19:30:00-04:00,86215.31,86250.96,86120.39,86203.58,86299,86109.24,,47.89354834497145,53.87402500082887
2026-09-22T19:35:00-04:00,86203.59,86222.78,86120,86123.12,86484.02,86109.24,,45.21567829568352,53.27881827134463
2026-09-22T19:40:00-04:00,86123.46,86163.99,86095.41,86129.25,86484.02,86109.24,,43.11916633416403,50.13865024784325
2026-09-22T19:45:00-04:00,86129.26,86209.62,86100,86127.65,86484.02,86109.24,,43.29800659783733,47.9427350792294
2026-09-22T19:50:00-04:00,86127.64,86200,86113.13,86171.57,86484.02,86109.24,,45.0057405994002,46.5511121688937
2026-09-22T19:55:00-04:00,86173.3,86198.65,86146.05,86196.07,86484.02,86109.24,,47.716040239436666,45.8153070120806
2026-09-22T20:00:00-04:00,86200,86243.41,86135.25,86178.45,86484.02,86109.24,,48.012867574159216,45.68784955524866
2026-09-22T20:05:00-04:00,86179.2,86235.27,86126.26,86225.42,86484.02,86095.41,,49.249855979984424,46.20282347922717
2026-09-22T20:10:00-04:00,86225.43,86361.3,86221.92,86344.03,86484.02,86095.41,,55.14258527516752,48.52410869224409
2026-09-22T20:15:00-04:00,86344.02,86495,86343.5,86494.99,86484.02,86095.41,86397.83568,62.88443567787178,51.850043291715096
2026-09-22T20:20:00-04:00,86495,86495,86433.88,86494.99,86484.02,86095.41,86397.83568,66.62791614455179,55.189797134162504
2026-09-22T20:25:00-04:00,86495,86495,86419.75,86441.35,86484.02,86095.41,86397.83568,64.28894563039017,57.359530443426515
2026-09-22T20:30:00-04:00,86440.44,86500,86437.35,86500,86484.02,86095.41,86397.83568,63.402722766649546,59.67170642765189
2026-09-22T20:35:00-04:00,86500,86540,86444.49,86456.27,86484.02,86095.41,86397.83568,62.98205538039598,61.636441245208445
2026-09-22T20:40:00-04:00,86458.35,86560,86411.97,86433.25,86484.02,86095.41,86397.83568,60.13968267576369,62.78308548358883
2026-09-22T20:45:00-04:00,86434.78,86480.61,86415.95,86467.68,86484.02,86095.41,86397.83568,60.162823017895775,63.070794885987944
2026-09-22T20:50:00-04:00,86467.69,86496.77,86438.38,86438.38,86484.02,86095.41,86397.83568,59.851137575972146,61.91642888304608
2026-09-22T20:55:00-04:00,86438.39,86468.06,86405,86450.43,86484.02,86095.41,86397.83568,58.93150817392223,60.87182118009379
2026-09-22T21:00:00-04:00,86461.26,86585,86425.81,86554.14,86484.02,86095.41,86397.83568,62.29794193864314,61.34757068540406
2026-09-22T21:05:00-04:00,86552.68,86600,86552.68,86591.68,86484.02,86095.41,86410.6808525944,66.21869109974304,61.67638356097764
2026-09-22T21:10:00-04:00,86591.69,86816.5,86552.21,86703.71,86484.02,86095.41,86499.77143455196,69.58789219077984,63.23495263122802
2026-09-22T21:15:00-04:00,86703.72,86711.3,86599.96,86697.66,86484.02,86095.41,86499.77143455196,71.71128022033565,64.98255428799821
2026-09-22T21:20:00-04:00,86697.67,86714.88,86623.77,86645.25,86484.02,86405,86499.77143455196,68.77080953414128,65.6943773501553
2026-09-22T21:25:00-04:00,86645.24,86652.93,86565.9,86623.8,86484.02,86405,86499.77143455196,65.09655612793557,66.4812453028449
2026-09-22T21:30:00-04:00,86623.79,86631.6,86562.7,86594.3,86484.02,86405,86499.77143455196,62.62851939662113,66.75066627092643
2026-09-22T21:35:00-04:00,86594.31,86594.31,86388.81,86409.14,86816.5,86405,,54.11910882953413,64.14443584309947
2026-09-22T21:40:00-04:00,86409.15,86411.71,86260.79,86260.79,86816.5,86405,,43.12178653403231,60.15155068072337
2026-09-22T21:45:00-04:00,86260.78,86281.89,86210,86213.42,86816.5,86405,,38.14559685402827,55.160922889741876
2026-09-22T21:50:00-04:00,86210,86270.19,86186.25,86187.15,86816.5,86405,,36.50344812170012,50.09217008111322
2026-09-22T21:55:00-04:00,86187.14,86350,86159.49,86350,86816.5,86405,,41.46350997329428,47.35883730092845
2026-09-22T22:00:00-04:00,86350,86371.06,86290,86347.45,86816.5,86405,,46.93601191341982,44.90344316268015
2026-09-22T22:05:00-04:00,86347.46,86370,86256,86360.53,86816.5,86405,,47.287656314820026,42.97573356327099
2026-09-22T22:10:00-04:00,86360.54,86368,86300,86367.99,86816.5,86405,,47.95908086744839,43.14343517351279
2026-09-22T22:15:00-04:00,86368,86463.63,86367.99,86462.67,86816.5,86405,,51.21873252492793,45.28914670352689
2026-09-22T22:20:00-04:00,86462.71,86616.6,86462.71,86578.74,86816.5,86159.49,,57.27031154301133,48.6076393703651
2026-09-22T22:25:00-04:00,86578.75,86598.83,86547.02,86579.75,86816.5,86159.49,,60.33837418303197,52.09912557819313
2026-09-22T22:30:00-04:00,86579.76,86582.74,86533.36,86558.81,86816.5,86159.49,,59.547057023227765,53.77436709891752
2026-09-22T22:35:00-04:00,86558.8,86558.8,86511.33,86529.28,86816.5,86159.49,,57.572829052388116,55.13821618932693
2026-09-22T22:40:00-04:00,86527.69,86527.69,86459.15,86476.92,86816.5,86159.49,,54.43901562628463,55.81761261647883
2026-09-22T22:45:00-04:00,86476.88,86504.66,86456.08,86470.16,86616.6,86159.49,,52.210436463231034,56.35288921669339
2026-09-22T22:50:00-04:00,86470.15,86488.95,86445.48,86465.1,86616.6,86159.49,,51.75705351510966,55.97141861367361
2026-09-22T22:55:00-04:00,86465.36,86543.27,86445.99,86542,86616.6,86159.49,,54.27192533912134,55.4962074441534
2026-09-22T23:00:00-04:00,86541.99,86544.17,86444.79,86449.06,86616.6,86159.49,,53.35918343882056,53.97736411532749
2026-09-22T23:05:00-04:00,86449.05,86483.14,86426.58,86468.91,86616.6,86159.49,,50.44631695376177,52.895995995734545
2026-09-22T23:10:00-04:00,86467.36,86537.58,86467.35,86537.57,86616.6,86159.49,,53.50158863618599,52.81415256784118
2026-09-22T23:15:00-04:00,86537.58,86565.89,86492.92,86565.88,86616.6,86159.49,,56.74288903235361,53.554245540325674
2026-09-22T23:20:00-04:00,86565.89,86790.3,86565.88,86729.05,86616.6,86159.49,,61.924888630121686,55.58971032980993
2026-09-22T23:25:00-04:00,86729.06,86729.06,86639.82,86679.99,86616.6,86159.49,,64.17219738625589,57.10142950351031
2026-09-22T23:30:00-04:00,86679.98,86704.39,86653.88,86696.05,86616.6,86426.58,,62.53996271025248,57.95200672156169
2026-09-22T23:35:00-04:00,86696.06,86816.44,86676.35,86816.43,86616.6,86426.58,,65.64853970010935,60.61267414959283
2026-09-22T23:40:00-04:00,86816.44,86949.86,86807.85,86883,86616.6,86426.58,,69.62236226819901,63.4308768114009
2026-09-22T23:45:00-04:00,86885.68,86885.69,86740,86740.01,86616.6,86426.58,,65.35117430842816,63.99827005594773
2026-09-22T23:50:00-04:00,86740,86748.56,86700,86706.53,86616.6,86426.58,,58.679928700894536,63.98431671669831
2026-09-22T23:55:00-04:00,86706.54,86715.66,86700,86700,86616.6,86426.58,,57.31913448823463,62.682340301122856
2026-09-23T00:00:00-04:00,86700.01,86707.14,86644.73,86645.62,86616.6,86426.58,,55.20359200178511,61.42185803542095
2026-09-23T00:05:00-04:00,86645.61,86819,86627.3,86815.84,86949.86,86426.58,,57.571308787430866,61.2627248946024
2026-09-23T00:10:00-04:00,86815.85,86875.7,86815.84,86836.91,86949.86,86426.58,,62.28019464617799,60.4594737342977
2026-09-23T00:15:00-04:00,86837.1,86921.51,86763,86829.67,86949.86,86426.58,,62.46006061826836,59.21635299462222
2026-09-23T00:20:00-04:00,86829.68,87156.1,86829.67,87103.57,86949.86,86426.58,86883.70988377697,67.1365123001639,60.969570303365046
2026-09-23T00:25:00-04:00,87103.58,87222.2,87013.67,87013.67,86949.86,86426.58,86883.70988377697,69.03326776117646,62.17444986898847
2026-09-23T00:30:00-04:00,87005.82,87256.74,87005.82,87241.48,86949.86,86627.3,86991.57427223626,69.17396685778263,64.35666526609305
2026-09-23T00:35:00-04:00,87246.72,87274.75,87100,87114.5,86949.86,86627.3,86991.57427223626,68.70265193451222,66.03132413548192
2026-09-23T00:40:00-04:00,87114.5,87176.63,87089.93,87134.65,86949.86,86627.3,86991.57427223626,65.33534004065368,66.57495990987098
2026-09-23T00:45:00-04:00,87134.56,87203.71,87113.27,87203.38,86949.86,86627.3,86991.57427223626,66.64350953239759,67.27798553154466
2026-09-23T00:50:00-04:00,87203.37,87203.38,87121.7,87149.83,86949.86,86627.3,86991.57427223626,66.06326049946998,67.6044455902143
2026-09-23T00:55:00-04:00,87149.84,87209.91,87149.49,87160.94,86949.86,86627.3,86991.57427223626,64.65699254030623,66.56955131444246
2026-09-23T01:00:00-04:00,87160.95,87160.95,86901.12,86964.86,87274.75,86627.3,,59.49114357439626,64.87812439399138
2026-09-23T01:05:00-04:00,86964.85,86980.96,86885.32,86913,87274.75,86627.3,,52.92520662128836,61.92704838972982
2026-09-23T01:10:00-04:00,86908.1,86954.6,86906.49,86932.81,87274.75,86627.3,,52.14770326339793,60.148139059387304
2026-09-23T01:15:00-04:00,86932.82,86956,86854.98,86871.59,87274.75,86627.3,,51.08904676428514,57.85667888219596
2026-09-23T01:20:00-04:00,86871.58,86914.48,86765.06,86807.17,87274.75,86627.3,,48.090101549497916,54.84716534998739
2026-09-23T01:25:00-04:00,86807.16,86847.95,86753.75,86774.3,87274.75,86627.3,,45.83709748577926,52.077775163998595
2026-09-23T01:30:00-04:00,86775.82,86783.82,86714,86727.87,87274.75,86627.3,,44.033191371883895,48.95465073043815
2026-09-23T01:35:00-04:00,86727.86,86807.74,86720,86729.09,87274.75,86627.3,,43.01749958053375,47.37101973718074
2026-09-23T01:40:00-04:00,86729.1,86825.05,86707.41,86738.63,87274.75,86627.3,,43.36827100440691,46.224097697043455
2026-09-23T01:45:00-04:00,86738.63,86766.15,86562.05,86586.97,87274.75,86627.3,,40.22081410927177,43.96333712171612
2026-09-23T01:50:00-04:00,86587,86622.26,86501.88,86542.36,87274.75,86627.3,,35.8817996396551,41.87916994714916
2026-09-23T01:55:00-04:00,86542.35,86545.73,86421.02,86495.01,87274.75,86627.3,,34.09677469589847,39.96524373497342
2026-09-23T02:00:00-04:00,86494.95,86556.25,86440.93,86500.29,87274.75,86627.3,,33.39669542461234,38.324769358244325
2026-09-23T02:05:00-04:00,86512.32,86572.96,86512.32,86556.04,87274.75,86627.3,,35.78366009471726,37.608234798640105
2026-09-23T02:10:00-04:00,86551.5,86605.6,86528.73,86605.6,87274.75,86627.3,,39.799085428159245,37.40522245756589
2026-09-23T02:15:00-04:00,86605.59,86605.6,86517.15,86518.19,87274.75,86627.3,,39.53123593685908,36.51193906505501
2026-09-23T02:20:00-04:00,86517.16,86546.1,86487.5,86487.51,87274.75,86421.02,,36.74013947590322,36.41074399088916
2026-09-23T02:25:00-04:00,86487.5,86503.89,86426.72,86426.73,87274.75,86421.02,,34.7403589142132,36.185813143500184
2026-09-23T02:30:00-04:00,86426.72,86462.83,86379.28,86448.78,87274.75,86421.02,,34.34885364270713,36.48276654712021
2026-09-23T02:35:00-04:00,86448.78,86528.35,86448.78,86525.64,87274.75,86421.02,,38.31128108243208,37.589980474305825
2026-09-23T02:40:00-04:00,86525.65,86569.45,86525.64,86569.44,87274.75,86421.02,,42.953070926622324,38.53116964195023
2026-09-23T02:45:00-04:00,86569.45,86569.45,86500,86500,87274.75,86421.02,,42.65472662732746,38.40587795978246
2026-09-23T02:50:00-04:00,86500,86517.23,86459.63,86459.64,87274.75,86421.02,,39.725384835056104,38.5866407557208
2026-09-23T02:55:00-04:00,86459.63,86509.05,86455,86480.01,87274.75,86379.28,,39.514601763275564,39.198581470460276
2026-09-23T03:00:00-04:00,86480,86480.01,86332.64,86426.66,87274.75,86379.28,,38.91916352010615,39.78058492883308
2026-09-23T03:05:00-04:00,86426.67,86450,86333.3,86400.01,87274.75,86379.28,,36.820266399533025,39.904699400981954
2026-09-23T03:10:00-04:00,86400,86450,86355.67,86362.49,86569.45,86379.28,,35.19253990021883,38.88951601962929
2026-09-23T03:15:00-04:00,86384.74,86449.43,86363.21,86388.04,86569.45,86379.28,,35.46193984591578,37.764376235065804
2026-09-23T03:20:00-04:00,86388.03,86441.34,86358.21,86358.21,86569.45,86379.28,,35.86248856444877,36.94887657309253
2026-09-23T03:25:00-04:00,86358.22,86420.39,86315.69,86410.62,86569.45,86379.28,,37.56464424236597,37.14702178001148
2026-09-23T03:30:00-04:00,86411.01,86419.54,86285.89,86285.9,86569.45,86379.28,,36.760846156414715,36.16208925684656
2026-09-23T03:35:00-04:00,86285.89,86285.89,86178,86178.01,86569.45,86379.28,,31.205449073097974,34.943103366580566
2026-09-23T03:40:00-04:00,86178,86237.62,86020,86068.41,86569.45,86379.28,,27.12168801381766,33.391066860927886
2026-09-23T03:45:00-04:00,86088,86169.68,86060.87,86135.91,86569.45,86379.28,,28.18876225295191,32.942024038790024
2026-09-23T03:50:00-04:00,86135.9,86223.15,86135.9,86205.14,86569.45,86379.28,,33.83739245824634,32.926910464450906
2026-09-23T03:55:00-04:00,86205.15,86211.07,86140.01,86140.01,86569.45,86379.28,,35.210114364094835,32.755631410117466
2026-09-23T04:00:00-04:00,86140.02,86250,86140.02,86148.74,86569.45,86379.28,,34.20103947281338,31.96588053029302
2026-09-23T04:05:00-04:00,86148.73,86212.5,86093.81,86195.54,86569.45,86020,,36.444029463899604,32.66511235511315
2026-09-23T04:10:00-04:00,86195.53,86226.19,86150,86190.45,86569.45,86020,,38.206648885524956,33.96622333384359
2026-09-23T04:15:00-04:00,86190.46,86278.76,86190.46,86272.93,86569.45,86020,,41.32949222617801,36.72448498721611
2026-09-23T04:20:00-04:00,86272.86,86272.87,86229.06,86229.06,86569.45,86020,,43.31634011992877,38.28838843869412
2026-09-23T04:25:00-04:00,86219.8,86263.33,86151.4,86158.37,86569.45,86020,,40.16662955866704,38.53283844447917
2026-09-23T04:30:00-04:00,86158.38,86210.52,86154.97,86170,86569.45,86020,,38.76427552960756,39.303863057412045
2026-09-23T04:35:00-04:00,86170.01,86224.71,86145.2,86215.35,86569.45,86020,,41.118225329480964,40.50917726066991
2026-09-23T04:40:00-04:00,86215.36,86215.36,86102.3,86102.31,86278.76,86020,,39.93933780047314,40.30252258214734
2026-09-23T04:45:00-04:00,86102.3,86102.31,85815,85815,86278.76,86020,,31.728820561922138,38.658369168211955
2026-09-23T04:50:00-04:00,85815,85889.76,85700.01,85733.83,86278.76,86020,,25.526629833604645,35.787419041412086
2026-09-23T04:55:00-04:00,85731.25,85913.73,85731.25,85905.36,86278.76,86020,,30.203936481919385,34.91196812878071
2026-09-23T05:00:00-04:00,85905.37,85957.63,85905.36,85928.25,86278.76,86020,,36.60586398615186,34.77005744926489
2026-09-23T05:05:00-04:00,85928.24,86000,85882.35,85999.99,86278.76,86020,,39.39192226035077,35.09129576613591
2026-09-23T05:10:00-04:00,86000,86000,85937.44,85946.04,86278.76,86020,,40.426278003283784,34.57235821320855
2026-09-23T05:15:00-04:00,85946.04,85982.65,85912.01,85912.41,86278.76,85700.01,,38.69918115799169,34.736965296855495
2026-09-23T05:20:00-04:00,85912.42,85982.65,85865.47,85982.65,86278.76,85700.01,,40.208091382604934,36.99500701911792
2026-09-23T05:25:00-04:00,85982.65,86005,85875,85889.82,86278.76,85700.01,,40.45668184550166,39.002694443111785
2026-09-23T05:30:00-04:00,85889.83,85925.8,85815,85825.8,86278.76,85700.01,,37.32431618588693,39.0294012202515
2026-09-23T05:35:00-04:00,85825.79,85847.83,85799.9,85808.39,86278.76,85700.01,,35.783115472933346,38.76762343933506
2026-09-23T05:40:00-04:00,85808.38,85813.35,85791,85798.01,86278.76,85700.01,,35.25213386524584,37.8466045359358
2026-09-23T05:45:00-04:00,85798,85839.13,85795.49,85836.54,86278.76,85700.01,,36.47552121883268,37.63883578663474
2026-09-23T05:50:00-04:00,85838.32,85864.34,85750,85811.04,86005,85700.01,,37.32718150572964,37.454604635289506
2026-09-23T05:55:00-04:00,85810.91,85923.52,85810.83,85856.24,86005,85700.01,,38.484584639042296,37.14640528847399
2026-09-23T06:00:00-04:00,85857.85,85935.22,85818.86,85877.26,86005,85700.01,,41.0160104815988,37.61441281703155
2026-09-23T06:05:00-04:00,85877.27,85877.27,85819.69,85856.54,86005,85700.01,,41.23795721733147,38.264588440315286
2026-09-23T06:10:00-04:00,85849.41,85892.83,85817.15,85854,86005,85700.01,,40.587728086944125,38.98715927817749
2026-09-23T06:15:00-04:00,85853.2,85853.2,85807.21,85835.06,86005,85750,,39.94068685463355,39.60417500871178
2026-09-23T06:20:00-04:00,85835.05,85840.45,85678.9,85685.01,86005,85750,,35.5389418600302,38.71956517566248
2026-09-23T06:25:00-04:00,85685.01,85800,85669.17,85799.99,85935.22,85750,,36.43291009324943,39.34866889086029
2026-09-23T06:30:00-04:00,85800,85876.45,85740.47,85830.67,85935.22,85750,,42.279949421848045,39.80395511360699
2026-09-23T06:35:00-04:00,85820.74,85873.58,85779.31,85873.26,85935.22,85750,,44.934205887569426,40.46815329256618
2026-09-23T06:40:00-04:00,85873.32,85880.96,85844.3,85880.28,85935.22,85750,,46.718235319458344,41.369748857071805
2026-09-23T06:45:00-04:00,85880.29,85892.07,85861.52,85867,85935.22,85750,,46.52653474447811,42.16495519471875
2026-09-23T06:50:00-04:00,85867.01,85890.23,85833.11,85838.18,85935.22,85669.17,,45.101117597001775,42.844157640605594
2026-09-23T06:55:00-04:00,85838.19,85927.54,85838.18,85924.37,85935.22,85669.17,,47.48595857438009,45.578388541675864
2026-09-23T07:00:00-04:00,85924.36,85964.36,85838.18,85879.57,85935.22,85669.17,,49.24463936913476,46.50465171942998
2026-09-23T07:05:00-04:00,85879.58,85887.91,85838.4,85852.83,85935.22,85669.17,,46.71005879068677,46.84413407562978
2026-09-23T07:10:00-04:00,85851.82,85851.82,85712.35,85747.01,85935.22,85669.17,,42.51815349167252,45.814351034888
2026-09-23T07:15:00-04:00,85747,85755.42,85696.05,85696.07,85935.22,85669.17,,37.90477756833771,44.32600328959531
2026-09-23T07:20:00-04:00,85696.06,85696.07,85578.55,85578.56,85935.22,85669.17,,33.88597861380565,42.20276356898158
2026-09-23T07:25:00-04:00,85578.55,85632.67,85478.35,85510.38,85964.36,85669.17,,29.91296157636431,39.98653014084175
2026-09-23T07:30:00-04:00,85510.37,85600,85491.74,85516.74,85964.36,85669.17,,28.905431583641487,36.8940415716277
2026-09-23T07:35:00-04:00,85519.63,85557.12,85460,85491.33,85964.36,85669.17,,28.697615893656888,34.11595200499093
2026-09-23T07:40:00-04:00,85488.62,85518.43,85470,85518.42,85964.36,85669.17,,29.56398937818956,31.99516459662849
2026-09-23T07:45:00-04:00,85518.43,85668.18,85513.2,85646.22,85964.36,85669.17,,36.547794892401775,32.410135262342145
2026-09-23T07:50:00-04:00,85646.23,85685.38,85622.13,85661.66,85964.36,85669.17,,42.759014626888444,33.382089470500134
2026-09-23T07:55:00-04:00,85661.67,85675.89,85658.14,85658.15,85964.36,85669.17,,43.24853137258248,35.08515033627839
2026-09-23T08:00:00-04:00,85658.05,85685.38,85485,85485.01,85964.36,85460,,38.580956951480466,35.85865957767618
2026-09-23T08:05:00-04:00,85485,85575.98,85485,85573.55,85964.36,85460,,37.46173624329642,37.52980881046551
2026-09-23T08:10:00-04:00,85573.54,85573.55,85466.6,85477.45,85964.36,85460,,38.67946648252205,38.710616888780514
2026-09-23T08:15:00-04:00,85477.44,85519.71,85282.91,85286.8,85964.36,85460,,33.02472939509203,38.51859167243765
2026-09-23T08:20:00-04:00,85309.06,85500.86,85291.25,85499.99,85964.36,85460,,36.100015715655786,38.5826799811388
2026-09-23T08:25:00-04:00,85502.29,85525,85450,85493.73,85685.38,85460,,42.48493452380557,38.44028307155683
2026-09-23T08:30:00-04:00,85493.74,85600,85492.19,85515.62,85685.38,85460,,42.978408179752996,38.50550192604466
2026-09-23T08:35:00-04:00,85515.61,85546.72,85494.07,85512,85685.38,85460,,43.512876638572735,39.849402982154615
2026-09-23T08:40:00-04:00,85512.01,85543.97,85464.77,85470.01,85685.38,85282.91,,42.44591981844883,39.92955437608821
2026-09-23T08:45:00-04:00,85465.06,85560.3,85465.05,85500,85685.38,85282.91,,42.44769713087584,40.926040310255694
2026-09-23T08:50:00-04:00,85500.01,85500.01,85414,85484.74,85685.38,85282.91,,43.04001037747333,42.79106322819715
2026-09-23T08:55:00-04:00,85484.75,85515.29,85448.8,85515.28,85600,85282.91,,43.7244558166623,43.10445176768612
2026-09-23T09:00:00-04:00,85514.5,85525,85402.64,85410.35,85600,85282.91,,42.06704513307285,42.67166625941637
2026-09-23T09:05:00-04:00,85410.34,85420.03,85301,85339.21,85600,85282.91,,37.72179202527447,41.602561437835114
2026-09-23T09:10:00-04:00,85339.19,85430,85325.25,85376.23,85600,85282.91,,37.513116973466154,40.957449212243056
2026-09-23T09:15:00-04:00,85377.35,85496.71,85377.35,85458.31,85600,85282.91,,41.80979832570545,41.42081243990844
2026-09-23T09:20:00-04:00,85458.28,85518.23,85452.95,85469.92,85600,85282.91,,45.09891589280292,41.714940287079365
2026-09-23T09:25:00-04:00,85469.91,85590.43,85462,85551.88,85600,85282.91,,48.153985686922496,42.881948242608196
2026-09-23T09:30:00-04:00,85551.88,85720.61,85529.35,85606.82,85600,85301,,52.43499237843611,44.20366501901474
2026-09-23T09:35:00-04:00,85600,85846.16,85533.32,85748.22,85600,85301,,57.60044929092039,47.320063716278916
2026-09-23T09:40:00-04:00,85746.08,85880,85739.49,85840.01,85600,85301,,63.03851181309905,51.43701352982178
2026-09-23T09:45:00-04:00,85840,85843.61,85633.97,85689.27,85600,85301,,60.1601385675921,53.790641314600634
2026-09-23T09:50:00-04:00,85700,85731.25,85563.77,85698.27,85600,85301,,55.5984169194447,55.376618842318706
2026-09-23T09:55:00-04:00,85698.26,85822.2,85661.9,85799.04,85600,85301,,58.04803843532393,57.49039061246378
2026-09-23T10:00:00-04:00,85796.01,85934.58,85718.28,85758.98,85600,85301,,59.03457960389878,58.48535996145478
2026-09-23T10:05:00-04:00,85758.99,85808.28,85333.32,85333.33,85600,85301,,48.46168178166884,56.355159013387414
2026-09-23T10:10:00-04:00,85333.32,85333.32,84555,84862.4,85600,85301,,33.70960882002554,51.65940554119912
2026-09-23T10:15:00-04:00,84846.17,84869.91,84356.61,84356.61,85600,85301,,24.839724056669116,45.44121965440744
2026-09-23T10:20:00-04:00,84356.62,84546.87,84084.06,84214.25,85600,85301,,20.66899114118036,40.37622056222433
2026-09-23T10:25:00-04:00,84190.61,84375.52,83957.01,84038.69,85934.58,85301,,19.10218739925133,35.01372550578076
2026-09-23T10:30:00-04:00,84038.69,84440,83891.43,84431.21,85934.58,85301,,25.11173296361557,30.965847570307663
2026-09-23T10:35:00-04:00,84435.44,84487,84322.3,84422.07,85934.58,85301,,31.886947169208593,27.257259095869276
2026-09-23T10:40:00-04:00,84423.62,84490.49,84293.05,84317.13,85934.58,85301,,31.038084703337564,25.987676976498722
2026-09-23T10:45:00-04:00,84317.14,84374.98,84218.75,84329.94,85934.58,85301,,30.479915211301137,26.33448949337659
2026-09-23T10:50:00-04:00,84330,84572.11,84240.21,84562.04,85934.58,85301,,34.56121299194206,28.765245243719562
2026-09-23T10:55:00-04:00,84551.29,84575,84423.74,84538.35,85934.58,83891.43,,38.18638640042353,31.339459567446063
2026-09-23T11:00:00-04:00,84538.42,84626.42,84470.3,84537.57,85934.58,83891.43,,37.946024252566176,34.14919863038095
2026-09-23T11:05:00-04:00,84559.99,84704.83,84528.78,84610.37,85934.58,83891.43,,39.21916481402452,35.37015438184862
2026-09-23T11:10:00-04:00,84610.37,84678.39,84577.44,84654.72,85934.58,83891.43,,41.28507139824528,36.834376981534284
2026-09-23T11:15:00-04:00,84654.73,84788.81,84599.96,84621.57,85934.58,83891.43,,41.632411512396814,38.397104898722695
2026-09-23T11:20:00-04:00,84621.58,84669.48,84525.03,84568.33,85934.58,83891.43,,40.480212406962146,39.69160475172315
2026-09-23T11:25:00-04:00,84568.32,84687.76,84523.96,84523.97,85934.58,83891.43,,39.16479030500716,39.71241270245558
2026-09-23T11:30:00-04:00,84523.96,84552.2,84394.41,84510.29,85934.58,83891.43,,38.37278057730816,39.744860230833034
2026-09-23T11:35:00-04:00,84506.56,84536.83,84350,84354.82,85934.58,83891.43,,36.11236398377845,39.18850976851623
2026-09-23T11:40:00-04:00,84354.81,84429.98,84287.64,84302.26,84788.81,83891.43,,33.3973174600891,38.081475272565775
2026-09-23T11:45:00-04:00,84302.25,84350.81,84234.29,84272,84788.81,83891.43,,32.374661463116766,36.64267835847951
2026-09-23T11:50:00-04:00,84271.99,84297.02,84064.94,84064.94,84788.81,83891.43,,29.68001231433494,34.666504073119526
2026-09-23T11:55:00-04:00,84062.51,84178.63,83967.64,84008.49,84788.81,83891.43,,26.8036626625298,32.73509271721313
2026-09-23T12:00:00-04:00,84005.12,84073.34,83536.49,83924.49,84788.81,83891.43,,25.44002002925151,30.745141137189343
2026-09-23T12:05:00-04:00,83922.62,84333.05,83901.8,84325.65,84788.81,83891.43,,33.6755750071309,31.39303398287677
2026-09-23T12:10:00-04:00,84332.6,84367.62,84259.15,84352.17,84788.81,83891.43,,43.197551542364664,32.76948043964254
2026-09-23T12:15:00-04:00,84351.68,84362.44,84288.66,84294.12,84788.81,83891.43,,42.84690062249711,34.092914886421916
2026-09-23T12:20:00-04:00,84294.13,84320,84152.89,84226.23,84788.81,83891.43,,41.0537809996888,35.249228878663125
2026-09-23T12:25:00-04:00,84236.32,84293.79,84200,84245.57,84788.81,83536.49,,40.507074024438,37.1863610893085
2026-09-23T12:30:00-04:00,84245.56,84342,84241.56,84243.29,84788.81,83536.49,,40.885917264480284,39.27273019350611
2026-09-23T12:35:00-04:00,84243.28,84243.28,84031.61,84031.61,84367.62,83536.49,,37.801282028595764,40.71815023197828
2026-09-23T12:40:00-04:00,84050,84131.17,83958.48,84087.66,84367.62,83536.49,,36.084441735617595,39.960977830216606
2026-09-23T12:45:00-04:00,84096.77,84146.84,83887.1,83907.62,84367.62,83536.49,,35.10121637175343,38.40491161180364
2026-09-23T12:50:00-04:00,83907.34,83945.02,83850,83936.68,84367.62,83536.49,,33.493784468687636,37.28865892912818
2026-09-23T12:55:00-04:00,83936.56,84029.12,83909.62,84029.12,84367.62,83536.49,,36.415044861620345,37.07955842949838
2026-09-23T13:00:00-04:00,84036.2,84167.14,83845.92,83908.34,84367.62,83536.49,,36.95821288746257,36.27469860427806
2026-09-23T13:05:00-04:00,83898.35,83922.94,83734.99,83862.19,84367.62,83536.49,,34.68146877906125,35.306858862235785
2026-09-23T13:10:00-04:00,83859.05,83879.8,83694.49,83800,84367.62,83536.49,,33.265808843557025,34.97884912283842
2026-09-23T13:15:00-04:00,83799.99,84038.52,83761.85,84010,84367.62,83536.49,,37.43098881985106,35.69158660058821
2026-09-23T13:20:00-04:00,84009.99,84200,84000,84027.88,84367.62,83536.49,,42.78924859683593,37.17542975857628
2026-09-23T13:25:00-04:00,84031.14,84100,84025.46,84054.14,84367.62,83536.49,,43.75952056192572,38.62465405579909
2026-09-23T13:30:00-04:00,84058.32,84088.79,84000.01,84000.01,84367.62,83536.49,,43.374520231342785,39.16385129278269
2026-09-23T13:35:00-04:00,84000,84061.23,83972.68,84026.26,84367.62,83694.49,,43.04724008380725,40.36437611189757
2026-09-23T13:40:00-04:00,84026.27,84240,84010.5,84239.99,84367.62,83694.49,,48.30841497583559,43.057264491861076
2026-09-23T13:45:00-04:00,84240,84329.99,84239.99,84313.47,84367.62,83694.49,,54.272628133601664,46.36632448048175
2026-09-23T13:50:00-04:00,84313.46,84370.34,84263.77,84295.77,84367.62,83694.49,,55.21300429471434,48.13784034182201
2026-09-23T13:55:00-04:00,84301.52,84323.53,84246.31,84319.23,84367.62,83694.49,,55.26837878787458,49.93179024934994
2026-09-23T14:00:00-04:00,84323.52,84326.97,84147.94,84234,84367.62,83694.49,,53.66563533424525,50.968158848199025
2026-09-23T14:05:00-04:00,84245,84317.14,84231.75,84260.23,84367.62,83694.49,,52.180743449674594,52.44785402601617
2026-09-23T14:10:00-04:00,84260.24,84260.24,84194.39,84194.87,84367.62,83694.49,,51.166398770447785,53.28791847295346
2026-09-23T14:15:00-04:00,84194.86,84267.98,84168.86,84258.91,84370.34,83694.49,,51.08357607923581,53.24075719841623
2026-09-23T14:20:00-04:00,84258.92,84258.92,84150,84193.39,84370.34,83694.49,,50.965734283803,52.343091658725264
2026-09-23T14:25:00-04:00,84190.87,84227.47,84131.56,84144.8,84370.34,83694.49,,48.173051796095294,51.22934219881079
2026-09-23T14:30:00-04:00,84144.81,84192.79,84135,84136.08,84370.34,83694.49,,46.797588384477955,49.92286582918337
2026-09-23T14:35:00-04:00,84136.08,84161.08,84126.78,84148.26,84370.34,83694.49,,46.943263147079975,49.30866443104928
2026-09-23T14:40:00-04:00,84148.27,84218.75,84134.45,84218.74,84370.34,83694.49,,49.33226827814927,49.109015780176136
2026-09-23T14:45:00-04:00,84218.75,84293.42,84189.41,84273.24,84370.34,83694.49,,52.83016618913388,49.78402655067388
2026-09-23T14:50:00-04:00,84276.53,84385.25,84276.53,84359.71,84370.34,83694.49,,56.43209460222545,50.63716392960174
2026-09-23T14:55:00-04:00,84359.72,84397.37,84318.13,84320.28,84370.34,83694.49,,57.28252265059517,51.58882322690021
2026-09-23T15:00:00-04:00,84320.29,84362.52,84252.35,84255.68,84370.34,84126.78,,53.986366756378644,52.29811106111127
2026-09-23T15:05:00-04:00,84255.69,84385.66,84218.75,84303.99,84370.34,84126.78,,53.2882139786511,53.44328768237825
2026-09-23T15:10:00-04:00,84303.98,84381.61,84303.98,84361.12,84370.34,84126.78,,56.07970297344321,54.908522440072204
2026-09-23T15:15:00-04:00,84365.34,84373.53,84300,84348.12,84370.34,84126.78,,57.10581877148956,55.66430210904691
2026-09-23T15:20:00-04:00,84348.13,84428.74,84300,84428.74,84370.34,84126.78,,58.71146310508784,56.58889298748762
2026-09-23T15:25:00-04:00,84433.44,84437.24,84393.99,84395.51,84370.34,84126.78,,59.54041728256027,56.55239430342829
2026-09-23T15:30:00-04:00,84403.86,84461.04,84387.23,84457.2,84370.34,84126.78,,59.87085026887233,57.328415164138235
2026-09-23T15:35:00-04:00,84457.21,84470.58,84430.02,84440.11,84370.34,84126.78,,60.75953101673406,58.48758409210126
2026-09-23T15:40:00-04:00,84440.1,84471.39,84403.54,84437.41,84370.34,84126.78,,59.97788434620559,59.23974955486809
2026-09-23T15:45:00-04:00,84429.77,84544.72,84424.88,84527.47,84370.34,84126.78,,62.22099156286474,60.24223797479312
2026-09-23T15:50:00-04:00,84527.46,84549.33,84454.5,84492.15,84370.34,84126.78,,63.05090496664236,60.93834561062604
2026-09-23T15:55:00-04:00,84505.53,84522.33,84445.14,84500,84370.34,84126.78,,61.74148965042217,61.10795984488865
2026-09-23T16:00:00-04:00,84520.96,84569.47,84287.5,84311.59,84370.34,84126.78,,55.01435376721019,59.6451846062403
2026-09-23T16:05:00-04:00,84317.27,84438.71,84303.64,84384.46,84370.34,84126.78,,50.28881794602657,58.37023632407558
2026-09-23T16:10:00-04:00,84384.45,84394.42,84328.37,84337.4,84370.34,84126.78,,51.034002986532194,56.86646231189691
2026-09-23T16:15:00-04:00,84337.3,84399.6,84319.94,84357.81,84370.34,84126.78,,50.20595117314474,55.578255417486766
2026-09-23T16:20:00-04:00,84357.73,84371.73,84285.86,84285.87,84370.34,84126.78,,48.604724061334586,52.97610016860257
2026-09-23T16:25:00-04:00,84285.86,84300,84260.54,84299.99,84569.47,84126.78,,46.85148678928173,50.949850223955146
2026-09-23T16:30:00-04:00,84300,84362.85,84300,84338.12,84569.47,84126.78,,48.674457602079016,49.24266244050454
2026-09-23T16:35:00-04:00,84338.13,84394.4,84299.12,84394.4,84569.47,84126.78,,51.86625568447204,50.05039362888711
2026-09-23T16:40:00-04:00,84396.43,84424.22,84388.08,84401.43,84569.47,84126.78,,53.95569461518993,50.29034148883692
2026-09-23T16:45:00-04:00,84401.44,84416.01,84301,84311.26,84569.47,84126.78,,50.922623823389955,50.018571010846465
2026-09-23T16:50:00-04:00,84311.25,84317.82,84262.48,84270.34,84569.47,84260.54,,46.335794497028616,49.18458243851803
2026-09-23T16:55:00-04:00,84270.33,84270.34,84234.29,84241.24,84569.47,84260.54,,44.092503714570185,48.72936519748521
2026-09-23T17:00:00-04:00,84241.25,84336.93,84222.17,84295.09,84569.47,84260.54,,45.3114966769196,48.74458526355743
2026-09-23T17:05:00-04:00,84297.61,84342.83,84250.83,84341.18,84424.22,84260.54,,49.15340047948014,48.86620601959982
2026-09-23T17:10:00-04:00,84341.19,84370.76,84339.4,84370.75,84424.22,84260.54,,51.911272415143486,48.75744718660642
2026-09-23T17:15:00-04:00,84370.76,84375.01,84329.23,84332.65,84424.22,84260.54,,51.477617605839775,48.15818401692835
2026-09-23T17:20:00-04:00,84332.64,84400,84332.56,84399.99,84424.22,84260.54,,52.40523680270995,49.18105089498356
2026-09-23T17:25:00-04:00,84400,84418,84379.31,84417.99,84424.22,84222.17,,55.43138524756784,50.756924231368124
2026-09-23T17:30:00-04:00,84418,84448.97,84418,84430.71,84424.22,84222.17,,56.48579334417063,52.72199078915511
2026-09-23T17:35:00-04:00,84430.7,84490.96,84430.7,84490.95,84424.22,84222.17,,58.937938812358794,54.65019341292218
2026-09-23T17:40:00-04:00,84490.96,84512.54,84476.24,84498,84424.22,84222.17,,61.17364394733586,56.15634606568532
2026-09-23T17:45:00-04:00,84496.26,84515.01,84450,84459.99,84424.22,84222.17,,59.46019289354919,56.80702783532381
2026-09-23T17:50:00-04:00,84460,84460,84444.6,84450.96,84424.22,84222.17,,57.06219721714257,57.75194024034325
2026-09-23T17:55:00-04:00,84450.95,84473.16,84425,84425,84424.22,84222.17,,55.27567750596151,57.62715375053853
2026-09-23T18:00:00-04:00,84425.01,84457.61,84367.62,84367.62,84424.22,84222.17,,51.23521143296465,56.553033436170914
2026-09-23T18:05:00-04:00,84367.63,84672.1,84350,84610.58,84424.22,84222.17,,56.61361337318917,57.663673758829546
2026-09-23T18:10:00-04:00,84610.59,84661.04,84587.93,84599.52,84424.22,84222.17,,64.21266605786131,58.06009836345735
2026-09-23T18:15:00-04:00,84602.57,84602.58,84551.74,84591.28,84424.22,84222.17,,63.33846164233225,58.28219310025708
2026-09-23T18:20:00-04:00,84591.29,84600.51,84503.27,84518.5,84424.22,84222.17,,59.72330740742862,58.13527393885146
2026-09-23T18:25:00-04:00,84518.51,84524.31,84502.58,84503,84424.22,84222.17,,55.84157615455999,57.93344422523349
2026-09-23T18:30:00-04:00,84501,84501,84403.21,84446.1,84672.1,84350,,52.89106678608377,57.453956590314974
2026-09-23T18:35:00-04:00,84446.11,84467.12,84416.6,84460.39,84672.1,84350,,51.1351635386345,57.90485911256774
2026-09-23T18:40:00-04:00,84460.39,84528.92,84460.39,84506.74,84672.1,84350,,53.40778064878441,56.53800438334219
2026-09-23T18:45:00-04:00,84506.73,84624.59,84506.73,84624.26,84672.1,84350,,58.80048505900089,56.35852168432189
2026-09-23T18:50:00-04:00,84624.19,84624.25,84550,84591.63,84672.1,84350,,61.01065142849331,55.87291575081677
2026-09-23T18:55:00-04:00,84591.62,84591.62,84568.04,84572.4,84672.1,84350,,58.70098876366018,56.0664306432452
2026-09-23T19:00:00-04:00,84572.41,84576.88,84490,84568.48,84672.1,84350,,57.66485657094445,56.39385301264091
2026-09-23T19:05:00-04:00,84568.49,84575.25,84518.2,84539.77,84672.1,84350,,56.13061584831938,56.99201608959823
2026-09-23T19:10:00-04:00,84539.78,84555.91,84494.52,84494.52,84624.59,84350,,52.75094675936132,56.85550536142
2026-09-23T19:15:00-04:00,84494.56,84515.9,84476.51,84476.51,84624.59,84350,,49.94470855605169,56.002566920246025
2026-09-23T19:20:00-04:00,84476.52,84476.52,84449.14,84459.57,84624.59,84350,,48.42271207835933,53.89042736695099
2026-09-23T19:25:00-04:00,84459.57,84484.34,84458.45,84480.54,84624.59,84350,,48.69274564851069,52.483165268822425
2026-09-23T19:30:00-04:00,84480.53,84513.17,84455,84493.38,84624.59,84350,,50.330889819240184,51.49897052568814
2026-09-23T19:35:00-04:00,84493.37,84513.9,84474,84513.85,84624.59,84350,,51.96135180094889,50.85359247739512
2026-09-23T19:40:00-04:00,84513.84,84513.9,84440,84464.66,84624.59,84350,,50.42724213140407,49.86943517799805
2026-09-23T19:45:00-04:00,84467.76,84481.89,84426.45,84434.23,84624.59,84350,,46.45100777722014,49.05360991106907
2026-09-23T19:50:00-04:00,84434.22,84434.23,84358.48,84415.96,84624.59,84350,,44.172609620712045,48.22026405361528
2026-09-23T19:55:00-04:00,84415.97,84438.59,84390.29,84398.02,84624.59,84350,,42.50810359467493,47.36372177287352
2026-09-23T20:00:00-04:00,84398.03,84467.8,84398.02,84460.6,84624.59,84350,,45.327833207757685,47.25886049911443
2026-09-23T20:05:00-04:00,84463.67,84499.79,84380.78,84394.69,84624.59,84350,,45.93170309004399,46.10681127881747
2026-09-23T20:10:00-04:00,84394.74,84394.74,84318,84362.28,84624.59,84350,,41.56952113117595,44.28976602203645
2026-09-23T20:15:00-04:00,84362.27,84445.19,84362.27,84445.08,84624.59,84350,,44.581190000679676,44.43651067003907
2026-09-23T20:20:00-04:00,84445.07,84445.08,84356.25,84388.93,84624.59,84350,,46.57255744164192,44.32449449758553
2026-09-23T20:25:00-04:00,84388.92,84410.07,84350,84350.01,84624.59,84350,,42.75354583982603,44.03106387550021
2026-09-23T20:30:00-04:00,84361.96,84450.68,84350,84373.67,84624.59,84350,,42.50678623330839,44.324118108623665
2026-09-23T20:35:00-04:00,84373.66,84373.67,84300,84310.86,84624.59,84350,,41.39846983712599,42.9083886267483
2026-09-23T20:40:00-04:00,84310.87,84371.71,84287.5,84368.34,84624.59,84350,,41.96487678227879,43.190739163547896
2026-09-23T20:45:00-04:00,84367.77,84371.87,84300,84327.82,84624.59,84350,,43.355103267874966,43.418554951519454
2026-09-23T20:50:00-04:00,84327.81,84337.61,84222.48,84252.98,84624.59,84350,,39.366023768166855,41.70069166854423
2026-09-23T20:55:00-04:00,84252.97,84376.24,84252.97,84326.33,84624.59,84350,,40.39390688176187,41.65322622012515
2026-09-23T21:00:00-04:00,84319.66,84403.21,84282.74,84282.75,84624.59,84350,,42.44145639909901,41.611523256907944
2026-09-23T21:05:00-04:00,84282.74,84346.35,84257.05,84260.75,84624.59,84350,,40.272489542137734,41.01485573693354
2026-09-23T21:10:00-04:00,84260.74,84286.04,84254.36,84285.25,84624.59,84350,,40.77011339587033,41.43199284512061
2026-09-23T21:15:00-04:00,84285.26,84328.59,84200,84328.59,84624.59,84350,,44.03820903418939,41.607236380336566
2026-09-23T21:20:00-04:00,84328.58,84333.3,84226.43,84313.12,84624.59,84350,,45.48384712861116,42.04020537675952
2026-09-23T21:25:00-04:00,84327.88,84327.89,84218.75,84238.56,84403.21,84350,,42.15604175126875,42.404384375508535
2026-09-23T21:30:00-04:00,84238.55,84378.1,84218.34,84375.96,84403.21,84350,,45.305588755635085,43.443543055009016
2026-09-23T21:35:00-04:00,84375.97,84464.63,84287.38,84287.38,84403.21,84350,,48.13817106093599,44.03201713603339
2026-09-23T21:40:00-04:00,84287.39,84287.39,84088.32,84139.61,84403.21,84350,,41.145206723640534,43.69289082115267
2026-09-23T21:45:00-04:00,84139.62,84190.15,84089.64,84115.06,84403.21,84350,,36.619101896689365,42.84601385055311
2026-09-23T21:50:00-04:00,84112.66,84165.17,84070.4,84137.62,84403.21,84350,,36.98835393926821,41.678646508318046
2026-09-23T21:55:00-04:00,84137.63,84189.91,84100,84103.51,84403.21,84350,,37.06157533650405,40.43965048137966
2026-09-23T22:00:00-04:00,84107.54,84124.34,84001,84019.53,84464.63,84350,,34.25168647440039,39.420259286355666
2026-09-23T22:05:00-04:00,84012.35,84012.35,83792.42,83813.42,84464.63,84350,,28.727618640227533,35.70308759126321
2026-09-23T22:10:00-04:00,83820.46,83967.63,83764.7,83950,84464.63,84350,,30.257856207490327,34.31159789965691
2026-09-23T22:15:00-04:00,83949.99,84241.61,83949.99,84224.33,84464.63,84350,,42.72964504546124,36.15578425464056
2026-09-23T22:20:00-04:00,84224.34,84241.61,84100.96,84100.96,84464.63,84350,,47.60498081831918,37.45042044869399
2026-09-23T22:25:00-04:00,84100.97,84169.78,84078.48,84169.77,84464.63,84350,,46.66141305459935,38.91951543044946
2026-09-23T22:30:00-04:00,84169.78,84285.57,84134.55,84216.85,84464.63,84350,,49.23977593387486,40.92990633365708
2026-09-23T22:35:00-04:00,84215.08,84250,84163.02,84249.99,84464.63,83764.7,,51.00124239947798,43.70510283761448
2026-09-23T22:40:00-04:00,84250,84333.29,84250,84331.27,84464.63,83764.7,,53.46573832439941,47.997940529134766
2026-09-23T22:45:00-04:00,84331.28,84373.44,84331.27,84359.73,84464.63,83764.7,,55.792237353731196,51.00064030796902
2026-09-23T22:50:00-04:00,84354.88,84367.67,84331.06,84364.72,84464.63,83764.7,,56.49164738010519,51.929941196175896
2026-09-23T22:55:00-04:00,84369.74,84369.75,84351.02,84363.26,84464.63,83764.7,,56.55564866015056,53.557973977063696
2026-09-23T23:00:00-04:00,84363.25,84477.13,84363.25,84446.92,84464.63,83764.7,,58.42116664963264,55.28987079475684
2026-09-23T23:05:00-04:00,84445.76,84446.15,84321.21,84359.28,84464.63,83764.7,,57.611496974951976,55.94989427451431
2026-09-23T23:10:00-04:00,84355.05,84355.06,84250,84331.38,84464.63,83764.7,,54.069340179623964,56.16647016051282
2026-09-23T23:15:00-04:00,84341.3,84360.47,84248.09,84248.09,84464.63,83764.7,,50.90610024597275,55.21856910924954
2026-09-23T23:20:00-04:00,84248.08,84248.08,84061.8,84061.8,84464.63,83764.7,,44.32238535251108,52.88936958873565
2026-09-23T23:25:00-04:00,84061.81,84095.06,84004.95,84061.68,84477.13,83764.7,,40.07666642935483,50.5285745518923
2026-09-23T23:30:00-04:00,84061.69,84061.69,83967.63,84004.17,84477.13,83764.7,,38.89457714612145,47.8433491561559
2026-09-23T23:35:00-04:00,84004.16,84025.2,83887.09,83949.34,84477.13,83764.7,,36.63999939490691,44.30538390768494
2026-09-23T23:40:00-04:00,83955.79,84031.77,83955.79,84016.55,84477.13,83764.7,,37.819711036654354,42.18855317378516
2026-09-23T23:45:00-04:00,84014.05,84028.84,83950,83954.51,84477.13,83764.7,,38.77106954527825,39.93444944072903
2026-09-23T23:50:00-04:00,83954.49,83954.49,83883.91,83918.17,84477.13,83764.7,,36.72945090533791,38.138081933603765
2026-09-23T23:55:00-04:00,83918.18,83918.18,83893.93,83893.94,,,,35.495844812050485,37.41258071488314