time,open,high,low,close,Fast,Slow,Predicted cross price
2026-08-17T18:00:00-04:00,64378.9,64420,64276,64292.4,69.07935766828604,71.3510350681544,
2026-08-17T19:00:00-04:00,64292.4,64579.9,64286.4,64532.4,69.44926272527185,71.5661009960038,
2026-08-17T20:00:00-04:00,64532.5,64565.4,64360,64383.7,68.67695668168255,70.36976145005006,
2026-08-17T21:00:00-04:00,64383.7,64385.8,64152.2,64200,62.17517411988371,67.99808772876476,
2026-08-17T22:00:00-04:00,64200,64279,64047.1,64106.2,57.20371042983838,65.9255808768768,
2026-08-17T23:00:00-04:00,64106.3,64189.9,64039,64182.5,56.62101240263909,63.934259019159015,
2026-08-18T00:00:00-04:00,64181.9,64249.9,64089.5,64219.5,58.106424932131596,62.1548549693362,
2026-08-18T01:00:00-04:00,64219.6,64279.9,64138.2,64235.4,58.810819599894785,61.00039099961865,
2026-08-18T02:00:00-04:00,64235.4,64455.3,64163.2,64324.4,60.24983502290216,59.52644705437342,
2026-08-18T03:00:00-04:00,64324.5,64359.3,64157.3,64194.6,58.83961865690033,58.189722992538016,
2026-08-18T04:00:00-04:00,64194.6,64339.9,64086.9,64292.7,57.63454401272409,58.22912416661353,64269.75060496258
2026-08-18T05:00:00-04:00,64292.3,64292.3,64140.4,64173.6,56.743129236765625,58.0581283659458,64515.25150833057
2026-08-18T06:00:00-04:00,64173.6,64222.2,64133.4,64203.9,54.905004006558855,57.738836053447756,64384.38664450327
2026-08-18T07:00:00-04:00,64203.9,64405.3,64193.1,64356.1,57.665375379282004,57.932114207988775,64222.80432042025
2026-08-18T08:00:00-04:00,64356.2,64356.2,64215.7,64227.5,57.394998750581934,57.33431581078695,
2026-08-18T09:00:00-04:00,64227.6,64292,64047.5,64224.4,54.78350921124905,56.37030683323074,64351.565505139624
2026-08-18T10:00:00-04:00,64224.5,65066.1,64224.3,64722,60.96987339335708,57.942960021203156,63867.903285307904
2026-08-18T11:00:00-04:00,64722.1,64904.9,64655,64860.2,68.46639329925537,59.465120915096826,64053.53618403669
2026-08-18T12:00:00-04:00,64860.3,64896.7,64672.5,64843.2,69.36755810224273,61.54993969705375,64387.49273241742
2026-08-18T13:00:00-04:00,64843.3,64843.3,64670.6,64670.7,65.61984262859357,62.52650337853532,64750.4534034353
2026-08-18T14:00:00-04:00,64670.7,64830,64655.9,64780.6,63.41644461331874,63.19310233534997,64778.94557290812
2026-08-18T15:00:00-04:00,64780.6,64800,64646.9,64649.8,62.1877050874053,63.895848046199134,
2026-08-18T16:00:00-04:00,64649.8,64663.7,64571.5,64583.4,58.58550397960134,64.2793865548792,
2026-08-18T17:00:00-04:00,64583.5,64663.8,64571.3,64609.8,57.76123187499405,62.979093326666835,
2026-08-18T18:00:00-04:00,64609.8,64656.6,64565.3,64644.5,58.59529700197181,61.459073327083885,
2026-08-18T19:00:00-04:00,64644.6,64793.5,64636.5,64730.8,60.26093027190987,60.37719966085745,
2026-08-18T20:00:00-04:00,64730.9,64740.9,64484.5,64495.3,56.97769603805247,58.98988858692928,
2026-08-18T21:00:00-04:00,64495.2,64549.7,64396.2,64408.5,51.07657849374898,56.85152362669466,
2026-08-18T22:00:00-04:00,64408.5,64426.6,64350,64353.7,48.75556263821041,55.15213360144503,
2026-08-18T23:00:00-04:00,64353.8,64426.1,64278.4,64330.7,47.48655715452194,53.680395962386264,
2026-08-19T00:00:00-04:00,64330.8,64405.3,64298.2,64318.1,46.88657729835789,52.045089436691846,
2026-08-19T01:00:00-04:00,64318.2,64415.6,64234.8,64240.9,45.31818190219046,49.886934505305874,
2026-08-19T02:00:00-04:00,64240.9,64351.1,64163.6,64347.4,46.18528133769938,48.02347545548885,
2026-08-19T03:00:00-04:00,64347.5,64403.8,64276.5,64293.9,47.408417855042586,47.15285502444591,
2026-08-19T04:00:00-04:00,64293.9,64514.1,64247.3,64418,48.90666193183055,47.40349929494072,
2026-08-19T05:00:00-04:00,64418.1,64478,64360.4,64429.3,51.61777687204312,47.970630519826685,
2026-08-19T06:00:00-04:00,64429.4,64468.1,64369.5,64458.8,52.434014633882946,48.81705857475815,
2026-08-19T07:00:00-04:00,64458.8,64541,64452.6,64513.5,54.13778066590217,50.04240291055362,
2026-08-19T08:00:00-04:00,64513.5,64988.9,64471.6,64886.5,60.99961107978242,53.297466911213,
2026-08-19T09:00:00-04:00,64886.6,65221.9,64787.6,65012.6,68.17742478627744,56.32587246729021,
2026-08-19T10:00:00-04:00,65015.7,65974.1,65010.1,65925.2,75.68356463220884,61.37608027611764,
2026-08-19T11:00:00-04:00,65925.3,69888,65888.2,68556.8,86.81846013864441,67.15781481209417,
2026-08-19T12:00:00-04:00,68553.5,68991.5,68417.6,68462.4,90.90760929808292,72.60174668355758,
2026-08-19T13:00:00-04:00,68462.5,68537.5,67830.3,68193.9,87.23199594760348,77.10009518744289,
2026-08-19T14:00:00-04:00,68197.5,68470,68034.1,68398.3,84.88385953004698,81.38634064474181,
2026-08-19T15:00:00-04:00,68398,68494.7,68099.5,68429.9,85.30604024698442,84.04478923521489,
2026-08-19T16:00:00-04:00,68430,69603.6,68385.6,69055,86.4044758259347,86.59406951321532,
2026-08-19T17:00:00-04:00,69055,70064.2,68981.2,69718.5,88.32343317391042,87.65618024712964,69434.96918144515
2026-08-19T18:00:00-04:00,69718.5,69846.6,69000,69264.5,85.0342482597822,86.08429469068325,75337.26468361053
2026-08-19T19:00:00-04:00,69264.7,69462.5,69160.6,69337.1,81.01861214414555,84.8307524888618,73161.07764144162
2026-08-19T20:00:00-04:00,69337.2,69793,69319.9,69428.4,81.36777418302358,84.40880275794613,71621.38442682158
2026-08-19T21:00:00-04:00,69429,69893.5,69280.7,69724.9,82.19596868259747,84.0627836753048,70393.61919256847
2026-08-19T22:00:00-04:00,69724.9,69827.2,69271.6,69306.3,78.92505844186948,82.58566509934187,76928.98896200157
2026-08-19T23:00:00-04:00,69306.3,69351.4,68916.6,69197.1,74.05642805840947,80.53477002744046,73725.45833001325
2026-08-20T00:00:00-04:00,69197.2,69610.7,69170.4,69491.8,74.0272305117318,78.50103576729084,71183.44459183943
2026-08-20T01:00:00-04:00,69491.8,69671.4,69362.6,69421.8,74.30853737794894,77.47028120405953,70949.31109995142
2026-08-20T02:00:00-04:00,69422,69928.8,69347.7,69862.3,75.0500149596707,76.7957222860123,69807.39355574036
2026-08-20T03:00:00-04:00,69862.3,70028,69510,69829.4,76.1246530575201,75.97224659677282,
2026-08-20T04:00:00-04:00,69829.5,71818,69784.8,71588.4,79.76564460399914,76.10134397784135,
2026-08-20T05:00:00-04:00,71588.4,72080,71485.8,71801.4,84.06352504822414,77.44037991287415,
2026-08-20T06:00:00-04:00,71801.5,72495,71706.9,71998.8,84.70341301197443,79.1433396788599,
2026-08-20T07:00:00-04:00,71998.7,72325,71814.6,71923.8,84.33742101428481,80.38614862788928,
2026-08-20T08:00:00-04:00,71923.8,72021.9,71500.9,71956.4,83.72494308566215,81.83374130963512,
2026-08-20T09:00:00-04:00,71956.4,72100,71118.1,71690.2,81.24103696372146,82.15501205761807,
2026-08-20T10:00:00-04:00,71688.5,71993.1,71352.2,71824.2,79.03654956960307,82.66571174165881,
2026-08-20T11:00:00-04:00,71824.2,72836,71786.6,72469,80.83769359430786,82.46131176913487,
2026-08-20T12:00:00-04:00,72467.9,72912.6,72209.9,72848.9,83.02966092079075,82.37032199096357,
2026-08-20T13:00:00-04:00,72850,72966,72528.9,72734.3,82.66661269071996,81.87936882020502,
2026-08-20T14:00:00-04:00,72737.7,72828.6,72391.5,72431.9,78.75639825762319,80.77574406048882,75528.98088302983
2026-08-20T15:00:00-04:00,72425.7,72776.2,72328,72688,76.65238805622221,79.8586388117936,74286.92045006664
2026-08-20T16:00:00-04:00,72684.5,73111,72591,72667.1,77.16484610884653,79.61111810195312,74122.6413538295
2026-08-20T17:00:00-04:00,72667.1,72845.3,72550.2,72737,77.17542437129362,79.32688875513375,73378.85976932873
2026-08-20T18:00:00-04:00,72737,72875,72484.2,72677.5,76.74739364262214,78.44246097290007,73246.87335762753
2026-08-20T19:00:00-04:00,72677.6,73405.4,72658.3,73031.7,77.25205411375728,77.6761439531242,72881.4105969165
2026-08-20T20:00:00-04:00,73031.7,73998,73020.2,73714.3,80.18629894831255,77.7337999036408,
2026-08-20T21:00:00-04:00,73713.1,75779.4,73664.2,75131.1,84.4131279618046,79.29235244003317,
2026-08-20T22:00:00-04:00,75131.1,75202.5,74381.3,74440.7,81.4540421874733,79.10570108399826,
2026-08-20T23:00:00-04:00,74444.6,74886.2,74250.7,74518.1,76.23560741199887,79.02685566950527,76541.54194863983
2026-08-21T00:00:00-04:00,74518.2,75058.4,74518.2,75031.7,77.53909246279187,79.20960625299777,75708.23999668728
2026-08-21T01:00:00-04:00,75031.7,75500,74914.7,75473.8,79.53340260970884,79.82285823153005,75421.99087539026
2026-08-21T02:00:00-04:00,75473.8,75733.3,75103.5,75641.8,80.7168526960307,80.19954870507588,
2026-08-21T03:00:00-04:00,75641.9,76903.2,75611.2,76305.9,82.17639091717064,80.39145593691806,
2026-08-21T04:00:00-04:00,76306,79515.7,76248.9,79270.3,86.3809882483852,80.76179450124177,
2026-08-21T05:00:00-04:00,79270.2,79368.3,77249.7,77897.8,82.52409560856854,80.69718548580242,
2026-08-21T06:00:00-04:00,77897.8,78258.6,77609,77814.2,75.22670412933994,80.47353642048208,
2026-08-21T07:00:00-04:00,77814.3,77872.2,76422.3,76730.1,70.24309291303038,78.61261418587057,
2026-08-21T08:00:00-04:00,76730.1,77480.4,76530.4,77228,66.62462160174579,76.78531327534975,
2026-08-21T09:00:00-04:00,77228,77719.6,76222.2,77256.4,67.6668929998276,74.88405427266967,
2026-08-21T10:00:00-04:00,77261.7,77439.1,76536.3,77384.2,67.99373810926816,72.73312675880621,
2026-08-21T11:00:00-04:00,77384.3,77868.8,77166.6,77228.9,67.53247050410702,69.4987634885902,
2026-08-21T12:00:00-04:00,77228.9,77559.2,76760.7,77474.5,67.38557290029023,68.40783455644097,
2026-08-21T13:00:00-04:00,77474.5,77714.2,77182.3,77393.1,67.5482033830991,67.3049061325214,
2026-08-21T14:00:00-04:00,77393.3,77548.9,76621.4,77140.3,65.78900826522914,67.13523894278347,78397.16522575314
2026-08-21T15:00:00-04:00,77140.3,77359,76846.9,77024.9,63.83236701759459,66.5071191084782,78433.7665051839
2026-08-21T16:00:00-04:00,77025.2,77539.6,76841.1,77515.3,64.69980956625801,66.28750081890645,77468.26990220757
2026-08-21T17:00:00-04:00,77515.3,78680.7,77376.2,78511.5,68.72663752428994,66.71651894134156,
2026-08-21T18:00:00-04:00,78509.9,78759.2,78087.7,78458.2,70.96101520588233,67.26708501941368,
2026-08-21T19:00:00-04:00,78459,78730.1,78123,78339.3,69.94147130976403,67.44677562976264,
2026-08-21T20:00:00-04:00,78338.1,78508,77690,77944.9,66.89788290345886,67.08127916808789,79304.48600471856
2026-08-21T21:00:00-04:00,77945,78239.9,77819.3,77830.1,63.900900433449074,66.90731624925405,79836.1961362856
2026-08-21T22:00:00-04:00,77830.1,78564.8,77787.2,78487.1,65.31048748507408,67.50359930165347,78623.9989057749
2026-08-21T23:00:00-04:00,78487,78832.2,78361.7,78412.9,66.93051259371725,67.54465997138526,78582.28502318858
2026-08-22T00:00:00-04:00,78413,78820,78209.8,78465.9,66.64681250549133,66.90936358199671,78372.50138749645
2026-08-22T01:00:00-04:00,78465.9,78595.1,76515,77390.4,60.67243419880501,64.6050653979346,82632.89383575864
2026-08-22T02:00:00-04:00,77391.4,77575.5,77002,77492.8,54.94612024151074,62.62497756249577,80545.73669302785
2026-08-22T03:00:00-04:00,77492.8,77674.8,77231,77288.6,54.308391010813125,61.008067714321534,80317.6091623882
2026-08-22T04:00:00-04:00,77288.6,77433.9,77032.1,77201.7,52.791002469667575,59.450721001415346,79131.84307351943
2026-08-22T05:00:00-04:00,77201.8,77387.3,76833.3,77055.6,51.54097440422845,57.07392111979421,78409.41684911851
2026-08-22T06:00:00-04:00,77055.7,77192.1,76529.9,76970.3,50.276035335303064,54.69229892758272,77644.92961183267
2026-08-22T07:00:00-04:00,76970.3,77211,76809.2,77127.4,50.69834354325834,52.517215702013345,77250.21024791211
2026-08-22T08:00:00-04:00,77130.8,77389.7,77073.4,77300.1,52.57543857653573,52.37887160693435,
2026-08-22T09:00:00-04:00,77300.2,77365.8,77108.5,77282.8,53.44007309308835,52.0869165167498,
2026-08-22T10:00:00-04:00,77282.9,77316.5,76927.9,77009,51.4813345988207,51.57114120350794,77355.33208506064
2026-08-22T11:00:00-04:00,77009,77110.3,76882,76991,49.518388562150385,51.1518839717449,77315.65725651346
2026-08-22T12:00:00-04:00,76991.1,77573.4,76950.7,77294.7,51.45358575338702,51.54617301755325,77013.2027011806
2026-08-22T13:00:00-04:00,77294.7,77374.5,77078.8,77279,53.38910661108085,52.04133290768141,
2026-08-22T14:00:00-04:00,77279,77361.3,77134.5,77266.7,53.16779206011509,52.251729736655186,
2026-08-22T15:00:00-04:00,77266.6,77473.6,77200.1,77415.5,54.16986083150317,52.4968821233864,
2026-08-22T16:00:00-04:00,77415.5,77469.4,77261,77309.9,54.31448843025414,52.50156269013112,
2026-08-22T17:00:00-04:00,77309.9,77317.5,76822.6,76851.3,49.63363814416383,51.968968850627284,
2026-08-22T18:00:00-04:00,76851.3,77159.7,76775,77001.5,47.179647288811,51.83335089774844,
2026-08-22T19:00:00-04:00,77001.6,77132.5,76900,77070.7,49.03450188581485,51.27780203132095,
2026-08-22T20:00:00-04:00,77070.8,77365.8,77038.5,77303.8,51.54069067959303,51.30523206018048,
2026-08-22T21:00:00-04:00,77303.8,77409.4,77158.6,77197.9,52.4996610553145,51.086907458520784,
2026-08-22T22:00:00-04:00,77197.9,77231.6,77011.4,77076.4,50.44273663007638,50.240339431201406,
2026-08-22T23:00:00-04:00,77076.5,77148.9,76836.4,76934.3,48.09230012869429,49.30913937236083,77346.75970728272
2026-08-23T00:00:00-04:00,76934.4,77038.9,76466,76602.3,44.181708721177785,48.68264531034824,77741.62101520335
2026-08-23T01:00:00-04:00,76602.2,76747.4,75559.5,76060.4,38.074302933973286,46.70761241383577,78305.25600645102
2026-08-23T02:00:00-04:00,76060.3,76360.8,75883.3,76099.7,35.0419496789244,44.684773251236685,77254.9385273059
2026-08-23T03:00:00-04:00,76099.8,76350,75900,75996.5,34.84075643331235,41.936202629184145,76783.37506858936
2026-08-23T04:00:00-04:00,76000.3,76646.6,75941.4,76480,39.153993990579124,40.87172551845516,75471.9132929953
2026-08-23T05:00:00-04:00,76480,76637,76451.4,76541.8,44.65290134105717,40.28196397517866,
2026-08-23T06:00:00-04:00,76536.4,76923,76531,76781.8,47.35505257718731,40.66108336088173,
2026-08-23T07:00:00-04:00,76781.8,77391.2,76730.7,77308.9,53.42523028741226,42.92297013695994,
2026-08-23T08:00:00-04:00,77309,77312.3,77000.2,77208.2,56.468274309124084,45.91650375378197,
2026-08-23T09:00:00-04:00,77208,77764.6,77194.2,77486.8,57.45860439444797,49.327728627109536,
2026-08-23T10:00:00-04:00,77486.9,77645.6,76786.3,77188.5,56.70012765018089,52.16203838717298,
2026-08-23T11:00:00-04:00,77190.2,77332.8,76871.3,77157.7,53.79604411850549,53.51117152080278,
2026-08-23T12:00:00-04:00,77157.7,77477,77157.6,77420.4,55.449073048417524,55.24665887499022,
2026-08-23T13:00:00-04:00,77420.5,77456.4,77142.9,77184,55.242379933436624,55.764693622588304,
2026-08-23T14:00:00-04:00,77184,77405.4,77110,77346.1,54.33350678741991,55.50616644642098,
2026-08-23T15:00:00-04:00,77349.5,77484.3,77244.6,77332.2,55.41673415183997,55.464253577649984,
2026-08-23T16:00:00-04:00,77332.2,77456.6,77200.1,77402.7,55.85162145960423,55.04702846503705,
2026-08-23T17:00:00-04:00,77402.8,78065.7,77402.8,77838.1,59.56507590486525,56.282810221845516,
2026-08-23T18:00:00-04:00,77838.2,77982.5,77568.5,77604.4,60.29594616493033,56.90414333544415,
2026-08-23T19:00:00-04:00,77604.1,77828.4,77280.7,77742.9,58.86745814801739,57.25949167887405,
2026-08-23T20:00:00-04:00,77742.9,77755.7,77153.9,77678.4,59.16712298953452,58.02549849432926,
2026-08-23T21:00:00-04:00,77678.5,77720.5,76909.5,76920.6,51.89746381059029,56.563479399779865,
2026-08-23T22:00:00-04:00,76920.6,77546.3,76880.1,77481.4,49.47431192067177,56.32766357113834,
2026-08-23T23:00:00-04:00,77481.4,77531.7,76934.3,76940.7,49.97571048594949,54.88464769302137,
2026-08-24T00:00:00-04:00,76940.8,77254.6,76681.1,76906.8,46.10642608980607,52.48233505255001,
2026-08-24T01:00:00-04:00,76906.9,77235.9,76841.4,77156.8,47.72326199438451,51.29245221572257,
2026-08-24T02:00:00-04:00,77153.4,77526.5,77067.4,77467.8,51.645539885766226,50.41892983476396,
2026-08-24T03:00:00-04:00,77468.3,77790,77281.2,77313.6,52.599087043969135,49.41587051698959,
2026-08-24T04:00:00-04:00,77314.5,77421.4,76837.5,77046.3,49.56942592634886,49.753776153552124,77283.053325579
2026-08-24T05:00:00-04:00,77046.3,77596.1,77025.6,77549.6,51.070335974310574,49.87187738945783,76778.74441624431
2026-08-24T06:00:00-04:00,77549.7,78021.6,77534.1,77620.7,54.90058381198439,51.16088281813352,77049.90880795445
2026-08-24T07:00:00-04:00,77620.8,78600,77458,78438.4,59.65475773612443,53.74282928840592,76252.03977887872
2026-08-24T08:00:00-04:00,78444.5,79321.9,77964.3,79160.2,66.76399356898659,56.60109183944841,75892.93343709293
2026-08-24T09:00:00-04:00,79160.2,79427.6,77860,78595.5,65.5383196765257,57.71219494290863,78047.55417530637
2026-08-24T10:00:00-04:00,78595.5,79838.6,78582.9,79499.9,64.7162674396173,60.06314338106217,78200.97646470962
2026-08-24T11:00:00-04:00,79500,79999.8,78807.5,79086.3,65.34519577345421,62.21955775636731,79339.65401545183
2026-08-24T12:00:00-04:00,79090.6,79864,78885.8,79052.8,62.569368529336614,63.34858125392676,
2026-08-24T13:00:00-04:00,79052.9,79196.8,78454.6,78759.7,60.54883882706875,63.833344903534275,
2026-08-24T14:00:00-04:00,78757.2,79080.6,78715.6,78932.1,59.46773139796951,63.295145157311076,
2026-08-24T15:00:00-04:00,78932.6,79122.1,78590.2,78752.2,59.044863205484475,61.627879085390816,
2026-08-24T16:00:00-04:00,78752.2,78994,78554.5,78943.2,58.77442543262051,61.36260394476675,
2026-08-24T17:00:00-04:00,78943.3,79049.8,78856.5,78988.1,59.87303154014218,60.2440973998265,
2026-08-24T18:00:00-04:00,78988.1,78996,78670.2,78744.7,58.34411924915159,59.36229636639457,
2026-08-24T19:00:00-04:00,78744.7,79000,78621.8,78992.1,57.897295338122746,58.90921934519396,
2026-08-24T20:00:00-04:00,78991.9,79888,78717.2,79739.5,62.50891991440953,59.92231953420622,
2026-08-24T21:00:00-04:00,79739.4,79980,79475,79840.1,66.21922893375287,60.838218641132066,
2026-08-24T22:00:00-04:00,79840.2,81280,79733,80653.8,69.40106808565419,62.88123521425471,
2026-08-24T23:00:00-04:00,80653.8,80955.2,80313.4,80486.1,70.89920446746427,64.302441222516,
2026-08-25T00:00:00-04:00,80486.1,80610.7,80158.4,80374,68.7356742876333,65.41341885639503,
2026-08-25T01:00:00-04:00,80374,80820,80321.6,80730.3,69.13327078817773,67.38505594795204,
2026-08-25T02:00:00-04:00,80734,80925.4,80410.1,80571.7,69.11826782106328,68.61941099437804,
2026-08-25T03:00:00-04:00,80571.7,80812.1,79360.2,79704.4,61.828352790200505,67.19060819817803,
2026-08-25T04:00:00-04:00,79704.5,80250,79610.1,79928.9,56.862978472380036,65.94619657684294,
2026-08-25T05:00:00-04:00,79932.4,79959.9,78880,79193.6,53.78268926920647,62.72821425062154,
2026-08-25T06:00:00-04:00,79193,79495,79000,79309.4,50.25666403763111,60.048327882604895,
2026-08-25T07:00:00-04:00,79309.4,79477.1,79033.2,79121.9,49.846310527632184,57.3312531763355,
2026-08-25T08:00:00-04:00,79122,79178.9,78633.4,78984.3,48.10431005668243,54.04005338789195,
2026-08-25T09:00:00-04:00,78984.3,79225,78127.6,78653.6,45.64632148692441,50.62498279515297,
2026-08-25T10:00:00-04:00,78653.7,79393.6,78536.1,79251.1,47.397200637312224,49.9168670584953,
2026-08-25T11:00:00-04:00,79253.2,79531.3,79007.5,79502.3,52.17107151566506,49.28443795037725,
2026-08-25T12:00:00-04:00,79506.5,79571.4,79070,79149.5,51.488152520814765,49.26128513038338,
2026-08-25T13:00:00-04:00,79149.5,79255.1,78752.8,79234.1,49.97692872422876,49.20451357511944,
2026-08-25T14:00:00-04:00,79234.1,79366.1,79042.6,79121.6,49.790020904433945,49.245202380898164,
2026-08-25T15:00:00-04:00,79121.7,79231.2,78720.9,78930.6,48.0027244349792,49.17548911177567,
2026-08-25T16:00:00-04:00,78933.3,78973.7,78174.5,78197.9,43.14836919240031,48.531501725319856,
2026-08-25T17:00:00-04:00,78199.5,78664.9,77854.1,78567.7,41.83008664217955,47.58488511316632,
2026-08-25T18:00:00-04:00,78567.8,79003,78567.8,78886.9,46.16181194063306,46.81457041816786,
2026-08-25T19:00:00-04:00,78887,78981,78393.9,78542.1,46.29873551495041,46.10219454006223,
2026-08-25T20:00:00-04:00,78542.2,78715.4,78308.8,78632,45.08113409325905,45.41577195217651,78440.5964924758
2026-08-25T21:00:00-04:00,78629.1,78956,78603.8,78810.6,46.78426497930927,45.24340713288375,78123.35406292901
2026-08-25T22:00:00-04:00,78810.7,79244.8,78738.3,79108.4,49.74071976701508,45.91234204704391,78040.37886147905
2026-08-25T23:00:00-04:00,79108.5,79182.5,78896.7,79087.3,51.423497816873734,47.60772959701901,78456.18015283409
2026-08-26T00:00:00-04:00,79087.3,79194.9,78786.5,78823.6,49.57833738261934,48.12612797288385,78868.73381873917
2026-08-26T01:00:00-04:00,78823.6,79137.2,78635.7,79085.9,49.606168417010934,48.59183144741269,78693.95979921188
2026-08-26T02:00:00-04:00,79086,79213.1,78802.6,78947.5,50.406186568200845,49.29968541666968,79022.44731079697
2026-08-26T03:00:00-04:00,78947.5,79096.2,78863,78925.9,49.319238176500434,49.8027183283388,
2026-08-26T04:00:00-04:00,78923.8,79112.1,78604.2,78714.8,47.68711864738488,49.55764360754843,
2026-08-26T05:00:00-04:00,78714.8,78881.4,78246.5,78448,44.4544984418621,48.292369378295085,
2026-08-26T06:00:00-04:00,78448.1,78877.5,78294.6,78726.5,44.95276603911653,47.7088630996178,
2026-08-26T07:00:00-04:00,78726.5,78786,78315.7,78488.8,45.61355134264885,47.15957336687495,
2026-08-26T08:00:00-04:00,78488.8,78716.5,77944.4,78320.3,42.94898923102838,45.80681190362278,
2026-08-26T09:00:00-04:00,78320.3,78554.3,77920.1,78448.1,42.98883572943439,45.04033027008454,
2026-08-26T10:00:00-04:00,78448.2,78605.9,77770,77790.2,40.23483964907477,43.21126946721545,
2026-08-26T11:00:00-04:00,77795.5,78171.4,77615.1,78012,38.27081530472461,42.349957886467315,
2026-08-26T12:00:00-04:00,78012.1,78166.6,77858.1,77992.2,40.06150781610287,41.9561292884271,
2026-08-26T13:00:00-04:00,77995.6,78607.1,77995.6,78443.6,43.64695336597229,41.976868551283246,
2026-08-26T14:00:00-04:00,78445.2,78654.7,78284.8,78479,47.618591618278955,42.52899793860713,
2026-08-26T15:00:00-04:00,78479.1,78577.1,78291.6,78474.7,47.85755465716903,43.379315815894856,
2026-08-26T16:00:00-04:00,78470.9,78522.4,78200,78453.9,47.65887060113696,43.86329361623643,
2026-08-26T17:00:00-04:00,78453.9,78845.6,78381.2,78727.4,49.848152848056344,46.125976729889594,
2026-08-26T18:00:00-04:00,78727.4,78979.3,78558.3,78696.1,51.918398271530236,47.76260303532376,
2026-08-26T19:00:00-04:00,78695.9,79172.6,78645.2,79031.1,54.34041282883847,50.20566387638548,
2026-08-26T20:00:00-04:00,79031.2,79037.8,78696.7,78696.7,53.98376431764445,50.71597759294438,
2026-08-26T21:00:00-04:00,78696.7,79025.8,78552.7,78903.4,52.557335014820296,51.616733418254434,
2026-08-26T22:00:00-04:00,78903.5,78988.7,78710.6,78736,52.7045939647493,52.10084596653873,
2026-08-26T23:00:00-04:00,78736,78993.9,78650,78837.8,52.06225846079022,52.87484423529822,
2026-08-27T00:00:00-04:00,78839.4,78900.1,78689.5,78779.4,52.354065940869674,52.81682113591397,
2026-08-27T01:00:00-04:00,78779.4,78933.2,78602,78914.7,52.99922559923619,53.1836520432142,
2026-08-27T02:00:00-04:00,78916.7,78916.7,78611.7,78828,53.29940563503396,52.51939050911268,
2026-08-27T03:00:00-04:00,78828,79102.1,78753,79079.1,54.63497382937981,53.36971190371003,
2026-08-27T04:00:00-04:00,79079.1,80025.9,79043.6,79763.4,61.533854618197665,55.08411039579193,
2026-08-27T05:00:00-04:00,79763.4,80523.5,79681.1,80003.4,67.47183036486524,57.58892230374316,
2026-08-27T06:00:00-04:00,80003.4,80166.5,79341,79640.7,64.98661986687137,58.77678508324369,
2026-08-27T07:00:00-04:00,79641.3,79776.7,79182.7,79480,59.706468611508555,59.68960878106855,
2026-08-27T08:00:00-04:00,79480.1,79594.9,79253.8,79276.7,56.34527268422242,59.7327985360969,
2026-08-27T09:00:00-04:00,79276.7,79578.6,78907.4,79531.8,56.296115789755035,60.54581168241743,
2026-08-27T10:00:00-04:00,79531.8,80394.2,79352.6,80206.2,61.92985963843098,61.817051624397244,79501.92469828925
2026-08-27T11:00:00-04:00,80206.2,80800,80088.7,80302.4,66.23919948502355,61.89019593008197,79411.87538322038
2026-08-27T12:00:00-04:00,80302.3,80625,80182.2,80363.2,67.01244588140861,61.6857989148382,79601.28936617955
2026-08-27T13:00:00-04:00,80363.2,80850,80232.2,80432.1,67.67395935309611,62.65800721186047,79860.58622603338
2026-08-27T14:00:00-04:00,80432.2,80434.5,79753.7,80155.2,65.09302283474368,63.2248144071911,80722.33197495586
2026-08-27T15:00:00-04:00,80155.3,80294.1,79877.7,79904.7,59.74310344514189,63.628816000694606,
2026-08-27T16:00:00-04:00,79908.6,80124.5,79877.1,80097.5,58.6205746465467,63.88894550913158,
2026-08-27T17:00:00-04:00,80097.6,80191,79974.2,80178.3,60.44238782569948,63.2038240541999,
2026-08-27T18:00:00-04:00,80178.3,80434.9,80150,80302.8,61.79820929964518,62.62009117045204,
2026-08-27T19:00:00-04:00,80302.9,80396.4,80140.7,80246.3,61.98895543876313,61.7685410705869,
2026-08-27T20:00:00-04:00,80253.5,80706.7,80150,80580,63.5569852640144,61.44381285928585,
2026-08-27T21:00:00-04:00,80580.1,81499.9,80439.6,80497.2,64.78664367274098,61.68100416715756,
2026-08-27T22:00:00-04:00,80496.6,80500.9,79720,79927.1,58.08274764689629,60.969425488358524,82270.78935881269
2026-08-27T23:00:00-04:00,79927.1,80053.5,79772.7,79812.9,51.373356064470286,59.610370286564304,81999.15782440093
2026-08-28T00:00:00-04:00,79812.9,79973.3,79602.5,79644,48.983193905788724,57.69537008266974,81718.30349907298
2026-08-28T01:00:00-04:00,79644.1,79876.3,79557.3,79689.4,47.988566100273616,55.664757943886706,80785.2856666402
2026-08-28T02:00:00-04:00,79689.4,80000,79689.3,79900,50.314381462797485,54.35977751810814,79932.11754338587
2026-08-28T03:00:00-04:00,79900,79900,79571.3,79666,50.09939913703736,51.81973333617899,79914.45368178017
2026-08-28T04:00:00-04:00,79666.1,79842.8,79481,79515,46.69514593989784,49.190778165867236,79952.50953405333
2026-08-28T05:00:00-04:00,79515,79515,79242.7,79283.4,43.57057551321695,47.67339844084203,80058.08789264904
2026-08-28T06:00:00-04:00,79283.4,79574.2,79001,79573.6,44.60340243380736,47.25650569996354,79535.22443852219
2026-08-28T07:00:00-04:00,79573.6,79769.7,79547.9,79598,47.711021240820045,47.30992053656526,
2026-08-28T08:00:00-04:00,79598,79721.7,79300,79415.6,46.34827658709473,46.787851553341,79546.8974587253
2026-08-28T09:00:00-04:00,79413.3,79547.9,79027.9,79318.2,43.92817772500025,45.48529089719462,79540.15108008211
2026-08-28T10:00:00-04:00,79318.1,79725,78435.3,79544.3,45.50362314817983,45.47477269938171,79201.17529702623
2026-08-28T11:00:00-04:00,79549.9,79839.3,78312.3,78329.9,40.048368740046456,43.58621169723709,80761.22449703983
2026-08-28T12:00:00-04:00,78325.7,78397.7,76888,77785.9,29.994034053614733,41.59576085378107,80531.7055849978
2026-08-28T13:00:00-04:00,77785.9,78129.5,77659,77907,28.94000712822931,39.110955895643364,79148.48429320134
2026-08-28T14:00:00-04:00,77907.1,77942.6,77267,77555.6,28.72861917637062,36.172217406795525,78720.73859816695
2026-08-28T15:00:00-04:00,77555.6,77801.6,77370,77579.1,27.606686057208798,33.75621574424738,78152.39690416123
2026-08-28T16:00:00-04:00,77579,77615.2,77312.8,77410.3,27.17928748133216,31.386820194318926,77655.16459220125
2026-08-28T17:00:00-04:00,77410.4,77532.7,77254.5,77376,26.381126462492418,28.29264526262241,77523.45011728254
2026-08-28T18:00:00-04:00,77376.1,77770,77341,77758.1,30.298392938831526,28.60111282254324,
2026-08-28T19:00:00-04:00,77758.1,77844.7,77639.3,77844.7,35.20980358349754,29.78286512830321,
2026-08-28T20:00:00-04:00,77844.7,77953.4,77727.2,77736.7,35.45606694497143,30.462844198755274,
2026-08-28T21:00:00-04:00,77736.7,77848,77615.5,77804.1,35.570430315693315,31.737668310966843,
2026-08-28T22:00:00-04:00,77804.1,77830.9,77585.3,77675.8,35.50357766803766,32.719098944706374,
2026-08-28T23:00:00-04:00,77675.9,77736.1,77509.4,77514.1,33.73974410539291,33.61208448926991,
2026-08-29T00:00:00-04:00,77514.2,77678.3,77512,77652.4,34.416285078547745,35.014858549293606,
2026-08-29T01:00:00-04:00,77652.5,77723.4,77604,77638.2,35.96684596941381,35.23164249800771,77504.0119025396
2026-08-29T02:00:00-04:00,77638.3,77645.7,77384.9,77465.5,34.68683458414114,34.86543883519178,77591.49041302987
2026-08-29T03:00:00-04:00,77465.3,77683.3,77435.7,77625.2,35.55308140340517,35.25936091470306,77164.96570673145
2026-08-29T04:00:00-04:00,77625.3,77638.7,77484.8,77638.7,37.77619648007614,35.495657739301166,77251.61341746103
2026-08-29T05:00:00-04:00,77638.8,77759.4,77558.7,77646.6,38.05896251198149,35.98947087011559,77405.63816205543
2026-08-29T06:00:00-04:00,77646.6,77729.1,77513,77637.8,38.08778913874232,36.737956320258135,77483.83136263861
2026-08-29T07:00:00-04:00,77637.8,77724.1,77562.9,77590.1,37.55467820014371,36.88615461914301,77584.57321214475
2026-08-29T08:00:00-04:00,77590.1,77662.5,77508.5,77587.5,37.07550769060627,37.054716812027415,77627.71662608102
2026-08-29T09:00:00-04:00,77587.6,77724.2,77561.6,77700.1,38.976206622337116,38.111689487199,77377.66650836467
2026-08-29T10:00:00-04:00,77700.1,78152.5,77654.6,78010.1,45.44170317208613,39.88003731736483,76351.13104060215
2026-08-29T11:00:00-04:00,78010.1,78018.4,77802.6,77858.1,48.10566630747951,41.06296658074283,77253.45640674201
2026-08-29T12:00:00-04:00,77858,78113.9,77848,78022.8,48.394966431481535,42.83318129436484,77093.09802175824
2026-08-29T13:00:00-04:00,78022.8,78108.2,77896.3,78108.2,51.622580595220185,44.93004985402222,77341.02066244117
2026-08-29T14:00:00-04:00,78108.6,78252.8,78013.9,78157.1,53.297318711576864,47.33107858334574,77671.42937142924
2026-08-29T15:00:00-04:00,78157.1,78336.6,78133.4,78188.2,54.30943437167984,49.854028905757524,77900.70039157312
2026-08-29T16:00:00-04:00,78188.2,78297.6,78110.1,78123,53.67671944769607,51.53122510487687,
2026-08-29T17:00:00-04:00,78123,78209,78058.7,78168.7,53.29976344886786,52.099188984838015,
2026-08-29T18:00:00-04:00,78168.8,78240.9,78073.9,78225.8,54.784355095462324,53.43942190144339,
2026-08-29T19:00:00-04:00,78225.8,78280,78191.9,78233,55.72026847335038,54.19213242537197,
2026-08-29T20:00:00-04:00,78233.1,78327.8,78143.8,78180,54.792500125809056,54.34511319589735,
2026-08-29T21:00:00-04:00,78180.1,78193,78000,78081.4,51.89718414181682,53.79209397686911,
2026-08-29T22:00:00-04:00,78081.5,78184.1,78003.9,78101.4,50.40944643005434,53.230830926861486,
2026-08-29T23:00:00-04:00,78100.1,78234.7,78055,78139,51.50149699219238,53.1706018467252,
2026-08-30T00:00:00-04:00,78138.4,78229.9,77994.7,78114.5,51.696249716786156,52.77268414626672,
2026-08-30T01:00:00-04:00,78114.4,78226.3,78111.7,78141.4,51.738232121588695,52.30028099704702,
2026-08-30T02:00:00-04:00,78141.4,78317.5,78115.5,78287.7,55.162456835091234,52.6133093924784,
2026-08-30T03:00:00-04:00,78287.7,78298.4,78099.9,78108.8,54.06632377155856,52.09280203868973,
2026-08-30T04:00:00-04:00,78108.8,78200,78034.6,78075.1,49.43929160954585,51.911054383258126,78290.4112748121
2026-08-30T05:00:00-04:00,78075.1,78129.8,77980.8,78000.3,47.29221300115695,51.202163916147626,78345.49708315938
2026-08-30T06:00:00-04:00,78000,78157.3,77956.5,78145.4,48.855051898406806,51.154927213605106,78102.87078442644
2026-08-30T07:00:00-04:00,78145.5,78244,78115.2,78174.6,52.46131005027654,51.420752582859166,
2026-08-30T08:00:00-04:00,78174.6,78852.8,78174.6,78791.7,61.26285276552328,53.87624739758638,
2026-08-30T09:00:00-04:00,78791.7,78967.9,78585.6,78859.1,70.09796700738657,55.68804120351494,
2026-08-30T10:00:00-04:00,78859.1,78951.7,78716.7,78781.7,69.05169671775914,58.15778252507226,
2026-08-30T11:00:00-04:00,78780.1,78909.4,78629.3,78824.1,67.83832941644435,60.94490914834308,
2026-08-30T12:00:00-04:00,78827.8,79401.4,78747.8,79346,72.43328959086145,65.34094726498783,
2026-08-30T13:00:00-04:00,79345.9,79345.9,78777.1,79021.9,70.87922546556396,67.23753016753084,
2026-08-30T14:00:00-04:00,79021.9,79181.8,78777.8,79038.3,65.3074588101799,69.01127548210307,
2026-08-30T15:00:00-04:00,79038.4,79046.4,78726.9,78867.4,62.7325971206469,67.65745712613757,
2026-08-30T16:00:00-04:00,78867.5,78930.2,78430.2,78591.4,56.232848546969564,65.04981306484108,
2026-08-30T17:00:00-04:00,78591.4,78731.9,78222.9,78660.2,53.22695664864602,63.13610282067668,
2026-08-30T18:00:00-04:00,78660.3,78809.6,78272.3,78427.1,51.12354038348894,60.27415905542524,
2026-08-30T19:00:00-04:00,78427.2,78457.5,77000,77677.7,41.73333624063684,54.364687577755376,
2026-08-30T20:00:00-04:00,77683.6,78183.4,77428.5,77940.5,38.22015525308102,50.94299613757297,
2026-08-30T21:00:00-04:00,77936.9,77999.5,77567.6,77639,39.10211584652296,46.877446730996255,
2026-08-30T22:00:00-04:00,77641,78006.2,77385.5,77473.7,35.933259029542825,43.286042397257525,
2026-08-30T23:00:00-04:00,77471.8,77876.8,77388.4,77755.4,37.96534950665937,41.65816129090763,
2026-08-31T00:00:00-04:00,77755.4,77773.5,77462.1,77620,40.092758813171415,39.533414444264785,
2026-08-31T01:00:00-04:00,77620.1,78156.8,77510.1,78011,42.998296461501035,39.33666302748251,
2026-08-31T02:00:00-04:00,78011,78158.2,77861.1,78080,47.49056028237614,41.178335599047436,
2026-08-31T03:00:00-04:00,78080,78324.7,78030,78193,49.15225991837298,42.46012150328021,
2026-08-31T04:00:00-04:00,78193.1,78506.7,77973.4,78468.9,52.553329857665766,45.021539602231094,
2026-08-31T05:00:00-04:00,78468.9,78800,78383.3,78518.3,55.32436471830619,48.00043741435546,
2026-08-31T06:00:00-04:00,78519,78745.8,78313.6,78705.9,57.24635115594926,50.53039721631392,
2026-08-31T07:00:00-04:00,78706,78706,78297.7,78315.5,54.8519670405999,52.2173540507636,
2026-08-31T08:00:00-04:00,78314.1,78543.3,77700,77934,47.811444271785916,51.90558230496674,
2026-08-31T09:00:00-04:00,77937.5,78285.3,77729.1,77863.8,44.15085458642272,51.26315242334834,
2026-08-31T10:00:00-04:00,77863.9,78678.5,77750.1,78600,49.58590681457286,52.02948141816671,
2026-08-31T11:00:00-04:00,78601.4,78778,78209.7,78588.5,55.45345866001311,52.09176065259044,
2026-08-31T12:00:00-04:00,78588.5,78886,78515.5,78636.5,55.70529859562477,52.13831966882917,
2026-08-31T13:00:00-04:00,78636.4,79000,78489.8,78897.1,57.90261552260738,52.27926475734991,
2026-08-31T14:00:00-04:00,78897.1,79220.5,78781.2,79013.1,60.52908282096533,53.76035274893358,
2026-08-31T15:00:00-04:00,79013.2,79256,78850,78897.8,60.088230029446564,55.78691783096723,
2026-08-31T16:00:00-04:00,78897.9,79170.7,78786.3,78860.7,58.46732177766161,57.85077194643039,
2026-08-31T17:00:00-04:00,78860.7,79069.7,78731.6,78960.8,58.864266765619234,58.437877816980475,
2026-08-31T18:00:00-04:00,78960.9,79013.8,78571.4,78588.2,55.71519037854606,57.92555243743982,
2026-08-31T19:00:00-04:00,78588.2,78590.8,78402.1,78582.1,51.70840753843768,57.29590894349845,
2026-08-31T20:00:00-04:00,78582.2,78895.1,78552.9,78654.5,52.34649865381876,56.338090474928784,
2026-08-31T21:00:00-04:00,78654.5,78798.6,78369.1,78407.3,50.498317433167536,54.429975975556225,
2026-08-31T22:00:00-04:00,78407.3,78460.4,78183.3,78450.3,48.41161167982444,53.00191380360818,
2026-08-31T23:00:00-04:00,78450.3,78872.6,78400.1,78682.3,51.25149188955644,52.36831029324047,
2026-09-01T00:00:00-04:00,78682.4,78936.1,78650.1,78729.5,54.09503766005455,51.639276916303984,
2026-09-01T01:00:00-04:00,78729.5,79219.6,78729.5,79175.4,58.39846484845762,53.13496014178663,
2026-09-01T02:00:00-04:00,79175.3,79175.3,78740.1,78740.1,57.54336593625882,53.306407887110026,
2026-09-01T03:00:00-04:00,78740.1,78806.3,78495.4,78628.9,51.79524841843407,52.97746007453385,79085.13496334426
2026-09-01T04:00:00-04:00,78629,78650,77821.3,77878.9,45.04680619555907,51.748833247793314,81102.35263236688
2026-09-01T05:00:00-04:00,77878.9,78049.9,77778.2,77908,39.63321927841698,50.46934795984601,79850.76561817409
2026-09-01T06:00:00-04:00,77908.1,78192.8,77750,78020.1,41.030210807745846,48.828467224418866,78894.10629899378
2026-09-01T07:00:00-04:00,78020.1,78199.9,77884.6,78087.8,42.82731999782984,47.25000005635324,78236.44026209755
2026-09-01T08:00:00-04:00,78087.8,78155.7,77737.1,77999.5,42.81199330344151,44.375189640128546,78092.75268752343
2026-09-01T09:00:00-04:00,77998.6,78200,77500,78070,42.890956913807585,43.063597478510026,77788.15962233752
2026-09-01T10:00:00-04:00,78070,78421,78039.7,78174.6,44.82453878777565,42.383558317083285,
2026-09-01T11:00:00-04:00,78171.5,78171.5,77724.2,77914.4,43.7020631055762,42.67938516708635,
2026-09-01T12:00:00-04:00,77914.5,77977.5,77320,77593,39.008612465187184,42.20509922758906,78284.99355740892
2026-09-01T13:00:00-04:00,77593,77722.1,77231.3,77270,34.545702448521595,40.826668493022275,78312.84933778767
2026-09-01T14:00:00-04:00,77270.3,77325.5,76416.6,77153.5,31.819005489435956,39.05986651090509,78056.87067369674
2026-09-01T15:00:00-04:00,77153.8,77467.2,77109.7,77314.4,33.15184400651428,38.06662583675735,77515.79797067177
2026-09-01T16:00:00-04:00,77314.4,77477.8,77229.1,77450,36.79354138530479,37.31774778847573,76975.71664221217
2026-09-01T17:00:00-04:00,77450.1,77522.9,76911.9,77213.8,36.76774773489228,35.764685535933545,
2026-09-01T18:00:00-04:00,77213.8,77367.8,77023.1,77271.4,35.8291871453883,35.06835465699347,
2026-09-01T19:00:00-04:00,77271.4,77643.2,77216.6,77434.7,38.557680965143845,35.63584796449259,
2026-09-01T20:00:00-04:00,77435.4,77519.4,77130.1,77205.1,38.79215937661863,36.2816280650212,
2026-09-01T21:00:00-04:00,77206.5,77372.2,76713.6,77012.9,35.663285618048604,36.73421371552478,
2026-09-01T22:00:00-04:00,77012.9,77341.6,76947.4,77328.3,38.06884688365237,37.68648602991779,76499.29436534244
2026-09-01T23:00:00-04:00,77328.4,77788.1,77304.5,77560.6,44.248641736897,38.864242387408275,76043.55880700679
2026-09-02T00:00:00-04:00,77560.6,77609.2,77287.1,77553.8,46.608249603349094,40.49805799233403,76624.9003079882
2026-09-02T01:00:00-04:00,77553.8,77766.4,77435.1,77658.8,47.66165098100211,42.244946340440784,76620.02661040961
2026-09-02T02:00:00-04:00,77658.8,77730,77459.7,77612.8,48.30557548835715,43.28317071325211,77139.99889798797
2026-09-02T03:00:00-04:00,77614.8,77761.2,77480,77481.3,46.49404544877599,44.445485218200034,77579.05734710372
2026-09-02T04:00:00-04:00,77481.4,77554,76746.4,76852.6,40.095671834899555,44.54956677520953,
2026-09-02T05:00:00-04:00,76851.9,77055.3,76495,76750.6,34.378435057846275,43.39108183939829,
2026-09-02T06:00:00-04:00,76750.7,76763.1,76261,76683.2,33.27849774623991,41.41523992073606,
2026-09-02T07:00:00-04:00,76683.3,76840.6,76350,76826.2,34.728522156374474,39.996873997405544,
2026-09-02T08:00:00-04:00,76826.2,77053.5,76609.2,76609.3,35.077009933982524,37.819628193016186,
2026-09-02T09:00:00-04:00,76609.3,77440,76609.3,77161.7,39.77001200597394,37.55814157386749,
2026-09-02T10:00:00-04:00,77161.7,77498.6,77011.1,77072.9,45.28105600943995,37.47305978177731,
2026-09-02T11:00:00-04:00,77073,77391.6,76745.4,77290,46.677793797927805,39.43874784901841,
2026-09-02T12:00:00-04:00,77295.4,77579.3,77175.9,77175.9,47.78567712784597,41.3037003732058,
2026-09-02T13:00:00-04:00,77176,77406.6,76963.2,77387.5,48.80995969653418,43.87630840624535,
2026-09-02T14:00:00-04:00,77387.5,77523.6,77293.4,77377.3,50.74607000160985,45.880142614701626,
2026-09-02T15:00:00-04:00,77377.3,77421.6,77125,77344.1,50.299027578417125,48.22545630465523,
2026-09-02T16:00:00-04:00,77344.2,77523.5,77209.7,77399.9,50.557268709690675,48.96221595862069,
2026-09-02T17:00:00-04:00,77399.9,77433.6,77239.7,77285.8,49.86950492212702,49.53644170828011,
2026-09-02T18:00:00-04:00,77285.8,77285.8,77020.9,77030.2,45.93825615604807,48.75091948951219,
2026-09-02T19:00:00-04:00,77030.2,77371.1,77004.7,77339.6,46.81653485456508,49.25954391591414,
2026-09-02T20:00:00-04:00,77339.7,77391.3,76978.2,77063.2,47.65019289150959,48.419557545219455,
2026-09-02T21:00:00-04:00,77063.3,77536,76963.2,77349.9,47.89536233462561,48.44505601106151,
2026-09-02T22:00:00-04:00,77349.8,77900,77234.8,77820,54.71388612766559,49.680945702147596,
2026-09-02T23:00:00-04:00,77820,77887.3,77635.9,77702.8,57.409909607938076,50.40295341056076,
2026-09-03T00:00:00-04:00,77702.9,77833.5,77543.9,77780,56.830981339400275,51.669938964225665,
2026-09-03T01:00:00-04:00,77780,77829.8,77110,77806.2,57.66218986387925,53.752648755655386,
2026-09-03T02:00:00-04:00,77806.3,77850,77684,77827.6,58.065021302016795,54.883792234926155,
2026-09-03T03:00:00-04:00,77826.9,78176.1,77588,77657,56.19275699462223,56.193381356544705,
2026-09-03T04:00:00-04:00,77662.9,78058.9,77662.8,77835.9,55.829292721049285,57.15062948819007,
2026-09-03T05:00:00-04:00,77834.2,77973.1,77610.1,77613.8,54.93753412195235,56.25728078348379,
2026-09-03T06:00:00-04:00,77613.9,77769.1,77472.8,77741.3,53.60545524689877,56.06364252789312,
2026-09-03T07:00:00-04:00,77741.3,78005.5,77701.1,77935.6,56.656526516300644,56.207436548312465,
2026-09-03T08:00:00-04:00,77935.6,78787.1,77883.4,78649.7,63.428197024611876,57.7110731452453,
2026-09-03T09:00:00-04:00,78649.7,78996,78450,78832.6,69.38290860902748,59.44111863602982,
2026-09-03T10:00:00-04:00,78832.1,80566,78702.7,80552.6,76.07621191875717,63.392060266426725,
2026-09-03T11:00:00-04:00,80552.7,81376.9,80360,81358.7,83.27377003739538,67.28239786927156,
2026-09-03T12:00:00-04:00,81358.8,81374.2,80622.3,80969.7,81.44915629528563,70.96680945880767,
2026-09-03T13:00:00-04:00,80969.7,81196,80883,81049.9,78.3274427628863,74.34582287383942,
2026-09-03T14:00:00-04:00,81049.8,81348,80896.8,81258.4,79.0026968431618,77.35142955219658,
2026-09-03T15:00:00-04:00,81258.5,81796.1,81176.8,81768.9,80.59071005432808,79.24939802518692,
2026-09-03T16:00:00-04:00,81758,81789.9,81386.6,81461.9,79.038719883146,80.11023277337328,
2026-09-03T17:00:00-04:00,81461.9,82285,81290.1,81586.3,76.71295064257458,79.43132337484904,
2026-09-03T18:00:00-04:00,81586.3,81614.1,80908,81143.3,73.35822296941153,77.2772193253779,
2026-09-03T19:00:00-04:00,81143.3,81342.5,81076.4,81260.1,70.0787181491246,76.18262676166016,
2026-09-03T20:00:00-04:00,81260.1,81433.9,80962.8,80967.2,68.13308850491383,74.36454668024291,
2026-09-03T21:00:00-04:00,80967.2,81099.9,80762.1,80970.1,65.79920342262832,72.41020007007917,
2026-09-03T22:00:00-04:00,80970.1,80970.1,80657.2,80836.7,64.69429299103258,69.82271323358704,
2026-09-03T23:00:00-04:00,80836.6,81016.5,80800,80838.5,63.58622724424968,67.99520217325166,
2026-09-04T00:00:00-04:00,80838.6,81290.4,80811.4,81070,64.75876973391087,66.40723297396885,
2026-09-04T01:00:00-04:00,81070,81147.2,80852.7,80990.5,65.16110073678313,65.65316724964354,
2026-09-04T02:00:00-04:00,80990,81090.3,80571.8,80808.5,62.66522949744443,64.28909335920308,
2026-09-04T03:00:00-04:00,80808.5,80968.6,80629.9,80650,59.46539344230614,63.17668294604135,
2026-09-04T04:00:00-04:00,80650,81240.3,80503.9,81156.8,60.98384204401495,62.9132758224564,
2026-09-04T05:00:00-04:00,81156.8,81304.6,80935.3,81055,63.01379542708381,62.696540784913125,
2026-09-04T06:00:00-04:00,81055,81198.6,80832.8,81181.2,62.78635625918411,62.6847412552948,
2026-09-04T07:00:00-04:00,81181.2,81405,81075.7,81225.9,63.77519541883062,62.41551955203306,
2026-09-04T08:00:00-04:00,81222.1,81346,79172,79453.3,51.84880475036884,58.8812281163193,92489.69032067145
2026-09-04T09:00:00-04:00,79453.3,79709.1,78990,79380.1,39.3297051218848,55.74822687330174,86772.24117017389
2026-09-04T10:00:00-04:00,79380.1,79573.8,78650,78910.1,36.98661148806019,52.45871898653474,84619.35112458903
2026-09-04T11:00:00-04:00,78910.2,79557.5,78789.2,79427.7,38.52004858020606,49.330000169356346,80620.3498429542
2026-09-04T12:00:00-04:00,79427.7,79875,79371.4,79751.9,44.05163752156153,47.04095958495696,79313.37710492818
2026-09-04T13:00:00-04:00,79752,79760,79376.4,79469.5,44.64637902709248,44.14714953161588,
2026-09-04T14:00:00-04:00,79469.5,79659,79469.5,79619.1,44.20109792490224,41.44836030097742,
2026-09-04T15:00:00-04:00,79619.1,79816.6,79619.1,79796.2,46.26363058989297,42.551385485765636,
2026-09-04T16:00:00-04:00,79796.3,79869.6,79666.6,79704.2,46.85309038668236,43.597898948062436,
2026-09-04T17:00:00-04:00,79704.2,79817.1,79518.9,79632.7,45.90109039093184,45.098379458014676,
2026-09-04T18:00:00-04:00,79632.7,79719.3,79624.3,79632.5,45.47575049446943,45.58524235213768,
2026-09-04T19:00:00-04:00,79632.5,79759.6,79586.5,79660.7,45.70091032806896,45.569600259873944,79664.60743815065
2026-09-04T20:00:00-04:00,79660.8,79720.5,79562.4,79578,45.34041423102103,45.7835381246887,79734.01057847767
2026-09-04T21:00:00-04:00,79578,79714.7,79534.9,79534.9,44.437059180256185,45.63701776140364,79692.16651653677
2026-09-04T22:00:00-04:00,79534.8,79621.9,79479.1,79570.1,44.46385936492794,45.269317774698685,79603.63265545816
2026-09-04T23:00:00-04:00,79570.1,79634.1,79514.1,79584.6,44.95668880390428,45.095188737752764,79574.6849868327
2026-09-05T00:00:00-04:00,79584.6,79595.2,79500,79500.1,44.36430559555933,44.830236404592256,79617.32906174674
2026-09-05T01:00:00-04:00,79500.1,79605.9,79449.5,79575.8,44.489517060626625,44.81340775665482,79484.13056308811
2026-09-05T02:00:00-04:00,79575.8,79719.9,79575.8,79640.3,46.10675877451071,44.946193103575624,
2026-09-05T03:00:00-04:00,79640.2,79773.7,79640.1,79719.7,47.78992250073416,45.51326726228714,
2026-09-05T04:00:00-04:00,79719.7,79727.7,79564.5,79650,47.94026300649026,45.94710848249964,
2026-09-05T05:00:00-04:00,79650,79737.7,79614.3,79631.7,46.945217009063896,46.22222658918313,
2026-09-05T06:00:00-04:00,79631.7,79671.9,79580.8,79622.4,46.61836037201829,46.421871787675066,
2026-09-05T07:00:00-04:00,79622.4,79684.3,79603.6,79614.6,46.40126733358842,46.80421565719144,
2026-09-05T08:00:00-04:00,79614.6,79772.7,79610.4,79705.9,47.71252898683652,47.34273233802076,79559.82327521459
2026-09-05T09:00:00-04:00,79705.9,79760.2,79546.8,79615.4,47.81916061155839,47.293473324919354,79654.85102376003
2026-09-05T10:00:00-04:00,79615.4,79748.8,79615.4,79714.5,48.09123582916494,47.42882186042955,79529.47780180613
2026-09-05T11:00:00-04:00,79714.5,79813.3,79680,79800.5,50.98657193611915,48.163847304813316,79467.6498726918
2026-09-05T12:00:00-04:00,79800.5,80197.6,79749.6,80042,55.55952419407478,49.89005248471837,79191.50529470584
2026-09-05T13:00:00-04:00,80041.1,80159.9,79967.4,80064.9,59.09958243551933,51.729910751527896,79485.16497680271
2026-09-05T14:00:00-04:00,80064.9,80083.3,79932.3,80001.1,58.20611230235365,53.26286533293701,79778.72032812865
2026-09-05T15:00:00-04:00,80001.1,80001.1,79700.2,79749.5,52.921564580490006,53.2182066354289,
2026-09-05T16:00:00-04:00,79749.5,79844,79688.6,79742.5,48.70880548833213,53.5170495834438,
2026-09-05T17:00:00-04:00,79742.5,79937.5,79726.2,79908.1,51.14003071809596,54.08929088940919,
2026-09-05T18:00:00-04:00,79908.1,79938.7,79757.2,79789.6,51.7793124751679,53.74354688031487,
2026-09-05T19:00:00-04:00,79789.6,79903.2,79705.8,79830.2,50.51934295032083,52.64923910547949,
2026-09-05T20:00:00-04:00,79830.2,79946.4,79829.5,79868.5,51.77090456536404,51.649638917413355,
2026-09-05T21:00:00-04:00,79868.5,80064.5,79868.5,79954.8,53.75596050028825,51.37776716203223,
2026-09-05T22:00:00-04:00,79954.9,80018.5,79868.4,79910.2,54.27072509455439,52.03511335000318,
2026-09-05T23:00:00-04:00,79910.3,80108.5,79893.2,80036.1,55.42361418063085,53.29628393126044,
2026-09-06T00:00:00-04:00,80036.1,80036.1,79846.6,79868.3,54.26943359771063,52.92922845846452,
2026-09-06T01:00:00-04:00,79868.3,80113.3,79800,79999,53.17424158460372,53.69483510538496,
2026-09-06T02:00:00-04:00,79999.7,79999.7,79697.2,79781.2,51.602065818576904,53.238577849394815,
2026-09-06T03:00:00-04:00,79781.1,79874.6,79570,79821.2,48.623293229562066,52.795517580870104,
2026-09-06T04:00:00-04:00,79820.1,79902.6,79762.1,79851.9,49.80559597197747,52.10990226987745,
2026-09-06T05:00:00-04:00,79851.9,79998.4,79806.1,79887.4,50.947115302200395,51.84591478305466,
2026-09-06T06:00:00-04:00,79887.4,80023,79887.3,80001.2,53.4888482825928,51.557112013295146,
2026-09-06T07:00:00-04:00,80001.2,80001.2,79900,79920.3,53.823761082904454,51.71857977882433,
2026-09-06T08:00:00-04:00,79920.3,80008.2,79863.4,79930,52.412348996870044,51.33942841679981,
2026-09-06T09:00:00-04:00,79930.1,79977.2,79769,79839.7,50.78521789693029,51.48519465835387,80030.56760596123
2026-09-06T10:00:00-04:00,79839.7,79851.9,79199,79543.7,44.21087304330597,50.07873693501235,80565.26193901006
2026-09-06T11:00:00-04:00,79543.7,79729.8,79382.4,79718,42.76891134522235,49.47471333642384,79947.27508941406
2026-09-06T12:00:00-04:00,79717.9,79795.5,79608.9,79691.7,45.694198256294925,48.57790349332508,79836.53010978145
2026-09-06T13:00:00-04:00,79691.7,79780.5,79588.7,79743.7,46.275274614545154,47.413692288410225,79697.8720138695
2026-09-06T14:00:00-04:00,79747.6,79971.4,79747.5,79949.5,50.771735967690276,47.7058963175496,
2026-09-06T15:00:00-04:00,79949.5,79949.5,79805.3,79840.8,52.37177293036295,47.40209912655106,
2026-09-06T16:00:00-04:00,79840.8,79979.2,79784.2,79919,51.74215985018465,47.9793083041937,
2026-09-06T17:00:00-04:00,79919,80030,79869.6,79937.5,53.32871653863667,50.007197268074115,
2026-09-06T18:00:00-04:00,79937.5,80088.2,79644.9,80046.4,55.399933996644975,51.58817191888589,
2026-09-06T19:00:00-04:00,80046.4,80555.4,80007.9,80341.4,61.05934218196596,54.39723838969441,
2026-09-06T20:00:00-04:00,80341.4,80441.4,80050.6,80159.1,61.44779864103519,55.92317878359732,
2026-09-06T21:00:00-04:00,80159.1,80252,79816.7,79931.6,54.27258150434808,55.39747997159663,
2026-09-06T22:00:00-04:00,79931.5,80427.6,79799.8,79879.9,49.8417655385055,55.2003195287809,
2026-09-06T23:00:00-04:00,79880,79987.1,79577,79594.8,45.36261067750726,53.57475163654595,
2026-09-07T00:00:00-04:00,79594.9,79727.9,79541.6,79724,43.65330088784566,52.435915057126316,
2026-09-07T01:00:00-04:00,79724,79927.3,79658.6,79753.8,46.1191918826196,50.9231110325387,
2026-09-07T02:00:00-04:00,79753.8,79818.6,79644.1,79652.5,45.225610084938396,47.91199160083273,
2026-09-07T03:00:00-04:00,79652.5,79686.6,79000,79401.2,40.93247225189901,45.06158920707122,
2026-09-07T04:00:00-04:00,79401.3,79543.6,79398.9,79428,38.4601829478805,43.394163441842,
2026-09-07T05:00:00-04:00,79428,79549.9,79290.6,79309.9,37.62319033158576,41.57056771937987,
2026-09-07T06:00:00-04:00,79309.9,79458.6,79309.9,79366.3,37.37898839271347,41.113128503329484,
2026-09-07T07:00:00-04:00,79366.3,79484.4,79279.9,79416.1,39.38935967394198,40.35229880112167,
2026-09-07T08:00:00-04:00,79416.1,79636.3,79395.1,79601.9,43.61918138495219,40.398839789710216,
2026-09-07T09:00:00-04:00,79601.9,79648.1,79314.2,79354.6,43.70689410731836,39.918379950373094,
2026-09-07T10:00:00-04:00,79354.6,79397.1,78961.3,79198.9,38.79904756367972,39.789289878790434,79407.14765352097
2026-09-07T11:00:00-04:00,79198.9,79198.9,78682,78834.1,33.825371156366266,38.59414800994046,79623.44605423369
2026-09-07T12:00:00-04:00,78833.9,79036.7,78808.9,79031,33.78417775498838,38.69242914261976,79170.14547426705
2026-09-07T13:00:00-04:00,79031.5,79222,79013.9,79192.5,39.3885495667992,39.168308345393534,
2026-09-07T14:00:00-04:00,79192.5,79247.1,79088.9,79195.5,41.81737356518279,39.38614739725999,
2026-09-07T15:00:00-04:00,79195.5,79419.3,79150.6,79367.4,44.342640801255556,39.37501103576592,
2026-09-07T16:00:00-04:00,79367.1,79399,79166.6,79237.4,45.3021545143816,39.84193608499233,
2026-09-07T17:00:00-04:00,79237.4,79279.2,79157.7,79158.3,42.88619244243146,40.54276671540928,
2026-09-07T18:00:00-04:00,79158.3,79224.3,78774.1,78951,39.821471562848984,41.55510762970168,
2026-09-07T19:00:00-04:00,78950.9,79210.8,78930.9,79111.8,40.129090672966356,42.35559897768869,
2026-09-07T20:00:00-04:00,79111.8,79313.9,78969.5,79313.9,45.39480283641403,43.27117999244877,78727.27114523521
2026-09-07T21:00:00-04:00,79313.9,79465.1,79256.4,79439,49.75812544574745,44.62438522927859,78494.72162753946
2026-09-07T22:00:00-04:00,79439,79485.9,78935.4,78935.5,45.97934274880395,43.73880912031974,79257.38862174975
2026-09-07T23:00:00-04:00,78935.5,79004.7,78730.1,78904.8,40.35035993786951,43.20958677884657,79230.19704272835
2026-09-08T00:00:00-04:00,78904.8,78939.5,78680,78680.1,38.14699439213459,42.38475253452064,79448.51840357498
2026-09-08T01:00:00-04:00,78683.2,78884.6,78559.6,78588.3,35.48231935526684,41.96982900525167,79332.19250820854
2026-09-08T02:00:00-04:00,78588.3,78639.9,78261.7,78323.2,32.79749917591266,40.290012106791,79185.13771627693
2026-09-08T03:00:00-04:00,78323.5,78607.9,78181.6,78485.5,33.22975662881926,38.49410151736744,78547.8368927197
2026-09-08T04:00:00-04:00,78485.5,78585.9,78290.3,78422.3,35.111220555221635,36.105182138069345,78480.70875646827
2026-09-08T05:00:00-04:00,78422.3,78804.3,78340,78764,39.20439665145605,36.558402632410896,
2026-09-08T06:00:00-04:00,78764,78999.9,78561.8,78561.9,41.99881545136214,36.57616942763866,
2026-09-08T07:00:00-04:00,78561.9,78582.1,78295.1,78427.8,39.08597795951807,36.826683651663316,
2026-09-08T08:00:00-04:00,78427.9,78483.3,78225,78459,38.3965972956635,37.40882026775199,
2026-09-08T09:00:00-04:00,78459.5,78549.4,77624.6,77972.5,35.19119179286393,37.510595827935106,
2026-09-08T10:00:00-04:00,77972.5,78621.7,77865.2,78563.6,38.2885924951202,38.85420194383797,
2026-09-08T11:00:00-04:00,78563.6,78905.6,78441.3,78905.4,48.014975692834255,41.19738301011015,76195.61622301878
2026-09-08T12:00:00-04:00,78905.5,78970.8,78572.7,78730.7,49.56900138901581,41.81551758314077,77496.17962276752
2026-09-08T13:00:00-04:00,78730.7,78887.5,78494,78498.4,46.319157325278965,42.43176640265781,78274.69600967052
2026-09-08T14:00:00-04:00,78498.4,78825.4,78265,78437.2,44.05011810429974,43.23384333879267,78482.36302005718
2026-09-08T15:00:00-04:00,78437.2,78529.5,78315.7,78447.9,43.69650807699881,43.94602662589647,
2026-09-08T16:00:00-04:00,78447.7,78622.2,78410.1,78485.4,44.2152385471551,45.81214241144729,
2026-09-08T17:00:00-04:00,78485.4,78622.3,78405.7,78490,44.676789008538776,45.77122562973035,
2026-09-08T18:00:00-04:00,78490,78663.9,78451.7,78560.2,45.57386738324134,45.114682894420746,
2026-09-08T19:00:00-04:00,78560.2,78577.9,78410,78458.7,45.3642710277644,44.569874097944236,
2026-09-08T20:00:00-04:00,78458.8,78798.6,78449,78773.4,47.975761377126446,45.587998337805736,
2026-09-08T21:00:00-04:00,78773.4,78891.5,78633,78886.9,52.81688958713448,47.074665950182734,
2026-09-08T22:00:00-04:00,78886.9,78923,78683,78720.9,52.071963921307194,47.980985721893845,
2026-09-08T23:00:00-04:00,78721,78724.8,78551.3,78636.7,49.21281306792041,48.502544384687106,
2026-09-09T00:00:00-04:00,78636.7,79216.8,78636.7,79169,53.5250542242997,50.509061497825535,
2026-09-09T01:00:00-04:00,79169,79367.9,78841.7,78935.1,56.19970640809144,51.53849839178713,
2026-09-09T02:00:00-04:00,78935.2,79287.1,78852.6,79160.3,55.55568497554924,53.420894054335484,
2026-09-09T03:00:00-04:00,79160.2,79396.8,79154.6,79270.8,58.383721831984786,54.512201378889515,
2026-09-09T04:00:00-04:00,79270.8,79768,79256.7,79699.6,62.33019196306573,56.1389804474587,
2026-09-09T05:00:00-04:00,79699.6,79714.1,78900.4,78950.6,58.193283171683206,56.26114973613979,
2026-09-09T06:00:00-04:00,78950.9,79187.7,78878.8,78917.3,50.74052450309558,56.57546942893732,
2026-09-09T07:00:00-04:00,78917.3,79378.7,78737.5,79325.4,53.46777609648335,56.2447845567637,
2026-09-09T08:00:00-04:00,79321.6,79663.3,79271.7,79609.2,58.267647164906336,57.166309645170145,79183.10982045313
2026-09-09T09:00:00-04:00,79609.3,79675.6,79107.1,79143.8,56.23444674419291,56.43871649066188,79885.928623464
2026-09-09T10:00:00-04:00,79138.9,79413.7,78883.6,78964.9,51.07750707192484,55.07881971372444,79651.59519098251
2026-09-09T11:00:00-04:00,78967.1,79400,78064.8,78595.3,47.25817173194646,52.132424996056386,80265.47206826783
2026-09-09T12:00:00-04:00,78595.3,78933.8,78453.7,78796.4,46.29299097356917,51.678736228549006,79564.41359373067
2026-09-09T13:00:00-04:00,78796.4,78929.3,78669,78772,47.65769702895906,51.25161714630309,79251.14520628478
2026-09-09T14:00:00-04:00,78775.3,78794.4,78401,78415.7,45.06417645051209,49.27770775827151,79238.64258328067
2026-09-09T15:00:00-04:00,78415.7,78579.8,78153.8,78228.6,41.480914699438244,46.45540787045507,79060.36689713124
2026-09-09T16:00:00-04:00,78228.5,78339.6,77930,78320.1,41.15139191336213,44.96826352089129,78622.63452311432
2026-09-09T17:00:00-04:00,78320.1,78342.8,78004.7,78148.4,40.86345655510645,43.537107722792676,78646.83641488262
2026-09-09T18:00:00-04:00,78148.4,78200,77764.1,77924.4,38.35602449140259,42.4247928807359,78549.78248009688
2026-09-09T19:00:00-04:00,77920.6,78315.4,77916.6,78300.7,40.501969330630644,41.882530110524534,77670.4234151342
2026-09-09T20:00:00-04:00,78300.6,78397.5,78103.1,78176.2,43.18896723441061,41.14801293943635,
2026-09-09T21:00:00-04:00,78176.2,78508.1,77954.4,78095.9,41.793319665673195,40.947999600570554,
2026-09-09T22:00:00-04:00,78095.9,78374.9,77971.4,78354.1,43.668253825556405,41.772966975470105,
2026-09-09T23:00:00-04:00,78354.1,78544.6,78274.9,78327.7,45.885691485676425,42.300656621231774,
2026-09-10T00:00:00-04:00,78327.6,78444.1,78300.1,78403.5,46.41406772808913,43.35885588203657,
2026-09-10T01:00:00-04:00,78403.5,78552.6,78272.7,78530.1,48.37805758652475,45.16409464840954,
2026-09-10T02:00:00-04:00,78537.9,78539.9,78159.4,78423.6,48.60403593454008,45.673732054582125,
2026-09-10T03:00:00-04:00,78423.6,78431.1,77916,78110.8,44.905154675164965,45.65443391719649,
2026-09-10T04:00:00-04:00,78107,78172.1,78033.6,78108.5,42.189404095219594,45.78689903445253,
2026-09-10T05:00:00-04:00,78113,78232.5,77919,77998.5,41.23993342048723,44.96062808717674,
2026-09-10T06:00:00-04:00,77993.8,78046.6,77826.5,77861.9,39.186130791647564,43.872738836158575,
2026-09-10T07:00:00-04:00,77861.9,78055.7,77700,77840,37.88149972191279,42.52275151398349,
2026-09-10T08:00:00-04:00,77839.9,77973.2,76680,76902,31.943966963140205,39.17728437233442,
2026-09-10T09:00:00-04:00,76899.7,77244.8,76736.1,77174.9,29.41052076793761,37.038890037811356,
2026-09-10T10:00:00-04:00,77172.8,77424.6,76956.5,77418.2,35.2387611750139,36.41545765800554,
2026-09-10T11:00:00-04:00,77418.3,77420,77088,77250.5,36.81680012856973,35.50386033305425,
2026-09-10T12:00:00-04:00,77250.6,77319.9,76803,77206.1,35.51647271112898,34.780183169617466,
2026-09-10T13:00:00-04:00,77206.1,77549.9,77126.3,77329.9,36.66108301692309,34.7824181117044,
2026-09-10T14:00:00-04:00,77330,77347.4,76988,77253.5,37.540248892123174,34.68268293253472,
2026-09-10T15:00:00-04:00,77253.4,77300,77082.9,77165.7,36.37651244077177,36.048859676742,
2026-09-10T16:00:00-04:00,77165.8,77350,77110,77264.4,37.014123345888166,36.85514081194917,
2026-09-10T17:00:00-04:00,77264.5,77303.6,77108.4,77149,37.37439779752292,36.659041568887424,
2026-09-10T18:00:00-04:00,77149.1,77220,76820.6,76830,34.2261328621183,36.114950164391615,
2026-09-10T19:00:00-04:00,76830.1,76881.5,76464.7,76570,30.42098500236271,35.20318793781136,
2026-09-10T20:00:00-04:00,76574.2,76939.8,76546,76912,33.17931813356606,35.12016019771818,
2026-09-10T21:00:00-04:00,76912.1,77005.2,76670.9,76978.6,38.273204748415594,35.412603896752046,
2026-09-10T22:00:00-04:00,76978.6,77017.1,76770,76844,38.04814867211236,35.59777054952978,
2026-09-10T23:00:00-04:00,76844,76898.9,76707.6,76894.7,37.68845286160005,35.605269472669725,
2026-09-11T00:00:00-04:00,76894.7,77195,76879.4,77110,40.957611649035,36.62154593567608,
2026-09-11T01:00:00-04:00,77110.1,77258.5,77060,77255.6,45.23399045966359,38.75037164339695,
2026-09-11T02:00:00-04:00,77255.6,77437.6,77174.1,77305,47.437707562513935,41.483466667147866,
2026-09-11T03:00:00-04:00,77305.3,77408.9,77205.6,77230,47.19981221159629,42.75622709426273,
2026-09-11T04:00:00-04:00,77230.1,77498.8,77141.7,77359.1,47.95374571246525,44.249335514019194,
2026-09-11T05:00:00-04:00,77359.1,77374.7,76866,77041.2,46.214602909495326,45.08949973351501,
2026-09-11T06:00:00-04:00,77040.7,77167.6,76963.2,77000.1,42.53877528160636,45.63514191973529,
2026-09-11T07:00:00-04:00,77000.1,77045.9,76750,77034.7,42.61746354556536,45.563743132523676,
2026-09-11T08:00:00-04:00,77034.8,78159.9,76001,78025.1,52.55946662032579,47.72813510849592,74577.61249339253
2026-09-11T09:00:00-04:00,78025,79331.7,77255.4,79251.4,67.86942231236102,51.401375918194276,70643.36685906473
2026-09-11T10:00:00-04:00,79240,79896.3,78516.3,78796.8,69.67692138602492,54.15016630118981,76306.97391465306
2026-09-11T11:00:00-04:00,78796.8,78847.6,77321.7,77727,58.527185133315484,54.422358609865775,79201.50077024644
2026-09-11T12:00:00-04:00,77726.9,78066.5,77394,77913.4,52.35656653376107,55.905013050980024,
2026-09-11T13:00:00-04:00,77913.1,77961.9,77490.8,77532.2,51.192951523734365,56.89498039333091,
2026-09-11T14:00:00-04:00,77532.2,77541.7,76880.1,77059.9,46.73052066653368,57.08017222839954,
2026-09-11T15:00:00-04:00,77060,77375,77000.2,77289.9,45.71108687546369,54.93830046622746,
2026-09-11T16:00:00-04:00,77289.8,77500,77195.2,77332.1,47.28779681882045,51.19970780167366,
2026-09-11T17:00:00-04:00,77332.2,77430.3,77084.8,77119,46.38491560438189,48.2834416714723,
2026-09-11T18:00:00-04:00,77119,77250,76982,77147.4,45.42326379958213,47.45573027774985,
2026-09-11T19:00:00-04:00,77147.4,77231.7,77117.4,77223.4,46.14241155238554,46.50796881965073,
2026-09-11T20:00:00-04:00,77223.5,77322.5,77203.2,77282,47.097423173074276,46.28557932041839,
2026-09-11T21:00:00-04:00,77282.1,77381.2,77251,77272.6,47.4570108382378,46.71553744013761,
2026-09-11T22:00:00-04:00,77272.6,77325.6,77219.6,77281.7,47.46684790396118,46.787225328560524,
2026-09-11T23:00:00-04:00,77281.2,77349.9,77231.7,77271.7,47.46190448492019,46.765282487594675,
2026-09-12T00:00:00-04:00,77271.7,77315,77221.3,77230.1,47.03003304886727,46.971544598413494,
2026-09-12T01:00:00-04:00,77230.1,77260.3,77171.9,77216.7,46.55852477979937,47.08964276765675,
2026-09-12T02:00:00-04:00,77216.7,77362.4,77206.9,77300.4,47.331522633193586,47.311290621501506,77184.93735445997
2026-09-12T03:00:00-04:00,77300.5,77358.4,77262.7,77278.6,48.00081666772092,47.34775519469865,77229.5409757927
2026-09-12T04:00:00-04:00,77280.1,77375.6,77270.6,77358.8,48.701763479266134,47.66693423322389,77141.19183504171
2026-09-12T05:00:00-04:00,77358.8,77392.4,77329.6,77354.9,49.580135576571664,47.95155167258736,77202.8618496492
2026-09-12T06:00:00-04:00,77354.8,77405,77310.9,77331.5,49.24160742396546,48.175420787236824,77283.00086592782
2026-09-12T07:00:00-04:00,77331.5,77368.7,77278.5,77354.4,49.26291725197734,48.58951858776165,77300.1087296107
2026-09-12T08:00:00-04:00,77354.4,77361.9,77288.2,77332.7,49.26959171073014,48.950011338931326,77341.04821306339
2026-09-12T09:00:00-04:00,77332.8,77400,77250,77369.9,49.53322400737916,49.218576123243245,77320.64608938408
2026-09-12T10:00:00-04:00,77370,77507.1,77364,77469.7,51.61869280571847,49.98369023550206,77222.08716412028
2026-09-12T11:00:00-04:00,77469.8,77492.5,77370,77385.2,51.73977750982439,50.08658013197418,77373.14961409802
2026-09-12T12:00:00-04:00,77385.3,77423.3,77340.8,77361.9,49.960195215833686,50.09227870386263,
2026-09-12T13:00:00-04:00,77362,77405.2,77184.5,77214.2,47.224851545707196,49.51036416675753,
2026-09-12T14:00:00-04:00,77214.3,77234.3,77130,77144.6,43.84591865811244,48.544564819901225,
2026-09-12T15:00:00-04:00,77144.7,77191.6,77064.9,77119.3,42.43844906782698,47.55860912592806,
2026-09-12T16:00:00-04:00,77125.9,77219,77119.3,77171.2,43.14769408393523,46.720127698917246,
2026-09-12T17:00:00-04:00,77169,77276.7,77153,77254,45.92343461412568,45.9313924997587,
2026-09-12T18:00:00-04:00,77254,77308.1,77186.7,77233.2,47.22836672052182,45.43115318768794,
2026-09-12T19:00:00-04:00,77233.3,77299.9,77229.4,77281,47.86425953327911,45.33255373331453,
2026-09-12T20:00:00-04:00,77281,77314.3,77152.3,77273,48.7160650080916,45.85721417694064,
2026-09-12T21:00:00-04:00,77273.1,77344.1,77242.7,77319.3,49.60414304305083,46.97776070043979,
2026-09-12T22:00:00-04:00,77319.3,77319.3,77240,77289,49.947938631190624,48.002782623615964,
2026-09-12T23:00:00-04:00,77289.1,77315.8,77188.9,77196.3,47.14878544199988,48.12092965988683,
2026-09-13T00:00:00-04:00,77196.3,77263.6,77196.3,77215.4,45.568949821109925,47.90150125418289,
2026-09-13T01:00:00-04:00,77215.4,77325.4,77215.3,77314.9,48.60682776606983,48.514775672900555,77173.01856251858
2026-09-13T02:00:00-04:00,77311,77317.5,77063.1,77120.1,46.91346818032684,47.62984658191082,77394.654960437
2026-09-13T03:00:00-04:00,77122.6,77184.5,77100,77129.2,42.92560671032021,46.86035901639445,77281.61633421975
2026-09-13T04:00:00-04:00,77129.2,77203.6,76750,76812.5,38.06839269394078,44.33391791073651,77568.05729388025
2026-09-13T05:00:00-04:00,76812.5,76900.3,76562.7,76798.8,32.79567672681589,41.95971275800167,77335.13307166727
2026-09-13T06:00:00-04:00,76798.9,76813.9,76635.1,76679.8,31.11049721767906,39.751549846644856,77217.44926987622
2026-09-13T07:00:00-04:00,76679.9,76803.6,76500,76789.5,32.56025092354417,38.24294164441145,76816.16823404178
2026-09-13T08:00:00-04:00,76789.6,76873.8,76690.4,76765.2,35.16713812604924,35.91163852092468,76762.31058494397
2026-09-13T09:00:00-04:00,76765.3,76932.7,76559.4,76854.9,37.17847267215731,35.46151435636302,
2026-09-13T10:00:00-04:00,76855,77254.1,76850.1,77208,46.63918361000315,36.97266049226267,
2026-09-13T11:00:00-04:00,77208.1,77208.1,77015.8,77132.3,52.357648038725316,39.54415874058717,
2026-09-13T12:00:00-04:00,77132.4,77373,77132.3,77284.5,53.43200129744814,42.868753226729034,
2026-09-13T13:00:00-04:00,77284.5,77418.8,77246.1,77327.3,56.53819371744173,46.80921488337651,
2026-09-13T14:00:00-04:00,77325.1,77384.7,77305.3,77344,57.44956761581676,49.979986567378354,
2026-09-13T15:00:00-04:00,77344,77416,77223,77279.9,56.32315351643639,52.85379070920141,
2026-09-13T16:00:00-04:00,77280,77375.4,77258.4,77348.5,56.11867758516359,55.39147368538014,
2026-09-13T17:00:00-04:00,77349.4,77452.1,77303.7,77310.8,56.43842995061783,55.653575377948464,
2026-09-13T18:00:00-04:00,77310.8,77314.3,76666.6,76721.8,46.22221417605885,53.638492581761156,
2026-09-13T19:00:00-04:00,76719.8,76870.3,76630.9,76836,38.94251349192539,51.51372171922768,
2026-09-13T20:00:00-04:00,76832.3,77085.8,76394.9,76805,40.6288996054806,49.092979978343685,
2026-09-13T21:00:00-04:00,76805.6,77161.2,76642.5,77107.7,45.18188464619131,48.00866944219183,
2026-09-13T22:00:00-04:00,77107.7,77726.5,77016.6,77598.3,55.70564893044633,48.916550096632236,
2026-09-13T23:00:00-04:00,77598.4,77864.3,77499.9,77593.4,61.216561843778294,49.46520780179604,
2026-09-14T00:00:00-04:00,77593.4,77698,77528.5,77674.1,61.937051353333466,50.48758478312242,
2026-09-14T01:00:00-04:00,77676.2,77692.7,77488.8,77608.9,61.6540075370923,53.87429161923417,
2026-09-14T02:00:00-04:00,77609,77893.8,77378,77590.7,60.2673464728599,56.58039420624657,
2026-09-14T03:00:00-04:00,77590.8,77885,77518.6,77885,62.98228334118224,60.26097268657749,
2026-09-14T04:00:00-04:00,77885.4,77999.9,77656.5,77739.3,63.54675679166042,61.82750053352345,
2026-09-14T05:00:00-04:00,77739.3,78372.9,77599,78147.5,64.65901748996565,62.819077989297234,
2026-09-14T06:00:00-04:00,78147.6,78170.8,77900,77901.7,64.60158715451693,62.79465062230586,
2026-09-14T07:00:00-04:00,77900.1,77929.9,77698.1,77788.2,59.44007347075345,62.10565573713152,
2026-09-14T08:00:00-04:00,77788.2,78083.6,77605.6,77701.7,56.76141847326152,61.39676803263992,
2026-09-14T09:00:00-04:00,77701.7,78497.6,77480.4,78175.7,59.81908064887308,61.97757978742099,
2026-09-14T10:00:00-04:00,78175.8,78703.8,78163.9,78522.4,66.35936184515968,62.3616476052049,
2026-09-14T11:00:00-04:00,78522.3,78685.2,78305.8,78575.7,69.02461287455377,63.54268152539051,
2026-09-14T12:00:00-04:00,78575.7,78913.9,78424.7,78766.3,70.50285189667916,64.03131457855162,
2026-09-14T13:00:00-04:00,78766.4,79053.2,78715.8,78945.5,72.6517326215475,65.84272308739925,
2026-09-14T14:00:00-04:00,78945.7,79328.9,78844.2,79222.1,75.03468765803687,68.48691863206116,
2026-09-14T15:00:00-04:00,79222.1,79250,78960,78996.7,73.19468297773989,70.5379415172502,
2026-09-14T16:00:00-04:00,78996.8,79600,78982.7,79101.8,70.58188601881244,71.56200588061526,
2026-09-14T17:00:00-04:00,79101.8,79124.6,78745.1,78767.9,66.84722420560733,70.67733076309239,
2026-09-14T18:00:00-04:00,78767.9,78866.9,78503.3,78557.6,60.11302728352479,69.01583856889269,
2026-09-14T19:00:00-04:00,78557.6,78578.6,78140.8,78195.7,54.141515332273634,66.00266317326223,
2026-09-14T20:00:00-04:00,78195.7,78262.5,77943,77951.1,48.46496350796252,62.10533310786842,
2026-09-14T21:00:00-04:00,77951.1,78085.6,77755,77915.9,46.07655606964538,57.728911290864666,
2026-09-14T22:00:00-04:00,77915.9,78029.2,77800,77912.3,45.75070691644026,54.26419709035423,
2026-09-14T23:00:00-04:00,77912.3,77912.3,77655.9,77686.3,43.749526119957835,50.062522748334786,
2026-09-15T00:00:00-04:00,77686.3,77749.1,77544.1,77570.1,40.829165686712635,46.830466084955745,
2026-09-15T01:00:00-04:00,77570.1,77677.9,77307.6,77630.4,40.62395128465206,44.494215320085424,
2026-09-15T02:00:00-04:00,77630.4,77729.3,77189.6,77282.6,38.607558481699726,42.39219269907749,
2026-09-15T03:00:00-04:00,77282.5,77311.9,76880,76931.6,33.57374154386579,40.23958047320065,
2026-09-15T04:00:00-04:00,76928.6,77000,76704,76997,32.154084047578806,38.41434354991561,
2026-09-15T05:00:00-04:00,76997,77060.2,76862.4,76980.6,32.89617227167585,36.566856288982244,
2026-09-15T06:00:00-04:00,76980.7,77172,76870,77050.1,33.776711233658546,35.56496786811581,
2026-09-15T07:00:00-04:00,77052.4,77215.6,76816.3,76923.6,33.81776489861352,34.563598920953915,
2026-09-15T08:00:00-04:00,76923.7,77129.9,76853,76948.3,33.24953811126963,33.45799267572083,
2026-09-15T09:00:00-04:00,76943.9,77120,76125.3,76620.6,31.283788423186106,32.47109318995003,
2026-09-15T10:00:00-04:00,76620.6,76694.4,75603,75938.8,25.490369575268335,31.14845782755012,
2026-09-15T11:00:00-04:00,75938.8,76600,75827,76505.7,28.896335075822915,31.540307769448344,
2026-09-15T12:00:00-04:00,76505.8,76580.3,76265.1,76383.9,35.0502413198294,31.76390612702256,
2026-09-15T13:00:00-04:00,76383.9,77348.9,76192.6,76959.8,39.800228023360134,33.261312566505936,
2026-09-15T14:00:00-04:00,76959.7,77207,74955.5,75999.9,40.05520678539788,33.54603238038952,
2026-09-15T15:00:00-04:00,75990.7,76303.5,75809.6,76183.9,36.33510384084194,34.142902774955175,
2026-09-15T16:00:00-04:00,76183.8,76245.9,75612.8,75934.8,36.63884582466986,35.07604878081345,
2026-09-15T17:00:00-04:00,75934.9,75973.6,75384.7,75448.9,33.42884328176831,36.41103811966945,
2026-09-15T18:00:00-04:00,75449,75746,75130,75667.9,33.202926745287286,36.30650354351756,
2026-09-15T19:00:00-04:00,75667.8,75942.7,75563.4,75641,34.8955426937645,36.36683851222234,
2026-09-15T20:00:00-04:00,75640.2,75916.3,75570.8,75772.1,35.92119102151668,35.19820725727657,
2026-09-15T21:00:00-04:00,75772.1,75972.7,75460.5,75500.1,35.71782117537079,35.127585480786024,
2026-09-15T22:00:00-04:00,75500.1,76114.6,75479.7,75886.7,37.66031186320485,35.57683812080883,
2026-09-15T23:00:00-04:00,75886.8,76080.2,75767.7,75818.5,40.570376318804676,36.25087990768169,
2026-09-16T00:00:00-04:00,75818.2,76025.6,75809.3,75863.2,40.57706135297537,37.619186141153705,
2026-09-16T01:00:00-04:00,75863.2,75977.4,75678.5,75966.9,41.8975914359906,38.73506981931121,
2026-09-16T02:00:00-04:00,75966.9,76039.8,75825.4,76035,43.4519521740763,40.06387456409993,
2026-09-16T03:00:00-04:00,76035,76101.6,75741.7,75775.1,42.26223947005981,40.54679794746638,
2026-09-16T04:00:00-04:00,75775.1,75775.1,75355.4,75740.6,40.21380970231165,41.34844271465447,
2026-09-16T05:00:00-04:00,75740.7,75995.3,75730.9,75994.6,42.51150200540204,41.93285227380844,75500.34732771321
2026-09-16T06:00:00-04:00,75991.6,76040,75896.2,75984.2,44.96081502916424,42.6028537747572,75671.9332812051
2026-09-16T07:00:00-04:00,75984.3,76300.9,75865.4,76249.9,47.42858561325329,43.890430633887846,75193.17008481818
2026-09-16T08:00:00-04:00,76249.8,76298,75792.7,75970.7,47.61031338691879,44.235060046450975,75820.89970090028
2026-09-16T09:00:00-04:00,75970.7,75970.7,75586.1,75650.1,42.86676688813503,43.72323483790463,
2026-09-16T10:00:00-04:00,75654.4,75830.9,75432.6,75707.6,41.08391254305005,43.89839521016246,
2026-09-16T11:00:00-04:00,75704,75950,75556.1,75789.4,42.53650048180317,44.38686077490221,
2026-09-16T12:00:00-04:00,75790.5,75882.2,75650,75765.1,43.19480411121172,44.09362438325094,
2026-09-16T13:00:00-04:00,75765.1,75920,75354.4,75779,43.1551050354483,43.87094363384051,
2026-09-16T14:00:00-04:00,75779,76558.7,75055,75637.5,42.03755811943556,42.55333081358874,
2026-09-16T15:00:00-04:00,75638.9,76187.2,75259,76069.6,45.57980658094044,43.29079883213242,
2026-09-16T16:00:00-04:00,76066.7,76414.5,76021.7,76180,51.466423074282275,45.010375438202246,
2026-09-16T17:00:00-04:00,76176.4,76219.5,75914.9,75965.6,50.3681793351241,45.94344648701072,
2026-09-16T18:00:00-04:00,75965.6,75989.6,75642.2,75684.4,45.696427743186206,45.913211798597395,76078.276499401
2026-09-16T19:00:00-04:00,75684.4,76271.4,75640.1,76201.2,48.0408119259043,47.328020148351456,75398.59781930213
2026-09-16T20:00:00-04:00,76201.2,76499,76180,76338.7,53.9947346694383,49.01024883688025,75632.95393436997
2026-09-16T21:00:00-04:00,76338.8,76775,76220,76368.7,55.337739292901105,51.128071912198756,75777.81021399166
2026-09-16T22:00:00-04:00,76368.7,76486,76050.4,76375.3,55.63827275386822,51.88409631485962,75889.62886727882
2026-09-16T23:00:00-04:00,76375.3,76531.9,76367.9,76440.7,56.285144329096866,52.50484941357435,76025.00419505696
2026-09-17T00:00:00-04:00,76440.7,76588,76181.1,76540.9,57.78264194151644,54.00251420240029,76245.22656574164
2026-09-17T01:00:00-04:00,76541,76633.2,76319,76336.3,56.204244796304764,55.507082857322516,76628.67301482633
2026-09-17T02:00:00-04:00,76329.5,76600,76309,76481.4,55.124515660374456,56.026429555106056,
2026-09-17T03:00:00-04:00,76481.4,76680.7,76417.1,76458,56.235556647237956,56.14731770812242,76492.71476073329
2026-09-17T04:00:00-04:00,76461.3,76595.2,76386.1,76575.1,57.11420139876188,56.53399015678057,76429.80572584055
2026-09-17T05:00:00-04:00,76575.1,76770,76472.8,76472.8,56.896783810038585,56.50689229559966,76579.08317039975
2026-09-17T06:00:00-04:00,76472.9,76479,76266.2,76405.3,54.59500873695035,56.051094273310134,76617.19848721742
2026-09-17T07:00:00-04:00,76405.5,76490.3,76171.4,76483.4,54.59400575902744,55.5958533863171,76524.66386399293
2026-09-17T08:00:00-04:00,76483.4,77167.3,76402.1,76731.1,58.135006863620106,56.60274057825738,76349.68693464482
2026-09-17T09:00:00-04:00,76731.1,76887.9,76011,76691.7,60.16312258804895,57.03545536565267,76499.73862977145
2026-09-17T10:00:00-04:00,76691.7,77086.9,76388.7,76500.8,56.76369281312564,56.75363662565386,76787.71506826005
2026-09-17T11:00:00-04:00,76500.8,76865.3,76266.7,76780.1,56.933754696522364,56.983899165012815,76539.0599710488
2026-09-17T12:00:00-04:00,76780,76819.3,76533.8,76757.5,59.56727599809794,57.51663439367081,76671.08019098948
2026-09-17T13:00:00-04:00,76759.2,76972.6,76573.3,76668.3,57.899665349876194,57.92808676870591,76867.18727471441
2026-09-17T14:00:00-04:00,76668.4,76788.9,76471.1,76572.9,55.168800978196614,57.680861599147725,76956.77760889323
2026-09-17T15:00:00-04:00,76572.9,76680.6,76500,76590,53.99107113259561,56.74410513127034,76794.27825100844
2026-09-17T16:00:00-04:00,76590,76734.8,76498.2,76562.8,53.777999556645085,55.85654073303233,76832.71092169822
2026-09-17T17:00:00-04:00,76562.9,76616.6,76400,76410.7,51.01482940803509,55.101572729815906,76986.55809344327
2026-09-17T18:00:00-04:00,76410.7,76462.2,76258.2,76431.9,49.015214534310836,53.59410068668619,76714.22352801966
2026-09-17T19:00:00-04:00,76432,76512.4,76383.4,76419.3,49.14469094729627,52.12369128672971,76603.78692140433
2026-09-17T20:00:00-04:00,76419.2,76595.6,76298.2,76593.2,51.72204241706295,51.82906556302527,76367.74976592191
2026-09-17T21:00:00-04:00,76593.3,76771.5,76517.9,76739.2,56.54146312638803,52.51588047192727,
2026-09-17T22:00:00-04:00,76739.3,77039.6,76647,76979.8,61.42303891531107,53.9524849295154,
2026-09-17T23:00:00-04:00,76979.9,77599.8,76976.1,77379.5,67.78777428276543,56.51867325081879,
2026-09-18T00:00:00-04:00,77379.5,77580.5,77215.2,77580.4,72.69327005991035,60.14632511576547,
2026-09-18T01:00:00-04:00,77580.5,77712.6,77430.7,77487.8,72.3846849860208,63.1956648084502,
2026-09-18T02:00:00-04:00,77487.8,77676.7,77411,77597,71.49635141460604,66.53251382071112,
2026-09-18T03:00:00-04:00,77594.2,77853.6,77565.5,77800,73.6695997165292,69.46639546544056,
2026-09-18T04:00:00-04:00,77800,78271.7,77659.5,78257.2,77.45409802065561,72.50755236193042,
2026-09-18T05:00:00-04:00,78257.2,78473.5,78011.2,78216,79.13275520563775,74.5263144055339,
2026-09-18T06:00:00-04:00,78216,78363.7,78101.6,78288.3,78.76031896122487,75.64256512720455,
2026-09-18T07:00:00-04:00,78290.2,78441,78025.4,78062.8,75.10560732382308,75.21555362379468,
2026-09-18T08:00:00-04:00,78062.6,78184.1,77980.1,78049.9,70.86631302861045,75.20874456794445,
2026-09-18T09:00:00-04:00,78050,80515.8,77968.7,80075.9,78.16908224229155,77.12204814599055,78977.67370778105
2026-09-18T10:00:00-04:00,80070.1,80982.5,80070.1,80946.8,87.06486085251856,79.03596203536998,79473.86061841181
2026-09-18T11:00:00-04:00,80946.9,81155,80504.4,80728.7,86.26214209543556,79.63863216735625,80161.4782518278
2026-09-18T12:00:00-04:00,80728.8,81267,80664.3,80849,84.31327677865048,80.51611105623077,80374.37571691794
2026-09-18T13:00:00-04:00,80849,81019.8,80568.6,81019.3,84.8597599079419,81.38132958070398,80781.54607660396
2026-09-18T14:00:00-04:00,81019.3,81153.8,80805,80943.7,84.35228212858561,83.15801814330577,82150.03906902544
2026-09-18T15:00:00-04:00,80943.7,81407,80911.3,81211.5,84.09301327171016,85.16038679301819,
2026-09-18T16:00:00-04:00,81212.1,81248,80944.2,81125.4,83.67341156173919,84.73068366314796,
2026-09-18T17:00:00-04:00,81125,81304.3,81088.9,81242.2,82.97054941047246,83.99058352386216,
2026-09-18T18:00:00-04:00,81242.2,81374.9,81059.8,81144.9,82.05959411562115,83.52995566891526,
2026-09-18T19:00:00-04:00,81148.1,81216.8,80868.5,80903,77.97387135033401,82.17932483005745,
2026-09-18T20:00:00-04:00,80903,81673.1,80847.5,81672.1,77.53357071450613,81.43675875650504,
2026-09-18T21:00:00-04:00,81673.2,81748,81055.2,81285.8,76.13885808120666,79.83263224509203,
2026-09-18T22:00:00-04:00,81285.8,81455.3,81261,81310.8,72.38744436011204,78.09231049604844,
2026-09-18T23:00:00-04:00,81310.9,81413.8,81129.3,81131.7,70.71008752529667,76.12882537753704,
2026-09-19T00:00:00-04:00,81131,81230.1,80926.8,81040,68.03683320899295,73.82553443848288,
2026-09-19T01:00:00-04:00,81040.1,81158.2,81010.1,81054.6,67.20665008714589,71.88512708368695,
2026-09-19T02:00:00-04:00,81054.7,81111.4,80928,81061.1,67.31522037510075,70.78020558841622,
2026-09-19T03:00:00-04:00,81061.1,81258.7,81016.7,81095.3,67.5459234319834,69.03151357439475,
2026-09-19T04:00:00-04:00,81095.3,81411.7,81065.3,81315.9,68.98133764024193,68.73519974814059,
2026-09-19T05:00:00-04:00,81316,81529.4,81250.2,81326.2,70.27840026914647,68.42892954840458,
2026-09-19T06:00:00-04:00,81325,81330.2,81210.2,81222.3,68.92392436622845,68.22486741697824,
2026-09-19T07:00:00-04:00,81222.8,81384.3,81209.7,81308.2,68.07269308604322,68.4391752275618,81308.1254038301
2026-09-19T08:00:00-04:00,81308.3,81371,81212.8,81341.5,68.85600297188816,68.69611109833318,81329.4578713056
2026-09-19T09:00:00-04:00,81341.5,81357.6,81183.5,81357.1,69.18873395151923,68.97446482082422,81348.68916705731
2026-09-19T10:00:00-04:00,81357.1,81629.7,81328.1,81578.1,70.80170666449499,69.62633487905077,81365.2460839264
2026-09-19T11:00:00-04:00,81577.9,81953.1,81567.2,81647.3,72.74727306618274,70.05044637109303,81412.67425500383
2026-09-19T12:00:00-04:00,81647.3,81915.8,81472.1,81838.4,74.35342771875486,70.79062843608173,81525.22125142257
2026-09-19T13:00:00-04:00,81834.4,81851.3,81447.6,81463.8,69.6696611170955,70.2635140141979,
2026-09-19T14:00:00-04:00,81463.8,81544.2,81333.3,81439.2,63.47661690440505,69.47746381275655,
2026-09-19T15:00:00-04:00,81439.2,81466.8,81300.4,81365.7,62.067665922399954,68.32398914291556,
2026-09-19T16:00:00-04:00,81365.7,81438,81070.1,81151.6,58.089395129855944,66.30622414942418,
2026-09-19T17:00:00-04:00,81151.6,81230.7,80902.1,81100.5,54.51296251774987,63.67006224384553,
2026-09-19T18:00:00-04:00,81100.5,81270.4,80968.8,81264.7,55.619263323837416,61.412507080182664,
2026-09-19T19:00:00-04:00,81264.8,81369.9,81222.5,81265.8,57.398739998225494,58.82586575226571,
2026-09-19T20:00:00-04:00,81265.8,81334.3,81209.6,81285.5,57.63498856196277,57.97402920728759,
2026-09-19T21:00:00-04:00,81285.6,81305.6,81032.2,81104.8,55.13109452680412,56.441430787236875,
2026-09-19T22:00:00-04:00,81104.9,81172.2,80264.9,80338.7,44.516340547744335,52.95936481452885,
2026-09-19T23:00:00-04:00,80334.5,80530.2,80133.4,80490.4,38.54102369714161,50.85618180646135,
2026-09-20T00:00:00-04:00,80490.5,80536.1,80319.1,80441.4,40.03645486652228,48.82321977132097,
2026-09-20T01:00:00-04:00,80442.3,80652.4,80419.6,80503.9,40.44959520103465,46.52199091423199,
2026-09-20T02:00:00-04:00,80503.9,80608,80228.2,80313.8,39.575573050138864,43.73088635758193,
2026-09-20T03:00:00-04:00,80313.8,80436,80291.5,80305.7,37.801358673538644,40.855239517539395,
2026-09-20T04:00:00-04:00,80305.8,80456,80173.5,80263.7,37.34083171207219,38.64795412480139,
2026-09-20T05:00:00-04:00,80263.6,80589.9,80257.5,80469.4,40.044711104914,39.57763110530215,
2026-09-20T06:00:00-04:00,80469.5,80524.4,80320,80320,41.60042535024658,39.52206888283137,
2026-09-20T07:00:00-04:00,80320.1,80535.5,80280.5,80483.6,42.3867221455248,40.24913604216001,
2026-09-20T08:00:00-04:00,80483.6,80531.2,80332.3,80493.7,44.85206585592464,40.77991764137137,
2026-09-20T09:00:00-04:00,80493.8,80659,80428.6,80566.5,46.04678122427228,42.09805266334099,
2026-09-20T10:00:00-04:00,80566.6,80776.6,80418.4,80682.6,48.731573020521054,43.90283602622349,
2026-09-20T11:00:00-04:00,80682.7,80973.8,80659.9,80917.5,53.30434138337401,46.659055426570085,
2026-09-20T12:00:00-04:00,80917.5,81500,80815.4,81340.5,60.333281204985674,49.69957034052968,
2026-09-20T13:00:00-04:00,81343.8,81464.7,81070.1,81158,61.8481433804748,52.444117720921,
2026-09-20T14:00:00-04:00,81158.1,81311.1,81032.2,81040.3,57.71702715646758,54.079657486513334,
2026-09-20T15:00:00-04:00,81040.4,81300.8,81040.4,81186.7,57.601056081275246,56.08668635673547,
2026-09-20T16:00:00-04:00,81186.8,81239,81076.8,81096.6,57.809696885169735,57.44049053248404,
2026-09-20T17:00:00-04:00,81096.6,81096.6,80588,80940.4,54.52956115406368,57.743254394890506,
2026-09-20T18:00:00-04:00,80940.4,81299.9,80778.9,81211.2,55.31033100975259,58.013630425735066,
2026-09-20T19:00:00-04:00,81211.2,81342.8,81118.5,81179.6,57.70954446044517,56.993615325021786,81122.27915033684
2026-09-20T20:00:00-04:00,81180.1,81846.1,81171.3,81605,61.04099655495522,57.783017047015186,80857.41283402733
2026-09-20T21:00:00-04:00,81602.3,82099,80857.6,80993.3,57.860708160292724,57.0346670404004,82037.9554413545
2026-09-20T22:00:00-04:00,80993.4,81516.1,80951,81318.5,53.60128317008503,56.64022478667512,81375.64344592085
2026-09-20T23:00:00-04:00,81318.5,81581.1,81250.1,81444.6,57.23557777278013,56.87063300828908,81377.97563944757
2026-09-21T00:00:00-04:00,81444.6,81516.1,81234.6,81404.1,57.756713029357876,57.56226817961632,81424.48229307632
2026-09-21T01:00:00-04:00,81404.1,81798.5,81312.9,81567.5,58.618775456439785,57.81590285019972,81348.70345407611
2026-09-21T02:00:00-04:00,81567.5,81887.8,81400,81639,60.4704391025945,58.35109522023042,81225.61599991642
2026-09-21T03:00:00-04:00,81639,81726,81459.7,81722,61.68190412430543,57.99901929858549,81404.37767694259
2026-09-21T04:00:00-04:00,81722,84233.2,81714.8,83758,71.18887961122279,62.159144206210435,79624.99388379157
2026-09-21T05:00:00-04:00,83755.2,85325.2,83697.1,84639,81.83471779577113,66.06571490592437,80660.80198835707
2026-09-21T06:00:00-04:00,84639,84822.6,84137.5,84431.3,81.80350773214647,69.1785527660294,82839.13786591735
2026-09-21T07:00:00-04:00,84431.3,84918.9,84388.4,84884.9,80.91073247176391,72.6811490323261,83708.94216305033
2026-09-21T08:00:00-04:00,84884.9,85480.2,84812.9,85316.6,82.6329897587733,76.0397568524104,84564.46246370877
2026-09-21T09:00:00-04:00,85316.6,85841.5,84777.7,85471.5,83.69340597068846,79.31628242321008,85229.46266644781
2026-09-21T10:00:00-04:00,85475.1,86137.2,85051.7,85837.1,84.57600808559181,82.58092941277793,85545.76457891498
2026-09-21T11:00:00-04:00,85837,86351.4,85800,85931.7,85.34321209865249,83.36037741961857,85656.84920376293
2026-09-21T12:00:00-04:00,85931.7,86108,85600,85958.7,85.54380835989677,83.64066957395669,
2026-09-21T13:00:00-04:00,85958.8,86109.9,85665.6,85891.6,84.87282120728335,84.23732412680054,
2026-09-21T14:00:00-04:00,85891.6,86076.8,85806.6,86063.7,84.50613546218105,84.66792757121873,
2026-09-21T15:00:00-04:00,86063.7,86899.8,85979.4,86502.3,85.6764275569412,85.10687778341993,86372.88127930654
2026-09-21T16:00:00-04:00,86502.4,87399,86502.4,86999.2,87.28409577112572,85.69383894277223,86735.53551616492
2026-09-21T17:00:00-04:00,86999.2,86999.2,86550.1,86581.9,83.86834603043178,84.90468862480277,92845.37629289998
2026-09-21T18:00:00-04:00,86581.9,86763.8,86300,86449.8,78.4093429372579,83.71273346808808,93876.33194785439
2026-09-21T19:00:00-04:00,86449.8,86708.9,86366.5,86617.8,77.62662175884282,82.64263531021594,89964.36049634176
2026-09-21T20:00:00-04:00,86617.9,86632.6,85870.1,85903.6,71.87984768187572,80.0004553179716,158370.10044495837
2026-09-21T21:00:00-04:00,85903.7,85987.1,85405.2,85620.2,63.56832287137681,76.6604031414147,107934.37503078608
2026-09-21T22:00:00-04:00,85620.2,85876.1,85391.3,85727.7,61.964940618701064,73.22574476418869,90171.58507964257
2026-09-21T23:00:00-04:00,85727.7,85761.8,85309.1,85697.2,62.213424705811846,69.49735426561075,87840.31668987534
2026-09-22T00:00:00-04:00,85697.3,85743.4,85429,85464.2,60.12895057126872,66.44306034728496,87568.7857782163
2026-09-22T01:00:00-04:00,85464.3,85600,85111.1,85412.6,57.87680484692764,63.63091481123066,86331.65213767404
2026-09-22T02:00:00-04:00,85412.7,85578.3,85257.1,85384.9,57.23829118349711,60.617823040043326,85971.00976268346
2026-09-22T03:00:00-04:00,85385,85507.2,85160,85344.9,56.65625589690943,59.28131715838315,85849.2348550811
2026-09-22T04:00:00-04:00,85344.8,86375.1,85319.2,86215.5,61.20270263828391,59.941931544873924,
2026-09-22T05:00:00-04:00,86216,86280.8,85680.9,86261,66.3117512321687,60.52326304794533,
2026-09-22T06:00:00-04:00,86261,86268.3,85750,85901.1,63.33127094075145,60.26131618342809,
2026-09-22T07:00:00-04:00,85901.2,86147.7,85776,85992.6,60.64980176531972,60.67207767481705,86002.0446348968
2026-09-22T08:00:00-04:00,85992.6,86203.4,85774.4,86030.6,61.37984640264888,61.262185199348444,86104.71529045106
2026-09-22T09:00:00-04:00,86030.6,86372.7,85584.3,86354.5,63.40695995422041,62.43455446645227,86133.46577911692
2026-09-22T10:00:00-04:00,86355.8,86476.9,85455,86256.4,64.24296438555973,63.429816196105676,86222.74253555125
2026-09-22T11:00:00-04:00,86260.7,86731,86125.2,86419,64.1988146753211,63.29058647703433,86132.26380931042
2026-09-22T12:00:00-04:00,86419.1,86595.9,86075.6,86422.1,65.1439976812634,63.09617232441845,86251.12534259548
2026-09-22T13:00:00-04:00,86422.1,86664.2,86256,86579.3,66.09434763130129,64.08003696004857,86315.86772872039
2026-09-22T14:00:00-04:00,86580,86652,86241,86458.2,65.60183397869176,64.51103867109616,86611.8019348161
2026-09-22T15:00:00-04:00,86458.3,86590.9,86150.2,86201.2,61.335249804125425,64.06729507475616,
2026-09-22T16:00:00-04:00,86201.2,86380.6,86136.4,86266.4,58.98375196646867,63.24726496030995,
2026-09-22T17:00:00-04:00,86277.7,86354.8,86186.6,86188.9,58.60115190234495,62.4553486509805,
2026-09-22T18:00:00-04:00,86187.1,86306.5,86001.8,86125.9,57.00513802847174,61.19192877549584,
2026-09-22T19:00:00-04:00,86126,86514.9,86092.2,86209.1,57.034064747239654,60.13822495554514,
2026-09-22T20:00:00-04:00,86209.2,86584.6,86140.7,86465.5,59.94920036539205,59.43617241380748,
2026-09-22T21:00:00-04:00,86465.6,86842.1,86175.9,86368.2,60.863871661140834,58.78452143624488,
2026-09-22T22:00:00-04:00,86365.1,86633.2,86264.4,86554.4,61.16028971111996,59.38618381580593,
2026-09-22T23:00:00-04:00,86554.4,86960.5,86434.8,86710.7,63.9113492830561,60.19240638384128,
2026-09-23T00:00:00-04:00,86710.8,87283,86638,87169.8,68.08019314513152,62.094481313744936,
2026-09-23T01:00:00-04:00,87169.8,87170.4,86422.2,86509,63.63942726864608,62.08791759531967,
2026-09-23T02:00:00-04:00,86509.1,86626.6,86379.4,86474.5,55.9103712941758,61.77342604144097,
2026-09-23T03:00:00-04:00,86477.3,86477.3,86000.5,86133.3,52.53262792313995,59.96889689753334,
2026-09-23T04:00:00-04:00,86133.5,86279.9,85700,85912.7,47.723234994994435,58.01895842254199,
2026-09-23T05:00:00-04:00,85912.7,86038.6,85740.7,85861.7,45.56651504509489,55.513532707240465,
2026-09-23T06:00:00-04:00,85861.8,85937.9,85656.6,85924,45.779879635082594,52.83853852312099,
2026-09-23T07:00:00-04:00,85926.7,85979.9,85440.8,85658.7,44.2361366004079,48.70094512303372,
2026-09-23T08:00:00-04:00,85658.7,85685.3,85273.4,85506,40.933272045271664,46.35106560215687,
2026-09-23T09:00:00-04:00,85505.7,85887.8,85289.2,85798,42.824203386769234,44.962040006631845,
2026-09-23T10:00:00-04:00,85798,85945.6,83856.4,84534.9,38.530262646274124,42.350389808766636,
2026-09-23T11:00:00-04:00,84534.9,84798.5,83950,84000.1,29.214261186386608,39.673761775601044,
2026-09-23T12:00:00-04:00,84000.1,84356.5,83500.2,84047.2,27.66334081524009,37.23519717166528,
2026-09-23T13:00:00-04:00,84047.3,84393.4,83717.1,84323.5,30.61556021807398,35.34109908502715,
2026-09-23T14:00:00-04:00,84322.1,84408.8,84131.9,84323.8,33.13668081797061,34.06392409096891,
2026-09-23T15:00:00-04:00,84323.9,84567.8,84211.9,84510.4,34.87807981019567,33.611044160719736,
2026-09-23T16:00:00-04:00,84510.4,84579.9,84218.1,84239.8,35.24140013073208,31.8974088749583,
2026-09-23T17:00:00-04:00,84239.9,84516,84208.2,84422.1,35.575096877417195,32.766711083903466,
2026-09-23T18:00:00-04:00,84421.9,84666.6,84349,84565,38.59509011747471,34.57764571241204,
2026-09-23T19:00:00-04:00,84565,84577.8,84359.6,84399.5,38.9172077473916,35.982101635946755,
2026-09-23T20:00:00-04:00,84399.5,84500,84203.1,84316.1,37.431688304455975,36.52511087994975,
2026-09-23T21:00:00-04:00,84315.9,84471.5,84061.8,84104.5,35.70170684102439,36.71496621396212,
2026-09-23T22:00:00-04:00,84107.1,84375,83733.4,84358.7,37.07418139432968,37.15256847541661,
2026-09-23T23:00:00-04:00,84358.8,84477.8,83842.4,83936.9,37.211279535690615,37.27778890109313,
2026-09-24T00:00:00-04:00,83936.9,84066.3,83784.7,84050.7,35.881066727364875,37.239988432544514,
2026-09-24T01:00:00-04:00,84050.7,84406.8,83942.3,83969.1,36.53389960104251,36.688877324969646,
2026-09-24T02:00:00-04:00,83969.9,84237.8,83900.8,84107.3,37.508528493074834,36.83750864559687,
2026-09-24T03:00:00-04:00,84107.2,84628.2,83928.7,84528.4,42.94572716685211,38.26431699993997,
2026-09-24T04:00:00-04:00,84528.4,84628.1,83236.2,83665.3,41.68138837591894,38.54598908413817,
2026-09-24T05:00:00-04:00,83665.4,83749.9,82874.5,83263.7,34.605819191926585,37.55907065639623,84119.45494224208
2026-09-24T06:00:00-04:00,83263.7,83567.8,83153.8,83513.6,34.8959735591188,37.88447309083194,83660.3021730897
2026-09-24T07:00:00-04:00,83513.6,83623.4,83394.8,83490.2,36.903197737152304,37.85110808776407,83677.81955816425
2026-09-24T08:00:00-04:00,83490.2,83670.9,83340.9,83603.1,37.79286936420109,38.24417873744868,83459.4105818873
2026-09-24T09:00:00-04:00,83603.2,84352,83599.1,84256.2,43.866991967391456,39.66781193756882,
2026-09-24T10:00:00-04:00,84256.3,84944.4,83387.8,83669.9,45.55775639405067,38.990472802362554,
2026-09-24T11:00:00-04:00,83668.5,84474.1,83501.8,84419.6,46.79776963299811,41.12963515387714,
2026-09-24T12:00:00-04:00,84419.6,84929.9,84040,84494.7,51.82565336144186,43.91042542222406,
2026-09-24T13:00:00-04:00,84494.7,84568.1,84010.1,84113.9,50.02615600355857,45.45254442371708,
2026-09-24T14:00:00-04:00,84113.3,84553.9,83888.6,84476.1,49.89714421547522,47.62298155888775,
2026-09-24T15:00:00-04:00,84476.1,84665.6,84298.2,84402,51.53005368325357,49.37745422916065,
2026-09-24T16:00:00-04:00,84411.5,84480.6,84175.8,84373.6,50.9002460971972,49.632482738832245,
2026-09-24T17:00:00-04:00,84373.6,84505.9,84286,84340.4,50.4953809617156,50.78820410563634,
2026-09-24T18:00:00-04:00,84337.7,84373.8,83945.3,84278.4,49.8325473057527,50.49956207390499,
2026-09-24T19:00:00-04:00,84281.6,84472.9,84264,84409.8,50.36329103717662,50.370386298703416,
2026-09-24T20:00:00-04:00,84409.9,84715.5,84399.8,84590.4,52.63883714147353,51.24604239902356,
2026-09-24T21:00:00-04:00,84593.7,84793.9,84360.6,84612.8,54.10875363863108,51.57370327674795,
2026-09-24T22:00:00-04:00,84612.8,84888,84179,84229,51.122358195056904,51.1295579738245,84765.67381871729
2026-09-24T23:00:00-04:00,84230.5,84392.1,84068.2,84239.7,48.06241124165716,50.76289331802222,84646.90679021152
2026-09-25T00:00:00-04:00,84239.8,84300,84062,84215.5,47.95079065223547,50.4025321711159,84614.39247282236
2026-09-25T01:00:00-04:00,84215.6,84350,84096.3,84196.8,47.58329984017533,50.12025118500012,84519.47062402236
2026-09-25T02:00:00-04:00,84196.9,84289.5,83937.2,84040.4,46.02435188187828,49.16283526960208,84517.71102753303
2026-09-25T03:00:00-04:00,84040.4,84102.8,83753.9,84037.3,44.60295686423606,47.82428539150369,84276.1157986279
2026-09-25T04:00:00-04:00,84037.3,84509.9,84025.5,84420.7,48.538355396923976,47.571292914828625,
2026-09-25T05:00:00-04:00,84420.7,84857.3,84420.6,84569.2,53.8387107080744,48.60038610950869,
2026-09-25T06:00:00-04:00,84569.2,84871.9,84394.3,84724,56.50794007268931,49.984301152266376,
2026-09-25T07:00:00-04:00,84724,85258.8,84580.6,84580.7,56.222264583195255,50.9636643754972,
2026-09-25T08:00:00-04:00,84580.7,84715.4,83900,84471.5,53.40591079059679,51.64790428095823,
2026-09-25T09:00:00-04:00,84471.5,84574.7,83525.9,83934,47.28011800748425,51.32245469709891,
2026-09-25T10:00:00-04:00,83933.9,84034.2,83174.7,84013,43.18896384726352,51.24390627610894,
2026-09-25T11:00:00-04:00,84013.1,84099.8,83365.7,83800,42.31497348757077,49.54434558014085,
2026-09-25T12:00:00-04:00,83800,84117.6,83713.6,83750.2,40.21526039944292,47.35149190221422,
2026-09-25T13:00:00-04:00,83750.2,83980.2,83620.7,83783.1,40.230900599511045,44.89376287351849,
2026-09-25T14:00:00-04:00,83783.1,84081.9,83783.1,83966.6,42.857296897105115,43.53292970618846,
2026-09-25T15:00:00-04:00,83969,84079.4,83928.5,84013.2,45.62926604855571,42.67186437579246,
2026-09-25T16:00:00-04:00,84013.3,84186.8,83843.6,83877.9,44.81749028377945,42.82932178512995,
2026-09-25T17:00:00-04:00,83877.9,83927,83633.2,83800.5,42.692809560480725,42.53010600814024,
2026-09-25T18:00:00-04:00,83800.5,84129,83771.4,84073.2,45.34113936999016,43.69394060867835,
2026-09-25T19:00:00-04:00,84073.2,84111.2,84018.6,84099,49.054673720263125,45.05565267123173,
2026-09-25T20:00:00-04:00,84099,84139.5,83791.1,83911.5,47.266980591910325,45.70424917793529,
2026-09-25T21:00:00-04:00,83911.6,84086.9,83905.4,84081.4,47.26936105509205,46.316242430656565,
2026-09-25T22:00:00-04:00,84081.4,84137.7,83990.6,84012.6,48.567095926447124,46.54362914304712,
2026-09-25T23:00:00-04:00,84012.6,84057.8,83921.4,83944,46.972810539795034,46.932048218089584,
2026-09-26T00:00:00-04:00,83944.1,84050,83829.4,83991.2,46.82476583895907,47.72418807975522,
2026-09-26T01:00:00-04:00,83991.3,84010,83900,83932,46.72474650842981,47.327364543358065,
2026-09-26T02:00:00-04:00,83932.5,83981.5,83882.2,83900.6,45.56589903013169,46.727395311146246,
2026-09-26T03:00:00-04:00,83900.6,84148.9,83900.6,84126.1,48.46749240748448,47.6703679192364,
2026-09-26T04:00:00-04:00,84126.1,84340.2,84035.9,84212.7,52.92338921969353,48.34283192960381,
2026-09-26T05:00:00-04:00,84212.7,84225.4,83967.8,84036.3,51.516474604497866,48.51304754153661,
2026-09-26T06:00:00-04:00,84030.9,84191.8,84030.8,84186.6,50.99827029984161,49.49296328961713,
2026-09-26T07:00:00-04:00,84186.6,84210.2,84131,84171.9,52.812439214022476,50.223811362983305,
2026-09-26T08:00:00-04:00,84171.9,84199.4,84045.5,84049.9,50.769518941673724,50.64861255625825,
2026-09-26T09:00:00-04:00,84049.6,84132.1,83856.2,83953.2,47.58079009249238,50.7994945236578,
2026-09-26T10:00:00-04:00,83953.3,84055.6,83920,84021.7,47.31295218266153,50.31874392059455,
2026-09-26T11:00:00-04:00,84024.6,84191.4,84009.1,84156.2,50.46317852614838,50.096577182644886,83978.07163361339
2026-09-26T12:00:00-04:00,84156.3,84169.3,84092.6,84118.8,51.90377361219426,50.429400779936365,84022.29791143328
2026-09-26T13:00:00-04:00,84118.9,84140.6,84037.1,84139.4,51.62444750701986,50.27548495612439,83991.08560851972
2026-09-26T14:00:00-04:00,84139.4,84173.2,83990.6,83999,49.59649075604838,49.51055836337234,84172.22248029785
2026-09-26T15:00:00-04:00,84007.4,84059.2,83980,84025.4,47.713512593824404,49.402340285310295,
2026-09-26T16:00:00-04:00,84025.5,84101,83818,84035.5,48.3812743229939,49.73926814351562,
2026-09-26T17:00:00-04:00,84035.5,84271.4,84033.6,84158.5,50.84334989095839,50.41102534482369,83951.47541891664
2026-09-26T18:00:00-04:00,84158.6,84426.2,84158.5,84283.2,55.17562001023005,51.085679996110386,83822.03350760069
2026-09-26T19:00:00-04:00,84283.3,84477.9,84283.2,84439.9,59.51101987890836,52.58452427817057,83692.38412655241
2026-09-26T20:00:00-04:00,84439.9,84450,84258.7,84301.5,58.9470664261424,53.1778568301454,84174.8161368536
2026-09-26T21:00:00-04:00,84301.5,84571.4,84276.5,84489.3,58.70650436844832,55.18738531028483,84135.11210741513
2026-09-26T22:00:00-04:00,84489.3,84545,84442.7,84450.1,60.509440986077934,56.83383637078926,84359.70784531375
2026-09-26T23:00:00-04:00,84450.1,84515.9,84368,84393.8,58.5644654817432,58.096868498498914,84520.2980717836
2026-09-27T00:00:00-04:00,84393.4,84504.2,84304.3,84336.8,56.256252889864086,58.380380084762315,
2026-09-27T01:00:00-04:00,84335,84650,84321.5,84474.7,57.23309656780438,58.68471894352016,
2026-09-27T02:00:00-04:00,84474.7,84636,84474.3,84517.6,59.99463662219925,58.51855629713115,84424.38087184426
2026-09-27T03:00:00-04:00,84516.8,84790,84483.1,84789.5,64.04817517278113,60.142178585416936,84259.16151873698
2026-09-27T04:00:00-04:00,84789.5,84885,84688.4,84791.7,67.4992124112088,61.03075859506271,84404.49357399925
2026-09-27T05:00:00-04:00,84791.6,84954.1,84587.1,84953.5,69.26260361117119,62.64308219258644,84478.11699803868
2026-09-27T06:00:00-04:00,84953.5,85114.3,84799.9,84875.4,69.12950163498215,64.04934035313099,84785.65805869729
2026-09-27T07:00:00-04:00,84873.1,84959.1,84827.3,84891.9,67.45170139209472,65.84178176465234,84857.77966086248
2026-09-27T08:00:00-04:00,84892.6,85031.9,84754.6,84787.4,65.11566542478553,66.30150288369704,
2026-09-27T09:00:00-04:00,84787.4,85199.8,84627.5,85026.9,65.50116350086728,67.41507515855749,
2026-09-27T10:00:00-04:00,85030.8,85049.1,84420.4,84526.3,59.532470707977,65.0113016080387,
2026-09-27T11:00:00-04:00,84526.2,84647.5,84360,84464.7,49.80560917177699,62.35975994729126,
2026-09-27T12:00:00-04:00,84464.8,84700,84375.1,84438.2,48.59141072417178,59.105246497467455,
2026-09-27T13:00:00-04:00,84438.2,84574.7,84339.5,84574.6,50.22922144234997,56.9596798922535,
2026-09-27T14:00:00-04:00,84574.6,84827.4,84556.4,84823.2,55.395700067710195,55.66067469050044,
2026-09-27T15:00:00-04:00,84822.6,84860.1,84663.9,84739,57.205965293828086,54.69976556912279,
2026-09-27T16:00:00-04:00,84739,84825.2,84552.2,84553,53.10418168413468,52.1186798857197,
2026-09-27T17:00:00-04:00,84553.1,84727.1,84461.9,84685.1,52.09074099588261,52.573557079952955,84632.33803355157
2026-09-27T18:00:00-04:00,84685.2,84763.3,84135.7,84195.5,47.9442935690866,51.58687542780815,85688.11504659292
2026-09-27T19:00:00-04:00,84199.9,84538,84125,84479,45.533981607810844,51.700005903849835,84784.61967652138
2026-09-27T20:00:00-04:00,84479.1,85000,84142.9,84142.9,45.75511643346877,50.308559710984966,85005.48222268806
2026-09-27T21:00:00-04:00,84142.8,84232.1,83619.6,83700.3,39.128941837122355,47.05236069511046,85203.36118602453
2026-09-27T22:00:00-04:00,83700.2,83788.8,83408.9,83435.6,34.10247505272959,43.70756249924255,84932.61817952398
2026-09-27T23:00:00-04:00,83436,83549,83219.2,83350.9,31.94359384829078,41.00647845629792,84243.91245909026
2026-09-28T00:00:00-04:00,83350.9,83529.1,83247.2,83492.1,33.24574426054169,38.323277717716564,83762.65520256489
2026-09-28T01:00:00-04:00,83492.2,83537.2,82716.8,83180,33.09878615732821,36.76490491008125,83550.68473528037
2026-09-28T02:00:00-04:00,83180,83294,83044.3,83170.5,31.09103168664531,34.19672059738356,83330.56854865595
2026-09-28T03:00:00-04:00,83170.5,83292.1,82919.9,82973.6,29.86950079069807,32.226157583575336,83240.37407042613
2026-09-28T04:00:00-04:00,82973.5,83166.1,82800,82967.2,28.66698480167222,31.207590015826387,83163.7283367472
2026-09-28T05:00:00-04:00,82967.2,83026.8,82606.2,82679,27.015115791966714,30.20119779478594,83090.53002172838
2026-09-28T06:00:00-04:00,82679.1,83049.3,82679.1,82958.3,29.328511380645637,30.460423596499197,
2026-09-28T07:00:00-04:00,82958.4,83117.3,82958.4,83087.8,34.92317197188645,30.680462855170155,
2026-09-28T08:00:00-04:00,83087.7,83640.6,83012.6,83584.9,42.016637875124964,33.008381230155415,
2026-09-28T09:00:00-04:00,83586.2,83830.8,83317.7,83648.5,48.04852249640755,35.52546022938794,
2026-09-28T10:00:00-04:00,83649,83649,82556.6,83027.3,43.9085650757547,37.0195424544573,
2026-09-28T11:00:00-04:00,83027.4,83400,82803,83371.1,42.331376822706545,39.42957223539774,
2026-09-28T12:00:00-04:00,83369.9,84187,83259,83729.4,48.35163677321293,43.11569130624194,
2026-09-28T13:00:00-04:00,83730.9,84374.2,83566.1,83879.4,52.30308399866536,45.99373584054623,
2026-09-28T14:00:00-04:00,83879.4,84050,83800.1,84038.2,54.54092073389779,48.720762381102325,
2026-09-28T15:00:00-04:00,84038.2,84048.8,83123.5,83387.7,50.74250502251878,48.48684073980161,
2026-09-28T16:00:00-04:00,83383.4,83614.7,83263.2,83546.2,47.01046810454059,48.42417541199749,
2026-09-28T17:00:00-04:00,83546.2,83665.6,83222,83226,46.088962635143105,49.10981147105544,
2026-09-28T18:00:00-04:00,83226.1,83550,83107.6,83549.9,46.41877853763642,49.592004473406014,
2026-09-28T19:00:00-04:00,83550,83640.8,83451,83500.1,48.52529865747011,49.15942915227178,
2026-09-28T20:00:00-04:00,83500.1,83624.7,83187.7,83192.3,46.081229137497346,47.81433165592944,
2026-09-28T21:00:00-04:00,83192.2,83252.8,82778.1,83058.5,43.12657356139674,45.898187102985766,
2026-09-28T22:00:00-04:00,83058.5,83157.9,82898.1,82974.3,41.720652251976745,45.23665943577458,
2026-09-28T23:00:00-04:00,82974.3,83216.1,82870.1,83077.9,42.148023675948664,44.508917266245206,
2026-09-29T00:00:00-04:00,83078,83301,83031.5,83204.5,44.30765185950037,44.72771349987664,
2026-09-29T01:00:00-04:00,83204.5,83434.3,82975,83434.3,47.54928439183262,44.8319189388727,
2026-09-29T02:00:00-04:00,83434.3,84008,83416.9,84003,53.82098664717988,46.2407672112223,
2026-09-29T03:00:00-04:00,84003,84200,83871.4,83979.9,57.82673126673899,48.1877766900846,
2026-09-29T04:00:00-04:00,83983.1,84366.5,83796.8,83874.5,56.622657584634325,50.0967912178616,
2026-09-29T05:00:00-04:00,83874.5,84323.4,83760.1,84251.7,58.231551760975336,52.905176549798476,
2026-09-29T06:00:00-04:00,84251.7,84333.3,83985.1,84029,58.72274017792866,54.8324245041416,
2026-09-29T07:00:00-04:00,84029,84497.9,83934.5,84350.6,58.725153913894104,57.02446285105383,
2026-09-29T08:00:00-04:00,84350.6,84493.1,84135.9,84329.3,60.6285709441119,58.569363519078536,
2026-09-29T09:00:00-04:00,84329.3,84557.8,84022,84204.4,59.15727957447832,58.549117973139104,
2026-09-29T10:00:00-04:00,84208.9,84296.5,83696.9,83755.7,53.869927655227954,57.43884820150396,
2026-09-29T11:00:00-04:00,83756.3,83765.2,82918.1,83079,45.25186560580441,55.30032026490199,
2026-09-29T12:00:00-04:00,83080.2,83299.6,82902.8,83063.8,40.56955228507592,52.392562636961266,
2026-09-29T13:00:00-04:00,83063.1,83227.2,82987,83087.9,40.70313364579111,50.15186125571983,
2026-09-29T14:00:00-04:00,83088,83700,83088,83648.1,45.60615616656378,48.64427756629546,
2026-09-29T15:00:00-04:00,83647.5,83702.8,83407.2,83603.8,49.950688381638344,47.10103766644168,
2026-09-29T16:00:00-04:00,83601.1,83670.9,83509.2,83620.9,49.754629709544794,45.957806176314456,
2026-09-29T17:00:00-04:00,83621,83621,83382,83508.8,48.96028699132531,45.698283191040915,
2026-09-29T18:00:00-04:00,83508.8,83724.2,83508.7,83616.4,48.99452399680126,47.02713714517069,
2026-09-29T19:00:00-04:00,83616.4,83852.7,83609.7,83657.5,50.33902443559052,48.4895609483308,
2026-09-29T20:00:00-04:00,83663.9,83728.3,83352.9,83450.3,48.797331459027966,49.33976509180979,
2026-09-29T21:00:00-04:00,83450.3,83555.4,83337.6,83453.9,46.91591175724014,48.86377683138118,
2026-09-29T22:00:00-04:00,83453.9,83631.5,83297.1,83395.2,46.3846913471888,48.320908796252766,
2026-09-29T23:00:00-04:00,83395.1,83434,83180.2,83312.5,45.0037121392792,47.5063718113053,
2026-09-30T00:00:00-04:00,83312.4,83429,83209.7,83211.5,43.20705862063329,46.67712926176934,
2026-09-30T01:00:00-04:00,83216.5,83527.6,83180.9,83386.4,44.43877449097481,46.20472909535487,
2026-09-30T02:00:00-04:00,83386.4,83439.9,82978.1,83049.5,43.45233641473176,44.70950411295255,
2026-09-30T03:00:00-04:00,83049.5,83483.2,82960.1,83307.2,43.285107006497675,44.629807823203365,
2026-09-30T04:00:00-04:00,83307.2,83348.2,83019.8,83071.5,44.213540372396466,43.93739800299722,
2026-09-30T05:00:00-04:00,83071.5,83810,83060.1,83634.5,47.595958600212576,44.97588418121016,
2026-09-30T06:00:00-04:00,83633.2,83958.7,83633.2,83913.3,55.23974057134507,46.86197755501604,
2026-09-30T07:00:00-04:00,83913.3,83983.9,83688.9,83914.8,57.40549303790313,49.03257972900154,
2026-09-30T08:00:00-04:00,83914.8,85500,83759.2,85285.5,64.73211998962975,52.66007626891745,
2026-09-30T09:00:00-04:00,85285.5,85650,84033.6,84635,66.66665261041322,55.66524149919625,
2026-09-30T10:00:00-04:00,84635,84645.7,83378.1,83800.5,56.044167821253566,56.305522215990564,
2026-09-30T11:00:00-04:00,83800,84298,83684.1,84134.4,52.49111873300696,58.03026388794211,
2026-09-30T12:00:00-04:00,84137.6,84491.6,84126.5,84350,55.22360616189438,58.4848500907568,
2026-09-30T13:00:00-04:00,84357.6,84431.2,83904.1,84027.2,54.342086828352606,57.773791389944265,
2026-09-30T14:00:00-04:00,84026.6,84080,83789.5,83951,51.96858992742222,56.93144920204797,
2026-09-30T15:00:00-04:00,83951.7,83964.8,83502.3,83594.1,49.47497381487956,53.41460676858706,
2026-09-30T16:00:00-04:00,83606.4,83774.2,83520.8,83670.9,47.904453081742595,51.57082076528493,
2026-09-30T17:00:00-04:00,83673.6,83823.2,83673.6,83759.6,48.94668182231496,51.38675362603317,
2026-09-30T18:00:00-04:00,83759.6,83846.1,83586,83685.8,49.035830139739886,50.58359545292291,
2026-09-30T19:00:00-04:00,83685.8,83835.9,83522.3,83618.4,48.1050906647159,49.35289205541075,
2026-09-30T20:00:00-04:00,83618.4,83656.6,83417.1,83508.2,46.89528976613808,48.45593914943304,
2026-09-30T21:00:00-04:00,83507.9,83692.3,83480,83516.1,46.20399541070179,47.70586505063348,
2026-09-30T22:00:00-04:00,83516.1,83670.8,83411.4,83492.9,46.09220786132031,47.48943459127325,
2026-09-30T23:00:00-04:00,83488.4,83785,83434.7,83766.4,48.31729957006494,47.823821190154156,
2026-10-01T00:00:00-04:00,83767.6,84209.5,83723.8,84116,53.40538260850631,48.76334910161364,
2026-10-01T01:00:00-04:00,84116.1,84364,84016,84300.2,57.36923728319708,50.20479465971336,
2026-10-01T02:00:00-04:00,84300.2,84418.2,84112,84116.4,56.920785237631684,51.28211897958958,
2026-10-01T03:00:00-04:00,84116.3,84216,83331.2,83445.3,50.00458943952796,51.09316599496761,
2026-10-01T04:00:00-04:00,83432.1,83580.9,83168.9,83567.9,45.79973495740989,51.16661599293475,
2026-10-01T05:00:00-04:00,83567.9,83888,83553.1,83786,48.48622159634229,51.77716991925961,
2026-10-01T06:00:00-04:00,83786.1,84101.9,83414.1,83972.7,51.57538800597101,52.097498403193626,
2026-10-01T07:00:00-04:00,83972.8,84043.5,83782.6,83914,52.47229717829045,51.51057408205508,
2026-10-01T08:00:00-04:00,83913.9,84054.6,83658.6,83738.8,50.52287611539187,50.14139521239213,
2026-10-01T09:00:00-04:00,83738.8,84029.8,83432.6,83940,50.71721948547097,49.73812672429487,
2026-10-01T10:00:00-04:00,83934.7,84333.3,83553.9,84050.8,53.25392669740745,51.06977728607198,
2026-10-01T11:00:00-04:00,84054.1,84333.5,83830.6,84167.9,55.065544419749386,52.385500856391864,
2026-10-01T12:00:00-04:00,84168,84623.7,84058,84200.2,56.255644215245766,53.28961232004441,
2026-10-01T13:00:00-04:00,84200.1,85093,84191.3,84912.5,61.30320628315336,55.1648775070154,
2026-10-01T14:00:00-04:00,84908.7,85266,84665.7,84805,64.94780898273109,56.85404426417032,
2026-10-01T15:00:00-04:00,84805,84890,84581,84681.9,62.50289171929317,58.58773910813006,
2026-10-01T16:00:00-04:00,84674.5,84860.5,84561.8,84633.1,60.674819983299386,59.69907297783558,
2026-10-01T17:00:00-04:00,84633.2,84693.9,84490.9,84541.9,59.147133568019214,60.271512499733426,
2026-10-01T18:00:00-04:00,84541.9,84791.6,84541.8,84752.4,59.74622724493915,61.0364109278898,
2026-10-01T19:00:00-04:00,84752.5,84904.6,84642.3,84877.4,62.2504148870121,61.98430412023809,84689.08661584921
2026-10-01T20:00:00-04:00,84877.5,84953.3,84702.8,84789.9,62.07918138589058,61.25811810010043,84773.5631902406
2026-10-01T21:00:00-04:00,84790,84993.9,84518.6,84908.9,61.93049204844215,61.122213567584105,84742.4825001065
2026-10-01T22:00:00-04:00,84909,85197.9,84859.4,85189.6,64.8517431299347,61.92921850314087,84707.15439631022
2026-10-01T23:00:00-04:00,85189.6,85571.2,85186.8,85506.7,68.76567557469755,63.43388659369787,84804.49428487493
2026-10-02T00:00:00-04:00,85506.8,86914.8,85447.5,86659.2,75.25103115152918,66.53033209842943,84611.04142214711
2026-10-02T01:00:00-04:00,86658.2,86675.7,85897.5,86000,73.39192499882807,67.33265738052327,86318.63763918146
2026-10-02T02:00:00-04:00,86000.1,86107.7,85882.3,85995,66.92070281383734,67.86470007752236,
2026-10-02T03:00:00-04:00,85993.1,86166.6,85745.7,86098.6,67.34839061430499,68.83814573149881,
2026-10-02T04:00:00-04:00,86098.6,86640,86063.2,86240.4,68.46830729208145,69.73264728999072,
2026-10-02T05:00:00-04:00,86240.5,86430.9,86109.7,86358.6,69.65553003541518,70.2106562759218,
2026-10-02T06:00:00-04:00,86358.6,86507.4,86183.7,86298.2,69.53306843455036,69.9519023928058,
2026-10-02T07:00:00-04:00,86298.3,86568.1,86278,86418.2,69.47488842459232,68.56032978251127,
2026-10-02T08:00:00-04:00,86418.1,87238.3,86308.5,86814.4,71.89026200214434,69.52285582232473,
2026-10-02T09:00:00-04:00,86814.5,87150,86470.4,86561,70.8647463796512,69.6871993727438,
2026-10-02T10:00:00-04:00,86567,86841.1,85397.1,85688.3,60.47105780340514,67.55790359063907,95709.56227654943
2026-10-02T11:00:00-04:00,85691.4,85755.7,85155.8,85330.1,50.54930403753983,64.56748415716048,94681.75144365798
2026-10-02T12:00:00-04:00,85330.1,85510,85020,85166.5,47.16869904951386,61.133094737524395,90810.67470652986
2026-10-02T13:00:00-04:00,85166.5,85268.5,84514.7,84780.2,43.92089742215046,57.249721010760496,89357.08919625654
2026-10-02T14:00:00-04:00,84780.2,84906.8,83884,84262,39.13173837192116,52.46362329390406,87703.43283844864
2026-10-02T15:00:00-04:00,84262.1,84356.6,83980,84303.8,36.90975039619926,47.255289123347616,85534.24917345232
2026-10-02T16:00:00-04:00,84303.8,84530.8,84222.9,84449.9,38.44152365253755,43.19984537187158,84747.2959834701
2026-10-02T17:00:00-04:00,84448.7,84545.3,84414.3,84530.8,40.310571820456545,41.49515027107658,84407.48950070981
2026-10-02T18:00:00-04:00,84530.9,84565.1,84452.7,84563.4,41.264351765099704,40.547001865460125,
2026-10-02T19:00:00-04:00,84563.5,84580,84479.5,84518.9,41.258564619598445,39.80654043395789,
2026-10-02T20:00:00-04:00,84519,84680.2,84451.4,84663.5,42.33626161773122,40.09424877848319,
2026-10-02T21:00:00-04:00,84663.5,84730.2,84602.9,84644,43.556109235194114,41.07064639489302,
2026-10-02T22:00:00-04:00,84644.1,84703.1,84600.1,84600.2,43.065352500008785,41.852992236714485,
2026-10-02T23:00:00-04:00,84600.2,84700,84516.4,84700,43.79525346524426,42.6002834842378,
2026-10-03T00:00:00-04:00,84700,84729.9,84520.8,84583,43.855160371606324,42.865731822757276,
2026-10-03T01:00:00-04:00,84583.1,84659.9,84552.7,84646.9,43.58097959699839,43.26217715049456,
2026-10-03T02:00:00-04:00,84647.5,84676.7,84550,84583.8,43.727288619017365,43.57108153687697,
2026-10-03T03:00:00-04:00,84583.9,84679.4,84565,84573.8,43.03461081933517,43.46170549380998,
2026-10-03T04:00:00-04:00,84573.9,84669.6,84571.4,84614.6,43.496390826613606,43.554019134425396,
2026-10-03T05:00:00-04:00,84614.7,84674.8,84584.4,84600,43.89106530275873,43.69762343745282,84577.57626590264
2026-10-03T06:00:00-04:00,84600,84654.7,84573.4,84629.8,44.18248392605707,43.66465640894334,84549.46088989597
2026-10-03T07:00:00-04:00,84629.9,84698.2,84616.6,84676.2,45.37284888647661,44.13124872741576,84486.54634995974
2026-10-03T08:00:00-04:00,84676.2,84923.7,84670.8,84883.3,49.15114787604951,45.2561330601008,84144.03800475161
2026-10-03T09:00:00-04:00,84883.3,84964.8,84764.6,84865.3,51.922759470124035,46.47281182773195,84432.62230531297
2026-10-03T10:00:00-04:00,84865.4,84866.8,84747.4,84853.6,51.46182881711741,47.66390963089572,84608.71400496335
2026-10-03T11:00:00-04:00,84853.6,84877.7,84755.7,84864.3,51.44727763322247,48.744493772477334,84717.93623617757
2026-10-03T12:00:00-04:00,84864.4,84877.7,84781.6,84863.7,51.60945567960973,49.86916402428172,84809.77875640136
2026-10-03T13:00:00-04:00,84863.7,85017.6,84832.6,85005.3,53.97895867315421,51.543486557362236,84738.29158939628
2026-10-03T14:00:00-04:00,85005.3,85027.8,84919.7,84944.3,55.12966432629757,52.65682557851628,84873.21920880643
2026-10-03T15:00:00-04:00,84944.4,84944.4,84701.6,84849.3,52.06164324393298,52.3750566624718,
2026-10-03T16:00:00-04:00,84849.4,84918.4,84700.6,84750,48.43295936352037,51.659739833772385,
2026-10-03T17:00:00-04:00,84750,84774.5,84549.8,84717.2,46.065534672811864,50.83325833552736,
2026-10-03T18:00:00-04:00,84718.7,84809.8,84700.1,84772.6,46.662200123747354,50.29257483106521,
2026-10-03T19:00:00-04:00,84772.6,84809.8,84722.4,84754.9,47.4865871092551,49.6552958868546,
2026-10-03T20:00:00-04:00,84755,84877.7,84754.9,84796.5,48.079251715570194,48.60694427175548,
2026-10-03T21:00:00-04:00,84796.5,84828.9,84720.4,84813.2,49.40778726586299,48.02047386958758,
2026-10-03T22:00:00-04:00,84813.3,84879.4,84789.5,84814.4,49.82393097346856,47.96759790876565,
2026-10-03T23:00:00-04:00,84814.5,84897.9,84808,84843.8,50.60584065718079,48.64129709634769,
2026-10-04T00:00:00-04:00,84843.8,84852.8,84818.7,84825.3,50.846484276474484,49.333583509812115,
2026-10-04T01:00:00-04:00,84825.3,84933.6,84825.3,84916.3,52.70619613072939,50.36815309834257,
2026-10-04T02:00:00-04:00,84916.4,85077.5,84880,85030.2,57.639368227266566,52.23437811495824,
2026-10-04T03:00:00-04:00,85030.2,85114.6,84919.8,85112.9,61.83027660335436,54.29701735199518,
2026-10-04T04:00:00-04:00,85114.7,85196.5,85034.1,85100.7,63.05213072328007,56.132761959934555,
2026-10-04T05:00:00-04:00,85100.7,85330.2,85050.9,85231.2,65.0514338819181,58.647732468695054,
2026-10-04T06:00:00-04:00,85231.3,85428,85220.4,85272.1,68.1363102925414,61.141467570037584,
2026-10-04T07:00:00-04:00,85272.2,85333.7,85212,85311.7,69.46386857927604,63.96698512663834,
2026-10-04T08:00:00-04:00,85311.8,85399.8,85105.7,85124.5,63.98062445663661,64.36273280601107,
2026-10-04T09:00:00-04:00,85122.5,85332.6,85122.5,85244.4,60.11725822426001,64.6749536972079,
2026-10-04T10:00:00-04:00,85244.5,85292,85101.5,85288.9,63.16250712399974,64.74337009762404,
2026-10-04T11:00:00-04:00,85286.3,85481.7,85240.7,85260,63.04181074615777,64.67200513231582,
2026-10-04T12:00:00-04:00,85260,85439.5,85180.4,85373.4,64.1507423047171,64.4860296469952,
2026-10-04T13:00:00-04:00,85373.5,85462.8,85315.4,85316.4,64.36194442886791,63.593614885551986,
2026-10-04T14:00:00-04:00,85316.5,85367.1,85306,85336.1,62.93797078878835,62.62148742114157,
2026-10-04T15:00:00-04:00,85336.2,85577.1,85336.1,85426.6,64.94447029263611,63.86899941012329,
2026-10-04T16:00:00-04:00,85426.6,85879.7,85392.3,85832.4,71.61040768237726,65.90524440917508,
2026-10-04T17:00:00-04:00,85832.5,86074.4,85785.7,86051.1,78.35496296412964,68.20970107873184,