time,open,high,low,close,Volume
2024-01-09T11:30:00-05:00,4749.76,4765.47,4747.57,4755.27,398006730
2024-01-09T13:30:00-05:00,4755.22,4762.74,4748.65,4754.3,430866430
2024-01-09T15:30:00-05:00,4754.28,4758.38,4746.94,4756.51,674032890
2024-01-10T09:30:00-05:00,4759.94,4770.89,4756.2,4764.74,660208100
2024-01-10T11:30:00-05:00,4764.82,4775.55,4762.09,4769.66,374403540
2024-01-10T13:30:00-05:00,4769.71,4790.8,4769.45,4779.23,454729650
2024-01-10T15:30:00-05:00,4779.27,4785.01,4769.57,4783.46,644648760
2024-01-11T09:30:00-05:00,4794.33,4798.5,4742.24,4747.65,742495910
2024-01-11T11:30:00-05:00,4747.49,4766.7,4739.58,4764.53,419635900
2024-01-11T13:30:00-05:00,4764.54,4786.03,4762.97,4775.7,429714400
2024-01-11T15:30:00-05:00,4775.84,4783.31,4772.46,4780.23,689596230
2024-01-12T09:30:00-05:00,4792.27,4802.4,4768.98,4782.16,760613080
2024-01-12T11:30:00-05:00,4782.24,4784.31,4770.26,4782.29,399702530
2024-01-12T13:30:00-05:00,4782.28,4789.51,4774.15,4778.23,393281470
2024-01-12T15:30:00-05:00,4778.2,4785.35,4777.08,4783.84,646220050
2024-01-16T09:30:00-05:00,4768.58,4782.34,4751.88,4775.48,802089288
2024-01-16T11:30:00-05:00,4775.56,4780.36,4755.15,4766.05,441596290
2024-01-16T13:30:00-05:00,4766.08,4767.7,4747.12,4756.79,457628930
2024-01-16T15:30:00-05:00,4756.83,4766.42,4754.49,4765.99,779798260
2024-01-17T09:30:00-05:00,4734.15,4744.04,4726.12,4741.33,757021240
2024-01-17T11:30:00-05:00,4741.28,4744.23,4720.96,4722.98,406098440
2024-01-17T13:30:00-05:00,4722.92,4733.53,4714.82,4724.73,463320940
2024-01-17T15:30:00-05:00,4724.81,4741.91,4724.52,4739.22,644211570
2024-01-18T09:30:00-05:00,4760.1,4764.43,4749.91,4763.08,799821530
2024-01-18T11:30:00-05:00,4763.06,4766.1,4740.57,4743.24,480780110
2024-01-18T13:30:00-05:00,4743.23,4779.72,4742.94,4779.72,513887000
2024-01-18T15:30:00-05:00,4779.76,4785.79,4775.13,4780.95,715658810
2024-01-19T09:30:00-05:00,4799.33,4807.22,4785.87,4804.44,837764480
2024-01-19T11:30:00-05:00,4804.51,4825.63,4797.74,4825.21,477917550
2024-01-19T13:30:00-05:00,4825.33,4842.07,4825.33,4836.97,542921510
2024-01-19T15:30:00-05:00,4837.09,4840.12,4834.6,4839.82,847995960
2024-01-22T09:30:00-05:00,4853.42,4868.41,4847.19,4856.17,889850390
2024-01-22T11:30:00-05:00,4856.37,4857.63,4844.05,4844.79,445295080
2024-01-22T13:30:00-05:00,4844.69,4857.43,4844.55,4856.8,453343750
2024-01-22T15:30:00-05:00,4856.83,4857.39,4849.86,4850.44,729084760
2024-01-23T09:30:00-05:00,4856.8,4858.98,4844.8,4845.89,779136293
2024-01-23T11:30:00-05:00,4845.86,4855.32,4844.37,4852.95,429886170
2024-01-23T13:30:00-05:00,4853.06,4864.78,4851.14,4862.19,449237400
2024-01-23T15:30:00-05:00,4862.1,4866.48,4858.91,4864.61,660511530
2024-01-24T09:30:00-05:00,4888.56,4901.29,4880.06,4895.22,831740780
2024-01-24T11:30:00-05:00,4895.26,4903.68,4890.77,4895.93,490348240
2024-01-24T13:30:00-05:00,4895.94,4896.1,4869.76,4870.45,535321190
2024-01-24T15:30:00-05:00,4870.51,4879.46,4865.94,4868.54,730663440
2024-01-25T09:30:00-05:00,4886.66,4898.15,4882.81,4893.25,957488680
2024-01-25T11:30:00-05:00,4893.29,4896.09,4875.98,4877.99,569906580
2024-01-25T13:30:00-05:00,4877.99,4883.79,4869.34,4880.64,562799700
2024-01-25T15:30:00-05:00,4880.67,4895.04,4879.83,4894.17,756372040
2024-01-26T09:30:00-05:00,4888.91,4906.69,4885.86,4902.4,781217650
2024-01-26T11:30:00-05:00,4902.45,4904.43,4882.93,4889.23,447381230
2024-01-26T13:30:00-05:00,4889.38,4896.75,4881.47,4890.08,433332800
2024-01-26T15:30:00-05:00,4890.1,4892.67,4886.25,4890.96,650943340
2024-01-29T09:30:00-05:00,4892.05,4898.44,4887.4,4893.54,641287884
2024-01-29T11:30:00-05:00,4893.39,4901.48,4893.27,4899.89,406606990
2024-01-29T13:30:00-05:00,4899.91,4929.31,4896.77,4925.1,463000050
2024-01-29T15:30:00-05:00,4925.14,4929.03,4919.89,4927.94,715741790
2024-01-30T09:30:00-05:00,4924.81,4929.52,4918.78,4925.72,842201450
2024-01-30T11:30:00-05:00,4925.75,4930.05,4916.27,4924.07,479354170
2024-01-30T13:30:00-05:00,4924.11,4931.09,4919.95,4929.15,486420910
2024-01-30T15:30:00-05:00,4929.15,4929.63,4922.92,4924.96,671589200
2024-01-31T09:30:00-05:00,4899.19,4906.75,4879.14,4885.12,915236520
2024-01-31T11:30:00-05:00,4885.5,4892.25,4878.84,4886.88,458279710
2024-01-31T13:30:00-05:00,4886.84,4904.74,4852.16,4861.67,667273040
2024-01-31T15:30:00-05:00,4861.53,4862.42,4845.15,4845.66,1133331330
2024-02-01T09:30:00-05:00,4862.61,4876.59,4853.52,4860.59,899236070
2024-02-01T11:30:00-05:00,4860.68,4896.83,4860.68,4885.09,537894430
2024-02-01T13:30:00-05:00,4884.95,4904.44,4879.5,4901.81,530126160
2024-02-01T15:30:00-05:00,4901.86,4906.97,4895.79,4906.18,748914240
2024-02-02T09:30:00-05:00,4916.06,4944.48,4907.99,4944.41,964203410
2024-02-02T11:30:00-05:00,4944.18,4961.13,4938.36,4952.57,535373950
2024-02-02T13:30:00-05:00,4952.56,4975.29,4948.81,4973.87,513265800
2024-02-02T15:30:00-05:00,4973.88,4973.88,4958.36,4958.62,725445650
2024-02-05T09:30:00-05:00,4957.19,4957.19,4918.09,4928.3,846557590
2024-02-05T11:30:00-05:00,4928.24,4949.55,4928.21,4941.2,447581920
2024-02-05T13:30:00-05:00,4941.17,4956.34,4940.94,4951.65,456100240
2024-02-05T15:30:00-05:00,4951.68,4954.16,4942,4942.82,766276600
2024-02-06T09:30:00-05:00,4951.51,4957.77,4934.88,4947.23,764599330
2024-02-06T11:30:00-05:00,4947.28,4948.38,4935.43,4943.06,485763560
2024-02-06T13:30:00-05:00,4943.18,4949.94,4935.65,4946.1,475185850
2024-02-06T15:30:00-05:00,4946.06,4954.48,4941.01,4954.24,683923940
2024-02-07T09:30:00-05:00,4976.75,4995.04,4969.05,4986.05,843980560
2024-02-07T11:30:00-05:00,4986.13,4996.45,4982.88,4996.45,452236490
2024-02-07T13:30:00-05:00,4997.12,4999.89,4991.66,4996.51,471138990
2024-02-07T15:30:00-05:00,4996.62,4997.73,4991.02,4995.05,753430080
2024-02-08T09:30:00-05:00,4995.16,4997.49,4987.09,4987.46,770337450
2024-02-08T11:30:00-05:00,4987.42,4996.46,4987.11,4994.37,445215800
2024-02-08T13:30:00-05:00,4994.37,4999.68,4989.76,4998.35,487743390
2024-02-08T15:30:00-05:00,4998.34,5000.4,4992.86,4997.92,693412440
2024-02-09T09:30:00-05:00,5004.17,5015.9,5000.34,5011.14,731306970
2024-02-09T11:30:00-05:00,5011.2,5021.81,5007.32,5021.15,451352330
2024-02-09T13:30:00-05:00,5021.18,5030.06,5018.98,5024.98,435465310
2024-02-09T15:30:00-05:00,5024.72,5027.09,5020.84,5026.62,653507510
2024-02-12T09:30:00-05:00,5026.82,5042.78,5023.98,5042.13,644764263
2024-02-12T11:30:00-05:00,5042.32,5048.39,5039.25,5039.32,412168350
2024-02-12T13:30:00-05:00,5039.29,5039.44,5016.83,5023.09,441340870
2024-02-12T15:30:00-05:00,5023.11,5025.85,5019.24,5021.83,648283040
2024-02-13T09:30:00-05:00,4954.6,4970.19,4945.53,4968.67,814613937
2024-02-13T11:30:00-05:00,4968.64,4971.3,4953.3,4955.59,404162750
2024-02-13T13:30:00-05:00,4955.56,4955.87,4920.31,4926.4,502623880
2024-02-13T15:30:00-05:00,4926.3,4953.78,4925.24,4953.16,735736470
2024-02-14T09:30:00-05:00,4978.98,4991.85,4963.98,4974.11,689128290
2024-02-14T11:30:00-05:00,4974.17,4977.29,4956.45,4971.17,404380950
2024-02-14T13:30:00-05:00,4971.33,4993.98,4965.19,4992.4,443647830
2024-02-14T15:30:00-05:00,4992.48,5002.52,4987.48,5000.63,712743710
2024-02-15T09:30:00-05:00,5004.86,5016.47,4999.44,5005.78,784177080
2024-02-15T11:30:00-05:00,5005.76,5025.53,5004.63,5025.49,442940230
2024-02-15T13:30:00-05:00,5025.53,5032.72,5020.82,5027.26,455076190
2024-02-15T15:30:00-05:00,5027.17,5031.06,5022.58,5029.72,688290600
2024-02-16T09:30:00-05:00,5029.46,5030.84,4999.52,5029.49,668560794
2024-02-16T11:30:00-05:00,5029.52,5035.2,5018.03,5026.79,392400780
2024-02-16T13:30:00-05:00,5026.71,5038.7,5010.75,5016.11,416247120
2024-02-16T15:30:00-05:00,5016.35,5017.21,5000.51,5005.56,696521000
2024-02-20T09:30:00-05:00,4985.57,4993.71,4967.4,4979.01,733428337
2024-02-20T11:30:00-05:00,4979.01,4979.31,4955.02,4961.87,413657060
2024-02-20T13:30:00-05:00,4961.87,4978.36,4957.72,4976.96,411244400
2024-02-20T15:30:00-05:00,4977.77,4978.04,4961.6,4975.52,728886600
2024-02-21T09:30:00-05:00,4961.65,4972.8,4958.34,4967.94,640143451
2024-02-21T11:30:00-05:00,4967.91,4970.41,4954.27,4962.35,407800640
2024-02-21T13:30:00-05:00,4962.43,4969.79,4946,4953.76,435258820
2024-02-21T15:30:00-05:00,4953.84,4983.21,4953.84,4981.81,654762710
2024-02-22T09:30:00-05:00,5051.37,5066.88,5040.52,5063.98,845434690
2024-02-22T11:30:00-05:00,5063.97,5078.19,5059.63,5077.87,443339160
2024-02-22T13:30:00-05:00,5077.95,5094.39,5077.27,5087.29,471438140
2024-02-22T15:30:00-05:00,5087.4,5092.87,5083.85,5087.02,757081140
2024-02-23T09:30:00-05:00,5101.08,5111.06,5081.46,5091.61,701807335
2024-02-23T11:30:00-05:00,5091.68,5100.07,5087.75,5099.3,392947620
2024-02-23T13:30:00-05:00,5099.31,5100.5,5086.73,5089.04,378537570
2024-02-23T15:30:00-05:00,5089.05,5097.19,5087.2,5088.79,678416290
2024-02-26T09:30:00-05:00,5092.53,5097.66,5080.28,5083.67,631632952
2024-02-26T11:30:00-05:00,5083.64,5088.69,5074.95,5076.1,415931030
2024-02-26T13:30:00-05:00,5076.18,5083.27,5070.27,5078.36,419068340
2024-02-26T15:30:00-05:00,5078.43,5079.39,5068.91,5069.54,650948140
2024-02-27T09:30:00-05:00,5075.52,5075.91,5064.13,5066.22,681409520
2024-02-27T11:30:00-05:00,5066.22,5069.54,5057.29,5061.95,405298490
2024-02-27T13:30:00-05:00,5061.94,5077.94,5061.05,5076.96,429288040
2024-02-27T15:30:00-05:00,5076.97,5080.69,5073.82,5078.17,588008490
2024-02-28T09:30:00-05:00,5064.81,5077.37,5058.35,5073.74,643624140
2024-02-28T11:30:00-05:00,5073.8,5076.58,5063.6,5073.74,376018730
2024-02-28T13:30:00-05:00,5073.69,5076.61,5061.1,5070.52,410625610
2024-02-28T15:30:00-05:00,5070.5,5070.73,5062.62,5069.77,600305080
2024-02-29T09:30:00-05:00,5085.36,5096.35,5077.09,5079.96,691819123
2024-02-29T11:30:00-05:00,5079.89,5086.67,5061.89,5085.9,420450570
2024-02-29T13:30:00-05:00,5085.95,5090.93,5080.34,5089.6,432046510
2024-02-29T15:30:00-05:00,5089.55,5104.99,5089.46,5096.28,1455316690
2024-03-01T09:30:00-05:00,5098.98,5121.68,5094.16,5116.36,775797757
2024-03-01T11:30:00-05:00,5116.51,5130.28,5111.14,5129.76,430751510
2024-03-01T13:30:00-05:00,5129.72,5140.33,5128.25,5136.83,466286570
2024-03-01T15:30:00-05:00,5136.92,5139.02,5134.29,5137.07,687325410
2024-03-04T09:30:00-05:00,5130.39,5136.94,5127.18,5132.35,946532520
2024-03-04T11:30:00-05:00,5132.31,5139.76,5129.47,5133.9,522703840
2024-03-04T13:30:00-05:00,5133.95,5149.67,5133.57,5142.8,533188050
2024-03-04T15:30:00-05:00,5143.03,5144.39,5129.61,5130.94,735535890
2024-03-05T09:30:00-05:00,5108.99,5114.54,5082.52,5089.34,850583860
2024-03-05T11:30:00-05:00,5089.3,5092.64,5077.82,5084.65,467023290
2024-03-05T13:30:00-05:00,5084.52,5088.19,5056.92,5057.62,506875410
2024-03-05T15:30:00-05:00,5057.69,5080.95,5056.82,5078.64,750751200
2024-03-06T09:30:00-05:00,5108.03,5120.51,5092.22,5120.17,821632919
2024-03-06T11:30:00-05:00,5120.45,5127.97,5112.56,5125.77,476406880
2024-03-06T13:30:00-05:00,5125.82,5126.18,5093.12,5098.65,529205440
2024-03-06T15:30:00-05:00,5098.63,5109.5,5093.15,5104.77,669349040
2024-03-07T09:30:00-05:00,5137.46,5155.37,5128.21,5151.32,676413393
2024-03-07T11:30:00-05:00,5151.24,5156.9,5144.85,5156.88,431137400
2024-03-07T13:30:00-05:00,5156.93,5165.62,5148.27,5153.09,454637090
2024-03-07T15:30:00-05:00,5153.08,5162.98,5152.83,5157.35,689682790
2024-03-08T09:30:00-05:00,5163.04,5189.26,5152.84,5153.24,782810920
2024-03-08T11:30:00-05:00,5153.61,5158.91,5127.65,5129.55,470307470
2024-03-08T13:30:00-05:00,5129.43,5150.54,5117.5,5125.97,460688840
2024-03-08T15:30:00-05:00,5125.92,5133.84,5123.68,5123.68,636510340
2024-03-11T09:30:00-04:00,5108.66,5115.44,5091.14,5100.51,690784780
2024-03-11T11:30:00-04:00,5100.68,5119.23,5098.44,5118.64,388559040
2024-03-11T13:30:00-04:00,5118.61,5124.66,5109.52,5114.86,418246480
2024-03-11T15:30:00-04:00,5114.94,5121.79,5112.12,5117.93,668928270
2024-03-12T09:30:00-04:00,5134.3,5171.64,5114.48,5168.94,713891310
2024-03-12T11:30:00-04:00,5168.99,5169.71,5142.77,5155.61,441820300
2024-03-12T13:30:00-04:00,5155.73,5178.36,5155.46,5177.7,407616070
2024-03-12T15:30:00-04:00,5177.76,5179.87,5172.42,5175.28,689115960
2024-03-13T09:30:00-04:00,5175.49,5176.55,5162.85,5166.38,689032580
2024-03-13T11:30:00-04:00,5166.41,5178.08,5164.36,5177.8,409642170
2024-03-13T13:30:00-04:00,5177.88,5179.14,5151.88,5157.35,433743390
2024-03-13T15:30:00-04:00,5156.77,5168.72,5156.4,5165.3,821936140
2024-03-14T09:30:00-04:00,5175.14,5176.85,5138.27,5148.33,668603265
2024-03-14T11:30:00-04:00,5148.41,5155.99,5135.74,5136.75,448279710
2024-03-14T13:30:00-04:00,5136.74,5156.52,5126.95,5131.19,509926410
2024-03-14T15:30:00-04:00,5131.47,5151.42,5123.3,5150.47,913118770
2024-03-15T09:30:00-04:00,5114.09,5136.86,5108.95,5127.52,744354870
2024-03-15T11:30:00-04:00,5127.59,5128.37,5104.35,5113.32,420288850
2024-03-15T13:30:00-04:00,5113.35,5125.47,5111.06,5121.81,470081610
2024-03-15T15:30:00-04:00,5121.63,5122.36,5113.34,5117.1,2764386250
2024-03-18T09:30:00-04:00,5159.29,5175.6,5157.51,5167.69,704897510
2024-03-18T11:30:00-04:00,5167.69,5167.84,5155,5162.4,372764080
2024-03-18T13:30:00-04:00,5162.39,5164.44,5153.46,5159.38,380077140
2024-03-18T15:30:00-04:00,5159.32,5161.76,5145.47,5149.43,820120040
2024-03-19T09:30:00-04:00,5139.09,5148.4,5131.59,5147.55,587578160
2024-03-19T11:30:00-04:00,5147.61,5174.93,5147.61,5169.53,363476990
2024-03-19T13:30:00-04:00,5169.49,5174.42,5163.13,5166.04,366612050
2024-03-19T15:30:00-04:00,5166.1,5180.31,5164.86,5178.52,801748900
2024-03-20T09:30:00-04:00,5181.69,5184.88,5172.58,5182.44,549163270
2024-03-20T11:30:00-04:00,5182.35,5183.5,5173.46,5174.6,341488270
2024-03-20T13:30:00-04:00,5174.61,5225.12,5171.55,5224.2,598037370
2024-03-20T15:30:00-04:00,5224.28,5226.19,5211.59,5224.63,737094520
2024-03-21T09:30:00-04:00,5255.63,5260.45,5247.82,5254.05,801842360
2024-03-21T11:30:00-04:00,5254.02,5261.1,5252.42,5254.37,419211130
2024-03-21T13:30:00-04:00,5254.43,5255.72,5240.66,5247.76,450309860
2024-03-21T15:30:00-04:00,5247.75,5251.26,5240.91,5241.54,768691630
2024-03-22T09:30:00-04:00,5242.23,5244.56,5229.87,5236.86,540935132
2024-03-22T11:30:00-04:00,5237.22,5241.91,5230.05,5240.52,354729530
2024-03-22T13:30:00-04:00,5240.57,5246.09,5231.71,5237.14,346443200
2024-03-22T15:30:00-04:00,5237.15,5243.15,5233.87,5234.17,657060490
2024-03-25T09:30:00-04:00,5217.91,5228.95,5216.09,5226.19,642565270
2024-03-25T11:30:00-04:00,5226.25,5228.55,5221.54,5225.3,351519170
2024-03-25T13:30:00-04:00,5225.28,5229.09,5221.4,5222.45,344849410
2024-03-25T15:30:00-04:00,5222.48,5226.69,5216.31,5218.18,658475050
2024-03-26T09:30:00-04:00,5231.42,5235.16,5226.91,5232.8,620771780
2024-03-26T11:30:00-04:00,5232.85,5234.7,5226.93,5228.49,386461650
2024-03-26T13:30:00-04:00,5228.46,5230.39,5220.5,5221.76,405400060
2024-03-26T15:30:00-04:00,5221.79,5221.87,5203.42,5203.57,785645230
2024-03-27T09:30:00-04:00,5226.31,5235.89,5215.28,5216.26,687052100
2024-03-27T11:30:00-04:00,5216.02,5223.66,5213.92,5222.34,397569850
2024-03-27T13:30:00-04:00,5222.31,5229.04,5217.8,5227.53,394846650
2024-03-27T15:30:00-04:00,5227.67,5249.26,5226.65,5248.48,754325480
2024-03-28T09:30:00-04:00,5250.3,5255.77,5245.82,5254.58,615623570
2024-03-28T11:30:00-04:00,5254.55,5256.05,5249.07,5250.09,374182610
2024-03-28T13:30:00-04:00,5250.12,5264.42,5248.4,5263.29,396308450
2024-03-28T15:30:00-04:00,5263.41,5264.85,5254.25,5254.34,882829870
2024-04-01T09:30:00-04:00,5256.2,5263.95,5232.95,5240.38,600358290
2024-04-01T11:30:00-04:00,5240.32,5241.41,5229.2,5235.03,346056120
2024-04-01T13:30:00-04:00,5235.1,5242.14,5233.24,5237.72,345592520
2024-04-01T15:30:00-04:00,5237.7,5247.23,5235.63,5243.78,603065310
2024-04-02T09:30:00-04:00,5194.84,5204.29,5184.05,5194.98,714962100
2024-04-02T11:30:00-04:00,5194.97,5199.87,5187.91,5195.3,367840060
2024-04-02T13:30:00-04:00,5195.29,5204.38,5192.41,5202.66,384838260
2024-04-02T15:30:00-04:00,5202.77,5208.34,5201.6,5205.8,829906330
2024-04-03T09:30:00-04:00,5196.68,5228.75,5196.68,5227.07,660691510
2024-04-03T11:30:00-04:00,5227.12,5228.02,5213.76,5224.81,369162960
2024-04-03T13:30:00-04:00,5224.81,5226.59,5198.05,5203.98,431475020
2024-04-03T15:30:00-04:00,5204.04,5215.93,5201.74,5211.48,764608580
2024-04-04T09:30:00-04:00,5252.18,5254.95,5242.1,5245.52,655122370
2024-04-04T11:30:00-04:00,5245.59,5256.59,5244.99,5249.72,394849140
2024-04-04T13:30:00-04:00,5249.76,5249.89,5155.05,5155.18,627790860
2024-04-04T15:30:00-04:00,5155.03,5160.35,5146.06,5147.2,775359400
2024-04-05T09:30:00-04:00,5160.47,5198.82,5157.21,5196.02,701665870
2024-04-05T11:30:00-04:00,5196.05,5222.18,5194.55,5210.55,415201080
2024-04-05T13:30:00-04:00,5210.59,5213.69,5188.89,5199.99,396771370
2024-04-05T15:30:00-04:00,5200.06,5211.07,5198.95,5204.35,605374780
2024-04-08T09:30:00-04:00,5211.5,5219.57,5198.4,5213.03,643046630
2024-04-08T11:30:00-04:00,5213.04,5213.04,5197.35,5210.53,353420110
2024-04-08T13:30:00-04:00,5210.51,5212.67,5205.1,5210.63,323531350
2024-04-08T15:30:00-04:00,5210.63,5214.64,5200.59,5202.38,617149300
2024-04-09T09:30:00-04:00,5217.03,5224.81,5160.78,5176.64,657131950
2024-04-09T11:30:00-04:00,5176.64,5194.5,5174.21,5188.48,371863880
2024-04-09T13:30:00-04:00,5188.62,5202.7,5174.93,5202.57,364965790
2024-04-09T15:30:00-04:00,5202.41,5211.19,5192.54,5209.92,606101150
2024-04-10T09:30:00-04:00,5153.78,5178.43,5144.65,5161.24,731819100
2024-04-10T11:30:00-04:00,5161.43,5167.53,5138.7,5156.43,422960510
2024-04-10T13:30:00-04:00,5156.43,5167.28,5141.04,5160.08,465380240
2024-04-10T15:30:00-04:00,5160.12,5166.86,5152.17,5160.65,626244300
2024-04-11T09:30:00-04:00,5175.61,5176.14,5138.77,5152.74,625326090
2024-04-11T11:30:00-04:00,5152.76,5195.73,5151.97,5192.51,402509870
2024-04-11T13:30:00-04:00,5192.62,5211.78,5187.68,5206.79,458894240
2024-04-11T15:30:00-04:00,5205.72,5210.42,5198.31,5199.05,668401940
2024-04-12T09:30:00-04:00,5162.63,5175.03,5137.39,5151.25,722924860
2024-04-12T11:30:00-04:00,5151.3,5156.05,5111.82,5113.69,427718460
2024-04-12T13:30:00-04:00,5113.65,5129.78,5107.94,5111.56,461290590
2024-04-12T15:30:00-04:00,5111.51,5124.89,5109.41,5123.4,702553130
2024-04-15T09:30:00-04:00,5163.43,5168.43,5124.74,5132.11,649363020
2024-04-15T11:30:00-04:00,5132.08,5142.25,5082.22,5082.23,381323110
2024-04-15T13:30:00-04:00,5082.06,5083.44,5052.47,5058.61,499902890
2024-04-15T15:30:00-04:00,5058.62,5068.13,5058.38,5061.81,712314230
2024-04-16T09:30:00-04:00,5062.27,5067.99,5040.88,5057.64,741451820
2024-04-16T11:30:00-04:00,5057.76,5069.06,5051.85,5058.77,401510920
2024-04-16T13:30:00-04:00,5058.94,5079.84,5039.83,5072.25,480100120
2024-04-16T15:30:00-04:00,5072.03,5072.03,5049.53,5051.4,678820230
2024-04-17T09:30:00-04:00,5071.8,5077.96,5037.66,5037.66,676298650
2024-04-17T11:30:00-04:00,5037.45,5037.69,5007.25,5032.44,447653140
2024-04-17T13:30:00-04:00,5032.96,5055.52,5020.3,5022.71,462004970
2024-04-17T15:30:00-04:00,5022.83,5033.76,5020.91,5022.22,661766370
2024-04-18T09:30:00-04:00,5035.04,5056.66,5012.71,5048.14,664635780
2024-04-18T11:30:00-04:00,5048.35,5049.63,5004.96,5017.53,417845990
2024-04-18T13:30:00-04:00,5017.64,5019.07,5001.89,5013.13,424466660
2024-04-18T15:30:00-04:00,5013.22,5023.35,5008.07,5011.11,656248590
2024-04-19T09:30:00-04:00,5005.67,5019.02,4990.95,4993.56,708977734
2024-04-19T11:30:00-04:00,4993.63,4997.56,4966.04,4980.82,478161200
2024-04-19T13:30:00-04:00,4980.73,4999.1,4955.6,4966.14,513774830
2024-04-19T15:30:00-04:00,4966.18,4969.94,4953.56,4967.24,840944680
2024-04-22T09:30:00-04:00,4993.88,4996.7,4969.4,4979.21,698655230
2024-04-22T11:30:00-04:00,4978.91,5015.25,4978.89,5015.07,402020130
2024-04-22T13:30:00-04:00,5015.2,5038.84,5014.52,5021.41,466621250
2024-04-22T15:30:00-04:00,5021.35,5021.62,5004.94,5010.59,698347110
2024-04-23T09:30:00-04:00,5028.85,5068.82,5027.96,5064.46,719607730
2024-04-23T11:30:00-04:00,5064.53,5071.62,5058.44,5069.26,407296240
2024-04-23T13:30:00-04:00,5069.3,5076.12,5065.86,5069.56,420219440
2024-04-23T15:30:00-04:00,5069.5,5072.24,5065.52,5070.56,679969410
2024-04-24T09:30:00-04:00,5085.39,5089.48,5055.78,5061.13,814477530
2024-04-24T11:30:00-04:00,5061.3,5067.57,5047.02,5067.06,449862300
2024-04-24T13:30:00-04:00,5067.1,5080.38,5058.41,5073.81,461155960
2024-04-24T15:30:00-04:00,5073.87,5076.91,5070.94,5071.62,732033220
2024-04-25T09:30:00-04:00,5002.29,5013.51,4990.58,5012.31,919681960
2024-04-25T11:30:00-04:00,5012.4,5038.31,5004.92,5032.48,450216920
2024-04-25T13:30:00-04:00,5032.04,5057.75,5031.4,5056.93,511804850
2024-04-25T15:30:00-04:00,5056.95,5056.97,5042.75,5048.41,755437050
2024-04-26T09:30:00-04:00,5084.65,5110.74,5073.14,5097.72,756854529
2024-04-26T11:30:00-04:00,5097.89,5113.83,5096,5111.95,420391450
2024-04-26T13:30:00-04:00,5111.98,5114.62,5101.91,5112.34,442575860
2024-04-26T15:30:00-04:00,5112.38,5112.38,5098.68,5099.95,673488430
2024-04-29T09:30:00-04:00,5115.62,5123.49,5105.11,5111.54,748250310
2024-04-29T11:30:00-04:00,5111.55,5119.72,5105.66,5119.49,411441650
2024-04-29T13:30:00-04:00,5119.56,5120.43,5088.65,5101.32,433633250
2024-04-29T15:30:00-04:00,5101.32,5116.83,5100.39,5116.16,676769760
2024-04-30T09:30:00-04:00,5103.78,5110.83,5079.8,5083.79,758271260
2024-04-30T11:30:00-04:00,5083.82,5085.11,5062.92,5067.34,440344090
2024-04-30T13:30:00-04:00,5067.33,5079.93,5057.36,5062.23,450818150
2024-04-30T15:30:00-04:00,5062.41,5066.15,5035.31,5035.7,1007015550
2024-05-01T09:30:00-04:00,5029.03,5032.71,5015.02,5022.46,832902830
2024-05-01T11:30:00-04:00,5022.59,5028.05,5013.45,5021.88,460496160
2024-05-01T13:30:00-04:00,5021.97,5096.12,5021.33,5079.18,695199660
2024-05-01T15:30:00-04:00,5079.28,5079.28,5017.61,5018.4,837969950
2024-05-02T09:30:00-04:00,5049.32,5057.24,5011.05,5036.38,797682830
2024-05-02T11:30:00-04:00,5036.44,5055.73,5028.68,5055.73,436197310
2024-05-02T13:30:00-04:00,5055.72,5073.21,5049.29,5068.5,522389980
2024-05-02T15:30:00-04:00,5068.48,5068.67,5054.17,5064.19,744941730
2024-05-03T09:30:00-04:00,5127.62,5139.12,5101.22,5112.2,747958247
2024-05-03T11:30:00-04:00,5112.82,5129.51,5112.55,5126.16,393440110
2024-05-03T13:30:00-04:00,5126.2,5134.63,5122.28,5131.64,430039040
2024-05-03T15:30:00-04:00,5131.6,5132.45,5126.18,5127.8,706133120
2024-05-06T09:30:00-04:00,5149.56,5161.44,5148.09,5155.78,625010900
2024-05-06T11:30:00-04:00,5155.84,5164.1,5152.23,5160.9,391585810
2024-05-06T13:30:00-04:00,5160.77,5171.66,5160.2,5166.28,412587280
2024-05-06T15:30:00-04:00,5165.68,5181,5164.49,5180.73,686382030
2024-05-07T09:30:00-04:00,5188.88,5196.8,5184.11,5194.64,655258789
2024-05-07T11:30:00-04:00,5194.48,5199.41,5191.13,5198.74,378584030
2024-05-07T13:30:00-04:00,5198.75,5200.23,5178.96,5185.99,425813830
2024-05-07T15:30:00-04:00,5185.91,5192.85,5184.32,5187.71,697478980
2024-05-08T09:30:00-04:00,5165.86,5191.95,5165.86,5185.16,657742000
2024-05-08T11:30:00-04:00,5185.19,5186.82,5176.66,5177.77,371448630
2024-05-08T13:30:00-04:00,5177.77,5189.05,5177.11,5187.7,386534270
2024-05-08T15:30:00-04:00,5187.71,5191.26,5186.94,5187.66,646954670
2024-05-09T09:30:00-04:00,5189.03,5208.73,5180.41,5206.9,580001900
2024-05-09T11:30:00-04:00,5206.97,5209.78,5197.53,5208.51,332201610
2024-05-09T13:30:00-04:00,5208.56,5213.99,5203.36,5210.36,362248130
2024-05-09T15:30:00-04:00,5210.43,5215.3,5209.8,5214.07,625637380
2024-05-10T09:30:00-04:00,5227.54,5239.66,5213.29,5218.21,611055400
2024-05-10T11:30:00-04:00,5218.27,5220.8,5209.68,5214.1,316503650
2024-05-10T13:30:00-04:00,5214.13,5224.12,5212.08,5223.02,334817570
2024-05-10T15:30:00-04:00,5223.14,5226.21,5220.72,5222.69,586297260
2024-05-13T09:30:00-04:00,5233.08,5237.26,5221.71,5222.24,582466080
2024-05-13T11:30:00-04:00,5222.29,5226.69,5211.16,5221.45,348164780
2024-05-13T13:30:00-04:00,5221.5,5224.4,5216.63,5221.03,342618190
2024-05-13T15:30:00-04:00,5221,5223.72,5219.3,5221.41,617922840
2024-05-14T09:30:00-04:00,5220.09,5236.04,5219.51,5231.24,536289682
2024-05-14T11:30:00-04:00,5231.28,5231.28,5217.98,5222.6,348321060
2024-05-14T13:30:00-04:00,5222.67,5249.93,5222.04,5246.92,381829680
2024-05-14T15:30:00-04:00,5246.87,5250.37,5244.7,5246.69,657808520
2024-05-15T09:30:00-04:00,5263.26,5292.24,5263.26,5292.15,736898450
2024-05-15T11:30:00-04:00,5292.06,5299.77,5286.13,5299.47,380643670
2024-05-15T13:30:00-04:00,5299.56,5305.64,5295.63,5302.41,399785600
2024-05-15T15:30:00-04:00,5302.03,5311.76,5301.59,5308.14,697786070
2024-05-16T09:30:00-04:00,5310.07,5325.49,5306.43,5322.45,654910460
2024-05-16T11:30:00-04:00,5322.49,5324.5,5305.76,5308.11,387370030
2024-05-16T13:30:00-04:00,5308.37,5312.28,5301.09,5309.59,388080550
2024-05-16T15:30:00-04:00,5309.34,5309.76,5296.19,5297.09,721180080
2024-05-17T09:30:00-04:00,5303.1,5305.45,5293.98,5297.8,559153100
2024-05-17T11:30:00-04:00,5297.77,5300.17,5291.48,5297.03,314121920
2024-05-17T13:30:00-04:00,5297.07,5302.92,5283.59,5302.22,357777740
2024-05-17T15:30:00-04:00,5302.25,5304.11,5297.75,5303.26,684399870
2024-05-20T09:30:00-04:00,5305.35,5324.77,5303.4,5323.56,537154350
2024-05-20T11:30:00-04:00,5323.62,5325.32,5312.48,5313.58,313793880
2024-05-20T13:30:00-04:00,5313.55,5314.85,5302.4,5312.18,325473670
2024-05-20T15:30:00-04:00,5312.13,5312.99,5304.76,5308.12,592731070
2024-05-21T09:30:00-04:00,5298.69,5316.84,5297.87,5314.57,526446406
2024-05-21T11:30:00-04:00,5314.52,5314.66,5306.64,5310.75,338834120
2024-05-21T13:30:00-04:00,5310.78,5318.66,5310.35,5317.7,360247120
2024-05-21T15:30:00-04:00,5317.69,5324.32,5317.34,5321.42,648314110
2024-05-22T09:30:00-04:00,5317.75,5323.18,5315.93,5319.85,594106780
2024-05-22T11:30:00-04:00,5319.8,5321.86,5312.2,5318.59,331310700
2024-05-22T13:30:00-04:00,5318.6,5318.6,5286.01,5296.92,410274570
2024-05-22T15:30:00-04:00,5296.98,5307.25,5290.36,5307.02,692290950
2024-05-23T09:30:00-04:00,5340.26,5341.88,5299.61,5314.84,694955370
2024-05-23T11:30:00-04:00,5315,5324.27,5298.68,5304.73,364746900
2024-05-23T13:30:00-04:00,5304.73,5304.81,5256.93,5261.29,473125650
2024-05-23T15:30:00-04:00,5261.28,5271.56,5261.28,5267.85,671639750
2024-05-24T09:30:00-04:00,5281.45,5311.65,5278.39,5306.74,527049520
2024-05-24T11:30:00-04:00,5306.79,5309.95,5300.08,5305.84,299954330
2024-05-24T13:30:00-04:00,5305.87,5310.31,5293.18,5298.81,308914680
2024-05-24T15:30:00-04:00,5298.8,5305.08,5297.74,5304.71,554986560
2024-05-28T09:30:00-04:00,5315.91,5315.91,5299.86,5308.43,621209370
2024-05-28T11:30:00-04:00,5308.5,5312.18,5301.8,5304.7,344317110
2024-05-28T13:30:00-04:00,5304.78,5308.37,5280.89,5292.74,396660160
2024-05-28T15:30:00-04:00,5293.05,5307.4,5292.68,5306.03,674585640
2024-05-29T09:30:00-04:00,5278.73,5282.27,5262.7,5273.9,685235040
2024-05-29T11:30:00-04:00,5273.91,5282.05,5269.56,5278.3,361758840
2024-05-29T13:30:00-04:00,5278.33,5280.72,5269.66,5277.5,383170810
2024-05-29T15:30:00-04:00,5277.64,5280.52,5264.75,5266.96,690926940
2024-05-30T09:30:00-04:00,5259.77,5259.77,5241.49,5241.7,460319840
2024-05-30T11:30:00-04:00,5247.5,5259.36,5244.98,5258.01,600233870
2024-05-30T13:30:00-04:00,5258.02,5260.21,5237.46,5241.96,449996300
2024-05-30T15:30:00-04:00,5241.92,5243.74,5222.1,5235.47,695804350
2024-05-31T09:30:00-04:00,5243.21,5256.48,5207.46,5208.86,710792510
2024-05-31T11:30:00-04:00,5209.62,5216.95,5191.68,5216.14,408318930
2024-05-31T13:30:00-04:00,5216.1,5235.07,5212.3,5230.73,468608300
2024-05-31T15:30:00-04:00,5230.7,5280.33,5228.48,5277.5,2112261760
2024-06-03T09:30:00-04:00,5297.15,5302.11,5262.25,5272.4,662834608
2024-06-03T11:30:00-04:00,5272.45,5275.54,5234.32,5253.75,408857650
2024-06-03T13:30:00-04:00,5253.78,5272.6,5253.57,5270.4,399020160
2024-06-03T15:30:00-04:00,5270.4,5283.46,5265.76,5283.41,646272760
2024-06-04T09:30:00-04:00,5278.24,5284.75,5264.14,5266.33,615438400
2024-06-04T11:30:00-04:00,5266.46,5276.9,5257.63,5276.82,362296120
2024-06-04T13:30:00-04:00,5276.85,5298.8,5271.46,5283.85,411322740
2024-06-04T15:30:00-04:00,5283.84,5293.02,5278.05,5291.35,695189860
2024-06-05T09:30:00-04:00,5314.48,5329.3,5297.64,5327.15,605461393
2024-06-05T11:30:00-04:00,5327.13,5338.01,5325.74,5335.35,356946790
2024-06-05T13:30:00-04:00,5335.3,5349.77,5334.56,5345.19,389598760
2024-06-05T15:30:00-04:00,5345.3,5354.16,5340.87,5354.04,678211880
2024-06-06T09:30:00-04:00,5358.14,5362.35,5350.34,5352.17,545826164
2024-06-06T11:30:00-04:00,5352.31,5352.66,5340.15,5348.85,360459860
2024-06-06T13:30:00-04:00,5348.89,5353.84,5335.36,5352.29,386826150
2024-06-06T15:30:00-04:00,5352.34,5353.69,5347.53,5352.95,625617000
2024-06-07T09:30:00-04:00,5339.11,5370.3,5331.33,5355.44,522011150
2024-06-07T11:30:00-04:00,5355.97,5375.08,5353.73,5368.28,322636360
2024-06-07T13:30:00-04:00,5368.39,5370.49,5341.87,5353.98,346156440
2024-06-07T15:30:00-04:00,5353.9,5355.12,5344.55,5346.98,585665230
2024-06-10T09:30:00-04:00,5336.88,5350.34,5331.52,5350.22,696701027
2024-06-10T11:30:00-04:00,5350.34,5357.96,5348.56,5349.28,411737790
2024-06-10T13:30:00-04:00,5349.19,5365.79,5348.13,5361.83,459305140
2024-06-10T15:30:00-04:00,5361.92,5361.95,5353.56,5360.78,716408740
2024-06-11T09:30:00-04:00,5347.29,5353.65,5327.25,5350.66,691429020
2024-06-11T11:30:00-04:00,5350.66,5354.3,5341.59,5348.61,410308340
2024-06-11T13:30:00-04:00,5348.57,5372.45,5348.46,5364.73,390110410
2024-06-11T15:30:00-04:00,5364.5,5375.95,5362.82,5375.31,711674480
2024-06-12T09:30:00-04:00,5421.1,5446.28,5419.17,5438.76,931355970
2024-06-12T11:30:00-04:00,5438.81,5439.92,5430.89,5436.05,416281500
2024-06-12T13:30:00-04:00,5436,5447.25,5414.18,5416.75,554285680
2024-06-12T15:30:00-04:00,5416.92,5429.65,5410.03,5421.02,757923730
2024-06-13T09:30:00-04:00,5440.98,5441.22,5409.16,5418.38,727921049
2024-06-13T11:30:00-04:00,5418.21,5425.98,5402.51,5423.66,398543810
2024-06-13T13:30:00-04:00,5423.65,5436.78,5418.95,5431.97,410428150
2024-06-13T15:30:00-04:00,5431.8,5439.39,5428.69,5433.75,713963740
2024-06-14T09:30:00-04:00,5417.65,5422.08,5403.75,5419.22,759784400
2024-06-14T11:30:00-04:00,5419.29,5429.47,5408.3,5426.42,394453150
2024-06-14T13:30:00-04:00,5426.39,5429.07,5417.42,5428.48,391181620
2024-06-14T15:30:00-04:00,5428.1,5432.39,5424.04,5431.61,642055390
2024-06-17T09:30:00-04:00,5426.62,5444.53,5420.4,5442.67,735742090
2024-06-17T11:30:00-04:00,5442.72,5469.92,5438.94,5467.77,398907210
2024-06-17T13:30:00-04:00,5467.93,5488.5,5467.62,5487.18,455179290
2024-06-17T15:30:00-04:00,5487.28,5487.28,5471.76,5473.24,771711710
2024-06-18T09:30:00-04:00,5476.47,5486.51,5471.32,5475.05,723810210
2024-06-18T11:30:00-04:00,5475.04,5486.19,5474.26,5485.06,439928520
2024-06-18T13:30:00-04:00,5485.11,5490.38,5476.16,5483.13,433180210
2024-06-18T15:30:00-04:00,5483.16,5488.98,5481.65,5487.02,786848550
2024-06-20T09:30:00-04:00,5499.99,5505.53,5487.92,5492.76,831828734
2024-06-20T11:30:00-04:00,5492.81,5495.44,5461.92,5464.1,526260030
2024-06-20T13:30:00-04:00,5464.13,5485.74,5455.56,5475.22,543351650
2024-06-20T15:30:00-04:00,5475.48,5481.46,5470.49,5473.16,851952940
2024-06-21T09:30:00-04:00,5466.65,5473.87,5452.03,5465.89,1179518310
2024-06-21T11:30:00-04:00,5465.94,5478.31,5460.83,5462.56,430776630
2024-06-21T13:30:00-04:00,5462.56,5469.65,5457.17,5465.43,448173870
2024-06-21T15:30:00-04:00,5465.46,5473,5461.88,5464.61,2638232190
2024-06-24T09:30:00-04:00,5460.82,5490.66,5458.5,5482.26,843534550
2024-06-24T11:30:00-04:00,5482.2,5483.86,5461.13,5463.8,437060580
2024-06-24T13:30:00-04:00,5463.79,5467.62,5455.51,5463.18,448346510
2024-06-24T15:30:00-04:00,5463.18,5464.87,5447.59,5447.88,911819690
2024-06-25T09:30:00-04:00,5458.59,5466.39,5451.46,5462.62,790490690
2024-06-25T11:30:00-04:00,5462.59,5465.68,5446.56,5457.88,425775910
2024-06-25T13:30:00-04:00,5458.01,5472.88,5455.98,5472.71,393491310
2024-06-25T15:30:00-04:00,5472.81,5472.81,5463.91,5469.29,847426520
2024-06-26T09:30:00-04:00,5457.98,5468.87,5451.87,5460.64,801330630
2024-06-26T11:30:00-04:00,5460.64,5475.57,5457.78,5466.1,426862010
2024-06-26T13:30:00-04:00,5465.8,5472,5462.63,5467.75,426679160
2024-06-26T15:30:00-04:00,5467.8,5483.14,5466.27,5477.91,809974570
2024-06-27T09:30:00-04:00,5473.59,5490.81,5470.91,5473.66,820815380
2024-06-27T11:30:00-04:00,5473.81,5484.62,5468.08,5484.18,412546360
2024-06-27T13:30:00-04:00,5484.25,5485.57,5467.54,5478.73,398285970
2024-06-27T15:30:00-04:00,5478.85,5483.36,5473.31,5482.88,750062250
2024-06-28T09:30:00-04:00,5490.71,5523.64,5486.72,5498.01,846875160
2024-06-28T11:30:00-04:00,5498.12,5503.36,5476.2,5483.52,477711210
2024-06-28T13:30:00-04:00,5483.51,5486.17,5466.87,5468.38,450965330
2024-06-28T15:30:00-04:00,5468.33,5474.69,5451.12,5460.49,2007884200
2024-07-01T09:30:00-04:00,5475.38,5479.55,5446.53,5462.92,792864690
2024-07-01T11:30:00-04:00,5462.86,5474.56,5457.48,5471.01,413714560
2024-07-01T13:30:00-04:00,5471.01,5477.38,5459.57,5464.34,434890600
2024-07-01T15:30:00-04:00,5464.37,5479.13,5463.66,5475.1,628032380
2024-07-02T09:30:00-04:00,5459.22,5481.48,5458.43,5481.09,729972580
2024-07-02T11:30:00-04:00,5481.12,5489.6,5472.03,5487.48,383300900
2024-07-02T13:30:00-04:00,5487.44,5501.3,5485.47,5500.66,394257340
2024-07-02T15:30:00-04:00,5500.7,5509.69,5499.39,5509.02,717530880
2024-07-03T09:30:00-04:00,5507.51,5525.65,5507.42,5521.5,785895750
2024-07-03T11:30:00-04:00,5521.58,5539.27,5519.95,5537.01,753931520
2024-07-05T09:30:00-04:00,5539.08,5551.44,5531.63,5549.11,689459510
2024-07-05T11:30:00-04:00,5549.11,5559.86,5548.97,5558.58,362453850
2024-07-05T13:30:00-04:00,5558.62,5565.82,5558.41,5563.81,334781500
2024-07-05T15:30:00-04:00,5563.87,5570.33,5562.57,5567.2,733886600
2024-07-08T09:30:00-04:00,5574.37,5583.11,5568.64,5574,762374740
2024-07-08T11:30:00-04:00,5573.99,5574.77,5562.51,5568.53,406758920
2024-07-08T13:30:00-04:00,5568.57,5573.84,5562.59,5565.67,382682800
2024-07-08T15:30:00-04:00,5565.45,5574.96,5564.77,5572.86,472224720
2024-07-09T09:30:00-04:00,5584.7,5588.66,5576.66,5579.64,775117590
2024-07-09T11:30:00-04:00,5579.71,5590.75,5577.14,5579.37,478016350
2024-07-09T13:30:00-04:00,5579.26,5582.79,5574.57,5576.99,410130100
2024-07-09T15:30:00-04:00,5577.04,5580.1,5575.02,5576.97,682837790
2024-07-10T09:30:00-04:00,5591.26,5596.79,5586.44,5596.35,716363730
2024-07-10T11:30:00-04:00,5596.4,5616.73,5596.15,5612.72,418656770
2024-07-10T13:30:00-04:00,5612.73,5620.93,5611.74,5619.39,404112760
2024-07-10T15:30:00-04:00,5619.49,5635.39,5618.76,5633.92,693183340
2024-07-11T09:30:00-04:00,5636.58,5642.45,5590.02,5591.39,885116386
2024-07-11T11:30:00-04:00,5591.39,5596.44,5578.1,5589.28,573072990
2024-07-11T13:30:00-04:00,5589.32,5593.67,5576.53,5584.15,476287180
2024-07-11T15:30:00-04:00,5584.08,5594,5584.08,5584.55,780519660
2024-07-12T09:30:00-04:00,5593.93,5636.66,5590.44,5636.66,824900110
2024-07-12T11:30:00-04:00,5636.67,5643.2,5620.47,5643.17,427104160
2024-07-12T13:30:00-04:00,5643.2,5655.56,5641.49,5647.21,452647960
2024-07-12T15:30:00-04:00,5647.22,5647.22,5610.35,5615.34,751427710
2024-07-15T09:30:00-04:00,5639.49,5666.94,5632.64,5656.43,768783400
2024-07-15T11:30:00-04:00,5656.31,5660.13,5632.64,5635.27,447832240
2024-07-15T13:30:00-04:00,5635.23,5644.15,5625.78,5639.21,417726940
2024-07-15T15:30:00-04:00,5639.42,5641.3,5614.75,5631.21,659554250
2024-07-16T09:30:00-04:00,5649.3,5663.03,5639.02,5653.69,822603670
2024-07-16T11:30:00-04:00,5653.6,5654.24,5641.1,5645.75,460397860
2024-07-16T13:30:00-04:00,5645.72,5664.27,5643.95,5662.66,462916220
2024-07-16T15:30:00-04:00,5662.64,5669.67,5658.89,5667.21,694823070
2024-07-17T09:30:00-04:00,5607.48,5622.49,5596.72,5603.62,1062057300
2024-07-17T11:30:00-04:00,5603.62,5604.19,5584.81,5591.51,601361970
2024-07-17T13:30:00-04:00,5591.48,5601.25,5586.8,5598.46,548290590
2024-07-17T15:30:00-04:00,5598.45,5600.5,5587.3,5588.28,853515340
2024-07-18T09:30:00-04:00,5605.91,5614.05,5555.31,5555.63,991129860
2024-07-18T11:30:00-04:00,5555.59,5567.76,5542.01,5561.39,576000210
2024-07-18T13:30:00-04:00,5561.47,5566.21,5522.81,5532.15,531610140
2024-07-18T15:30:00-04:00,5532.02,5556.03,5529.98,5544.58,725910080
2024-07-19T09:30:00-04:00,5545.11,5557.5,5514.2,5514.25,809608610
2024-07-19T11:30:00-04:00,5514.22,5532.48,5497.04,5503.33,448829390
2024-07-19T13:30:00-04:00,5503.36,5522.02,5498.4,5517.92,446104640
2024-07-19T15:30:00-04:00,5517.96,5518.35,5499.14,5504.99,799429930
2024-07-22T09:30:00-04:00,5546.26,5562.43,5531.25,5535.46,829014340
2024-07-22T11:30:00-04:00,5535.4,5561.59,5529.04,5559.36,402800290
2024-07-22T13:30:00-04:00,5559.39,5570.36,5559.25,5563.04,432178210
2024-07-22T15:30:00-04:00,5563.11,5569.14,5560.92,5564.4,721653030
2024-07-23T09:30:00-04:00,5564.58,5585.34,5559.41,5582.27,762529080
2024-07-23T11:30:00-04:00,5582.12,5584.55,5559.95,5565.86,429259550
2024-07-23T13:30:00-04:00,5565.74,5573.16,5561.4,5569.99,399094970
2024-07-23T15:30:00-04:00,5569.97,5569.97,5550.9,5555.75,712465170
2024-07-24T09:30:00-04:00,5501.99,5508.04,5459.18,5464.75,873118940
2024-07-24T11:30:00-04:00,5464.84,5469.02,5453.05,5459.88,529267440
2024-07-24T13:30:00-04:00,5459.89,5466.34,5431.66,5433.25,560344510
2024-07-24T15:30:00-04:00,5433.16,5445.86,5419.98,5427.12,935494580
2024-07-25T09:30:00-04:00,5430.75,5463.6,5390.95,5449.84,1383856620
2024-07-25T11:30:00-04:00,5449.76,5491.59,5441,5464.43,610344560
2024-07-25T13:30:00-04:00,5464.33,5468.34,5422.68,5448.58,575375160
2024-07-25T15:30:00-04:00,5448.46,5449.44,5397.65,5399.23,835868760
2024-07-26T09:30:00-04:00,5436.83,5462.96,5430.7,5448.46,878444270
2024-07-26T11:30:00-04:00,5448.43,5488.32,5446.18,5487.33,484496300
2024-07-26T13:30:00-04:00,5487.3,5487.77,5447.69,5464.38,473223500
2024-07-26T15:30:00-04:00,5464.48,5464.77,5444.77,5459.09,704689640
2024-07-29T09:30:00-04:00,5480.25,5487.74,5450.51,5457.74,784200050
2024-07-29T11:30:00-04:00,5457.93,5486.6,5444.44,5470.63,423385490
2024-07-29T13:30:00-04:00,5470.32,5476.06,5461.33,5471.02,416597880
2024-07-29T15:30:00-04:00,5471,5477.14,5461.82,5463.55,649544740
2024-07-30T09:30:00-04:00,5479.97,5489.46,5428.77,5438.47,854148703
2024-07-30T11:30:00-04:00,5438.48,5440.33,5401.7,5421.05,605202760
2024-07-30T13:30:00-04:00,5421.2,5442.67,5418.6,5433.26,531385140
2024-07-30T15:30:00-04:00,5432.54,5452.74,5428.77,5436.45,847909240
2024-07-31T09:30:00-04:00,5512.06,5529.64,5493.75,5528.27,1008567400
2024-07-31T11:30:00-04:00,5528.35,5534.04,5516.65,5520.71,481424210
2024-07-31T13:30:00-04:00,5520.79,5551.51,5503.92,5513.56,638607840
2024-07-31T15:30:00-04:00,5512.65,5538.88,5509.87,5522.29,1056976040
2024-08-01T09:30:00-04:00,5540.15,5566.16,5476.46,5477.54,1040392110
2024-08-01T11:30:00-04:00,5477.58,5481.67,5433.78,5439.18,647043450
2024-08-01T13:30:00-04:00,5439.17,5443.88,5410.42,5430.73,690709210
2024-08-01T15:30:00-04:00,5430.5,5450.61,5428.12,5446.69,937895430
2024-08-02T09:30:00-04:00,5367.26,5383.89,5302.03,5310.28,1514953470
2024-08-02T11:30:00-04:00,5309.94,5350.72,5308.19,5321.62,733598440
2024-08-02T13:30:00-04:00,5321.57,5340.8,5311.8,5338.54,631247790
2024-08-02T15:30:00-04:00,5338.74,5347.27,5321.72,5346.55,996048000
2024-08-05T09:30:00-04:00,5125.71,5223.81,5119.26,5212.73,1597544060
2024-08-05T11:30:00-04:00,5212.85,5250.89,5198.32,5212.07,687787250
2024-08-05T13:30:00-04:00,5212.65,5223.79,5168.24,5179.22,656380390
2024-08-05T15:30:00-04:00,5179.46,5187.21,5164.57,5186.34,982267900
2024-08-06T09:30:00-04:00,5206.62,5279.71,5193.56,5239.62,1012948390
2024-08-06T11:30:00-04:00,5239.76,5296.67,5239.69,5293.25,529325830
2024-08-06T13:30:00-04:00,5293.46,5312.34,5266.32,5282.06,593667940
2024-08-06T15:30:00-04:00,5282.36,5285.01,5237.5,5240.04,907608840
2024-08-07T09:30:00-04:00,5296.62,5330.64,5294.86,5311.26,900373710
2024-08-07T11:30:00-04:00,5310.94,5314.61,5238.52,5251.4,511554740
2024-08-07T13:30:00-04:00,5251.51,5263.95,5203.91,5225.61,583548840
2024-08-07T15:30:00-04:00,5224.8,5231.9,5195.54,5199.51,875335610
2024-08-08T09:30:00-04:00,5252.57,5299.42,5233.85,5294.38,839849160
2024-08-08T11:30:00-04:00,5294.48,5314.22,5282.41,5314.22,475568340
2024-08-08T13:30:00-04:00,5314.23,5328.03,5306.24,5308.41,496454550
2024-08-08T15:30:00-04:00,5308.3,5324.06,5297.56,5319.3,810335960
2024-08-09T09:30:00-04:00,5315.6,5340.43,5300.84,5324.04,720367640
2024-08-09T11:30:00-04:00,5323.62,5354.71,5312.89,5354.71,383464480
2024-08-09T13:30:00-04:00,5354.95,5358.67,5330.23,5342.19,388421210
2024-08-09T15:30:00-04:00,5342.15,5348.02,5335.78,5344.15,637337040
2024-08-12T09:30:00-04:00,5353.83,5371.2,5324.37,5342.57,753118670
2024-08-12T11:30:00-04:00,5342.7,5364.77,5336.09,5348.17,409849660
2024-08-12T13:30:00-04:00,5348.21,5352.31,5333,5340.49,373657960
2024-08-12T15:30:00-04:00,5340.55,5345.57,5331.69,5344.38,650495130
2024-08-13T09:30:00-04:00,5376.98,5404.06,5376.98,5401.92,874273470
2024-08-13T11:30:00-04:00,5401.53,5425.18,5400.07,5421.84,448015480
2024-08-13T13:30:00-04:00,5421.9,5430.75,5409.69,5426.32,451214320
2024-08-13T15:30:00-04:00,5426.35,5436.5,5423.66,5434.44,739412650
2024-08-14T09:30:00-04:00,5443.95,5448.31,5415.91,5446.02,803822460
2024-08-14T11:30:00-04:00,5445.99,5463.22,5432.73,5445.65,426318600
2024-08-14T13:30:00-04:00,5445.78,5457.1,5441.24,5445.29,375019610
2024-08-14T15:30:00-04:00,5445.44,5460.66,5442.09,5455.2,661265290
2024-08-15T09:30:00-04:00,5507.81,5531.74,5502.98,5527.08,851095140
2024-08-15T11:30:00-04:00,5527.11,5539.9,5525.88,5533.58,450449270
2024-08-15T13:30:00-04:00,5533.51,5544.41,5533.44,5543.87,467308330
2024-08-15T15:30:00-04:00,5543.85,5546.23,5532.52,5543.21,807494130
2024-08-16T09:30:00-04:00,5529.39,5548.54,5525.17,5538.92,783271480
2024-08-16T11:30:00-04:00,5538.99,5561.98,5536.87,5558.18,376935720
2024-08-16T13:30:00-04:00,5558.26,5560.6,5550.94,5553.41,351025960
2024-08-16T15:30:00-04:00,5553.51,5556.57,5548.32,5554.26,688805860
2024-08-19T09:30:00-04:00,5558.83,5579.32,5550.74,5576.54,635484090
2024-08-19T11:30:00-04:00,5576.53,5586.21,5570.65,5583.22,352222450
2024-08-19T13:30:00-04:00,5583.27,5596.39,5581.32,5594.09,388432750
2024-08-19T15:30:00-04:00,5594.12,5608.3,5591.64,5608.24,646499710
2024-08-20T09:30:00-04:00,5602.3,5620.51,5590.73,5591.28,733336160
2024-08-20T11:30:00-04:00,5591.24,5605.9,5585.5,5593.26,351935820
2024-08-20T13:30:00-04:00,5593.32,5608.56,5589,5598.47,348541690
2024-08-20T15:30:00-04:00,5598.42,5603.52,5595.96,5597.11,599916480
2024-08-21T09:30:00-04:00,5605.67,5632.68,5597.33,5611.11,642921290
2024-08-21T11:30:00-04:00,5611.2,5614.72,5591.57,5611.34,314224070
2024-08-21T13:30:00-04:00,5611.43,5628.12,5604.6,5612.39,378923630
2024-08-21T15:30:00-04:00,5612.42,5621.49,5609.16,5620.84,639858030
2024-08-22T09:30:00-04:00,5638.11,5643.22,5601.55,5602.23,623500170
2024-08-22T11:30:00-04:00,5602.46,5611.37,5580.92,5586.36,409547670
2024-08-22T13:30:00-04:00,5586.34,5586.87,5563.54,5568.4,403376750
2024-08-22T15:30:00-04:00,5568.36,5575.18,5560.95,5570.65,689191190
2024-08-23T09:30:00-04:00,5605.74,5641.82,5595.41,5628.31,712232810
2024-08-23T11:30:00-04:00,5628.34,5635.88,5585.16,5614.38,384970490
2024-08-23T13:30:00-04:00,5614.3,5633.44,5613.15,5633.05,336598820
2024-08-23T15:30:00-04:00,5632.95,5637.56,5619.48,5634.6,643980690
2024-08-26T09:30:00-04:00,5642.29,5651.62,5612.91,5618.02,620384829
2024-08-26T11:30:00-04:00,5617.85,5627.57,5608.44,5620.43,347229850
2024-08-26T13:30:00-04:00,5620.63,5621.6,5602.34,5615.57,340641440
2024-08-26T15:30:00-04:00,5615.53,5618.16,5609.38,5616.85,580848340
2024-08-27T09:30:00-04:00,5602.89,5631.18,5593.48,5620,622813410
2024-08-27T11:30:00-04:00,5618.84,5628.78,5609.7,5628.41,334307340
2024-08-27T13:30:00-04:00,5628.44,5631,5622.49,5625.8,335451940
2024-08-27T15:30:00-04:00,5625.9,5628.77,5622.5,5625.79,609027680
2024-08-28T09:30:00-04:00,5624.66,5627.03,5587.44,5592.92,654342180
2024-08-28T11:30:00-04:00,5593.09,5598.63,5580.52,5589.76,360111680
2024-08-28T13:30:00-04:00,5589.79,5597.29,5560.95,5595.77,392149430
2024-08-28T15:30:00-04:00,5595.61,5603.64,5591.22,5592.19,663176650
2024-08-29T09:30:00-04:00,5612.6,5641.58,5604.53,5630.86,777865480
2024-08-29T11:30:00-04:00,5630.93,5646.95,5629.92,5635.05,368249410
2024-08-29T13:30:00-04:00,5635.09,5638.92,5583.71,5601.31,474775690
2024-08-29T15:30:00-04:00,5601.3,5608.92,5587.43,5591.95,648298480
2024-08-30T09:30:00-04:00,5616.13,5632.29,5600.38,5600.93,632817720
2024-08-30T11:30:00-04:00,5601.04,5606.81,5581.79,5599.02,347787050
2024-08-30T13:30:00-04:00,5598.94,5628.38,5596.26,5627.36,361900230
2024-08-30T15:30:00-04:00,5627.41,5651.37,5622.05,5648.39,1227822340
2024-09-03T09:30:00-04:00,5615.87,5616.4,5559.88,5572.25,920885470
2024-09-03T11:30:00-04:00,5572.28,5577.94,5556.26,5565.18,441668620
2024-09-03T13:30:00-04:00,5565.22,5565.59,5532.22,5533.74,526431760
2024-09-03T15:30:00-04:00,5533.68,5535.99,5504.33,5528.92,920713350
2024-09-04T09:30:00-04:00,5508.24,5552.99,5507.11,5530.71,845999630
2024-09-04T11:30:00-04:00,5530.71,5539.41,5520.02,5521.08,394471430
2024-09-04T13:30:00-04:00,5521.09,5525.45,5503.66,5515.47,464691360
2024-09-04T15:30:00-04:00,5515.58,5528.05,5509.87,5520.08,722967500
2024-09-05T09:30:00-04:00,5519.8,5546.3,5487.03,5487.18,832448220
2024-09-05T11:30:00-04:00,5487.21,5500.33,5480.54,5486.49,434168220
2024-09-05T13:30:00-04:00,5486.31,5519.15,5486.24,5501.67,416254530
2024-09-05T15:30:00-04:00,5501.73,5510.52,5489.48,5503.42,681825830
2024-09-06T09:30:00-04:00,5507.05,5522.47,5417.19,5421.89,872147510
2024-09-06T11:30:00-04:00,5422.07,5433.21,5404.47,5416.39,486772860
2024-09-06T13:30:00-04:00,5416.44,5425.75,5402.62,5421.04,479138290
2024-09-06T15:30:00-04:00,5421.01,5422.95,5403.81,5408.43,876000340
2024-09-09T09:30:00-04:00,5447.47,5470.09,5434.49,5448.76,771905980
2024-09-09T11:30:00-04:00,5448.81,5484.2,5448.6,5480.68,436892730
2024-09-09T13:30:00-04:00,5480.64,5480.64,5449.59,5462.88,454496770
2024-09-09T15:30:00-04:00,5462.88,5472.19,5457.33,5471.06,858397950
2024-09-10T09:30:00-04:00,5492.33,5495.14,5462.11,5481.83,780072780
2024-09-10T11:30:00-04:00,5481.76,5484.51,5441.72,5470.63,473284110
2024-09-10T13:30:00-04:00,5470.73,5494.76,5470.56,5494.53,478345330
2024-09-10T15:30:00-04:00,5494.6,5497.91,5488.46,5495.53,722218010
2024-09-11T09:30:00-04:00,5496.42,5496.42,5406.96,5431.83,822484880
2024-09-11T11:30:00-04:00,5431.78,5498.56,5430.81,5496.53,520708090
2024-09-11T13:30:00-04:00,5496.61,5540.77,5496.15,5540.21,547723150
2024-09-11T15:30:00-04:00,5540.31,5560.41,5528.87,5554.14,838690380
2024-09-12T09:30:00-04:00,5557.78,5573.08,5535.5,5557.15,837075460
2024-09-12T11:30:00-04:00,5557.34,5588.22,5550.12,5585.82,420845870
2024-09-12T13:30:00-04:00,5585.78,5600.71,5573.97,5594.53,492782110
2024-09-12T15:30:00-04:00,5594.54,5599.39,5588.48,5595.75,776540320
2024-09-13T09:30:00-04:00,5603.37,5631.51,5601.65,5624.44,747221940
2024-09-13T11:30:00-04:00,5624.52,5635.87,5619.66,5633.82,393450530
2024-09-13T13:30:00-04:00,5633.81,5636.27,5616.95,5624.3,392806930
2024-09-13T15:30:00-04:00,5624.29,5629.45,5619.76,5626.01,625057540
2024-09-16T09:30:00-04:00,5620.01,5635.05,5604.53,5613.44,737149230
2024-09-16T11:30:00-04:00,5613.44,5623.73,5608.68,5621.85,409074530
2024-09-16T13:30:00-04:00,5621.86,5632.07,5621.19,5627.61,407900480
2024-09-16T15:30:00-04:00,5627.59,5636.05,5627.11,5633.08,678697250
2024-09-17T09:30:00-04:00,5655.51,5670.81,5646.59,5656.93,773102950
2024-09-17T11:30:00-04:00,5656.89,5657.99,5615.95,5632.69,459507390
2024-09-17T13:30:00-04:00,5632.56,5636.22,5614.05,5626.68,406056180
2024-09-17T15:30:00-04:00,5626.34,5635.77,5622.59,5634.57,646283650
2024-09-18T09:30:00-04:00,5641.68,5642.84,5627.01,5632.5,529325937
2024-09-18T11:30:00-04:00,5632.45,5642.07,5618.47,5641.94,337486410
2024-09-18T13:30:00-04:00,5641.87,5689.75,5622.05,5654.18,753214720
2024-09-18T15:30:00-04:00,5654.46,5659.41,5615.08,5618.25,740259390
2024-09-19T09:30:00-04:00,5702.63,5723.88,5686.42,5713.91,879083200
2024-09-19T11:30:00-04:00,5714.04,5725.74,5706.43,5723.85,453046480
2024-09-19T13:30:00-04:00,5723.82,5733.57,5712.88,5717.01,494060800
2024-09-19T15:30:00-04:00,5716.98,5722.55,5708.69,5713.65,842861070
2024-09-20T09:30:00-04:00,5709.64,5709.64,5674.49,5682.61,1064073360
2024-09-20T11:30:00-04:00,5682.56,5707.49,5680.36,5704.41,447828040
2024-09-20T13:30:00-04:00,5704.45,5709.2,5684.36,5704.84,536235220
2024-09-20T15:30:00-04:00,5704.73,5715.14,5700.53,5702.54,3058946880
2024-09-23T09:30:00-04:00,5715.57,5725.36,5705.8,5719.68,682557231
2024-09-23T11:30:00-04:00,5719.71,5723.77,5704.22,5710.21,391077470
2024-09-23T13:30:00-04:00,5710.25,5718.17,5709.62,5717.3,381543730
2024-09-23T15:30:00-04:00,5717.23,5720.94,5714.17,5718.58,787848580
2024-09-24T09:30:00-04:00,5731,5731,5698.99,5721.53,700464935
2024-09-24T11:30:00-04:00,5721.47,5734.43,5720.54,5728.56,478550560
2024-09-24T13:30:00-04:00,5728.61,5732.4,5718.1,5728.63,385659420
2024-09-24T15:30:00-04:00,5728.64,5735.32,5726.27,5732.94,833984120
2024-09-25T09:30:00-04:00,5732.8,5741.03,5729.2,5730.17,778318960
2024-09-25T11:30:00-04:00,5729.97,5734.69,5714.31,5720.06,418550190
2024-09-25T13:30:00-04:00,5720.01,5725.83,5712.06,5720.92,397076960
2024-09-25T15:30:00-04:00,5720.8,5722.82,5716.15,5722.27,782994100
2024-09-26T09:30:00-04:00,5762.22,5767.37,5730.4,5736.1,1028381230
2024-09-26T11:30:00-04:00,5735.9,5747.86,5721.01,5732.63,442991480
2024-09-26T13:30:00-04:00,5732.58,5748.88,5732.58,5743.21,443102110
2024-09-26T15:30:00-04:00,5743.17,5748.6,5740.7,5745.36,742514600
2024-09-27T09:30:00-04:00,5757.36,5763.78,5748.47,5754.51,739927260
2024-09-27T11:30:00-04:00,5754.58,5754.58,5739.26,5739.26,384616670
2024-09-27T13:30:00-04:00,5739.31,5748.14,5727.34,5741.8,385182670
2024-09-27T15:30:00-04:00,5741.83,5742.66,5736.76,5738.16,730113270
2024-09-30T09:30:00-04:00,5725.61,5738.87,5724.35,5737.44,619816009
2024-09-30T11:30:00-04:00,5737.62,5743.86,5729.21,5732.06,332384500
2024-09-30T13:30:00-04:00,5732.02,5738.29,5703.53,5730.34,405692640
2024-09-30T15:30:00-04:00,5730.38,5765.14,5729.71,5762.49,1047880530
2024-10-01T09:30:00-04:00,5755.53,5756.46,5681.28,5700.75,846876070
2024-10-01T11:30:00-04:00,5700.55,5716.88,5684.37,5685.26,465135100
2024-10-01T13:30:00-04:00,5685.3,5730.36,5683.93,5723.96,447224150
2024-10-01T15:30:00-04:00,5723.87,5723.87,5706.45,5708.74,761036500
2024-10-02T09:30:00-04:00,5697.12,5718.86,5674,5716.31,673444855
2024-10-02T11:30:00-04:00,5716.34,5719.63,5698.74,5705.98,366388680
2024-10-02T13:30:00-04:00,5705.91,5714.17,5697.4,5713.02,383334150
2024-10-02T15:30:00-04:00,5713.06,5715.49,5708.98,5709.55,686867700
2024-10-03T09:30:00-04:00,5695.38,5718.78,5684.23,5695.79,726887590
2024-10-03T11:30:00-04:00,5695.79,5712.12,5677.37,5686.5,381117930
2024-10-03T13:30:00-04:00,5686.54,5694.88,5682.17,5686.33,365406240
2024-10-03T15:30:00-04:00,5686.26,5703.29,5685.67,5699.95,695754150
2024-10-04T09:30:00-04:00,5744.54,5746.02,5702.83,5706.94,701684910
2024-10-04T11:30:00-04:00,5707.01,5735.3,5703.35,5730.76,361932940
2024-10-04T13:30:00-04:00,5730.8,5741.54,5717.28,5740.32,359884030
2024-10-04T15:30:00-04:00,5739.87,5753.21,5739.19,5751.06,667939970
2024-10-07T09:30:00-04:00,5733.73,5739.34,5725.31,5736.96,676958564
2024-10-07T11:30:00-04:00,5737.03,5737.79,5722.27,5724.66,383477590
2024-10-07T13:30:00-04:00,5724.42,5725.86,5686.85,5698.52,475065940
2024-10-07T15:30:00-04:00,5698.51,5706.21,5688.43,5695.93,658159540
2024-10-08T09:30:00-04:00,5721.99,5745.08,5714.56,5738.8,775752240
2024-10-08T11:30:00-04:00,5738.83,5743.28,5726.57,5733.11,366319950
2024-10-08T13:30:00-04:00,5733.13,5750.2,5731.81,5749.11,394349650
2024-10-08T15:30:00-04:00,5749.11,5757.6,5747.93,5751.14,697775750
2024-10-09T09:30:00-04:00,5751.8,5778.76,5745.02,5777.13,704649069
2024-10-09T11:30:00-04:00,5777.08,5790.43,5776.24,5784.97,405709670
2024-10-09T13:30:00-04:00,5784.88,5787.56,5771.14,5786.84,403535270
2024-10-09T15:30:00-04:00,5786.78,5796.8,5786.77,5792.05,617048890
2024-10-10T09:30:00-04:00,5778.36,5785.98,5765.41,5782.14,683697930
2024-10-10T11:30:00-04:00,5782.03,5795.03,5772.63,5782.91,380527750
2024-10-10T13:30:00-04:00,5782.94,5785.45,5764.76,5773.02,364624190
2024-10-10T15:30:00-04:00,5772.97,5784.01,5772.25,5780.04,591327030
2024-10-11T09:30:00-04:00,5775.09,5819.47,5775.09,5810.89,762718770
2024-10-11T11:30:00-04:00,5811.06,5815.74,5800.72,5807.7,351560210
2024-10-11T13:30:00-04:00,5807.71,5822.12,5806.09,5819.69,346963420
2024-10-11T15:30:00-04:00,5819.7,5822.13,5814.67,5815.04,636815910
2024-10-14T09:30:00-04:00,5829.81,5857.02,5829.57,5847.38,667089950
2024-10-14T11:30:00-04:00,5847.36,5860.32,5845.1,5857.31,307837060
2024-10-14T13:30:00-04:00,5857.32,5865.39,5853.05,5864.34,341268570
2024-10-14T15:30:00-04:00,5864.39,5871.41,5859.47,5859.86,632385760
2024-10-15T09:30:00-04:00,5866.74,5870.36,5831.37,5841.51,1046404860
2024-10-15T11:30:00-04:00,5841.56,5845.55,5826.99,5829.65,461558410
2024-10-15T13:30:00-04:00,5829.61,5835.89,5807.16,5811.62,444186810
2024-10-15T15:30:00-04:00,5812.93,5820.28,5804.48,5815.25,838472120
2024-10-16T09:30:00-04:00,5816.58,5830.02,5808.34,5824.65,771010240
2024-10-16T11:30:00-04:00,5824.63,5834.48,5819.16,5830.23,385290950
2024-10-16T13:30:00-04:00,5830.23,5846.52,5830.22,5842.25,438181040
2024-10-16T15:30:00-04:00,5842.22,5843.71,5839.92,5842.48,659020560
2024-10-17T09:30:00-04:00,5875.62,5878.46,5843.33,5859.19,813887850
2024-10-17T11:30:00-04:00,5859.1,5868.84,5856.47,5861.25,381010640
2024-10-17T13:30:00-04:00,5861.23,5865.84,5843.4,5844.79,409866760
2024-10-17T15:30:00-04:00,5844.79,5845.83,5840.25,5841.48,703725760
2024-10-18T09:30:00-04:00,5859.43,5863.64,5846.11,5861.49,739505170
2024-10-18T11:30:00-04:00,5861.5,5871.11,5855.86,5864.71,346337020
2024-10-18T13:30:00-04:00,5864.74,5872.17,5857.96,5863.33,339473310
2024-10-18T15:30:00-04:00,5863.32,5866.22,5859.7,5864.68,673419990
2024-10-21T09:30:00-04:00,5857.82,5866.92,5825.61,5826.46,680101480
2024-10-21T11:30:00-04:00,5826.44,5850.71,5824.79,5847.58,324951390
2024-10-21T13:30:00-04:00,5847.61,5852.03,5840.63,5847.86,365342960
2024-10-21T15:30:00-04:00,5847.85,5854.77,5841.89,5853.97,653331530
2024-10-22T09:30:00-04:00,5832.7,5842.46,5821.17,5838.87,752283510
2024-10-22T11:30:00-04:00,5838.92,5845.2,5834.53,5845.14,355403380
2024-10-22T13:30:00-04:00,5845.2,5863.04,5845.01,5854.35,396829330
2024-10-22T15:30:00-04:00,5854.43,5860.38,5850.62,5851.19,669501290
2024-10-23T09:30:00-04:00,5834.5,5834.85,5806.51,5806.59,723747500
2024-10-23T11:30:00-04:00,5806.61,5816.78,5783.12,5787.81,417325510
2024-10-23T13:30:00-04:00,5787.9,5793.09,5762.41,5790.84,463855750
2024-10-23T15:30:00-04:00,5790.88,5799.09,5788.87,5797.43,718126910
2024-10-24T09:30:00-04:00,5817.8,5817.8,5801,5804.47,752037535
2024-10-24T11:30:00-04:00,5804.58,5812.68,5784.92,5808.46,392938430
2024-10-24T13:30:00-04:00,5808.46,5813.28,5800.05,5812.19,392156930
2024-10-24T15:30:00-04:00,5812.3,5816.22,5808.61,5809.87,693284580
2024-10-25T09:30:00-04:00,5826.75,5862.82,5826.75,5843.2,764571660
2024-10-25T11:30:00-04:00,5843.23,5846.13,5819.29,5823.3,380472480
2024-10-25T13:30:00-04:00,5822.99,5823.45,5799.98,5813.67,417996400
2024-10-25T15:30:00-04:00,5813.68,5815.25,5803.87,5808.11,634304530
2024-10-28T09:30:00-04:00,5833.93,5842.92,5830.66,5834.09,633311060
2024-10-28T11:30:00-04:00,5834.03,5834.92,5824.31,5831.48,366013800
2024-10-28T13:30:00-04:00,5831.55,5836.06,5826.99,5832.91,370384600
2024-10-28T15:30:00-04:00,5832.91,5834.95,5823.08,5823.51,676527690
2024-10-29T09:30:00-04:00,5819.68,5835.96,5802.17,5827.95,848451770
2024-10-29T11:30:00-04:00,5828.13,5844.9,5826.09,5837.7,444581530
2024-10-29T13:30:00-04:00,5837.67,5847.19,5833.87,5846.74,440601490
2024-10-29T15:30:00-04:00,5846.38,5847.03,5831.58,5832.91,803420270
2024-10-30T09:30:00-04:00,5832.65,5847.07,5811.28,5847,966511800
2024-10-30T11:30:00-04:00,5846.99,5850.94,5833.18,5833.27,459392460
2024-10-30T13:30:00-04:00,5833.23,5835.8,5820.05,5824.24,475434440
2024-10-30T15:30:00-04:00,5824.23,5825.64,5811.7,5813.66,909352500
2024-10-31T09:30:00-04:00,5775.34,5775.34,5719.61,5728,1024625460
2024-10-31T11:30:00-04:00,5728.09,5736.71,5718.18,5728.9,507106500
2024-10-31T13:30:00-04:00,5728.87,5733.95,5715.28,5728.56,540370640
2024-10-31T15:30:00-04:00,5728.55,5736.37,5702.86,5705.44,1121515900
2024-11-01T09:30:00-04:00,5723.22,5772.52,5723.22,5769.72,837344377
2024-11-01T11:30:00-04:00,5769.78,5769.92,5739.88,5754.44,468679940
2024-11-01T13:30:00-04:00,5754.48,5754.62,5729.23,5735.3,490639660
2024-11-01T15:30:00-04:00,5735.28,5739.23,5724.2,5728.81,767135410
2024-11-04T09:30:00-05:00,5725.15,5741.43,5708.49,5728.02,806297910
2024-11-04T11:30:00-05:00,5727.85,5728.39,5696.51,5722.03,424714110
2024-11-04T13:30:00-05:00,5722.04,5728.74,5716.77,5718.87,380436260
2024-11-04T15:30:00-05:00,5718.9,5719.25,5708.91,5712.68,746476170
2024-11-05T09:30:00-05:00,5722.43,5768.5,5722.1,5764.47,766480410
2024-11-05T11:30:00-05:00,5764.35,5780.83,5764.35,5770.71,392445280
2024-11-05T13:30:00-05:00,5770.59,5775.24,5763.6,5774.15,410313930
2024-11-05T15:30:00-05:00,5774.09,5783.44,5769.74,5782.77,725379500
2024-11-06T09:30:00-05:00,5864.89,5907.11,5864.89,5897.97,1633408830
2024-11-06T11:30:00-05:00,5898.01,5919.79,5898.01,5919.31,661862590
2024-11-06T13:30:00-05:00,5919.27,5933.46,5915.48,5928.4,680921980
2024-11-06T15:30:00-05:00,5928.46,5936.14,5924.91,5929.03,1065689400
2024-11-07T09:30:00-05:00,5947.21,5967.82,5947.21,5963.69,1039616350
2024-11-07T11:30:00-05:00,5963.61,5972.88,5963.5,5965.94,483588970
2024-11-07T13:30:00-05:00,5965.67,5983.84,5957.61,5978.8,592414300
2024-11-07T15:30:00-05:00,5978.81,5981.49,5970.08,5973.09,884885280
2024-11-08T09:30:00-05:00,5976.76,5997.57,5976.76,5996.45,915677270
2024-11-08T11:30:00-05:00,5996.48,6000.02,5991.05,5998.45,444964100
2024-11-08T13:30:00-05:00,5998.5,6012.45,5998.4,5999.26,498000780
2024-11-08T15:30:00-05:00,5999.53,5999.53,5992.39,5995.53,819986350
2024-11-11T09:30:00-05:00,6008.86,6017.31,6002.02,6007.43,946739590
2024-11-11T11:30:00-05:00,6007.52,6012.05,5986.69,5994.22,501295420
2024-11-11T13:30:00-05:00,5994.39,6002.47,5992.48,5999.21,449773800
2024-11-11T15:30:00-05:00,5999.26,6003.57,5996.11,6001.34,707293430
2024-11-12T09:30:00-05:00,6003.6,6009.92,5985.69,5987.66,815728440
2024-11-12T11:30:00-05:00,5987.77,5989.07,5960.08,5973.72,453427230
2024-11-12T13:30:00-05:00,5973.79,5999.6,5973.59,5990.16,448821550
2024-11-12T15:30:00-05:00,5990.13,5991.35,5981.67,5984,777659940
2024-11-13T09:30:00-05:00,5985.75,5996.51,5965.91,5995.22,762160140
2024-11-13T11:30:00-05:00,5995.33,6008.19,5988.54,6003.27,430279170
2024-11-13T13:30:00-05:00,6003.3,6007.55,5982.85,5991.64,462681480
2024-11-13T15:30:00-05:00,5991.63,6000.46,5980.47,5985.39,816737370
2024-11-14T09:30:00-05:00,5989.68,5993.88,5967.09,5979.55,733142556
2024-11-14T11:30:00-05:00,5979.53,5984.07,5952.39,5966.52,458460390
2024-11-14T13:30:00-05:00,5966.44,5972.46,5946.02,5956.23,482052730
2024-11-14T15:30:00-05:00,5956.18,5958.18,5942.28,5949.16,793065820
2024-11-15T09:30:00-05:00,5909.99,5915.32,5874.87,5886.13,927111246
2024-11-15T11:30:00-05:00,5886.08,5887.37,5860.53,5868.28,553172950
2024-11-15T13:30:00-05:00,5868.13,5875.57,5853.01,5867.43,569436470
2024-11-15T15:30:00-05:00,5867.39,5875.54,5861.21,5870.63,1021204370
2024-11-18T09:30:00-05:00,5872.67,5904.4,5865.95,5900.39,910712490
2024-11-18T11:30:00-05:00,5900.29,5908.12,5890.88,5894.59,450329900
2024-11-18T13:30:00-05:00,5894.59,5897.73,5883.9,5897.27,485024650
2024-11-18T15:30:00-05:00,5897.48,5897.48,5887.98,5893.61,807870390
2024-11-19T09:30:00-05:00,5859.4,5902.65,5855.29,5901.82,868720890
2024-11-19T11:30:00-05:00,5901.83,5909.49,5893.86,5908.79,459592070
2024-11-19T13:30:00-05:00,5908.83,5923.51,5904.97,5912.03,487255800
2024-11-19T15:30:00-05:00,5912.04,5918.84,5910.12,5916.97,780844470
2024-11-20T09:30:00-05:00,5915.06,5918.02,5860.56,5872.73,727115544
2024-11-20T11:30:00-05:00,5872.46,5900.62,5869.02,5889.09,413012290
2024-11-20T13:30:00-05:00,5889.15,5897.6,5875.18,5897.48,422689790
2024-11-20T15:30:00-05:00,5897.6,5920.67,5897.6,5917.12,803917310
2024-11-21T09:30:00-05:00,5940.58,5947.1,5887.26,5939.62,967053530
2024-11-21T11:30:00-05:00,5939.67,5958.64,5923.33,5956.53,504531140
2024-11-21T13:30:00-05:00,5956.54,5963.32,5947.47,5961.47,504279000
2024-11-21T15:30:00-05:00,5961.46,5961.73,5948.08,5948.7,776546830
2024-11-22T09:30:00-05:00,5944.36,5972.72,5944.36,5957.64,845396110
2024-11-22T11:30:00-05:00,5957.73,5972.89,5951.54,5967.57,474639900
2024-11-22T13:30:00-05:00,5967.52,5971.86,5954.54,5959.7,438267430
2024-11-22T15:30:00-05:00,5959.57,5972.9,5958.88,5969.33,752114540
2024-11-25T09:30:00-05:00,6004.66,6020.75,5988,5992.47,966553670
2024-11-25T11:30:00-05:00,5992.43,5995.78,5963.91,5983.43,460268390
2024-11-25T13:30:00-05:00,5983.36,5987.53,5978.7,5983.21,438602610
2024-11-25T15:30:00-05:00,5983.26,5989.23,5980.9,5987.38,1777870730
2024-11-26T09:30:00-05:00,6001.16,6008.02,5992.27,6007.26,721551924
2024-11-26T11:30:00-05:00,6007.19,6012.97,6002.55,6010.36,368294070
2024-11-26T13:30:00-05:00,6010.41,6016.25,6003.87,6015.51,396468060
2024-11-26T15:30:00-05:00,6015.68,6025.42,6014.61,6021.64,752158050
2024-11-27T09:30:00-05:00,6014.94,6020.16,5994.17,5995.63,705262020
2024-11-27T11:30:00-05:00,5995.51,6002.65,5984.87,5996.33,343539340
2024-11-27T13:30:00-05:00,5996.38,6002.65,5995.04,5997.06,334195490
2024-11-27T15:30:00-05:00,5997.03,6001.11,5991.48,5998.73,641123020
2024-11-29T09:30:00-05:00,6003.98,6035.07,6003.98,6034.29,607956130
2024-11-29T11:30:00-05:00,6034.33,6044.17,6031.45,6032.39,774631300
2024-12-02T09:30:00-05:00,6040.11,6047.38,6035.33,6043.44,866599300
2024-12-02T11:30:00-05:00,6043.43,6050.71,6042.82,6047.05,472586570
2024-12-02T13:30:00-05:00,6047.06,6053.58,6041.22,6053.34,435487990
2024-12-02T15:30:00-05:00,6053.22,6053.22,6045.51,6047.14,806466500
2024-12-03T09:30:00-05:00,6042.97,6049,6033.39,6044.47,892204720
2024-12-03T11:30:00-05:00,6044.38,6048.66,6034.07,6045.79,416552120
2024-12-03T13:30:00-05:00,6045.72,6052.07,6042.24,6049.79,414212670
2024-12-03T15:30:00-05:00,6049.79,6051.48,6045.42,6049.87,746470050
2024-12-04T09:30:00-05:00,6069.39,6075.73,6061.06,6074.3,794056500
2024-12-04T11:30:00-05:00,6074.46,6075.9,6068.91,6069.26,461168040
2024-12-04T13:30:00-05:00,6069.27,6085.13,6063.01,6083.22,495616630
2024-12-04T15:30:00-05:00,6083.29,6089.84,6082.43,6086.48,793363990
2024-12-05T09:30:00-05:00,6087.97,6092.5,6078.21,6086.04,839486970
2024-12-05T11:30:00-05:00,6086.11,6094.55,6078.61,6082.85,468736090
2024-12-05T13:30:00-05:00,6082.89,6088.23,6076.84,6077.32,450984740
2024-12-05T15:30:00-05:00,6077.38,6083.49,6072.9,6075.1,800171320
2024-12-06T09:30:00-05:00,6081.38,6099.97,6081.38,6089.51,773455150
2024-12-06T11:30:00-05:00,6089.45,6093.79,6080.45,6090.21,432310730
2024-12-06T13:30:00-05:00,6090.19,6090.45,6079.98,6085.61,416919170
2024-12-06T15:30:00-05:00,6085.62,6090.97,6084.33,6090.28,778767550
2024-12-09T09:30:00-05:00,6083.01,6088.51,6053.97,6066.03,1053561480
2024-12-09T11:30:00-05:00,6066.21,6069.96,6058.94,6065.31,459148730
2024-12-09T13:30:00-05:00,6065.36,6072.57,6051.1,6052.57,452852550
2024-12-09T15:30:00-05:00,6052.55,6055.95,6048.63,6052.84,883635440
2024-12-10T09:30:00-05:00,6057.59,6065.4,6050.54,6054.64,864819260
2024-12-10T11:30:00-05:00,6054.58,6058.8,6048.9,6052.18,506287280
2024-12-10T13:30:00-05:00,6052.27,6054.23,6034.3,6035,508247810
2024-12-10T15:30:00-05:00,6035.29,6036.9,6029.89,6034.9,804679420
2024-12-11T09:30:00-05:00,6060.15,6084.03,6060.15,6083.81,867674590
2024-12-11T11:30:00-05:00,6083.77,6092.59,6082.88,6091.88,442323320
2024-12-11T13:30:00-05:00,6091.99,6092.58,6084.52,6089.93,478435930
2024-12-11T15:30:00-05:00,6089.87,6089.87,6082.15,6084.18,887999440
2024-12-12T09:30:00-05:00,6074.29,6079.68,6059.35,6077.2,776334950
2024-12-12T11:30:00-05:00,6077.26,6077.72,6066.33,6073.75,397684670
2024-12-12T13:30:00-05:00,6073.55,6073.71,6056,6057.31,422252950
2024-12-12T15:30:00-05:00,6057.34,6061.29,6051.25,6051.25,698167010
2024-12-13T09:30:00-05:00,6068.17,6078.58,6038.02,6043.8,801086880
2024-12-13T11:30:00-05:00,6043.68,6053.56,6035.77,6047.51,420913060
2024-12-13T13:30:00-05:00,6047.48,6053.84,6044.76,6050.67,430755100
2024-12-13T15:30:00-05:00,6050.52,6054.51,6048.94,6051.08,734364810
2024-12-16T09:30:00-05:00,6063.79,6077.95,6059.14,6073.97,959975180
2024-12-16T11:30:00-05:00,6074.01,6083.6,6070.23,6083.49,481640740
2024-12-16T13:30:00-05:00,6083.39,6085.19,6079.63,6083.06,533374860
2024-12-16T15:30:00-05:00,6083.04,6083.04,6068.09,6074.07,1000422920
2024-12-17T09:30:00-05:00,6052.55,6056.96,6036.94,6049.46,932843010
2024-12-17T11:30:00-05:00,6049.59,6057.68,6046.36,6048.16,479294000
2024-12-17T13:30:00-05:00,6048.09,6050.48,6035.19,6037.2,474470510
2024-12-17T15:30:00-05:00,6037.36,6053.81,6035.76,6050.6,970714480
2024-12-18T09:30:00-05:00,6047.65,6070.67,6041.49,6062.54,755342960
2024-12-18T11:30:00-05:00,6062.49,6069.53,6058.4,6058.55,398511130
2024-12-18T13:30:00-05:00,6058.53,6063.73,5935.51,5937.08,752339640
2024-12-18T15:30:00-05:00,5938.62,5944.36,5867.79,5872.17,1276932170
2024-12-19T09:30:00-05:00,5912.71,5935.52,5883.5,5914.56,992428080
2024-12-19T11:30:00-05:00,5914.33,5919.78,5879.32,5902.35,531935240
2024-12-19T13:30:00-05:00,5902.31,5918.31,5880.34,5892.19,516158840
2024-12-19T15:30:00-05:00,5892.18,5897.52,5866.07,5867.07,1064601340
2024-12-20T09:30:00-05:00,5842,5948.22,5832.3,5948.08,1277510820
2024-12-20T11:30:00-05:00,5948.26,5982.06,5947.16,5947.3,555544240
2024-12-20T13:30:00-05:00,5947.12,5964.72,5942.23,5943.91,537346690
2024-12-20T15:30:00-05:00,5943.98,5948.66,5921.04,5930.84,3221698850
2024-12-23T09:30:00-05:00,5940.25,5944.91,5902.57,5932.2,639041788
2024-12-23T11:30:00-05:00,5932.23,5958.68,5927.6,5957.54,379525610
2024-12-23T13:30:00-05:00,5957.58,5967.58,5947.82,5958.07,387741850
2024-12-23T15:30:00-05:00,5957.95,5978.25,5957.92,5974.08,747633140
2024-12-24T09:30:00-05:00,5984.63,6019.54,5981.44,6018.18,516921374
2024-12-24T11:30:00-05:00,6018.16,6040.1,6015.18,6040.05,548339140
2024-12-26T09:30:00-05:00,6024.97,6038.5,6007.37,6034.11,426603755
2024-12-26T11:30:00-05:00,6034.09,6049.75,6030.1,6041.74,262377600
2024-12-26T13:30:00-05:00,6041.8,6045.77,6032.83,6043.5,255949100
2024-12-26T15:30:00-05:00,6043.46,6045.25,6036.44,6037.58,480210530
2024-12-27T09:30:00-05:00,6006.17,6006.17,5947.7,5968.97,538180340
2024-12-27T11:30:00-05:00,5969.04,5970.86,5932.95,5949.62,300137780
2024-12-27T13:30:00-05:00,5949.73,5979.21,5948.09,5960.84,296647220
2024-12-27T15:30:00-05:00,5960.83,5977.48,5949.96,5970.85,631789060
2024-12-30T09:30:00-05:00,5903.67,5908.71,5869.16,5904.09,584061570
2024-12-30T11:30:00-05:00,5904.13,5940.79,5903.88,5929.76,340630550
2024-12-30T13:30:00-05:00,5929.77,5938.55,5919.07,5920.21,321547120
2024-12-30T15:30:00-05:00,5920.19,5929.53,5905.67,5906.95,617003920
2024-12-31T09:30:00-05:00,5921.44,5929.74,5892.56,5893.37,436342959
2024-12-31T11:30:00-05:00,5893.27,5901.8,5872.63,5874.42,310367540
2024-12-31T13:30:00-05:00,5874.43,5895.83,5868.86,5895.65,314312070
2024-12-31T15:30:00-05:00,5895.74,5897.88,5872.98,5881.62,643888880
2025-01-02T09:30:00-05:00,5903.26,5935.09,5877.45,5898.76,701110680
2025-01-02T11:30:00-05:00,5898.77,5911.31,5834.28,5846.49,413781280
2025-01-02T13:30:00-05:00,5846.59,5870.48,5829.53,5867.64,389079210
2025-01-02T15:30:00-05:00,5867.6,5876.02,5859.17,5868.56,642150810
2025-01-03T09:30:00-05:00,5891.07,5921.07,5888.66,5919.76,676913540
2025-01-03T11:30:00-05:00,5919.8,5937.85,5919.36,5937.79,350442590
2025-01-03T13:30:00-05:00,5937.89,5949.34,5934.8,5943.14,379532100
2025-01-03T15:30:00-05:00,5943.18,5944.93,5934.3,5942.46,706621320
2025-01-06T09:30:00-05:00,5982.81,6018.97,5982.81,6018.76,941219260
2025-01-06T11:30:00-05:00,6018.83,6021.04,5990.4,5997.12,462253230
2025-01-06T13:30:00-05:00,5997.2,5997.61,5964.15,5973.98,459290680
2025-01-06T15:30:00-05:00,5973.98,5977.64,5960.01,5975.37,815600930
2025-01-07T09:30:00-05:00,5993.26,6000.68,5925.51,5954.25,952027280
2025-01-07T11:30:00-05:00,5954.22,5954.92,5919.46,5945.74,414947750
2025-01-07T13:30:00-05:00,5945.72,5945.72,5900.25,5901.39,441640330
2025-01-07T15:30:00-05:00,5901.3,5911.24,5890.68,5909.02,804074040
2025-01-08T09:30:00-05:00,5910.66,5910.66,5882.64,5903.69,793897740
2025-01-08T11:30:00-05:00,5903.9,5922.03,5874.78,5914.26,455840860
2025-01-08T13:30:00-05:00,5914.19,5927.89,5893.21,5913.48,437582910
2025-01-08T15:30:00-05:00,5913.58,5921.09,5905.16,5918.26,792536670
2025-01-10T09:30:00-05:00,5890.35,5890.35,5813.62,5819.63,1070036340
2025-01-10T11:30:00-05:00,5819.6,5858.89,5807.78,5853.75,521701740
2025-01-10T13:30:00-05:00,5853.81,5866.55,5822.09,5824.93,517981070
2025-01-10T15:30:00-05:00,5825.08,5831.96,5818.79,5827.03,846336250
2025-01-13T09:30:00-05:00,5782.02,5811.99,5773.31,5791.45,903743900
2025-01-13T11:30:00-05:00,5791.49,5818.02,5778.11,5818.02,446791810
2025-01-13T13:30:00-05:00,5817.95,5830.76,5811.4,5822.1,473577050
2025-01-13T15:30:00-05:00,5822.05,5838.61,5820.22,5836.21,823120010
2025-01-14T09:30:00-05:00,5859.27,5871.92,5823.71,5831.24,748332910
2025-01-14T11:30:00-05:00,5830.5,5842.78,5805.42,5841.36,390354180
2025-01-14T13:30:00-05:00,5841.39,5858.48,5810.74,5825.92,457676430
2025-01-14T15:30:00-05:00,5825.89,5843.3,5817.16,5842.9,755263300
2025-01-15T09:30:00-05:00,5905.21,5950.75,5905.21,5931.24,866630000
2025-01-15T11:30:00-05:00,5931.29,5943.18,5916.28,5942.99,445249600
2025-01-15T13:30:00-05:00,5943.08,5960.61,5940.71,5957.65,468510060
2025-01-15T15:30:00-05:00,5957.69,5959.68,5948.68,5949.92,861253560
2025-01-16T09:30:00-05:00,5963.61,5964.69,5934.44,5954.98,789259460
2025-01-16T11:30:00-05:00,5954.86,5959.22,5939.82,5943.74,447058870
2025-01-16T13:30:00-05:00,5943.75,5954.42,5930.72,5944.24,477343710
2025-01-16T15:30:00-05:00,5944.15,5952.52,5936.1,5937.35,738794440
2025-01-17T09:30:00-05:00,5995.4,6011.95,5978.44,6008.93,1075098210
2025-01-17T11:30:00-05:00,6008.97,6014.96,5999.9,6012.12,453753890
2025-01-17T13:30:00-05:00,6012.12,6012.68,5996.48,6002.06,481520440
2025-01-17T15:30:00-05:00,6002.14,6006.72,5995.15,5996.65,896124960
2025-01-21T09:30:00-05:00,6023.72,6036.57,6006.88,6028.46,941270570
2025-01-21T11:30:00-05:00,6028.56,6050.19,6023.66,6047.05,532533960
2025-01-21T13:30:00-05:00,6047.11,6049.5,6038.3,6048.58,492554560
2025-01-21T15:30:00-05:00,6048.68,6051.51,6043.44,6049.23,957838010
2025-01-22T09:30:00-05:00,6084.04,6094.55,6076.13,6094.19,957617230
2025-01-22T11:30:00-05:00,6094.16,6100.81,6090.85,6092.08,474317660
2025-01-22T13:30:00-05:00,6092.13,6097.81,6089.08,6092.2,471455610
2025-01-22T15:30:00-05:00,6092.12,6094.61,6083.71,6086.36,917387400
2025-01-23T09:30:00-05:00,6077.97,6097.05,6074.67,6096.74,749186340
2025-01-23T11:30:00-05:00,6096.84,6104.25,6090.91,6101.12,426877910
2025-01-23T13:30:00-05:00,6101.16,6103.96,6093.98,6101.8,448725690
2025-01-23T15:30:00-05:00,6101.8,6118.73,6097.76,6118.72,758601080
2025-01-24T09:30:00-05:00,6121.43,6128.18,6111.15,6119.11,781843890
2025-01-24T11:30:00-05:00,6119.12,6123.89,6101.61,6105.23,428855950
2025-01-24T13:30:00-05:00,6105.3,6107.64,6089.66,6090.89,481473710
2025-01-24T15:30:00-05:00,6090.97,6102.47,6088.74,6101.25,743779570
2025-01-27T09:30:00-05:00,5969.04,6017.17,5962.92,5984.9,1470636410
2025-01-27T11:30:00-05:00,5984.76,6001.98,5979.52,5980.34,758848760
2025-01-27T13:30:00-05:00,5980.51,6011.27,5980.2,5993.86,748732930
2025-01-27T15:30:00-05:00,5994.2,6014.26,5991.5,6012.29,1018882900
2025-01-28T09:30:00-05:00,6026.97,6056.41,5994.63,6034.8,1157235860
2025-01-28T11:30:00-05:00,6034.65,6068.79,6030.05,6062.74,631720590
2025-01-28T13:30:00-05:00,6062.69,6074.54,6053.59,6071.93,592682050
2025-01-28T15:30:00-05:00,6071.1,6073.15,6064.48,6067.71,872504800
2025-01-29T09:30:00-05:00,6057.65,6062.83,6042.49,6045.09,845481500
2025-01-29T11:30:00-05:00,6045.13,6054.7,6017.24,6043.51,504021940
2025-01-29T13:30:00-05:00,6043.58,6057.28,6012.96,6054.26,606922880
2025-01-29T15:30:00-05:00,6054.23,6056.91,6028.41,6039.32,791175180
2025-01-30T09:30:00-05:00,6058.28,6080.59,6027.46,6049.53,1012014580
2025-01-30T11:30:00-05:00,6049.71,6064.27,6041.74,6059.81,516706450
2025-01-30T13:30:00-05:00,6059.96,6086.64,6059.78,6083.92,555551280
2025-01-30T15:30:00-05:00,6083.98,6084.07,6039.32,6071.18,903097990
2025-01-31T09:30:00-05:00,6098.22,6120.91,6091.1,6111.4,991432730
2025-01-31T11:30:00-05:00,6111.26,6117.96,6087.73,6088.2,544556730
2025-01-31T13:30:00-05:00,6088.37,6089.9,6034.48,6036.78,647025090
2025-01-31T15:30:00-05:00,6036.72,6051.96,6030.93,6040.52,1168099850
2025-02-03T09:30:00-05:00,5948.14,6011.43,5923.93,5998.6,1229295010
2025-02-03T11:30:00-05:00,5998.48,6009.39,5981.16,5996.83,548803480
2025-02-03T13:30:00-05:00,5996.84,6022.13,5994.12,6004.39,542708300
2025-02-03T15:30:00-05:00,6004.42,6009.61,5993.16,5994.58,830445710
2025-02-04T09:30:00-05:00,5995.8,6039.75,5990.87,6039.66,1026565810
2025-02-04T11:30:00-05:00,6039.49,6040.41,6014.22,6030.99,527709360
2025-02-04T13:30:00-05:00,6030.96,6042.48,6025.76,6030.48,537181170
2025-02-04T15:30:00-05:00,6030.52,6041.73,6029.81,6037.89,858874260
2025-02-05T09:30:00-05:00,6020.45,6033.3,6007.06,6032.06,1088157640
2025-02-05T11:30:00-05:00,6032.28,6051.09,6030.76,6044.99,531650360
2025-02-05T13:30:00-05:00,6044.99,6058.95,6043.62,6056.86,554281620
2025-02-05T15:30:00-05:00,6056.85,6062.86,6048.64,6061.47,864931980
2025-02-06T09:30:00-05:00,6076.81,6080.71,6061.29,6075.4,1057187140
2025-02-06T11:30:00-05:00,6075.39,6079.39,6067.46,6075.3,541869790
2025-02-06T13:30:00-05:00,6075.22,6077.04,6046.83,6066.57,563778370
2025-02-06T15:30:00-05:00,6066.64,6084.03,6065.4,6083.56,866191600
2025-02-07T09:30:00-05:00,6085.52,6101.28,6032.9,6039.97,1043635110
2025-02-07T11:30:00-05:00,6039.95,6056.41,6026.91,6052.65,539811730
2025-02-07T13:30:00-05:00,6052.71,6055.67,6019.96,6022.75,502420810
2025-02-07T15:30:00-05:00,6022.73,6031.22,6022.73,6025.98,760424650
2025-02-10T09:30:00-05:00,6046.4,6071.68,6044.84,6061.44,904314610
2025-02-10T11:30:00-05:00,6061.57,6068.68,6051.16,6065.52,452255410
2025-02-10T13:30:00-05:00,6065.52,6073.38,6064.46,6067.53,473229770
2025-02-10T15:30:00-05:00,6067.47,6068.61,6061.22,6066.45,817891760
2025-02-11T09:30:00-05:00,6043.94,6070.14,6042.34,6064.12,892817610
2025-02-11T11:30:00-05:00,6064.18,6067.22,6049.1,6058.09,526959100
2025-02-11T13:30:00-05:00,6058.07,6076.28,6057.8,6070.74,505934460
2025-02-11T15:30:00-05:00,6070.7,6073.56,6064.49,6068.49,741624640
2025-02-12T09:30:00-05:00,6013.65,6049.15,6003,6023.95,972895130
2025-02-12T11:30:00-05:00,6023.94,6063,6023.91,6053.1,497801370
2025-02-12T13:30:00-05:00,6053.25,6059.32,6043.22,6050.98,512618440
2025-02-12T15:30:00-05:00,6051.03,6053.41,6043.38,6051.98,822824260
2025-02-13T09:30:00-05:00,6060.59,6093.2,6050.95,6085.03,979551850
2025-02-13T11:30:00-05:00,6085.02,6087.45,6068.42,6079.55,501378050
2025-02-13T13:30:00-05:00,6079.67,6114.5,6072.08,6112.85,583428460
2025-02-13T15:30:00-05:00,6112.9,6116.91,6108.58,6115.08,802034240
2025-02-14T09:30:00-05:00,6117.62,6127.47,6111.27,6117.07,975141600
2025-02-14T11:30:00-05:00,6117.08,6118.84,6107.62,6115.75,447918830
2025-02-14T13:30:00-05:00,6115.52,6124.16,6112.64,6113.14,508289270
2025-02-14T15:30:00-05:00,6112.84,6118.67,6111.93,6114.62,812438800
2025-02-18T09:30:00-05:00,6123.83,6125.39,6108.94,6119.83,1011871309
2025-02-18T11:30:00-05:00,6119.84,6123.55,6111.01,6114.07,500346250
2025-02-18T13:30:00-05:00,6114.01,6115.84,6099.51,6113.2,571342720
2025-02-18T15:30:00-05:00,6113.26,6129.63,6111.51,6129.57,928557470
2025-02-19T09:30:00-05:00,6117.77,6128.98,6111.15,6127.52,898158620
2025-02-19T11:30:00-05:00,6127.61,6135.07,6122.6,6132.03,543736750
2025-02-19T13:30:00-05:00,6132.07,6147.43,6130.19,6136.11,602749850
2025-02-19T15:30:00-05:00,6136.12,6145.65,6136.12,6144.14,835964140
2025-02-20T09:30:00-05:00,6134.5,6134.5,6084.59,6096.74,1076726200
2025-02-20T11:30:00-05:00,6096.72,6105.29,6086.28,6094.17,525724480
2025-02-20T13:30:00-05:00,6094.16,6115.43,6092.87,6112.79,532058840
2025-02-20T15:30:00-05:00,6112.86,6121.72,6109.6,6117.51,803775380
2025-02-21T09:30:00-05:00,6114.1,6114.82,6071.91,6083.72,831645557
2025-02-21T11:30:00-05:00,6083.71,6088.52,6035.69,6035.86,623346340
2025-02-21T13:30:00-05:00,6035.89,6046,6008.56,6019.23,706565180
2025-02-21T15:30:00-05:00,6019.34,6022.42,6009.64,6013.12,1047134200
2025-02-24T09:30:00-05:00,6026.69,6043.65,5977.83,6014.91,1140252950
2025-02-24T11:30:00-05:00,6014.96,6031.44,6008.56,6028.08,502042940
2025-02-24T13:30:00-05:00,6028.13,6029.6,6004.36,6004.4,525672360
2025-02-24T15:30:00-05:00,6004.6,6010.55,5979.92,5983.26,1014095550
2025-02-25T09:30:00-05:00,5982.24,5992.65,5918.15,5921.55,1190259070
2025-02-25T11:30:00-05:00,5921.45,5974.64,5908.49,5950.53,646410240
2025-02-25T13:30:00-05:00,5950.61,5979.94,5943.82,5972.12,607122510
2025-02-25T15:30:00-05:00,5973.03,5973.03,5949.28,5955.26,924193080
2025-02-26T09:30:00-05:00,5970.87,6009.82,5964.71,6000.23,911288875
2025-02-26T11:30:00-05:00,6000.24,6007.81,5952.79,5953.12,558768110
2025-02-26T13:30:00-05:00,5952.92,5959.13,5932.69,5949.98,584066690
2025-02-26T15:30:00-05:00,5949.75,5965.87,5945.72,5956.07,783590470
2025-02-27T09:30:00-05:00,5981.89,5993.69,5918.04,5954.94,1151473680
2025-02-27T11:30:00-05:00,5954.88,5964.88,5927.82,5959.24,503944500
2025-02-27T13:30:00-05:00,5959.46,5962.54,5875.68,5876.36,689317440
2025-02-27T15:30:00-05:00,5876.2,5888.05,5858.78,5861.56,934872490
2025-02-28T09:30:00-05:00,5858.47,5903.49,5842.78,5873.96,1151254390
2025-02-28T11:30:00-05:00,5872.66,5895.31,5837.66,5859.87,580777540
2025-02-28T13:30:00-05:00,5859.88,5908.68,5848.62,5908.68,616325660
2025-02-28T15:30:00-05:00,5908.67,5959.4,5892.57,5954.51,1722339610
2025-03-03T09:30:00-05:00,5971.74,5986.09,5919.18,5937.18,1036654590
2025-03-03T11:30:00-05:00,5937.16,5953.48,5890.63,5892.62,630982690
2025-03-03T13:30:00-05:00,5892.61,5917.61,5819.92,5823.26,796333540
2025-03-03T15:30:00-05:00,5823.26,5851.32,5810.91,5849.71,1026937980
2025-03-04T09:30:00-05:00,5802.48,5810.71,5732.59,5740.77,1519538050
2025-03-04T11:30:00-05:00,5740.39,5811.46,5740.34,5786.86,806905810
2025-03-04T13:30:00-05:00,5786.71,5865.08,5781.86,5851.49,761050540
2025-03-04T15:30:00-05:00,5850.9,5852.04,5759.36,5778.14,1100797800
2025-03-05T09:30:00-05:00,5779.14,5806.69,5750.49,5759.89,1013672080
2025-03-05T11:30:00-05:00,5759.73,5822.31,5742.35,5803.93,610605630
2025-03-05T13:30:00-05:00,5803.79,5860.59,5791.66,5853.63,648611070
2025-03-05T15:30:00-05:00,5852.22,5852.63,5826.53,5842.62,924525920
2025-03-06T09:30:00-05:00,5785.87,5812.08,5746.53,5797.24,956612310
2025-03-06T11:30:00-05:00,5797.02,5810.03,5721.59,5736.07,632059940
2025-03-06T13:30:00-05:00,5736.1,5759.47,5711.64,5740.77,748322040
2025-03-06T15:30:00-05:00,5740.71,5752.11,5726.73,5738.53,967518310
2025-03-07T09:30:00-05:00,5719.91,5770.48,5683.43,5685.07,1278648040
2025-03-07T11:30:00-05:00,5685.41,5751.85,5666.29,5735.66,883277280
2025-03-07T13:30:00-05:00,5735.75,5782.51,5733.56,5769.8,755337680
2025-03-07T15:30:00-05:00,5769.72,5783.01,5739.69,5770.19,939348500
2025-03-10T09:30:00-04:00,5705.37,5705.37,5638.84,5659.15,1276911780
2025-03-10T11:30:00-04:00,5659.12,5673.94,5619.52,5626.29,824397530
2025-03-10T13:30:00-04:00,5626.29,5627.11,5564.02,5605.02,909561350
2025-03-10T15:30:00-04:00,5605.25,5632.69,5599.95,5614.55,1208998700
2025-03-11T09:30:00-04:00,5601.33,5626.88,5549.08,5580.26,1372049630
2025-03-11T11:30:00-04:00,5580.4,5607.52,5528.88,5530.06,679188010
2025-03-11T13:30:00-04:00,5529.86,5636.3,5528.41,5604.3,893085160
2025-03-11T15:30:00-04:00,5604.46,5610.57,5569.6,5572.08,1031624400
2025-03-12T09:30:00-04:00,5625.91,5642.19,5546.09,5577.43,1213680690
2025-03-12T11:30:00-04:00,5577.51,5622.71,5574.97,5622.47,631806490
2025-03-12T13:30:00-04:00,5622.51,5626.9,5586.67,5605,637498670
2025-03-12T15:30:00-04:00,5605.11,5610.93,5590.93,5599.29,882232650
2025-03-13T09:30:00-04:00,5591.5,5597.78,5549.38,5550.9,1084580730
2025-03-13T11:30:00-04:00,5550.68,5556.58,5511.4,5519.15,665186680
2025-03-13T13:30:00-04:00,5517.48,5553.09,5504.65,5522.24,641181040
2025-03-13T15:30:00-04:00,5522.89,5527.6,5509.26,5521.53,898599950
2025-03-14T09:30:00-04:00,5567.3,5621.5,5566.26,5617.38,957883360
2025-03-14T11:30:00-04:00,5617.39,5634.06,5607.71,5621.46,555398860
2025-03-14T13:30:00-04:00,5621.46,5634.01,5609.69,5625.23,526731930
2025-03-14T15:30:00-04:00,5625.26,5645.27,5621.28,5638.93,896686150
2025-03-17T09:30:00-04:00,5632.95,5669.3,5631.12,5648.54,926482690
2025-03-17T11:30:00-04:00,5648.55,5666.22,5636,5664.17,480241970
2025-03-17T13:30:00-04:00,5664.38,5703.52,5663.11,5696.91,566618840
2025-03-17T15:30:00-04:00,5696.87,5699.24,5674.77,5675.11,892914100
2025-03-18T09:30:00-04:00,5654.53,5654.53,5599.87,5606.35,908409150
2025-03-18T11:30:00-04:00,5606.61,5623.26,5597.76,5611.29,516839130
2025-03-18T13:30:00-04:00,5611.42,5627.72,5603.9,5617.41,542227080
2025-03-18T15:30:00-04:00,5617.39,5620.47,5605.21,5614.65,825538040
2025-03-19T09:30:00-04:00,5632.37,5660.04,5622.2,5652.33,749999500
2025-03-19T11:30:00-04:00,5652.32,5668.93,5639.68,5639.98,440758350
2025-03-19T13:30:00-04:00,5640.01,5715.33,5633.19,5678.2,727085930
2025-03-19T15:30:00-04:00,5678.1,5699.45,5672.89,5675.3,1024108220
2025-03-20T09:30:00-04:00,5646.92,5711.15,5632.33,5695.34,790887000
2025-03-20T11:30:00-04:00,5695.46,5700.82,5652.88,5652.88,523578070
2025-03-20T13:30:00-04:00,5652.92,5670.05,5643.83,5652.37,486860770
2025-03-20T15:30:00-04:00,5652.28,5671.93,5652.28,5662.88,1010963660
2025-03-21T09:30:00-04:00,5630.73,5640.5,5603.1,5621,1093877476
2025-03-21T11:30:00-04:00,5620.89,5658.82,5611.42,5643.67,553917110
2025-03-21T13:30:00-04:00,5643.68,5661.61,5637.6,5642.46,561644330
2025-03-21T15:30:00-04:00,5642.47,5670.84,5640.03,5667.57,3681483950
2025-03-24T09:30:00-04:00,5718.08,5762.95,5718.08,5759.66,844429281
2025-03-24T11:30:00-04:00,5759.73,5766.56,5747.78,5752.76,482360940
2025-03-24T13:30:00-04:00,5752.76,5764.8,5743.68,5761.88,507857390
2025-03-24T15:30:00-04:00,5762.02,5775.14,5761.21,5767.56,998898680
2025-03-25T09:30:00-04:00,5775.96,5786.95,5763.05,5780.39,809224660
2025-03-25T11:30:00-04:00,5780.4,5780.61,5763.23,5764.36,423048680
2025-03-25T13:30:00-04:00,5764.41,5772.16,5760.42,5764.57,457015290
2025-03-25T15:30:00-04:00,5764.41,5777.52,5761.14,5776.66,916190810
2025-03-26T09:30:00-04:00,5771.66,5783.62,5742.93,5745.67,844683030
2025-03-26T11:30:00-04:00,5745.58,5749.94,5710.17,5712.36,524303640
2025-03-26T13:30:00-04:00,5712.21,5717.58,5694.41,5699.21,569516140
2025-03-26T15:30:00-04:00,5699.13,5717.93,5698.73,5712.21,827562680
2025-03-27T09:30:00-04:00,5691.7,5732.28,5670.94,5720.9,921942320
2025-03-27T11:30:00-04:00,5721.03,5721.22,5687,5690.46,517417280
2025-03-27T13:30:00-04:00,5690.38,5722.32,5687.18,5719.89,515129100
2025-03-27T15:30:00-04:00,5719.84,5719.86,5690.63,5693.32,790907700
2025-03-28T09:30:00-04:00,5676.54,5685.89,5599.64,5611.09,898049900
2025-03-28T11:30:00-04:00,5611,5619.32,5573.94,5575.04,497046830
2025-03-28T13:30:00-04:00,5575.09,5591.26,5574.06,5579.15,536561970
2025-03-28T15:30:00-04:00,5579.06,5586.55,5572.42,5580.95,857813300
2025-03-31T09:30:00-04:00,5527.91,5555.2,5488.73,5546.4,1006623082
2025-03-31T11:30:00-04:00,5546.76,5572.6,5540.75,5557.07,522358770
2025-03-31T13:30:00-04:00,5557.29,5612.44,5549.11,5595.37,584651400
2025-03-31T15:30:00-04:00,5595.36,5627.56,5593.09,5611.84,1327430130
2025-04-01T09:30:00-04:00,5592.57,5640.62,5558.52,5630.83,897712520
2025-04-01T11:30:00-04:00,5630.48,5650.57,5614.12,5615.55,504929830
2025-04-01T13:30:00-04:00,5615.6,5624.41,5583.23,5606.45,524007320
2025-04-01T15:30:00-04:00,5606.28,5636.73,5603.86,5633.06,794160360
2025-04-02T09:30:00-04:00,5580.76,5659.15,5571.48,5655.19,785779240
2025-04-02T11:30:00-04:00,5654.84,5695.31,5633.38,5682.86,564440240
2025-04-02T13:30:00-04:00,5682.73,5682.73,5632.13,5653.09,538556880
2025-04-02T15:30:00-04:00,5653.18,5677.95,5649.4,5670.98,763872130
2025-04-03T09:30:00-04:00,5492.74,5499.53,5415.66,5438.41,1777561930
2025-04-03T11:30:00-04:00,5438.3,5483.04,5437.22,5443.08,874938180
2025-04-03T13:30:00-04:00,5443.35,5457.73,5406.75,5410.81,1004647590
2025-04-03T15:30:00-04:00,5410.73,5415.92,5390.83,5396.51,1284707500
2025-04-04T09:30:00-04:00,5292.14,5292.14,5118.78,5182.92,2308193260
2025-04-04T11:30:00-04:00,5182.65,5200.92,5101.75,5129.97,1108244940
2025-04-04T13:30:00-04:00,5129.95,5174.92,5074.49,5123.23,1144513500
2025-04-04T15:30:00-04:00,5123.63,5156.55,5069.9,5074.09,1429915800
2025-04-07T09:30:00-04:00,4912.01,5246.57,4835.04,4956.25,2552136710
2025-04-07T11:30:00-04:00,4957.56,5075.22,4956.5,5073.92,1049339890
2025-04-07T13:30:00-04:00,5073.86,5120.57,5020.44,5024.45,1212968400
2025-04-07T15:30:00-04:00,5024.41,5083.79,5024.41,5062.24,1325747100
2025-04-08T09:30:00-04:00,5193.57,5267.47,5161.15,5161.15,1561064840
2025-04-08T11:30:00-04:00,5161.2,5203.28,5042,5042.6,994199910
2025-04-08T13:30:00-04:00,5042.59,5107.2,4962.32,4993.2,1052535350
2025-04-08T15:30:00-04:00,4993.36,4993.36,4910.42,4982.78,1366772000
2025-04-09T09:30:00-04:00,4961.13,5052.01,4948.43,5000.11,1499742400
2025-04-09T11:30:00-04:00,4999.99,5351.17,4966.59,5256.31,1263884100
2025-04-09T13:30:00-04:00,5260.65,5435.81,5252.28,5423.81,2072335600
2025-04-09T15:30:00-04:00,5423.79,5481.34,5415.55,5456.89,1731741800
2025-04-10T09:30:00-04:00,5341.7,5349.26,5255.11,5255.37,1354203050
2025-04-10T11:30:00-04:00,5255.41,5262.04,5115.27,5209.92,1091007320
2025-04-10T13:30:00-04:00,5210.09,5313.27,5202.24,5244.18,1044403340
2025-04-10T15:30:00-04:00,5243.75,5281.85,5201.19,5268.06,1233007800
2025-04-11T09:30:00-04:00,5255.56,5304.94,5220.77,5248.35,1195393460
2025-04-11T11:30:00-04:00,5248.06,5347.5,5242.73,5315.65,723018690
2025-04-11T13:30:00-04:00,5315.95,5381.46,5307.65,5365.29,760761220
2025-04-11T15:30:00-04:00,5365.19,5371.48,5353.93,5363.35,972801730
2025-04-14T09:30:00-04:00,5455.25,5459.46,5403.1,5403.46,1065034760
2025-04-14T11:30:00-04:00,5403.55,5416.35,5358.02,5392.41,693276080
2025-04-14T13:30:00-04:00,5391.88,5443.71,5384.12,5431.91,576488700
2025-04-14T15:30:00-04:00,5431.9,5439.55,5402.16,5405.96,869506160
2025-04-15T09:30:00-04:00,5411.99,5450.41,5401.57,5419.95,861851693
2025-04-15T11:30:00-04:00,5420.11,5433.46,5392.59,5395.75,506384890
2025-04-15T13:30:00-04:00,5395.69,5410.32,5386.44,5401.37,529554820
2025-04-15T15:30:00-04:00,5401.37,5404.95,5389.93,5396.62,781801030
2025-04-16T09:30:00-04:00,5331.99,5367.24,5314.5,5363.74,939543530
2025-04-16T11:30:00-04:00,5364.22,5364.31,5320.13,5332.9,508363710
2025-04-16T13:30:00-04:00,5332.97,5333.39,5220.79,5223.66,817864940
2025-04-16T15:30:00-04:00,5223.65,5279.03,5223.65,5275.71,1026704620
2025-04-17T09:30:00-04:00,5305.45,5308.26,5255.58,5283.65,1008927840
2025-04-17T11:30:00-04:00,5283.86,5319.93,5280.21,5293.63,610629160
2025-04-17T13:30:00-04:00,5293.69,5328.31,5283.56,5289.8,598330270
2025-04-17T15:30:00-04:00,5289.77,5301.38,5274.27,5282.69,863073030
2025-04-21T09:30:00-04:00,5228.77,5231.44,5145.02,5147.36,795352990
2025-04-21T11:30:00-04:00,5147.45,5148.21,5112.18,5115.56,538689660
2025-04-21T13:30:00-04:00,5115.55,5127.34,5101.63,5119.7,588609780
2025-04-21T15:30:00-04:00,5119.66,5164.58,5119.66,5158.19,935173570
2025-04-22T09:30:00-04:00,5214.57,5274.09,5208.04,5266.3,871625910
2025-04-22T11:30:00-04:00,5266.36,5309.61,5241.43,5243.43,664002120
2025-04-22T13:30:00-04:00,5243.39,5288.26,5234.96,5263.31,537707350
2025-04-22T15:30:00-04:00,5263.15,5291.8,5259.09,5287.77,875272120
2025-04-23T09:30:00-04:00,5395.92,5469.69,5394.22,5401.57,1305081621
2025-04-23T11:30:00-04:00,5401.79,5411.38,5357.64,5399.89,619456400
2025-04-23T13:30:00-04:00,5399.93,5405.98,5358.42,5363.77,554328740
2025-04-23T15:30:00-04:00,5363.57,5387.11,5356.17,5375.85,929353560
2025-04-24T09:30:00-04:00,5381.38,5455.97,5371.96,5441.63,998592630
2025-04-24T11:30:00-04:00,5442.86,5475.36,5437.38,5467.05,551834360
2025-04-24T13:30:00-04:00,5467.12,5485.54,5461.14,5466.74,585217270
2025-04-24T15:30:00-04:00,5466.7,5489.4,5465.36,5484.78,950981840
2025-04-25T09:30:00-04:00,5489.73,5498.47,5455.86,5482.44,970748790
2025-04-25T11:30:00-04:00,5482.34,5528.11,5475.41,5527.7,549048450
2025-04-25T13:30:00-04:00,5527.67,5527.84,5486.29,5514.41,592430670
2025-04-25T15:30:00-04:00,5514.42,5527.11,5506.15,5525.22,782150190
2025-04-28T09:30:00-04:00,5529.22,5553.66,5487.99,5489.35,894551470
2025-04-28T11:30:00-04:00,5489.23,5502.25,5469.61,5471.47,468622260
2025-04-28T13:30:00-04:00,5471.45,5525.47,5468.64,5523.41,488018730
2025-04-28T15:30:00-04:00,5523.4,5539.66,5517.44,5528.74,835788040
2025-04-29T09:30:00-04:00,5505.99,5550.21,5505.7,5540.27,875421890
2025-04-29T11:30:00-04:00,5540.27,5551.56,5523.71,5543.97,482007870
2025-04-29T13:30:00-04:00,5544.06,5571.95,5543.64,5563.44,550960530
2025-04-29T15:30:00-04:00,5563.48,5569.95,5556.63,5560.82,845833510
2025-04-30T09:30:00-04:00,5499.44,5513.95,5433.24,5507.81,1044107170
2025-04-30T11:30:00-04:00,5507.78,5518.99,5489.52,5517.19,503333190
2025-04-30T13:30:00-04:00,5517.19,5546.48,5509.04,5515.65,596919800
2025-04-30T15:30:00-04:00,5515.73,5581.84,5511.98,5569.07,1389916340
2025-05-01T09:30:00-04:00,5625.14,5658.91,5606.76,5650.38,1099517250
2025-05-01T11:30:00-04:00,5650.55,5651.64,5609.41,5630.28,577788290
2025-05-01T13:30:00-04:00,5630.38,5643.61,5617.55,5637.75,537643020
2025-05-01T15:30:00-04:00,5637.7,5639.82,5597.35,5604.13,946880940
2025-05-02T09:30:00-04:00,5645.88,5680.38,5642.28,5663.87,992998150
2025-05-02T11:30:00-04:00,5663.84,5697.78,5661.72,5685.36,579467080
2025-05-02T13:30:00-04:00,5685.36,5700.7,5679.87,5693.87,537057010
2025-05-02T15:30:00-04:00,5693.8,5695.16,5678.43,5686.66,856198860
2025-05-05T09:30:00-04:00,5655.32,5670.24,5634.48,5665.54,822571520
2025-05-05T11:30:00-04:00,5665.6,5676.82,5656.46,5669.05,436611370
2025-05-05T13:30:00-04:00,5669.06,5683.38,5663.35,5665.02,467887660
2025-05-05T15:30:00-04:00,5665.03,5670.52,5648.28,5650.37,863636640
2025-05-06T09:30:00-04:00,5596.25,5634.92,5586.04,5633.7,820626716
2025-05-06T11:30:00-04:00,5633.75,5649.58,5608.83,5613.55,493072790
2025-05-06T13:30:00-04:00,5613.54,5627.85,5600.97,5624.72,492934880
2025-05-06T15:30:00-04:00,5624.76,5630.44,5605.71,5606.9,834027550
2025-05-07T09:30:00-04:00,5614.18,5637.1,5601.1,5608.41,924812360
2025-05-07T11:30:00-04:00,5608.39,5635.16,5603.77,5630.02,528935100
2025-05-07T13:30:00-04:00,5629.99,5631.24,5578.64,5596.29,685936870
2025-05-07T15:30:00-04:00,5596.21,5654.73,5593.11,5631.27,1021088270
2025-05-08T09:30:00-04:00,5669.27,5686.72,5635.38,5679.5,959347129
2025-05-08T11:30:00-04:00,5678.91,5720.1,5673.12,5709.17,619908080
2025-05-08T13:30:00-04:00,5709.11,5710.79,5692.03,5707.18,557083200
2025-05-08T15:30:00-04:00,5707.24,5707.91,5662.56,5663.95,932503460
2025-05-09T09:30:00-04:00,5679.65,5691.69,5644.15,5661.31,774725167
2025-05-09T11:30:00-04:00,5661.34,5672.06,5646.98,5655.84,431824880
2025-05-09T13:30:00-04:00,5655.7,5674.53,5651.89,5665.59,443346550
2025-05-09T15:30:00-04:00,5665.68,5667.16,5657.41,5659.9,684707410
2025-05-12T09:30:00-04:00,5826.82,5828.96,5786.08,5804.25,1438104730
2025-05-12T11:30:00-04:00,5804.12,5839.68,5796.01,5829.37,621545450
2025-05-12T13:30:00-04:00,5829.35,5841.14,5827.54,5830.41,620541370
2025-05-12T15:30:00-04:00,5830.55,5845.37,5824.31,5844.2,1028663650
2025-05-13T09:30:00-04:00,5854.15,5896.95,5845.02,5893.92,1225129980
2025-05-13T11:30:00-04:00,5893.85,5899.99,5886.11,5899.22,660999920
2025-05-13T13:30:00-04:00,5899.19,5906.47,5891.04,5900.89,641922460
2025-05-13T15:30:00-04:00,5900.89,5906.64,5884.46,5886.54,913985940
2025-05-14T09:30:00-04:00,5896.74,5906.55,5874.62,5895.58,1178137820
2025-05-14T11:30:00-04:00,5895.18,5901.71,5872.11,5879.32,600089480
2025-05-14T13:30:00-04:00,5879.26,5897.37,5878.59,5886.49,594118960
2025-05-14T15:30:00-04:00,5886.2,5897.05,5880.3,5892.57,933590740
2025-05-15T09:30:00-04:00,5869.82,5903.28,5865.16,5898.36,1073713320
2025-05-15T11:30:00-04:00,5898.56,5924.21,5895.85,5921.95,574674080
2025-05-15T13:30:00-04:00,5922.01,5922.04,5898.53,5901.97,573308480
2025-05-15T15:30:00-04:00,5901.88,5917.92,5901.88,5916.92,850232620
2025-05-16T09:30:00-04:00,5929.09,5930.42,5907.36,5923.32,971712220
2025-05-16T11:30:00-04:00,5923.41,5946.45,5923.36,5945.31,484816970
2025-05-16T13:30:00-04:00,5945.31,5957.14,5940.39,5952.56,492811910
2025-05-16T15:30:00-04:00,5952.52,5958.62,5946.52,5958.37,894206600
2025-05-19T09:30:00-04:00,5897.68,5946.26,5895.69,5936.66,773560230
2025-05-19T11:30:00-04:00,5936.83,5968.61,5936.02,5964.34,443637620
2025-05-19T13:30:00-04:00,5964.3,5967.58,5945.5,5948.47,451028520
2025-05-19T15:30:00-04:00,5948.39,5965.12,5948.22,5963.59,749894980
2025-05-20T09:30:00-04:00,5944.66,5953.06,5933.53,5947.39,774624540
2025-05-20T11:30:00-04:00,5947.38,5950.62,5935.71,5947.3,447831920
2025-05-20T13:30:00-04:00,5947.33,5947.84,5909.26,5926.21,549146470
2025-05-20T15:30:00-04:00,5926.27,5942.06,5926.27,5940.45,703239680
2025-05-21T09:30:00-04:00,5910.18,5934.91,5899.65,5930.6,811095731
2025-05-21T11:30:00-04:00,5930.69,5938.37,5858.51,5858.94,587782910
2025-05-21T13:30:00-04:00,5859.19,5889.29,5830.91,5835.29,697941170
2025-05-21T15:30:00-04:00,5835.14,5857.99,5835.14,5844.62,912912940
2025-05-22T09:30:00-04:00,5841.26,5863.44,5825.82,5839.13,953345810
2025-05-22T11:30:00-04:00,5838.76,5867.58,5837.61,5858.67,488912530
2025-05-22T13:30:00-04:00,5858.68,5878.08,5855.43,5877.13,499476980
2025-05-22T15:30:00-04:00,5877.23,5877.65,5838.64,5842,788830280
2025-05-23T09:30:00-04:00,5781.89,5800.81,5767.41,5796.28,868481020
2025-05-23T11:30:00-04:00,5796.37,5823.66,5788.31,5823.57,455752380
2025-05-23T13:30:00-04:00,5823.4,5829.51,5806.53,5810.6,453463890
2025-05-23T15:30:00-04:00,5810.78,5821.62,5797.46,5802.83,718190730
2025-05-27T09:30:00-04:00,5854.07,5901.56,5854.07,5899.82,918085430
2025-05-27T11:30:00-04:00,5899.83,5917.96,5896.81,5913.2,508958340
2025-05-27T13:30:00-04:00,5913.27,5924.33,5911.76,5914.68,502033740
2025-05-27T15:30:00-04:00,5914.71,5921.76,5910.81,5921.53,855233790
2025-05-28T09:30:00-04:00,5925.54,5939.92,5903.87,5905.82,769776100
2025-05-28T11:30:00-04:00,5905.82,5917.42,5901.79,5914.25,427886130
2025-05-28T13:30:00-04:00,5914.27,5918.87,5892.18,5906.8,520770950
2025-05-28T15:30:00-04:00,5906.79,5907.61,5881.88,5888.56,795335970
2025-05-29T09:30:00-04:00,5939.96,5943.13,5897.45,5919.13,985519980
2025-05-29T11:30:00-04:00,5919.12,5919.6,5873.8,5905.33,523642630
2025-05-29T13:30:00-04:00,5905.38,5909.33,5888.12,5900.74,542088030
2025-05-29T15:30:00-04:00,5900.75,5917.78,5900.75,5912.18,754374500
2025-05-30T09:30:00-04:00,5903.67,5910.24,5875.4,5902.66,834352533
2025-05-30T11:30:00-04:00,5902.63,5904.74,5843.66,5869.59,629985620
2025-05-30T13:30:00-04:00,5869.64,5919.96,5867.12,5917.34,574706410
2025-05-30T15:30:00-04:00,5917.34,5922.14,5904.18,5911.68,2250152860
2025-06-02T09:30:00-04:00,5896.68,5908.01,5861.43,5895.77,954000000
2025-06-02T11:30:00-04:00,5895.97,5916.2,5892.24,5909.1,486586310
2025-06-02T13:30:00-04:00,5909.11,5936.94,5905.61,5934.07,496489900
2025-06-02T15:30:00-04:00,5934.23,5937.4,5927.17,5935.95,724484910
2025-06-03T09:30:00-04:00,5938.56,5961.66,5929,5959.56,945066900
2025-06-03T11:30:00-04:00,5959.86,5981.35,5959.17,5978.16,515083650
2025-06-03T13:30:00-04:00,5978.19,5980.39,5959.26,5972.72,545826030
2025-06-03T15:30:00-04:00,5972.75,5975.24,5963.22,5970.36,866159130
2025-06-04T09:30:00-04:00,5978.94,5990.48,5966.11,5980.56,908998570
2025-06-04T11:30:00-04:00,5980.49,5984.66,5968.87,5983.46,468901260
2025-06-04T13:30:00-04:00,5983.49,5989.61,5977.87,5980.57,476945730
2025-06-04T15:30:00-04:00,5980.66,5982.54,5970.52,5970.82,762879030
2025-06-05T09:30:00-04:00,5985.67,5996.89,5949.36,5996.35,897122640
2025-06-05T11:30:00-04:00,5996.48,5999.7,5953.34,5974.62,611395200
2025-06-05T13:30:00-04:00,5974.63,5979.41,5921.2,5933.8,685265890
2025-06-05T15:30:00-04:00,5933.86,5956.51,5932.6,5939.29,853095170
2025-06-06T09:30:00-04:00,5987.06,6016.87,5982.9,5994.14,878705420
2025-06-06T11:30:00-04:00,5994.17,6003.49,5978.63,5991.82,429488790
2025-06-06T13:30:00-04:00,5991.86,6013.1,5991.86,6002.99,458487060
2025-06-06T15:30:00-04:00,6002.95,6007.53,5999.49,6000.37,729045810
2025-06-09T09:30:00-04:00,6004.63,6012.37,5994.18,6001.2,925496170
2025-06-09T11:30:00-04:00,6001.18,6019.84,6001.18,6017.06,533166620
2025-06-09T13:30:00-04:00,6017.15,6021.31,6012.64,6014.07,498209630
2025-06-09T15:30:00-04:00,6014.05,6016.11,6004.19,6005.89,805132980
2025-06-10T09:30:00-04:00,6009.91,6024.86,6009.91,6020.45,943257190
2025-06-10T11:30:00-04:00,6020.45,6035.83,6000.28,6027.7,542062500
2025-06-10T13:30:00-04:00,6027.7,6043.01,6011.4,6035.49,601832700
2025-06-10T15:30:00-04:00,6035.54,6040.44,6025.49,6038.8,802703510
2025-06-11T09:30:00-04:00,6049.38,6059.4,6031.81,6051.34,959135900
2025-06-11T11:30:00-04:00,6051.32,6052.91,6028.81,6052.08,500729380
2025-06-11T13:30:00-04:00,6052.13,6052.88,6002.32,6013.99,637972670
2025-06-11T15:30:00-04:00,6014.05,6023.8,6006.77,6022.25,816111650
2025-06-12T09:30:00-04:00,6009.9,6044.67,6003.88,6032.67,849454670
2025-06-12T11:30:00-04:00,6032.72,6041.9,6026.79,6037.96,513132250
2025-06-12T13:30:00-04:00,6038.02,6044.22,6033.8,6041.62,460352010
2025-06-12T15:30:00-04:00,6041.63,6045.43,6033.13,6045.25,722511050
2025-06-13T09:30:00-04:00,6000.56,6013.9,5974.65,6013.54,979752230
2025-06-13T11:30:00-04:00,6013.61,6026.16,6000.58,6003.77,492968650
2025-06-13T13:30:00-04:00,6003.78,6010.23,5964.26,5970.87,607805140
2025-06-13T15:30:00-04:00,5970.9,5979.79,5963.21,5976.96,848827680
2025-06-16T09:30:00-04:00,6010.93,6050.83,6009.43,6040.17,915667054
2025-06-16T11:30:00-04:00,6040.39,6044.81,6030.41,6040.31,488898510
2025-06-16T13:30:00-04:00,6040.38,6043.22,6023.41,6027.06,493910130
2025-06-16T15:30:00-04:00,6027.1,6034.39,6024.82,6033.12,833585290
2025-06-17T09:30:00-04:00,6012.15,6023.25,6005.82,6011.67,857089960
2025-06-17T11:30:00-04:00,6011.74,6022.57,5996.86,5996.86,504954180
2025-06-17T13:30:00-04:00,5996.82,6005.12,5974.8,5988.84,554528940
2025-06-17T15:30:00-04:00,5988.85,5990.77,5980.25,5982.73,835186420
2025-06-18T09:30:00-04:00,5987.28,6018.25,5980.68,6007.48,785774240
2025-06-18T11:30:00-04:00,6007.49,6011.16,5994.76,5994.76,492727050
2025-06-18T13:30:00-04:00,5994.77,6014.54,5971.89,5975.8,632744720
2025-06-18T15:30:00-04:00,5975.83,5993.71,5973.53,5980.86,982608490
2025-06-20T09:30:00-04:00,5999.67,6018.2,5959.18,5974.75,1161237289
2025-06-20T11:30:00-04:00,5974.94,5987.33,5959.65,5959.67,513275650
2025-06-20T13:30:00-04:00,5959.67,5976.47,5952.56,5958.38,509267280
2025-06-20T15:30:00-04:00,5958.45,5973.25,5957.19,5967.85,2386023920
2025-06-23T09:30:00-04:00,5970.3,6005.58,5958.16,5988.03,966746930
2025-06-23T11:30:00-04:00,5988.16,6002.56,5943.23,6000.77,657305260
2025-06-23T13:30:00-04:00,6000.95,6017.2,6000.95,6016.06,582918720
2025-06-23T15:30:00-04:00,6016.07,6028.77,6012.93,6025.16,935783090
2025-06-24T09:30:00-04:00,6064.68,6081.62,6059.25,6081.42,1087355860
2025-06-24T11:30:00-04:00,6081.4,6095.37,6080.54,6087.32,532503100
2025-06-24T13:30:00-04:00,6087.36,6100.24,6087.3,6098.75,531998560
2025-06-24T15:30:00-04:00,6098.56,6101.76,6092.19,6092.19,1064129880
2025-06-25T09:30:00-04:00,6104.23,6108.51,6092.18,6095.18,898235699
2025-06-25T11:30:00-04:00,6095.18,6096.24,6086.26,6093.82,478641980
2025-06-25T13:30:00-04:00,6093.79,6097.19,6080.09,6094.04,530703530
2025-06-25T15:30:00-04:00,6094.08,6094.5,6087.59,6092.15,817681920
2025-06-26T09:30:00-04:00,6114.91,6132.31,6107.27,6124.68,996457500
2025-06-26T11:30:00-04:00,6124.79,6136.16,6122.11,6135.34,527009140
2025-06-26T13:30:00-04:00,6135.29,6144.66,6134.82,6140.14,574038830
2025-06-26T15:30:00-04:00,6140.11,6146.52,6136.14,6141.01,877590830
2025-06-27T09:30:00-04:00,6151.04,6178.8,6151.04,6176.84,990768620
2025-06-27T11:30:00-04:00,6176.9,6187.68,6176.53,6177.34,563870560
2025-06-27T13:30:00-04:00,6177.38,6179.26,6132.35,6147.56,671851640
2025-06-27T15:30:00-04:00,6147.58,6174.65,6147.58,6173.08,1950775080
2025-06-30T09:30:00-04:00,6192.62,6195.34,6179.83,6184.55,968819260
2025-06-30T11:30:00-04:00,6184.64,6194.01,6183.82,6187.96,491263030
2025-06-30T13:30:00-04:00,6188.03,6205.26,6174.97,6202.31,561167590
2025-06-30T15:30:00-04:00,6202.08,6215.08,6197.41,6204.94,1193280320
2025-07-01T09:30:00-04:00,6185.38,6203.21,6177.97,6195.87,1182326770
2025-07-01T11:30:00-04:00,6195.77,6205.29,6183.54,6203.48,785376660
2025-07-01T13:30:00-04:00,6203.46,6210.78,6190.3,6206.11,600913110
2025-07-01T15:30:00-04:00,6206.1,6209.51,6197.3,6198.02,900225960
2025-07-02T09:30:00-04:00,6194.74,6214.63,6188.29,6210.93,1133170480
2025-07-02T11:30:00-04:00,6210.88,6219.2,6210.53,6217.39,545035530
2025-07-02T13:30:00-04:00,6217.42,6224.61,6215.44,6220.47,535721080
2025-07-02T15:30:00-04:00,6220.42,6227.6,6218.86,6227.41,852052410
2025-07-03T09:30:00-04:00,6248.28,6279.69,6248.27,6276.58,934607110
2025-07-03T11:30:00-04:00,6276.5,6284.65,6271.34,6279.36,856094950
2025-07-07T09:30:00-04:00,6259.04,6262.07,6237.76,6242.77,853439420
2025-07-07T11:30:00-04:00,6242.61,6244.67,6215.25,6223.58,510543000
2025-07-07T13:30:00-04:00,6223.58,6234.94,6201,6216.79,496438060
2025-07-07T15:30:00-04:00,6216.73,6230.36,6216.28,6229.99,788505060
2025-07-08T09:30:00-04:00,6231.87,6238.45,6217.75,6221.75,974196020
2025-07-08T11:30:00-04:00,6221.73,6242.7,6220.89,6230,540570720
2025-07-08T13:30:00-04:00,6230.07,6234.76,6223.3,6226.87,510323600
2025-07-08T15:30:00-04:00,6226.85,6228.38,6221.71,6225.51,892270560
2025-07-09T09:30:00-04:00,6249.15,6269.16,6231.43,6243.02,949365300
2025-07-09T11:30:00-04:00,6243.06,6248.63,6236.05,6245.45,459375770
2025-07-09T13:30:00-04:00,6245.45,6259.72,6242.94,6257.84,503900650
2025-07-09T15:30:00-04:00,6257.89,6263.84,6256.45,6263.25,844997380
2025-07-10T09:30:00-04:00,6265.75,6276.85,6251.44,6276.65,976232470
2025-07-10T11:30:00-04:00,6276.45,6284.03,6271.74,6282.59,486341530
2025-07-10T13:30:00-04:00,6282.65,6290.22,6282.61,6283.48,515619890
2025-07-10T15:30:00-04:00,6283.45,6287.86,6274.1,6280.47,793350410
2025-07-11T09:30:00-04:00,6249.95,6265.45,6237.6,6254.65,828902370
2025-07-11T11:30:00-04:00,6254.84,6267.04,6253.24,6265.46,462826810
2025-07-11T13:30:00-04:00,6265.5,6269.44,6253.27,6265.97,524837870
2025-07-11T15:30:00-04:00,6266.01,6266.86,6256.73,6259.74,746453850
2025-07-14T09:30:00-04:00,6252.94,6262.41,6239.22,6262.41,928606470
2025-07-14T11:30:00-04:00,6262.3,6270.74,6258.18,6268.84,467996040
2025-07-14T13:30:00-04:00,6268.88,6273.31,6265.95,6268.58,497079560
2025-07-14T15:30:00-04:00,6268.66,6270.79,6264.79,6268.55,751501110
2025-07-15T09:30:00-04:00,6297.62,6302.04,6259.14,6272.42,1054424930
2025-07-15T11:30:00-04:00,6272.37,6274.57,6250.98,6259.46,534272230
2025-07-15T13:30:00-04:00,6259.42,6269.63,6251.6,6254.04,590073370
2025-07-15T15:30:00-04:00,6254.09,6258.5,6241.68,6243.77,896867970
2025-07-16T09:30:00-04:00,6258.52,6261.6,6216.61,6234.34,988490140
2025-07-16T11:30:00-04:00,6234.13,6258.14,6201.59,6251.89,562978780
2025-07-16T13:30:00-04:00,6251.79,6265.71,6248.26,6262.39,501183070
2025-07-16T15:30:00-04:00,6262.49,6268.12,6260.1,6263.71,835877010
2025-07-17T09:30:00-04:00,6262.27,6288.26,6262.27,6287.8,929068418
2025-07-17T11:30:00-04:00,6287.76,6296.12,6286.32,6291.25,556038130
2025-07-17T13:30:00-04:00,6291.33,6304.69,6291.15,6300.38,568186150
2025-07-17T15:30:00-04:00,6300.51,6303.53,6296.87,6297.35,885449760
2025-07-18T09:30:00-04:00,6313.96,6314.96,6289.57,6296.44,1073307260
2025-07-18T11:30:00-04:00,6296.47,6302.02,6285.27,6289.83,528317990
2025-07-18T13:30:00-04:00,6289.94,6296.42,6288.18,6294.16,515820050
2025-07-18T15:30:00-04:00,6294.19,6298.15,6290.56,6296.78,857633200
2025-07-21T09:30:00-04:00,6306.67,6335.14,6306.67,6333.51,828250279
2025-07-21T11:30:00-04:00,6333.71,6336.08,6326.56,6334.93,472705720
2025-07-21T13:30:00-04:00,6334.92,6336.05,6312.67,6314.85,494058650
2025-07-21T15:30:00-04:00,6314.92,6317.33,6303.79,6305.59,741636110
2025-07-22T09:30:00-04:00,6309.45,6312.74,6281.71,6296.97,964456541
2025-07-22T11:30:00-04:00,6296.91,6311.55,6291.2,6310.85,555977390
2025-07-22T13:30:00-04:00,6310.88,6315.4,6296.99,6312.77,558711140
2025-07-22T15:30:00-04:00,6312.82,6316.12,6308.79,6309.63,813393600
2025-07-23T09:30:00-04:00,6326.9,6335.68,6317.49,6328.52,1046799880
2025-07-23T11:30:00-04:00,6328.57,6347.09,6325.47,6341.61,616993710
2025-07-23T13:30:00-04:00,6341.62,6356.86,6339.13,6353.98,624245590
2025-07-23T15:30:00-04:00,6354.04,6360.64,6350.28,6358.9,866465820
2025-07-24T09:30:00-04:00,6368.6,6379.54,6360.57,6375.45,1176265720
2025-07-24T11:30:00-04:00,6375.52,6379.66,6363.56,6373.98,612350130
2025-07-24T13:30:00-04:00,6374,6381.31,6368.28,6375.05,619544060
2025-07-24T15:30:00-04:00,6375,6375.82,6363.17,6363.36,877349590
2025-07-25T09:30:00-04:00,6370.01,6381.47,6368.53,6380.71,1067755980
2025-07-25T11:30:00-04:00,6380.72,6391.2,6376.49,6390.81,565285430
2025-07-25T13:30:00-04:00,6390.79,6395.82,6389.84,6393.4,543079160
2025-07-25T15:30:00-04:00,6393.39,6394.75,6386.25,6388.65,773086730
2025-07-28T09:30:00-04:00,6397.69,6401.07,6383.76,6391.08,903028715
2025-07-28T11:30:00-04:00,6391.14,6396.32,6382.35,6383.24,493761880
2025-07-28T13:30:00-04:00,6383.14,6387.39,6375.79,6380.39,534374450
2025-07-28T15:30:00-04:00,6380.42,6390.1,6378.34,6389.76,828853750
2025-07-29T09:30:00-04:00,6408.08,6409.26,6372.15,6372.85,1124482690
2025-07-29T11:30:00-04:00,6372.71,6386,6367.43,6382.45,585762960
2025-07-29T13:30:00-04:00,6382.48,6384.01,6370.1,6371.16,571522990
2025-07-29T15:30:00-04:00,6371.22,6372.93,6363.92,6370.87,896832360
2025-07-30T09:30:00-04:00,6377.94,6387.8,6370.62,6373.39,939595810
2025-07-30T11:30:00-04:00,6373.48,6387.1,6371.46,6382.45,515180600
2025-07-30T13:30:00-04:00,6382.48,6396.54,6336.38,6340.59,800135570
2025-07-30T15:30:00-04:00,6341.05,6366.1,6337.01,6362.89,990118220
2025-07-31T09:30:00-04:00,6427.02,6427.02,6371.01,6382.27,1252863300
2025-07-31T11:30:00-04:00,6382.14,6403.33,6364.23,6368.01,630219020
2025-07-31T13:30:00-04:00,6368.04,6376.02,6334.62,6347.51,735976810
2025-07-31T15:30:00-04:00,6348.47,6356.09,6327.64,6339.38,1303735870
2025-08-01T09:30:00-04:00,6277.22,6279,6214.43,6234.24,1309572150
2025-08-01T11:30:00-04:00,6234.24,6268.64,6222.85,6224.37,665943240
2025-08-01T13:30:00-04:00,6224.1,6249.77,6212.69,6237.21,670793360
2025-08-01T15:30:00-04:00,6237.27,6251.85,6228.75,6238,872567250
2025-08-04T09:30:00-04:00,6276.63,6315.1,6275.4,6309.96,903974810
2025-08-04T11:30:00-04:00,6309.94,6324.49,6305.54,6322.38,514249320
2025-08-04T13:30:00-04:00,6322.55,6325.91,6313.9,6321.69,555105870
2025-08-04T15:30:00-04:00,6321.74,6330.69,6318.17,6329.93,896361100
2025-08-05T09:30:00-04:00,6337.43,6346,6289.37,6298.4,999811960
2025-08-05T11:30:00-04:00,6298.72,6317.07,6291.06,6316.22,541793040
2025-08-05T13:30:00-04:00,6316.26,6322.31,6297.89,6308.86,551752270
2025-08-05T15:30:00-04:00,6308.93,6309.46,6297.57,6299.2,910179070
2025-08-06T09:30:00-04:00,6309.86,6339.97,6301.11,6338.93,1077950860
2025-08-06T11:30:00-04:00,6338.88,6348.33,6331.79,6342.13,579788780
2025-08-06T13:30:00-04:00,6342.2,6350.75,6339,6349,599029600
2025-08-06T15:30:00-04:00,6348.98,6352.83,6343.19,6345.05,949175360
2025-08-07T09:30:00-04:00,6379.43,6389.71,6337.15,6338.8,1111750110
2025-08-07T11:30:00-04:00,6338.88,6344.85,6319.45,6319.45,596526590
2025-08-07T13:30:00-04:00,6319.47,6329.45,6310.32,6321.89,562636610
2025-08-07T15:30:00-04:00,6322.4,6341.57,6322.06,6339.99,767422290
2025-08-08T09:30:00-04:00,6355.22,6388.95,6355.22,6378.99,940264640
2025-08-08T11:30:00-04:00,6378.93,6391.33,6367.97,6382.44,566710510
2025-08-08T13:30:00-04:00,6382.53,6395.16,6382.38,6391.01,524939230
2025-08-08T15:30:00-04:00,6390.94,6390.94,6379.4,6389.44,736145720
2025-08-11T09:30:00-04:00,6392.27,6397.94,6383.79,6388.75,981016660
2025-08-11T11:30:00-04:00,6388.79,6407.25,6385.94,6389.61,495407010
2025-08-11T13:30:00-04:00,6389.55,6391.87,6374.31,6380.6,496322250
2025-08-11T15:30:00-04:00,6380.76,6381.47,6364.06,6373.46,806509080
2025-08-12T09:30:00-04:00,6399.42,6428.75,6385.76,6422.27,942509970
2025-08-12T11:30:00-04:00,6422.39,6438.14,6420.58,6433.11,505958070
2025-08-12T13:30:00-04:00,6433.17,6444.25,6432.36,6441.23,514737670
2025-08-12T15:30:00-04:00,6441.26,6446.55,6437.86,6445.75,867450590
2025-08-13T09:30:00-04:00,6467.58,6480.28,6447.99,6454.52,1032876980
2025-08-13T11:30:00-04:00,6454.33,6460.18,6445.02,6454.27,581031490
2025-08-13T13:30:00-04:00,6454.3,6464.67,6445.99,6460.76,563750480
2025-08-13T15:30:00-04:00,6460.73,6468.22,6457.02,6466.59,839497950
2025-08-14T09:30:00-04:00,6447.48,6473.92,6441.07,6451.37,885874160
2025-08-14T11:30:00-04:00,6451.2,6468.13,6444.99,6467.92,503927020
2025-08-14T13:30:00-04:00,6467.89,6472.08,6456.75,6467.56,507623900
2025-08-14T15:30:00-04:00,6467.54,6473.55,6465.79,6468.53,788888320
2025-08-15T09:30:00-04:00,6481.34,6481.34,6448.97,6451.35,1093250320
2025-08-15T11:30:00-04:00,6451.39,6459.08,6441.85,6457.9,564970460
2025-08-15T13:30:00-04:00,6457.97,6464.78,6450.32,6454.27,521961980
2025-08-15T15:30:00-04:00,6454.3,6456.9,6447.51,6449.79,873734040
2025-08-18T09:30:00-04:00,6444.08,6455.35,6439.68,6442.99,814996440
2025-08-18T11:30:00-04:00,6443.09,6449.1,6437.7,6447.22,479000000
2025-08-18T13:30:00-04:00,6447.26,6453.58,6440.57,6447.95,459553420
2025-08-18T15:30:00-04:00,6447.94,6454.12,6447,6449.16,776354140
2025-08-19T09:30:00-04:00,6445.33,6456.48,6420.66,6430.93,1017628330
2025-08-19T11:30:00-04:00,6430.96,6434.08,6403.39,6412.67,531005610
2025-08-19T13:30:00-04:00,6412.62,6416.24,6400.22,6406.96,519816610
2025-08-19T15:30:00-04:00,6407.06,6413.01,6402.58,6411.36,772189550
2025-08-20T09:30:00-04:00,6408.4,6408.4,6343.86,6378.54,1141416790
2025-08-20T11:30:00-04:00,6378.41,6389.35,6362.15,6380.29,540990320
2025-08-20T13:30:00-04:00,6380.36,6403.37,6367.77,6397.96,511295080
2025-08-20T15:30:00-04:00,6398.09,6405.09,6393.48,6395.79,779818010
2025-08-21T09:30:00-04:00,6380.83,6393.65,6357.79,6381.25,786794780
2025-08-21T11:30:00-04:00,6381.26,6389.66,6352.71,6358.02,444407670
2025-08-21T13:30:00-04:00,6358.02,6379.04,6357.59,6373.37,425725090
2025-08-21T15:30:00-04:00,6373.45,6373.47,6365.54,6370.18,672282010
2025-08-22T09:30:00-04:00,6384.59,6477.08,6384.59,6473.6,1071967230
2025-08-22T11:30:00-04:00,6473.81,6478.89,6457.34,6476,563808460
2025-08-22T13:30:00-04:00,6475.92,6477.99,6464.57,6464.77,565754630
2025-08-22T15:30:00-04:00,6464.68,6468.61,6457.15,6466.92,769659880
2025-08-25T09:30:00-04:00,6455.26,6464.77,6448.04,6463.66,823015920
2025-08-25T11:30:00-04:00,6463.69,6466.89,6458.29,6460.32,454878350
2025-08-25T13:30:00-04:00,6460.35,6461.78,6450.36,6451.04,466287260
2025-08-25T15:30:00-04:00,6450.99,6452.11,6438.06,6439.31,703456930
2025-08-26T09:30:00-04:00,6435.49,6446.95,6429.21,6437.93,702704534
2025-08-26T11:30:00-04:00,6437.99,6448.97,6436.72,6448.48,434324730
2025-08-26T13:30:00-04:00,6448.38,6460.17,6438.31,6459.07,450599750
2025-08-26T15:30:00-04:00,6459.06,6468.37,6452.5,6465.95,1368484120
2025-08-27T09:30:00-04:00,6462.26,6479.33,6457.84,6476.91,761598640
2025-08-27T11:30:00-04:00,6476.97,6480.69,6468.1,6478.16,474248650
2025-08-27T13:30:00-04:00,6478.14,6487.03,6472.63,6480.21,480591650
2025-08-27T15:30:00-04:00,6480.27,6487.06,6480.27,6481.41,1041951860
2025-08-28T09:30:00-04:00,6483.9,6495.44,6466.96,6476.39,879140400
2025-08-28T11:30:00-04:00,6476.29,6497.35,6476.29,6494.97,410192890
2025-08-28T13:30:00-04:00,6494.96,6505.89,6494.96,6502.94,445070110
2025-08-28T15:30:00-04:00,6503.01,6508.23,6501.03,6501.85,777943200
2025-08-29T09:30:00-04:00,6489.67,6491.26,6444.57,6457,791088900
2025-08-29T11:30:00-04:00,6457.04,6462.87,6447.82,6452.25,407427440
2025-08-29T13:30:00-04:00,6452.39,6462.72,6451.33,6458.47,415966500
2025-08-29T15:30:00-04:00,6458.5,6463.88,6450.44,6460.25,857303010
2025-09-02T09:30:00-04:00,6382.93,6412.01,6369.57,6377.25,880956695
2025-09-02T11:30:00-04:00,6377.22,6389.52,6360.58,6387.69,503094290
2025-09-02T13:30:00-04:00,6387.64,6404.13,6385.09,6402.58,487317020
2025-09-02T15:30:00-04:00,6402.62,6416.54,6402.1,6415.53,811452550
2025-09-03T09:30:00-04:00,6445.82,6453.67,6428.1,6435.69,900044460
2025-09-03T11:30:00-04:00,6435.79,6442.55,6426.06,6434.08,486138210
2025-09-03T13:30:00-04:00,6433.91,6435.37,6416.17,6421.76,503752370
2025-09-03T15:30:00-04:00,6421.71,6448.28,6421.71,6448.27,855384360
2025-09-04T09:30:00-04:00,6458.58,6475.54,6445.98,6473.53,866158050
2025-09-04T11:30:00-04:00,6473.47,6480.39,6469.33,6479.53,494879740
2025-09-04T13:30:00-04:00,6479.5,6493.27,6477.17,6490.48,509206030
2025-09-04T15:30:00-04:00,6490.45,6502.54,6489.54,6502.09,767559420
2025-09-05T09:30:00-04:00,6529.08,6532.65,6443.98,6472.88,1170315650
2025-09-05T11:30:00-04:00,6473.1,6479.7,6463.37,6469.12,501476610
2025-09-05T13:30:00-04:00,6469.21,6484.26,6457.26,6481.97,627339920
2025-09-05T15:30:00-04:00,6482.04,6482.23,6472.41,6481.51,806083530
2025-09-08T09:30:00-04:00,6495.8,6508.1,6487.73,6507.95,1000046490
2025-09-08T11:30:00-04:00,6507.99,6508.67,6488.62,6495.02,497844570
2025-09-08T13:30:00-04:00,6495.09,6496.54,6483.29,6485.68,532716360
2025-09-08T15:30:00-04:00,6485.99,6496.83,6484.85,6495.16,819618080
2025-09-09T09:30:00-04:00,6503.33,6507.1,6483.08,6497.94,807312900
2025-09-09T11:30:00-04:00,6497.75,6508.05,6490.6,6505.85,505433680
2025-09-09T13:30:00-04:00,6505.81,6511.32,6504.67,6510.63,536160380
2025-09-09T15:30:00-04:00,6510.72,6518.23,6506.7,6512.62,778723420
2025-09-10T09:30:00-04:00,6550.29,6555.97,6534.27,6538.03,1119017600
2025-09-10T11:30:00-04:00,6538.23,6546.31,6531.4,6532.76,574879600
2025-09-10T13:30:00-04:00,6532.75,6537.17,6516.34,6518.4,594603310
2025-09-10T15:30:00-04:00,6518.44,6536.7,6517.12,6532.03,825022290
2025-09-11T09:30:00-04:00,6555.69,6585.42,6545.8,6583.98,983414510
2025-09-11T11:30:00-04:00,6584.04,6587.08,6576.84,6581.24,531293320
2025-09-11T13:30:00-04:00,6581.14,6587.79,6580.08,6587.3,779371690
2025-09-11T15:30:00-04:00,6587.28,6592.89,6585.89,6587.48,886479080
2025-09-12T09:30:00-04:00,6588.22,6594.22,6580.48,6586.28,960963220
2025-09-12T11:30:00-04:00,6586.26,6592.44,6582.12,6590.73,586016110
2025-09-12T13:30:00-04:00,6590.69,6600.21,6588.52,6591.47,563855410
2025-09-12T15:30:00-04:00,6591.46,6593.47,6579.49,6584.28,791108760
2025-09-15T09:30:00-04:00,6606.58,6619.62,6602.49,6612.56,867087355
2025-09-15T11:30:00-04:00,6612.52,6617.83,6604.17,6606.1,532784960
2025-09-15T13:30:00-04:00,6606.15,6614.88,6602.07,6609.08,543819520
2025-09-15T15:30:00-04:00,6609.06,6616.59,6606.16,6615.29,780889700
2025-09-16T09:30:00-04:00,6626.99,6626.99,6602.17,6604.28,834935850
2025-09-16T11:30:00-04:00,6604.41,6612.49,6600.11,6610.69,494202560
2025-09-16T13:30:00-04:00,6610.68,6615.63,6607.19,6609.26,525306820
2025-09-16T15:30:00-04:00,6609.25,6614.71,6605.37,6606.77,919409530
2025-09-17T09:30:00-04:00,6607.64,6613.71,6596.93,6597.43,768072832
2025-09-17T11:30:00-04:00,6597.39,6601.33,6589.22,6594.42,461069120
2025-09-17T13:30:00-04:00,6594.41,6624.39,6551.15,6610.64,808231950
2025-09-17T15:30:00-04:00,6610.71,6612.8,6593.62,6600.36,852856270
2025-09-18T09:30:00-04:00,6630.03,6656.8,6611.89,6641.24,1220549350
2025-09-18T11:30:00-04:00,6641.25,6650.53,6630.89,6641.87,577040020
2025-09-18T13:30:00-04:00,6641.82,6643.28,6632.49,6635.39,619706060
2025-09-18T15:30:00-04:00,6635.37,6638.33,6627.91,6631.95,995246770
2025-09-19T09:30:00-04:00,6652.89,6653.94,6632.73,6634.12,1311634080
2025-09-19T11:30:00-04:00,6634.08,6653.98,6630.31,6651.12,556740900
2025-09-19T13:30:00-04:00,6651.08,6666.5,6649.79,6664.37,588022200
2025-09-19T15:30:00-04:00,6664.38,6671.82,6660.12,6664.37,2936472160
2025-09-22T09:30:00-04:00,6650.26,6679.36,6648.07,6676.01,928456630
2025-09-22T11:30:00-04:00,6676.05,6691.99,6671.45,6691.59,705214100
2025-09-22T13:30:00-04:00,6691.56,6698.78,6687.24,6697.96,574504170
2025-09-22T15:30:00-04:00,6697.92,6698.88,6693.74,6693.74,965745640
2025-09-23T09:30:00-04:00,6692.44,6699.52,6686.72,6687.94,933625420
2025-09-23T11:30:00-04:00,6687.91,6688.35,6663.69,6663.82,541356930
2025-09-23T13:30:00-04:00,6663.88,6664.19,6645.58,6649.47,620469190
2025-09-23T15:30:00-04:00,6649.63,6661.58,6648.96,6656.93,935628260
2025-09-24T09:30:00-04:00,6669.79,6672.66,6649.49,6652.94,879127180
2025-09-24T11:30:00-04:00,6652.83,6653.03,6621.76,6639.47,578895720
2025-09-24T13:30:00-04:00,6639.51,6643.59,6625.76,6633.56,522755850
2025-09-24T15:30:00-04:00,6633.7,6639.37,6630.72,6637.98,956118150
2025-09-25T09:30:00-04:00,6600.88,6617.01,6575.04,6600.49,1129733160
2025-09-25T11:30:00-04:00,6600.39,6619,6592.22,6598.79,589743710
2025-09-25T13:30:00-04:00,6598.79,6607.19,6569.22,6599.87,655398070
2025-09-25T15:30:00-04:00,6599.92,6607.85,6596.42,6604.73,869586760
2025-09-26T09:30:00-04:00,6615.38,6648.97,6604.43,6624.55,957891780
2025-09-26T11:30:00-04:00,6624.5,6643.02,6611.04,6641.75,559998830
2025-09-26T13:30:00-04:00,6641.77,6646.89,6633.75,6641.82,536578820
2025-09-26T15:30:00-04:00,6641.85,6644.78,6637.27,6643.71,794410970
2025-09-29T09:30:00-04:00,6668.14,6677.31,6658.32,6661.47,1012843030
2025-09-29T11:30:00-04:00,6661.46,6663.31,6649.36,6650.89,543419050
2025-09-29T13:30:00-04:00,6650.94,6661.35,6644.49,6651.35,578583670
2025-09-29T15:30:00-04:00,6651.51,6663.22,6651.47,6661.2,877509950
2025-09-30T09:30:00-04:00,6657.17,6661.57,6641,6646.77,1040852760
2025-09-30T11:30:00-04:00,6646.45,6665.15,6642.71,6645.98,610718520
2025-09-30T13:30:00-04:00,6645.94,6679.97,6642.88,6678.8,606523510
2025-09-30T15:30:00-04:00,6678.94,6691.25,6673.75,6688.47,1174144810
2025-10-01T09:30:00-04:00,6659.41,6689.65,6656.2,6688.56,1129961150
2025-10-01T11:30:00-04:00,6688.51,6705.82,6688.37,6704.42,616220460
2025-10-01T13:30:00-04:00,6704.52,6718.48,6701.19,6715.71,682613450
2025-10-01T15:30:00-04:00,6715.7,6717.55,6710.63,6711.19,978655960
2025-10-02T09:30:00-04:00,6731.31,6731.94,6695.07,6701.5,1072449100
2025-10-02T11:30:00-04:00,6701.03,6711.8,6693.23,6710.4,552984690
2025-10-02T13:30:00-04:00,6710.36,6722.69,6708.89,6720.08,549072030
2025-10-02T15:30:00-04:00,6720.11,6720.16,6712.82,6715.36,823223080
2025-10-03T09:30:00-04:00,6724.85,6747.51,6723.73,6742.27,918300280
2025-10-03T11:30:00-04:00,6742.07,6750.87,6727.93,6728.13,535891250
2025-10-03T13:30:00-04:00,6728.1,6733.6,6705.67,6720.62,598881720
2025-10-03T15:30:00-04:00,6720.58,6726.21,6713.23,6715.78,793679650
2025-10-06T09:30:00-04:00,6733.86,6738.75,6717.78,6735.38,1169813600
2025-10-06T11:30:00-04:00,6735.52,6747.63,6734.91,6745.01,571401600
2025-10-06T13:30:00-04:00,6745.09,6749.52,6740.46,6741.43,597856830
2025-10-06T15:30:00-04:00,6741.4,6745.09,6739.64,6740.29,820892670
2025-10-07T09:30:00-04:00,6748.22,6754.49,6710.96,6715.59,1077172160
2025-10-07T11:30:00-04:00,6715.62,6719.22,6699.96,6713.46,619041490
2025-10-07T13:30:00-04:00,6713.45,6715.93,6702.19,6709.69,527043070
2025-10-07T15:30:00-04:00,6709.6,6717.56,6709.24,6714.58,719040280
2025-10-08T09:30:00-04:00,6727.82,6751.09,6718.09,6749.41,846724447
2025-10-08T11:30:00-04:00,6749.46,6754.91,6746.34,6753.29,512642580
2025-10-08T13:30:00-04:00,6753.37,6755.31,6745.57,6753.12,577267450
2025-10-08T15:30:00-04:00,6753.12,6755.64,6750.5,6753.71,807001870
2025-10-09T09:30:00-04:00,6763.52,6764.58,6723.74,6731.56,887069625
2025-10-09T11:30:00-04:00,6731.5,6739.77,6717.52,6718.45,528226830
2025-10-09T13:30:00-04:00,6718.46,6730.48,6716.17,6729.11,534712550
2025-10-09T15:30:00-04:00,6729.11,6736.03,6728.39,6735.12,720854650
2025-10-10T09:30:00-04:00,6745.25,6762.4,6643.72,6646.7,1087556080
2025-10-10T11:30:00-04:00,6646.49,6661.99,6600.37,6620.1,750000590
2025-10-10T13:30:00-04:00,6620.06,6630.9,6578.05,6581.76,604656650
2025-10-10T15:30:00-04:00,6581.86,6589.78,6550.78,6552.52,1038995380
2025-10-13T09:30:00-04:00,6629.09,6654.88,6620.71,6649.56,928706500
2025-10-13T11:30:00-04:00,6649.66,6668.68,6645.47,6654.37,495469970
2025-10-13T13:30:00-04:00,6654.38,6665.78,6640.28,6651.05,499608220
2025-10-13T15:30:00-04:00,6651.05,6659.32,6649.73,6654.71,738958150
2025-10-14T09:30:00-04:00,6590.76,6633.36,6555.07,6619.36,937888070
2025-10-14T11:30:00-04:00,6619.41,6678.44,6619.29,6675.63,587592840
2025-10-14T13:30:00-04:00,6675.68,6680.7,6666.55,6670.93,518290320
2025-10-14T15:30:00-04:00,6671,6671,6626.42,6644.3,829740570
2025-10-15T09:30:00-04:00,6691.76,6724.12,6683.95,6699.88,831459544
2025-10-15T11:30:00-04:00,6700.19,6701,6612.11,6630.72,596883510
2025-10-15T13:30:00-04:00,6630.72,6680.61,6630.02,6676.14,537698060
2025-10-15T15:30:00-04:00,6676.17,6676.83,6654.69,6671.07,844400970
2025-10-16T09:30:00-04:00,6692.52,6709.34,6677.59,6680.76,975323940
2025-10-16T11:30:00-04:00,6680.68,6689.42,6616.47,6657.67,726540810
2025-10-16T13:30:00-04:00,6657.64,6661.55,6593.99,6611.12,689340740
2025-10-16T15:30:00-04:00,6611.73,6633.85,6604,6629.08,846384710
2025-10-17T09:30:00-04:00,6611.9,6658.05,6603.76,6614.88,1056310490
2025-10-17T11:30:00-04:00,6615.1,6657.62,6603.8,6633.64,586982350
2025-10-17T13:30:00-04:00,6633.68,6678.88,6629.95,6673.26,548741570
2025-10-17T15:30:00-04:00,6673.2,6673.2,6662.45,6664,849335190
2025-10-20T09:30:00-04:00,6690.05,6736.23,6690.05,6730.76,798266927
2025-10-20T11:30:00-04:00,6731.04,6742.25,6724.22,6738.74,488836120
2025-10-20T13:30:00-04:00,6738.64,6744.35,6734.32,6739.15,495048760
2025-10-20T15:30:00-04:00,6739.12,6742.47,6734.31,6735.14,750048740
2025-10-21T09:30:00-04:00,6736.75,6749.91,6722.03,6741.19,1023971400
2025-10-21T11:30:00-04:00,6741.12,6752.16,6730.08,6738.01,677963280
2025-10-21T13:30:00-04:00,6738.08,6747.21,6735.1,6741.21,584339770
2025-10-21T15:30:00-04:00,6741.29,6745.7,6734.63,6735.34,748483850
2025-10-22T09:30:00-04:00,6741.34,6741.75,6697.77,6700.62,1059143230
2025-10-22T11:30:00-04:00,6700.53,6719.61,6662.73,6675.69,737747550
2025-10-22T13:30:00-04:00,6675.6,6697.72,6655.69,6696.47,700576240
2025-10-22T15:30:00-04:00,6696.45,6705.24,6695.34,6699.41,870548580
2025-10-23T09:30:00-04:00,6705.1,6729.75,6700.14,6722.46,1049010980
2025-10-23T11:30:00-04:00,6722.71,6738.73,6710.19,6732.24,700150000
2025-10-23T13:30:00-04:00,6732.2,6749.53,6732.12,6746.93,619076160
2025-10-23T15:30:00-04:00,6746.97,6746.97,6735.33,6738.43,875117860
2025-10-24T09:30:00-04:00,6783.77,6806.2,6779.6,6803.82,1091363780
2025-10-24T11:30:00-04:00,6804,6806.42,6794.57,6802.75,561064490
2025-10-24T13:30:00-04:00,6802.87,6807.11,6800.19,6804.87,554121200
2025-10-24T15:30:00-04:00,6804.8,6804.94,6789.32,6791.68,798291930
2025-10-27T09:30:00-04:00,6853.03,6859.13,6843.94,6855.82,1042446722
2025-10-27T11:30:00-04:00,6855.88,6861.36,6853.84,6856.36,604364890
2025-10-27T13:30:00-04:00,6856.4,6865.38,6855.31,6864.68,574867760
2025-10-27T15:30:00-04:00,6864.69,6877.28,6864.48,6875.15,907175370
2025-10-28T09:30:00-04:00,6897.74,6897.74,6873.86,6877.85,1043097330
2025-10-28T11:30:00-04:00,6877.81,6896.51,6870.73,6892.23,661395540
2025-10-28T13:30:00-04:00,6892.3,6911.3,6891.74,6909.98,731296330
2025-10-28T15:30:00-04:00,6909.95,6910.01,6890.87,6890.88,892566400
2025-10-29T09:30:00-04:00,6910.95,6920.34,6901.37,6906.13,1240911860
2025-10-29T11:30:00-04:00,6906.11,6910.88,6898.4,6902.55,688923590
2025-10-29T13:30:00-04:00,6902.53,6910.87,6851.91,6876.46,899657450
2025-10-29T15:30:00-04:00,6876.56,6894.85,6863.61,6890.6,997877700
2025-10-30T09:30:00-04:00,6860.5,6880.75,6834.93,6870.15,1282367830
2025-10-30T11:30:00-04:00,6870.29,6873.93,6852.37,6866.63,726688140
2025-10-30T13:30:00-04:00,6866.62,6868.62,6825.52,6834.69,776194330
2025-10-30T15:30:00-04:00,6834.81,6841.5,6820.69,6822.35,1013039600
2025-10-31T09:30:00-04:00,6874.6,6874.6,6844.29,6859.35,1000539912
2025-10-31T11:30:00-04:00,6859.42,6863.3,6814.26,6819.56,710203480
2025-10-31T13:30:00-04:00,6819.53,6864,6815.89,6862.6,705112850
2025-10-31T15:30:00-04:00,6862.61,6869,6839.88,6840.19,1103993580
2025-11-03T09:30:00-05:00,6882.32,6882.32,6820.62,6841.94,1214455320
2025-11-03T11:30:00-05:00,6841.98,6863.33,6841.41,6857.79,674221530
2025-11-03T13:30:00-05:00,6857.69,6863.35,6847.52,6852.63,715731320
2025-11-03T15:30:00-05:00,6852.62,6853.46,6845.62,6851.98,1008614730
2025-11-04T09:30:00-05:00,6777.25,6820.21,6766.71,6802.99,1188529470
2025-11-04T11:30:00-05:00,6802.94,6807.08,6770.9,6773.2,677789650
2025-11-04T13:30:00-05:00,6773.06,6786.73,6766.75,6780.13,728445940
2025-11-04T15:30:00-05:00,6780.2,6785.98,6766.97,6771.54,1101810940
2025-11-05T09:30:00-05:00,6769.71,6804.69,6763.11,6804.26,1047894070
2025-11-05T11:30:00-05:00,6804.14,6829.42,6802.4,6825.07,648105740
2025-11-05T13:30:00-05:00,6825.04,6829.78,6817.96,6818.72,664503510
2025-11-05T15:30:00-05:00,6818.66,6819.61,6795.44,6796.3,1093689780
2025-11-06T09:30:00-05:00,6783.59,6796.68,6722.14,6734.17,1158251940
2025-11-06T11:30:00-05:00,6734.22,6736.3,6707.51,6730.24,692412150
2025-11-06T13:30:00-05:00,6730.3,6757.64,6730.3,6743.81,649035620
2025-11-06T15:30:00-05:00,6743.89,6747.54,6716.39,6720.31,1056171690
2025-11-07T09:30:00-05:00,6692.59,6692.59,6641.77,6647.46,1140392570
2025-11-07T11:30:00-05:00,6647.61,6675.47,6631.44,6673,656794980
2025-11-07T13:30:00-05:00,6672.97,6720.27,6662.84,6706.83,738908330
2025-11-07T15:30:00-05:00,6706.78,6730.11,6706.54,6728.81,927580820
2025-11-10T09:30:00-05:00,6791.65,6812.79,6772.38,6776.05,939028194
2025-11-10T11:30:00-05:00,6775.92,6819.81,6770.56,6814.27,558370430
2025-11-10T13:30:00-05:00,6814.35,6840.38,6814.35,6832.98,590644690
2025-11-10T15:30:00-05:00,6832.98,6841.32,6830.34,6832.42,935125970
2025-11-11T09:30:00-05:00,6815.64,6828.65,6806.87,6812.81,838042090
2025-11-11T11:30:00-05:00,6813.04,6851.65,6807.71,6848.22,535235270
2025-11-11T13:30:00-05:00,6848.35,6855.13,6841.32,6848.91,557049700
2025-11-11T15:30:00-05:00,6848.86,6855.09,6842.37,6846.62,799439340
2025-11-12T09:30:00-05:00,6868.6,6869.91,6830.73,6844.48,933851790
2025-11-12T11:30:00-05:00,6843.79,6859.26,6829.62,6854.46,524171370
2025-11-12T13:30:00-05:00,6854.6,6861.21,6840.72,6853.1,548222100
2025-11-12T15:30:00-05:00,6853.07,6859.81,6845.98,6850.93,906904540
2025-11-13T09:30:00-05:00,6822.08,6828.05,6768.75,6776.21,1010085870
2025-11-13T11:30:00-05:00,6776.26,6784.67,6744.91,6746.89,628886060
2025-11-13T13:30:00-05:00,6746.98,6755.06,6724.72,6735.27,711576770
2025-11-13T15:30:00-05:00,6735.28,6749.06,6726.46,6737.48,981807800
2025-11-14T09:30:00-05:00,6665.63,6766.79,6646.87,6761.73,1088142200
2025-11-14T11:30:00-05:00,6761.92,6774.31,6739.3,6748.78,567647280
2025-11-14T13:30:00-05:00,6748.63,6768.63,6733,6744.21,562587590
2025-11-14T15:30:00-05:00,6744.19,6748.3,6729.18,6734.1,824324470
2025-11-17T09:30:00-05:00,6709.75,6754.5,6695.26,6721.48,816820312
2025-11-17T11:30:00-05:00,6721.69,6746.68,6699.42,6703.83,508470360
2025-11-17T13:30:00-05:00,6703.86,6715.03,6638.9,6653.26,703094150
2025-11-17T15:30:00-05:00,6653.67,6673.76,6647.81,6672.42,961165920
2025-11-18T09:30:00-05:00,6637.91,6656.69,6574.32,6631.85,1045928230
2025-11-18T11:30:00-05:00,6632.19,6660.34,6595.68,6649.71,644333700
2025-11-18T13:30:00-05:00,6649.59,6666.63,6631.73,6640.14,609556230
2025-11-18T15:30:00-05:00,6640.25,6643.31,6616.88,6617.33,906198640
2025-11-19T09:30:00-05:00,6625.84,6689.75,6618.48,6635.83,954496280
2025-11-19T11:30:00-05:00,6636.01,6644.88,6603.5,6625.71,583507560
2025-11-19T13:30:00-05:00,6625.79,6659.41,6609.27,6650.8,595605880
2025-11-19T15:30:00-05:00,6650.79,6663.28,6636.27,6642.15,931789280
2025-11-20T09:30:00-05:00,6748.11,6770.35,6690.12,6693.91,1109153290
2025-11-20T11:30:00-05:00,6693.75,6696.34,6569.21,6610.59,874354130
2025-11-20T13:30:00-05:00,6610.69,6614,6553.36,6576.31,672680460
2025-11-20T15:30:00-05:00,6576.25,6579.94,6534.05,6538.77,961750980
2025-11-21T09:30:00-05:00,6555.77,6578.52,6521.92,6573.52,1290715000
2025-11-21T11:30:00-05:00,6573.5,6629.22,6567.5,6597.95,771862390
2025-11-21T13:30:00-05:00,6597.95,6660.05,6595.06,6611.39,741084110
2025-11-21T15:30:00-05:00,6611.13,6626.57,6597,6602.98,1122806700
2025-11-24T09:30:00-05:00,6641.28,6699.08,6630.7,6694.63,995871600
2025-11-24T11:30:00-05:00,6694.04,6712.42,6684.36,6707.27,555944100
2025-11-24T13:30:00-05:00,6707.2,6712.77,6693.58,6704.15,595114090
2025-11-24T15:30:00-05:00,6704.08,6715.75,6701.19,6705.11,1950238410
2025-11-25T09:30:00-05:00,6697.03,6724.91,6659.98,6718.61,1067784010
2025-11-25T11:30:00-05:00,6718.73,6758.48,6717.25,6754.49,558779690
2025-11-25T13:30:00-05:00,6754.53,6762.19,6738.72,6759.83,572673850
2025-11-25T15:30:00-05:00,6759.86,6776.4,6759.46,6765.89,988510650
2025-11-26T09:30:00-05:00,6793.55,6823.11,6783.87,6820.44,769937786
2025-11-26T11:30:00-05:00,6820.42,6831.44,6813.11,6825.85,451228300
2025-11-26T13:30:00-05:00,6825.93,6830.4,6810.93,6826.94,446981400
2025-11-26T15:30:00-05:00,6826.93,6828.36,6811.61,6812.6,843481000
2025-11-28T09:30:00-05:00,6824.05,6844.53,6819.75,6836.13,640349444
2025-11-28T11:30:00-05:00,6836,6850.86,6832.86,6849.08,743244190
2025-12-01T09:30:00-05:00,6804.47,6832.21,6799.94,6824.77,812788590
2025-12-01T11:30:00-05:00,6824.67,6841.78,6824.66,6838.17,447636760
2025-12-01T13:30:00-05:00,6838.22,6843.65,6812.31,6820.89,476938760
2025-12-01T15:30:00-05:00,6820.94,6823.93,6807.03,6812.62,949584190
2025-12-02T09:30:00-05:00,6832.78,6851.55,6810.85,6813.57,928417040
2025-12-02T11:30:00-05:00,6813.55,6841.76,6806.71,6824.26,500713790
2025-12-02T13:30:00-05:00,6824.23,6840.44,6816.19,6838.44,516769170
2025-12-02T15:30:00-05:00,6838.41,6841.98,6827.82,6829.38,924709600
2025-12-03T09:30:00-05:00,6815.23,6843.4,6810.43,6837.37,908661660
2025-12-03T11:30:00-05:00,6837.46,6854.92,6830.02,6852.15,485488160
2025-12-03T13:30:00-05:00,6852.24,6862.42,6851.4,6858.71,533275050
2025-12-03T15:30:00-05:00,6858.7,6859.38,6849.28,6849.71,960249230
2025-12-04T09:30:00-05:00,6866.47,6866.47,6835.17,6846.59,943754360
2025-12-04T11:30:00-05:00,6846.58,6860.29,6842.26,6859.87,512860490
2025-12-04T13:30:00-05:00,6859.8,6860.38,6827.12,6840.74,540106580
2025-12-04T15:30:00-05:00,6840.7,6857.25,6840.22,6857.13,898630670
2025-12-05T09:30:00-05:00,6867.68,6895.78,6866.57,6871.41,1022217820
2025-12-05T11:30:00-05:00,6871.22,6878.74,6858.31,6877.58,598498500
2025-12-05T13:30:00-05:00,6877.56,6881.28,6867.85,6871.89,540991410
2025-12-05T15:30:00-05:00,6871.87,6872.2,6858.29,6870.39,871622570
2025-12-08T09:30:00-05:00,6875.2,6878.27,6841.14,6852.24,925444877
2025-12-08T11:30:00-05:00,6852.27,6856.04,6833.87,6839.89,590680610
2025-12-08T13:30:00-05:00,6839.83,6842.4,6827.19,6837.45,580290760
2025-12-08T15:30:00-05:00,6837.51,6847.97,6831.84,6846.5,897564740
2025-12-09T09:30:00-05:00,6840.61,6864.47,6840.17,6859.39,829546960
2025-12-09T11:30:00-05:00,6859.56,6864.92,6848.12,6853.22,489410740
2025-12-09T13:30:00-05:00,6853.35,6854.51,6843.9,6844.71,516120200
2025-12-09T15:30:00-05:00,6844.63,6847.02,6837.43,6840.5,869747400
2025-12-10T09:30:00-05:00,6833.49,6849.59,6824.69,6848.88,831483980
2025-12-10T11:30:00-05:00,6848.67,6852.38,6838.25,6839.79,461176640
2025-12-10T13:30:00-05:00,6839.8,6898.88,6835.95,6892.12,811903830
2025-12-10T15:30:00-05:00,6892.35,6900.67,6884.26,6886.69,1312879550
2025-12-11T09:30:00-05:00,6859.94,6879.08,6833.45,6857.01,986511140
2025-12-11T11:30:00-05:00,6856.93,6893.03,6856.74,6887.6,553861740
2025-12-11T13:30:00-05:00,6887.63,6903.46,6884.78,6894.91,593301250
2025-12-11T15:30:00-05:00,6895.14,6902.45,6891.43,6901.01,945841070
2025-12-12T09:30:00-05:00,6891.43,6899.85,6807.07,6823.2,1031886260
2025-12-12T11:30:00-05:00,6823.24,6853.9,6801.79,6848.25,578666650
2025-12-12T13:30:00-05:00,6848.89,6849.11,6821.62,6823.75,527038390
2025-12-12T15:30:00-05:00,6823.8,6828.55,6811.31,6827.42,949388400
2025-12-15T09:30:00-05:00,6859.73,6861.3,6801.49,6837.29,892917818
2025-12-15T11:30:00-05:00,6837.35,6838.17,6803.54,6809.04,508705440
2025-12-15T13:30:00-05:00,6808.54,6826.62,6805.86,6819.82,555842680
2025-12-15T15:30:00-05:00,6819.81,6824.83,6814.62,6816.52,1161284810
2025-12-16T09:30:00-05:00,6800.12,6819.27,6773.23,6780.09,916600590
2025-12-16T11:30:00-05:00,6780.84,6797.88,6759.74,6764.6,526427810
2025-12-16T13:30:00-05:00,6764.51,6801.53,6764.51,6801.37,560425860
2025-12-16T15:30:00-05:00,6801.04,6814.71,6798.47,6800.25,1109985440
2025-12-17T09:30:00-05:00,6802.64,6812.26,6742.51,6755.65,1026596470
2025-12-17T11:30:00-05:00,6755.06,6758.85,6739.05,6742.76,548580740
2025-12-17T13:30:00-05:00,6742.6,6744.71,6729.19,6733.98,597895690
2025-12-17T15:30:00-05:00,6734.06,6738.31,6720.43,6721.42,1183036600
2025-12-18T09:30:00-05:00,6778.06,6815.19,6765.8,6807.25,996404400
2025-12-18T11:30:00-05:00,6806.44,6816.13,6758.5,6797.28,568254340
2025-12-18T13:30:00-05:00,6797.25,6805.77,6762.63,6784.89,546025340
2025-12-18T15:30:00-05:00,6785,6794.08,6773.53,6774.75,1062414720
2025-12-19T09:30:00-05:00,6792.62,6833.82,6792.62,6831.02,1427778320
2025-12-19T11:30:00-05:00,6831.04,6840.02,6822.53,6836.94,523238230
2025-12-19T13:30:00-05:00,6837.03,6838.89,6831,6833.47,585665570
2025-12-19T15:30:00-05:00,6833.55,6836.17,6825.27,6834.49,3388418280
2025-12-22T09:30:00-05:00,6865.57,6878.23,6855.74,6875.36,850230960
2025-12-22T11:30:00-05:00,6875.5,6882.03,6872.29,6875.92,422403610
2025-12-22T13:30:00-05:00,6875.9,6878.99,6870.61,6877.38,440882600
2025-12-22T15:30:00-05:00,6877.43,6879.79,6874.92,6878.48,823483130
2025-12-23T09:30:00-05:00,6872.41,6896.75,6868.81,6894.29,640835150
2025-12-23T11:30:00-05:00,6894.33,6905.85,6892.92,6904.26,389025690
2025-12-23T13:30:00-05:00,6904.22,6908.73,6903.77,6906.91,398093170
2025-12-23T15:30:00-05:00,6906.75,6910.88,6904.85,6909.78,761030600
2025-12-24T09:30:00-05:00,6904.91,6929.19,6904.91,6928.93,510796170
2025-12-24T11:30:00-05:00,6928.99,6937.32,6928.45,6932.04,535214360
2025-12-26T09:30:00-05:00,6934.32,6945.77,6925.4,6931.31,469945140
2025-12-26T11:30:00-05:00,6931.31,6931.77,6921.6,6925.53,251310940
2025-12-26T13:30:00-05:00,6925.47,6932.9,6925.26,6930.08,269585520
2025-12-26T15:30:00-05:00,6930.09,6932.86,6927.98,6929.95,436089160
2025-12-29T09:30:00-05:00,6903.6,6920.21,6896.18,6899.47,584373050
2025-12-29T11:30:00-05:00,6899,6902.76,6888.76,6900.97,318965280
2025-12-29T13:30:00-05:00,6900.89,6913.72,6896.73,6909.66,326572440
2025-12-29T15:30:00-05:00,6909.75,6911.67,6902.44,6905.73,682328440
2025-12-30T09:30:00-05:00,6900.52,6913.25,6893.47,6910.1,507324300
2025-12-30T11:30:00-05:00,6910.09,6910.43,6897.02,6905.33,278816210
2025-12-30T13:30:00-05:00,6905.36,6906.89,6898.77,6902.85,312685560
2025-12-30T15:30:00-05:00,6902.77,6905.88,6895.19,6896.25,568589840
2025-12-31T09:30:00-05:00,6897.31,6901.42,6868.98,6878.5,429223620
2025-12-31T11:30:00-05:00,6878.54,6881.13,6873.56,6880.71,264137140
2025-12-31T13:30:00-05:00,6880.77,6889.3,6853.1,6854.36,302724060
2025-12-31T15:30:00-05:00,6854.37,6864.17,6844.55,6845.49,650667360
2026-01-02T09:30:00-05:00,6878.11,6894.87,6830.78,6844.31,883284070
2026-01-02T11:30:00-05:00,6844.36,6853.95,6828.99,6835.85,433759040
2026-01-02T13:30:00-05:00,6835.94,6865.21,6824.31,6858.68,457499830
2026-01-02T15:30:00-05:00,6858.63,6860.14,6846.63,6858.48,800083460
2026-01-05T09:30:00-05:00,6892.19,6915.18,6891.58,6912.82,1092180984
2026-01-05T11:30:00-05:00,6913.26,6920.38,6903.21,6910.02,647374830
2026-01-05T13:30:00-05:00,6910.12,6914.21,6899.43,6905.56,587723140
2026-01-05T15:30:00-05:00,6905.56,6907.5,6897.73,6902.04,1022710960
2026-01-06T09:30:00-05:00,6908.45,6934.6,6904.02,6916.38,1024109660
2026-01-06T11:30:00-05:00,6916.1,6937.69,6912.37,6934.72,593100160
2026-01-06T13:30:00-05:00,6934.71,6948.26,6932.74,6945.4,585378830
2026-01-06T15:30:00-05:00,6945.4,6948.69,6944.44,6944.83,1067935550
2026-01-07T09:30:00-05:00,6945.65,6957.4,6936.58,6948.23,1038957290
2026-01-07T11:30:00-05:00,6948.63,6965.69,6946.92,6947.47,574956110
2026-01-07T13:30:00-05:00,6947.6,6957.5,6927.11,6928.92,622493730
2026-01-07T15:30:00-05:00,6928.9,6928.9,6919.19,6920.92,955078270
2026-01-08T09:30:00-05:00,6916.29,6925.24,6899.33,6916.48,1019424920
2026-01-08T11:30:00-05:00,6916.34,6931.28,6910.07,6920.95,590340290
2026-01-08T13:30:00-05:00,6921.05,6923.36,6908.47,6921.05,590786890
2026-01-08T15:30:00-05:00,6921.15,6925.85,6918.04,6921.45,938186200
2026-01-09T09:30:00-05:00,6934.17,6961.93,6917.64,6954.64,982674120
2026-01-09T11:30:00-05:00,6954.76,6970.41,6951.01,6964.42,538243990
2026-01-09T13:30:00-05:00,6964.49,6978.36,6964.31,6975.73,560040980
2026-01-09T15:30:00-05:00,6975.69,6976.92,6965.68,6966.29,844263410
2026-01-12T09:30:00-05:00,6935.81,6972.62,6934.07,6967.57,880065512
2026-01-12T11:30:00-05:00,6967.52,6977.29,6966.29,6976.72,535134340
2026-01-12T13:30:00-05:00,6976.7,6986.33,6974.81,6978.89,534458450
2026-01-12T15:30:00-05:00,6978.81,6982.18,6976.38,6977.26,972412960
2026-01-13T09:30:00-05:00,6979.61,6985.83,6945.69,6960.19,1021513540
2026-01-13T11:30:00-05:00,6960.19,6977.03,6949.8,6954.59,597923070
2026-01-13T13:30:00-05:00,6954.63,6961.33,6944.77,6944.77,596113360
2026-01-13T15:30:00-05:00,6944.75,6963.85,6938.77,6963.75,966339730
2026-01-14T09:30:00-05:00,6933.22,6941.3,6889.8,6916.14,956729479
2026-01-14T11:30:00-05:00,6916.11,6918.88,6885.74,6900.48,614896920
2026-01-14T13:30:00-05:00,6900.44,6920.31,6887.17,6915.45,670606400
2026-01-14T15:30:00-05:00,6915.69,6928.35,6910.69,6926.59,1026082860
2026-01-15T09:30:00-05:00,6969.46,6975.85,6955.46,6973.44,994778240
2026-01-15T11:30:00-05:00,6973.52,6979.34,6963.96,6973.84,540200560
2026-01-15T13:30:00-05:00,6973.79,6976.94,6937.93,6942.69,613891360
2026-01-15T15:30:00-05:00,6942.74,6946.67,6938.3,6944.46,926913240
2026-01-16T09:30:00-05:00,6960.54,6967.3,6925.09,6951.08,1133886820
2026-01-16T11:30:00-05:00,6951.47,6958.41,6942.67,6954.04,576930760
2026-01-16T13:30:00-05:00,6954.12,6960.5,6943.86,6945.78,592487640
2026-01-16T15:30:00-05:00,6945.74,6948.54,6939.3,6940,1394224480
2026-01-20T09:30:00-05:00,6843.59,6871.17,6833.29,6862.22,1225415630
2026-01-20T11:30:00-05:00,6862.36,6866.71,6826.36,6826.81,652815530
2026-01-20T13:30:00-05:00,6826.66,6827.14,6792.86,6796.71,724035980
2026-01-20T15:30:00-05:00,6796.88,6799.88,6789.05,6796.87,1231834260
2026-01-21T09:30:00-05:00,6817.62,6874.89,6813.36,6865.92,1107698715
2026-01-21T11:30:00-05:00,6865.87,6866.04,6804.96,6828.62,665434890
2026-01-21T13:30:00-05:00,6828.74,6910.39,6820.94,6876.88,822187860
2026-01-21T15:30:00-05:00,6877.08,6884.63,6869.9,6875.61,1067262400
2026-01-22T09:30:00-05:00,6914.44,6930.43,6893.62,6921.77,1103014130
2026-01-22T11:30:00-05:00,6921.66,6934.75,6918.09,6928.13,603169200
2026-01-22T13:30:00-05:00,6927.86,6932.88,6905.59,6905.59,633913920
2026-01-22T15:30:00-05:00,6905.57,6913.45,6899.89,6913.36,924111550
2026-01-23T09:30:00-05:00,6906.37,6932.96,6895.5,6924.19,1082930560
2026-01-23T11:30:00-05:00,6924.1,6929.19,6901.04,6912.68,616004600
2026-01-23T13:30:00-05:00,6912.68,6924.52,6907.3,6911.62,564231360
2026-01-23T15:30:00-05:00,6911.56,6918.95,6908.77,6915.62,905601780
2026-01-26T09:30:00-05:00,6923.23,6957.46,6921.6,6954.58,894727950
2026-01-26T11:30:00-05:00,6954.53,6961.75,6951.35,6961.22,510608790
2026-01-26T13:30:00-05:00,6961.16,6964.66,6957.03,6958.89,536432750
2026-01-26T15:30:00-05:00,6958.85,6961.52,6949.55,6950.22,953662520
2026-01-27T09:30:00-05:00,6966.27,6988.72,6958.83,6985.82,1080281340
2026-01-27T11:30:00-05:00,6985.89,6988.82,6972.73,6981.37,593944130
2026-01-27T13:30:00-05:00,6981.43,6987.64,6980.55,6983.58,615345120
2026-01-27T15:30:00-05:00,6983.57,6985,6978.14,6978.59,904615240
2026-01-28T09:30:00-05:00,7002.28,7002.28,6978.23,6984.3,1023088030
2026-01-28T11:30:00-05:00,6985.28,6985.28,6968.23,6974.82,593586090
2026-01-28T13:30:00-05:00,6974.82,6985.55,6963.46,6977.67,744979380
2026-01-28T15:30:00-05:00,6977.58,6983.9,6971.56,6978.02,933617900
2026-01-29T09:30:00-05:00,6983.67,6992.84,6870.8,6902.71,1414310910
2026-01-29T11:30:00-05:00,6902.47,6939.42,6901.94,6932.89,705464350
2026-01-29T13:30:00-05:00,6932.83,6944.86,6924.89,6938.1,720245240
2026-01-29T15:30:00-05:00,6938.15,6971.1,6936.97,6969.02,1077915400
2026-01-30T09:30:00-05:00,6947.27,6964.09,6925.11,6932.94,1079348060
2026-01-30T11:30:00-05:00,6933.08,6946.18,6893.48,6917.27,657089400
2026-01-30T13:30:00-05:00,6917.17,6949.37,6901.35,6922.88,731473980
2026-01-30T15:30:00-05:00,6922.98,6949.73,6922.55,6939.02,1479269060
2026-02-02T09:30:00-05:00,6916.64,6980.82,6916.64,6978.24,1086613220
2026-02-02T11:30:00-05:00,6978.15,6991.92,6967.84,6983.62,581875010
2026-02-02T13:30:00-05:00,6983.52,6991.54,6972.7,6980.07,715716430
2026-02-02T15:30:00-05:00,6979.58,6981.73,6973.31,6976.45,1061347970
2026-02-03T09:30:00-05:00,6985.58,6993.08,6929.47,6929.94,1361147582
2026-02-03T11:30:00-05:00,6930.29,6936.2,6884.14,6885.55,900050550
2026-02-03T13:30:00-05:00,6885.65,6899.49,6862.05,6897.48,915151340
2026-02-03T15:30:00-05:00,6897.36,6919.55,6897.36,6917.82,1117961700
2026-02-04T09:30:00-05:00,6924.5,6936.09,6885.78,6905.37,1709946300
2026-02-04T11:30:00-05:00,6904.9,6905.55,6838.8,6870.47,1005679970
2026-02-04T13:30:00-05:00,6870.32,6906.57,6853.24,6897.41,1010651500
2026-02-04T15:30:00-05:00,6897.44,6904.91,6878.92,6882.71,1325653900
2026-02-05T09:30:00-05:00,6826.16,6857.85,6780.13,6817.04,1393297701
2026-02-05T11:30:00-05:00,6821.22,6847.56,6810.5,6812.67,806898830
2026-02-05T13:30:00-05:00,6812.74,6835.65,6797.85,6799.04,836569310
2026-02-05T15:30:00-05:00,6798.82,6804.71,6783.66,6798.39,1140152500
2026-02-06T09:30:00-05:00,6833.32,6898.91,6830.55,6892.75,1229605777
2026-02-06T11:30:00-05:00,6893.17,6917.64,6892.01,6911.3,744498740
2026-02-06T13:30:00-05:00,6911.31,6923.76,6909.44,6919.8,691137730
2026-02-06T15:30:00-05:00,6919.95,6944.89,6918.52,6932.31,1002190500
2026-02-09T09:30:00-05:00,6917.26,6969.7,6905.87,6969.18,1112557630
2026-02-09T11:30:00-05:00,6969.12,6978.61,6959.29,6964.19,614689750
2026-02-09T13:30:00-05:00,6964.22,6980.1,6962.44,6967.25,620202280
2026-02-09T15:30:00-05:00,6967.62,6971.49,6960.9,6964.81,964507240
2026-02-10T09:30:00-05:00,6972.99,6986.83,6956.78,6968.99,1108296260
2026-02-10T11:30:00-05:00,6968.99,6979.07,6955.1,6955.48,640335290
2026-02-10T13:30:00-05:00,6955.54,6962.01,6949.64,6953.79,647398140
2026-02-10T15:30:00-05:00,6953.86,6956.45,6937.53,6941.82,1063722810
2026-02-11T09:30:00-05:00,6982.9,6993.48,6911.97,6939.44,1256496710
2026-02-11T11:30:00-05:00,6939.38,6960.27,6934.68,6948.87,679088000
2026-02-11T13:30:00-05:00,6948.74,6960.08,6941.68,6943.43,724154700
2026-02-11T15:30:00-05:00,6943.46,6950.3,6939.77,6941.46,1057846190
2026-02-12T09:30:00-05:00,6957.54,6973.22,6854.94,6855.38,1433786820
2026-02-12T11:30:00-05:00,6855.32,6877.37,6842.45,6851.2,983873690
2026-02-12T13:30:00-05:00,6851.3,6879.12,6847.89,6851.87,825040590
2026-02-12T15:30:00-05:00,6851.65,6853.28,6824.04,6832.77,1186893000
2026-02-13T09:30:00-05:00,6832.34,6864.25,6794.55,6855.4,1182194630
2026-02-13T11:30:00-05:00,6856.39,6881.96,6849.32,6871.81,606064780
2026-02-13T13:30:00-05:00,6872.13,6879.06,6823,6825.64,589030680
2026-02-13T15:30:00-05:00,6825.42,6836.99,6817.62,6836.18,973476410
2026-02-17T09:30:00-05:00,6819.65,6849.56,6775.5,6834.1,1090389020
2026-02-17T11:30:00-05:00,6834.26,6847.87,6809.68,6841.36,575287830
2026-02-17T13:30:00-05:00,6841.51,6866.99,6838.83,6847.04,571990450
2026-02-17T15:30:00-05:00,6846.94,6850.52,6837.74,6843.21,931283100
2026-02-18T09:30:00-05:00,6859.82,6907.85,6849.66,6900.6,966512340
2026-02-18T11:30:00-05:00,6900.66,6909.12,6892.68,6895.86,491857850
2026-02-18T13:30:00-05:00,6895.95,6898.29,6857.46,6860.08,608452480
2026-02-18T15:30:00-05:00,6859.95,6889.74,6859.54,6881.32,946381230
2026-02-19T09:30:00-05:00,6854.81,6879.12,6842.82,6858.64,926887250
2026-02-19T11:30:00-05:00,6858.64,6869.19,6833.06,6841.07,522187910
2026-02-19T13:30:00-05:00,6841.16,6857.26,6836.86,6845.58,549814730
2026-02-19T15:30:00-05:00,6845.56,6861.95,6845.25,6861.88,831535910
2026-02-20T09:30:00-05:00,6841.74,6909.87,6836.33,6878.75,1065781900
2026-02-20T11:30:00-05:00,6878.73,6908.11,6858.52,6883.13,602064100
2026-02-20T13:30:00-05:00,6882.91,6915.86,6876.25,6900.26,611689290
2026-02-20T15:30:00-05:00,6900.39,6910.08,6899.71,6909.52,984364010
2026-02-23T09:30:00-05:00,6893.51,6916.96,6819.82,6844.9,1002552674
2026-02-23T11:30:00-05:00,6844.51,6855.53,6821.82,6854.24,596404800
2026-02-23T13:30:00-05:00,6854.34,6855.54,6821.77,6830.24,609098100
2026-02-23T15:30:00-05:00,6830.05,6839.58,6825.91,6837.74,913073250
2026-02-24T09:30:00-05:00,6837.37,6884.68,6815.43,6876.71,1073577740
2026-02-24T11:30:00-05:00,6876.84,6897.22,6867.73,6886.51,518851270
2026-02-24T13:30:00-05:00,6886.5,6894.77,6881.48,6881.61,567574120
2026-02-24T15:30:00-05:00,6881.71,6899.17,6881.68,6890.06,908329970
2026-02-25T09:30:00-05:00,6915.15,6936.2,6915.15,6931.32,1041846340
2026-02-25T11:30:00-05:00,6931.23,6943.33,6930.72,6939.82,562217710
2026-02-25T13:30:00-05:00,6939.86,6949.84,6938.84,6945.92,583002980
2026-02-25T15:30:00-05:00,6945.97,6952.51,6944.39,6946.12,971831470
2026-02-26T09:30:00-05:00,6946.45,6946.88,6859.73,6903.84,1234470020
2026-02-26T11:30:00-05:00,6903.8,6904.57,6864.13,6872.75,584261150
2026-02-26T13:30:00-05:00,6872.64,6913.71,6872.1,6902.46,625363490
2026-02-26T15:30:00-05:00,6902.46,6910.96,6902.45,6908.87,949366640
2026-02-27T09:30:00-05:00,6843.74,6875.69,6831.74,6868.86,1166907920
2026-02-27T11:30:00-05:00,6869.06,6877.6,6846.03,6852.75,647650630
2026-02-27T13:30:00-05:00,6852.85,6875.97,6845.61,6871.12,658460390
2026-02-27T15:30:00-05:00,6871.18,6882.96,6860.51,6878.89,1821305860
2026-03-02T09:30:00-05:00,6800.78,6871.6,6796.85,6848.32,1259184080
2026-03-02T11:30:00-05:00,6847.66,6889.03,6845.11,6882.29,578506120
2026-03-02T13:30:00-05:00,6882.43,6901.01,6864.77,6868.8,604204420
2026-03-02T15:30:00-05:00,6868.72,6888,6867.83,6881.63,942735980
2026-03-03T09:30:00-05:00,6766.39,6783.95,6710.42,6775.57,1218396900
2026-03-03T11:30:00-05:00,6775.14,6818.48,6761.77,6812.91,594858520
2026-03-03T13:30:00-05:00,6812.95,6840.05,6808.11,6824.78,665504690
2026-03-03T15:30:00-05:00,6824.7,6828.86,6806.83,6816.62,979444320
2026-03-04T09:30:00-05:00,6830.67,6880.38,6811.64,6865.86,945453258
2026-03-04T11:30:00-05:00,6865.9,6879.44,6861.36,6875.94,565920180
2026-03-04T13:30:00-05:00,6875.97,6885.94,6870.21,6877.29,580154200
2026-03-04T15:30:00-05:00,6877.3,6880.89,6868.84,6869.49,954935100
2026-03-05T09:30:00-05:00,6851.08,6870.43,6805.24,6809.41,1116933750
2026-03-05T11:30:00-05:00,6809.2,6837.96,6773.87,6777.18,703565230
2026-03-05T13:30:00-05:00,6777.06,6817.88,6770.78,6808.83,699227260
2026-03-05T15:30:00-05:00,6808.99,6831.76,6806.76,6830.72,1085734060
2026-03-06T09:30:00-05:00,6748.54,6773.42,6711.56,6756.7,942085351
2026-03-06T11:30:00-05:00,6756.97,6773.18,6734.27,6759.94,574629520
2026-03-06T13:30:00-05:00,6759.86,6772.01,6732.59,6734.5,643131200
2026-03-06T15:30:00-05:00,6734.68,6745.84,6724.83,6740.01,1067324060
2026-03-09T09:30:00-04:00,6681.78,6711.17,6636.04,6710.01,1157005290
2026-03-09T11:30:00-04:00,6710.1,6734.64,6696.81,6700.94,613230580
2026-03-09T13:30:00-04:00,6700.92,6786.48,6693.26,6786.28,699042760
2026-03-09T15:30:00-04:00,6786.15,6810.44,6772.18,6795.98,1189283160
2026-03-10T09:30:00-04:00,6794.82,6828.01,6759.74,6822.91,927423560
2026-03-10T11:30:00-04:00,6823.04,6845.08,6809.21,6844.39,559777640
2026-03-10T13:30:00-04:00,6844.37,6844.37,6785.98,6785.98,665192690
2026-03-10T15:30:00-04:00,6786.01,6793.77,6774.27,6781.49,948057210
2026-03-11T09:30:00-04:00,6792.52,6811.15,6760.85,6760.92,924900730
2026-03-11T11:30:00-04:00,6758.3,6778.73,6747.11,6775.9,535067360
2026-03-11T13:30:00-04:00,6776.13,6777.51,6745.59,6761.34,550114620
2026-03-11T15:30:00-04:00,6761.2,6777.6,6759.46,6775.79,882328790
2026-03-12T09:30:00-04:00,6725.48,6727.17,6680.1,6691.98,988404550
2026-03-12T11:30:00-04:00,6692.12,6722.89,6683.11,6696.42,697222980
2026-03-12T13:30:00-04:00,6696.53,6707.72,6679.95,6689.92,668344230
2026-03-12T15:30:00-04:00,6690.37,6696.76,6670.4,6672.61,1117141140
2026-03-13T09:30:00-04:00,6703.02,6733.3,6654.97,6655.38,882220090
2026-03-13T11:30:00-04:00,6655.46,6662.35,6641.52,6653.67,574171430
2026-03-13T13:30:00-04:00,6653.71,6657.37,6631.35,6633.58,581049410
2026-03-13T15:30:00-04:00,6633.68,6639.62,6623.92,6632.2,890402570
2026-03-16T09:30:00-04:00,6687.56,6722.87,6685.55,6709.97,825553086
2026-03-16T11:30:00-04:00,6710.04,6715.44,6681.48,6701.69,526930880
2026-03-16T13:30:00-04:00,6701.65,6729.79,6689.53,6700.98,633134840
2026-03-16T15:30:00-04:00,6701.37,6702.79,6693.58,6699.37,962197250
2026-03-17T09:30:00-04:00,6731.77,6754.3,6725.54,6726.72,786683191
2026-03-17T11:30:00-04:00,6726.62,6730.75,6710.8,6724.62,515626610
2026-03-17T13:30:00-04:00,6724.65,6731.79,6715.54,6719.92,550548100
2026-03-17T15:30:00-04:00,6719.98,6721.9,6713.79,6716.08,936073200
2026-03-18T09:30:00-04:00,6691.46,6705.18,6666.52,6678.8,815763780
2026-03-18T11:30:00-04:00,6678.24,6685.24,6663.86,6667.46,474197930
2026-03-18T13:30:00-04:00,6667.54,6682.75,6636.16,6638.06,647804890
2026-03-18T15:30:00-04:00,6638.11,6640.68,6621.66,6624.71,1048232500
2026-03-19T09:30:00-04:00,6583.12,6604.93,6557.82,6585.88,981860060
2026-03-19T11:30:00-04:00,6585.76,6598.18,6564.67,6579.65,583620240
2026-03-19T13:30:00-04:00,6579.58,6636.74,6570.16,6610.44,678511520
2026-03-19T15:30:00-04:00,6610.61,6615.03,6599.33,6606.48,982565680
2026-03-20T09:30:00-04:00,6588.17,6593.21,6538.45,6545.81,1358368580
2026-03-20T11:30:00-04:00,6545.84,6565.59,6544.34,6547.61,564087620
2026-03-20T13:30:00-04:00,6547.62,6548.87,6494.03,6496.67,710454220
2026-03-20T15:30:00-04:00,6496.72,6508.86,6473.52,6506.49,3829816780
2026-03-23T09:30:00-04:00,6602.39,6651.62,6587.94,6635.15,1114660780
2026-03-23T11:30:00-04:00,6635.27,6638.59,6565.55,6579.39,620934120
2026-03-23T13:30:00-04:00,6579.2,6621.91,6578.77,6599.43,583875190
2026-03-23T15:30:00-04:00,6599.43,6608.64,6580.26,6580.99,1009442810
2026-03-24T09:30:00-04:00,6540.45,6594.17,6525.11,6586.22,928044000
2026-03-24T11:30:00-04:00,6586.23,6595.75,6552.1,6559.63,531743370
2026-03-24T13:30:00-04:00,6559.6,6590.66,6550.39,6569.96,564050630
2026-03-24T15:30:00-04:00,6570.01,6573.07,6551.45,6556.36,992292900
2026-03-25T09:30:00-04:00,6616.49,6633.94,6568.41,6603.79,1009344590
2026-03-25T11:30:00-04:00,6603.83,6608.49,6586.5,6606.45,512720800
2026-03-25T13:30:00-04:00,6606.42,6618.53,6581.85,6591.32,531789480
2026-03-25T15:30:00-04:00,6591.06,6596.3,6583.68,6591.89,849520730
2026-03-26T09:30:00-04:00,6555.86,6573.22,6533.11,6542.88,846712880
2026-03-26T11:30:00-04:00,6542.73,6546.03,6505.35,6511,546424750
2026-03-26T13:30:00-04:00,6511.09,6515.6,6483.64,6487.02,604395010
2026-03-26T15:30:00-04:00,6487.07,6487.3,6473.79,6477.17,962616760
2026-03-27T09:30:00-04:00,6453.89,6453.89,6408.95,6432.74,921626910
2026-03-27T11:30:00-04:00,6433.51,6445.19,6390.87,6391.04,562835180
2026-03-27T13:30:00-04:00,6390.83,6396.92,6370.09,6373.28,612865540
2026-03-27T15:30:00-04:00,6373.24,6377.82,6356.08,6368.86,1018173570
2026-03-30T09:30:00-04:00,6418.15,6427.31,6370.88,6388.82,954906740
2026-03-30T11:30:00-04:00,6388.79,6408.47,6356.86,6357.81,549462150
2026-03-30T13:30:00-04:00,6357.9,6368.19,6316.91,6319.86,622570800
2026-03-30T15:30:00-04:00,6319.78,6349.94,6317.7,6343.73,1100763210
2026-03-31T09:30:00-04:00,6416.48,6453.73,6404.55,6431.96,859165062
2026-03-31T11:30:00-04:00,6431.12,6517.52,6420.02,6494.45,748066330
2026-03-31T13:30:00-04:00,6494.41,6523.29,6487,6518.9,666109630
2026-03-31T15:30:00-04:00,6518.97,6539.05,6518.18,6528.53,1414563600
2026-04-01T09:30:00-04:00,6569.74,6595.12,6554.29,6588.51,1135759370
2026-04-01T11:30:00-04:00,6588.5,6609.67,6584.67,6607.82,569836560
2026-04-01T13:30:00-04:00,6607.77,6609.03,6561.37,6585.69,623510080
2026-04-01T15:30:00-04:00,6585.73,6591.36,6572.56,6575.33,954382590
2026-04-02T09:30:00-04:00,6496.17,6601.91,6474.94,6577.22,972301560
2026-04-02T11:30:00-04:00,6577.17,6582.43,6546.32,6570.31,431406840
2026-04-02T13:30:00-04:00,6570.36,6576.23,6550.78,6568.28,479891670
2026-04-02T15:30:00-04:00,6568.16,6584.36,6565.35,6582.68,798207700
2026-04-06T09:30:00-04:00,6588.37,6618.13,6579.95,6593.28,702766970
2026-04-06T11:30:00-04:00,6593.16,6608.18,6579.72,6597.86,394842000
2026-04-06T13:30:00-04:00,6597.98,6609.41,6586.52,6602.76,408844890
2026-04-06T15:30:00-04:00,6602.8,6612.5,6602.19,6611.82,784686040
2026-04-07T09:30:00-04:00,6601.93,6601.93,6534.55,6555.48,767346986
2026-04-07T11:30:00-04:00,6555.54,6592.34,6550.05,6581.49,481839700
2026-04-07T13:30:00-04:00,6581.68,6606.32,6557.9,6590.26,526334510
2026-04-07T15:30:00-04:00,6590.23,6618.26,6582.57,6616.84,872857350
2026-04-08T09:30:00-04:00,6754.36,6793.5,6740.28,6754.58,1279853610
2026-04-08T11:30:00-04:00,6754.45,6788.32,6754.34,6774.04,569736100
2026-04-08T13:30:00-04:00,6774.02,6790.08,6752.67,6759.79,621048900
2026-04-08T15:30:00-04:00,6759.77,6783.33,6759.56,6782.82,1003627290
2026-04-09T09:30:00-04:00,6779.35,6789.35,6761.55,6783.82,892933690
2026-04-09T11:30:00-04:00,6783.76,6833.65,6781.81,6827.35,577382770
2026-04-09T13:30:00-04:00,6827.34,6835.31,6809.41,6823.14,540943350
2026-04-09T15:30:00-04:00,6823.31,6830.52,6823.14,6824.67,884057890
2026-04-10T09:30:00-04:00,6843.16,6845.77,6823.46,6835.84,853637571
2026-04-10T11:30:00-04:00,6835.74,6837.56,6809.04,6810.47,471087390
2026-04-10T13:30:00-04:00,6810.51,6823.42,6808.46,6820.32,488195940
2026-04-10T15:30:00-04:00,6820.38,6820.38,6810.4,6816.9,871662960
2026-04-13T09:30:00-04:00,6800.98,6830.41,6790.02,6819.63,762680204
2026-04-13T11:30:00-04:00,6819.29,6851.79,6814.08,6848.95,518797630
2026-04-13T13:30:00-04:00,6848.98,6862.11,6842.59,6861.99,515998890
2026-04-13T15:30:00-04:00,6861.87,6887,6860.66,6886.23,978610560
2026-04-14T09:30:00-04:00,6913.1,6948.55,6905.17,6946.45,911301441
2026-04-14T11:30:00-04:00,6946.51,6964.14,6946.33,6961.47,503777620
2026-04-14T13:30:00-04:00,6961.48,6966.87,6945.8,6966.65,523586750
2026-04-14T15:30:00-04:00,6966.49,6969.42,6958.98,6967.39,954523020
2026-04-15T09:30:00-04:00,6981.54,6999.84,6967.13,6998.11,954667410
2026-04-15T11:30:00-04:00,6997.96,7001.92,6979.95,6998.15,567091280
2026-04-15T13:30:00-04:00,6997.92,7024.29,6995.71,7024.22,544285900
2026-04-15T15:30:00-04:00,7024.15,7026.24,7016.5,7022.96,965202710
2026-04-16T09:30:00-04:00,7040.03,7043.66,7008.52,7033.2,954794230
2026-04-16T11:30:00-04:00,7032.11,7051.23,7022.4,7030.74,528100990
2026-04-16T13:30:00-04:00,7030.78,7038.65,7018.25,7032.73,538913970
2026-04-16T15:30:00-04:00,7032.68,7042.83,7032.03,7041.29,923414310
2026-04-17T09:30:00-04:00,7084.85,7136.88,7082.71,7130,1284696280
2026-04-17T11:30:00-04:00,7130.01,7147.52,7116,7122.85,610388530
2026-04-17T13:30:00-04:00,7122.78,7130.55,7114.03,7116.6,568969840
2026-04-17T15:30:00-04:00,7116.52,7127.33,7116.52,7126.05,1120175150
2026-04-20T09:30:00-04:00,7116.79,7122.65,7084.41,7107.36,857125720
2026-04-20T11:30:00-04:00,7104.02,7107.81,7094.13,7103.28,423887990
2026-04-20T13:30:00-04:00,7103.34,7109.98,7099.34,7104.27,495431270
2026-04-20T15:30:00-04:00,7104.32,7110.37,7099.72,7109.13,830529810
2026-04-21T09:30:00-04:00,7122.64,7137.27,7085.38,7090.34,873251895
2026-04-21T11:30:00-04:00,7090.12,7101.03,7062.09,7069.77,518556770
2026-04-21T13:30:00-04:00,7069.74,7101.35,7069.56,7101.09,550249850
2026-04-21T15:30:00-04:00,7101.09,7102.46,7050.2,7064.02,937755320
2026-04-22T09:30:00-04:00,7112.27,7130.46,7106.29,7126.71,886623830
2026-04-22T11:30:00-04:00,7126.52,7128.36,7112.4,7124.16,473470960
2026-04-22T13:30:00-04:00,7124.12,7129.83,7116.25,7128.92,508491830
2026-04-22T15:30:00-04:00,7128.85,7138.64,7125.03,7137.89,903696180
2026-04-23T09:30:00-04:00,7118.8,7147.08,7115.89,7143.61,969758251
2026-04-23T11:30:00-04:00,7143.62,7147.78,7083.43,7084.34,585779700
2026-04-23T13:30:00-04:00,7084.18,7118.46,7046.55,7107.81,657215940
2026-04-23T15:30:00-04:00,7107.93,7112.18,7091.61,7108.41,924062960
2026-04-24T09:30:00-04:00,7136.48,7145.17,7112.82,7142.3,1097994580
2026-04-24T11:30:00-04:00,7142.57,7164.45,7139.7,7153.87,591386430
2026-04-24T13:30:00-04:00,7153.85,7168.59,7151.48,7161.67,544603330
2026-04-24T15:30:00-04:00,7161.53,7167.67,7158.37,7165.07,909576760
2026-04-27T09:30:00-04:00,7153.99,7167.7,7146.72,7152.95,987886450
2026-04-27T11:30:00-04:00,7153.03,7170.34,7151.12,7169.8,498541170
2026-04-27T13:30:00-04:00,7169.68,7176.12,7169.4,7174.78,544375560
2026-04-27T15:30:00-04:00,7174.87,7178.74,7172.27,7173.92,951736320
2026-04-28T09:30:00-04:00,7133.74,7152.52,7115.17,7122.06,1050563530
2026-04-28T11:30:00-04:00,7122.17,7129.13,7116.93,7124.7,471205370
2026-04-28T13:30:00-04:00,7124.85,7144.95,7124.85,7139.21,537756100
2026-04-28T15:30:00-04:00,7139.4,7142.85,7135.44,7138.81,933781100
2026-04-29T09:30:00-04:00,7135.75,7145.63,7119.54,7132.56,1019806570
2026-04-29T11:30:00-04:00,7132.35,7134.44,7112.67,7121.94,538966380
2026-04-29T13:30:00-04:00,7122.13,7138.59,7107.86,7132.2,659704400
2026-04-29T15:30:00-04:00,7131.98,7138.56,7124.17,7135.96,995032050
2026-04-30T09:30:00-04:00,7170.05,7170.52,7126.15,7167.51,1207588970
2026-04-30T11:30:00-04:00,7167.13,7181.39,7157.3,7181.36,582646160
2026-04-30T13:30:00-04:00,7181.25,7217.19,7181.11,7214.14,648879530
2026-04-30T15:30:00-04:00,7214.24,7219.83,7208.96,7209.02,1388653840
2026-05-01T09:30:00-04:00,7237.7,7272.52,7232.75,7256.62,969999190
2026-05-01T11:30:00-04:00,7256.49,7267.09,7237.9,7253.07,517530710
2026-05-01T13:30:00-04:00,7253.13,7255.13,7231.39,7247.54,543129940
2026-05-01T15:30:00-04:00,7247.49,7247.96,7229.32,7230.11,833547060
2026-05-04T09:30:00-04:00,7221.75,7244.54,7197.79,7206.76,954884310
2026-05-04T11:30:00-04:00,7206.62,7208.7,7174.12,7207.87,560726180
2026-05-04T13:30:00-04:00,7208,7212.79,7191.15,7200.36,510327480
2026-05-04T15:30:00-04:00,7200.36,7205.29,7196.22,7200.76,882024930
2026-05-05T09:30:00-04:00,7239.53,7259.92,7237.66,7257.51,963760469
2026-05-05T11:30:00-04:00,7257.82,7261.78,7252.35,7261.67,542925300
2026-05-05T13:30:00-04:00,7261.66,7273.26,7259.7,7270.17,577105430
2026-05-05T15:30:00-04:00,7270.12,7271.42,7255.45,7259.21,962210290
2026-05-06T09:30:00-04:00,7294.14,7348.35,7294.14,7344.11,1197871725
2026-05-06T11:30:00-04:00,7343.93,7345.63,7329.34,7340.12,579427030
2026-05-06T13:30:00-04:00,7340.04,7363.4,7339.21,7362.01,649254480
2026-05-06T15:30:00-04:00,7361.93,7369.22,7358.75,7365.11,1186722050
2026-05-07T09:30:00-04:00,7376.78,7385.02,7359.77,7372.15,1127191100
2026-05-07T11:30:00-04:00,7372.23,7379.83,7321.66,7329.73,664826920
2026-05-07T13:30:00-04:00,7329.85,7344.67,7321.25,7327.68,624498210
2026-05-07T15:30:00-04:00,7327.72,7341.4,7326.9,7337.1,1075739470
2026-05-08T09:30:00-04:00,7362.97,7397.56,7362.97,7391.22,991123810
2026-05-08T11:30:00-04:00,7391.29,7400.98,7386.01,7399.56,614037500
2026-05-08T13:30:00-04:00,7399.7,7401.5,7384.09,7388.99,605384790
2026-05-08T15:30:00-04:00,7389.06,7398.95,7388.24,7398.92,1010517100
2026-05-11T09:30:00-04:00,7388.85,7422.91,7384.2,7422.61,1095926000
2026-05-11T11:30:00-04:00,7422.46,7426.27,7410.32,7419.55,596626590
2026-05-11T13:30:00-04:00,7419.52,7428.97,7403.37,7406.64,618131260
2026-05-11T15:30:00-04:00,7406.62,7413.56,7402.74,7412.85,1037661150
2026-05-12T09:30:00-04:00,7390.63,7394.37,7338.54,7343.48,1020510850
2026-05-12T11:30:00-04:00,7343.51,7369.8,7338.72,7364.1,591226550
2026-05-12T13:30:00-04:00,7364.18,7394.87,7362.32,7391.85,582149400
2026-05-12T15:30:00-04:00,7391.75,7409.57,7391.75,7400.97,996945900
2026-05-13T09:30:00-04:00,7409.12,7415.53,7375.13,7414.35,953651083
2026-05-13T11:30:00-04:00,7414.33,7450.94,7410.3,7448.07,587157440
2026-05-13T13:30:00-04:00,7448.01,7460.04,7442.02,7456.21,630939350
2026-05-13T15:30:00-04:00,7456.32,7457.11,7443.67,7444.26,958384800
2026-05-14T09:30:00-04:00,7462.72,7509.78,7459.82,7507.25,1022736650
2026-05-14T11:30:00-04:00,7507.11,7517.12,7484.35,7490.55,556073190
2026-05-14T13:30:00-04:00,7490.59,7508.06,7488.02,7501.73,538438990
2026-05-14T15:30:00-04:00,7501.87,7507.96,7499.08,7501.25,844827670
2026-05-15T09:30:00-04:00,7437.98,7447.25,7397.5,7431.89,1055799820
2026-05-15T11:30:00-04:00,7432.36,7449.06,7411.02,7445.69,494817010
2026-05-15T13:30:00-04:00,7445.67,7454.85,7419.97,7421.01,549780310
2026-05-15T15:30:00-04:00,7421.14,7427.55,7404.65,7408.49,1146533460
2026-05-18T09:30:00-04:00,7419.77,7434.06,7374.34,7375.07,1034589160
2026-05-18T11:30:00-04:00,7375.02,7397.92,7361.47,7392.67,502790180
2026-05-18T13:30:00-04:00,7392.84,7396.99,7353.17,7373.67,589851130
2026-05-18T15:30:00-04:00,7373.75,7406.03,7371.68,7403.04,950326230
2026-05-19T09:30:00-04:00,7371.25,7381.64,7333.68,7341.45,1013728280
2026-05-19T11:30:00-04:00,7341.11,7395.32,7339.5,7388.8,544683410
2026-05-19T13:30:00-04:00,7388.8,7394.56,7357.68,7365.77,542256660
2026-05-19T15:30:00-04:00,7365.73,7368.74,7344.1,7353.62,1017833050
2026-05-20T09:30:00-04:00,7369.19,7435.69,7357.46,7410.61,1011402030
2026-05-20T11:30:00-04:00,7410.99,7428,7404.4,7420.29,534010490
2026-05-20T13:30:00-04:00,7420.36,7427.94,7412.35,7426.36,527829290
2026-05-20T15:30:00-04:00,7426.54,7433.59,7424.59,7432.96,1004523390
2026-05-21T09:30:00-04:00,7406.07,7424.43,7389.48,7405.45,808058229
2026-05-21T11:30:00-04:00,7405.41,7447.29,7396.34,7438.79,493724730
2026-05-21T13:30:00-04:00,7438.73,7465.96,7420.04,7444.23,587844340
2026-05-21T15:30:00-04:00,7444.17,7448.86,7437.77,7445.73,904311510
2026-05-22T09:30:00-04:00,7477.35,7499.46,7463.29,7496.4,875391180
2026-05-22T11:30:00-04:00,7496.57,7505.27,7485.54,7505.21,454107170
2026-05-22T13:30:00-04:00,7505.3,7506.32,7472.88,7473.24,497622630
2026-05-22T15:30:00-04:00,7473.27,7479.33,7467.6,7473.48,853291080
2026-05-26T09:30:00-04:00,7511.79,7539.09,7508.39,7516.22,1014309980
2026-05-26T11:30:00-04:00,7516.16,7517.91,7501.1,7504.22,481367670
2026-05-26T13:30:00-04:00,7504.17,7517.94,7502.56,7513.14,497109150
2026-05-26T15:30:00-04:00,7513.1,7526,7513.1,7519.11,1035013400
2026-05-27T09:30:00-04:00,7526.01,7530.72,7506.24,7511.8,1093538840
2026-05-27T11:30:00-04:00,7512.02,7523.32,7499.72,7509.08,519148100
2026-05-27T13:30:00-04:00,7509.13,7528.15,7509.02,7522.7,520529100
2026-05-27T15:30:00-04:00,7522.57,7525.7,7518.24,7520.37,904254660
2026-05-28T09:30:00-04:00,7518.53,7558.64,7508.04,7556.91,943213182
2026-05-28T11:30:00-04:00,7556.77,7566.58,7554.66,7559.83,532592730
2026-05-28T13:30:00-04:00,7559.9,7566.91,7558.19,7564.7,593380130
2026-05-28T15:30:00-04:00,7564.76,7568.72,7561.64,7563.62,978611880
2026-05-29T09:30:00-04:00,7579.33,7599.38,7563.55,7587.15,1201223380
2026-05-29T11:30:00-04:00,7586.08,7595.16,7579.57,7583.31,543863230
2026-05-29T13:30:00-04:00,7583.03,7586.23,7568.57,7586.04,624215870
2026-05-29T15:30:00-04:00,7586.12,7593.47,7580.03,7580.05,2743903520
2026-06-01T09:30:00-04:00,7569.8,7585.49,7562.61,7579.03,1292603310
2026-06-01T11:30:00-04:00,7579.01,7600.36,7575.95,7600.36,608080410
2026-06-01T13:30:00-04:00,7600.9,7617.66,7595.54,7613.54,665722060
2026-06-01T15:30:00-04:00,7613.14,7613.51,7597.44,7599.95,1012011020
2026-06-02T09:30:00-04:00,7591.23,7620.9,7582.99,7615.92,1179974470
2026-06-02T11:30:00-04:00,7615.85,7617.39,7605.16,7606.27,554034280
2026-06-02T13:30:00-04:00,7606.2,7612.28,7602.45,7609.62,556177100
2026-06-02T15:30:00-04:00,7609.63,7613.57,7607.8,7609.77,1076830950
2026-06-03T09:30:00-04:00,7598.74,7605.35,7562.45,7576.59,1107850400
2026-06-03T11:30:00-04:00,7576.66,7579.46,7551.22,7562.41,564013620
2026-06-03T13:30:00-04:00,7562.45,7576.45,7558.13,7564.37,580100810
2026-06-03T15:30:00-04:00,7564.44,7570.62,7553.67,7553.67,1125445670
2026-06-04T09:30:00-04:00,7516.54,7574.5,7516.54,7573.85,1071750840
2026-06-04T11:30:00-04:00,7573.91,7586.68,7562.48,7585.82,553118760
2026-06-04T13:30:00-04:00,7585.7,7597.91,7585.09,7597.77,546250170
2026-06-04T15:30:00-04:00,7597.91,7598.19,7584.32,7584.32,1004283630
2026-06-05T09:30:00-04:00,7537.36,7541.81,7488.79,7494.92,951666500
2026-06-05T11:30:00-04:00,7494.85,7497.35,7437.27,7452.63,645045320
2026-06-05T13:30:00-04:00,7452.77,7465.54,7368.63,7397.08,743116460
2026-06-05T15:30:00-04:00,7397.23,7410.17,7383.01,7383.73,1172555520
2026-06-08T09:30:00-04:00,7442.39,7466.81,7420.2,7446.16,916539600
2026-06-08T11:30:00-04:00,7446.35,7456.67,7415.07,7433.59,462124570
2026-06-08T13:30:00-04:00,7433.71,7437.39,7395.13,7404.2,516282450
2026-06-08T15:30:00-04:00,7404.53,7414.26,7401.11,7405.72,1022151280
2026-06-09T09:30:00-04:00,7446.48,7483.15,7319.99,7321.47,969305680
2026-06-09T11:30:00-04:00,7321.65,7339.07,7237.85,7319.94,812563040
2026-06-09T13:30:00-04:00,7319.77,7389.09,7314.85,7358.44,592882100
2026-06-09T15:30:00-04:00,7358.38,7386.66,7338.38,7386.66,995653780
2026-06-10T09:30:00-04:00,7353.27,7396.56,7307.65,7327.67,933592559
2026-06-10T11:30:00-04:00,7327.12,7339.15,7297.79,7308.07,531196390
2026-06-10T13:30:00-04:00,7308.26,7329.15,7267.35,7272.84,617199650
2026-06-10T15:30:00-04:00,7272.22,7290.01,7265.93,7267,1046252180
2026-06-11T09:30:00-04:00,7287.67,7327.9,7257.33,7286.11,1038831700
2026-06-11T11:30:00-04:00,7285.08,7337.15,7265,7337.15,555153670
2026-06-11T13:30:00-04:00,7336.97,7395.14,7335.7,7392,726502440
2026-06-11T15:30:00-04:00,7391.99,7412.68,7386.94,7394.31,1150961790
2026-06-12T09:30:00-04:00,7410.85,7456.4,7363.01,7452.95,977489720
2026-06-12T11:30:00-04:00,7453.17,7453.48,7394.61,7433.99,575267500
2026-06-12T13:30:00-04:00,7434.11,7435.18,7416.94,7426.78,491456480
2026-06-12T15:30:00-04:00,7427.3,7432.15,7413.15,7431.45,886838400
2026-06-15T09:30:00-04:00,7531.69,7563.75,7526.81,7562.7,1076148370
2026-06-15T11:30:00-04:00,7562.73,7577.92,7559.79,7572.52,526100090
2026-06-15T13:30:00-04:00,7572.65,7574.24,7554.55,7554.79,538922660
2026-06-15T15:30:00-04:00,7554.42,7560.09,7545.67,7554.28,1221878080
2026-06-16T09:30:00-04:00,7548.78,7564.96,7533.03,7536.65,891402220
2026-06-16T11:30:00-04:00,7536.52,7549.64,7527.4,7532.47,527274220
2026-06-16T13:30:00-04:00,7532.22,7536.78,7511.63,7522.16,521053600
2026-06-16T15:30:00-04:00,7522.26,7523.57,7508.68,7511.34,1064569260
2026-06-17T09:30:00-04:00,7521.99,7532.17,7489.94,7510.63,770910901
2026-06-17T11:30:00-04:00,7510.75,7521.04,7499.64,7507.21,500092000
2026-06-17T13:30:00-04:00,7507.18,7518.45,7429.2,7431.96,774310920
2026-06-17T15:30:00-04:00,7431.68,7433.42,7402.61,7420.11,1215059870
2026-06-18T09:30:00-04:00,7501.8,7509.44,7468.32,7482.76,1067945280
2026-06-18T11:30:00-04:00,7483.26,7511.07,7473.16,7505.52,574012510
2026-06-18T13:30:00-04:00,7505.49,7509.39,7482.38,7489.87,581542080
2026-06-18T15:30:00-04:00,7489.82,7510.18,7485.69,7500.57,3401392190
2026-06-22T09:30:00-04:00,7500.44,7530.01,7461.04,7472.25,1066698390
2026-06-22T11:30:00-04:00,7472.6,7491.33,7464.75,7475.8,601971270
2026-06-22T13:30:00-04:00,7475.85,7485.8,7461.68,7462.86,608010080
2026-06-22T15:30:00-04:00,7462.78,7476.03,7460.01,7472.78,1365165360
2026-06-23T09:30:00-04:00,7366.51,7424.17,7347.6,7373.17,1030401280
2026-06-23T11:30:00-04:00,7373.32,7408.59,7370.49,7403.64,554144340
2026-06-23T13:30:00-04:00,7403.47,7408.34,7361.23,7378.26,612559950
2026-06-23T15:30:00-04:00,7378.16,7382.83,7364.38,7365.45,1333652330
2026-06-24T09:30:00-04:00,7372.07,7427.4,7369,7424.6,939836280
2026-06-24T11:30:00-04:00,7424.67,7428.06,7349.53,7350.27,592714690
2026-06-24T13:30:00-04:00,7350.14,7374.25,7336.82,7348.05,692641960
2026-06-24T15:30:00-04:00,7348.21,7358.75,7337.68,7358.21,1199697650
2026-06-25T09:30:00-04:00,7413.6,7419.08,7323.5,7369.72,1182486670
2026-06-25T11:30:00-04:00,7370.36,7389.95,7343.29,7360.65,566724560
2026-06-25T13:30:00-04:00,7360.77,7388.27,7342.9,7352.53,603930790
2026-06-25T15:30:00-04:00,7352.38,7359.94,7341.68,7357.48,1153422980
2026-06-26T09:30:00-04:00,7312.74,7374.04,7294.18,7374.04,1014022010
2026-06-26T11:30:00-04:00,7374.2,7392.95,7356.07,7375.13,624252340
2026-06-26T13:30:00-04:00,7375.16,7381.1,7340.08,7349.4,631022080
2026-06-26T15:30:00-04:00,7349.55,7366.01,7339.92,7354.03,3269559270
2026-06-29T09:30:00-04:00,7391.81,7427.8,7348.88,7406.84,1108960730
2026-06-29T11:30:00-04:00,7406.94,7432.05,7400.78,7430.67,588769300
2026-06-29T13:30:00-04:00,7430.84,7440.64,7429.01,7437.75,623511630
2026-06-29T15:30:00-04:00,7437.76,7444.32,7431.7,7440.44,1265839740
2026-06-30T09:30:00-04:00,7441.92,7481.57,7438.04,7480.83,915830540
2026-06-30T11:30:00-04:00,7480.83,7499.6,7476.33,7493.19,543848790
2026-06-30T13:30:00-04:00,7493.49,7508.29,7489.72,7502.51,607750690
2026-06-30T15:30:00-04:00,7502.55,7507.66,7495.19,7499.35,1615789180
2026-07-01T09:30:00-04:00,7477.24,7521.11,7449.63,7520.63,1129476540
2026-07-01T11:30:00-04:00,7520.49,7521.81,7498.3,7506.7,586897210
2026-07-01T13:30:00-04:00,7506.71,7509.14,7491.66,7497.53,653660710
2026-07-01T15:30:00-04:00,7497.23,7500.87,7479.3,7483.22,1239117840
2026-07-02T09:30:00-04:00,7495.13,7540.75,7468.98,7476.62,1017395094
2026-07-02T11:30:00-04:00,7476.39,7494.19,7431.7,7442.71,628717774
2026-07-02T13:30:00-04:00,7442.82,7462.57,7427.55,7450.42,619376352
2026-07-02T15:30:00-04:00,7450.36,7483.55,7449.41,7483.23,1127922656
2026-07-06T09:30:00-04:00,7506.96,7535.62,7500.97,7535.18,838855913
2026-07-06T11:30:00-04:00,7535.46,7542.37,7531.65,7534.49,494498125
2026-07-06T13:30:00-04:00,7534.56,7551.31,7524.16,7550.39,489696539
2026-07-06T15:30:00-04:00,7550.36,7550.36,7535.7,7537.42,1130273427
2026-07-07T09:30:00-04:00,7516.62,7536.06,7478.63,7489.39,942490953
2026-07-07T11:30:00-04:00,7489.39,7520.54,7480.52,7516,523112163
2026-07-07T13:30:00-04:00,7515.88,7520.3,7486.98,7493.25,556233507
2026-07-07T15:30:00-04:00,7493.48,7506.02,7490.47,7503.84,949617484
2026-07-08T09:30:00-04:00,7478.63,7478.63,7422.06,7425.96,878832011
2026-07-08T11:30:00-04:00,7425.71,7484.61,7421.82,7484.44,477330650
2026-07-08T13:30:00-04:00,7484.57,7487.42,7466.06,7478.99,503589463
2026-07-08T15:30:00-04:00,7479.1,7488.52,7471.54,7482.7,1001163228
2026-07-09T09:30:00-04:00,7491.59,7526.81,7481.74,7525.01,837860066
2026-07-09T11:30:00-04:00,7524.98,7544.98,7521.81,7544.83,452186298
2026-07-09T13:30:00-04:00,7544.82,7546.9,7533.82,7537.92,479231931
2026-07-09T15:30:00-04:00,7537.86,7543.67,7535.15,7543.63,962529533
2026-07-10T09:30:00-04:00,7547.63,7560.4,7508.17,7558.72,731443048
2026-07-10T11:30:00-04:00,7558.79,7567.79,7540.61,7566.28,403946117
2026-07-10T13:30:00-04:00,7566.36,7577.66,7565.57,7575.63,394861551
2026-07-10T15:30:00-04:00,7575.65,7579.93,7572.35,7575.38,769571476
2026-07-13T09:30:00-04:00,7547.52,7565.38,7529.34,7549.84,772685934
2026-07-13T11:30:00-04:00,7550.09,7551.51,7514.65,7523.53,487400081
2026-07-13T13:30:00-04:00,7523.64,7527.76,7508.32,7509.22,485204250
2026-07-13T15:30:00-04:00,7509.41,7521.33,7506.42,7515.33,941004848
2026-07-14T09:30:00-04:00,7536.69,7557.43,7513.24,7552.93,867135183
2026-07-14T11:30:00-04:00,7553.07,7554.66,7526.82,7549.57,458556429
2026-07-14T13:30:00-04:00,7549.53,7554.16,7544.22,7547.67,476375296
2026-07-14T15:30:00-04:00,7547.64,7551.25,7543.36,7543.58,932884215
2026-07-15T09:30:00-04:00,7571.71,7581.49,7548.08,7561.98,917769732
2026-07-15T11:30:00-04:00,7561.87,7564.55,7526.94,7553.91,586002788
2026-07-15T13:30:00-04:00,7553.93,7574.85,7553.74,7561.24,533898338
2026-07-15T15:30:00-04:00,7561.55,7573.37,7556.7,7572.39,1027027144
2026-07-16T09:30:00-04:00,7558.79,7570.73,7531.73,7563.98,868506583
2026-07-16T11:30:00-04:00,7564.05,7569.79,7539.74,7552.84,559709165
2026-07-16T13:30:00-04:00,7552.83,7553.82,7514.08,7516.26,623493500
2026-07-16T15:30:00-04:00,7516.03,7534.69,7504.03,7533.76,1099003967
2026-07-17T09:30:00-04:00,7447.51,7498.44,7431.27,7479.72,1169777410
2026-07-17T11:30:00-04:00,7479.74,7498.46,7470.35,7494.49,591708464
2026-07-17T13:30:00-04:00,7494.85,7495.79,7446.27,7456.62,555992872
2026-07-17T15:30:00-04:00,7456.7,7468.99,7451.92,7457.68,1070223155
2026-07-20T09:30:00-04:00,7489.19,7513.24,7462.38,7484.34,771383316
2026-07-20T11:30:00-04:00,7484.33,7495.52,7461.37,7466.83,483578822
2026-07-20T13:30:00-04:00,7466.87,7479.07,7440.54,7452.13,523950466
2026-07-20T15:30:00-04:00,7452.43,7458.52,7441.33,7443.27,918840331
2026-07-21T09:30:00-04:00,7489.96,7505.14,7467.87,7504.71,823036399
2026-07-21T11:30:00-04:00,7504.83,7515.3,7499.13,7509.33,510551061
2026-07-21T13:30:00-04:00,7509.34,7514.51,7504.61,7507.65,503842482
2026-07-21T15:30:00-04:00,7507.42,7512.05,7506.39,7509.19,948127382
2026-07-22T09:30:00-04:00,7497.46,7522.23,7485.84,7519.79,882482833
2026-07-22T11:30:00-04:00,7519.9,7525.93,7513.18,7516.17,508422042
2026-07-22T13:30:00-04:00,7516.11,7519.33,7501.37,7504.83,570122403
2026-07-22T15:30:00-04:00,7504.98,7507.2,7498.28,7498.95,1005216940
2026-07-23T09:30:00-04:00,7418.28,7450.11,7382.01,7383.22,1052274013
2026-07-23T11:30:00-04:00,7383.06,7421.32,7375.99,7412.43,574335540
2026-07-23T13:30:00-04:00,7412.25,7412.25,7388.91,7398.84,541662916
2026-07-23T15:30:00-04:00,7398.91,7410.05,7381.64,7408.29,1138303702
2026-07-24T09:30:00-04:00,7406.29,7454.52,7397.57,7448.95,933679692
2026-07-24T11:30:00-04:00,7449.17,7460.97,7427.06,7441.2,496671896
2026-07-24T13:30:00-04:00,7441.27,7445.53,7396.52,7399.98,581661026
2026-07-24T15:30:00-04:00,7399.88,7414.05,7399.53,7411.97,955075242
2026-07-27T09:30:00-04:00,7464.21,7480.58,7388.34,7405.93,991572189
2026-07-27T11:30:00-04:00,7405.85,7419.77,7382.74,7385.49,529901026
2026-07-27T13:30:00-04:00,7385.5,7421.29,7385.34,7420.39,537431375
2026-07-27T15:30:00-04:00,7420.58,7422.05,7407.9,7413.17,1005551366
2026-07-28T09:30:00-04:00,7395.54,7443.1,7382.96,7435.21,1254518456
2026-07-28T11:30:00-04:00,7435.17,7452.08,7432.83,7436.85,598175086
2026-07-28T13:30:00-04:00,7436.77,7443.47,7427.94,7440.29,597749300
2026-07-28T15:30:00-04:00,7440.32,7440.74,7427.25,7428.77,1143343045
2026-07-29T09:30:00-04:00,7418.15,7426.39,7361.47,7366.94,980849911
2026-07-29T11:30:00-04:00,7367.07,7395.63,7341.24,7381.45,603964632
2026-07-29T13:30:00-04:00,7381.17,7450.83,7366.98,7375.16,817392914
2026-07-29T15:30:00-04:00,7375.09,7380.64,7313.93,7316.14,1181129739
2026-07-30T09:30:00-04:00,7390.46,7417.35,7370.99,7373.07,1260399680
2026-07-30T11:30:00-04:00,7372.95,7426.05,7371.64,7421.14,577677241
2026-07-30T13:30:00-04:00,7421.28,7448.76,7416.48,7441.77,573133636
2026-07-30T15:30:00-04:00,7441.8,7443.92,7433.41,7437.62,1142243658
2026-07-31T09:30:00-04:00,7462.14,7489.51,7399.82,7425.2,1042608538
2026-07-31T11:30:00-04:00,7425.47,7487.44,7421.77,7486.78,530703407
2026-07-31T13:30:00-04:00,7486.78,7502.52,7475.75,7498.17,529319492
2026-07-31T15:30:00-04:00,7498.07,7512.03,7488.03,7489.71,1313052526
2026-08-03T09:30:00-04:00,7504.79,7581.75,7504.79,7575.38,1011655669
2026-08-03T11:30:00-04:00,7575.12,7596.16,7575.07,7595.13,518776078
2026-08-03T13:30:00-04:00,7595.15,7610.03,7594.48,7607.42,547736003
2026-08-03T15:30:00-04:00,7607.49,7609.14,7598.73,7600.49,1056102027
2026-08-04T09:30:00-04:00,7630.61,7703.14,7629.1,7698.35,1120463074
2026-08-04T11:30:00-04:00,7698.42,7739.66,7695.46,7736.61,618853683
2026-08-04T13:30:00-04:00,7736.69,7755.56,7733.98,7747.28,636586943
2026-08-04T15:30:00-04:00,7747.68,7758.22,7734.97,7736.51,1295062954
2026-08-05T09:30:00-04:00,7771.61,7793.67,7735.89,7741.36,1030712422
2026-08-05T11:30:00-04:00,7741.29,7749.36,7722.35,7736.97,539730658
2026-08-05T13:30:00-04:00,7737.02,7745.86,7734.44,7741.62,496182319
2026-08-05T15:30:00-04:00,7741.75,7742.69,7720.18,7723.54,1080451656
2026-08-06T09:30:00-04:00,7713.78,7742.86,7709.89,7715.62,930755941
2026-08-06T11:30:00-04:00,7716.11,7721.12,7698.16,7701.5,490714315
2026-08-06T13:30:00-04:00,7701.66,7721.46,7700.99,7709.85,508887540
2026-08-06T15:30:00-04:00,7710.15,7713.19,7700.63,7709.95,979923785
2026-08-07T09:30:00-04:00,7735.19,7762.44,7719.18,7759.99,913268258
2026-08-07T11:30:00-04:00,7760.01,7763.08,7734.64,7745.28,431938730
2026-08-07T13:30:00-04:00,7745.32,7757.7,7732.92,7754.93,445691044
2026-08-07T15:30:00-04:00,7754.95,7761.87,7748.88,7757.63,895229855
2026-08-10T09:30:00-04:00,7751.75,7773.77,7748.41,7760.42,859285209
2026-08-10T11:30:00-04:00,7760.5,7768.07,7743.12,7754.17,465333870
2026-08-10T13:30:00-04:00,7754.13,7757.01,7746.79,7752.07,414009773
2026-08-10T15:30:00-04:00,7752.13,7755.32,7745.84,7753.1,939827203
2026-08-11T09:30:00-04:00,7767.5,7767.5,7745.33,7747.58,758121387
2026-08-11T11:30:00-04:00,7747.56,7748.87,7725.79,7732.09,410732842
2026-08-11T13:30:00-04:00,7731.94,7736.57,7717.24,7728.98,422954772
2026-08-11T15:30:00-04:00,7729.09,7733.8,7720.7,7728.19,893958438
2026-08-12T09:30:00-04:00,7765.45,7766.02,7737.96,7745.65,856628795
2026-08-12T11:30:00-04:00,7745.82,7755.63,7738.07,7751.07,434212296
2026-08-12T13:30:00-04:00,7751.22,7758.95,7749.6,7752.05,482412534
2026-08-12T15:30:00-04:00,7752.11,7752.7,7742.93,7748.49,875666691
2026-08-13T09:30:00-04:00,7763.17,7816.71,7763.17,7784.19,847488474
2026-08-13T11:30:00-04:00,7784.19,7797.44,7776.93,7794.02,431845738
2026-08-13T13:30:00-04:00,7794.11,7806.93,7789.62,7802.56,500543587
2026-08-13T15:30:00-04:00,7802.71,7804.85,7796.25,7798.98,892410146
2026-08-14T09:30:00-04:00,7806.59,7810.02,7780.07,7784.39,700032321
2026-08-14T11:30:00-04:00,7784.31,7789.61,7778.04,7779.08,365170111
2026-08-14T13:30:00-04:00,7779.03,7786.46,7776.3,7783.32,374698007
2026-08-14T15:30:00-04:00,7783.37,7786.18,7781.05,7785.75,764602191
2026-08-17T09:30:00-04:00,7790.69,7790.69,7769.74,7777.91,728310005
2026-08-17T11:30:00-04:00,7777.99,7778.59,7755.52,7756.39,408520935
2026-08-17T13:30:00-04:00,7756.29,7758.98,7751.6,7751.72,442903376
2026-08-17T15:30:00-04:00,7751.62,7753.15,7744.89,7745.05,910567859
2026-08-18T09:30:00-04:00,7700.03,7713.94,7693.89,7698.92,832265498
2026-08-18T11:30:00-04:00,7698.79,7708.98,7695.9,7702.98,385941520
2026-08-18T13:30:00-04:00,7703.12,7705.43,7694.27,7699.91,448317683
2026-08-18T15:30:00-04:00,7699.93,7701.75,7688.64,7691.75,968381794
2026-08-19T09:30:00-04:00,7716.75,7743.94,7700.08,7730.31,1034573616
2026-08-19T11:30:00-04:00,7731.27,7739.37,7710.3,7715.31,469682253
2026-08-19T13:30:00-04:00,7715.35,7724.51,7709.53,7716.13,502240147
2026-08-19T15:30:00-04:00,7716.04,7722.73,7701.26,7707.97,956712859
2026-08-20T09:30:00-04:00,7690.48,7699.95,7672.46,7685.72,868156022
2026-08-20T11:30:00-04:00,7686.01,7687.05,7665.89,7666.06,436068487
2026-08-20T13:30:00-04:00,7666.1,7668.47,7649.91,7653.22,467163306
2026-08-20T15:30:00-04:00,7653.2,7654.69,7639,7641.15,913673297
2026-08-21T09:30:00-04:00,7665.69,7682.08,7660.05,7677.96,936593436
2026-08-21T11:30:00-04:00,7677.98,7697.1,7675.64,7677,438651551
2026-08-21T13:30:00-04:00,7676.9,7682.15,7669.53,7679.23,446140433
2026-08-21T15:30:00-04:00,7679.04,7686.29,7672.5,7674.36,902466122
2026-08-24T09:30:00-04:00,7663.37,7663.47,7638.16,7655.37,769851350
2026-08-24T11:30:00-04:00,7655.36,7670.31,7651.56,7652.02,422356076
2026-08-24T13:30:00-04:00,7652.12,7668.87,7648.85,7657.91,416096220
2026-08-24T15:30:00-04:00,7657.77,7660.66,7650.92,7652.85,876826152
2026-08-25T09:30:00-04:00,7676.65,7686.1,7650.91,7671.74,709486137
2026-08-25T11:30:00-04:00,7671.53,7677.7,7663.84,7665.79,376833923
2026-08-25T13:30:00-04:00,7665.82,7676.62,7665.11,7670.03,414159881
2026-08-25T15:30:00-04:00,7670,7680.55,7668.21,7677.27,828530428
2026-08-26T09:30:00-04:00,7666.89,7688.37,7662.91,7676.6,718179007
2026-08-26T11:30:00-04:00,7676.53,7681.03,7657.4,7673.94,374292249
2026-08-26T13:30:00-04:00,7673.95,7690.74,7671.62,7686.47,410091843
2026-08-26T15:30:00-04:00,7686.46,7688.78,7672.81,7675.69,849655541
2026-08-27T09:30:00-04:00,7710.33,7728.99,7689.9,7720.44,951224860
2026-08-27T11:30:00-04:00,7720.91,7741.26,7711.63,7735.13,448084347
2026-08-27T13:30:00-04:00,7735.19,7738.48,7710.18,7717.68,466012809
2026-08-27T15:30:00-04:00,7717.68,7732.15,7716.71,7730.98,908794489
2026-08-28T09:30:00-04:00,7735.16,7771.47,7715.86,7767.91,772193791
2026-08-28T11:30:00-04:00,7768,7768.17,7701.36,7707.08,515537665
2026-08-28T13:30:00-04:00,7706.81,7715.39,7700.9,7712.55,457719646
2026-08-28T15:30:00-04:00,7712.71,7716.15,7707.73,7711.75,840420992
2026-08-31T09:30:00-04:00,7697.51,7697.51,7665.07,7677.03,763812048
2026-08-31T11:30:00-04:00,7677.22,7680.58,7668.03,7672.38,399554961
2026-08-31T13:30:00-04:00,7672.36,7685.74,7668.31,7683.59,477341706
2026-08-31T15:30:00-04:00,7683.39,7696.32,7679.4,7686.13,1658031612
2026-09-01T09:30:00-04:00,7635.46,7661.7,7627.88,7652.74,815194017
2026-09-01T11:30:00-04:00,7652.9,7663.64,7626.1,7633.15,456808390
2026-09-01T13:30:00-04:00,7633.15,7638.54,7611.21,7630.2,537729406
2026-09-01T15:30:00-04:00,7630.43,7632.59,7621.79,7631.46,923498929
2026-09-02T09:30:00-04:00,7634.57,7681.01,7633.63,7680.11,841025068
2026-09-02T11:30:00-04:00,7680.1,7681.2,7660.94,7663.07,452169806
2026-09-02T13:30:00-04:00,7663.36,7676.73,7660.03,7671.24,503137789
2026-09-02T15:30:00-04:00,7670.9,7671.28,7664.12,7666.59,904387701
2026-09-03T09:30:00-04:00,7686.7,7745.85,7686.7,7745.68,867818536
2026-09-03T11:30:00-04:00,7745.64,7749.69,7737.61,7742.63,442642251
2026-09-03T13:30:00-04:00,7742.63,7756.77,7742.56,7750.54,489824585
2026-09-03T15:30:00-04:00,7750.52,7752.05,7744.24,7747.7,878824206
2026-09-04T09:30:00-04:00,7750.18,7750.18,7706.17,7710.43,837042738
2026-09-04T11:30:00-04:00,7710.4,7728.75,7706.11,7714.15,411578682
2026-09-04T13:30:00-04:00,7714.14,7719.36,7707,7715.57,409949279
2026-09-04T15:30:00-04:00,7715.49,7720.02,7712.18,7718.59,867109188
2026-09-08T09:30:00-04:00,7717.8,7717.8,7675.7,7693.86,907155300
2026-09-08T11:30:00-04:00,7693.81,7696.17,7681.29,7689.91,462190718
2026-09-08T13:30:00-04:00,7689.99,7694.22,7673.04,7684.38,502159344
2026-09-08T15:30:00-04:00,7684.31,7686.9,7666.98,7673.51,1023788199
2026-09-09T09:30:00-04:00,7660.67,7660.67,7624.15,7629.59,833712741
2026-09-09T11:30:00-04:00,7629.67,7647.01,7627.93,7643.75,461535891
2026-09-09T13:30:00-04:00,7643.88,7648.71,7637.28,7645.71,485294819
2026-09-09T15:30:00-04:00,7645.55,7646.28,7634.97,7636.35,951232321
2026-09-10T09:30:00-04:00,7594.73,7612.75,7580.07,7605.91,851764641
2026-09-10T11:30:00-04:00,7605.85,7612.87,7586.71,7599.4,473603936
2026-09-10T13:30:00-04:00,7599.17,7600.8,7585.98,7589.3,460320244
2026-09-10T15:30:00-04:00,7589.23,7595.74,7587.43,7591.69,945748421
2026-09-11T09:30:00-04:00,7636.74,7677.03,7636.74,7673.88,830915935
2026-09-11T11:30:00-04:00,7673.87,7676.24,7661.69,7673.41,421645471
2026-09-11T13:30:00-04:00,7673.44,7675.47,7659.57,7663.86,424260536
2026-09-11T15:30:00-04:00,7663.9,7664.53,7654.89,7656.97,972724850
2026-09-14T09:30:00-04:00,7611.43,7624.06,7592.29,7608.66,904703089
2026-09-14T11:30:00-04:00,7608.74,7648,7607.17,7639.78,494524444
2026-09-14T13:30:00-04:00,7639.82,7641.67,7628.97,7630.15,517969447
2026-09-14T15:30:00-04:00,7629.86,7631.92,7619.01,7619.97,958964887
2026-09-15T09:30:00-04:00,7612.29,7617.27,7572.68,7585.24,785853008
2026-09-15T11:30:00-04:00,7585.45,7591.56,7577.74,7579.65,508997215
2026-09-15T13:30:00-04:00,7579.63,7590.52,7578.82,7581.22,516958668
2026-09-15T15:30:00-04:00,7581.19,7586.15,7576.79,7585.72,968816280
2026-09-16T09:30:00-04:00,7601.24,7620.89,7597.6,7615.03,741446690
2026-09-16T11:30:00-04:00,7615.19,7626.78,7604.12,7610.37,382935151
2026-09-16T13:30:00-04:00,7610.41,7622.78,7507.78,7523.72,687298580
2026-09-16T15:30:00-04:00,7523.19,7554.7,7522.29,7551.8,1085893712
2026-09-17T09:30:00-04:00,7631.43,7646.61,7611.82,7627.26,902119511
2026-09-17T11:30:00-04:00,7627.19,7639.45,7626.78,7631.45,448129832
2026-09-17T13:30:00-04:00,7631.59,7641.76,7630.28,7637.41,454322332
2026-09-17T15:30:00-04:00,7637.58,7646.85,7636.13,7637.75,1071877202
2026-09-18T09:30:00-04:00,7657.16,7657.16,7618.45,7630.22,1115482073
2026-09-18T11:30:00-04:00,7630.21,7631.26,7610.53,7624.64,429616960
2026-09-18T13:30:00-04:00,7624.65,7648.04,7622.81,7638.67,475411865
2026-09-18T15:30:00-04:00,7638.68,7651.39,7636.75,7650.49,3733321958
2026-09-21T09:30:00-04:00,7692.82,7732.06,7691.18,7728.81,1015237833
2026-09-21T11:30:00-04:00,7728.85,7760.09,7727.97,7758.11,540039118
2026-09-21T13:30:00-04:00,7758.26,7775.83,7753.15,7771.26,567144386
2026-09-21T15:30:00-04:00,7771.24,7779.23,7764.21,7764.69,1138706551
2026-09-22T09:30:00-04:00,7770.8,7782.2,7760.23,7763.8,933160262
2026-09-22T11:30:00-04:00,7763.59,7767.15,7756.27,7765.38,502287454
2026-09-22T13:30:00-04:00,7765.42,7774.87,7761.14,7773.92,597007860
2026-09-22T15:30:00-04:00,7773.99,7779.22,7763.84,7764.63,1105344257
2026-09-23T09:30:00-04:00,7761.93,7761.93,7713.29,7720.04,920716809
2026-09-23T11:30:00-04:00,7720.27,7723.12,7694.9,7702.86,504067023
2026-09-23T13:30:00-04:00,7702.97,7719.92,7701.14,7705.95,501607047
2026-09-23T15:30:00-04:00,7706.03,7711,7695.53,7706.02,1027695142
2026-09-24T09:30:00-04:00,7666.98,7694.6,7662.58,7666.25,850858642
2026-09-24T11:30:00-04:00,7666.25,7719,7664.17,7702.52,587394869
2026-09-24T13:30:00-04:00,7702.57,7712.98,7686.76,7706.03,528530128
2026-09-24T15:30:00-04:00,7706.13,7711.87,7703.01,7704.12,934126529
2026-09-25T09:30:00-04:00,7709.85,7733.59,7693.07,7717.92,782497334
2026-09-25T11:30:00-04:00,7717.72,7749.31,7705.39,7742.85,519835638
2026-09-25T13:30:00-04:00,7742.81,7745.01,7731.85,7732.78,455600210
2026-09-25T15:30:00-04:00,7732.91,7752.08,7731.8,7743.4,854892262