time,open,high,low,close,Swing High,Swing Low,Trail,Fast,Signal,Base line,Band A,Band B,Fast,Slow
2026-02-25T09:00:00-05:00,5185.175,5217.78,5158.645,5206.945,5250.005,5093.225,,38.105343034035414,38.89524557392586,38.4058204990142,53.17458515418847,23.637055843839917,61.85552431660186,61.118681105099945
2026-02-25T13:00:00-05:00,5206.96,5208.445,5144.905,5163.58,5250.005,5093.225,,40.92988467682784,39.68342557735558,38.161936731212975,52.44559879399824,23.878274668427707,59.225296386202814,60.383990465202025
2026-02-25T17:00:00-05:00,5173.57,5198.455,5155.13,5191.5,5250.005,5093.225,,43.23905573459852,39.40853046957329,37.74089935195037,51.18803123713758,24.293767466763157,57.066000725345106,60.63698437288393
2026-02-25T21:00:00-05:00,5191.495,5205.64,5174.07,5198.365,5250.005,5093.225,,40.850744527752994,39.59505308169867,37.46447739189962,50.502175735735435,24.426779048063807,59.270031021264714,60.460670028553736
2026-02-26T01:00:00-05:00,5198.395,5199.82,5167.7,5186.49,5250.005,5093.225,,41.58394603210829,40.533049444003616,37.43254673504871,50.432525513786715,24.432567956310706,58.58964417395512,59.584731877851176
2026-02-26T05:00:00-05:00,5186.485,5190.335,5157.87,5165.995,5217.78,5093.225,,44.76829002647506,41.80238079623707,37.418906437874405,50.39256539531251,24.445247480436308,55.63396059893597,58.400815621744904
2026-02-26T09:00:00-05:00,5165.985,5192.955,5130.235,5167.345,5217.78,5093.225,,46.64441331787562,42.80381273224111,37.37978305007557,50.275837472528195,24.483728627622938,53.88843366833574,57.464581775581244
2026-02-26T13:00:00-05:00,5167.49,5201.005,5160.53,5185.17,5217.78,5093.225,,44.992625566518896,43.770175805518065,37.35021297995608,50.20659902137314,24.49382693853903,55.390327125500015,56.553616424287235
2026-02-26T17:00:00-05:00,5182.035,5195.03,5166.995,5194.41,5217.78,5093.225,,42.679478175487084,43.30369658900089,37.26660656878104,50.02010671857128,24.513106418990816,57.495570878594435,56.97037448769313
2026-02-26T21:00:00-05:00,5194.47,5200.64,5173.59,5197.815,5217.78,5093.225,,41.607695726783604,43.30407294614237,37.172398517046716,49.81522192086832,24.52957511322512,58.472409551046525,56.95544751734478
2026-02-27T01:00:00-05:00,5197.83,5199.47,5172.225,5176.11,5217.78,5093.225,,43.912053152624196,44.17835619610696,37.16167336453115,49.78330900605676,24.54003772300554,56.36094047646111,56.13920576060638
2026-02-27T05:00:00-05:00,5176.145,5240.825,5168.685,5223.22,5217.78,5130.235,,42.502548141370255,43.5665306916458,36.97257590668751,49.41072305648009,24.534428756894926,57.645113858661425,56.68558171297514
2026-02-27T09:00:00-05:00,5223.17,5257.75,5213.935,5234.74,5217.78,5130.235,,37.65330571845827,42.145503536673594,36.73747587451635,48.978258534833735,24.496693214198956,62.08778833597543,57.98315654261766
2026-02-27T13:00:00-05:00,5234.75,5281.155,5222.665,5278.51,5217.78,5130.235,,34.008313751433974,39.95621652980534,36.41755883562446,48.653896510958106,24.181221160290818,65.49169013842788,60.00079784728719
2026-03-01T17:00:00-05:00,5368.53,5394.005,5303.39,5325.44,5217.78,5130.235,,28.857839563147692,37.535564678567546,36.03810407976618,48.536875545237564,23.539332614294793,70.35441594663999,62.258610491514794
2026-03-01T21:00:00-05:00,5325.34,5367.325,5317.325,5366.04,5217.78,5130.235,,24.87449077433466,34.869077272333215,35.63861016701868,48.61470864749418,22.662511686543183,74.17659006293782,64.76680332852816
2026-03-02T01:00:00-05:00,5366.045,5419.66,5363.835,5392.11,5217.78,5130.235,,22.317834490687275,32.02417575396859,35.31245153691253,48.83868191147526,21.786221162349804,76.658715692627,67.45469796053779
2026-03-02T05:00:00-05:00,5392.115,5417.045,5374.37,5394.08,5217.78,5130.235,,21.329668250676207,28.416967300348077,35.10766211955821,49.04286691310819,21.172457326008242,77.62331284490851,70.84176686237026
2026-03-02T09:00:00-05:00,5394.1,5395.375,5260.285,5306.995,5217.78,5130.235,,30.53591159921774,28.605136741925023,35.58605192429677,49.18735887711624,21.984744971477298,69.07170119272457,70.71943719884155
2026-03-02T13:00:00-05:00,5306.99,5346.585,5289.87,5321.935,5217.78,5130.235,,38.97600657797605,28.794881831638875,36.01788529767516,49.19660542411328,22.839165171237028,61.231519170959835,70.59711852950868
2026-03-02T17:00:00-05:00,5344.96,5379.975,5329.3,5339.67,5217.78,5130.235,,37.16488342213661,29.5070137906972,36.316218517657866,49.19199522701484,23.44044180830089,62.92055299830201,69.98482658737701
2026-03-02T21:00:00-05:00,5339.69,5375.865,5305.1,5319.32,5419.66,5130.235,,38.09736015376393,31.434744857529225,36.699091771018566,49.33818812588572,24.05999541615141,62.04642629405466,68.22340720019858
2026-03-03T01:00:00-05:00,5319.36,5336.12,5225.57,5275.345,5419.66,5130.235,,43.690708413091585,34.88307597319918,37.46875727084148,49.65421279661842,25.283301745064534,56.79267794670551,65.01799455416777
2026-03-03T05:00:00-05:00,5275.28,5288.07,5073.135,5156.895,5419.66,5130.235,,54.318316786699825,40.577739799247105,38.68804842547891,51.50080131423863,25.875295536719193,46.6481601595232,59.64896276216892
2026-03-03T09:00:00-05:00,5156.885,5175.7,4996.275,5079.63,5419.66,5130.235,,64.30522606891597,47.16180677841055,39.712483051895695,54.60459761748538,24.82036848630601,36.9834560731929,53.40660690510617
2026-03-03T13:00:00-05:00,5079.545,5149.055,5079.375,5088.835,5419.66,5130.235,,66.67982572760559,50.90457240735792,40.714168843870794,57.07848481416906,24.34985287357253,34.61544252179232,49.804317427616844
2026-03-03T17:00:00-05:00,5106.335,5178.82,5105.37,5175.155,5419.66,5130.235,,60.464628659830026,53.30141308751168,41.31231267183705,58.03063195303203,24.59399339064207,40.41042375988063,47.45772250194069
2026-03-03T21:00:00-05:00,5175.075,5191.065,5141.14,5160.09,5419.66,5130.235,,55.612918573819,56.17543959355289,41.608007017206894,58.77527255735858,24.440741477055212,44.91954028978341,44.661170939468676
2026-03-04T01:00:00-05:00,5160.095,5185.4,5117.72,5182.51,5419.66,5130.235,,54.97547070883317,58.12373038896004,42.01957584583474,59.48775472823062,24.55139696343886,45.49925275421219,42.72995863341426
2026-03-04T05:00:00-05:00,5182.53,5206.265,5156.51,5167.965,5419.66,4996.275,,54.38961188481498,59.232269156902426,42.36959838691175,60.20091918204322,24.538277591780272,46.03658449693278,41.58800138239076
2026-03-04T09:00:00-05:00,5167.99,5185.33,5120.285,5141.285,5419.66,4996.275,,56.48308006806874,58.74223418363687,42.92093065792396,61.217016418702954,24.624844897144968,44.052011632415784,41.98820191138357
2026-03-04T13:00:00-05:00,5141.23,5146.945,5108.64,5140.945,5419.66,4996.275,,57.84840219863936,57.3874623368234,43.55784971497276,62.19713826690691,24.918561163038618,42.75774463110232,43.23779811322202
2026-03-04T17:00:00-05:00,5152.485,5186.575,5144.86,5172.85,5419.66,4996.275,,55.617533415213536,55.58157923723915,44.013571269078234,62.770094185967224,25.257048352189244,44.815818386430145,44.90259501556581
2026-03-04T21:00:00-05:00,5172.8,5195.22,5148.41,5148.755,5419.66,4996.275,,54.76290608923476,55.758398745224746,44.502918202042785,63.502496422451685,25.503339981633886,45.58557379723276,44.71641240960833
2026-03-05T01:00:00-05:00,5148.755,5180.48,5120.785,5161.26,5206.265,4996.275,,55.24363436508351,55.476069463314715,45.021706053257546,64.07477857078887,25.968633535726227,45.121188420681904,44.96020876725108
2026-03-05T05:00:00-05:00,5161.255,5171.54,5081.23,5118.085,5206.265,4996.275,,56.80666610008613,56.28159742843989,45.43684652105798,64.8851269707719,25.988566071344053,43.643872019302435,44.18630362820555
2026-03-05T09:00:00-05:00,5118.09,5130.005,5054.22,5062.87,5206.265,4996.275,,61.94164721012445,57.633793841974565,46.12185849299436,66.22134315513513,26.022373830853596,38.805954866266546,42.89431458706073
2026-03-05T13:00:00-05:00,5062.75,5094.925,5050.905,5081.38,5206.265,4996.275,,63.137909258783296,58.18297719721547,46.74785621111858,67.21906580424138,26.276646617995766,37.62937727759454,42.351265241113765
2026-03-05T17:00:00-05:00,5090.81,5144.05,5066.4,5134.575,5206.265,4996.275,,57.86476900406769,57.63847007209694,47.079553961933144,67.61440655101505,26.544701372851236,42.495916119831605,42.81950644098338
2026-03-05T21:00:00-05:00,5134.44,5141.64,5114.23,5117.63,5206.265,4996.275,,54.99385040151601,58.00478205044475,47.349359762591575,68.02594571956274,26.67277380562041,45.142280789132386,42.444540213314404
2026-03-06T01:00:00-05:00,5117.595,5123.16,5083.33,5085.715,5206.265,4996.275,,57.63036767812993,58.457744811781275,47.725786571359855,68.65786838822348,26.79370475449622,42.678021567212,41.98877723240603
2026-03-06T05:00:00-05:00,5085.77,5131.245,5063.215,5085.12,5206.265,4996.275,,59.3589472534342,59.18058573283066,48.19443750888071,69.32866637148078,27.060208646280643,41.060833868641105,41.284438912731325
2026-03-06T09:00:00-05:00,5085.17,5171.89,5080.905,5141.01,5206.265,5050.905,,55.337783373301875,58.038064032700056,48.47039275946662,69.54506985692103,27.395715662012208,44.77587199002371,42.31220579546925
2026-03-06T13:00:00-05:00,5141.015,5176.63,5138.88,5171.5,5206.265,5050.905,,49.37112995386574,55.58900937389961,48.65111011047378,69.63177905773743,27.67044116321013,50.307652860764875,44.57063833973085
2026-03-08T17:00:00-04:00,5171.95,5171.95,5028.54,5050.03,5206.265,5050.905,,53.85813424396551,55.38669974275212,49.05545635307493,70.26368139172531,27.847231314424548,46.11639473780468,44.73706792695786
2026-03-08T21:00:00-04:00,5049.625,5102.255,5015.045,5090.36,5206.265,5050.905,,57.831377756051374,55.57946901732351,49.5528059701609,70.61584336431898,28.489768576002803,42.40799110214502,44.54551690610611
2026-03-09T01:00:00-04:00,5090.35,5140.79,5081.185,5096.725,5206.265,5050.905,,55.0272726355455,55.39624895247483,50.07745440702122,70.87235311033169,29.282555703710756,45.030067007633555,44.70500684652963
2026-03-09T05:00:00-04:00,5096.71,5132.765,5079.93,5095.07,5206.265,5050.905,,54.73729539683674,54.752876936954024,50.77215783165517,70.90806208028695,30.63625358302339,45.301517291461565,45.29508711303457
2026-03-09T09:00:00-04:00,5095.075,5116.28,5060.595,5104.74,5176.63,5050.905,,54.17771618233449,53.91589721787491,51.56685891403221,70.51523362745867,32.61848420060575,45.81955561049212,46.06464162991563
2026-03-09T13:00:00-04:00,5104.76,5148.205,5089.135,5137.91,5176.63,5050.905,,51.37629980758423,53.621024489606135,52.331087774787484,69.53865812167321,35.12351742790176,48.419567272348324,46.336142907984446
2026-03-09T17:00:00-04:00,5128.805,5156.21,5117.355,5131.225,5176.63,5015.045,,49.65960291590358,53.998318064171436,53.175198233162575,68.03787940862819,38.31251705769697,50.01872805173382,45.982091684478185
2026-03-09T21:00:00-04:00,5131.155,5187.055,5124.835,5163.845,5176.63,5015.045,,48.00189943111276,51.947814543076774,53.90004255010729,65.94669501423319,41.85339008598139,51.56526060022681,47.89296172581935
2026-03-10T01:00:00-04:00,5163.84,5195.405,5158.395,5183.48,5176.63,5015.045,,44.71771573691055,50.251557487274056,54.009422005968034,65.76026694149164,42.25857707044443,54.623911083047986,49.47235453616475
2026-03-10T05:00:00-04:00,5183.58,5192.045,5156.5,5187.085,5176.63,5015.045,,43.30816690117234,48.599498618970166,54.15487551029531,65.46057431038696,42.849176710203665,55.94080768802067,51.010316205929946
2026-03-10T09:00:00-04:00,5187.01,5238.775,5185.3,5227.58,5176.63,5015.045,,40.71008395376026,46.243782789252215,54.21796321371061,65.27349078318733,43.162435644233895,58.37652385378942,53.20807069682984
2026-03-10T13:00:00-04:00,5227.585,5235.55,5160.65,5192.51,5176.63,5015.045,,41.22538305504633,44.898832011173546,54.338876857429575,65.03866873324338,43.63908498161577,57.98127915407194,54.48509436123847
2026-03-10T17:00:00-04:00,5191.79,5219.59,5183.47,5215.455,5176.63,5015.045,,42.74213177713826,43.77687763769621,54.16216458806631,65.28114760175393,43.04318157437869,56.64088107643348,55.55701749799703
2026-03-10T21:00:00-04:00,5215.45,5223.385,5194.02,5204.61,5176.63,5015.045,,42.273938947370226,42.78864230587829,53.63038404335137,64.95731838695689,42.303449699745855,57.100820171152805,56.508549252501034
2026-03-11T01:00:00-04:00,5204.4,5210.97,5175.35,5187.695,5176.63,5015.045,,44.59154268708507,42.80248999654543,53.00253615384096,63.83070243881138,42.174369868870535,54.99442718693943,56.53677937991493
2026-03-11T05:00:00-04:00,5187.67,5197.175,5166.835,5167.53,5238.775,5015.045,,47.6297492170829,43.62065187164182,52.50979130743827,62.74002333525162,42.27955927962492,52.2267370897324,55.823642397268024
2026-03-11T09:00:00-04:00,5167.48,5196.315,5149.155,5175.77,5238.775,5015.045,,48.61699254730292,44.319297324011316,52.30561638251584,62.585904617162,42.02532814786967,51.326866921628344,55.21851058951712
2026-03-11T13:00:00-04:00,5175.84,5183.76,5154.985,5176.48,5238.775,5015.045,,47.918886244260165,45.680309668927514,52.0572011704054,62.34366027128887,41.77074206952193,51.96478238043507,53.99171626202393
2026-03-11T17:00:00-04:00,5178.045,5178.32,5125.64,5153.205,5238.775,5015.045,,49.92402436208451,46.80462341173651,52.00847247976592,62.28521348014937,41.73173147938247,50.14372973477555,52.97921075543245
2026-03-11T21:00:00-04:00,5153.2,5175.15,5140.62,5142.7,5238.775,5015.045,,52.88157413257531,48.577293199052384,51.96849306733248,62.220061619694626,41.71692451497034,47.453174375156735,51.36665720451628
2026-03-12T01:00:00-04:00,5142.76,5189.86,5137.17,5178.22,5238.775,5015.045,,50.54724887583404,49.16842624844046,51.65930593904623,61.85058629629537,41.468025581797086,49.5633382682005,50.82564449744608
2026-03-12T05:00:00-04:00,5178.205,5191.79,5163.685,5181.625,5238.775,5015.045,,47.02716209973058,49.27318445980824,51.331949532102556,61.45525208091701,41.2086469832881,52.75611628553932,50.72713980411625
2026-03-12T09:00:00-04:00,5181.575,5186.145,5109.85,5123.55,5238.775,5015.045,,51.672989097462256,50.323637642834555,51.42727392035498,61.63923650185086,41.215311338859095,48.49969198223451,49.76077446673239
2026-03-12T13:00:00-04:00,5123.495,5129.87,5055.125,5079.255,5238.775,5015.045,,59.49202703743908,52.38033717127571,51.61013311729104,62.179213771580436,41.04105246300165,41.274920832331745,47.855155207174356
2026-03-12T17:00:00-04:00,5083.865,5115.4,5077.79,5113.78,5238.775,5015.045,,59.22860242262372,53.554985122367,51.66168380609264,62.27629367517274,41.04707393701254,41.44468166808852,46.755031406061946
2026-03-12T21:00:00-04:00,5113.95,5128.475,5102.825,5104.59,5238.775,5015.045,,56.70391441340382,54.31744861450981,51.604088900427385,62.12345671303571,41.08472108781906,43.73832018192874,46.02503819207527
2026-03-13T01:00:00-04:00,5104.82,5111.26,5061.72,5087.55,5238.775,5015.045,,58.4706600237035,55.15186680554648,51.45750808924436,61.583404653273675,41.33161152521504,42.09062422583504,45.22287422054146
2026-03-13T05:00:00-04:00,5087.485,5122.01,5079.94,5118.3,5238.775,5015.045,,56.78403169012145,56.099386561449066,51.23033139638845,60.96860894588909,41.49205384688781,43.61150451741984,44.3245142632808
2026-03-13T09:00:00-04:00,5118.335,5121.265,5019.2,5046.045,5238.775,5015.045,,58.4361971506864,58.411591105819575,51.49112150963369,61.7171532518346,41.265089767432784,42.00088839034726,42.14995196477229
2026-03-13T13:00:00-04:00,5045.955,5064.08,5009.745,5020.6,5238.775,5015.045,,64.20362486756954,59.67956821005113,51.77208283556807,62.63184931348734,40.9123163576488,36.580855705001355,40.919132469785616
2026-03-15T17:00:00-04:00,5014.955,5031.005,4967.775,5026.005,5238.775,5015.045,,64.97301440401797,59.97758749627068,51.92304190527416,63.14266151681183,40.703422293736494,35.83157268809493,40.594709637847494
2026-03-15T21:00:00-04:00,5026.02,5026.66,4982.675,5013.05,5238.775,5015.045,,65.15468727687376,61.37273531126543,52.113008719299806,63.793397030388796,40.432620408210816,35.644878521981276,39.26204585661212
2026-03-16T01:00:00-04:00,5013.045,5036.01,4985.115,4991.305,5238.775,5015.045,,66.982708751769,62.91438587866073,52.608037515772224,65.07670810703526,40.13936692450919,33.91422626583885,37.787825661821806
2026-03-16T05:00:00-04:00,4991.135,5025.585,4970.23,5020.06,5238.775,5015.045,,65.15890405746082,63.283662178053234,53.04170131362893,65.69169311010945,40.3917095171484,35.53991714857787,37.39041526311007
2026-03-16T09:00:00-04:00,5020.055,5038.145,4974.235,4990.74,5238.775,5015.045,,63.85576387135551,64.93488078758475,53.19613337620693,66.1546581812629,40.237608571150965,36.68857207246329,35.80984496326279
2026-03-16T13:00:00-04:00,4990.78,5021.835,4984.015,5006.565,5238.775,4967.775,,63.91521167600955,64.84909489957414,53.39957389715588,66.58494765381272,40.21420014049904,36.59789316894376,35.84670234270907
2026-03-16T17:00:00-04:00,5011.11,5016.185,4998.29,5003.03,5238.775,4967.775,,62.54004597425683,64.45957253235255,53.638061219660536,67.06691561488162,40.20920682443945,37.85426226547827,36.17367540911334
2026-03-16T21:00:00-04:00,5002.91,5042.185,4994.935,5038.05,5238.775,4967.775,,59.27380389234557,63.220749039096305,53.66642733806816,67.10442929001427,40.228425386122055,40.84872273207723,37.28017378384687
2026-03-17T01:00:00-04:00,5038.045,5044.9,5005.04,5024.95,5238.775,4967.775,,56.740414129211516,62.055494490163326,53.78880815771213,67.27169318080729,40.305923134616975,43.17298992051278,38.32456438012235
2026-03-17T05:00:00-04:00,5024.905,5026.055,4992.06,5011.905,5238.775,4967.775,,58.63195296702105,60.83481881488261,54.09323046509386,67.60300475323456,40.58345617695316,41.435447838400236,39.42909423315013
2026-03-17T09:00:00-04:00,5011.9,5031.59,4973.72,5002.06,5238.775,4967.775,,60.27945543892355,60.6613663134384,54.4135053649486,68.00312855570006,40.82388217419714,39.920520601975355,39.57616536680734
2026-03-17T13:00:00-04:00,5002.05,5009.21,4996.445,5005.725,5238.775,4967.775,,60.56279467588078,59.893970473318404,54.83210665596257,68.29192021976768,41.37229309215746,39.65502250774966,40.276651500374804
2026-03-17T17:00:00-04:00,5001.96,5012.24,4993.39,5004.32,5238.775,4967.775,,60.252617585467306,59.61491085899776,55.32732312074606,68.48190199387213,42.172744247619995,39.936497793496585,40.530052402393856
2026-03-17T21:00:00-04:00,5004.3,5016.29,4981.83,4987.2,5044.9,4967.775,,61.76586624221427,59.67277626416338,55.91785367602386,68.77542612753507,43.06028122451264,38.5551017019409,40.47689133936412
2026-03-18T01:00:00-04:00,4987.17,5016.53,4977.455,4987.645,5044.9,4967.775,,63.10181743350883,60.708629013615834,56.644483913672445,68.64526742145114,44.64370040589375,37.33440489857895,39.525961592822924
2026-03-18T05:00:00-04:00,4987.645,4995.85,4870.87,4881.815,5044.9,4967.775,,69.2891329549882,63.25812450009958,57.5686624936675,70.10643778342586,45.030887203909145,31.510635928899788,37.14479019890327
2026-03-18T09:00:00-04:00,4881.78,4894.67,4834.38,4886.95,5044.9,4967.775,,74.87938784777681,65.35075326526034,58.53491074135707,71.02042709013153,46.04939439258261,26.231916865746197,35.18209560063605
2026-03-18T13:00:00-04:00,4887,4899.46,4806.845,4818.415,5044.9,4967.775,,76.81867817360049,67.98361671000728,59.6007059775634,72.57558466454796,46.62582729057884,24.303121870098618,32.68267627550992
2026-03-18T17:00:00-04:00,4824.645,4848.87,4804.225,4841.38,5044.9,4967.775,,76.70952069479019,69.96410355637731,60.424203565339724,73.39732916668532,47.45107796399412,24.26514727557878,30.784988391444376
2026-03-18T21:00:00-04:00,4841.385,4867.225,4832.995,4849.87,5044.9,4967.775,,73.0175958887158,71.63075336807827,61.09410872295357,74.05184225293453,48.13637519297261,27.66316774311009,29.176010546828063
2026-03-19T01:00:00-04:00,4849.86,4853.885,4686.885,4709.635,5044.9,4967.775,,76.54179296978315,74.18579690711127,62.06683888430914,75.58902197025257,48.54465579836571,24.203997320089055,26.684672853772415
2026-03-19T05:00:00-04:00,4709.64,4726.02,4531.275,4574.815,5044.9,4967.775,,83.43149106585652,77.43923154874905,63.183085477165115,77.58732260927587,48.77884834505436,17.454795265180653,23.496122080142836
2026-03-19T09:00:00-04:00,4574.745,4649.31,4502.365,4584.95,5044.9,4967.775,,84.95249685519855,78.6610437357428,64.12733726625703,79.26573765130976,48.98893688120429,15.881213982382096,22.219123726195935
2026-03-19T13:00:00-04:00,4584.94,4663.63,4573.915,4650.72,5044.9,4967.775,,78.89502704150102,78.58655703267026,64.71328858945486,79.78225748324006,49.644319695669665,21.593839824182414,22.170957211124612
2026-03-19T17:00:00-04:00,4659.99,4677.205,4634.355,4648.745,5044.9,4967.775,,73.75094306327483,77.78454798993548,65.49226045375354,79.93313099976999,51.05138990773711,26.445754615836737,22.83130451069254
2026-03-19T21:00:00-04:00,4648.74,4736.175,4639.42,4721.82,5044.9,4967.775,,68.69943417347191,76.29796088372217,65.98812812320436,79.44423632426444,52.532019922144286,31.225663537388023,24.15967614307011
2026-03-20T01:00:00-04:00,4721.845,4734.96,4661.305,4693.85,5044.9,4967.775,,64.58261040512463,75.37455213748085,66.25164994243957,79.44720377184561,53.05609611303353,35.13055532426012,24.96484381959255
2026-03-20T05:00:00-04:00,4693.855,4700.65,4637.245,4678.445,5044.9,4502.365,,66.10965593659299,73.3173503028107,66.37740041138989,79.52786953710778,53.226931285671995,33.70005974418602,26.872836835669244
2026-03-20T09:00:00-04:00,4678.42,4679.615,4540.785,4583.105,5044.9,4502.365,,69.54560612602708,71.40715644038673,66.858532513228,79.78129241113876,53.93577261531725,30.46442526406172,28.68188096212999
2026-03-20T13:00:00-04:00,4583.155,4600.885,4477.54,4497.48,5044.9,4502.365,,74.4337293962669,70.31198817168737,67.42033070449946,80.3129450363909,54.52771637260804,25.830540957719595,29.715501685765673
2026-03-22T17:00:00-04:00,4472.24,4536.415,4319.92,4354.325,5044.9,4502.365,,78.87139762249353,71.40040517781316,68.05857590139212,81.30017805168819,54.81697375109606,21.556210168769073,28.671129632011894
2026-03-22T21:00:00-04:00,4354.13,4454.51,4330.325,4367.97,5044.9,4502.365,,80.46432329693444,72.23009680987583,68.813289034312,81.80550609736333,55.82107197126068,19.990956807140197,27.87127374042381
2026-03-23T01:00:00-04:00,4367.92,4380.155,4099.125,4251.44,5044.9,4502.365,,81.26830726835779,74.99151177635197,69.40164120243162,82.83887903427691,55.964403370586325,19.185362982946767,25.2310437593144
2026-03-23T05:00:00-04:00,4251.45,4492.925,4223.685,4478.505,5044.9,4502.365,,72.33370418265517,74.44469503202743,69.29152899402293,82.85126086287069,55.73179712517516,27.68643611075537,25.744382536565304
2026-03-23T09:00:00-04:00,4478.51,4513.165,4350.63,4375.79,5044.9,4502.365,,63.87043933435965,74.3517356042853,69.3367838453929,82.86075641852787,55.81281127225793,35.780811752054106,25.825544332990994
2026-03-23T13:00:00-04:00,4375.745,4467.27,4370.825,4406.505,5044.9,4502.365,,64.85067013281282,73.10328474825191,69.27364563260758,82.85289520486575,55.69439606034942,34.86381557801285,27.0013511976942
2026-03-23T17:00:00-04:00,4382.825,4448.355,4331.36,4364.59,5044.9,4502.365,,64.59041118022351,71.53935897113006,69.1960604588314,82.8117469752403,55.5803739424225,35.12715447269326,28.48171962298347
2026-03-23T21:00:00-04:00,4364.635,4379.465,4305.88,4333.595,5044.9,4099.125,,66.12896824244149,69.46259063966562,69.33070823172409,82.82219424540948,55.8392222180387,33.67645296774518,30.464277711687373
2026-03-24T01:00:00-04:00,4333.6,4433.31,4320.04,4412.02,5044.9,4099.125,,63.65200521902953,66.73583952030009,69.18407465575339,82.85207571150951,55.51607359999728,36.03524258815369,33.06580127470161
2026-03-24T05:00:00-04:00,4411.975,4442.245,4362.065,4379.115,5044.9,4099.125,,61.33028830938968,63.766013794246156,69.17865391604057,82.85387644232827,55.50343138975286,38.2548321643514,35.912697477802986
2026-03-24T09:00:00-04:00,4379.06,4434.31,4351.09,4421.485,5044.9,4099.125,,60.46183467493215,63.34387680380779,69.06182693226371,82.9225832949327,55.201070569594734,39.08917536558147,36.3237267760805
2026-03-24T13:00:00-04:00,4421.49,4484.495,4372.655,4474.275,5044.9,4099.125,,56.793894993720755,61.744143982635045,69.03277692200382,82.96883457367134,55.096719270336294,42.56787932957058,37.851859642807696
2026-03-24T17:00:00-04:00,4476.635,4572.18,4455.885,4563.295,5044.9,4099.125,,51.78008490439847,59.60942388140369,68.7700428602159,83.45985182229947,54.08023389813233,47.34268204638691,39.889117195615945
2026-03-24T21:00:00-04:00,4563.265,4602.645,4552.375,4573.02,5044.9,4099.125,,48.44570101419612,57.13136964948436,68.43358563066117,83.98322414808099,52.88394711324136,50.52577447677004,42.2514653582582
2026-03-25T01:00:00-04:00,4573.15,4573.585,4533.145,4556.32,5044.9,4099.125,,48.738511576932495,54.64072197697255,68.09116380951053,84.37873676609269,51.80359085292838,50.27138360435136,44.630525948932
2026-03-25T05:00:00-04:00,4556.295,4585.6,4521.88,4544.095,5044.9,4099.125,,49.80666131219865,53.17555710467554,67.80087190338575,84.67290284139816,50.928840965373354,49.29621401656057,46.040314337803025
2026-03-25T09:00:00-04:00,4544.09,4579.44,4525.265,4555.135,5044.9,4099.125,,49.82795117968455,51.35433993991394,67.47794813858214,84.9781260909891,49.97777018617518,49.28943669381303,47.78327010020674
2026-03-25T13:00:00-04:00,4555.155,4569.025,4486.59,4506.845,5044.9,4099.125,,51.326669120550676,50.565509803423694,67.18680148446437,85.07991171186681,49.29369125706192,47.94269814992604,48.56989227618719
2026-03-25T17:00:00-04:00,4521.855,4539.065,4489.075,4535.78,4602.645,4099.125,,52.00371855263249,49.985718099603005,66.82511879264823,85.24605545344997,48.4041821318465,47.358509192102176,49.152021489501486
2026-03-25T21:00:00-04:00,4535.72,4544.815,4500.055,4520.54,4602.645,4099.125,,51.390218605029844,50.45411943217551,66.13392416976095,84.81746468087897,47.450383658642906,47.9476352888635,48.74273605975192
2026-03-26T01:00:00-04:00,4520.58,4522.55,4412.44,4428.055,4602.645,4099.125,,55.57597936584817,52.02294048578931,65.6896241760642,84.32608557119886,47.05316278092954,44.1273639546432,47.323904197465254
2026-03-26T05:00:00-04:00,4427.995,4456.865,4414.705,4429.47,4602.645,4099.125,,59.04139492532087,53.3978003888579,65.08820162574449,83.40021529103714,46.77618796045183,40.9605676264827,46.08250292321802
2026-03-26T09:00:00-04:00,4429.315,4479.895,4366.95,4389.375,4602.645,4099.125,,60.39832702623063,55.04913068979845,64.73014219556069,82.88757597873537,46.57270841238602,39.71193000587009,44.585537337267965
2026-03-26T13:00:00-04:00,4389.305,4420.75,4351.355,4378.2,4602.645,4099.125,,62.22050342947698,56.93852960308431,64.4530785399069,82.50097460901594,46.40518247079787,38.03454145472614,42.86681856919319
2026-03-26T17:00:00-04:00,4388.67,4415.4,4375.525,4378.76,4602.645,4099.125,,62.57868725697874,58.263993014492186,63.90878303598396,81.34464354324453,46.472922528723394,37.703839645840745,41.66014919324359
2026-03-26T21:00:00-04:00,4378.745,4449.83,4377.28,4445.955,4602.645,4099.125,,58.578740485933565,58.817107298313196,62.99115203520555,79.46820517010212,46.51409890030898,41.353908383248125,41.15121833809203
2026-03-27T01:00:00-04:00,4446.08,4475.3,4424.025,4424.51,4602.645,4099.125,,55.56677880530565,59.4572959288567,62.18021138599027,77.6299283200048,46.730494451975744,44.108530264799995,40.56326204351116
2026-03-27T05:00:00-04:00,4424.465,4445.34,4404.58,4438.01,4602.645,4099.125,,55.73296095371473,58.86195918056079,61.62867755945342,76.85062098108634,46.406734137820514,43.965022589990696,41.10483509104846
2026-03-27T09:00:00-04:00,4437.97,4555.63,4413.775,4507.355,4602.645,4351.355,,51.26056221680045,57.23420086927944,60.85724780678589,76.15251596509867,45.56197964847312,48.090209445729286,42.6003025632959
2026-03-27T13:00:00-04:00,4511.27,4528.755,4486.505,4493.685,4602.645,4351.355,,48.30504823233665,55.40673666801964,60.42900779821017,76.03847123460437,44.81954436181597,50.8393735211218,44.284104666834665
2026-03-29T17:00:00-04:00,4512.54,4513.55,4417.43,4432.295,4602.645,4351.355,,52.075921116715726,54.33574877991908,60.12156020158537,75.7275113052068,44.51560909796393,47.43169243729082,45.28520284402867
2026-03-29T21:00:00-04:00,4431.87,4518.175,4431.825,4497.02,4602.645,4351.355,,51.81116036730286,52.330300413826535,59.587919823546045,75.39654043609845,43.77929921099364,47.742773679243825,47.15237153352126
2026-03-30T01:00:00-04:00,4497.03,4550.855,4497.02,4538.22,4602.645,4351.355,,46.65277510944044,50.92833010092105,58.774923082962616,74.65887342910995,42.89097273681528,52.54116402962937,48.481561600137596
2026-03-30T05:00:00-04:00,4538.23,4580.73,4523.605,4569.445,4602.645,4351.355,,43.47787804506473,48.87632876804342,57.766987391122385,73.48051656666397,42.0534582155808,55.52140750834657,50.413193603105995
2026-03-30T09:00:00-04:00,4569.49,4578.835,4512.57,4539.985,4602.645,4351.355,,43.80128205534132,47.51927898710007,56.71197510842425,71.30524507999318,42.11870513685531,55.278282089089615,51.713921457023005
2026-03-30T13:00:00-04:00,4539.92,4542.46,4493.1,4510.65,4602.645,4351.355,,47.024045140174934,47.665895317578986,55.799912205430644,69.04571163951685,42.554112771344435,52.35886113075215,51.63280837025538
2026-03-30T17:00:00-04:00,4517.71,4548.31,4482.66,4547.935,4602.645,4351.355,,46.809172610156836,47.091885952191554,54.68496718735361,65.84133564349463,43.52859873121258,52.593526861059615,52.21510812557667
2026-03-30T21:00:00-04:00,4547.94,4619.255,4532.15,4564.925,4602.645,4351.355,,44.226371012850656,45.42316671647468,54.14653966603038,65.53151466372847,42.761564668332284,54.99720385432631,53.79438306083696
2026-03-31T01:00:00-04:00,4564.535,4581.94,4543.51,4568.755,4602.645,4351.355,,43.25098508343074,44.646121585370956,53.47205811376955,64.74424887400458,42.199867353534515,55.90666389602745,54.54764818751486
2026-03-31T05:00:00-04:00,4568.8,4597.76,4529.545,4574.82,4602.645,4351.355,,42.756582978562975,44.30996896479541,52.84688748048627,64.13137249396802,41.56240246700452,56.365711430365664,54.88711088961876
2026-03-31T09:00:00-04:00,4575,4651.585,4567.98,4638.23,4602.645,4351.355,,39.47406018365755,43.502173624968904,51.994625702206854,63.5587736517882,40.43047775262551,59.43393021183422,55.66551181708275
2026-03-31T13:00:00-04:00,4638.14,4687.335,4636.5,4667.875,4602.645,4351.355,,35.292227350382205,41.878810477664224,51.03296154565923,62.83051342108711,39.23540967023134,63.36150569654558,57.196603348891884
2026-03-31T17:00:00-04:00,4674.535,4722.6,4662.125,4710.92,4602.645,4351.355,,32.475035175626104,39.345313635097796,50.160686287888964,62.872131976301816,37.44924059947611,66.04599796401912,59.57612234087331
2026-03-31T21:00:00-04:00,4710.93,4724.52,4667.195,4676.495,4602.645,4351.355,,33.479406580685975,38.0703058978154,49.39467438514724,62.2104303418224,36.57891842847208,65.23683936945281,60.80897835128993
2026-04-01T01:00:00-04:00,4676.61,4747.815,4674.72,4728.7,4602.645,4351.355,,34.09873132281119,36.45170229508652,48.60991550247009,61.9838992181742,35.235931786765974,64.78006386729658,62.37122520172196
2026-04-01T05:00:00-04:00,4728.77,4762.905,4713.195,4724.775,4602.645,4351.355,,32.40816355390268,34.972356889378815,47.96021959456971,61.89867858568796,34.021760603451455,66.39773107600318,63.80642611699729
2026-04-01T09:00:00-04:00,4724.82,4790.84,4716.28,4787.3,4602.645,4351.355,,30.52981552374503,32.95834016513854,47.3598996565493,62.290393415886,32.429405897212604,68.20968473102302,65.75521757333834
2026-04-01T13:00:00-04:00,4787.305,4793.195,4742.17,4758.2,4602.645,4351.355,,30.605800288374354,32.438568347869335,46.91081366952137,62.355479930813566,31.466147408229162,68.25212455380947,66.32591021470449
2026-04-01T17:00:00-04:00,4758.465,4800.8,4751.98,4784.42,4602.645,4351.355,,31.910897201648538,31.992245836928916,46.37003998741495,62.398766861073454,30.341313113756442,67.11161687537125,66.82667791014568
2026-04-01T21:00:00-04:00,4784.41,4786.36,4649.465,4672.65,4602.645,4351.355,,38.24510548204891,34.08715986399014,46.2307221501008,62.2229950862204,30.2384492139812,61.320881994758665,64.97587708063007
2026-04-02T01:00:00-04:00,4672.635,4680.915,4553.85,4621.005,4602.645,4351.355,,48.13368478172123,36.17918246579613,46.27037725812299,62.28738844810366,30.253366068142327,52.19214341683159,63.09962192368248
2026-04-02T05:00:00-04:00,4620.995,4635.435,4592.895,4601.765,4602.645,4351.355,,51.65081764205631,39.10204166948874,46.24978971018937,62.244376184919716,30.25520323545902,48.8963851393351,60.43768315835537
2026-04-02T09:00:00-04:00,4601.71,4699.89,4580.65,4659.215,4602.645,4351.355,,49.746962213034124,41.133124939833685,46.137626885205435,62.08361628195745,30.191637488453424,50.63472518062561,58.59590595357461
2026-04-02T13:00:00-04:00,4659.22,4682.01,4645.78,4676.745,4800.8,4351.355,,46.12511665193156,43.55784199182774,45.94007783059535,61.80011908403185,30.08003657715885,53.97642698911683,56.37103808923931
2026-04-05T17:00:00-04:00,4638.25,4654.59,4600.85,4622.585,4800.8,4351.355,,48.132454937240425,46.14074055379541,45.699772507052046,61.19001964163414,30.209525372469955,52.101576886135646,53.981463762810655
2026-04-05T21:00:00-04:00,4622.63,4671.73,4620.605,4659.21,4800.8,4553.85,,49.159070243890824,48.4858914324684,45.35876461404064,60.40180897412569,30.315720253955575,51.128743057878076,51.80450271281269
2026-04-06T01:00:00-04:00,4659.205,4698.21,4643.505,4695.86,4800.8,4553.85,,45.70339814929966,48.27168131586706,44.8353649260561,59.146739317683725,30.523990534428478,54.32395593233802,51.98234203069047
2026-04-06T05:00:00-04:00,4696.09,4706.875,4659.655,4676.22,4800.8,4553.85,,45.13311244903566,47.62858505170109,44.353623968132325,57.770284314116694,30.936963622147957,54.85402841883889,52.565041284814775
2026-04-06T09:00:00-04:00,4676.21,4697.78,4652.095,4660.515,4800.8,4553.85,,47.12077812282635,46.97738431037278,43.9260761534589,56.37852926093917,31.473623045978627,53.01482217240489,53.15903832585326
2026-04-06T13:00:00-04:00,4660.55,4666.725,4645.805,4649.995,4800.8,4553.85,,48.61452557614463,47.30503172687553,43.76749367932121,55.9477202782743,31.58726708036812,51.63372620541057,52.85047014903905
2026-04-06T17:00:00-04:00,4661.755,4667.97,4649.46,4655.23,4800.8,4553.85,,48.91580519991024,47.77472389550955,43.53484241196505,55.26059911050757,31.809085713422533,51.351263485935974,52.40899161065873
2026-04-06T21:00:00-04:00,4655.22,4664.53,4616.53,4660.155,4800.8,4553.85,,48.30536308028614,47.35443405346002,43.33057615735482,54.683472835399066,31.97767947931058,51.905892088048475,52.79456020672843
2026-04-07T01:00:00-04:00,4660.24,4691.225,4623.475,4683.035,4706.875,4553.85,,46.57845947017868,47.0374065315918,43.25942460334024,54.561800713972346,31.95704849270814,53.4729557733766,53.07876667222974
2026-04-07T05:00:00-04:00,4682.905,4694.905,4629.02,4651.67,4706.875,4553.85,,47.37444141851488,47.83187498752151,43.275834580071184,54.60118392937558,31.950485230766787,52.74230797246659,52.3426607896223
2026-04-07T09:00:00-04:00,4651.675,4668.825,4607.63,4657.29,4706.875,4553.85,,49.209637123680196,48.202127867204524,43.09081966257344,54.03362989690235,32.148009428244535,51.06666740719592,51.99666352604603
2026-04-07T13:00:00-04:00,4657.28,4718.96,4654.115,4704.81,4706.875,4553.85,,45.79749054749822,47.453792823142045,42.92208929655327,53.75812036765017,32.08605822545637,54.16789041960559,52.67210886025107
2026-04-07T17:00:00-04:00,4741.845,4858.215,4713.04,4817.715,4706.875,4553.85,,37.592896253271945,45.053090917812334,42.55788561221059,53.75175974865577,31.36401147576541,61.76729995037429,54.89197031032136
2026-04-07T21:00:00-04:00,4817.73,4825.435,4788.12,4803.515,4706.875,4553.85,,33.495840496555005,43.04808862218341,42.33491061722916,53.73975172806541,30.930069506392925,65.62700231331038,56.75089138235803
2026-04-08T01:00:00-04:00,4803.53,4843.9,4790.39,4794.2,4706.875,4553.85,,35.30034150533321,41.337370467825785,42.05783028573953,53.55521009951898,30.56045047196008,63.981191875119066,58.34205596377011
2026-04-08T05:00:00-04:00,4794.12,4807.42,4768.4,4799.765,4706.875,4607.63,,35.77108079986522,39.96026614495099,41.67297153838742,53.15338825890985,30.192554817865002,63.558240977692236,59.63240144073393
2026-04-08T09:00:00-04:00,4799.705,4806.92,4732.305,4760.52,4706.875,4607.63,,38.66246152600769,38.84823335568087,41.57861198667193,53.020486241198654,30.136737732145207,60.932035290102945,60.68197805452335
2026-04-08T13:00:00-04:00,4760.605,4764.505,4699.305,4718.96,4858.215,4607.63,,44.73821461076907,38.68271685554781,41.7030799853238,53.25585991552999,30.15030005511761,55.3703920459358,60.86203705180247
2026-04-08T17:00:00-04:00,4727.55,4729.67,4698.725,4707.185,4858.215,4607.63,,48.451991905799545,39.606662315195535,41.88455356445833,53.615267002695965,30.1538401262207,51.94726924739852,60.04751486246418
2026-04-08T21:00:00-04:00,4707.18,4733.04,4699.905,4720.92,4858.215,4607.63,,48.33785941938723,41.75270633158074,42.031390364195815,53.859580855992604,30.203199872399026,52.03755455815547,58.0821097968828
2026-04-09T01:00:00-04:00,4720.985,4733.19,4703.58,4726.17,4858.215,4607.63,,47.08621068667142,43.48962522665737,42.33232712345915,54.1228207188816,30.541833528036705,53.17410616798351,56.489544535227935
2026-04-09T05:00:00-04:00,4726.145,4759.87,4723.25,4746.07,4858.215,4607.63,,45.38682910748075,44.63455993219433,42.625190467554546,54.19122490384077,31.059156031268316,54.716485669140354,55.43505088088888
2026-04-09T09:00:00-04:00,4746.06,4801.28,4738.655,4789.09,4858.215,4607.63,,41.42264222052792,45.104357061132426,42.85865694962985,53.998797303203034,31.71851659605666,58.34021449323302,54.998679825382446
2026-04-09T13:00:00-04:00,4789.085,4801.39,4760.835,4765.405,4858.215,4698.725,,40.830689098435776,45.25405352431664,43.0576188509516,54.03356001696548,32.081677684937716,58.89802104642899,54.8539039541249
2026-04-09T17:00:00-04:00,4772.62,4772.62,4750.535,4763.21,4858.215,4698.725,,43.04536753776093,44.620686468844376,43.3849296681563,53.91828185201737,32.851577484295234,56.882336372098706,55.43066391857185
2026-04-09T21:00:00-04:00,4763.22,4777.42,4738.105,4758.52,4858.215,4698.725,,43.66138267725222,43.88530803044596,43.71957291703098,53.815020937363,33.62412489669896,56.32293335276351,56.104093698514895
2026-04-10T01:00:00-04:00,4758.51,4769.385,4730.74,4740.975,4858.215,4698.725,,45.69638910763035,43.86598066548527,44.277081055443674,53.43628293337528,35.117879177512066,54.475582259713164,56.12724326187405
2026-04-10T05:00:00-04:00,4741.005,4782.605,4740.695,4771.92,4858.215,4698.725,,44.9624278747803,43.27851294133421,44.56408042211369,53.15760570064842,35.97055514357896,55.134747928701195,56.66427705871995
2026-04-10T09:00:00-04:00,4771.93,4794.98,4747.375,4763.84,4801.39,4698.725,,43.402354265667114,43.29898785353852,44.953049118033,52.647364118034446,37.258734118031555,56.54557200758011,56.64983935857112
2026-04-10T13:00:00-04:00,4763.865,4773.35,4741.01,4749.685,4801.39,4698.725,,45.555859250268895,44.45943209268878,44.99412476142075,52.7059830261513,37.2822664966902,54.59269096772833,55.593556051432884
2026-04-12T17:00:00-04:00,4670.425,4698.96,4644.465,4695.635,4801.39,4698.725,,51.41213859880667,46.32225913935878,45.145899342567446,53.27177653772676,37.020022147408135,49.21511820598863,53.883295689873876
2026-04-12T21:00:00-04:00,4695.63,4728.225,4693.79,4723.16,4801.39,4698.725,,53.51306993601014,47.45020420647427,45.103669014006265,53.13750203902477,37.06983598898776,47.23281025861283,52.83654859043692
2026-04-13T01:00:00-04:00,4723.17,4740.03,4716.39,4723.63,4801.39,4698.725,,51.08939988533264,48.4445497702389,45.22486626446736,53.40844104371643,37.04129148521829,49.41969074127783,51.91094065802083
2026-04-13T05:00:00-04:00,4723.635,4729.23,4703.375,4723.48,4801.39,4698.725,,51.062455392675474,48.98336600220146,45.39410070463826,53.73272487923889,37.05547653003764,49.44387005201534,51.39891653109469
2026-04-13T09:00:00-04:00,4723.43,4746.27,4700.565,4733.215,4801.39,4698.725,,50.134551504376574,49.922299378694966,45.342636650769485,53.60492805048032,37.08034525105865,50.275539529167986,50.522595401011344
2026-04-13T13:00:00-04:00,4733.225,4750.205,4723.54,4740.34,4801.39,4644.465,,48.494955232337574,50.43839484982158,45.35503511572337,53.626115179625444,37.08395505182129,51.74589134307233,50.027579198378184
2026-04-13T17:00:00-04:00,4746.92,4776.075,4745.84,4769.98,4801.39,4644.465,,45.085520135532306,49.787916774484515,45.30629088525376,53.61015083283334,37.00243093767418,54.82530512037757,50.58905658748255
2026-04-13T21:00:00-04:00,4769.94,4777.385,4761.79,4774.24,4801.39,4644.465,,42.006719990916565,47.7511323904244,45.17112967701048,53.5303194515745,36.811939902446454,57.61346890158944,52.427107968549834
2026-04-14T01:00:00-04:00,4774.24,4796.63,4757.855,4786.97,4801.39,4644.465,,40.53141111255566,46.078871396354664,44.91868106112019,53.382390118695156,36.45497200354522,58.95947749118389,53.93953293964571
2026-04-14T05:00:00-04:00,4787.08,4789.405,4751.22,4771.48,4801.39,4644.465,,41.40866935354334,44.98520938134175,44.74725578156335,53.132353915480024,36.36215764764667,58.193242788800404,54.933837124984855
2026-04-14T09:00:00-04:00,4771.475,4820.34,4771.185,4810.075,4801.39,4644.465,,40.13247792391286,42.95602069099392,44.4020147507674,52.98264765372793,35.82138184780686,59.40611310953406,56.78588809893677
2026-04-14T13:00:00-04:00,4810.12,4846.37,4809.54,4841.76,4801.39,4644.465,,34.6976720550538,40.57467239582095,43.94680336831436,53.05486465621096,34.83874208041776,64.43000598574815,58.97797039829347
2026-04-14T17:00:00-04:00,4849.155,4850.88,4827.285,4835.56,4801.39,4644.465,,33.346612760047904,38.627922841768296,43.62367082664204,53.107134657908226,34.14020699537585,65.72331227442594,60.779436936466375
2026-04-14T21:00:00-04:00,4835.52,4871.38,4816.915,4825.075,4801.39,4644.465,,35.57697128044896,37.85794415151143,43.252834536663435,52.75159265391911,33.75407641940777,63.71518258394993,61.51793538788558
2026-04-15T01:00:00-04:00,4825.125,4830.53,4804.05,4818.63,4801.39,4644.465,,37.85703400024417,37.44229827300476,42.95587064291051,52.39931110330811,33.512430182512915,61.66175735946517,61.936090781573725
2026-04-15T05:00:00-04:00,4818.56,4819.565,4786.08,4811.76,4801.39,4644.465,,39.67867116855733,37.61430416751191,42.89290398496103,52.35773544128135,33.42807252864071,60.020925381846325,61.82120621378913
2026-04-15T09:00:00-04:00,4811.69,4830.615,4787.145,4803.985,4801.39,4644.465,,41.71432045628734,37.52962715950304,43.19830736073495,52.19186761365484,34.204747107815066,58.18697533671596,61.93430008097817
2026-04-15T13:00:00-04:00,4803.975,4808.96,4787.895,4790.94,4801.39,4644.465,,44.58457709247919,38.886332501388,43.545182608250684,52.24078555971438,34.849579656786986,55.59383006114402,60.73198248567768
2026-04-15T17:00:00-04:00,4798.465,4837.81,4790.87,4833.145,4871.38,4644.465,,42.20929912067218,39.67580632110829,43.604716632225475,52.1822833568139,35.02714990763705,57.7603954549659,60.02869707218323
2026-04-15T21:00:00-04:00,4833.205,4836.465,4811.33,4833.185,4871.38,4644.465,,38.04670158593187,40.22921502306914,43.679042654489905,52.099404805130675,35.258680503849135,61.544227628759614,59.537958301201584
2026-04-16T01:00:00-04:00,4833.21,4838.56,4806.59,4813.85,4871.38,4644.465,,40.767828392878194,41.15890835323093,43.728561742041386,52.132683972500296,35.32443951158248,59.07710395142851,58.70353174860568
2026-04-16T05:00:00-04:00,4813.815,4823.14,4805.165,4816.265,4871.38,4644.465,,43.23670055863741,41.76626261118149,43.59071829848216,51.92301156233351,35.258425034630804,56.83852944876407,58.15989318385842
2026-04-16T09:00:00-04:00,4816.285,4824.04,4772.575,4792.095,4871.38,4644.465,,46.20523379562189,43.023640532392236,43.59639950026624,51.9389374724596,35.253861528072875,54.12406725494091,57.01871514091842
2026-04-16T13:00:00-04:00,4792.105,4798.67,4781.45,4790.66,4871.38,4644.465,,49.61212533146784,44.022778289804485,43.66567511683984,52.11597473532395,35.21537549835574,51.01001256544363,56.109332392066335
2026-04-16T17:00:00-04:00,4793.945,4801.3,4785.965,4794.845,4871.38,4644.465,,49.23933877564623,44.35357244186853,43.72305409373534,52.24445474326599,35.201653444204695,51.338243808013544,55.80283335430971
2026-04-16T21:00:00-04:00,4794.88,4804.48,4767.845,4802.995,4838.56,4644.465,,47.589869958536546,45.56008424348001,43.79526575513724,52.35009887051996,35.240432639754516,52.812239047945425,54.69557341863191
2026-04-17T01:00:00-04:00,4802.99,4806.2,4778.81,4796.11,4838.56,4644.465,,47.552736312561564,47.06958236376273,44.08364786385497,52.61794607170074,35.5493496560092,52.831985565262826,53.31362133616777
2026-04-17T05:00:00-04:00,4796.115,4848.005,4782.255,4846.52,4838.56,4644.465,4833.75141,42.81041569277949,46.14368061488039,43.91172026068688,52.65784269888011,35.16559782249365,57.15106706046424,54.1452771640707
2026-04-17T09:00:00-04:00,4846.53,4891.54,4834.915,4867.18,4838.56,4644.465,,35.23847805896192,44.78437593528401,43.62441907098444,52.82496339544605,34.42387474652283,64.08625801598068,55.38440092680109
2026-04-17T13:00:00-04:00,4867.15,4869.665,4830.79,4831.61,4838.56,4644.465,,38.5085307188545,43.94462259294685,43.60861132195759,52.80823984673756,34.408982797177615,61.12162967625433,56.14458071301738
2026-04-19T17:00:00-04:00,4774.815,4794.97,4736.83,4772.815,4838.56,4644.465,,49.57682348213516,44.77428969261753,43.852679916543536,53.57420250314496,34.13115732994211,50.84340711512253,55.33679936956649
2026-04-19T21:00:00-04:00,4772.8,4814.46,4771.44,4789.035,4838.56,4644.465,,53.934961829831266,45.286229179856846,44.13640743696059,54.118178927635675,34.15463594628551,46.726317711021366,54.8268875424482
2026-04-20T01:00:00-04:00,4789.06,4805.795,4779.54,4796.395,4838.56,4644.465,,51.51908895832129,45.89692369255602,44.33013489846437,54.47549276025594,34.1847770366728,48.955610775598586,54.23490557746739
2026-04-20T05:00:00-04:00,4796.355,4822.175,4783.72,4803.505,4891.54,4644.465,,50.031952618251594,45.99457669576828,44.399707046841925,54.612127880685726,34.18728621299813,50.326784973681015,54.11111594485339
2026-04-20T09:00:00-04:00,4803.495,4827.695,4792.615,4805.55,4891.54,4644.465,,49.071790037431796,47.68588779102811,44.19246733603057,53.966086272112804,34.41884839994833,51.21063603144934,52.537639569177415
2026-04-20T13:00:00-04:00,4805.645,4821.98,4803.9,4820.115,4891.54,4736.83,,47.26669413218103,49.43120985954516,44.032273176028454,53.61975476100847,34.44479159104844,52.86836760408727,50.90600439859812
2026-04-20T17:00:00-04:00,4825.135,4833.405,4817,4823.895,4891.54,4736.83,,45.27414295550182,49.61891985864162,43.85039339898169,53.23618962715547,34.464597170807906,54.69857685962918,50.70248162157022
2026-04-20T21:00:00-04:00,4823.9,4824.54,4788.87,4789.49,4891.54,4736.83,,49.00141345954469,49.26680699594789,43.91103541525605,53.4350384952982,34.3870323352139,51.2494004110535,51.022002483149826
2026-04-21T01:00:00-04:00,4789.415,4797.145,4772.885,4786.09,4891.54,4736.83,,53.50802842032742,49.49693888449766,44.04883321756703,53.85503216760888,34.242634267525176,47.07894376664101,50.80323192317584
2026-04-21T05:00:00-04:00,4786.11,4798.03,4766.545,4778.98,4891.54,4736.83,,54.67580110404508,50.168724751868965,44.27461458418002,54.52163497204302,34.027594196317025,45.99128714045362,50.17505287310841
2026-04-21T09:00:00-04:00,4778.97,4794.52,4708.375,4711.27,4891.54,4736.83,,61.32676011633566,52.724026741093105,45.00420027526134,56.993885216442955,33.01451533407973,39.68975562189078,47.76408067980721
2026-04-21T13:00:00-04:00,4711.29,4722.28,4668.62,4720.685,4833.405,4736.83,,65.90067912072496,54.97697877566701,45.680141591815804,58.76951289849974,32.59077028513187,35.29929291107411,45.628954838715494
2026-04-21T17:00:00-04:00,4726.085,4747.455,4715.78,4740.02,4833.405,4736.83,,62.09640648167357,56.96108741237669,46.27272941462122,59.773256425034944,32.77220240420749,38.779952905166525,43.73881933725842
2026-04-21T21:00:00-04:00,4739.96,4765.035,4735.875,4754.665,4833.405,4736.83,,57.777190439670974,58.5492780568582,46.64299577335272,60.37362897819722,32.91236256850823,42.74230405538982,42.2128768946471
2026-04-22T01:00:00-04:00,4754.715,4772.385,4751.98,4757.19,4833.405,4736.83,,55.6710537571404,58.86669892597546,47.18676328716401,60.83421691055718,33.53930966377084,44.679145596575594,41.861603675979026
2026-04-22T05:00:00-04:00,4757.085,4762.595,4742.98,4744.54,4833.405,4736.83,,56.630884452505995,59.441522637480645,47.93318473790873,61.240145452450854,34.62622402336662,43.782091486409314,41.27091910029519
2026-04-22T09:00:00-04:00,4744.555,4760.99,4723.995,4728.62,4833.405,4668.62,,59.41900456613857,60.22189991514504,48.72043339340464,61.90686050259303,35.53400628421626,41.18049010261719,40.48709023659718
2026-04-22T13:00:00-04:00,4728.615,4750.2,4728.56,4740.455,4833.405,4668.62,,59.26460280774181,58.85233483502526,49.32657482774948,62.3024661075066,36.35068354799236,41.28657054416942,41.72715193523194
2026-04-22T17:00:00-04:00,4741.96,4754.2,4694.135,4747.765,4833.405,4668.62,,56.57392427738721,57.55711281704853,49.821426939118936,62.55203899575653,37.09081488248134,43.742152609507684,42.899335864721046
2026-04-22T21:00:00-04:00,4747.755,4750.06,4698.26,4704.49,4833.405,4668.62,,59.66648097177507,58.15807040362568,50.50232834558582,63.51580235685118,37.488854334320465,40.83299319083617,42.31373487399469
2026-04-23T01:00:00-04:00,4704.55,4725.115,4692.485,4703.45,4833.405,4668.62,,63.865357042462264,59.29658898927461,51.124429091246874,64.45500460913065,37.793853573363094,36.910627236847944,41.233142487994805
2026-04-23T05:00:00-04:00,4703.385,4743.2,4684.265,4740.125,4833.405,4668.62,,59.00211181295499,59.109801276715565,51.350418623260865,64.6352991583417,38.06553808818003,41.37743047692036,41.37038769695034
2026-04-23T09:00:00-04:00,4740.115,4741.23,4715.76,4733.055,4833.405,4668.62,,54.7715121697008,58.76533976561598,51.863382800013255,64.64972953886046,39.077036061166055,45.25956407435672,41.655277513122634
2026-04-23T13:00:00-04:00,4733.095,4734.61,4664.38,4694.09,4833.405,4668.62,,58.996657894598684,58.98913079913274,52.582768994358915,65.07837145859946,40.08716653011836,41.31593116713789,41.409085143956254
2026-04-23T17:00:00-04:00,4695.935,4708.175,4686.65,4704.69,4833.405,4668.62,,61.115876789391265,59.29427518894439,53.060326823337554,65.43413731232442,40.686516334350685,39.317816743827876,41.09277642731076
2026-04-23T21:00:00-04:00,4704.68,4711.23,4658.03,4674.485,4833.405,4668.62,,62.15485488942648,60.58368240257253,53.695601602052385,66.1234456260043,41.26775757810047,38.31444749807007,39.85831225497408
2026-04-24T01:00:00-04:00,4674.55,4697.55,4667.055,4690.915,4833.405,4668.62,,62.44015911162742,60.086754657473634,54.01532243016141,66.51100002019936,41.519644840123455,38.00859571298936,40.28580571935453
2026-04-24T05:00:00-04:00,4690.925,4717.44,4674.88,4700.64,4833.405,4668.62,,59.0709108448704,59.213840631832,54.2520007498996,66.73201932279126,41.77198217700794,41.12222163564337,41.061624940344196
2026-04-24T09:00:00-04:00,4700.71,4740.57,4689.665,4726.98,4833.405,4668.62,,54.7519353204932,58.872418516770274,54.33959281515241,66.74358051479389,41.935605115510924,45.13307944089068,41.35884828048891
2026-04-24T13:00:00-04:00,4726.99,4730.16,4705.465,4709.75,4833.405,4668.62,,53.36314431552242,58.811449816352464,54.59160512383995,66.79786416645273,42.38534608122717,46.433920752732504,41.39715541988013
2026-04-26T17:00:00-04:00,4696.875,4698.535,4672.405,4697.94,4833.405,4658.03,,56.18011148681314,58.06769097168869,54.84708547246132,66.95610428860579,42.73806665631685,43.826244296787706,42.076080603246
2026-04-26T21:00:00-04:00,4697.9,4729.965,4691.07,4725,4833.405,4658.03,,54.15181825257686,56.82171880583407,55.258746450886846,66.34073432277162,44.17675857900206,45.71494327639199,43.224905857755594
2026-04-27T01:00:00-04:00,4725.01,4725.59,4705.595,4706.795,4833.405,4658.03,,52.82196101145571,55.40114986369705,55.881407999078604,65.11360031285336,46.649215685303844,46.96180943476451,44.54675544230155
2026-04-27T05:00:00-04:00,4706.79,4712.655,4697.12,4699.43,4740.57,4658.03,,55.34943320619452,54.79579711856752,56.24938777367156,64.80320419817176,47.69557134917136,44.62481524392718,45.1152542951664
2026-04-27T09:00:00-04:00,4699.405,4703.68,4667.335,4676.895,4740.57,4658.03,,58.13598823586423,55.13402911826671,56.38488827870973,65.00438002360058,47.76539653381889,42.03738089385345,44.80822951607586
2026-04-27T13:00:00-04:00,4676.915,4686.305,4668.44,4681.955,4740.57,4658.03,,59.53377287759358,56.1620364205962,56.57872960001051,65.14391313173249,48.01354606828853,40.73187398317468,43.85776702153326
2026-04-27T17:00:00-04:00,4682.585,4701.64,4682.385,4690.835,4740.57,4658.03,,57.65383133068114,56.35993969402635,56.74575547708383,65.15358180179345,48.337929152374215,42.46051314710454,43.67297020018215
2026-04-27T21:00:00-04:00,4690.82,4691.75,4666.6,4667.73,4740.57,4658.03,,58.701517507792616,56.88243814087605,57.088704005277634,65.30262329241177,48.8747847181435,41.48360582479958,43.18844174382237
2026-04-28T01:00:00-04:00,4667.84,4668.08,4614.75,4629.77,4740.57,4658.03,,63.988514117003824,59.17042422671977,57.623209834705726,65.93557186601866,49.31084780339279,36.54797760033712,41.053837149880756
2026-04-28T05:00:00-04:00,4629.73,4630.12,4555.135,4593.935,4740.57,4658.03,,69.28529158695511,61.58624687673302,58.38391562026434,66.8416005607321,49.92623067979657,31.53487756414128,38.780746923644294
2026-04-28T09:00:00-04:00,4593.905,4594.93,4557.36,4592.24,4740.57,4658.03,,71.64636175197224,63.8266895255134,59.174516822733395,67.51538310737924,50.833650538087554,29.278134134696923,36.669071118672115
2026-04-28T13:00:00-04:00,4592.255,4601.51,4587.28,4596.8,4740.57,4658.03,,71.03045345156872,65.27037979550573,59.67974150214811,68.37779240578826,50.98169059850797,29.836508906164827,35.294783498590405
2026-04-28T17:00:00-04:00,4598.745,4610.535,4588.095,4600.52,4740.57,4658.03,,69.70649060285733,66.73318030416019,60.1273675393528,69.03646818044169,51.218266898263906,31.044959635827443,33.901381305144334
2026-04-28T21:00:00-04:00,4600.53,4605.835,4575.72,4604.825,4740.57,4658.03,,68.36369404222663,68.330340570233,60.48491167498232,69.52397701916742,51.445846330797224,32.26672273443903,32.38227195211454
2026-04-29T01:00:00-04:00,4604.81,4607.725,4557.385,4573.43,4740.57,4555.135,,69.95594805659496,69.94873188953227,60.63496682995629,70.06443067469941,51.20550298521317,30.74645350096245,30.83362349833372
2026-04-29T05:00:00-04:00,4573.415,4580.75,4541.705,4544.945,4740.57,4555.135,,73.99779487832686,71.19013507346816,60.96121260190007,71.20468309891532,50.71774210488481,26.91871995900686,29.631055483163035
2026-04-29T09:00:00-04:00,4544.91,4564.985,4510.095,4545.565,4740.57,4555.135,,75.60316806027744,71.75383945333866,61.42948221693299,72.40561197075579,50.453352463110186,25.378628386828222,29.074695161958562
2026-04-29T13:00:00-04:00,4545.6,4554.625,4518.335,4543.715,4740.57,4555.135,,75.60719582954464,72.32180195277456,62.01003644836324,73.544500833802,50.47557206292448,25.36996496415996,28.514435720152473
2026-04-29T17:00:00-04:00,4540.13,4574.245,4539.685,4569.99,4740.57,4555.135,,70.9730223479111,71.73743056657935,62.329598016390094,73.76363828849536,50.89555774428483,29.585400170696833,29.002949808967706
2026-04-29T21:00:00-04:00,4569.92,4582.585,4540.925,4542.05,4740.57,4555.135,,68.3565345677736,71.93610022846491,62.69978057279074,74.27547598251357,51.124085163067924,31.925886602734355,28.766129139268735
2026-04-30T01:00:00-04:00,4542.06,4629.76,4541.965,4616.36,4740.57,4555.135,,61.08821369877924,69.65872189702296,62.42778678889836,74.38210202511863,50.47347155267809,38.73495411524695,30.851015917769967
2026-04-30T05:00:00-04:00,4616.35,4647.045,4614.29,4639.61,4740.57,4510.095,,49.54530989231816,66.10448932438584,62.12805746011876,74.70832419472075,49.54779072551678,49.57397083698926,34.145419806704965
2026-04-30T09:00:00-04:00,4639.66,4645.905,4605.48,4607.745,4740.57,4510.095,,50.28511811278074,62.883671392581206,62.05785701450975,74.7506426589669,49.365071370052604,48.95583360007613,37.14733410093262
2026-04-30T13:00:00-04:00,4607.71,4627.415,4607.7,4622.065,4740.57,4510.095,,51.82093303468794,59.309565031360265,61.666554640290116,74.7361969078789,48.59691237270132,47.56937824822616,40.48563405281867
2026-04-30T17:00:00-04:00,4629.515,4634.145,4618.635,4619.93,4740.57,4510.095,,50.675215514802304,55.76024844551197,61.281966336412104,74.66091085507418,47.90302181775004,48.66189924576696,43.802172467106054
2026-04-30T21:00:00-04:00,4619.915,4635.94,4609.2,4609.265,4740.57,4510.095,,51.90953435295556,53.86285417565868,61.24934420146661,74.67781468332785,47.820873719605366,47.526925682751084,45.611784199119874
2026-05-01T01:00:00-04:00,4609.255,4616.2,4565.16,4569.225,4647.045,4510.095,,56.38066066955018,52.3385701888767,61.37662213052089,74.71395363728288,48.039290623758895,43.39202153771937,47.078211019958914
2026-05-01T05:00:00-04:00,4569.2,4607.875,4560.32,4591.435,4647.045,4510.095,,57.40434077395679,52.81031905428084,61.15567848848767,74.60191441967885,47.7094425572965,42.464975309744204,46.67750454040481
2026-05-01T09:00:00-04:00,4591.43,4660.585,4586.695,4638.81,4647.045,4510.095,,50.66814384885414,52.65937989074413,60.76204960460694,74.80258559027612,46.72151361893776,48.80931185134369,46.85973702406018
2026-05-01T13:00:00-04:00,4638.815,4642.785,4607.22,4613.835,4647.045,4510.095,,48.55604338545911,52.316297703617515,60.355748400019,74.61335546811046,46.09814133192755,50.847548261152845,47.21799444356958
2026-05-03T17:00:00-04:00,4625.35,4629.465,4601.825,4613.17,4647.045,4510.095,,50.82440218336413,52.3746567903659,60.07876978529733,74.56987099646639,45.58766857412827,48.74543603991819,47.19575353597219
2026-05-03T21:00:00-04:00,4613.125,4618.825,4591.11,4606.205,4647.045,4510.095,,51.526049397424266,52.559393098652365,59.911933020757466,74.55274747657042,45.271118564944516,48.09780141936321,47.05682363602564
2026-05-04T01:00:00-04:00,4606.19,4613.16,4573.85,4577.27,4647.045,4560.32,,54.691337734465,53.16945775651145,60.07520522141332,74.55280803784493,45.59760240498171,45.16818641009418,46.521828029498785
2026-05-04T05:00:00-04:00,4577.245,4584.825,4526.09,4568.49,4660.585,4560.32,,57.93010754043619,53.002092204619785,60.180577916340624,74.59565549720514,45.7655003354761,42.165285141764926,46.7063275228958
2026-05-04T09:00:00-04:00,4568.525,4583.38,4501.035,4510.695,4660.585,4560.32,,62.634308858662244,54.66373435214158,60.45486389034562,74.95151236233959,45.95821541835166,37.74648894588593,45.17368906839642
2026-05-04T13:00:00-04:00,4510.74,4531.715,4509.96,4524.115,4660.585,4560.32,,65.08056376512522,57.11992646641153,60.82344529943171,75.09417222743721,46.5527183714262,35.42227697835972,42.88146041632895
2026-05-04T17:00:00-04:00,4520.775,4530.475,4513.655,4529.755,4660.585,4560.32,,62.88397517205691,58.757429148312376,61.04674707626333,75.21451996167373,46.87897419085293,37.45635612979862,41.34763417372378
2026-05-04T21:00:00-04:00,4529.63,4546.94,4525.47,4533.67,4660.585,4560.32,,61.753237852330344,60.242450943259016,61.20013969038088,75.29816447232736,47.1021149084344,38.50099412713007,39.95447701267519
2026-05-05T01:00:00-04:00,4533.625,4559.57,4531.47,4558.375,4660.585,4560.32,,58.380704861854746,60.71590213814965,61.061142171909836,75.24373404299044,46.878550300829225,41.61795501058222,39.49624948550064
2026-05-05T05:00:00-04:00,4558.36,4574.595,4539.96,4564.41,4660.585,4501.035,,54.8062295710474,60.27527718228256,60.92204890764287,75.21973178061997,46.62436603466577,44.92499165268553,39.884992796272726
2026-05-05T09:00:00-04:00,4564.42,4586.605,4553.77,4561.295,4660.585,4501.035,,54.43784198309994,59.71811197891072,60.87196632793447,75.21818857138871,46.525744084480245,45.271252165636696,40.383668635178296
2026-05-05T13:00:00-04:00,4561.28,4565.83,4551.625,4557.535,4660.585,4501.035,,55.13829278935826,58.13355830533856,60.712447453617315,75.13276810350152,46.29212680373311,44.63273299551259,41.852491096166055
2026-05-05T17:00:00-04:00,4552.07,4619.97,4546.36,4618.8,4660.585,4501.035,,49.03297970318654,55.13308796121397,59.99222900947464,75.1240626974654,44.860395321483885,50.33758288578302,44.6451846087278
2026-05-05T21:00:00-04:00,4618.645,4653.585,4609.63,4648.815,4660.585,4501.035,,40.186552548606095,51.64858041292405,59.00075692194973,74.93589717235707,43.06561667154238,58.64347767400601,47.90595439451103
2026-05-06T01:00:00-04:00,4648.82,4702.965,4644.765,4700.58,4660.585,4501.035,,34.60025232257124,47.375092095568505,57.81304610186281,75.03417823062138,40.59191397310424,64.02745989233745,51.938460541644226
2026-05-06T05:00:00-04:00,4700.63,4723.14,4660.435,4683.29,4660.585,4501.035,,33.36419797659609,44.50100701713586,56.78509483518663,74.68988273186793,38.88030693850532,65.33345028506646,54.68181018722083
2026-05-06T09:00:00-04:00,4683.325,4717.625,4669.02,4683.21,4660.585,4501.035,,35.374342278677204,41.82312429774845,55.79350796514633,74.27630079756894,37.31071513272373,63.49144704802747,57.24316208317049
2026-05-06T13:00:00-04:00,4683.205,4700.235,4679.145,4690.91,4660.585,4501.035,,34.860793844995925,38.90756469196328,54.81433600005542,73.88725070135538,35.741421298755455,63.98338475156271,60.02813378319969
2026-05-06T17:00:00-04:00,4690.165,4701.545,4685.655,4688.855,4660.585,4501.035,,34.61602616478463,35.95961954787026,53.714689030333965,72.88946778339366,34.539910277274274,64.23188860526464,62.84292082881393
2026-05-06T21:00:00-04:00,4688.86,4721.53,4685.275,4696.48,4660.585,4501.035,,34.31950667473562,34.70371525526302,52.48031904690299,71.37796311934638,33.58267497445961,64.52540901038005,64.08179839022742
2026-05-07T01:00:00-04:00,4696.43,4753.435,4694.91,4731.08,4660.585,4501.035,,31.39328838310368,33.447258357726724,51.11410787285315,69.92249665946167,32.30571908624462,67.32300940861107,65.32278703870111
2026-05-07T05:00:00-04:00,4731.11,4752.69,4721.84,4750.195,4660.585,4501.035,,27.923854836401503,32.79617311635738,49.67541663554162,68.3088897049055,31.04194356617775,70.65893727470882,65.97650621376211
2026-05-07T09:00:00-04:00,4750.235,4764.905,4704.575,4715.24,4660.585,4501.035,,31.649024380436373,32.95720875882394,48.80093152182523,67.17190079113249,30.429962252517967,67.32880052634037,65.89288710763651
2026-05-07T13:00:00-04:00,4715.235,4719.685,4686.28,4687.18,4660.585,4501.035,,39.76939969121537,34.05190380565399,47.99382046633232,65.37481855480188,30.61282237786277,59.89012750636759,64.94755777328785
2026-05-07T17:00:00-04:00,4694.565,4709.615,4682.045,4701.38,4660.585,4501.035,,41.894042044001246,34.966708244254036,47.67186260095593,65.1312006785792,30.21252452333266,57.939366871125664,64.16602485608306
2026-05-07T21:00:00-04:00,4701.3,4732.885,4700.45,4711.13,4660.585,4501.035,,39.96107954649106,35.57906191471298,47.43004221069543,65.04323740105957,29.816847020331295,59.740947854633646,63.66443184453613
2026-05-08T01:00:00-04:00,4711.22,4734.895,4697.045,4715.76,4660.585,4501.035,,38.80211406087951,36.247453211723716,46.996391774373514,64.70078275796044,29.292000790786602,60.82120894354355,63.10768197984405
2026-05-08T05:00:00-04:00,4715.755,4732.125,4702.88,4724.485,4764.905,4501.035,,37.69428633876697,37.37934704490249,46.59906299328833,64.48349450061082,28.71463148596584,61.851888068465115,62.101254318780136
2026-05-08T09:00:00-04:00,4724.395,4749.58,4702.055,4712.525,4764.905,4501.035,,38.6467937015974,39.31115003035112,46.28883755006734,64.21146956680852,28.366205533326166,60.9968390191404,60.34708247825307
2026-05-08T13:00:00-04:00,4712.505,4729.025,4712.225,4715.715,4764.905,4682.045,,40.02234890541838,39.771725480611636,45.89981679049202,63.80907040859749,27.990563172386544,59.7451781473676,59.934505067645055
2026-05-10T17:00:00-04:00,4687.43,4698.65,4670.505,4683.44,4764.905,4682.045,,44.0168104544917,40.52469596271578,45.5615522432992,63.0534392410943,28.069665245504098,56.08144335879096,59.25888700751688
2026-05-10T21:00:00-04:00,4683.415,4705.56,4668.55,4672.16,4764.905,4682.045,,49.64187814870705,41.985392939099015,45.44320134194791,62.80208017975853,28.08432250413729,50.90725446327791,57.92533009397427
2026-05-11T01:00:00-04:00,4672.1,4680.97,4648.09,4667.895,4764.905,4682.045,,51.47043015451939,43.81308185072388,45.60874555539715,63.05817883086365,28.159312279930646,49.21049534637649,56.25018629087199
2026-05-11T05:00:00-04:00,4667.84,4701.245,4650.795,4700.035,4749.58,4682.045,,48.23926140718834,44.6817207523301,45.42456710793198,62.81533091830389,28.03380329756007,52.14062359651538,55.445162851966224
2026-05-11T09:00:00-04:00,4700.055,4748.95,4698.82,4716.485,4749.58,4682.045,,42.86145221818555,45.28941495912919,45.14033673391606,62.49817207426102,27.782501393571096,57.052558235397015,54.87894919570967
2026-05-11T13:00:00-04:00,4716.415,4738.59,4715.92,4735.455,4749.58,4682.045,,39.478865937705905,44.91945567693252,44.71590925736031,62.07208248221605,27.35973603250457,60.182051239654676,55.21236634354172
2026-05-11T17:00:00-04:00,4740.565,4773.575,4737.79,4749.56,4749.58,4682.045,,36.537233973377674,44.29366783568899,44.07244827738151,61.2450400738697,26.89985648089332,62.92020090529045,55.78609855511622
2026-05-11T21:00:00-04:00,4749.51,4755.805,4710.975,4714.255,4749.58,4648.09,,40.09641328142841,43.79934219891444,43.66686841859516,60.34466614551869,26.98907069167163,59.66361663173626,56.23584442152611
2026-05-12T01:00:00-04:00,4714.215,4722.32,4686.395,4703.415,4749.58,4648.09,,46.14448902988196,43.29441380173895,43.102458875688555,58.523527328621654,27.681390422755456,54.08849268760419,56.69502376206658
2026-05-12T05:00:00-04:00,4703.36,4711.68,4685.28,4705.74,4749.58,4648.09,,47.17728544427362,42.57272942455851,42.61373439972153,56.97091850705304,28.256550292390017,53.125631101021945,57.3544546371391
2026-05-12T09:00:00-04:00,4705.73,4709.025,4638.365,4671.375,4749.58,4648.09,,50.81464222099725,44.030236891398644,42.392498113861514,56.09011669646911,28.694879531253918,49.728567122747016,56.005864769561335
2026-05-12T13:00:00-04:00,4671.38,4719.365,4671.38,4715.495,4773.575,4648.09,,50.072517263878595,44.633033723327955,41.92663318863613,54.5872872492822,29.265979127990065,50.36579772372455,55.4439516338041
2026-05-12T17:00:00-04:00,4719.905,4727.03,4711.74,4714.955,4773.575,4648.09,,45.49964908974475,45.75046064912403,41.63478895079622,53.75611473984253,29.51346316174991,54.576248172158394,54.40420675027668
2026-05-12T21:00:00-04:00,4715.015,4717.405,4687.705,4699.57,4773.575,4648.09,,47.3219250357108,47.7143740268517,41.48637998067516,53.28112236656129,29.69163759478903,52.88204442996293,52.57590692656767
2026-05-13T01:00:00-04:00,4699.52,4715.385,4693.73,4700.605,4773.575,4648.09,,48.9678783880515,48.28516496530205,41.31302638638161,52.700322574679454,29.925730198083755,51.35035200644208,52.02898828590692
2026-05-13T05:00:00-04:00,4700.615,4710.585,4676.135,4683.84,4773.575,4638.365,,50.79859640649349,49.04411899159784,41.23110372285959,52.373312246355724,30.08889519936345,49.648115154360426,51.30722763135517
2026-05-13T09:00:00-04:00,4683.715,4709.9,4669.525,4695.865,4773.575,4638.365,,51.27228029684115,49.455163494607056,41.44474995071423,52.82698408687815,30.062515814550324,49.182945255032294,50.90250661562417
2026-05-13T13:00:00-04:00,4695.885,4701.28,4677.63,4689.14,4773.575,4638.365,,50.62121323712665,48.98885356763482,41.84490729277257,53.49968503018643,30.19012955535871,49.76586340923389,51.31788371320856
2026-05-13T17:00:00-04:00,4693.605,4706.795,4689.06,4705.065,4773.575,4638.365,,49.45082488794992,49.277537101484576,42.31831304279533,53.68542070112063,30.95120538447003,50.82230703379683,51.03293784707339
2026-05-13T21:00:00-04:00,4705.015,4712.685,4668.71,4702.355,4773.575,4638.365,,47.82899891926414,49.654382090354645,42.69577793645892,53.99962334155029,31.391932531367544,52.299367451806184,50.6673463645365
2026-05-14T01:00:00-04:00,4702.54,4718.88,4686.31,4693.485,4773.575,4638.365,,49.429747661592614,49.87977213745081,43.145101594731535,54.459546817004,31.830656372459075,50.83143752239337,50.447050159196365
2026-05-14T05:00:00-04:00,4693.55,4710.165,4688.645,4704.95,4773.575,4638.365,,49.08014675360268,49.68645876622641,43.53221046049461,54.62764537971549,32.43677554127373,51.13687960276343,50.60635424919974
2026-05-14T09:00:00-04:00,4704.945,4707.935,4666.78,4678.66,4773.575,4638.365,,51.022534797292536,49.94375453482196,44.110190337820235,55.32758902906576,32.89279164657471,49.326229446272194,50.35508281402831
2026-05-14T13:00:00-04:00,4678.675,4683.115,4644.31,4652.27,4773.575,4638.365,,57.4400780612504,51.44868669891476,44.89224407146607,56.56403629398477,33.22045184894736,43.36862430164466,48.94511969108898
2026-05-14T17:00:00-04:00,4654.08,4665.445,4613.745,4630.465,4773.575,4638.365,,62.36416482984269,53.29888356131226,45.932006599393105,57.90460580581116,33.95940739297505,38.728199694125514,47.20146460971163
2026-05-14T21:00:00-04:00,4630.475,4631.69,4604.45,4606.19,4718.88,4638.365,,66.34961610538384,56.27691276103875,47.1525829696415,59.39282537748389,34.91234056179911,34.92210061404879,44.40220357116097
2026-05-15T01:00:00-04:00,4606.3,4606.58,4550.055,4554.62,4718.88,4638.365,,71.50368234906308,60.0630788269691,48.27639824460645,62.28475087169904,34.26804561751386,29.915531461816073,40.80608289828588
2026-05-15T05:00:00-04:00,4554.605,4572.775,4531.995,4545.96,4718.88,4638.365,,75.14982273528665,63.62550563923703,49.2337843251751,65.02101932680864,33.446549323541575,26.343951976773283,37.40577912955524
2026-05-15T09:00:00-04:00,4545.965,4566.735,4510.985,4544.4,4718.88,4638.365,,75.68151899283235,67.66347089532043,50.26389688865533,67.44337059938496,33.0844231779257,25.81789005760085,33.57208588538229
2026-05-15T13:00:00-04:00,4544.23,4564.605,4533.34,4540.645,4718.88,4638.365,,75.97832306225047,70.75573085779644,51.352445708455065,69.6379283460464,33.066963070863736,25.525851386242344,30.60567111240385
2026-05-17T17:00:00-04:00,4545.805,4554.915,4480.41,4514.795,4718.88,4638.365,,77.57144546713165,73.41529015414365,52.544445794905464,71.94661661097481,33.14227497883611,23.953722763009708,28.024971160058012
2026-05-17T21:00:00-04:00,4514.795,4549.93,4489.535,4540.825,4718.88,4638.365,,74.5196796744675,74.22873509911781,53.51864531643746,72.98580314741335,34.051487485461564,26.63715694579482,27.151087470023658
2026-05-18T01:00:00-04:00,4540.775,4560.095,4530.005,4549.97,4718.88,4638.365,,68.6518160887902,74.07306157797404,54.30944711179916,73.7614995813162,34.85739464228212,32.001998501003065,27.19065627061638
2026-05-18T05:00:00-04:00,4549.96,4575.065,4529.96,4571.425,4718.88,4638.365,,64.04568249064948,72.09787799671393,54.93178258615693,74.01794749736051,35.845617674953345,36.24454663340627,28.959377519049422
2026-05-18T09:00:00-04:00,4571.43,4584.375,4531.85,4550.21,4718.88,4638.365,,62.67082038845672,70.50763233602262,55.406741813797105,74.57243167830694,36.24105194928727,37.49568233002884,30.37686494297511
2026-05-18T13:00:00-04:00,4550.04,4566.87,4534.375,4566.16,4718.88,4480.41,,62.22434855528354,68.25297215741428,55.67192790419084,74.83526685651476,36.50858895186691,37.89849465724306,32.41097883323291
2026-05-18T17:00:00-04:00,4570.36,4589.58,4561.465,4563.21,4718.88,4480.41,,60.257626611642266,66.01600477870599,55.923635723039624,75.10265102926948,36.74462041680976,39.719819749774956,34.432284475413
2026-05-18T21:00:00-04:00,4563.26,4572.48,4538.075,4542.605,4718.88,4480.41,,62.391469112181454,63.91583605599994,56.504410710366905,75.5371594511787,37.471661969555115,37.74249051302722,36.350626761809345
2026-05-19T01:00:00-04:00,4542.71,4559.535,4531.085,4543.05,4718.88,4480.41,,64.17968203601211,63.061719739147314,57.1776492417353,75.81933473213898,38.53596375133162,36.084224568783135,37.13144665340967
2026-05-19T05:00:00-04:00,4543.035,4548.01,4525.68,4537.305,4718.88,4480.41,,64.64449238835482,62.77088642730411,57.98474167805213,75.91869769642558,40.05078565967868,35.65369626507686,37.39396898011615
2026-05-19T09:00:00-04:00,4537.385,4537.7,4464.78,4507.9,4718.88,4480.41,,67.65148548304211,64.0919491655452,59.00789933053909,76.058219655224,41.957579005854186,32.851197563037935,36.161918347590145
2026-05-19T13:00:00-04:00,4507.725,4511.125,4481.07,4482.115,4589.58,4480.41,,71.8981992297944,65.40728038197201,59.85543496913248,76.88407442441299,42.82679551385198,28.85999883828878,34.92663083961899
2026-05-19T17:00:00-04:00,4484.735,4508.85,4477.45,4501.185,4589.58,4480.41,,70.47106267334004,66.44815319927564,60.43887425074251,77.21461265794369,43.663135843541326,30.115717182079678,33.9382676404006
2026-05-19T21:00:00-04:00,4501.175,4506.29,4453.39,4462.14,4589.58,4480.41,,69.91430286518896,68.16633074012822,61.192906582127506,77.8416397322451,44.54417343200991,30.557855766555186,32.308926844413335
2026-05-20T01:00:00-04:00,4462.07,4490.305,4461.69,4484.065,4589.58,4480.41,,69.3115968277307,68.42533254657542,61.52693040407977,78.12434324129151,44.92951756686803,31.07208578313461,32.03243771757414
2026-05-20T05:00:00-04:00,4484.035,4505.435,4472.805,4496.245,4589.58,4480.41,,64.37448561889855,68.2219889066672,62.034198838305144,78.00170545753446,46.06669221907583,35.65621753661957,32.186639120938025
2026-05-20T09:00:00-04:00,4496.24,4553.045,4467.245,4534.465,4589.58,4480.41,,58.04466768250837,66.53966834490501,62.264872674242326,77.74558972261262,46.78415562587203,41.58572036034403,33.72730174479333
2026-05-20T13:00:00-04:00,4534.475,4550.445,4529.12,4543.705,4589.58,4480.41,,52.40684975173981,63.86637869772369,62.33331205689508,77.67381517796699,46.992808935823184,46.88582805786507,36.196533548031496
2026-05-20T17:00:00-04:00,4544.62,4553.355,4534.74,4545.16,4589.58,4453.39,,51.247328009395304,60.63941942479098,62.398957946086085,77.59985426875394,47.19806162341822,47.98209370257116,39.19075742030258
2026-05-20T21:00:00-04:00,4545.19,4570.895,4527.37,4538.63,4589.58,4453.39,,51.81470913526062,58.535991972558136,62.39308339388139,77.60384834397465,47.18231844378813,47.470321524054995,41.15499193145302
2026-05-21T01:00:00-04:00,4538.72,4540.66,4512.075,4532.715,4589.58,4453.39,,53.21999664812091,55.86961764848583,62.51352949616137,77.50268931362834,47.5243696786944,46.19076211499295,43.657302091284805
2026-05-21T05:00:00-04:00,4532.685,4543.06,4502.08,4504.25,4589.58,4453.39,,56.87346538297741,54.98224013120006,62.760862931872616,77.44476726502563,48.07695859871959,42.84723838221677,44.51932124547649
2026-05-21T09:00:00-04:00,4504.245,4521.095,4488.63,4519.465,4589.58,4453.39,,57.76874175281465,53.98226225817614,63.00281872350635,77.19017477430151,48.815462672711185,42.04906242289593,45.48382920164948
2026-05-21T13:00:00-04:00,4519.465,4559.365,4514.28,4543.425,4589.58,4453.39,,52.73053830362174,53.463917451518164,63.04918877801129,77.11583311890428,48.98254443711831,46.74152199479748,45.992407426748905
2026-05-21T17:00:00-04:00,4544.905,4545.26,4525.64,4526.71,4570.895,4453.39,,51.64011481354751,53.76319513297834,63.13284032068017,77.02694261245429,49.238738028906035,47.79612783200089,45.743914851402565
2026-05-21T21:00:00-04:00,4526.695,4536.235,4518.53,4527.135,4570.895,4453.39,,53.45033032757041,54.09334668528248,63.30625840000939,76.77630333507577,49.836213464943015,46.140044012780486,45.46610751538014
2026-05-22T01:00:00-04:00,4527.09,4534.325,4507.43,4521.835,4570.895,4453.39,,54.02109199465452,54.39359023566231,63.30922603817205,76.77424230813956,49.844209768204536,45.620693019174524,45.21544956429386
2026-05-22T05:00:00-04:00,4521.83,4536.82,4510.285,4528.24,4570.895,4488.63,,53.719030611419704,54.235927817653554,63.0873732559017,76.83578399829126,49.33896251351214,45.90579070985679,45.38468711391266
2026-05-22T09:00:00-04:00,4528.225,4534.495,4491.93,4515.05,4570.895,4488.63,,54.453197164295034,53.70208503032449,62.84387499902219,76.71750818021951,48.97024181782488,45.251194595079326,45.90229419654031
2026-05-22T13:00:00-04:00,4515.1,4527.995,4504.17,4509.69,4570.895,4488.63,,56.774354586887924,53.95181719881735,62.52412257834312,76.38653950691085,48.66170564977538,43.1402514054746,45.69645539464943
2026-05-24T17:00:00-04:00,4550.54,4580.21,4548.91,4569.72,4570.895,4488.63,,49.759713067342844,52.85327781995909,61.56481798245041,76.07395199073869,47.05568397416212,49.69191184906115,46.74526272632993
2026-05-24T21:00:00-04:00,4569.715,4576.585,4556.585,4564.88,4570.895,4488.63,,42.74600986475019,51.41064435630383,60.6180159388998,75.3963235870533,45.83970829074631,56.24326503267905,48.10992316627176
2026-05-25T01:00:00-04:00,4564.895,4566,4550.55,4556.01,4570.895,4488.63,,44.632406739680405,50.33387108056195,59.73839961461795,74.41758930185976,45.05920992737613,54.52661479684276,49.14142580749057
2026-05-25T05:00:00-04:00,4556.07,4577.115,4553.12,4567.795,4570.895,4491.93,,44.51243375867065,48.693884860308444,58.76708127398335,73.37220350398707,44.16195904397964,54.67499282037019,50.69686596661338
2026-05-25T09:00:00-04:00,4567.74,4574.875,4560.17,4573.63,4570.895,4491.93,,42.50777370028693,47.1306548202383,57.67583068715649,71.84809620070263,43.503565173610355,56.55793103823433,52.1848944727413
2026-05-25T13:00:00-04:00,4573.485,4578.065,4563.365,4570.315,4580.21,4491.93,,42.3851249708632,45.24586423361364,56.87681335024192,71.16260380101372,42.59102289947012,56.69385489824713,53.96619748180418
2026-05-25T17:00:00-04:00,4571.33,4580.245,4539.595,4549.9,4580.21,4491.93,,46.04758465324598,44.065863410626314,56.34617001447742,70.47705661173387,42.215283417220974,53.37658619553211,55.10956155561489
2026-05-25T21:00:00-04:00,4549.905,4550.685,4523.59,4525.65,4580.21,4491.93,,52.31367725730766,45.975568287889296,56.186695395339456,70.26135721108125,42.11203357959767,47.655474677895654,53.38435829004262
2026-05-26T01:00:00-04:00,4525.635,4539.2,4520.11,4523.88,4580.21,4491.93,,55.66893763714013,47.75812848845202,55.93429455851762,69.81431519132008,42.05427392571516,44.56901315536176,51.77406101923851
2026-05-26T05:00:00-04:00,4523.89,4540.69,4500.785,4520.59,4580.21,4491.93,,56.305939357507995,49.31086332155433,55.83855367782325,69.67389701759328,42.003210338053215,43.98144285562874,50.37145202112432
2026-05-26T09:00:00-04:00,4520.565,4531.475,4499.845,4505.155,4580.21,4491.93,,58.64280083353908,51.79537622412871,55.839304806864504,69.67531746562196,42.00329214810706,41.82204493674001,48.10179019534417
2026-05-26T13:00:00-04:00,4505.155,4511.22,4482.62,4507.57,4580.245,4491.93,,60.11052721832134,54.34022146956415,55.704380625243246,69.38149140895652,42.027269841529964,40.45582953578477,45.770851591853024
2026-05-26T17:00:00-04:00,4506.725,4528.05,4498.125,4515.06,4580.245,4491.93,,58.25128263469228,56.32856412807988,55.49057543031627,68.96650076198674,42.01465009864581,42.1370170049339,43.94269365439754
2026-05-26T21:00:00-04:00,4515.055,4521.19,4496.065,4510.28,4580.245,4491.93,,57.52329928504561,57.61899707864977,55.28548691328388,68.50764824775774,42.063325578810016,42.7879734958496,42.74553367765801
2026-05-27T01:00:00-04:00,4510.31,4513.94,4475.985,4497.93,4580.245,4491.93,,59.90890315838325,58.49862867124433,55.03512941121869,67.715123545333,42.35513527710438,40.59804314102291,41.92628464386246
2026-05-27T05:00:00-04:00,4497.92,4497.92,4425.145,4439.01,4580.245,4491.93,,67.29720894710071,60.941360310067076,55.014840426066606,67.61788252820722,42.411798323926,33.64597916557955,39.62466682343453
2026-05-27T09:00:00-04:00,4438.975,4455.655,4401.63,4450.8,4580.245,4491.93,,70.78147734342564,62.6344966672208,55.053389097694314,67.75929024743446,42.347487947954164,30.272472205788333,38.00943588676521
2026-05-27T13:00:00-04:00,4450.82,4458.975,4441.415,4456.12,4580.245,4491.93,,67.59690140628014,63.49967475942166,54.87852269318961,67.04589246773247,42.711152918646754,33.185693103419275,37.157137728200034
2026-05-27T17:00:00-04:00,4456.89,4462.58,4443.7,4457.15,4580.245,4491.93,,66.41542394222851,64.43589573119428,54.88302598678242,67.06130686661463,42.70474510695021,34.26640115988354,36.24102777936486
2026-05-27T21:00:00-04:00,4457.56,4459,4366.23,4373.1,4580.245,4491.93,,72.05414626008597,67.44335008096272,55.33026743678888,68.89065916218004,41.76987571139771,28.83068631705691,33.355328960235184
2026-05-28T01:00:00-04:00,4373.13,4396.31,4367.215,4387.055,4580.245,4491.93,,75.61259217019554,69.6042651269514,55.91643330958755,70.32717359764166,41.50569302153344,25.32893601668426,31.2527313567462
2026-05-28T05:00:00-04:00,4387.01,4433.88,4375.255,4432.24,4580.245,4491.93,,67.08825828405871,69.49459440258428,56.19387970339587,70.60822193336946,41.77953747342228,33.29118158195343,31.26765422907248
2026-05-28T09:00:00-04:00,4432.245,4511.075,4418.255,4511.015,4580.245,4491.93,,53.43896185953521,65.64476595907554,56.04535294783108,70.66232813126965,41.428377764392515,46.20704805750387,34.84160818301029
2026-05-28T13:00:00-04:00,4511.035,4516.63,4494.775,4495.825,4580.245,4491.93,,47.340244009861934,62.797099164423216,55.93067587249006,70.65806372143625,41.20328802354388,52.05026880558726,37.489881829015026
2026-05-28T17:00:00-04:00,4497.085,4500.75,4488.975,4496.22,4580.245,4366.23,,48.61263154146495,60.220688854842635,55.77433147096896,70.62950592168949,40.919157020248434,50.8560487685739,39.890281230197324
2026-05-28T21:00:00-04:00,4496.37,4520.815,4492.42,4514.105,4580.245,4366.23,,47.059296816842306,57.26677712859858,55.353371839188,70.41997243187487,40.28677124650114,52.33782491361373,42.65314575865222
2026-05-29T01:00:00-04:00,4514.1,4526.2,4502.635,4514.95,4580.245,4366.23,,45.46636104408464,52.62417879312797,55.05066201751425,70.36067487758228,39.740649157446214,53.857172970235574,47.04070598824837
2026-05-29T05:00:00-04:00,4514.965,4543.31,4512.73,4523.215,4580.245,4366.23,,44.6508253933475,48.42055804949914,54.87809460917187,70.42609189825609,39.33009732008765,54.63107908725798,51.025186635959
2026-05-29T09:00:00-04:00,4523.18,4595.33,4517.04,4567.03,4580.245,4366.23,,40.43441978706818,45.00879636541639,54.39150348654488,70.69206876003342,38.09093821305633,58.655972051226136,54.28778897946914
2026-05-29T13:00:00-04:00,4567.05,4568.57,4540.06,4540.53,4580.245,4366.23,,60.07848694176464,55.44157017944367,45.91771817137725,62.51854122128902,29.316895121465485,59.24030792936247,54.74897517077574
2026-05-31T17:00:00-04:00,4520.795,4546.27,4520.025,4540.765,4580.245,4366.23,,57.13714676462866,56.270458141580924,46.26486349929531,63.1461756181186,29.38355138047202,56.522759909722026,55.5656435806505
2026-05-31T21:00:00-04:00,4540.83,4541.45,4508.64,4514.64,4580.245,4366.23,,54.357362204948444,56.290139821276064,46.39280010175185,63.3346428532972,29.450957350206505,53.950979759639864,55.63324116822316
2026-06-01T01:00:00-04:00,4514.66,4525.27,4490.45,4498.275,4580.245,4366.23,,49.95157273318177,55.416420870159236,46.5239676109116,63.4588457690849,29.589089452738296,49.866073341018364,54.859428845623256
2026-06-01T05:00:00-04:00,4498.27,4513.08,4489.095,4502.215,4595.33,4366.23,,48.758024334959465,54.63996421528867,46.718234155978166,63.63048527479909,29.80598303715724,48.755066657301754,54.17549650738492
2026-06-01T09:00:00-04:00,4502.265,4503.985,4447.86,4480.17,4595.33,4366.23,,46.998117878296895,53.03040466205764,46.33325178418452,62.95414286309733,29.712360705271706,47.118760841586905,52.71305220400295
2026-06-01T13:00:00-04:00,4480.23,4495.54,4471.58,4484.725,4595.33,4366.23,,45.36030208120944,50.58131332051085,46.01860544691697,62.386216120261466,29.65099477357248,45.59185414472685,50.44289139124226
2026-06-01T17:00:00-04:00,4483.385,4497.135,4476.91,4481.545,4595.33,4366.23,,45.56367540092978,48.883315650390536,45.75655073363218,61.964039039922284,29.549062427342083,45.777941430699194,48.86666177581344
2026-06-01T21:00:00-04:00,4481.45,4518.4,4463.01,4517.45,4595.33,4366.23,,49.347571931955585,48.35572051117568,45.65742931107145,61.71294903447318,29.601909587669727,49.273134766761494,48.37156992182497
2026-06-02T01:00:00-04:00,4517.44,4541.63,4515.1,4526.845,4595.33,4366.23,,54.41413437146633,48.89953626939565,45.57548650255884,61.48135325065694,29.66961975446074,53.96260326299735,48.869982776772716
2026-06-02T05:00:00-04:00,4526.855,4535.76,4513.555,4514.79,4595.33,4447.86,,53.87704317030102,49.47728349320976,45.437556848787,61.13241708016811,29.74269661740588,53.487963000907165,49.40639553893606
2026-06-02T09:00:00-04:00,4514.84,4524.91,4486.355,4491.965,4595.33,4447.86,,49.78795788286074,49.193802997367435,45.33051841644747,60.960529760544304,29.700507072350636,49.72987554990351,49.148499603230356
2026-06-02T13:00:00-04:00,4491.95,4493.22,4478.785,4487.955,4595.33,4447.86,,46.74915120165239,49.406150157025614,45.382429111078764,61.0130717216895,29.75178650046803,46.928942710606535,49.352161787227374
2026-06-02T17:00:00-04:00,4490.115,4496.885,4462.29,4486.19,4595.33,4447.86,,46.10850497847119,49.40757525372794,45.43507386442461,61.06220270357032,29.8079450252789,46.337279775758226,49.361478354953604
2026-06-02T21:00:00-04:00,4486.01,4488.44,4463.64,4469.485,4541.63,4447.86,,44.01238787165405,48.96292514866112,45.40115424220594,61.043753503301986,29.758554981109892,44.40264771095477,48.959220724443256
2026-06-03T01:00:00-04:00,4469.455,4474.455,4440.365,4444.11,4541.63,4447.86,,39.6025347940555,46.62327892861363,45.331858313106636,61.056664278235154,29.60705234797812,40.303975908864814,46.79886153841171
2026-06-03T05:00:00-04:00,4444.065,4468.19,4439.09,4460.365,4541.63,4447.86,,39.49485261630623,44.700273218615386,45.37794129130168,61.07020696606372,29.68567561653964,40.145462774607964,45.01146629918916
2026-06-03T09:00:00-04:00,4460.34,4466.205,4426.42,4442,4541.63,4447.86,,40.1083205925689,42.68935819211874,45.235364385298475,61.03602756368959,29.434701206907356,40.66182641905551,43.13425108645409
2026-06-03T13:00:00-04:00,4442.035,4452.325,4430.635,4434.715,4541.63,4447.86,,37.632282202254274,41.227223024156395,45.09297549643697,61.02977272613732,29.156178266736624,38.34787256148907,41.75946544535646
2026-06-03T17:00:00-04:00,4431.91,4465.46,4423.965,4448.57,4541.63,4447.86,,39.1015766725352,40.50433689808526,45.17715731652897,61.04024245049503,29.31407218256291,39.66612136914033,41.0591592746066
2026-06-03T21:00:00-04:00,4448.38,4484.055,4443.18,4481.135,4541.63,4447.86,,45.5972430138991,41.0811481771358,45.851472670613425,60.9108887443965,30.79205659683035,45.625855348091605,41.556201323166
2026-06-04T01:00:00-04:00,4481.2,4482.44,4458.665,4463.57,4541.63,4447.86,,47.9561201664247,41.63111755373402,46.27936893475547,60.779808118373055,31.778929751137877,47.79833142297302,42.02935462089754
2026-06-04T05:00:00-04:00,4463.595,4514.76,4461.035,4504.185,4541.63,4447.86,,50.458991058900665,44.182992824234425,46.91358399209465,61.13297779697816,32.69419018721114,50.16101426155993,44.3724979953646
2026-06-04T09:00:00-04:00,4504.17,4515.515,4457.36,4482.855,4541.63,4447.86,,52.57544455924371,45.36842953743045,47.39647884660677,61.148969343537075,33.64398834967646,52.16140917355516,45.46248216345388
2026-06-04T13:00:00-04:00,4482.835,4483.555,4472.775,4475.29,4541.63,4423.965,,49.3955852251202,46.83649700496336,48.17533290298914,59.93888274085944,36.41178306511884,49.220736618141636,46.8179009093892
2026-06-04T17:00:00-04:00,4474.185,4481.625,4450.79,4459.55,4541.63,4423.965,,46.94875882336922,48.03028000060614,48.72361714034588,58.85199105609838,38.59524322459338,46.951504306746514,47.92066266209885
2026-06-04T21:00:00-04:00,4459.565,4470.045,4435.305,4445.065,4541.63,4423.965,,43.87949224107068,48.20161573883065,48.82049469858498,58.74720835616573,38.89378104100423,44.09852617053722,48.084302281216885
2026-06-05T01:00:00-04:00,4445.085,4468.355,4428.72,4462.795,4541.63,4423.965,,44.671477340269135,47.765775522426146,48.612466505040246,58.44473266003093,38.78020035004956,44.819329079949284,47.69022658548676
2026-06-05T05:00:00-04:00,4462.715,4475.885,4404.93,4406.605,4515.515,4423.965,4428.358935,41.980930573121604,46.49441871217262,48.192328497584015,58.482969329846085,37.901687665321944,42.263728826248396,46.50298725358128
2026-06-05T09:00:00-04:00,4406.65,4421.235,4323.27,4344.68,4515.515,4423.965,,33.361523464220895,42.88078478108907,47.5521226818453,58.97579952120024,36.12844584249036,34.09441677884027,43.099770161852575
2026-06-05T13:00:00-04:00,4344.85,4347.455,4311.93,4327.885,4515.515,4423.965,,28.8303380622181,39.710102570165304,46.77407172576404,59.21066115246925,34.33748229905883,29.733020066026242,40.09487608000159
2026-06-07T17:00:00-04:00,4321.55,4353.45,4310.115,4342.45,4515.515,4423.965,,29.791624358634426,37.27965310495028,46.09671005847583,59.00161132502765,33.191808791924004,30.590318028883452,37.77679342206452
2026-06-07T21:00:00-04:00,4342.55,4346.18,4300.025,4312.98,4515.515,4423.965,,30.028657744324537,34.87578797615253,45.2846295573918,58.738965126894335,31.83029398788927,30.760045222925335,35.46874491319554
2026-06-08T01:00:00-04:00,4312.975,4316.96,4268.48,4288.82,4515.515,4423.965,,27.340929971544337,32.554349599371314,44.201142397217744,57.68140235337869,30.7208824410568,28.17107959115048,33.226094399382596
2026-06-08T05:00:00-04:00,4288.84,4339.505,4273.165,4333.34,4515.515,4423.965,,31.286206397358924,31.051424849606757,43.59096599595618,56.72910059028932,30.45283140162304,31.8092471662832,31.751578652148087
2026-06-08T09:00:00-04:00,4333.345,4346.88,4314.945,4340.775,4515.515,4423.965,,37.14580148819813,31.17288414653604,43.02518091036889,55.67713179878887,30.373230021948906,37.274178487770854,31.800508588389004
2026-06-08T13:00:00-04:00,4340.81,4346.005,4323.365,4330.065,4515.515,4423.965,,37.226301697911424,32.15564720208977,42.58325655436576,55.121114137152816,30.045398971578702,37.34866057630771,32.681362594281644
2026-06-08T17:00:00-04:00,4326.5,4328.93,4312.96,4320.045,4515.515,4423.965,,35.879861534869235,33.18703371015065,42.197433192821094,54.78392083911058,29.61094554653161,36.08672397036749,33.615852561057935
2026-06-08T21:00:00-04:00,4320.025,4342.275,4318.66,4332.585,4515.515,4268.48,,36.72394778487005,34.13631103815708,41.875369698478146,54.35011545638723,29.400623940569066,36.862202946940215,34.47332971372642
2026-06-09T01:00:00-04:00,4332.625,4351.56,4321.32,4326.695,4515.515,4268.48,,37.78182907090742,35.402225517745755,41.655298557092294,54.16149634392771,29.149100770256883,37.84226789383747,35.639344752747114
2026-06-09T05:00:00-04:00,4326.69,4344.39,4324.19,4341.555,4515.515,4268.48,,39.1940892397158,37.52292797192035,41.51265129603735,53.962353870635,29.062948721439696,39.1454160805135,37.608854424973
2026-06-09T09:00:00-04:00,4341.57,4363.72,4236.7,4252.165,4515.515,4268.48,,35.33934857693471,36.560266140481694,41.05386756744553,53.869903772037645,28.23783136285341,35.51297915646616,36.6975538927994
2026-06-09T13:00:00-04:00,4252.19,4274.345,4249.96,4259.965,4515.515,4268.48,,30.53423160710906,35.63390800589491,40.405984218105196,52.99227453335507,27.81969390285532,31.007830907370327,35.818469402001426
2026-06-09T17:00:00-04:00,4256.145,4257.605,4199.025,4218.42,4515.515,4268.48,,29.411668531692673,34.32751380727633,39.583134282752965,51.93048820019874,27.235780365307196,29.91950452782193,34.57493787894631
2026-06-09T21:00:00-04:00,4218.435,4219.2,4172.565,4174.855,4515.515,4268.48,,25.640752543776532,32.70844829415414,38.7450259459567,51.27292082265015,26.217131069263246,26.311630362773045,33.0255855141173
2026-06-10T01:00:00-04:00,4174.895,4222.005,4161.47,4169.135,4515.515,4268.48,,23.68048685698182,30.60081068502256,38.04740069299538,51.015256992415715,25.079544393575052,24.42383688086545,31.02111900292495
2026-06-10T05:00:00-04:00,4169.11,4179.65,4130.62,4147.235,4363.72,4268.48,,22.659705499759784,28.387841559540526,37.327999728198314,50.8097029929574,23.846296463439234,23.43763816388413,28.909977019844916
2026-06-10T09:00:00-04:00,4147.29,4186.42,4107.03,4122.13,4363.72,4268.48,,20.991312206206967,25.40001724687718,36.56991876521513,50.61869985955683,22.521137670873433,21.82225373964652,26.07164404839153
2026-06-10T13:00:00-04:00,4122.085,4135.08,4067.24,4072.015,4363.72,4268.48,,18.665808044010316,23.62397283584784,35.83702444421926,50.753219914398485,20.92082897404003,19.552066198180228,24.34971617462037
2026-06-10T17:00:00-04:00,4061.7,4078.15,4023.87,4075.92,4363.72,4268.48,,17.70332844203467,21.73404491399878,35.28173015627272,50.95066044346512,19.612799869080327,18.5813866756058,22.521231410744523
2026-06-10T21:00:00-04:00,4075.725,4118.395,4052.295,4082.93,4363.72,4268.48,,19.148801754267797,20.69172518515502,34.64019792292288,50.72856336847078,18.55183247737498,19.914804961094667,21.49123058412686
2026-06-11T01:00:00-04:00,4082.935,4112.725,4072.885,4084.715,4363.72,4268.48,,20.34435416007695,20.22078823294176,34.1191438955379,50.62004166608463,17.618246124991177,21.015441256942722,21.008034523364433
2026-06-11T05:00:00-04:00,4084.71,4096.54,4057.55,4081.97,4363.72,4268.48,,20.489575758943385,19.780036300001182,33.631803426257534,50.53085255530344,16.732754297211624,21.145254326509892,20.554492711453843
2026-06-11T09:00:00-04:00,4081.98,4107.755,4052.975,4080.375,4363.72,4268.48,,20.3158538987586,19.551116346941424,33.01410137943339,50.15770686216739,15.870495896699396,20.980468143647144,20.305985946153864
2026-06-11T13:00:00-04:00,4080.38,4220.22,4072.02,4211.195,4363.72,4023.87,,34.871473505010734,23.74579667108797,33.00087580808763,50.110677562393136,15.891074053782116,34.57000273194318,24.19670670925289
2026-06-11T17:00:00-04:00,4208.535,4246.715,4200.875,4208.435,4363.72,4023.87,,49.28782254262953,28.300263346546906,33.092436813327794,50.40401696184236,15.780856664813225,48.034681583366904,28.4438760562072
2026-06-11T21:00:00-04:00,4208.405,4210.98,4171.405,4189.92,4363.72,4023.87,,47.68424202815311,32.311771981407524,32.83765527686719,49.45474742512024,16.22056312861414,46.573362419633014,32.19441406468924
2026-06-12T01:00:00-04:00,4189.885,4226.13,4170.29,4219.545,4363.72,4023.87,,48.69980318047995,36.74340661117895,32.86445790869464,49.55661688412906,16.172298933260215,47.59790107034459,36.353332087421464
2026-06-12T05:00:00-04:00,4219.55,4228.07,4188.59,4191.76,4363.72,4023.87,,48.97502262731899,40.49196297204811,32.81291630052594,49.38432695400472,16.241505647047166,47.94435349591099,39.888388990108744
2026-06-12T09:00:00-04:00,4191.795,4235.69,4177.25,4216.155,4363.72,4023.87,,48.79622122328572,44.83101960099105,32.973132167513256,49.92362079454563,16.022643540480882,47.85252124407626,43.98397977815471
2026-06-12T13:00:00-04:00,4216.19,4235.485,4201.82,4218.56,4246.715,4023.87,,50.94799113788284,49.24400218322646,33.2287103532796,50.7117317311146,15.745688975444608,49.894950172348146,48.149669569737604
2026-06-14T17:00:00-04:00,4301.665,4309.19,4280.395,4292.545,4246.715,4023.87,,56.18636325356211,50.920988100577155,33.65047839770696,52.391494672941704,14.90946212247222,54.916799104541994,49.7973501703258
2026-06-14T21:00:00-04:00,4292.635,4335.57,4285.32,4328.345,4246.715,4023.87,,63.12615525657857,53.19781153006904,34.4725470993653,55.07280261866115,13.87229158006945,61.60246608615011,52.026179427675665
2026-06-15T01:00:00-04:00,4328.33,4345.555,4301.005,4334.14,4246.715,4023.87,,65.31450344170213,55.95820564730544,35.53006545520585,57.76395940431757,13.296171506094133,63.73653860026032,54.70111479336218
2026-06-15T05:00:00-04:00,4334.145,4349.41,4324.8,4349.15,4246.715,4023.87,,66.38514431447241,58.25076613978117,36.68165334949791,60.42186992177516,12.941436777220652,64.78098023383566,56.93563061724454
2026-06-15T09:00:00-04:00,4349.135,4369.665,4334.65,4339.19,4246.715,4023.87,,66.10598551184299,60.852766471455155,37.66620434657107,62.58721932055367,12.745189372588474,64.58135160383054,59.45454282419633
2026-06-15T13:00:00-04:00,4339.26,4339.26,4306.545,4308.85,4246.715,4023.87,,61.994890645433465,62.0218145461091,38.56201999073961,64.0045144918923,13.119525489586923,60.84539264840612,60.64787958991021
2026-06-15T17:00:00-04:00,4312.985,4320.955,4306.11,4319.295,4246.715,4023.87,,59.63404223038567,63.33449535502739,39.56579918532644,65.43881091892251,13.692787451730371,58.723674662917446,61.97703553578755
2026-06-15T21:00:00-04:00,4319.305,4333.375,4307.7,4322.63,4246.715,4023.87,,60.55867487385592,63.271046437621614,40.28392990112179,66.77876932145898,13.789090480784594,59.5983528804032,61.98546638301342
2026-06-16T01:00:00-04:00,4322.65,4348.105,4313.53,4347.02,4246.715,4023.87,,62.43515880233207,63.13706779667125,41.05340843909902,68.32298066712744,13.783836211070607,61.373276289597825,61.91155273677263
2026-06-16T05:00:00-04:00,4347.03,4354.95,4335.165,4354.66,4369.665,4023.87,,64.57979059831959,63.061128482369455,41.89295865996933,69.90502901427854,13.880888305660129,63.403917184884634,61.89043169290608
2026-06-16T09:00:00-04:00,4354.57,4354.835,4313.32,4340.6,4369.665,4023.87,,63.37374047544807,62.27666669980716,42.67069543560366,71.12772797050663,14.213662900700694,62.34036293375488,61.214233508178104
2026-06-16T13:00:00-04:00,4340.57,4342.94,4325.37,4331.28,4369.665,4023.87,,60.552526421572814,61.47442588514941,43.29463975624596,72.08544795222956,14.503831560262359,59.79516045353092,60.522948507106186
2026-06-16T17:00:00-04:00,4331.69,4341.785,4328.615,4337.06,4369.665,4023.87,,59.917182789319256,61.68303588377454,43.97277506609847,73.08493087443986,14.86061925775708,59.23294157895873,60.75353320262171
2026-06-16T21:00:00-04:00,4336.995,4349.605,4317.665,4326.845,4369.665,4023.87,,59.0847984795576,61.317499099198535,44.46468147623665,73.80562363899014,15.12373931348316,58.496963228556695,60.45817381157455
2026-06-17T01:00:00-04:00,4326.87,4334.285,4317.19,4324.72,4369.665,4023.87,,57.48974300031563,60.80619820562016,45.27573944394441,74.51156723624293,16.03991165164589,57.0617943643462,60.02880219803399
2026-06-17T05:00:00-04:00,4324.67,4335.81,4319.94,4333.68,4369.665,4023.87,,58.11816730928693,60.08407295832849,46.087265929305936,75.29033449056608,16.884197368045786,57.63955378390392,59.391395952804864
2026-06-17T09:00:00-04:00,4333.675,4366.555,4324.09,4359.515,4369.665,4023.87,,61.42743158454235,59.90552420168381,47.1590196235238,76.26431915393246,18.05372009311514,60.6836220297584,59.25157501085506
2026-06-17T13:00:00-04:00,4359.505,4382.615,4219.165,4257.65,4369.665,4023.87,,53.18320714872871,57.17249200783725,47.707410317832526,76.10233463145181,19.312486004213234,53.09673303303854,56.750358838314476
2026-06-17T17:00:00-04:00,4257.675,4315.39,4257.675,4308.39,4369.665,4023.87,,46.92102942912925,56.010810775271366,48.526110363061875,76.09860542559095,20.953615300532807,47.35669518027526,55.69772778992488
2026-06-17T21:00:00-04:00,4308.355,4329.865,4306.83,4315.68,4369.665,4023.87,,51.86797431239759,54.872718157288205,49.42554377739946,75.96758997413899,22.883497580659938,51.944251863548125,54.66787606248288
2026-06-18T01:00:00-04:00,4315.685,4324.91,4265.6,4266.965,4369.665,4023.87,,48.66405395420752,53.03345519659991,50.153918701179556,75.42351193449937,24.88432546785974,48.9299595187134,52.96429815854109
2026-06-18T05:00:00-04:00,4267.03,4273.365,4240.07,4246.79,4369.665,4023.87,,43.535463442648826,50.885781140811964,50.888464683201725,74.51852102118158,27.258408345221874,44.100459688266014,50.96463758360283
2026-06-18T09:00:00-04:00,4246.775,4276.745,4214.165,4219.65,4382.615,4023.87,,40.464572181278655,47.98957087431183,51.49281539172332,73.54891013477645,29.436720648670192,41.1849880229001,48.26299365539713
2026-06-18T13:00:00-04:00,4219.675,4233.235,4201.495,4208.995,4382.615,4023.87,,38.107394055862024,44.22291327547474,52.003675995060206,72.61892868940768,31.388423300712727,38.94228095742551,44.752825848650566
2026-06-18T17:00:00-04:00,4204.63,4210.695,4184.075,4190.62,4382.615,4023.87,,36.362349225672375,43.183611467724305,52.435050395581875,71.67290587741827,33.19719491374548,37.27902928513042,43.74364972742338
2026-06-18T21:00:00-04:00,4190.625,4194.665,4125.225,4125.685,4382.615,4023.87,,32.030153811257435,39.96837738465421,52.68253352754927,70.953562209716,34.41150484538254,33.112029275570094,40.682921304449096
2026-06-19T01:00:00-04:00,4125.63,4178.525,4121.955,4169.325,4382.615,4023.87,,32.9902318008789,37.78997075014753,53.18060203688307,69.63184563303012,36.72935844073602,33.871569534095244,38.580026204722564
2026-06-19T05:00:00-04:00,4169.31,4180.12,4142.035,4179.07,4382.615,4023.87,,38.053953513230965,36.93692011580377,52.86973823391517,69.75174324417924,35.987733223651105,38.55858108600083,37.719670323674066
2026-06-19T09:00:00-04:00,4179.06,4183.125,4142.545,4155.405,4382.615,4023.87,,37.601958783657224,36.09468370472137,52.493198286355295,69.94972535657325,35.036671216137336,38.11523935521677,36.869963252422785
2026-06-21T17:00:00-04:00,4157.1,4201.24,4136.695,4201.185,4382.615,4023.87,,40.25051347593413,36.875760485705335,52.43246008378464,69.95457020941149,34.910349958157795,40.55581192954719,37.53990572557324
2026-06-21T21:00:00-04:00,4201.27,4221.37,4170.695,4181.945,4382.615,4023.87,,43.03398337317932,37.5022806525263,52.15991476827879,69.91742632392308,34.4024032126345,43.13549347041815,38.06802397042069
2026-06-22T01:00:00-04:00,4181.82,4207.355,4179.51,4197.455,4382.615,4121.955,,43.14915630103682,38.814848221523754,52.089762064591575,69.91421407554117,34.26531005364198,43.23552302193765,39.241761078946745
2026-06-22T05:00:00-04:00,4197.425,4215.255,4192.24,4193.295,4382.615,4121.955,,44.16603038637562,40.96967395970294,51.88755060140172,69.85026550255986,33.92483570024358,44.18249299637961,41.2310136049377
2026-06-22T09:00:00-04:00,4193.29,4210.78,4169.82,4190.13,4382.615,4121.955,,43.65056643090541,41.860658115817046,51.660501787710544,69.77139109590243,33.54961247951866,43.70462210408172,42.051204670371455
2026-06-22T13:00:00-04:00,4190.235,4193.835,4177.165,4191.69,4382.615,4121.955,,43.57806878916835,42.54799260997076,51.14588622114326,69.17615231295002,33.115620129336484,43.63646874648312,42.68183865078978
2026-06-22T17:00:00-04:00,4192.855,4195.255,4178.485,4193.49,4221.37,4121.955,,43.92978842308371,43.66860944136746,50.53130373868143,68.22507333574802,32.83753414161484,43.95845132313065,43.72069380406113
2026-06-22T21:00:00-04:00,4193.345,4198.605,4114.825,4118.325,4221.37,4121.955,4126.046925,38.871678939251936,42.15403988520442,49.590425956293245,67.34630800271796,31.834543909868525,39.255376845278974,42.31028576957029
2026-06-23T01:00:00-04:00,4118.36,4137.595,4091.03,4105.34,4221.37,4121.955,,32.90224113032684,40.77382594340962,48.561721198437574,66.22674647131326,30.896695925561886,33.69557570099842,41.02357444136978
2026-06-23T05:00:00-04:00,4105.32,4133.48,4103.945,4113.305,4221.37,4121.955,,33.11983877203777,39.28852059120469,47.65006438336352,65.11841292288148,30.18171584384557,33.86842899750559,39.63397319116113
2026-06-23T09:00:00-04:00,4113.295,4145.215,4105.43,4134.385,4221.37,4121.955,,36.46939644215645,38.57478767363271,47.06022153942128,64.39034464713353,29.730098431709024,36.92728848243461,38.950658865956925
2026-06-23T13:00:00-04:00,4134.355,4139.955,4107.53,4110.745,4221.37,4121.955,,37.29573694686495,37.47285502433598,46.33604642550936,63.52107357672434,29.151019274294377,37.65696357738355,37.906070754961654
2026-06-23T17:00:00-04:00,4111.71,4115.235,4080.895,4097.5,4221.37,4121.955,,34.86352516535617,36.08491806682923,45.54874214480364,62.55744649766331,28.54003779194397,35.39179084061395,36.59503660713716
2026-06-23T21:00:00-04:00,4097.55,4102.51,4050.47,4064.635,4221.37,4121.955,,32.10287110587425,34.09373579084757,44.55179420807066,61.23750093681109,27.866087479330233,32.799601059699825,34.71782782255285
2026-06-24T01:00:00-04:00,4064.475,4097.73,4060.86,4076.385,4221.37,4121.955,,31.645828522257588,34.020389376259416,43.611450257976465,59.54037226234212,27.682528253610812,32.327205545297076,34.61555909285662
2026-06-24T05:00:00-04:00,4076.39,4079.36,3987.655,3987.93,4221.37,4121.955,,28.895668800618786,32.9490008395024,42.52367234484541,58.432874347809474,26.614470341881344,29.647798471839156,33.56132004279306
2026-06-24T09:00:00-04:00,3988.115,4042.26,3964.645,4006.845,4221.37,4121.955,,26.78085028138846,32.209249807502474,41.624881073259736,57.22301761681952,26.02674452969995,27.57125646884693,32.816366941811296
2026-06-24T13:00:00-04:00,4006.865,4011.49,3959.08,3999.5,4221.37,4121.955,,28.54596545929663,30.685163415828175,40.678306619549964,55.76641907251936,25.590194166580567,29.19167644752864,31.35114517567707
2026-06-24T17:00:00-04:00,4006.955,4018.825,3978.5,3991.775,4221.37,4121.955,,27.85742236890254,29.512588499513214,39.78797659616238,54.500180534590626,25.075772657734134,28.537453728317022,30.210792699220857
2026-06-24T21:00:00-04:00,3991.71,4005.825,3962.475,3996.225,4221.37,4121.955,,28.064708714421307,28.742644429846784,38.94742224979147,53.11805142547785,24.776793074105093,28.71438284385169,29.44331431945928
2026-06-25T01:00:00-04:00,3996.205,4002.11,3971.695,3989.17,4221.37,4121.955,,28.25670912149883,28.413685075405947,38.031420232174845,51.33465926801543,24.728181196334265,28.880648466873883,29.091091958413447
2026-06-25T05:00:00-04:00,3989.24,4019.38,3973.64,4012.67,4221.37,4121.955,,30.986688577164543,28.554318731248767,37.15679030818101,48.33262916306846,25.980951453293557,31.36216822960004,29.16758937211727
2026-06-25T09:00:00-04:00,4012.68,4044.085,3999.17,4028.73,4221.37,3959.08,,36.0644470529476,30.46190743321418,37.02443434418772,48.10061411976871,25.94825456860673,36.00787483603474,30.9082566338979
2026-06-25T13:00:00-04:00,4028.78,4044.14,4021.965,4026.92,4221.37,3959.08,,37.90052702338649,31.731369228962485,36.626172519607906,46.950885210638184,26.301459828577627,37.6956788495722,32.06028148089592
2026-06-25T17:00:00-04:00,4030.09,4036.505,4011.575,4020.495,4221.37,3959.08,,37.24953837193335,32.94864255111038,36.16452634768982,45.48080570592635,26.848246989453294,37.104649783426254,33.16910615844007
2026-06-25T21:00:00-04:00,4020.505,4030.015,3982.95,4011.705,4221.37,3959.08,,36.02576450110332,34.065181266734136,35.88274372824884,44.869819975423844,26.895667481073836,35.99417567871548,34.19077346672405
2026-06-26T01:00:00-04:00,4011.71,4039.875,4005.63,4030.94,4221.37,3959.08,,38.03286554346579,35.7966873594088,35.84084411832611,44.75924955974041,26.92243867691181,37.82606378680084,35.77244357071126
2026-06-26T05:00:00-04:00,4030.945,4061.615,4029.59,4058.99,4221.37,3959.08,,44.22292396804036,38.62695693717457,36.10382324511717,45.56582975528196,26.64181673495238,43.509170097479966,38.37035107546865
2026-06-26T09:00:00-04:00,4059.035,4095.985,4043.23,4085.2,4221.37,3959.08,,50.468672117452314,41.362968370919596,36.56797812194907,47.12514357861967,26.010812665278465,49.31408703396077,40.901563229100034
2026-06-26T13:00:00-04:00,4085.225,4091.205,4064.705,4088.385,4221.37,3959.08,,53.564267615945944,43.62690566945981,37.115700797486205,48.6761623546893,25.555239240283107,52.215946080922265,43.00122857400794
2026-06-28T17:00:00-04:00,4075.86,4083.82,4048.15,4069.41,4221.37,3959.08,,51.68715952791862,45.302006229357346,37.724272575870316,49.51986408600057,25.92868106574006,50.5543253810534,44.575462238094666
2026-06-28T21:00:00-04:00,4069.415,4076.015,4049.665,4052.335,4221.37,3959.08,,47.6644606346311,46.60259774451631,37.978890728883385,49.979691865446036,25.978089592320735,46.94724023331068,45.81339727397492
2026-06-29T01:00:00-04:00,4052.23,4068.83,4039.325,4047.28,4221.37,3959.08,,45.31152391429677,47.95508034741262,38.15118848181535,50.29362359713613,26.008753366494574,44.82689570376606,47.099096530966264
2026-06-29T05:00:00-04:00,4047.26,4055.485,4024.44,4043.75,4095.985,3959.08,,44.39782354283477,48.421157172907456,38.37864747942324,50.61306904381817,26.14422591502831,44.00261921428595,47.57812739611352
2026-06-29T09:00:00-04:00,4043.785,4051.935,4000.325,4023.975,4095.985,3959.08,,41.93676002902655,47.301890650551535,38.25037945552668,50.382034577907326,26.118724333146027,41.77657311322866,46.60406882118018
2026-06-29T13:00:00-04:00,4023.98,4032.17,4005.435,4016.955,4095.985,3959.08,,39.162197118679956,45.190735744686776,38.15089534680562,50.24048484188909,26.061305851722146,39.26107248415531,44.705837524740524
2026-06-29T17:00:00-04:00,4018.65,4022.505,3979.98,3987.34,4095.985,3959.08,,35.81091149526546,42.22950318749997,37.81871799636365,49.84915970185558,25.78827629087173,36.18250990704841,42.023087057216216
2026-06-29T21:00:00-04:00,3987.325,3998.27,3942.1,3985.585,4095.985,3959.08,,33.01200785358643,39.854978123449015,37.49477637428862,49.474557133237575,25.514995615339664,33.60465956655719,39.8630758634559
2026-06-30T01:00:00-04:00,3985.575,4037.665,3975.23,4015.725,4095.985,3959.08,,37.57944296492636,39.348069567584325,37.461593086600175,49.402284804232465,25.52090136896788,37.76059414184539,39.39833103108327
2026-06-30T05:00:00-04:00,4015.695,4037.43,4008.74,4009.97,4095.985,3959.08,,41.69560123761003,38.82185735868137,37.384042988902834,49.23946261379031,25.528623364015363,41.50831412664502,38.91490969856416
2026-06-30T09:00:00-04:00,4010.025,4063.48,4009.455,4026.175,4095.985,3959.08,,43.43335391100244,39.07250681563223,37.43239105647775,49.368064333528196,25.496717779427296,43.10984375797813,39.14325232928103
2026-06-30T13:00:00-04:00,4026.145,4033.925,4006.58,4007.525,4095.985,3959.08,,43.70964894627165,39.328397049322824,37.668629459904,49.6086985806286,25.728560339179396,43.385234946557816,39.37452736522964
2026-06-30T17:00:00-04:00,4014.34,4018.505,3993.21,3996.72,4095.985,3942.1,,40.53852501168507,39.46574335649084,37.881584225969405,49.729273250147386,26.033895201791424,40.498229190150475,39.49672567385108
2026-06-30T21:00:00-04:00,3996.77,3999.9,3970.395,3976.7,4095.985,3942.1,,37.51612431682339,39.81560071262509,37.9272344919502,49.74385682809119,26.110612155809214,37.72181176737571,39.81432789675172
2026-07-01T01:00:00-04:00,3976.685,3984.555,3960.275,3974.665,4095.985,3942.1,,35.41865589030492,40.15335708126754,37.819775958213434,49.65581988773964,25.983732028687232,35.78927316448842,40.120900987545724
2026-07-01T05:00:00-04:00,3974.645,4035.595,3972.95,4022.905,4063.48,3942.1,,42.13666856567838,41.11766516998281,38.21199517540982,50.42056019268454,26.003430158135096,41.98353481517692,41.020882374846444
2026-07-01T09:00:00-04:00,4022.93,4115.81,4012.865,4071.285,4063.48,3942.1,,53.83528330212734,43.62183767112963,38.93576173096468,52.29376870657178,25.577754755357578,52.897473555262934,43.374946538579415
2026-07-01T13:00:00-04:00,4071.18,4073.725,4028.265,4031.705,4063.48,3942.1,,54.43922689650525,44.262200308697906,39.52589845721164,52.997680844401835,26.054116070021443,53.58700633989177,44.01435739825035
2026-07-01T17:00:00-04:00,4038.71,4052.795,4030.895,4052.095,4063.48,3942.1,,52.08764818783371,46.01555174014736,40.13822171129269,54.041634630519205,26.23480879206617,51.4730599461475,45.68575368131932
2026-07-01T21:00:00-04:00,4052.14,4074.235,4041.515,4060.87,4063.48,3960.275,,54.69168567387537,48.30596049789513,41.04331121446203,54.857981383423414,27.228641045500645,53.943773000046484,47.85594134393492
2026-07-02T01:00:00-04:00,4060.885,4080.12,4053.245,4076.19,4063.48,3960.275,,56.77763313602652,51.5188399742054,41.90273834980081,56.04172032549805,27.76375637410358,55.92514945883896,50.88670730745168
2026-07-02T05:00:00-04:00,4076.195,4140.525,4057.44,4117.58,4063.48,3960.275,,61.192179833060194,55.669824481539436,42.96367676585989,57.83429385648258,28.093059675237193,60.1454963500824,54.81486225410463
2026-07-02T09:00:00-04:00,4117.55,4144.08,4100.355,4118.185,4063.48,3960.275,,64.3293197657984,57.859597459953925,44.04814407902998,59.37578930690607,28.72049885115389,63.15281701053728,56.93507364898321
2026-07-02T13:00:00-04:00,4118.02,4127.09,4105.855,4123.605,4063.48,3960.275,,64.7656056664201,58.792773728480235,45.12255305715394,60.868632595582326,29.376473518725547,63.571503375205786,57.86458505980259
2026-07-02T17:00:00-04:00,4125.815,4151.14,4121.47,4147.115,4063.48,3960.275,,66.80250091017524,61.39196146385963,46.31554359601095,62.53960240364809,30.0914847883738,65.53012318005439,60.34739274617253
2026-07-02T21:00:00-04:00,4147.175,4195.51,4146.725,4179.065,4063.48,3960.275,,70.36778325443495,64.01566946179489,47.43908803816984,64.77061410119497,30.10756197514472,68.9800943120783,62.86659487863996
2026-07-03T01:00:00-04:00,4179.055,4186.655,4160.415,4181.14,4063.48,3960.275,,72.40857513789709,66.45392988215156,48.45343348336092,66.87538609161697,30.031480875104855,70.96498159389398,65.21059520155754
2026-07-03T05:00:00-04:00,4181.09,4186.46,4168.57,4176.775,4063.48,3960.275,,71.83708809387991,68.31837087832443,49.43535633643416,68.61131951225953,30.25939316060879,70.45588327409953,67.01823311157155
2026-07-03T09:00:00-04:00,4176.905,4179.38,4155.41,4175.695,4063.48,3960.275,,70.96747865076492,69.24687240149576,50.43684173505689,70.12925236450496,30.744431105608804,69.66917588388554,67.93164649692986
2026-07-05T17:00:00-04:00,4180.345,4202.225,4170.295,4179.715,4063.48,3960.275,,71.07973447391754,70.2470607949299,51.49735457012911,71.52221776337862,31.47249137687961,69.78598557983582,68.91342413137113
2026-07-05T21:00:00-04:00,4179.525,4202.705,4157.525,4159.87,4063.48,3960.275,,67.91933991633155,70.1479393300419,52.1948696393431,72.28918633803073,32.100552940655476,66.9551904799703,68.89841424114829
2026-07-06T01:00:00-04:00,4159.85,4166.52,4144.83,4150.52,4063.48,3960.275,,62.949370125871596,69.14616628512884,52.59891022647213,72.8070334644205,32.39078698852376,62.46895796998898,68.03880549992387
2026-07-06T05:00:00-04:00,4150.53,4159.6,4131.52,4139.65,4063.48,3960.275,,59.71359851076631,67.10388654613656,52.73868883894981,73.00018945633308,32.47718822156655,59.52884739496312,66.19805797911538
2026-07-06T09:00:00-04:00,4139.66,4156.34,4128.51,4155.14,4063.48,3960.275,,59.664855932473436,65.5051036550078,52.95776836273845,73.35371095202598,32.56182577345092,59.49598134628663,64.76194828632177
2026-07-06T13:00:00-04:00,4155.15,4167.59,4150.455,4165.115,4063.48,3960.275,,62.35095020018473,64.39356143365222,53.365970643200754,73.93241228978553,32.799528996615976,61.96440128459663,63.77192026782884
2026-07-06T17:00:00-04:00,4164.735,4168.65,4145.195,4146.13,4202.705,3960.275,,60.269306027452586,62.44848290548999,53.699229856433824,74.17947583480446,33.218983878063185,60.07944435519987,62.02202499241158
2026-07-06T21:00:00-04:00,4146.095,4148.07,4124.535,4126.835,4202.705,3960.275,,54.39347826949952,59.62605966096136,53.90020325233033,74.23596444605735,33.5644420586033,54.697052320779704,59.4607964795271
2026-07-07T01:00:00-04:00,4126.885,4139.395,4116.7,4126.08,4202.705,3960.275,,51.509469763046134,57.75994857597988,54.1175619870345,74.27614677299536,33.95897720107364,52.038938303564564,57.760238656295655
2026-07-07T05:00:00-04:00,4126.065,4175.085,4119.81,4172.4,4202.705,3960.275,,56.60973528328165,57.81473542022138,54.7633194437571,74.61730818603948,34.90933070147471,56.71693412579097,57.81736109547052
2026-07-07T09:00:00-04:00,4172.505,4180.52,4135.945,4145.235,4202.705,3960.275,,58.11258619842242,57.30251648673876,55.23229075643111,74.54929331410436,35.915288198757864,58.063759726895555,57.34164217970492
2026-07-07T13:00:00-04:00,4145.19,4148.345,4092.295,4106.12,4202.705,3960.275,,50.125356984664364,55.089164292275925,55.60534564901587,74.09947461138842,37.11121668664331,50.60699914220494,55.27765189430431
2026-07-07T17:00:00-04:00,4105.04,4126.82,4095.74,4111.74,4202.705,3960.275,,46.48927724904668,52.77060992927075,56.02507130910525,73.55388896546546,38.49625365274504,47.17505234586286,53.116113911495276
2026-07-07T21:00:00-04:00,4111.58,4131.22,4096.56,4125.295,4202.705,3960.275,,48.692199554651914,51.78141958576144,56.25903721311736,73.43921256776358,39.07886185847114,49.20094884955449,52.169510321262784
2026-07-08T01:00:00-04:00,4125.29,4133.99,4052.285,4057.005,4202.705,3960.275,,44.140750084824155,49.841259019363505,56.16890359423548,73.57636331753389,38.76144387093708,44.8322565743608,50.297600841089874
2026-07-08T05:00:00-04:00,4056.93,4086.445,4040.575,4072.325,4180.52,3960.275,,39.76234131834663,48.42509717299016,56.04309529590232,73.68518614972488,38.40100444207975,40.63192376815522,48.91036331114582
2026-07-08T09:00:00-04:00,4072.33,4083.185,4021.815,4063.87,4180.52,3960.275,,40.82097160344238,45.33018368226657,55.99898139759847,73.73983145080348,38.25813134439346,41.5922126943474,45.97625186067743
2026-07-08T13:00:00-04:00,4063.875,4091.67,4059.77,4077.12,4180.52,3960.275,,41.70581923384884,43.737449468826284,56.111759661911954,73.60589686644795,38.61762245737596,42.38686019619621,44.43124915951744
2026-07-08T17:00:00-04:00,4074.405,4090.02,4070.38,4073.97,4180.52,3960.275,,42.97461089839358,43.287113371903494,56.320068843573196,73.27346316687503,39.36667452027136,43.55079938871846,43.96019478825271
2026-07-08T21:00:00-04:00,4073.985,4082.83,4054.4,4064.405,4180.52,3960.275,,41.8007581745712,42.39787259040471,56.487177443339384,72.96042733343764,40.01392755324113,42.44687207255807,43.08034051000178
2026-07-09T01:00:00-04:00,4064.4,4118.005,4063.85,4108.34,4180.52,3960.275,,45.98110077722195,42.51251372120921,56.54621191484046,72.95860711666239,40.13381671301853,46.290974333537136,43.12877349796204
2026-07-09T05:00:00-04:00,4108.34,4122.63,4093.855,4107.69,4180.52,4021.815,,50.97976425777338,44.351876639818784,56.319205734847976,72.79177449133842,39.84663697835754,50.90518884215957,44.81546401508716
2026-07-09T09:00:00-04:00,4107.665,4138.035,4106.875,4128.155,4180.52,4021.815,,53.00916089748738,46.297319315249425,56.46209038548647,72.8501171780907,40.07406359288224,52.79433176188016,46.60374721045488
2026-07-09T13:00:00-04:00,4128.115,4138.06,4118.91,4123.79,4180.52,4021.815,,54.57453814975135,48.28146708162134,56.46549337966666,72.85217050935653,40.078816249976796,54.257483476095885,48.43411280987243
2026-07-09T17:00:00-04:00,4125.25,4128.47,4114.545,4126.51,4180.52,4021.815,,54.337287718695784,49.906310310919984,56.4412434469465,72.83337423640046,40.04911265749254,54.04146684282982,49.933634823778775
2026-07-09T21:00:00-04:00,4126.565,4134.92,4108.72,4115.32,4180.52,4021.815,,53.147367391413965,51.18796893677003,56.251948335865926,72.68842338625534,39.815473285476514,52.95716996151367,51.12164725924249
2026-07-10T01:00:00-04:00,4115.315,4120.19,4094.86,4098.03,4180.52,4021.815,,49.50404067580392,52.10724816841504,55.75370584946083,72.20488896705619,39.302522731865466,49.614675031351894,51.981578526291294
2026-07-10T05:00:00-04:00,4098.02,4117.585,4094.535,4100.765,4180.52,4021.815,,47.71875546906131,51.68444170586698,55.2748563184108,71.67133413777654,38.878378499045056,47.969839318115845,51.60132296912213
2026-07-10T09:00:00-04:00,4100.865,4115.51,4072.8,4104.525,4138.06,4021.815,,48.62416855593682,51.43422082503316,54.80420954884417,71.0405223073493,38.567896790339034,48.793665885339415,51.37828625291411
2026-07-10T13:00:00-04:00,4104.52,4121.375,4097.925,4120.67,4138.06,4021.815,,51.37883036202142,51.21863298144814,54.3675815802841,70.14398191502596,38.59118124554225,51.30527679502299,51.17587869287723
2026-07-12T17:00:00-04:00,4090.98,4094.82,4061.115,4074.105,4138.06,4021.815,,47.85314840264064,49.5138237544301,53.479819263444504,68.76582683897242,38.19381168791659,48.02971562747078,49.5989240104498
2026-07-12T21:00:00-04:00,4074.36,4089.905,4050.465,4058.95,4138.06,4021.815,,40.62711055599961,47.30143950639209,52.4980836637019,67.29720774627437,37.69895958112942,41.33609645290563,47.545772867184596
2026-07-13T01:00:00-04:00,4058.935,4080.845,4044.06,4074.585,4138.06,4021.815,,41.36339711826133,46.14697510495792,51.68724920605518,65.70947830231412,37.66502010979623,41.97103270018031,46.46002765006883
2026-07-13T05:00:00-04:00,4074.555,4076.715,4046.43,4067.56,4138.06,4021.815,,42.83339725189042,45.39554138527395,50.843137699062225,64.02456863874663,37.66170675937783,43.30202419472677,45.74215834243455
2026-07-13T09:00:00-04:00,4067.61,4067.8,3986.58,3993.5,4138.06,4021.815,,36.17183443924954,42.84785481072599,49.63384332166294,62.676157196030346,36.59152944729553,36.978009570294645,43.319504864977056
2026-07-13T13:00:00-04:00,3993.655,4006.245,3986.92,4001.185,4138.06,4021.815,,31.324519231892854,40.45278443554711,48.690501188212885,61.87089442125898,35.51010795516679,32.33409444475979,41.039423645126085
2026-07-13T17:00:00-04:00,4001.64,4007.41,3983.545,4004.285,4138.06,4021.815,,32.83926122886719,37.55083505839621,47.86266044536856,61.19315431216704,34.532166578570084,33.728692488409415,38.297623634516036
2026-07-13T21:00:00-04:00,4004.32,4023.575,3992.1,4020.26,4138.06,4021.815,,35.57674382110818,36.94524026939497,47.27068620646829,60.558701165379304,33.98267124755728,36.243878923426024,37.67204172968473
2026-07-14T01:00:00-04:00,4020.275,4034.25,4014.515,4016.065,4138.06,4021.815,,37.50485527482411,36.6587621209175,46.5591309949186,59.51711717839788,33.60114481143931,38.00836809126551,37.34684410261885
2026-07-14T05:00:00-04:00,4016.075,4104.05,4013.925,4076.225,4138.06,4021.815,,44.35247856752886,37.79926354061427,46.21195258101794,58.36748859878573,34.05641656325015,44.37501954704186,38.35889511450231
2026-07-14T09:00:00-04:00,4076.335,4100.685,4057.81,4061.625,4138.06,4021.815,,50.09634226199618,38.733889266662,45.960721361656454,57.74154818088798,34.179894542424925,49.72206713595262,39.18114208582624
2026-07-14T13:00:00-04:00,4061.605,4065.17,4042.885,4052.775,4138.06,3983.545,,47.75415127791804,41.10849692309098,45.821403934454324,57.49780865938996,34.14499920951869,47.54968732905724,41.37937447414877
2026-07-14T17:00:00-04:00,4053.215,4060.845,4046.925,4059.295,4138.06,3983.545,,47.62060448530053,43.38991362477848,45.7319645806126,57.32567984600402,34.138249315221174,47.42873766152158,43.49389729061532
2026-07-14T21:00:00-04:00,4059.285,4062.125,4028.1,4033.245,4138.06,3983.545,,45.753998220153306,44.79842177774416,45.18283116603501,55.86968010780753,34.495982224262484,45.70258011049595,44.80048522331635
2026-07-15T01:00:00-04:00,4033.32,4037.16,4017.475,4031.35,4104.05,3983.545,,42.96349278902306,45.500413329897015,44.840841438883224,55.222937099489066,34.45874577827738,43.116020684531804,45.45736636521697
2026-07-15T05:00:00-04:00,4031.385,4071.595,4025.605,4067.85,4104.05,3983.545,,47.06123663490749,47.5288164520537,45.0025887925199,55.533372378993896,34.47180520604591,46.92408194410895,47.347832038414474
2026-07-15T09:00:00-04:00,4068.045,4074.175,4026.945,4033.83,4104.05,3983.545,,47.97228954832869,46.534645038696965,44.92807745648805,55.442071796070664,34.41408311690543,47.77682974917984,46.42931213725639
2026-07-15T13:00:00-04:00,4033.82,4081.52,4033.11,4060.695,4104.05,3983.545,,47.39930056607878,46.758233110363,44.92653591083913,55.43849686307243,34.414574958605826,47.268500683441914,46.646813051982846
2026-07-15T17:00:00-04:00,4060.64,4064.71,4043.745,4044.605,4104.05,3983.545,,48.65233830437591,46.79126990339921,45.19346499881462,55.53860769569039,34.84832230193885,48.45114618482326,46.6868718103324
2026-07-15T21:00:00-04:00,4044.595,4050.735,4024.27,4033.305,4104.05,3983.545,,46.05756632112759,46.31165077774216,45.29684326394389,55.58957083322084,35.00411569466694,46.038548865689,46.249616253173535
2026-07-16T01:00:00-04:00,4033.305,4036.645,4023.03,4035.29,4104.05,3983.545,,45.23710531362133,46.64358621581865,45.45323757000161,55.64336514507455,35.263109994928676,45.27409066777164,46.56444625526831
2026-07-16T05:00:00-04:00,4035.295,4043.36,3990.58,3992.54,4104.05,3983.545,,41.732500330421324,45.959938646713105,45.29841274021286,55.67577994882898,34.92104553159674,41.997667433332765,45.93008675283095
2026-07-16T09:00:00-04:00,3992.55,4017.03,3973.8,3992.05,4081.52,3983.545,,37.957412811428924,44.04249369482478,45.1581082707684,55.70843939583617,34.60777714570063,38.47006369094187,44.14901246864914
2026-07-16T13:00:00-04:00,3992.085,3992.99,3969.345,3976.58,4081.52,3983.545,,36.68407989803025,42.73473588948497,44.997431665122214,55.81941051051077,34.17545281973366,37.27268980599306,42.928903911920436
2026-07-16T17:00:00-04:00,3979.265,3992.06,3973.365,3992,4081.52,3983.545,,37.569898487034976,41.23409310081227,44.66333166546328,55.441577692770636,33.88508563815593,38.0571670893112,41.51720287032608
2026-07-16T21:00:00-04:00,3991.975,4008.795,3970.74,3981.97,4081.52,3983.545,,38.81226782858836,39.923287182117114,44.2816965810525,55.0646293596978,33.498763802407204,39.18424974907654,40.281219215992806
2026-07-17T01:00:00-04:00,3981.965,4007.295,3975.295,3994.265,4081.52,3983.545,,39.656440240103564,39.4051999348054,43.87787750914658,54.244286831496844,33.511468186796314,39.94511141008118,39.776220740152425
2026-07-17T05:00:00-04:00,3994.255,4002.455,3964.155,3966.32,4081.52,3983.545,,38.89136887396101,38.11021962792844,43.359157211888366,53.51317254439636,33.20514187938037,39.21032384285637,38.54871440887417
2026-07-17T09:00:00-04:00,3966.34,4023.835,3959.8,4014.98,4081.52,3983.545,,42.28228306118813,39.56228071502449,43.16875958811673,52.915089797429005,33.42242937880445,42.35067194453207,39.877079171923654
2026-07-17T13:00:00-04:00,4015.09,4019.27,4002.42,4017.315,4081.52,3983.545,,48.407250554000406,41.09588755437744,43.08032680968757,52.658041370796305,33.502612248578835,48.036103147728795,41.28186853938472
2026-07-19T17:00:00-04:00,3995.57,4010.325,3982.63,4008.695,4081.52,3983.545,,47.76186261140696,42.72736149027498,43.06627852550514,52.62847594266562,33.504081108344664,47.44652925189878,42.78389044218243
2026-07-19T21:00:00-04:00,4008.73,4028.94,3995.82,4018.935,4081.52,3983.545,,48.06695986639317,44.095047948479774,43.100809421295324,52.715774747145595,33.48584409544505,47.7384321242705,44.0479442636588
2026-07-20T01:00:00-04:00,4019.04,4030.875,4002.185,4019.03,4081.52,3983.545,,49.275648793902334,45.71689890893611,43.10460089244429,52.72588585755904,33.483315927329535,48.86163230165758,45.54885688577701
2026-07-20T05:00:00-04:00,4019.005,4040.815,4006.505,4008.165,4081.52,3959.8,,47.97820870696721,46.47269608186939,42.90077285335096,52.11779014338986,33.683755563312054,47.6803444603805,46.258010849458614
2026-07-20T09:00:00-04:00,4008.18,4019.63,3998.33,4009.775,4081.52,3959.8,,46.894722919583685,48.00357149339974,43.04822292285271,52.33367126403841,33.76277458166701,46.69506656192131,47.687354805509855
2026-07-20T13:00:00-04:00,4009.77,4018.035,4003.405,4007.585,4081.52,3959.8,,46.830252929766814,47.77211604432044,43.26566358121962,52.53188616715832,33.99944099528092,46.63935728427104,47.48334951795545
2026-07-20T17:00:00-04:00,4008.105,4027.225,3999.915,4024.8,4081.52,3959.8,,49.075633829133245,48.19453814343768,43.501883905845176,53.0451969510317,33.958570860658654,48.6966258758784,47.876075584981166
2026-07-20T21:00:00-04:00,4024.81,4051.92,4018.46,4049.67,4081.52,3959.8,,54.7382266727886,49.7653629190009,43.96594766480187,54.27381331497284,33.65808201463089,53.92182455926205,49.333433891487815
2026-07-21T01:00:00-04:00,4049.68,4084.305,4046.375,4062.875,4081.52,3959.8,,59.32346823887416,51.410683392717964,44.8637447175878,55.42049416147591,34.30699527369969,58.198679180257486,50.86471760097744
2026-07-21T05:00:00-04:00,4062.92,4070.235,4051.255,4054,4081.52,3959.8,,59.323549891848174,52.63619180412828,45.61294946832866,56.14939038124038,35.076508555416936,58.260667477351724,52.018872513114715
2026-07-21T09:00:00-04:00,4053.9,4083.405,4044.725,4071.555,4081.52,3959.8,,59.8294154946298,54.796742474907276,46.451400850867955,57.297491623533205,35.605310078202706,58.79432092794018,54.04013944885163
2026-07-21T13:00:00-04:00,4071.55,4087.135,4066.83,4077.325,4081.52,3959.8,,62.40681902339431,57.06821926235988,47.19118918611019,58.66633598967576,35.71604238254463,61.21621779695617,56.167772865981824
2026-07-21T17:00:00-04:00,4078.675,4102.575,4076.755,4097.58,4081.52,3959.8,,65.03340639762692,59.99764346572446,48.07072738750341,60.409500939088915,35.731953835917906,63.70683478084992,58.91656159073131
2026-07-21T21:00:00-04:00,4097.67,4141.715,4096.78,4126.995,4081.52,3959.8,,69.45570163899674,62.89109577946375,48.667849366784765,62.595972480288935,34.739726253280594,67.94495170668243,61.66729453192583
2026-07-22T01:00:00-04:00,4127.01,4135.415,4109.395,4118.28,4081.52,3959.8,,70.25421504021924,64.43078299927606,49.25648460975182,64.21735053787464,34.295618681629,68.81703890699174,63.17233711865408
2026-07-22T05:00:00-04:00,4118.305,4134.46,4106.72,4113.16,4081.52,3959.8,,67.69122576758093,65.28188364480853,49.840618454411995,65.52648316372564,34.15475374509835,66.50313646344873,64.03999661283761
2026-07-22T09:00:00-04:00,4113.155,4166.13,4112.93,4146.84,4081.52,3959.8,,69.4841235273073,67.33380403797868,50.54257396516398,67.37129797090009,33.71384995942787,68.27369967309266,66.03320346029435
2026-07-22T13:00:00-04:00,4146.83,4147.93,4128.42,4129.76,4081.52,3959.8,,69.22649877512156,67.9667645820919,51.221353781174834,68.44717298530824,33.99553457704143,68.16816194070981,66.71823690220036
2026-07-22T17:00:00-04:00,4119.635,4134.67,4116.73,4132.15,4081.52,3959.8,,66.43406230845966,68.48444497656878,51.92319570160143,69.48101840834178,34.365372994861076,65.63118172584429,67.29462172569096
2026-07-22T21:00:00-04:00,4131.855,4141.275,4112.315,4121.265,4081.52,3959.8,,64.71631627390863,67.87616740388668,52.259887877586664,70.06576930022533,34.454006454947994,64.0732089586817,66.82291523872372
2026-07-23T01:00:00-04:00,4121.26,4130.625,4087.11,4093.52,4081.52,3959.8,,58.46363101188058,65.3438533688213,52.54033343475154,70.22081063809276,34.85985623141032,58.335202723845995,64.54897915916627
2026-07-23T05:00:00-04:00,4093.54,4099.63,4061.2,4061.85,4166.13,3959.8,,50.1988520721392,62.146063698720944,52.42456737794316,70.17788648969022,34.67124826619611,50.664529500853305,61.63648397982705
2026-07-23T09:00:00-04:00,4061.815,4067.415,4040.185,4051.535,4166.13,3959.8,,45.12896800314071,58.89749400755267,52.333076358208295,70.1782843968454,34.48786831957119,45.90767125824298,58.664560529107476
2026-07-23T13:00:00-04:00,4051.535,4054.58,4040.745,4049.78,4166.13,3959.8,,43.80281250219373,54.80854626297422,52.29193480035882,70.18543152026665,34.39843808045099,44.65495049677867,54.8882699294516
2026-07-23T17:00:00-04:00,4048.875,4051.01,4041.375,4049.88,4166.13,3959.8,,43.62202421179005,51.58192984660081,52.23807158751234,70.19227562725871,34.283867547765965,44.48384265832142,51.897612162710786
2026-07-23T21:00:00-04:00,4049.89,4050.39,4023.04,4027.12,4166.13,3959.8,,41.0298182166742,47.550190808178364,52.25060055837369,70.17912991406519,34.3220712026822,42.04056783329641,48.14809453158079
2026-07-24T01:00:00-04:00,4027.13,4058.775,4022.06,4057.65,4166.13,3959.8,,42.97819897492689,45.371039189748885,52.53341195007104,70.05799667278396,35.00882722735812,43.73977930669072,46.08806083357051
2026-07-24T05:00:00-04:00,4057.645,4064.025,4051.49,4056.095,4166.13,3959.8,,47.341817750051604,44.37252987622723,52.877526314374954,69.80524536673168,35.949807262018226,47.7169391791907,45.114304947393556
2026-07-24T09:00:00-04:00,4056.07,4082.16,4044.81,4067.175,4166.13,3959.8,,48.70417840907311,44.94398957173,53.18836959254388,69.72392312732248,36.65281605776528,48.96338084925553,45.60201836168543
2026-07-24T13:00:00-04:00,4067.18,4069.96,4049.38,4052.845,4166.13,3959.8,,48.3451385351414,45.291435742513144,53.43828341476042,69.52713044148409,37.34943638803675,48.61602740812518,45.88812099021704
2026-07-26T17:00:00-04:00,4090.16,4116.185,4083.8,4100.815,4166.13,3959.8,,52.227971939398806,47.351177982360014,53.9278714572083,69.6961558688821,38.159587045534494,52.22165010748143,47.76393253617193
2026-07-26T21:00:00-04:00,4100.83,4112.48,4085.23,4090.39,4166.13,4022.06,,56.61810144599158,49.00460066657073,54.48103238958576,69.45783886059053,39.504225918580985,56.298060634380576,49.263611840519665
2026-07-27T01:00:00-04:00,4090.395,4106.24,4084.49,4095.28,4166.13,4022.06,,55.749959025953615,51.55693249929699,54.72008769042981,69.59721260872827,39.842962772131344,55.49821374027812,51.60897422388099
2026-07-27T05:00:00-04:00,4095.215,4104.205,4081.73,4083.82,4166.13,4022.06,,54.669197262886286,52.344885891701985,54.849382195990806,69.63670292959021,40.0620614623914,54.506711714605196,52.339878242780934
2026-07-27T09:00:00-04:00,4083.875,4094.105,4065.415,4082.56,4166.13,4022.06,,52.86945107754455,53.13625630715212,55.02053407079083,69.65070554250843,40.39036259907322,52.84624534087585,53.07449027007675
2026-07-27T13:00:00-04:00,4082.565,4089.485,4070.785,4076.425,4116.185,4022.06,,51.775911180448986,53.2225238263808,55.067555802699964,69.65573471994259,40.47937688545734,51.84034576785545,53.16186821952376
2026-07-27T17:00:00-04:00,4080.685,4081.415,4057.665,4058.245,4116.185,4022.06,,48.31675490420204,53.12814669831231,54.96412854786728,69.69069928001018,40.23755781572439,48.646657780906466,53.083241805157115
2026-07-27T21:00:00-04:00,4058.23,4060.43,4040.455,4042.305,4116.185,4022.06,,43.78326375976836,50.8097500607721,54.820794335217684,69.81668713662633,39.82490153380904,44.436544534768515,50.937552341605794
2026-07-28T01:00:00-04:00,4042.3,4055.21,4034.795,4045.56,4116.185,4022.06,,42.34445056501613,49.04996073231932,54.696465468186844,69.90268109730536,39.490249839068326,43.078096753354004,49.306109267720956
2026-07-28T05:00:00-04:00,4045.46,4045.955,4017.115,4029.69,4116.185,4022.06,,40.95118201765299,46.58152805840049,54.47496663450511,70.12536313692645,38.824570132083764,41.75862199707919,47.01195470069182
2026-07-28T09:00:00-04:00,4029.74,4047.195,4011.765,4037.605,4116.185,4022.06,,40.43162972790107,44.98208429375211,54.1879946387026,70.19923770132336,38.17675157608184,41.229042938169115,45.51248961731064
2026-07-28T13:00:00-04:00,4037.69,4041.73,4021.715,4028.67,4116.185,4022.06,,40.72469516279518,43.11159779704353,53.650641251564316,70.11173507715571,37.18954742597291,41.46335683898526,43.75970084300879
2026-07-28T17:00:00-04:00,4026.565,4029.815,4013.975,4022.08,4116.185,4022.06,,38.77724658560564,41.268180123796874,52.97939336498092,69.85661083773013,36.10217589223171,39.64542175696477,42.02822561419902
2026-07-28T21:00:00-04:00,4022.075,4038.08,4010.41,4027.4,4116.185,4022.06,,39.04114879589603,40.46142462324182,52.457558834155364,69.63375060012471,35.281367068186015,39.854251682397674,41.24758481486343
2026-07-29T01:00:00-04:00,4027.425,4047.88,4026.735,4037.64,4116.185,4022.06,,42.15347060197233,40.80252493585515,51.93963190070696,69.05332556865282,34.82593823276109,42.66098997380874,41.52092431106767
2026-07-29T05:00:00-04:00,4037.73,4038.38,4009.39,4022.65,4116.185,4022.06,,42.03857446519876,40.37403145186541,51.25942680132033,68.38795241099808,34.130901191642586,42.51446067282954,41.086545934713584
2026-07-29T09:00:00-04:00,4022.82,4032.915,3996.055,4027.46,4116.185,4022.06,,40.87479012398427,40.78069868052123,50.518536825786796,67.23856673791084,33.79850691366275,41.42186828671235,41.42470896524857
2026-07-29T13:00:00-04:00,4027.455,4116.415,4027.405,4066.34,4116.185,4022.06,,48.32003175180263,42.627860601551575,50.016152102073626,65.67477162202509,34.35753258212216,48.25524469150203,43.09403214995156
2026-07-29T17:00:00-04:00,4074.84,4100.485,4064.505,4072.27,4116.185,4022.06,,55.58515051048531,45.026543065575545,49.65565067697893,64.52998200624614,34.781319347711715,54.95164075290198,45.278504369224784
2026-07-29T21:00:00-04:00,4072.285,4092.955,4044.34,4046.045,4116.185,4022.06,,52.29451826955497,46.4899382255371,49.11046342571916,63.186844017974046,35.034082833464275,51.94358912653775,46.607794255543844
2026-07-30T01:00:00-04:00,4046.05,4073.01,4028.69,4061.49,4116.185,4022.06,,50.39766565308274,48.2712621676289,48.53291786084806,61.063929128350516,36.0019065933456,50.22794694363908,48.24241730100804
2026-07-30T05:00:00-04:00,4061.485,4086.785,4060.305,4069.03,4116.185,3996.055,,53.60944748113381,49.763074476726096,48.19181334960223,59.83093934765783,36.55268735154662,53.220076076260895,49.624675999101605
2026-07-30T09:00:00-04:00,4069.04,4120.495,4065.315,4110.78,4116.185,3996.055,,59.26950519832296,53.19438523423582,48.11147332495767,59.4366853548612,36.786261295054146,58.56483761107866,52.82823928336493
2026-07-30T13:00:00-04:00,4110.75,4117.515,4098.505,4103.27,4116.185,3996.055,,62.687066560901485,55.99515345870244,48.072445719425346,59.270263682469945,36.87462775638075,61.83214472936568,55.45618355414541
2026-07-30T17:00:00-04:00,4103.36,4112.01,4090.585,4094.855,4116.185,3996.055,,60.0943629521266,56.5584798628998,48.207398733207434,59.66404090305369,36.75075656336118,59.44674302020894,56.02581023442405
2026-07-30T21:00:00-04:00,4094.835,4101.71,4072.145,4080.16,4116.185,3996.055,,56.447935984234775,56.24166359405944,48.440038890725084,59.99677688892922,36.88330089252095,56.085728600753896,55.78020865353168
2026-07-31T01:00:00-04:00,4080.17,4087.665,4054.175,4060.98,4116.185,3996.055,,51.48982776975066,56.32856829152714,48.58156695477273,60.07055570553529,37.092578204010174,51.49268398304106,55.896980193424994
2026-07-31T05:00:00-04:00,4060.895,4064.115,4040.575,4040.765,4120.495,3996.055,,46.33466391368842,55.08080595423248,48.58897132669536,60.06976434956482,37.108178303825895,46.68082935243598,54.7667464846165
2026-07-31T09:00:00-04:00,4040.75,4052.695,4020.975,4043.415,4120.495,3996.055,,44.2570097147555,53.65644321541906,48.618919043182466,60.069214511084446,37.168623575280485,44.72601790084799,53.4701064290213
2026-07-31T13:00:00-04:00,4043.41,4055.665,4041.6,4045.165,4120.495,3996.055,,44.93416418785915,50.984994236957114,48.81863873676507,59.94913469844414,37.68814277508599,45.34872282844405,50.99071368957804
2026-08-02T17:00:00-04:00,4075.055,4079.185,4055.88,4057.35,4120.495,3996.055,,47.14476001128589,49.215784201243174,48.86401086885064,59.98878513024018,37.7392366074611,47.37756695056108,49.340227063648555
2026-08-02T21:00:00-04:00,4057.355,4072.055,4047.345,4064.045,4120.495,3996.055,,50.10287666977668,48.13028387057142,48.981053967337125,60.11179412441095,37.8503138102633,50.09553717498163,48.318940590941665
2026-08-03T01:00:00-04:00,4063.99,4072.185,4052.19,4059.42,4120.495,3996.055,,50.38047834519536,47.48222487580333,48.96261674744606,60.08913087954281,37.83610261534932,50.353703825071776,47.70250569916794
2026-08-03T05:00:00-04:00,4059.43,4064.74,4042.34,4047.85,4120.495,4020.975,,47.80822143115384,47.078396345258035,48.949470608279036,60.084487496849206,37.814453719708865,47.989606809476555,47.318061398494656
2026-08-03T09:00:00-04:00,4047.865,4053.855,4019.24,4037.03,4120.495,4020.975,,44.390886952768454,46.926860029826194,48.50161174823251,59.45759936031778,37.54562413614725,44.83668807147652,47.175608190322386
2026-08-03T13:00:00-04:00,4037.06,4058.215,4029.675,4055.33,4120.495,4020.975,,46.0200373922375,47.582118538824325,48.32605507570526,59.120796462900756,37.53131368850977,46.30588263905877,47.76945132369773
2026-08-03T17:00:00-04:00,4052.12,4069.465,4048.64,4049.425,4120.495,4020.975,,48.30958641845807,47.89126638142589,48.06394277132102,58.62478163496696,37.503103907675076,48.39157019400375,48.044993151910866
2026-08-03T21:00:00-04:00,4049.345,4066.425,4042.72,4063.765,4120.495,4020.975,,49.761859869810735,48.32986135554571,48.03738817023024,58.568228926407485,37.50654741405299,49.72528958917157,48.440229220443584
2026-08-04T01:00:00-04:00,4063.785,4072.97,4054.455,4055.19,4120.495,4020.975,,50.70084890166312,48.062115590536294,47.936377937445634,58.391951298084344,37.480804576806925,50.591965664298705,48.186829863144304
2026-08-04T05:00:00-04:00,4055.16,4084.56,4045.62,4070.945,4120.495,4019.24,,51.77736797146108,48.72897267733591,48.03747386381918,58.608781666084575,37.466166061553785,51.59430954496389,48.79468799755561
2026-08-04T09:00:00-04:00,4070.925,4093.88,4061.23,4093.41,4120.495,4019.24,,57.34243735493272,50.78617728304455,48.46730043454744,59.54062725746314,37.393973611631736,56.76814776363391,50.69498442147498
2026-08-04T13:00:00-04:00,4093.36,4106.475,4074.69,4077.055,4120.495,4019.24,,57.515571369218335,52.47888251060731,48.845256664375064,59.879612177052564,37.810901151697564,56.982187027294586,52.26483055636077
2026-08-04T17:00:00-04:00,4078.39,4085.87,4065.33,4082.55,4120.495,4019.24,,55.404569089459116,53.467472053679295,49.23554270069115,60.314969484672275,38.15611591671002,55.05705110654307,53.19531826932763
2026-08-04T21:00:00-04:00,4082.57,4141.505,4077.725,4135.595,4120.495,4019.24,,61.84083146862112,56.344952524939615,50.07405957325554,61.84732909366431,38.30079005284677,61.14887927814725,55.90977600897321
2026-08-05T01:00:00-04:00,4135.575,4179.555,4134.885,4160.515,4120.495,4019.24,,69.4107374368403,59.0814370728306,50.94019609533463,63.83046160184572,38.049930588823536,68.36922782515185,58.52215776532201
2026-08-05T05:00:00-04:00,4160.64,4213.54,4150.28,4183.985,4120.495,4019.24,,72.82671097719847,62.666627403663995,51.96241344469102,65.95281766024229,37.972009229139765,71.69563422014099,61.939395596356725
2026-08-05T09:00:00-04:00,4183.965,4265.29,4183.795,4242.26,4120.495,4019.24,,77.20093392786696,66.34531306037513,53.200412997820585,68.60802499153833,37.79280100410284,76.01767650050527,65.50026260976242
2026-08-05T13:00:00-04:00,4242.33,4268.09,4237,4247.275,4120.495,4019.24,,80.25342603690822,69.21262416994271,54.386665047103506,71.05300039497351,37.720329699233496,79.0514183798974,68.30604434386058
2026-08-05T17:00:00-04:00,4249.5,4300.39,4245.825,4294.985,4120.495,4019.24,,82.14649294897029,73.38271922601855,55.552943724114584,73.8014130208478,37.304474427381365,80.9589106044015,72.35075506036438
2026-08-05T21:00:00-04:00,4294.99,4304.31,4253.045,4262.265,4120.495,4019.24,,79.06275882439594,75.97210695135323,56.56455824470334,74.96231194313873,38.16680454626796,78.19011290742155,74.91549057268301
2026-08-06T01:00:00-04:00,4262.1,4278.915,4247.24,4278.33,4120.495,4019.24,,75.02275034574612,77.14898176233997,57.561647266571164,76.20527646852386,38.918018064618465,74.4281449557115,76.1448309682399
2026-08-06T05:00:00-04:00,4278.405,4284.885,4249.145,4250.27,4120.495,4019.24,,72.06235454625423,76.7297118397572,57.96116546790637,76.81769997462547,39.10463096118727,71.66772459325564,75.85791822071266
2026-08-06T09:00:00-04:00,4250.235,4275.44,4223.505,4241.525,4120.495,4019.24,,67.27776547673555,75.56356876220772,58.249448146938825,77.23297969471594,39.26591659916171,67.17023535711758,74.85185986451893
2026-08-06T13:00:00-04:00,4241.51,4251.385,4233.12,4240.75,4120.495,4019.24,,66.08691291633545,73.55427726503392,58.77248280006993,77.65349402337631,39.89147157676355,66.04982933663588,73.00996188817855
2026-08-06T17:00:00-04:00,4236.61,4253.245,4229.875,4232.9,4304.31,4019.24,,64.91693002372106,71.18171275843996,59.10352252168225,77.95154029309664,40.25550475026786,64.95652752837486,70.82474819265535
2026-08-06T21:00:00-04:00,4232.925,4269.215,4231.59,4265.045,4304.31,4019.24,,66.11956681815954,68.9751555133737,59.50837217283615,78.47993024883945,40.53681409683284,66.08092731106521,68.7591095186539
2026-08-07T01:00:00-04:00,4264.995,4316.735,4262.1,4306.245,4304.31,4019.24,4300.0356600000005,70.7392487189674,68.8035670140318,59.77821331701428,79.07694194017371,40.47948469385484,70.42753176757827,68.60686786698582
2026-08-07T05:00:00-04:00,4306.25,4371.84,4301.015,4361.425,4304.31,4223.505,,75.47360387476279,69.10397080737847,60.26052142659269,80.18043806120924,40.34060479197613,74.94662829692851,68.90724761614446
2026-08-07T09:00:00-04:00,4361.415,4368.01,4327.455,4329.305,4304.31,4223.505,,73.94428999690237,69.34126285707414,60.59291490788345,80.68480283974998,40.50102697601692,73.56492179104256,69.14892420921066
2026-08-07T13:00:00-04:00,4329.3,4350.41,4327.865,4341.935,4304.31,4223.505,,70.6443629632335,70.06585580352075,61.0956053665338,81.30968483458483,40.88152589848278,70.47121927550799,69.85038587854173
2026-08-09T17:00:00-04:00,4340.28,4349.11,4330.84,4332.21,4304.31,4223.505,,70.07941678703838,70.48197824870354,61.686420144194486,81.7053860752236,41.66745421316537,69.94852788449683,70.26283808002809
2026-08-09T21:00:00-04:00,4332.27,4340.655,4313.43,4339.535,4304.31,4223.505,,69.30817388518062,71.3204969067949,62.44698830603333,81.93351393214084,42.96046267992582,69.22609488392533,71.07026226584185
2026-08-10T01:00:00-04:00,4339.475,4362.06,4331.74,4346.65,4371.84,4223.505,,70.12571386511303,71.62659169069025,63.208108623627275,82.151676682683,44.26454056457155,69.99159739082592,71.38017238853112
2026-08-10T05:00:00-04:00,4346.715,4350.07,4324.125,4332.625,4371.84,4223.505,,68.61427820405507,70.71336247396279,63.83993618933898,82.11011036365669,45.56976201502127,68.5918692787223,70.54578726902585
2026-08-10T09:00:00-04:00,4332.66,4364.8,4316.675,4356.845,4371.84,4223.505,,68.2337063936515,69.55804955322988,64.4486348814135,82.30217337249627,46.59509639033073,68.2384698314213,69.4635556841005
2026-08-10T13:00:00-04:00,4356.855,4395.385,4351.75,4390.235,4371.84,4223.505,,71.60578767979825,70.04521895479019,65.10481330757554,82.71670740223836,47.492919212912724,71.38472602750754,69.92287419373014
2026-08-10T17:00:00-04:00,4389.775,4419.335,4389.34,4409.495,4371.84,4223.505,,74.37448255582447,70.62379800825587,65.86004689380344,83.13036612576182,48.58972766184506,73.98712126931855,70.46809911090351
2026-08-10T21:00:00-04:00,4409.49,4435.245,4393.78,4409.005,4371.84,4223.505,,75.2371326616441,71.5188520618204,66.71827867407497,83.22789840246736,50.20865894568257,74.80400023591943,71.3101520084223
2026-08-11T01:00:00-04:00,4408.995,4409.15,4356.7,4369.29,4371.84,4223.505,,69.69904574009718,70.73547568108917,67.34876211658748,82.44565319924266,52.2518710339323,69.66739351024344,70.59418443270869
2026-08-11T05:00:00-04:00,4369.245,4400.185,4367.675,4392.53,4371.84,4223.505,,65.7433413710578,70.26674563494745,67.87847302577028,82.08845985545129,53.66848619608926,65.9921585008947,70.16745518272768
2026-08-11T09:00:00-04:00,4392.52,4404.29,4369.15,4383.46,4371.84,4223.505,,66.09410388779375,70.01542587644308,68.394910203019,81.41443941832743,55.37538098771056,66.30667737116141,69.94127245911986
2026-08-11T13:00:00-04:00,4383.5,4385.765,4360.295,4368.245,4371.84,4223.505,,63.02220474373371,68.77774516354238,68.65849331247163,81.0309171144887,56.28606951045457,63.44267365248571,68.7972277030318
2026-08-11T17:00:00-04:00,4372.355,4383.8,4362.655,4380.5,4435.245,4223.505,,62.059923857442456,67.28803621291284,69.06309108277071,80.29237986729645,57.83380229824497,62.52685018842422,67.41045079081034
2026-08-11T21:00:00-04:00,4380.585,4416.25,4378.445,4401.175,4435.245,4223.505,,64.52831896721244,65.96455556679611,69.40854925339818,79.88204836020216,58.935050146594186,64.78756631498482,66.16878343036502
2026-08-12T01:00:00-04:00,4401.125,4410.545,4384.02,4401.895,4435.245,4223.505,,66.09813025564834,64.67689266834266,69.57813184163633,79.78415410762756,59.37210957564512,66.22774142249713,64.96009112983255
2026-08-12T05:00:00-04:00,4401.95,4438.305,4382.485,4437.37,4435.245,4223.505,,68.5439759052968,65.63453561399601,70.05727893199104,79.35922222427779,60.755335639704285,68.48705453321489,65.83154372264258
2026-08-12T09:00:00-04:00,4437.37,4441.315,4396.575,4401.68,4435.245,4223.505,,66.20068504308158,64.80756228892088,70.21319748596707,79.00396590396613,61.42242906796801,66.30071385861348,65.04824980346648
2026-08-12T13:00:00-04:00,4401.685,4418.475,4396.575,4408.525,4435.245,4223.505,,61.984142076182216,64.46026081067843,70.06570896772992,79.07902611057229,61.05239182488754,62.380342501348196,64.70973375983881
2026-08-12T17:00:00-04:00,4405.785,4449.83,4398.43,4427.76,4435.245,4223.505,,63.92820220159946,65.06641870545397,69.89069541330585,78.98759749361282,60.793793332998874,64.16620812372518,65.25497393810633
2026-08-12T21:00:00-04:00,4427.71,4435.44,4391.615,4397.825,4435.245,4223.505,,61.64297311075849,64.34113202591159,69.40784203440992,78.97993666762532,59.83574740119452,62.01686844045295,64.56402468898987
2026-08-13T01:00:00-04:00,4397.85,4407.31,4364.17,4376.025,4435.245,4223.505,,55.55304299087901,62.502054140787266,68.61729006407127,78.69545075955179,58.53912936859075,56.31887300062074,62.83534727685945
2026-08-13T05:00:00-04:00,4375.995,4401.9,4372.605,4401.82,4435.245,4223.505,,55.40392041487777,61.285643499977134,67.9461064095846,77.89007764025132,58.002135178917875,56.11841608447405,61.67564602098328
2026-08-13T09:00:00-04:00,4401.745,4402.215,4351.355,4367,4435.245,4223.505,,54.11021567230554,58.378122645646904,66.96809728309098,76.97528735340785,56.96090721277412,54.83242198308397,58.93402369110776
2026-08-13T13:00:00-04:00,4367.055,4373.435,4343.65,4351.27,4449.83,4223.505,,49.15605807300054,56.41575007995397,66.18688871832605,77.2746877096609,55.099089726991195,50.14958362112186,57.06103738169997
2026-08-13T17:00:00-04:00,4353.405,4364.45,4329.42,4341.095,4449.83,4223.505,,46.818661236756455,54.04512812009669,65.30903321785631,77.37309156133774,53.244974874374876,47.92828006194962,54.80486299413674
2026-08-13T21:00:00-04:00,4341.085,4341.325,4311.27,4327.015,4449.83,4223.505,,44.67043562423899,50.91353105785099,64.57559936997222,78.00279834927063,51.14840039067382,45.88463822350555,51.837731695922926
2026-08-14T01:00:00-04:00,4327.055,4349.845,4311.04,4348.605,4449.83,4223.505,,45.759201779994946,49.506907739878535,64.04323535334215,78.19570051315642,49.890770193527885,46.818692413723824,50.462526986499846
2026-08-14T05:00:00-04:00,4348.555,4386.965,4346.14,4373.725,4449.83,4223.505,,50.52753157133894,49.4776706522681,63.66034164379595,78.11954949310095,49.20113379449096,51.164592840849465,50.36508022170256
2026-08-14T09:00:00-04:00,4373.785,4397.06,4370.32,4386.015,4449.83,4223.505,,54.08361492802357,49.12967760077733,63.405981524183474,78.04878194136526,48.763181107001685,54.42280217272601,49.97806586885755
2026-08-14T13:00:00-04:00,4386.105,4386.53,4371.005,4376.82,4449.83,4223.505,,54.177335541707436,49.4968477578115,62.95785745106348,77.79251156896137,48.12320333316559,54.498927192972054,50.2697959959563
2026-08-16T17:00:00-04:00,4372.68,4402.015,4367.29,4401.005,4449.83,4223.505,,55.39116502383685,50.9111367295877,62.50315307152874,77.12537106910243,47.88093507395505,55.60365887683237,51.53637308477484
2026-08-16T21:00:00-04:00,4400.995,4416.55,4388.285,4390.86,4449.83,4311.04,,56.429241861306835,52.24272793625447,61.837600862036666,75.92850725536974,47.746694468703595,56.550461486262336,52.73327640290279
2026-08-17T01:00:00-04:00,4390.78,4411.32,4386.94,4395.18,4449.83,4311.04,,55.65242694783531,54.0488485363295,61.427161127465965,75.40938991730309,47.44493233762885,55.82842780770568,54.377455823117735
2026-08-17T05:00:00-04:00,4395.19,4405.97,4377.355,4384.935,4449.83,4311.04,,54.78056291970729,54.820259690457995,60.904436153593934,74.7678659096183,47.04100639756957,55.023789471563575,55.07758984799985
2026-08-17T09:00:00-04:00,4385.015,4428.89,4381.94,4424.245,4449.83,4311.04,,57.22886065213686,55.96351398798606,60.67124606070706,74.35074316275518,46.99174895865895,57.27148405721441,56.122281884936285
2026-08-17T13:00:00-04:00,4424.255,4426.23,4398.205,4416.68,4449.83,4311.04,,59.98101471496,56.50523105815413,60.355779731816256,73.80123250574138,46.91032695789113,59.80066872980288,56.614123150021825
2026-08-17T17:00:00-04:00,4416.205,4434.88,4409.89,4434.435,4449.83,4311.04,,60.554584992073615,57.78558525951926,60.108238479940034,73.25652389572778,46.95995306415229,60.33790060771173,57.79056000343333
2026-08-17T21:00:00-04:00,4434.455,4436.23,4389.02,4393.69,4449.83,4311.04,,57.16958179295159,57.01335013504406,59.68256229586899,72.86787349294126,46.497251098796724,57.20811731094998,57.072539845484
2026-08-18T01:00:00-04:00,4393.66,4403.735,4386.185,4393.44,4449.83,4311.04,,52.19408571869817,56.575540647345356,59.164731381413354,72.19002777792727,46.13943498489943,52.60642143710884,56.66369141796091
2026-08-18T05:00:00-04:00,4393.385,4400.85,4387.03,4394.225,4449.83,4311.04,,52.25221636281175,56.0418613964659,58.544116924281546,71.05579256657091,46.03244128199218,52.6588278144534,56.16693984741192
2026-08-18T09:00:00-04:00,4394.23,4406.9,4351.765,4363.83,4449.83,4311.04,,48.916833120508144,54.90018927614559,57.66722259110063,69.74978253494683,45.58466264725443,49.5511377529252,55.10007664120708
2026-08-18T13:00:00-04:00,4363.805,4368.355,4329.265,4334.575,4449.83,4311.04,,42.76681606799324,51.90984865813914,56.63409830112562,68.6153539600922,44.65284264215905,43.78518514972626,52.31371158812959
2026-08-18T17:00:00-04:00,4341.965,4347.42,4327.27,4338.155,4436.23,4311.04,,40.507268881893296,49.33626189526939,55.95005924650041,68.47056442240276,43.42955407059806,41.63000514637349,49.908458474512976
2026-08-18T21:00:00-04:00,4338.015,4362.165,4324.68,4348.555,4436.23,4311.04,,42.36226938415355,46.71204419873341,55.25874112542536,67.79428800130569,42.72319424954504,43.30847636150716,47.448161803499715
2026-08-19T01:00:00-04:00,4348.53,4363.34,4335.175,4355.735,4436.23,4311.04,,44.70212684921974,45.774131911346004,54.69170765599605,67.18920045646402,42.19421485552808,45.42587812360633,46.54210442098621
2026-08-19T05:00:00-04:00,4355.66,4442.47,4353.45,4438.87,4436.23,4311.04,4431.82374,53.76754114800491,47.16160289282105,54.714349149206015,67.24402828047279,42.18467001793924,53.805342600159534,47.79071070722848
2026-08-19T09:00:00-04:00,4438.875,4499.425,4424.285,4493.395,4436.23,4311.04,,65.2140982672287,49.47752674117941,54.87724732715998,67.77559325301294,41.97890140130701,64.51278382853232,49.92894899643733
2026-08-19T13:00:00-04:00,4493.52,4524.34,4472.18,4523.05,4436.23,4311.04,,70.01920519358224,53.190852056556494,55.037342456639564,68.37715300462207,41.697531908657055,69.12800703367293,53.38410193029926
2026-08-19T17:00:00-04:00,4521.405,4523.86,4503.835,4504.68,4436.23,4324.68,,69.37931025548184,57.081096509033294,55.070257915385476,68.48519864015483,41.655317190616124,68.59224460983447,57.01668027075396
2026-08-19T21:00:00-04:00,4504.705,4510.22,4484.48,4488.63,4436.23,4324.68,,65.49007951804661,60.32879795260029,54.857701492683674,67.74942487562292,41.96597810974443,64.97856763372198,60.0551197838274
2026-08-20T01:00:00-04:00,4488.64,4498.78,4478.075,4489.35,4436.23,4324.68,,63.75704992795566,63.19389095011961,54.92651467331924,67.92603533699311,41.92699400964536,63.36791589990319,62.74794871029569
2026-08-20T05:00:00-04:00,4489.39,4495.145,4450.745,4474.855,4436.23,4324.68,,62.113708163431745,65.30353547094658,54.86532302722775,67.783599208214,41.9470468462415,61.84772578893988,64.74707625963698
2026-08-20T09:00:00-04:00,4474.875,4541.045,4469.35,4510.07,4436.23,4324.68,,62.845044973616965,65.78746347172306,54.86279954226145,67.7757297855628,41.949869298960095,62.55368287238362,65.24747450235971
2026-08-20T13:00:00-04:00,4510.1,4532.235,4507.79,4518.955,4436.23,4324.68,,65.82828366474929,65.47901701309533,55.1115177656978,68.38152586655279,41.8415096648428,65.35355955097697,64.98729789462116
2026-08-20T17:00:00-04:00,4519.545,4533.05,4509.8,4510.765,4436.23,4324.68,,65.35114356514578,64.45373157788407,55.43915839957125,68.93152359835022,41.946793200792264,64.92690018393,64.04715825957602
2026-08-20T21:00:00-04:00,4510.755,4548.215,4508.995,4540.7,4436.23,4324.68,,66.27991249968105,64.59347479715224,55.75128200598035,69.68172581559895,41.82083819636174,65.81817401765764,64.19470629685637
2026-08-21T01:00:00-04:00,4540.75,4585.13,4529.115,4584.255,4436.23,4324.68,,70.59896679493562,65.91341365699522,56.40908493619655,71.02610113237691,41.79206874001619,69.90449289149274,65.45456547608194
2026-08-21T05:00:00-04:00,4584.285,4604.61,4563.57,4578.08,4436.23,4324.68,,72.13889993069665,66.98828908364968,57.10321387996246,72.06100557794356,42.14542218198136,71.39624964319304,66.48851593779632
2026-08-21T09:00:00-04:00,4578.025,4629.165,4573.4,4628.88,4436.23,4324.68,,73.69917036524058,69.22354571465489,57.99029135551915,73.47381094108253,42.50677176995576,72.92399590928659,68.6192140818953
2026-08-21T13:00:00-04:00,4628.92,4632.145,4602.67,4602.99,4436.23,4324.68,,72.8875712770128,69.85758231319133,58.763045388949166,74.00823190716179,43.517858870736546,72.25083613371532,69.25913115531968
2026-08-23T17:00:00-04:00,4609.655,4640.935,4594.515,4621.905,4436.23,4324.68,,70.64551197459443,70.59989666032493,59.454191955201466,74.7856376276183,44.12274628278463,70.19486643296358,70.00244461960575
2026-08-23T21:00:00-04:00,4621.85,4657,4608.155,4638.93,4436.23,4324.68,,72.39791312343968,71.87094504413245,60.04953842142567,75.71670785593656,44.38236898691479,71.85733370223303,71.23925501769197
2026-08-24T01:00:00-04:00,4638.94,4660.125,4628.895,4638.19,4436.23,4324.68,,73.11113791378247,72.5516753500682,60.57345801318729,76.56959706558695,44.577318960787636,72.53767630338366,71.92230241552748
2026-08-24T05:00:00-04:00,4638.135,4670.46,4632.895,4662.83,4436.23,4324.68,,74.20329944220485,72.90075437192365,61.22753629792554,77.58106030373884,44.87401229211223,73.57624363975538,72.28832666005272
2026-08-24T09:00:00-04:00,4662.815,4681.02,4640.135,4645.105,4436.23,4324.68,,72.96879806349592,72.78878910229655,61.60743642728488,78.12252886351126,45.0923439910585,72.47541063771334,72.23063412824756
2026-08-24T13:00:00-04:00,4645.095,4656.145,4625.225,4651.24,4436.23,4324.68,,70.89082298950878,72.09836940742885,62.07821754076093,78.69689881719194,45.45953626432993,70.56944492544261,71.61559780752587
2026-08-24T17:00:00-04:00,4655.495,4697.105,4655.205,4684.645,4436.23,4324.68,,72.99187948967054,72.8185914487702,62.62740422386343,79.50865178838993,45.74615665933693,72.54058684240144,72.31342004501502
2026-08-24T21:00:00-04:00,4684.615,4687.125,4617.28,4626.03,4436.23,4324.68,,67.71152283114223,71.26008679501393,62.83886224143359,79.53365611439155,46.14406836847563,67.65182300228227,70.88901397018836
2026-08-25T01:00:00-04:00,4626.025,4653.43,4620.09,4630.48,4436.23,4324.68,,60.97671082959093,69.55539079338483,62.847865999007794,79.54022977336368,46.15550222465191,61.391859868360996,69.32328466390872
2026-08-25T05:00:00-04:00,4630.46,4647.33,4624.29,4640.77,4436.23,4324.68,,61.98865117105633,68.08223343994932,62.9569585035569,79.61408428456436,46.29983272254944,62.32262995471251,67.97042929913947
2026-08-25T09:00:00-04:00,4640.76,4659.485,4605.29,4643.62,4436.23,4324.68,,62.90444611082047,66.32714698441788,62.986093123639954,79.64157497325209,46.33061127402782,63.16398610882305,66.3483539407852
2026-08-25T13:00:00-04:00,4643.625,4669.115,4634.305,4659.055,4697.105,4324.68,,64.2183577503907,65.58210763620498,63.37159238340626,79.75790333684569,46.98528142996683,64.36869965527289,65.65422616129933
2026-08-25T17:00:00-04:00,4661.445,4673.765,4634.505,4637.705,4697.105,4324.68,,62.62615995723953,63.96581468948381,63.59974454943651,79.7123903695613,47.48709872931171,62.88795680411526,64.15364304897739
2026-08-25T21:00:00-04:00,4637.72,4670.83,4629.615,4640.715,4697.105,4324.68,,60.17369145527242,61.91976819780552,63.83756150649218,79.66395960127119,48.01116341171317,60.6163872756262,62.24731199936355
2026-08-26T01:00:00-04:00,4640.765,4649.61,4622.36,4628.49,4697.105,4324.68,,58.85127929796041,61.43431653714615,64.18412373634546,79.26903759730877,49.099209875382144,59.39013378688679,61.793160416007254
2026-08-26T05:00:00-04:00,4628.6,4633.325,4610.97,4614.465,4697.105,4605.29,,55.53876709004045,60.36606998650537,64.58885274308318,78.39156877119609,50.786136714970276,56.322074157547426,60.798801796273956
2026-08-26T09:00:00-04:00,4614.52,4633.69,4583.065,4591.64,4697.105,4605.29,,51.196075153570575,58.35072338929308,64.81287704644413,77.74114427853176,51.884609814356494,52.27314948128924,58.92188028074346
2026-08-26T13:00:00-04:00,4591.685,4604.735,4584.19,4594.725,4697.105,4605.29,,48.95248403975302,56.37979510905753,64.97651242870668,77.28081336232825,52.67221149508512,50.15956743456692,57.08325360362935
2026-08-26T17:00:00-04:00,4603.39,4627.05,4600.735,4605.2,4697.105,4605.29,,50.55018640193552,54.44553157544874,65.15688054954504,76.81669274943425,53.49706834965582,51.58636593634234,55.26978493247759
2026-08-26T21:00:00-04:00,4605.25,4643.21,4602.46,4618.945,4697.105,4605.29,,53.354755646636406,53.73082244888521,64.95223092862616,76.91410290392756,52.99035895332477,54.09695060773166,54.571537547519746
2026-08-27T01:00:00-04:00,4618.985,4621.75,4593.705,4599.105,4697.105,4605.29,,52.38846087772907,52.22117998186493,64.40243129133918,77.00621488509138,51.798647697586986,53.15648464631576,53.13838418124603
2026-08-27T05:00:00-04:00,4599.105,4601.225,4569.29,4585.925,4697.105,4605.29,,48.30487873883482,50.71756514627791,63.67491760775868,77.00151416238417,50.3483210531332,49.36318856393258,51.706696055247114
2026-08-27T09:00:00-04:00,4585.985,4616.695,4564.27,4615,4697.105,4605.29,,50.20046506197928,50.695950830990306,63.27426392701551,76.83630877486645,49.71221907916457,51.021169955318086,51.62384012346622
2026-08-27T13:00:00-04:00,4615.12,4618.02,4600.115,4602.145,4697.105,4605.29,,52.081109398258235,50.970432073331516,62.88615465953585,76.88840826539669,48.88390105367501,52.673033449142444,51.820948617490885
2026-08-27T17:00:00-04:00,4601.95,4611.46,4585.845,4588.875,4697.105,4605.29,,48.966567879411485,50.69997478517845,62.40423557121879,77.02693183642862,47.781539306008966,49.77486627785457,51.51392550726269
2026-08-27T21:00:00-04:00,4588.92,4602.32,4575.055,4584.465,4697.105,4605.29,,46.90640263638316,49.92935099745942,61.991607275591804,77.25013810459511,46.7330764465885,47.85320442774842,50.7543310436069
2026-08-28T01:00:00-04:00,4584.495,4614.59,4571.66,4602.88,4697.105,4605.29,,48.779518536874406,49.39276418238931,61.57685166317512,77.08741534548462,46.06628798086563,49.52429853322194,50.2074534859742
2026-08-28T05:00:00-04:00,4602.84,4609.96,4589.13,4601.74,4697.105,4564.27,,51.01280392247264,49.53630615310044,61.1201084672226,76.83930155762539,45.40091537681981,51.53340239175567,50.29059325658974
2026-08-28T09:00:00-04:00,4601.82,4631.98,4464.415,4479.545,4697.105,4564.27,,40.48820045046402,47.159427528569076,60.11432559760561,77.93906783081837,42.28958336439284,41.50880522157937,47.96334395958757
2026-08-28T13:00:00-04:00,4479.53,4486.84,4445.455,4454.99,4697.105,4564.27,,28.887348296589245,43.446844220131865,58.92054586704074,78.6701113646623,39.17098036941917,30.409011268363134,44.4014050603169
2026-08-30T17:00:00-04:00,4445.72,4472.165,4435.825,4456.305,4697.105,4564.27,,27.829667372423856,40.230444092616395,57.598484455104916,78.66892913925007,36.528039770959765,29.350109309160747,41.299651348164225
2026-08-30T21:00:00-04:00,4456.31,4463.295,4396.525,4424.635,4697.105,4564.27,,26.468108677261363,37.01871301951754,56.23402873448572,78.74531773550055,33.72273973347088,27.991319649980927,38.17753459521015
2026-08-31T01:00:00-04:00,4424.615,4449.53,4419.37,4435.645,4697.105,4564.27,,26.421685987381416,34.377667907187316,54.81745596228967,77.90440106843211,31.730510856147234,27.83734009947366,35.580832968657155
2026-08-31T05:00:00-04:00,4435.69,4464.23,4435.44,4435.8,4631.98,4564.27,,27.928899053803015,31.06139316721143,53.589400956649854,77.41364536666171,29.765156546638003,29.218223609425944,32.37579890269701
2026-08-31T09:00:00-04:00,4435.81,4448.255,4415.75,4433.365,4631.98,4564.27,,27.808620382166026,27.747901181385423,52.29763880979388,76.58843332222912,28.006844297358644,29.100640143963762,29.171472326430894
2026-08-31T13:00:00-04:00,4433.36,4455.925,4426.3,4449.24,4631.98,4564.27,,30.08864176107783,28.09009068452966,51.10062028827562,75.2410954161607,26.960145160390546,31.162552875446725,29.419726803801957
2026-08-31T17:00:00-04:00,4454.255,4461.7,4441.85,4453.745,4631.98,4396.525,,33.191411320031634,28.977633473797535,49.94941959839678,73.7226448715657,26.17619432522786,33.98072041854091,30.19196065505312
2026-08-31T21:00:00-04:00,4453.81,4457.015,4425.555,4426.815,4631.98,4396.525,,31.91528007118204,29.257408598460568,48.61308973703898,71.88107005666714,25.345109417410825,32.75203203250993,30.39170472475887
2026-09-01T01:00:00-04:00,4426.82,4446.105,4369.365,4370.905,4631.98,4396.525,,26.868673419741405,29.09208054307755,47.237647560528856,70.62362261252485,23.851672508532854,27.926130919799245,30.173335303572635
2026-09-01T05:00:00-04:00,4370.84,4387.385,4352.015,4356.29,4631.98,4396.525,,23.122756839576404,28.314857413373424,45.80320349292531,69.13581867530334,22.470588310547278,24.305725656196312,29.382672026679625
2026-09-01T09:00:00-04:00,4356.3,4375.695,4326.27,4351.42,4631.98,4396.525,,22.247168066946436,27.4687288325471,44.25266453566273,66.99303912702042,21.512289944305035,23.449157206484184,28.525030617017848
2026-09-01T13:00:00-04:00,4351.47,4352.05,4322.745,4328.405,4631.98,4396.525,,21.026440969830084,26.377091866991726,43.05702220696577,66.24796417395342,19.866080239978114,22.252989186185037,27.42620032445713
2026-09-01T17:00:00-04:00,4331.385,4335.9,4314.63,4315.905,4631.98,4396.525,,19.516742520457477,24.448186192369853,41.813842870419585,65.32457686814745,18.303108872691727,20.77050848634074,25.555875077273278
2026-09-01T21:00:00-04:00,4315.815,4326.815,4282.625,4307.465,4631.98,4396.525,,18.667996663787875,22.227544822350655,40.50874841242055,64.11338307027646,16.90411375456465,19.93406799652706,23.4128710610246
2026-09-02T01:00:00-04:00,4307.415,4331.645,4303.72,4313.07,4631.98,4396.525,,19.35331089634252,20.85905214241571,39.252011387214985,62.59535468484542,15.908668089584548,20.528427455288902,22.063416626638706
2026-09-02T05:00:00-04:00,4313.045,4344.385,4301.745,4331.525,4631.98,4396.525,,23.652349757968224,21.308595204701174,38.12251264816041,60.50298490927413,15.74204038704669,24.435287311955808,22.415487173069334
2026-09-02T09:00:00-04:00,4331.61,4397.75,4330.85,4368.4,4631.98,4396.525,,32.44616113315447,23.522881940580866,37.4767173387394,58.99824389887007,15.955190778608728,32.5021549566844,24.405253569635303
2026-09-02T13:00:00-04:00,4368.405,4391.67,4364.735,4388.22,4631.98,4396.525,,40.47471876339564,26.516466832258086,36.96374954863824,57.56115604527625,16.36634305200023,39.93495200895297,27.12571425948899
2026-09-02T17:00:00-04:00,4391.29,4397.985,4381.25,4395.585,4631.98,4282.625,,43.881606269796904,30.052929169142818,36.59614833708272,56.516234943137434,16.676061731028003,43.11969289089555,30.367168913838306
2026-09-02T21:00:00-04:00,4395.645,4438.725,4387.365,4437.405,4631.98,4282.625,,49.26503608336712,35.015979278803705,36.5947065482457,56.51153580970801,16.677877286783403,48.20291385315765,34.96354436429382
2026-09-03T01:00:00-04:00,4437.4,4443.715,4417.575,4434.97,4631.98,4282.625,,53.477138223188454,39.998398186114414,36.73032851764848,56.899503254772235,16.561153780524727,52.197705671625314,39.58535110672352
2026-09-03T05:00:00-04:00,4435.025,4495.23,4419.09,4493.535,4631.98,4282.625,,58.09512523150933,46.08506908885136,37.13250897129018,58.28167734725581,15.983340595324549,56.65617741145795,45.28575863748498
2026-09-03T09:00:00-04:00,4493.585,4510.93,4456.925,4486.28,4631.98,4282.625,,62.126376654174436,50.990977299316185,37.41128088542723,59.21520229484733,15.607359476007137,60.58001524688614,49.91241623098933
2026-09-03T13:00:00-04:00,4486.36,4494.745,4470.55,4472.965,4631.98,4282.625,,59.6907388517761,53.869234151314686,37.50521386571017,59.52317243961685,15.487255291803486,58.36624548570082,52.67549878863253
2026-09-03T17:00:00-04:00,4476.075,4487.475,4471.515,4486.4,4631.98,4282.625,,59.22966801679027,56.34953422885751,37.81370483478377,60.46274539910465,15.16466427046289,57.99928701082109,55.07365480295165
2026-09-03T21:00:00-04:00,4486.51,4487.545,4465.49,4473.825,4631.98,4282.625,,58.799153853475424,58.131390603794266,38.122524166571374,61.26744197599956,14.977606357143184,57.661742858841436,56.830370208045636
2026-09-04T01:00:00-04:00,4473.785,4490.895,4460.155,4477.97,4631.98,4282.625,,57.637354589852734,58.74162523071055,38.25116892465867,61.651624439091954,14.850713410225389,56.621328028510646,57.47891599590965
2026-09-04T05:00:00-04:00,4477.95,4479.315,4376.18,4393.77,4510.93,4282.625,,49.80147641407136,57.081201515475094,37.98842810867802,61.154517469527065,14.822338747828976,49.39835487380852,56.0305556943837
2026-09-04T09:00:00-04:00,4393.735,4449,4365.57,4436.37,4510.93,4282.625,,45.50798879068033,55.145300533330825,38.047723095909795,61.283493838760606,14.811952353058988,45.49837389024722,54.29097213270659
2026-09-04T13:00:00-04:00,4436.335,4440.55,4411.97,4429.825,4510.93,4282.625,,48.893456851932854,53.30036728626322,38.10531365076918,61.401367963424974,14.809259338113389,48.679228229459525,52.630330832261805
2026-09-06T17:00:00-04:00,4422.495,4435.255,4410.1,4412.78,4510.93,4282.625,,46.94667824697562,51.50414036053069,37.93990896120986,61.04303474107624,14.836783181343478,46.862903685423134,51.004303046912966
2026-09-06T21:00:00-04:00,4412.75,4419.02,4389.585,4398.145,4510.93,4282.625,,44.37236717902498,49.05542418975885,37.71469972468404,60.581560471520405,14.847838977847676,44.45982214877144,48.76191230024762
2026-09-07T01:00:00-04:00,4398.165,4423.885,4385.33,4411.005,4510.93,4282.625,,44.52650688747099,47.42624122738657,38.17745639868087,61.046233235001964,15.308679562359774,44.59677019813596,47.271453715282824
2026-09-07T05:00:00-04:00,4411.055,4413.885,4381.24,4396.845,4510.93,4365.57,,44.642556990869224,45.342624875763555,38.6414767067005,61.357634708377304,15.925318705023695,44.70419263471024,45.35701647344751
2026-09-07T09:00:00-04:00,4396.745,4419.655,4395.47,4414.575,4510.93,4365.57,,45.32057369509056,46.145983307677774,39.20633324119067,61.83625893998543,16.576407542395916,45.329069824689505,46.10880084410597
2026-09-07T13:00:00-04:00,4414.57,4415.185,4403.13,4406.065,4510.93,4365.57,,46.414721864223324,45.601691468204415,39.81480689416885,62.144786705063616,17.48482708327409,46.34538317025684,45.59901912487883
2026-09-07T17:00:00-04:00,4412.87,4430.325,4406.295,4426.255,4510.93,4365.57,,47.77895298032611,45.82755363007584,40.46264306430506,62.69983742225848,18.225448706351642,47.61152001823029,45.80374135518333
2026-09-07T21:00:00-04:00,4426.24,4442.98,4417.19,4436,4510.93,4365.57,,50.92965031273195,46.73968348699193,41.16779226234115,63.33201442964476,19.003570095037546,50.533359636682775,46.64772082523872
2026-09-08T01:00:00-04:00,4435.985,4437.77,4388.01,4394.19,4510.93,4365.57,,47.87354077632977,46.827888943591496,41.64293249925587,63.48692175418483,19.798943244326914,47.724561296713155,46.73652396888095
2026-09-08T05:00:00-04:00,4394.185,4411.9,4385.475,4411.73,4510.93,4365.57,,45.681849933924184,47.06978150026428,42.085039801920345,63.83139211073302,20.33868749310767,45.71331089719581,46.96673245354153
2026-09-08T09:00:00-04:00,4411.735,4413.235,4380.655,4393.72,4510.93,4365.57,,45.91113161919737,47.190338837399544,42.39115134038327,64.0205918498075,20.76171083095903,45.92556438483737,47.08548732606015
2026-09-08T13:00:00-04:00,4393.76,4403.725,4345.06,4355.705,4510.93,4365.57,,41.27705406849958,45.914490178381136,42.63573238999785,64.0149925247,21.256472255295684,41.60480495518584,45.90265677654048
2026-09-08T17:00:00-04:00,4357.66,4365.59,4341.255,4364.77,4442.98,4365.57,,39.31893867366806,45.16297221152661,43.123519884731905,63.8467306189973,22.400309150466516,39.75825416462011,45.20345046730679
2026-09-08T21:00:00-04:00,4364.795,4384.58,4354.22,4381.64,4442.98,4365.57,,42.2687058191933,44.34013384662891,43.76196468291649,63.65147841876518,23.8724509470678,42.47949096674113,44.4363627618293
2026-09-09T01:00:00-04:00,4381.73,4413.01,4380.38,4400.695,4442.98,4365.57,,46.19762593206456,43.81096524562164,44.53237034738591,63.484305615393595,25.580435079378216,46.11428415626451,43.94085747290158
2026-09-09T05:00:00-04:00,4400.765,4415.365,4386.335,4400.19,4442.98,4365.57,,48.171448908690294,44.425250455874775,45.35872985579062,63.025242416329206,27.692217295252032,47.94478408770197,44.49928355925467
2026-09-09T09:00:00-04:00,4400.18,4434.175,4375.155,4409.385,4442.98,4365.57,,49.14245008858319,44.79970814695279,46.2750590278639,62.343318060347926,30.206799995379864,48.84264197431345,44.83495206636376
2026-09-09T13:00:00-04:00,4409.5,4421.65,4393.59,4402.115,4442.98,4341.255,,49.34543936075403,45.406481239176685,47.16328530855334,61.175287885778154,33.15128273132853,49.041525065882595,45.38955803955331
2026-09-09T17:00:00-04:00,4405.28,4406.105,4389.735,4401.15,4442.98,4341.255,,48.41406599218605,46.83885441086321,47.984515209972336,59.791164079884574,36.1778663400601,48.193679574323944,46.71748767183179
2026-09-09T21:00:00-04:00,4401.05,4421.17,4400.185,4408.675,4442.98,4341.255,,49.281563969575885,48.25294560943606,48.67088614453026,58.88827868429965,38.453493604760865,48.98720954185234,48.02640243304823
2026-09-10T01:00:00-04:00,4408.725,4435.045,4392.58,4395.045,4442.98,4341.255,,48.52096258702187,48.625213487385665,48.93009176608218,58.71102768603279,39.14915584613156,48.30935804341229,48.383163979452114
2026-09-10T05:00:00-04:00,4395.015,4400.245,4324.17,4340.2,4442.98,4341.255,4345.566225,41.35358374949632,46.8689335572737,48.72258408488912,59.01114733727694,38.434020832501304,41.71651210193966,46.76989613181256
2026-09-10T09:00:00-04:00,4340.215,4376.45,4339.33,4364.14,4442.98,4341.255,,39.09451142936899,46.031802779008146,48.64849795193936,59.03402403332577,38.26297187055295,39.60032003834283,45.99903139392093
2026-09-10T13:00:00-04:00,4364.24,4367.83,4313.85,4317.025,4442.98,4341.255,,38.58312027887891,43.85198218307249,48.094236096389814,59.03053200240149,37.157940190378135,39.04457322046279,43.970447916426664
2026-09-10T17:00:00-04:00,4322.94,4334.045,4311.345,4332.32,4442.98,4341.255,,36.78239068506625,42.4423603002402,47.666453979108645,58.800570056005206,36.532337902212085,37.320025448381,42.6500315032062
2026-09-10T21:00:00-04:00,4332.31,4340.6,4300.795,4331.755,4435.045,4341.255,,38.615464139089255,41.05238165361626,46.948373679188634,57.47979097793191,36.416956380445356,39.0119065104519,41.347084183891795
2026-09-11T01:00:00-04:00,4331.76,4361.15,4328.32,4347.01,4435.045,4341.255,,40.509582556406734,39.93607989647761,46.39487785571055,56.18631557239335,36.60344013902775,40.75518974437964,40.298025846785436
2026-09-11T05:00:00-04:00,4347.055,4390.26,4292.11,4388.555,4435.045,4341.255,,46.965598778539686,40.607991994049925,46.19983602782179,55.53714021814082,36.86253183750276,46.747350611337914,40.900796346156255
2026-09-11T09:00:00-04:00,4388.45,4402.63,4352.045,4361.615,4435.045,4341.255,,48.926159229736044,42.09967289083181,45.78878910353089,54.2344582215722,37.34311998548958,48.59084319365242,42.26212044441765
2026-09-11T13:00:00-04:00,4361.61,4370.43,4342.745,4349.42,4435.045,4341.255,,45.29248722301659,42.37884222080638,45.40532622603009,53.21610306580966,37.59454938625052,45.22704861430829,42.50843308214639
2026-09-13T17:00:00-04:00,4338.79,4347.71,4328.405,4338.73,4435.045,4341.255,,43.28169820529901,43.44212372695184,44.944338727968905,51.937835375152176,37.950842080785634,43.35907296185261,43.49483465624331
2026-09-13T21:00:00-04:00,4338.685,4355.405,4322.17,4329.755,4435.045,4341.255,,41.56430949556011,43.74510473809034,44.92078699552943,51.94729894503646,37.89427504602241,41.76319731986116,43.77791075971215
2026-09-14T01:00:00-04:00,4329.76,4338.765,4303.45,4306.695,4435.045,4292.11,,38.876903840351446,43.51682078445533,44.55427490736132,51.78733722374095,37.32121259098169,39.258210628146756,43.56520726129899
2026-09-14T05:00:00-04:00,4306.69,4311.93,4266.005,4271.27,4402.63,4292.11,,34.48659006441302,42.024249740377854,44.073324243322375,51.9943342466647,36.15231423998005,35.13261689565917,42.171461374363446
2026-09-14T09:00:00-04:00,4271.26,4317.83,4253.635,4315.715,4402.63,4292.11,,37.25495628373058,40.74235150022415,43.98417361540572,51.90528684689389,36.06306038391756,37.65069710599296,40.96616340262899
2026-09-14T13:00:00-04:00,4315.755,4316.44,4282.425,4299.52,4402.63,4292.11,,41.28751580880024,39.84178019153905,43.891862398015036,51.882983168670556,35.900741627359515,41.37435472294425,40.10960752558968
2026-09-14T17:00:00-04:00,4299.31,4300.19,4283.37,4293.285,4402.63,4292.11,,39.596166144240215,39.11483119200233,43.69415357168627,51.76940692544997,35.61890021792257,39.792627169661124,39.41347156130124
2026-09-14T21:00:00-04:00,4293.23,4317.63,4287.915,4304.925,4402.63,4292.11,,40.50347963360697,39.0480034567699,43.64838725935255,51.738669853113606,35.5581046655915,40.62757353868656,39.329179118970806
2026-09-15T01:00:00-04:00,4304.975,4307.775,4261.375,4262.54,4402.63,4292.11,,38.709798004661096,38.2992564803169,43.30528441342571,51.62607398930155,34.98449483754987,38.93848003944936,38.606409481183576
2026-09-15T05:00:00-04:00,4262.535,4295.905,4261.735,4290.385,4402.63,4253.635,,38.674542439010615,38.990185913529665,43.19308258728122,51.497334754790124,34.88883041977231,38.887257819356144,39.22319260217349
2026-09-15T09:00:00-04:00,4290.375,4300.695,4273.985,4295.64,4402.63,4253.635,,42.37677211749589,40.553594209769145,42.987509068553344,51.0717017876012,34.90331634950549,42.3268902836638,40.661916163470615
2026-09-15T13:00:00-04:00,4295.705,4310.76,4290.44,4293.885,4402.63,4253.635,,42.7936704374776,40.57267567174309,42.71449553579566,50.39647293759771,35.03251813399362,42.7160806521303,40.67044504392702
2026-09-15T17:00:00-04:00,4295.39,4299.115,4275.67,4277.615,4402.63,4253.635,,41.24180427380696,40.54053377119964,42.59740692134612,50.31225751901947,34.88255632367277,41.282584002617654,40.63569595766302
2026-09-15T21:00:00-04:00,4277.63,4341.135,4276.86,4321.95,4402.63,4253.635,,44.72842508242198,42.039035368366456,42.658411721001414,50.49557173027189,34.82125171173094,44.53174207635895,42.02447787441211
2026-09-16T01:00:00-04:00,4321.9,4339.28,4320.79,4330.275,4402.63,4253.635,,50.42261228357349,43.37457167119008,42.862788136897656,51.03396226029351,34.691614013501805,49.83195883821062,43.26552032895561
2026-09-16T05:00:00-04:00,4330.355,4353.78,4327.465,4347.6,4402.63,4253.635,,52.86958264051293,46.084688121466975,43.34032516641396,52.00064157843488,34.68000875439304,52.130890089365224,45.79373788867378
2026-09-16T09:00:00-04:00,4347.41,4361.575,4324.25,4346.605,4402.63,4253.635,,54.39681189516051,47.866648658661475,43.74972185580898,52.8659310743076,34.63351263731035,53.57007266152998,47.460610283862415
2026-09-16T13:00:00-04:00,4346.59,4367.415,4235.165,4263.855,4402.63,4253.635,,46.872128463940015,47.36907564902244,43.611114733752004,52.80122633913499,34.421003128369016,46.61693669067539,47.01946543353424
2026-09-16T17:00:00-04:00,4260.09,4292.48,4257.6,4280.415,4402.63,4253.635,,41.15278768743653,47.39782501579259,43.452966664948505,52.552430264761604,34.353503065135406,41.343069820324274,47.068321474774976
2026-09-16T21:00:00-04:00,4280.42,4318.29,4274.135,4297.45,4402.63,4253.635,,44.52004104651897,48.30571472694016,43.39632603597722,52.43470222513416,34.357949846820276,44.48303819253218,47.93388091636696
2026-09-17T01:00:00-04:00,4297.415,4335.45,4285.6,4311.765,4402.63,4253.635,,47.558726188416394,48.20648247464815,43.35980643552693,52.33269716542604,34.386915705627814,47.321510318983535,47.865398115524854
2026-09-17T05:00:00-04:00,4311.77,4381.065,4305.15,4373.345,4402.63,4253.635,,53.800563551977646,49.27084366076992,43.65839216487273,53.47181568466944,33.84496864507602,53.21145206693919,48.89945041028941
2026-09-17T09:00:00-04:00,4373.34,4380.04,4351.365,4362.465,4402.63,4235.165,,57.644330625340345,49.57069618459883,43.90276317865364,54.26659943398869,33.5389269233186,56.87158004014877,49.21988095860587
2026-09-17T13:00:00-04:00,4362.47,4365.995,4340.655,4341.84,4402.63,4235.165,,54.69750239439091,49.3567552319786,43.97697677809714,54.482112877596194,33.471840678598085,54.149719722004875,49.065063856139375
2026-09-17T17:00:00-04:00,4343.19,4360.325,4339.715,4356.38,4402.63,4235.165,,53.94368011866951,51.591139514521544,44.221746562868205,55.1364604043812,33.30703272135521,53.47297115387524,51.17874794809154
2026-09-17T21:00:00-04:00,4356.375,4367.11,4334.295,4366.9,4402.63,4235.165,,55.932993544043015,53.579671191009034,44.83458911895282,56.013463652814444,33.6557145850912,55.345219295292345,53.06567799184454
2026-09-18T01:00:00-04:00,4366.98,4399.67,4360.27,4392.27,4402.63,4235.165,,58.671003174196315,55.634271551000786,45.37330490079923,57.322883600428824,33.42372620116964,57.928549968179325,55.020322741133576
2026-09-18T05:00:00-04:00,4392.355,4398.2,4353.865,4368.96,4402.63,4235.165,,58.13318548432612,56.60094527555467,45.984592954567376,57.88283734375578,34.08634856537897,57.485697430870644,55.96973145238371
2026-09-18T09:00:00-04:00,4368.975,4383.875,4342.725,4382.92,4402.63,4235.165,,56.79101353409419,56.48868583160551,46.550282715447935,58.69619142544722,34.40437400544865,56.276203465911976,55.89596599798295
2026-09-18T13:00:00-04:00,4383.015,4397.045,4374.94,4378.385,4402.63,4235.165,,57.39526822434894,56.52978458955712,47.08928731252382,59.341013677141646,34.837560947906,56.854542607551565,55.96486361449879
2026-09-20T17:00:00-04:00,4379.935,4382.425,4358.405,4366.885,4402.63,4235.165,,55.612821378715836,56.75020554141263,47.43870852852494,59.774151468215045,35.10326558883484,55.22429199766503,56.20298664817157
2026-09-20T21:00:00-04:00,4366.9,4383.385,4355.28,4355.975,4399.67,4235.165,,53.12409278442467,56.29561677977288,47.45155166581118,59.7985972597762,35.10450607184616,52.947117522709725,55.81461971988007
2026-09-21T01:00:00-04:00,4355.955,4362.145,4342.04,4353.285,4399.67,4235.165,,51.615784308237146,55.51671718832524,47.59692176843677,59.984500729172396,35.20934280770115,51.56636485203083,55.123313950096836
2026-09-21T05:00:00-04:00,4353.255,4374.94,4340.1,4359.58,4399.67,4235.165,,52.01348925912824,54.39346994689629,47.84690472675892,60.273721141226076,35.42008831229177,51.9291652384524,54.10050979710095
2026-09-21T09:00:00-04:00,4359.565,4369.855,4322.81,4343.395,4399.67,4235.165,,50.75654531246215,53.409105710649825,48.03661865709343,60.3683376156328,35.70489969855406,50.78534779238156,53.20892833909996
2026-09-21T13:00:00-04:00,4343.43,4353.795,4337.55,4343.545,4399.67,4235.165,,48.81712450266301,52.115215937915956,48.27354090364732,60.4356694299688,36.11141237732585,49.01811443743689,52.026770074679504
2026-09-21T17:00:00-04:00,4348.155,4376.005,4346.695,4360.42,4399.67,4235.165,,50.96688405901081,51.57242452055322,48.74779396407339,60.54958129129247,36.94600663685431,50.967404369987804,51.52688884265318
2026-09-21T21:00:00-04:00,4360.49,4365.195,4335.075,4342.93,4399.67,4235.165,,50.8271115146406,50.74787026246589,49.23474804777835,60.053901359429865,38.41559473612684,50.835734076892535,50.772896383030215
2026-09-22T01:00:00-04:00,4342.88,4347.485,4291.495,4330.155,4399.67,4235.165,,47.01786655718665,49.827788455628074,49.32208280368845,60.02891916863237,38.615246438744535,47.361931503257566,49.93112140852399
2026-09-22T05:00:00-04:00,4330.13,4344.035,4308.985,4333.87,4399.67,4235.165,,46.012734853401724,49.14699898965576,49.5127021092255,59.930616954327334,39.09478726412367,46.432496956869095,49.30607698441258
2026-09-22T09:00:00-04:00,4333.865,4344.285,4315.015,4336.26,4399.67,4235.165,,46.90614973097115,48.36854859044034,49.75208183820204,59.775126734460244,39.72903694194383,47.236289798024835,48.59029985411611
2026-09-22T13:00:00-04:00,4336.265,4371.38,4334.675,4358.54,4399.67,4235.165,,50.42119112909393,49.05118350869342,50.09609690307768,59.91973039228361,40.27246341387175,50.414828856652335,49.200214431347085
2026-09-22T17:00:00-04:00,4363.61,4369.56,4355.255,4357.63,4399.67,4235.165,,53.43538708690127,49.688052185936975,50.61829296068675,59.57665771182317,41.65992820955034,53.14327333358363,49.768916681586596
2026-09-22T21:00:00-04:00,4357.58,4359.365,4333.32,4344.22,4399.67,4291.495,,51.22743804605581,49.125627504991996,50.83450252702151,59.455127990469464,42.21387706357356,51.151865772862614,49.25291768931131
2026-09-23T01:00:00-04:00,4344.14,4345.815,4315.51,4318.35,4399.67,4291.495,,45.73187154986747,48.23226933885894,50.81565175082625,59.48312923137235,42.148174270280144,46.145521210863706,48.42885586272122
2026-09-23T05:00:00-04:00,4318.36,4320.565,4294.62,4309.835,4399.67,4291.495,,41.30095329895147,47.49222371692479,50.74669563651997,59.60607611084205,41.8873151621979,42.07391448007576,47.74205568268794
2026-09-23T09:00:00-04:00,4309.98,4313.56,4277.65,4284.975,4399.67,4291.495,,37.67267064246275,45.849393850019226,50.60570271368836,60.000557261209245,41.21084816616747,38.682225824122696,46.214492681936534
2026-09-23T13:00:00-04:00,4285.07,4294.94,4274.745,4287.41,4399.67,4291.495,,35.489601595485155,44.23035282107164,50.20323543140605,60.41848992541075,39.987980937401346,36.61778416163208,44.708196929432866
2026-09-23T17:00:00-04:00,4293.19,4294.57,4286.895,4290.05,,,,36.437751819160724,41.85412547575259,49.78306386284056,60.61613073581236,38.94999698986875,37.46715346860851,42.51515685678116