time,open,high,low,close,Swing High,Swing Low,Trail,Fast,Signal,Base line,Band A,Band B,Fast,Slow
2026-09-21T04:35:00-04:00,4354.88,4357.025,4353.615,4355.56,4356.175,4342.04,,56.69408737266927,52.90027297499348,45.15592430946236,55.50835102280706,34.80349759611765,55.98118002387166,52.35003730488199
2026-09-21T04:40:00-04:00,4355.59,4357.655,4353.295,4357.465,4356.175,4342.04,,58.792894981170264,55.51588352292551,45.68761133816653,56.802216884992816,34.57300579134025,57.96435147247015,54.82789637568057
2026-09-21T04:45:00-04:00,4357.455,4357.51,4353.72,4355.915,4356.175,4342.04,,58.53131210810403,56.55674946998588,46.25897108962591,57.513017533946524,35.004924645305294,57.77383130941171,55.842784281763294
2026-09-21T04:50:00-04:00,4355.89,4355.89,4351.085,4351.39,4356.175,4342.04,,52.21946521388533,55.46071824921473,46.470555123194316,57.61318200629675,35.32792824009188,51.96032944631503,54.86367716866148
2026-09-21T04:55:00-04:00,4351.29,4353.61,4349.84,4353.285,4356.175,4342.04,,49.469251299298094,54.64778221492942,46.64213195393659,57.85531855566814,35.42894535220504,49.43226042564605,54.14386144831394
2026-09-21T05:00:00-04:00,4353.255,4353.91,4349.555,4350.3,4356.175,4342.04,,48.59046636084747,53.62032311448305,46.72411002135106,57.896549685806505,35.55167035689561,48.613575557796366,53.21878146081675
2026-09-21T05:05:00-04:00,4350.285,4353.935,4350.28,4353.075,4357.655,4342.04,,48.49209772100199,52.89098404465294,47.14848385491633,58.00610393006864,36.29086377976402,48.522148349372515,52.56626899200712
2026-09-21T05:10:00-04:00,4353.165,4354.015,4352.335,4353.92,4357.655,4342.04,,51.76732782665452,52.21267752990741,47.66542548630493,58.05244177343099,37.278409199178874,51.57503705223376,51.95988346892021
2026-09-21T05:15:00-04:00,4353.87,4354.925,4351.715,4351.745,4357.655,4342.04,,50.472916927403205,50.513847457862354,48.06115043336578,57.81530021044959,38.30700065628197,50.3803711894727,50.39941748257927
2026-09-21T05:20:00-04:00,4351.75,4354.23,4350.4,4351.03,4357.655,4342.04,,47.79310708260341,49.144618951192946,48.24694088359236,57.79082686119404,38.703054905990676,47.89502913174812,49.13736856101633
2026-09-21T05:25:00-04:00,4351.015,4351.015,4346.645,4346.655,4357.655,4342.04,,43.58709601186147,48.04745625728411,48.113955575586616,57.870438794224185,38.357472356949046,43.962806520503236,48.11441093234733
2026-09-21T05:30:00-04:00,4346.625,4346.625,4340.58,4342.275,4357.655,4342.04,4346.35201,37.21557860937958,45.64356961121622,47.790835085319095,58.223043789539105,37.358626381099086,37.9560058297638,45.85843867647855
2026-09-21T05:35:00-04:00,4342.285,4344.95,4340.1,4344.265,4357.655,4342.04,4346.35201,36.52416923087243,44.59994279157695,47.45285542458481,58.15556097878838,36.75014987038124,37.238761432854346,44.86446403950676
2026-09-21T05:40:00-04:00,4344.215,4347.985,4342.675,4347.745,4357.655,4342.04,,41.99885515933755,43.78835745074067,47.42477459701704,58.13854879647853,36.71100039755555,42.31215282838832,44.084154241911634
2026-09-21T05:45:00-04:00,4347.71,4348.61,4343.775,4344.06,4357.655,4342.04,,42.82490628327345,42.04496520775378,47.17124375554756,58.05038700951833,36.29210050157678,43.05027510310254,42.428817768326404
2026-09-21T05:50:00-04:00,4343.9,4347.48,4343.845,4347.105,4357.655,4342.04,,43.0057492903693,41.6548809830167,46.962921946122755,57.731844474654416,36.193999417591094,43.20047339073062,42.03275487084246
2026-09-21T05:55:00-04:00,4347.155,4347.155,4343.42,4345.695,4357.655,4342.04,,44.71762955783994,41.16625734353566,46.85606858839881,57.66053002789867,36.05160714889895,44.794559550660296,41.54296931658704
2026-09-21T06:00:00-04:00,4345.725,4349.7,4345.245,4349.53,4357.655,4340.1,,46.92015607540398,42.60718385831456,46.90528748229745,57.73834434381553,36.07223062077938,46.854720874505134,42.859016114843016
2026-09-21T06:05:00-04:00,4349.51,4352.23,4348.54,4350.845,4357.655,4340.1,,51.126830623029036,45.14090077600694,46.9732373173418,57.87251187503964,36.073962759643955,50.795406708600936,45.211369567683356
2026-09-21T06:10:00-04:00,4350.88,4353.62,4349.94,4353.62,4357.655,4340.1,,54.1644634071251,47.64726790867247,47.296911836084305,58.4692853340304,36.12453833813821,53.656501662026514,47.549799037463636
2026-09-21T06:15:00-04:00,4353.635,4356.765,4352.66,4352.875,4357.655,4340.1,,55.51643919156717,49.00306764235825,47.63570716261933,58.935634196151106,36.33578012908756,54.94592014308928,48.82101737188363
2026-09-21T06:20:00-04:00,4352.88,4352.99,4350.51,4351.19,4357.655,4340.1,,53.314845688815865,50.64439345311315,47.75714831188502,59.11402572130682,36.40027090246322,52.91881362268772,50.36938147163083
2026-09-21T06:25:00-04:00,4351.17,4352.61,4350.095,4350.87,4357.655,4340.1,,51.49584894067088,51.42881039958728,48.00457293277486,59.310868427548755,36.69827743800097,51.24427885683601,51.119247505056606
2026-09-21T06:30:00-04:00,4350.86,4351.735,4349.76,4350.685,4357.655,4340.1,,51.02252477895868,52.445792087718516,48.387663411469816,59.345418072014276,37.42990875092536,50.80962939202416,52.08797285487765
2026-09-21T06:35:00-04:00,4350.665,4352.245,4348.15,4348.525,4357.655,4340.1,,48.76390166874644,51.955594854827986,48.672883202375104,59.16432414085022,38.18144226389999,48.738181336313424,51.65737906557326
2026-09-21T06:40:00-04:00,4348.53,4349.56,4347.895,4348.49,4356.765,4340.1,,46.65204281211285,51.1672812845996,48.81901368194841,59.14082340184916,38.497203962047664,46.80104177662561,50.94672573145613
2026-09-21T06:45:00-04:00,4348.525,4350.745,4347.895,4348.045,4356.765,4340.1,,46.1673755614136,49.67071261319612,49.142584439745875,58.71758437209016,39.56758450740159,46.35762570925606,49.571985936210275
2026-09-21T06:50:00-04:00,4348.115,4349.8,4347.165,4347.515,4356.765,4340.1,,45.1591592912672,48.20805845594247,49.12598876250154,58.72026544948809,39.531712075514996,45.436450797181344,48.22973448976814
2026-09-21T06:55:00-04:00,4347.51,4348.47,4342.63,4342.81,4356.765,4340.1,,40.36815468310617,45.97165804013621,48.95273001089045,59.00712380963032,38.898336212150575,41.004595397933,46.16792358628036
2026-09-21T07:00:00-04:00,4342.785,4345.035,4342.05,4344.955,4356.765,4340.1,,38.8717426568531,44.60117094628025,48.72234748492639,58.9735932011838,38.47110176866897,39.56576372496693,44.89301588066269
2026-09-21T07:05:00-04:00,4344.86,4346.335,4343.495,4345.935,4356.765,4340.1,,42.79771586177698,43.62171263522715,48.38715190441421,58.541175626425925,38.233128182402496,43.13409494231153,43.97491374350532
2026-09-21T07:10:00-04:00,4345.895,4348.465,4344.61,4348.325,4356.765,4340.1,,46.705558934464385,44.01307302219966,48.16675467565984,58.03854529932561,38.294964051994064,46.712756639156765,44.31432311004651
2026-09-21T07:15:00-04:00,4348.35,4355.21,4348.35,4355.125,4356.765,4340.1,,55.24994105372476,46.078254989973416,48.399980829197524,58.80370419804284,37.99625746035221,54.670873071976445,46.223436970748416
2026-09-21T07:20:00-04:00,4355.135,4355.48,4352.345,4352.655,4356.765,4340.1,,58.536905316580956,47.54722438081891,48.39593196975461,58.791833337533056,38.00003060197617,57.800355883050685,47.58367458827354
2026-09-21T07:25:00-04:00,4352.755,4354.05,4352.245,4353.735,4356.765,4342.05,,56.83225370212091,49.413424821645904,48.40810826034174,58.831759530618996,37.98445699006449,56.2517276354825,49.31351606740589
2026-09-21T07:30:00-04:00,4353.71,4358.735,4352.285,4357.96,4356.765,4342.05,,60.5933962041901,53.32586481541432,48.501843806402846,59.23817552307438,37.76551208973131,59.81523244104915,52.95814231487816
2026-09-21T07:35:00-04:00,4357.955,4362.55,4357.545,4361.315,4356.765,4342.05,,65.46075483404606,57.010285443701044,48.815722538338385,60.5338031407468,37.09764193592997,64.45625448964412,56.42508485731367
2026-09-21T07:40:00-04:00,4361.325,4367.35,4360.015,4366.625,4356.765,4342.05,,69.91387266243598,61.07333818703118,49.542691303376465,62.913885291541334,36.171497315211596,68.76270753914922,60.28060305683179
2026-09-21T07:45:00-04:00,4366.65,4367.88,4364.79,4367.13,4356.765,4342.05,,72.64307929073345,64.4210055454922,50.17888889077576,64.9908560472044,35.36692173434711,71.41734890943148,63.48353979167786
2026-09-21T07:50:00-04:00,4367.215,4370.88,4365.335,4370.77,4356.765,4342.05,,74.33561095844736,66.52638673123764,51.05711157382352,67.38571580200033,34.728507345646705,73.07621251301606,65.53927146855737
2026-09-21T07:55:00-04:00,4370.815,4371.115,4366.37,4369.15,4356.765,4342.05,,73.92265992010667,68.81693543221385,51.674804314252505,68.9815121146868,34.368096513818216,72.78627242165237,67.76523023127835
2026-09-21T08:00:00-04:00,4369.185,4370.44,4362.85,4370.4,4356.765,4342.05,,72.59224343829432,71.02924094157291,52.282106609802334,70.55889014514324,34.00532307446142,71.58841791240894,69.92118297625065
2026-09-21T08:05:00-04:00,4370.44,4374.94,4367.285,4367.315,4356.765,4342.05,,69.61732286177528,71.3952001915239,52.8009458398038,71.42550109376597,34.17639058584164,68.8747930149543,70.35367610953696
2026-09-21T08:10:00-04:00,4367.295,4369.95,4366.685,4369.275,4356.765,4342.05,,67.14050676357064,71.50917006429421,53.42018894397687,72.43778878088636,34.40258910706737,66.62045741323689,70.53952666870573
2026-09-21T08:15:00-04:00,4369.3,4371.03,4367.16,4367.385,4356.765,4342.05,,66.11253037954546,70.30910239641233,54.12597139084403,72.97322485271744,35.27871792897062,65.69476516552837,69.4771211456453
2026-09-21T08:20:00-04:00,4367.42,4367.635,4355.025,4355.025,4356.765,4342.05,,54.34892619435139,66.28226917961362,54.42803291956345,72.64589909947574,36.21016673965116,54.64339708744505,65.74696900528103
2026-09-21T08:25:00-04:00,4354.91,4356.855,4351.595,4355.61,4356.765,4342.05,,45.09313618968234,61.9541096053366,54.63002827077403,72.4826970952883,36.77735944625975,45.90883778999146,61.71501408192398
2026-09-21T08:30:00-04:00,4355.615,4359.505,4354.14,4357.53,4374.94,4342.05,,46.91781766427263,58.56659996366104,54.71738365514787,72.46929584813105,36.96547146216469,47.59917042101348,58.55065414795564
2026-09-21T08:35:00-04:00,4357.525,4358.13,4351.31,4356.925,4374.94,4342.05,,47.90298769820822,54.90003653674057,54.928738942240784,72.33641322460063,37.521064659880935,48.50299438918735,55.11917878957496
2026-09-21T08:40:00-04:00,4356.91,4363.575,4355.475,4363.205,4374.94,4342.05,,51.755646079666306,53.46326374020133,55.23208346628299,72.44642752610912,38.017739406456855,52.0755313123683,53.75086509007393
2026-09-21T08:45:00-04:00,4363.19,4363.855,4355.33,4357.845,4374.94,4342.05,,52.364041158693425,50.678189221061366,55.37852785993805,72.38904527273398,38.368010447142126,52.58985938142824,51.1104364947725
2026-09-21T08:50:00-04:00,4357.84,4359.385,4356.22,4356.985,4374.94,4342.05,,48.16158675181355,48.334422703706494,55.30510880018943,72.38865522946556,38.221562370913304,48.624643050394255,48.87368734289276
2026-09-21T08:55:00-04:00,4356.99,4361.655,4353.87,4359.58,4374.94,4342.05,,49.39370806784735,49.26241261348878,55.27657947433913,72.37603793724722,38.17712101143104,49.75855314737709,49.71476679761024
2026-09-21T09:00:00-04:00,4359.565,4361.045,4355.935,4357.545,4374.94,4351.31,,49.775367072566766,49.672202955959186,55.046926662862475,72.24718947747382,37.846663848251126,50.09747110890523,50.070439719725265
2026-09-21T09:05:00-04:00,4357.685,4364.2,4356.675,4361.975,4374.94,4351.31,,51.317851583749786,50.51956516191082,55.02960373270281,72.23116455486618,37.828042910539445,51.51797171160787,50.834424309208636
2026-09-21T09:10:00-04:00,4361.965,4364.345,4361.065,4363.15,4374.94,4351.31,,54.975312541305755,51.692867196844205,55.14460118359717,72.3226234084268,37.96657895876754,54.92126101699753,51.9042301848139
2026-09-21T09:15:00-04:00,4363.28,4364.35,4360.855,4362.66,4374.94,4351.31,,55.306492988838286,51.53409285024567,55.253759264947945,72.39610966439369,38.111408865502206,55.23299734466514,51.736557461293444
2026-09-21T09:20:00-04:00,4362.67,4366.32,4361.03,4365.49,4374.94,4351.31,,56.740361151519934,52.94324433765178,55.48094449963018,72.60026605108499,38.36162294817538,56.567886096408884,53.040809246236925
2026-09-21T09:25:00-04:00,4365.605,4369.855,4363.12,4364.395,4374.94,4351.31,,57.604870383982366,54.2321738880082,55.773816248197114,72.71460502105352,38.833027475340714,57.38054578102923,54.238243955760574
2026-09-21T09:30:00-04:00,4364.38,4364.74,4352.545,4353.425,4374.94,4351.31,,49.200861727692484,52.88814538332182,55.63087502407604,72.82426793795568,38.43748211019639,49.51552109859057,52.9713715180122
2026-09-21T09:35:00-04:00,4353.415,4356.715,4351.65,4354.075,4374.94,4351.31,,42.24164059190403,52.079680607818844,55.54289066175538,72.88798255534175,38.19779876816901,42.982508122544786,52.20539738822901
2026-09-21T09:40:00-04:00,4353.9,4356.335,4349.28,4352.975,4374.94,4351.31,,42.094211652381375,50.252819688645125,55.45058398649452,72.96856715689725,37.932600816091785,42.831126223230434,50.489415664190076
2026-09-21T09:45:00-04:00,4353.03,4356.04,4349.425,4355.845,4374.94,4351.31,,43.71730857583396,48.863108046255476,55.73989971426878,72.61700284726535,38.86279658127221,44.306076488878965,49.17248752305228
2026-09-21T09:50:00-04:00,4355.855,4356.265,4348.435,4348.455,4369.855,4351.31,,41.906864976732976,46.42435454232932,55.62912059354628,72.77842314785995,38.47981803923261,42.530364892563725,46.86009210644682
2026-09-21T09:55:00-04:00,4348.45,4350.325,4346.02,4346.105,4369.855,4351.31,,36.756507304540065,43.15343551854694,55.384534505019545,73.10992214108303,37.65914686895606,37.64237988800758,43.76520003493763
2026-09-21T10:00:00-04:00,4346.11,4347.215,4325.98,4327.19,4369.855,4351.31,,29.720207326226014,38.457307954398935,54.6299822636499,74.30142411275371,34.95854041454609,30.78413127219704,39.261116532494775
2026-09-21T10:05:00-04:00,4327.35,4337.24,4322.81,4337.14,4369.855,4351.31,,29.858925786600825,37.62716810680647,53.89094537165931,74.12027867253212,33.6616120707865,30.691526188024966,38.386915774776035
2026-09-21T10:10:00-04:00,4337.185,4340.96,4334.725,4340.305,4369.855,4351.31,,37.6186020954153,37.136439812545014,53.39949383887546,74.00718424352155,32.791803434229365,37.99662835689669,37.83657945659532
2026-09-21T10:15:00-04:00,4340.28,4341.305,4336.085,4337.75,4369.855,4351.31,,38.43232412671077,36.58091452804344,52.80859657310578,73.82414431466387,31.793048831547686,38.75679645914066,37.222821556464666
2026-09-21T10:20:00-04:00,4337.77,4338.735,4334.285,4337.6,4369.855,4351.31,,37.523053412349824,35.36665262297812,52.04241485112014,73.24142150616609,30.8434081960742,37.88797672541902,36.00283666703533
2026-09-21T10:25:00-04:00,4337.6,4343.015,4336.31,4341.55,4369.855,4351.31,,39.75898996845808,35.967235954250626,51.2967280516006,72.21243158345663,30.38102451974457,39.981085616830384,36.49445604911229
2026-09-21T10:30:00-04:00,4341.455,4343.68,4335.875,4336.145,4369.855,4322.81,,39.98947502806214,36.290357686841574,50.28215616674521,70.6323480641318,29.93196426935861,40.181415441424306,36.728275396582966
2026-09-21T10:35:00-04:00,4336.12,4340.175,4335.075,4335.145,4369.855,4322.81,,37.56715972779086,38.20922235469772,49.23343866554516,68.85894339577663,29.60793393531368,37.894142381637394,38.52588779466667
2026-09-21T10:40:00-04:00,4335.15,4340.815,4332.095,4332.32,4369.855,4322.81,,36.16803310562254,38.09295977799064,48.03700452834376,66.53832319391435,29.535685862773157,36.572233656077586,38.40847753031229
2026-09-21T10:45:00-04:00,4332.305,4341.195,4332.305,4336.625,4369.855,4322.81,,37.860589525220604,38.278361620356385,47.11214040702245,64.43182039278533,29.792460421259573,38.128883443036514,38.56367496213519
2026-09-21T10:50:00-04:00,4336.61,4342.78,4336.115,4341.945,4369.855,4322.81,,43.59275690347262,39.56736914277974,46.3311523792366,62.02040459159058,30.641900166882618,43.47453278806472,39.75640219571916
2026-09-21T10:55:00-04:00,4341.975,4342.22,4335.7,4338.89,4343.68,4322.81,,45.21855166789548,40.47707540765514,45.676918572088354,60.35520053066659,30.99863661351012,45.00515774415751,40.597155253203326
2026-09-21T11:00:00-04:00,4339.09,4346.615,4338.97,4346.615,4343.68,4322.81,,47.75798561678637,41.85279647087354,45.191004076484596,58.5524998419747,31.82950831099449,47.41049567840902,41.87909078474163
2026-09-21T11:05:00-04:00,4346.595,4350.215,4345.47,4350.215,4343.68,4332.095,,53.2673111732914,44.27074287772064,44.9213174423087,57.499202922531026,32.34343196208637,52.605905389575696,44.14700952410373
2026-09-21T11:10:00-04:00,4350.285,4350.515,4346.975,4349.445,4343.68,4332.095,,54.445599698435004,46.67520789105758,45.196690753195384,58.018430897743116,32.37495060864765,53.73539351666187,46.40516253760577
2026-09-21T11:15:00-04:00,4349.45,4351.465,4348.415,4349.91,4343.68,4332.095,,54.257231843215386,49.43908537417575,45.46038189251652,58.531269829583636,32.38949395544941,53.56686302190996,49.00261791434155
2026-09-21T11:20:00-04:00,4349.9,4352.095,4348.475,4351.35,4343.68,4332.095,,55.20052883445699,51.62947626512512,45.68390905732388,59.04491096019568,32.32290715445208,54.45319657552331,51.06925200403057
2026-09-21T11:25:00-04:00,4351.375,4353.845,4349.94,4350.915,4343.68,4332.095,,55.633796890287314,52.87938251326566,45.915135374403526,59.528400303207036,32.30187044560002,54.869201150952804,52.25823744659529
2026-09-21T11:30:00-04:00,4351.04,4354.4,4349.94,4354.025,4343.68,4332.095,,56.98824351710637,54.99224536489966,45.99170890658506,59.77154543947282,32.211872373697304,56.14451866776879,54.251926553633794
2026-09-21T11:35:00-04:00,4353.99,4356.105,4349.785,4349.87,4343.68,4332.095,,55.810695103793435,55.18015665241054,46.1178797241153,60.01219270275409,32.223566745476504,55.12191863329956,54.461501147992585
2026-09-21T11:40:00-04:00,4349.82,4350.84,4348.13,4349.83,4343.68,4332.095,,52.96581190863096,54.90610271785382,46.27431038639786,60.28854852715045,32.26007224564526,52.540148090991764,54.233138754038386
2026-09-21T11:45:00-04:00,4349.9,4350.82,4347.36,4348.12,4343.68,4332.095,,51.76578125851422,54.4144942410046,46.25741344121335,60.25707226129821,32.25775462112849,51.45060276983091,53.80870379175517
2026-09-21T11:50:00-04:00,4348.125,4354.41,4346.41,4347.95,4343.68,4332.095,,50.472083535158454,53.8246317726947,46.315293707726774,60.348286882918856,32.28230053253469,50.276236591233555,53.29295977384512
2026-09-21T11:55:00-04:00,4347.93,4349.88,4346.88,4348.085,4343.68,4332.095,,50.45294669285159,53.05804220054591,46.20653668292522,60.11427842374374,32.298794942106696,50.259097668774366,52.610389818398325
2026-09-21T12:00:00-04:00,4348.12,4351.24,4344.815,4350.53,4356.105,4332.095,,52.382891976826315,52.895801797420134,46.16279838040446,59.998097350466594,32.32749941034233,52.015631288382714,52.47765409882509
2026-09-21T12:05:00-04:00,4350.55,4355.595,4349.095,4354.215,4356.105,4332.095,,56.67897704448755,52.96968035122626,46.28727103913989,60.374916724556904,32.19962535372287,55.95368799963812,52.55586677036098
2026-09-21T12:10:00-04:00,4354.25,4355.785,4349.89,4351.595,4356.105,4332.095,,56.87959106453475,53.201200643346226,46.17098837528768,60.03280241308442,32.30917433749094,56.19186368070468,52.783352683797986
2026-09-21T12:15:00-04:00,4351.58,4357.105,4351.58,4356.5,4356.105,4332.095,,57.66601328563648,54.312595030370694,46.29086768041366,60.431918066588565,32.14981729423876,56.98816614463389,53.826729071401594
2026-09-21T12:20:00-04:00,4356.49,4356.98,4350.15,4350.85,4356.105,4332.095,,56.3549186237659,54.51238274770385,46.591815251527294,60.75700400543338,32.42662649762121,55.84537928996934,54.039003118123254
2026-09-21T12:25:00-04:00,4350.88,4351.49,4349.02,4350.895,4356.105,4344.815,,52.020541250614116,54.755011520500894,46.866097130926015,61.06464880345078,32.66754545840125,51.89851327195927,54.29023669446608
2026-09-21T12:30:00-04:00,4350.875,4352.73,4349.445,4351.3,4356.105,4344.815,,52.33638912540572,55.05050915700503,47.19429627935226,61.39363016657071,32.99496239213381,52.18823310097605,54.590184670180875
2026-09-21T12:35:00-04:00,4351.31,4351.365,4348.92,4349.345,4356.105,4344.815,,51.076947302321514,54.381884470642376,47.29901705601351,61.50809384988115,33.08994026214587,51.04260044754987,54.01222788279956
2026-09-21T12:40:00-04:00,4349.36,4350.035,4343.58,4343.91,4357.105,4344.815,,45.808642424154854,51.9446992654814,47.42381259978884,61.461674506519216,33.38595069305846,46.19804137687737,51.8028570636778
2026-09-21T12:45:00-04:00,4343.89,4346.275,4343.255,4346.12,4357.105,4344.815,,43.88425332030363,50.66893082943348,47.71829623341138,61.372025191198986,34.06456727562377,44.39766398494433,50.64245654115374
2026-09-21T12:50:00-04:00,4346.205,4346.91,4343.325,4344.055,4357.105,4344.815,,44.33161562745183,48.13487136314292,48.28330720574329,60.24705081344186,36.319563598044724,44.7817524425745,48.31531029166084
2026-09-21T12:55:00-04:00,4344.105,4345.195,4343.005,4343.395,4357.105,4344.815,,42.54933646014723,46.724478782685296,48.4647909789141,60.05139748876971,36.878184469058496,43.12957020873756,47.00936823223038
2026-09-21T13:00:00-04:00,4343.43,4344.685,4341.9,4344.05,4357.105,4344.815,,42.72930562926544,45.480232614186164,48.583936825381535,59.97469197361617,37.1931816771469,43.28120688035063,45.85322275120124
2026-09-21T13:05:00-04:00,4344,4345.77,4343.79,4345.595,4357.105,4344.815,,44.79122200285772,44.56871674767158,48.83884379515804,59.823567115977994,37.85412047433809,45.14316460353707,44.99649151867639
2026-09-21T13:10:00-04:00,4345.695,4346.935,4344.93,4346.18,4357.105,4344.815,,46.79485970145497,44.256779013938576,49.1293371953289,59.64875069925236,38.60992369140544,46.95328855083281,44.68484792356778
2026-09-21T13:15:00-04:00,4346.175,4346.525,4341.88,4342.105,4357.105,4344.815,,44.16644048383989,44.09951619329588,49.09810559018051,59.67644381574955,38.51976736461147,44.53837210864728,44.52230029918207
2026-09-21T13:20:00-04:00,4342.15,4343.795,4341.47,4342.875,4357.105,4344.815,,41.77503562729618,43.65414538736502,49.234370171754435,59.50738664303926,38.96135370046961,42.33547601504241,44.09565136073866
2026-09-21T13:25:00-04:00,4342.8,4346.52,4342.32,4345.895,4357.105,4344.815,,45.49808755786808,44.43279388770053,49.56463075665564,59.2674620175278,39.86179949578348,45.70682900676998,44.78660788895222
2026-09-21T13:30:00-04:00,4345.9,4346.655,4338.05,4338.885,4357.105,4344.815,,43.48273627679805,43.92083104926526,49.66464682888241,59.01601018988715,40.313283467877675,43.78913630631703,44.28409881718994
2026-09-21T13:35:00-04:00,4338.89,4340.465,4337.55,4338.645,4346.935,4344.815,,38.3893848781913,43.19281653025077,49.59573636565391,59.142234590240214,40.04923814106761,39.07608799141809,43.585145349257196
2026-09-21T13:40:00-04:00,4338.655,4342.59,4338.45,4340.775,4346.935,4344.815,,40.32701695345904,42.64534389229421,49.472544478881616,59.18759702146473,39.7574919362985,40.83677852421022,43.05370279452512
2026-09-21T13:45:00-04:00,4340.78,4343.275,4339.48,4343.155,4346.935,4344.815,,44.58302691373662,42.56086430518839,49.55835255658575,59.175324455402986,39.94138065776852,44.72487433480278,42.94845557324862
2026-09-21T13:50:00-04:00,4343.145,4345.18,4342.65,4344.035,4346.935,4344.815,,47.53773543337028,43.60857102073147,49.459588585739496,59.063395951125116,39.855781220353876,47.43437548781004,43.881132331428766
2026-09-21T13:55:00-04:00,4344.03,4346.235,4343.515,4344.66,4346.935,4344.815,,48.88958772850385,44.593593476962006,49.30083941277472,58.78356428864716,39.81811453690228,48.675898404768404,44.76000482745605
2026-09-21T14:00:00-04:00,4344.715,4346.42,4344.095,4345.805,4346.935,4337.55,,50.52110712464801,45.04371946838288,49.228736081399084,58.64062649797176,39.81684566482641,50.17274466335112,45.157108233309096
2026-09-21T14:05:00-04:00,4345.865,4350.82,4345.47,4350.63,4346.935,4337.55,,55.47571728343052,48.020159478857,49.37251502690502,59.08472440703306,39.66030564677698,54.76448561649681,47.89581891607885
2026-09-21T14:10:00-04:00,4350.635,4351,4348.37,4350.075,4346.935,4337.55,,58.786145514882406,50.87136536458034,49.43965470965941,59.28951834526143,39.58979107405739,57.85692753018294,50.523062387241914
2026-09-21T14:15:00-04:00,4350.17,4352.535,4349.795,4350.705,4346.935,4337.55,,58.695932029367725,53.26842092911663,49.55264062332152,59.63333650603712,39.47194474060593,57.790741123032106,52.73980823002796
2026-09-21T14:20:00-04:00,4350.7,4351.49,4350.2,4350.315,4346.935,4337.55,,58.728030812792625,54.91279505002491,49.54199513881742,59.5980386829872,39.48595159464764,57.838000738654294,54.26966993119949
2026-09-21T14:25:00-04:00,4350.31,4351.14,4348.65,4350.185,4346.935,4337.55,,58.1041498150044,56.28739646672638,49.687549723981,59.963083467108035,39.412015980853965,57.28017670340279,55.55289429162589
2026-09-21T14:30:00-04:00,4350.21,4351.535,4349.29,4349.295,4346.935,4337.55,,56.78734790391967,57.16929795728658,49.766791373834415,60.13401694901114,39.39956579865769,56.1076604088323,56.39303050378918
2026-09-21T14:35:00-04:00,4349.275,4349.62,4346.9,4347.27,4346.935,4337.55,,53.14675923465992,57.037582783872644,49.7687837225778,60.1364414089258,39.401126036229805,52.85032814150892,56.31791814252812
2026-09-21T14:40:00-04:00,4347.46,4347.76,4346.15,4347.085,4352.535,4337.55,,50.43788390630399,55.72991699239329,49.764779630960625,60.13191423385122,39.39764502807003,50.42020245572482,55.151806743568606
2026-09-21T14:45:00-04:00,4347.09,4348.17,4346.605,4347.64,4352.535,4337.55,,50.90557169843732,54.785990264888326,49.79540872290638,60.17255790432826,39.4182595414845,50.839905859667965,54.313054808095266
2026-09-21T14:50:00-04:00,4347.715,4348.855,4347.08,4347.22,4352.535,4337.55,,51.022312504671035,53.537454271051374,49.68474554436325,59.989277089095395,39.38021399963111,50.94791969210979,53.196714906162235
2026-09-21T14:55:00-04:00,4347.215,4348.33,4345.93,4346.12,4352.535,4337.55,,48.95357127887681,51.993287540912384,49.340973089635156,59.30886287319641,39.3730833060739,49.09667185869323,51.815532270963544
2026-09-21T15:00:00-04:00,4346.115,4346.12,4342.26,4343.345,4352.535,4337.55,,44.14895519744906,49.55025580889271,48.93588461100528,59.05296786431402,38.818801357696536,44.74585529141644,49.615480217023276
2026-09-21T15:05:00-04:00,4343.34,4345.82,4342.365,4345.65,4352.535,4337.55,,44.13793140204822,48.379168540377684,48.54520356707115,58.107197448759834,38.98320968538246,44.68779772149861,48.55271436029676
2026-09-21T15:10:00-04:00,4345.675,4346.755,4344.57,4345.685,4352.535,4337.55,,47.48399018596514,47.93232179497992,48.41406529113464,57.92989733854262,38.898233243726665,47.68437100939027,48.13949246498937
2026-09-21T15:15:00-04:00,4345.68,4346.63,4344.925,4345.185,4352.535,4337.55,,46.877322175396976,47.36186518868997,48.242661268528956,57.72028937021321,38.7650331668447,47.13519490906829,47.614140775537756
2026-09-21T15:20:00-04:00,4345.165,4346.805,4344.91,4346.135,4352.535,4337.55,,47.66555227951835,47.00660196100307,48.139310182553025,57.54022826449899,38.73839210060706,47.83493324081489,47.28092885960278
2026-09-21T15:25:00-04:00,4346.195,4350.555,4345.305,4348.995,4352.535,4342.26,,52.89884244909332,47.89801660138205,48.34983157128024,58.03197068156352,38.66769246099696,52.57393638239374,48.07871697276175
2026-09-21T15:30:00-04:00,4348.94,4353.145,4348.865,4352.34,4352.535,4342.26,4348.212435,60.12732110635628,50.19910191171149,48.98158539915312,59.35041498542644,38.6127558128798,59.22661670710194,50.175198816290994
2026-09-21T15:35:00-04:00,4352.355,4353.795,4351.26,4352.97,4352.535,4342.26,4348.212435,64.13714156448782,53.60892699196455,49.5411779385852,60.71751664358236,38.36483923358804,62.972030343155964,53.286195558973034
2026-09-21T15:40:00-04:00,4352.99,4353.53,4347.45,4347.915,4352.535,4342.26,,57.77518875422527,54.09546115519065,49.77238381837509,60.79892920094789,38.74583843580229,57.19735491314299,53.74935801390366
2026-09-21T15:45:00-04:00,4347.93,4348.13,4345.81,4345.845,4352.535,4342.26,,48.63471155729669,53.937704526630704,49.89914117959398,60.756878931543994,39.04140342764397,48.832168646123634,53.61413774089685
2026-09-21T15:50:00-04:00,4345.84,4346.4,4344.545,4346.235,4352.535,4342.26,,46.89417872949676,54.10027731350487,50.017376353682806,60.74287179793003,39.291880909435584,47.20939967091496,53.770559374431286
2026-09-21T15:55:00-04:00,4346.24,4346.46,4344.73,4345.085,4352.535,4342.26,,46.11288623310969,53.49408565622823,49.9768861343147,60.746235027311506,39.20753724131789,46.47953812033498,53.2268819921883
2026-09-21T16:00:00-04:00,4345.05,4345.305,4341.7,4342.875,4353.795,4342.26,,42.647814964707855,51.17141231796616,49.77343254563886,60.83505356588941,38.71181152538831,43.24966139227547,51.10648080582606
2026-09-21T16:05:00-04:00,4342.89,4343.95,4342.88,4343.525,4353.795,4342.26,,41.33985190293065,48.12623731239233,49.810616217790624,60.80001702231387,38.82121541326738,42.00561719658934,48.306596417756126
2026-09-21T16:10:00-04:00,4343.52,4343.825,4341.465,4341.54,4353.795,4342.26,,40.31114991920852,44.36398613360064,49.68732162163371,60.946154861114074,38.42848838215334,41.01901529225346,44.83419079128249
2026-09-21T16:15:00-04:00,4341.55,4341.69,4340.155,4340.71,4353.795,4342.26,,37.60742768713332,42.36401986465177,49.346459754806226,61.138336179428464,37.55458333018399,38.48438505360278,42.96003360074464
2026-09-21T16:20:00-04:00,4340.68,4341.76,4340.445,4340.71,4353.795,4342.26,,36.841851825736164,40.994597638869074,49.29668135980654,61.21650870187118,37.376854017741906,37.764082494324356,41.67188046219699
2026-09-21T16:25:00-04:00,4340.665,4341.57,4340.08,4340.79,4353.795,4342.26,,36.983748457699676,39.53246835842405,49.2637752594832,61.26716093891501,37.26038958005138,37.891379756564106,40.29774219664439
2026-09-21T16:30:00-04:00,4340.775,4340.975,4339.305,4340.545,4353.795,4342.26,,36.852980738750134,38.348910354766346,49.09232628835308,61.45270553214465,36.73194704456151,37.765621668498696,39.18219004738661
2026-09-21T16:35:00-04:00,4340.555,4342.35,4340.38,4341.91,4353.795,4342.26,,39.16267187877129,38.5367131910136,48.94493084566171,61.45336051803645,36.43650117328697,39.82351231681626,39.31884246079891
2026-09-21T16:40:00-04:00,4341.86,4342.93,4341.515,4342.085,4353.795,4342.26,,42.070794949043815,38.5577512250844,48.77074155398094,61.40620502689203,36.13527808106985,42.426937271814516,39.30256721173667
2026-09-21T16:45:00-04:00,4342.185,4342.415,4340.715,4341.625,4353.795,4342.26,,41.74227065636328,38.94560483020068,48.524500429653436,61.331024981518176,35.717975877788696,42.12519098383268,39.63489265839297
2026-09-21T16:50:00-04:00,4341.675,4344.31,4341.515,4343.63,4353.795,4342.26,,44.83491249583325,40.62274688471295,48.43625951699183,61.213844051710296,35.65867498227337,44.907640946422724,41.1377831811138
2026-09-21T16:55:00-04:00,4343.68,4344.11,4343.23,4343.545,4353.795,4339.305,,48.44076052310138,42.25957874373359,48.11067944375172,60.51152313953397,35.70983574796947,48.15767509335799,42.604490543831155
2026-09-21T18:00:00-04:00,4348.155,4348.325,4348.055,4348.31,4353.795,4339.305,,55.04024277154211,45.7817452600965,48.215912296795345,60.876966324895335,35.554858268695355,54.2807372536917,45.82045675172167
2026-09-21T18:05:00-04:00,4348.255,4350.16,4346.695,4349.47,4353.795,4339.305,,63.01039462852258,49.73312556938286,48.364471361349025,61.43162825934606,35.29731446335199,61.70102102035475,49.443176072932886
2026-09-21T18:10:00-04:00,4349.475,4350.755,4349.02,4349.63,4353.795,4339.305,,64.41025044334566,52.995339135689164,48.550160510357244,62.091391074179406,35.00892994653508,63.033738587659045,52.45194997196246
2026-09-21T18:15:00-04:00,4349.64,4352.67,4349.235,4352.465,4353.795,4339.305,,67.3175053997675,56.94647141244677,48.90643345457039,63.462058336484404,34.350808572656376,65.82461184155684,56.12822595000212
2026-09-21T18:20:00-04:00,4352.395,4352.88,4351.2,4352.095,4353.795,4339.305,,69.30547585478479,60.87054062095245,49.286520978055194,64.70567346767224,33.867368488438146,67.77968102050224,59.78180426815378
2026-09-21T18:25:00-04:00,4352.655,4353.065,4350.35,4352.74,4353.795,4339.305,,69.16671806785429,63.89841586159563,49.84878397417006,66.25381163364408,33.443756314696046,67.69208689432003,62.63806764940135
2026-09-21T18:30:00-04:00,4352.76,4353.175,4351.53,4351.66,4353.795,4339.305,,67.48205137102075,66.3109094346437,50.289119064215,67.22230267949674,33.355935448933266,66.21696249659067,64.9416006690774
2026-09-21T18:35:00-04:00,4351.7,4352.57,4351.585,4352.23,4353.795,4339.305,,65.8180505292456,66.97778950665376,50.72598861127643,68.2251592791413,33.22681794341156,64.75038500135852,65.62939557730616
2026-09-21T18:40:00-04:00,4352.22,4353.145,4351.78,4352.96,4353.795,4339.305,,67.25220499789249,67.52285525446366,51.2438186226398,69.3725286576007,33.115108587678904,66.10320996691328,66.1993689395227
2026-09-21T18:45:00-04:00,4352.87,4359.695,4352.74,4359.665,4353.795,4339.305,,73.20958331111511,69.49188461173075,52.15281284846691,71.69884666034302,32.606779036590794,71.86662796451105,68.15307825640673
2026-09-21T18:50:00-04:00,4359.655,4362.72,4359.535,4362.52,4353.795,4339.305,,79.7654013901288,71.07939696599547,53.33890369279742,74.15622490892389,32.521582476670964,78.27879916938255,69.75770817604433
2026-09-21T18:55:00-04:00,4362.67,4365.215,4360.98,4361.095,4353.795,4339.305,,78.50997809882864,72.12174239574328,54.174697948277526,75.80567027384076,32.54372562271429,77.24006142933544,70.85604408750193
2026-09-21T19:00:00-04:00,4361.195,4366.175,4360.21,4365.405,4353.795,4339.305,,77.98548485229665,73.59904461869328,55.13310926140516,77.80355998438449,32.46265853842583,76.89430645121932,72.38691376372984
2026-09-21T19:05:00-04:00,4365.39,4365.395,4363.325,4364.41,4353.795,4339.305,,78.42332237052273,75.24781982417242,56.030345018579034,79.30381459211183,32.756875445046234,77.42313556608823,74.05780782164409
2026-09-21T19:10:00-04:00,4364.42,4365.885,4359.73,4359.86,4353.795,4339.305,,70.08117876766201,74.81708125824083,56.4516755254136,79.72657591265272,33.17677513817447,69.63961202490941,73.78383577045865
2026-09-21T19:15:00-04:00,4359.91,4364.755,4359.72,4361.545,4353.795,4339.305,,64.62213153545005,74.49637026347459,56.719950258952956,80.13525027948205,33.30465023842387,64.54855075020916,73.61361947401431
2026-09-21T19:20:00-04:00,4361.53,4362.74,4358.95,4360.15,4353.795,4339.305,,63.997943649585835,72.18518421208962,56.6793592044271,80.06659772614155,33.29212068271265,63.967779156819766,71.52702182540402
2026-09-21T19:25:00-04:00,4360.155,4361.25,4358.315,4360.24,4366.175,4339.305,,62.257937207911866,69.49423763998405,56.60940882621319,79.94271811673465,33.27609953569173,62.33336726531807,69.05778178713877
2026-09-21T19:30:00-04:00,4360.19,4361.72,4358.255,4360.225,4366.175,4339.305,,62.30888343977529,67.55630002378867,56.94604712710651,80.27129522358214,33.620799030630884,62.3809927104171,67.28157361999878
2026-09-21T19:35:00-04:00,4360.24,4365.71,4358.92,4365.305,4366.175,4339.305,,66.10523280808785,66.09987991306724,57.63708654684796,81.03083189417687,34.24334119951905,65.93921164241658,65.92775469890941
2026-09-21T19:40:00-04:00,4365.36,4370.77,4365.085,4368.535,4366.175,4339.305,,71.76379498352391,65.65357791321756,58.40896573028458,82.01433103720602,34.803600423363136,71.273249566434,65.52446333438328
2026-09-21T19:45:00-04:00,4368.53,4370.57,4366.59,4367.72,4366.175,4339.305,,72.41301633690478,66.76611921856518,59.18415302354179,82.7246396874333,35.64366635965028,71.9206837327764,66.5794894725857
2026-09-21T19:50:00-04:00,4367.635,4367.665,4363.905,4365.825,4366.175,4339.305,,68.53659770336384,66.7719968183358,59.93183530314669,82.93222825161726,36.93144235467612,68.31149472078114,66.59959018311815
2026-09-21T19:55:00-04:00,4365.835,4370.645,4365.715,4368.54,4366.175,4358.255,,67.64040174462461,67.80682153143339,60.73124419070026,83.31893084640458,38.143557534995935,67.49055774140984,67.58599763961145
2026-09-21T20:00:00-04:00,4368.6,4376.005,4366.98,4372.565,4366.175,4358.255,,71.630687180182,69.44992538184154,61.77416102438043,83.7301109047516,39.81821114400927,71.26104517767766,69.15035530093517
2026-09-21T20:05:00-04:00,4372.575,4374.215,4369.655,4374.16,4366.175,4358.255,,74.5940431777962,71.31686717086794,62.9069274548569,84.00246235642392,41.81139255328988,74.08054690345432,70.92872740905065
2026-09-21T20:10:00-04:00,4374.245,4374.805,4369.99,4370.15,4366.175,4358.255,,70.19836044594251,70.61939042122859,63.73630859027491,83.51576249506027,43.956854685489546,69.98369304645018,70.30592141637335
2026-09-21T20:15:00-04:00,4370.18,4370.18,4358.845,4360.945,4366.175,4358.255,,56.78200714542044,67.03635635998123,64.07153090707575,82.89188594182603,45.251175872325476,57.279793045311315,66.93059697444417
2026-09-21T20:20:00-04:00,4360.905,4362.73,4358.735,4361.265,4366.175,4358.255,,48.76703941383026,63.86339701463586,64.43713557116199,82.13185156017752,46.74241958214645,49.62869219461166,63.93678097689771
2026-09-21T20:25:00-04:00,4361.285,4361.285,4358.025,4358.46,4376.005,4358.255,,46.98826801260049,60.87969073404884,64.53186009141866,81.92775655621074,47.13596362662659,47.909300401450764,61.101398597492626
2026-09-21T20:30:00-04:00,4358.43,4359.4,4356.805,4357.49,4376.005,4358.255,,44.29132603431721,57.1922325259766,64.56775504676631,81.84681469835877,47.288695395173846,45.31355664951208,57.60049495064121
2026-09-21T20:35:00-04:00,4357.505,4357.555,4349.39,4349.455,4376.005,4358.255,,38.991984635096706,51.55434714973876,64.37007856075591,82.43276129543435,46.307395826077475,40.16827862023726,52.217751009652524
2026-09-21T20:40:00-04:00,4349.465,4355.895,4348.555,4355.58,4376.005,4358.255,,39.257713876042885,47.096138439761376,64.23968453971982,82.63848755067136,45.84088152876828,40.234147743791326,47.93009519073748
2026-09-21T20:45:00-04:00,4355.575,4357.375,4353.42,4356.28,4376.005,4358.255,,44.65439139124395,44.256070276967755,64.14735096476431,82.77431560603291,45.520386323495714,45.26947506126635,45.15654587102855
2026-09-21T20:50:00-04:00,4356.21,4359.84,4355.26,4358.53,4376.005,4358.255,,46.78752180624632,44.24057119999735,63.75423036529065,82.86437013902992,44.64409059155139,47.26381038436691,45.06838585903908
2026-09-21T20:55:00-04:00,4358.56,4360.435,4357.34,4360.42,4376.005,4358.255,,49.73621485995658,44.53297754728955,63.36651686073101,82.78829093631899,43.944742785143035,50.020519510754696,45.26849653278371
2026-09-21T21:00:00-04:00,4360.49,4363.38,4355.675,4361.355,4376.005,4358.255,,51.71171435659821,45.590127298282404,63.007257654305505,82.6561130556961,43.358402252914914,51.867413234851114,46.19927524001061
2026-09-21T21:05:00-04:00,4361.37,4365.195,4358.435,4359.995,4376.005,4348.555,,51.30764505530118,46.53764012471355,62.42476036988006,82.27172824406166,42.57779249569846,51.48694286475407,47.03232116570997
2026-09-21T21:10:00-04:00,4359.9,4361.64,4353.33,4353.835,4376.005,4348.555,,46.09200879683625,47.61870563020799,61.64175959207324,82.17824266365722,41.10527652048927,46.56634398110305,48.027293914543684
2026-09-21T21:15:00-04:00,4353.83,4356.005,4350.45,4354.05,4376.005,4348.555,,42.114961640559955,47.35399662886129,60.8334805800392,81.89940480418757,39.76755635589083,42.803979072040946,47.76655868806701
2026-09-21T21:20:00-04:00,4354.115,4357.09,4349.825,4355.11,4376.005,4348.555,,43.2228899978618,47.209705232098806,60.21475009953447,81.72646621528483,38.70303398378411,43.82485683109667,47.614545848780914
2026-09-21T21:25:00-04:00,4355.095,4358.9,4354.215,4355.935,4376.005,4348.555,,44.887139158830365,46.811030158171015,59.602250499426546,81.40085152035674,37.803649478496354,45.35635572185403,47.22157164163475
2026-09-21T21:30:00-04:00,4355.77,4356.415,4351.965,4355.58,4365.195,4348.555,,45.34679585836527,45.95558551735842,58.92619662073875,80.94319390449786,36.90919933697964,45.7754875213551,46.40167956609532
2026-09-21T21:35:00-04:00,4355.68,4356.545,4353.115,4355.11,4365.195,4348.555,,44.683600565582616,44.802997646452276,57.92425151439522,79.59212477358265,36.25637825520779,45.15880799932074,45.304827288626086
2026-09-21T21:40:00-04:00,4355.1,4357.185,4349.28,4349.295,4365.195,4348.555,,40.16194068351098,42.7710985539898,56.59658128505536,78.04889988515842,35.144262684952295,40.915496868386725,43.381266424276085
2026-09-21T21:45:00-04:00,4349.16,4351.375,4343.875,4346.075,4365.195,4348.555,,34.21184748887512,41.40866584417766,55.318479125574434,77.05489520257112,33.58206304857775,35.2951427775355,42.08448408760678
2026-09-21T21:50:00-04:00,4346.13,4348.37,4343.61,4348.265,4365.195,4348.555,,34.73271871070847,40.661886288317945,54.05230092378547,75.18402621524211,32.92057563232882,35.69381491403272,41.34979095055945
2026-09-21T21:55:00-04:00,4348.37,4349.725,4346.635,4348.6,4365.195,4348.555,,37.424211140532506,39.7519004563693,52.90676670028089,73.49546059594276,32.31807280461902,38.15345577732715,40.46408378652978
2026-09-21T22:00:00-04:00,4348.555,4353.15,4347.705,4353.08,4365.195,4348.555,,42.1634009243389,39.883675364177535,52.41007869770763,72.85089165769186,31.969265737723404,42.510185481307076,40.536599453260315
2026-09-21T22:05:00-04:00,4353.12,4353.16,4342.78,4343.265,4365.195,4348.555,,40.71432489003541,38.428337322560765,51.50042513290356,72.12794209412588,30.872908171681228,41.045451395365035,39.112644893389756
2026-09-21T22:10:00-04:00,4343.32,4344.775,4341.75,4342.615,4365.195,4348.555,,34.5742137904851,36.995279142721095,50.679271058937,71.60332032991114,29.755221787962856,35.255084835169306,37.70696426350276
2026-09-21T22:15:00-04:00,4342.67,4344.165,4339.8,4343.255,4365.195,4348.555,,34.87389703702448,36.91746770927891,49.889599240498406,70.94947875341916,28.829719727577654,35.52198357647711,37.571641095701295
2026-09-21T22:20:00-04:00,4343.38,4348.385,4343.255,4347.485,4365.195,4348.555,,39.25313264164433,38.435646329226586,49.32305042375282,70.16691099451188,28.47918985299376,39.58017146731433,38.93125817486815
2026-09-21T22:25:00-04:00,4347.53,4352.465,4347.47,4351.52,4365.195,4348.555,,46.09545397871623,40.163963500138266,48.71255342700596,68.73246399920298,28.69264285480894,45.952942169113655,40.502820311438704
2026-09-21T22:30:00-04:00,4351.6,4356.03,4348.875,4355.13,4365.195,4348.555,,51.570531377733346,42.477452111283974,48.13521138811808,66.95858456746285,29.311838208773317,51.098797714147985,42.629927299674094
2026-09-21T22:35:00-04:00,4355.14,4355.75,4352.995,4353.01,4365.195,4348.555,,52.44289544117113,43.10096193351891,47.53784043313927,65.22723016118505,29.848450705093494,51.951048927898064,43.200209867607555
2026-09-21T22:40:00-04:00,4352.99,4354.185,4346.75,4347.05,4365.195,4339.8,,47.15887873544017,44.31875320997104,46.87769850765198,63.82606793511946,29.929329080184495,47.03236852135171,44.340475049956
2026-09-21T22:45:00-04:00,4347.045,4347.235,4342.63,4346.52,4365.195,4339.8,,43.102909015180636,45.53773199771763,46.09445850787787,61.83418354232781,30.35473347342793,43.246336743688815,45.48342469861313
2026-09-21T22:50:00-04:00,4346.42,4347.075,4341.535,4342.285,4365.195,4339.8,,40.48579248884999,45.92215191049262,45.0456458787501,58.84475110246452,31.24654065503568,40.785758885604466,45.84441085256382
2026-09-21T22:55:00-04:00,4342.295,4345.16,4340.52,4344.85,4356.03,4339.8,,40.21995832699497,45.81396790781781,44.072453516654264,54.92356032058994,33.221346712718585,40.51227279371797,45.74973936329989
2026-09-21T23:00:00-04:00,4344.855,4346.005,4342.17,4342.475,4356.03,4339.8,,40.950832356497,44.45226001842998,43.32520304995919,52.48635502024696,34.164051079671424,41.18019408940098,44.48076854407448
2026-09-21T23:05:00-04:00,4342.445,4343.505,4339.755,4340.05,4356.03,4339.8,,38.35677008821047,42.03860753938271,42.988616042700734,52.18393674288354,33.79329534251793,38.74485533080374,42.22004153948724
2026-09-21T23:10:00-04:00,4340.065,4345.655,4339.65,4345.585,4356.03,4339.8,,41.404639302885386,41.29847255034834,42.89212069049184,51.964843817585844,33.81939756339784,41.565567674132396,41.513488185855714
2026-09-21T23:15:00-04:00,4345.6,4346.505,4343.775,4344.685,4356.03,4339.8,,45.18936883899997,41.47589042611408,42.88279844425364,51.95035299804702,33.81524389046025,45.0847673205494,41.66358405354373
2026-09-21T23:20:00-04:00,4344.705,4345.835,4341.52,4342.985,4356.03,4339.8,,43.61836125568936,41.445744619065124,42.85253452704314,51.91803566080023,33.78703339328605,43.62491496314688,41.621653391415165
2026-09-21T23:25:00-04:00,4343.125,4346.385,4342.94,4346.145,4356.03,4339.8,,45.029084083697086,42.77397373892753,43.23792194123013,52.06341977915101,34.41242410330924,44.93671830962747,42.849572460407444
2026-09-21T23:30:00-04:00,4346.11,4348.045,4344.81,4346.965,4356.03,4339.8,,48.08336457972035,43.69243211984381,43.37169045078888,52.32011926742252,34.423261634155246,47.776896685068834,43.697260217515414
2026-09-21T23:35:00-04:00,4347.015,4349.38,4345.435,4347.225,4356.03,4339.65,,48.900660950028296,45.045353337079334,43.487702503511564,52.56101249344902,34.41439251357411,48.53757720513924,44.951681922046944
2026-09-21T23:40:00-04:00,4347.175,4347.775,4341.265,4342.935,4356.03,4339.65,,46.047840320653464,45.88988075768465,43.32817977516577,52.29517474925242,34.361184801079126,45.91764163592682,45.74662773326487
2026-09-21T23:45:00-04:00,4342.985,4343.96,4341.245,4343.725,4356.03,4339.65,,43.681779476347245,45.69596481521129,43.13155924565219,51.83711141277563,34.426007078528755,43.74421961504222,45.574153905164046
2026-09-21T23:50:00-04:00,4343.715,4344.28,4340.635,4341.395,4356.03,4339.65,,42.778033722419934,45.20092786723321,42.80266914962587,51.12288927372828,34.48244902552346,42.908930321296396,45.124960019192585
2026-09-21T23:55:00-04:00,4341.44,4343.165,4341.16,4341.825,4356.03,4339.65,,41.60003850782448,45.11930117296418,42.560523566388866,50.61331220503634,34.507734927741396,41.81851422767054,45.058039409313665
2026-09-22T00:00:00-04:00,4341.775,4342.03,4335.075,4336.91,4349.38,4339.65,,38.881467776444204,43.44446606516097,42.3785196778381,50.643380400115745,34.11365895556045,39.287558571163096,43.51091437963134
2026-09-22T00:05:00-04:00,4336.94,4338.795,4335.97,4336.85,4349.38,4339.65,,35.711099645746636,41.58436833468597,42.18382580198808,50.64960236236658,33.71804924160958,36.342841077571336,41.791166378600096
2026-09-22T00:10:00-04:00,4336.94,4339.93,4335.925,4338.515,4349.38,4339.65,,37.47388539774666,40.17967305022336,42.04034293665486,50.523904199820024,33.556781673489695,37.94486592872781,40.484425443513786
2026-09-22T00:15:00-04:00,4338.465,4339.21,4335.91,4336.675,4349.38,4339.65,,38.040116884459884,39.29644735291638,41.78105978584864,50.320044843936834,33.242074727760446,38.44025838197422,39.65477116318506
2026-09-22T00:20:00-04:00,4336.575,4339.665,4336.44,4339.075,4349.38,4339.65,,39.38097419157806,38.950871540289306,41.68941225037326,50.178307742734745,33.20051675801177,39.64668794464437,39.3137021091144
2026-09-22T00:25:00-04:00,4339.06,4339.09,4336.385,4337.635,4349.38,4335.075,,40.89920241971383,38.75963840928606,41.55844813020929,50.02924842560925,33.08764783480934,41.024260496476245,39.11629407037931
2026-09-22T00:30:00-04:00,4337.64,4337.915,4336.39,4336.895,4349.38,4335.075,,39.30250279697394,38.294432765760575,41.63885708057696,50.00443214675135,33.273282014402575,39.55733227096468,38.66765012148416
2026-09-22T00:35:00-04:00,4336.875,4341.235,4336.625,4340.97,4349.38,4335.075,,43.03794791641906,39.94720416356459,42.07763050830012,50.16350859535441,33.99175242124583,42.97803776166194,40.17071669623613
2026-09-22T00:40:00-04:00,4340.885,4340.995,4338.58,4340.34,4349.38,4335.075,,46.774803322403784,41.45549095909119,42.34721499891198,50.38390812110703,34.31052187671693,46.40562386254538,41.54273091719103
2026-09-22T00:45:00-04:00,4340.245,4340.88,4338.945,4340.345,4349.38,4335.075,,46.23918583957261,42.451575718372005,42.59615843177306,50.59549957417956,34.59681728936656,45.91884825426987,42.44899736067671
2026-09-22T00:50:00-04:00,4340.38,4343.125,4339.625,4342.88,4349.38,4335.075,,48.86320798332635,44.54780270162446,42.74132129649948,51.036819743371055,34.4458228496279,48.33296873588678,44.369219589737476
2026-09-22T00:55:00-04:00,4342.97,4343.08,4340.59,4342.93,4349.38,4335.075,,51.532345720703745,45.92339615526506,43.232512598282966,51.56601471152748,34.89901048503845,50.78877158474562,45.632449829277064
2026-09-22T01:00:00-04:00,4342.88,4344.075,4340.69,4343.32,4349.38,4335.075,,52.00040096996263,47.71957371598126,43.76639113058639,52.07344839537686,35.45933386579593,51.21929797094241,47.28208743958495
2026-09-22T01:05:00-04:00,4343.325,4346.77,4341.195,4346.205,4349.38,4335.075,,55.307826695621756,50.49634584059301,44.434508460553396,53.29989718852574,35.56911973258105,54.28135863953345,49.83931450601101
2026-09-22T01:10:00-04:00,4346.16,4347.485,4345.275,4346.33,4349.38,4335.075,,58.31608575372792,52.084755955212366,44.887741313650125,54.53164633504927,35.24383629225098,57.069979603521446,51.308356537259094
2026-09-22T01:15:00-04:00,4346.215,4346.755,4338.91,4338.925,4349.38,4335.075,,50.64042791725748,51.60081001055121,44.701859868702876,54.28440237728449,35.11931736012126,50.12309377168787,50.901448765766006
2026-09-22T01:20:00-04:00,4338.79,4339.37,4329.525,4330.095,4349.38,4335.075,,37.355758894978734,49.54663397104269,44.05157822642927,53.88966255560019,34.21349389725835,37.88281670821998,49.01234752410198
2026-09-22T01:25:00-04:00,4330.155,4333.78,4322.97,4332.075,4349.38,4335.075,,33.86190444341345,47.314723284861806,43.60886039824654,53.49931454719398,33.7184062492991,34.54841855137256,46.963005855904804
2026-09-22T01:30:00-04:00,4331.96,4333.315,4323.215,4325.715,4349.38,4335.075,,32.8213535889883,44.20063621912398,43.20819439428504,53.79698825212568,32.619400536444395,33.49098656206358,44.07012323190712
2026-09-22T01:35:00-04:00,4325.675,4325.995,4316.24,4322.78,4347.485,4335.075,,28.621413312139644,40.63501252548381,42.757007709832365,54.18886047263979,31.32515494702494,29.460792582147334,40.74629003053478
2026-09-22T01:40:00-04:00,4322.775,4326.85,4320.365,4320.835,4347.485,4335.075,,26.729974226349626,36.03553551361766,42.399028614137954,54.661294514814074,30.136762713461835,27.630122364275664,36.455484296119174
2026-09-22T01:45:00-04:00,4320.785,4331.745,4319.89,4330.09,4347.485,4335.075,,33.94978539296239,33.67321242240794,42.38817400783044,54.651160485452046,30.12518753020884,34.35877144425042,34.2573734136002
2026-09-22T01:50:00-04:00,4330.115,4333.295,4327.85,4328.2,4347.485,4335.075,,40.94783742968195,33.266223945738936,42.39885244197236,54.655957654184135,30.141747229760583,40.89865954385322,33.819931659595
2026-09-22T01:55:00-04:00,4328.015,4329.115,4323.06,4323.75,4347.485,4335.075,,37.92302895387928,33.835289582093814,42.362659823458024,54.66544594687804,30.05987370003801,38.04397272310271,34.30341798928099
2026-09-22T02:00:00-04:00,4323.775,4324.45,4318.255,4319.045,4347.485,4316.24,,33.94530882400491,33.29005376876507,41.96006829615586,54.54049073963205,29.379645852679673,34.273720767708326,33.74144657854807
2026-09-22T02:05:00-04:00,4319.025,4320.155,4315.36,4319.025,4347.485,4316.24,,32.03409050736946,33.610357273059854,41.588819921597405,54.432181049182915,28.745458794011896,32.4555989787954,34.00759296549007
2026-09-22T02:10:00-04:00,4319.02,4320.73,4315.28,4319.81,4347.485,4316.24,,32.7182241242487,34.46057114365337,41.318883759012294,54.35106294075064,28.28670457727395,33.091259098840546,34.778722726174706
2026-09-22T02:15:00-04:00,4319.805,4321.045,4317.495,4317.495,4347.485,4316.24,,32.38996148466133,35.227496489720345,40.84534212165413,54.034785393787104,27.65589884952115,32.77256036917944,35.47686096689115
2026-09-22T02:20:00-04:00,4317.505,4319.995,4315.905,4317.825,4347.485,4316.24,,31.690348138293828,33.815017642319496,40.3545886742225,53.56800632349737,27.141171024947624,32.10661467186069,34.13524936263478
2026-09-22T02:25:00-04:00,4317.905,4320.85,4317.24,4318.285,4347.485,4316.24,,32.4839236164351,32.80923540022125,39.87965169026629,53.00675800356198,26.75254537697061,32.83711027344156,33.173561175344965
2026-09-22T02:30:00-04:00,4318.28,4320.745,4317.51,4318.535,4347.485,4316.24,,33.22924530382158,32.47393659944587,39.60055367323239,52.81059634854372,26.390510997921062,33.52097360247561,32.842963899598466
2026-09-22T02:35:00-04:00,4318.485,4319.775,4315.58,4316.955,4347.485,4315.28,,32.61888634540476,32.43025754919263,39.22889327079909,52.53881460364598,25.9189719379522,32.953257095786206,32.79628584051007
2026-09-22T02:40:00-04:00,4316.975,4320.94,4316.955,4320.33,4347.485,4315.28,,35.44600118314722,33.44876822109665,39.16925764151046,52.467782611390234,25.870732671630687,35.53467064391272,33.72269866106056
2026-09-22T02:45:00-04:00,4320.3,4321.84,4317.665,4320.955,4347.485,4315.28,,39.80504118899901,34.45506242483558,39.123305193221114,52.402906248790316,25.843704137651912,39.53095207991353,34.636198120816644
2026-09-22T02:50:00-04:00,4320.96,4321.665,4317.13,4317.305,4347.485,4315.28,,38.048206921301656,35.06540977442246,39.120242297090314,52.40191407141699,25.83857052276364,37.92873986176326,35.19589280179879
2026-09-22T02:55:00-04:00,4317.34,4319.535,4315.375,4318.53,4347.485,4315.28,,36.97617189025438,35.96529778253859,39.19772120760392,52.44625348918284,25.949188926025002,36.953669955376014,36.02107105896388
2026-09-22T03:00:00-04:00,4318.55,4321.52,4317.755,4318.57,4347.485,4315.28,,38.35534446994337,36.74295858971054,39.17209283074894,52.42239203822203,25.92179362327585,38.22011049552873,36.733892865252265
2026-09-22T03:05:00-04:00,4318.58,4320.795,4315.185,4320.34,4347.485,4315.28,,40.42071480320335,38.02000335379052,39.33775637929472,52.600158601736354,26.07535415685308,40.11272822073421,37.90442952132348
2026-09-22T03:10:00-04:00,4320.35,4323.16,4318.065,4320.42,4347.485,4315.28,,42.53305194827481,39.57557733338769,39.35750916937816,52.631383689771965,26.083634648984358,42.04842230372064,39.332511496090675
2026-09-22T03:15:00-04:00,4320.39,4324.415,4320.16,4322.695,4347.485,4315.28,,45.200495768703036,40.80700180680647,39.59077363511761,53.06277953141633,26.11876773881888,44.50080317778406,40.466181673858145
2026-09-22T03:20:00-04:00,4322.825,4324.1,4321.36,4321.805,4347.485,4315.28,,46.900277261441346,41.602787639799786,39.80443707905271,53.387940920696785,26.220933237408637,46.08765566414991,41.20585537730108
2026-09-22T03:25:00-04:00,4321.815,4322.835,4315.23,4315.495,4347.485,4315.28,4319.56525,40.96960779404667,41.6416877704479,39.46910656909569,52.92406942963952,26.014143708551863,40.71114287935927,41.26115396459987
2026-09-22T03:30:00-04:00,4315.49,4315.76,4309.08,4311.61,4347.485,4315.28,4319.56525,33.61962097553912,40.643773092738286,39.03060282335479,52.525674871763336,25.535530774946245,33.97477566402988,40.35474272263075
2026-09-22T03:35:00-04:00,4311.66,4314.415,4310.48,4313.11,4347.485,4315.28,4319.56525,33.06710798311187,40.13076305992461,38.694278459892125,52.08024282659153,25.30831409319272,33.435106232096835,39.89400988933362
2026-09-22T03:40:00-04:00,4313.115,4313.475,4308.895,4310.96,4324.415,4315.28,4319.56525,33.538279979091286,38.67736314299198,38.12913647016449,51.12649069028673,25.13178225004225,33.85185479582211,38.56592174408444
2026-09-22T03:45:00-04:00,4311.005,4316.04,4309.23,4309.255,4324.415,4315.28,4318.936194749102,31.314580406967735,36.92548547669402,37.50499814731941,50.09918623697125,24.910810057667575,31.775641155591266,36.95892956129665
2026-09-22T03:50:00-04:00,4309.26,4309.615,4301.345,4302.17,4324.415,4315.28,4312.282037981308,27.174388663214295,33.52704682713806,36.668782805061646,49.06743352680291,24.270132083320384,27.852048924681746,33.80913481462664
2026-09-22T03:55:00-04:00,4302.15,4304.015,4299.595,4301.12,4324.415,4315.28,4311.109606696929,23.595603440264746,30.267007242072136,35.63957324994548,47.00660303908388,24.27254346080708,24.443095959158036,30.774769645584684
2026-09-22T04:00:00-04:00,4301.095,4305.52,4299.18,4305.32,4324.415,4315.28,4311.109606696929,27.958947975736834,29.809715450478105,34.88306881812099,44.28180232689151,25.48433530935047,28.46019620317638,30.308864335717235
2026-09-22T04:05:00-04:00,4305.295,4312.08,4304.435,4311.16,4324.415,4315.28,,38.002092025324416,31.519141827725075,34.89614172689058,44.32462867066124,25.46765478311993,37.81336784135068,31.871510267676342
2026-09-22T04:10:00-04:00,4311.21,4311.345,4303.715,4303.815,4324.415,4315.28,,39.47246639347159,31.63981785343803,35.007581023914696,44.39908450856253,25.61607753926686,39.20704790549548,31.95799052811685
2026-09-22T04:15:00-04:00,4303.965,4304.455,4300.855,4304.115,4324.415,4315.28,,35.9033510167968,32.19487640992666,35.01622681944255,44.41012622068325,25.62232741820185,35.87597463445351,32.44983022157103
2026-09-22T04:20:00-04:00,4304.095,4305.635,4300.93,4303.38,4324.415,4315.28,,35.78843037986804,32.91806070283812,35.182114952789966,44.45988360594092,25.904346299639016,35.769977641999034,33.09922952423335
2026-09-22T04:25:00-04:00,4303.375,4307.04,4297.85,4301.265,4324.415,4315.28,,34.3778802601553,34.253016866195516,35.354842522267,44.391814755645754,26.317870288888244,34.452286770156974,34.33561246313538
2026-09-22T04:30:00-04:00,4301.28,4301.36,4291.495,4297.45,4324.415,4315.28,,31.60651384339642,35.20689224659002,35.46897022438096,44.2553280536043,26.68261239515762,31.85455672911575,35.21678974422127
2026-09-22T04:35:00-04:00,4297.455,4311.69,4297.19,4310.72,4324.415,4315.28,,39.71863961430749,37.61292876292998,35.69418688822847,45.137224454493435,26.25114932196351,39.51748586286172,37.49483808018833
2026-09-22T04:40:00-04:00,4310.695,4321.93,4308.82,4320.365,4324.415,4315.28,,54.11969617727364,39.811922004289805,36.24378544482753,47.5430292894752,24.944541600179857,53.21395977072886,39.61695886690075
2026-09-22T04:45:00-04:00,4320.62,4325.46,4315.86,4325.35,4324.415,4315.28,,60.58421359359634,43.6448565343942,37.02719774938831,50.410230533747324,23.64416496502929,59.48218671954115,43.28773488420138
2026-09-22T04:50:00-04:00,4325.4,4334.28,4324.035,4331.745,4324.415,4315.28,,64.6110893677276,48.0141329616986,38.04765488857592,53.619131270705694,22.476178506446146,63.42315292636451,47.48758123601818
2026-09-22T04:55:00-04:00,4331.625,4335.56,4326.87,4330.155,4324.415,4291.495,,65.74877946820648,52.20495627391947,39.010414747084596,56.10501675597469,21.9158127381945,64.58935093653905,51.52184153978424
2026-09-22T05:00:00-04:00,4330.13,4331.19,4318.06,4318.25,4324.415,4291.495,,58.4859910178952,54.90216460676715,39.563405882319834,56.95407591286241,22.172735851777258,57.79200331785793,54.15607167821846
2026-09-22T05:05:00-04:00,4318.16,4322.82,4317.74,4319.48,4324.415,4291.495,,52.71909222682949,58.23712152632892,40.20624596721213,57.82903722535309,22.583454709071173,52.39841335242076,57.391514860728535
2026-09-22T05:10:00-04:00,4319.485,4322.755,4316.83,4318.44,4324.415,4291.495,,52.71870275122444,58.616468360172,40.800367918374576,58.56457558352344,23.03616025322571,52.4064569111097,57.83863483486074
2026-09-22T05:15:00-04:00,4318.43,4323.99,4317.2,4317.315,4324.415,4291.495,,51.6403723331068,57.5287432851384,41.33309589172224,59.1715051163318,23.494686667112674,51.3972889247996,56.87246604760589
2026-09-22T05:20:00-04:00,4317.345,4319.855,4316.6,4318.51,4335.56,4291.495,,51.670031770356076,56.06955926781764,41.885120063464846,59.82674180455443,23.94349832237526,51.42796576324912,55.537428847348735
2026-09-22T05:25:00-04:00,4318.5,4318.5,4314.325,4314.61,4335.56,4291.495,,50.18383432056277,53.40667041451987,42.366328125555064,60.152071147099804,24.580585104010325,50.05124376937393,53.051920574180016
2026-09-22T05:30:00-04:00,4314.67,4317.725,4312.61,4314.465,4335.56,4291.495,,48.02015627832592,51.00423835642319,42.62477624553418,60.45059093538043,24.79896155568792,48.038904350620726,50.808729822800636
2026-09-22T05:35:00-04:00,4314.415,4316.26,4312.06,4316.015,4335.56,4291.495,,48.87466775090902,50.66057805252382,42.8998355703733,60.821108561143646,24.978562579602947,48.830155156094264,50.491392527961814
2026-09-22T05:40:00-04:00,4315.915,4320.615,4315.27,4320.33,4335.56,4291.495,,52.25134555241103,50.87059644944649,43.46025498854061,61.54374565984442,25.376764317236802,51.96814996724406,50.68579742703587
2026-09-22T05:45:00-04:00,4320.28,4323.155,4318.88,4322.645,4335.56,4291.495,,55.910339714287225,51.57247432768461,44.013610148257584,62.41338653311885,25.61383376339632,55.379401451688416,51.34080525384145
2026-09-22T05:50:00-04:00,4322.655,4333.89,4322.355,4332.04,4335.56,4291.495,,61.212089696391644,53.60537283895644,44.80476941362583,64.02440692375879,25.58513190349286,60.39310968443229,53.25603192978807
2026-09-22T05:55:00-04:00,4331.98,4338.02,4324.77,4336.63,4335.56,4291.495,,66.89042500122899,55.92115810793401,45.57065192461205,65.83431301508215,25.306990834141956,65.80310416754226,55.44798765506806
2026-09-22T06:00:00-04:00,4336.625,4338.125,4331.91,4336.41,4335.56,4312.06,,68.31871195323313,58.786766448290834,46.321572943329265,67.48221660299403,25.160929283664498,67.1871662954185,58.15200979437223
2026-09-22T06:05:00-04:00,4336.485,4337.255,4332.74,4332.895,4335.56,4312.06,,65.57389539297353,60.93651214069047,46.769087196627964,68.41382367112097,25.124350722134963,64.6755133324576,60.201304507021455
2026-09-22T06:10:00-04:00,4332.925,4335.3,4328.895,4330.78,4335.56,4312.06,,61.50864540596969,62.39647434973673,47.180888716536806,69.12509300104216,25.23668443203145,60.95107644146213,61.61513016162019
2026-09-22T06:15:00-04:00,4330.93,4332.32,4328.595,4329.94,4335.56,4312.06,,59.43017525463466,62.98760634132579,47.85500292960373,69.78765360240973,25.922352256797723,59.043317130970834,62.222780839514826
2026-09-22T06:20:00-04:00,4329.95,4331.42,4328.465,4329.805,4335.56,4312.06,,58.73302254288545,63.20295515790765,48.658147632263066,70.27403881697633,27.0422564475498,58.40419394513005,62.479356588317806
2026-09-22T06:25:00-04:00,4329.725,4331.11,4328.47,4329.7,4338.125,4312.06,,58.54685711984172,62.22611131945438,49.353811702352544,70.76894745001304,27.938675954692048,58.23454176240634,61.60604714750741
2026-09-22T06:30:00-04:00,4329.71,4331.72,4327.875,4328.565,4338.125,4312.06,,57.50388805134944,60.521087457942066,50.06788928357236,71.01457477070817,29.121203796436557,57.2892025041654,60.04681325592441
2026-09-22T06:35:00-04:00,4328.515,4332.655,4328.055,4331.105,4338.125,4312.06,,58.14522058905051,59.319399501116486,50.932084654239766,71.28161879163278,30.58255051684676,57.88367444254179,58.94790661811406
2026-09-22T06:40:00-04:00,4331.12,4334.19,4329.895,4331.195,4338.125,4312.06,,59.80140119850054,58.87180340237836,51.9871253150598,70.99731443079945,32.97693619932015,59.39833632508814,58.539048396675994
2026-09-22T06:45:00-04:00,4331.22,4331.52,4325.94,4327.335,4338.125,4312.06,,56.39327475276128,57.85786502877122,52.8613594373278,70.0551353843749,35.66758349028069,56.31262271736743,57.62263412551557
2026-09-22T06:50:00-04:00,4327.395,4329.845,4326.405,4327.99,4338.125,4312.06,,53.41887596459996,57.1542893195113,53.4847681379341,69.71488678249779,37.2546494933704,53.6180406923773,56.9889694142207
2026-09-22T06:55:00-04:00,4327.985,4328.48,4321.815,4321.86,4338.125,4312.06,,49.207841805035315,55.1363848179569,53.5205211890755,69.69512409344877,37.345918284702236,49.73132457455037,55.144671448207085
2026-09-22T07:00:00-04:00,4321.85,4323.46,4317.84,4319.035,4338.125,4312.06,,42.72377477867006,52.63340865060512,53.67602157235754,69.46059310626632,37.89145003844877,43.729785366091505,52.84475330098788
2026-09-22T07:05:00-04:00,4319.02,4319.765,4309.06,4310.235,4334.19,4312.06,4316.342029999999,36.58505367621463,49.159574996489816,53.56062134551185,69.71297284606365,37.40826984496005,37.89205209633409,49.602628474541
2026-09-22T07:10:00-04:00,4310.27,4316.255,4308.985,4315.285,4334.19,4312.06,4316.342029999999,36.188021518646934,46.359923201918384,53.69952693346218,69.49091457595358,37.90813929097079,37.340542971063925,46.97528716627993
2026-09-22T07:15:00-04:00,4315.135,4318.44,4312.1,4312.85,4334.19,4312.06,,38.99247800526966,43.214168369852416,53.83206827169505,69.21852360711347,38.445612936276625,39.85733588194329,44.01948549078533
2026-09-22T07:20:00-04:00,4312.785,4317.155,4312.2,4316.515,4334.19,4312.06,,40.50298990790604,41.81984181767403,54.222849054903925,68.39709950759296,40.048598602214895,41.20748145489959,42.659532519860534
2026-09-22T07:25:00-04:00,4316.51,4318.605,4314.81,4317.855,4334.19,4312.06,,44.10156292212267,40.55207892914461,54.08988728980182,68.43174075313402,39.74803382646963,44.51501111323544,41.418619896744794
2026-09-22T07:30:00-04:00,4317.8,4319.61,4313.695,4314.105,4334.19,4312.06,,42.995624657785456,40.0449226327455,53.56849190669874,68.28720199203718,38.849781821360295,43.46392869943209,40.868847984112456
2026-09-22T07:35:00-04:00,4314.125,4318.285,4313.89,4316.975,4334.19,4308.985,,43.018249011501496,40.63621442423931,53.05659525556094,67.73243049871746,38.38076001240443,43.450056523871325,41.33869737039617
2026-09-22T07:40:00-04:00,4316.995,4320.34,4316.16,4317.7,4334.19,4308.985,,45.59526131237507,42.61926767164848,52.44991378579565,66.72272795050816,38.177099621083144,45.821152245382535,43.134305169554864
2026-09-22T07:45:00-04:00,4317.725,4321.85,4316.75,4320.37,4334.19,4308.985,,47.98618496816697,44.007118266959324,52.01173675555862,65.8699741016063,38.15349940951094,48.024315856358996,44.39120390905191
2026-09-22T07:50:00-04:00,4320.275,4321.18,4318.04,4318.17,4334.19,4308.985,,48.40338968701362,45.308099580718185,51.856819589861445,65.78387653125672,37.92976264846616,48.40878347326869,45.57757590993356
2026-09-22T07:55:00-04:00,4318.21,4323.57,4318.21,4322.77,4334.19,4308.985,,50.04902932557005,46.734558100577615,51.85467423195513,65.78119283423524,37.92815562967502,49.93594844817837,46.885051621417276
2026-09-22T08:00:00-04:00,4322.8,4325.92,4322.16,4325.33,4334.19,4308.985,,54.69702130954846,48.335373405696984,51.97319126976285,65.95115490467927,37.99522763484644,54.24830821586552,48.35851793925644
2026-09-22T08:05:00-04:00,4325.265,4326.865,4320.41,4321.22,4334.19,4308.985,,53.34893076851603,49.692645560786346,51.955177669332144,65.93719435586482,37.97316098279947,53.03029898914461,49.618300275620854
2026-09-22T08:10:00-04:00,4321.21,4324.245,4320.72,4324.135,4334.19,4308.985,,52.271118551769945,50.97905041720225,52.00854931572837,66.00251877546488,38.01457985599186,52.05831300576577,50.81801979122628
2026-09-22T08:15:00-04:00,4324.165,4327.415,4322.92,4327.165,4334.19,4308.985,,55.83390964471333,52.61797365574014,52.287535041340995,66.31759442023566,38.25747566244632,55.380345147406175,52.3494982476276
2026-09-22T08:20:00-04:00,4327.28,4341.57,4325.34,4339.235,4334.19,4308.985,4329.8857800000005,62.82994269948193,55.22012405472082,52.87971322285521,67.49744398091913,38.26198246479129,62.01775084449175,54.816144073549864
2026-09-22T08:25:00-04:00,4339.23,4342.37,4331.725,4337.15,4334.19,4308.985,4329.8857800000005,66.57090268388016,57.80869165484487,53.32849003739814,68.29050457897806,38.36647549581822,65.62917001094851,57.26960868696464
2026-09-22T08:30:00-04:00,4337.165,4344.035,4335.44,4339.625,4334.19,4308.985,4329.8857800000005,66.00515535068467,59.77901720475357,53.68876085804778,69.10511466927608,38.27240704681949,65.13933094097922,59.15996764292153
2026-09-22T08:35:00-04:00,4339.645,4342.365,4337.595,4338.81,4334.19,4308.985,4329.8857800000005,66.31483861792368,61.12806802866636,53.94051938467087,69.67819411214546,38.20284465719629,65.46057718279614,60.473114106087664
2026-09-22T08:40:00-04:00,4338.815,4341.155,4332.03,4332.045,4334.19,4308.985,4329.8857800000005,60.92507268853439,61.94362918190167,53.67187750464441,69.09670636310814,38.24704864618068,60.481408342092635,61.28885602947811
2026-09-22T08:45:00-04:00,4332.04,4335.33,4330.83,4332.995,4334.19,4308.985,4329.8857800000005,56.638830346859336,62.37598568440619,53.33748440500206,68.22530942794504,38.449659382059075,56.52313742068965,61.74877822463735
2026-09-22T08:50:00-04:00,4333.115,4335.995,4330.78,4334.81,4334.19,4308.985,4329.8857800000005,58.02796659757432,62.57050259700481,53.06653954254683,67.45256444415574,38.68051464093792,57.81891724984537,61.98559091588931
2026-09-22T08:55:00-04:00,4334.73,4337.325,4333.38,4333.87,4344.035,4308.985,4329.8857800000005,58.2542712712052,61.06865099061283,52.906918280192166,67.07944356552537,38.734392994858965,58.03771027213398,60.61162377539227
2026-09-22T09:00:00-04:00,4333.865,4337.895,4330.48,4336.145,4344.035,4308.985,4329.8857800000005,58.791449100412564,60.34780157315692,52.90670446574935,67.0789485427191,38.734460388779596,58.54059722242035,59.96028440488126
2026-09-22T09:05:00-04:00,4336.185,4341.42,4331.175,4339.52,4344.035,4308.985,4329.8857800000005,61.719001949289805,59.84403573307144,53.04155514458364,67.41557072580522,38.667539563362055,61.26541180509911,59.50478973656938
2026-09-22T09:10:00-04:00,4339.51,4342.125,4338.155,4340.56,4344.035,4308.985,4329.8857800000005,63.92425605895181,59.664777984879244,53.21207114316502,67.84490097171596,38.57924131461408,63.32432922534875,59.34992784561057
2026-09-22T09:15:00-04:00,4340.57,4342.82,4337.195,4337.765,4344.035,4308.985,4329.8857800000005,62.0323936486707,60.160413150253234,53.24658670510299,67.91533036409291,38.577843046113074,61.60886753020388,59.82692093317259
2026-09-22T09:20:00-04:00,4337.77,4339.805,4331,4332.865,4344.035,4308.985,4329.8857800000005,55.943765900921576,59.46618814318273,53.120299251963374,67.76160646132051,38.47899204260624,56.014195941771206,59.204515994491025
2026-09-22T09:25:00-04:00,4332.99,4334.525,4329.67,4330.605,4344.035,4308.985,,50.72989651509375,58.0752502695445,52.81039117134083,67.36768226972856,38.253100072953096,51.19030923973736,57.93303293028459
2026-09-22T09:30:00-04:00,4330.59,4336.26,4330.005,4334.24,4344.035,4308.985,,51.548272560255356,57.55018851148277,52.634821096772484,67.06037791871023,38.20926427483474,51.916795109514624,57.45568309088549
2026-09-22T09:35:00-04:00,4334.315,4337.155,4330.8,4331.33,4344.035,4308.985,,51.89457688118326,56.104715349764696,52.54576188477742,66.99032264924276,38.10120112031208,52.207660797004465,56.12362252302291
2026-09-22T09:40:00-04:00,4331.315,4343.09,4327.765,4341.325,4344.035,4308.985,,55.309277554636935,55.7188386844391,52.74602119030408,67.35912200799959,38.13292037260857,55.37568744119008,55.7729047011972
2026-09-22T09:45:00-04:00,4341.28,4344.285,4335.355,4340.015,4344.035,4308.985,,59.81505761437762,54.93065865131492,53.169715755915206,67.68766644071113,38.65176507111928,59.55841434648552,55.04764684334771
2026-09-22T09:50:00-04:00,4340.01,4341.075,4331.97,4332.15,4344.035,4308.985,,54.1368304810094,53.46296349367872,53.41737740808874,67.56680623007829,39.26794858609919,54.25262899585589,53.67112226281206
2026-09-22T09:55:00-04:00,4332.135,4338.07,4330.07,4333.63,4344.035,4308.985,,50.17164941231944,53.281482511714316,53.968927269803714,66.82493715354757,41.11291738605986,50.5361427026029,53.4824887750139
2026-09-22T10:00:00-04:00,4333.6,4334.995,4328.47,4328.61,4344.035,4308.985,,48.30035692858718,52.76880932610542,54.12986772632052,66.6143297619682,41.645405690672845,48.76116972646241,52.97708240187636
2026-09-22T10:05:00-04:00,4328.675,4331.775,4327.465,4329.63,4344.035,4308.985,,46.234401105929415,51.763233524764054,54.394922746313114,66.19793272012762,42.591912772498596,46.80235564615031,52.02122035690981
2026-09-22T10:10:00-04:00,4329.62,4338.55,4328.415,4333.72,4344.285,4308.985,,49.22825638007465,52.00700346864581,54.64311869527161,66.04652864905385,43.239708741489366,49.56704198668531,52.22261988464232
2026-09-22T10:15:00-04:00,4333.715,4334.345,4325.61,4328.965,4344.285,4308.985,,48.99275272561552,49.95851214504364,54.6826397935774,66.00444933193981,43.360830255215,49.31463471680989,50.289491007086895
2026-09-22T10:20:00-04:00,4329.005,4333.02,4327.855,4332.06,4344.285,4308.985,,48.16622031665627,48.678764240725435,54.947271381087546,65.68069964808295,44.21384311409215,48.51782264447885,49.06816511264041
2026-09-22T10:25:00-04:00,4332.045,4332.4,4325.33,4328.065,4344.285,4308.985,,47.823700040684955,48.15476059066524,54.96531338352936,65.6565225401468,44.27410422691193,48.17390995966349,48.55271413960336
2026-09-22T10:30:00-04:00,4328.01,4329.74,4324.415,4325.07,4344.285,4308.985,,44.213749757439416,46.976507196474,54.866005995503095,65.80956834374727,43.922443647258916,44.782620356220235,47.424301585102505
2026-09-22T10:35:00-04:00,4324.925,4333.63,4321.175,4324.425,4344.285,4308.985,,42.4157443283428,46.47344270488112,54.63764040471618,66.05064027042106,43.224640539011304,43.088660595808534,46.93199724513082
2026-09-22T10:40:00-04:00,4324.4,4324.84,4315.015,4320.16,4344.285,4308.985,,40.06921480463002,45.215025396102746,54.37576041418641,66.4893829884123,42.262137839960516,40.87310931948835,45.730231206056224
2026-09-22T10:45:00-04:00,4320.23,4324.295,4317.695,4322.21,4344.285,4308.985,,39.52105597676228,43.6999568753633,54.01834785478631,66.67028908985912,41.36640661971351,40.309330373803455,44.286936784307436
2026-09-22T10:50:00-04:00,4322.185,4325.525,4320.305,4325.18,4344.285,4308.985,,43.05928557349664,43.51974906692593,53.69118772383042,66.55645123241005,40.82592421525078,43.54726478744843,44.08241122623867
2026-09-22T10:55:00-04:00,4325.235,4328.84,4324.78,4328.015,4344.285,4308.985,,46.96368957310732,43.35637666292075,53.642745431526976,66.54773021897564,40.7377606440783,47.13331330487493,43.89136268727775
2026-09-22T11:00:00-04:00,4327.965,4332.27,4325.665,4330.93,4344.285,4308.985,,50.59474796598599,44.31147704558337,53.59257768937254,66.50148707242484,40.683668306320236,50.484962699503896,44.74271200905021
2026-09-22T11:05:00-04:00,4330.85,4338.475,4329.18,4338.36,4344.285,4315.015,,56.22348386949331,46.787729266364714,53.66566156239639,66.65140279458657,40.67992033020621,55.73855134940208,47.021628685329695
2026-09-22T11:10:00-04:00,4338.21,4340.505,4335.165,4336.23,4344.285,4315.015,,58.63361135340672,48.94515333845877,53.34573466901517,65.72806004361755,40.9634092944128,58.02319500814186,49.00972184114544
2026-09-22T11:15:00-04:00,4336.245,4340.78,4336.245,4337.275,4344.285,4315.015,,57.72924241468459,51.83345144066602,53.145563899502534,65.16620842957747,41.12491936942761,57.20189993236491,51.686997431865855
2026-09-22T11:20:00-04:00,4337.265,4339.02,4334.72,4337.075,4344.285,4315.015,,58.11016096547501,54.2563261923767,52.88132323459108,64.34549428935378,41.41715217982838,57.56247098357311,53.93919058679392
2026-09-22T11:25:00-04:00,4337.085,4337.095,4332.075,4332.21,4344.285,4315.015,,54.5249689611681,55.109360980000716,52.4520421549875,63.340735843539576,41.56334846643543,54.27754733938673,54.75279244670537
2026-09-22T11:30:00-04:00,4332.26,4333.04,4327.865,4329.99,4344.285,4315.015,,49.674026644778465,55.03070821285416,52.21949699672308,63.115066037970166,41.323927955475995,49.82088294610144,54.70706762714435
2026-09-22T11:35:00-04:00,4329.94,4330.765,4327.5,4328.935,4344.285,4315.015,,47.5907534289324,54.25107682655683,51.91980233628592,62.81918237787209,41.02042229469975,47.8947831594685,54.012741149552404
2026-09-22T11:40:00-04:00,4328.925,4330.085,4327.5,4327.96,4340.78,4315.015,,46.2884723971913,52.19213350648216,51.52893851434761,62.374138564271846,40.68373846442337,46.69089036934217,52.122021632841516
2026-09-22T11:45:00-04:00,4327.92,4328.17,4325.39,4326.58,4340.78,4315.015,,44.74748709567738,50.283612752919886,51.125285620078394,62.031255939574315,40.21931530058247,45.267409670754546,50.36823105315602
2026-09-22T11:50:00-04:00,4326.645,4329.595,4326.11,4329.145,4340.78,4315.015,,45.921199892223875,48.81840707149338,50.77186503151298,61.41473018908967,40.128999873936294,46.31434610809403,49.01129196876413
2026-09-22T11:55:00-04:00,4329.135,4332.175,4328.085,4331.28,4340.78,4315.015,,49.63117070246746,47.8610441063463,50.41423672320649,60.44568507300779,40.3827883734052,49.68447823795877,48.1173759829805
2026-09-22T12:00:00-04:00,4331.305,4332.505,4325.83,4326.985,4340.78,4315.015,,48.181026816964234,47.00585217314943,49.84579272316077,59.16375000851305,40.52783543780849,48.342679194754666,47.31561535601211
2026-09-22T12:05:00-04:00,4327.03,4327.16,4324.75,4325.01,4340.78,4315.015,,43.828823611327124,46.190986096788784,49.343438485715694,58.44696066975798,40.23991630167341,44.33540098651088,46.55009542309749
2026-09-22T12:10:00-04:00,4325.015,4325.515,4322.68,4323.915,4340.78,4315.015,,58.142439474366235,54.63220294207876,50.98280759303263,60.315740370871715,41.64987481519355,42.50659087859577,45.77613184719132
2026-09-22T12:15:00-04:00,4323.92,4326.79,4323.46,4326.46,4340.78,4315.015,,56.59592368623464,54.63312706990435,51.08749211436245,60.4654677214784,41.7095165072465,43.89148861747747,45.75026635113614
2026-09-22T12:20:00-04:00,4326.54,4327.01,4324.385,4325.885,4340.78,4315.015,,54.769843702383326,54.49429745581039,51.35446149083491,60.6897417459563,42.01918123571352,45.540427122714604,45.85413683346563
2026-09-22T12:25:00-04:00,4325.905,4327.485,4325.715,4326.845,4332.505,4315.015,,54.30271943089824,54.69710401936781,51.452038956249595,60.797038428336634,42.107039484162556,45.95708859011383,45.648192774570376
2026-09-22T12:30:00-04:00,4326.835,4328.925,4326.265,4328.925,4332.505,4315.015,,51.54635843567425,54.830734352422304,51.75773419614733,60.47071008166948,43.044758310625184,48.456330393065485,45.50323744921042
2026-09-22T12:35:00-04:00,4328.93,4329.1,4327.35,4328.75,4332.505,4322.68,,49.83513041569135,54.13029180012655,52.01969707566542,60.21753763472665,43.821856516604186,50.01057827099971,46.12473536778325
2026-09-22T12:40:00-04:00,4328.755,4332.465,4327.775,4332.155,4332.505,4322.68,,47.046326480444584,52.223634378642785,51.82733166446815,60.30056102209373,43.35410230684256,52.56073385125733,47.853332553423684
2026-09-22T12:45:00-04:00,4332.215,4341.315,4331.15,4339.755,4332.505,4322.68,,39.20493900884243,48.71957738140545,51.394790512204345,61.10736808819054,41.68221293621815,59.84842721160895,51.07954574864416
2026-09-22T12:50:00-04:00,4339.75,4341.855,4336.895,4337.31,4332.505,4322.68,,36.66982048382772,46.530462035097955,50.943224453433736,61.18513756250155,40.70131134436592,62.30207595003273,53.11350036272519
2026-09-22T12:55:00-04:00,4337.32,4339.185,4334.68,4336.26,4332.505,4322.68,,59.98705144389095,55.49667837467291,49.41418891944045,59.98806458470118,38.84031325417972,59.26596081825859,55.00112680451387
2026-09-22T13:00:00-04:00,4336.265,4337.835,4334.675,4337.045,4332.505,4322.68,,59.52465850144661,57.42021737414343,49.66244625958815,60.61627680726446,38.70861571191184,58.8572863999573,56.79927116553762
2026-09-22T13:05:00-04:00,4337.04,4341.14,4336.79,4337.77,4332.505,4322.68,,60.544700782940126,58.951266722848445,50.09371527575366,61.43589600510873,38.75153454639859,59.8078652814582,58.244422486911795
2026-09-22T13:10:00-04:00,4337.795,4339.965,4337.11,4338.075,4332.505,4322.68,,61.26029920825106,60.590340123841266,50.432686194387834,62.19402612571011,38.67134626306556,60.47361345479067,59.7887097894779
2026-09-22T13:15:00-04:00,4338.09,4340.36,4337.015,4337.64,4341.855,4322.68,,60.95517849867067,61.237411002595664,50.866155185046935,62.85821372613513,38.87409664395874,60.20797539136605,60.42934864122857
2026-09-22T13:20:00-04:00,4337.57,4339.94,4336.455,4336.5,4341.855,4322.68,,59.03784547323072,60.08827854729075,51.30469182472851,63.210565519958244,39.39881812949877,58.492070766780046,59.401179376669646
2026-09-22T13:25:00-04:00,4336.485,4339.71,4335.655,4339.48,4341.855,4322.68,,60.09085149873569,60.3118887118995,51.90586737154064,63.905594661985695,39.90614008109558,59.493523088758266,59.62690496657873
2026-09-22T13:30:00-04:00,4339.475,4340.28,4335.095,4336.545,4341.855,4322.68,,59.10607905123901,59.836572149390186,52.42450736864668,63.80747085830731,41.04154387898605,58.6435914039176,59.2233595440008
2026-09-22T13:35:00-04:00,4336.565,4337.885,4336.04,4336.565,4341.855,4322.68,,55.69248390926565,59.21698168556208,52.85712783815848,63.80518189568458,41.90907378063238,55.56115066119294,58.685151898360346
2026-09-22T13:40:00-04:00,4336.57,4338.98,4335.855,4338.835,4341.855,4322.68,,57.71503795675488,59.028097056194405,53.28661045001481,64.16731013775411,42.40591076227552,57.410945764326655,58.53852539624893
2026-09-22T13:45:00-04:00,4338.88,4340.665,4338.36,4340.06,4341.855,4322.68,,60.73192714440658,59.06601823874938,53.66702416588197,64.711378514714,42.62266981704993,60.17719360717769,58.600460513328066
2026-09-22T13:50:00-04:00,4340.065,4353.065,4339.45,4349.54,4341.855,4322.68,,67.41479133956591,60.87370072502161,54.27602476610775,66.5206221504261,42.03142738178939,66.47972603239185,60.33045415082769
2026-09-22T13:55:00-04:00,4349.63,4352.71,4348.445,4350.95,4341.855,4335.095,,73.69889758974641,63.254890272039574,54.694989678838034,68.02977344735318,41.36020591032288,72.44565395211673,62.58719856628137
2026-09-22T14:00:00-04:00,4350.955,4353.38,4347.59,4351.945,4341.855,4335.095,,74.74497848899153,65.060594150809,55.22375224467156,69.67795456013947,40.769549929203656,73.46223245487158,64.32151396971722
2026-09-22T14:05:00-04:00,4352.005,4360.02,4351.87,4357.635,4341.855,4335.095,,77.32005618237028,68.45888373807706,55.8473904887019,71.73641616661925,39.95836481078454,75.98659847949048,67.54234344501648
2026-09-22T14:10:00-04:00,4357.655,4360.28,4355.47,4358.375,4341.855,4335.095,,79.7063911503943,71.92171050541718,56.4941187261374,73.69238468115513,39.29585277111967,78.33234127989415,70.82756843220326
2026-09-22T14:15:00-04:00,4358.385,4360.665,4357.485,4358.24,4341.855,4335.095,,79.76349860988336,74.75844392468522,57.3320098798028,75.57318419494132,39.09083556466427,78.40449104121721,73.54049923841379
2026-09-22T14:20:00-04:00,4358.245,4360.095,4354.745,4355.51,4341.855,4335.095,,75.88341055367769,76.25070576520893,58.03584719136678,76.53205802133135,39.539636361402195,74.87343223169755,75.02649375349465
2026-09-22T14:25:00-04:00,4355.47,4357.435,4354.01,4356.385,4341.855,4335.095,,72.62421381190543,76.24685034535365,58.80456637291886,77.47091697112825,40.13821577470949,71.92229247039283,75.09551822069977
2026-09-22T14:30:00-04:00,4356.405,4357.055,4352.2,4352.85,4341.855,4335.095,,68.66651020473094,74.81288079806166,59.352202356516166,77.69969159893071,41.00471311410161,68.30467189418712,73.84335602265763
2026-09-22T14:35:00-04:00,4352.87,4353.545,4350.51,4352.29,4341.855,4335.095,,63.62493111025938,73.06969395143018,59.91500425612956,77.75519988256988,42.074808629689244,63.67747281546772,72.29987260944152
2026-09-22T14:40:00-04:00,4352.285,4352.31,4348.77,4350.395,4360.665,4335.095,,60.80265652699882,70.0936237536698,60.22758215856175,77.75500011737572,42.70016419974779,61.071472232966386,69.58189138079359
2026-09-22T14:45:00-04:00,4350.47,4354.075,4350.405,4353.245,4360.665,4335.095,,60.72043472328076,67.64513497225487,60.5673139044127,77.92318435427222,43.211443454553184,60.9769310488722,67.34118397200669
2026-09-22T14:50:00-04:00,4353.295,4354.41,4352.28,4352.4,4360.665,4335.095,,61.82344114963726,64.96789305074233,61.03007711930722,77.83018946141242,44.22996477720203,61.978293458661724,64.88869207149203
2026-09-22T14:55:00-04:00,4352.39,4353.645,4351.025,4353.48,4360.665,4335.095,,61.652949780147736,63.579289036960596,61.615791914343326,77.59103751554603,45.64054631314062,61.813819217668346,63.60986596799835
2026-09-22T15:00:00-04:00,4353.51,4355.9,4353.355,4354.77,4360.665,4335.095,,63.430838982579516,62.341214528077785,62.299093499127565,77.21013434283145,47.388052655423685,63.44005214738686,62.465194836347465
2026-09-22T15:05:00-04:00,4354.76,4358.095,4353.785,4357.435,4360.665,4348.77,,66.22270532665209,62.881059071795214,62.95806420921901,77.18454440308365,48.731584015354365,66.00883210405934,62.95391174224755
2026-09-22T15:10:00-04:00,4357.425,4359.32,4357.055,4358.28,4360.665,4348.77,,68.59850528733043,63.76223572152666,63.67370226322837,77.03890992845864,50.308494597998106,68.20350340249621,63.75834643264132
2026-09-22T15:15:00-04:00,4358.275,4359.07,4356.645,4358.135,4360.665,4348.77,,68.92558666941471,65.20189625534262,64.32443515629626,76.85308362567429,51.79578668691824,68.51160232173629,65.07966319618181
2026-09-22T15:20:00-04:00,4358.13,4359.23,4356.41,4359.23,4360.665,4348.77,,69.47486175138482,66.26350058669925,64.91024462717303,76.89628998996355,52.92419926438251,69.02211539131326,66.05697053048162
2026-09-22T15:25:00-04:00,4359.22,4361.515,4357.435,4359.895,4360.665,4348.77,,70.7069984740562,67.7400554908909,65.53279567922259,76.87098733795843,54.19460402048675,70.1601753584346,67.41734373897405
2026-09-22T15:30:00-04:00,4359.915,4370.505,4359.85,4370.08,4360.665,4348.77,,76.09380504338102,70.38945923333733,66.27142883445688,78.03784855401442,54.50500911489935,75.28137896816827,69.90484474491016
2026-09-22T15:35:00-04:00,4370.05,4371.38,4366.375,4369.715,4360.665,4348.77,,80.48565927599363,72.6128612890092,66.69106616656588,79.03564173616574,54.34649059696601,79.48634902171366,72.00199998878172
2026-09-22T15:40:00-04:00,4369.78,4371.135,4367.005,4369.445,4360.665,4348.77,,79.54088485107371,74.19465338317208,67.2249997365099,79.91497919071777,54.53502028230203,78.62095362796921,73.50830803745586
2026-09-22T15:45:00-04:00,4369.49,4370.735,4368.43,4369.375,4360.665,4348.77,,79.01112618198101,75.58789583033796,67.81012938645353,80.67183978710113,54.94841898580591,78.13736668778958,74.84024664172269
2026-09-22T15:50:00-04:00,4369.25,4369.49,4366.835,4366.97,4360.665,4348.77,,75.04619108729999,75.94339750256788,68.13803106508952,80.84168208933797,55.434380040841084,74.52239938633102,75.22567862734006
2026-09-22T15:55:00-04:00,4366.995,4366.995,4363.495,4364,4360.665,4348.77,,67.0850394755445,74.90508946581214,68.19485519190084,80.8261377070343,55.56357267676738,67.21745924168005,74.32463059897033
2026-09-22T16:00:00-04:00,4364.01,4364.66,4362.44,4362.715,4371.38,4348.77,,61.35696292651535,73.27195877469906,68.1437171661639,80.85492142116367,55.432512911164125,61.918778724748286,72.87099387485826
2026-09-22T16:05:00-04:00,4362.73,4363.245,4360.88,4362.225,4371.38,4348.77,,59.119582041892485,70.05531146538684,68.08687892973742,80.89900198493542,55.27475587453942,59.83745233218012,69.91208013154515
2026-09-22T16:10:00-04:00,4362.19,4362.485,4358.555,4359.44,4371.38,4348.77,,55.18221915625523,66.0424044547738,67.91691561810651,81.18139758074558,54.65243365546745,56.157917749929325,66.2057277972056
2026-09-22T16:15:00-04:00,4359.445,4360.65,4359.1,4359.39,4371.38,4348.77,,51.80826572878476,62.13170600187571,67.59966800209325,81.51324717860633,53.68608882558017,53.00194444264909,62.592363221453695
2026-09-22T16:20:00-04:00,4359.38,4360.72,4358.31,4360.435,4371.38,4348.77,,52.89620252991154,58.58099769703967,67.55162876391078,81.57976174913809,53.52349577868349,53.971586734926106,59.301219239244595
2026-09-22T16:25:00-04:00,4360.415,4360.635,4359.125,4359.655,4371.38,4348.77,,53.042518293269914,55.84494234643855,67.44378767174055,81.74357748788694,53.143997855594165,54.06593882150716,56.747660202932586
2026-09-22T16:30:00-04:00,4359.61,4360.215,4358.565,4358.81,4371.38,4348.77,,50.961999086319594,53.974414728689695,67.15439118329695,82.10213017396148,52.20665219263242,52.12966741430047,54.990421574279004
2026-09-22T16:35:00-04:00,4358.855,4359.08,4357.45,4357.69,4371.38,4348.77,,48.47522620295642,52.16444613970743,66.72280526341996,82.59005895123695,50.855551575602966,49.80988538685138,53.2879763921049
2026-09-22T16:40:00-04:00,4357.745,4359.21,4357.745,4358.66,4371.38,4348.77,,48.39883358222336,50.91134374021279,66.03580543286502,82.45739280151238,49.61421806421765,49.674300737428,52.08666397577839
2026-09-22T16:45:00-04:00,4358.565,4358.76,4357.66,4357.695,4371.38,4348.77,,48.45121432202946,50.241301901357204,65.2376474241425,82.27082604449473,48.20446880379026,49.66436023355851,51.43267424457038
2026-09-22T16:50:00-04:00,4357.71,4360.09,4357.685,4358.36,4371.38,4348.77,,48.1497602751911,49.86605646775747,64.47138083205323,81.82022771589814,47.122533948208314,49.34008191368698,51.04041753893209
2026-09-22T16:55:00-04:00,4358.41,4359.135,4358.05,4358.54,4371.38,4348.77,,49.39680230338312,49.24147326520623,63.59510307831972,80.87333641217094,46.31686974446849,50.443197193154745,50.42456294692142
2026-09-22T18:00:00-04:00,4363.61,4363.795,4363.42,4363.435,4371.38,4357.45,,55.703049501623056,50.626208241572655,63.05941955859609,79.71603480306989,46.40280431412229,56.12357372909708,51.62831322681491
2026-09-22T18:05:00-04:00,4363.515,4364.735,4361.705,4362.15,4371.38,4357.45,,59.766476548177536,51.757038254308505,62.41880766292526,78.46506849958611,46.37254682626441,59.75625384276633,52.60358764076881
2026-09-22T18:10:00-04:00,4362.17,4364.46,4361.395,4364.38,4371.38,4357.45,,60.05710918232883,53.935317664250476,62.128460654399106,77.9368882571206,46.320033051677605,60.02793155068394,54.547754987909926
2026-09-22T18:15:00-04:00,4364.39,4364.39,4362.795,4364.005,4371.38,4357.45,,61.721643014376326,55.56355523492363,61.77747996895296,77.2841611057633,46.27079883214262,61.5604441408216,55.999628613166976
2026-09-22T18:20:00-04:00,4363.975,4364.125,4362.57,4364.03,4371.38,4357.45,,61.15189008515321,57.56408216800013,61.68642417677688,77.17779680700949,46.19505154654428,61.03881143031558,57.79759818698337
2026-09-22T18:25:00-04:00,4363.98,4365.455,4362.87,4364.665,4371.38,4357.45,,61.88929623105262,59.489136936598356,61.675383799587856,77.16469030718744,46.18607729198827,61.71265778624074,59.534650291039476
2026-09-22T18:30:00-04:00,4364.705,4365.245,4363.305,4364.315,4371.38,4357.45,,61.93032647090857,61.14508907300739,61.75275770288922,77.2189035460172,46.28661185976123,61.756652375854046,61.03001395346889
2026-09-22T18:35:00-04:00,4364.525,4364.83,4363.45,4364.07,4371.38,4357.45,,60.77185367153395,60.93736669943003,61.67840844360274,77.14667891552709,46.21013797167839,60.710418273389834,60.84517730369455
2026-09-22T18:40:00-04:00,4364.06,4364.99,4362.82,4362.98,4371.38,4357.45,,58.12964443916438,60.677422756146484,61.535475543449635,77.0810280465151,45.98992304038417,58.32173822734056,60.62015234906153
2026-09-22T18:45:00-04:00,4362.935,4363.13,4361.915,4361.925,4371.38,4357.45,,54.02596142404872,59.21418162563571,61.22976206971457,76.98561572654057,45.473908412888555,54.594918704591564,59.292887919096735
2026-09-22T18:50:00-04:00,4361.94,4362.895,4360.555,4362.445,4365.455,4357.45,,52.93520572999847,58.167012103467094,60.91808535212134,76.7762371362331,45.05993356800956,53.580603224005976,58.34019780139992
2026-09-22T18:55:00-04:00,4362.46,4363.105,4361.535,4362.325,4365.455,4357.45,,53.555766920280675,57.043860721386416,60.48464804581035,76.3439640176394,44.62533207398131,54.128231356470664,57.31843646942674
2026-09-22T19:00:00-04:00,4362.345,4364.415,4362.09,4363.7,4365.455,4357.45,,55.636299572652504,56.38044162963849,60.15560266302263,75.83841020448396,44.47279512156129,55.97968517542116,56.70220562688004
2026-09-22T19:05:00-04:00,4363.685,4363.8,4362.24,4363.17,4365.455,4357.45,,56.80132776532761,55.57843251979185,59.77145634556993,75.3115735635034,44.23133912763646,57.0056437583344,55.9610054358497
2026-09-22T19:10:00-04:00,4363.165,4363.58,4360.67,4361.505,4365.455,4357.45,,52.32436000069243,53.96687200939805,59.146749618864256,74.66970290155624,43.623796336172276,52.93074625701017,54.4794421936287
2026-09-22T19:15:00-04:00,4361.545,4365.6,4360.495,4365.115,4365.455,4357.45,4361.119514999999,54.587279100754785,54.566328137389114,58.82323755890515,73.97671123858555,43.66976387922475,54.95710041955874,54.99968034791204
2026-09-22T19:20:00-04:00,4365.075,4365.075,4363.075,4363.72,4365.455,4357.45,4361.119514999999,57.64549129292401,55.001023400505275,58.06155469236678,71.88980411283558,44.233305271897976,57.68946543153167,55.36359840132587
2026-09-22T19:25:00-04:00,4363.8,4363.87,4362.245,4363.765,4365.455,4357.45,4361.119514999999,55.184093529765185,55.20886750875103,57.33491016206818,69.72500872712122,44.94481159701513,55.42318027149213,55.52613093290808
2026-09-22T19:30:00-04:00,4363.755,4364.59,4363.02,4363.39,4365.455,4357.45,4361.119514999999,54.53866752253712,55.28185214400712,56.59083602598227,67.3809526579098,45.800719394054745,54.83019828708565,55.56416038150159
2026-09-22T19:35:00-04:00,4363.395,4364.49,4360.77,4363.485,4365.455,4357.45,,53.98951465292069,54.7383575316848,55.863050660358745,64.64743288751174,47.07866843320575,54.32345119169577,55.05292122327226
2026-09-22T19:40:00-04:00,4363.47,4364.83,4362.99,4363.865,4365.6,4360.495,,54.82776869167624,54.71797812296387,55.40151706153381,63.050273966651346,47.75276015641627,55.07856275494891,55.01356580910573
2026-09-22T19:45:00-04:00,4363.875,4364.02,4359.71,4359.96,4365.6,4360.495,4364.825465,48.64285415030031,53.68649871728705,54.77821622946203,62.98552811466351,46.570904344260555,49.32778845564769,54.02350470859725
2026-09-22T19:50:00-04:00,4360.06,4364.065,4358.445,4363.84,4365.6,4360.495,4364.825465,47.89998087992191,52.807321488440195,54.60992988232243,62.69902259936104,46.52083716528383,48.56864896055241,53.18829396367534
2026-09-22T19:55:00-04:00,4363.8,4365.735,4362.2,4364.035,4365.6,4360.495,,54.27845068942681,52.72448711628785,54.49344379696405,62.50798723022271,46.47890036370539,54.410245534298305,53.08658473795914
2026-09-22T20:00:00-04:00,4364.01,4369.56,4362.725,4367.3,4365.6,4360.495,,58.409204185622116,53.728781675827896,54.79975253110873,63.053604599611134,46.545900462606326,58.26608353835002,54.00055203992046
2026-09-22T20:05:00-04:00,4367.29,4367.315,4361.865,4363.215,4365.6,4360.495,,56.4404262479858,53.26784675213033,54.76592382750529,63.05840837625742,46.47343927875316,56.40992734896284,53.53793589849549
2026-09-22T20:10:00-04:00,4363.09,4366.415,4362.45,4366.025,4365.6,4360.495,,53.62939009513801,53.625888945032834,54.84288121141616,63.14860632790305,46.53715609492927,53.780048234705525,53.84529405220895
2026-09-22T20:15:00-04:00,4365.925,4366.61,4363.25,4363.87,4365.6,4358.445,,54.03882276356695,53.04243362981339,54.824529972816876,63.148188601180216,46.500871344453536,54.149533259577595,53.27249889981797
2026-09-22T20:20:00-04:00,4363.82,4364.07,4360.14,4360.885,4365.6,4358.445,,48.287774048050466,53.52443748724716,54.68557385622387,63.31992083297759,46.05122687947015,48.700648759980886,53.66611128201845
2026-09-22T20:25:00-04:00,4360.89,4362.07,4358.855,4358.96,4369.56,4358.445,,43.384768463887,51.752372939517706,54.52509128228338,63.64545888920969,45.40472367535706,44.02945384251092,51.97558600894898
2026-09-22T20:30:00-04:00,4358.845,4361.915,4358.355,4359.265,4369.56,4358.445,,42.00167896316884,50.01678842260203,54.3092706433383,63.93384133129268,44.68469995538392,42.69550466997022,50.31904246363899
2026-09-22T20:35:00-04:00,4359.215,4359.92,4355.255,4357.395,4369.56,4358.445,,40.67100841388178,46.684317004734744,54.06743211121587,64.3983237479458,43.73654047448594,41.41599727864959,47.161275649034565
2026-09-22T20:40:00-04:00,4357.415,4359.885,4355.76,4359.33,4369.56,4358.445,,41.495690845332476,45.74686402184394,53.91785479452309,64.52610268536604,43.309606903680134,42.13206099620323,46.23965207713625
2026-09-22T20:45:00-04:00,4359.345,4360.9,4357.075,4357.345,4369.56,4358.445,,42.172791641898016,43.4110031609519,53.6424903075991,64.8326252373735,42.45235537782469,42.718184319843324,44.00074310193107
2026-09-22T20:50:00-04:00,4357.34,4359.16,4356.96,4357.12,4369.56,4358.445,,40.09916918021941,41.76410585517322,52.999979481499345,64.56103157338151,41.43892738961718,40.75187511133748,42.411749749067646
2026-09-22T20:55:00-04:00,4357.055,4358.645,4356.445,4357.63,4369.56,4358.445,,40.63293976642393,41.223907651915745,52.51698814396653,64.42026026183733,40.61371602609573,41.236704430955214,41.868187579352316
2026-09-22T21:00:00-04:00,4357.58,4359.365,4350.48,4351.305,4369.56,4358.445,,36.22493382245612,39.7184388147644,51.59808681327155,64.54007300545624,38.656100621086864,37.00347441642785,40.40432705590105
2026-09-22T21:05:00-04:00,4351.39,4353.45,4350.37,4350.67,4369.56,4358.445,,30.666034474751292,37.98515208379645,50.69018764163565,64.59825407196698,36.78212121130433,31.69179330665935,38.72427004697778
2026-09-22T21:10:00-04:00,4350.77,4350.88,4346.44,4349.69,4369.56,4358.445,,29.6179210441812,36.560413851992806,49.74314745792025,64.53927007074225,34.94702484509825,30.677393212683107,37.336154465624915
2026-09-22T21:15:00-04:00,4349.635,4349.635,4345.7,4348,4369.56,4358.445,,27.920285216572665,34.106464761293644,48.69201052313684,64.30083445412795,33.08318659214573,29.03314354206494,34.981722202938265
2026-09-22T21:20:00-04:00,4347.95,4349.285,4346.565,4347.9,4369.56,4358.445,,26.798571155260788,32.16777942723932,47.67657361582332,63.98314746647878,31.369999765167865,27.94588555348153,33.11549767523583
2026-09-22T21:25:00-04:00,4347.85,4347.895,4342.705,4343.72,4369.56,4358.445,,24.405109351028663,29.62244766723915,46.55279026898947,63.89792247460761,29.207658063371323,25.609288546572373,30.65526889871967
2026-09-22T21:30:00-04:00,4343.62,4344.38,4341.69,4343.36,4369.56,4358.445,,21.897604049516367,26.81482636526573,45.54527712231462,63.95343975748468,27.137114487144565,23.1593778726276,27.950547229999376
2026-09-22T21:35:00-04:00,4343.345,4346.36,4343.04,4345.62,4369.56,4358.445,,25.56356425582119,26.576342076772026,44.87853161203491,63.70612739729276,26.050935826777067,26.512421309670913,27.657825153931974
2026-09-22T21:40:00-04:00,4345.64,4346.16,4342.08,4344.905,4369.56,4358.445,,28.927561713161936,26.31811986195449,44.133062768383056,63.308423446464786,24.957702090301325,29.58492913243073,27.348586037362626
2026-09-22T21:45:00-04:00,4344.9,4346.71,4343.77,4345.81,4369.56,4358.445,,29.977632232993678,26.67911670214702,43.49158251278273,62.78930968097534,24.193855344590112,30.534197369724808,27.61691205594388
2026-09-22T21:50:00-04:00,4345.685,4346.61,4340.73,4340.78,4369.56,4358.445,,28.282650137855683,26.421652696606778,42.52402456633618,62.017812855281306,23.030236277391055,28.877138751398505,27.304013240029356
2026-09-22T21:55:00-04:00,4340.83,4341.595,4338.97,4341.395,4369.56,4358.445,,26.04780545077466,26.46461221515099,41.682551788397255,61.26226882173137,22.10283475506314,26.7293638501868,27.269334426431104
2026-09-22T22:00:00-04:00,4341.205,4341.36,4338.16,4338.755,4369.56,4358.445,,25.55897292994146,26.751328004867577,40.94959003276259,60.99202895690441,20.907151108620774,26.23028503240384,27.48144080740978
2026-09-22T22:05:00-04:00,4338.855,4339.635,4337.73,4338.105,4369.56,4358.445,,23.740179555562072,26.991062359735473,39.86801652103298,59.7148443193022,20.02118872276375,24.49080807069862,27.6497430544514
2026-09-22T22:10:00-04:00,4338.14,4339.495,4337.275,4337.29,4369.56,4358.445,,22.965532098583424,26.00903310279964,38.9095924330955,58.82758799349451,18.991596872696483,23.747983696874435,26.69160148946793
2026-09-22T22:15:00-04:00,4337.355,4337.375,4334.61,4335.885,4369.56,4358.445,,21.802799880542644,24.955416121844245,37.904411012255174,57.8548103242764,17.95401170023395,22.632295171893425,25.663276208583596
2026-09-22T22:20:00-04:00,4335.785,4338.545,4334.645,4338.1,4369.56,4358.445,,25.00178313444247,24.58736193178501,37.17212864556052,56.74977963789425,17.594477653226793,25.541731107009895,25.265182557263667
2026-09-22T22:25:00-04:00,4338.09,4339.78,4337.755,4338.33,4369.56,4358.445,,29.323455825791434,25.252789175540176,36.453466375365224,55.53229326996545,17.374639480764998,29.51391273055477,25.845211631199675
2026-09-22T22:30:00-04:00,4338.415,4338.905,4336.72,4338.29,4369.56,4358.445,,29.686013424174533,25.626849924184974,35.693201865119235,54.08033568594878,17.306068044289685,29.84790099411878,26.15619316981567
2026-09-22T22:35:00-04:00,4338.24,4338.87,4333.565,4334.065,4369.56,4358.445,,26.80232048298673,25.608031333553104,35.168729100817366,53.74655712652258,16.59090107511215,27.154445645507614,26.109257520657895
2026-09-22T22:40:00-04:00,4334.015,4337.48,4334.015,4337.265,4369.56,4358.445,,29.13392863625866,27.167921090098282,34.589316439021395,52.39204678007526,16.786586097967525,29.293430187545525,27.52837091748621
2026-09-22T22:45:00-04:00,4337.26,4338.125,4334.765,4335.09,4369.56,4358.445,,32.75282796119742,28.404401580014248,33.90251599915681,50.81201875987975,16.99301323843387,32.64476361749211,28.651194640834376
2026-09-22T22:50:00-04:00,4335.29,4336.945,4334.475,4336.235,4369.56,4358.445,,32.888996322637944,30.335405787839797,33.0881277411988,47.99409738318105,18.182158099216544,32.77744465328524,30.42698505502673
2026-09-22T22:55:00-04:00,4336.135,4336.135,4333.41,4334.15,4369.56,4358.445,,33.05322249528922,30.70481282597046,32.52679813135112,46.59531218363364,18.458284079068605,32.938843082535946,30.764655205270394
2026-09-22T23:00:00-04:00,4334.215,4335.535,4333.32,4335.075,4369.56,4358.445,,32.91878922919169,31.362643903097013,31.869857102025488,44.20586253633073,19.53385166772025,32.819153791409306,31.37133964384231
2026-09-22T23:05:00-04:00,4335.025,4336.995,4334.405,4335.695,4369.56,4358.445,,35.27053622132018,32.30039076801207,31.422781275924848,42.54321080305674,20.302351748792955,35.00454634207969,32.23798244754494
2026-09-22T23:10:00-04:00,4335.605,4339.73,4335.575,4339,4369.56,4358.445,,40.77923502490536,35.3560480579309,31.428178335958137,42.56616635280135,20.29019031911492,40.15401647469184,35.08550273789495
2026-09-22T23:15:00-04:00,4338.95,4339.2,4335.875,4336.425,4369.56,4358.445,,42.89784066058631,36.232937060677116,31.394138463965987,42.45480967702656,20.333467250905414,42.19024708579344,35.92278727561577
2026-09-22T23:20:00-04:00,4336.41,4340.29,4336.05,4339.605,4369.56,4358.445,,44.20575384589007,38.62831259641452,31.55782979964762,43.13730536881505,19.978354230480196,43.497423865966255,38.18626280888757
2026-09-22T23:25:00-04:00,4339.515,4340.515,4337.995,4338.145,4369.56,4333.32,,46.541653219875926,40.133696174173686,31.739470511377416,43.73836170416129,19.740579318593543,45.74121767066559,39.62672242343873
2026-09-22T23:30:00-04:00,4338.15,4340.64,4337.23,4339.13,4369.56,4333.32,,46.26146688918695,42.40209670895673,31.838169566933182,44.13351062641881,19.54282850744755,45.51466507147259,41.779354805726605
2026-09-22T23:35:00-04:00,4339.08,4340.17,4338.785,4339.815,4369.56,4333.32,,48.188356508756115,44.496429682620665,32.09332726825142,45.059597429213646,19.127057107289197,47.33155390051351,43.77312245461136
2026-09-22T23:40:00-04:00,4339.81,4341.715,4339.76,4341.43,4369.56,4333.32,,50.80753835304837,46.84124017516479,32.46807363592312,46.452872914257306,18.483274357588932,49.803286978805104,46.00756641621958
2026-09-22T23:45:00-04:00,4341.56,4342.895,4341.515,4342.09,4369.56,4333.32,,53.36027323897533,48.0910120294978,32.84199394310739,47.84560266951938,17.8383852166954,52.21503634443292,47.219128131680236
2026-09-22T23:50:00-04:00,4342.12,4344.685,4341.825,4344.495,4369.56,4333.32,,56.56957620301556,50.74745033014457,33.66481730536779,50.27866995681845,17.050964653917138,55.26377628338921,49.742860472675524
2026-09-22T23:55:00-04:00,4344.545,4345.56,4342.61,4342.64,4369.56,4333.32,,56.60515725996112,51.63369871923238,34.36782469517855,51.86609697350434,16.869552416852756,55.40968054689653,50.62263004051746
2026-09-23T00:00:00-04:00,4342.65,4345.11,4342.48,4344.58,4369.56,4333.32,,56.12575306759511,53.48576457235005,35.22410154203919,53.809003812668486,16.6391992714099,55.059570815704475,52.40524708554377
2026-09-23T00:05:00-04:00,4344.585,4345.745,4344.215,4344.785,4369.56,4333.32,,58.296627907562275,55.0723161530539,36.15466838288382,55.635021784176004,16.674314981591632,57.11771756559763,53.93778789598175
2026-09-23T00:10:00-04:00,4344.855,4346.82,4344.16,4345.875,4369.56,4333.32,,59.60156006519368,56.746679874189354,37.15368912497643,57.56110529872406,16.7462729512288,58.3557152794388,55.55500747952242
2026-09-23T00:15:00-04:00,4345.895,4347.39,4344.795,4346.74,4369.56,4333.32,,61.559912474375565,58.144423044861675,38.34024503719835,59.42173117982176,17.258758894574942,60.21505157316382,56.91257778008424
2026-09-23T00:20:00-04:00,4346.755,4347.33,4344.53,4344.75,4369.56,4333.32,,59.35642839663792,58.459867062092954,39.357149380689464,60.458793086744464,18.255505674634463,58.26965130609081,57.284897468567536
2026-09-23T00:25:00-04:00,4344.755,4345.715,4344.745,4345.585,4369.56,4333.32,,57.22828853132098,58.33262656723465,40.20287587693363,61.7207378031748,18.685013950692465,56.38295046236208,57.232341831219344
2026-09-23T00:30:00-04:00,4345.615,4346.25,4344.365,4345.48,4369.56,4333.32,,57.99280741080763,58.85633853376338,41.066869715845094,62.84629860224686,19.28744082944333,57.105079250151675,57.769297098069
2026-09-23T00:35:00-04:00,4345.49,4346.955,4344.25,4344.54,4369.56,4333.32,,56.28991695961807,58.37953053638405,41.75065733144095,63.671249038047364,19.83006562483453,55.57181125972711,57.37869624379725
2026-09-23T00:40:00-04:00,4344.545,4345.445,4343.445,4344.49,4347.39,4333.32,,54.671631052559164,57.820625146619626,42.61916271082765,64.29328870999038,20.94503671166493,54.11487628056413,56.911342445202294
2026-09-23T00:45:00-04:00,4344.51,4346.645,4344.175,4346.54,4347.39,4333.32,,57.296837782478924,57.721038455608415,43.58883570389414,65.31178820242998,21.8658832053583,56.54565130300804,56.86153510767417
2026-09-23T00:50:00-04:00,4346.555,4346.84,4343.47,4345.025,4347.39,4333.32,,57.389836982767235,56.629175006160104,44.49156647864093,65.70646674037022,23.27666621691163,56.693722941515794,55.90524855044571
2026-09-23T00:55:00-04:00,4345.09,4345.205,4343.685,4344.22,4347.39,4333.32,,53.465403940231965,56.037888610921,45.33737831475707,65.79337263960954,24.881383989904595,53.148705137480675,55.39840763092842
2026-09-23T01:00:00-04:00,4344.14,4345.48,4342.56,4344.36,4347.39,4333.32,,52.370120833275955,55.24112709243296,46.22124816891696,65.72449220578439,26.718004132049526,52.15648381331067,54.69768665071673
2026-09-23T01:05:00-04:00,4344.28,4345.815,4343.455,4343.825,4347.39,4333.32,,51.64695522788742,54.224787987229504,47.09291686460088,65.2922299156215,28.89360381358026,51.50524932276949,53.798456223104935
2026-09-23T01:10:00-04:00,4343.775,4343.825,4341.98,4342.34,4347.39,4333.32,,48.257053392599985,52.94602321614207,47.589205242926226,65.06150113815619,30.11690934769627,48.42696314593592,52.656301475347824
2026-09-23T01:15:00-04:00,4342.39,4343.455,4341.765,4342.425,4347.39,4333.32,,45.96538196252475,51.73728824721968,48.071853696173434,64.8118055310207,31.331901861326166,46.34024302614499,51.57713243612803
2026-09-23T01:20:00-04:00,4342.405,4342.885,4341.515,4341.985,4347.39,4333.32,,45.38059517675566,49.541382471649726,48.51241593425453,64.46534578041313,32.55948608809593,45.806032885347236,49.587839070301875
2026-09-23T01:25:00-04:00,4341.935,4343.565,4340.345,4341.12,4347.39,4333.32,,43.19518820491524,47.681674310690546,49.036140032757466,63.55544655647998,34.51683350903495,43.811246991124285,47.896425021730465
2026-09-23T01:30:00-04:00,4341.165,4342.295,4337.365,4337.79,4347.39,4333.32,,37.33158608551946,44.93172022744615,48.994631078328695,63.62883347233952,34.36042868431787,38.36052156746393,45.362643764582806
2026-09-23T01:35:00-04:00,4337.84,4337.9,4334.37,4334.655,4347.39,4333.32,,29.98275593781532,41.28528434055894,48.87319461961734,63.93187764477754,33.81451159445713,31.404774525140937,41.967365225110534
2026-09-23T01:40:00-04:00,4334.85,4336.36,4328.98,4329.305,4347.39,4333.32,,23.712559705828532,36.950464364000766,48.454840689104614,64.98354062403952,31.92614075416971,25.261978136767077,37.86456628286783
2026-09-23T01:45:00-04:00,4329.405,4331.765,4329.26,4329.295,4347.39,4333.32,,20.361501201117235,33.31512657156387,48.1266227787837,65.77989635474249,30.473349202824906,21.934304003241913,34.39803404148367
2026-09-23T01:50:00-04:00,4329.32,4333.155,4328.055,4332.76,4347.39,4333.32,,26.655059114346187,31.433229264521177,48.086385976466644,65.82583753228684,30.34693442064645,27.729837729088366,32.54730762656593
2026-09-23T01:55:00-04:00,4332.71,4335.275,4332.53,4334.645,4347.39,4333.32,,35.812195481654875,30.581298087249365,48.158485088215144,65.78389047554708,30.533079700883206,36.19215395630162,31.65121149032778
2026-09-23T02:00:00-04:00,4334.625,4336.775,4333.805,4335.235,4347.39,4333.32,,39.5323704804437,30.386709914672174,48.01304100326302,65.75090656958757,30.275175436938472,39.6574338895701,31.360503883264737
2026-09-23T02:05:00-04:00,4335.205,4335.645,4331.38,4331.515,4347.39,4333.32,,37.1416895612043,30.52704193744503,47.81988796472209,65.86161059220025,29.778165337243934,37.3971508544214,31.375962715172772
2026-09-23T02:10:00-04:00,4331.6,4331.855,4329.405,4330.745,4347.39,4333.32,,33.298774054711004,31.334143662356656,47.37145395672307,65.88009568105268,28.862812232393466,33.772622216346356,32.03703179503771
2026-09-23T02:15:00-04:00,4330.74,4330.74,4327.39,4329.395,4347.39,4333.32,,31.692889712559058,32.807136225082324,46.9464312878211,66.00372524066059,27.889137334981616,32.24753494634684,33.371836089338416
2026-09-23T02:20:00-04:00,4329.445,4330.07,4326.14,4330.055,4347.39,4333.32,,31.78099301136845,34.59685560814272,46.51966137567493,65.95989779280505,27.079424958544806,32.3025271155384,34.99938125569385
2026-09-23T02:25:00-04:00,4330.06,4331.205,4328.6,4328.845,4347.39,4333.32,,31.906651215277094,34.307591111062585,45.98868391761645,65.87447587909983,26.10289195613307,32.39997020301836,34.706159653318416
2026-09-23T02:30:00-04:00,4328.9,4332.16,4328.635,4331.83,4347.39,4333.32,,35.664898844031875,34.554770854536144,45.62891787514454,65.48112068216837,25.776715068120712,35.869433937710596,34.90717553609642
2026-09-23T02:35:00-04:00,4331.835,4333.69,4331.39,4333.465,4347.39,4333.32,,42.64335823569283,35.19644475541948,45.35827715271748,65.0673647802145,25.64918952522045,42.36054978073703,35.47847847936611
2026-09-23T02:40:00-04:00,4333.46,4334.84,4333.11,4334.355,4347.39,4333.32,,46.05668065636549,37.10191116743933,45.01051225475336,64.34840311649067,25.672621393016044,45.55921171616638,37.239192925166414
2026-09-23T02:45:00-04:00,4334.31,4337.19,4331.11,4336.04,4347.39,4326.14,,49.342754149757404,39.78043906828987,44.93107696976432,64.18444786750456,25.677706072024073,48.649669218174125,39.729063337031185
2026-09-23T02:50:00-04:00,4336.015,4336.375,4332.895,4333.435,4347.39,4326.14,,48.412491193891285,41.878940162105685,44.5567909680649,63.451059070561556,25.662522865568246,47.84143700711482,41.694593513957265
2026-09-23T02:55:00-04:00,4333.49,4333.49,4330.205,4331.32,4347.39,4326.14,,43.22815445164959,43.05105662265591,44.04469617824004,62.544781089765465,25.54461126671461,43.05647356031998,42.80161946411164
2026-09-23T03:00:00-04:00,4331.3,4332.975,4329.685,4331.42,4347.39,4326.14,,41.23083549859372,44.54299281448186,43.47616011120608,61.38083846072226,25.571481761689896,41.202835307526485,44.20969782953101
2026-09-23T03:05:00-04:00,4331.47,4331.525,4327.485,4328.525,4347.39,4326.14,,38.66253272744946,43.90752344648951,42.69779148724439,59.89402591616418,25.50155705832459,38.80728641171346,43.64100588525531
2026-09-23T03:10:00-04:00,4328.505,4328.805,4324.48,4324.755,4337.19,4326.14,,33.148656463281654,41.830220879507245,41.93452646806748,59.01362579988941,24.855427136245556,33.624632758303306,41.71372153740709
2026-09-23T03:15:00-04:00,4324.78,4328.715,4324.78,4325.995,4337.19,4326.14,,32.17846239464768,39.94231822885586,41.22427230273419,57.805105797044675,24.64343880842371,32.67065275814156,39.958560468676794
2026-09-23T03:20:00-04:00,4326.02,4327.235,4325.25,4326.185,4337.19,4326.14,,34.29813568130195,37.53175845994854,40.540722248684794,56.53651876305632,24.544925734313267,34.636881120577335,37.710067795236576
2026-09-23T03:25:00-04:00,4326.13,4326.305,4322.3,4323.875,4337.19,4326.14,,32.81277666144535,35.485256933871305,39.84326404990051,55.526899687500695,24.15962841230033,33.23420899810833,35.785066751817794
2026-09-23T03:30:00-04:00,4323.935,4325.24,4320.11,4320.78,4337.19,4326.14,,29.032649638650746,33.475899941948875,39.032546871396065,54.529829892992225,23.535263849799904,29.65438360334022,33.8808992360995
2026-09-23T03:35:00-04:00,4320.8,4323.545,4319.52,4322.245,4337.19,4326.14,,29.29480040828986,32.07496119378448,38.19608538083057,52.643878397157465,23.74829236450367,29.843669556745382,32.53959082302319
2026-09-23T03:40:00-04:00,4322.215,4323.585,4320.76,4322.585,4337.19,4326.14,,32.0930466312982,31.598903914477084,37.54450038013318,51.28667563451404,23.802325125752322,32.43297473426054,32.059667328255806
2026-09-23T03:45:00-04:00,4322.58,4323.165,4320.9,4322.995,4337.19,4326.14,,33.28497924268595,32.11391055932857,37.00900157509256,50.14831077331329,23.869692376871832,33.533391646551124,32.51352193395114
2026-09-23T03:50:00-04:00,4323.04,4325.025,4321.73,4322.24,4337.19,4326.14,,33.30685797567817,31.921302651914367,36.42313197674508,48.85326323746034,23.993000716029826,33.54920764565132,32.31068301040146
2026-09-23T03:55:00-04:00,4322.225,4325.6,4318.98,4319.615,4337.19,4326.14,,30.62518806882087,31.064496955762543,35.77242703632395,47.705737789198935,23.839116283448956,31.04489925977203,31.487241402292483
2026-09-23T04:00:00-04:00,4319.61,4321.465,4318.55,4319.92,4337.19,4326.14,,29.13876747318674,30.871585740983335,35.29852692266195,46.99946583526487,23.597588010059027,29.643462931183706,31.28475556270871
2026-09-23T04:05:00-04:00,4319.885,4321.27,4317.735,4318.535,4337.19,4326.14,,28.641247435580844,30.95266775488543,34.75336029944489,46.22837571011019,23.278344888779593,29.165464335296683,31.34755018285147
2026-09-23T04:10:00-04:00,4318.54,4319.955,4317.26,4319.855,4337.19,4326.14,,30.055080609103065,31.088808655501392,34.3970260657412,45.54180304806662,23.252249083415784,30.436104180385485,31.454022598034452
2026-09-23T04:15:00-04:00,4319.865,4320.665,4317.195,4318.68,4337.19,4326.14,,31.517533531214873,30.788235440575907,34.06643943628605,45.062236650707725,23.070642221864382,31.762723696926514,31.15604988647032
2026-09-23T04:20:00-04:00,4318.69,4321.9,4318.305,4321.785,4325.6,4326.14,,35.72315173088461,31.78542936641529,34.30241228017445,45.450850653238234,23.153973907110668,35.64479006492772,32.05727928899919
2026-09-23T04:25:00-04:00,4321.83,4322.75,4318.84,4319,4325.6,4326.14,,38.32858602184514,32.22301488233789,34.55737061769957,45.52235605362233,23.592385181776805,38.05910514204324,32.44459202829658
2026-09-23T04:30:00-04:00,4318.945,4320.4,4316.58,4318.655,4325.6,4326.14,,35.42747422026667,33.15751112397123,34.991524898670804,45.201665932338486,24.781383865003125,35.386064986962204,33.29761235391067
2026-09-23T04:35:00-04:00,4318.675,4320.17,4316.275,4317.215,4325.6,4326.14,,33.889630517994355,33.5804043237115,35.353142930457054,44.724601774492825,25.981684086421286,33.9615484801735,33.67833075657938
2026-09-23T04:40:00-04:00,4317.23,4318.58,4315.985,4316.57,4325.6,4326.14,,32.11141276749915,34.14898693309075,35.31248687826804,44.718772351361594,25.906201405174485,32.313008998255064,34.196910829041634
2026-09-23T04:45:00-04:00,4316.56,4319.135,4315.51,4318.89,4325.6,4326.14,,35.47776609513335,35.12974303400586,35.333470613602834,44.7613788688196,25.90556235838607,35.42028183612668,35.10238151536257
2026-09-23T04:50:00-04:00,4318.94,4318.94,4316.63,4317.155,4322.75,4326.14,,37.716845621991666,35.92021895902697,35.2056912983591,44.52819581163994,25.88318678507826,37.49612164043201,35.835024527186064
2026-09-23T04:55:00-04:00,4317.155,4319.47,4316.785,4318.35,4322.75,4326.14,,37.949577996140576,35.765864824078996,35.38099346271673,44.78081395392948,25.981172971503977,37.72606138218938,35.69703046315162
2026-09-23T05:00:00-04:00,4318.36,4320.52,4318.08,4318.105,4322.75,4326.14,,39.59004968522346,36.280637148563635,35.57576633544806,45.00490577940446,26.146626891491657,39.25169873622424,36.17576555409492
2026-09-23T05:05:00-04:00,4318.09,4319.59,4317.345,4319.305,4322.75,4326.14,,41.29161591435773,37.44133387953359,35.94562441576371,45.497720104349774,26.393528727177646,40.83113918007501,37.25276594689814
2026-09-23T05:10:00-04:00,4319.335,4320.565,4318.675,4320.15,4322.75,4315.51,,44.58626197974466,39.33681756620657,36.3290174512349,46.218421034707504,26.43961386776229,43.88720083335971,39.01166622643383
2026-09-23T05:15:00-04:00,4320.13,4320.26,4315.735,4317.5,4322.75,4315.51,,42.75843145095139,40.483339217662795,36.58396442962691,46.392436233673166,26.775492625580654,42.25244790694405,40.09260563509498
2026-09-23T05:20:00-04:00,4317.515,4319.675,4316.18,4319.375,4322.75,4315.51,,42.48026861125948,41.33753257081405,36.72992155518946,46.77812856064396,26.68171454973497,42.060005814367955,40.908730220217066
2026-09-23T05:25:00-04:00,4319.385,4320.09,4316.055,4317.12,4322.75,4315.51,,42.85437670508759,41.95120524140449,36.596377280767776,46.43517209245413,26.75758246908142,42.44182371035639,41.505663369359105
2026-09-23T05:30:00-04:00,4317.105,4319.17,4313.34,4313.845,4322.75,4315.51,,37.3547644709553,41.16758584933253,36.21804413251828,45.60436104037217,26.83172722466439,37.3614733866601,40.80456222149441
2026-09-23T05:35:00-04:00,4313.82,4315.825,4313.65,4314.78,4320.565,4315.51,,35.803004991309805,40.86919247171487,35.799921447917924,44.15645322281957,27.443389673016277,35.91733365954981,40.55298763316641
2026-09-23T05:40:00-04:00,4314.795,4316.56,4314.195,4316.445,4320.565,4315.51,,39.68868757357441,40.709606323394446,35.70487921367611,43.81959910569752,27.590159321654696,39.53281847821757,40.433613449535144
2026-09-23T05:45:00-04:00,4316.335,4316.395,4308.44,4308.995,4320.565,4315.51,,36.35656063207088,38.51784922952236,35.39571004676623,43.482127610357495,27.30929248317497,36.3911261640345,38.41125201335921
2026-09-23T05:50:00-04:00,4309.095,4313.06,4308.845,4312.535,4320.565,4315.51,,34.872409740794225,38.456457263349535,35.33085416909967,43.31352059650092,27.34818774169842,35.01343068594829,38.365322814964934
2026-09-23T05:55:00-04:00,4312.55,4314.57,4312.345,4314.275,4320.565,4315.51,,41.047446227015364,38.10847140545261,35.53599907615246,43.78398279742791,27.288015354877004,40.83588743575184,38.06150390518318
2026-09-23T06:00:00-04:00,4314.28,4319.035,4313.81,4318.065,4320.565,4315.51,,46.5600137491261,39.51521070450341,36.119757538855225,45.15360667888262,27.085908398827833,46.071479834911344,39.40236742198063
2026-09-23T06:05:00-04:00,4318.005,4318.01,4316.23,4316.43,4320.565,4315.51,,48.78331132982743,41.3737705079875,36.512754895868916,46.032332430875485,26.993177360862347,48.2154079531078,41.16262806702537
2026-09-23T06:10:00-04:00,4316.455,4317.01,4315.265,4316.7,4320.565,4308.44,,47.635858342638514,42.89602594774018,36.90432946011032,46.90033878033906,26.908320139881575,47.150832715203066,42.6119385807387
2026-09-23T06:15:00-04:00,4316.55,4316.925,4315.335,4316.765,4320.565,4308.44,,47.96494029987132,43.73841414407234,37.40405863930574,47.70738448153314,27.100732797078336,47.4622419756808,43.428177637729156
2026-09-23T06:20:00-04:00,4316.78,4316.96,4314.735,4315.54,4320.565,4308.44,,46.827480079555116,45.88771721844996,37.95108419192822,48.06429264350178,27.837875740354654,46.415469484052394,45.47603667217239
2026-09-23T06:25:00-04:00,4315.6,4317.895,4314.4,4317.735,4319.035,4308.44,,48.03542285287458,47.499275033238156,38.506448194869535,49.011714820430186,28.001181569308883,47.56693408290408,47.01489289400224
2026-09-23T06:30:00-04:00,4317.745,4319.07,4315.87,4315.985,4319.035,4308.44,,48.65249247877644,48.06058757609598,38.925169241779884,49.53667873757166,28.313659745988108,48.17682669159322,47.57344788812707
2026-09-23T06:35:00-04:00,4316.085,4316.97,4314.895,4316.76,4319.035,4308.44,,47.73433664065797,47.83479585939011,39.35641039475025,50.19334259074482,28.519478198755678,47.34451256401268,47.37861653088834
2026-09-23T06:40:00-04:00,4316.74,4316.77,4314.63,4315.8,4319.035,4308.44,,47.58039338583734,47.71689673495596,39.764788971789244,50.606245510833766,28.923332432744722,47.218049910690674,47.288488447436464
2026-09-23T06:45:00-04:00,4315.775,4315.775,4312.415,4313.565,4319.035,4308.44,,44.298533518459635,46.881274481053296,40.16072483296429,50.54825939792331,29.773190268005273,44.19767662069148,46.534857646742175
2026-09-23T06:50:00-04:00,4313.58,4316.125,4313.375,4315.63,4319.035,4308.44,,44.604966313241334,46.75690416734739,40.674565374145395,50.80079271664687,30.548338031643922,44.49351136942446,46.440279702791806
2026-09-23T06:55:00-04:00,4315.635,4316.215,4314.195,4315.68,4319.07,4308.44,,47.2227505187659,46.994208892256374,41.253754426092826,50.83703387715377,31.67047497503188,46.920332787033786,46.67910430473686
2026-09-23T07:00:00-04:00,4315.675,4316.91,4312.835,4315.03,4319.07,4308.44,,46.53910786048205,46.32938559809238,41.64421403599121,50.9796260863203,32.30880198566212,46.296444943574,46.07728280584035
2026-09-23T07:05:00-04:00,4314.955,4316.01,4313.845,4315.485,4319.07,4308.44,,46.42671354784497,46.35827205484738,42.130765015306366,51.032902577439245,33.22862745317349,46.19712881407377,46.11347633973129
2026-09-23T07:10:00-04:00,4315.48,4317.085,4314.105,4315.16,4319.07,4312.415,,46.64175820924512,46.01722033197442,42.28648500530654,51.251119159657854,33.32185085095522,46.39999453059926,45.80742051057937
2026-09-23T07:15:00-04:00,4315.165,4315.895,4310.765,4311.285,4319.07,4312.415,,41.91755821255257,44.740319148194594,42.34188102652444,51.21466233405453,33.46909971899435,42.064346481418994,44.640989645653676
2026-09-23T07:20:00-04:00,4311.295,4311.845,4304.135,4305.69,4319.07,4312.415,,33.36622199600344,42.893702754129784,42.16523487446753,51.55139464731115,32.77907510162391,34.08690620578458,42.918628963463114
2026-09-23T07:25:00-04:00,4305.695,4308.92,4303.88,4306.315,4319.07,4312.415,,30.064094850506706,40.58578444455612,42.11684951667223,51.6412434681926,32.592455565151866,30.932344750278993,40.76637061161211
2026-09-23T07:30:00-04:00,4306.44,4306.96,4300.965,4302.34,4319.07,4312.415,,28.606062315764525,37.57464898184368,41.959037789071374,52.03801616287424,31.880059415268505,29.493087357681105,37.93941598364806
2026-09-23T07:35:00-04:00,4302.35,4303.735,4294.62,4299.75,4317.085,4312.415,,24.914929603304913,34.40744779964836,41.4955061936235,52.73884281430227,30.25216957294473,25.933124820244537,34.94827914780369
2026-09-23T07:40:00-04:00,4299.725,4305.085,4298.275,4304.905,4317.085,4312.415,,30.314886047577453,32.97126969605296,41.523628402341124,52.734275515560896,30.312981289121353,30.899923250748632,33.56878582269802
2026-09-23T07:45:00-04:00,4304.865,4308.615,4304.555,4307.485,4317.085,4312.415,,39.73825518063626,32.43501836290297,41.60072249859384,52.80412577804106,30.397319219146617,39.69246397793978,33.031841847043836
2026-09-23T07:50:00-04:00,4307.405,4310.065,4305.905,4309.445,4317.085,4312.415,,44.387689692826314,33.67702154755973,41.80584252043542,53.062559803706854,30.549125237163985,44.073097574923914,34.14271470655656
2026-09-23T07:55:00-04:00,4309.46,4309.985,4308.15,4309.63,4317.085,4312.415,,46.486300801786285,36.18361230741236,41.90629219785434,53.23534182458441,30.577242571124273,46.054495215401424,36.45115299264865
2026-09-23T08:00:00-04:00,4309.61,4313.98,4309.145,4312.61,4317.085,4294.62,,49.48477643063703,39.225787713311256,42.09399042931143,53.72754649788995,30.46043436073291,48.887255313009234,39.27268915305092
2026-09-23T08:05:00-04:00,4312.58,4315.33,4312.185,4313.63,4317.085,4294.62,,53.20047584323328,43.21058760097486,42.52053010328269,54.58233921562922,30.458720990936158,52.40145647972737,42.9964013132333
2026-09-23T08:10:00-04:00,4313.615,4319.225,4312.865,4318.925,4317.085,4294.62,,58.113397825224595,48.711064348145456,43.01358626542703,56.19865991122618,29.82851261962788,57.09763445765526,48.17683476373969
2026-09-23T08:15:00-04:00,4318.945,4318.945,4314.13,4314.995,4317.085,4294.62,,58.29750776276472,51.20562237674266,43.4289495772637,56.95498541111293,29.902913743414473,57.4013470036406,50.568236671202435
2026-09-23T08:20:00-04:00,4314.97,4314.97,4310.045,4314.59,4317.085,4294.62,,54.09786187521698,52.81380911802567,43.99847434803066,57.56113048438229,30.435818211679038,53.51890135019673,52.12724544152739
2026-09-23T08:25:00-04:00,4314.57,4314.895,4310.63,4311.245,4317.085,4294.62,,50.818043385780506,53.042866289015286,44.312187129879625,57.7787403073668,30.84563395239245,50.47215623177302,52.3965391445879
2026-09-23T08:30:00-04:00,4311.085,4311.32,4307.865,4309.03,4317.085,4294.62,,46.18077997679214,52.72651745374162,44.38036213645523,57.83296116129169,30.927763111618773,46.15316863035438,52.15543784579967
2026-09-23T08:35:00-04:00,4308.98,4309.695,4303.475,4303.83,4319.225,4294.62,,41.00919179585471,50.621270679077476,44.58587131598455,57.615148912955874,31.55659371901322,41.28692956805163,50.225017503171436
2026-09-23T08:40:00-04:00,4303.785,4306.795,4301.955,4303.955,4319.225,4294.62,,37.69028920268646,48.29503555644253,44.54611975186066,57.62385471811059,31.468384785610727,38.15236993673644,48.08427026208797
2026-09-23T08:45:00-04:00,4303.975,4307.065,4302.195,4304.225,4319.225,4294.62,,38.10546686448703,44.90471897600961,44.41281370642406,57.592104825830795,31.233522587017326,38.537017727926795,44.921984151820446
2026-09-23T08:50:00-04:00,4304.125,4304.39,4300.98,4303.55,4319.225,4294.62,,37.92264093075123,42.4736450330101,44.03803899783861,57.24740097693893,30.828677018738297,38.36181398230562,42.6444036845637
2026-09-23T08:55:00-04:00,4303.5,4310.95,4301.96,4309.835,4319.225,4294.62,,43.67067637786208,41.92552311962249,44.11207047395551,57.38817539101944,30.835965556891587,43.703395218254016,42.11755382840825
2026-09-23T09:00:00-04:00,4309.98,4310.69,4304.65,4305.675,4319.225,4294.62,,46.777550163065555,41.31921839794869,43.98755028139314,57.22105990198037,30.754040660805913,46.5866161690256,41.53424938092157
2026-09-23T09:05:00-04:00,4305.715,4306.215,4301.07,4301.735,4319.225,4294.62,,41.18528148694534,40.49823783680911,43.71326701437164,56.9728601786788,30.453673850064476,41.35168096741509,40.745700210425596
2026-09-23T09:10:00-04:00,4301.725,4302.975,4298.12,4302.41,4319.225,4294.62,,39.33912650904525,40.842056887431696,43.547058894892565,56.83397861327843,30.260139176506698,39.6076438108614,41.054453450295796
2026-09-23T09:15:00-04:00,4302.395,4306.18,4301.725,4302.62,4319.225,4294.62,,40.17885807721275,41.2092575152452,43.25111614521506,56.41976162205149,30.082470668378626,40.389378834389326,41.384845609755
2026-09-23T09:20:00-04:00,4302.545,4306.88,4302.325,4304.185,4319.225,4294.62,,41.9605102375516,41.94349785116443,43.15341288070287,56.28325587355047,30.02356988785526,42.04057883497242,42.05547090945169
2026-09-23T09:25:00-04:00,4304.19,4312.425,4303.955,4312.215,4319.225,4294.62,,49.94249761978189,44.64350228353967,43.38100796751646,56.92276698185829,29.839248953174632,49.528588110865364,44.57535250362921
2026-09-23T09:30:00-04:00,4312.245,4313.56,4301.025,4301.24,4319.225,4294.62,,49.26346632644835,43.54143783647479,43.252417171327046,56.768129036499644,29.736705306154448,48.91750463520006,43.54521645715056
2026-09-23T09:35:00-04:00,4301.185,4305.265,4298.75,4303.42,4319.225,4298.12,,43.661262540637196,43.75313439141728,43.34352143940926,56.86451168929711,29.822531189521406,43.68122112434941,43.74523963372172
2026-09-23T09:40:00-04:00,4303.46,4304.315,4286.795,4292.635,4319.225,4298.12,,40.27450114491242,43.28121488160825,42.997683926131224,56.64459448544101,29.350773366821436,40.445247096097454,43.2862353510598
2026-09-23T09:45:00-04:00,4291.395,4291.395,4280.74,4285,4319.225,4298.12,,32.88962498069003,41.91041966903008,42.500396407757734,56.51641953962611,28.48437327588935,33.37699675545269,41.965054760747805
2026-09-23T09:50:00-04:00,4284.98,4289.835,4282.42,4283.26,4319.225,4298.12,,29.861550267131683,40.33341265015651,42.01665112652238,56.45027227138992,27.583029981654846,30.45018625729037,40.44646604331724
2026-09-23T09:55:00-04:00,4283.265,4287.115,4281.45,4284.02,4313.56,4298.12,,29.90436649660817,38.46580717161766,41.52849364003793,56.226565669731585,26.830421610344274,30.47449015703414,38.66045799562257
2026-09-23T10:00:00-04:00,4284.015,4292.075,4283.605,4290.165,4313.56,4298.12,,34.68252404694235,35.97342020077379,41.31316676403399,55.96730285528647,26.659030672781505,34.966108842360654,36.28575768088732
2026-09-23T10:05:00-04:00,4290.225,4293.49,4286.055,4291.735,4313.56,4298.12,,39.89651558915484,35.78953553239094,41.40960877983807,56.02730115546601,26.79191640421012,39.87161661877414,36.075918562358034
2026-09-23T10:10:00-04:00,4291.755,4292.245,4282.085,4283.75,4313.56,4280.74,,37.78388087180558,34.29416829539332,41.57302905084588,55.90708369001029,27.238974411681475,37.87291184213221,34.62624074311098
2026-09-23T10:15:00-04:00,4283.69,4287.52,4278.015,4278.19,4313.56,4280.74,,32.89556948681582,33.68126934436334,41.57616611138567,55.904191297469545,27.24814092530179,33.236467712541284,34.01626730991341
2026-09-23T10:20:00-04:00,4278.245,4284.265,4278.245,4284.2,4313.56,4280.74,,34.814039764161336,34.84400109067084,41.93820419486923,55.63013902844458,28.246269361293876,35.020699323376476,35.095870048232065
2026-09-23T10:25:00-04:00,4284.21,4285.04,4277.815,4280.73,4313.56,4280.74,,37.30230948474177,35.8072005493948,42.30483551617607,55.10760154832607,29.502069484026062,37.359697896221036,35.99041349246503
2026-09-23T10:30:00-04:00,4280.685,4290.705,4280.42,4289.265,4313.56,4280.74,,40.68140724237712,37.92315558946196,42.54799955926921,55.28657698645593,29.809422132082492,40.557957133225926,37.97686061285828
2026-09-23T10:35:00-04:00,4289.275,4292.28,4282.365,4282.44,4313.56,4280.74,,42.76736371675818,38.11715474077075,42.48301837124206,55.236945581506575,29.729091160977543,42.545282132328836,38.15589157531308
2026-09-23T10:40:00-04:00,4282.465,4288.14,4282.465,4286.885,4313.56,4280.74,,42.425401873518744,38.64569452785166,42.43257086401582,55.15548799309879,29.709653734932854,42.239292123022004,38.653339328357674
2026-09-23T10:45:00-04:00,4286.88,4288.17,4284.365,4285.965,4313.56,4280.74,,44.233000146046834,39.95976024769682,42.35047127384563,55.02459897761055,29.676343570080704,43.957022888364705,39.894209017093786
2026-09-23T10:50:00-04:00,4285.93,4298.74,4284.19,4297.48,4313.56,4277.815,,48.87536160583692,43.21134941900054,42.39672293314522,55.17286259661808,29.62058326967236,48.37949029917576,42.979917210253234
2026-09-23T10:55:00-04:00,4297.445,4297.445,4290.97,4294.395,4313.56,4277.815,,52.54988706373695,45.02714519043271,42.31220134563996,54.908437480044086,29.71596521123584,51.902154560420946,44.71748194196364
2026-09-23T11:00:00-04:00,4294.46,4295.61,4289.51,4290.355,4313.56,4277.815,,49.55583664330823,46.712357178590956,41.893336981267794,53.31033948272892,30.476334479806663,49.11227099755232,46.33779523920503
2026-09-23T11:05:00-04:00,4290.295,4295.2,4289.61,4294.45,4313.56,4277.815,,49.62679166821958,47.58296931210199,41.80215922243143,52.985182410510916,30.61913603435194,49.20382935268974,47.18773114752473
2026-09-23T11:10:00-04:00,4294.47,4297.47,4293.8,4294.25,4313.56,4277.815,,51.27711845839821,49.1437156762024,41.727410897925516,52.72162088565055,30.733200910200477,50.76823089276553,48.68720917075837
2026-09-23T11:15:00-04:00,4294.24,4295.4,4290.065,4293.115,4298.74,4277.815,,50.6441778669467,49.93119102450998,41.79193183897062,52.8969642579608,30.686899419980435,50.18418551541055,49.45770068820717
2026-09-23T11:20:00-04:00,4293.13,4293.66,4290.615,4291.875,4298.74,4277.815,,49.48864485979736,50.64532845155969,41.921991185161126,53.173551759335076,30.670430610987175,49.120048563612045,50.162359363686186
2026-09-23T11:25:00-04:00,4291.88,4294.005,4282.955,4283.46,4298.74,4277.815,,45.149229016183085,48.86658171318031,42.03546344016641,53.22118537019169,30.849741510141133,45.10179906595248,48.5212174787148
2026-09-23T11:30:00-04:00,4283.5,4284.46,4280.545,4284.09,4298.74,4277.815,,41.78066439788412,47.56840768988745,42.16260149076099,53.284965900289244,31.04023708123274,41.978326018541885,47.32697978029216
2026-09-23T11:35:00-04:00,4284.035,4285.97,4278.83,4279.895,4298.74,4277.815,,40.432149085903134,46.259813839636,42.17232710024971,53.28642641917072,31.058227781328693,40.718136579060975,46.12289335914584
2026-09-23T11:40:00-04:00,4279.845,4284.675,4279.135,4284.09,4298.74,4277.815,,41.19696941090473,45.159887044940355,42.35520904841707,53.39558528039696,31.31483281643719,41.407620020729446,45.09949139973208
2026-09-23T11:45:00-04:00,4284.04,4285.33,4277.65,4278.225,4298.74,4277.815,,41.291127534612386,43.406673575697184,42.03235363888208,52.902201633157325,31.16250564460683,41.47366589328155,43.467303359293275
2026-09-23T11:50:00-04:00,4278.135,4281.54,4277.775,4281.245,4298.74,4277.815,,40.662783504599886,42.308060084269826,41.99551689203675,52.85627335502324,31.134760429050253,40.87560929861176,42.43989819493242
2026-09-23T11:55:00-04:00,4281.24,4282.755,4280.72,4282.32,4298.74,4277.815,,43.033383798869735,41.562313272575004,42.141065539583515,52.97062962479239,31.311501454374643,43.06703407038658,41.737870646943136
2026-09-23T12:00:00-04:00,4282.28,4283.385,4278.72,4279.24,4298.74,4277.815,,42.28386071605239,41.48938342708964,42.16873655127246,52.98682932722788,31.350643775317035,42.373942558412274,41.6605106213495
2026-09-23T12:05:00-04:00,4279.12,4284.55,4278.485,4282.845,4298.74,4277.815,,43.09247633906213,41.937116684340154,42.31245484910407,53.15101825249555,31.473891445712596,43.115640349367204,42.062817598607516
2026-09-23T12:10:00-04:00,4282.595,4284.13,4281.93,4283.285,4298.74,4277.65,,45.53700076366101,42.94791247787761,42.37911834692596,53.255034363595186,31.503202330256727,45.36932500290376,42.989421599590294
2026-09-23T12:15:00-04:00,4283.235,4284.985,4282.57,4284.38,4298.74,4277.65,,46.48945800190544,43.44925628176894,42.10933487158192,52.3480054959375,31.870664247226344,46.24616786332906,43.44525983935027
2026-09-23T12:20:00-04:00,4284.345,4284.49,4282.3,4282.41,4298.74,4277.65,,46.065253952401974,44.311948597246065,42.19098820727616,52.45917130442662,31.922805110125708,45.86771585840858,44.24486444676945
2026-09-23T12:25:00-04:00,4282.395,4285.865,4282.195,4285.855,4298.74,4277.65,,47.20998515139564,45.31988532371059,42.31808326045007,52.74877806952897,31.887388451371166,46.92839842541109,45.17462816129294
2026-09-23T12:30:00-04:00,4285.85,4288.095,4284.88,4287.005,4298.74,4277.65,,50.19466035789954,46.35802761411173,42.77452698451071,53.27565424974834,32.27339971927307,49.671215632378974,46.13177346448157
2026-09-23T12:35:00-04:00,4287,4289.845,4286.1,4287.995,4298.74,4277.65,,51.56422187034127,47.97141708207884,43.41658895984132,53.62460501286068,33.20857290682196,50.93310510324656,47.62010317410273
2026-09-23T12:40:00-04:00,4288,4288.14,4286.125,4286.275,4298.74,4277.65,,50.9812850843293,48.61197296990234,44.016864326698794,53.56177605994572,34.47195259345187,50.42561431199341,48.22033745380334
2026-09-23T12:45:00-04:00,4286.255,4287.03,4281.255,4283.095,4298.74,4277.65,,47.61927402558594,48.566352299771665,44.45864234389883,53.210945382113806,35.706339305683855,47.39681955545536,48.19938733197461
2026-09-23T12:50:00-04:00,4283.145,4284.465,4279.045,4283.07,4298.74,4277.65,,45.46544105432194,48.3193966991642,44.65115356242701,53.26530579463713,36.037001330216896,45.451566825206896,47.99330858576843
2026-09-23T12:55:00-04:00,4283.025,4286.125,4282.61,4284.975,4298.74,4277.65,,47.00129080046817,48.83379139921915,44.87657029750551,53.48783068720667,36.26530990780435,46.842527652377186,48.47790498739422
2026-09-23T13:00:00-04:00,4285.07,4285.9,4275.715,4278.545,4289.845,4277.65,4281.89762,44.371525592281834,47.50840825370312,45.0386620753962,53.27057693051512,36.80674722027729,44.442275066129184,47.282987625973604
2026-09-23T13:05:00-04:00,4278.535,4284.08,4278.28,4283.8,4289.845,4277.65,,44.146947135629475,47.10587333571342,45.53841604155337,52.81120141962067,38.265630663486064,44.25520746935783,46.9304740836739
2026-09-23T13:10:00-04:00,4283.855,4285.395,4277.725,4279.05,4289.845,4277.65,,45.34524908464454,45.73155888636119,45.65814497660111,52.70988827657415,38.60640167662807,45.33467699331119,45.68343673742064
2026-09-23T13:15:00-04:00,4279.15,4281.095,4276.8,4279.965,4289.845,4277.65,,43.257093187936924,44.8989613653156,45.88869743585897,52.428133137248835,39.34926173446911,43.41094011168331,44.92628145501387
2026-09-23T13:20:00-04:00,4279.945,4284.145,4279.505,4282.445,4289.845,4277.65,,45.72939142332321,45.19159242857184,45.95508522253911,52.5072733337837,39.40289711129452,45.6821630634816,45.193534882571
2026-09-23T13:25:00-04:00,4282.405,4283.69,4281.16,4282.325,4289.845,4275.715,,47.450722695437264,45.466184691348545,46.16418914048715,52.526063683264006,39.8023145977103,47.26467241817622,45.44431162443368
2026-09-23T13:30:00-04:00,4282.28,4282.585,4277.26,4280.82,4289.845,4275.715,,46.33799044958094,45.002078042604055,46.185237491719235,52.53646450660702,39.83401047683145,46.251780498176046,45.02474998137068
2026-09-23T13:35:00-04:00,4280.785,4280.975,4275.735,4276.54,4289.845,4275.715,,42.62190204370475,44.96629224889794,46.0694186638788,52.61911237212718,39.51972495563042,42.847634485942976,44.98870003009477
2026-09-23T13:40:00-04:00,4276.52,4289.665,4274.745,4288.23,4289.845,4275.715,,47.732311602413276,46.02646789025656,46.11799925622373,52.83282869306205,39.40316981938542,47.60814682607288,45.982732654717836
2026-09-23T13:45:00-04:00,4288.235,4290.965,4287.095,4290.785,4289.845,4275.715,,56.81316217792258,48.242838846977385,46.32019955294854,53.67098306186445,38.96941604403263,56.05143689027334,48.050631429226804
2026-09-23T13:50:00-04:00,4290.915,4291.745,4289.01,4291.37,4289.845,4275.715,,58.39705271315566,50.35217061174763,46.63807078974417,54.72362603590511,38.552515543583226,57.55081326413561,50.02269641256135
2026-09-23T13:55:00-04:00,4291.365,4293.365,4288.92,4293.015,4289.845,4275.715,,59.54744437840972,52.19085397700211,46.90376735943031,55.739052750217645,38.06848196864298,58.63781288220413,51.75224566314754
2026-09-23T14:00:00-04:00,4293.065,4294.94,4290.31,4290.725,4289.845,4275.715,,58.6288644059288,53.54592538617379,47.07052643371656,56.24701728486084,37.89403558257228,57.83238978462468,53.04204423154664
2026-09-23T14:05:00-04:00,4290.675,4291.125,4289.475,4290.38,4289.845,4274.745,,56.58674734509283,55.119070232862654,47.2533302699095,56.74015101582857,37.76650952399042,55.97536770178949,54.53041343560852
2026-09-23T14:10:00-04:00,4290.31,4290.65,4288.3,4289.4,4289.845,4274.745,,55.51824322467257,57.23059429502174,47.425208690473916,57.12130879941291,37.72910858153492,55.006050054623586,56.51587725116968
2026-09-23T14:15:00-04:00,4289.385,4291.495,4288.505,4290.17,4289.845,4274.745,,55.253241490133604,57.26790734363988,47.84768394484776,57.65370406171325,38.04166382798227,54.773747768710976,56.57772799064798
2026-09-23T14:20:00-04:00,4290.14,4290.94,4287.835,4288.02,4289.845,4274.745,,53.93015473877439,56.40687788383654,48.13988459287923,57.876349618196556,38.4034195675619,53.586408005865664,55.811583284196054
2026-09-23T14:25:00-04:00,4287.995,4288.545,4283.795,4286.12,4294.94,4274.745,,50.51333249890301,55.01541585385342,48.44069473384775,57.81003946764376,39.07135000005174,50.48832039854254,54.559872886192814
2026-09-23T14:30:00-04:00,4286.21,4287.47,4284.715,4286.71,4294.94,4274.745,,49.457647908853815,53.52407889253486,48.62580685746447,57.90579788464886,39.345815830280074,49.52662816711021,53.20838765131208
2026-09-23T14:35:00-04:00,4286.78,4287.845,4284.945,4285.32,4294.94,4274.745,,48.7627196002779,52.19651733795315,48.88020014947513,57.75539184598283,40.00500845296743,48.89498310518364,52.00632812063822
2026-09-23T14:40:00-04:00,4285.3,4286.775,4284.25,4284.48,4294.94,4274.745,,46.838908391792216,50.73898204873468,48.98910832141695,57.712834172027094,40.265382470806806,47.14705403429364,50.686012317741834
2026-09-23T14:45:00-04:00,4284.55,4287.265,4282.955,4286.97,4294.94,4274.745,,48.5156114487699,50.19576540198096,49.20268412888102,57.809564449106944,40.59580380865509,48.65253202709638,50.191037255630455
2026-09-23T14:50:00-04:00,4286.915,4288.435,4286.75,4288.435,4294.94,4274.745,,52.236143639015495,49.87695409127236,49.57453672865008,57.93399661469371,41.21507684260645,52.0161477146478,49.898126588009504
2026-09-23T14:55:00-04:00,4288.355,4290.755,4287.34,4290.465,4294.94,4274.745,,55.28929814637404,50.584092089866566,49.92014423519348,58.42993550303551,41.41035296735146,54.801838159758894,50.53830301388565
2026-09-23T15:00:00-04:00,4290.47,4290.735,4287.865,4288.785,4294.94,4274.745,,55.23434466971345,51.22581471150391,50.144968723123746,58.62639818818759,41.6635392580599,54.78127183207671,51.124684140447826
2026-09-23T15:05:00-04:00,4288.77,4293.535,4288.34,4289.68,4294.94,4274.745,,54.258881772199686,51.95587319367967,50.37716916285785,58.92032581175227,41.83401251396342,53.91553870001372,51.79227745185809
2026-09-23T15:10:00-04:00,4289.67,4290.29,4284.455,4284.545,4294.94,4282.955,,50.15859541356747,51.62463637244379,50.38575351495701,58.914994310387094,41.856512719526926,50.184657042721604,51.49316240831582
2026-09-23T15:15:00-04:00,4284.595,4285.87,4283.25,4284.145,4294.94,4282.955,,44.90926010002937,51.404545110318864,50.241832395130416,58.91542944486642,41.56823534539441,45.40278770142585,51.2939156424673
2026-09-23T15:20:00-04:00,4284.185,4286.035,4283.46,4286.03,4294.94,4282.955,,46.52480100880487,51.055833389596636,50.169879435598496,58.854480520456846,41.485278350740145,46.85874825385753,50.98065275881901
2026-09-23T15:25:00-04:00,4285.94,4287.22,4284.31,4286.66,4294.94,4282.955,,49.11634309574966,50.513173526528625,50.09783952603679,58.76400421594136,41.431674836132224,49.20537166017316,50.49083676976026
2026-09-23T15:30:00-04:00,4286.645,4287.31,4283.745,4285.705,4293.535,4282.955,,48.78099117947493,49.19631711333975,50.04045038237177,58.72893431579664,41.351966448946904,48.89990805185248,49.294387013702895
2026-09-23T15:35:00-04:00,4285.715,4285.94,4281.25,4282.165,4293.535,4282.955,,44.5528778641668,47.461325867801,49.91746328124743,58.846878227792125,40.98804833470273,45.024995976845915,47.70332938255145
2026-09-23T15:40:00-04:00,4282.17,4284.965,4281.765,4282.61,4293.535,4282.955,,41.83446011654934,45.646482354582496,49.82686326838515,58.91339814193497,40.74032839483532,42.516967478518694,46.037652378990025
2026-09-23T15:45:00-04:00,4282.62,4287.055,4282.45,4287.01,4293.535,4282.955,,47.06803524096485,46.57830867562882,49.921389424806065,59.01573061609285,40.82704823351928,47.272327369562426,46.87123519022026
2026-09-23T15:50:00-04:00,4286.995,4287.455,4283.415,4283.45,4293.535,4282.955,,48.53028854080133,46.681061909088776,50.07149638300395,58.84653341977831,41.29645934622958,48.568259376198164,46.9420728574964
2026-09-23T15:55:00-04:00,4283.505,4285.15,4282.125,4284.38,4293.535,4282.955,,46.22803690767179,46.49351893244795,50.04380647022032,58.83885569218177,41.24875724825887,46.44593994624578,46.75328995947404
2026-09-23T16:00:00-04:00,4284.37,4285.875,4283.55,4285.105,4293.535,4281.25,,47.90448846751691,46.3348177295937,50.22203987611409,58.773937008876786,41.67014274335139,47.98149070021043,46.59239258322133
2026-09-23T16:05:00-04:00,4285.115,4288.02,4285.06,4287.36,4293.535,4281.25,,50.863955632792454,47.0886516333958,50.49126896697653,58.88909201137102,42.093445922582035,50.699203096895616,47.26737425805779
2026-09-23T16:10:00-04:00,4287.335,4287.425,4284.9,4285.01,4293.535,4281.25,,50.72363146085906,48.097890185791485,50.515818701851494,58.894047677493624,42.13758972620936,50.57991890359068,48.17951341943412
2026-09-23T16:15:00-04:00,4285.055,4286.035,4283.48,4283.515,4293.535,4281.25,,46.96966315727953,48.55585250217586,50.46297134708489,58.90731088052632,42.01863181364346,47.13612169154126,48.58713260463568
2026-09-23T16:20:00-04:00,4283.525,4284.63,4282.795,4284.255,4293.535,4281.25,,46.39096527594191,47.904441624356366,50.51893486810802,58.8894372016853,42.14843253453074,46.59582053478222,47.98622575235407
2026-09-23T16:25:00-04:00,4284.355,4285.615,4283.79,4285.615,4293.535,4281.25,,48.69628268365528,48.603279400134134,50.82028785531728,58.644071802520465,42.9965039081141,48.70131548403653,48.62514863544664
2026-09-23T16:30:00-04:00,4285.69,4286.195,4282.755,4282.91,4288.02,4281.25,,47.46621629111759,48.258207162483735,50.50328220273768,58.38259656182159,42.623967843653766,47.567632466406224,48.30670932954278
2026-09-23T16:35:00-04:00,4282.935,4284.995,4282.935,4284.735,4288.02,4281.25,,46.774769375069816,48.280502516577826,50.22979416103182,57.823464219788185,42.63612410227545,46.92759969580956,48.32403691990354
2026-09-23T16:40:00-04:00,4284.755,4285.87,4284.51,4285.585,4288.02,4281.25,,49.715820936833055,47.93016867792391,49.99262151001282,57.204386147188536,42.7808568728371,49.620231351862465,47.99843168810474
2026-09-23T16:45:00-04:00,4285.605,4286.31,4284.915,4285.965,4288.02,4281.25,,51.04932154084937,48.37355682514648,49.7299045823518,56.33668670118711,43.12312246351649,50.84345906343172,48.399334108429564
2026-09-23T16:50:00-04:00,4286.065,4289.725,4286.065,4289.505,4288.02,4281.25,,55.02182698774057,50.23078691519849,49.78044283835468,56.54485621219155,43.016029464517814,54.51392475988385,50.106375421916894
2026-09-23T16:55:00-04:00,4289.555,4290.245,4286.695,4287.41,4288.02,4282.755,,56.061407934309585,51.13654044182296,49.69900226407043,56.29761165928124,43.10039286885962,55.51427144861346,50.94746294095277
2026-09-23T18:00:00-04:00,4293.19,4293.19,4293.13,4293.18,4288.02,4282.755,,58.28276537078503,52.96978196866412,49.943061788126,57.366681607080835,42.51944196917117,57.6720456602299,52.66944118654357
2026-09-23T18:05:00-04:00,4293.165,4294.57,4292.365,4292.835,4288.02,4282.755,,62.60683841000909,55.46243247579196,50.131566788768986,58.12865014794261,42.13448342959536,61.74004010545265,54.996722266394606
2026-09-23T18:10:00-04:00,4292.83,4292.88,4286.895,4288.23,4288.02,4282.755,,57.264999906786144,55.966990692011656,50.13922915095023,58.14150165402457,42.136956647875884,56.82292188449992,55.49667609759796
2026-09-23T18:15:00-04:00,4288.29,4288.75,4287.04,4287.895,4288.02,4282.755,,52.01083460217757,56.11815066589038,50.21965514778513,58.22564385391009,42.21366644166017,51.98152299818832,55.671377022487704
2026-09-23T18:20:00-04:00,4287.865,4292.775,4287.4,4291.65,4288.02,4282.755,,54.83638110067258,57.04900770910399,50.45562522105721,58.737571044358766,42.173679397755656,54.61861224481446,56.57529129227874
2026-09-23T18:25:00-04:00,4291.6,4291.75,4288.01,4288.5,4288.02,4282.755,,54.914390543582044,56.08745453898795,50.58151814445009,58.830952853202135,42.33208343569804,54.70778113166291,55.726764557281726
2026-09-23T18:30:00-04:00,4288.385,4289.495,4287.655,4289.145,4294.57,4282.755,,52.39656720411217,56.00191035761901,50.78254632766427,58.958224202955535,42.60686845237301,52.37418296503964,55.67812315411479
2026-09-23T18:35:00-04:00,4289.15,4291.345,4288.065,4289.555,4294.57,4282.755,,53.315314220439774,54.668182781746445,50.86385360160714,59.0778922878616,42.64981491535268,53.227554229917494,54.45690986290674
2026-09-23T18:40:00-04:00,4289.545,4290.605,4288.36,4289.4,4294.57,4282.755,,53.51141359731544,53.403217553992256,50.85756220756427,59.066407334373025,42.64871708075552,53.41074729766879,53.29832520903369
2026-09-23T18:45:00-04:00,4289.29,4291.39,4288.195,4289.765,4294.57,4282.755,,53.712331381590786,53.65313463169063,50.77109085073754,58.84811187226076,42.694069829214314,53.59517113997869,53.53469536447211
2026-09-23T18:50:00-04:00,4289.81,4290.05,4287.75,4288.275,4294.57,4282.755,,52.30690178678495,53.48780817816579,50.68535968503905,58.72727678058614,42.64344258949197,52.31208025238312,53.392770138803634
2026-09-23T18:55:00-04:00,4288.27,4291.125,4287.62,4289.51,4294.57,4282.755,,51.90826468963497,52.81652994282274,50.632819257645494,58.61426590534944,42.651372609941546,51.94588154429524,52.77105802146661
2026-09-23T19:00:00-04:00,4289.49,4290.67,4288.865,4290.45,4294.57,4282.755,,54.311551132809726,53.31556834651656,50.92965119793566,58.86319614035733,42.99610625551399,54.14231514843512,53.23120842930997
2026-09-23T19:05:00-04:00,4290.445,4291.38,4290.215,4290.84,4294.57,4282.755,,55.76936373780709,53.780186095306995,51.27164888339713,59.12426250120249,43.419035265591766,55.47683963496249,53.65753135573028
2026-09-23T19:10:00-04:00,4290.835,4291.53,4290.65,4291.365,4294.57,4282.755,,56.80270405664926,54.311965442576415,51.53423373016181,59.52034265598167,43.548124804341946,56.421799684888214,54.14384998787303
2026-09-23T19:15:00-04:00,4291.355,4293.39,4289.075,4290.015,4294.57,4282.755,,55.364968927279065,54.30977333243946,51.639215108781215,59.62376367612218,43.65466654144025,55.13374742283934,54.149817105779
2026-09-23T19:20:00-04:00,4290.02,4291.185,4289.005,4289.975,4294.57,4287.62,,53.26544145426317,54.18428260619709,51.79802492279641,59.71909025357705,43.876959592015766,53.241594196583534,54.04282800404584
2026-09-23T19:25:00-04:00,4289.895,4289.975,4289.405,4289.555,,,,52.533734726782015,54.37458274386719,52.10867727717034,59.45718475079937,44.7601698035413,52.58321949655285,54.227285461256066