time,open,high,low,close,Swing High,Swing Low,Trail,Fast,Signal,Base line,Band A,Band B,Fast,Slow
2026-08-28T12:00:00-04:00,4524.595,4529.625,4497.47,4497.995,4631.98,4530.02,,73.03079507314618,65.11766146436585,51.945203302996646,69.70892602110953,34.18148058488376,27.529313323269566,35.22730918896849
2026-08-28T12:15:00-04:00,4497.95,4503.8,4464.415,4481.285,4631.98,4530.02,,76.8402916568391,66.92402486776696,53.18065677483347,71.75520613353869,34.60610741612825,23.794803737222434,33.445946374916375
2026-08-28T12:30:00-04:00,4481.28,4487.685,4466.13,4469.32,4631.98,4530.02,,78.93847978533789,70.30402042465391,54.46356276210059,73.77048773300729,35.15663779119389,21.727228120104098,30.158486159248987
2026-08-28T12:45:00-04:00,4469.315,4485.115,4469.3,4479.545,4631.98,4530.02,,77.16950379953528,72.01138591128449,55.518210234686876,75.06120976501163,35.97521070436213,23.37035635554815,28.467786786756104
2026-08-28T13:00:00-04:00,4479.53,4482.985,4471.335,4480.84,4631.98,4530.02,,74.25045888377839,74.2053096901841,56.40095559797902,76.29051419099771,36.51139700496033,26.134461588985335,26.312802078151684
2026-08-28T13:15:00-04:00,4480.845,4486.84,4475.085,4478.125,4631.98,4530.02,,74.17754304271065,75.26762988067073,57.28060248762962,77.47360257262602,37.08760240263323,26.199811550763922,25.247999005134435
2026-08-28T13:30:00-04:00,4478.17,4481.825,4460.63,4467.43,4631.98,4530.02,,75.42356408262677,76.11255192617907,58.18644765808317,78.7613077402122,37.61158757595413,25.005343589148413,24.398091927734644
2026-08-28T13:45:00-04:00,4467.44,4475.93,4466.575,4469.43,4631.98,4530.02,,24.17677940949442,23.93453425722658,40.94166098243094,61.71413147035329,20.16919049450859,24.60760333081541,24.413224721576107
2026-08-28T14:00:00-04:00,4469.435,4471.7,4459.685,4461.395,4631.98,4530.02,,23.98691993511108,24.12379424294956,39.96365692552686,60.81239140124475,19.114922449808976,24.415535800160246,24.575443945716874
2026-08-28T14:15:00-04:00,4461.44,4463.56,4452.605,4456.21,4631.98,4530.02,,22.71780725411414,24.40775912564145,38.92797884666697,59.726002036349925,18.129955656984006,23.20589499434458,24.835700971359103
2026-08-28T14:30:00-04:00,4456.165,4458.755,4445.455,4451.335,4631.98,4530.02,,21.77082270660772,23.821030387561848,37.775794319972555,58.20065105908512,17.35093758085999,22.30275885470245,24.27041608833239
2026-08-28T14:45:00-04:00,4451.345,4458.405,4448.485,4456.95,4631.98,4530.02,,23.23597621781951,23.689597726097993,36.85633262855552,56.86737720461626,16.84528805249478,23.641995964646963,24.12356793583385
2026-08-28T15:00:00-04:00,4456.985,4462.885,4453.085,4457.19,4631.98,4530.02,,25.243320936671015,23.655562953099466,36.028300471388796,55.715661069305774,16.340939873471818,25.49555758788291,24.06920067036639
2026-08-28T15:15:00-04:00,4457.155,4463.69,4455.295,4462.155,4631.98,4530.02,,27.12616834584588,24.41809270566161,35.39866679844956,54.75527719133556,16.042056405563564,27.22745499574182,24.758456909146254
2026-08-28T15:30:00-04:00,4462.165,4467.185,4461.045,4465.12,4631.98,4530.02,,29.998454271292605,25.31889862789895,34.87942920167165,53.898592400020554,15.860266003322742,29.86970607203286,25.572658596428514
2026-08-28T15:45:00-04:00,4465.15,4465.15,4453.035,4458.545,4631.98,4445.455,,30.02084075281793,26.142070082149274,34.29499308203238,52.96338290659619,15.626603257468567,29.897670771260994,26.324781186603612
2026-08-28T16:00:00-04:00,4458.535,4462.755,4455.46,4457.9,4631.98,4445.455,,28.86585082954115,27.07548250659238,33.84845451878861,52.37331683062385,15.323592206953368,28.84291302527306,27.183235176693792
2026-08-28T16:15:00-04:00,4457.92,4460.69,4453.88,4458.175,4631.98,4445.455,,71.12048654925042,71.82687541952447,66.55065626837958,84.95476725520089,48.14654528155827,28.85493248220944,28.196830794462752
2026-08-28T16:30:00-04:00,4458.265,4458.45,4453.91,4457.195,4631.98,4445.455,,71.18509763439641,71.33053859404075,67.00380384453959,85.20596312136871,48.801644567710454,28.797169147586548,28.65614180039082
2026-08-28T16:45:00-04:00,4457.185,4460.12,4453.135,4454.99,4467.185,4445.455,,71.79123394081643,70.97960538452088,67.7548279321812,85.07857982518152,50.431076039180894,28.249828548276884,28.983765354575315
2026-08-30T18:00:00-04:00,4445.72,4459.72,4445.545,4458.945,4467.185,4445.455,,70.2489759122316,70.5805798106343,68.08079460000693,85.14746866183364,51.014120538180194,29.639178470003767,29.345205650179942
2026-08-30T18:15:00-04:00,4458.95,4466.18,4455.905,4459.735,4467.185,4445.455,,67.88459175312097,70.3747613914962,68.68756798382692,84.67592964095537,52.69920632669849,31.77031201044502,29.526795622693072
2026-08-30T18:30:00-04:00,4459.815,4462.57,4452.925,4457.9,4467.185,4445.455,,67.94983837408168,70.00077384689133,69.2417130004047,84.2974747908405,54.18595120996893,31.7194123318699,29.86570323892534
2026-08-30T18:45:00-04:00,4457.865,4462.52,4456.995,4461.43,4467.185,4445.455,,66.49642624126535,69.0496976974409,69.81823848505496,83.31347947468264,56.32299749542729,33.03307843158075,30.723985738780982
2026-08-30T19:00:00-04:00,4461.425,4466.95,4459.675,4460.575,4467.185,4445.455,,64.83662937897058,68.20538608395424,70.43125781773962,81.94178072607266,58.92073490940656,34.531873268285224,31.487686320661282
2026-08-30T19:15:00-04:00,4460.625,4465.19,4455.255,4457.71,4467.185,4445.545,,65.96522213245255,67.55830469688551,71.08815593953487,80.06368702974092,62.11262484932882,33.5432893728547,32.0800200888576
2026-08-30T19:30:00-04:00,4457.69,4458.075,4446.645,4447.625,4467.185,4445.545,,69.49088570416512,67.5481437306253,70.95975789890605,79.81063601930141,62.10887977851067,30.411531017679795,32.10531559763354
2026-08-30T19:45:00-04:00,4447.665,4460.62,4435.825,4458.495,4467.185,4445.545,,66.46505608012932,66.47718474485629,70.63312760890736,79.90496723504673,61.361287982767976,33.21045701221149,33.10038538663123
2026-08-30T20:00:00-04:00,4458.51,4463.57,4453.325,4462.13,4467.185,4445.545,,59.14555923954475,65.05127729817494,70.39878498153756,80.25014705613219,60.54742290694293,39.89216306485386,34.425844470321785
2026-08-30T20:15:00-04:00,4462.08,4465.265,4452.425,4456.905,4466.95,4445.545,,59.15250433427541,63.963660733483074,70.53702648596298,79.93621813412685,61.13783483779912,39.9427894136889,35.44992169572238
2026-08-30T20:30:00-04:00,4456.895,4472.165,4456.855,4465.405,4466.95,4445.545,,57.145738215123956,62.37965214784884,70.26831427964933,80.55037327765324,59.98625528164543,41.86998719749708,36.95067554629788
2026-08-30T20:45:00-04:00,4465.365,4469.07,4456.23,4456.305,4466.95,4445.545,,43.6630482449218,38.46481858762904,29.713502613998454,39.94259354741925,19.484411680577658,42.7092388834412,37.78631187148123
2026-08-30T21:00:00-04:00,4456.31,4463.295,4435.96,4443.735,4466.95,4435.825,,37.65987145883212,38.6560888782325,29.757601050273667,40.031949542895596,19.48325255765174,37.27212668450039,38.0160576353395
2026-08-30T21:15:00-04:00,4443.705,4454.615,4442.23,4443.925,4466.95,4435.825,,34.58442202855029,39.629192225547726,29.909540160186374,40.270708681237444,19.548371639135304,34.463977674176306,38.94415377333736
2026-08-30T21:30:00-04:00,4443.91,4453.935,4436.575,4450.96,4466.95,4435.825,,37.67421770979268,39.83873853249593,30.38730768456419,41.03569327956389,19.73892208956449,37.32639935033153,39.192041160516645
2026-08-30T21:45:00-04:00,4450.97,4452.775,4436.245,4440.26,4472.165,4435.825,,38.00237376728784,38.81431594178561,30.782638126311493,41.236483851601065,20.328792401021925,37.658203788839934,38.305879694476246
2026-08-30T22:00:00-04:00,4440.265,4441.505,4418.215,4424.46,4472.165,4435.825,,32.25005612597374,37.38232723542426,31.045456855817815,41.082316047172405,21.008597664463224,32.33700741370383,37.018960589092345
2026-08-30T22:15:00-04:00,4424.46,4428.18,4418.79,4422.995,4472.165,4435.825,,28.92598333579979,34.834807813478115,31.14119619309591,41.07645455433118,21.205937831860645,29.234058559089032,34.695614369216806
2026-08-30T22:30:00-04:00,4423.03,4426.505,4402.025,4403.305,4472.165,4435.825,,25.80656050987128,32.2804735968384,31.048810937797203,41.143235808208566,20.95438606738584,26.27121642854404,32.32238274483601
2026-08-30T22:45:00-04:00,4403.315,4422.99,4396.525,4422.985,4472.165,4435.825,,29.799090194454,32.58887030937008,31.375115795282067,41.46117764221616,21.289053948347977,29.980332917140615,32.612244721399726
2026-08-30T23:00:00-04:00,4422.91,4428.23,4421.82,4428.175,4472.165,4435.825,,38.193611745920386,33.311670658944145,31.849821280652918,41.94134810943156,21.75829445187428,37.86724571248565,33.29474504149583
2026-08-30T23:15:00-04:00,4428.21,4434.05,4426.42,4427.835,4472.165,4435.825,,39.65878763255877,33.15589028730325,32.285822161344676,42.38989681594486,22.181747506744493,39.254936492415894,33.16325533342383
2026-08-30T23:30:00-04:00,4427.8,4427.8,4419.955,4422.97,4472.165,4435.825,,38.593064545568154,33.480439452738516,32.70900625773863,42.58042295199671,22.837589563480552,38.26847116375863,33.46910714861546
2026-08-30T23:45:00-04:00,4422.95,4427.1,4421.66,4422.695,4472.165,4435.825,,37.53751515812094,34.666592867916734,33.15756968510978,42.65538952028214,23.65974984993741,37.291685962577255,34.57887777595909
2026-08-31T00:00:00-04:00,4422.82,4423.08,4417.08,4421.255,4472.165,4396.525,,37.158194222306854,35.83249970602625,33.61414575866211,42.552637822707354,24.675653694616873,36.94272919351094,35.671584472736
2026-08-31T00:15:00-04:00,4421.22,4421.59,4415.895,4415.95,4472.165,4396.525,,35.65648307774547,37.48085645873793,33.888187735693656,42.50497477699451,25.271400694392803,35.561595302518626,37.23327173995183
2026-08-31T00:30:00-04:00,4415.945,4421.955,4413,4420.28,4472.165,4396.525,,36.23301754217333,37.67076466251749,34.26059850016224,42.5994216614307,25.921775338893774,36.09768435576858,37.419399169486844
2026-08-31T00:45:00-04:00,4420.29,4425.06,4418.75,4424.635,4472.165,4396.525,,39.70129169021466,37.91162215710773,34.6279008735977,43.04989463929159,26.20590710790382,39.303959180382705,37.643761302208134
2026-08-31T01:00:00-04:00,4424.615,4426.995,4419.37,4422.735,4472.165,4396.525,,40.886308883332916,38.02148501988153,34.90106053616461,43.40352188945927,26.39859918286994,40.411186930288125,37.749756437450344
2026-08-31T01:15:00-04:00,4422.76,4440.895,4422.045,4440.41,4472.165,4396.525,,46.442437317440266,40.15430009192833,35.5938771421049,45.1987860962341,25.9889681879757,45.62742366650967,39.74631916013701
2026-08-31T01:30:00-04:00,4440.4,4442.3,4430.695,4437.77,4472.165,4396.525,,51.68594275126705,42.063892903637566,36.24341888450143,46.513678994493844,25.973158774509017,50.56169249123264,41.541186874209025
2026-08-31T01:45:00-04:00,4437.805,4443.98,4434.21,4443.07,4472.165,4413,,52.44367867695604,44.52158136468524,36.980004508352344,48.134106844897545,25.825902171807144,51.31155873264592,43.85169902846128
2026-08-31T02:00:00-04:00,4443.015,4443.265,4429.35,4432.295,4472.165,4413,,50.65792647072846,46.35001958734699,37.52830265539112,48.77219394995157,26.28441136083067,49.74832149129276,45.59453721385877
2026-08-31T02:15:00-04:00,4432.195,4439.065,4431.37,4435.96,4472.165,4413,,48.43778400461095,48.00865749681027,38.1699467404363,49.53918251549074,26.800710965381867,47.76561239293237,47.185392753365235
2026-08-31T02:30:00-04:00,4435.93,4441.21,4431.445,4439.635,4472.165,4413,,50.75215679242483,49.5074096165499,38.76366340272386,50.58150525376562,26.945821551682094,49.93630419689627,48.63235007571979
2026-08-31T02:45:00-04:00,4439.67,4442.64,4436.68,4439.47,4472.165,4413,,51.8464947087571,51.14013916121718,39.330598885252655,51.53226370999218,27.12893406051313,50.96523143063337,50.20083403917816
2026-08-31T03:00:00-04:00,4439.44,4441.91,4435.735,4436.205,4443.98,4413,,50.61338736530408,50.69910963022527,39.85561785798185,52.16047881358547,27.550756902378225,49.852804150523085,49.83960164258077
2026-08-31T03:15:00-04:00,4436.155,4448.32,4435.23,4444.02,4443.98,4413,,52.10041895251516,51.25856093300235,40.42453095547505,53.31513336878374,27.533928542166358,51.27501892066413,50.40464159044429
2026-08-31T03:30:00-04:00,4444.03,4447.225,4441.27,4446.625,4443.98,4413,,55.59168862600897,51.59854104424039,41.05728362298065,54.566042476103185,27.548524769858112,54.53534322329078,50.76068292562216
2026-08-31T03:45:00-04:00,4446.615,4447.785,4440.935,4443.25,4443.98,4413,,55.04066978045475,52.510773307209874,41.6601716562343,55.40686300228454,27.913480310184053,54.07329122248231,51.64034722792702
2026-08-31T04:00:00-04:00,4443.275,4449.53,4437.045,4438.775,4443.98,4413,,51.899747607803704,52.587673502295466,42.31555617074352,55.68350611041531,28.947606231071727,51.244324754520946,51.75460074321889
2026-08-31T04:15:00-04:00,4438.765,4441.465,4436.08,4440.165,4443.98,4413,,50.67732664087859,52.489393263910934,42.66854711041123,56.2235553592679,29.113538861554566,50.151689929166636,51.7018860085757
2026-08-31T04:30:00-04:00,4440.16,4440.275,4434.44,4435.445,4443.98,4413,,49.330203713268006,51.86873321787001,42.814130462085444,56.431679126866186,29.196581797304702,48.94433876214846,51.17720283793749
2026-08-31T04:45:00-04:00,4435.435,4437.01,4433.815,4435.645,4443.98,4413,,47.53283714016546,51.60923605672848,43.0618024912607,56.701867025558116,29.42173795696328,47.32116684562089,50.97856106431794
2026-08-31T05:00:00-04:00,4435.69,4443,4435.605,4442.915,4443.98,4413,,50.68906460552719,51.465489118730595,43.27500121624139,57.19728143363569,29.352720998847097,50.21598395889187,50.87462142028828
2026-08-31T05:15:00-04:00,4442.975,4444.26,4437.955,4439.23,4449.53,4413,,52.13239304384935,50.62086589039716,43.55999924413879,57.602178585071485,29.51781990320609,51.56679529598474,50.13040451365906
2026-08-31T05:30:00-04:00,4439.22,4444.745,4439.085,4443.015,4449.53,4413,,52.067261054212665,50.615943768375715,44.122494721852014,58.18803595933527,30.056953484368762,51.53885595418475,50.15049705791754
2026-08-31T05:45:00-04:00,4443.02,4445.54,4440.895,4445.38,4449.53,4413,,54.574985626440764,51.38521961000775,44.73591474989705,58.877351822149265,30.59447767764483,53.85050892136558,50.87502856132895
2026-08-31T06:00:00-04:00,4445.41,4453.73,4444.88,4451.6,4449.53,4433.815,,57.844813361439854,52.6637971171075,45.309000348419495,60.012644415273755,30.605356281565236,56.88824052463997,52.075225799481345
2026-08-31T06:15:00-04:00,4451.555,4452.16,4446.425,4448.425,4449.53,4433.815,,58.524415322503884,54.01213721264657,45.94309366490976,60.700530382745356,31.185656947074165,57.57721757621938,53.34156536534921
2026-08-31T06:30:00-04:00,4448.405,4451.635,4447.575,4450.94,4449.53,4433.815,,57.84713677697151,55.61073987048066,46.81471097494878,61.198444138377035,32.43097781152053,57.000402572804404,54.84072172153378
2026-08-31T06:45:00-04:00,4450.9,4455.615,4449.38,4453.93,4449.53,4433.815,,59.933536142068945,56.65341479451564,47.76706735939618,61.72378523043864,33.81034948835372,58.941267685248334,55.83450357287965
2026-08-31T07:00:00-04:00,4453.91,4457.605,4453.235,4453.73,4449.53,4433.815,,60.93543978104061,58.12589608110674,48.881115637958736,61.417401335674064,36.34482994024341,59.879634364565305,57.215818598271085
2026-08-31T07:15:00-04:00,4453.735,4464.23,4452.655,4463.365,4449.53,4433.815,,64.15149964136133,60.10605439084384,49.78779732686131,62.83279051340969,36.74280414031293,62.91137016921377,59.083793348602214
2026-08-31T07:30:00-04:00,4463.36,4464.09,4453.585,4454.865,4449.53,4433.815,,62.76483903749846,60.46585419855179,50.326481949228025,63.24399849242796,37.40896540602809,61.78610009012106,59.48313036077265
2026-08-31T07:45:00-04:00,4454.76,4456.35,4452.65,4455.46,4449.53,4433.815,,58.262400793969135,60.225365085852204,50.88212751282662,63.621788624122125,38.14246640153112,57.72692729111232,59.323418139022884
2026-08-31T08:00:00-04:00,4455.425,4460.935,4450.815,4457.305,4449.53,4433.815,,59.19011608633791,60.65605441679009,51.53807321633213,63.940993411172656,39.135153021491604,58.587602743485256,59.771811837134315
2026-08-31T08:15:00-04:00,4457.415,4458.775,4447.335,4447.705,4449.53,4433.815,,55.071712936678175,59.4323868457684,51.91355091156529,63.67640031758634,40.150701505544234,54.83727133409646,58.70538064224919
2026-08-31T08:30:00-04:00,4447.59,4449.99,4439.06,4440.535,4464.23,4433.815,,47.348256261989036,57.06026016533868,52.137488630431086,63.31832466334077,40.956652597521405,47.736472874338794,56.57044189116017
2026-08-31T08:45:00-04:00,4440.53,4441.7,4435.44,4435.8,4464.23,4433.815,,42.756440078549076,54.23838693077082,52.33119544102433,62.83506467172012,41.827326210328536,43.45130436571945,54.011572071150376
2026-08-31T09:00:00-04:00,4435.81,4446.765,4433.895,4446.06,4464.23,4433.815,,45.53497136777452,51.74125208717104,52.684662384878216,62.40955551095833,42.959769258798104,45.973878996891074,51.731158699067976
2026-08-31T09:15:00-04:00,4446.025,4448.255,4439.27,4446.105,4464.23,4433.815,,50.025670269820786,50.598624425720054,52.93851182805999,62.16635735120401,43.71066630491596,50.10377296396415,50.67376432081983
2026-08-31T09:30:00-04:00,4446.025,4447.44,4432.19,4433.87,4464.23,4433.815,4438.218784999999,45.66245908264233,48.14126874107767,52.9656123966023,62.099651538442764,43.83157325476184,46.0213077387193,48.386695969812834
2026-08-31T09:45:00-04:00,4433.795,4433.83,4415.75,4418.7,4464.23,4433.815,4437.164053704394,37.351088918425305,44.35890237774503,52.40372662811792,62.98765594051483,41.81979731572102,38.164720858658484,44.83865521086933
2026-08-31T10:00:00-04:00,4418.69,4428.03,4416.27,4427.6,4464.23,4433.815,4437.164053704394,37.01468844167267,42.98211888536181,52.1025974372144,63.1621864223056,41.043008452123196,37.74382642493106,43.50285456719415
2026-08-31T10:15:00-04:00,4427.56,4431.29,4416.555,4420.34,4464.23,4433.815,4437.164053704394,38.840109548915805,41.92800331686697,51.60351667940967,63.38397401481297,39.823059344006374,39.39525925609979,42.4554513199439
2026-08-31T10:30:00-04:00,4420.305,4436.96,4419.395,4432.935,4464.23,4433.815,4437.164053704394,41.4974715826713,42.62241360082531,51.563747149681625,63.38820073886836,39.739293560494886,41.84944657002124,43.045180911280376
2026-08-31T10:45:00-04:00,4432.92,4436.295,4426.235,4431.815,4464.23,4433.815,4437.164053704394,45.61618229924211,41.95120644014343,51.43754010850563,63.37457914197656,39.5005010750347,45.69977573118479,42.37713610117068
2026-08-31T11:00:00-04:00,4431.795,4437.765,4428.41,4435.405,4464.23,4415.75,,46.52236393847155,41.62146893472552,51.31493580533143,63.293777908295354,39.336093702367506,46.54566412673019,42.028578386356386
2026-08-31T11:15:00-04:00,4435.42,4438.005,4429.175,4432.945,4464.23,4415.75,,46.97453800910429,42.326086133418265,51.15095442029075,63.20955901432633,39.09234982625517,46.9708255018575,42.64842689063874
2026-08-31T11:30:00-04:00,4432.885,4434.505,4426.425,4427.41,4464.23,4415.75,,44.547293573000545,43.6775274074613,50.958106758725336,63.220067189276364,38.69614632817431,44.70487937233246,43.89719510454894
2026-08-31T11:45:00-04:00,4427.465,4433.725,4424.735,4426.435,4464.23,4415.75,,42.58999227745798,43.91903008649978,50.59151755705209,63.0279632179363,38.15507189616788,42.876756845642106,44.11497843941332
2026-08-31T12:00:00-04:00,4426.48,4437.47,4423.94,4434.835,4464.23,4415.75,,45.54311017174888,45.59267044255646,50.36701390847474,62.70258369140146,38.03144412554802,45.609095175610236,45.672576795837635
2026-08-31T12:15:00-04:00,4434.83,4438.73,4433.45,4438.445,4464.23,4415.75,,50.06113746838179,46.36579176813135,50.298603891636034,62.60267934778696,37.99452843548511,49.80065488271124,46.386752243039034
2026-08-31T12:30:00-04:00,4438.41,4440.4,4431.5,4435.85,4464.23,4415.75,,50.37771224285583,46.95310756930324,50.27748241641898,62.58384454010737,37.97112029273058,50.1074669910018,46.93191715578536
2026-08-31T12:45:00-04:00,4435.83,4437.705,4432.28,4433.365,4464.23,4415.75,,48.49996129683336,46.93081958480615,50.170523577280434,62.49568167356419,37.845365480996676,48.38040302736434,46.910963357505935
2026-08-31T13:00:00-04:00,4433.36,4435.405,4430.885,4433.745,4464.23,4415.75,,47.74025305116804,47.17188329560717,50.18395590688368,62.501961688119934,37.86595012564743,47.68160585349982,47.134997256254586
2026-08-31T13:15:00-04:00,4433.74,4437.28,4428.85,4430.67,4464.23,4423.94,,46.67900770332861,47.539880764899884,50.12029831629003,62.487117102123605,37.75347953045646,46.710514529564016,47.48400197385781
2026-08-31T13:30:00-04:00,4430.455,4436.955,4429.825,4436.68,4464.23,4423.94,,48.11592019751926,48.750719844196105,50.03259447111852,62.358673712568816,37.70651522966823,48.03039978299465,48.60746666692675
2026-08-31T13:45:00-04:00,4436.39,4440.15,4435.79,4436.64,4440.4,4423.94,,50.75699171952262,49.02956120712095,50.03939235603552,62.36632046731913,37.712464244751914,50.45291809817246,48.867951380304156
2026-08-31T14:00:00-04:00,4436.645,4436.88,4430.565,4433.925,4440.4,4423.94,,49.49306985863761,48.58841481284063,49.88117145961411,62.1752245240664,37.587118395161816,49.306114129877116,48.46616930897414
2026-08-31T14:15:00-04:00,4433.855,4434.695,4429.695,4429.83,4440.4,4423.94,,46.45474840332387,47.90871439582611,49.561731342910996,61.830469360941194,37.2929933248808,46.54046834164264,47.84880890905868
2026-08-31T14:30:00-04:00,4429.84,4430.36,4426.3,4429.425,4440.4,4423.94,,44.486159636233324,47.441614338383474,49.095368299307836,61.07089691682685,37.119839681788825,44.74426197506831,47.42727186546098
2026-08-31T14:45:00-04:00,4429.455,4434.8,4429.21,4431.065,4440.4,4423.94,,45.24216384591092,47.19497462289551,48.78042243252318,60.57612275029827,36.984722114748095,45.42409121028109,47.203804725281906
2026-08-31T15:00:00-04:00,4431.06,4435.475,4429.2,4433.825,4440.4,4423.94,,47.722930370951545,47.739877957704316,48.49982674601255,59.95400624344521,37.0456472485799,47.66595595781753,47.70025513067628
2026-08-31T15:15:00-04:00,4433.795,4442.485,4433.055,4440.54,4440.4,4423.94,,52.61122188763479,48.47934653435709,48.34969806461529,59.452449606902775,37.246946522327804,52.127751542559,48.374476656586005
2026-08-31T15:30:00-04:00,4440.505,4445.44,4439.145,4443.07,4440.4,4423.94,,57.074452539139656,49.54486676330919,48.27270984943014,59.170207468257615,37.37521223060267,56.230554905718755,49.351008504260925
2026-08-31T15:45:00-04:00,4443.02,4453.76,4441.575,4453.415,4440.4,4426.3,,62.049770181389334,52.06697519800042,48.22606691991105,58.9147548563792,37.5373789834429,60.9034801519569,51.68800980575166
2026-08-31T16:00:00-04:00,4453.46,4455.925,4449.79,4450.075,4440.4,4426.3,,63.90634392517356,54.53103691240908,48.33985719576397,59.349818134043,37.32989625748494,62.73407358672059,53.977752859997494
2026-08-31T16:15:00-04:00,4450.065,4450.4,4446.965,4447.415,4440.4,4426.3,,60.373926242487414,56.60633708550159,48.35027429923565,59.38577059559897,37.31477800287233,59.54218587058328,55.915988061613085
2026-08-31T16:30:00-04:00,4447.305,4449.335,4446.845,4448.255,4440.4,4426.3,,59.18067339653878,58.513468212588464,48.339301743422844,59.34515383447178,37.33344965237391,58.4707722347784,57.70537600985387
2026-08-31T16:45:00-04:00,4448.22,4449.24,4446.62,4449.24,4440.4,4426.3,,59.944925550281056,60.09833570816716,48.63693386474171,60.11558864302481,37.158279086458606,59.18120946667851,59.20606049271622
2026-08-31T18:00:00-04:00,4454.255,4455.88,4451.845,4451.935,4440.4,4426.3,,61.51504989627418,61.057419072199714,49.172642545439615,61.20669099830564,37.13859409257359,60.640502406383234,60.13759054237509
2026-08-31T18:15:00-04:00,4451.93,4452.295,4447.93,4449.935,4455.925,4426.3,,61.268492827191665,61.29663293332488,49.72587814407363,61.88190672674571,37.569849561401554,60.45833510258368,60.413997691820484
2026-08-31T18:30:00-04:00,4449.905,4451.34,4447.345,4447.88,4455.925,4426.3,,58.45758097056097,60.03107929767732,49.93279605148588,62.25252153970257,37.61307056326919,57.93611727409091,59.28977257727052
2026-08-31T18:45:00-04:00,4447.93,4448.335,4445.65,4447.125,4455.925,4426.3,,56.516304717525145,59.18519315971105,50.10768017040918,62.53833199705296,37.67702834376541,56.191636403666266,58.54472992523353
2026-08-31T19:00:00-04:00,4447.165,4447.335,4443.92,4444.145,4455.925,4426.3,,53.941464173730566,58.19323299231822,50.419796350961654,62.60623283259668,38.23335986932663,53.87122459535059,57.669497927204034
2026-08-31T19:15:00-04:00,4444.155,4444.435,4441.85,4443.42,4455.925,4426.3,,51.40229978377228,56.96280069892062,50.93422198601782,62.14009236326711,39.72835160876853,51.57997896051332,56.57593184687209
2026-08-31T19:30:00-04:00,4443.41,4448.08,4443.26,4445.74,4455.925,4426.3,,52.42209830799675,56.043853780237,51.326114578392485,62.172645900796425,40.479583255988544,52.493565469813824,55.75874249952841
2026-08-31T19:45:00-04:00,4445.72,4452.545,4445.625,4452.35,4455.925,4426.3,,57.610025116159974,55.84707933317371,52.03833466644395,62.445482332935214,41.63118699995269,57.212583444015394,55.59652642905271
2026-08-31T20:00:00-04:00,4452.395,4458.09,4446.48,4455.28,4455.925,4426.3,,62.665532616232866,56.443008005677335,52.57129463919023,63.331784596782846,41.81080468159761,61.85556488328589,56.15795100830048
2026-08-31T20:15:00-04:00,4455.275,4461.7,4452.775,4460.345,4455.925,4426.3,,66.15905602130361,58.04750077624304,53.2467390030358,64.62777807439096,41.86569993168064,65.12730782386602,57.651152300417024
2026-08-31T20:30:00-04:00,4460.45,4461.255,4452.175,4453.405,4455.925,4441.85,,63.19878098766143,58.352286940001996,53.5522603479661,64.90019225110655,42.20432844482565,62.50553804635028,57.9619229062102
2026-08-31T20:45:00-04:00,4453.375,4461.57,4451.025,4453.745,4455.925,4441.85,,58.28717935300101,59.28913368460601,53.91218849385325,65.1432077079699,42.681169279736594,58.045268100638275,58.84373615907066
2026-08-31T21:00:00-04:00,4453.81,4457.015,4445.61,4446.575,4455.925,4441.85,,54.016827876311126,59.09929496644166,54.1092917775726,64.97680895090723,43.24177460423797,54.10826000142748,58.684288917899956
2026-08-31T21:15:00-04:00,4446.595,4447.9,4438.03,4439.86,4455.925,4441.85,,46.27530526350281,57.532907100464875,54.128971610679415,64.94186726290383,43.316075958454995,46.91538609139659,57.24997062238002
2026-08-31T21:30:00-04:00,4439.845,4445.885,4436.505,4445.805,4461.7,4441.85,,46.20276329548259,55.84007730339097,54.14809490249811,64.93768005699599,43.35850974800022,46.78404167914055,55.704705556507136
2026-08-31T21:45:00-04:00,4445.77,4446.775,4439.55,4444.51,4461.7,4441.85,,48.79302496261585,53.56933348514573,54.05437675739907,64.94270168191836,43.16605183287977,49.154388932255166,53.6210632077998
2026-08-31T22:00:00-04:00,4444.485,4449.395,4442.01,4445.075,4461.7,4441.85,,48.464167134977295,50.7843947644406,54.03553342556408,64.94625231057226,43.124814540555896,48.84123895580532,51.051543022775505
2026-08-31T22:15:00-04:00,4445.045,4448.5,4440.335,4440.785,4461.7,4441.85,,46.5599485716498,48.81538136628527,53.94025836180003,65.0330952015915,42.847421522008574,47.06076696045777,49.208271468973365
2026-08-31T22:30:00-04:00,4440.77,4441.16,4431.66,4431.92,4461.7,4441.85,,40.587661546173685,45.72738967677565,53.61479274879971,65.55236967008284,41.67721582751658,41.43862851027235,46.30678885409953
2026-08-31T22:45:00-04:00,4431.77,4443.19,4427.695,4443.05,4461.7,4441.85,,42.74528394693554,45.59494024360653,53.70886284671809,65.50929590124802,41.90842979218815,43.35054420250335,46.134638383566475
2026-08-31T23:00:00-04:00,4443.04,4444.175,4438.615,4440.01,4461.7,4441.85,,47.37899875328743,46.042730673856965,53.57144442855078,65.52949529059251,41.613393566509046,47.61367889452742,46.506301083565475
2026-08-31T23:15:00-04:00,4439.99,4440.54,4431.92,4434.185,4461.7,4441.85,,43.83863955178964,44.91947631683712,53.30190095449851,65.68233575208802,40.921466156909,44.273623578110445,45.41737606898645
2026-08-31T23:30:00-04:00,4434.195,4438.915,4433.45,4438.705,4461.7,4441.85,,43.802583380247185,44.61689022175164,53.23670992982193,65.70142046611049,40.77199939353337,44.20377823098276,45.09184088320193
2026-08-31T23:45:00-04:00,4438.7,4443.425,4436.69,4436.79,4461.7,4441.85,,45.252107955438774,44.00174512268325,53.23115739874055,65.70597598596821,40.75633881151288,45.541896755332274,44.474706868851285
2026-09-01T00:00:00-04:00,4436.795,4437.81,4430.34,4431.32,4461.7,4427.695,,42.36702382461598,43.41891172259911,53.112054882079725,65.85623682336603,40.36787294079342,42.82578709013072,43.88184663453706
2026-09-01T00:15:00-04:00,4431.325,4433.87,4429.68,4429.74,4461.7,4427.695,,39.68072848666441,43.7426213913949,52.90401414231429,66.08419262707531,39.72383565755327,40.293128866664055,44.14742125639178
2026-09-01T00:30:00-04:00,4429.755,4430.685,4426.78,4427.985,4461.7,4427.695,,38.44646575448172,42.190677953326606,52.56638049287562,66.3503323209864,38.78242866476486,39.127726092400295,42.67532717450762
2026-09-01T00:45:00-04:00,4428.015,4429.75,4425.555,4426.815,4461.7,4427.695,,37.345598772934366,40.87593568272259,52.00603631203779,66.40059339064894,37.61147923342666,38.08965697632963,41.4262721369067
2026-09-01T01:00:00-04:00,4426.82,4432.745,4426.355,4429.56,4461.7,4427.695,,38.68575262639209,40.71842454607016,51.484692262714,66.10614893950762,36.86323558592038,39.29842420158674,41.25384163835799
2026-09-01T01:15:00-04:00,4429.565,4430.78,4425.47,4427,4461.7,4427.695,,39.37716300494833,39.61152986120863,50.672353536953025,65.14556324740757,36.19914382649849,39.90676974639928,40.19855542702571
2026-09-01T01:30:00-04:00,4426.945,4443.685,4423.705,4442.83,4461.7,4427.695,,46.49181809574538,41.07262744330061,50.46030839039469,64.6333612859207,36.287255494868674,46.505273278821804,41.52909207364072
2026-09-01T01:45:00-04:00,4442.875,4446.105,4440.06,4440.28,4461.7,4427.695,,53.48795928228195,42.78893999197034,50.26729665694093,64.25390991022414,36.28068340365771,53.00246472596157,43.106177608691674
2026-09-01T02:00:00-04:00,4440.13,4440.63,4431.83,4433.085,4461.7,4427.695,,49.15320476593761,43.77904923737867,49.87045729447697,63.65423484234155,36.08667974661239,48.977911553942825,44.010458555720376
2026-09-01T02:15:00-04:00,4433.105,4435.26,4427.8,4429.175,4461.7,4427.695,,44.520063828398136,44.524253727375026,49.35995184977135,62.9412561356921,35.7786475638506,44.65956735670915,44.686703684208496
2026-09-01T02:30:00-04:00,4429.155,4435.345,4428.58,4435.045,4461.7,4427.695,,45.75865510958797,46.1827796192797,48.94361054231896,61.997930451322645,35.88929063331527,45.80860256429053,46.21587158085207
2026-09-01T02:45:00-04:00,4435.11,4435.42,4428.38,4429.76,4461.7,4423.705,,46.4221619310137,46.73465638583834,48.48663826764323,61.22643664059389,35.74683989469257,46.42467855108927,46.72277635549493
2026-09-01T03:00:00-04:00,4429.755,4435.095,4429.565,4433.325,4446.105,4423.705,,45.98172260258491,48.06979664717586,48.2097365206733,60.720450700735555,35.69902234061105,46.010975245452876,47.95993029486738
2026-09-01T03:15:00-04:00,4433.31,4433.8,4426.06,4426.28,4446.105,4423.705,,44.951273273961554,46.29450072247153,47.80634230037479,60.22175546733341,35.390929133416165,45.04307564767316,46.305005603738174
2026-09-01T03:30:00-04:00,4426.21,4428.425,4412.205,4418.33,4446.105,4423.705,,39.72059630885816,44.136264369054786,47.373214881563165,60.06516761962888,34.68126214349745,40.127230686541736,44.28129199789028
2026-09-01T03:45:00-04:00,4418.36,4423.385,4417.085,4420.19,4446.105,4423.705,,38.10031672599288,43.136532711058756,47.023872708740704,59.87531871104242,34.17242670643899,38.57978297962022,43.334111725360295
2026-09-01T04:00:00-04:00,4420.145,4420.145,4389.54,4405.72,4446.105,4423.705,,35.12524819203238,41.452031330093135,46.35575311003585,59.75589370723818,32.95561251283352,35.720731277126944,41.727338832295366
2026-09-01T04:15:00-04:00,4405.675,4406.045,4381.85,4383.185,4446.105,4423.705,,27.274899055699287,37.85545955280485,45.239453528713604,59.3801606606421,31.09874639678511,28.148184932549775,38.28827811629151
2026-09-01T04:30:00-04:00,4383.085,4384,4370.08,4375.875,4446.105,4423.705,,22.38209332042917,34.583440298497564,43.9861390338121,58.55574894276912,29.41652912485508,23.358270154093447,35.13693643315371
2026-09-01T04:45:00-04:00,4375.88,4378.745,4369.365,4370.905,4446.105,4423.705,,20.824189804104023,30.667593038953164,42.572696692407746,56.894615836221526,28.250777548593966,21.81450653486548,31.37500134183797
2026-09-01T05:00:00-04:00,4370.84,4376.195,4366.55,4376.12,4446.105,4423.705,,22.630254983575227,28.20600650124433,41.599755151218794,56.01090524080912,27.188605061628465,23.466539517588288,28.97221182455803
2026-09-01T05:15:00-04:00,4376.13,4378.26,4370.575,4373.015,4446.105,4423.705,,24.57303471985712,26.33971829923858,40.58951171398752,54.967138993592634,26.211884434382405,25.26542022934447,27.128769782638752
2026-09-01T05:30:00-04:00,4373.005,4373.16,4365.645,4371.655,4446.105,4423.705,,23.89186096211739,24.14644771156561,39.827698273913285,54.69350690176012,24.961889646066453,24.606628540842934,24.979881984907372
2026-09-01T05:45:00-04:00,4371.605,4373.75,4364.545,4364.795,4446.105,4423.705,,22.647102682956806,22.774533868074133,39.199617444543634,54.84442259669481,23.554812292392455,23.40382278931849,23.609653071836334
2026-09-01T06:00:00-04:00,4364.785,4381.94,4364.41,4378.42,4446.105,4423.705,,27.811768443438545,24.2998389652054,38.74587504732246,54.18025371126898,23.311496383375932,28.187233664098578,24.991038765349888
2026-09-01T06:15:00-04:00,4378.45,4385.765,4378.315,4384.99,4446.105,4423.705,,36.528093620528836,26.816248239531177,38.4781508950091,53.684319481361776,23.271982308656426,36.341492658720696,27.31914521601555
2026-09-01T06:30:00-04:00,4384.985,4386.1,4381.55,4381.575,4446.105,4423.705,,38.241611689350705,29.276245218133024,38.14454825640324,53.07248304535431,23.21661346745217,37.964926617670564,29.605444503294198
2026-09-01T06:45:00-04:00,4381.65,4381.825,4375.245,4378.255,4446.105,4423.705,,36.65879032711564,30.824401194828436,37.89572982180121,52.73212500873016,23.059334634872265,36.492793026943474,31.040931932974168
2026-09-01T07:00:00-04:00,4378.215,4383.225,4376,4377.375,4446.105,4423.705,,35.66861579437811,32.446411239424734,37.855192623944674,52.70396069734842,23.006424550540924,35.57254230536786,32.55033652501516
2026-09-01T07:15:00-04:00,4377.38,4382.03,4375.01,4380.545,4446.105,4364.41,,36.87766538473158,34.53463102986106,37.550575788730384,52.0857423178841,23.01540925957667,36.69645718820156,34.495168689362345
2026-09-01T07:30:00-04:00,4380.44,4384.92,4378.39,4384.19,4446.105,4364.41,,39.90233818621182,37.37647852606902,37.41538906117552,51.79571848758636,23.03505963476467,39.50938473955,37.15192565365273
2026-09-01T07:45:00-04:00,4384.275,4387.385,4371.97,4374.64,4446.105,4364.41,,38.837618397944155,37.68487387400552,37.256398073798294,51.59217456410791,22.920621583488682,38.54937222771286,37.45577970753785
2026-09-01T08:00:00-04:00,4374.525,4374.77,4367.115,4371.135,4446.105,4364.41,,35.289349577409276,37.022551656606296,36.91461060218506,51.05326373302248,22.77595747134763,35.28186236076573,36.84917413995131
2026-09-01T08:15:00-04:00,4371.08,4376.265,4366.07,4368.62,4446.105,4364.41,,33.78289465102766,36.41095472019894,36.581738467656464,50.59235060480609,22.571126330506836,33.88597723035798,36.290365596877116
2026-09-01T08:30:00-04:00,4368.545,4369.13,4352.015,4365.025,4446.105,4364.41,,32.270733138871734,35.76882103139375,36.32071115008245,50.3619566884593,22.279465611705604,32.48339633657622,35.70363222841782
2026-09-01T08:45:00-04:00,4364.97,4369.82,4356.22,4356.29,4446.105,4364.41,,29.45129186841509,34.634576455638076,35.98000690187709,50.20069763769099,21.759316166063183,29.851742142779152,34.655851264708915
2026-09-01T09:00:00-04:00,4356.3,4357.75,4326.27,4329.63,4387.385,4364.41,,23.533715357631323,31.956263880793678,35.44349053850301,50.34377651166733,20.543204565338694,24.211783557285422,32.13658261958464
2026-09-01T09:15:00-04:00,4329.715,4344.805,4326.545,4343.495,4387.385,4364.41,,25.19154726959284,30.43149333660408,35.26506269579818,50.211956649898376,20.31816874169798,25.664082186089715,30.700050535148836
2026-09-01T09:30:00-04:00,4343.39,4362.39,4341.33,4361.88,4387.385,4364.41,,36.63183180594869,31.326039140223543,35.322671666712225,50.33160604008623,20.313737293338225,36.44624612138657,31.535689446348556
2026-09-01T09:45:00-04:00,4361.8,4367.575,4354.275,4365.28,4387.385,4364.41,,43.36636075329471,32.739210815428486,35.499721386877376,50.68929288722237,20.31014988653238,42.838788609225574,32.85917232042308
2026-09-01T10:00:00-04:00,4365.49,4370.9,4353.31,4370.37,4387.385,4364.41,,45.696389418850714,34.729894788172984,35.275881744541955,49.85450400796642,20.69725948111749,45.060235473358546,34.72833465863443
2026-09-01T10:15:00-04:00,4370.365,4375.695,4365.795,4365.845,4387.385,4326.27,,46.0076460922259,36.664043087815394,35.05970296393291,49.10690179521946,21.01250413264636,45.38562594549823,36.54552363725794
2026-09-01T10:30:00-04:00,4365.865,4373.335,4364.31,4367.175,4387.385,4326.27,,45.32200198492366,39.26438339288972,35.05051687507054,49.07916734047092,21.021866409670167,44.75781878153924,38.98721369828017
2026-09-01T10:45:00-04:00,4367.085,4370.41,4356.785,4360.44,4387.385,4326.27,,44.04190782803607,42.52352665078818,35.03157614038219,49.03316126258097,21.029991018183416,43.585022464783634,42.080734753685995
2026-09-01T11:00:00-04:00,4360.505,4363.18,4355.23,4357.375,4387.385,4326.27,,41.62459697161838,43.95954045061131,34.80733698460175,48.3925358402725,21.22213812893099,41.35271526628182,43.46968029262077
2026-09-01T11:15:00-04:00,4357.385,4366.035,4356.335,4365.915,4387.385,4326.27,,43.703276613134186,44.54393945284117,34.8716417099187,48.58750901869773,21.155774401139663,43.30740535006118,44.04106596187874
2026-09-01T11:30:00-04:00,4365.825,4370.955,4361.66,4370.835,4375.695,4326.27,,48.023479553454735,45.2901458220856,34.92744033465291,48.78829654706524,21.066584122240577,47.35933986199002,44.76126636483918
2026-09-01T11:45:00-04:00,4370.815,4373.955,4368.64,4372.955,4375.695,4326.27,,50.17015640381996,45.82215859140382,35.178634835204484,49.574697774020926,20.782571896388042,49.37961195949214,45.27517352934548
2026-09-01T12:00:00-04:00,4372.99,4374.79,4362.47,4362.485,4375.695,4326.27,,47.75953882992379,45.79068660428499,35.4003193064803,50.022358819752235,20.778279793208362,47.18948852851382,45.27665567427221
2026-09-01T12:15:00-04:00,4362.435,4365.655,4352.62,4352.87,4375.695,4326.27,,42.315692923671186,44.963213145331686,35.42659814095026,50.06777229526946,20.785423986631066,42.18070830193486,44.53885624945851
2026-09-01T12:30:00-04:00,4352.675,4357.82,4347.09,4354.88,4375.695,4326.27,,40.63694858345531,44.81784110583335,35.724536976564,50.40330271559786,21.045771237530143,40.627487336580195,44.43164563764266
2026-09-01T12:45:00-04:00,4354.87,4359.18,4351.07,4351.42,4375.695,4326.27,,40.47417544897833,44.63452128172024,36.20302616408433,50.492687734512145,21.913364593656507,40.47923086755733,44.28928927839438
2026-09-01T13:00:00-04:00,4351.47,4352.05,4344.435,4346.54,4375.695,4326.27,,38.40225197822565,43.303262638716625,36.66689925055203,50.33788035313175,22.995918147972304,38.56078185306136,43.075467495642705
2026-09-01T13:15:00-04:00,4346.555,4350.23,4342.845,4350.01,4374.79,4326.27,,38.60262775523739,41.94284933937244,37.24881663179805,50.1336204219508,24.364012841645298,38.736067862784935,41.825497278621505
2026-09-01T13:30:00-04:00,4349.935,4352.045,4342.83,4344.06,4374.79,4326.27,,38.472721197142356,39.9611382939516,37.59880902782068,50.017607980361575,25.18001007527978,38.60981898040248,39.99838378733138
2026-09-01T13:45:00-04:00,4344.04,4344.64,4341.09,4343.025,4374.79,4326.27,,36.680532776482345,38.77741903838916,37.961022399834825,49.791371215517415,26.130673584152238,36.95385347085161,38.90103011928943
2026-09-01T14:00:00-04:00,4343.06,4344.625,4334.515,4336.54,4374.79,4326.27,,34.81644383219377,37.81849569638663,38.24143154958988,49.45639873842279,27.026464360756975,35.224887672576244,38.011006464657484
2026-09-01T14:15:00-04:00,4336.535,4341.83,4335.655,4337.645,4374.79,4326.27,,33.74831604953599,36.80923831441222,38.61403495081007,48.8764502324685,28.351619669151646,34.22375777569809,37.07139310189454
2026-09-01T14:30:00-04:00,4337.59,4337.745,4328.51,4329.775,4374.79,4326.27,,32.40069198564246,35.511786135433525,38.51136822854305,48.937519733026974,28.085216724059123,32.95684253307456,35.86175265480526
2026-09-01T14:45:00-04:00,4329.785,4334.4,4328.305,4331.85,4374.79,4326.27,,31.575445323546575,34.85872212736105,38.322702698046406,48.87036575299083,27.775039643101984,32.16340564165067,35.24357132720578
2026-09-01T15:00:00-04:00,4331.81,4337.48,4329.265,4337.47,4374.79,4326.27,,35.38935698331752,34.593708772027846,38.343588539952854,48.88844589541473,27.798731184490975,35.63542214610785,34.97585387861181
2026-09-01T15:15:00-04:00,4337.46,4337.78,4333.455,4334.655,4374.79,4326.27,,37.33598521163506,34.53394041721611,38.36253769125343,48.89726659639815,27.82780878610871,37.405673815844544,34.89952985161779
2026-09-01T15:30:00-04:00,4334.665,4334.935,4322.745,4326.57,4374.79,4326.27,,34.38993868293274,33.93925331672796,38.2683722392796,48.90700458831682,27.629739890242377,34.69066624275424,34.32922895629827
2026-09-01T15:45:00-04:00,4326.6,4330.59,4323.67,4327.125,4374.79,4326.27,,32.54718045045858,33.88557945100606,38.107803283355025,48.84949646872812,27.36611009798193,32.98431490785642,34.259366204554986
2026-09-01T16:00:00-04:00,4327.145,4330.875,4323.74,4325.78,4374.79,4326.27,,32.475814300246,33.57568138835939,37.83151789304632,48.65110338817006,27.01193239792258,32.91432157602482,33.955104327820194
2026-09-01T16:15:00-04:00,4325.84,4329.12,4325.005,4326.13,4374.79,4326.27,,32.32294086797043,33.8633648459569,37.724586958062446,48.632531068914794,26.816642847210098,32.76844937127011,34.20553958689657
2026-09-01T16:30:00-04:00,4326.09,4330.755,4325.35,4327.75,4374.79,4326.27,,33.55016313274895,34.13988647670293,37.72921280806629,48.63355863109258,26.824866985040003,33.87166677462524,34.4431789372415
2026-09-01T16:45:00-04:00,4327.7,4330.015,4326.92,4328.405,4374.79,4322.745,,34.99332383932055,33.75021251910063,37.79578867502085,48.64442070640241,26.947156643639296,35.16784230607777,34.07194534688798
2026-09-01T18:00:00-04:00,4331.385,4331.59,4328.59,4329.36,4374.79,4322.745,,36.070874137449294,33.7784261697927,37.95275051386497,48.655603309567844,27.249897718162096,36.13306809529138,34.07957730279774
2026-09-01T18:15:00-04:00,4329.26,4329.47,4327.305,4327.96,4374.79,4322.745,,36.1522582607586,34.25373239847944,38.18996316868812,48.507241238551096,27.872685098825137,36.2062554399741,34.504970831807945
2026-09-01T18:30:00-04:00,4327.91,4329.815,4326.385,4328.23,4374.79,4322.745,,35.78992297940866,34.704924035207014,38.673703903381295,47.58633671047149,29.761071096291097,35.880976386060176,34.90719486799882
2026-09-01T18:45:00-04:00,4328.26,4331.255,4327.525,4329.32,4374.79,4322.745,,36.8743574983326,35.51045902650419,38.87718729979046,47.517525913486224,30.236848686094692,36.842537644458034,35.62731827993172
2026-09-01T19:00:00-04:00,4329.28,4332.66,4327.135,4330.835,4374.79,4322.745,,38.98464930800939,36.60826930378958,38.81210493291427,47.40337506992275,30.220834795905795,38.71508838949913,36.606234587492814
2026-09-01T19:15:00-04:00,4330.785,4331.83,4325.92,4331.105,4374.79,4322.745,,40.44495685280195,37.48040008937648,38.705340011526175,47.17437528184788,30.23630474120447,40.01184572179142,37.38165512197919
2026-09-01T19:30:00-04:00,4331.125,4335.9,4331,4333.935,4374.79,4322.745,,43.02636843151343,38.90342490155897,38.65504487483561,47.0057119158747,30.304377833796526,42.31357629994631,38.647872871455256
2026-09-01T19:45:00-04:00,4333.935,4334.01,4322.945,4324.465,4374.79,4322.745,,40.31087566685855,38.69182909777913,38.37023586885751,46.57943378803803,30.16103794967699,39.927231044664204,38.465701678942864
2026-09-01T20:00:00-04:00,4324.455,4330.55,4315.8,4328.355,4374.79,4322.745,,38.16929135463643,39.47972007123834,38.23429719070107,46.21892094335757,30.249673438044574,38.08892017802101,39.1857770823258
2026-09-01T20:15:00-04:00,4328.345,4334.59,4322.71,4325.955,4374.79,4322.745,,39.92633710586807,39.87366170533896,38.12814347343586,46.02950219778567,30.226784749086058,39.68429669555928,39.552364624514034
2026-09-01T20:30:00-04:00,4325.97,4331.8,4320.35,4330.16,4374.79,4322.745,,41.74473697061927,40.87125706332025,38.241364249465825,46.31445956680236,30.168268932129287,41.358275630062934,40.475987935355775
2026-09-01T20:45:00-04:00,4330.135,4331.48,4314.63,4315.905,4335.9,4322.745,,38.83123597353207,39.82982932405973,37.84155284757691,45.6932311608945,29.989874534259314,38.68550034868046,39.54391089856584
2026-09-01T21:00:00-04:00,4315.815,4322.905,4304.585,4317.58,4335.9,4322.745,,34.018063615718745,39.03500185272505,37.41751625312842,44.57544423066716,30.259588275589675,34.28875371477894,38.840818790495064
2026-09-01T21:15:00-04:00,4317.605,4326.815,4315.265,4317.4,4335.9,4322.745,,35.04194061950146,37.54856423491345,36.95165780144053,43.05885124707728,30.844464355803787,35.23048893316253,37.520171650913326
2026-09-01T21:30:00-04:00,4317.425,4318.655,4305.22,4309.385,4335.9,4322.745,,32.284948438235865,36.74187978740429,36.507246230087944,42.53391002432026,30.480582435855634,32.662263674764354,36.76511382766653
2026-09-01T21:45:00-04:00,4309.32,4310.005,4288.44,4291.11,4335.9,4322.745,,25.51903735877977,33.93420595038298,35.96361923879986,43.183535518325634,28.74370295927408,26.24556211714203,34.136355062090765
2026-09-01T22:00:00-04:00,4291.12,4302.1,4287.27,4296.33,4335.9,4322.745,,24.528334814313673,32.34245056124589,35.55968071425609,42.96509638172743,28.15426504678475,25.20447416573061,32.62802167628691
2026-09-01T22:15:00-04:00,4296.45,4306.66,4296.205,4304.65,4335.9,4322.745,,31.93432569876911,31.13123130128293,35.46127513584638,42.782025945275585,28.140524326417175,32.12000826640196,31.496850101044775
2026-09-01T22:30:00-04:00,4304.805,4314.855,4299.63,4309.195,4335.9,4322.745,,38.359425168787126,32.20764747417591,35.557161490171474,42.99107328608631,28.123249694256636,38.148672371357975,32.474642254194784
2026-09-01T22:45:00-04:00,4309.19,4311.21,4300.365,4303.055,4335.9,4322.745,,38.68090529461708,32.46347178096817,35.465879696986356,42.80464276363881,28.1271166303339,38.46800962450821,32.690923218110285
2026-09-01T23:00:00-04:00,4302.95,4304.455,4296.87,4300.95,4335.9,4322.745,,36.3144531719181,32.57122248915209,35.43020454751122,42.75764518834311,28.102763906679325,36.25944234896999,32.76862894442548
2026-09-01T23:15:00-04:00,4300.935,4302.685,4289.5,4293.82,4335.9,4287.27,,33.86966147793419,32.916246935167685,35.300534326483515,42.68116976226928,27.919898890697752,33.96884784844903,33.064232982020194
2026-09-01T23:30:00-04:00,4293.845,4293.995,4282.625,4288.795,4335.9,4287.27,,30.830548264327845,34.088797033594396,35.19574010234263,42.71692522248738,27.67455498219788,31.11228686485309,34.15912172948578
2026-09-01T23:45:00-04:00,4288.74,4304.04,4288.665,4303.45,4335.9,4287.27,,36.29160779815381,36.27718207340773,35.45013972346104,43.256854402402,27.64342504452009,36.23601265241584,36.216101121073116
2026-09-02T00:00:00-04:00,4303.44,4306.915,4302.265,4304.42,4335.9,4287.27,,43.31249491734392,37.33970252461578,35.83761086303095,43.8322361581212,27.84298556794071,42.8326254048019,37.21986948331433
2026-09-02T00:15:00-04:00,4304.405,4305.87,4301.32,4302.985,4335.9,4287.27,,43.23577011701816,37.670423487188025,36.136041181900545,44.29691515888705,27.975167204914037,42.770306229896406,37.53656793779838
2026-09-02T00:30:00-04:00,4303.105,4308.06,4302.72,4304.92,4335.9,4287.27,,43.627771072048,38.75309274673889,36.32222345648569,44.781436113239096,27.86301079973228,43.14455759166386,38.556026045358806
2026-09-02T00:45:00-04:00,4304.925,4307.765,4303.895,4307.465,4335.9,4282.625,,45.604739892934674,40.32479112176418,36.62243851609464,45.54811954794322,27.696757484246056,44.99851628325115,40.03344620473585
2026-09-02T01:00:00-04:00,4307.415,4310.25,4303.72,4310.12,4335.9,4282.625,,47.90044498292999,42.76188803388055,37.116959121191414,46.57705146150928,27.65686678087355,47.15114595704523,42.32239693352915
2026-09-02T01:15:00-04:00,4310.085,4314.08,4306.93,4313.22,4335.9,4282.625,,50.407916428199016,45.91832488287024,37.67307004419702,47.85951149723223,27.486628591161804,49.5049365688265,45.28848897729968
2026-09-02T01:30:00-04:00,4313.21,4325.15,4313.205,4323.31,4335.9,4282.625,,55.520239478705264,48.25578279975239,38.472513543453715,50.12249006677211,26.82253702013532,54.34674753625974,47.49689261462741
2026-09-02T01:45:00-04:00,4323.32,4326.645,4319.495,4320.12,4335.9,4282.625,,57.78627984599241,50.05369200534123,39.17091351349244,51.66712150331139,26.674705523673484,56.56282631393799,49.211403522767135
2026-09-02T02:00:00-04:00,4320.16,4329.325,4317.66,4326.69,4335.9,4282.625,,58.506164311957534,52.618752569735065,39.94051361281893,53.68067950390258,26.20034772173528,57.31900249463277,51.65366297598065
2026-09-02T02:15:00-04:00,4326.675,4328.61,4320.91,4322.875,4335.9,4282.625,,58.90439137487992,54.418440663293204,40.5774468979371,55.02651622517031,26.12837757070389,57.77950282476468,53.392816446510224
2026-09-02T02:30:00-04:00,4322.805,4326.475,4316.965,4324.31,4335.9,4282.625,,57.58952853047364,56.042977894746194,41.206316812408595,56.380649047490756,26.031984577326433,56.60239126913648,54.96905582909075
2026-09-02T02:45:00-04:00,4324.315,4325.03,4314.525,4321.875,4335.9,4282.625,,56.878283267614144,56.9835373160601,41.79662483951683,57.38477382694069,26.208475852092977,55.977428541987884,55.914611470779555
2026-09-02T03:00:00-04:00,4321.84,4331.15,4319.285,4326.81,4335.9,4282.625,,57.53230279120157,58.078516855604065,42.485280330749355,58.70451223990044,26.266048421598267,56.63360065381393,57.00581699623002
2026-09-02T03:15:00-04:00,4326.795,4329.355,4324.97,4326.88,4335.9,4282.625,,59.43810657802151,58.10292791586475,43.12390419714559,59.931051812859025,26.31675658143216,58.426059992770305,57.080129315496855
2026-09-02T03:30:00-04:00,4326.84,4331.405,4321.955,4322.63,4335.9,4282.625,,57.121235801373686,57.88850427142729,43.55213835977079,60.63468272629643,26.469593993245137,56.33280086876067,56.94009544046507
2026-09-02T03:45:00-04:00,4322.67,4325.125,4320.47,4323.17,4335.9,4282.625,,55.02062581907282,57.10705977504055,43.981296489279174,61.338098018577355,26.624494959980996,54.439481257392096,56.25740896199953
2026-09-02T04:00:00-04:00,4323.2,4331.645,4322.115,4325.575,4335.9,4282.625,,56.36448865356298,57.16281777962245,44.33673366695017,62.078937222329586,26.594530111570744,55.68385779403343,56.341339717399
2026-09-02T04:15:00-04:00,4325.56,4327.825,4322.725,4323.325,4335.9,4282.625,,56.10017996521124,56.681531613537004,44.91007909506463,62.68310185375819,27.13705633637107,55.47431796436358,55.93510230349299
2026-09-02T04:30:00-04:00,4323.275,4326.95,4319.67,4322.135,4335.9,4282.625,,54.009214810608675,56.34308393476375,45.26849387024266,63.15218256159223,27.384805178893085,53.591612692196726,55.659678046030095
2026-09-02T04:45:00-04:00,4322.14,4322.725,4312.685,4313.07,4335.9,4282.625,,48.5017865112939,54.10138410499196,45.414517295383796,63.21020695107744,27.61882763969015,48.56913979549337,53.63097062968711
2026-09-02T05:00:00-04:00,4313.045,4322.54,4312.455,4313.905,4335.9,4282.625,,44.214962721553405,51.993614261487146,45.41380126735642,63.20956384616293,27.61803868854991,44.649705957393664,51.72357689306534
2026-09-02T05:15:00-04:00,4313.925,4315.385,4304.87,4309.085,4331.645,4282.625,,42.49408999676784,49.92219958939028,45.629979296750605,63.13963084256609,28.120327750935115,43.04649982374647,49.83488461682591
2026-09-02T05:30:00-04:00,4309.09,4311.915,4307.31,4310.185,4331.645,4282.625,,40.992388708770406,47.98554651568645,45.82405568459475,63.119877489083734,28.528233880105763,41.63944504214591,48.066423688709285
2026-09-02T05:45:00-04:00,4310.165,4311.415,4308.07,4308.645,4331.645,4282.625,,40.97661689668955,45.52566480171216,45.97907790129108,63.07914168822508,28.879014114357073,41.60978847164978,45.813721953287725
2026-09-02T06:00:00-04:00,4308.68,4309.785,4301.745,4306.805,4331.645,4282.625,,39.37412580780119,43.20667389928359,46.241066118098594,62.849977791174176,29.632154445023012,40.126609867135485,43.68136423235841
2026-09-02T06:15:00-04:00,4306.83,4312.355,4306.08,4310,4331.645,4282.625,,40.82027776900551,41.75739707553983,46.879150866598465,61.983980844528126,31.774320888668804,41.40433592192343,42.33164287606679
2026-09-02T06:30:00-04:00,4310.125,4310.75,4307.275,4309.53,4331.645,4282.625,,42.88271716636517,41.601225515018236,47.320735668219264,61.47840214097863,33.1630691954599,43.25572714530381,42.16324633230425
2026-09-02T06:45:00-04:00,4309.465,4310.53,4305.285,4309.395,4331.645,4282.625,,42.54815226160725,41.28116551555521,47.50349360558895,61.38630447437629,33.62068273680161,42.95003385263404,41.8460222747069
2026-09-02T07:00:00-04:00,4309.35,4324.675,4307.705,4322.815,4331.645,4282.625,,50.63571997021444,43.927405507431544,48.042870656538526,62.11362434300395,33.9721169700731,50.36985395264962,44.25563322627657
2026-09-02T07:15:00-04:00,4322.825,4323.305,4315.615,4321.99,4331.645,4301.745,,58.25619602789972,46.21368189244931,48.654981295782044,62.60623912146979,34.703723470094296,57.367314752566806,46.33969933482715
2026-09-02T07:30:00-04:00,4321.965,4333.025,4321.815,4324.65,4331.645,4301.745,,58.997683425400965,49.07628165849195,49.3771783185081,63.19097537869255,35.56338125832365,58.07998403405521,48.96140338696383
2026-09-02T07:45:00-04:00,4324.755,4333.1,4323.51,4332.495,4331.645,4301.745,,63.51777960427141,53.1118686914408,50.39898824439012,64.11399543668213,36.68398105209811,62.35810105109047,52.69155395881429
2026-09-02T08:00:00-04:00,4332.5,4336.46,4329.18,4333.175,4331.645,4301.745,,67.00117694516449,56.55653856596594,51.50486235855732,64.68118323931454,38.3285414778001,65.66983025098412,55.89440176669547
2026-09-02T08:15:00-04:00,4333.125,4344.385,4330.02,4336.48,4331.645,4301.745,,68.45439855072162,60.418063372685495,52.290917112188225,66.13725147601136,38.444582748365086,67.06510851692809,59.49423435070695
2026-09-02T08:30:00-04:00,4336.475,4337.88,4327.495,4334.46,4331.645,4301.745,,68.04175575459303,63.840425278247594,52.959524760748444,67.11047483467543,38.80857468682146,66.76366521133762,62.698296440610775
2026-09-02T08:45:00-04:00,4334.465,4339.43,4330.6,4331.525,4331.645,4301.745,,64.16626501738094,64.28393338616164,53.522122694562505,67.57916752323531,39.4650778658897,63.26176798702849,63.177638360529485
2026-09-02T09:00:00-04:00,4331.61,4344.625,4330.85,4339.475,4331.645,4301.745,,65.07641113403963,65.78905816571614,54.221209470277365,68.59902955573757,39.84338938481716,64.21222572996558,64.65398529129614
2026-09-02T09:15:00-04:00,4339.69,4358.655,4336.735,4358.4,4331.645,4301.745,,73.01460184753473,68.288767221057,55.13446751542133,70.72249679170284,39.546438239139825,71.8592869150692,67.1145820408192
2026-09-02T09:30:00-04:00,4358.365,4379.47,4357.105,4378.125,4331.645,4301.745,,80.59571515413273,70.66846832281938,56.144460656818694,73.43818030583937,38.85074100779802,79.34719171324184,69.50801119476795
2026-09-02T09:45:00-04:00,4378.085,4385.515,4367.755,4385.12,4331.645,4301.745,,84.14423551786255,73.18678395611359,57.118956873636826,76.05866828010184,38.1792454671718,82.93602423789272,72.04778032279309
2026-09-02T10:00:00-04:00,4385.105,4397.75,4378.92,4387.87,4331.645,4301.745,,85.15480821915531,75.44001394237185,57.88767058272752,78.34623654337128,37.42910462208377,83.96983143516997,74.33793202855135
2026-09-02T10:15:00-04:00,4387.86,4397.31,4384.92,4387.67,4331.645,4301.745,,85.30778807328133,78.11993604716739,58.737869122300886,80.50648870446805,36.96924954013372,84.13778153027374,77.01181355677484
2026-09-02T10:30:00-04:00,4387.7,4388.255,4381.325,4385.545,4331.645,4301.745,,83.82886849398007,81.05790064997161,59.37724141696415,82.09057829346125,36.66390454046704,82.76682650432994,79.91080589063748
2026-09-02T10:45:00-04:00,4385.525,4386.85,4374.41,4377.04,4331.645,4301.745,,77.46768128801332,81.66029894830272,59.82982735248521,82.8112224034587,36.84843230151172,76.85281074638537,80.62340927575191
2026-09-02T11:00:00-04:00,4377.065,4381.045,4372.65,4372.815,4331.645,4301.745,,70.24205092108356,80.26574324241413,60.1215074399412,83.20529417583384,37.03772070404855,70.11671293642661,79.41292761102531
2026-09-02T11:15:00-04:00,4372.76,4373.02,4365.64,4372.67,4397.75,4301.745,,67.94344706736578,78.04536520922646,60.48071934070589,83.62387829216104,37.33756038925074,67.96498592411973,77.3713504788599
2026-09-02T11:30:00-04:00,4372.68,4375.3,4366.09,4366.35,4397.75,4301.745,,64.57560365864825,74.6747055683529,60.53581925567335,83.67798117864524,37.39365733270147,64.81441604434737,74.23532527001234
2026-09-02T11:45:00-04:00,4366.28,4373.99,4364.64,4373.195,4397.75,4301.745,,63.262561559908406,71.79043759229877,60.705687280816875,83.88111863558933,37.53025592604441,63.566127804298276,71.54172087003941
2026-09-02T12:00:00-04:00,4373.18,4374.91,4368.92,4372.455,4397.75,4301.745,,64.85436287652018,68.83086979784972,60.990709083623145,84.12664632676479,37.85477184048151,65.03601349398645,68.77767725964453
2026-09-02T12:15:00-04:00,4372.445,4372.53,4367.7,4368.665,4397.75,4301.745,,62.484398756593585,65.69201766733121,61.14473274772986,84.22504132348219,38.064424171977535,62.82398038192589,65.84376483506682
2026-09-02T12:30:00-04:00,4368.62,4370.58,4364.52,4365.02,4397.75,4301.745,,58.67686779794256,63.462065943543784,61.12673138623371,84.21516201647472,38.0383007559927,59.2650930185599,63.75261505169441
2026-09-02T12:45:00-04:00,4365.01,4370.745,4364.645,4368.4,4397.75,4301.745,,58.08527222042066,62.21865232428466,61.26150288038924,84.28610828813882,38.236897472639654,58.68185724922835,62.576663210153036
2026-09-02T13:00:00-04:00,4368.405,4371.245,4367.625,4368.995,4397.75,4301.745,,59.535980341688514,61.05993259335029,61.45183524100312,84.37145348538141,38.53221699662483,60.005345921425025,61.47843219378164
2026-09-02T13:15:00-04:00,4368.95,4370.01,4364.735,4369.95,4397.75,4301.745,,60.124972985593075,60.94704356055461,61.945219731818604,84.31745295833517,39.57298650530203,60.54115610008493,61.35573179750663
2026-09-02T13:30:00-04:00,4369.955,4377.745,4366.635,4376.605,4397.75,4301.745,,62.90204691188798,60.95692840820159,62.55107548749338,84.40378544044194,40.69836553454482,63.077724189808094,61.338888303927284
2026-09-02T13:45:00-04:00,4376.595,4380.855,4375.465,4377.08,4397.75,4364.52,,65.47113110581301,61.12326305463828,63.29681038529185,84.23946470508355,42.35415606550014,65.4270590959948,61.46745911236615
2026-09-02T14:00:00-04:00,4377.075,4377.68,4370.265,4370.35,4397.75,4364.52,,61.52024284356026,60.68145529019206,63.75859631895161,83.87811740925977,43.63907522864345,61.783199406184266,61.04152231085825
2026-09-02T14:15:00-04:00,4370.365,4379.85,4369.32,4373.24,4397.75,4364.52,,58.5806681706094,61.0957774468288,64.33234281316948,83.37378179196472,45.29090383437424,59.057072980480456,61.40802481577202
2026-09-02T14:30:00-04:00,4373.23,4378.25,4372.645,4373.165,4397.75,4364.52,,59.70769890788419,61.14500577232451,64.9546888542506,82.61358035762915,47.295797350872064,60.08103404358522,61.44128710924593
2026-09-02T14:45:00-04:00,4373.085,4375.93,4372.71,4374.265,4397.75,4364.52,,60.14519499250713,61.26983877563412,65.46910264984605,82.07984096478296,48.85836433490914,60.47587073525024,61.54246047686494
2026-09-02T15:00:00-04:00,4374.24,4380.475,4371.83,4379.28,4380.855,4364.52,,62.71366278052491,61.88463142801931,66.12121506684824,81.4390683957069,50.80336173798958,62.81012553961557,62.08956409196896
2026-09-02T15:15:00-04:00,4379.25,4383.18,4378.34,4381.25,4380.855,4364.52,,65.55745482812318,62.028526751701314,66.8225910361117,80.61578497400119,53.02939709822222,65.4029131552013,62.206800181263006
2026-09-02T15:30:00-04:00,4381.365,4388.785,4381.25,4388.17,4380.855,4364.52,,68.69069285438039,62.804506213324274,67.18327229532859,80.8339642336073,53.53258035704989,68.29950780258818,62.91026372242421
2026-09-02T15:45:00-04:00,4388.13,4391.365,4384.985,4391.205,4380.855,4364.52,,71.97311622194911,65.01506200266957,67.62946869458519,81.09824844506159,54.160688944108784,71.35233542555363,64.94083904393996
2026-09-02T16:00:00-04:00,4391.23,4391.67,4385.965,4386.11,4380.855,4364.52,,69.14732262928587,65.8235503443747,67.78030989555711,81.10587108629426,54.45474870481997,68.79017104174827,65.69114888278645
2026-09-02T16:15:00-04:00,4386.19,4387.775,4384.055,4386.295,4380.855,4364.52,,65.48274436148407,66.66507498941237,67.74505485677416,81.08177755515013,54.408332158398196,65.43959089699337,66.47185528777085
2026-09-02T16:30:00-04:00,4386.29,4389.86,4385.74,4387.83,4380.855,4364.52,,66.15205082715198,67.53979486855894,67.73036130037991,81.06920791417397,54.39151468658585,66.05315274481563,67.28465802837655
2026-09-02T16:45:00-04:00,4387.88,4390.665,4387.285,4388.22,4380.855,4364.52,,66.90978359620696,67.86396665103582,67.65419515356743,80.9830135441197,54.325376763015164,66.74730030458828,67.59676236347734
2026-09-02T18:00:00-04:00,4391.29,4391.835,4389.985,4390.035,4380.855,4364.52,,67.81989376796778,68.18620599422883,67.7173105952843,81.04381463191854,54.39080655865008,67.5791997192057,67.90645418952067
2026-09-02T18:15:00-04:00,4390.04,4390.94,4387.95,4389.945,4380.855,4364.52,,68.4882160690718,67.80611614094767,67.90842756837277,81.13471708742792,54.68213804931763,68.19119083075965,67.56581465724062
2026-09-02T18:30:00-04:00,4389.95,4390.005,4384.975,4385.315,4380.855,4364.52,,64.29802205386157,65.99332194620382,67.67152300233266,81.06430909250705,54.27873691215827,64.39614960634715,65.91897252689026
2026-09-02T18:45:00-04:00,4385.32,4385.46,4383.535,4384.75,4380.855,4364.52,,59.72155692840592,65.11304022641053,67.12648374960048,80.39954774806372,53.85341975113724,60.24738087022766,65.12501746537758
2026-09-02T19:00:00-04:00,4384.755,4386.845,4383.965,4384.11,4380.855,4364.52,,58.694037143379816,64.05369131245975,66.38318900170013,79.05314498919304,53.713233014207226,59.31063859140693,64.1678432967227
2026-09-02T19:15:00-04:00,4384.14,4384.3,4382.015,4382.35,4391.835,4364.52,,56.59409127311031,62.38219463954148,65.50588702932095,77.42419174660485,53.58758231203704,57.39642739966751,62.65166736676384
2026-09-02T19:30:00-04:00,4382.275,4385.58,4381.25,4385.45,4391.835,4364.52,,57.11801634307214,61.2560435258498,64.73396595016582,75.36314115560226,54.10479074472939,57.8206232920533,61.61736415028413
2026-09-02T19:45:00-04:00,4385.435,4388.94,4384.6,4385.73,4391.835,4364.52,,59.366556712358445,59.96695548079595,63.979932243384305,72.99856039925152,54.9613040875171,59.81351687139775,60.43290083881872
2026-09-02T20:00:00-04:00,4385.735,4392.785,4384.61,4390.33,4391.835,4364.52,4387.473135,62.318817477635235,59.49335821401076,63.46866883155735,70.84426343578532,56.09307422732938,62.46449050696991,59.98116405777278
2026-09-02T20:15:00-04:00,4390.27,4390.405,4385.28,4387.245,4391.835,4364.52,,62.14361226836503,59.35140982779693,63.07851641869915,70.09082885606952,56.06620398132878,62.27663173513314,59.82732430418614
2026-09-02T20:30:00-04:00,4387.225,4389.96,4382.505,4387.785,4391.835,4364.52,,59.54234924624168,59.4421560191067,62.83927461539018,69.76211016204644,55.916439068733915,59.9088200846422,59.884432404748374
2026-09-02T20:45:00-04:00,4387.905,4397.985,4385.835,4395.585,4391.835,4381.25,,35.9240013632253,39.11088688837596,37.1489805478062,44.094978530699606,30.202982564912787,64.04177268640599,61.1790769027573
2026-09-02T21:00:00-04:00,4395.645,4409.475,4387.365,4401.49,4391.835,4381.25,,29.413905638560777,36.56012881279931,36.807167107975054,44.2598565197576,29.354477696192518,70.04270196893184,63.49765371025246
2026-09-02T21:15:00-04:00,4401.4,4403.815,4394.08,4401.765,4391.835,4381.25,,26.994011387475666,34.57146623996104,36.57583778000526,44.49098908307462,28.660686476935894,72.31348700971998,65.31989510780492
2026-09-02T21:30:00-04:00,4401.705,4409.54,4400.495,4401.075,4391.835,4381.25,,27.60834104861479,32.83867103022024,36.36379675063005,44.59159664562459,28.13599685563551,71.7587774381536,66.91058530075414
2026-09-02T21:45:00-04:00,4401.02,4412.625,4400.47,4410.565,4391.835,4381.25,,25.131088548652983,30.985725104614815,35.84733703325506,44.91753931411506,26.777134752395057,74.13900472676019,68.65547059917358
2026-09-02T22:00:00-04:00,4410.53,4415.59,4409.22,4411.235,4391.835,4381.25,,21.754427482595617,28.238110959066134,35.212696473014645,44.84685984933239,25.5785330966969,77.34683262628467,71.21635698394029
2026-09-02T22:15:00-04:00,4411.24,4413.455,4406.795,4411.65,4391.835,4381.25,,21.447353698175633,25.554211660162622,34.64337385199602,44.866856421278605,24.419891282713436,77.6423701342404,73.72219918477307
2026-09-02T22:30:00-04:00,4411.655,4418.105,4409.6,4413.755,4391.835,4381.25,,20.70583054737233,23.89006215453672,34.05045005472411,44.89062868778149,23.210271421666732,78.354317118511,75.30565539311316
2026-09-02T22:45:00-04:00,4413.725,4420.565,4411.655,4420.425,4391.835,4381.25,,81.58610714221786,77.58864913434556,66.61904580427603,78.32902948608941,54.90906212246265,80.57608422855138,76.7317369732358
2026-09-02T23:00:00-04:00,4420.415,4430.21,4419.4,4428.88,4391.835,4381.25,,84.81520852756519,79.4840006783321,67.23855945208044,80.1245872410077,54.35253166315318,83.75234706825461,78.57390112412304
2026-09-02T23:15:00-04:00,4428.92,4431.375,4424.695,4429.54,4391.835,4381.25,,86.47821758666029,81.61338017299558,67.85475677373763,81.77200097963521,53.93751256784005,85.40844402190484,80.63164171145043
2026-09-02T23:30:00-04:00,4429.52,4432.245,4426.61,4426.61,4391.835,4381.25,,83.58228531880646,81.9735360690348,68.53632665650667,82.5556440440448,54.51700926896855,82.75484854521352,81.03557078653827
2026-09-02T23:45:00-04:00,4426.655,4432.685,4425.39,4431.485,4391.835,4381.25,,81.65940559322563,82.58876105180164,69.2123295633033,83.52807917997083,54.89657994663577,81.03204218115258,81.68455872712697
2026-09-03T00:00:00-04:00,4431.455,4435.905,4425.665,4431.315,4391.835,4381.25,,82.56511864851578,83.11995673951806,69.88088075889677,84.37658508162514,55.3851764361684,81.90976403802556,82.25482618761974
2026-09-03T00:15:00-04:00,4431.275,4436.96,4430.07,4436.595,4391.835,4381.25,,83.47755812317385,83.78401495767199,70.58482151216604,85.37807442585905,55.791568598473035,82.7982618311137,82.95425721644202
2026-09-03T00:30:00-04:00,4436.625,4438.665,4435.595,4438.14,4391.835,4381.25,,84.85316747805177,84.05340254975633,71.18320456463364,86.40334825660085,55.96306087266643,84.12790346226541,83.2696316829666
2026-09-03T00:45:00-04:00,4438.145,4438.725,4434.03,4437.405,4391.835,4381.25,,84.33399144124331,83.64652436158003,71.68932366587899,87.21000613120835,56.16864120054964,83.6682108946481,82.93021830969731
2026-09-03T01:00:00-04:00,4437.4,4440.355,4428.91,4429.725,4391.835,4381.25,,76.12786109061393,81.09615783660023,71.62068504911795,87.16170788483024,56.07966221340567,76.08065871214964,80.60455016589368
2026-09-03T01:15:00-04:00,4429.69,4430.92,4422.76,4425.18,4391.835,4381.25,,65.22689685162861,78.40212765667206,71.29248723233071,87.06166871073036,55.52330575393107,65.93899493757571,78.12568870751508
2026-09-03T01:30:00-04:00,4425.2,4432.76,4422.585,4432.295,4391.835,4381.25,,64.54435292501171,76.2061427885391,71.34992212533717,87.07198203951882,55.627862211155524,65.2265439234702,76.08869352084159
2026-09-03T01:45:00-04:00,4432.315,4439.4,4428.53,4431.155,4391.835,4381.25,,66.52561061685121,73.81941107619647,71.35383230617587,87.07215658737032,55.63550802498143,67.01963633554396,73.87136650680604
2026-09-03T02:00:00-04:00,4431.185,4436.38,4425.745,4427.065,4391.835,4381.25,,62.78148602198675,70.29297933105707,71.15165360738627,87.13519935658705,55.16810785818548,63.49349611323375,70.57304617287589
2026-09-03T02:15:00-04:00,4427.095,4430.855,4417.575,4421.615,4440.355,4381.25,,56.48933371392431,65.71545857216006,70.7408646660416,87.4396836276946,54.0420457043886,57.53773295688532,66.27417493384031
2026-09-03T02:30:00-04:00,4421.565,4426.22,4420.435,4425.65,4440.355,4381.25,,55.05237109534671,61.92680208937232,70.40062286193798,87.50979149671093,53.291454227165026,56.09769393635728,62.69575561336422
2026-09-03T02:45:00-04:00,4425.6,4428.98,4420.59,4420.59,4440.355,4381.25,,54.108779759289504,59.42429247749594,69.89501547134853,87.7866470176337,52.00338392506336,55.122140796498726,60.28602695794005
2026-09-03T03:00:00-04:00,4420.61,4431.635,4419.165,4422.175,4440.355,4381.25,,52.02643576685572,58.15524177943721,69.67876484505528,87.98576803198146,51.3717616581291,53.10789693845729,59.029727613616096
2026-09-03T03:15:00-04:00,4422.22,4430.365,4421.8,4426.59,4440.355,4381.25,,54.9936333075377,56.69551544393193,69.61690231717981,88.02496427408634,51.20884036027327,55.81930446569109,57.59824425571744
2026-09-03T03:30:00-04:00,4426.515,4430.86,4423.72,4426.825,4440.355,4417.575,,57.2603098630207,55.508012992628494,69.59442794621063,88.04035277889643,51.148503113524825,57.89232759464684,56.42192511621692
2026-09-03T03:45:00-04:00,4426.755,4431.085,4424.44,4428.91,4440.355,4417.575,,58.39472845676508,55.442156139582885,69.72282215151245,87.94079680369627,51.50484749932862,58.929032828853465,56.29411188875165
2026-09-03T04:00:00-04:00,4428.86,4443.715,4428.135,4431.405,4440.355,4417.575,,60.60453098509848,56.6837836415354,69.7995170428004,87.9149440361199,51.6840900494809,60.95062744034206,57.39703782577599
2026-09-03T04:15:00-04:00,4431.41,4439.585,4430.735,4438.32,4440.355,4417.575,,64.64766223383158,58.183667893435704,70.03347541748145,87.93139368030297,52.135557154659935,64.68125650950464,58.74655833822232
2026-09-03T04:30:00-04:00,4438.33,4439.715,4431.5,4434.46,4440.355,4417.575,,64.70527460250398,59.71135359673953,69.93989687367504,87.92646216632704,51.953331581023036,64.72414726993529,60.140468246757855
2026-09-03T04:45:00-04:00,4434.475,4440.14,4434.055,4434.97,4440.355,4417.575,,62.13076526731364,61.070619179280826,70.03271971153725,87.89434204703447,52.17109737604004,62.32996118285239,61.38143383662092
2026-09-03T05:00:00-04:00,4435.025,4442.04,4434.245,4438.07,4440.355,4417.575,,63.70334905852815,62.19984381130822,70.18466156851542,87.87523946132148,52.49408367570936,63.78026092828287,62.4150272360698
2026-09-03T05:15:00-04:00,4438.025,4438.39,4432.17,4435.265,4443.715,4417.575,,62.91719036205001,62.68687075043205,69.96455451890638,87.83513751921146,52.09397151860131,63.04796350570798,62.85447266835268
2026-09-03T05:30:00-04:00,4435.225,4438.04,4429.645,4430.115,4443.715,4417.575,,57.27165334971191,61.878965209293035,69.40145915606088,87.78861635308323,51.014301959038534,57.794340757324576,62.09082950134725
2026-09-03T05:45:00-04:00,4430.045,4430.575,4425.595,4427.62,4443.715,4417.575,,52.22517901923176,60.292770188755846,68.74215395459507,87.7913103562839,49.692997552906235,53.07217057416965,60.603484992303414
2026-09-03T06:00:00-04:00,4427.66,4429.965,4423.105,4424.535,4443.715,4417.575,,48.886493119774315,57.375774033848096,68.01880234243671,87.9430389680636,48.09456571680982,49.924612921363405,57.87464561902118
2026-09-03T06:15:00-04:00,4424.56,4425.71,4419.09,4422.66,4443.715,4417.575,,46.03113315261251,54.95730120307257,67.0458140546695,87.72500331319031,46.366624796148706,47.22466871370244,55.60363397623688
2026-09-03T06:30:00-04:00,4422.665,4426.4,4420.235,4425.785,4443.715,4417.575,,47.033898355466235,53.06238348760598,66.18282150938153,87.1716654693568,45.193977549406256,48.08575304802325,53.804871866212856
2026-09-03T06:45:00-04:00,4425.69,4428.64,4424.115,4427.345,4443.715,4417.575,,49.921588517659764,48.935538104409694,34.62914093471191,55.70963110593981,13.548650763484005,50.84134442740783,51.906800690272576
2026-09-03T07:00:00-04:00,4427.38,4432.83,4425.12,4432.715,4443.715,4417.575,,45.8373116549305,49.43890280295987,35.295500908710125,56.08006811850602,14.51093369891423,54.56786054908629,51.381985307178084
2026-09-03T07:15:00-04:00,4432.67,4438.135,4430.36,4434.465,4443.715,4417.575,,41.82799725384483,48.67829541971162,36.006441193303836,56.17041352436429,15.84246886224338,58.239507028487594,52.03399105346201
2026-09-03T07:30:00-04:00,4434.495,4439.32,4426.615,4438.73,4443.715,4419.09,,38.83907856699241,46.88583354188108,36.68692956133117,55.83975548572481,17.53410363693753,61.004500579068875,53.648365308577866
2026-09-03T07:45:00-04:00,4438.74,4445.745,4436.67,4444.28,4443.715,4419.09,,34.464150779808364,43.92133653387811,37.23834521486083,55.290716397440264,19.185974032281393,65.08493532694226,56.36551174077025
2026-09-03T08:00:00-04:00,4444.25,4450.26,4441.155,4443.895,4443.715,4419.09,,32.480299658676756,40.74624291653516,37.63178750118313,55.02544377665647,20.238131225709793,66.95254058748063,59.284900129657345
2026-09-03T08:15:00-04:00,4443.865,4449.355,4437.855,4446.75,4443.715,4419.09,,31.654606230931506,37.83233784427746,38.02152238098771,54.57680987052143,21.466234891453993,67.73627940469746,61.97994784267717
2026-09-03T08:30:00-04:00,4446.735,4478.825,4446.735,4468.17,4443.715,4419.09,,24.99974019759773,33.62571482508886,38.07677919801334,54.460667734043966,21.692890661982716,74.14756009336826,65.94381889136032
2026-09-03T08:45:00-04:00,4468.075,4495.23,4465.54,4493.535,4443.715,4419.09,,16.400355016308794,29.421778804671263,38.01434080095728,54.63284553779762,21.395836064116935,82.60204835346688,69.98971578678591
2026-09-03T09:00:00-04:00,4493.585,4496.01,4484.795,4485.77,4443.715,4419.09,,17.43441239898408,26.6561191522715,38.211342720191915,54.19972034255216,22.222965097831676,81.81630229324531,72.68004610986252
2026-09-03T09:15:00-04:00,4485.785,4488.045,4476.965,4480.23,4443.715,4419.09,,24.23919204561176,25.25038265570535,38.51864571194876,53.64468945525745,23.392601968640065,75.36657225867765,74.0931648381027
2026-09-03T09:30:00-04:00,4480.27,4482.445,4468.085,4470.185,4443.715,4419.09,,31.253940325093453,25.738916165210085,38.6455663328806,53.657859991617904,23.6332726741433,68.69704106997457,73.71207632215747
2026-09-03T09:45:00-04:00,4470.07,4471.16,4456.925,4470.785,4443.715,4419.09,,35.448702982799375,26.098497891168947,38.55838687867981,53.59813822075601,23.51863553660361,64.70280237303544,73.45038249111836
2026-09-03T10:00:00-04:00,4470.78,4473.02,4458.385,4469.39,4443.715,4419.09,,35.92161388042071,26.95806120792129,38.67297614496485,53.63200268596047,23.713949603969226,64.25446845411719,72.71727319342025
2026-09-03T10:15:00-04:00,4469.385,4481.015,4469.32,4477.43,4496.01,4419.09,,34.61044322600736,28.844413042143145,38.62521357531856,53.62722053941158,23.62320661122554,65.48321316852886,70.9748547983071
2026-09-03T10:30:00-04:00,4477.435,4479.81,4466.025,4473.085,4496.01,4419.09,,34.641585691471604,32.16984140082495,38.521392128109454,53.52731661319851,23.5154676430204,65.44852674727593,67.81626702022284
2026-09-03T10:45:00-04:00,4473.07,4485.425,4470.71,4485.365,4496.01,4419.09,,33.83472301931042,33.530216076522095,38.05604044197941,53.005033344243834,23.107047539714983,66.20506269980541,66.51450062875284
2026-09-03T11:00:00-04:00,4485.37,4504.415,4484.28,4503.67,4496.01,4419.09,,28.03567206491323,33.254549977768235,37.5265711375365,52.82372262631158,22.22941964876142,71.7087019565998,66.77116121962918
2026-09-03T11:15:00-04:00,4503.675,4510.93,4501.685,4506.51,4496.01,4419.09,,24.596055260014623,31.627963200785288,36.80338367840908,52.183628899047285,21.42313845777086,74.9992616684182,68.31513508545102
2026-09-03T11:30:00-04:00,4506.51,4509.75,4494.9,4494.98,4496.01,4419.09,,28.855156431952878,31.370679534669236,36.40195891393702,51.52476491530002,21.279152912574034,70.98639845893233,68.5664743870283
2026-09-03T11:45:00-04:00,4495.05,4495.635,4486.18,4493.345,4496.01,4419.09,,34.128214124179436,31.11556327043064,36.16349235086302,51.182039371497126,21.144945330228907,66.00758152861479,68.81602453530748
2026-09-03T12:00:00-04:00,4493.335,4495.445,4487.77,4494.02,4496.01,4419.09,,34.60135177678879,31.36808197774964,35.923233128043464,50.83666232908394,21.009803927002977,65.55838494956525,68.58795203875296
2026-09-03T12:15:00-04:00,4494.015,4494.885,4490.735,4493.48,4496.01,4419.09,,34.690338814337224,31.129492734106535,35.75673160210434,50.61411871179184,20.899344492416844,65.47482264174785,68.82353764801374
2026-09-03T12:30:00-04:00,4493.56,4495.57,4486.925,4487.93,4510.93,4419.09,,37.29718767223453,32.35735759287081,35.79980481376893,50.68118414840973,20.918425479128132,63.03412404653164,67.68196956638903
2026-09-03T12:45:00-04:00,4487.815,4491.135,4485.53,4486.28,4510.93,4419.09,,59.63488360805195,65.34780888674068,63.94839906696746,78.86748112744533,49.0293170064896,60.161197065574,65.52425053629209
2026-09-03T13:00:00-04:00,4486.36,4488.825,4483.355,4487.985,4510.93,4419.09,,59.4566705392851,63.086278349786255,63.89145377074762,78.8403077802368,48.942599761258435,59.981824337243665,63.391273186053446
2026-09-03T13:15:00-04:00,4488,4493.8,4485.28,4492.955,4510.93,4419.09,,61.43942243061602,62.574831418903216,63.907731841279364,78.85296631174744,48.96249737081129,61.794675376900585,62.898043941425875
2026-09-03T13:30:00-04:00,4492.96,4494.17,4490.93,4492.03,4510.93,4419.09,,62.44913253035258,62.10837739393826,63.81767632791375,78.76829320767709,48.867059448150414,62.71368218678752,62.45015908838851
2026-09-03T13:45:00-04:00,4492.035,4494.745,4486.56,4486.695,4510.93,4419.09,,59.40370671633107,60.86199098836603,63.70105633270766,78.7526837977129,48.64942886770241,59.891805656932384,61.27902128638791
2026-09-03T14:00:00-04:00,4486.705,4489.835,4484.005,4484.015,4510.93,4419.09,,55.58241672936467,59.329164692138804,63.71830946789332,78.74091844702446,48.695700488762185,56.34440610525972,59.841468649391906
2026-09-03T14:15:00-04:00,4484.04,4488.105,4479.91,4480.005,4510.93,4419.09,,52.56024088529702,57.964113433375054,63.72076585424091,78.73781027206829,48.70372143641354,53.52438886874462,58.561954092734474
2026-09-03T14:30:00-04:00,4480.05,4482.955,4476.01,4481.575,4510.93,4419.09,,51.440587958855986,56.987937363797094,63.86855034078049,78.51500420641324,49.22209647514773,52.452971962795765,57.6391186200267
2026-09-03T14:45:00-04:00,4481.51,4482.835,4474.02,4475.19,4510.93,4419.09,,49.32535182265379,55.06945094290895,63.91454342306687,78.4110810588985,49.41800578723523,50.444928217727735,55.837126630015646
2026-09-03T15:00:00-04:00,4475.175,4477.08,4472.93,4474.385,4510.93,4419.09,,46.20720582074579,52.63587547526274,63.81992136814988,78.593977914967,49.04586482133276,47.52277440021811,53.56143262668885
2026-09-03T15:15:00-04:00,4474.39,4476.68,4472.65,4475.835,4510.93,4419.09,,53.388694149448526,49.455642394177076,36.289403967038346,51.34298424718504,21.23582368689165,47.865288885121046,51.59472854382522
2026-09-03T15:30:00-04:00,4475.815,4478.895,4474.005,4477.57,4510.93,4419.09,,51.75024477364285,50.55096780758696,36.5278982270685,52.00657374713543,21.049222707001576,49.3232556450136,50.541846908997755
2026-09-03T15:45:00-04:00,4477.55,4480.805,4473.235,4475.29,4510.93,4419.09,,51.99074517734029,51.619402938949925,36.88721266842043,52.98091320778906,20.793512129051805,49.06718418943839,49.515522282161974
2026-09-03T16:00:00-04:00,4475.235,4475.74,4471.55,4471.935,4510.93,4419.09,,54.74479468796442,52.63812082851879,37.463528587125666,54.41483445020922,20.512222724042118,46.507391522343895,48.53699052431183
2026-09-03T16:15:00-04:00,4471.885,4472.58,4470.55,4471.77,4510.93,4419.09,,56.438441722759165,53.870554276554245,38.179818018005776,55.83804415650178,20.52159187950977,44.92974579248764,47.36602909064537
2026-09-03T16:30:00-04:00,4471.78,4472.93,4471.095,4472.475,4510.93,4419.09,,56.0479777342119,54.17335784476613,38.849862591568915,57.06316985727484,20.636555325862986,45.26847609383585,47.05800420319987
2026-09-03T16:45:00-04:00,4472.47,4474.175,4471.815,4472.965,4510.93,4419.09,,55.23387712182754,54.282292260146626,39.56683395276436,58.13685787718478,20.996810028343944,45.982797654221415,46.92603573464631
2026-09-03T18:00:00-04:00,4476.075,4478.48,4474.435,4478.285,4510.93,4419.09,,51.403051278333876,53.60603131016194,40.40299853749457,58.21644539823225,22.589551676756884,49.36696424070209,47.48705430479446
2026-09-03T18:15:00-04:00,4478.26,4478.99,4474.275,4475.135,4510.93,4419.09,,49.87851451576124,53.74751218646616,41.53613745273215,57.89153115290232,25.18074375256198,50.66131997444195,47.3083398287687
2026-09-03T18:30:00-04:00,4475.125,4476.615,4472.695,4474.16,4510.93,4470.55,,52.434390204310915,53.732787032153546,42.46182076133733,58.1036735413543,26.81996798132036,48.32952478682874,47.276294475477414
2026-09-03T18:45:00-04:00,4474.155,4475.98,4471.515,4474.645,4510.93,4470.55,,52.68032154479382,53.157662716988845,43.2091450703311,58.444316251061814,27.973973889600387,48.09355521622101,47.76152945559073
2026-09-03T19:00:00-04:00,4474.545,4477.78,4472.42,4474.405,4510.93,4470.55,,52.499098726293155,52.60726046173469,43.711535961407904,59.00399216021626,28.41907976259955,48.24995634013405,48.224926060519245
2026-09-03T19:15:00-04:00,4474.4,4475.25,4471.79,4473.985,4510.93,4470.55,,52.97438330818018,52.27949288097979,44.24006744241233,59.5616964978254,28.91843838699927,47.81995026524047,48.490522075992054
2026-09-03T19:30:00-04:00,4474.035,4478.455,4473.685,4477.41,4478.99,4470.55,,50.528379156987654,51.262832471780435,44.57075744826478,59.7644291277607,29.37708576876885,49.967449396972896,49.36339798701967
2026-09-03T19:45:00-04:00,4477.345,4480.4,4475,4480.16,4478.99,4470.55,,45.802133441304505,50.679230641828546,44.898402160959215,59.72187143495108,30.074932886967346,54.15727142703723,49.85918127208782
2026-09-03T20:00:00-04:00,4480.06,4483.455,4478.29,4480.965,4478.99,4470.55,,43.27196722693832,49.37524753211675,45.07842695035106,59.731164581195884,30.425689319506233,56.423313288668126,51.00968179108429
2026-09-03T20:15:00-04:00,4480.97,4481.1,4474.305,4474.72,4478.99,4470.55,,47.76872587065121,49.34618368935434,45.71804938750868,59.97112899068564,31.464969784331714,52.3689554387842,51.01330431550366
2026-09-03T20:30:00-04:00,4474.75,4482.42,4472.91,4482.385,4478.99,4470.55,,47.80395980394443,47.9820013204455,46.24126740558819,59.2799431914281,33.202591619748276,52.36951895041556,52.23138571513988
2026-09-03T20:45:00-04:00,4482.405,4487.475,4480.74,4486.4,4478.99,4470.55,,40.70079442229279,45.97523960249709,46.66538698528974,58.35197954379605,34.97879442678344,58.85901164333083,54.04446297355988
2026-09-03T21:00:00-04:00,4486.51,4487.545,4474.495,4475.035,4478.99,4470.55,,45.67442471964881,45.89629886657939,47.23063612839383,58.42191870571141,36.03935355107625,54.26441478626158,54.07266129257448
2026-09-03T21:15:00-04:00,4475.045,4479.19,4468.03,4471.075,4478.99,4470.55,,54.61817478125779,47.14375263800285,47.8706787886473,58.76962742511114,36.971730152183454,45.958434418889304,52.89903012267886
2026-09-03T21:30:00-04:00,4471,4477.02,4468.3,4474.03,4478.99,4470.55,,54.79227706629423,48.46491133086217,48.4183376160118,58.725234968953345,38.11144026307025,45.75654507944907,51.67245376469215
2026-09-03T21:45:00-04:00,4474.085,4480.635,4467.125,4478.925,4478.99,4470.55,,50.47429764212784,49.201561328057,48.79914695498792,58.382556675304976,39.21573723467086,49.7467186925309,50.99143166663965
2026-09-03T22:00:00-04:00,4479.075,4482.605,4477.255,4479.475,4478.99,4470.55,,47.58704778817639,48.41300330729795,49.023623505184844,58.26829858564866,39.77894842472103,52.42131608168413,51.687413948377845
2026-09-03T22:15:00-04:00,4479.425,4480.515,4471.68,4474.1,4487.545,4470.55,,50.23169503550956,49.895199965647045,49.37953393402095,58.41064826120419,40.34841960683771,49.95854602045581,50.302582258079724
2026-09-03T22:30:00-04:00,4474.11,4477.415,4470.46,4470.97,4487.545,4470.55,,54.6928660226362,52.41073805025321,49.85594918529787,58.67876577264422,41.033132597951514,45.794734482836326,47.9547633310937
2026-09-03T22:45:00-04:00,4470.955,4480.985,4470.43,4477.47,4487.545,4470.55,,52.61633125124088,51.878601831816205,50.20634297413018,58.270146042844445,42.142539905415916,47.69209972834028,48.42477795581649
2026-09-03T23:00:00-04:00,4477.495,4478.73,4470.455,4473.655,4487.545,4467.125,,50.9306847949687,51.357169482742044,50.642997263257946,57.96449270138331,43.321501825132586,49.230726319064885,48.88970387400101
2026-09-03T23:15:00-04:00,4473.645,4474.82,4471.505,4472.58,4487.545,4467.125,,53.38653181644344,51.47696033185884,50.95870994664633,58.02142604330934,43.89599384998332,46.93676719111832,48.761984273436276
2026-09-03T23:30:00-04:00,4472.59,4475.44,4469.22,4469.4,4487.545,4467.125,,55.46885334413231,52.78418539760047,51.293071973463654,58.38179998866663,44.20434395826068,44.98875882899965,47.530286770134936
2026-09-03T23:45:00-04:00,4469.345,4470.235,4467.185,4467.185,4487.545,4467.125,,58.05918997085374,54.469000955480944,51.58338234994932,58.95862595938097,44.20813874051767,42.56211506281264,45.94506969661585
2026-09-04T00:00:00-04:00,4467.145,4470.25,4465.49,4469.555,4487.545,4467.125,,57.53006191325621,54.869433076956646,51.820757260058485,59.21490294783701,44.42661157227996,43.02051067869347,45.54799095820283
2026-09-04T00:15:00-04:00,4469.545,4472.54,4468.485,4471.85,4487.545,4467.125,,54.48632172811128,54.409988299902395,51.807598441170796,59.19512027660292,44.42007660573867,45.80626555277952,45.94836428802819
2026-09-04T00:30:00-04:00,4471.83,4475.125,4471.8,4473.825,4487.545,4467.125,,51.76865500955833,54.62723986504735,51.70169025007638,59.067685304049135,44.33569519610363,48.299315691251806,45.72148123332041
2026-09-04T00:45:00-04:00,4473.85,4475.06,4472.87,4473.825,4487.545,4467.125,,50.52659202451447,54.29453322262975,51.63923949264527,59.00706013293808,44.271418852352454,49.4400730198221,46.00817763110168
2026-09-04T01:00:00-04:00,4473.785,4474.65,4467.485,4469.63,4487.545,4467.125,,53.113968105631365,54.54936451910105,51.78190926960512,59.22870999693317,44.33510854227708,47.06358819087825,45.757715804680394
2026-09-04T01:15:00-04:00,4469.505,4475.34,4467.625,4467.765,4487.545,4465.49,,56.763632299745765,54.66447006709074,51.91999755866912,59.54096560450134,44.299029512836896,43.70393794324971,45.64108594945884
2026-09-04T01:30:00-04:00,4467.77,4477.695,4466.91,4471.205,4487.545,4465.49,,55.297373991678455,53.76027423933668,51.81441393452947,59.33688227060546,44.29194559845348,45.02282019946299,46.46077441515191
2026-09-04T01:45:00-04:00,4471.115,4473.03,4467.36,4472.205,4487.545,4465.49,,52.0616470922087,53.10206583250574,51.66253905098968,59.06785621963573,44.25722188234363,47.971348989825415,47.05561118121083
2026-09-04T02:00:00-04:00,4472.21,4473.5,4466.74,4469.04,4487.545,4465.49,,53.401611024373,53.45035689541145,51.658745304538954,59.05889049798116,44.25860011109675,46.74106666611468,46.72786044753339
2026-09-04T02:15:00-04:00,4469.065,4471.905,4466.885,4468.995,4487.545,4465.49,,55.47759598939887,54.161763255317325,51.67687545496446,59.09964357727608,44.254107332652836,44.837816683777625,46.066611464789624
2026-09-04T02:30:00-04:00,4468.945,4470.02,4463.175,4464.26,4487.545,4465.49,,58.36748704227935,55.69061261477286,52.06841799653574,59.85529033387249,44.281545659199,42.1672840375639,44.649920738316766
2026-09-04T02:45:00-04:00,4464.205,4464.495,4460.155,4462.935,4477.695,4465.49,,61.955963064056014,56.68804752915293,52.387313604864154,60.69672317803375,44.07790403169456,38.844600228498194,43.7183291898239
2026-09-04T03:00:00-04:00,4462.915,4471.515,4461.51,4467.755,4477.695,4465.49,,58.64575540036245,56.228362072091905,52.43379241983289,60.76379875615143,44.10378608351435,41.83212316137869,44.11511651492504
2026-09-04T03:15:00-04:00,4467.745,4472.84,4466.605,4472.685,4477.695,4465.49,,51.197421498278274,55.5166325310386,52.30008419036324,60.72654273401596,43.87362564671053,48.646490668867486,44.753663609653756
2026-09-04T03:30:00-04:00,4472.71,4486.335,4472.71,4485.765,4477.695,4465.49,,41.47445574795345,53.203450259447536,51.78528400934232,61.42527801707626,42.14529000160838,57.77624170795065,46.9165144343894
2026-09-04T03:45:00-04:00,4485.755,4490.895,4481.415,4483.425,4477.695,4465.49,,36.74122221452522,50.75652144251065,51.34519236132471,61.651408262128975,41.03897646052045,62.30312768423815,49.199966757689026
2026-09-04T04:00:00-04:00,4483.43,4486.54,4479.43,4482.045,4477.695,4460.155,,39.250979665896324,48.56727416701824,51.12190756868989,61.8320063381521,40.411808799227686,59.99159312458761,51.24616484604939
2026-09-04T04:15:00-04:00,4481.995,4484.135,4479.6,4481.24,4477.695,4460.155,,40.74144704470389,45.720510014631955,51.04750492623057,61.91151933499813,40.183490517463014,58.62067814708574,53.90093650326669
2026-09-04T04:30:00-04:00,4481.255,4482.64,4477.525,4477.605,4477.695,4460.155,,43.762746633814515,43.36921232980638,51.150776945564964,61.84841186616778,40.45314202496215,55.8418621554499,56.10252539660702
2026-09-04T04:45:00-04:00,4477.54,4479.94,4474.49,4477.97,4477.695,4460.155,,53.984652443907024,57.88817794087361,49.0556349746258,59.84046629693171,38.270803652319884,53.77111069535763,57.31207579868925
2026-09-04T05:00:00-04:00,4477.95,4479.315,4469.145,4470.17,4490.895,4460.155,,49.50371720643015,56.831113014396024,48.69085111386884,59.28420355207453,38.09749867566315,49.611872990019265,56.3783489169361
2026-09-04T05:15:00-04:00,4470.155,4470.78,4464,4466.77,4490.895,4460.155,,43.120837706982655,53.486833213712494,48.10396627634788,58.251472673098796,37.95645987959697,43.665424008174,53.280413598753064
2026-09-04T05:30:00-04:00,4466.79,4470.32,4464.635,4467.515,4490.895,4460.155,,41.943853440844684,50.741134630215996,47.96251453507434,58.22507474954742,37.699954320601265,42.54556216264045,50.73333019647962
2026-09-04T05:45:00-04:00,4467.545,4469.835,4465.65,4465.69,4490.895,4460.155,,41.511521519520706,47.9904049809745,47.87630135286427,58.26768220884409,37.48492049688444,42.129907585116726,48.17707487318996
2026-09-04T06:00:00-04:00,4465.665,4473.28,4465.53,4472.885,4490.895,4460.155,,45.324595778760894,46.760004008348794,47.96938940831288,58.37438738671452,37.56439142991124,45.62670244091049,47.020765709000976
2026-09-04T06:15:00-04:00,4472.65,4473.71,4468.2,4471.38,4490.895,4460.155,,49.208648062452355,45.98223203705074,47.85765110019252,58.19725493610348,37.51804726428156,49.19894083138984,46.27909735202995
2026-09-04T06:30:00-04:00,4471.375,4475.38,4470.11,4473.62,4490.895,4464,,49.71261701298514,45.53942245665683,47.81054616132238,58.10157615294217,37.519516169702584,49.6644642189042,45.8474381443
2026-09-04T06:45:00-04:00,4473.67,4476.45,4472.82,4472.955,4490.895,4464,,50.66205689646557,46.31318623420372,47.91022474324988,58.218373476266855,37.6020760102329,50.54620500134442,46.5460493552657
2026-09-04T07:00:00-04:00,4473.035,4473.515,4469.56,4470.38,4490.895,4464,,48.5670412226927,47.09548060400255,48.00230541104761,58.24901666495286,37.755594157142355,48.61751237209468,47.26232053399162
2026-09-04T07:15:00-04:00,4470.395,4470.935,4465.47,4465.68,4490.895,4464,,44.1886380877265,46.95455327616996,47.72228176318913,58.08491898335252,37.35964454302574,44.56276052411699,47.122391744259005
2026-09-04T07:30:00-04:00,4465.72,4470.445,4465.325,4468.265,4490.895,4464,,43.361838489750085,47.624142595496664,47.66657148661929,58.05026988576194,37.28287308747664,43.769352876497635,47.73073347438618
2026-09-04T07:45:00-04:00,4468.235,4470.755,4465.145,4467.145,4490.895,4464,,44.58513264726875,46.74327809574363,47.602967908113385,58.02883754884691,37.17709826737986,44.88283849107955,46.90985918716445
2026-09-04T08:00:00-04:00,4467.17,4470.46,4464.655,4464.855,4476.45,4464,,42.57731388086049,45.72947568647042,47.55164014691299,58.04781628659809,37.05546400722788,43.02005718260179,45.96533814616102
2026-09-04T08:15:00-04:00,4464.845,4476.665,4464.475,4472.23,4476.45,4464,4472.00352,46.40043959348158,45.79694169017119,47.86529905895663,58.245411974086295,37.485186143826965,46.53043261724015,46.01442158668901
2026-09-04T08:30:00-04:00,4472.16,4475.105,4376.18,4393.91,4476.45,4464,,34.31312738261826,41.05835296822834,47.071827752552664,60.416571279470645,33.727084225634684,34.58303569607039,41.40443263036844
2026-09-04T08:45:00-04:00,4393.895,4410.035,4380.205,4393.77,4476.45,4464,,17.049010942123008,36.79179018143699,46.19090686308806,61.86082239611883,30.520991330057292,17.86776942094859,37.22878074350441
2026-09-04T09:00:00-04:00,4393.735,4394.925,4365.57,4394.365,4476.45,4464,,17.283672684041537,33.37121999574692,45.251376440411484,62.73552009177375,27.76723278904922,18.090658933684637,33.840975033102055
2026-09-04T09:15:00-04:00,4394.345,4414.765,4391.535,4412.71,4476.45,4464,,24.340042092684126,31.35699121084671,44.71247357586445,62.569684453536205,26.855262698192696,24.82315337266059,31.815580885265256
2026-09-04T09:30:00-04:00,4412.725,4424.135,4405.265,4423.875,4476.665,4464,,34.53136726177144,30.49871559989054,44.52463146202341,62.47838888597191,26.57087403807491,34.56478488530074,30.892959717165244
2026-09-04T09:45:00-04:00,4423.83,4434.93,4413.285,4413.285,4476.665,4464,,36.17451760277557,29.527620845679596,44.29707062895394,62.452406337702996,26.141734920204886,36.14473296365235,29.851202536993988
2026-09-04T10:00:00-04:00,4413.27,4435.11,4412.06,4433.965,4476.665,4464,,39.761205953312825,28.60179170269947,44.23395969408172,62.37205171353385,26.095867674629584,39.59654643333421,28.911849378906414
2026-09-04T10:15:00-04:00,4433.97,4437.445,4426.65,4429.23,4476.665,4365.57,,44.2124095371755,32.355987175553096,44.07789748950595,62.17454852327444,25.98124645573746,43.88282107990622,32.5082840752328
2026-09-04T10:30:00-04:00,4429.24,4442.26,4425.53,4429.01,4476.665,4365.57,,43.29726081474835,36.101291666306714,44.03977568461827,62.13728568229557,25.94226568694097,43.01414849666631,36.09652911482576
2026-09-04T10:45:00-04:00,4429.04,4432.165,4417.34,4427.605,4476.665,4365.57,,42.96786675762844,39.69432833943507,43.98645412168403,62.08725186319903,25.885656380169028,42.70409858371806,39.540695403813785
2026-09-04T11:00:00-04:00,4427.67,4443.66,4422.825,4443.385,4476.665,4365.57,,46.66759188307864,42.480591606419424,44.33595679787462,62.46464318465023,26.207270411099014,46.23366773688747,42.2138189331763
2026-09-04T11:15:00-04:00,4443.38,4449,4439.59,4439.885,4476.665,4365.57,,49.8353295781957,44.06688900127057,44.68005957122825,62.74191347095277,26.618205671503734,49.268690054205415,43.74181116635798
2026-09-04T11:30:00-04:00,4439.905,4446.745,4436.605,4442.94,4476.665,4365.57,,49.772656774803906,46.36577422699895,44.831157514060884,62.96310831884795,26.699206709273817,49.2231537719416,45.950510592687515
2026-09-04T11:45:00-04:00,4443.04,4446.185,4435.83,4436.655,4476.665,4365.57,,48.96177847136573,46.69562400642854,44.68942427532496,62.717806332842216,26.661042217807708,48.487074414397284,46.281962018090276
2026-09-04T12:00:00-04:00,4436.605,4440.465,4432.31,4438.955,4476.665,4365.57,,48.02575697996724,47.45530206779659,44.213522968644455,61.37059344006157,27.056452497227337,47.626412419174585,47.02010811819275
2026-09-04T12:15:00-04:00,4438.91,4443.615,4433.315,4434.31,4476.665,4365.57,,47.44317827509845,47.88017185224286,43.75909489236165,60.21002192945938,27.308167855263925,47.09850435194731,47.448920833884856
2026-09-04T12:30:00-04:00,4434.185,4439.92,4433.445,4438.22,4449,4365.57,,47.399340434217876,48.721437403965,43.428247680415886,59.31091909576499,27.54557626506678,47.0698574498238,48.267467794222966
2026-09-04T12:45:00-04:00,4438.38,4440.615,4434.745,4436.37,4449,4365.57,,48.039541611481,48.27215748892924,43.09915304860782,58.43840674378626,27.759899353429375,47.67686785685122,47.86126372530306
2026-09-04T13:00:00-04:00,4436.335,4436.61,4430.2,4433.86,4449,4365.57,,46.771343753417185,47.846012882599716,42.8714294679001,57.939202278923666,27.803656656876534,46.51300377743236,47.48012885800209
2026-09-04T13:15:00-04:00,4433.875,4440.55,4427.515,4428.685,4449,4365.57,,44.53911242850614,46.77685910427274,42.54353304770189,57.27044306141951,27.81662303398427,44.463416267525695,46.501338724041375
2026-09-04T13:30:00-04:00,4428.615,4429.815,4416.265,4417.27,4449,4365.57,,40.15508873275601,45.3298158144255,42.32151014591927,57.103333845253985,27.53968644658455,40.407328221255966,45.171629945675996
2026-09-04T13:45:00-04:00,4417.185,4421.395,4415.645,4416.58,4449,4365.57,,37.102635225724995,43.65596717448924,42.18952113703968,57.043013784064954,27.3360284900144,37.57213364918016,43.62868764690011
2026-09-04T14:00:00-04:00,4416.615,4419.795,4411.97,4419.63,4449,4365.57,,38.20356118472634,42.68992521717633,42.1014929543829,56.97332629410633,27.229659614659468,38.57420190545315,42.73611496096338
2026-09-04T14:15:00-04:00,4419.725,4426.75,4419.21,4424.725,4449,4365.57,,41.51317490795613,41.97420559555731,42.18961839518293,57.06014411721233,27.319092673153538,41.60269061240152,42.066639979065165
2026-09-04T14:30:00-04:00,4424.855,4425.755,4421.36,4423.075,4449,4365.57,,43.05481978998926,41.265718982464406,41.967976719749274,56.672053157503925,27.263900281994626,43.0157890414435,41.40437815656117
2026-09-04T14:45:00-04:00,4423.085,4425.975,4422.12,4424.035,4449,4365.57,,42.96364808759836,40.886292548180506,41.82226545548564,56.42320817660863,27.22132273436265,42.93131588845971,41.04330058221584
2026-09-04T15:00:00-04:00,4424.06,4430.075,4422.615,4429.205,4449,4365.57,,45.57041286365033,41.56037624964846,41.724317652141345,56.19010614131827,27.25852916296442,45.314338666598346,41.647498842010506
2026-09-04T15:15:00-04:00,4429.215,4435.975,4426.905,4435.71,4449,4411.97,,50.25831636001647,43.77292901311207,41.79851601216511,56.39445527806285,27.20257674626737,49.624862573801806,43.676881825800365
2026-09-04T15:30:00-04:00,4435.715,4438.565,4434.245,4437.08,4449,4411.97,,53.256736627283644,46.17583379295094,42.00018208770552,56.898207836732844,27.102156338678192,52.39720936162887,45.88323475985299
2026-09-04T15:45:00-04:00,4437.095,4437.545,4432.875,4434.925,4449,4411.97,,52.81790774869605,47.94845660281771,42.3061201098692,57.44540165415374,27.166838565584655,52.02141688470783,47.51894324844456
2026-09-04T16:00:00-04:00,4434.915,4435.245,4430.97,4431.755,4449,4411.97,,50.502465714965595,48.74420259495365,42.420218983306434,57.65449590915442,27.18594205745845,49.94660154292093,48.267209311429966
2026-09-04T16:15:00-04:00,4431.705,4431.895,4429.435,4430.085,4449,4411.97,,48.40942328711894,49.47834331628333,42.53107838280157,57.828680572657646,27.23347619294549,48.067982130979686,48.96242698831204
2026-09-04T16:30:00-04:00,4430.08,4430.915,4429.01,4430.47,4449,4411.97,,47.87931082586852,50.14867766303083,42.7321011565422,58.099096434808736,27.365105878275664,47.59300482379689,49.59912043581202
2026-09-04T16:45:00-04:00,4430.535,4431.595,4428.69,4429.825,4438.565,4411.97,,47.75646990846589,50.10293104337348,42.61084487191829,57.835939050587264,27.385750693249314,47.48619468248889,49.58295727856648
2026-09-06T18:00:00-04:00,4422.495,4429.205,4422.165,4429.13,4438.565,4411.97,,47.088303277311255,49.24295963940077,43.48358209152414,56.93047664968509,30.03668753336319,46.89123991302541,48.81808538987591
2026-09-06T18:15:00-04:00,4429.08,4430.395,4426.99,4428.925,4438.565,4411.97,,46.62184914250062,48.20724890486405,44.350423589587564,55.56083486321747,33.140012315957655,46.476847272514725,47.891425253105304
2026-09-06T18:30:00-04:00,4428.9,4431.345,4427.705,4430.77,4438.565,4411.97,,47.69717866489218,47.77989418688538,45.27261185510359,53.615569256945754,36.92965445326143,47.43477463888204,47.50761617678283
2026-09-06T18:45:00-04:00,4430.8,4435.255,4429.235,4429.39,4438.565,4411.97,,48.035560736853775,47.50241891111782,45.744277627479896,53.0886378655993,38.39991738936049,47.74535746346429,47.262498373260556
2026-09-06T19:00:00-04:00,4429.38,4431.29,4429.175,4429.845,4438.565,4411.97,,47.51065959292463,47.52310455997273,46.03609963928906,53.05939691132619,39.012802367251936,47.28580206236444,47.28413615717847
2026-09-06T19:15:00-04:00,4429.835,4430.08,4425.195,4426.97,4438.565,4422.165,,45.984464763570976,46.96103432188995,46.32133334282079,52.56844925551372,40.07421743012787,45.9429702420551,46.79105992133433
2026-09-06T19:30:00-04:00,4426.74,4430.62,4425.195,4428.99,4438.565,4422.165,,45.68768955699596,46.932024459552736,46.38471632185866,52.62677739598324,40.14265524773408,45.6856766378213,46.769702430130586
2026-09-06T19:45:00-04:00,4429.015,4434.06,4421.165,4423.435,4438.565,4422.165,4426.557135,43.88449476394787,46.04566046092898,46.30204423851328,52.69525523585062,39.90883324117595,44.061415798876524,45.98253874586322
2026-09-06T20:00:00-04:00,4423.535,4427.58,4421.195,4424.995,4435.255,4422.165,,41.760627893463734,45.54310410268506,46.29432615001839,52.6975676362434,39.891084663793386,42.15801135139316,45.535749309810136
2026-09-06T20:15:00-04:00,4424.99,4428.93,4422.365,4422.39,4435.255,4422.165,,41.49378617804241,44.27326260754332,46.2153336161847,52.77554892982551,39.65511830254389,41.89877139187725,44.40082353243328
2026-09-06T20:30:00-04:00,4422.365,4425.265,4418.555,4424.17,4435.255,4422.165,,41.46748208024802,43.66651020079769,45.98843733808718,52.48534012559243,39.49153455058193,41.85421097311129,43.85256459828071
2026-09-06T20:45:00-04:00,4424.165,4429.605,4410.1,4412.78,4435.255,4422.165,,37.48952920876478,41.410082497783364,45.48911006504171,52.96188869351376,38.01633143656966,38.142183959798516,41.78836121741444
2026-09-06T21:00:00-04:00,4412.75,4416.055,4395.67,4400.075,4435.255,4422.165,,28.27828189543234,38.60760080990094,44.72406234518297,54.010449111668336,35.43767557869761,29.506014479897736,39.156291523378606
2026-09-06T21:15:00-04:00,4400.09,4403.855,4389.585,4403.615,4435.255,4422.165,,27.015012403172623,36.07503188240527,44.19812382573623,54.33670414283011,34.059543508642356,28.168156747833407,36.783355534560755
2026-09-06T21:30:00-04:00,4403.77,4413.4,4403.29,4410.32,4435.255,4422.165,,33.72574593477154,35.70510114442199,43.88288522487735,54.0817539574011,33.6840164923536,34.32323911716831,36.37395532860483
2026-09-06T21:45:00-04:00,4410.36,4416.87,4408.88,4409.215,4435.255,4422.165,,37.54263676088427,34.86989155881114,43.61573903078246,53.955098289183105,33.27637977238181,37.82896058033761,35.54648388568774
2026-09-06T22:00:00-04:00,4409.23,4410.665,4403.085,4404.035,4435.255,4422.165,,35.36423726916782,33.9538014561721,43.17493797987441,53.770168670300265,32.57970728944855,35.78790109402911,34.627992386362514
2026-09-06T22:15:00-04:00,4404.055,4409.47,4403.59,4407.78,4435.255,4422.165,,35.90333371767042,33.28013488378897,42.901844448793604,53.50864072974973,32.29504816783748,36.256440339705634,33.947120847571846
2026-09-06T22:30:00-04:00,4408.005,4418.685,4406.965,4414.925,4435.255,4389.585,,42.123247402121535,35.27772093998832,42.901520547445244,53.50806677384055,32.29497432104994,42.02143156468041,35.7363488449002
2026-09-06T22:45:00-04:00,4414.945,4419.02,4407.34,4408.91,4435.255,4389.585,,43.64656061673327,37.67107166130352,42.84934140104225,53.46512795506682,32.233554847017686,43.44643724850644,37.930098781460046
2026-09-06T23:00:00-04:00,4408.995,4410.705,4405.595,4407.975,4435.255,4389.585,,40.91843344838715,39.25012695290675,42.94642317777649,53.466374410342105,32.42647194521087,40.917931288829166,39.37914157089899
2026-09-06T23:15:00-04:00,4407.89,4410.335,4404.73,4408.89,4435.255,4389.585,,41.094583686807155,39.77645387617084,43.08416189875297,53.475272551949004,32.69305124555693,41.07945042760637,39.860444870156634
2026-09-06T23:30:00-04:00,4408.805,4409.01,4401.84,4402.035,4435.255,4389.585,,38.99716582091463,39.665706684344,42.99310580343462,53.501080462325056,32.48513114454418,39.131141917034626,39.75119338138385
2026-09-06T23:45:00-04:00,4401.94,4405.145,4401.26,4404.285,4435.255,4389.585,,37.737198981574224,40.45444293685838,42.86204566778933,53.42204100338214,32.30205033219652,37.953598373046624,40.47921552130448
2026-09-07T00:00:00-04:00,4404.27,4407.455,4401.58,4406.83,4419.02,4389.585,,40.62553136239868,41.01490601140922,42.85020648416459,53.411691303820604,32.28872166450857,40.61897748051715,40.99763256447285
2026-09-07T00:15:00-04:00,4406.87,4406.9,4400.385,4402.42,4419.02,4389.585,,40.33969648622521,39.944856960888,42.707695573590904,53.33347568541472,32.08191546176709,40.355260851461345,40.00316674609904
2026-09-07T00:30:00-04:00,4402.39,4402.755,4394.58,4396.85,4419.02,4389.585,,36.50774707560727,38.975244999658926,42.31710849663264,53.07577264336058,31.558444349904704,36.799811066975195,39.09859651260678
2026-09-07T00:45:00-04:00,4396.65,4399.125,4395.62,4398.145,4419.02,4389.585,,35.328205477179566,38.34764896911441,41.82945375695344,52.3005566730229,31.35835084088398,35.689194539858335,38.5092419606788
2026-09-07T01:00:00-04:00,4398.165,4404.325,4397.735,4402.675,4419.02,4389.585,,39.01281169422826,38.380453001779244,41.47923055939409,51.39665122321583,31.561809895572353,39.082138714575066,38.52793602316927
2026-09-07T01:15:00-04:00,4402.69,4411.79,4402.12,4411.145,4419.02,4389.585,,46.293457372568895,40.432303698158485,41.445662558357725,51.27543041799218,31.615894698723267,45.84728918426925,40.4281411798887
2026-09-07T01:30:00-04:00,4411.155,4413.315,4401.605,4404.395,4419.02,4389.585,,47.77871568718732,41.24945777481156,41.31900996952478,50.95811322762203,31.679906711427527,47.27466667230719,41.19109839438657
2026-09-07T01:45:00-04:00,4404.37,4406.655,4393.25,4394.225,4419.02,4389.585,,41.24272786269053,40.608645555384726,41.0240922392737,50.541888807838475,31.506295670708926,41.21083398783102,40.597243039121224
2026-09-07T02:00:00-04:00,4394.255,4394.89,4385.33,4392.12,4419.02,4389.585,,37.01067307906008,40.29830822990724,40.679678337359576,50.06743040839221,31.291926266326936,37.25457290629386,40.30518755291014
2026-09-07T02:15:00-04:00,4392.105,4398.385,4390.22,4394.54,4419.02,4389.585,,37.673450685498594,40.94170372963939,40.43097346145209,49.63226191381781,31.229685009086374,37.86236958978235,40.9008311884947
2026-09-07T02:30:00-04:00,4394.545,4399.865,4394.025,4396.31,4419.02,4389.585,,39.954112108506465,41.61999583885778,40.26002003331223,49.290281409577524,31.229758657046936,39.98027951525606,41.53121183159521
2026-09-07T02:45:00-04:00,4396.325,4399.29,4391.35,4392.91,4413.315,4389.585,,39.655082602532104,41.12520970344049,40.02116366498336,48.88996418634469,31.152363143622033,39.703560013909694,41.07838013116174
2026-09-07T03:00:00-04:00,4392.945,4401.94,4391.855,4401.505,4413.315,4389.585,,42.85197746897455,40.63671586640225,39.97500819825826,48.7326728097284,31.21734358678812,42.68569241750441,40.6278984696624
2026-09-07T03:15:00-04:00,4401.535,4402.19,4394.65,4395.405,4413.315,4385.33,,44.94364643107964,40.31518991598115,39.839286352879,48.39268614444864,31.28588656130936,44.64792171722772,40.327881572567605
2026-09-07T03:30:00-04:00,4395.42,4399.21,4392.445,4396.08,4413.315,4385.33,,42.913663919089316,41.11412616823048,39.704596688032645,48.01648075887485,31.39271261719044,42.77171315394176,41.07386394569404
2026-09-07T03:45:00-04:00,4395.99,4406.83,4395.09,4406.45,4413.315,4385.33,,47.9353758504565,43.43653356495156,39.954045828578145,48.91264011943134,30.995451537724954,47.483846984910045,43.250531309315086
2026-09-07T04:00:00-04:00,4406.35,4417.81,4405.275,4417.325,4413.315,4385.33,,56.355855493009436,46.45195611323357,40.332135860739335,50.6784914843957,29.98578023708297,55.45165809283199,46.09937494656537
2026-09-07T04:15:00-04:00,4417.34,4423.63,4416.375,4419.855,4413.315,4385.33,,60.858847625597164,49.409315141263185,40.952537173381046,52.82511028380589,29.0799640629562,59.75992002814729,48.901857170141156
2026-09-07T04:30:00-04:00,4419.86,4423.885,4413.49,4414.75,4413.315,4385.33,,59.24426406249871,52.04886510179546,41.36058504715315,53.998336493620656,28.722833600685647,58.30751918378103,51.4147918522429
2026-09-07T04:45:00-04:00,4414.735,4415.26,4409.685,4411.005,4413.315,4385.33,,55.223134146301504,52.94393133478518,41.76014587739629,54.82363406130119,28.69665769349139,54.60370407081414,52.307003356801076
2026-09-07T05:00:00-04:00,4411.055,4413.885,4410.905,4411.245,4413.315,4385.33,,53.672703400477566,54.542881378766296,42.07853924246078,55.546510626141526,28.610567858780026,53.174405335164764,53.850930028796334
2026-09-07T05:15:00-04:00,4411.195,4411.975,4405.54,4405.745,4413.315,4385.33,,51.339128426688,55.3512069083848,42.57482818433295,55.86294340576721,29.28671296289869,51.02447826792806,54.664936246511445
2026-09-07T05:30:00-04:00,4405.855,4410.24,4403.695,4409.655,4413.315,4385.33,,50.57295854829018,55.29647643529021,43.38999081027595,55.91590834544314,30.86407327510875,50.33469305574151,54.66545747760533
2026-09-07T05:45:00-04:00,4409.63,4410.39,4404.8,4405.745,4423.885,4385.33,,50.51522575085832,53.68245555348448,43.95719367537328,55.93512011246223,31.979267238284336,50.29703106058883,53.19218566587055
2026-09-07T06:00:00-04:00,4405.645,4406.355,4402.435,4403.105,4423.885,4385.33,,47.677315856316866,51.530324501210124,44.210671393896256,56.08639663945699,32.33494614833552,47.676031047482525,51.212917768843965
2026-09-07T06:15:00-04:00,4403.005,4404.785,4395.96,4396.03,4423.885,4385.33,,43.81971012574087,49.27544014298224,44.326433285070735,56.069805443286114,32.583061126855355,44.09015062449268,49.13008036321672
2026-09-07T06:30:00-04:00,4395.98,4399.385,4391.975,4398.615,4423.885,4385.33,,42.39240426369878,47.86440167760934,44.62409298180984,55.97357553838089,33.274610425238784,42.74599711143455,47.8250014947355
2026-09-07T06:45:00-04:00,4398.67,4398.845,4388.11,4391.695,4423.885,4385.33,,41.206120172955664,45.713559220833126,44.63836190008751,55.967525144387174,33.309198655787846,41.61614337064334,45.827719801924886
2026-09-07T07:00:00-04:00,4391.68,4394.505,4389.175,4393.8,4423.885,4385.33,,39.821504314702295,44.57365193132771,44.48869632960871,55.855371219768955,33.12202143944846,40.30202542611514,44.76144353993181
2026-09-07T07:15:00-04:00,4393.805,4394.975,4387.57,4389.76,4423.885,4385.33,,39.49771689285021,42.549204462136,44.39431226927086,55.86438051337505,32.92424402516667,39.98008674547425,42.86926085613425
2026-09-07T07:30:00-04:00,4389.69,4390.155,4381.24,4386.78,4423.885,4385.33,,37.051805997628406,40.72696057326202,44.261247656034655,55.9129451078913,32.609550204178014,37.687977000331344,41.158856665572536
2026-09-07T07:45:00-04:00,4386.785,4392.185,4385.15,4385.33,4423.885,4385.33,,35.55112925134864,39.084579717859356,44.068226714243885,55.969921105571245,32.166532322916524,36.278364141238065,39.612784597207245
2026-09-07T08:00:00-04:00,4385.335,4393.12,4385.335,4390.86,4423.885,4385.33,,38.342936214828796,39.16216802728713,44.22276356155902,55.948071638656614,32.497455484461426,38.815379047412605,39.65177907212108
2026-09-07T08:15:00-04:00,4390.88,4395.37,4390.415,4395.36,4423.885,4385.33,,44.01345079135511,39.547735868618304,44.43741799717217,56.08682738442832,32.78800860991602,44.014777941583496,39.97529340582123
2026-09-07T08:30:00-04:00,4395.31,4397.725,4392.865,4397.15,4423.885,4385.33,,47.314407448081624,40.90739296303741,44.616226860716836,56.2921666716308,32.94028704980287,47.06063348716306,41.207347676840996
2026-09-07T08:45:00-04:00,4397.1,4398.17,4394.235,4396.845,4423.885,4381.24,,48.076503465569104,41.906307054580246,44.89252429007475,56.47350962197693,33.31153895817258,47.767766292261406,42.10836222472016
2026-09-07T09:00:00-04:00,4396.745,4404.765,4395.47,4404.265,4423.885,4381.24,,51.60694611555279,44.36717274095243,45.504415039537164,57.04205778215119,33.96677229692314,51.047541522517506,44.36947761313907
2026-09-07T09:15:00-04:00,4404.275,4405.085,4401.535,4403.9,4423.885,4381.24,,55.08132457256863,47.05759807599174,46.05447247215646,57.56012318976797,34.54882175454495,54.27756144959797,46.8482434959392
2026-09-07T09:30:00-04:00,4403.845,4407.56,4401.775,4403.325,4423.885,4381.24,,54.52886873443177,49.78938402183332,46.4171242771962,58.069000135582144,34.76524841881026,53.77921043603874,49.36971941165355
2026-09-07T09:45:00-04:00,4403.345,4407.85,4401.215,4402.43,4423.885,4381.24,,53.61945901935097,51.422318877283786,46.485413745496594,58.22056565343304,34.750261837560146,52.961641275154676,50.89003270386551
2026-09-07T10:00:00-04:00,4402.445,4408.965,4401.16,4407.195,4423.885,4381.24,,55.57072167779964,53.09146141796033,46.87547757076163,59.019203696907006,34.73175144461626,54.78344887840691,52.44648253646024
2026-09-07T10:15:00-04:00,4407.235,4409.19,4405.15,4407.035,4423.885,4381.24,,57.97289888246962,54.46760214425179,47.469541452542416,59.68845495958354,35.25062794550129,57.01067459442016,53.73290159165325
2026-09-07T10:30:00-04:00,4407.03,4412.19,4404.735,4411.945,4423.885,4381.24,,60.26877063416048,56.57496632327216,48.24360095635577,60.7352428367539,35.75195907595764,59.16003297834204,55.70141587534042
2026-09-07T10:45:00-04:00,4411.91,4419.655,4410.8,4416.035,4423.885,4381.24,,64.42247456085946,58.129181700053714,49.0430134452107,62.177640169948575,35.90838672047282,63.06301201452651,57.16589316079868
2026-09-07T11:00:00-04:00,4416.045,4416.705,4409.33,4414.975,4423.885,4381.24,,65.32114803329938,59.50063016919524,49.73577954016712,63.31980902330143,36.151750057032814,63.960290786206386,58.46790997151425
2026-09-07T11:15:00-04:00,4414.945,4415.115,4411.74,4412.99,4423.885,4381.24,,62.88413917304051,60.516401825370494,50.409428537593556,63.96340277091063,36.85545430427648,61.78345833514251,59.452821131971184
2026-09-07T11:30:00-04:00,4412.94,4414.115,4408.905,4411.895,4423.885,4381.24,,60.41575730476143,61.44242967931252,50.76894305991929,64.51862950688395,37.01925661295463,59.57683088291315,60.357964145159535
2026-09-07T11:45:00-04:00,4411.9,4415.135,4411.25,4414.53,4423.885,4381.24,,60.943611794110225,62.05151328717352,51.350602970713,65.25470297283734,37.44650296858865,60.09314682873507,60.969877689207806
2026-09-07T12:00:00-04:00,4414.515,4417.4,4412.945,4415.495,4419.655,4381.24,,62.85424688426801,62.8371005369692,51.94191852845921,66.02980486223028,37.85403219468815,61.86408857257405,61.7446538532035
2026-09-07T12:15:00-04:00,4415.49,4416.04,4412.78,4413.77,4419.655,4381.24,,61.79480181849621,62.487522196983726,52.165863321774154,66.43453553575495,37.89719110779336,60.9399738207665,61.4784322156148
2026-09-07T12:30:00-04:00,4413.765,4414.265,4411.965,4414.16,4419.655,4381.24,,60.467991083899975,61.70724811498077,52.18380885733512,66.47955556914866,37.88806214552159,59.764405588496885,60.8021948743379
2026-09-07T12:45:00-04:00,4414.22,4414.575,4413.01,4414.575,4419.655,4381.24,,60.972625347197905,61.24508714381187,52.172556128927134,66.44921149539094,37.89590076246333,60.22609901808747,60.411520281866544
2026-09-07T13:00:00-04:00,4414.57,4415.185,4412.01,4412.15,4419.655,4381.24,,58.81418474079446,60.54440399148189,52.15851007370546,66.42366120186351,37.893358945547405,58.316032930859436,59.81150190168559
2026-09-07T13:15:00-04:00,4412.16,4413.79,4412.15,4412.365,4419.655,4381.24,,56.55339663967301,60.141555525215175,52.250806863831336,66.56577364742,37.93584008024267,56.31016025799633,59.47818581760459
2026-09-07T13:30:00-04:00,4412.35,4412.725,4410.01,4410.92,4419.655,4381.24,,55.240213872636616,58.91486172820372,52.25071657206775,66.56565835405777,37.93577479007773,55.14219712123132,58.3969448423988
2026-09-07T13:45:00-04:00,4410.87,4410.885,4407.125,4407.175,4419.655,4381.24,,50.331351235312255,56.563585339799246,52.191525852573946,66.55312485619677,37.82992684895111,50.72742812717851,56.296282833205865
2026-09-07T14:00:00-04:00,4407.18,4409.185,4404.49,4405.055,4419.655,4381.24,,45.1980072431807,54.172920420970705,51.934542965884845,66.49161585533301,37.37747007643669,46.066766922776544,54.14745715725881
2026-09-07T14:15:00-04:00,4404.95,4406.375,4403.13,4406.065,4419.655,4381.24,,44.51597375439856,52.00586610279884,51.83862867631161,66.47693735641384,37.20031999620937,45.408157600279075,52.19449769371506
2026-09-07T18:00:00-04:00,4412.87,4413.605,4411.855,4412.735,4419.655,4381.24,,51.127440828154846,51.36001055838698,52.13749149364002,66.75706433194604,37.517918655334,51.35830080257726,51.61380052425589
2026-09-07T18:15:00-04:00,4412.75,4413.46,4409.65,4409.705,4419.655,4381.24,,54.11609240611739,50.66355400717681,52.444298222216105,66.73061177347772,38.15798467095449,54.02967671311921,50.96982448864642
2026-09-07T18:30:00-04:00,4409.695,4410.04,4407.92,4408.25,4419.655,4381.24,,50.33994962714644,49.584739983379386,52.604994162078114,66.71071906644053,38.499269257715696,50.57623995645751,49.975537580959084
2026-09-07T18:45:00-04:00,4408.225,4408.52,4406.295,4407.645,4419.655,4381.24,,48.67192171473056,48.78689910491794,52.8834630187911,66.49972092030153,39.26720511728067,49.044152260759624,49.227525957083074
2026-09-07T19:00:00-04:00,4407.265,4412.34,4407.245,4411.06,4419.655,4403.13,,51.01523593012569,49.78013561046894,53.26344896298537,66.4579316256414,40.06896630032935,51.16931674167978,50.101791470816586
2026-09-07T19:15:00-04:00,4411.065,4412.765,4408.82,4410.825,4419.655,4403.13,,53.63491580637625,51.197444408688106,53.715062954880864,66.19536429135428,41.234761618407454,53.55020548705623,51.36565126116299
2026-09-07T19:30:00-04:00,4410.775,4428.01,4410.775,4427.24,4419.655,4403.13,4417.044061174229,62.266833653395196,54.851809867325116,54.74668588391283,67.08507649167129,42.40829527615437,61.678802349129406,54.750547113345256
2026-09-07T19:45:00-04:00,4427.295,4428.17,4420.09,4423.085,4419.655,4403.13,4417.044061174229,67.76149576017816,55.950031532123326,55.60979039657672,66.90647208289758,44.31310871025587,66.90143214132158,55.80654592937565
2026-09-07T20:00:00-04:00,4423.145,4424.545,4415.215,4417.31,4419.655,4403.13,,60.39996211747304,56.647201213426726,56.04415799583308,66.63191283795172,45.45640315371445,60.058864619137594,56.47317222935052
2026-09-07T20:15:00-04:00,4417.41,4430.325,4416.115,4421.6,4419.655,4403.13,,58.37793944272558,58.246600050860216,56.45476031724557,66.74708321112313,46.16243742336802,58.19265727446653,57.98266516309252
2026-09-07T20:30:00-04:00,4421.585,4426.44,4418.83,4421.6,4419.655,4403.13,,60.36213695403387,59.98726271037052,56.811671496183216,66.88932245559945,46.734020536766984,60.06468872175418,59.62189693249182
2026-09-07T20:45:00-04:00,4421.62,4427.615,4415.26,4426.255,4419.655,4403.13,,62.420447195304206,61.50523184091122,57.29852171311234,67.26766777744861,47.32937564877608,62.00887098825426,61.07968066211379
2026-09-07T21:00:00-04:00,4426.24,4431.47,4417.19,4428.76,4419.655,4403.13,,65.49269137751332,63.375198587838256,57.62848004100442,67.8910269932277,47.36593308878115,64.91573304774714,62.86919052126065
2026-09-07T21:15:00-04:00,4428.875,4436.335,4427.08,4434.46,4419.655,4403.13,,68.57261202115896,63.30688280312943,58.09212685714707,68.91864045252619,47.26561326176795,67.85299562885733,62.8437358848932
2026-09-07T21:30:00-04:00,4434.505,4437.11,4430.8,4433.605,4419.655,4403.13,,69.94446391881942,63.998903776021464,58.535279757733115,69.72072816042336,47.349831355042866,69.18680515098282,63.52215423830671
2026-09-07T21:45:00-04:00,4433.71,4440.81,4433.71,4437.245,4419.655,4403.13,,70.52811299351818,66.20064019628519,59.086753561509845,70.73032348605616,47.44318363696352,69.76666599222568,65.61739342006122
2026-09-07T22:00:00-04:00,4437.33,4438.785,4426.22,4428.325,4419.655,4403.13,,65.31630857201638,65.98129495581884,59.10854957503997,70.74897358474195,47.46812556533799,64.95317917317055,65.45373192365072
2026-09-07T22:15:00-04:00,4428.3,4429.825,4424.625,4425.115,4419.655,4403.13,,56.89047469072885,65.20873669248375,59.023081550230984,70.7145287263167,47.331634374145274,57.09808504072449,64.76979236833844
2026-09-07T22:30:00-04:00,4425.11,4427.055,4421.525,4426.81,4419.655,4403.13,,55.77158820128347,64.08162095752719,58.84400943192957,70.50735219791235,47.180666665946795,56.036429681962204,63.747320121853
2026-09-07T22:45:00-04:00,4426.865,4428.23,4421.295,4424.41,4419.655,4403.13,,55.09695194817944,62.23852542695978,58.47452139654392,70.03559345877832,46.91344933430951,55.39773361546965,62.050363959116304
2026-09-07T23:00:00-04:00,4424.405,4431.915,4422.75,4429.745,4440.81,4403.13,,56.21877094082623,60.551952077432134,58.3085754853135,69.74633257534835,46.87081839527865,56.424542853012014,60.482047900182906
2026-09-07T23:15:00-04:00,4429.73,4440.235,4428.77,4432.275,4440.81,4403.13,,59.95891527656572,59.38551152917301,58.302449402633634,69.73615960780693,46.868739197460336,59.9005807445436,59.39715698584795
2026-09-07T23:30:00-04:00,4432.245,4435.06,4430.72,4432.845,4440.81,4403.13,,61.34168245344486,57.92725763741118,58.36304167053017,69.827740635388,46.89834270567235,61.19085418216588,58.03181595445154
2026-09-07T23:45:00-04:00,4432.87,4438.96,4432.64,4437.875,4440.81,4403.13,,63.746633245400105,58.9370328644255,58.4673330174154,70.06722872511739,46.86743730971341,63.44005542505292,58.9648359149572
2026-09-08T00:00:00-04:00,4437.965,4442.98,4437.965,4439.295,4440.81,4421.295,,66.45939578298456,60.66123509234138,58.575109252807614,70.33622809631343,46.813990409301795,65.98081105783966,60.5697376736273
2026-09-08T00:15:00-04:00,4439.305,4440.63,4431.695,4432.765,4440.81,4421.295,,62.28120295212466,60.796922793237265,58.49594484880531,70.2509079289379,46.74098176867271,62.12063736427646,60.70318096704699
2026-09-08T00:30:00-04:00,4432.8,4436.74,4432.365,4436.645,4440.81,4421.295,,59.31125832255204,61.8653226278764,58.50706614919891,70.26795885085791,46.74617344753992,59.376342429397894,61.70648304903538
2026-09-08T00:45:00-04:00,4436.595,4439.975,4434.145,4436,4440.81,4421.295,,60.63135029197554,62.05765975070849,58.47586984555693,70.22134205459655,46.7303976365173,60.60315670045307,61.897070637744434
2026-09-08T01:00:00-04:00,4435.985,4437.77,4427.205,4427.415,4440.81,4421.295,,54.883308029357025,60.41514912867392,58.27583810734966,70.25925486477064,46.29242134992867,55.227679079744455,60.37136828766419
2026-09-08T01:15:00-04:00,4427.4,4431.63,4420.3,4420.685,4442.98,4421.295,,46.3637205747509,57.77824207108164,57.87647713585563,70.55120218693301,45.201752084778256,47.20367833694607,57.90073468196736
2026-09-08T01:30:00-04:00,4420.71,4427.12,4418.13,4426.005,4442.98,4421.295,,45.98835897305972,55.3413564794338,57.73161134855101,70.5996043788092,44.86361831829283,46.764783677012204,55.60700493108113
2026-09-08T01:45:00-04:00,4426.06,4429.05,4417.595,4419.675,4442.98,4421.295,,46.043947603252406,51.945256876872456,57.624276922205055,70.76474702170145,44.48380682270866,46.7358188202392,52.402165471224365
2026-09-08T02:00:00-04:00,4419.595,4420.365,4408.65,4411.765,4442.98,4421.295,,40.35139769395435,49.075697834242284,57.44651666918475,71.1782850275883,43.714748310781204,41.289171486140084,49.65515753732789
2026-09-08T02:15:00-04:00,4411.74,4411.74,4399.265,4400.325,4442.98,4421.295,,34.20092125268764,44.77087485691119,57.01750912798676,72.22412018949025,41.810898066483276,35.33179659034772,45.532295231495745
2026-09-08T02:30:00-04:00,4400.33,4408.955,4398.325,4407.48,4442.98,4421.295,,34.58367056773895,41.633503627317545,56.47335371268971,72.52607500708108,40.42063241829834,35.54828913575615,42.49662394741448
2026-09-08T02:45:00-04:00,4407.49,4409.395,4403.33,4403.71,4442.98,4421.295,,37.13441867183012,39.699763611903506,56.01858714361692,72.97101409379866,39.06616019343519,37.89033192977648,40.57876747436204
2026-09-08T03:00:00-04:00,4403.705,4409.465,4402.435,4402.89,4442.98,4421.295,,35.813951362505016,38.61928385239015,55.61888322653433,73.38245986813669,37.85530658493197,36.618437769821156,39.472269499664506
2026-09-08T03:15:00-04:00,4403,4404.315,4400.28,4401.71,4442.98,4421.295,,35.218337374319916,36.62261458369213,55.227199829475126,73.77650874308455,36.677890915865696,36.046946717057054,37.51652834294628
2026-09-08T03:30:00-04:00,4401.7,4405.43,4391.375,4395.66,4442.98,4421.295,,33.10740280107855,34.923128194626194,54.56548127776686,74.22998682937276,34.900975726160944,34.020708448504834,35.83938082202612
2026-09-08T03:45:00-04:00,4395.64,4397.465,4390.19,4392.58,4442.98,4421.295,,30.53072442893497,33.81670793654375,53.86812974844917,74.67503566021182,33.06122383668652,31.542791624164277,34.73184838238176
2026-09-08T04:00:00-04:00,4392.575,4396.075,4388.01,4390.665,4442.98,4421.295,,29.199141356900757,33.49404822440137,52.62032290738483,73.94549597746283,31.29514983730683,30.258213434995145,34.38978563478253
2026-09-08T04:15:00-04:00,4390.675,4396.54,4389.675,4394.84,4442.98,4421.295,,31.355019719905297,32.894236265734136,51.72657233431547,73.37438546115959,30.078759207471357,32.21248358753057,33.77876108288875
2026-09-08T04:30:00-04:00,4394.845,4398.67,4391.9,4392.855,4442.98,4421.295,,33.388403314683046,32.423758122359345,51.031407683691306,73.24412228784047,28.81869307954215,34.06031834271164,33.295496038478284
2026-09-08T04:45:00-04:00,4392.85,4398.43,4391.07,4394.19,4442.98,4421.295,,33.64194698465508,32.273663586348434,50.271513954428976,72.76983143115207,27.773196477705877,34.27301619135663,33.10864063189888
2026-09-08T05:00:00-04:00,4394.185,4398.195,4391.395,4397.605,4442.98,4421.295,,36.74864932483768,32.860990108221564,49.64237899962094,72.16193711503718,27.122820884204693,37.11991098818807,33.60205725880143
2026-09-08T05:15:00-04:00,4397.595,4399.525,4392.43,4393.105,4442.98,4388.01,,37.24967414128306,33.45716968354973,48.7908802453689,71.23238639821103,26.34937409252677,37.55612871809468,34.11876070892455
2026-09-08T05:30:00-04:00,4393.05,4403.9,4390.9,4401.48,4442.98,4388.01,,40.40258192857844,35.68152082240541,48.16649020850713,70.06102244932765,26.271957967686596,40.46537371326801,36.151366427116784
2026-09-08T05:45:00-04:00,4401.485,4405.725,4401.12,4403.04,4442.98,4388.01,,46.0875734383505,38.28243599253536,47.46823091696841,68.42794902536014,26.508512808576686,45.73235679192574,38.539944525190435
2026-09-08T06:00:00-04:00,4403.035,4403.055,4393.69,4396.405,4442.98,4388.01,,44.082546520345346,39.31795705110257,46.645200949773354,66.74353269554986,26.54686920399685,43.88970333394048,39.48771492609104
2026-09-08T06:15:00-04:00,4396.34,4407.015,4395.965,4399.53,4442.98,4388.01,,42.962399606309624,41.01786350442868,45.84671836477967,64.65636504962225,27.03707167993708,42.86627395661563,41.05593184344871
2026-09-08T06:30:00-04:00,4399.525,4399.645,4394.025,4397.095,4442.98,4388.01,,43.62006483796818,42.168847866334886,45.36895131835875,63.83635742036982,26.90154521634767,43.484033997274715,42.11943429921049
2026-09-08T06:45:00-04:00,4397.09,4400.505,4395.295,4395.3,4442.98,4388.01,,41.82091261282767,42.46708158671153,44.960273536667835,63.26218292144122,26.658364151894443,41.823194126822536,42.3997270259157
2026-09-08T07:00:00-04:00,4395.295,4399.76,4391.165,4395.19,4442.98,4388.01,,41.01053958447305,43.243380850103456,44.50065434089931,62.53450296293437,26.46680571886425,41.07508389797396,43.12485006489029
2026-09-08T07:15:00-04:00,4395.16,4403.03,4395.09,4402.08,4442.98,4388.01,,45.050701744305016,43.795115819776264,44.36931764232229,62.27033122284213,26.468304061802442,44.80747776059252,43.64032818229414
2026-09-08T07:30:00-04:00,4402.075,4408.005,4400.595,4403.64,4442.98,4388.01,,49.9751159737296,44.3541072887832,44.1333805193054,61.665647655952185,26.601113382658607,49.3633421091488,44.16227444123974
2026-09-08T07:45:00-04:00,4403.7,4406.785,4397.8,4406.485,4442.98,4388.01,,52.31004626368639,46.145830032159424,43.91938417097644,61.01714977444129,26.82161856751159,51.541779458764374,45.82663564652954
2026-09-08T08:00:00-04:00,4406.43,4406.8,4390.645,4391.955,4442.98,4388.01,,47.02353314195014,45.51443115610906,43.29113644215865,59.669916165554795,26.912356718762513,46.695579858715135,45.2563618418396
2026-09-08T08:15:00-04:00,4391.96,4401.955,4385.475,4401.955,4442.98,4388.01,,44.96740989371351,46.530785762372375,42.8147239738184,58.028727381920085,27.60072056571672,44.8817387813358,46.22597987054699
2026-09-08T08:30:00-04:00,4401.925,4408.33,4395.365,4396.68,4442.98,4388.01,,47.6359406081063,47.17586772618866,42.18387437304816,55.81678295128933,28.55096579480699,47.391426246859815,46.84728530470739
2026-09-08T08:45:00-04:00,4396.715,4411.9,4395.85,4411.73,4442.98,4388.01,,51.127905622293966,49.42146177317835,42.15864766029895,55.71895119458244,28.59834412601547,50.738334891299345,48.98690872578282
2026-09-08T09:00:00-04:00,4411.735,4413.235,4402.57,4408.55,4442.98,4388.01,,55.41630912903226,50.13746983611073,41.95475971460582,54.88765703608072,29.021862393130924,54.82803916951724,49.710302850114466
2026-09-08T09:15:00-04:00,4408.535,4410.86,4399.08,4400.35,4442.98,4388.01,,51.150320282383035,49.75723443279362,41.60094001267586,53.613421657356064,29.588458367995663,50.83922441595715,49.40858938487092
2026-09-08T09:30:00-04:00,4400.345,4405.86,4390.49,4396.89,4442.98,4385.475,,46.98806328644365,48.61690327118424,41.490333553257976,53.353264905960835,29.627402200555117,46.93911421797363,48.395255638459965
2026-09-08T09:45:00-04:00,4396.865,4407.505,4394.565,4395.655,4442.98,4385.475,,45.40758265535355,49.29553429376602,41.54469660565249,53.43815677705501,29.651236434249967,45.45476999195091,49.054072280081144
2026-09-08T10:00:00-04:00,4395.635,4402.825,4391.545,4394.405,4442.98,4385.475,,44.5454754153249,48.496350563073214,41.40545804986181,53.1447410118146,29.66617508790901,44.647613253002405,48.32836263036471
2026-09-08T10:15:00-04:00,4394.355,4403.715,4394.065,4396.68,4413.235,4385.475,,45.146699659827526,48.58432259425779,41.49191731486279,53.294158808211655,29.689675821513923,45.202573962425376,48.42868591309987
2026-09-08T10:30:00-04:00,4396.745,4400.77,4392.785,4397.505,4413.235,4385.475,,46.579626168747,47.19684214777408,41.77182443073197,53.60994506185478,29.933703799609155,46.531543752327835,47.126422304944285
2026-09-08T10:45:00-04:00,4397.525,4399.19,4389.295,4398.845,4413.235,4385.475,,47.62664318687101,46.35870375364029,42.2816656639324,53.84476284593143,30.718568481933374,47.49934713074491,46.334773902022064
2026-09-08T11:00:00-04:00,4398.85,4408.3,4397.65,4404.785,4413.235,4385.475,,51.0377701319806,47.164684961944815,42.73971264039324,54.659806024863904,30.819619255922582,50.66171226888859,47.07570454863899
2026-09-08T11:15:00-04:00,4404.795,4409.31,4396.435,4398.985,4413.235,4385.475,,51.06839027438295,47.52451146448009,43.10131105231786,54.963904578483536,31.238717526152183,50.72001176782848,47.41503034483774
2026-09-08T11:30:00-04:00,4399.02,4404.175,4397.365,4400.265,4413.235,4385.475,,48.956119828860736,48.17855272580401,43.51278137370828,55.30834359368295,31.717219153733613,48.78816767065358,48.02810388541116
2026-09-08T11:45:00-04:00,4400.27,4400.595,4394.74,4394.765,4413.235,4385.475,,47.11052154980858,48.25738178861828,43.800851297934834,55.34425973442567,32.257442861444,47.09047053876098,48.11298956934018
2026-09-08T12:00:00-04:00,4394.77,4395.21,4380.655,4386.62,4413.235,4385.475,,41.59196179878497,47.1629133369347,44.01187307945571,55.11770638783584,32.906039771075584,41.968832963699896,47.10417788577531
2026-09-08T12:15:00-04:00,4386.59,4395.65,4383.83,4394.075,4413.235,4385.475,,42.20920085673954,47.008688842330436,44.4878204995704,54.844060092779976,34.13158090636082,42.51017133377296,46.964026021181645
2026-09-08T12:30:00-04:00,4394.11,4396.735,4392.975,4394.215,4409.31,4385.475,,45.954859988096906,46.68526099442782,44.997503587173135,54.353104420889366,35.641902753456904,45.971710138668925,46.667710173753605
2026-09-08T12:45:00-04:00,4394.175,4398.56,4390.355,4393.72,4409.31,4385.475,,45.808412109838756,45.51458655028991,45.33802005191942,54.1677701612836,36.508269942555245,45.8368215661483,45.585485820398695
2026-09-08T13:00:00-04:00,4393.76,4403.725,4393.75,4395.565,4409.31,4385.475,,46.57273245223698,45.40078733095755,45.77305235997043,53.87569159667047,37.670413123270386,46.53862013467021,45.4730268499941
2026-09-08T13:15:00-04:00,4395.605,4397.485,4392.055,4394.045,4409.31,4380.655,,46.81116109940492,44.90174119901682,46.11267970572824,53.56996909469153,38.65539031676495,46.76106379230935,45.00631328372892
2026-09-08T13:30:00-04:00,4394.105,4395.2,4385.575,4385.59,4409.31,4380.655,,42.44262822575038,44.06710352408377,46.10799229531823,53.5771578725587,38.638826718077766,42.72880309143419,44.226836150757876
2026-09-08T13:45:00-04:00,4385.58,4390.57,4385.415,4390.155,4409.31,4380.655,,41.39428105342926,44.845260986058044,46.35648011232507,53.237778550151525,39.47518167449862,41.73910447146768,44.94067657166257
2026-09-08T14:00:00-04:00,4390.15,4390.485,4384.185,4387.725,4409.31,4380.655,,42.95587651370754,44.28043942607462,46.258186094443474,53.2398182202591,39.276553968627844,43.16148936043284,44.41292701551784
2026-09-08T14:15:00-04:00,4387.73,4387.86,4384.485,4385.66,4403.725,4380.655,,58.92381029049122,56.54864480782429,53.93830716584209,61.1092457748389,46.767368556845284,41.41999108155823,43.640185412488094
2026-09-08T14:30:00-04:00,4385.775,4385.865,4381.595,4385.68,4403.725,4380.655,,59.77014210812201,57.313433207628464,53.96844264840756,61.19739925187346,46.73948604494166,40.635152960393256,42.926735985302116
2026-09-08T14:45:00-04:00,4385.665,4386.725,4358.34,4375.74,4403.725,4380.655,,63.538233630413934,59.437492260010266,54.320697356237595,62.4151411663362,46.22625354613899,37.111641000357736,40.94676280268453
2026-09-08T15:00:00-04:00,4375.695,4377.46,4369.415,4370.545,4403.725,4380.655,,68.89046766780834,61.79961285540368,54.70435632521794,63.89503453379,45.51367811664587,32.079384043451654,38.731970342771355
2026-09-08T15:15:00-04:00,4370.545,4373.135,4366.37,4368.66,4403.725,4380.655,,70.99969233672763,63.27815527786113,55.07485058856438,65.30019620231084,44.84950497481791,30.0674331238428,37.32922852622985
2026-09-08T15:30:00-04:00,4368.675,4369.82,4361.505,4368.825,4403.725,4380.655,,71.4145052856937,65.4592660951531,55.43524131758069,66.5378704720766,44.33261216308477,29.663998743555194,35.28194013479635
2026-09-08T15:45:00-04:00,4368.83,4368.96,4356.8,4359.505,4403.725,4380.655,,26.21128463495943,31.937675613925126,43.81694840500353,56.214002946116885,31.419893863890174,27.372480171808792,32.81808304376583
2026-09-08T16:00:00-04:00,4359.485,4364.465,4356.11,4360.335,4403.725,4380.655,,24.343615262590436,29.75999834858452,43.05702334646995,56.314598139998715,29.79944855294118,25.541387833928024,30.745196349759148
2026-09-08T16:15:00-04:00,4360.295,4361.505,4355.73,4357.025,4403.725,4380.655,,24.14202976638344,27.34115329235525,42.16000625810335,56.11669316515499,28.20331935105171,25.310995181650636,28.43975224983937
2026-09-08T16:30:00-04:00,4357.035,4358.97,4356.44,4358.1,4403.725,4380.655,,24.188342317437492,26.253305762256357,41.71377682738097,56.42758386011058,26.999969794651356,25.302846340717895,27.37125501843348
2026-09-08T16:45:00-04:00,4358.13,4358.24,4345.06,4355.705,4403.725,4380.655,,24.409853695655638,25.426959396202108,40.950738246452886,56.277588272972295,25.62388821993348,25.46995710732224,26.551344553802398
2026-09-08T18:00:00-04:00,4357.66,4357.92,4353.075,4356.315,4403.725,4380.655,,24.296593324556365,24.90938737976607,40.34087404599568,56.22450748377695,24.45724060821442,25.33179779365764,26.01821635266629
2026-09-08T18:15:00-04:00,4356.355,4357.79,4353.47,4354.755,4403.725,4380.655,,24.36806905259608,24.22198063571347,39.37663021294125,55.191710678969244,23.561549746913254,25.374103150074557,25.32566009852221
2026-09-08T18:30:00-04:00,4354.785,4356.315,4350.74,4352.125,4403.725,4380.655,,23.122315073102836,24.026824647807043,38.44122733682336,54.358115926604526,22.524338747042194,24.191105037803613,25.10925202866481
2026-09-08T18:45:00-04:00,4352.22,4354.525,4351.045,4354.335,4403.725,4380.655,,24.511120737364113,24.269839342791666,37.80961847499896,53.800522366275366,21.81871458372256,25.397247627484777,25.28447718239557
2026-09-08T19:00:00-04:00,4354.32,4355.185,4352.1,4352.585,4403.725,4345.06,,26.06598778757027,24.576526939574705,37.21051701336022,53.38368514767079,21.037348879049645,26.77270572108566,25.526883611360535
2026-09-08T19:15:00-04:00,4352.575,4357.82,4352.045,4357.655,4403.725,4345.06,,30.12538054763581,25.966135979991183,36.91066540983909,52.94579913049617,20.87553168918201,30.434256482253407,26.75059436569143
2026-09-08T19:30:00-04:00,4357.58,4360.035,4356.82,4358.615,4403.725,4345.06,,35.60975949780743,27.77650002590379,36.68488666527096,52.591636803408704,20.778136527133213,35.40897426920441,28.366602800469725
2026-09-08T19:45:00-04:00,4358.59,4358.72,4349.28,4350.1,4403.725,4345.06,,32.8932973490369,28.422337129842763,36.18987703861611,51.98717713547385,20.39257694175837,32.91781412742199,28.918027603909817
2026-09-08T20:00:00-04:00,4350.15,4353.095,4344.565,4349.765,4403.725,4345.06,,29.23985877285163,29.168439945976804,35.66490034786534,51.27684870952489,20.05295198620579,29.568876356061534,29.56510943075171
2026-09-08T20:15:00-04:00,4349.77,4350.245,4341.255,4347.13,4403.725,4345.06,,28.168590330239997,29.864130060453384,35.0452856941084,50.40610687789292,19.684464510323885,28.574009881411275,30.170286130654866
2026-09-08T20:30:00-04:00,4347.155,4355.18,4343.85,4355.06,4403.725,4345.06,,33.60611283692322,31.767009117279404,34.639508742273726,49.14250899503374,20.136508489513716,33.57357555459879,31.901203124212863
2026-09-08T20:45:00-04:00,4355.035,4365.59,4353.015,4364.77,4403.725,4345.06,,45.66149271464738,35.462845753903984,34.7272328964769,49.46838634632392,19.98607944662988,44.8039303350115,35.32206459177653
2026-09-08T21:00:00-04:00,4364.795,4368.73,4354.22,4368.445,4403.725,4345.06,,53.07766084896097,38.32480348908659,34.88195233169139,50.093769706543526,19.67013495683925,51.825669358474144,38.013035374561646
2026-09-08T21:15:00-04:00,4368.45,4373.245,4362.9,4371.835,4403.725,4345.06,,56.34050949924039,41.38591718288483,35.27017336409054,51.52762925634969,19.012717471831387,54.95403495005395,40.90636764344783
2026-09-08T21:30:00-04:00,4371.785,4378.07,4370.845,4376.51,4403.725,4341.255,,59.77195403009784,46.00441968367543,35.95136363941567,53.729108261003525,18.17361901782781,58.26096201891086,45.25393477212989
2026-09-08T21:45:00-04:00,4376.49,4378.34,4370.88,4373.82,4403.725,4341.255,,60.03386793882282,50.18420551601946,36.318683192448376,54.94221832114579,17.695148063750967,58.609686499987774,49.2037419702839
2026-09-08T22:00:00-04:00,4373.92,4375.895,4370.71,4373.615,4403.725,4341.255,,58.24918513696558,54.59887534273988,36.67455923640795,56.06200354592409,17.28711492689181,56.9890089941141,53.37250594718785
2026-09-08T22:15:00-04:00,4373.705,4377.205,4371.805,4373.1,4403.725,4341.255,,57.77554538402412,57.08975767233401,37.02263220857692,57.08791591574787,16.957348501405974,56.56105618470548,55.77159357888581
2026-09-08T22:30:00-04:00,4373.095,4374.555,4367.35,4374.35,4403.725,4341.255,,58.07473767097875,58.14551675883456,37.35114777868688,58.08909670059296,16.613198856780794,56.85819474815341,56.81658149379982
2026-09-08T22:45:00-04:00,4374.26,4384.58,4373.11,4382.375,4403.725,4341.255,,62.30730397569336,59.726798565686174,37.934170024829186,59.98156449062673,15.88677555903164,60.89601331797698,58.363120424458046
2026-09-08T23:00:00-04:00,4382.295,4382.925,4378.35,4379.14,4403.725,4341.255,,63.57079045018919,60.211311316248555,38.59398085071269,61.545157566301036,15.642804135124344,62.22119996263923,58.89291435453846
2026-09-08T23:15:00-04:00,4379.135,4379.47,4375.615,4378.11,4403.725,4341.255,,60.51808179329285,59.939977926599035,39.05909948011528,62.69325737485839,15.424941585372167,59.457356793860484,58.704947503015084
2026-09-08T23:30:00-04:00,4378.12,4380.225,4375.465,4378.825,4403.725,4341.255,,60.14337661188112,60.242599508550924,39.605010268252315,63.947605455058046,15.262415081446584,59.1302908386257,59.041658451292165
2026-09-08T23:45:00-04:00,4378.85,4379.38,4375.24,4375.26,4403.725,4341.255,,57.876392557885154,59.83346576114747,40.04734670649037,64.76361981142817,15.331073601552578,57.091829634853596,58.73432482894066
2026-09-09T00:00:00-04:00,4375.245,4376.19,4370.78,4373.46,4384.58,4341.255,,54.00671683582548,59.165791351922735,40.415413735543346,65.37501806702664,15.455809404060048,53.58382700562146,58.191021542982455
2026-09-09T00:15:00-04:00,4373.505,4380.75,4372.47,4380.225,4384.58,4341.255,,56.43077931599804,59.363763374010134,41.22199452686755,66.64906952842962,15.794919525305477,55.870297552497775,58.452068487324766
2026-09-09T00:30:00-04:00,4380.21,4380.215,4376.475,4378.135,4384.58,4341.255,,58.61765492183967,58.11160590796454,42.03353859375793,67.6029085362564,16.46416865125947,57.93850931760443,57.346020400018865
2026-09-09T00:45:00-04:00,4378.14,4382.615,4377.71,4381.64,4384.58,4341.255,,58.898591791398644,58.02884947149855,42.980717122639675,68.74894664228093,17.21248760299842,58.238821230742445,57.31424599249711
2026-09-09T01:00:00-04:00,4381.73,4387.93,4380.38,4387.74,4384.58,4341.255,,63.31310708700154,58.910184563309876,44.07633932156354,70.26500773514397,17.887670907983114,62.40239723733825,58.187460526726795
2026-09-09T01:15:00-04:00,4387.725,4388.715,4383.36,4385.235,4384.58,4370.78,,64.09681391951091,59.15840298796421,45.20927766878976,71.20813369023449,19.210421647345022,63.20931483933853,58.47968142127221
2026-09-09T01:30:00-04:00,4385.21,4395.65,4384.305,4395.575,4384.58,4370.78,,66.04178990259888,61.24315523322808,46.529173123916976,72.73232881757183,20.32601743026213,65.14495399829383,60.48835320199544
2026-09-09T01:45:00-04:00,4395.57,4401.08,4392.61,4398.84,4384.58,4370.78,,70.82253425616366,63.96292225091798,47.95518969760036,74.2026281428747,21.707751252326023,69.72402948702123,63.091167844529274
2026-09-09T02:00:00-04:00,4398.885,4405.44,4398.35,4401.395,4384.58,4370.78,,72.52682593262985,65.84202569512289,49.372613336575355,75.69043303423348,23.05479363891723,71.37658602337598,64.91872133653206
2026-09-09T02:15:00-04:00,4401.38,4403.375,4395.36,4398.26,4384.58,4370.78,,70.89571452660456,67.47093928085079,50.68965209942089,76.49280037940522,24.886503819436548,69.9193721885622,66.51427152194579
2026-09-09T02:30:00-04:00,4398.545,4406.185,4397.19,4400.42,4384.58,4370.78,,69.25580198072313,68.80122860635846,52.01727266929104,77.28318187416916,26.751363464412922,68.44070869903352,67.83354632747236
2026-09-09T02:45:00-04:00,4400.52,4401.68,4398.87,4400.66,4384.58,4370.78,,70.06101132751492,69.39891192099749,53.377472233239644,77.82965373109494,28.925290735384344,69.20787688046512,68.45869427712489
2026-09-09T03:00:00-04:00,4400.665,4407.845,4399.38,4406.625,4384.58,4370.78,,72.06864402970339,71.07889435212773,54.89646849026754,78.35770319122088,31.435233789314193,71.12604719274611,70.09546985701739
2026-09-09T03:15:00-04:00,4406.455,4408.92,4403.11,4407.805,4384.58,4370.78,,74.34343282566647,71.7708098990168,56.308784709022135,78.9810929983493,33.63647641969497,73.30211828385765,70.78931264442885
2026-09-09T03:30:00-04:00,4407.8,4410.64,4406.515,4410.395,4384.58,4370.78,,75.45363905522217,72.40206715185874,57.801624447188246,79.37455881613707,36.228690078239424,74.3707766654187,71.4231119079881
2026-09-09T03:45:00-04:00,4410.405,4413.01,4408.4,4409.28,4384.58,4370.78,,75.17510568003243,72.52746125541753,58.958768540339584,79.97432790296858,37.943209177710585,74.16012762421144,71.58461024466756
2026-09-09T04:00:00-04:00,4409.32,4411.98,4403.8,4403.84,4384.58,4370.78,,69.46683467361855,71.99381576529132,59.793217104588905,79.8765364240781,39.70989778509972,68.95024680630964,71.14621894163022
2026-09-09T04:15:00-04:00,4403.855,4404.935,4399.505,4399.78,4384.58,4370.78,,61.80297892182213,70.39808323858867,60.659338044621066,78.82778688446908,42.490889204773055,61.91303681154316,69.71956113395602
2026-09-09T04:30:00-04:00,4399.755,4403.645,4399.07,4399.94,4384.58,4370.78,,58.88930133766053,68.80189862533291,61.53730196134238,77.40082336806373,45.67378055462103,59.21678092788694,68.29162009803646
2026-09-09T04:45:00-04:00,4399.935,4403.315,4399.085,4400.695,4384.58,4370.78,,59.37434553638934,66.77114081192751,62.49497070380633,75.09419542470474,49.89574598290793,59.658660988751265,66.44316507567177
2026-09-09T05:00:00-04:00,4400.765,4402.325,4398.025,4398.59,4413.01,4370.78,,58.100047364292905,64.16093135065475,62.978121639422945,74.02190030699109,51.934342971854804,58.48163920104325,64.05719750294662
2026-09-09T05:15:00-04:00,4398.545,4400.25,4397.045,4398.475,4413.01,4370.78,,56.32821319935407,61.306733424536624,63.12242484996555,73.8442616762258,52.400588023705296,56.85077712801425,61.437450922127645
2026-09-09T05:30:00-04:00,4398.53,4398.875,4395.38,4396.305,4413.01,4370.78,,54.45161120127853,58.239932928153635,63.0589422483828,73.92472284613251,52.193161650633094,55.12407668425222,58.61832580581542
2026-09-09T05:45:00-04:00,4396.255,4396.255,4388.795,4390.86,4413.01,4370.78,,48.79621053931588,55.40084081473587,62.67864255820529,74.5503593916635,50.80692572474707,49.87034888916894,55.9860515172303
2026-09-09T06:00:00-04:00,4390.855,4393.525,4386.335,4391.095,4413.01,4370.78,,45.11199773126146,53.47108115942202,62.196591877863014,74.98418560342584,49.408998152300185,46.42505510515569,54.193188175419
2026-09-09T06:15:00-04:00,4391.135,4396.155,4389.285,4394.405,4413.01,4370.78,,47.88071293058371,52.25552984128535,61.9637510871324,75.11165452845407,48.815847645810734,48.90188123819263,53.03893732017479
2026-09-09T06:30:00-04:00,4394.37,4399.32,4393.65,4394.905,4413.01,4370.78,,50.838048677161005,51.03213919964251,61.7606426743451,75.19653528809579,48.32475006059441,51.549420030874245,51.87626218745414
2026-09-09T06:45:00-04:00,4394.85,4403.205,4394.64,4399.665,4413.01,4370.78,,54.52156148117299,51.233105303251094,61.77234026931763,75.19879475077045,48.345885787864816,54.88309392200607,52.01078152616416
2026-09-09T07:00:00-04:00,4399.65,4404.61,4399.65,4403.56,4413.01,4370.78,,60.09057977329826,52.10710107791227,61.87922162154037,75.27874833926569,48.47969490381504,59.96073423497308,52.76482136087095
2026-09-09T07:15:00-04:00,4403.57,4409.085,4401.41,4408.36,4413.01,4386.335,,64.71103932277383,54.16437048082118,61.91373646620468,75.34417223628458,48.48330069612479,64.24457843835279,54.61663917019289
2026-09-09T07:30:00-04:00,4408.32,4408.495,4403.585,4405.595,4413.01,4386.335,,64.63762109357644,56.63321837912959,61.941976365269,75.37129927708132,48.51265345345668,64.21581040201188,56.86352465025464
2026-09-09T07:45:00-04:00,4405.625,4415.365,4403.44,4407.48,4413.01,4386.335,,63.16648381571645,59.32279507637975,62.06952482046489,75.49767813563128,48.641371505298515,62.87833491831347,59.31757625966653
2026-09-09T08:00:00-04:00,4407.5,4409.44,4399.295,4399.49,4413.01,4386.335,,58.05916363885103,59.54134715292025,61.819375602149584,75.52289005279708,48.11586115150209,58.14159863265685,59.50344390581585
2026-09-09T08:15:00-04:00,4399.52,4400.425,4393.795,4393.94,4413.01,4386.335,,48.75074220629112,58.72642179898835,61.53272185860642,75.8416609669516,47.22378275026124,49.44898052466894,58.71745068646503
2026-09-09T08:30:00-04:00,4393.945,4397.69,4391,4395.525,4413.01,4386.335,,46.52195023515928,57.255743939773474,61.37909521387511,76.00267905631638,46.75551137143383,47.31439477930799,57.34095843647354
2026-09-09T08:45:00-04:00,4395.535,4402.31,4395.495,4400.19,4413.01,4386.335,,50.31092682597657,55.93223524261072,61.17273053566399,75.96828870242673,46.377172368901235,50.802992842480215,56.100953145752776
2026-09-09T09:00:00-04:00,4400.18,4413.66,4398.655,4413.415,4415.365,4386.335,4408.62696,58.84338453090355,55.57927114209625,61.39237342617298,76.17167196296911,46.61307488937685,58.77212904091106,55.777401465775895
2026-09-09T09:15:00-04:00,4413.425,4430.425,4410.965,4429.535,4415.365,4386.335,4413.850351916103,68.93014789069427,57.15867147035868,61.76282207091667,76.89166229576985,46.63398184606349,68.36157426354818,57.285457106191714
2026-09-09T09:30:00-04:00,4429.5,4434.175,4413.04,4417.31,4415.365,4386.335,,67.12993112208929,56.71168465820278,61.61689248706049,76.70045868605088,46.5333262880701,66.73452806449276,56.87917093611285
2026-09-09T09:45:00-04:00,4417.315,4423.79,4410.9,4415.25,4415.365,4391,,39.906185773722164,42.25999979037653,38.47264849927351,53.5695892482864,23.37570775026063,60.0669610520833,57.83556065459927
2026-09-09T10:00:00-04:00,4415.12,4428.845,4414.385,4423.56,4415.365,4391,,38.469711714777716,39.63701646210261,38.64848996102049,53.57911454984847,23.717865372192506,61.43533843736485,60.30384462545453
2026-09-09T10:15:00-04:00,4423.57,4426.105,4409.935,4426.005,4415.365,4391,,35.49166697600326,37.12103327928012,38.84407210116568,53.52497014358647,24.163174058744886,64.27177995484368,62.680527847609476
2026-09-09T10:30:00-04:00,4426.01,4427.055,4418.66,4418.9,4415.365,4391,,38.110090746422216,36.32873576850226,39.274190942141196,53.56577689017461,24.98260499410779,61.80474891608897,63.447203503628465
2026-09-09T10:45:00-04:00,4418.895,4423.535,4414.965,4418.855,4434.175,4391,,41.38583238201431,37.18652382582808,39.566516036966796,53.697314065826376,25.435718008107216,58.71082077539852,62.66301120032018
2026-09-09T11:00:00-04:00,4418.79,4432.385,4380.39,4389.945,4434.175,4391,4395.36097,50.86709008989325,41.98508947724156,40.45789047570686,55.41747371409058,25.498307237323147,49.62609028185651,58.09420808028799
2026-09-09T11:15:00-04:00,4390.05,4395.445,4375.155,4394.635,4434.175,4391,,58.70822228990161,44.568853372111185,41.258823896814825,56.58062968943371,25.937018104195943,42.08222269612189,55.619495380785644
2026-09-09T11:30:00-04:00,4394.685,4407.15,4392.56,4403.095,4434.175,4391,,54.376963453688475,46.11959738580335,42.01351444531815,56.969656162779756,27.057372727856546,46.15534838621767,54.11946160432638
2026-09-09T11:45:00-04:00,4403.15,4407.25,4398.075,4398.52,4434.175,4391,,52.939649219856726,48.703121230705186,42.86371107596325,57.41554693353066,28.31187521839584,47.48760804932236,51.63442955563066
2026-09-09T12:00:00-04:00,4398.53,4403.095,4394.925,4397.92,4434.175,4391,,54.38373774160188,51.5173318902601,43.768654256896035,57.62859676847587,29.908711745316197,46.10623409009183,48.92930564296872
2026-09-09T12:15:00-04:00,4397.91,4402.585,4391.54,4401.7,4432.385,4391,,46.76313259710672,46.974942581731646,55.464996389747,68.54090843528974,42.38908434420427,47.17256806267004,47.45380645465383
2026-09-09T12:30:00-04:00,4401.675,4407.825,4399,4407.36,4432.385,4375.155,,49.9657673489464,46.0116966043001,55.0842241357703,67.92538031454056,42.243067957000044,50.16341989623316,46.48719110606432
2026-09-09T12:45:00-04:00,4407.355,4410.425,4405.615,4409.385,4432.385,4375.155,,52.510544131043616,47.939980930570755,54.918382578524735,67.72607903807507,42.1106861189744,52.54188439754033,48.286890487706344
2026-09-09T13:00:00-04:00,4409.5,4420.56,4408.835,4416.555,4432.385,4375.155,,55.39527430261197,50.04126705930398,54.87869313370862,67.65878426811211,42.09860199930513,55.24420142366459,50.24775645679081
2026-09-09T13:15:00-04:00,4416.565,4420.56,4414.43,4414.875,4432.385,4375.155,,56.942100256385125,51.17399913344892,54.77530932675978,67.48753931931938,42.06307933420019,56.70011531583302,51.29968103902501
2026-09-09T13:30:00-04:00,4414.93,4417.235,4411.815,4413.585,4432.385,4375.155,,55.72269710481878,52.516223152068406,54.738849000798375,67.44322713247398,42.03447086912278,55.56959433639575,52.55689539595464
2026-09-09T13:45:00-04:00,4413.605,4416.955,4413.305,4416.115,4432.385,4375.155,,56.06120191634675,54.158267607148524,54.759602780700526,67.47184528934247,42.04736027205858,55.88538953717037,54.09372545247602
2026-09-09T14:00:00-04:00,4416.18,4421.65,4415.825,4420.42,4432.385,4375.155,,58.39247843610566,55.838893391782385,54.97066472049409,67.74327806069122,42.19805138029696,58.05308813152449,55.66561541562733
2026-09-09T14:15:00-04:00,4420.405,4420.89,4416.78,4418.05,4432.385,4375.155,,58.687500014885124,56.65019122598816,55.34144333808696,67.81171591284301,42.87117076333091,58.34448902118175,56.4311737738899
2026-09-09T14:30:00-04:00,4418.075,4418.45,4409.6,4409.925,4432.385,4375.155,,53.91811468631626,56.24105640757457,55.488671600203205,67.72125654105318,43.25608665935323,53.94984735913964,56.067890547512846
2026-09-09T14:45:00-04:00,4409.955,4410.19,4401.775,4403.2,4432.385,4375.155,,47.76014570247878,54.4687259116644,55.33435114819844,67.81470946976043,42.85399282663644,48.23587728973827,54.42879544991094
2026-09-09T15:00:00-04:00,4403.26,4404.24,4396.98,4400.3,4432.385,4375.155,,44.19388447896375,52.59870904259704,55.09783841207396,67.9702749542324,42.22540186991554,44.89730217138269,52.695658220527044
2026-09-09T15:15:00-04:00,4400.315,4405.005,4398.65,4399.615,4421.65,4375.155,,42.926740133273896,50.81273820550871,54.65230283361614,67.93708279961021,41.36752286762208,43.70676569337662,51.039415837619764
2026-09-09T15:30:00-04:00,4399.64,4400.945,4395.725,4400.04,4421.65,4375.155,,42.898533089346685,48.837946520597015,54.08654154831211,67.55244395928369,40.620639137340525,43.67288976739259,49.20637257201911
2026-09-09T15:45:00-04:00,4400.045,4401.675,4396.39,4399.24,4421.65,4375.155,,42.78708754610894,46.35405509408107,53.36265861145938,66.68148578167433,40.043831441244436,43.564021864113826,46.899682618359584
2026-09-09T16:00:00-04:00,4399.215,4399.445,4396.47,4397.41,4421.65,4375.155,,41.68200837031701,43.97923462214898,52.736211388120374,66.23775375883729,39.23466901740346,42.538371326666635,44.69033894501479
2026-09-09T16:15:00-04:00,4397.4,4397.65,4393.59,4394.92,4421.65,4375.155,,39.861839454166,42.33797645632386,51.991797178427014,65.62155908809541,38.36203526875862,40.84740217456357,43.156126851337845
2026-09-09T16:30:00-04:00,4394.925,4400.955,4394.895,4400.265,4421.65,4375.155,,42.065255926310115,42.352123257529364,51.79539328738267,65.54695789563938,38.043828679125966,42.79185179675049,43.13490308987542
2026-09-09T16:45:00-04:00,4400.225,4402.115,4399.4,4402.115,4421.65,4375.155,,46.36049284752907,42.95700741877109,51.85119427497042,65.54561840305904,38.15677014688179,46.65520589614913,43.65838505841397
2026-09-09T18:00:00-04:00,4405.28,4406.105,4402.57,4402.905,4421.65,4375.155,,47.86514372501476,43.76309571231247,51.87440466913888,65.55134901482477,38.19746032345301,48.01625153944614,44.366184760181
2026-09-09T18:15:00-04:00,4402.9,4404.38,4400.405,4402.5,4421.65,4375.155,,48.091512785281054,44.44071590332377,51.720640507870684,65.43650229818056,38.00477871756082,48.22071016223206,44.95776231408239
2026-09-09T18:30:00-04:00,4402.46,4403.99,4400.05,4401.505,4421.65,4393.59,,47.2655839874279,45.042666124117886,51.19335757834621,64.48184214786896,37.90487300882346,47.47462841064154,45.48350091633177
2026-09-09T18:45:00-04:00,4401.535,4401.765,4397.755,4399.765,4421.65,4393.59,,45.62187333167212,45.56639160656808,50.34956553381056,62.2059478979544,38.49318316966672,45.98954820712504,45.94381285135621
2026-09-09T19:00:00-04:00,4399.58,4403.245,4398.425,4400.71,4421.65,4393.59,,45.286940180070104,46.59269490294763,49.90847575822743,61.43169724299223,38.385254273462635,45.67566869204373,46.86300563561182
2026-09-09T19:15:00-04:00,4400.635,4402.51,4395.955,4397.895,4406.105,4393.59,,44.235229239239246,46.1863839816907,49.41670759339653,60.80874090176692,38.024674285026144,44.71338140891315,46.49282131197412
2026-09-09T19:30:00-04:00,4397.73,4399.375,4393.435,4394.43,4406.105,4393.59,,40.4972743916714,44.917489629845434,48.67123964684209,59.687823972811096,37.65465532087308,41.311049836745134,45.336103904353536
2026-09-09T19:45:00-04:00,4394.47,4395.37,4393.28,4394.275,4406.105,4393.59,,38.438892160533356,43.49316924898174,47.88321107201634,58.228811002789456,37.53761114124322,39.42607009683655,44.03848375694281
2026-09-09T20:00:00-04:00,4394.315,4397.17,4389.735,4395.035,4406.105,4393.59,,39.06911504449066,42.33966170390533,47.328839987484024,57.44679442303601,37.21088555193204,39.97684149865799,42.98071285761809
2026-09-09T20:15:00-04:00,4395.085,4398.525,4392.305,4392.93,4406.105,4393.59,,38.4885755760852,40.98545256002667,46.69935271661043,56.67307409343718,36.725631339783675,39.42204874111574,41.73774670850687
2026-09-09T20:30:00-04:00,4392.985,4401.64,4391.535,4401.03,4406.105,4393.59,,43.9031399987047,41.84859503734321,47.02120646328391,56.84871088043952,37.1937020461283,44.25123620848518,42.48405228657814
2026-09-09T20:45:00-04:00,4401.075,4404.87,4397.935,4401.15,4406.105,4393.59,,50.69917822670503,42.53180628763665,47.25272921758729,57.062365735236575,37.443092699938,50.34239156891336,43.07109610189819
2026-09-09T21:00:00-04:00,4401.05,4419.24,4400.185,4412.935,4406.105,4393.59,,57.34637333031125,45.594636206220926,47.71081450940154,58.52582124648605,36.89580777231702,56.536673771025434,45.86213581861021
2026-09-09T21:15:00-04:00,4412.94,4416.66,4410.44,4410.595,4406.105,4389.735,,62.17549944548601,48.72558487444083,48.141855609666266,59.485566818094846,36.798144401237685,61.08380981907628,48.72045609684995
2026-09-09T21:30:00-04:00,4410.65,4411.17,4405.415,4410.285,4406.105,4389.735,,60.208341927425124,51.81447899676143,48.569172136991355,60.334775420535564,36.803568853447146,59.302419874662654,51.54109289798911
2026-09-09T21:45:00-04:00,4410.265,4414.645,4408.055,4412.425,4406.105,4389.735,,61.068027781642385,55.010988513627034,48.983320032286024,61.32006698111773,36.646573083454314,60.116651163992415,54.47468742980265
2026-09-09T22:00:00-04:00,4412.43,4418.92,4411.76,4414.095,4406.105,4389.735,,62.9963405092478,58.8166975490936,49.3356764405385,62.30573260643655,36.36562027464045,61.927679611002546,57.97127314652819
2026-09-09T22:15:00-04:00,4414.3,4417.715,4408.235,4417.125,4419.24,4389.735,,65.27525428754842,61.1173068818681,49.73418533560978,63.516617733164054,35.951752938055506,64.0781899367091,60.13953135215234
2026-09-09T22:30:00-04:00,4417.115,4420.88,4411.28,4418.19,4419.24,4389.735,,67.20997856843215,63.53406907530135,50.030659044410235,64.51525683903321,35.54606124978726,65.90910824467177,62.41890648245917
2026-09-09T22:45:00-04:00,4418.245,4421.01,4416.3,4419.565,4419.24,4389.735,,68.34091818313607,64.25860541124663,50.40470403718337,65.70542405496474,35.103984019402006,66.98262671515407,63.124089336189094
2026-09-09T23:00:00-04:00,4419.58,4421.17,4411.89,4412.87,4419.24,4389.735,,63.017614832811276,63.77467347168,50.459771851939195,65.81400416446647,35.10553953941192,62.206317807743275,62.73962305064973
2026-09-09T23:15:00-04:00,4412.86,4415.125,4409.485,4410.18,4419.24,4389.735,,55.05768439156488,62.78698897242941,50.34567359454914,65.61013886446861,35.08120832462968,54.99024586142579,61.89203961812141
2026-09-09T23:30:00-04:00,4410.19,4412.845,4407.33,4408.11,4419.24,4389.735,,51.598416785409135,61.06907032989908,50.060121166604105,65.08816099005747,35.032081343150736,51.80969404988866,60.36620673233437
2026-09-09T23:45:00-04:00,4408.1,4410.09,4406.905,4409.255,4419.24,4389.735,,50.93309708038635,59.3403479927547,49.88953224546098,64.7784923210576,35.000572169864355,51.18788784287433,58.82352768437049
2026-09-10T00:00:00-04:00,4409.31,4415.65,4409.26,4414.15,4419.24,4389.735,,54.8438696619151,58.08867472257526,50.11457734163933,65.16615335176515,35.06300133151352,54.775087097374914,57.70817734966746
2026-09-10T00:15:00-04:00,4414.105,4415.625,4410.84,4411.715,4421.17,4389.735,,56.07368829485037,56.158550771731335,50.3785641626593,65.40511250739,35.3520158179286,55.908948351001854,55.96633914332194
2026-09-10T00:30:00-04:00,4411.745,4413.735,4405.73,4406.72,4421.17,4389.735,,50.77017994301403,53.06846379682611,50.50141825128935,65.41665344431269,35.586183058266016,51.01529284514062,53.14608195823505
2026-09-10T00:45:00-04:00,4406.71,4411.825,4406.455,4408.675,4421.17,4389.735,,48.687573527172475,52.064253255834544,50.717436715241575,65.47028524131719,35.964588189165966,49.07288755304123,52.21393049912136
2026-09-10T01:00:00-04:00,4408.725,4418.95,4408.345,4418.93,4421.17,4389.735,,55.62222619692527,53.22976145550051,51.249870787029266,66.11428752373062,36.38545405032791,55.507554031374184,53.293884292506014
2026-09-10T01:15:00-04:00,4418.94,4420.745,4417.02,4420.665,4421.17,4389.735,,61.98431864258118,55.03165378645513,51.84668560326935,66.8216410727679,36.8717301337708,61.4404097449368,54.965563554849396
2026-09-10T01:30:00-04:00,4420.63,4429.575,4417.53,4428.085,4421.17,4389.735,,65.62646192187862,57.427865695926876,52.65836805476819,67.97762493146028,37.339111178076095,64.90441343363888,57.21289160415303
2026-09-10T01:45:00-04:00,4428.095,4431.2,4423.695,4431.17,4421.17,4405.73,,69.52842570606921,59.227241227642025,53.59177891220484,69.15801980491824,38.02553801949143,68.6313779717313,58.924503804665505
2026-09-10T02:00:00-04:00,4431.125,4435.045,4416.095,4416.565,4421.17,4405.73,,61.727339809387786,59.04319470008043,53.814961224360985,69.20762790226482,38.42229454645716,61.36711576035762,58.77236800682611
2026-09-10T02:15:00-04:00,4416.57,4417.73,4410.995,4417.645,4421.17,4405.73,,53.364428578193476,59.96845512340757,54.003775131655686,69.29029297299357,38.717257290317804,53.5514681075438,59.649125308209285
2026-09-10T02:30:00-04:00,4417.63,4427.105,4413.325,4426.97,4421.17,4405.73,,57.41136623489775,61.53570690228764,54.376503724942346,69.69295307908388,39.060054370800806,57.36637009782392,61.1419344481926
2026-09-10T02:45:00-04:00,4426.98,4428.945,4423.605,4425.225,4421.17,4405.73,,60.065011568232194,61.23782237235241,54.70809858947634,69.96516917142475,39.45102800752794,59.87347226651852,60.89653051825053
2026-09-10T03:00:00-04:00,4425.205,4425.435,4413.24,4413.455,4421.17,4405.73,,53.743904804201385,59.18130294846485,54.75758142004666,69.9531822602777,39.561980579815625,53.90204264139738,58.98811527575277
2026-09-10T03:15:00-04:00,4413.46,4415.235,4408.175,4408.565,4435.045,4405.73,,46.51997152259298,55.77882511541366,54.760927894824626,69.95068392352306,39.57117186612619,47.052842679741374,55.79608173142268
2026-09-10T03:30:00-04:00,4408.69,4410.92,4404.225,4409.83,4435.045,4405.73,,45.26209452687512,52.24806546869511,54.75611991103519,69.95320323227351,39.559036589796875,45.83762565214366,52.47561461301344
2026-09-10T03:45:00-04:00,4409.77,4415.445,4409.09,4411.86,4435.045,4405.73,,46.78316654113736,51.50906132448497,54.91080655964216,69.84608000705602,39.975533112228305,47.252309666158524,51.763279990222934
2026-09-10T04:00:00-04:00,4411.805,4412.855,4404.745,4405.915,4435.045,4405.73,,45.3488382858383,49.95789681373649,55.04150602245677,69.64695369602572,40.436058348887826,45.876876049218374,50.282874024920474
2026-09-10T04:15:00-04:00,4405.925,4407.89,4404.13,4405.945,4435.045,4405.73,,42.98451581077137,47.38710406044886,55.17819618612675,69.42539936382974,40.930993008423755,43.63720955551411,47.84066269242013
2026-09-10T04:30:00-04:00,4405.955,4406.245,4394.97,4396.07,4435.045,4405.73,,39.50221409115618,44.0828118202862,55.06698243696651,69.6622073405504,40.47175753338263,40.31684722893278,44.69526687132454
2026-09-10T04:45:00-04:00,4396.12,4398.525,4392.58,4395.045,4435.045,4405.73,,35.68095878887085,42.226262341783,55.013042257467085,69.78882187160714,40.237262643327036,36.671640878358225,42.91769076012323
2026-09-10T05:00:00-04:00,4395.015,4396.785,4389.825,4395.265,4435.045,4405.73,,35.49199693922638,40.93196193932432,54.57220931582073,70.23365538638335,38.91076324525811,36.48416371376026,41.675644309615656
2026-09-10T05:15:00-04:00,4395.27,4397.025,4391.865,4392.97,4435.045,4405.73,,34.8266170070377,39.244697336115166,54.07936218572194,70.69443650572128,37.464287865722596,35.84525018677289,40.06272634144586
2026-09-10T05:30:00-04:00,4392.975,4393.185,4388.405,4393.165,4435.045,4405.73,,34.16255711606813,37.32607353216168,53.208455420865256,70.43565307185301,35.9812577698775,35.206477899574296,38.23397809059158
2026-09-10T05:45:00-04:00,4393.16,4395.965,4392.595,4394.08,4435.045,4405.73,,34.97159043040635,36.27976937742033,52.479132243658434,70.2307178563208,34.72754663099607,35.93801467860257,37.223051664127055
2026-09-10T06:00:00-04:00,4394.035,4400.115,4389.76,4395.355,4435.045,4405.73,,36.610472872146275,35.504918406840225,51.82034547643708,69.89698431682557,33.7437066360486,37.417548944805574,36.456932201817715
2026-09-10T06:15:00-04:00,4395.35,4400.245,4393.765,4394.22,4435.045,4405.73,,37.04765867183242,35.57846782904211,51.06616935484608,69.37120683022668,32.76113187946548,37.79769200599169,36.50329302900103
2026-09-10T06:30:00-04:00,4394.28,4394.82,4378.07,4383.875,4435.045,4405.73,,32.5503742257504,34.6104656745201,50.02940628329018,68.96759324139306,31.091219325187296,33.555071998605364,35.56648395045975
2026-09-10T06:45:00-04:00,4383.84,4388.3,4375.24,4379,4435.045,4405.73,,27.15416327659017,33.19622963971748,48.82375223655442,68.28887303369542,29.35863143941341,28.423352749008735,34.20020418192916
2026-09-10T07:00:00-04:00,4379,4384.62,4375.43,4383.65,4435.045,4405.73,,29.20107209878285,33.00316712930443,47.79358825566375,66.99638101693141,28.590795494396087,30.212149653500568,33.95702665523908
2026-09-10T07:15:00-04:00,4383.645,4388.87,4380.08,4385.97,4435.045,4405.73,,34.2955865378695,33.234238045946434,46.82108566918579,65.32928810547041,28.31288323290117,34.86649184011341,34.10306530779748
2026-09-10T07:30:00-04:00,4385.895,4391.025,4384.465,4384.61,4400.245,4405.73,,35.383194534020134,33.1207683017655,46.16803412044073,64.72627678748398,27.609791453397474,35.85422684707265,33.93308727480196
2026-09-10T07:45:00-04:00,4384.57,4385.395,4374.1,4374.57,4400.245,4405.73,,31.50963819071325,31.77685670839414,45.43590648090041,64.52266530402532,26.349147657775493,32.196130949398245,32.611231594823956
2026-09-10T08:00:00-04:00,4374.565,4378.055,4369.955,4375.595,4400.245,4405.73,,28.914493350690282,30.797006781439173,44.833685683104335,64.34847042649773,25.31890093971094,29.71969016927089,31.62508675002459
2026-09-10T08:15:00-04:00,4375.585,4377.395,4362.125,4364.47,4400.245,4405.73,,26.7499888876776,30.11960375465905,44.01337070485871,64.24594248583172,23.7807989238857,27.60831723618187,30.912158805560093
2026-09-10T08:30:00-04:00,4364.37,4373.945,4324.17,4341.03,4400.245,4405.73,,20.152196402018152,28.796444817275738,42.792999020757456,63.981379548103604,21.604618493411305,21.160497837703737,29.54998534679459
2026-09-10T08:45:00-04:00,4341.02,4355.205,4336.49,4340.2,4400.245,4405.73,,16.368138134507102,26.453051193437407,41.67775010719146,63.810853291629655,19.544646922753255,17.410831600948242,27.254639361973716
2026-09-10T09:00:00-04:00,4340.215,4355.415,4339.33,4344.08,4400.245,4405.73,,18.618642195118948,24.317317862204156,40.90173209441068,63.68043334321077,18.123030845610593,19.502008107474275,25.160132851754835
2026-09-10T09:15:00-04:00,4344.01,4357.99,4341.54,4357.99,4400.245,4405.73,,28.031613701938074,24.352599527128245,40.46269364688356,63.14632853452023,17.779058759246887,28.334290252761207,25.1060860493133
2026-09-10T09:30:00-04:00,4357.825,4373.415,4352.39,4364.745,4400.245,4405.73,,37.88769927148792,26.139621028139775,39.85852462820849,61.776546996108564,17.940502260308417,37.62809278144765,26.712121946626095
2026-09-10T09:45:00-04:00,4364.72,4376.045,4362.54,4365.985,4400.245,4324.17,,41.17649885879737,27.856029672301702,39.238704247837454,60.19765812085715,18.27975037481776,40.75149859665612,28.25803131428051
2026-09-10T10:00:00-04:00,4365.94,4375.13,4359.26,4359.445,4400.245,4324.17,,39.84901830762927,29.88220086241168,38.342204415605586,57.61136766690605,19.07304116430512,39.52186675381026,30.11599323737706
2026-09-10T10:15:00-04:00,4359.355,4376.45,4354.03,4363.58,4400.245,4324.17,,39.7776953366259,33.46331508218963,37.48866128492902,54.52507324590601,20.45224932395204,39.474726851079254,33.49066817524495
2026-09-10T10:30:00-04:00,4363.555,4370.35,4356.39,4356.455,4400.245,4324.17,,39.54724054856317,36.504801552141984,37.03749269438061,53.511819231343644,20.563166157417577,39.28091513960568,36.36458853413633
2026-09-10T10:45:00-04:00,4356.46,4361.915,4354.095,4358.15,4400.245,4324.17,,38.31266987737213,39.09018013426196,36.60326371429248,52.399061983873096,20.80746544471187,38.13577847050742,38.81460256468298
2026-09-10T11:00:00-04:00,4358.155,4361.49,4352.735,4359.725,4400.245,4324.17,,39.78340270159977,39.862455552045326,36.000553663010145,50.279444466841625,21.72166285917866,39.51455990703534,39.55895129250037
2026-09-10T11:15:00-04:00,4359.735,4367.7,4358.63,4365.49,4400.245,4324.17,,43.05239170558856,40.56580654400501,35.60252136943108,48.61561226960615,22.58943046925601,42.57951348700328,40.229294194841735
2026-09-10T11:30:00-04:00,4365.53,4372.14,4362.37,4365.975,4376.45,4324.17,,45.81207918891636,41.18690707493646,35.53397568564043,48.38573231497315,22.68221905630771,45.168236806076116,40.8208764951918
2026-09-10T11:45:00-04:00,4366.01,4370.205,4360.875,4365.84,4376.45,4324.17,,45.96919348679606,42.31442802376694,35.57012266144303,48.49350790261002,22.64673742027604,45.31730718579996,41.88513431826737
2026-09-10T12:00:00-04:00,4365.83,4370.16,4354.075,4359.145,4376.45,4324.17,,43.36033974220295,42.21051976224419,35.422107757130306,48.108544796938176,22.735670717322435,42.93626320845573,41.80988688301365
2026-09-10T12:15:00-04:00,4359.095,4363.785,4355.335,4363.03,4376.45,4352.735,,42.740582366164475,43.22681140022446,35.33232359232698,47.81646056816355,22.848186616490405,42.400645262462575,42.776485781940764
2026-09-10T12:30:00-04:00,4363.025,4365.585,4355.765,4356.6,4376.45,4352.735,,42.33177885941589,43.358836614256695,35.244633673223106,47.61435488879904,22.87491245764717,42.04633175010949,42.92718782004281
2026-09-10T12:45:00-04:00,4356.64,4364.395,4356.355,4364.14,4376.45,4352.735,,43.51726858426683,44.29363022384363,35.36366199076789,47.97599749342257,22.751326488113207,43.18495969210853,43.82517143481881
2026-09-10T13:00:00-04:00,4364.24,4367.83,4359.675,4362.61,4376.45,4352.735,,46.45405161461119,44.330739445406024,35.65356529224987,48.58837521553866,22.71875536896108,45.93167897685784,43.884949388572686
2026-09-10T13:15:00-04:00,4362.59,4366.975,4361.345,4365.96,4376.45,4352.735,,47.388304958041125,44.743980443593564,36.052329412483786,49.485002861598105,22.619655963369468,46.81443782215525,44.29551458227
2026-09-10T13:30:00-04:00,4365.98,4366.485,4355.475,4359.6,4376.45,4352.735,,46.37259497700169,44.4459970140362,36.293600470942536,49.892515704781644,22.694685237103425,45.913686911299564,44.05534359585829
2026-09-10T13:45:00-04:00,4359.61,4360.395,4351.28,4352.705,4376.45,4352.735,,41.444830096419096,44.1966919733696,36.441636064800335,50.04556260454309,22.83770952505758,41.38159637656605,43.85132405887295
2026-09-10T14:00:00-04:00,4352.76,4356.175,4340.5,4341.025,4376.45,4352.735,,35.808981092831004,42.4655395073695,36.390448940163886,50.023793771683515,22.757104108644253,36.12293344755476,42.261711648741766
2026-09-10T14:15:00-04:00,4341.015,4346.465,4337.56,4339.13,4376.45,4352.735,,32.0952176866855,41.271960209732356,36.272437668110875,49.96670517678431,22.57817015943744,32.63164867574478,41.16141460905446
2026-09-10T14:30:00-04:00,4339.12,4339.155,4331.9,4333.9,4376.45,4352.735,,30.393521380516237,38.71589744915504,36.024745911244466,49.850256095062235,22.199235727426696,31.01763071872685,38.78533194206129
2026-09-10T14:45:00-04:00,4333.74,4338.795,4330.03,4333.115,4376.45,4352.735,,28.971235969974895,36.27687002555055,35.79735397976633,49.76250578956577,21.832202169966884,29.66785588710455,36.51460801198209
2026-09-10T15:00:00-04:00,4333.09,4333.09,4313.85,4322.53,4376.45,4352.735,,26.55383457036641,32.76319162410512,35.67200828445718,49.85376618435835,21.490250384556006,27.357096589495015,33.22609158987266
2026-09-10T15:15:00-04:00,4322.545,4331.04,4319.545,4327.33,4376.45,4352.735,,27.000593934787442,30.742012584917912,35.78832048907205,49.79658314085476,21.78005783728934,27.69120652977822,31.308185045833138
2026-09-10T15:30:00-04:00,4327.34,4329.645,4323.525,4324.49,4376.45,4352.735,,29.036766566172464,29.218030615463228,35.66234325312716,49.79237886167371,21.532307644580612,29.552635179117622,29.846388390601682
2026-09-10T15:45:00-04:00,4324.5,4326.2,4320.245,4324.515,4376.45,4352.735,,28.406944388402852,28.62714495508129,35.44192977439754,49.709545754098194,21.174313794696893,28.956899841687367,29.260746872728173
2026-09-10T16:00:00-04:00,4324.535,4324.535,4319.995,4323.135,4376.45,4352.735,,28.078392663976405,28.070366323260625,35.232649025477535,49.65483389816277,20.8104641527923,28.648140573772615,28.708243218609635
2026-09-10T16:15:00-04:00,4323.13,4323.25,4316.48,4318.59,4376.45,4313.85,,26.634361573721204,27.553099295996994,35.15514879692742,49.694295951534734,20.616001642320107,27.289645131708333,28.195608133580027
2026-09-10T16:30:00-04:00,4318.62,4318.78,4315.955,4318.115,4376.45,4313.85,,25.420004205405103,27.055728676240683,35.02709084046075,49.74072209401231,20.313459586909186,26.146309948281292,27.702087236088705
2026-09-10T16:45:00-04:00,4318.09,4319.085,4314.645,4317.025,4376.45,4313.85,,25.032224188064706,27.118353472482227,35.05410381459725,49.71598461170985,20.392223017484646,25.781545100168465,27.745450565201015
2026-09-10T18:00:00-04:00,4322.94,4324.065,4321.17,4321.54,4376.45,4313.85,,28.090957155023663,27.367261024879607,35.49407676710813,49.236521395108326,21.751632139107937,28.54366523691776,27.9456468667
2026-09-10T18:15:00-04:00,4321.55,4322.24,4319.1,4319.92,4376.45,4313.85,,30.90073827963339,27.650916819185348,35.9089626466635,48.63500465700784,23.182920636319153,31.08386791103031,28.18294563146178
2026-09-10T18:30:00-04:00,4319.925,4320.63,4313.765,4316.27,4376.45,4313.85,,29.236317180051092,27.604224679636243,36.11864588386885,48.33899665316346,23.898295114574243,29.553774351062266,28.116182440807112
2026-09-10T18:45:00-04:00,4316.275,4319.36,4315.315,4318.62,4376.45,4313.85,,29.885489434426358,28.167230182171046,36.01801416033929,48.29607294525373,23.73995537542486,30.127618565949717,28.60565362922666
2026-09-10T19:00:00-04:00,4318.535,4320.145,4316.625,4319.85,4376.45,4313.85,,32.6142822620086,29.31277344771836,35.80844488331125,48.03264366229887,23.584246104323636,32.60429121566367,29.634652750508632
2026-09-10T19:15:00-04:00,4319.885,4320.665,4317.915,4318.47,4376.45,4313.85,,33.010589258704826,30.335968768828113,35.53766653680444,47.68042537940398,23.394907694204896,32.96651535328264,30.55428374494133
2026-09-10T19:30:00-04:00,4318.5,4320.64,4314.585,4316.44,4376.45,4313.85,,31.673874445103312,31.210387806872244,35.32755406786855,47.514725767202854,23.14038236853424,31.756446153413236,31.34176733715
2026-09-10T19:45:00-04:00,4316.445,4318.285,4311.345,4315.38,4376.45,4313.85,,30.463014659894238,31.013699484505423,34.989744144055514,47.13100767801109,22.84848061009994,30.658814004143387,31.158611964148655
2026-09-10T20:00:00-04:00,4315.385,4323.975,4312.73,4319.4,4376.45,4313.85,,33.53340196134593,31.962577430218687,34.97379885685577,47.1071156534951,22.84048206021644,33.43205055111981,32.01267666288986
2026-09-10T20:15:00-04:00,4319.355,4324.405,4317.205,4324.095,4376.45,4313.85,,40.54655435138301,34.245195819171684,35.12114911311498,47.460165520720146,22.782132705509817,39.81959350933868,34.09170315222763
2026-09-10T20:30:00-04:00,4324.09,4327.89,4319.88,4327.805,4376.45,4313.85,,46.51963721761618,36.71519108255864,35.3700479460332,48.20068264098593,22.539413251080475,45.33193922275311,36.35676827911939
2026-09-10T20:45:00-04:00,4327.77,4334.045,4327.015,4332.32,4376.45,4313.85,,51.604800139626576,39.67105806991968,35.62423196217603,49.18281785083842,22.065646073513648,50.09136997568055,39.08801136937531
2026-09-10T21:00:00-04:00,4332.31,4340.6,4328.225,4333.27,4376.45,4311.345,,54.770451208802946,42.93229449687239,35.89701100602653,50.21931013387394,21.574711878179123,53.07395250337082,42.101750322001735
2026-09-10T21:15:00-04:00,4333.19,4337.485,4320.89,4328.145,4376.45,4311.345,,52.017501254642134,45.483522872645054,35.98001477204934,50.47416963405372,21.48585991004495,50.655924696573024,44.48786238170668
2026-09-10T21:30:00-04:00,4328.23,4335.07,4322.61,4326.87,4376.45,4311.345,,47.982722741669676,47.937925377379656,36.1689158883481,50.93172245353371,21.4061093231625,47.062530112928144,46.78852635308309
2026-09-10T21:45:00-04:00,4326.875,4330.3,4324.16,4329.53,4376.45,4311.345,,48.95441637250764,49.889526990119826,36.34553441948128,51.462043033731504,21.229025805231057,47.99097172286934,48.64755414506369
2026-09-10T22:00:00-04:00,4329.505,4333.535,4327.91,4330.87,4376.45,4311.345,,51.53134045295975,51.076435692115865,36.710066570321274,52.42475616748557,20.99537697315698,50.388907346939135,49.80833030668322
2026-09-10T22:15:00-04:00,4330.85,4334.515,4323.565,4325.165,4340.6,4311.345,,48.78792053083187,50.537607936752885,36.655572769279225,52.28429629787175,21.0268492406867,47.955738363566795,49.397211042439025
2026-09-10T22:30:00-04:00,4325.16,4326.55,4316.845,4318.805,4340.6,4311.345,,41.98191859780802,48.327040965881984,36.446999922274024,51.87290121463349,21.02109862991456,41.789809310313615,47.43645583086409
2026-09-10T22:45:00-04:00,4318.8,4326.91,4315.945,4322.755,4340.6,4311.345,,41.442205335038075,46.72953768710578,36.305802203220225,51.48665577999156,21.12494862644889,41.320845383861034,46.039180436864804
2026-09-10T23:00:00-04:00,4322.7,4326.495,4314.555,4319.775,4340.6,4311.345,,42.64586909679393,45.649431777925365,36.22778075285004,51.32443842815675,21.131123077543325,42.44268127336969,45.08981485280599
2026-09-10T23:15:00-04:00,4319.78,4321.78,4304.155,4309.475,4340.6,4311.345,,37.067655851134205,43.61094714695279,36.04832136526229,51.14899137637299,20.94765135415159,37.260450915249024,43.23858638038505
2026-09-10T23:30:00-04:00,4309.355,4312.75,4306.595,4308.41,4340.6,4311.345,,32.59800298163397,40.97617080910431,36.03889968748552,51.145527222338906,20.93227215263213,33.087174888631814,40.831587185880984
2026-09-10T23:45:00-04:00,4308.475,4308.58,4300.795,4304.19,4340.6,4311.345,,30.85436809805883,37.70324075983824,35.97533021299013,51.14197356140438,20.808686864575883,31.43875706649102,37.82425772882844
2026-09-11T00:00:00-04:00,4304.185,4324.995,4302.14,4321.575,4340.6,4311.345,,39.23699588656936,38.247335196457875,36.559104070194515,52.00662562776375,21.111582512625276,39.2734603595502,38.35093632759053
2026-09-11T00:15:00-04:00,4321.695,4329.35,4319.525,4328.625,4340.6,4311.345,,51.7685894223312,40.49943242398772,37.316351004305204,53.35894553950085,21.27375646910956,51.06196273924568,40.47344442280904
2026-09-11T00:30:00-04:00,4328.655,4333.055,4325.585,4330.545,4340.6,4311.345,,55.23920772949556,42.189335880588594,38.246478961908,54.6421807448641,21.850777178951894,54.383458608592406,42.083111534656645
2026-09-11T00:45:00-04:00,4330.78,4335.31,4329.22,4331.755,4340.6,4311.345,,56.400797775946245,44.42941204660266,39.045774759667495,56.02162622997853,22.06992328935646,55.49616311440903,44.20301066310599
2026-09-11T01:00:00-04:00,4331.76,4338.19,4328.32,4338.12,4340.6,4300.795,,59.136686352633845,48.49477316673134,40.01706247875866,57.779911838181526,22.254213119335795,58.11822048351294,48.04247426844633
2026-09-11T01:15:00-04:00,4338.04,4339.405,4333.545,4334.66,4340.6,4300.795,,59.617093828555596,52.149152288580275,40.88166590320589,58.98183727826125,22.781494528150535,58.6489384675252,51.50637168564696
2026-09-11T01:30:00-04:00,4334.69,4343.105,4333.845,4343.045,4340.6,4300.795,,60.62948206983223,57.001948587238026,41.931832443809014,60.65668844385543,23.206976443762596,59.68810712874013,56.11371714337464
2026-09-11T01:45:00-04:00,4342.985,4352.03,4339.91,4346.17,4340.6,4300.795,,64.37416787690945,59.331201428677446,43.10165450927579,62.29586937985842,23.907439638693155,63.28234291914022,58.36605241695839
2026-09-11T02:00:00-04:00,4346.22,4361.15,4345.775,4359.265,4340.6,4300.795,,68.57213671695757,61.80296209998841,44.47019317978269,64.53831813327524,24.402068226290144,67.36440862145422,60.77155882400565
2026-09-11T02:15:00-04:00,4359.26,4360.535,4351.245,4351.56,4340.6,4300.795,,67.98934692491024,62.97409834165306,45.628544082031404,65.60585461616921,25.65123354789359,66.97698364434483,61.96420242717336
2026-09-11T02:30:00-04:00,4351.555,4354.14,4347.055,4350.805,4340.6,4300.795,,63.78151947858186,63.91173972931288,46.56963802234493,66.70958077171498,26.42969527297488,63.07300309831709,62.93637024797938
2026-09-11T02:45:00-04:00,4350.775,4355.46,4349.49,4353.215,4340.6,4300.795,,64.10539731934696,64.39373004642825,47.58175931966162,67.78847594098656,27.375042698336678,63.39097086570911,63.470702536372265
2026-09-11T03:00:00-04:00,4353.21,4356.24,4349.905,4351.84,4340.6,4300.795,,64.0574738318665,65.18041973025885,48.617941354804664,68.50104603137127,28.734836678238057,63.368911924398425,64.28493409280031
2026-09-11T03:15:00-04:00,4351.865,4352.445,4346.18,4346.455,4361.15,4300.795,,60.55395515819133,64.37215092881657,49.385786715177204,68.83188288851841,29.939690541836004,60.134705108124564,63.598301959053536
2026-09-11T03:30:00-04:00,4346.46,4347.825,4343.245,4345.185,4361.15,4300.795,,57.15087990029032,63.116623165510525,50.06127062764477,69.07602670805825,31.046514547231286,56.99066008139515,62.48731042487315
2026-09-11T03:45:00-04:00,4345.175,4345.25,4340.64,4345.005,4361.15,4300.795,,56.42437662767368,60.9013623318783,50.76306832511655,69.18731064539732,32.33882600483578,56.31867557219201,60.44237823069291
2026-09-11T04:00:00-04:00,4345.075,4349.475,4342.1,4347.465,4361.15,4300.795,,57.36074711302514,60.079880362114785,51.57226313752252,69.22897644185213,33.91554983319291,57.18379061451422,59.689255273492975
2026-09-11T04:15:00-04:00,4347.41,4357.635,4343.645,4351.49,4361.15,4300.795,,59.99835974529394,59.8204595509389,52.50044156543419,69.28018241125852,35.72070071960985,59.626747380163415,59.45773373979186
2026-09-11T04:30:00-04:00,4351.48,4356.825,4351.095,4352.61,4361.15,4300.795,,62.04176925816223,59.490272344633425,53.249225919688186,69.65952674794859,36.83892509142778,61.52363082714306,59.15572954818839
2026-09-11T04:45:00-04:00,4352.655,4355.52,4345.55,4347.01,4361.15,4300.795,,59.05119461595807,58.390094060679345,53.58894981629154,69.80446696663994,37.37343266594314,58.798318750636085,58.15184997585976
2026-09-11T05:00:00-04:00,4347.055,4354.035,4342.485,4342.485,4361.15,4340.64,,53.18688104708829,57.38539402717542,53.64141673318655,69.82505710734519,37.45777635902792,53.4154641039224,57.23594640413063
2026-09-11T05:15:00-04:00,4342.49,4346.37,4341.625,4343.765,4361.15,4340.64,,51.39383485160627,56.74522404676962,53.57654009346682,69.76509743835302,37.38798274858061,51.751340030219914,56.654901389809694
2026-09-11T05:30:00-04:00,4343.77,4345.345,4340.925,4343.5,4357.635,4340.64,,51.88606343392961,56.08873311467711,53.47174686407635,69.66044504013674,37.28304868801597,52.19897699769147,56.058889668559054
2026-09-11T05:45:00-04:00,4343.48,4347.705,4342.495,4346.275,4357.635,4340.64,,53.231610029607495,55.56547059436458,53.64795825670007,69.7844905755748,37.51142593782535,53.419248571930765,55.57931794907157
2026-09-11T06:00:00-04:00,4346.375,4349.855,4341.345,4346.08,4357.635,4340.64,,54.60023085455762,54.54641057446674,53.861012047187415,69.8967631252852,37.825260969089626,54.66199903839805,54.64039014234037
2026-09-11T06:15:00-04:00,4346.085,4349.975,4345.82,4349.355,4357.635,4340.64,,56.26519349651998,53.91502037675251,54.07800396987727,70.1279425107103,38.02806542904425,56.17600985690954,54.05142624329056
2026-09-11T06:30:00-04:00,4349.39,4349.775,4343.795,4345.2,4357.635,4340.64,,55.22231939761919,53.45244622636992,54.0781284556968,70.12803257169777,38.028224339695825,55.22604497747042,53.61974049286447
2026-09-11T06:45:00-04:00,4345.305,4345.485,4336.8,4337.63,4357.635,4340.64,,48.15112969106052,52.47623427503028,54.040545685184846,70.14864168096094,37.932449689408756,48.720633108373505,52.71004595884802
2026-09-11T07:00:00-04:00,4337.555,4342.715,4334.77,4338.04,4357.635,4340.64,,44.179921846952865,51.39132822504037,54.207422764470024,69.97216030214983,38.44268522679022,45.03423305073348,51.700567070154065
2026-09-11T07:15:00-04:00,4338.025,4341.665,4336.105,4336.55,4357.635,4340.64,,43.65064660155019,50.1232580372076,54.17045399497968,70.00080008832954,38.340107901629814,44.533379598548066,50.51987527337848
2026-09-11T07:30:00-04:00,4336.56,4337.505,4330.285,4334.92,4357.635,4340.64,,41.98858766771665,48.17903612164299,54.16875915099489,70.002756775566,38.334761526423776,42.983762136633885,48.71899951721209
2026-09-11T07:45:00-04:00,4334.925,4336.325,4330.935,4333.51,4357.635,4340.64,,40.36636974352389,46.05644057691224,54.36449598864966,69.60511839374489,39.12387358355443,41.46984469027154,46.750688316770905
2026-09-11T08:00:00-04:00,4333.52,4335.02,4324.845,4328.11,4357.635,4340.64,,37.000877607825075,42.67494586773015,54.42775177606495,69.43740089562426,39.418102656505646,38.302445405169166,43.61226681671485
2026-09-11T08:15:00-04:00,4328.12,4343.5,4327.42,4341.31,4357.635,4340.64,,42.88087585892292,42.53031385157044,55.071937621641666,68.3736210048629,41.770254238420435,43.58325508318822,43.42417691840456
2026-09-11T08:30:00-04:00,4341.345,4362.87,4292.11,4354.09,4357.635,4340.64,4353.3073349999995,56.56531319518608,45.07899829748031,55.44706455892476,68.75765019018812,42.1364789276614,56.22231113376715,45.75560339539875
2026-09-11T08:45:00-04:00,4354.14,4390.26,4352.635,4388.555,4357.635,4340.64,,69.10337063951198,49.65129922087304,56.09163063441701,70.58315149137957,41.60010977745445,68.28457147201524,50.0671307530565
2026-09-11T09:00:00-04:00,4388.45,4394.515,4380.54,4389.455,4357.635,4340.64,,76.57614010564185,54.486282155792196,56.702178228109844,72.25069162662777,41.15366482959192,75.57883371857767,54.62573314397864
2026-09-11T09:15:00-04:00,4389.505,4398.695,4380.605,4390.105,4357.635,4340.64,,76.79991491915374,59.59739272128364,57.291578701664506,73.79206793290287,40.791089470426144,75.80098198552452,59.44347928131096
2026-09-11T09:30:00-04:00,4390.355,4400.475,4381.72,4394.86,4357.635,4340.64,,77.6133984320141,65.12829035250368,57.78904364454397,75.23633118594383,40.34175610314412,76.60484113040852,64.66430355544635
2026-09-11T09:45:00-04:00,4395.14,4402.555,4387.155,4401.595,4357.635,4292.11,,79.27111103988426,71.67460227330056,58.44769736115444,76.94122819172301,39.954166530585866,78.24504016052374,70.85564921141227
2026-09-11T10:00:00-04:00,4401.59,4402.63,4381.72,4383.295,4357.635,4292.11,,72.04434506269577,73.46071012501022,58.460506173535954,76.96347691967709,39.95753542739482,71.50106896756452,72.6408218081253
2026-09-11T10:15:00-04:00,4383.275,4385.45,4374.325,4375.24,4357.635,4292.11,,61.0490488812558,72.95566961217763,58.25210212611598,76.6542320188518,39.84997223338016,61.13823699918443,72.26019945867435
2026-09-11T10:30:00-04:00,4375.245,4375.745,4364.8,4371.48,4357.635,4292.11,,56.974652201503574,69.99536199986495,57.77830120203866,75.78728669817383,39.769315705903495,57.26538227648887,69.49248203797491
2026-09-11T10:45:00-04:00,4371.545,4384.42,4370.435,4370.915,4357.635,4292.11,,55.53438933434387,66.94374082037821,57.51945756196502,75.44947227688817,39.58944284704187,55.89584413144974,66.63648814806638
2026-09-11T11:00:00-04:00,4370.715,4372.915,4359.32,4362.63,4357.635,4292.11,,52.598565711259425,63.08069079760945,57.120480392196164,75.09018270008698,39.150778084305344,53.10991507938881,63.00932006479328
2026-09-11T11:15:00-04:00,4362.64,4372.535,4361.615,4370.5,4402.63,4292.11,,52.17649828747386,59.67605506479528,56.81775761891366,74.66904846945405,38.96646676837327,52.66607755018094,59.7968414108585
2026-09-11T11:30:00-04:00,4370.355,4377.245,4369.04,4372.78,4402.63,4292.11,,55.13955085084219,56.185959315026004,56.59589668743003,74.35426895506868,38.83752441979138,55.42371014006282,56.48894005894731
2026-09-11T11:45:00-04:00,4372.77,4373.8,4365.19,4367.055,4402.63,4292.11,,53.792738174200885,54.46131023951103,56.42003897279658,74.22283775340074,38.617240192192426,54.14927117134453,54.839184897652785
2026-09-11T12:00:00-04:00,4367.025,4372.775,4361.035,4361.35,4402.63,4292.11,,49.951999583487165,53.01537380137783,56.17243313938278,74.11988801784368,38.22497826092189,50.526239034629484,53.456940640503035
2026-09-11T12:15:00-04:00,4361.325,4364.175,4352.045,4354.955,4402.63,4292.11,,46.17932407497854,51.37693077478959,55.817388822638044,74.05787604524734,37.57690160002875,46.952446992288166,51.89263195930973
2026-09-11T12:30:00-04:00,4354.965,4365.915,4353.45,4363.475,4402.63,4292.11,,47.13928274176418,50.61677191778362,55.57117052930861,73.86420750099569,37.27813355762152,47.78711908674498,51.14016205630168
2026-09-11T12:45:00-04:00,4363.52,4365.035,4360.24,4361.615,4402.63,4292.11,,49.42344651391542,50.46975386126273,55.19533510314518,73.49738133898836,36.893288867302005,49.8837487634976,50.970870154769386
2026-09-11T13:00:00-04:00,4361.61,4368.95,4360.795,4365.705,4402.63,4292.11,,50.20291061272769,50.052889724999,54.87476707957716,73.08510251451537,36.664431644638945,50.59149418120365,50.547423950879605
2026-09-11T13:15:00-04:00,4365.8,4369.755,4363.42,4366.835,4402.63,4292.11,,51.96281330415461,49.56211456220914,54.77837149656851,73.00037080115764,36.55637219197938,52.214572245202206,50.05397361338065
2026-09-11T13:30:00-04:00,4366.815,4370.43,4359.945,4362.05,4402.63,4352.045,,50.57292028759015,49.13294175739593,54.72100468195963,72.98398639896527,36.45802296495399,50.91807496600873,49.62422503506939
2026-09-11T13:45:00-04:00,4362.02,4363.79,4357.98,4358.285,4402.63,4352.045,,47.467080447404044,48.85213766618539,54.54738594338014,72.94800891519189,36.14676297156839,48.023824633305495,49.33899807014522
2026-09-11T14:00:00-04:00,4358.335,4360.125,4345.395,4347.005,4402.63,4352.045,,42.66197823636642,48.12798580350675,54.17841143504414,73.04079633306591,35.31602653702237,43.50205835222964,48.63839970933837
2026-09-11T14:15:00-04:00,4347.01,4353.1,4344.195,4350.7,4402.63,4352.045,,40.731243360868305,47.02126927164371,53.81207025698372,72.95193678583516,34.67220372813228,41.63234122458036,47.58049010952675
2026-09-11T14:30:00-04:00,4350.65,4351.645,4345.87,4347.245,4402.63,4352.045,,41.240469546426176,45.789992384224114,53.39254312280111,72.88868269584488,33.89640354975734,42.06564692157943,46.404656325933175
2026-09-11T14:45:00-04:00,4347.205,4347.515,4344.325,4347.005,4370.43,4352.045,,40.13401963937431,44.14444327925703,52.863177677151626,72.64656437778416,33.07979097651909,41.0217519010134,44.846278029472394
2026-09-11T15:00:00-04:00,4347.03,4352.07,4344.485,4352.07,4370.43,4352.045,,42.376648837462525,43.05108825088352,52.6369154427919,72.54605234847384,32.72777853710997,43.05639171977255,43.78803331866756
2026-09-11T15:15:00-04:00,4351.87,4353.905,4347.37,4347.475,4370.43,4352.045,,43.115359900184714,42.013711739998335,52.56695592474716,72.56678328944433,32.567128560049994,43.69058645479339,42.7812813119823
2026-09-11T15:30:00-04:00,4347.585,4348.525,4345.205,4346.275,4370.43,4344.195,,41.131099673644684,41.24080802980941,52.45757296200907,72.59913935132639,32.31600657269175,41.84125774413165,42.02158563604645
2026-09-11T15:45:00-04:00,4346.24,4349.595,4342.745,4348.75,4370.43,4344.195,,58.03321189614573,58.18491401214799,47.5320945751173,67.6609859430308,27.403203207203802,42.585618676964536,42.51944140476369
2026-09-11T16:00:00-04:00,4348.715,4351.51,4348.15,4348.455,4370.43,4344.195,,56.90714450201,58.08444564529868,47.47747010679838,67.53195687810887,27.422983335487885,43.60230773999987,42.5844332118806
2026-09-11T16:15:00-04:00,4348.355,4350.5,4346.345,4348.905,4370.43,4344.195,,43.227966320993204,42.38294220915687,52.636234635322076,72.52618183569373,32.74628743495042,43.72093286096471,42.992380244588055
2026-09-11T16:30:00-04:00,4348.89,4349.225,4345.905,4346.575,4370.43,4344.195,,42.454750803222225,42.57862040151502,52.8433459635191,72.32456098799243,33.36213093904577,43.00922020938087,43.15228129998559
2026-09-11T16:45:00-04:00,4346.615,4349.83,4345.605,4349.42,4370.43,4344.195,,43.14874867106297,42.60354216161414,52.65199185956561,72.25190683345315,33.052076885678076,43.61038634819583,43.150664424137574
2026-09-13T18:00:00-04:00,4338.79,4342.305,4330.075,4330.97,4370.43,4344.195,,38.318178714614554,41.207997205637824,51.76998511172078,72.00191306816617,31.53805715527538,39.04012231178652,41.82357725912649
2026-09-13T18:15:00-04:00,4330.98,4336.515,4328.405,4336.315,4370.43,4344.195,,34.6323658716068,40.746761075317615,50.624285696747656,69.98052195416054,31.268049439334767,35.541969991047566,41.35086792325641
2026-09-13T18:30:00-04:00,4336.21,4338.38,4333.8,4337.285,4370.43,4344.195,,38.00308287688795,40.07550999793317,49.500981745323486,67.67423541578371,31.32772807486326,38.616247749247535,40.68947127977878
2026-09-13T18:45:00-04:00,4337.265,4340.225,4335.515,4338.1,4370.43,4344.195,,38.958076744786354,39.56539571725943,48.39829521590252,65.04485203887364,31.751738392931404,39.487275742594164,40.1751444954262
2026-09-13T19:00:00-04:00,4338.125,4342.615,4338.025,4339.68,4370.43,4344.195,,40.30475822656323,39.24030768523888,47.306355850885204,61.76140046892898,32.851311232841425,40.71151697819103,39.82963817041487
2026-09-13T19:15:00-04:00,4339.685,4340.785,4335.905,4339.52,4370.43,4344.195,,41.13692374296092,39.18887370004192,46.155107727848204,57.33754703226415,34.97266842343226,41.46684818505779,39.73446677419104
2026-09-13T19:30:00-04:00,4339.495,4342.375,4337.99,4338.13,4370.43,4328.405,,40.461567757607355,38.47254170996586,45.448545421174124,55.577912222423556,35.31917861992469,40.848563989921566,39.040546068050794
2026-09-13T19:45:00-04:00,4338.1,4338.43,4332.075,4333.03,4370.43,4328.405,,37.75333551435299,39.027489928538614,44.78477164744215,54.596552780805446,34.97299051407885,38.35598745078278,39.538999671047115
2026-09-13T20:00:00-04:00,4333.025,4347.71,4329.85,4342.83,4370.43,4328.405,,41.441396088327366,40.417978914743166,44.53482447334023,53.88053376894889,35.18911517773157,41.69279059311242,40.79792338292647
2026-09-13T20:15:00-04:00,4342.82,4345.2,4333.175,4338.085,4370.43,4328.405,,45.19302745954792,41.0817598092986,44.176456243042395,53.01696766426966,35.33594482181513,45.096093024314,41.39038403535182
2026-09-13T20:30:00-04:00,4338.17,4340.93,4332.345,4338.475,4370.43,4328.405,,43.373418874664615,41.67950523756553,43.99216877706994,52.68740542779026,35.296932126349624,43.42554243789889,41.92314243872782
2026-09-13T20:45:00-04:00,4338.48,4343.635,4337.355,4338.73,4370.43,4328.405,,43.741363091148244,42.063646913465746,43.68027181972913,51.85649245642151,35.504051183036744,43.762321386178655,42.262042437634
2026-09-13T21:00:00-04:00,4338.685,4344.795,4329.695,4331.775,4370.43,4328.405,,40.88844770030198,41.608512082520114,43.15386859174405,50.732122029617464,35.575615153870636,41.13772177676249,41.829106322072015
2026-09-13T21:15:00-04:00,4331.73,4338.025,4326.345,4335.755,4347.71,4328.405,,40.31369076007884,42.02139634274332,42.88738667772195,50.06321284194095,35.711560513502945,40.59293596361371,42.1890058586889
2026-09-13T21:30:00-04:00,4335.83,4346.8,4328.47,4342.625,4347.71,4328.405,,46.39663721765564,44.0780268548923,42.94472962904808,50.24834772006241,35.641111538033755,46.18562246748594,44.066144898272924
2026-09-13T21:45:00-04:00,4342.62,4355.4,4342.595,4353.355,4347.71,4328.405,,54.48511563878145,45.74817335715877,43.37596265206329,51.88395670669535,34.867968597431236,53.737462864896216,45.630340793484265
2026-09-13T22:00:00-04:00,4353.335,4354.975,4348.405,4349.485,4347.71,4328.405,,57.00872314060858,47.453939906623916,43.52528494662717,52.44219972851709,34.608370164737245,56.16430535266522,47.228491277801844
2026-09-13T22:15:00-04:00,4349.46,4354.255,4348.35,4352.33,4347.71,4328.405,,56.20038273501852,49.413020174402746,43.77460595918701,53.35633506083316,34.19287685754085,55.45490816532667,49.06730242989221
2026-09-13T22:30:00-04:00,4352.34,4355.405,4343.26,4345.67,4347.71,4326.345,,54.128894952390446,50.421806152693115,43.756225201901444,53.30018495178444,34.21226545201845,53.57940491420982,50.03337228581075
2026-09-13T22:45:00-04:00,4345.62,4348.08,4330.375,4331.085,4347.71,4326.345,,45.651174458212324,50.773799248091414,43.40333308589629,52.675365222005375,34.13130094978721,45.70280059457267,50.371610663552254
2026-09-13T23:00:00-04:00,4330.995,4336.33,4327.705,4333.675,4347.71,4326.345,,41.496440641603435,50.75973469027157,43.222314634490466,52.370302507145084,34.07432676183585,41.81206358032314,50.38169446201344
2026-09-13T23:15:00-04:00,4333.69,4336.625,4332.175,4335.08,4347.71,4326.345,,43.27931920448319,49.883136958613576,43.15699418925388,52.27060131045961,34.04338706804815,43.47130469240739,49.596091299244094
2026-09-13T23:30:00-04:00,4335.09,4335.45,4327.335,4329.45,4347.71,4326.345,,41.989690613408996,47.18961325445087,43.18276830372825,52.270093599519264,34.09544300793724,42.25842476134214,47.10196928956941
2026-09-13T23:45:00-04:00,4329.44,4333.81,4328.835,4330.705,4355.405,4326.345,,40.68657609857045,45.21966637517411,43.15436670323635,52.25296792895132,34.055765477521376,41.02930876131286,45.271806558857705
2026-09-14T00:00:00-04:00,4330.69,4331.99,4329.28,4329.32,4355.405,4326.345,,40.80825723429098,42.791863111385865,43.15734405007324,52.253461152564626,34.06122694758186,41.13725767194687,43.01121200574661
2026-09-14T00:15:00-04:00,4329.33,4331.8,4328.92,4331.66,4355.405,4326.345,,41.57367220603379,41.632459876215066,43.239052148333975,52.29392544462608,34.18417885204187,41.83248421412956,41.915543501691914
2026-09-14T00:30:00-04:00,4331.65,4331.805,4323.54,4323.57,4355.405,4326.345,,39.904493007599775,41.14995412549656,43.01192311890484,52.21627939021022,33.80756684759946,40.25959322357609,41.45600989974759
2026-09-14T00:45:00-04:00,4323.565,4331.83,4322.17,4329.755,4355.405,4326.345,,40.181580613515294,41.256785582475594,43.066476896176944,52.261917030660726,33.87103676169316,40.486499982351006,41.53681104512845
2026-09-14T01:00:00-04:00,4329.76,4332.855,4326.75,4330.945,4355.405,4326.345,,43.98121356080239,41.35049537015919,43.179576876972945,52.35967052320092,33.99948323074497,43.9917337508934,41.60470391645788
2026-09-14T01:15:00-04:00,4331.025,4332.335,4326.41,4326.59,4355.405,4326.345,,42.872419894124874,41.50899394839441,43.119749354428166,52.316175832913416,33.923322875942915,42.9652748931793,41.73876822565335
2026-09-14T01:30:00-04:00,4326.58,4337.245,4325.5,4331.025,4355.405,4326.345,,43.454996686951056,42.14147268112508,43.200879299853014,52.424890233496455,33.97686836620957,43.498683834163174,42.31023965155797
2026-09-14T01:45:00-04:00,4331.25,4337.52,4323.42,4337.4,4355.405,4326.345,,48.65737955683905,43.7516003262653,43.43912660359556,52.94369270737898,33.93456049981214,48.32439448451821,43.79223588638802
2026-09-14T02:00:00-04:00,4337.395,4338.765,4326.96,4329.99,4355.405,4322.17,,48.49969239146597,44.120335591248555,43.55646409916147,53.05867096353987,34.054257234783066,48.20491064438111,44.130932917344126
2026-09-14T02:15:00-04:00,4329.97,4332.645,4326.955,4330.135,4355.405,4322.17,,45.488507574573454,45.347033059686346,43.57675948027265,53.08817005705236,34.06534890349294,45.42811572603484,45.26895660137624
2026-09-14T02:30:00-04:00,4330.125,4332.445,4325.32,4327.415,4355.405,4322.17,,44.445473211946506,45.338590619371764,43.91689318723982,52.829046460992835,35.00473991348681,44.4653285122661,45.267741068748435
2026-09-14T02:45:00-04:00,4327.46,4329.815,4320.69,4322.32,4355.405,4322.17,,41.38067643931247,44.60402245354637,43.973718925431804,52.79380698330377,35.15363086755984,41.6260159211791,44.59303722145786
2026-09-14T03:00:00-04:00,4322.29,4324.39,4317.715,4324.1,4355.405,4322.17,,40.42688175942432,44.63986543802874,44.0594695920949,52.77584374485756,35.34309543933224,40.72955019851068,44.62896258455741
2026-09-14T03:15:00-04:00,4324.155,4324.395,4316.47,4317.045,4338.765,4322.17,,61.143851460927436,56.709934160133194,56.03227685137489,64.9170792649046,47.147474437845176,39.25107258660586,43.37943400787007
2026-09-14T03:30:00-04:00,4317.035,4319.76,4315.825,4319.405,4338.765,4322.17,,62.34296146368699,58.5030891392644,56.096278624978645,65.0528736529422,47.13968359701509,38.1123871280828,41.71124619700443
2026-09-14T03:45:00-04:00,4319.42,4322.24,4307.995,4311.055,4338.765,4322.17,,36.2651261225255,39.79447547731239,43.68114681801128,53.05170187388167,34.31059176214089,36.77741971945726,40.11443660074896
2026-09-14T04:00:00-04:00,4311.06,4318.36,4310.97,4313.37,4338.765,4322.17,,34.858634644240524,38.4598043092119,43.57413707423508,53.11055896460036,34.03771518386981,35.43082856785639,38.85487843752487
2026-09-14T04:15:00-04:00,4313.395,4314.52,4310.345,4310.755,4338.765,4322.17,,35.35393239288651,37.196892386152385,43.54000545792501,53.15563771872392,33.9243731971261,35.86871955528572,37.65826261304028
2026-09-14T04:30:00-04:00,4310.69,4316.27,4309.74,4312.065,4338.765,4322.17,,35.316897289489305,36.72729598069099,43.21387243900931,52.97867832418438,33.449066553834236,35.814767220380645,37.19452166586817
2026-09-14T04:45:00-04:00,4312.005,4313.535,4303.45,4306.695,4338.765,4322.17,,34.32517511879817,35.45354763168776,42.9007200261162,53.094939769828756,32.70650028240364,34.870296927768614,35.98419024997112
2026-09-14T05:00:00-04:00,4306.69,4311.93,4305.15,4306.075,4338.765,4322.17,,32.30796504375731,34.85638641060091,42.56296339013241,53.17258496891069,31.95334181135413,32.9841399512856,35.4039694843481
2026-09-14T05:15:00-04:00,4306.065,4306.26,4280.63,4288.16,4338.765,4322.17,,27.614763090473712,32.58432607573368,41.95209649666476,53.808142923212074,30.096050070117442,28.498881991393933,33.23747449663146
2026-09-14T05:30:00-04:00,4288.075,4289.87,4279.32,4281.65,4338.765,4322.17,,21.976200961918114,30.773836364713084,41.45047828787454,54.60372367851517,28.297232897233904,23.07750160359271,31.489707165529662
2026-09-14T05:45:00-04:00,4281.645,4288.525,4278.3,4285.63,4338.765,4322.17,,23.269940635607565,29.27327064469569,40.94952295993115,54.78096583193069,27.11808008793161,24.203592387288847,30.029692730755013
2026-09-14T06:00:00-04:00,4285.615,4289.62,4278.315,4288.395,4338.765,4322.17,,27.358062577085082,28.489302131626964,40.33056213254685,54.291791709098014,26.36933255599569,27.976616622366148,29.234820613266926
2026-09-14T06:15:00-04:00,4288.385,4292.835,4286,4291.17,4338.765,4322.17,,30.63821936944166,27.936505524682076,39.546764355852346,52.64967258632544,26.443856125379256,31.007221911511092,28.656108356792284
2026-09-14T06:30:00-04:00,4291.195,4295.085,4289.305,4294.075,4338.765,4322.17,,33.95011165954246,28.38214114326819,38.97417322189591,51.35879805484298,26.589548388948838,34.06967575175355,29.00607170583405
2026-09-14T06:45:00-04:00,4294.105,4296.64,4290.1,4294.685,4338.765,4322.17,,35.9881039024183,28.98797377001379,38.3578067774641,49.62860694195298,27.087006612975216,35.954769865533024,29.504859760862974
2026-09-14T07:00:00-04:00,4294.69,4297.09,4291.175,4292.235,4338.765,4278.3,,35.5059668519209,30.63677078939596,37.87870686304476,48.6144201070482,27.142993619041327,35.512338361149276,31.009916382907004
2026-09-14T07:15:00-04:00,4292.275,4297.02,4291.22,4296.215,4338.765,4278.3,,37.12522153586201,33.31626536256919,37.856280134972906,48.58049927891099,27.13206099103482,37.004691248142834,33.48405680216301
2026-09-14T07:30:00-04:00,4296.08,4296.905,4292.205,4292.44,4338.765,4278.3,,38.163864163218406,34.89217751157048,37.68267295255152,48.324990249019926,27.040355656083115,37.97033647898131,34.943271837676285
2026-09-14T07:45:00-04:00,4292.42,4293.995,4284.39,4287.17,4338.765,4278.3,,34.94200939885596,35.483107311646584,37.36585014640659,47.92961338612306,26.80208690669013,35.00885182868251,35.49326686111054
2026-09-14T08:00:00-04:00,4287.175,4296.94,4285.3,4294.885,4338.765,4278.3,,37.638117888697394,36.89214851707212,37.42669808639201,48.04619811890897,26.807198053875048,37.5123948160192,36.80189266753574
2026-09-14T08:15:00-04:00,4294.955,4297.665,4283.435,4286.14,4338.765,4278.3,,39.14807802197341,36.96824055805543,37.275350259547935,47.84306674726583,26.70763377183004,38.9187737307081,36.87872342652612
2026-09-14T08:30:00-04:00,4286.21,4289.8,4273.405,4283.805,4338.765,4278.3,,35.44961744766435,36.738295244285275,37.111483981296324,47.66579737029422,26.557170592298426,35.498084843171924,36.67141123257543
2026-09-14T08:45:00-04:00,4283.78,4283.78,4266.005,4271.27,4338.765,4278.3,,31.500357862868295,35.82378084689754,36.68280235700879,47.37939806478067,25.9862066492369,31.78926176807312,35.8149872570758
2026-09-14T09:00:00-04:00,4271.26,4272.885,4253.635,4266.525,4338.765,4278.3,,27.259881621244578,33.91962669725172,36.36768331151072,47.436833967142356,25.29853265587908,27.786890747198573,34.03775394659135
2026-09-14T09:15:00-04:00,4266.48,4277.975,4263.985,4273.705,4338.765,4278.3,,30.10066551311918,33.52000980401205,36.08980735110313,46.99732467483162,25.18229002737465,30.40971492486874,33.65480967018649
2026-09-14T09:30:00-04:00,4273.785,4278.6,4266.855,4274.99,4297.665,4278.3,,34.599222334649994,33.82168753605002,35.81580147467823,46.45961504338218,25.171987905974284,34.599762954906126,33.92087141122666
2026-09-14T09:45:00-04:00,4274.98,4281.38,4269.82,4272.735,4297.665,4278.3,,34.61375828946714,32.65590706137483,35.604003727299734,46.15017820552424,25.057829249075226,34.61565068338801,32.82716848943472
2026-09-14T10:00:00-04:00,4272.685,4282.09,4265.135,4281.71,4297.665,4278.3,,38.4416692647646,33.61985646256179,35.520899861608434,45.884678437893825,25.157121285323043,38.19457135403483,33.71395644646287
2026-09-14T10:15:00-04:00,4281.7,4283.01,4264.125,4270.205,4297.665,4253.635,,39.51515636425129,33.817489608971094,35.066225892441636,44.394946202425245,25.737505582458027,39.218534307451925,33.89015405065758
2026-09-14T10:30:00-04:00,4270.305,4277.295,4266.8,4276.985,4297.665,4253.635,,39.05089931532176,35.77715402040563,34.96508850418819,44.04381852962074,25.88635847875564,38.82497937080228,35.724161475814064
2026-09-14T10:45:00-04:00,4277.01,4279.6,4273.94,4279.57,4297.665,4253.635,,43.03998514023908,38.3260906143981,34.9221951610102,43.877755101632076,25.966635220388326,42.58012791268361,38.116793240796156
2026-09-14T11:00:00-04:00,4279.65,4286.645,4272.57,4277.09,4297.665,4253.635,,43.293003266220715,39.546393378434644,34.897296154439616,43.794397128228454,26.000195180650778,42.83539327526347,39.27435529021256
2026-09-14T11:15:00-04:00,4277.005,4284.865,4272.565,4283.675,4297.665,4253.635,,45.22311609660119,41.36148883209844,35.148221023203654,44.66437460703247,25.632067439374836,44.66591169480826,40.99283573791106
2026-09-14T11:30:00-04:00,4283.58,4298.435,4282.88,4294.145,4297.665,4253.635,,51.6233078207879,44.406264673097716,35.55590945216687,46.43404447871898,24.677774425614764,50.72511021177509,43.87705801260886
2026-09-14T11:45:00-04:00,4294.25,4294.98,4286.475,4288.25,4297.665,4253.635,,53.100811910223655,45.549815302229604,35.98614239797725,47.6472432912389,24.325041504715593,52.199995499378915,44.994385493723655
2026-09-14T12:00:00-04:00,4288.295,4297.73,4286.425,4294.345,4297.665,4253.635,,52.91170695888873,48.233850557279844,36.45324288878898,49.19236889777426,23.714116879803697,52.08951893351406,47.554482191483764
2026-09-14T12:15:00-04:00,4294.355,4305.355,4294.355,4300.025,4297.665,4253.635,,56.62090286443586,50.5698163162622,37.183541029854325,51.222764333696816,23.144317726011835,55.62524606466472,49.79446169197007
2026-09-14T12:30:00-04:00,4300.015,4308.045,4299.495,4306.14,4297.665,4253.635,,60.027463660287935,53.08741584872238,37.93376224267412,53.4883705420792,22.37915394326904,58.8888245424715,52.21410979999458
2026-09-14T12:45:00-04:00,4306.135,4317.83,4304.785,4315.715,4297.665,4253.635,,64.0430124047677,56.49839035584705,38.87113397172969,56.22063542694369,21.521632516515695,62.763450074200314,55.488192205952025
2026-09-14T13:00:00-04:00,4315.755,4316.44,4311.055,4311.055,4297.665,4253.635,,64.36984265055034,58.55790914985071,39.64275902861888,58.12076474803762,21.164753309200144,63.18050532087005,57.5039936931551
2026-09-14T13:15:00-04:00,4311.06,4314.16,4309.215,4311.83,4297.665,4253.635,,62.577396562416396,59.62812999631234,40.53302935076605,59.94130691744857,21.124751784083525,61.54347539729201,58.57915368752829
2026-09-14T13:30:00-04:00,4311.85,4313.665,4307.815,4310.07,4297.665,4253.635,,61.97300072644806,61.09282024020053,41.3877611276007,61.44018491133778,21.33533734386361,61.00075194691246,60.01849553530754
2026-09-14T13:45:00-04:00,4310.035,4313.96,4308.61,4311.06,4297.665,4253.635,,61.466207136548036,62.072272904215005,42.52429076524101,62.64907700418367,22.39950452629836,60.5478546981924,60.99582104886496
2026-09-14T14:00:00-04:00,4311.045,4315.79,4308.23,4312.615,4317.83,4253.635,,62.253587838443586,62.70215880420274,43.75701917916102,63.66317169210977,23.850866666212266,61.29094111994974,61.637265551103255
2026-09-14T14:15:00-04:00,4312.665,4312.73,4306.41,4309.835,4317.83,4253.635,,61.26315866779813,62.42532862064648,44.75918594360517,64.4651273222053,25.053244565005034,60.41448601803882,61.43172432759848
2026-09-14T14:30:00-04:00,4309.79,4313.33,4308.705,4309.445,4317.83,4253.635,,59.57182060072155,61.42467543161813,45.651946121727875,65.23607148684812,26.06782075660763,58.885709108525475,60.529339560910444
2026-09-14T14:45:00-04:00,4309.365,4309.86,4304.865,4307.385,4317.83,4253.635,,58.198457058706836,60.66207559440547,46.38037639591489,65.8313674153103,26.929385376519477,57.647552453274905,59.85088065114271
2026-09-14T15:00:00-04:00,4307.41,4307.885,4302.91,4306.11,4317.83,4253.635,,56.30896751576657,59.63369570400389,46.967172936799884,66.33349339522239,27.600852478377373,55.9444964195981,58.929631281569314
2026-09-14T15:15:00-04:00,4306.065,4306.065,4295.965,4296.375,4317.83,4253.635,,50.73129192780233,57.45015879479241,47.247622750349244,66.38526404631119,28.109981454387288,50.857360919773654,56.95276892910306
2026-09-14T15:30:00-04:00,4296.39,4297.445,4290.635,4292.04,4317.83,4253.635,,44.10125938906121,54.67228206186479,47.47277838016108,66.33514587528924,28.610410885032923,44.770348425603004,54.42177234654378
2026-09-14T15:45:00-04:00,4292.03,4292.07,4282.885,4283.72,4317.83,4253.635,,39.37915703930139,50.91460713789464,47.38020719172803,66.36322306295283,28.397191320503236,40.34246714677852,50.96749065105414
2026-09-14T16:00:00-04:00,4283.715,4288.7,4282.425,4287.985,4317.83,4253.635,,38.71541089173812,48.23006841156194,47.50522230536813,66.33972174706972,28.670722863666533,39.63971800530761,48.48612434290629
2026-09-14T16:15:00-04:00,4287.995,4298.305,4287.995,4296.745,4317.83,4253.635,,45.04981517992421,46.765462731952546,47.97478400237911,66.37216250954513,29.577405495213085,45.43396060218504,47.124133934956866
2026-09-14T16:30:00-04:00,4296.78,4299.79,4294.55,4294.855,4317.83,4253.635,,48.34235596569191,45.41403952784339,48.13488336872074,66.4591974539846,29.81056928345689,48.45079216359282,45.858478545854254
2026-09-14T16:45:00-04:00,4294.915,4299.63,4294.885,4299.52,4317.83,4253.635,,49.59252671729736,44.84647964667563,48.58916333739816,66.62035962805481,30.557967046741517,49.60254265612384,45.31214714539278
2026-09-14T18:00:00-04:00,4299.31,4300.19,4296.67,4297.135,4317.83,4253.635,,50.55361009535997,45.363273290002724,49.02335352446754,66.62765454483696,31.419052504098115,50.49245825828092,45.754220642570615
2026-09-14T18:15:00-04:00,4297.085,4298.38,4292.99,4295.785,4317.83,4282.425,,48.895306058832816,46.216207266610375,49.612395584219605,66.22079002092848,33.004001147510735,48.96492341702921,46.51059714294313
2026-09-14T18:30:00-04:00,4295.79,4298.71,4293.58,4295.69,4317.83,4282.425,,48.245814402673645,47.896603965251934,50.257820158669254,65.51799496937035,34.99764534796816,48.36707458829032,48.0469656258597
2026-09-14T18:45:00-04:00,4295.61,4298.34,4293.21,4295.54,4317.83,4282.425,,48.12454463862396,48.90453119429204,50.672623768072825,65.24299040195538,36.102257134190275,48.2562234184046,48.97245583239941
2026-09-14T19:00:00-04:00,4295.51,4297.53,4291.11,4292.26,4317.83,4282.425,,46.37033982867649,48.273896722038295,50.95023883478846,64.96921656666329,36.93126110291362,46.65438731306712,48.395658971826
2026-09-14T19:15:00-04:00,4292.285,4292.48,4287.065,4290.165,4300.19,4282.425,,43.66242244798427,47.567407332089864,51.20489813033854,64.60222233320435,37.80757392747273,44.17671819750067,47.75129184208736
2026-09-14T19:30:00-04:00,4290.2,4291.845,4288,4289.49,4300.19,4282.425,,42.29477657202632,46.18882525196086,51.17689220580386,64.62208662311909,37.73169778848863,42.9213821839516,46.48675597977679
2026-09-14T19:45:00-04:00,4289.51,4289.6,4287.36,4288.375,4300.19,4282.425,,41.379136346464136,44.94612911811963,51.31454401164518,64.41237883805495,38.216709185235416,42.081823601092566,45.34825336860497
2026-09-14T20:00:00-04:00,4288.36,4289.225,4283.725,4286.98,4300.19,4282.425,,40.06652936224616,43.66631762436467,51.23663514974059,64.49890102460438,37.9743692748768,40.87864355991577,44.1763903063158
2026-09-14T20:15:00-04:00,4286.985,4289.925,4283.845,4288.385,4300.19,4282.425,,40.47863102027066,42.726933866004494,51.16387612223528,64.54543450618385,37.7823177382867,41.2206337013215,43.306413115185315
2026-09-14T20:30:00-04:00,4288.385,4293.305,4283.37,4292.8,4300.19,4282.425,,44.95283212815646,42.760114049945386,51.33427214161916,64.51873120747827,38.14981307576004,45.213438976047094,43.307023322785085
2026-09-14T20:45:00-04:00,4292.81,4296.825,4291.99,4293.285,4300.19,4282.425,,48.62658093250836,43.37157418138503,51.36407993611217,64.53145286076864,38.19670701145571,48.502927219732456,43.83456737423255
2026-09-14T21:00:00-04:00,4293.23,4300.115,4287.915,4299.875,4300.19,4282.425,,53.17248895224811,45.47727590830648,51.425400443469755,64.65284006645514,38.19796082048437,52.65086323753263,45.72820761993707
2026-09-14T21:15:00-04:00,4299.84,4306.115,4299.265,4301.885,4300.19,4282.425,,58.47170781037774,47.99355453519972,51.68001498906241,65.09222801893877,38.26780195918604,57.50753505212997,48.00203962228351
2026-09-14T21:30:00-04:00,4301.985,4306.535,4295.39,4298.855,4300.19,4282.425,,57.25692951032018,50.01378824083679,51.68100177002455,65.09384026502252,38.26816327502659,56.457024939376126,49.8354080023038
2026-09-14T21:45:00-04:00,4298.83,4305.06,4294.33,4304.565,4300.19,4283.37,,58.02695951546657,53.12510600754841,51.76272420382892,65.30264605381056,38.22280235384727,57.250347544625434,52.679669332200554
2026-09-14T22:00:00-04:00,4304.635,4311.785,4304.635,4307.435,4300.19,4283.37,,62.46018956953989,56.294233540628,51.824103294098194,65.49369884102056,38.15450774717582,61.38457696159776,55.59653464809702
2026-09-14T22:15:00-04:00,4307.43,4310.255,4305.445,4310.255,4300.19,4283.37,,65.0535306169364,58.86816271862839,51.82216645160352,65.4863762185258,38.15795668468123,63.832601232931864,57.999429977024775
2026-09-14T22:30:00-04:00,4310.26,4317.475,4307.235,4311.595,4300.19,4283.37,,66.87405843192936,61.50779854046256,51.971410104767514,66.00309020479006,37.93973000474498,65.55840494691144,60.46952828443386
2026-09-14T22:45:00-04:00,4311.54,4317.63,4311.27,4314.315,4300.19,4283.37,,68.58824000469268,63.27266301932684,52.17574547761977,66.73826939384969,37.61322156138985,67.19055667948084,62.153628103295695
2026-09-14T23:00:00-04:00,4314.29,4314.69,4310.035,4311.04,4300.19,4283.37,,66.81219006192234,63.89079346947532,52.25606830097189,66.96689955247986,37.54523704946392,65.65903372325491,62.79852790475529
2026-09-14T23:15:00-04:00,4311.075,4314.56,4309.905,4310.855,4300.19,4283.37,,63.73550097772167,65.12368343858441,52.30923335062998,67.11806715517935,37.50039954608062,62.89640229794168,63.993450205743
2026-09-14T23:30:00-04:00,4310.84,4313.67,4308.335,4308.79,4300.19,4283.37,,61.73018367450216,64.94885751491405,52.225279820740035,66.89913915886706,37.55142048261301,61.09233395704585,63.89623830830397
2026-09-14T23:45:00-04:00,4308.77,4310.17,4303.39,4303.59,4300.19,4283.37,,55.79856867323709,63.220363182497884,51.98778688036168,66.50647970208544,37.46909405863792,55.71007339163883,62.37216347146902
2026-09-15T00:00:00-04:00,4303.525,4309.75,4302.59,4307.405,4317.63,4283.37,,54.07361150302192,61.81173776808135,51.901855756169475,66.3279484097394,37.47576310259954,54.14865132834281,61.12939547842139
2026-09-15T00:15:00-04:00,4307.41,4308.645,4302.755,4303.8,4317.63,4283.37,,53.866945512967945,59.50404520565178,51.73299208355351,66.08685829442165,37.379125872685385,53.94692583220885,59.054598010125424
2026-09-15T00:30:00-04:00,4303.815,4306.355,4300.85,4305.155,4317.63,4283.37,,52.16732212735835,57.12004694598583,51.65822955685134,65.97639081433083,37.34006829937185,52.378117917996036,56.89727011799716
2026-09-15T00:45:00-04:00,4305.1,4307.99,4304.255,4304.925,4317.63,4283.37,,52.86502247217661,55.51914018001014,51.8585056449873,66.08582732265712,37.63118396731746,53.01524701979834,55.442087523423545
2026-09-15T01:00:00-04:00,4304.975,4307.775,4300.585,4301.755,4317.63,4283.37,,50.34991197913391,53.29559294638932,52.02579735626738,66.04278840884783,38.008806303686946,50.70373926881159,53.413652109674274
2026-09-15T01:15:00-04:00,4301.78,4302.095,4296.495,4297.415,4317.63,4283.37,,45.21207989654537,50.79968195773677,52.20161875423694,65.79536265232673,38.60787485614715,45.94828666857665,51.11521686957519
2026-09-15T01:30:00-04:00,4297.125,4300.295,4289.255,4296.39,4317.63,4283.37,,41.80232694814549,49.29666673922029,52.207380653703105,65.78877887276528,38.62598243464094,42.77017012131718,49.71653688958237
2026-09-15T01:45:00-04:00,4296.445,4300.045,4290.94,4291.205,4317.63,4283.37,,38.36955247739267,46.31280795041413,51.80866212467627,66.11508043475332,37.502243814599204,39.5293115512239,46.938262647541215
2026-09-15T02:00:00-04:00,4291.14,4294.655,4286.095,4290,4317.63,4283.37,,34.95835473076021,43.894212230018084,51.420086463413014,66.46466097861796,36.37551194820807,36.298812438992115,44.67421877723473
2026-09-15T02:15:00-04:00,4289.96,4292.615,4287.2,4289.56,4317.63,4283.37,,34.14267477875287,41.16290870795543,50.89984730476188,66.68671365265814,35.11298095686561,35.521049975001745,42.12195752097142
2026-09-15T02:30:00-04:00,4289.565,4291.375,4286.115,4290.88,4317.63,4283.37,,35.259238807415024,38.86398832580049,50.520417564122134,66.78243559206416,34.25839953618011,36.50673988731069,39.95750245366683
2026-09-15T02:45:00-04:00,4290.785,4295.38,4290.525,4293.45,4317.63,4283.37,,39.09744749556381,37.94791885550683,50.323502683393116,66.75838848390445,33.88861688288178,39.95057363114191,39.049624481637224
2026-09-15T03:00:00-04:00,4293.475,4295.635,4286.82,4288.36,4317.63,4283.37,,38.587631037678875,36.971288651838634,49.95228913088714,66.86812641643888,33.0364518453354,39.38429228985813,38.08207548831869
2026-09-15T03:15:00-04:00,4288.37,4292.395,4287.78,4292.115,4317.63,4286.095,,38.91699612504813,37.12353862033615,49.78188218259453,66.82171045054523,32.74205391464383,39.60889349859653,38.146402589431325
2026-09-15T03:30:00-04:00,4292.12,4293.11,4280.975,4284.07,4317.63,4286.095,,38.158563888886874,36.91100619797982,49.4692434873701,66.99468772456527,31.943799250174933,38.78723621953256,37.870053964978304
2026-09-15T03:45:00-04:00,4283.97,4290.175,4276.35,4280.78,4317.63,4286.095,,32.715733917378415,36.48278981651278,49.13795932785302,67.26238452490335,31.013534130802682,33.64041323786134,37.386859960536825
2026-09-15T04:00:00-04:00,4280.785,4280.97,4263.72,4268.005,4317.63,4286.095,,27.453067933633555,34.999689956517166,48.59620180275876,67.94168266032077,29.250720945196758,28.536693148080886,35.87452344300092
2026-09-15T04:15:00-04:00,4267.94,4275.33,4267.01,4273.425,4317.63,4286.095,,27.47275207197984,34.258079320674156,48.319936723471585,68.1221547438457,28.517718703097465,28.383117782314606,35.06582507339509
2026-09-15T04:30:00-04:00,4273.445,4275.025,4267.195,4267.655,4317.63,4286.095,,29.741597245729672,32.32658988513598,47.98885285472838,68.41417688377626,27.56352882568049,30.43682771974518,33.15631032545899
2026-09-15T04:45:00-04:00,4267.755,4269.78,4261.375,4262.54,4317.63,4286.095,,26.776922436453155,30.883591148895373,47.513953865599966,68.78653199403999,26.241375737159938,27.569337521294067,31.69012371094821
2026-09-15T05:00:00-04:00,4262.535,4267.23,4261.735,4265.995,4317.63,4286.095,,27.840460317598186,29.161865368721713,46.982242748224955,68.77276525501594,25.191720241433977,28.512069434655814,29.985789164333077
2026-09-15T05:15:00-04:00,4265.98,4269.695,4261.8,4267.01,4317.63,4286.095,,30.892332354755695,28.807524996286467,46.470762772790984,68.65426914219702,24.28725640338494,31.357848155699735,29.567441406995975
2026-09-15T05:30:00-04:00,4266.97,4272.385,4264.975,4269.7,4317.63,4286.095,,33.420229281022614,29.36314975833434,45.820345120505806,67.99082307534474,23.649867165666876,33.711576518924524,30.006121530351127
2026-09-15T05:45:00-04:00,4269.845,4272.305,4267.975,4268.43,4317.63,4286.095,,34.78658941014598,30.90281684671859,45.07752051395383,67.11646258686156,23.0385784410461,34.980465481362565,31.408519216505027
2026-09-15T06:00:00-04:00,4268.445,4277.935,4268.42,4273.16,4317.63,4261.375,,37.51372406090041,32.23199889802593,44.65898009406935,66.5502120714975,22.767748116641194,37.515449963224135,32.61535929632528
2026-09-15T06:15:00-04:00,4273.155,4274.915,4269.975,4274.655,4317.63,4261.375,,41.668952076935014,34.310632512777254,44.1152847822755,65.51425309842978,22.716316466121228,41.385636813462106,34.53675038613843
2026-09-15T06:30:00-04:00,4274.725,4277.545,4273.835,4275.055,4317.63,4261.375,,42.89145428415999,36.8361508545136,43.50787801845877,64.17520031141203,22.840555725505503,42.52662022859765,36.888868641269156
2026-09-15T06:45:00-04:00,4275.07,4284.07,4274.78,4281.55,4317.63,4261.375,,47.14107986440372,39.82509524043598,43.0616112085971,62.83710778652596,23.286114630668234,46.50621271567958,39.677934180716655
2026-09-15T07:00:00-04:00,4281.545,4284.01,4278.725,4283.795,4317.63,4261.375,,52.34353392273444,42.96506558822181,42.65314128262377,61.449460650080624,23.85682191516692,51.39032183745911,42.61243255034327
2026-09-15T07:15:00-04:00,4283.83,4285.665,4282.54,4283.405,4317.63,4261.375,,53.31320774786604,45.508803373819816,42.16307989937201,59.61451746331498,24.71164233542903,52.31677535570033,44.99370527693832
2026-09-15T07:30:00-04:00,4283.35,4285.205,4280.355,4282.985,4317.63,4261.375,,52.77947863716117,48.10589108165472,41.82768766940253,58.44349460612848,25.211880732676573,51.83428990334761,47.42781095662472
2026-09-15T07:45:00-04:00,4282.98,4286.785,4282.46,4284.74,4317.63,4261.375,,53.59515137269988,50.10349689147681,41.56658874613544,57.44841831680343,25.68475917546744,52.60624759470549,49.30536174307584
2026-09-15T08:00:00-04:00,4284.71,4285.095,4276.01,4278.615,4317.63,4261.375,,50.619363141821985,50.66315138590814,41.17410999100957,56.26968990473496,26.078530077284185,49.94185449603329,49.87244458021649
2026-09-15T08:15:00-04:00,4278.565,4279.405,4271.46,4277.995,4317.63,4261.375,,46.16892961827408,51.0399184155094,41.000139389961134,55.86251624555645,26.13776253436582,45.90661921307014,50.27107573863942
2026-09-15T08:30:00-04:00,4277.98,4286.185,4274.75,4281.415,4317.63,4261.375,,48.170945821102485,50.95739880210778,40.82689436266137,55.30007990344275,26.353708821879987,47.762867457695975,50.231488792221164
2026-09-15T08:45:00-04:00,4281.46,4295.905,4281.14,4290.385,4317.63,4261.375,,55.47858781018639,51.93564809763853,41.09494187803281,56.27343381094691,25.916449945118714,54.60857946089661,51.19057791676441
2026-09-15T09:00:00-04:00,4290.375,4294.56,4283.885,4286.82,4317.63,4261.375,,58.02139421572984,52.30259493578315,41.17125154433028,56.522631548656186,25.819871540004378,57.07396201331847,51.590684980112066
2026-09-15T09:15:00-04:00,4286.845,4293.11,4283.5,4287.3,4317.63,4261.375,,55.885788047539236,52.82316507203226,41.2726339707012,56.8505833401371,25.6946846012653,55.130212063664246,52.13226996256917
2026-09-15T09:30:00-04:00,4287.295,4294.14,4284.185,4289.78,4317.63,4271.46,,57.45450445499392,53.40526724501002,41.58916874879264,57.79112937770219,25.38720811988308,56.6076417599982,52.73394045590997
2026-09-15T09:45:00-04:00,4289.745,4298.475,4288.365,4294.78,4317.63,4271.46,,61.15865999973937,55.83439274572294,42.21066809441849,59.490319734865906,24.931016453971065,60.114384003490656,55.038706964699834
2026-09-15T10:00:00-04:00,4294.785,4300.695,4293.555,4294.72,4317.63,4271.46,,63.49927632454968,58.35679487537448,42.865459888581114,61.090264279343884,24.640655497818347,62.33869893957151,57.42882037776751
2026-09-15T10:15:00-04:00,4294.705,4295.655,4282.955,4284.22,4317.63,4271.46,,56.412879917133445,58.18923105887465,43.27204029675618,61.46137520077619,25.082705392736173,55.83535560874243,57.345132150713106
2026-09-15T10:30:00-04:00,4284.315,4286.225,4275.81,4278.355,4317.63,4271.46,,46.452284255896046,55.777851002720105,43.54157339005969,61.557009278292995,25.526137501826387,46.63694538152093,55.15121064080302
2026-09-15T10:45:00-04:00,4278.36,4283.045,4273.985,4277.04,4317.63,4271.46,,42.92205543338198,53.875134263918106,43.78847445291084,61.603600236294675,25.973348669527006,43.32604262260807,53.41715518193871
2026-09-15T11:00:00-04:00,4277.045,4286.285,4276.65,4285.415,4317.63,4271.46,,46.97618962820319,53.232251454338375,44.23080579128253,62.05303886858753,26.408572713977527,47.097223956746156,52.85607118168357
2026-09-15T11:15:00-04:00,4285.41,4287.675,4282.38,4284.1,4300.695,4271.46,,50.94764127752742,52.016030498927684,44.48554467537928,62.366389493924714,26.604699856833847,50.79744240280659,51.75709822274111
2026-09-15T11:30:00-04:00,4284.11,4290.61,4281.71,4287.9,4300.695,4271.46,,52.17924900120464,50.666705454757015,45.030312730313454,62.9177644132712,27.142861047355705,51.95425311484888,50.52460521350021
2026-09-15T11:45:00-04:00,4287.895,4294.82,4285.145,4289.565,4300.695,4271.46,,54.91401504342009,49.56309870431922,45.42654578822469,63.53096940529474,27.322122171154646,54.516709356045766,49.522244056019474
2026-09-15T12:00:00-04:00,4289.59,4291.76,4286.31,4286.405,4300.695,4273.985,,53.83620216054523,49.930511810017535,45.95252674629336,63.851439110040175,28.053614382546545,53.53434404000632,49.867173336718466
2026-09-15T12:15:00-04:00,4286.415,4297.125,4285.57,4295.63,4300.695,4273.985,,56.19014569446141,52.34534482962363,46.80739353981781,64.64633164196493,28.968455437670684,55.78104921546931,52.1348451514333
2026-09-15T12:30:00-04:00,4295.7,4297.795,4291.52,4296.53,4300.695,4273.985,,60.79668552927864,55.03754898027372,47.913916016625414,64.91893277603896,30.908899257211875,60.11619870860287,54.664360789859835
2026-09-15T12:45:00-04:00,4296.57,4298.37,4295.045,4295.64,4300.695,4273.985,,60.57042380711607,56.22941173788445,48.75431540659052,65.414146569204,32.09448424397705,59.91949111113639,55.79835005268766
2026-09-15T13:00:00-04:00,4295.705,4299.165,4290.44,4295.135,4300.695,4273.985,,59.63078566090242,57.51844737552373,49.67210357045911,65.51295401796678,33.83125312295144,59.05791359489166,57.02449541616986
2026-09-15T13:15:00-04:00,4295.095,4296.59,4291.5,4293.255,4300.695,4273.985,,57.94463877849431,57.87666595996721,50.58771048553412,64.9872924837619,36.18812848730633,57.51703541076324,57.387716422948905
2026-09-15T13:30:00-04:00,4293.22,4299.045,4292.355,4293.5,4300.695,4273.985,,56.74643223814343,58.04199514544467,51.37245485990294,64.66798566585771,38.076924053948154,56.42375168912768,57.56936465419327
2026-09-15T13:45:00-04:00,4293.465,4296.415,4293.37,4295.105,4300.695,4273.985,,57.80900197733577,59.011751621907365,52.17104399274471,64.38177165254717,39.96031633294225,57.403830401838974,58.49328395490109
2026-09-15T14:00:00-04:00,4295.1,4304.425,4293.07,4302.64,4300.695,4273.985,,62.43192287842122,59.82536005514748,53.07902507151462,64.90757498988106,41.25047515314818,61.71567503250736,59.26497203048986
2026-09-15T14:15:00-04:00,4302.645,4306.975,4302.29,4304.93,4300.695,4273.985,,67.07292566319373,60.80496308874024,54.07024024292399,65.35763993157326,42.78284055427471,66.06986547552191,60.19433160259224
2026-09-15T14:30:00-04:00,4304.92,4308.545,4301.81,4305.01,4300.695,4273.985,,68.05010836539202,61.962412786083455,54.87528297177883,66.14871183645636,43.6018541071013,66.99754581570927,61.28727337465353
2026-09-15T14:45:00-04:00,4305,4310.455,4304.555,4308.72,4300.695,4273.985,,69.60940161757074,63.65599621921691,55.7137960982555,67.29207801698621,44.1355141795248,68.47987119683233,62.88631948886101
2026-09-15T15:00:00-04:00,4308.725,4310.76,4300.385,4300.385,4300.695,4273.985,,64.4212595085842,63.81287585182343,56.14174210262731,67.17513343346258,45.10835077179204,63.7935872136722,63.08057388977038
2026-09-15T15:15:00-04:00,4300.42,4302.4,4298.225,4301.185,4300.695,4273.985,,58.11452700281252,64.04688043769379,56.359292988750134,67.3187150968758,45.39987088062446,58.034119551557865,63.34642459241248
2026-09-15T15:30:00-04:00,4301.18,4302.575,4296.81,4296.885,4300.695,4273.985,,55.57236671682664,63.17383720596367,56.33167344345626,67.31254848375892,45.3507984031536,55.680738009192,62.58826177758552
2026-09-15T15:45:00-04:00,4296.915,4299.98,4294.34,4297.895,4300.695,4273.985,,53.21549542125588,61.413615449932266,56.35354520483188,67.31924428259347,45.38784612707029,53.49363093597812,60.99726913626127
2026-09-15T16:00:00-04:00,4297.865,4299.13,4295.625,4296.4,4300.695,4273.985,,52.77064295711084,59.087470718511426,56.33115369757095,67.31944638242902,45.34286101271287,53.07743256575604,58.876138089080996
2026-09-15T16:15:00-04:00,4296.35,4296.865,4293.92,4294.35,4310.76,4273.985,,50.33232493823422,56.35139161360147,56.1616142380986,67.32763930039204,44.995589175805165,50.818968358694526,56.37481843425706
2026-09-15T16:30:00-04:00,4294.355,4296.215,4291.915,4293.135,4310.76,4273.985,,48.10890862602828,52.94447272092786,56.18347990252425,67.30191485801004,45.06504494703846,48.75685035038342,53.24098927580987
2026-09-15T16:45:00-04:00,4293.105,4294.365,4291.97,4293.885,4310.76,4273.985,,47.865984692400005,51.6213130946917,56.26144100716483,67.21140674841946,45.31147526591018,48.51572127638962,52.00971388074775
2026-09-15T18:00:00-04:00,4295.39,4296.025,4292.9,4293.025,4310.76,4273.985,,47.801501937424575,49.99789413081702,56.161747909366724,67.28584089295177,45.03765492578169,48.444589714648586,50.50112360812151
2026-09-15T18:15:00-04:00,4293.085,4299.115,4291.765,4298.815,4310.76,4273.985,,51.44809622597117,50.44295009730443,56.024353266916876,67.08416030229726,44.96454623153649,51.74337863560427,50.88475405972269
2026-09-15T18:30:00-04:00,4298.73,4299.095,4294.48,4294.705,4310.76,4273.985,,52.64470875062072,49.83481222492127,55.84547229377207,67.04602397201144,44.6449206155327,52.78636514676978,50.299047668347704
2026-09-15T18:45:00-04:00,4294.695,4295.39,4289.12,4289.245,4310.76,4273.985,,46.137881019297375,48.547875257929164,55.450946971137945,67.21110583716488,43.69078810511101,46.74610428289222,49.07580312176159
2026-09-15T19:00:00-04:00,4289.24,4289.765,4284.935,4286.22,4310.76,4273.985,,41.09349335836474,47.19514605924428,54.883059876323294,67.38521169981823,42.38090805282836,42.01204652642021,47.7827842876979
2026-09-15T19:15:00-04:00,4286.25,4287.4,4282.155,4284.485,4310.76,4273.985,,38.56825633306069,45.82197460279557,54.12209969662743,67.23009512345504,41.01410426979982,39.620686494876836,46.465470591616864
2026-09-15T19:30:00-04:00,4284.415,4287.68,4282.68,4284.58,4310.76,4273.985,,37.75792976807703,44.30713036658057,53.368863020060196,66.93533219263198,39.80239384748842,38.84779349882574,45.020519208393935
2026-09-15T19:45:00-04:00,4284.62,4286.265,4281.25,4283.565,4310.76,4273.985,,37.27219048621903,42.81359990245113,52.99617678892658,67.27397206925122,38.71838150860195,38.386269357652225,43.591664775332184
2026-09-15T20:00:00-04:00,4283.63,4284.905,4280.655,4282.68,4310.76,4273.985,,36.19581743730092,39.9493364269605,52.765541442495774,67.59427911092233,37.93680377406922,37.37127872364487,40.9142049478341
2026-09-15T20:15:00-04:00,4282.755,4286.45,4281.775,4284.255,4310.76,4273.985,,37.31519352203024,38.433738408568125,52.66636138237648,67.70539874019246,37.627324024560494,38.35013663236175,39.46702805692989
2026-09-15T20:30:00-04:00,4284.24,4285.81,4279.85,4283.63,4310.76,4273.985,,38.527307434311034,37.77488683125012,52.26854837226682,67.82473997214332,36.712356772390315,39.42184535608047,38.8215595401736
2026-09-15T20:45:00-04:00,4283.58,4285.15,4275.67,4277.615,4310.76,4273.985,,34.652391899840126,36.59342370613253,51.70781730133605,68.2935113430538,35.122123259618306,35.77636051266374,37.6854034815709
2026-09-15T21:00:00-04:00,4277.63,4288.06,4276.86,4287.52,4310.76,4273.985,,39.610056240139556,38.072543947558366,51.529184092204176,68.1304862988099,34.92788188559845,40.22709025666397,38.99481775782707
2026-09-15T21:15:00-04:00,4287.53,4293.71,4284.83,4290.66,4310.76,4273.985,,50.0426371640597,40.10334010498473,51.421265661373674,67.98136872551328,34.86116259723407,49.82213463435742,40.820929520294236
2026-09-15T21:30:00-04:00,4290.715,4291.615,4285.995,4288.7,4310.76,4273.985,,50.760575799057335,41.92636832265503,51.34826489446959,67.91621403503333,34.78031575390584,50.506660392887596,42.45778662503718
2026-09-15T21:45:00-04:00,4288.635,4289.24,4280.17,4282.745,4310.76,4273.985,,54.0194059089692,57.101009422521024,49.17929619765166,65.71542562806951,32.64316676723381,46.058067280681016,43.30286910801886
2026-09-15T22:00:00-04:00,4282.73,4295.055,4282.13,4292.265,4310.76,4275.67,,51.86476034631583,54.98218992544384,49.3965260393889,65.69857103224467,33.09448104653313,48.097264646027305,45.24268034322734
2026-09-15T22:15:00-04:00,4292.26,4300.71,4290.085,4299.03,4310.76,4275.67,,56.805027063311854,48.12119618576492,50.59920987624221,66.89487605310282,34.303543699381606,56.275270500539534,48.11813343500717
2026-09-15T22:30:00-04:00,4299.02,4316.08,4298.64,4311.245,4310.76,4275.67,,63.93690840075794,53.3848147891041,50.85677529824965,67.67930050445888,34.03425009204042,63.13103110771647,53.0583005132424
2026-09-15T22:45:00-04:00,4311.225,4323.635,4311.095,4321.72,4310.76,4275.67,,29.414701634096645,43.02873463544542,48.65722191273373,66.49153432492116,30.822909500546302,69.59953592563255,56.51026076899819
2026-09-15T23:00:00-04:00,4321.67,4338.98,4321.495,4337.21,4310.76,4275.67,,24.133494715819708,39.23693717657573,48.01851452257171,67.30240436759448,28.734624677548936,74.82193976009565,60.201101977739036
2026-09-15T23:15:00-04:00,4337.17,4341.135,4331.895,4331.995,4310.76,4275.67,,75.88478636598506,64.14961124081965,52.4060595218927,72.46777426175385,32.344344782031555,74.98187467946046,63.50317913659044
2026-09-15T23:30:00-04:00,4331.945,4332.62,4325.945,4327.15,4310.76,4275.67,,70.79169385527727,67.85194847035184,52.473236711361,72.66463066262081,32.281842760101185,70.17775472711858,67.09244124814977
2026-09-15T23:45:00-04:00,4327.135,4327.99,4322.855,4327.185,4310.76,4275.67,,68.42144630040255,69.9456702827392,52.48538426525792,72.70157452313454,32.2691940073813,67.94145257033955,69.17294711496537
2026-09-16T00:00:00-04:00,4327.195,4328.65,4325.53,4326.975,4310.76,4275.67,,68.31676525494242,71.14101652510342,52.48892241074631,72.71228939461538,32.26555542687724,67.84372081513985,70.39771276660701
2026-09-16T00:15:00-04:00,4327.005,4328.56,4323.43,4325.745,4310.76,4275.67,,67.50582233443075,70.96535997807429,52.36164430742616,72.31036187488527,32.412926739967055,67.08786668391326,70.30347156530732
2026-09-16T00:30:00-04:00,4325.695,4328.31,4322.95,4323.04,4341.135,4275.67,,65.25393558888341,69.61777001738345,52.53790335664627,72.67675805031934,32.39904866297321,64.99240260046977,69.08138895941765
2026-09-16T00:45:00-04:00,4323.095,4323.455,4320.635,4321.95,4341.135,4275.67,,63.06646583868353,67.30820585078949,52.65293482718327,72.9093769869092,32.39649266745735,62.95863446555062,66.91395576686588
2026-09-16T01:00:00-04:00,4321.9,4324.625,4320.79,4321.63,4341.135,4275.67,,62.23632545266579,65.71820975643509,52.92990092934268,73.34831025668731,32.511491601998046,62.188322378097304,65.42608830188531
2026-09-16T01:15:00-04:00,4321.675,4326.995,4321.62,4324.99,4341.135,4275.67,,63.30717139180788,65.16977086122678,53.246562825451065,73.91141693971537,32.581708711186764,63.18039769574075,64.91471090075792
2026-09-16T01:30:00-04:00,4324.94,4333.075,4324.5,4332.93,4341.135,4275.67,,67.15984541023329,65.35775235924383,53.7763246030558,74.92099626769445,32.631652938417155,66.77567464572348,65.09300889485215
2026-09-16T01:45:00-04:00,4333.115,4333.845,4326.56,4326.61,4341.135,4275.67,,65.84670518712198,64.46403941327807,54.159173428326824,75.37354146691857,32.94480538973508,65.58802916132689,64.27022757109708
2026-09-16T02:00:00-04:00,4326.6,4332.075,4321.65,4325.975,4341.135,4320.635,,61.575678411760215,63.6634255241951,54.568487531628264,75.77684647367218,33.36012858958435,61.63290527090254,63.5344484911348
2026-09-16T02:15:00-04:00,4325.96,4330.395,4325.07,4326.95,4341.135,4320.635,,61.583616737342226,63.41537688426632,54.96609296038224,76.19591968000427,33.73626624076021,61.637787162323534,63.31176601734101
2026-09-16T02:30:00-04:00,4327.01,4328.445,4323.87,4328.24,4341.135,4320.635,,62.48377308185688,63.496941879387485,55.43215054012428,76.65516196077438,34.20913911947419,62.46694410434228,63.39396553078956
2026-09-16T02:45:00-04:00,4328.26,4333.275,4325.39,4333.15,4341.135,4320.635,,64.87731048084993,64.16994403517606,55.75604674008099,77.20377304993096,34.30832043023102,64.67809677765143,64.02313013149933
2026-09-16T03:00:00-04:00,4333.105,4335.95,4330.035,4335.49,4341.135,4320.635,,67.57720181806177,64.71695057260287,56.31053248526787,77.95670576786624,34.6643592026695,67.18008788506263,64.53673415631009
2026-09-16T03:15:00-04:00,4335.595,4337.775,4332.25,4335.73,4341.135,4320.635,,68.49014661581552,64.55003009391383,57.07088589281735,78.62116812742154,35.52060365821316,68.02997701196423,64.38150223613954
2026-09-16T03:30:00-04:00,4335.735,4339.28,4333.705,4336.27,4341.135,4320.635,,68.78443597504494,65.55630222629513,57.93941146271965,79.14078700741356,36.73803591802573,68.30276935068538,65.31237421041251
2026-09-16T03:45:00-04:00,4336.49,4338.195,4328.535,4329.37,4341.135,4320.635,,63.6595514803887,65.14542239923625,58.54684443089547,78.96505039882966,38.12863846296128,63.62393083534354,64.95036668312268
2026-09-16T04:00:00-04:00,4329.38,4329.8,4323.05,4327.605,4341.135,4320.635,,57.12918777402679,64.28360823677644,59.078897227775514,78.66609461614365,39.491699839407374,57.64538145814225,64.17168686636072
2026-09-16T04:15:00-04:00,4327.595,4337.73,4326.775,4334.1,4341.135,4320.635,,59.031749606461915,64.15912997769485,59.82681849679211,78.38310874628999,41.270528247294216,59.36267995433211,64.06343406883407
2026-09-16T04:30:00-04:00,4334.085,4334.385,4323.885,4328.44,4341.135,4320.635,,58.48933716959415,62.45847300498908,60.39028074143982,77.72593499794127,43.05462648493836,58.806732138945094,62.49415411244462
2026-09-16T04:45:00-04:00,4328.46,4331.435,4324.82,4330.275,4339.28,4320.635,,55.73947130814263,60.77692126057509,60.91059954303402,77.20352863353547,44.617670452532565,56.24102949850842,60.93798881553287
2026-09-16T05:00:00-04:00,4330.355,4332.62,4329.755,4332.12,4339.28,4320.635,,57.52820643494124,59.32649009616785,61.50798068265337,76.50658272502353,46.5093786402832,57.87409525443287,59.59247361029281
2026-09-16T05:15:00-04:00,4332.13,4334.025,4327.465,4329.62,4339.28,4323.05,,56.75387741573465,57.33961881505786,62.210686926321934,74.7020546561685,49.719319196475375,57.14666138902649,57.75052939791603
2026-09-16T05:30:00-04:00,4329.615,4337.37,4329.56,4335.04,4339.28,4323.05,,57.7423614431096,57.635864371230966,62.57458687106337,74.42544057247537,50.72373316965137,58.03185839986952,57.9947386287288
2026-09-16T05:45:00-04:00,4335.035,4339.5,4331.35,4338.185,4339.28,4323.05,,61.77215019248058,58.66617950604465,62.90065828093492,74.3752584678847,51.426058093985134,61.728366711505586,58.917096613162705
2026-09-16T06:00:00-04:00,4338.195,4349.07,4337.61,4342.79,4339.28,4323.05,,64.96760420129675,59.331822826898055,63.41029442413628,74.28424552940753,52.536343318865036,64.69132135131876,59.51720759929641
2026-09-16T06:15:00-04:00,4342.865,4348.785,4340.885,4348.095,4339.28,4323.05,,68.61743983518942,61.559923124786145,64.23223744235602,73.53744838626773,54.92702649844433,68.1052431026615,61.5738140313674
2026-09-16T06:30:00-04:00,4348.11,4349.535,4345.92,4349.1,4339.28,4323.05,,70.76924598752052,63.62604416386316,64.74170656142077,73.74772246693348,55.73569065590806,70.13021948089545,63.48554759426413
2026-09-16T06:45:00-04:00,4349.085,4351.26,4345.43,4350.985,4339.28,4323.05,,71.71560704364879,65.61346615584544,65.10933038237583,74.23861712930339,55.98004363544827,71.02371592095005,65.33084850751517
2026-09-16T07:00:00-04:00,4350.955,4353.445,4346.92,4347.1,4339.28,4323.05,,69.17324768225244,67.17443566858253,65.04972651915574,74.14569824350278,55.9537547948087,68.7159183878926,66.79104959394017
2026-09-16T07:15:00-04:00,4346.97,4353.78,4346.465,4350.715,4339.28,4323.05,,67.38731001738952,68.36916574849685,64.92121342069856,73.79373962487612,56.048687216521,67.10277811548684,67.9225398548344
2026-09-16T07:30:00-04:00,4350.725,4353.215,4347.215,4350.01,4339.28,4323.05,,68.1854472636459,69.00680626034405,64.59789957677135,72.63460133799062,56.56119781555209,67.85327810215882,68.54102427698395
2026-09-16T07:45:00-04:00,4350.06,4350.815,4341.735,4341.785,4339.28,4323.05,,61.67883760641081,67.42951814995801,64.08556937601772,72.10243730004359,56.06870145199184,61.84013795059735,67.10791602605686
2026-09-16T08:00:00-04:00,4341.79,4348.25,4340.63,4343.415,4339.28,4323.05,,56.55351776699564,65.55997138371724,63.760359806872444,71.88679237129881,55.63392724244608,57.08975460034105,65.39374184774954
2026-09-16T08:15:00-04:00,4343.42,4345.725,4337.965,4339.91,4339.28,4323.05,,55.121220725469584,62.95865378937202,63.303203165727545,71.84265834768318,54.76374798377191,55.73587454728719,62.995246045025915
2026-09-16T08:30:00-04:00,4339.97,4345.22,4334.775,4343.82,4353.78,4323.05,,54.91391733977086,60.75948861118069,62.971956988332934,71.56860227561297,54.37531170105289,55.49829662240032,60.95790776244961
2026-09-16T08:45:00-04:00,4343.765,4349.05,4342.545,4347.6,4353.78,4323.05,,58.72207852145533,59.9726054577157,62.786512353199576,71.33920644342616,54.23381826297298,58.98371280737129,60.21461587916269
2026-09-16T09:00:00-04:00,4347.41,4357.25,4343.935,4356.59,4353.78,4323.05,,63.97123040750162,59.78346586549843,62.896503742369305,71.54063227943219,54.25237520530642,63.853011531856,60.02940302426937
2026-09-16T09:15:00-04:00,4356.64,4360.5,4349.465,4352.055,4353.78,4323.05,,64.48676841995373,58.915840073803665,62.87005956386253,71.52139889467276,54.21872023305231,64.33910963195277,59.2105677448181
2026-09-16T09:30:00-04:00,4351.975,4354.475,4340.5,4340.58,4353.78,4323.05,,55.577203266591326,58.04014176840716,62.50479067260022,71.88390219586594,53.125679149334495,55.97285571203027,58.35303667039306
2026-09-16T09:45:00-04:00,4340.585,4345.965,4335.07,4338.87,4353.78,4334.775,,48.868936124945186,56.72024531893211,62.02075160698825,72.16831356636634,51.873189647610154,49.63761710793786,57.08138560413147
2026-09-16T10:00:00-04:00,4338.875,4340.115,4324.25,4340.085,4353.78,4334.775,,48.7083864660753,56.20790340858023,61.41941073470857,71.90255311165548,50.93626835776166,49.465474153362734,56.56149370070035
2026-09-16T10:15:00-04:00,4340.065,4341.165,4330.865,4338.075,4353.78,4334.775,,48.332211720601066,54.839757999169315,60.990487285428195,72.15346324005952,49.827511330796874,49.09520995062919,55.25193226933972
2026-09-16T10:30:00-04:00,4338.13,4346.03,4334.425,4345.65,4360.5,4334.775,,50.99963127560683,54.00148990976637,60.79729031493484,72.09433401313785,49.500246616731836,51.529196122264565,54.43163179066986
2026-09-16T10:45:00-04:00,4345.63,4356.045,4345.11,4355.1,4360.5,4334.775,,58.202644365536536,53.191590558607864,60.79160655767491,72.08723619104003,49.49597692430979,58.21518685623195,53.64112521916142
2026-09-16T11:00:00-04:00,4355.09,4358.185,4350.145,4353.28,4360.5,4334.775,,60.789248171514075,52.945055553069324,60.69761237903231,71.9788222615768,49.41640249648782,60.63661765270618,53.37377693945655
2026-09-16T11:15:00-04:00,4353.335,4355.355,4344.205,4344.395,4360.5,4324.25,,55.505270901000685,53.1710384541534,60.24031011180142,71.67886342799002,48.80175679561281,55.679408179759285,53.55728306708399
2026-09-16T11:30:00-04:00,4344.4,4352.695,4342.97,4350.775,4360.5,4324.25,,53.65864630604512,54.31354417624074,59.87887381950192,71.1339067332627,48.62384090574114,53.929218970217406,54.599948900107854
2026-09-16T11:45:00-04:00,4350.78,4361.575,4350.04,4352.815,4360.5,4324.25,,56.853861265220644,55.49831696819492,59.55582273823701,70.55473096795998,48.55691450851404,56.911572234135036,55.68473966159036
2026-09-16T12:00:00-04:00,4352.82,4352.955,4346.755,4350.09,4360.5,4324.25,,56.254420336862566,56.57703235231545,59.14181407607943,69.88079278359699,48.402835368561874,56.35110357906428,56.67306136537502
2026-09-16T12:15:00-04:00,4350.315,4352.165,4344.37,4346.08,4360.5,4324.25,,53.021090449055166,56.07587673203731,58.93003091286445,69.88935691679364,47.97070490893526,53.32353441669181,56.19740774571243
2026-09-16T12:30:00-04:00,4346.085,4348.485,4345.095,4347.44,4360.5,4324.25,,51.73069891116553,54.72790507963801,58.82425590767582,69.90287606547025,47.74563574988139,52.105130723782366,54.92733104181799
2026-09-16T12:45:00-04:00,4347.455,4348.65,4343.82,4346.605,4360.5,4324.25,,51.91152218861831,53.53938359406708,58.511194005932474,69.72647144802929,47.29591656383566,52.267881934722325,53.80634039771705
2026-09-16T13:00:00-04:00,4346.59,4346.815,4341.725,4343.585,4361.575,4324.25,,49.95345556973072,53.1416721278466,58.32214522533091,69.83308318577933,46.81120726488248,50.443699983689754,53.431414414369556
2026-09-16T13:15:00-04:00,4343.57,4347.6,4342.545,4346.96,4361.575,4324.25,,49.84515535708981,47.46170259540004,41.817313444963546,53.45421298211063,30.180413907816458,50.60001562326563,52.855139441445104
2026-09-16T13:30:00-04:00,4347.04,4350.065,4343.465,4344.06,4361.575,4324.25,,49.63896746225138,48.713421794288266,42.09945323920983,54.01340145754689,30.185505020872768,50.765643021942296,51.67543463945735
2026-09-16T13:45:00-04:00,4344.065,4366.235,4342.595,4359.405,4361.575,4324.25,4357.243395,44.7056584108331,47.73601080902738,41.90316849358518,53.83531615944665,29.971020827723706,55.34182110732314,52.56677302094764
2026-09-16T14:00:00-04:00,4359.6,4367.415,4307.63,4310.555,4361.575,4324.25,,52.61935325380888,50.3249771379637,42.70896586844032,56.44864842117523,28.96928331570541,47.59758614095878,50.039449417819334
2026-09-16T14:15:00-04:00,4310.54,4324.305,4306.225,4322.275,4361.575,4324.25,,36.619843834007995,47.94660202607047,56.617284073563496,71.01733812540536,42.21723002172163,37.287894392646976,48.33327692633753
2026-09-16T14:30:00-04:00,4322.26,4323.69,4262.39,4301.39,4361.575,4324.25,,36.76646804606832,45.34786453559344,55.63214376948741,71.08347365328352,40.180813885691315,37.33850116391814,45.77391205473243
2026-09-16T14:45:00-04:00,4301.41,4307.66,4257.175,4261.36,4361.575,4324.25,,28.907247527137848,41.933399728186785,54.28139040838399,71.35922157058987,37.203559246178116,29.624014941692817,42.38479548576698
2026-09-16T15:00:00-04:00,4261.375,4287.575,4235.165,4253.085,4361.575,4324.25,,23.834002478093517,37.82762391707439,52.8712470924623,71.29213174716804,34.45036243775655,24.610194655440818,38.348248921068205
2026-09-16T15:15:00-04:00,4253.12,4257.795,4239.48,4253.61,4367.415,4324.25,,23.29719006803299,34.200873308268044,51.433248233347776,70.70605194700846,32.16044451968709,24.069500386023396,34.75732616121873
2026-09-16T15:30:00-04:00,4253.625,4271.175,4253.34,4264.835,4367.415,4324.25,,26.553630950286106,29.615992305965595,50.36421081411134,70.07686968374955,30.651551944473123,27.15433035292003,30.294680134095888
2026-09-16T15:45:00-04:00,4264.785,4276.595,4264.5,4272.29,4367.415,4324.25,,31.60551909360224,29.693693978956933,49.32843700253676,68.8600264544731,29.796847550600415,31.940639552965788,30.28391285036359
2026-09-16T16:00:00-04:00,4272.285,4273.9,4263.535,4264.825,4367.415,4324.25,,32.599592135114015,28.46734896342446,48.270925218315355,67.68450193242741,28.8573485042033,32.873604037592074,29.03345431836592
2026-09-16T16:15:00-04:00,4264.8,4268.24,4257.355,4260.45,4367.415,4235.165,,31.10329235531821,28.07564378159976,47.52987551717838,67.41250008483347,27.647250949523293,31.44152869740446,28.599063574216824
2026-09-16T16:30:00-04:00,4260.36,4265.47,4258.355,4262.52,4367.415,4235.165,,31.16084909034131,29.11123512433974,46.777238825571,66.91525517834947,26.63922247279252,31.485091291708084,29.565190418370282
2026-09-16T16:45:00-04:00,4262.57,4266.68,4261.015,4263.855,4367.415,4235.165,,32.177501143581196,30.45950054316767,46.180244953537894,66.60674625277572,25.75374365430007,32.43656153926227,30.835168398165813
2026-09-16T18:00:00-04:00,4260.09,4262.825,4259,4259.305,4367.415,4235.165,,31.89468418741737,31.56766201559242,45.42316628719726,66.01698213516384,24.82935043923068,32.16716123889637,31.878807804905414
2026-09-16T18:15:00-04:00,4259.455,4263.825,4257.6,4262.23,4367.415,4235.165,,32.191529355946116,32.07032865907053,44.6196244143903,65.02647926890339,24.212769559877213,32.432206958004826,32.34313314247575
2026-09-16T18:30:00-04:00,4262.35,4276.295,4262.225,4273.22,4367.415,4235.165,,36.686950049122274,33.01949943145529,43.81820861905731,63.2126649070153,24.423752331099315,36.61141281755913,33.213314451932085
2026-09-16T18:45:00-04:00,4273.21,4274.25,4265.715,4266.71,4367.415,4235.165,,38.9242848417871,33.87738371811999,43.115948909792266,61.9201666497938,24.311731169790736,38.701163641204616,34.00815017207933
2026-09-16T19:00:00-04:00,4266.825,4268.125,4258.93,4262.805,4367.415,4235.165,,36.9153562050827,34.68008910281657,42.7204529095568,61.52581526131881,23.91509055779478,36.843494873881745,34.75673335949702
2026-09-16T19:15:00-04:00,4262.905,4273.46,4262.15,4271.895,4367.415,4235.165,,39.05654570357366,36.13329703618637,42.538749473241005,61.28330655563221,23.7941923908498,38.83790233889,36.10895332841702
2026-09-16T19:30:00-04:00,4271.94,4274.67,4268.78,4273.745,4367.415,4235.165,,42.505949920937624,37.63107446777555,42.35560370101929,61.00421465167781,23.70699275036077,42.04700008429704,37.502572943792664
2026-09-16T19:45:00-04:00,4273.75,4275.78,4271.675,4271.93,4276.295,4235.165,,42.6349417559575,39.20194205576927,42.20361594590902,60.79874950613669,23.608482385681356,42.176594105262026,38.968791290235785
2026-09-16T20:00:00-04:00,4271.935,4286.895,4266.535,4285.085,4276.295,4235.165,,46.175727688959306,41.626559705779314,42.071844666510614,60.47559781619992,23.66809151682131,45.492055067836326,41.23395811803024
2026-09-16T20:15:00-04:00,4285.13,4289.605,4281.725,4284.73,4276.295,4235.165,,50.05385400656312,43.02105747218094,41.724275336557646,59.42372554942594,24.024825123689354,49.115494218510925,42.54138597622201
2026-09-16T20:30:00-04:00,4284.745,4292.48,4282.275,4288.73,4276.295,4235.165,,51.12058408790055,45.1112166332403,41.503099720415705,58.72357811884536,24.28262132198605,50.11815086424292,44.49595446746975
2026-09-16T20:45:00-04:00,4288.75,4289.255,4277.26,4280.415,4276.295,4235.165,,49.80256761528604,46.703117875096176,41.388822202103846,58.47292371725952,24.304720686948173,48.967799071203764,46.005472889742585
2026-09-16T21:00:00-04:00,4280.42,4310.335,4280.29,4298.94,4276.295,4235.165,,52.23308361340125,48.875941750333894,41.41924309143664,58.57422707450864,24.26425910836464,51.351658833769996,48.07131346600689
2026-09-16T21:15:00-04:00,4298.935,4312.78,4298.52,4310.01,4276.295,4235.165,,59.45830231694384,51.54664713109796,41.542024616911085,59.03490150944583,24.049147724376336,58.19272596489148,50.61853742705529
2026-09-16T21:30:00-04:00,4310.055,4318.29,4308.595,4309.355,4276.295,4235.165,,61.55581963229231,54.28190685785813,41.73109010881487,59.684858012808704,23.77732220482103,60.21373631762491,53.224782669539145
2026-09-16T21:45:00-04:00,4309.33,4311.925,4298.155,4300.415,4276.295,4235.165,,58.518565080557465,55.07317210012601,41.86540547758769,60.04530532549422,23.685505629681167,57.45326017361762,54.036024600135654
2026-09-16T22:00:00-04:00,4300.43,4301.1,4281.09,4287.515,4276.295,4235.165,,52.18820017009925,54.89172004743988,41.75800194757568,59.802801921982294,23.713201973169067,51.664100150826435,53.95295579305787
2026-09-16T22:15:00-04:00,4287.53,4293.195,4287.175,4291.805,4276.295,4235.165,,49.79622966718232,54.694785122777944,41.74097650573852,59.76240697223102,23.719546039246023,49.483016626704625,53.85455767512472
2026-09-16T22:30:00-04:00,4291.81,4292.96,4281.59,4288.745,4276.295,4235.165,,50.08370259531692,54.97204432744871,41.76566353731604,59.81250057138233,23.718826503249748,49.76365854801202,54.18034421500308
2026-09-16T22:45:00-04:00,4288.76,4289.715,4274.135,4277.37,4318.29,4235.165,,46.4128605639268,53.03186425149953,41.520859795210086,59.35012601782158,23.691593572598592,46.372887536841155,52.432051590287905
2026-09-16T23:00:00-04:00,4277.375,4286.775,4277.21,4285.22,4318.29,4235.165,,45.81084261693719,51.0727701274468,41.49800530668008,59.30397563619404,23.69203497716612,45.820647693935165,50.64546470901556
2026-09-16T23:15:00-04:00,4285.28,4287.235,4283.325,4286.245,4318.29,4235.165,,48.342920575052624,49.256750235145326,41.11195267673278,58.11077153090335,24.1131338225622,48.16790868886061,48.990386553498105
2026-09-16T23:30:00-04:00,4286.23,4296.375,4285.935,4295.96,4318.29,4235.165,,51.263991391860166,49.000034787819,41.72643734466061,58.916481908163775,24.53639278115745,50.885850491845275,48.76906194279489
2026-09-16T23:45:00-04:00,4296.02,4297.425,4293.79,4296,4318.29,4235.165,,53.906754768578004,49.74776583471068,42.12882979053102,59.63175961218919,24.62589996887285,53.345634730631986,49.47082500487111
2026-09-17T00:00:00-04:00,4296.055,4296.615,4293.025,4293.83,4318.29,4274.135,,53.212283894246866,49.97605028126601,42.69383827690641,60.238221658900784,25.149454894912036,52.71478877063332,49.69242541248879
2026-09-17T00:15:00-04:00,4293.87,4295.73,4291.14,4291.345,4318.29,4274.135,,51.68229610199888,50.204506836619814,43.46853853022873,60.377516687795236,26.559560372662222,51.325162201572155,49.91696890588828
2026-09-17T00:30:00-04:00,4291.315,4296.72,4290.41,4295.295,4318.29,4274.135,,52.11864933353871,51.60627564401227,44.35764103310907,60.46991608743828,28.245365978779862,51.73591920500241,51.224720174820575
2026-09-17T00:45:00-04:00,4295.335,4299.075,4295.335,4297.45,4318.29,4274.135,,54.06638534929943,52.563233331580456,45.27849119383263,60.510400185023414,30.046582202641844,53.52760099566967,52.11895556352672
2026-09-17T01:00:00-04:00,4297.415,4299.215,4294.115,4294.165,4318.29,4274.135,,53.48326527004526,53.074945556867306,45.941737169565485,60.63113279964146,31.252341539489507,53.017054219920446,52.610190326551965
2026-09-17T01:15:00-04:00,4294.115,4294.195,4285.6,4286.565,4318.29,4274.135,,49.49539263778783,52.057919401845496,46.33083669643178,60.59969495480387,32.06197843805969,49.40738454400167,51.69653672128569
2026-09-17T01:30:00-04:00,4286.59,4298.305,4286.475,4297.22,4318.29,4274.135,,50.41082623934489,52.076108834229274,46.989456822755535,60.78969221486392,33.18922143064715,50.271827293756544,51.731959630301844
2026-09-17T01:45:00-04:00,4297.275,4305.67,4295.975,4304.525,4318.29,4274.135,,56.16040683165815,52.90024024110586,47.80478460680472,61.13560743209281,34.473961781516635,55.57183282146383,52.512835021522974
2026-09-17T02:00:00-04:00,4304.51,4312.475,4304.355,4312.02,4318.29,4274.135,,60.21313640326244,54.51349177744743,48.69841489998618,61.80017551244614,35.59665428752623,59.36004190397963,54.027639545275406
2026-09-17T02:15:00-04:00,4312.085,4313.23,4304.755,4312.225,4318.29,4274.135,,62.20199436543173,55.781195964503866,49.570931266913576,62.3702765809983,36.77158595282885,61.228725001830256,55.225065249188084
2026-09-17T02:30:00-04:00,4312.23,4315.375,4305.74,4309.505,4318.29,4285.6,,61.072973092171864,56.51537398969669,50.414784835559985,62.42169486834918,38.40787480277079,60.21330844599906,55.93784167394095
2026-09-17T02:45:00-04:00,4309.49,4312,4306.75,4310.85,4318.29,4285.6,,60.29148749474347,57.72640231441763,51.22386998096049,62.524626326953125,39.92311363496785,59.51998077676092,57.083044265428214
2026-09-17T03:00:00-04:00,4310.83,4323.54,4309.295,4322.99,4318.29,4285.6,,63.89504009456317,60.629558977346825,52.01526072058592,63.68174775330918,40.34877368786266,62.900189139113664,59.79292870111577
2026-09-17T03:15:00-04:00,4323.095,4329.995,4319.39,4329.44,4318.29,4285.6,,68.51028512351918,62.89767628132461,52.964222938709426,64.90435761055014,41.024088266868716,67.25714978555516,61.93599354879921
2026-09-17T03:30:00-04:00,4329.36,4335.08,4329.285,4331.505,4318.29,4285.6,,70.35595764737121,64.68543063897913,53.98235492307348,65.92448808568902,42.04022176045794,69.0214513438334,63.63567685036422
2026-09-17T03:45:00-04:00,4331.58,4335.45,4323.77,4327.26,4318.29,4285.6,,68.65070471400256,65.30841008439322,54.70505582167583,66.62835834448428,42.78175329886737,67.51148698584313,64.26497785790308
2026-09-17T04:00:00-04:00,4327.3,4328.3,4317.83,4320.235,4318.29,4285.6,,63.25909772081751,64.98746016908935,55.203128323066416,66.7467997473815,43.65945689875133,62.63385444889657,64.03714240666888
2026-09-17T04:15:00-04:00,4320.23,4321.895,4314.555,4315.925,4318.29,4285.6,,58.17627791451798,64.48078289077782,55.61925206629704,66.56778988357189,44.67071424902219,58.00797820814986,63.634883504231865
2026-09-17T04:30:00-04:00,4315.935,4319.75,4312.155,4313.835,4318.29,4285.6,,55.47017209634676,63.60994148383314,55.749860347030385,66.59447476632802,44.90524592773275,55.531180022893906,62.89748504842116
2026-09-17T04:45:00-04:00,4313.77,4314.11,4310.16,4311.765,4318.29,4285.6,,53.71459537491009,61.57208439944835,55.83458979384685,66.58880531474176,45.08037427295194,53.92257705832695,61.069851481149946
2026-09-17T05:00:00-04:00,4311.77,4319.34,4311.67,4315.85,4335.45,4285.6,,54.35541184768209,59.56569197645111,55.940144332899884,66.64784768681643,45.232440978983334,54.4978901432963,59.25198229349006
2026-09-17T05:15:00-04:00,4315.84,4316.525,4305.985,4306.645,4335.45,4285.6,,52.07572067999759,56.34915955162732,55.968304680006355,66.61965652491412,45.31695283509859,52.38310337678793,56.31603777627981
2026-09-17T05:30:00-04:00,4306.545,4311.17,4305.15,4309.17,4335.45,4285.6,,49.27972393320947,54.03112603908166,55.7664172928886,66.52401817081471,45.00881641496248,49.797574630042845,54.190864477547116
2026-09-17T05:45:00-04:00,4309.175,4311.29,4305.545,4306.26,4335.45,4285.6,,49.1213570242146,52.30980506688364,55.360249074551696,66.18690631284451,44.53359183625888,49.634366250956106,52.601898291153965
2026-09-17T06:00:00-04:00,4306.35,4313.765,4305.15,4310.265,4335.45,4285.6,,49.63729771274625,51.591417410004034,55.06532776820942,65.81195123879903,44.31870429761982,50.079887207704594,51.92569562027704
2026-09-17T06:15:00-04:00,4310.25,4315.72,4306.77,4313.575,4335.45,4285.6,,52.64623890977179,51.502967013576495,55.01481812332901,65.7639714914361,44.26566475522192,52.80899989328452,51.82413253983699
2026-09-17T06:30:00-04:00,4313.475,4318.6,4312.18,4316.365,4335.45,4285.6,,55.06921471153798,51.97845150618343,55.234799211823464,65.83811429331901,44.63148413032792,55.015788593374836,52.23804177314786
2026-09-17T06:45:00-04:00,4316.34,4325.145,4316.105,4324.185,4335.45,4285.6,,58.92592592752821,52.80882817924682,55.55185907981995,66.22590298494197,44.87781517469793,58.56025561866052,52.98480838994106
2026-09-17T07:00:00-04:00,4324.275,4340.06,4323.83,4331.96,4335.45,4285.6,,63.979525725223006,55.379538661962115,56.05220057240616,66.96448638022652,45.1399147645858,63.25239615911127,55.34355399666881
2026-09-17T07:15:00-04:00,4331.985,4334.725,4326.455,4328.475,4335.45,4305.15,,64.451597561028,57.143649215766395,56.612961256119995,67.08113430894352,46.144788203296464,63.744442310584915,56.96962772723878
2026-09-17T07:30:00-04:00,4328.51,4328.89,4323.365,4324.935,4335.45,4305.15,,60.8502002834101,58.73063673601798,56.936868670433974,67.14117488356199,46.73256245730597,60.46421016252327,58.43779511425943
2026-09-17T07:45:00-04:00,4324.94,4353.335,4324.465,4349.855,4335.45,4305.15,4331.144520000001,65.2636866788225,61.60833177750247,57.6083004386947,68.2799558850667,46.9366449923227,64.68925175451238,61.14373188346958
2026-09-17T08:00:00-04:00,4349.82,4355.535,4343.66,4354.75,4335.45,4305.15,4335.20746723203,72.3241888639997,64.35290815151167,58.17570381585395,69.60724215787401,46.74416547383389,71.37701505338947,63.74294230286085
2026-09-17T08:15:00-04:00,4354.695,4381.065,4353.305,4380.425,4335.45,4305.15,,76.61883767244774,67.76536690919097,58.94430531539291,71.77394230544884,46.11466832533698,75.58467671838386,67.02055706204358
2026-09-17T08:30:00-04:00,4378.56,4379.885,4360.4,4360.66,4335.45,4305.15,,73.00975837698783,68.3768602799287,59.34026113836813,72.17767685402129,46.50284542271497,72.34392182757313,67.68113264826444
2026-09-17T08:45:00-04:00,4360.655,4374.845,4359.035,4373.345,4335.45,4305.15,,32.17615121702781,31.136255074309275,40.1061915857263,53.0168840427426,27.195499128709997,67.50903483347824,68.23673954043416
2026-09-17T09:00:00-04:00,4373.34,4374.305,4360.225,4366.505,4335.45,4305.15,,32.40697667518887,30.725589501847566,39.74948156802761,52.614634228373085,26.884328907682132,67.31814653255526,68.70219099739883
2026-09-17T09:15:00-04:00,4366.49,4375.16,4365.115,4367,4335.45,4305.15,,34.41133782877634,29.782408820648257,39.42841059620134,52.2804774681174,26.57634372428528,65.42580479764992,69.65433800761319
2026-09-17T09:30:00-04:00,4367.045,4374.25,4356.395,4358.375,4381.065,4305.15,,36.99065373754067,31.369686763665598,39.18912386259149,51.82429469736148,26.553953027821493,62.999428705285055,68.2193844119053
2026-09-17T09:45:00-04:00,4358.395,4371.755,4355.5,4366.895,4381.065,4305.15,,38.06896055406327,32.751880082951956,38.69690196042787,50.71360987917518,26.680194041680565,61.981636903604326,66.96994425053173
2026-09-17T10:00:00-04:00,4366.93,4380.04,4364.675,4371.84,4381.065,4305.15,,35.6160330417531,34.86536411058013,38.36717440853843,50.25249151694246,26.481857300134408,64.2864840237093,64.99132935628403
2026-09-17T10:15:00-04:00,4371.94,4372.84,4365.61,4366.82,4381.065,4305.15,,36.37300031029587,35.43266827931873,38.257690615836935,50.105543110421685,26.40983812125218,63.58371781180947,64.46702881745641
2026-09-17T10:30:00-04:00,4366.845,4367.925,4359.42,4361.135,4381.065,4305.15,,39.7898725953349,37.04071307581073,38.367351408455924,50.24913922744833,26.48556358946351,60.38648796912588,62.95631596646906
2026-09-17T10:45:00-04:00,4361.185,4364.75,4352.335,4354.195,4381.065,4305.15,,43.649215359228194,38.64473647475853,38.60187942316988,50.6504596423133,26.553299204026473,56.76714947278628,61.45245822895099
2026-09-17T11:00:00-04:00,4354.27,4362.37,4351.365,4361.95,4381.065,4305.15,,43.91326737805674,39.755550089890825,38.66065967141055,50.74084055352594,26.580478789295157,56.49024750543515,60.40329959726484
2026-09-17T11:15:00-04:00,4361.9,4364.6,4356.395,4358.2,4380.04,4305.15,,43.257347440705566,40.4352203899485,38.81063441937276,50.991955758406064,26.629313080339458,57.08139966306905,59.76159278831784
2026-09-17T11:30:00-04:00,4358.22,4367.31,4355.625,4365.8,4380.04,4305.15,,42.625608966129924,41.057449636195585,39.04422726321603,51.121853578443094,26.966600947988965,57.64947279246341,59.16553842265315
2026-09-17T11:45:00-04:00,4365.795,4370.15,4363.54,4370.04,4380.04,4305.15,,39.897997397695335,41.658638777360565,39.305239273561845,51.11617031765972,27.494308229463968,60.16923041024998,58.58523461304374
2026-09-17T12:00:00-04:00,4370.045,4372.615,4367.15,4368.12,4380.04,4305.15,,39.630518415570364,41.98816909484544,39.631667031624346,51.096557370386186,28.166776692862513,60.41746252508713,58.26089405501819
2026-09-17T12:15:00-04:00,4368.17,4368.91,4363.855,4367.66,4380.04,4351.365,,40.47903054162708,41.855541047729766,39.84228252389301,51.17808291454723,28.50648213323879,59.63314184914934,58.36999286447901
2026-09-17T12:30:00-04:00,4367.655,4367.76,4357.59,4360.04,4380.04,4351.365,,43.416182379242976,41.92158824342109,40.02433056692203,51.49205823903232,28.556602894811746,56.919937547369216,58.30454779061331
2026-09-17T12:45:00-04:00,4360.14,4362.465,4355.89,4362.465,4380.04,4351.365,,45.46338495708554,42.29843178459513,40.05638033986969,51.55451738781748,28.55824329192191,55.017123157009294,57.94910019350019
2026-09-17T13:00:00-04:00,4362.47,4365.995,4358.43,4362.025,4380.04,4351.365,,44.912465622541674,42.39447915251712,40.04683866803311,51.533685627560715,28.559991708505507,55.51520861701065,57.857064634596625
2026-09-17T13:15:00-04:00,4362.05,4363.22,4357.98,4360.615,4372.615,4351.365,,45.648430910908594,43.16209519738903,40.01891129785902,51.46327509364274,28.574547502075305,54.839388340818076,57.14621892160152
2026-09-17T13:30:00-04:00,4360.555,4363.85,4357.92,4360.585,4372.615,4351.365,,46.22914667633694,44.20337894641472,40.08122446356364,51.59856187722458,28.563887049902704,54.30660539515562,56.18202891599824
2026-09-17T13:45:00-04:00,4360.545,4361.84,4358.8,4361.43,4372.615,4351.365,,45.91062284687176,44.95641074918943,39.900460917086626,51.056014942956295,28.744906891216957,54.589908268240414,55.481203419645325
2026-09-17T14:00:00-04:00,4361.42,4365.46,4360.355,4364.8,4372.615,4351.365,,44.250525935715984,45.280949059011554,39.70065092644162,50.54607505898831,28.85522679389493,56.06992453726444,55.16396682688828
2026-09-17T14:15:00-04:00,4364.765,4365.735,4356.035,4356.34,4372.615,4351.365,,46.82775595907118,45.93114605771178,39.66217344551521,50.39825089209145,28.926095998938962,53.694831105219464,54.559744436173965
2026-09-17T14:30:00-04:00,4356.36,4356.595,4348.515,4352.25,4372.615,4351.365,,52.38137541034129,47.25751775994177,39.81939640427029,50.99217757404023,28.64661523450036,48.610403669270994,53.33347554467734
2026-09-17T14:45:00-04:00,4352.295,4352.815,4349.35,4351.64,4372.615,4351.365,,54.27475530692101,48.60608596753445,40.06929075237949,51.8316282673778,28.30695323738118,46.85835249451654,52.08635697260422
2026-09-17T15:00:00-04:00,4351.675,4356.12,4351.49,4354.845,4372.615,4351.365,,52.95673072554449,49.34560342126631,40.29151084174573,52.41621353229252,28.16680815119895,48.01529482312109,51.38373453962105
2026-09-17T15:15:00-04:00,4354.82,4354.82,4343.35,4343.385,4372.615,4351.365,,55.81157472858161,51.343922553890074,40.93620255568006,54.21200099007122,27.660404121288906,45.28650597551416,49.50918570984952
2026-09-17T15:30:00-04:00,4343.405,4346.845,4342.7,4345.285,4372.615,4351.365,,59.2778856292299,53.16482135908292,41.659593862595905,55.594198000368124,27.724989724823686,42.02239959313057,47.79301777530395
2026-09-17T15:45:00-04:00,4345.275,4349.43,4344.2,4346.2,4372.615,4351.365,,57.85226774624725,55.23013449975615,42.24819463257861,56.770021660821634,27.726367604335593,43.2932045571742,45.85869428696658
2026-09-17T16:00:00-04:00,4346.23,4347.04,4342.495,4343.045,4372.615,4351.365,,58.597074170723175,56.527483705269205,42.80355118342727,58.09140359817304,27.51569876868149,42.57931597010107,44.617156308127264
2026-09-17T16:15:00-04:00,4343.035,4345.525,4342.135,4342.265,4372.615,4351.365,,60.118150590355896,57.44064169404603,43.741243883706744,59.22196113231378,28.26052663509971,41.161299180078984,43.73037871862601
2026-09-17T16:30:00-04:00,4342.3,4343.795,4340.655,4341.165,4372.615,4351.365,,60.86672232576942,58.410902853511615,44.75595772400192,60.20463599176671,29.307279456237126,40.46378089020849,42.79013584975354
2026-09-17T16:45:00-04:00,4341.15,4342.595,4340.7,4341.84,4372.615,4351.365,,39.139793760205336,40.30122244473963,54.05410647439664,68.42143172002366,39.68678122876961,40.44566642155226,41.5676277467492
2026-09-17T18:00:00-04:00,4343.19,4345.06,4341.925,4344.515,4372.615,4351.365,,41.39049103399326,40.789687364366934,53.384085373468984,67.64592409040287,39.122246656535104,42.423850012188225,41.972234145946125
2026-09-17T18:15:00-04:00,4344.565,4345.16,4341.795,4345.07,4372.615,4351.365,,43.56422488847873,41.11325402122782,52.62706977472056,66.34992590054064,38.90421364890048,44.33581126836773,42.22860251110268
2026-09-17T18:30:00-04:00,4345.025,4349.745,4344.345,4344.41,4372.615,4351.365,,43.571828341186176,41.19657196077649,51.971073903843994,65.43386761320204,38.50828019448594,44.33371010072344,42.269521444103056
2026-09-17T18:45:00-04:00,4344.36,4346.195,4341.705,4344.48,4372.615,4340.655,,43.258752108277605,41.64349010094232,51.313545653370795,64.40677932923373,38.22031197750786,44.048645230823205,42.648410871309
2026-09-17T19:00:00-04:00,4344.42,4346.47,4339.715,4345.09,4372.615,4340.655,,43.817476272311296,42.321036778681396,50.84214037501175,63.816208021836175,37.86807272818733,44.53467599441444,43.23334339105604
2026-09-17T19:15:00-04:00,4345.14,4347.695,4341.665,4344.35,4372.615,4340.655,,43.81542650096266,42.98124690858007,50.24792136248997,62.873476219681564,37.62236650529837,44.52157260202027,43.80777993182665
2026-09-17T19:30:00-04:00,4344.25,4345.15,4343.425,4344.46,4372.615,4340.655,,43.41303898703964,43.54196398634833,49.608556376705444,61.6282087082549,37.588904045155985,44.1596027843691,44.29446806614657
2026-09-17T19:45:00-04:00,4344.31,4348.32,4343.63,4346.425,4349.745,4340.655,,45.387609255886694,44.123280686263904,49.17501604285365,60.68925472564115,37.66077736006615,45.867905172996814,44.79179569205768
2026-09-17T20:00:00-04:00,4346.39,4355.11,4342.105,4354.49,4349.745,4340.655,,53.25796433888274,46.31160382932091,49.199605608130014,60.76771564122315,37.63149557503688,52.84935654662446,46.72690957421992
2026-09-17T20:15:00-04:00,4354.5,4357.55,4350.805,4353.38,4349.745,4339.715,,58.285549783566516,48.32720109837256,49.28882575713569,60.98856988748751,37.58908162678387,57.35689081997373,48.512704468986335
2026-09-17T20:30:00-04:00,4353.26,4360.325,4353,4358.905,4349.745,4339.715,,60.52181440764507,51.243907343425896,49.46049277199482,61.5918720165972,37.329113527392444,59.46112756040493,51.13047595410041
2026-09-17T20:45:00-04:00,4358.84,4359.495,4352.55,4356.38,4349.745,4339.715,,61.522920769967484,53.385899526274336,49.57001800482234,61.887710778499404,37.25232523114527,60.46161440886689,53.063258301687036
2026-09-17T21:00:00-04:00,4356.375,4365.8,4356.375,4358.32,4349.745,4339.715,,60.42456468925323,55.989375397223206,49.639914751723246,62.11623565638368,37.16359384706281,59.52700920973603,55.41774355630492
2026-09-17T21:15:00-04:00,4358.325,4364.745,4355.015,4360.1,4349.745,4339.715,,62.52205124325785,58.84561731376526,49.71237380723135,62.3789757136438,37.045771900818906,61.468844531146516,58.00875594362344
2026-09-17T21:30:00-04:00,4360.06,4360.14,4347.43,4347.535,4349.745,4339.715,,54.55059931578919,58.60737255719534,49.297627559450284,61.692306899735364,36.902948219165204,54.23773233548188,57.809122745586365
2026-09-17T21:45:00-04:00,4347.53,4350.59,4344.195,4348.55,4349.745,4339.715,,46.24612019750622,56.84223327337197,48.93150032129801,61.01180503739929,36.85119560519673,46.68811938451765,56.24840246873578
2026-09-17T22:00:00-04:00,4348.415,4351.915,4346.045,4350.515,4349.745,4339.715,,48.17888775116242,55.71975483365132,48.80321992006236,60.80623849471103,36.80020134541369,48.4540294845188,55.265448078313526
2026-09-17T22:15:00-04:00,4350.545,4353.805,4348.385,4353.045,4365.8,4339.715,,51.04525041583199,54.13464356142537,48.72612593146964,60.641666672950926,36.81058518998835,51.07795489038383,53.85321027730117
2026-09-17T22:30:00-04:00,4353.155,4356.74,4350.4,4351.81,4365.8,4339.715,,51.78743179304186,52.93818655452971,48.6090962386261,60.41446533576941,36.803727141482796,51.75980236394361,52.7792160654783
2026-09-17T22:45:00-04:00,4351.76,4355.87,4343.26,4346.845,4365.8,4339.715,,47.809287031341235,50.53027851630765,48.341285810425504,60.101661376494214,36.580910244356794,48.09675406510597,50.58742309312116
2026-09-17T23:00:00-04:00,4346.76,4352.06,4344.355,4344.86,4365.8,4339.715,,43.54880156862231,47.51725807606242,48.00779907656487,59.774544572310305,36.24105358081944,44.1575679650883,47.83313704660453
2026-09-17T23:15:00-04:00,4344.865,4345.025,4334.295,4341.105,4365.8,4339.715,,40.42843392328032,46.49537411844798,47.53770091455209,59.44424063887993,35.63116119022425,41.24099174653186,46.87406863913544
2026-09-17T23:30:00-04:00,4341.12,4359.025,4340.805,4357.675,4365.8,4339.715,,47.97216183423477,48.010412829413426,47.55031012185609,59.483863095819714,35.61675714789247,48.20935468739785,48.26777570457029
2026-09-17T23:45:00-04:00,4357.625,4360.92,4356.89,4359.34,4365.8,4339.715,,58.199994518317176,49.35854748049219,47.83345094263376,60.157626066121026,35.509275819146495,57.69965795134019,49.515676772512975
2026-09-18T00:00:00-04:00,4359.225,4361.68,4356.89,4356.97,4365.8,4339.715,,57.48280622927028,49.8497144903958,48.130556100656776,60.64522303009719,35.61588917121636,57.05010734846197,49.974104978306904
2026-09-18T00:15:00-04:00,4357.115,4358.255,4352.91,4358.18,4365.8,4339.715,,56.63934273426638,50.74480774941349,48.47545670976244,61.20768717389261,35.74322624563227,56.27548456576018,50.80587168731771
2026-09-18T00:30:00-04:00,4358.185,4365.56,4357.09,4364.62,4365.8,4334.295,,59.9773766886202,53.32631153533264,48.891385948548816,62.20871121640485,35.57406068069278,59.420722771549705,53.2095246087194
2026-09-18T00:45:00-04:00,4364.635,4367.11,4361.16,4366.9,4365.8,4334.295,,63.63008143975644,56.48231628402324,49.61908354319409,63.343214395805816,35.89495269058236,62.87168730999236,56.152762928718865
2026-09-18T01:00:00-04:00,4366.98,4369.265,4364.14,4365.535,4365.8,4334.295,,63.55097462445052,59.932751735667,50.23426008111826,64.21499044901977,36.25352971321675,62.82815036047346,59.377284212702705
2026-09-18T01:15:00-04:00,4365.67,4369.69,4363.835,4364.71,4365.8,4334.295,,61.991892704509596,60.487953675530335,50.786387099120965,64.92112268990229,36.65165150833964,61.399723442381564,59.92143971585706
2026-09-18T01:30:00-04:00,4364.67,4378.385,4360.27,4377.26,4365.8,4334.295,,66.01938108422237,62.16686218306848,51.68228686082094,66.49491664132375,36.86965708031812,65.24816072285783,61.533999290279176
2026-09-18T01:45:00-04:00,4377.265,4378.165,4370.61,4377.505,4365.8,4334.295,,70.71941496511599,64.26984188577197,52.60036154356049,67.8993570058708,37.30136608125019,69.71553183494858,63.54013242628181
2026-09-18T02:00:00-04:00,4377.49,4390.475,4377.375,4389.025,4365.8,4334.295,,73.77793993288225,67.06360423981587,53.72020817015339,69.87077035917852,37.56964598112826,72.6907015328256,66.2240612808693
2026-09-18T02:15:00-04:00,4389.03,4393.985,4381.88,4392.435,4365.8,4334.295,,77.47707686893239,69.26975622300404,54.855495844073836,71.83266888698341,37.87832280116425,76.29911051282082,68.36252892378785
2026-09-18T02:30:00-04:00,4392.45,4397.09,4390.735,4396.135,4365.8,4334.295,,78.92689936633691,71.4341236474103,55.92823218970301,73.87634695994494,37.98011741946108,77.73040339494105,70.46940873371179
2026-09-18T02:45:00-04:00,4396.165,4397.345,4389.74,4393.5,4365.8,4334.295,,77.69261631678307,73.3102252779562,56.863048281032924,75.27394345246262,38.45215310960323,76.6434904957909,72.30976896244998
2026-09-18T03:00:00-04:00,4393.465,4395.785,4388.965,4390.615,4365.8,4334.295,,73.62562651956353,74.75804759456857,57.696102670784036,76.11726156109872,39.27494378046936,72.89569604378626,73.75397233411312
2026-09-18T03:15:00-04:00,4390.705,4395.89,4389.73,4395.665,4365.8,4334.295,,72.88148420400175,75.27082616932174,58.60556193372257,77.10714384319925,40.103980024245885,72.25078728768347,74.310519409543
2026-09-18T03:30:00-04:00,4395.61,4397.265,4391.26,4393.645,4365.8,4334.295,,72.76627331052384,75.3428642646851,59.39897308479653,77.76610006076736,41.031846108825704,72.18537866263279,74.4596428563086
2026-09-18T03:45:00-04:00,4393.64,4399.67,4392.755,4393.49,4365.8,4334.295,,71.18083097159936,74.52879503752662,60.21529160846591,78.27474219507077,42.15584102186105,70.72323255105219,73.7483854147506
2026-09-18T04:00:00-04:00,4393.505,4398.46,4390.45,4390.525,4365.8,4334.295,,68.80366966273567,72.86474792005747,60.8925395951316,78.40095409196839,43.38412509829482,68.5380091247956,72.24218531687282
2026-09-18T04:15:00-04:00,4390.53,4394.26,4387.79,4387.86,4365.8,4334.295,,64.60268769185953,70.43616313053309,61.34559033999373,78.43143045093589,44.25975022905156,64.66947019210096,70.01669021393914
2026-09-18T04:30:00-04:00,4387.96,4389.525,4385.285,4386.9,4365.8,4334.295,,61.96470901761004,68.37106012029375,61.404701046821444,78.48045496176596,44.32894713187693,62.23484652723651,68.12542989728585
2026-09-18T04:45:00-04:00,4386.98,4394.31,4386.425,4392.27,4365.8,4334.295,,63.56890009787902,67.56281272433752,61.65637565260034,78.73449914350874,44.57825216169194,63.69995111294563,67.38933451941325
2026-09-18T05:00:00-04:00,4392.355,4398.2,4391.705,4394.465,4399.67,4334.295,,66.72350901759415,66.611638638463,61.769506612112565,78.9158714263144,44.62314179791074,66.59715968445086,66.51010772493368
2026-09-18T05:15:00-04:00,4394.615,4395.35,4385.87,4387.935,4399.67,4334.295,,62.8880602044867,64.74046612261262,61.736677972277946,78.89805995391517,44.575295990640726,63.04872940827978,64.77886330388381
2026-09-18T05:30:00-04:00,4387.96,4388.875,4376.695,4376.695,4399.67,4334.295,,52.21761463879265,61.19357682908965,61.28674484443841,78.96418623544021,43.60930345343661,53.057044492240806,61.46262542241613
2026-09-18T05:45:00-04:00,4376.655,4378.445,4373.255,4376.715,4399.67,4334.295,,46.24638975056884,58.29552900485067,60.77928611976682,78.91323936711866,42.64533287241498,47.411780733113304,58.74279804911744
2026-09-18T06:00:00-04:00,4376.735,4380.23,4375.8,4379.265,4399.67,4334.295,,47.65093954716059,56.350220216318526,60.88088250510731,78.81543009992967,42.946334910284946,48.68922377865272,56.896840732859495
2026-09-18T06:15:00-04:00,4379.255,4381.565,4377.71,4381.565,4399.67,4334.295,,50.273908125467905,54.955300178524354,61.01621482141163,78.71705435860088,43.31537528422238,51.0765470823722,55.55471249344192
2026-09-18T06:30:00-04:00,4381.535,4382.19,4378.36,4381.51,4399.67,4334.295,,51.47083274866479,52.89362954511447,61.07452632848981,78.68367310835106,43.46537954862856,52.166093550641875,53.60145285791556
2026-09-18T06:45:00-04:00,4381.515,4382.155,4376.335,4381.94,4399.67,4334.295,,51.69269025462775,50.66078053196252,61.05429951781137,78.6898266369711,43.41877239865164,52.36574614122319,51.488594338234016
2026-09-18T07:00:00-04:00,4381.935,4388.585,4377.755,4388.255,4399.67,4373.255,,55.37494496697284,50.74702519153908,61.28555651519162,78.7033979526336,43.867715077749644,55.71913924630648,51.5072842402089
2026-09-18T07:15:00-04:00,4388.29,4388.545,4377.81,4377.825,4399.67,4373.255,,52.82354828018451,50.83390442950306,61.34925606186098,78.61742342700349,44.08108869671847,53.25583047479878,51.54539033325057
2026-09-18T07:30:00-04:00,4377.905,4382.79,4374.665,4375.93,4399.67,4373.255,,45.94239001157305,50.66016812325457,61.4263558353652,78.48675216547575,44.36595950525465,46.81496062705502,51.33676420990654
2026-09-18T07:45:00-04:00,4375.91,4381.96,4372.715,4381.62,4399.67,4373.255,,48.09855114027897,50.9617934561083,61.800439427566786,77.86589977522627,45.73497907990731,48.76616571952941,51.56737374492963
2026-09-18T08:00:00-04:00,4381.615,4382.92,4370.79,4373.7,4399.67,4373.255,4377.598225,47.48118993984609,49.86224864164834,61.39747513569529,78.16650085512943,44.62844941626115,48.0988554704416,50.48599517792637
2026-09-18T08:15:00-04:00,4373.705,4376.855,4353.865,4358.375,4388.585,4373.255,4375.544197774254,38.73629251199742,47.32335338848906,60.65551578013622,79.05452820957248,42.256503350699965,39.73710526845794,48.016234235734224
2026-09-18T08:30:00-04:00,4358.375,4373.095,4358.33,4369.245,4388.585,4373.255,4375.544197774254,38.67474022413793,46.142834347222674,60.29111831186397,79.23185828849626,41.350378335231674,39.51853387202414,46.81536310101235
2026-09-18T08:45:00-04:00,4369.39,4370.75,4366.345,4368.96,4388.585,4373.255,4375.544197774254,43.58977624396278,43.9561623247719,59.887894221883066,79.36413164897517,40.41165679479096,44.10024959608105,44.69655147852696
2026-09-18T09:00:00-04:00,4368.975,4375.595,4363.995,4371.54,4388.585,4373.255,,44.63221298210056,43.8024528334844,59.38846162324517,79.22279273269965,39.554130513790696,45.069983987097686,44.476549818812046
2026-09-18T09:15:00-04:00,4371.63,4374.6,4363.03,4367.305,4388.585,4373.255,,55.758811001063705,56.529895107410034,41.25262886287106,61.5435705122994,20.96168721344273,44.683350937747704,44.08752013872488
2026-09-18T09:30:00-04:00,4367.31,4367.83,4352.205,4353.435,4388.585,4373.255,,61.37340890389987,58.90382146485241,42.077678584304856,63.38388289280458,20.771474275805133,39.32430484563571,41.77887528341385
2026-09-18T09:45:00-04:00,4353.405,4358.11,4347.515,4349.415,4388.585,4373.255,,33.55971136392088,39.49253958518277,57.07488988180019,79.44950264192485,34.700277121675526,34.46380519993072,40.19179149000748
2026-09-18T10:00:00-04:00,4349.42,4356.67,4347.9,4351.51,4388.585,4373.255,,33.62615092945406,39.63613808299234,56.01683728894406,78.86791589458512,33.165758683303,34.48558374073586,40.27844056120754
2026-09-18T10:15:00-04:00,4351.6,4355.16,4342.98,4343.09,4388.585,4373.255,,32.60918281395891,37.75952318227447,54.83311151996742,78.32055219578042,31.345670844154416,33.46879002956507,38.4632932493049
2026-09-18T10:30:00-04:00,4343.06,4354.985,4342.725,4353.68,4388.585,4373.255,,35.39071240276975,37.29354841408004,53.75876508129039,76.73712482041239,30.780405342168393,35.99585389392166,37.96289893201914
2026-09-18T10:45:00-04:00,4353.705,4361.755,4351.735,4352.995,4388.585,4373.255,,40.039938990897795,36.44744489907368,52.63092693890656,74.84790812916577,30.413945748647354,40.3242454397346,37.10736795005829
2026-09-18T11:00:00-04:00,4353.025,4356.525,4348.175,4352.17,4388.585,4373.255,,39.59672558626012,35.96655886760114,51.44522544716822,72.59253572660265,30.297915167733798,39.90616782682509,36.59798947175553
2026-09-18T11:15:00-04:00,4352.065,4357.18,4351.805,4356.395,4388.585,4373.255,,41.31086512517822,37.21438033595314,50.49082392763569,70.60439350718507,30.377254348086307,41.494095214062796,37.72730805532317
2026-09-18T11:30:00-04:00,4356.4,4357.34,4348.76,4354.925,4388.585,4373.255,,42.75825531514276,38.594714282235955,49.62949772926112,68.9622575189726,30.29673793954963,42.83665396492688,38.99023197604015
2026-09-18T11:45:00-04:00,4354.895,4358.095,4352.36,4356.655,4388.585,4342.725,,43.09393877145234,39.919462576524076,48.73861537277985,66.83616258495657,30.641068160603126,43.14367646866088,40.20104883473032
2026-09-18T12:00:00-04:00,4356.66,4365.02,4354.865,4362.1,4388.585,4342.725,,46.50363074897386,42.56455654938309,48.08463640211112,65.03160162773304,31.137671176489203,46.30304783237193,42.65716277684211
2026-09-18T12:15:00-04:00,4361.935,4378.715,4360.21,4377.77,4388.585,4342.725,,54.70542118531702,45.437950800109014,47.769473620645584,63.82697464058542,31.711972600705746,54.00917042756738,45.347710701486236
2026-09-18T12:30:00-04:00,4377.835,4383.875,4374.61,4378.205,4388.585,4342.725,,60.479661667679565,48.40447731417788,47.59498887299018,63.19348781705767,31.99648992892269,59.467756508918086,48.12673736803739
2026-09-18T12:45:00-04:00,4378.22,4383.815,4377.15,4382.92,4388.585,4342.725,,62.03123593776038,51.84781090053765,47.618211752757404,63.27684968971271,31.959573815802095,60.95152291795519,51.360669298951976
2026-09-18T13:00:00-04:00,4383.015,4387.375,4381.67,4385.625,4388.585,4342.725,,64.23553641238095,54.95438339623581,47.728566955035525,63.67024559651263,31.786888313558418,63.061303865180506,54.28879698264245
2026-09-18T13:15:00-04:00,4385.615,4389.245,4382.73,4387.04,4388.585,4342.725,,65.43460693596364,58.32676850648648,47.7279592138212,63.66782703479504,31.788091392847367,64.21039692729316,57.46745300248521
2026-09-18T13:30:00-04:00,4387.025,4396.805,4385.485,4393.29,4388.585,4342.725,,67.5911487893054,61.95358625847954,47.77960458866559,63.89420977992689,31.664999397404294,66.28246343228075,60.89987897224814
2026-09-18T13:45:00-04:00,4393.215,4397.045,4392.15,4393.05,4388.585,4342.725,,69.18612109032966,64.80748003258813,48.09843338357667,65.00620821535439,31.19065855179895,67.82452726232242,63.6164471253282
2026-09-18T14:00:00-04:00,4393.045,4394.42,4389.27,4392.175,4388.585,4342.725,,68.47311888733628,65.88721417334219,48.735810720932875,66.47759867506164,30.9940227668041,67.1819007853705,64.66351621733473
2026-09-18T14:15:00-04:00,4392.165,4392.77,4389.155,4390.58,4388.585,4342.725,,66.84068234912517,66.62491451300117,49.30986235996234,67.63478419345566,30.98494052646902,65.71364055477294,65.40098542414387
2026-09-18T14:30:00-04:00,4390.565,4390.995,4380.905,4380.935,4388.585,4342.725,,60.16507350756659,65.35402490757254,49.471936248015574,67.85259063453383,31.09128186149732,59.6510622522675,64.29195602713826
2026-09-18T14:45:00-04:00,4380.945,4383.89,4379.695,4382.185,4388.585,4342.725,,55.086795891569295,64.01098864991212,49.592973405027124,68.04298161385397,31.14296519620028,55.03587120188544,63.108004663202415
2026-09-18T15:00:00-04:00,4382.18,4386.145,4379.525,4384.355,4397.045,4342.725,,56.5532025092986,62.81648078566822,49.77089917511168,68.34130460566465,31.200493744558717,56.38563110844889,62.056308650325605
2026-09-18T15:15:00-04:00,4384.405,4385.025,4379.06,4380.595,4397.045,4342.725,,55.38146871257547,60.52250862798928,49.80996037314169,68.395899090527,31.22402165575639,55.31858549212465,59.97546810887211
2026-09-18T15:30:00-04:00,4380.61,4382.425,4379.605,4381.54,4397.045,4342.725,,53.73185897641359,58.400977324549345,49.67424705801996,68.13054554876328,31.217948567276636,53.80824696932701,58.05165713804121
2026-09-18T15:45:00-04:00,4381.585,4383.33,4374.94,4376.59,4397.045,4342.725,,51.48142669539955,55.667739430293075,49.73101204462493,68.17204687717181,31.289977212078057,51.73875365705871,55.56314035792588
2026-09-18T16:00:00-04:00,4376.585,4383.435,4375.605,4381.63,4397.045,4342.725,,51.31680383790787,53.96558346420154,49.99038904780436,68.41629643760892,31.56448165799981,51.57069242206484,54.010814814410324
2026-09-18T16:15:00-04:00,4381.61,4383.415,4379.285,4381.125,4397.045,4342.725,,53.57257779020459,53.784169225332505,50.05301361226761,68.49848972928653,31.607537495248692,53.62620003738368,53.84175115367337
2026-09-18T16:30:00-04:00,4381.25,4383.12,4379.44,4380.995,4397.045,4342.725,,53.20647000949265,53.42834749789393,50.327170228371806,68.70542933454402,31.948911122199593,53.291090262570016,53.512305974605916
2026-09-18T16:45:00-04:00,4380.945,4380.955,4376.405,4378.385,4397.045,4342.725,,51.51842924247557,52.34566257766878,50.80490400817809,68.57537705233355,33.03443096402263,51.7516046155003,52.517743584259485
2026-09-20T18:00:00-04:00,4379.935,4382.425,4374.55,4379.725,4397.045,4342.725,,50.725662313618145,52.098117098191835,51.036047998341225,68.69344914286681,33.37864685381564,51.01967206938093,52.28404499667914
2026-09-20T18:15:00-04:00,4379.485,4379.59,4374.72,4375.995,4397.045,4342.725,,49.23573510757204,51.06105575799977,51.13701923544922,68.7062177975535,33.56782067334493,49.64687171939428,51.32877922713584
2026-09-20T18:30:00-04:00,4375.84,4377.86,4374.44,4374.495,4397.045,4342.725,,46.04903682836644,50.546005707610945,51.11939057753334,68.70345953356764,33.53532162149904,46.72844756041116,50.85252896906555
2026-09-20T18:45:00-04:00,4374.58,4376.855,4373.655,4373.795,4397.045,4342.725,,44.74810256978077,49.1842839671063,51.16683768079301,68.6969487109567,33.63672665062931,45.53172191557917,49.603359082425655
2026-09-20T19:00:00-04:00,4373.805,4374.875,4370.95,4372.965,4397.045,4342.725,,43.810001266299054,47.75669812935223,51.42429705813328,68.47146632444144,34.37712779182512,44.66993063855749,48.293594855115224
2026-09-20T19:15:00-04:00,4372.96,4374.805,4371.695,4374.135,4397.045,4342.725,,44.268806642848375,46.6306658623508,51.7967844619064,68.10097926717113,35.49258965664167,45.05881638478902,47.25128083163109
2026-09-20T19:30:00-04:00,4374.14,4376.185,4370.89,4370.975,4397.045,4342.725,,43.1743924634782,45.372687621067264,51.985958324840574,67.85881659918797,36.11310005049317,44.02561789042337,46.08617007652181
2026-09-20T19:45:00-04:00,4370.975,4373.345,4368.855,4372.785,4397.045,4342.725,,42.686334007272876,44.33371491768072,52.3895580615131,67.24539268311689,37.53372343990931,43.531659779476655,45.11184874880131
2026-09-20T20:00:00-04:00,4372.735,4373.105,4363.66,4364.27,4397.045,4342.725,,39.50961972741952,42.59379751245226,52.22824699099644,67.49971033475556,36.95678364723731,40.50352185227912,43.47378440020321
2026-09-20T20:15:00-04:00,4364.37,4369.735,4358.405,4368.105,4397.045,4342.725,,37.847917878899636,41.99053807497593,52.260615643160264,67.46614823163962,37.05508305468091,38.862949843534054,42.86456368683641
2026-09-20T20:30:00-04:00,4368.18,4376.12,4366.08,4369.37,4397.045,4342.725,,41.91473917297476,41.78426511336483,52.36460073139142,67.36821543742428,37.36098602535856,42.53141952054679,42.61655514447967
2026-09-20T20:45:00-04:00,4369.33,4370.87,4362.295,4366.885,4397.045,4342.725,,41.48400836566576,41.325968674794986,52.27080053965954,67.44764667869956,37.09395440061952,42.11037073350911,42.133260856822595
2026-09-20T21:00:00-04:00,4366.9,4380.64,4366.605,4380.63,4397.045,4342.725,,48.50780039010753,42.9954061840103,52.702809265212885,67.6618813455357,37.743737184890065,48.587853476886025,43.624851456507386
2026-09-20T21:15:00-04:00,4380.64,4383.385,4374.54,4375.14,4397.045,4342.725,,53.843659075484645,44.37433056393969,52.90313702813202,67.66969386214008,38.13658019412397,53.50220704829084,44.840857759070445
2026-09-20T21:30:00-04:00,4375.145,4380.69,4373.855,4379.405,4397.045,4358.405,,52.81568214103609,45.8895056507998,53.07410640592243,67.80970286849042,38.33850994335444,52.572947064894095,46.208076395198084
2026-09-20T21:45:00-04:00,4379.39,4383.03,4375.475,4377.44,4397.045,4358.405,,53.77568896839279,48.4503503470749,52.84844689772473,67.44090050503445,38.255993290415006,53.48625473276934,48.550210010639084
2026-09-20T22:00:00-04:00,4377.54,4377.8,4368.57,4369.03,4397.045,4358.405,,48.54862332761508,48.9468500647185,52.372280621212745,66.97279255514623,37.77176868727926,48.609872834220184,48.99291153539413
2026-09-20T22:15:00-04:00,4369.015,4370.085,4361.28,4369.785,4397.045,4358.405,,44.838409584422166,49.28568475034559,51.83710417105777,66.22006062748085,37.45414771463469,45.13988188584662,49.29548497215332
2026-09-20T22:30:00-04:00,4369.78,4372.64,4364.22,4366.605,4383.385,4358.405,,43.80498411607636,49.609985993407236,51.170483427312476,65.28589482880048,37.05507202582448,44.16637748854786,49.58034203683377
2026-09-20T22:45:00-04:00,4366.625,4370.38,4363.06,4363.91,4383.385,4358.405,,41.17724275925188,47.19123971295826,50.41020039595706,64.22115451453232,36.5992462773818,41.69849051288153,47.32709555386633
2026-09-20T23:00:00-04:00,4363.815,4367.02,4359.15,4363.42,4383.385,4358.405,,39.78349677392498,45.59279676439019,49.53473919111362,62.581078138436055,36.48840024379119,40.387753435679436,45.833355290373376
2026-09-20T23:15:00-04:00,4363.43,4365.465,4359.17,4360.145,4383.385,4358.405,,38.1283473553217,42.99485834561129,48.583272529191895,60.88108192376915,36.28546313461464,38.83164807535349,43.401010128283296
2026-09-20T23:30:00-04:00,4360.13,4368.27,4359.605,4367.44,4383.385,4358.405,,41.415118830229105,42.061205296343424,47.94309212893084,58.981858034702384,36.9043262231593,41.82535237711717,42.501668903044184
2026-09-20T23:45:00-04:00,4367.495,4368.235,4358.03,4359.115,4383.385,4358.405,4362.733375,42.54619277522836,41.279878187786515,47.15418490719796,57.25142883549357,37.05694097890235,42.80262397764364,41.74179616926143
2026-09-21T00:00:00-04:00,4359.125,4361.395,4356.22,4360.3,4383.385,4358.405,4362.733375,39.66806438227178,40.583963810014744,46.73738570979586,56.77781118745173,36.696960232139986,40.09623508364898,41.060626959559144
2026-09-21T00:15:00-04:00,4360.31,4365.585,4359.565,4361.495,4383.385,4358.405,,41.12907443746979,40.51533256532749,46.33314246872152,56.13762544112495,36.528659496318085,41.44640134836873,40.96466012921025
2026-09-21T00:30:00-04:00,4361.51,4363.385,4358.03,4361.96,4383.385,4358.405,,42.17693784333682,40.86959097689616,45.89172308238634,55.228440077101894,36.55500608767079,42.41265576269156,41.26467417379058
2026-09-21T00:45:00-04:00,4361.97,4362.495,4355.28,4355.975,4383.385,4358.405,,39.78437105348955,40.5155823594888,45.41566613583411,54.81519971846742,36.0161325532008,40.1769188220608,40.90442166817635
2026-09-21T01:00:00-04:00,4355.955,4357.455,4352.855,4356.01,4383.385,4358.405,,37.114104470399226,40.579807295489736,44.914208111444324,54.24371400599123,35.58470221689742,37.68557095733777,40.937223568643226
2026-09-21T01:15:00-04:00,4356.045,4361.27,4354.015,4357.635,4383.385,4358.405,,38.360053665776206,39.64270659821654,44.64382066350333,54.018895645812925,35.26874568119373,38.8218464030508,40.04627710415739
2026-09-21T01:30:00-04:00,4357.69,4362.145,4352.045,4354.64,4383.385,4358.405,,38.156514784680304,39.32561358390458,44.14007346125447,53.38702322059776,34.89312370191117,38.612348739342096,39.74000207198565
2026-09-21T01:45:00-04:00,4354.68,4356.11,4349.205,4350.845,4383.385,4358.405,,35.08107927018048,38.332139423333324,43.556085456443085,52.88381591045596,34.22835500243021,35.74406135471162,38.80279889588957
2026-09-21T02:00:00-04:00,4350.84,4355.865,4349.405,4353.28,4383.385,4358.405,,35.3876180664368,37.68519747789516,43.091905699898234,52.166912567466014,34.016898832330455,35.98094895242653,38.17844424457358
2026-09-21T02:15:00-04:00,4353.285,4354.655,4346.29,4347.385,4383.385,4358.405,,34.84986663194131,36.23869050579175,42.575581773470475,51.90078632655893,33.25037722038202,35.42647702206066,36.80674782713788
2026-09-21T02:30:00-04:00,4347.36,4354.12,4347.335,4351.915,4383.385,4358.405,,35.7406460567191,36.52984747881789,42.210434155374756,51.228879691135276,33.191988619614236,36.19782592449139,37.04156055955376
2026-09-21T02:45:00-04:00,4351.905,4354.845,4350.335,4353.39,4383.385,4358.405,,40.16515993847986,37.110420639529075,42.042018528229754,50.9650456887552,33.11899136770431,40.26364022530948,37.54333904655838
2026-09-21T03:00:00-04:00,4353.395,4356.175,4345.775,4353.14,4383.385,4358.405,,41.075154083647966,37.30559045535268,41.91785281745014,50.80150562018424,33.03420001471604,41.10310862507474,37.693349765846314
2026-09-21T03:15:00-04:00,4353.135,4355.835,4347.11,4350.675,4383.385,4358.405,,39.67056995708599,37.54300783164498,41.74334013924771,50.65112849096283,32.83555178753258,39.81051925825196,37.885673480532624
2026-09-21T03:30:00-04:00,4350.685,4355.11,4342.04,4347.26,4383.385,4358.405,,36.75171589109341,37.78291520418494,41.5026595600851,50.5802681343178,32.4250509858524,37.114111140615314,38.084792561818794
2026-09-21T03:45:00-04:00,4347.23,4350.015,4344.13,4344.28,4383.385,4358.405,,33.79559189402245,37.08814321095516,41.12726868343442,50.46665068707013,31.787886679798717,34.36561178069637,37.42414857432401
2026-09-21T04:00:00-04:00,4344.21,4353.345,4343.495,4350.455,4383.385,4358.405,,37.33726597120529,38.49360072968893,41.1592991781867,50.50321485019131,31.815383506182084,37.59562540261969,38.70454924197852
2026-09-21T04:15:00-04:00,4350.555,4355.435,4349.945,4353.095,4356.175,4358.405,,43.99766494123276,39.44729146367335,41.20440579719677,50.596932173127904,31.811879421265637,43.72784406600046,39.57558232904089
2026-09-21T04:30:00-04:00,4353.09,4357.655,4350.895,4357.465,4356.175,4358.405,,48.53195552305252,40.884113753852546,41.690024813223935,51.29129774996036,32.088751876487514,47.95453923840447,40.90194896000566
2026-09-21T04:45:00-04:00,4357.455,4357.51,4349.84,4353.285,4356.175,4342.04,,48.83905465929373,41.665548771000715,41.850943254867005,51.535747302916,32.16613920681801,48.28813903040532,41.628448159135345
2026-09-21T05:00:00-04:00,4353.255,4354.015,4349.555,4353.92,4356.175,4342.04,,46.827252198259856,42.928880108473656,41.978996167652475,51.77214661357171,32.185845721733244,46.452483017590524,42.79965289124526
2026-09-21T05:15:00-04:00,4353.87,4354.925,4346.645,4346.655,4356.175,4342.04,,43.46968810386082,43.58496940321997,41.967747945349075,51.767155547664984,32.168340343033165,43.35518301005613,43.411611550404146
2026-09-21T05:30:00-04:00,4346.625,4347.985,4340.1,4347.745,4356.175,4342.04,,40.463822654050716,44.83408889705316,41.505821006707954,50.3523308084944,32.65931120492151,40.58073593424153,44.57540264940102
2026-09-21T05:45:00-04:00,4347.71,4348.61,4343.42,4345.695,4357.655,4342.04,,40.216336660471626,44.407561028724636,41.166140744465956,49.638049810780316,32.694231678151596,40.349757042368985,44.19850630461823
2026-09-21T06:00:00-04:00,4345.725,4353.62,4345.245,4353.62,4357.655,4342.04,,44.380122206506066,44.943362401416955,41.00961159879442,48.924707495705036,33.09451570188381,44.22326521242918,44.716951548380656
2026-09-21T06:15:00-04:00,4353.635,4356.765,4350.095,4350.87,4357.655,4342.04,,48.06351848337417,44.27372187453083,40.830130715935454,48.21005832113507,33.450203110735835,47.65948453886023,44.114204961891296
2026-09-21T06:30:00-04:00,4350.86,4352.245,4347.895,4348.49,4357.655,4342.04,,45.330864021615966,43.94102221922331,40.820331639618004,48.18832126607366,33.45234201316235,45.138371343530444,43.817017923559256
2026-09-21T06:45:00-04:00,4348.525,4350.745,4342.63,4342.81,4357.655,4340.1,,41.415196303943226,42.727420190440355,40.62876522884845,47.90944085687363,33.34808960082327,41.503022745261184,42.700073455511486
2026-09-21T07:00:00-04:00,4342.785,4348.465,4342.05,4348.325,4357.655,4340.1,,42.20685929260157,43.58021398743495,40.726324297060664,48.123147964698425,33.3295006294229,42.24000367703397,43.498395256981496
2026-09-21T07:15:00-04:00,4348.35,4355.48,4348.35,4353.735,4357.655,4340.1,,48.58632950617235,45.04813643390368,41.06459386102024,49.02182555452654,33.10736216751395,48.204152792853094,44.87819255797193
2026-09-21T07:30:00-04:00,4353.71,4367.35,4352.285,4366.625,4357.655,4340.1,,56.76100570302003,48.307262285305924,41.725001292889786,51.51466434983011,31.93533823594946,55.971741364507324,47.96181934902102
2026-09-21T07:45:00-04:00,4366.65,4371.115,4364.79,4369.15,4357.655,4340.1,,62.85636413661,50.32706269964766,42.51918308344897,53.89503652580931,31.143329641088634,61.80768269061166,49.902311837452636
2026-09-21T08:00:00-04:00,4369.185,4374.94,4362.85,4369.275,4357.655,4340.1,,63.734722416318476,52.784749123290005,43.03791915089504,55.785967601002405,30.28987070078768,62.65716411173507,52.246870655556684
2026-09-21T08:15:00-04:00,4369.3,4371.03,4351.595,4355.61,4357.655,4342.05,,56.82459714704058,53.61098644976898,43.35908922296734,56.18696284570328,30.531215600231402,56.23777396491146,53.07356972927578
2026-09-21T08:30:00-04:00,4355.615,4363.575,4351.31,4363.205,4357.655,4342.05,,52.78036079839433,56.03193897884747,43.80923070478462,57.04005186118617,30.578409548383068,52.53460041153135,55.39874998877673
2026-09-21T08:45:00-04:00,4363.19,4363.855,4353.87,4359.58,4357.655,4342.05,,54.11279557651927,57.01268253088832,44.12283752526437,57.553278949209904,30.69239610131884,53.81501424892589,56.380715606959185
2026-09-21T09:00:00-04:00,4359.565,4364.345,4355.935,4363.15,4357.655,4342.05,,53.888220231086194,57.54676490025143,44.49812966876987,58.25755227786422,30.738707059675523,53.61591743663198,56.944968458427844
2026-09-21T09:15:00-04:00,4363.28,4369.855,4360.855,4364.395,4374.94,4342.05,,55.711257307667,56.71275441793032,45.05971318727481,59.016247619216486,31.10317875533313,55.33907674482149,56.199954287048946
2026-09-21T09:30:00-04:00,4364.38,4364.74,4349.28,4352.975,4374.94,4342.05,,51.320451129834105,54.250789755458314,45.333797119324856,59.11441994399651,31.5531742946532,51.23257373148459,53.9235087558201
2026-09-21T09:45:00-04:00,4353.03,4356.265,4346.02,4346.105,4374.94,4342.05,,44.1035579212755,51.103850276489474,45.39756637877477,59.121087768261674,31.67404498928786,44.449145929398114,50.997663377809815
2026-09-21T10:00:00-04:00,4346.11,4347.215,4322.81,4340.305,4374.94,4342.05,,39.97779832440315,49.437418663276205,45.44093144519091,59.09849018446346,31.783372705918367,40.52919782098612,49.43534414327001
2026-09-21T10:15:00-04:00,4340.28,4343.015,4334.285,4341.55,4374.94,4342.05,,38.80450792307508,47.110749454969685,45.616591593650924,58.96359608146874,32.26958710583311,39.396044602214715,47.243790289433626
2026-09-21T10:30:00-04:00,4341.455,4343.68,4332.095,4332.32,4374.94,4342.05,,36.75259135164909,44.47736031331329,45.52122399137987,59.05124119179833,31.991206790961407,37.42252930653136,44.75177701687157
2026-09-21T10:45:00-04:00,4332.305,4342.78,4332.305,4338.89,4374.94,4342.05,,37.19896644428664,42.34239123016982,45.75477393555359,58.85690106508352,32.652646806023654,37.77331869306552,42.7173335055575
2026-09-21T11:00:00-04:00,4339.09,4350.515,4338.97,4349.445,4374.94,4342.05,,44.49100395408658,41.271573640861746,46.035950926519135,59.02581518135126,33.04608667168701,44.59111960483499,41.68093211973256
2026-09-21T11:15:00-04:00,4349.45,4353.845,4348.415,4350.915,4374.94,4322.81,,49.21973974503099,41.74218797736893,46.28739627711542,59.242545237964165,33.332247316266674,49.03180209105214,42.08854160829107
2026-09-21T11:30:00-04:00,4351.04,4356.105,4348.13,4349.83,4374.94,4322.81,,49.346211728102745,42.769474728526674,46.522483729134116,59.40797165678222,33.63699580148601,49.15572797150648,43.02566984604923
2026-09-21T11:45:00-04:00,4349.9,4354.41,4346.41,4348.085,4374.94,4322.81,,48.262793238310906,44.10932938134257,46.792821176011,59.475138125818006,34.110504226204,48.148664920753475,44.265532208224606
2026-09-21T12:00:00-04:00,4348.12,4355.785,4344.815,4351.595,4374.94,4322.81,,49.076037277001205,45.704197401077,47.24744381065811,59.53075169360451,34.964135927711716,48.90772652698823,45.743293253127376
2026-09-21T12:15:00-04:00,4351.58,4357.105,4349.02,4350.895,4374.94,4322.81,,50.2595169869547,47.96845099142989,47.7612873579482,59.335157161779904,36.18741755411649,50.01304663272933,47.86282287285259
2026-09-21T12:30:00-04:00,4350.875,4352.73,4343.58,4343.91,4374.94,4322.81,,47.055741753796966,48.52041891807995,47.81911885669291,59.33243029251858,36.30580742086724,47.052797991459215,48.39457305266843
2026-09-21T12:45:00-04:00,4343.89,4346.91,4343.005,4343.395,4374.94,4322.81,,43.95616131429571,47.81563880863251,47.75884596812836,59.31337285772171,36.204319078535015,44.18686949008972,47.74732284006823
2026-09-21T13:00:00-04:00,4343.43,4346.935,4341.9,4346.18,4374.94,4322.81,,45.18865553746147,47.36868057306009,47.62245415165814,59.13820737998556,36.10670092333072,45.316263415624405,47.33299057397479
2026-09-21T13:15:00-04:00,4346.175,4346.525,4341.47,4345.895,4374.94,4322.81,,46.49267768208983,47.00034336691453,47.62082379299872,59.137034062378575,36.104613523618866,46.51348611330236,46.99239659486705
2026-09-21T13:30:00-04:00,4345.9,4346.655,4337.55,4340.775,4357.105,4322.81,,44.07403186992465,46.17189161066402,47.460500014697246,59.08663414535691,35.83436588403758,44.288151426974494,46.22998671860936
2026-09-21T13:45:00-04:00,4340.78,4346.235,4339.48,4344.66,4357.105,4322.81,,43.97045255848559,45.54160487591007,47.650280525623714,59.076837208613334,36.223723842634094,44.178829898231996,45.64128327236527
2026-09-21T14:00:00-04:00,4344.715,4351,4344.095,4350.075,4357.105,4322.81,,48.89420386283121,45.78180214662873,47.95640479168433,59.28616588494651,36.62664369842214,48.70155147258391,45.855273815710675
2026-09-21T14:15:00-04:00,4350.17,4352.535,4348.65,4350.185,4357.105,4322.81,,51.68806970608025,46.865127147991004,48.32508835183597,59.42524305828233,37.22493364538962,51.278534203370086,46.84863647576838
2026-09-21T14:30:00-04:00,4350.21,4351.535,4346.15,4347.085,4357.105,4322.81,,50.08987271113499,47.53429111715424,48.29227246842721,59.38710692214152,37.197438014712894,49.82536408630284,47.466272271771565
2026-09-21T14:45:00-04:00,4347.09,4348.855,4345.93,4346.12,4357.105,4337.55,,47.92703391260726,47.64752096946123,48.317059847673214,59.40422720111452,37.229892494231905,47.85694254535543,47.57454479854867
2026-09-21T15:00:00-04:00,4346.115,4346.755,4342.26,4345.685,4357.105,4337.55,,47.17482503568374,47.72919036103821,48.40074076337237,59.43145117510592,37.37003035163882,47.172217577522176,47.65448126154865
2026-09-21T15:15:00-04:00,4345.68,4350.555,4344.91,4348.995,4357.105,4337.55,,48.98943703520328,49.05192244525512,48.76260342010028,59.4717282676637,38.053478572536854,48.82375578227593,48.87043175720623
2026-09-21T15:30:00-04:00,4348.94,4353.795,4347.45,4347.915,4357.105,4337.55,,50.36515665972464,49.55624867567794,48.88064060849726,59.5566955071115,38.20458570988302,50.08167066051928,49.34100719363073
2026-09-21T15:45:00-04:00,4347.93,4348.13,4344.545,4345.085,4357.105,4337.55,,47.93671064290757,48.77835295384836,48.72439054579059,59.39881603645917,38.04996505512201,47.88821163640898,48.638048946870526
2026-09-21T16:00:00-04:00,4345.05,4345.305,4341.465,4341.54,4357.105,4337.55,,44.175831371661516,47.40989486584402,48.14033623606441,58.27669354206856,38.003978930060256,44.47048725987558,47.39585092406087
2026-09-21T16:15:00-04:00,4341.55,4341.76,4340.08,4340.79,4357.105,4337.55,,41.75000580106939,46.39553383668677,47.48284005546467,56.78582691262939,38.17985319829995,42.25457833352398,46.47496730321942
2026-09-21T16:30:00-04:00,4340.775,4342.93,4339.305,4342.085,4357.105,4337.55,,42.373724397102606,45.82323500427126,46.88380694081641,55.03406481696659,38.733549064666235,42.805038228316484,45.95244969062117
2026-09-21T16:45:00-04:00,4342.185,4344.31,4340.715,4343.545,4353.795,4337.55,,44.581138566156895,45.654480559679094,46.76263660953034,54.87430170427203,38.65097151478865,44.78515922175701,45.79295063014366
2026-09-21T18:00:00-04:00,4348.155,4350.755,4346.695,4349.63,4353.795,4337.55,,50.021777964322155,46.118189555448076,46.72153736234158,54.722980011797446,38.72009471288571,49.72555783660277,46.21010742042885
2026-09-21T18:15:00-04:00,4349.64,4353.065,4349.235,4352.74,4353.795,4337.55,,56.123895093060796,47.29983439777514,46.880936581091596,55.311575904248066,38.45029725793513,55.313824795489424,47.287851811563705
2026-09-21T18:30:00-04:00,4352.76,4353.175,4351.53,4352.96,4353.795,4337.55,,58.08454288119895,49.0175701949599,46.96837987117174,55.66125453282193,38.275505209521555,57.13207842996248,48.85121221858698
2026-09-21T18:45:00-04:00,4352.87,4365.215,4352.74,4361.095,4353.795,4339.305,,62.31933039329426,52.483691261098784,47.26964676259908,57.16689168797723,37.372401837220934,61.120054657362516,52.04487106798854
2026-09-21T19:00:00-04:00,4361.195,4366.175,4359.73,4359.86,4353.795,4339.305,,65.3857968930561,55.77065336409896,47.79575315136127,58.73402700488882,36.85747929783371,64.05482908117523,55.079855289344486
2026-09-21T19:15:00-04:00,4359.91,4364.755,4358.315,4360.24,4353.795,4339.305,,64.52998884304334,58.814052531367565,48.471201522703076,60.20518641030452,36.73721663510163,63.294864412853244,57.899107120713325
2026-09-21T19:30:00-04:00,4360.19,4370.77,4358.255,4368.535,4353.795,4339.305,,68.17772587776784,62.51253545313067,49.45457241920625,62.43139444772105,36.477750390691455,66.78430864438897,61.36532655295361
2026-09-21T19:45:00-04:00,4368.53,4370.645,4363.905,4368.54,4353.795,4339.305,,71.6431370038272,64.99158368551187,50.402885586276724,64.40984884155029,36.39592233100316,70.10155948735867,63.72082187807216
2026-09-21T20:00:00-04:00,4368.6,4376.005,4366.98,4370.15,4353.795,4339.305,,72.25174320640167,67.12049205694235,51.54275782242699,66.0745095629839,37.011006081870086,70.69005920186211,65.7585363833458
2026-09-21T20:15:00-04:00,4370.18,4370.18,4358.025,4358.46,4353.795,4339.305,,63.68327431690064,66.59122123856949,51.96078604937167,66.16094179388679,37.76063030485654,62.90740171794711,65.37091424606777
2026-09-21T20:30:00-04:00,4358.43,4359.4,4348.555,4355.58,4353.795,4339.305,,52.791358783365354,64.39821445410551,52.03101398885515,66.20374215634205,37.858285821368256,52.938603630324664,63.42097894704928
2026-09-21T20:45:00-04:00,4355.575,4360.435,4353.42,4360.42,4353.795,4339.305,,53.5913555593272,63.221380857504094,52.21793992080086,66.41848050900677,38.01739933259495,53.67406026325132,62.40498029808951
2026-09-21T21:00:00-04:00,4360.49,4365.195,4353.33,4353.835,4353.795,4339.305,,52.41420858958736,60.93656295311809,52.211484392471895,66.41605486966179,38.00691391528199,52.55670506967474,60.352933420426844
2026-09-21T21:15:00-04:00,4353.83,4358.9,4349.825,4355.935,4376.005,4339.305,,49.835983831518945,57.980883130004415,52.310480543930744,66.46031585168882,38.16064523617267,50.13810906258906,57.64892327471809
2026-09-21T21:30:00-04:00,4355.77,4357.185,4349.28,4349.295,4376.005,4339.305,,47.64718752868407,54.08057738879148,52.12743440727677,66.437809371935,37.817059442618536,48.062984472177675,54.0561977018037
2026-09-21T21:45:00-04:00,4349.16,4351.375,4343.61,4348.6,4376.005,4339.305,,44.02145358467499,49.91508609522536,51.943535637914295,66.42820373653745,37.458867539291134,44.650559754115484,50.20906628964763
2026-09-21T22:00:00-04:00,4348.555,4353.16,4341.75,4342.615,4376.005,4339.305,,41.09745756410548,47.627486887992866,51.7769471020008,66.57555759686176,36.97833660713983,41.87795101087637,48.04778321406921
2026-09-21T22:15:00-04:00,4342.67,4352.465,4339.8,4351.52,4376.005,4339.305,,43.44817900534916,47.24560615864931,51.91365432562332,66.57202611808523,37.255282533161406,43.99582163710106,47.65398572015517
2026-09-21T22:30:00-04:00,4351.6,4356.03,4346.75,4347.05,4376.005,4339.305,,46.4525097000387,45.587816642481876,51.85129146450534,66.57991583469138,37.1226670943193,46.74491334201462,46.068026950858716
2026-09-21T22:45:00-04:00,4347.045,4347.235,4340.52,4344.85,4376.005,4339.305,,43.587325828500056,44.72363965548151,51.742751275412154,66.611259533457,36.874243017367306,44.04156924757874,45.22108977098488
2026-09-21T23:00:00-04:00,4344.855,4346.005,4339.65,4345.585,4376.005,4339.305,,43.09204210826016,43.660976150122224,51.793527360878024,66.58023946337099,37.00681525838506,43.56463526779538,44.18989158091766
2026-09-21T23:15:00-04:00,4345.6,4346.505,4341.52,4346.145,4376.005,4339.305,,43.85110517077226,43.639044696078145,51.73573084084078,66.58979286051218,36.881668821169384,44.26442143754995,44.135786046805535
2026-09-21T23:30:00-04:00,4346.11,4349.38,4341.265,4342.935,4376.005,4339.305,,42.660116280219285,43.27202263456346,51.426816326606726,66.56144647324142,36.29218617997203,43.14615685670135,43.76006218165649
2026-09-21T23:45:00-04:00,4342.985,4344.28,4340.635,4341.825,4376.005,4339.305,,40.6112139476368,43.500117948515665,51.08415109034411,66.53217088882482,35.63613129186339,41.23028588196993,43.950738867117984
2026-09-22T00:00:00-04:00,4341.775,4342.03,4335.075,4338.515,4376.005,4339.305,,38.578481436227634,41.880680471957305,50.749675663376884,66.65407252879109,34.845278797962685,39.324133718290554,42.42529420485349
2026-09-22T00:15:00-04:00,4338.465,4339.665,4335.91,4337.635,4376.005,4339.305,,36.67116550336042,40.70544817803615,50.42204118391783,66.7912422309838,34.052840136851856,37.53377111192085,41.318983944234056
2026-09-22T00:30:00-04:00,4337.64,4341.235,4336.39,4340.34,4376.005,4339.305,,38.384908030869425,40.39427538691998,50.232621721917226,66.80110429389322,33.664139149941235,39.073803291780216,41.005932503196775
2026-09-22T00:45:00-04:00,4340.245,4343.125,4338.945,4342.93,4376.005,4339.305,,42.403778427815695,40.50880141219488,50.034649501130325,66.6797502234843,33.389548778776344,42.72581784133818,41.07932182238914
2026-09-22T01:00:00-04:00,4342.88,4347.485,4340.69,4346.33,4376.005,4339.305,,46.64471234910596,41.19244886644389,50.01377205658671,66.66115437490468,33.36638973826874,46.60508149031736,41.67469251827317
2026-09-22T01:15:00-04:00,4346.215,4346.755,4322.97,4332.075,4376.005,4339.305,4343.614274999999,42.23042330736572,40.38603199137957,49.69898554021609,66.78726780868641,32.61070327174578,42.455801214485206,40.88207735318452
2026-09-22T01:30:00-04:00,4331.96,4333.315,4316.24,4320.835,4376.005,4339.305,,32.10670969591216,38.76259050880828,49.303823722719095,67.22336222825186,31.384285217186324,32.918830431887415,39.299990961106744
2026-09-22T01:45:00-04:00,4320.785,4333.295,4319.89,4323.75,4376.005,4339.305,,30.537442966334694,38.088592428553014,49.03942302052582,67.42932943461187,30.649516606439764,31.349681995315837,38.603662575191755
2026-09-22T02:00:00-04:00,4323.775,4324.45,4315.28,4319.81,4376.005,4339.305,,31.227864243408042,37.207361577393314,48.64818489014883,67.69965844128777,29.596711339009904,31.956101906115595,37.70637118801953
2026-09-22T02:15:00-04:00,4319.805,4321.045,4315.905,4318.285,4347.485,4339.305,,29.68359703065621,35.60250357134924,48.163097047849305,67.92823244220125,28.397961653497365,30.474444641379396,36.14670296079152
2026-09-22T02:30:00-04:00,4318.28,4320.94,4315.58,4320.33,4347.485,4339.305,,30.651325231309848,33.84951780696307,47.50874649408929,67.67466603233068,27.342826955847897,31.350765884046364,34.45635634307901
2026-09-22T02:45:00-04:00,4320.3,4321.84,4315.375,4318.53,4347.485,4339.305,,31.46404978118278,31.265171409085475,46.71251791185649,67.15480515723043,26.270230666482544,32.085826652986185,31.99834443583975
2026-09-22T03:00:00-04:00,4318.55,4323.16,4315.185,4320.42,4347.485,4339.305,,32.25035137983478,30.99806868481138,45.98908817047963,66.4717720572429,25.50640428371637,32.791206280141964,31.695043504695228
2026-09-22T03:15:00-04:00,4320.39,4324.415,4315.23,4315.495,4347.485,4339.305,,31.929074168179525,31.21441840116186,44.924855780967384,65.01217266882242,24.83753889311236,32.45834306895634,31.866776617859443
2026-09-22T03:30:00-04:00,4315.49,4315.76,4308.895,4310.96,4347.485,4339.305,,28.86552835857198,30.520378796879168,43.84083708021586,63.710020209245414,23.971653951186312,29.5649927508267,31.185132291984043
2026-09-22T03:45:00-04:00,4311.005,4316.04,4299.595,4301.12,4347.485,4339.305,,25.066783116015905,29.45410950762125,42.60349073820107,62.39796939748301,22.809012078919128,25.925912566596754,30.143865377996917
2026-09-22T04:00:00-04:00,4301.095,4312.08,4299.18,4303.815,4347.485,4339.305,,24.566427614501343,29.058330392263493,41.27546659414137,59.77533881107638,22.77559437720636,25.36712669920153,29.725898594218936
2026-09-22T04:15:00-04:00,4303.965,4307.04,4297.85,4301.265,4347.485,4339.305,,25.846549285523253,28.081316380253657,39.90957381359495,56.826944291356256,22.992203335833654,26.52801794678336,28.765937395921775
2026-09-22T04:30:00-04:00,4301.28,4321.93,4291.495,4320.365,4347.485,4339.305,,35.76128613718018,30.286112208262754,39.128969119481276,53.41610451519056,24.84183372377199,35.80876649626814,30.789595692299493
2026-09-22T04:45:00-04:00,4320.62,4335.56,4315.86,4330.155,4347.485,4339.305,,49.95507341092913,33.13980838913776,39.10203258383192,53.31521752561349,24.88884764205035,49.190970507848654,33.451584318123686
2026-09-22T05:00:00-04:00,4330.13,4331.19,4316.83,4318.44,4347.485,4339.305,,49.58842391948595,35.33164070863602,38.940561186311896,52.873977100479394,25.0071452721444,48.93750401735127,35.4979273918409
2026-09-22T05:15:00-04:00,4318.43,4323.99,4314.325,4314.61,4347.485,4339.305,,44.43913935200608,37.58941153011893,38.56366692457774,51.69839180255879,25.428942046596692,44.11926377954308,37.60994746918551
2026-09-22T05:30:00-04:00,4314.67,4320.615,4312.06,4320.33,4347.485,4339.305,,45.42580425329403,41.14850389071548,38.52947857829464,51.598633378754556,25.46032377783473,45.06939116867319,40.96749270671989
2026-09-22T05:45:00-04:00,4320.28,4338.02,4318.88,4336.63,4347.485,4291.495,,52.498413081564664,45.56997880642274,38.72028040987455,52.37192172494899,25.068639094800105,51.83718077557697,45.17282006243563
2026-09-22T06:00:00-04:00,4336.625,4338.125,4328.895,4330.78,4347.485,4291.495,,55.478551286846056,49.614790176807716,38.99014703465712,53.15391635155453,24.826377717759712,54.74561159496351,49.02966232048565
2026-09-22T06:15:00-04:00,4330.93,4332.32,4328.465,4329.7,4347.485,4291.495,,53.15790480359678,50.54044128254177,39.25771871686995,53.866068923759634,24.64936850998027,52.576356110389625,49.96355995218463
2026-09-22T06:30:00-04:00,4329.71,4334.19,4327.875,4331.195,4347.485,4291.495,,53.26474091675152,50.56040946418553,39.705869584812774,54.83776353196375,24.573975637661796,52.684200431433716,50.02772801293852
2026-09-22T06:45:00-04:00,4331.22,4331.52,4321.815,4321.86,4347.485,4291.495,,50.55919032741319,50.817803113378126,39.67601350052078,54.765450424996196,24.586576576045367,50.17459479665357,50.31701446055672
2026-09-22T07:00:00-04:00,4321.85,4323.46,4308.985,4315.285,4347.485,4291.495,,45.427892876650915,50.842910471226915,39.64559800696643,54.71217767445584,24.579018339477024,45.38416118548925,50.38912727178029
2026-09-22T07:15:00-04:00,4315.135,4318.605,4312.1,4317.855,4338.125,4291.495,,44.42527194413824,50.53193673933361,39.7253044484995,54.85191879141098,24.59869010558802,44.442535765685456,50.13791291684594
2026-09-22T07:30:00-04:00,4317.8,4320.34,4313.695,4317.7,4338.125,4291.495,,45.33115899320281,48.79512358883782,39.77731076490424,54.94570747464064,24.608914055167844,45.29085930616321,48.51874970909064
2026-09-22T07:45:00-04:00,4317.725,4323.57,4316.75,4322.77,4338.125,4291.495,,47.26376563585864,48.184855124765775,39.92604918173988,55.2698016916745,24.582296671805253,47.09236830873344,47.95127197792307
2026-09-22T08:00:00-04:00,4322.8,4326.865,4320.41,4324.135,4338.125,4291.495,,49.77166190017017,47.82762561643021,40.195636977842526,55.79740367987649,24.593870275808563,49.43053731735239,47.61994433965144
2026-09-22T08:15:00-04:00,4324.165,4342.37,4322.92,4337.15,4338.125,4308.985,,54.674338639547,48.587597331278765,40.75329181067577,57.184767276191735,24.321816345159807,54.043548013109884,48.33965700125912
2026-09-22T08:30:00-04:00,4337.165,4344.035,4332.03,4332.045,4338.125,4308.985,,56.99570205715871,49.666628967786075,41.27900289672083,58.123206417373424,24.43479937606824,56.27520956656119,49.36297713105362
2026-09-22T08:45:00-04:00,4332.04,4337.325,4330.78,4333.87,4338.125,4308.985,,55.531304331697754,51.47428631843501,41.862711741754445,59.122007551363616,24.603415932145275,54.94100878153435,51.07018488584344
2026-09-22T09:00:00-04:00,4333.865,4342.125,4330.48,4340.56,4338.125,4308.985,,58.19478837857504,53.600776520482306,42.444289975997634,60.41505167618908,24.473528275806192,57.454868988879,53.08078662339462
2026-09-22T09:15:00-04:00,4340.57,4342.82,4329.67,4330.605,4338.125,4308.985,,56.28528505509686,54.6040366218333,42.679270955123926,60.84583176391433,24.512710146333518,55.74239661168708,54.0563384017074
2026-09-22T09:30:00-04:00,4330.59,4343.09,4327.765,4341.325,4338.125,4308.985,,55.488835973554046,55.95079661696671,42.96453254214164,61.57815876205921,24.35090632222407,55.075652400768845,55.36172493540475
2026-09-22T09:45:00-04:00,4341.28,4344.285,4330.07,4333.63,4338.125,4308.985,,55.91365238854354,56.35889104708285,43.484166783428506,62.17773118526338,24.790602381593626,55.51387667181149,55.79443536012428
2026-09-22T10:00:00-04:00,4333.6,4338.55,4327.465,4333.72,4338.125,4308.985,,53.18147339222438,55.52426368916025,44.204224524277656,62.60532506120761,25.8031239873477,52.97572248324188,55.05663192687103
2026-09-22T10:15:00-04:00,4333.715,4334.345,4325.33,4328.065,4338.125,4308.985,,51.21478708710172,54.707201055637995,44.70048114347362,62.84056514118873,26.560397145758497,51.14885931687067,54.32976386021271
2026-09-22T10:30:00-04:00,4328.01,4333.63,4315.015,4320.16,4338.125,4308.985,,46.71101956660638,53.00418232770557,45.114998366818725,62.78492108702724,27.445075646610206,46.948477149386406,52.77305146054305
2026-09-22T10:45:00-04:00,4320.23,4328.84,4317.695,4328.015,4338.125,4308.985,,46.96106741771527,51.49756649539234,45.71680293094768,62.849847051355084,28.583758810540274,47.162958422613286,51.38921798413679
2026-09-22T11:00:00-04:00,4327.965,4340.505,4325.665,4336.23,4344.285,4308.985,,52.25345340862009,51.85223042871222,46.38571178901344,63.24699990057969,29.524423677447196,52.09630277291729,51.73131036375168
2026-09-22T11:15:00-04:00,4336.245,4340.78,4332.075,4332.21,4344.285,4308.985,,53.397535215630825,50.90005199312857,47.00700795650344,63.35370225214534,30.66031366086155,53.17794047215793,50.84701457596225
2026-09-22T11:30:00-04:00,4332.26,4333.04,4327.5,4327.96,4344.285,4308.985,,50.58112351567678,50.328650750750285,47.4639925028865,63.37648294808801,31.55150205768499,50.56069170902266,50.31611466009773
2026-09-22T11:45:00-04:00,4327.92,4332.175,4325.39,4331.28,4344.285,4315.015,,50.28228910749188,50.07171362606214,48.086608835286526,63.27015955971473,32.903058110858325,50.28076842790041,50.07702770300754
2026-09-22T12:00:00-04:00,4331.305,4332.505,4322.68,4323.915,4344.285,4315.015,,48.9329361381146,49.67669333675396,48.6444282546243,62.688768174311676,34.60008833493693,49.025169658335344,49.7093461862305
2026-09-22T12:15:00-04:00,4323.92,4327.485,4323.46,4326.845,4344.285,4315.015,,47.52294656163383,50.30369276749855,49.40755962620523,61.39235053413476,37.42276871827569,47.70835715836469,50.29413627700133
2026-09-22T12:30:00-04:00,4326.835,4332.465,4326.265,4332.155,4340.78,4315.015,,50.45758306341801,50.675697806954744,50.16743739867823,60.28215339029177,40.052721407064695,50.42333857875508,50.64088337369958
2026-09-22T12:45:00-04:00,4332.215,4341.855,4331.15,4336.26,4340.78,4315.015,,53.69107321686292,50.71444128413936,51.04547279863697,58.40211940942581,43.688826187848136,53.422976729380736,50.67318597884803
2026-09-22T13:00:00-04:00,4336.265,4341.14,4334.675,4338.075,4340.78,4315.015,,55.65842383271453,51.321665983264374,51.33785726312142,58.70457948888347,43.971135037359375,55.25277434129885,51.23369305059698
2026-09-22T13:15:00-04:00,4338.09,4340.36,4335.655,4339.48,4340.78,4315.015,,56.738521997807,52.473697993319426,51.44449918610037,58.96189178990897,43.92710658229178,56.256899537899365,52.30067392995566
2026-09-22T13:30:00-04:00,4339.475,4340.28,4335.095,4338.835,4340.78,4315.015,,56.909433301734744,53.215135753048045,51.76850487384194,59.22766937064568,44.309340377038204,56.42247265361084,52.988465686514246
2026-09-22T13:45:00-04:00,4338.88,4353.065,4338.36,4350.95,4340.78,4315.015,,60.50614988488044,55.78033049239538,52.38961745274004,60.22607559144868,44.553159314031404,59.79062127339634,55.37651724854451
2026-09-22T14:00:00-04:00,4350.955,4360.28,4347.59,4358.375,4340.78,4315.015,,66.31074526655371,58.58307824016801,52.99703081579838,61.82473766305619,44.169323968540574,65.24701043404,57.99950947956433
2026-09-22T14:15:00-04:00,4358.385,4360.665,4354.01,4356.385,4340.78,4315.015,,67.18488212710966,60.55955879630728,53.25352739659563,62.71844014149984,43.78861465169142,66.1247694346699,59.86264035023445
2026-09-22T14:30:00-04:00,4356.405,4357.055,4348.77,4350.395,4340.78,4315.015,,63.206670132899184,61.30182021617838,53.45162604203681,63.108318595950536,43.79493348812308,62.50265384990237,60.593702942570516
2026-09-22T14:45:00-04:00,4350.47,4354.41,4350.405,4353.48,4340.78,4315.015,,61.196506998027104,62.14186827211087,53.72638634920918,63.66802347861113,43.784749219807225,60.69122873138103,61.416484461686494
2026-09-22T15:00:00-04:00,4353.51,4359.32,4353.355,4358.28,4340.78,4315.015,,63.54115990622678,63.245431047155456,54.05612127671181,64.46018273587808,43.65205981754555,62.884534853080325,62.487313032622204
2026-09-22T15:15:00-04:00,4358.275,4361.515,4356.41,4359.895,4340.78,4315.015,,65.40361395776692,64.56877703097722,54.599587739229975,65.31341535557432,43.88576012288562,64.6306089384544,63.76166625735608
2026-09-22T15:30:00-04:00,4359.915,4371.38,4359.85,4369.445,4340.78,4315.015,,68.32377051013258,65.47903694008464,55.40293760809309,66.52633712269973,44.27953809348645,67.39328456751352,64.65950254522711
2026-09-22T15:45:00-04:00,4369.49,4370.735,4363.495,4364,4340.78,4315.015,,67.89063251158201,65.0201733866996,55.97990306672667,67.03490774034182,44.92489839311152,67.08425732430243,64.2865939402882
2026-09-22T16:00:00-04:00,4364.01,4364.66,4358.555,4359.44,4340.78,4315.015,,62.754520940100804,64.21321945808212,56.427841252028266,67.12599288101984,45.72968962303669,62.38586664707391,63.59124460591397
2026-09-22T16:15:00-04:00,4359.445,4360.72,4358.31,4359.655,4340.78,4315.015,,60.58040495366359,64.269811906918,56.76323479130343,67.32522453837232,46.20124504423454,60.390686021402125,63.683174560716694
2026-09-22T16:30:00-04:00,4359.61,4360.215,4357.45,4358.66,4340.78,4315.015,,60.1248239511369,63.90702430182778,57.036850784438066,67.46555857187238,46.60814299700375,59.97528790052893,63.38669008281337
2026-09-22T16:45:00-04:00,4358.565,4360.09,4357.66,4358.54,4371.38,4315.015,,59.53261937966655,63.12451461361508,57.049016011310464,67.48449196946017,46.61354005316076,59.434554647769914,62.69746593062801
2026-09-22T18:00:00-04:00,4363.61,4364.735,4361.395,4364.38,4371.38,4315.015,,61.62029931931839,62.82607726227105,57.30888591750629,67.88551708612239,46.732254748890185,61.349618732552365,62.449264309698506
2026-09-22T18:15:00-04:00,4364.39,4365.455,4362.57,4364.665,4371.38,4315.015,,63.876471751658656,61.85385782547967,57.539908212484626,68.26573785009761,46.81407857487165,63.41913446228121,61.56199447199021
2026-09-22T18:30:00-04:00,4364.705,4365.245,4362.82,4362.98,4371.38,4315.015,,62.872021850066886,61.39218850183816,57.584017298182275,68.34699682991658,46.82103776644797,62.51612706041833,61.14408423430306
2026-09-22T18:45:00-04:00,4362.935,4363.13,4360.555,4362.325,4371.38,4315.015,,61.323243713203965,61.44492147493771,57.83625872178505,68.53037706166185,47.14214038190824,61.12108936524493,61.20062953432478
2026-09-22T19:00:00-04:00,4362.345,4364.415,4360.67,4361.505,4371.38,4315.015,,60.299161565183724,61.31183324798677,57.866977627101676,68.57120674761497,47.162748506588386,60.200824664537805,61.08983813234182
2026-09-22T19:15:00-04:00,4361.545,4365.6,4360.495,4363.765,4371.38,4315.015,,60.804075983971096,61.63899348431891,58.12393069798667,68.79833328043898,47.44952811553437,60.657288890726754,61.39548696009559
2026-09-22T19:30:00-04:00,4363.755,4364.83,4360.77,4363.865,4371.38,4315.015,,61.939108825655836,61.99940166112656,58.38213265259764,69.01499952072069,47.749265784474595,61.67950699963423,61.731253090017326
2026-09-22T19:45:00-04:00,4363.875,4365.735,4358.445,4364.035,4371.38,4315.015,,62.07803169317559,61.76977416256382,58.76294508657924,69.12223593362005,48.40365423953845,61.804211421941844,61.525370585635436
2026-09-22T20:00:00-04:00,4364.01,4369.56,4361.865,4366.025,4371.38,4315.015,,63.23720245159865,61.81675328968076,59.35426105759718,68.96836952427245,49.740152590921916,62.84393988843942,61.5669117832054
2026-09-22T20:15:00-04:00,4365.925,4366.61,4358.855,4358.96,4371.38,4315.015,,58.56409846883299,60.538938910782626,59.44547632488029,68.85538629341298,50.035566356347594,58.654649611589704,60.422091314541554
2026-09-22T20:30:00-04:00,4358.845,4361.915,4355.255,4359.33,4371.38,4315.015,,53.05825119563107,59.455326856088504,59.401602103891946,68.87702824053193,49.92617596725197,53.71578615724525,59.45111086663406
2026-09-22T20:45:00-04:00,4359.345,4360.9,4356.445,4357.63,4371.38,4315.015,,52.02765741766491,58.175652011491536,59.364895277941116,68.92114714541904,49.8086434104632,52.77349741229648,58.29999781390118
2026-09-22T21:00:00-04:00,4357.58,4359.365,4346.44,4349.69,4371.38,4315.015,,45.83792857597339,55.17928473951773,59.12259063685057,69.58011491307954,48.66506636062159,47.0559281916028,55.56500780974151
2026-09-22T21:15:00-04:00,4349.635,4349.635,4342.705,4343.72,4369.56,4315.015,,38.12440116988904,51.37144982412959,58.64972539925859,70.80678351465282,46.492667283864364,39.828625128220644,52.056888707783
2026-09-22T21:30:00-04:00,4343.62,4346.36,4341.69,4344.905,4369.56,4315.015,,36.25490324401713,47.80124803975817,58.3768239960213,71.4790151213373,45.274632870705304,37.986339327533884,48.75990149705351
2026-09-22T21:45:00-04:00,4344.9,4346.71,4338.97,4341.395,4369.56,4315.015,,35.61889023279349,43.480503475899546,57.949486791679746,72.4188741586824,43.4800994246771,37.31543528767973,44.763030250423085
2026-09-22T22:00:00-04:00,4341.205,4341.36,4337.275,4337.29,4369.56,4315.015,,32.426873453945554,40.33346946407605,57.31619401899351,73.52410128477054,41.108286753216476,34.24509069394378,41.78574180629754
2026-09-22T22:15:00-04:00,4337.355,4339.78,4334.61,4338.33,4369.56,4315.015,,31.680491794934042,37.372572218557536,56.65474670803687,74.2144494694077,39.095043946666046,33.45628480509268,38.97460129266521
2026-09-22T22:30:00-04:00,4338.415,4338.905,4333.565,4337.265,4369.56,4315.015,,32.11778399216204,34.644934199646656,55.93145049896101,74.77467015678508,37.08823084113695,33.814911265794024,36.369002907296824
2026-09-22T22:45:00-04:00,4337.26,4338.125,4333.41,4334.15,4369.56,4315.015,,30.39007658384658,32.95890022080702,55.104838154274496,75.31775566287904,34.891920645669956,32.15206952498923,34.71635595934704
2026-09-22T23:00:00-04:00,4334.215,4339.73,4333.32,4339,4369.56,4315.015,,33.35714499590017,33.28286100707841,54.546021775088384,75.31081832574772,33.78122522442905,34.72092342419974,34.90965956329085
2026-09-22T23:15:00-04:00,4338.95,4340.515,4335.875,4338.145,4369.56,4315.015,,37.18079572738349,33.22344093034027,53.732758497951146,74.85897639070035,32.60654060520194,38.12606925326591,34.75627879527048
2026-09-22T23:30:00-04:00,4338.15,4341.715,4337.23,4341.43,4369.56,4315.015,,39.45233642199406,34.378131346850004,52.966115372467236,73.91787332071519,32.014357424219284,40.161554399178925,35.722836452290615
2026-09-22T23:45:00-04:00,4341.56,4345.56,4341.515,4342.64,4369.56,4315.015,,43.09460755218653,36.271364958409116,52.31568352295567,73.06630529738122,31.565061748530127,43.452834689891944,37.387062794112815
2026-09-23T00:00:00-04:00,4342.65,4346.82,4342.48,4345.875,4369.56,4315.015,,46.475994174092754,38.60541774089535,51.98195796312569,72.62988927807096,31.33402664818041,46.5300322399669,39.458192862254684
2026-09-23T00:15:00-04:00,4345.895,4347.39,4344.53,4345.585,4369.56,4333.32,,48.702344442506885,41.009810801364786,51.580732784395664,72.04782031958882,31.113645249202513,48.55961223025105,41.599834498243396
2026-09-23T00:30:00-04:00,4345.615,4346.955,4343.445,4344.49,4369.56,4333.32,,47.69519573060661,43.5497374971125,51.04984242338332,71.20177359382389,30.89791125294275,47.64663714315162,43.88521218172965
2026-09-23T00:45:00-04:00,4344.51,4346.84,4343.47,4344.22,4369.56,4333.32,,46.68720416628455,44.81839913576032,50.47976750254376,70.22686317978949,30.732671825298024,46.733643451540516,45.03204022034076
2026-09-23T01:00:00-04:00,4344.14,4345.815,4341.98,4342.34,4369.56,4333.32,,45.0407271742261,45.79543219621039,49.680251638918236,68.6581266094209,30.702376668415564,45.24305572582638,45.918636888175506
2026-09-23T01:15:00-04:00,4342.39,4343.565,4340.345,4341.12,4369.56,4333.32,,42.68916273957009,45.74320665506776,48.99732810419012,67.58955699664146,30.405099211738772,43.10999868052744,45.87445287215462
2026-09-23T01:30:00-04:00,4341.165,4342.295,4328.98,4329.305,4347.39,4333.32,4337.6232899999995,35.41378258110772,43.60091077590216,48.071972911918635,67.14744452344989,28.99650130038738,36.315093409526284,43.87928223664245
2026-09-23T01:45:00-04:00,4329.405,4335.275,4328.055,4334.645,4347.39,4333.32,4337.6232899999995,33.65438439730303,42.07988957598498,47.41344454205126,66.33345408632792,28.4934349977746,34.554731101277156,42.45293826110041
2026-09-23T02:00:00-04:00,4334.625,4336.775,4329.405,4330.745,4347.39,4333.32,4337.6232899999995,36.477941097687214,40.10822410595368,46.68097980289218,65.59076883470392,27.771190771080445,37.07965192700927,40.59929357857337
2026-09-23T02:15:00-04:00,4330.74,4331.205,4326.14,4328.845,4347.39,4333.32,4337.6232899999995,33.883191086389466,38.13360253478009,45.904654642446715,64.817129205594,26.992180079299423,34.62778320570591,38.73326570754449
2026-09-23T02:30:00-04:00,4328.9,4334.84,4328.635,4334.355,4347.39,4333.32,4337.6232899999995,37.36449341722373,37.44459246336487,45.25416769100426,63.51224202995968,26.996093352048845,37.8155291644401,38.05126092511612
2026-09-23T02:45:00-04:00,4334.31,4337.19,4330.205,4331.32,4347.39,4333.32,4337.6232899999995,40.177198895615454,36.74402302660561,44.510579768561826,62.066574370190835,26.954585166932816,40.38918069875596,37.34644427123866
2026-09-23T03:00:00-04:00,4331.3,4332.975,4324.48,4324.755,4347.39,4333.32,4336.283497388596,35.93170614128181,35.51389057813965,43.66944323754632,60.79635933895658,26.542527136136062,36.39578373051668,36.132913796541615
2026-09-23T03:15:00-04:00,4324.78,4328.715,4322.3,4323.875,4347.39,4333.32,4335.4506404322665,32.83064163335667,36.00598275581961,42.83454435210022,59.51707124934947,26.152017454850967,33.46697146523192,36.5326951442974
2026-09-23T03:30:00-04:00,4323.935,4325.24,4319.52,4322.585,4347.39,4333.32,4334.110094687105,31.98562289737591,35.03710157816049,42.00394096296939,58.26661080789603,25.741271118042743,32.66567046147546,35.59318218516969
2026-09-23T03:45:00-04:00,4322.58,4325.6,4318.98,4319.615,4347.39,4333.32,4331.215302209454,30.339067800676297,34.25201895667363,41.04248504720052,56.669861358901514,25.41510873549953,31.103606771417706,34.825253671271234
2026-09-23T04:00:00-04:00,4319.61,4321.465,4317.26,4319.855,4347.39,4333.32,4331.197387765922,29.42326293395398,33.76283639175035,40.09124414581045,54.85774290348426,25.32474538813664,30.226121439172278,34.33556453758865
2026-09-23T04:15:00-04:00,4319.865,4322.75,4317.195,4319,4347.39,4333.32,4330.286110068357,29.294560014751063,31.9463236988243,39.114045536704964,52.80978598703309,25.41830508637684,30.0976423342748,32.620143148366864
2026-09-23T04:30:00-04:00,4318.945,4320.4,4315.985,4316.57,4347.39,4333.32,4327.649137920616,27.958445066188197,30.271763869056844,38.01602312313925,50.13512138204543,25.896924864233064,28.83462816530852,31.034263813746527
2026-09-23T04:45:00-04:00,4316.56,4319.47,4315.51,4318.35,4347.39,4333.32,4327.649137920616,28.84426679332835,29.92134102798045,37.36582014402822,48.897667545913386,25.833972742143054,29.59900947509482,30.678207646817757
2026-09-23T05:00:00-04:00,4318.36,4320.565,4317.345,4320.15,4347.39,4333.32,4327.649137920616,32.555547946167515,30.19316567271708,36.80998175552375,47.45443796666231,26.16552554438519,32.968562326120306,30.891861202571782
2026-09-23T05:15:00-04:00,4320.13,4320.26,4315.735,4317.12,4347.39,4333.32,4327.473865893438,32.87705501986874,30.176035920121258,36.23931412062846,46.22668034642326,26.251947894833656,33.23661680281174,30.841335172913837
2026-09-23T05:30:00-04:00,4317.105,4319.17,4313.34,4316.445,4347.39,4333.32,4326.850518329621,31.030442961746452,30.390701433022837,35.93895318998099,45.94834192978863,25.929564450173352,31.52673171310789,31.012754043054688
2026-09-23T05:45:00-04:00,4316.335,4316.395,4308.44,4314.275,4347.39,4333.32,,29.662702414825155,30.244447200370168,35.74156713503646,45.94853028320193,25.53460398687099,30.254427327875856,30.84942256968629
2026-09-23T06:00:00-04:00,4314.28,4319.035,4313.81,4316.7,4347.39,4333.32,,31.328492152067533,30.971824900827546,35.649164302219255,45.858256594701444,25.44007200973706,31.74207013926267,31.482590558765512
2026-09-23T06:15:00-04:00,4316.55,4317.895,4314.4,4317.735,4347.39,4333.32,,35.151956063226116,32.29973605666672,35.71410041917956,45.914585542100745,25.513615296258372,35.215959646150964,32.67266013564127
2026-09-23T06:30:00-04:00,4317.745,4319.07,4314.63,4315.8,4347.39,4333.32,,35.1049252413024,32.760584457391566,35.80669676029907,45.92615629533199,25.68723722526614,35.17152100842097,33.07473671114441
2026-09-23T06:45:00-04:00,4315.775,4316.215,4312.415,4315.68,4347.39,4333.32,,33.867781233313586,32.67465985299417,35.842764503790114,45.9375174900286,25.74801151755163,34.04261907628796,32.97953349283203
2026-09-23T07:00:00-04:00,4315.675,4317.085,4312.835,4315.16,4347.39,4308.44,,33.46095536003668,32.92741312601097,35.885706840762275,45.941748936240494,25.829664745284056,33.672354362194724,33.1992331566824
2026-09-23T07:15:00-04:00,4315.165,4315.895,4303.88,4306.315,4347.39,4308.44,4312.7184099999995,28.705299834711298,32.010333245269834,35.7436599891351,46.13155156936271,25.355768408907476,29.25239694787015,32.32972355990697
2026-09-23T07:30:00-04:00,4306.44,4306.96,4294.62,4304.905,4347.39,4308.44,4312.7184099999995,23.74849287663259,31.237638972241662,35.32049201021713,46.241576527791665,24.39940749264259,24.625492006985528,31.590965922142313
2026-09-23T07:45:00-04:00,4304.865,4310.065,4304.555,4309.63,4347.39,4308.44,4312.7184099999995,28.508735371527507,31.204688450829824,35.23353879173181,46.154513571027934,24.31256401243569,28.967126293910244,31.536882461234846
2026-09-23T08:00:00-04:00,4309.61,4319.225,4309.145,4318.925,4347.39,4308.44,,41.322680053713555,33.00070296952379,35.430512223847686,46.821436033145524,24.039588414549847,40.87341415974861,33.20738149745593
2026-09-23T08:15:00-04:00,4318.945,4318.945,4310.045,4311.245,4347.39,4308.44,,44.71479599720898,33.950365809660276,35.32884399438018,46.556406975140874,24.101281013619488,44.106605556714165,34.08976376074719
2026-09-23T08:30:00-04:00,4311.085,4311.32,4301.955,4303.955,4347.39,4308.44,,37.58400243735304,34.06248045639221,34.90745388639241,45.463578325832245,24.351329446952573,37.462913970313,34.18460861003451
2026-09-23T08:45:00-04:00,4303.975,4310.95,4300.98,4309.835,4347.39,4294.62,,38.32629305064685,35.340462292691754,34.718488030153125,44.77155064329937,24.66542541700688,38.18651812220354,35.37952483503542
2026-09-23T09:00:00-04:00,4309.98,4310.69,4298.12,4302.41,4347.39,4294.62,,39.22323682895822,37.06760531189133,34.40910336276603,43.87511843211581,24.943088293416256,39.049598283768994,36.9838089917199
2026-09-23T09:15:00-04:00,4302.395,4312.425,4301.725,4312.215,4319.225,4294.62,,41.53788989774688,40.42314715586726,34.415587190827374,43.90343071701422,24.927743664640534,41.28534341391919,40.13948237987362
2026-09-23T09:30:00-04:00,4312.245,4313.56,4286.795,4292.635,4319.225,4294.62,4298.88459,40.63308158411273,40.531704229772814,34.14983009275936,43.27875260314972,25.020907582369,40.43986644305657,40.26173474861884
2026-09-23T09:45:00-04:00,4291.395,4291.395,4280.74,4284.02,4319.225,4294.62,4298.88459,32.65897690502264,37.947803399098426,33.8255762593834,42.73996720834418,24.911185310422624,32.84204107255405,37.844804354960885
2026-09-23T10:00:00-04:00,4284.015,4293.49,4282.085,4283.75,4319.225,4294.62,4298.88459,30.696647100943622,36.526518830839855,33.872351535102645,42.73152438042837,25.01317868977692,30.95373963277361,36.503773056064404
2026-09-23T10:15:00-04:00,4283.69,4287.52,4277.815,4280.73,4319.225,4294.62,4298.58206103998,29.977078403544006,35.774396532295846,33.609264142103456,42.46481718867845,24.75371109552846,30.26403421485899,35.78798156768831
2026-09-23T10:30:00-04:00,4280.685,4292.28,4280.42,4286.885,4319.225,4294.62,4298.58206103998,32.3941574513853,34.831622945336555,33.63212896767312,42.497578871782665,24.766679063563572,32.53918360524355,34.89024890836155
2026-09-23T10:45:00-04:00,4286.88,4298.74,4284.19,4294.395,4319.225,4294.62,,38.8054151307301,35.65501890423067,33.89880673294702,43.061719519704766,24.73589394618928,38.612352410684046,35.66305417537833
2026-09-23T11:00:00-04:00,4294.46,4297.47,4289.51,4294.25,4319.225,4294.62,,42.091947089503094,34.989925000124046,33.910214477807195,43.09901186933112,24.72141708628327,41.73331733761142,35.0182414579879
2026-09-23T11:15:00-04:00,4294.24,4295.4,4282.955,4283.46,4319.225,4294.62,,38.93426048078561,35.16964144613721,33.82569270854527,42.932418185486696,24.718967231603845,38.76944619969919,35.18579124870478
2026-09-23T11:30:00-04:00,4283.5,4285.97,4278.83,4284.09,4319.225,4277.815,,36.119678907935416,35.978697000956274,33.92127169937506,43.053229751246036,24.789313647504088,36.128247201266674,35.95715749476294
2026-09-23T11:45:00-04:00,4284.04,4285.33,4277.65,4282.32,4319.225,4277.815,,35.91734619155678,36.661269757740975,34.007263564909984,43.139004347478874,24.875522782341093,35.93969628004051,36.610350290781035
2026-09-23T12:00:00-04:00,4282.28,4284.55,4278.485,4283.285,4319.225,4277.815,,35.93270163986045,37.68030363990382,34.153452801874145,43.280265051205376,25.02664055254291,35.95147173080234,37.58213964217532
2026-09-23T12:15:00-04:00,4283.235,4285.865,4282.195,4285.855,4319.225,4277.815,,37.84688540716102,38.21919203081975,34.448899894703196,43.56908802907989,25.328711760326502,37.73400397817268,38.094584683046506
2026-09-23T12:30:00-04:00,4285.85,4289.845,4284.88,4286.275,4319.225,4277.815,,39.48060453655911,37.87321489871211,34.74506113143916,43.872374791946825,25.61774747093149,39.254208864172995,37.76552720031502
2026-09-23T12:45:00-04:00,4286.255,4287.03,4279.045,4284.975,4319.225,4277.815,,39.213601893381906,37.39680768907084,35.03237294638737,44.071746838701785,25.992999054072953,39.01246876411331,37.31719937633276
2026-09-23T13:00:00-04:00,4285.07,4285.9,4275.715,4279.05,4319.225,4277.815,,36.56411472719282,37.196030397685604,35.25127699385119,44.004025812698075,26.49852817500431,36.5739960051464,37.13825571615707
2026-09-23T13:15:00-04:00,4279.15,4284.145,4276.8,4282.325,4319.225,4277.815,,36.45945263277728,37.49388589616852,35.480325054590246,44.181008933038086,26.779641176142405,36.478461925501804,37.41726072611423
2026-09-23T13:30:00-04:00,4282.28,4289.665,4274.745,4288.23,4319.225,4277.815,,41.8382406581115,38.887714530986955,35.7973177416126,44.885116210029906,26.7095192731953,41.460752567698286,38.71570036977358
2026-09-23T13:45:00-04:00,4288.235,4293.365,4287.095,4293.015,4319.225,4277.815,,47.55783344369789,40.815352125836355,36.34390025599196,46.12656676440068,26.56123374758325,46.796416125449156,40.515816267441885
2026-09-23T14:00:00-04:00,4293.065,4294.94,4288.3,4289.4,4319.225,4277.815,,48.28248981687136,41.869315790904196,36.812144027208184,46.85286506779152,26.77142298662485,47.52268171533895,41.51246543753537
2026-09-23T14:15:00-04:00,4289.385,4291.495,4283.795,4286.12,4319.225,4277.815,,45.19435573276236,42.44785246760871,37.25752692175297,47.20003830175901,27.315015541746934,44.70648949462468,42.07361073328523
2026-09-23T14:30:00-04:00,4286.21,4287.845,4284.25,4284.48,4319.225,4277.815,,43.06199910682004,42.96885785188652,37.50235031866421,47.497408206006405,27.50729243132202,42.75674451906967,42.58225851038004
2026-09-23T14:45:00-04:00,4284.55,4290.755,4282.955,4290.465,4319.225,4274.745,,45.607843962019025,45.03177510613049,37.872579151093724,48.330026823355354,27.415131478832098,45.13488408183863,44.519578755197294
2026-09-23T15:00:00-04:00,4290.47,4293.535,4284.455,4284.545,4319.225,4274.745,,46.22397851556211,45.75872238982504,38.15641227597361,48.66714304306074,27.645681508886476,45.74685557805401,45.23037098253781
2026-09-23T15:15:00-04:00,4284.595,4287.22,4283.25,4286.66,4294.94,4274.745,,44.720454163391096,45.85526467906751,38.51097167639241,49.15244011993326,27.869503232851557,44.3875143043728,45.35579639424715
2026-09-23T15:30:00-04:00,4286.645,4287.31,4281.25,4282.61,4294.94,4274.745,,44.09154349587475,44.76835383330415,38.78174098984644,49.36196081847991,28.201521161212973,43.82423004461177,44.38117495944142
2026-09-23T15:45:00-04:00,4282.62,4287.455,4282.125,4284.38,4294.94,4274.745,,43.343555622831495,44.44414062362755,39.37204554628183,49.23235990592314,29.511731186640525,43.145199621845606,44.105087224677625
2026-09-23T16:00:00-04:00,4284.37,4288.02,4283.55,4285.01,4294.94,4274.745,,44.72487586481748,44.63421672817703,40.01564587150437,48.878385889900926,31.15290585310781,44.4224133703342,44.30001035250128
2026-09-23T16:15:00-04:00,4285.055,4286.035,4282.795,4285.615,4294.94,4274.745,,45.47135477471923,45.13252795731303,40.36984668764605,49.19405431642074,31.545639058871366,45.11033374557149,44.77754128939243
2026-09-23T16:30:00-04:00,4285.69,4286.195,4282.755,4285.585,4294.94,4274.745,,45.83006640233768,44.69770885398237,40.28078624495284,48.917890329076485,31.6436821608292,45.440619529315576,44.3873633374947
2026-09-23T16:45:00-04:00,4285.605,4290.245,4284.915,4287.41,4294.94,4281.25,,47.06388841181446,45.37250221338514,40.508028594387554,49.42035798132641,31.595699207448696,46.56876649637752,45.012372980342
2026-09-23T18:00:00-04:00,4293.19,4294.57,4286.895,4288.23,4294.94,4281.25,,48.8824489572479,45.88685022365575,40.94540074612313,50.021836887469064,31.868964604777194,48.23159884822434,45.48567320716655
2026-09-23T18:15:00-04:00,4288.29,4292.775,4287.04,4288.5,4294.94,4281.25,,49.6469371453371,46.95975754180296,41.17394883525168,50.567941916317636,31.77995575418572,48.93040658708077,46.471280563904564
2026-09-23T18:30:00-04:00,4288.385,4291.345,4287.655,4289.4,4294.94,4281.25,,50.52864008093789,47.93973149740043,41.610424466827816,51.29229752326285,31.928551410392778,49.73315647486066,47.36794659374228
2026-09-23T18:45:00-04:00,4289.29,4291.39,4287.62,4289.51,4294.94,4281.25,,51.301678452664945,48.83884399547366,41.74828933848215,51.70114875520095,31.79542992176336,50.43640621959752,48.18956423512266
2026-09-23T19:00:00-04:00,4289.49,4291.53,4288.865,4291.365,4294.94,4281.25,,52.89111955374483,50.059664291407735,42.331485523865,52.65184364210275,32.01112740562725,51.880984622634855,49.302418272903246
2026-09-23T19:15:00-04:00,4291.355,4293.39,4288.25,4289.055,,,,52.30042154807796,50.68751689425659,42.90366843513247,52.9089279610491,32.89840890921583,51.41199932991991,49.89567274958104