time,open,high,low,close,PlotCandle (Open),PlotCandle (High,PlotCandle (Low),PlotCandle (Close),Bullish Directional Shift,Bearish Directional Shift,Fast EMA,Slow EMA,Trend EMA,Long Signal,Short Signal,Bars In Trade
2026-09-23T03:24:00-04:00,4325.86,4326.48,4325.85,4326.21,4325.86,4326.48,4325.85,4326.21,0,0,4326.410114728562,4326.975968284141,4331.736147630045,0,0,
2026-09-23T03:25:00-04:00,4326.17,4326.27,4324.2,4324.61,4326.17,4326.27,4324.2,4324.61,0,0,4325.810076485708,4326.637972814979,4331.595035795786,0,0,
2026-09-23T03:26:00-04:00,4324.48,4324.58,4323.04,4323.04,4324.48,4324.58,4323.04,4323.04,0,0,4324.886717657138,4326.123976698553,4331.425629146364,0,0,
2026-09-23T03:27:00-04:00,4323.05,4323.97,4322.23,4323.92,4323.05,4323.97,4322.23,4323.92,0,0,4324.564478438092,4325.809122884474,4331.277002826634,0,0,
2026-09-23T03:28:00-04:00,4323.92,4325.35,4323.63,4324.19,4323.92,4325.35,4323.63,4324.19,0,0,4324.4396522920615,4325.577819615263,4331.1366661369975,0,0,
2026-09-23T03:29:00-04:00,4324.18,4324.79,4323.57,4323.87,4324.18,4324.79,4323.57,4323.87,0,0,4324.249768194708,4325.333845384512,4330.992771758047,0,0,
2026-09-23T03:30:00-04:00,4323.87,4324.94,4321.78,4323.15,4323.87,4324.94,4321.78,4323.15,0,0,4323.883178796472,4325.021867472438,4330.837469346996,0,0,
2026-09-23T03:31:00-04:00,4323.21,4324.19,4321.96,4322.27,4323.21,4324.19,4321.96,4322.27,0,0,4323.345452530982,4324.628743547804,4330.66781648864,0,0,
2026-09-23T03:32:00-04:00,4322.21,4322.67,4321.33,4322.25,4322.21,4322.67,4321.33,4322.25,0,0,4322.980301687321,4324.2889230409755,4330.501127053221,0,0,
2026-09-23T03:33:00-04:00,4322.25,4322.44,4320.2,4320.23,4322.25,4322.44,4320.2,4320.23,0,0,4322.063534458214,4323.709076892264,4330.297738398702,0,0,
2026-09-23T03:34:00-04:00,4320.24,4321.32,4320.24,4320.63,4320.24,4321.32,4320.24,4320.63,0,0,4321.5856896388095,4323.269208764798,4330.106298034371,0,0,
2026-09-23T03:35:00-04:00,4320.69,4320.94,4319.61,4319.68,4320.69,4320.94,4319.61,4319.68,0,0,4320.950459759207,4322.756464655541,4329.8998366871565,0,0,
2026-09-23T03:36:00-04:00,4319.63,4320.28,4319.53,4319.75,4319.63,4320.28,4319.53,4319.75,0,0,4320.5503065061375,4322.32696970475,4329.698849822064,0,0,
2026-09-23T03:37:00-04:00,4319.76,4323.12,4319.75,4323.09,4319.76,4323.12,4319.75,4323.09,0,0,4321.396871004092,4322.435974032643,4329.567981508756,0,0,
2026-09-23T03:38:00-04:00,4323.06,4323.12,4322.51,4322.94,4323.06,4323.12,4322.51,4322.94,0,0,4321.911247336061,4322.507977742265,4329.436734350167,0,0,
2026-09-23T03:39:00-04:00,4322.95,4323.32,4321.9,4322.05,4322.95,4323.32,4321.9,4322.05,0,0,4321.957498224041,4322.442552350513,4329.290462382837,0,0,
2026-09-23T03:40:00-04:00,4322.04,4322.49,4321.55,4321.93,4322.04,4322.49,4321.55,4321.93,0,0,4321.948332149361,4322.369330586154,4329.144710652484,0,0,
2026-09-23T03:41:00-04:00,4321.94,4322.32,4320.73,4321.72,4321.94,4322.32,4320.73,4321.72,0,0,4321.872221432907,4322.276569073847,4328.997686679168,0,0,
2026-09-23T03:42:00-04:00,4321.72,4322.41,4321.47,4322.41,4321.72,4322.41,4321.47,4322.41,0,0,4322.0514809552715,4322.295630634726,4328.867237437996,0,0,
2026-09-23T03:43:00-04:00,4322.35,4323.15,4321.96,4323.13,4322.35,4323.15,4321.96,4323.13,0,0,4322.410987303514,4322.414826258337,4328.753628775858,0,0,
2026-09-23T03:44:00-04:00,4323.13,4323.54,4321.31,4322.48,4323.13,4323.54,4321.31,4322.48,0,0,4322.433991535676,4322.42413679286,4328.629398503068,0,0,
2026-09-23T03:45:00-04:00,4322.49,4323.1,4322.24,4322.92,4322.49,4323.1,4322.24,4322.92,0,0,4322.595994357117,4322.49497439388,4328.516341106968,0,0,
2026-09-23T03:46:00-04:00,4322.91,4322.93,4322.17,4322.17,4322.91,4322.93,4322.17,4322.17,0,0,4322.453996238078,4322.4485494804685,4328.390670986038,0,0,
2026-09-23T03:47:00-04:00,4322.17,4322.48,4321.32,4321.64,4322.17,4322.48,4321.32,4321.64,0,0,4322.182664158719,4322.33304241183,4328.256994332849,0,0,
2026-09-23T03:48:00-04:00,4321.62,4322.1,4320.88,4321.73,4321.62,4322.1,4320.88,4321.73,0,0,4322.031776105812,4322.246893495854,4328.127746920317,0,0,
2026-09-23T03:49:00-04:00,4321.73,4322.99,4321.72,4322.89,4321.73,4322.99,4321.72,4322.89,0,0,4322.317850737209,4322.338765853589,4328.024029159518,0,0,
2026-09-23T03:50:00-04:00,4322.89,4323.71,4322.81,4323.44,4322.89,4323.71,4322.81,4323.44,0,0,4322.691900491473,4322.496085017362,4327.933256304875,0,0,
2026-09-23T03:51:00-04:00,4323.44,4324.97,4323.3,4324.72,4323.44,4324.97,4323.3,4324.72,1,0,4323.367933660982,4322.813787157739,4327.869627467155,0,0,
2026-09-23T03:52:00-04:00,4324.7,4324.89,4323.72,4323.85,4324.7,4324.89,4323.72,4323.85,0,0,4323.5286224406545,4322.961817563776,4327.790030883647,0,0,
2026-09-23T03:53:00-04:00,4323.86,4324.23,4322.65,4322.84,4323.86,4324.23,4322.65,4322.84,0,1,4323.299081627103,4322.944415054665,4327.692010470109,0,0,
2026-09-23T03:54:00-04:00,4322.85,4323.01,4321.67,4322.24,4322.85,4323.01,4321.67,4322.24,0,0,4322.946054418068,4322.84378433257,4327.584049866741,0,0,
2026-09-23T03:55:00-04:00,4322.24,4323.46,4321.96,4322.82,4322.24,4323.46,4321.96,4322.82,0,0,4322.904036278712,4322.840386570774,4327.489712245618,0,0,
2026-09-23T03:56:00-04:00,4322.82,4325.53,4322.47,4324.95,4322.82,4325.53,4322.47,4324.95,1,0,4323.586024185808,4323.141759917807,4327.439420914021,0,0,
2026-09-23T03:57:00-04:00,4324.95,4325.23,4321.43,4321.99,4324.95,4325.23,4321.43,4321.99,0,1,4323.054016123872,4322.9772227866915,4327.331511588991,0,0,
2026-09-23T03:58:00-04:00,4321.98,4321.98,4319.77,4319.89,4321.98,4321.98,4319.77,4319.89,0,0,4321.999344082582,4322.5361909600215,4327.1841549238625,0,0,
2026-09-23T03:59:00-04:00,4319.9,4320.03,4319.02,4319.61,4319.9,4320.03,4319.02,4319.61,0,0,4321.202896055054,4322.118163680018,4327.034171658043,0,0,
2026-09-23T04:00:00-04:00,4319.57,4321.46,4319.37,4320.07,4319.57,4321.46,4319.37,4320.07,0,0,4320.825264036703,4321.825568868587,4326.896267268775,0,0,
2026-09-23T04:01:00-04:00,4320.07,4320.56,4318.49,4320.12,4320.07,4320.56,4318.49,4320.12,0,0,4320.590176024469,4321.581916173074,4326.762083758502,0,0,
2026-09-23T04:02:00-04:00,4320.12,4321.23,4319.91,4320.33,4320.12,4321.23,4319.91,4320.33,0,0,4320.503450682979,4321.403071005492,4326.634715763284,0,0,
2026-09-23T04:03:00-04:00,4320.29,4320.74,4319.35,4320.19,4320.29,4320.74,4319.35,4320.19,0,0,4320.398967121986,4321.229775147564,4326.507097629357,0,0,
2026-09-23T04:04:00-04:00,4320.19,4320.42,4319.3,4319.87,4320.19,4320.42,4319.3,4319.87,0,0,4320.222644747991,4321.035521555055,4326.375669953529,0,0,
2026-09-23T04:05:00-04:00,4319.88,4320.06,4318.58,4318.94,4319.88,4320.06,4318.58,4318.94,0,0,4319.79509649866,4320.736161332905,4326.22842896435,0,0,
2026-09-23T04:06:00-04:00,4318.96,4320.69,4318.35,4320.68,4318.96,4320.69,4318.35,4320.68,0,0,4320.09006433244,4320.728138285347,4326.118559083868,0,0,
2026-09-23T04:07:00-04:00,4320.68,4321.12,4319.7,4320.66,4320.68,4321.12,4319.7,4320.66,0,0,4320.280042888294,4320.718404244583,4326.01046880498,0,0,
2026-09-23T04:08:00-04:00,4320.65,4320.65,4319.19,4319.76,4320.65,4320.65,4319.19,4319.76,0,0,4320.106695258863,4320.5814893525,4325.886697145475,0,0,
2026-09-23T04:09:00-04:00,4319.75,4319.75,4317.75,4318.37,4319.75,4319.75,4317.75,4318.37,0,0,4319.527796839242,4320.265562302143,4325.737851657446,0,0,
2026-09-23T04:10:00-04:00,4318.38,4318.81,4317.65,4318.34,4318.38,4318.81,4317.65,4318.34,0,0,4319.131864559495,4319.990481973266,4325.591359545418,0,0,
2026-09-23T04:11:00-04:00,4318.31,4318.6,4317.3,4317.54,4318.31,4318.6,4317.3,4317.54,0,0,4318.601243039663,4319.6404131199415,4325.431926683132,0,0,
2026-09-23T04:12:00-04:00,4317.54,4319.12,4317.17,4318.92,4317.54,4319.12,4317.17,4318.92,0,0,4318.707495359776,4319.53749695995,4325.302977639902,0,0,
2026-09-23T04:13:00-04:00,4318.99,4319.81,4318.99,4319.38,4318.99,4319.81,4318.99,4319.38,0,0,4318.931663573184,4319.5149973942425,4325.185690953963,0,0,
2026-09-23T04:14:00-04:00,4319.39,4319.69,4318.76,4319.69,4319.39,4319.69,4318.76,4319.69,0,0,4319.184442382122,4319.539997766494,4325.076865390518,0,0,
2026-09-23T04:15:00-04:00,4319.71,4320.28,4319.39,4320.28,4319.71,4320.28,4319.39,4320.28,0,0,4319.549628254748,4319.645712371281,4324.981877957042,0,0,
2026-09-23T04:16:00-04:00,4320.27,4320.55,4319.51,4320.15,4320.27,4320.55,4319.51,4320.15,0,0,4319.749752169832,4319.717753461097,4324.886197205417,0,0,
2026-09-23T04:17:00-04:00,4320.17,4320.26,4317.3,4318.22,4320.17,4320.26,4317.3,4318.22,0,0,4319.239834779888,4319.5037886809405,4324.7541933003595,0,1,
2026-09-23T04:18:00-04:00,4318.22,4318.22,4317.2,4317.95,4318.22,4318.22,4317.2,4317.95,0,0,4318.809889853259,4319.281818869377,4324.6194567993625,0,0,
2026-09-23T04:19:00-04:00,4317.93,4318.62,4317.35,4318.57,4317.93,4318.62,4317.35,4318.57,0,0,4318.729926568839,4319.180130459466,4324.499665575613,0,0,
2026-09-23T04:20:00-04:00,4318.57,4320.01,4318.29,4319.06,4318.57,4320.01,4318.29,4319.06,0,0,4318.839951045893,4319.162968965257,4324.391949425601,0,0,
2026-09-23T04:21:00-04:00,4319.04,4320.64,4319,4320.09,4319.04,4320.64,4319,4320.09,1,0,4319.256634030596,4319.29540197022,4324.306762308262,0,0,
2026-09-23T04:22:00-04:00,4320.09,4320.89,4319.97,4320.88,4320.09,4320.89,4319.97,4320.88,0,0,4319.797756020397,4319.521773117332,4324.23890562889,0,0,
2026-09-23T04:23:00-04:00,4320.88,4321.46,4320.32,4320.53,4320.88,4321.46,4320.32,4320.53,0,0,4320.041837346931,4319.665805529141,4324.165461953071,0,0,
2026-09-23T04:24:00-04:00,4320.53,4321.84,4320.34,4321.68,4320.53,4321.84,4320.34,4321.68,0,0,4320.587891564621,4319.953547596407,4324.1162448846935,0,0,
2026-09-23T04:25:00-04:00,4321.68,4322.74,4320.12,4320.34,4321.68,4322.74,4320.12,4320.34,0,0,4320.50526104308,4320.008755082635,4324.041467758264,0,0,
2026-09-23T04:26:00-04:00,4320.39,4320.4,4318.76,4319.61,4320.39,4320.4,4318.76,4319.61,0,0,4320.206840695387,4319.95179007083,4323.953715921467,0,0,
2026-09-23T04:27:00-04:00,4319.62,4320.43,4319.55,4319.97,4319.62,4320.43,4319.55,4319.97,0,0,4320.127893796925,4319.954391489283,4323.874830457676,0,0,
2026-09-23T04:28:00-04:00,4319.97,4319.98,4319.31,4319.97,4319.97,4319.98,4319.31,4319.97,0,0,4320.075262531283,4319.9566212765285,4323.797507082276,0,0,
2026-09-23T04:29:00-04:00,4319.96,4320.23,4318.94,4319.07,4319.96,4320.23,4318.94,4319.07,0,1,4319.7401750208555,4319.829961094168,4323.703893080647,0,0,
2026-09-23T04:30:00-04:00,4319.08,4320.33,4318.36,4319.38,4319.08,4320.33,4318.36,4319.38,0,0,4319.62011668057,4319.765680937858,4323.618271435485,0,0,
2026-09-23T04:31:00-04:00,4319.38,4319.7,4317.4,4317.46,4319.38,4319.7,4317.4,4317.46,0,0,4318.900077787047,4319.436297946735,4323.496325466466,0,0,
2026-09-23T04:32:00-04:00,4317.47,4318.15,4316.82,4317.12,4317.47,4318.15,4316.82,4317.12,0,0,4318.306718524698,4319.105398240059,4323.370061595843,0,0,
2026-09-23T04:33:00-04:00,4317.12,4318.22,4316.54,4318.22,4317.12,4318.22,4316.54,4318.22,0,0,4318.277812349799,4318.978912777194,4323.268080178103,0,0,
2026-09-23T04:34:00-04:00,4318.21,4318.7,4317.87,4318.64,4318.21,4318.7,4317.87,4318.64,0,0,4318.398541566533,4318.930496666166,4323.176435026062,0,0,
2026-09-23T04:35:00-04:00,4318.63,4319.06,4318.32,4318.56,4318.63,4319.06,4318.32,4318.56,0,0,4318.452361044356,4318.877568570999,4323.0850204710905,0,0,
2026-09-23T04:36:00-04:00,4318.56,4320.04,4318.49,4319.99,4318.56,4320.04,4318.49,4319.99,1,0,4318.964907362903,4319.0364873465705,4323.023732937009,0,0,
2026-09-23T04:37:00-04:00,4319.99,4320.01,4317.83,4318.12,4319.99,4320.01,4317.83,4318.12,0,1,4318.683271575269,4318.905560582774,4322.926629314495,0,0,
2026-09-23T04:38:00-04:00,4318.14,4318.14,4316.38,4317.06,4318.14,4318.14,4316.38,4317.06,0,0,4318.14218105018,4318.64190907095,4322.81045843698,0,0,
2026-09-23T04:39:00-04:00,4317.09,4317.8,4316.87,4317.14,4317.09,4317.8,4316.87,4317.14,0,0,4317.80812070012,4318.427350632242,4322.698172131298,0,0,
2026-09-23T04:40:00-04:00,4317.14,4317.8,4316.52,4317.71,4317.14,4317.8,4316.52,4317.71,0,0,4317.77541380008,4318.324871970493,4322.599396445529,0,0,
2026-09-23T04:41:00-04:00,4317.7,4318.51,4317.7,4318,4317.7,4318.51,4317.7,4318,0,0,4317.85027586672,4318.278461688994,4322.508319288192,0,0,
2026-09-23T04:42:00-04:00,4317.99,4317.99,4316.23,4316.33,4317.99,4317.99,4316.23,4316.33,0,0,4317.34351724448,4318.0001100191375,4322.385976331991,0,0,
2026-09-23T04:43:00-04:00,4316.33,4316.65,4315.94,4316.24,4316.33,4316.65,4315.94,4316.24,0,0,4316.975678162987,4317.748665730689,4322.264273830367,0,0,
2026-09-23T04:44:00-04:00,4316.26,4316.64,4316.05,4316.46,4316.26,4316.64,4316.05,4316.46,0,0,4316.803785441991,4317.564570626305,4322.149337714914,0,0,
2026-09-23T04:45:00-04:00,4316.46,4317.48,4316.21,4317.48,4316.46,4317.48,4316.21,4317.48,0,0,4317.02919029466,4317.552489108261,4322.056875581945,0,0,
2026-09-23T04:46:00-04:00,4317.47,4317.78,4317.04,4317.28,4317.47,4317.78,4317.04,4317.28,0,0,4317.112793529774,4317.513562092796,4321.962283986263,0,0,
2026-09-23T04:47:00-04:00,4317.28,4317.51,4315.55,4316.47,4317.28,4317.51,4315.55,4316.47,0,0,4316.898529019849,4317.364481793825,4321.853525887525,0,0,
2026-09-23T04:48:00-04:00,4316.47,4317.97,4316.44,4317.95,4316.47,4317.97,4316.44,4317.95,0,0,4317.249019346566,4317.44812725185,4321.776228345198,0,0,
2026-09-23T04:49:00-04:00,4317.95,4319.09,4317.84,4318.83,4317.95,4319.09,4317.84,4318.83,0,0,4317.776012897711,4317.645537644443,4321.717887189848,0,0,
2026-09-23T04:50:00-04:00,4318.83,4318.84,4317.92,4318.36,4318.83,4318.84,4317.92,4318.36,0,0,4317.97067526514,4317.747603695237,4321.6513943742075,0,0,
2026-09-23T04:51:00-04:00,4318.35,4318.35,4316.63,4316.65,4318.35,4318.35,4316.63,4316.65,0,0,4317.53045017676,4317.590803167345,4321.552356861847,0,1,
2026-09-23T04:52:00-04:00,4316.69,4317.68,4316.59,4316.96,4316.69,4317.68,4316.59,4316.96,0,0,4317.340300117839,4317.500688429153,4321.4614191022065,0,0,0
2026-09-23T04:53:00-04:00,4316.96,4318.09,4316.96,4317.21,4316.96,4318.09,4316.96,4317.21,0,0,4317.296866745226,4317.459161510703,4321.3772325853315,0,0,1
2026-09-23T04:54:00-04:00,4317.21,4317.59,4316.66,4317.1,4317.21,4317.59,4316.66,4317.1,0,0,4317.231244496817,4317.40785272346,4321.292534910374,0,0,2
2026-09-23T04:55:00-04:00,4317.1,4317.96,4317.09,4317.75,4317.1,4317.96,4317.09,4317.75,0,0,4317.404162997878,4317.456730905823,4321.222385704228,0,0,3
2026-09-23T04:56:00-04:00,4317.75,4317.92,4316.72,4316.91,4317.75,4317.92,4316.72,4316.91,0,0,4317.239441998586,4317.378626490706,4321.136991927907,0,0,
2026-09-23T04:57:00-04:00,4316.89,4319.04,4316.86,4319.04,4316.89,4319.04,4316.86,4319.04,0,0,4317.8396279990575,4317.615965563462,4321.095467335275,0,0,
2026-09-23T04:58:00-04:00,4319.05,4319.4,4318.22,4318.5,4319.05,4319.4,4318.22,4318.5,1,0,4318.059751999372,4317.7422561972535,4321.044071942498,0,0,
2026-09-23T04:59:00-04:00,4318.5,4318.85,4318.07,4318.2,4318.5,4318.85,4318.07,4318.2,0,0,4318.106501332914,4317.807648169074,4320.98775368621,0,0,
2026-09-23T05:00:00-04:00,4318.21,4319.13,4318,4318.39,4318.21,4319.13,4318,4318.39,0,0,4318.20100088861,4317.890841287778,4320.936313019157,0,0,
2026-09-23T05:01:00-04:00,4318.55,4320.23,4318.5,4319.01,4318.55,4320.23,4318.5,4319.01,0,0,4318.470667259074,4318.05072110381,4320.898168206896,0,0,
2026-09-23T05:02:00-04:00,4319.08,4320.31,4318.01,4320.31,4319.08,4320.31,4318.01,4320.31,0,0,4319.083778172716,4318.373475231838,4320.88652131171,0,0,
2026-09-23T05:03:00-04:00,4320.32,4320.38,4318.73,4318.74,4320.32,4320.38,4318.73,4318.74,0,0,4318.969185448477,4318.4258359130035,4320.8440159392,0,0,
2026-09-23T05:04:00-04:00,4318.74,4319.58,4318.01,4318.1,4318.74,4319.58,4318.01,4318.1,0,0,4318.679456965651,4318.3792879254315,4320.78967898991,0,0,
2026-09-23T05:05:00-04:00,4318.11,4318.18,4317.38,4317.72,4318.11,4318.18,4317.38,4317.72,0,1,4318.359637977101,4318.285103936084,4320.728893267337,0,0,
2026-09-23T05:06:00-04:00,4317.7,4318.31,4317.49,4317.88,4317.7,4318.31,4317.49,4317.88,0,0,4318.199758651401,4318.227231945215,4320.672479539271,0,1,
2026-09-23T05:07:00-04:00,4317.89,4318.32,4317.51,4318.3,4317.89,4318.32,4317.51,4318.3,0,0,4318.2331724342675,4318.237627381613,4320.625499746414,0,0,
2026-09-23T05:08:00-04:00,4318.26,4319.11,4318.04,4319.11,4318.26,4319.11,4318.04,4319.11,1,0,4318.525448289512,4318.362252041382,4320.595489850445,0,0,
2026-09-23T05:09:00-04:00,4319.09,4319.5,4319.01,4319.16,4319.09,4319.5,4319.01,4319.16,0,0,4318.736965526341,4318.47621603547,4320.567064308852,0,0,
2026-09-23T05:10:00-04:00,4319.19,4319.29,4318.77,4319,4319.19,4319.29,4318.77,4319,0,0,4318.824643684227,4318.551042316118,4320.53603333244,0,0,
2026-09-23T05:11:00-04:00,4319.01,4319.76,4318.72,4318.93,4319.01,4319.76,4318.72,4318.93,0,0,4318.859762456152,4318.605179128101,4320.504230692193,0,0,
2026-09-23T05:12:00-04:00,4318.96,4320.37,4318.84,4319.77,4318.96,4320.37,4318.84,4319.77,0,0,4319.163174970768,4318.771582109801,4320.489691470566,0,0,
2026-09-23T05:13:00-04:00,4319.77,4319.79,4319.03,4319.38,4319.77,4319.79,4319.03,4319.38,0,0,4319.2354499805115,4318.858498951258,4320.46771738204,0,0,
2026-09-23T05:14:00-04:00,4319.36,4320.12,4319.08,4320.09,4319.36,4320.12,4319.08,4320.09,0,0,4319.520299987008,4319.034427672507,4320.4602378299205,0,0,
2026-09-23T05:15:00-04:00,4320.07,4320.1,4318.92,4318.92,4320.07,4320.1,4318.92,4318.92,0,0,4319.320199991339,4319.018080862149,4320.429738070912,0,0,
2026-09-23T05:16:00-04:00,4318.89,4319.23,4318.46,4318.62,4318.89,4319.23,4318.46,4318.62,0,0,4319.086799994226,4318.961212167556,4320.3939016734685,0,0,
2026-09-23T05:17:00-04:00,4318.61,4318.66,4317.63,4318.09,4318.61,4318.66,4317.63,4318.09,0,1,4318.754533329484,4318.836753286477,4320.348279858153,0,0,
2026-09-23T05:18:00-04:00,4318.1,4318.24,4316.64,4316.66,4318.1,4318.24,4316.64,4316.66,0,0,4318.056355552989,4318.525788531266,4320.275244613436,0,0,
2026-09-23T05:19:00-04:00,4316.66,4317.62,4315.69,4317.36,4316.66,4317.62,4315.69,4317.36,0,0,4317.8242370353255,4318.359247312514,4320.217516997329,0,0,
2026-09-23T05:20:00-04:00,4317.37,4318.1,4316.9,4317.71,4317.37,4318.1,4316.9,4317.71,0,0,4317.78615802355,4318.266497696441,4320.167863195402,0,0,
2026-09-23T05:21:00-04:00,4317.71,4317.88,4316.14,4316.55,4317.71,4317.88,4316.14,4316.55,0,0,4317.374105349034,4318.021283739807,4320.0962223400475,0,0,
2026-09-23T05:22:00-04:00,4316.55,4318.72,4316.24,4318.28,4316.55,4318.72,4316.24,4318.28,0,0,4317.676070232689,4318.058243205549,4320.060257541235,0,0,
2026-09-23T05:23:00-04:00,4318.19,4319.65,4318.14,4319.42,4318.19,4319.65,4318.14,4319.42,0,0,4318.257380155126,4318.25277989047,4320.047579174082,0,0,
2026-09-23T05:24:00-04:00,4319.43,4319.56,4318.74,4319.24,4319.43,4319.56,4318.74,4319.24,0,0,4318.584920103417,4318.3938113346885,4320.031587507268,0,0,
2026-09-23T05:25:00-04:00,4319.23,4319.67,4319.01,4319.17,4319.23,4319.67,4319.01,4319.17,1,0,4318.779946735612,4318.504695429733,4320.014526368511,0,0,
2026-09-23T05:26:00-04:00,4319.17,4320,4319.1,4319.79,4319.17,4320,4319.1,4319.79,0,0,4319.116631157074,4318.688310368343,4320.010080301808,0,0,
2026-09-23T05:27:00-04:00,4319.79,4319.92,4319.38,4319.42,4319.79,4319.92,4319.38,4319.42,0,0,4319.217754104716,4318.79283745858,4319.998395543356,0,0,
2026-09-23T05:28:00-04:00,4319.4,4319.5,4316.94,4316.94,4319.4,4319.5,4316.94,4316.94,0,1,4318.458502736477,4318.528146393069,4319.937833255369,0,1,
2026-09-23T05:29:00-04:00,4316.95,4317.19,4316.06,4316.99,4316.95,4317.19,4316.06,4316.99,0,0,4317.969001824318,4318.308411194059,4319.879460319619,0,0,
2026-09-23T05:30:00-04:00,4317,4318.93,4316.33,4318.6,4317,4318.93,4316.33,4318.6,0,0,4318.179334549545,4318.350066737765,4319.854124471706,0,0,
2026-09-23T05:31:00-04:00,4318.61,4319,4316.39,4316.88,4318.61,4319,4316.39,4316.88,0,0,4317.74622303303,4318.140057203798,4319.795230917811,0,0,
2026-09-23T05:32:00-04:00,4316.88,4316.9,4315.63,4316.58,4316.88,4316.9,4315.63,4316.58,0,0,4317.35748202202,4317.91719188897,4319.7315629788445,0,0,
2026-09-23T05:33:00-04:00,4316.58,4316.58,4314.31,4314.38,4316.58,4316.58,4314.31,4314.38,0,0,4316.36498801468,4317.411878761974,4319.625591434709,0,0,
2026-09-23T05:34:00-04:00,4314.39,4314.76,4313.34,4313.92,4314.39,4314.76,4313.34,4313.92,0,0,4315.549992009787,4316.913038938835,4319.512609426101,0,0,
2026-09-23T05:35:00-04:00,4313.93,4315.8,4313.72,4314.86,4313.93,4315.8,4313.72,4314.86,0,0,4315.319994673191,4316.619747661858,4319.420478546376,0,0,
2026-09-23T05:36:00-04:00,4314.84,4315.31,4314.38,4314.59,4314.84,4315.31,4314.38,4314.59,0,0,4315.076663115461,4316.3297837101645,4319.324825505854,0,0,
2026-09-23T05:37:00-04:00,4314.6,4314.87,4313.87,4314.75,4314.6,4314.87,4313.87,4314.75,0,0,4314.967775410308,4316.104100322998,4319.234234901778,0,0,
2026-09-23T05:38:00-04:00,4314.74,4315.28,4314.4,4315.27,4314.74,4315.28,4314.4,4315.27,0,0,4315.068516940205,4315.984943133999,4319.155735200753,0,0,
2026-09-23T05:39:00-04:00,4315.27,4315.36,4314.5,4314.64,4315.27,4315.36,4314.5,4314.64,0,0,4314.925677960136,4315.792808400571,4319.0663147017285,0,0,
2026-09-23T05:40:00-04:00,4314.65,4314.75,4314.09,4314.41,4314.65,4314.75,4314.09,4314.41,0,0,4314.753785306758,4315.595264343347,4318.974110450209,0,0,
2026-09-23T05:41:00-04:00,4314.41,4314.65,4314.26,4314.48,4314.41,4314.65,4314.26,4314.48,0,0,4314.662523537839,4315.435940865726,4318.885118164067,0,0,
2026-09-23T05:42:00-04:00,4314.53,4315.01,4314.31,4314.6,4314.53,4315.01,4314.31,4314.6,0,0,4314.64168235856,4315.316520742051,4318.8002643390355,0,0,
2026-09-23T05:43:00-04:00,4314.59,4314.88,4314.51,4314.69,4314.59,4314.88,4314.51,4314.69,0,0,4314.657788239039,4315.2270177789005,4318.718872965986,0,0,
2026-09-23T05:44:00-04:00,4314.68,4316.49,4314.66,4316.38,4314.68,4316.49,4314.66,4316.38,1,0,4315.231858826026,4315.391729524772,4318.672558649828,0,0,
2026-09-23T05:45:00-04:00,4316.38,4316.38,4314.75,4314.77,4316.38,4316.38,4314.75,4314.77,0,0,4315.077905884017,4315.302911021233,4318.595280260723,0,0,
2026-09-23T05:46:00-04:00,4314.76,4314.76,4311.59,4311.89,4314.76,4314.76,4311.59,4311.89,0,1,4314.015270589345,4314.815352303914,4318.462502433777,0,0,
2026-09-23T05:47:00-04:00,4311.88,4312.69,4311.32,4312.1,4311.88,4312.69,4311.32,4312.1,0,0,4313.376847059563,4314.427444831926,4318.336512286574,0,0,
2026-09-23T05:48:00-04:00,4312.1,4312.44,4309.67,4309.78,4312.1,4312.44,4309.67,4309.78,0,0,4312.177898039708,4313.76352414165,4318.167076399712,0,0,
2026-09-23T05:49:00-04:00,4309.72,4309.94,4308.39,4308.92,4309.72,4309.94,4308.39,4308.92,0,0,4311.091932026472,4313.071592121414,4317.9839659759555,0,0,
2026-09-23T05:50:00-04:00,4308.92,4311.37,4308.82,4311.07,4308.92,4311.37,4308.82,4311.07,0,0,4311.084621350981,4312.785650389784,4317.84705575861,0,0,
2026-09-23T05:51:00-04:00,4311.06,4312.59,4310.84,4312.18,4311.06,4312.59,4310.84,4312.18,0,0,4311.449747567321,4312.699128905529,4317.734836832697,0,0,
2026-09-23T05:52:00-04:00,4312.19,4312.88,4311.74,4312.33,4312.19,4312.88,4311.74,4312.33,0,0,4311.743165044881,4312.646396204739,4317.627810360762,0,0,
2026-09-23T05:53:00-04:00,4312.33,4312.6,4311.63,4311.9,4312.33,4312.6,4311.63,4311.9,0,0,4311.795443363254,4312.53976817549,4317.51438837342,0,0,
2026-09-23T05:54:00-04:00,4311.9,4312.6,4311.78,4312.39,4311.9,4312.6,4311.78,4312.39,0,0,4311.993628908836,4312.518372721849,4317.412915336323,0,0,
2026-09-23T05:55:00-04:00,4312.38,4313.82,4312.3,4313.62,4312.38,4313.82,4312.3,4313.62,0,0,4312.535752605891,4312.675748047299,4317.33780810194,0,0,
2026-09-23T05:56:00-04:00,4313.63,4314.06,4312.93,4313.53,4313.63,4314.06,4312.93,4313.53,1,0,4312.867168403927,4312.797784040542,4317.262405961307,0,0,
2026-09-23T05:57:00-04:00,4313.53,4314.35,4313.3,4313.71,4313.53,4314.35,4313.3,4313.71,0,0,4313.148112269285,4312.928100606179,4317.192061288806,0,0,
2026-09-23T05:58:00-04:00,4313.7,4314.47,4313.64,4314.43,4313.7,4314.47,4313.64,4314.43,0,0,4313.575408179523,4313.142657662439,4317.137367005859,0,0,
2026-09-23T05:59:00-04:00,4314.42,4314.43,4313.6,4314.2,4314.42,4314.43,4313.6,4314.2,0,0,4313.783605453015,4313.293706567805,4317.079201322575,0,0,
2026-09-23T06:00:00-04:00,4314.2,4314.78,4314.1,4314.47,4314.2,4314.78,4314.1,4314.47,0,0,4314.012403635344,4313.46174848669,4317.027533969653,0,0,
2026-09-23T06:01:00-04:00,4314.48,4314.65,4313.71,4314.5,4314.48,4314.65,4313.71,4314.5,0,0,4314.174935756896,4313.610070131449,4316.977483792036,0,0,
2026-09-23T06:02:00-04:00,4314.48,4316.88,4314.3,4316.83,4314.48,4316.88,4314.3,4316.83,0,0,4315.059957171264,4314.070060112671,4316.974563320907,0,0,
2026-09-23T06:03:00-04:00,4316.8,4318.76,4316.44,4318.55,4316.8,4318.76,4316.44,4318.55,0,0,4316.223304780842,4314.710051525147,4317.0057600868295,0,0,
2026-09-23T06:04:00-04:00,4318.54,4318.97,4318,4318.01,4318.54,4318.97,4318,4318.01,0,0,4316.818869853895,4315.1814727358405,4317.025646025704,0,0,
2026-09-23T06:05:00-04:00,4318,4318,4316.28,4317.1,4318,4318,4316.28,4317.1,0,0,4316.912579902597,4315.455548059292,4317.027118381631,0,0,
2026-09-23T06:06:00-04:00,4317.11,4317.3,4316.2,4316.44,4317.11,4317.3,4316.2,4316.44,0,0,4316.755053268398,4315.596184050822,4317.015492275064,0,0,
2026-09-23T06:07:00-04:00,4316.44,4317.49,4316.15,4316.96,4316.44,4317.49,4316.15,4316.96,0,0,4316.823368845598,4315.791014900704,4317.014393418132,0,0,
2026-09-23T06:08:00-04:00,4316.96,4317.14,4316.37,4316.6,4316.96,4317.14,4316.37,4316.6,0,0,4316.748912563732,4315.906584200603,4317.006187607873,0,0,
2026-09-23T06:09:00-04:00,4316.58,4317.63,4316.27,4316.41,4316.58,4317.63,4316.27,4316.41,0,0,4316.635941709154,4315.978500743374,4316.994381912667,0,0,
2026-09-23T06:10:00-04:00,4316.42,4316.63,4315.29,4315.79,4316.42,4316.63,4315.29,4315.79,0,0,4316.353961139436,4315.951572065749,4316.970532765882,0,0,
2026-09-23T06:11:00-04:00,4315.8,4316.58,4315.68,4315.96,4315.8,4316.58,4315.68,4315.96,0,0,4316.2226407596245,4315.952776056356,4316.950522216062,0,0,
2026-09-23T06:12:00-04:00,4315.96,4316.32,4315.46,4315.8,4315.96,4316.32,4315.46,4315.8,0,0,4316.081760506417,4315.930950905448,4316.9277395979225,0,0,
2026-09-23T06:13:00-04:00,4315.8,4316.32,4315.21,4315.53,4315.8,4316.32,4315.21,4315.53,0,0,4315.897840337611,4315.87367220467,4316.900061586082,0,0,
2026-09-23T06:14:00-04:00,4315.53,4316.97,4315.53,4316.66,4315.53,4316.97,4315.53,4316.66,0,0,4316.151893558407,4315.98600474686,4316.895307891308,0,0,
2026-09-23T06:15:00-04:00,4316.66,4316.72,4315.82,4315.82,4316.66,4316.72,4315.82,4315.82,0,0,4316.041262372271,4315.962289783023,4316.874014665737,0,0,
2026-09-23T06:16:00-04:00,4315.9,4315.9,4315.32,4315.75,4315.9,4315.9,4315.32,4315.75,0,0,4315.944174914847,4315.931962671163,4316.851756949584,0,0,
2026-09-23T06:17:00-04:00,4315.76,4316.69,4315.76,4316.19,4315.76,4316.69,4315.76,4316.19,0,0,4316.026116609898,4315.968825146711,4316.838652851573,0,0,
2026-09-23T06:18:00-04:00,4316.17,4316.68,4315.68,4315.96,4316.17,4316.68,4315.68,4315.96,0,0,4316.004077739932,4315.967564411467,4316.821253785205,0,0,
2026-09-23T06:19:00-04:00,4315.96,4316.84,4315.96,4316.61,4315.96,4316.84,4315.96,4316.61,0,0,4316.206051826621,4316.059340924115,4316.817070541933,0,0,
2026-09-23T06:20:00-04:00,4316.62,4316.68,4315.91,4316.47,4316.62,4316.68,4315.91,4316.47,0,0,4316.294034551081,4316.118006506384,4316.810197857934,0,0,
2026-09-23T06:21:00-04:00,4316.48,4316.85,4315.86,4316.19,4316.48,4316.85,4315.86,4316.19,0,0,4316.259356367387,4316.128291291186,4316.797916712233,0,0,
2026-09-23T06:22:00-04:00,4316.2,4316.22,4315.83,4316.04,4316.2,4316.22,4315.83,4316.04,0,0,4316.186237578258,4316.115678249587,4316.7829084605055,0,0,
2026-09-23T06:23:00-04:00,4316.03,4316.23,4314.72,4314.87,4316.03,4316.23,4314.72,4314.87,0,1,4315.747491718839,4315.937724213932,4316.74502908505,0,1,
2026-09-23T06:24:00-04:00,4314.87,4315.61,4314.81,4315.49,4314.87,4315.61,4314.81,4315.49,0,0,4315.661661145893,4315.873763611941,4316.72017702396,0,0,0
2026-09-23T06:25:00-04:00,4315.48,4315.7,4314.74,4314.75,4315.48,4315.7,4314.74,4314.75,0,0,4315.357774097262,4315.713225953093,4316.681163617545,0,0,1
2026-09-23T06:26:00-04:00,4314.75,4315.66,4314.43,4315.63,4314.75,4315.66,4314.43,4315.63,0,0,4315.448516064842,4315.701336531222,4316.660348496406,0,0,
2026-09-23T06:27:00-04:00,4315.64,4316.9,4315.59,4316.58,4315.64,4316.9,4315.59,4316.58,1,0,4315.8256773765615,4315.826859883905,4316.6587574370715,0,0,
2026-09-23T06:28:00-04:00,4316.58,4317.2,4316.35,4316.56,4316.58,4317.2,4316.35,4316.56,0,0,4316.0704515843745,4315.931594186204,4316.656801844259,0,0,
2026-09-23T06:29:00-04:00,4316.56,4317.81,4316.35,4317.62,4316.56,4317.81,4316.35,4317.62,0,0,4316.586967722917,4316.172795016746,4316.675875075065,0,0,
2026-09-23T06:30:00-04:00,4317.63,4318.98,4317.51,4317.86,4317.63,4318.98,4317.51,4317.86,0,0,4317.011311815278,4316.413824300068,4316.69932309338,0,0,
2026-09-23T06:31:00-04:00,4317.87,4317.89,4316.59,4317.42,4317.87,4317.89,4316.59,4317.42,0,0,4317.147541210185,4316.557563685773,4316.713593923215,0,0,
2026-09-23T06:32:00-04:00,4317.46,4318.76,4317.32,4317.73,4317.46,4318.76,4317.32,4317.73,0,0,4317.341694140124,4316.725054587805,4316.73372077622,0,0,
2026-09-23T06:33:00-04:00,4317.74,4318.36,4316.12,4316.19,4317.74,4318.36,4316.12,4316.19,0,0,4316.957796093416,4316.648618218119,4316.722954028176,0,0,
2026-09-23T06:34:00-04:00,4316.2,4316.54,4315.85,4315.94,4316.2,4316.54,4315.85,4315.94,0,0,4316.618530728943,4316.547387044102,4316.707449988014,0,0,
2026-09-23T06:35:00-04:00,4315.92,4316,4314.88,4315.16,4315.92,4316,4314.88,4315.16,0,1,4316.1323538192955,4316.349188894945,4316.676807413994,0,0,
2026-09-23T06:36:00-04:00,4315.15,4316.79,4315.12,4316.51,4315.15,4316.79,4315.12,4316.51,1,0,4316.258235879531,4316.372161909952,4316.673504296885,0,0,
2026-09-23T06:37:00-04:00,4316.54,4316.8,4315.63,4315.67,4316.54,4316.8,4315.63,4315.67,0,0,4316.062157253021,4316.271853065674,4316.653632924669,0,0,
2026-09-23T06:38:00-04:00,4315.68,4316.21,4315,4315.32,4315.68,4316.21,4315,4315.32,0,1,4315.814771502014,4316.135874056292,4316.627224351903,0,0,
2026-09-23T06:39:00-04:00,4315.34,4316.77,4315.19,4316.64,4315.34,4316.77,4315.19,4316.64,1,0,4316.0898476680095,4316.20789204825,4316.627477335034,0,0,
2026-09-23T06:40:00-04:00,4316.66,4316.66,4314.94,4315.18,4316.66,4316.66,4314.94,4315.18,0,0,4315.786565112006,4316.061050327072,4316.598814417509,0,0,
2026-09-23T06:41:00-04:00,4315.17,4316.11,4314.57,4315.68,4315.17,4316.11,4314.57,4315.68,0,1,4315.751043408004,4316.006614566061,4316.580620072607,0,0,
2026-09-23T06:42:00-04:00,4315.68,4316.27,4315.47,4315.53,4315.68,4316.27,4315.47,4315.53,0,0,4315.677362272003,4315.938526770909,4316.559815714734,0,0,
2026-09-23T06:43:00-04:00,4315.54,4315.95,4314.63,4315.51,4315.54,4315.95,4314.63,4315.51,0,0,4315.621574848002,4315.87730866078,4316.53902728474,0,0,
2026-09-23T06:44:00-04:00,4315.51,4316.34,4315.18,4315.8,4315.51,4316.34,4315.18,4315.8,0,0,4315.681049898668,4315.866264566383,4316.524393081082,0,0,
2026-09-23T06:45:00-04:00,4315.74,4315.76,4314.43,4314.83,4315.74,4315.76,4314.43,4314.83,0,0,4315.397366599112,4315.718226771185,4316.490840742843,0,0,
2026-09-23T06:46:00-04:00,4314.82,4315.24,4314.48,4314.79,4314.82,4315.24,4314.48,4314.79,0,0,4315.194911066074,4315.58562294673,4316.457160728133,0,0,
2026-09-23T06:47:00-04:00,4314.72,4314.87,4312.91,4313.23,4314.72,4314.87,4312.91,4313.23,0,0,4314.539940710716,4315.249105382912,4316.393256555299,0,0,
2026-09-23T06:48:00-04:00,4313.26,4314.01,4312.39,4312.62,4313.26,4314.01,4312.39,4312.62,0,0,4313.899960473811,4314.873518899639,4316.3185386037085,0,0,
2026-09-23T06:49:00-04:00,4312.61,4313.76,4312.56,4313.49,4312.61,4313.76,4312.56,4313.49,0,0,4313.763306982541,4314.675873342548,4316.262527938288,0,0,
2026-09-23T06:50:00-04:00,4313.47,4314.23,4313.31,4313.75,4313.47,4314.23,4313.31,4313.75,0,0,4313.758871321694,4314.543605722184,4316.212774909807,0,0,
2026-09-23T06:51:00-04:00,4313.74,4314.91,4313.72,4314.46,4313.74,4314.91,4313.72,4314.46,0,0,4313.9925808811295,4314.531662047586,4316.178066495751,0,0,
2026-09-23T06:52:00-04:00,4314.45,4314.75,4314.21,4314.44,4314.45,4314.75,4314.21,4314.44,0,0,4314.1417205874195,4314.518567469359,4316.143649337419,0,0,
2026-09-23T06:53:00-04:00,4314.45,4314.85,4314.41,4314.63,4314.45,4314.85,4314.41,4314.63,0,0,4314.304480391613,4314.534486402308,4316.113676083213,0,0,
2026-09-23T06:54:00-04:00,4314.64,4316.06,4314.62,4315.58,4314.64,4316.06,4314.62,4315.58,1,0,4314.729653594409,4314.683845487692,4316.103108239981,0,0,
2026-09-23T06:55:00-04:00,4315.56,4316.13,4314.5,4315.11,4315.56,4316.13,4314.5,4315.11,0,0,4314.856435729605,4314.744724703736,4316.083442730279,0,0,
2026-09-23T06:56:00-04:00,4315.1,4315.96,4314.99,4314.99,4315.1,4315.96,4314.99,4314.99,0,0,4314.9009571530705,4314.779764031774,4316.061790398986,0,0,
2026-09-23T06:57:00-04:00,4314.97,4315.78,4314.11,4314.12,4314.97,4315.78,4314.11,4314.12,0,1,4314.640638102047,4314.685512027235,4316.0233391039565,0,0,
2026-09-23T06:58:00-04:00,4314.12,4315.58,4314.12,4315.17,4314.12,4315.58,4314.12,4315.17,0,0,4314.817092068031,4314.754724594773,4316.006441299918,0,0,
2026-09-23T06:59:00-04:00,4315.19,4315.74,4314.87,4315.63,4315.19,4315.74,4314.87,4315.63,0,0,4315.088061378688,4314.8797639383765,4315.998987016751,0,0,
2026-09-23T07:00:00-04:00,4315.64,4316.15,4314.94,4316.1,4315.64,4316.15,4314.94,4316.1,0,0,4315.425374252459,4315.054083375751,4316.000987273845,0,0,
2026-09-23T07:01:00-04:00,4316.11,4316.7,4315.78,4316.15,4316.11,4316.7,4315.78,4316.15,1,0,4315.666916168306,4315.210642893501,4316.003938020897,0,0,
2026-09-23T07:02:00-04:00,4316.15,4316.8,4315.2,4315.33,4316.15,4316.8,4315.2,4315.33,0,1,4315.5546107788705,4315.227693908715,4315.990592713552,0,0,
2026-09-23T07:03:00-04:00,4315.34,4315.42,4312.8,4313.03,4315.34,4315.42,4312.8,4313.03,0,0,4314.71307385258,4314.913737636041,4315.931967115264,0,1,
2026-09-23T07:04:00-04:00,4313.04,4315.09,4312.96,4314.92,4313.04,4315.09,4312.96,4314.92,0,0,4314.782049235054,4314.914632259464,4315.911928162487,0,0,0
2026-09-23T07:05:00-04:00,4314.93,4314.93,4314.29,4314.36,4314.93,4314.93,4314.29,4314.36,0,0,4314.641366156702,4314.83539907954,4315.881196911745,0,0,1
2026-09-23T07:06:00-04:00,4314.36,4314.9,4313.78,4314.64,4314.36,4314.9,4313.78,4314.64,0,0,4314.640910771135,4314.807484925321,4315.856618755077,0,0,2
2026-09-23T07:07:00-04:00,4314.64,4315.96,4314.42,4314.69,4314.64,4315.96,4314.42,4314.69,0,0,4314.657273847423,4314.790701364561,4315.83351739359,0,0,3
2026-09-23T07:08:00-04:00,4314.76,4315.32,4314.63,4314.68,4314.76,4315.32,4314.63,4314.68,0,0,4314.664849231615,4314.774886883909,4315.810675465004,0,0,
2026-09-23T07:09:00-04:00,4314.69,4315.44,4314.48,4315.39,4314.69,4315.44,4314.48,4315.39,0,0,4314.90656615441,4314.862760186208,4315.802345257776,0,0,
2026-09-23T07:10:00-04:00,4315.39,4316.45,4315.28,4316.4,4315.39,4316.45,4315.28,4316.4,0,0,4315.4043774362735,4315.082365873893,4315.814180005147,0,0,
2026-09-23T07:11:00-04:00,4316.41,4317.06,4316.12,4316.54,4316.41,4317.06,4316.12,4316.54,1,0,4315.782918290849,4315.2905993204795,4315.828552678313,0,0,
2026-09-23T07:12:00-04:00,4316.54,4316.62,4314.59,4315.26,4316.54,4316.62,4314.59,4315.26,0,1,4315.6086121939,4315.286227988982,4315.817294209435,0,0,
2026-09-23T07:13:00-04:00,4315.26,4315.72,4314.52,4315.56,4315.26,4315.72,4314.52,4315.56,0,0,4315.592408129267,4315.3253382762705,4315.812199274595,0,0,
2026-09-23T07:14:00-04:00,4315.56,4315.93,4314.09,4315.07,4315.56,4315.93,4314.09,4315.07,0,0,4315.418272086178,4315.28886137966,4315.797502259256,0,0,
2026-09-23T07:15:00-04:00,4315.04,4315.76,4314.4,4315.18,4315.04,4315.76,4314.4,4315.18,0,0,4315.338848057452,4315.273309753995,4315.785274491746,0,0,
2026-09-23T07:16:00-04:00,4315.17,4315.17,4314.38,4314.71,4315.17,4315.17,4314.38,4314.71,0,0,4315.129232038302,4315.192836931996,4315.763981927554,0,1,
2026-09-23T07:17:00-04:00,4314.72,4315.12,4313.65,4313.7,4314.72,4315.12,4313.65,4313.7,0,0,4314.652821358868,4314.97957451314,4315.723110998295,0,0,
2026-09-23T07:18:00-04:00,4313.7,4314.33,4313.36,4313.94,4313.7,4314.33,4313.36,4313.94,0,0,4314.415214239245,4314.831063868405,4315.687801869616,0,0,
2026-09-23T07:19:00-04:00,4313.99,4313.99,4310.74,4311.09,4313.99,4313.99,4310.74,4311.09,0,0,4313.30680949283,4314.296626172919,4315.59675628804,0,0,
2026-09-23T07:20:00-04:00,4311.11,4311.7,4310.41,4310.46,4311.11,4311.7,4310.41,4310.46,0,0,4312.3578729952205,4313.748536719645,4315.495038341742,0,0,
2026-09-23T07:21:00-04:00,4310.44,4310.66,4308.92,4309.74,4310.44,4310.66,4308.92,4309.74,0,0,4311.48524866348,4313.175888616838,4315.38107718646,0,0,
2026-09-23T07:22:00-04:00,4309.73,4309.73,4305.62,4307.09,4309.73,4309.73,4305.62,4307.09,0,0,4310.020165775653,4312.30647595729,4315.216897440194,0,0,
2026-09-23T07:23:00-04:00,4307.08,4307.33,4304.77,4306.26,4307.08,4307.33,4304.77,4306.26,0,0,4308.766777183769,4311.442693677677,4315.039533134447,0,0,
2026-09-23T07:24:00-04:00,4306.27,4306.27,4304.13,4305.66,4306.27,4306.27,4304.13,4305.66,0,0,4307.731184789179,4310.616594580866,4314.853799805052,0,0,
2026-09-23T07:25:00-04:00,4305.66,4308.83,4305.66,4306.26,4305.66,4308.83,4305.66,4306.26,0,0,4307.240789859453,4309.9942239264565,4314.683625551487,0,0,
2026-09-23T07:26:00-04:00,4306.27,4306.67,4304.05,4304.05,4306.27,4306.67,4304.05,4304.05,0,0,4306.177193239635,4309.14504907982,4314.473058708883,0,0,
2026-09-23T07:27:00-04:00,4304.04,4306.29,4303.88,4305.8,4304.04,4306.29,4303.88,4305.8,0,0,4306.051462159757,4308.66718492556,4314.301314972074,0,0,
2026-09-23T07:28:00-04:00,4305.79,4307.51,4305.05,4307.46,4305.79,4307.51,4305.05,4307.46,0,0,4306.5209747731715,4308.494729936194,4314.165843388469,0,0,
2026-09-23T07:29:00-04:00,4307.5,4307.75,4305.77,4306.27,4307.5,4307.75,4305.77,4306.27,0,0,4306.4373165154475,4308.17691137388,4314.009490054043,0,0,
2026-09-23T07:30:00-04:00,4306.29,4306.96,4302.39,4302.46,4306.29,4306.96,4302.39,4302.46,0,0,4305.111544343632,4307.36020974904,4313.780787280696,0,0,
2026-09-23T07:31:00-04:00,4302.48,4302.71,4301.64,4301.85,4302.48,4302.71,4301.64,4301.85,0,0,4304.024362895755,4306.573036927749,4313.544534067217,0,0,
2026-09-23T07:32:00-04:00,4301.84,4302.66,4301,4301.61,4301.84,4302.66,4301,4301.61,0,0,4303.219575263836,4305.864031652356,4313.308206659945,0,0,
2026-09-23T07:33:00-04:00,4301.63,4302.8,4301.59,4301.8,4301.63,4302.8,4301.59,4301.8,0,0,4302.746383509224,4305.28345570202,4313.080321379551,0,0,
2026-09-23T07:34:00-04:00,4301.8,4302.97,4301.51,4302.2,4301.8,4302.97,4301.51,4302.2,0,0,4302.564255672816,4304.842962030302,4312.864869471045,0,0,
2026-09-23T07:35:00-04:00,4302.25,4302.64,4301.09,4302.25,4302.25,4302.64,4301.09,4302.25,0,0,4302.459503781877,4304.472538883117,4312.6546740359745,0,0,
2026-09-23T07:36:00-04:00,4302.26,4303.69,4301.43,4302.33,4302.26,4303.69,4301.43,4302.33,0,0,4302.416335854585,4304.166461899814,4312.450225045163,0,0,
2026-09-23T07:37:00-04:00,4302.34,4302.4,4299.95,4300.23,4302.34,4302.4,4299.95,4300.23,0,0,4301.68755723639,4303.604110199841,4312.208240390803,0,0,
2026-09-23T07:38:00-04:00,4300.24,4300.67,4297.46,4297.61,4300.24,4300.67,4297.46,4297.61,0,0,4300.328371490927,4302.747808742721,4311.919166323659,0,0,
2026-09-23T07:39:00-04:00,4297.58,4299.83,4294.77,4299.69,4297.58,4299.83,4294.77,4299.69,0,0,4300.115580993951,4302.310978922332,4311.677004614279,0,0,
2026-09-23T07:40:00-04:00,4299.68,4301.26,4298.21,4299.19,4299.68,4301.26,4298.21,4299.19,0,0,4299.807053995967,4301.86512479057,4311.429737196175,0,0,
2026-09-23T07:41:00-04:00,4299.19,4301.72,4298.6,4301.43,4299.19,4301.72,4298.6,4301.43,0,0,4300.348035997312,4301.802964106203,4311.231722598231,0,0,
2026-09-23T07:42:00-04:00,4301.42,4302.45,4301,4301.63,4301.42,4302.45,4301,4301.63,0,0,4300.775357331541,4301.778254948174,4311.041589477473,0,0,
2026-09-23T07:43:00-04:00,4301.63,4302.85,4300.94,4302.69,4301.63,4302.85,4300.94,4302.69,0,0,4301.413571554361,4301.908504241293,4310.8762114680185,0,0,
2026-09-23T07:44:00-04:00,4302.69,4305.02,4302.54,4304.81,4302.69,4305.02,4302.54,4304.81,0,0,4302.545714369574,4302.323003635393,4310.756088468652,0,0,
2026-09-23T07:45:00-04:00,4304.91,4306.78,4304.58,4306.64,4304.91,4306.78,4304.58,4306.64,0,0,4303.910476246383,4302.939717401766,4310.674581766302,0,0,
2026-09-23T07:46:00-04:00,4306.63,4308.31,4306.47,4308.12,4306.63,4308.31,4306.47,4308.12,1,0,4305.313650830922,4303.679757772942,4310.623995988752,0,0,
2026-09-23T07:47:00-04:00,4308.13,4308.54,4306.29,4306.96,4308.13,4308.54,4306.29,4306.96,0,0,4305.862433887281,4304.148363805379,4310.551441612737,0,0,
2026-09-23T07:48:00-04:00,4306.97,4308.18,4304.88,4307.71,4306.97,4308.18,4304.88,4307.71,0,1,4306.478289258188,4304.6571689760385,4310.495175442188,0,0,
2026-09-23T07:49:00-04:00,4307.69,4308.34,4307.35,4307.47,4307.69,4308.34,4307.35,4307.47,0,0,4306.808859505459,4305.059001979462,4310.435270977986,0,0,
2026-09-23T07:50:00-04:00,4307.48,4307.48,4305.88,4306.68,4307.48,4307.48,4305.88,4306.68,0,0,4306.765906336973,4305.290573125253,4310.360909176442,0,0,
2026-09-23T07:51:00-04:00,4306.68,4307.87,4306.59,4307.65,4306.68,4307.87,4306.59,4307.65,0,0,4307.060604224648,4305.62763410736,4310.307227806611,0,0,
2026-09-23T07:52:00-04:00,4307.65,4309.96,4307.53,4309.01,4307.65,4309.96,4307.53,4309.01,1,0,4307.710402816432,4306.11082923488,4310.281540127272,0,0,
2026-09-23T07:53:00-04:00,4309.01,4309.8,4308.83,4308.84,4309.01,4309.8,4308.83,4308.84,0,0,4308.086935210955,4306.500710772754,4310.252994778217,0,0,
2026-09-23T07:54:00-04:00,4308.85,4309.86,4308.48,4309.36,4308.85,4309.86,4308.48,4309.36,0,0,4308.511290140636,4306.909180662361,4310.235311713302,0,0,
2026-09-23T07:55:00-04:00,4309.37,4309.61,4308.28,4309.43,4309.37,4309.61,4308.28,4309.43,0,0,4308.817526760425,4307.269297710595,4310.219364946702,0,0,
2026-09-23T07:56:00-04:00,4309.45,4309.45,4308.16,4308.43,4309.45,4309.45,4308.16,4308.43,0,0,4308.688351173617,4307.435112323367,4310.18393197746,0,0,
2026-09-23T07:57:00-04:00,4308.44,4309.37,4308.43,4309.33,4308.44,4309.37,4308.43,4309.33,0,0,4308.902234115744,4307.705810562887,4310.167022433352,0,0,
2026-09-23T07:58:00-04:00,4309.36,4309.84,4308.5,4308.51,4309.36,4309.84,4308.5,4308.51,0,0,4308.7714894104965,4307.820694768188,4310.134210107939,0,0,
2026-09-23T07:59:00-04:00,4308.51,4309.92,4308.51,4309.58,4308.51,4309.92,4308.51,4309.58,0,0,4309.040992940331,4308.072024087019,4310.123235650356,0,0,
2026-09-23T08:00:00-04:00,4309.58,4312.88,4309.11,4311.59,4309.58,4312.88,4309.11,4311.59,0,0,4309.890661960221,4308.574592074588,4310.152280488963,0,0,
2026-09-23T08:01:00-04:00,4311.61,4313.36,4310.76,4312.73,4311.61,4313.36,4310.76,4312.73,0,0,4310.837107973481,4309.168221778218,4310.203324439676,0,0,
2026-09-23T08:02:00-04:00,4312.84,4313.53,4312.44,4312.95,4312.84,4313.53,4312.44,4312.95,0,0,4311.541405315654,4309.708475809901,4310.257714054732,0,0,
2026-09-23T08:03:00-04:00,4312.91,4313.87,4312.15,4313.41,4312.91,4313.87,4312.15,4313.41,0,0,4312.1642702104355,4310.237264979915,4310.320135558599,0,0,
2026-09-23T08:04:00-04:00,4313.41,4313.81,4312.23,4312.43,4313.41,4313.81,4312.23,4312.43,0,0,4312.252846806957,4310.550512839927,4310.361915052488,0,0,
2026-09-23T08:05:00-04:00,4312.43,4314.25,4312.38,4314.07,4312.43,4314.25,4312.38,4314.07,0,0,4312.858564537971,4311.053296719938,4310.435342477192,0,0,
2026-09-23T08:06:00-04:00,4314.06,4315.19,4313.94,4313.96,4314.06,4315.19,4313.94,4313.96,0,0,4313.22570969198,4311.468540045661,4310.505137675663,0,0,
2026-09-23T08:07:00-04:00,4313.97,4315.1,4313.85,4314.05,4313.97,4315.1,4313.85,4314.05,0,0,4313.500473127987,4311.837320039138,4310.575332969214,0,0,
2026-09-23T08:08:00-04:00,4314.04,4315.25,4313.53,4314.1,4314.04,4315.25,4313.53,4314.1,0,0,4313.700315418658,4312.160560033547,4310.645128355963,0,0,
2026-09-23T08:09:00-04:00,4314.11,4314.11,4312.28,4313.63,4314.11,4314.11,4312.28,4313.63,0,0,4313.676876945772,4312.370480028754,4310.704234725152,0,0,
2026-09-23T08:10:00-04:00,4313.59,4315.8,4312.92,4315.73,4313.59,4315.8,4312.92,4315.73,0,0,4314.361251297181,4312.850411453218,4310.803754829604,0,0,
2026-09-23T08:11:00-04:00,4315.74,4316.85,4315.64,4316.38,4315.74,4316.85,4315.64,4316.38,0,0,4315.034167531454,4313.354638388472,4310.914175526048,0,0,
2026-09-23T08:12:00-04:00,4316.38,4317.7,4316.36,4317.38,4316.38,4317.7,4316.36,4317.38,0,0,4315.816111687636,4313.929690047262,4311.042211654245,0,0,
2026-09-23T08:13:00-04:00,4317.5,4317.63,4315.49,4317.13,4317.5,4317.63,4315.49,4317.13,0,0,4316.254074458424,4314.386877183368,4311.162761918517,0,0,
2026-09-23T08:14:00-04:00,4317.13,4319.1,4316.77,4318.85,4317.13,4319.1,4316.77,4318.85,0,0,4317.119382972282,4315.024466157172,4311.314984454784,0,0,
2026-09-23T08:15:00-04:00,4318.85,4318.85,4317.27,4317.83,4318.85,4318.85,4317.27,4317.83,0,0,4317.356255314855,4315.425256706148,4311.4439946636,0,0,
2026-09-23T08:16:00-04:00,4317.88,4318.29,4315.54,4315.68,4317.88,4318.29,4315.54,4315.68,0,0,4316.797503543236,4315.461648605269,4311.52787595739,0,0,
2026-09-23T08:17:00-04:00,4315.64,4316.49,4314.3,4314.31,4315.64,4316.49,4314.3,4314.31,0,0,4315.968335695491,4315.297127375945,4311.5829675225905,0,0,
2026-09-23T08:18:00-04:00,4314.28,4315.17,4314.11,4315.08,4314.28,4315.17,4314.11,4315.08,0,0,4315.672223796994,4315.266109179382,4311.65221569046,0,0,
2026-09-23T08:19:00-04:00,4315.08,4316.35,4314.46,4315,4315.08,4316.35,4314.46,4315,0,0,4315.448149197996,4315.228093582327,4311.718508449065,0,0,
2026-09-23T08:20:00-04:00,4314.98,4314.98,4312.44,4312.86,4314.98,4314.98,4312.44,4312.86,0,1,4314.5854327986635,4314.889794499138,4311.741112242153,0,0,
2026-09-23T08:21:00-04:00,4312.9,4312.91,4310,4311.27,4312.9,4312.91,4310,4311.27,0,0,4313.4802885324425,4314.372680999261,4311.731783286862,0,0,
2026-09-23T08:22:00-04:00,4311.27,4312.9,4310.59,4312.34,4311.27,4312.9,4310.59,4312.34,0,0,4313.100192354962,4314.082297999367,4311.743827182172,0,0,
2026-09-23T08:23:00-04:00,4312.35,4312.49,4310.77,4311.72,4312.35,4312.49,4310.77,4311.72,0,0,4312.640128236641,4313.7448268566,4311.743355356783,0,0,
2026-09-23T08:24:00-04:00,4311.71,4314.66,4311.68,4314.52,4311.71,4314.66,4311.68,4314.52,1,0,4313.266752157761,4313.8555658770865,4311.798338419025,0,0,
2026-09-23T08:25:00-04:00,4314.52,4314.73,4313.02,4313.99,4314.52,4314.73,4313.02,4313.99,0,0,4313.507834771841,4313.874770751789,4311.841737658252,0,0,
2026-09-23T08:26:00-04:00,4313.97,4314.07,4311.99,4312.07,4313.97,4314.07,4311.99,4312.07,0,1,4313.0285565145605,4313.616946358676,4311.846257704623,0,0,
2026-09-23T08:27:00-04:00,4312.05,4313.22,4311.7,4311.96,4312.05,4313.22,4311.7,4311.96,0,0,4312.672371009707,4313.380239736008,4311.848510027304,0,0,
2026-09-23T08:28:00-04:00,4311.97,4312.7,4310.72,4311.89,4311.97,4312.7,4310.72,4311.89,0,0,4312.411580673138,4313.16734834515,4311.849331610922,0,0,
2026-09-23T08:29:00-04:00,4311.81,4312.14,4310.58,4311.19,4311.81,4312.14,4310.58,4311.19,0,0,4312.004387115425,4312.884870010128,4311.836275539418,0,0,
2026-09-23T08:30:00-04:00,4311.19,4311.21,4308.92,4309.83,4311.19,4311.21,4308.92,4309.83,0,0,4311.2795914102835,4312.448460008681,4311.796547310915,0,0,
2026-09-23T08:31:00-04:00,4309.83,4310.38,4309.05,4309.65,4309.83,4310.38,4309.05,4309.65,0,0,4310.736394273522,4312.04868000744,4311.75404142357,0,0,
2026-09-23T08:32:00-04:00,4309.64,4310.84,4308.06,4308.74,4309.64,4310.84,4308.06,4308.74,0,0,4310.070929515681,4311.576011434949,4311.694357434984,0,0,
2026-09-23T08:33:00-04:00,4308.74,4309.24,4307.92,4308.92,4308.74,4309.24,4307.92,4308.92,0,0,4309.6872863437875,4311.196581229956,4311.639419663995,0,0,
2026-09-23T08:34:00-04:00,4308.93,4309.23,4308.41,4308.97,4308.93,4309.23,4308.41,4308.97,0,0,4309.448190895859,4310.878498197105,4311.586559868669,0,0,
2026-09-23T08:35:00-04:00,4308.97,4309.65,4307.18,4307.23,4308.97,4309.65,4307.18,4307.23,0,0,4308.708793930572,4310.3572841689465,4311.500291356418,0,0,
2026-09-23T08:36:00-04:00,4307.24,4308.64,4307.23,4307.81,4307.24,4308.64,4307.23,4307.81,0,0,4308.4091959537145,4309.993386430526,4311.427216280053,0,0,
2026-09-23T08:37:00-04:00,4307.83,4308.07,4304.18,4304.43,4307.83,4308.07,4304.18,4304.43,0,0,4307.082797302476,4309.198616940451,4311.288657541833,0,0,
2026-09-23T08:38:00-04:00,4304.4,4305.68,4303.68,4304.01,4304.4,4305.68,4303.68,4304.01,0,0,4306.0585315349845,4308.457385948958,4311.144525709322,0,0,
2026-09-23T08:39:00-04:00,4304.01,4304.5,4303.42,4303.7,4304.01,4304.5,4303.42,4303.7,0,0,4305.272354356656,4307.777759384821,4310.997109358642,0,0,
2026-09-23T08:40:00-04:00,4303.7,4304.42,4301.97,4301.97,4303.7,4304.42,4301.97,4301.97,0,0,4304.171569571105,4306.948079472704,4310.818354717877,0,0,
2026-09-23T08:41:00-04:00,4301.97,4303.84,4301.97,4303.54,4301.97,4303.84,4301.97,4303.54,0,0,4303.961046380737,4306.461210976604,4310.67422888188,0,0,
2026-09-23T08:42:00-04:00,4303.55,4304.59,4302.7,4303.78,4303.55,4304.59,4302.7,4303.78,0,0,4303.900697587158,4306.078180837089,4310.53770949808,0,0,
2026-09-23T08:43:00-04:00,4303.8,4305.96,4303.11,4305.96,4303.8,4305.96,4303.11,4305.96,0,0,4304.587131724772,4306.061297860362,4310.447061785248,0,0,
2026-09-23T08:44:00-04:00,4305.96,4306.67,4303.84,4303.84,4305.96,4306.67,4303.84,4303.84,0,0,4304.338087816514,4305.743969594596,4310.316228878609,0,0,
2026-09-23T08:45:00-04:00,4303.87,4304.1,4302.22,4303.49,4303.87,4304.1,4302.22,4303.49,0,0,4304.055391877676,4305.421973938225,4310.181056029527,0,0,
2026-09-23T08:46:00-04:00,4303.5,4304.83,4303.02,4303.97,4303.5,4304.83,4303.02,4303.97,0,0,4304.02692791845,4305.214549089907,4310.058064821022,0,0,
2026-09-23T08:47:00-04:00,4303.95,4306.96,4303.85,4305.94,4303.95,4306.96,4303.85,4305.94,0,0,4304.6646186123,4305.318184934206,4309.976518982981,0,0,
2026-09-23T08:48:00-04:00,4305.93,4306.06,4304.63,4304.66,4305.93,4306.06,4304.63,4304.66,0,0,4304.663079074867,4305.224158515034,4309.871241379358,0,0,
2026-09-23T08:49:00-04:00,4304.68,4304.75,4303.2,4304.11,4304.68,4304.75,4303.2,4304.11,0,0,4304.478719383244,4305.064993012887,4309.757157391648,0,0,
2026-09-23T08:50:00-04:00,4304.08,4304.35,4303.49,4303.72,4304.08,4304.35,4303.49,4303.72,0,0,4304.225812922163,4304.872851153903,4309.637609720527,0,0,
2026-09-23T08:51:00-04:00,4303.73,4303.73,4301.72,4301.9,4303.73,4303.73,4301.72,4301.9,0,0,4303.450541948108,4304.448158131917,4309.484389726061,0,0,
2026-09-23T08:52:00-04:00,4301.9,4302.29,4301.22,4301.34,4301.9,4302.29,4301.22,4301.34,0,0,4302.747027965405,4304.004135541643,4309.323114681981,0,0,
2026-09-23T08:53:00-04:00,4301.35,4303.13,4300.9,4301.83,4301.35,4303.13,4300.9,4301.83,0,0,4302.441351976937,4303.69354474998,4309.174736173427,0,0,
2026-09-23T08:54:00-04:00,4301.83,4303.52,4301.72,4303.5,4301.83,4303.52,4301.72,4303.5,0,0,4302.794234651291,4303.665895499983,4309.062365160092,0,0,
2026-09-23T08:55:00-04:00,4303.5,4305.06,4301.79,4304.45,4303.5,4305.06,4301.79,4304.45,0,0,4303.346156434194,4303.777910428556,4308.9710311965255,0,0,
2026-09-23T08:56:00-04:00,4304.46,4307.59,4304.36,4307.58,4304.46,4307.59,4304.36,4307.58,1,0,4304.757437622796,4304.321066081619,4308.943486024317,0,0,
2026-09-23T08:57:00-04:00,4307.58,4307.99,4306.93,4307.39,4307.58,4307.99,4306.93,4307.39,0,0,4305.634958415198,4304.759485212817,4308.9127239248255,0,0,
2026-09-23T08:58:00-04:00,4307.42,4308.09,4306.34,4307.75,4307.42,4308.09,4306.34,4307.75,0,0,4306.339972276798,4305.186701610985,4308.889699688691,0,0,
2026-09-23T08:59:00-04:00,4307.8,4310.97,4307.78,4309.82,4307.8,4310.97,4307.78,4309.82,0,0,4307.499981517865,4305.848601380844,4308.908121477033,0,0,
2026-09-23T09:00:00-04:00,4309.82,4310.46,4305.53,4307.16,4309.82,4310.46,4305.53,4307.16,0,0,4307.386654345243,4306.035944040724,4308.873505210161,0,0,
2026-09-23T09:01:00-04:00,4307.21,4309.2,4306.36,4308.98,4307.21,4309.2,4306.36,4308.98,0,0,4307.917769563495,4306.456523463477,4308.87561401788,0,0,
2026-09-23T09:02:00-04:00,4308.98,4310.51,4308.09,4309.56,4308.98,4310.51,4308.09,4309.56,0,0,4308.465179708997,4306.899877254409,4308.889166215546,0,0,
2026-09-23T09:03:00-04:00,4309.51,4309.91,4306.35,4306.7,4309.51,4309.91,4306.35,4306.7,0,0,4307.876786472665,4306.871323360922,4308.845816389496,0,0,
2026-09-23T09:04:00-04:00,4306.68,4306.68,4304.6,4305.77,4306.68,4306.68,4304.6,4305.77,0,1,4307.17452431511,4306.7139914522195,4308.784909134258,0,0,
2026-09-23T09:05:00-04:00,4305.73,4306.18,4304.1,4305.14,4305.73,4306.18,4304.1,4305.14,0,0,4306.496349543407,4306.4891355304735,4308.712732715758,0,0,
2026-09-23T09:06:00-04:00,4305.04,4306.15,4304.23,4304.64,4305.04,4306.15,4304.23,4304.64,0,0,4305.877566362271,4306.224973311834,4308.632084543168,0,1,
2026-09-23T09:07:00-04:00,4304.64,4305.91,4303.7,4303.71,4304.64,4305.91,4303.7,4303.71,0,0,4305.155044241514,4305.865691410144,4308.534617522511,0,0,
2026-09-23T09:08:00-04:00,4303.7,4303.7,4301.14,4302.08,4303.7,4303.7,4301.14,4302.08,0,0,4304.130029494342,4305.324878351552,4308.406803314145,0,0,
2026-09-23T09:09:00-04:00,4302.08,4302.69,4301.64,4301.78,4302.08,4302.69,4301.64,4301.78,0,0,4303.346686329562,4304.818467158473,4308.275579486142,0,0,
2026-09-23T09:10:00-04:00,4301.8,4302.43,4298.95,4299.33,4301.8,4302.43,4298.95,4299.33,0,0,4302.007790886374,4304.0344004215485,4308.098439298298,0,0,
2026-09-23T09:11:00-04:00,4299.32,4301.04,4298.12,4300.83,4299.32,4301.04,4298.12,4300.83,0,0,4301.615193924249,4303.576628932756,4307.954509807243,0,0,
2026-09-23T09:12:00-04:00,4300.83,4301.79,4299.31,4300.9,4300.83,4301.79,4299.31,4300.9,0,0,4301.376795949499,4303.194253370933,4307.814816543733,0,0,
2026-09-23T09:13:00-04:00,4300.9,4302.46,4300.77,4302.38,4300.9,4302.46,4300.77,4302.38,0,0,4301.711197299666,4303.0779314608,4307.707196414154,0,0,
2026-09-23T09:14:00-04:00,4302.27,4302.94,4300.24,4302.4,4302.27,4302.94,4300.24,4302.4,0,0,4301.940798199777,4302.981084109257,4307.602103415854,0,0,
2026-09-23T09:15:00-04:00,4302.4,4306.09,4301.95,4305.65,4302.4,4306.09,4301.95,4305.65,0,0,4303.177198799852,4303.362357807934,4307.5634479026685,0,0,
2026-09-23T09:16:00-04:00,4305.65,4305.86,4303.32,4303.83,4305.65,4305.86,4303.32,4303.83,0,0,4303.394799199901,4303.4291638353725,4307.489518241229,0,0,
2026-09-23T09:17:00-04:00,4303.83,4303.96,4302.34,4303.47,4303.83,4303.96,4302.34,4303.47,0,0,4303.4198661332675,4303.434997573177,4307.409923820611,0,0,
2026-09-23T09:18:00-04:00,4303.47,4304.06,4301.82,4301.82,4303.47,4304.06,4301.82,4301.82,0,0,4302.886577422179,4303.204283634152,4307.299232259807,0,0,
2026-09-23T09:19:00-04:00,4301.86,4303.18,4301.71,4302.65,4301.86,4303.18,4301.71,4302.65,0,0,4302.807718281452,4303.125100257844,4307.207168254662,0,0,
2026-09-23T09:20:00-04:00,4302.66,4305.04,4302.37,4303.86,4302.66,4305.04,4302.37,4303.86,0,0,4303.158478854301,4303.2300859352945,4307.140887695164,0,0,
2026-09-23T09:21:00-04:00,4303.86,4305.3,4303.41,4303.9,4303.86,4305.3,4303.41,4303.9,1,0,4303.405652569534,4303.325787944538,4307.0767117012,0,0,
2026-09-23T09:22:00-04:00,4303.86,4305.27,4303.67,4304.8,4303.86,4305.27,4303.67,4304.8,0,0,4303.870435046356,4303.536389666747,4307.031628301176,0,0,
2026-09-23T09:23:00-04:00,4304.79,4305.97,4304.07,4304.3,4304.79,4305.97,4304.07,4304.3,0,0,4304.013623364237,4303.645476857211,4306.977536651648,0,0,
2026-09-23T09:24:00-04:00,4304.31,4306.87,4304.08,4304.16,4304.31,4306.87,4304.08,4304.16,0,0,4304.062415576158,4303.718980163324,4306.921743846665,0,0,
2026-09-23T09:25:00-04:00,4304.15,4308.47,4303.98,4308.07,4304.15,4308.47,4303.98,4308.07,0,0,4305.398277050772,4304.340554425707,4306.944481592275,0,0,
2026-09-23T09:26:00-04:00,4308.08,4308.9,4307.53,4307.89,4308.08,4308.9,4307.53,4307.89,0,0,4306.228851367181,4304.847618079177,4306.9632047290615,0,0,
2026-09-23T09:27:00-04:00,4307.87,4310.65,4307.78,4310.04,4307.87,4310.65,4307.78,4310.04,0,0,4307.499234244788,4305.5893869250085,4307.02413136809,0,0,
2026-09-23T09:28:00-04:00,4310.04,4311.73,4310.04,4311.71,4310.04,4311.73,4310.04,4311.71,0,0,4308.902822829858,4306.463760221436,4307.11692084595,0,0,
2026-09-23T09:29:00-04:00,4311.7,4312.4,4311,4312.39,4311.7,4312.4,4311,4312.39,0,0,4310.065215219905,4307.310365904088,4307.221338254941,0,0,
2026-09-23T09:30:00-04:00,4312.38,4313.54,4308.02,4308.19,4312.38,4313.54,4308.02,4308.19,0,0,4309.4401434799365,4307.43602791779,4307.240519675635,0,0,
2026-09-23T09:31:00-04:00,4308.19,4308.24,4304.06,4304.33,4308.19,4308.24,4304.06,4304.33,0,1,4307.736762319958,4306.99230964382,4307.182885622652,0,0,
2026-09-23T09:32:00-04:00,4304.42,4305.25,4302.89,4304.36,4304.42,4305.25,4302.89,4304.36,0,0,4306.611174879972,4306.6162654089885,4307.126986897451,0,1,
2026-09-23T09:33:00-04:00,4304.33,4304.4,4302.49,4303.26,4304.33,4304.4,4302.49,4303.26,0,0,4305.4941165866485,4306.13679892199,4307.050412899482,0,0,
2026-09-23T09:34:00-04:00,4303.27,4303.48,4301.02,4301.14,4303.27,4303.48,4301.02,4301.14,0,0,4304.042744391099,4305.422970504563,4306.933375020284,0,0,
2026-09-23T09:35:00-04:00,4301.17,4302.61,4299.1,4300.42,4301.17,4302.61,4299.1,4300.42,0,0,4302.835162927399,4304.708260432482,4306.80439729711,0,0,
2026-09-23T09:36:00-04:00,4300.4,4304.82,4300.05,4304.15,4300.4,4304.82,4300.05,4304.15,0,0,4303.273441951599,4304.628508942128,4306.751834974395,0,0,
2026-09-23T09:37:00-04:00,4304.2,4304.33,4301.64,4302.48,4304.2,4304.33,4301.64,4302.48,0,0,4303.008961301066,4304.321579093253,4306.667244182823,0,0,
2026-09-23T09:38:00-04:00,4302.47,4305.14,4301.77,4303.58,4302.47,4305.14,4301.77,4303.58,0,0,4303.199307534044,4304.215639222788,4306.606110634649,0,0,
2026-09-23T09:39:00-04:00,4303.58,4304.54,4302.62,4303.47,4303.58,4304.54,4302.62,4303.47,0,0,4303.28953835603,4304.109119333818,4306.544009433963,0,0,
2026-09-23T09:40:00-04:00,4303.47,4304.31,4302.56,4302.56,4303.47,4304.31,4302.56,4302.56,0,0,4303.04635890402,4303.887816571844,4306.465118158043,0,0,
2026-09-23T09:41:00-04:00,4302.57,4302.63,4299.33,4299.88,4302.57,4302.63,4299.33,4299.88,0,0,4301.990905936013,4303.3152713472955,4306.334719778676,0,0,
2026-09-23T09:42:00-04:00,4299.88,4300.06,4287.29,4287.88,4299.88,4300.06,4287.29,4287.88,0,0,4297.287270624009,4301.110232583396,4305.9692797830585,0,0,
2026-09-23T09:43:00-04:00,4287.88,4291.28,4286.75,4289.1,4287.88,4291.28,4286.75,4289.1,0,0,4294.558180416006,4299.394485071482,4305.635234638839,0,0,
2026-09-23T09:44:00-04:00,4288.8,4292.75,4288.8,4292.54,4288.8,4292.75,4288.8,4292.54,0,0,4293.88545361067,4298.415272918413,4305.3759230618325,0,0,
2026-09-23T09:45:00-04:00,4292.58,4292.58,4284.16,4284.31,4292.58,4292.58,4284.16,4284.31,0,0,4290.693635740447,4296.400233930069,4304.958776070509,0,0,
2026-09-23T09:46:00-04:00,4284.31,4285.99,4282.51,4284.4,4284.31,4285.99,4282.51,4284.4,0,0,4288.595757160298,4294.685914797202,4304.551671593866,0,0,
2026-09-23T09:47:00-04:00,4284.42,4285.89,4280.82,4284.33,4284.42,4285.89,4280.82,4284.33,0,0,4287.173838106865,4293.2064983976015,4304.151242453393,0,0,
2026-09-23T09:48:00-04:00,4284.33,4286.99,4284.08,4285.26,4284.33,4286.99,4284.08,4285.26,0,0,4286.535892071243,4292.071284340801,4303.777158444415,0,0,
2026-09-23T09:49:00-04:00,4285.1,4285.91,4282.57,4284.93,4285.1,4285.91,4282.57,4284.93,0,0,4286.000594714163,4291.051100863544,4303.40394738611,0,0,
2026-09-23T09:50:00-04:00,4284.9,4289.56,4284.77,4287.24,4284.9,4289.56,4284.77,4287.24,0,0,4286.413729809442,4290.506657883037,4303.083869220049,0,0,
2026-09-23T09:51:00-04:00,4287.25,4287.46,4284.67,4285.84,4287.25,4287.46,4284.67,4285.84,0,0,4286.222486539628,4289.839992471175,4302.742406463216,0,0,
2026-09-23T09:52:00-04:00,4285.53,4287.02,4282.89,4286.25,4285.53,4287.02,4282.89,4286.25,0,0,4286.231657693085,4289.327136403864,4302.415824157014,0,0,
2026-09-23T09:53:00-04:00,4286.22,4286.79,4282.49,4282.56,4286.22,4286.79,4282.49,4282.56,0,0,4285.00777179539,4288.3604026318835,4302.022639520242,0,0,
2026-09-23T09:54:00-04:00,4282.58,4284.18,4282.34,4283.19,4282.58,4284.18,4282.34,4283.19,0,0,4284.4018478635935,4287.621773684472,4301.649715965385,0,0,
2026-09-23T09:55:00-04:00,4283.2,4285.44,4281.42,4282.59,4283.2,4285.44,4281.42,4282.59,0,0,4283.797898575729,4286.9029488724045,4301.272295847259,0,0,
2026-09-23T09:56:00-04:00,4282.58,4284.44,4281.66,4283.5,4282.58,4284.44,4281.66,4283.5,0,0,4283.698599050486,4286.416813319204,4300.920369196818,0,0,
2026-09-23T09:57:00-04:00,4283.5,4286.65,4283.35,4286.65,4283.5,4286.65,4283.35,4286.65,0,0,4284.6823993669905,4286.450125702175,4300.637787628564,0,0,
2026-09-23T09:58:00-04:00,4286.68,4287.02,4284.7,4285.86,4286.68,4287.02,4284.7,4285.86,0,0,4285.074932911327,4286.365822030435,4300.345158170573,0,0,
2026-09-23T09:59:00-04:00,4285.92,4286.68,4283.53,4283.93,4285.92,4286.68,4283.53,4283.93,0,0,4284.693288607551,4286.017847454658,4300.020105533532,0,0,
2026-09-23T10:00:00-04:00,4283.94,4290.28,4283.64,4288.86,4283.94,4290.28,4283.64,4288.86,0,0,4286.082192405034,4286.42386924685,4299.7991133447495,0,0,
2026-09-23T10:01:00-04:00,4288.85,4290.26,4287.07,4289.76,4288.85,4290.26,4287.07,4289.76,0,0,4287.308128270023,4286.900459354442,4299.600319021091,0,0,
2026-09-23T10:02:00-04:00,4289.76,4290.97,4287.67,4288.54,4289.76,4290.97,4287.67,4288.54,0,0,4287.718752180015,4287.134679446664,4299.381302802852,0,0,
2026-09-23T10:03:00-04:00,4288.53,4290.36,4288,4288.16,4288.53,4290.36,4288,4288.16,0,0,4287.865834786677,4287.2811538114265,4299.159098786954,0,0,
2026-09-23T10:04:00-04:00,4288.28,4291.99,4288.28,4290.08,4288.28,4291.99,4288.28,4290.08,1,0,4288.603889857784,4287.680988981223,4298.979314652559,0,0,
2026-09-23T10:05:00-04:00,4290.07,4290.76,4286.56,4287.37,4290.07,4290.76,4286.56,4287.37,0,1,4288.192593238523,4287.636561983905,4298.749427233696,0,0,
2026-09-23T10:06:00-04:00,4287.32,4288.97,4286.04,4288.47,4287.32,4288.97,4286.04,4288.47,0,0,4288.285062159015,4287.755624557633,4298.545874219168,0,0,
2026-09-23T10:07:00-04:00,4288.47,4288.85,4287.01,4288.51,4288.47,4288.85,4287.01,4288.51,0,0,4288.360041439343,4287.8633924779715,4298.34714403661,0,0,
2026-09-23T10:08:00-04:00,4288.48,4292.96,4288.34,4292.72,4288.48,4292.96,4288.34,4292.72,1,0,4289.8133609595625,4288.557193552547,4298.235715441826,0,0,
2026-09-23T10:09:00-04:00,4292.75,4293.44,4291.13,4291.7,4292.75,4293.44,4291.13,4291.7,0,0,4290.442240639708,4289.006165902183,4298.106295334067,0,0,
2026-09-23T10:10:00-04:00,4291.72,4292.21,4286.77,4288.38,4291.72,4292.21,4286.77,4288.38,0,1,4289.754827093138,4288.916713630442,4297.913695426461,0,0,
2026-09-23T10:11:00-04:00,4288.39,4288.52,4284.59,4286.52,4288.39,4288.52,4284.59,4286.52,0,0,4288.676551395426,4288.574325968951,4297.688077695244,0,0,
2026-09-23T10:12:00-04:00,4286.55,4288.43,4285.25,4285.28,4286.55,4288.43,4285.25,4285.28,0,0,4287.544367596951,4288.103707973386,4297.442373186427,0,1,
2026-09-23T10:13:00-04:00,4285.27,4286.04,4283.4,4284.69,4285.27,4286.04,4283.4,4284.69,0,0,4286.592911731301,4287.616035405759,4297.189850945112,0,0,
2026-09-23T10:14:00-04:00,4284.68,4285.24,4282.16,4283.59,4284.68,4285.24,4282.16,4283.59,0,0,4285.591941154201,4287.040887490651,4296.920546966001,0,0,
2026-09-23T10:15:00-04:00,4283.6,4287.46,4282.27,4285.44,4283.6,4287.46,4282.27,4285.44,0,0,4285.541294102801,4286.812189277701,4296.693209402318,0,0,
2026-09-23T10:16:00-04:00,4285.44,4286.66,4284.86,4286.36,4285.44,4286.66,4284.86,4286.36,0,0,4285.814196068533,4286.7475908094575,4296.488591394351,0,0,
2026-09-23T10:17:00-04:00,4286.37,4286.8,4280.01,4280.03,4286.37,4286.8,4280.01,4280.03,0,0,4283.886130712355,4285.787934979535,4296.162678693472,0,0,
2026-09-23T10:18:00-04:00,4280.02,4281.69,4279.18,4280.13,4280.02,4281.69,4279.18,4280.13,0,0,4282.6340871415705,4284.979658553887,4295.845199907463,0,0,
2026-09-23T10:19:00-04:00,4280.13,4281.56,4278.01,4278.04,4280.13,4281.56,4278.01,4278.04,0,0,4281.102724761047,4283.988278760475,4295.492621691474,0,0,
2026-09-23T10:20:00-04:00,4278.07,4281.52,4278.07,4280.77,4278.07,4281.52,4278.07,4280.77,0,0,4280.991816507365,4283.528524651835,4295.2010846282765,0,0,
2026-09-23T10:21:00-04:00,4280.77,4281.72,4279.01,4280.92,4280.77,4281.72,4279.01,4280.92,0,0,4280.967877671576,4283.155878273002,4294.918290873261,0,0,
2026-09-23T10:22:00-04:00,4280.95,4282.69,4278.24,4282.2,4280.95,4282.69,4278.24,4282.2,0,0,4281.378585114384,4283.019324234001,4294.666443529236,0,0,
2026-09-23T10:23:00-04:00,4282.2,4282.93,4280.3,4282.12,4282.2,4282.93,4280.3,4282.12,0,0,4281.625723409589,4282.890849343429,4294.417999102914,0,0,
2026-09-23T10:24:00-04:00,4282.1,4284.14,4280.79,4284.1,4282.1,4284.14,4280.79,4284.1,0,0,4282.45048227306,4283.063585151511,4294.213682288995,0,0,
2026-09-23T10:25:00-04:00,4284.1,4284.9,4280.52,4280.99,4284.1,4284.9,4280.52,4280.99,0,0,4281.963654848706,4282.767358701295,4293.951827194163,0,0,
2026-09-23T10:26:00-04:00,4280.94,4281.7,4279.08,4280.67,4280.94,4281.7,4279.08,4280.67,0,0,4281.532436565804,4282.467736029682,4293.688820715071,0,0,
2026-09-23T10:27:00-04:00,4280.67,4280.91,4278.08,4278.19,4280.67,4280.91,4278.08,4278.19,0,0,4280.418291043869,4281.856630882585,4293.381913374179,0,0,
2026-09-23T10:28:00-04:00,4278.34,4280.95,4277.99,4280.75,4278.34,4280.95,4277.99,4280.75,0,0,4280.528860695913,4281.698540756502,4293.13177647568,0,0,
2026-09-23T10:29:00-04:00,4280.76,4280.98,4278.55,4280.66,4280.76,4280.98,4278.55,4280.66,0,0,4280.572573797275,4281.550177791287,4292.8848106048745,0,0,
2026-09-23T10:30:00-04:00,4280.66,4285.68,4280.49,4282.62,4280.66,4285.68,4280.49,4282.62,1,0,4281.255049198184,4281.703009535388,4292.68154702854,0,0,
2026-09-23T10:31:00-04:00,4282.62,4284.75,4282.2,4283.89,4282.62,4284.75,4282.2,4283.89,0,0,4282.133366132122,4282.0154367446185,4292.507456988371,0,0,
2026-09-23T10:32:00-04:00,4283.94,4286.53,4283,4285.2,4283.94,4286.53,4283,4285.2,0,0,4283.155577421415,4282.47037435253,4292.36275486979,0,0,
2026-09-23T10:33:00-04:00,4285.2,4289.84,4285.2,4289.66,4285.2,4289.84,4285.2,4289.66,0,0,4285.3237182809435,4283.49746373074,4292.309234971378,0,0,
2026-09-23T10:34:00-04:00,4289.55,4290.6,4288.68,4289.18,4289.55,4290.6,4288.68,4289.18,0,0,4286.609145520629,4284.309254626348,4292.24726992244,0,0,
2026-09-23T10:35:00-04:00,4289.19,4290.76,4289.19,4290.62,4289.19,4290.76,4289.19,4290.62,0,0,4287.9460970137525,4285.210789679727,4292.215046755659,0,0,
2026-09-23T10:36:00-04:00,4290.69,4290.95,4288.08,4289.06,4290.69,4290.95,4288.08,4289.06,0,0,4288.317398009169,4285.760676868337,4292.15257058228,0,0,
2026-09-23T10:37:00-04:00,4289.06,4291.44,4286.65,4287.95,4289.06,4291.44,4286.65,4287.95,0,0,4288.194932006112,4286.0734373157175,4292.0693513628285,0,0,
2026-09-23T10:38:00-04:00,4287.87,4288.56,4285.8,4286.07,4287.87,4288.56,4285.8,4286.07,0,0,4287.486621337408,4286.072946270615,4291.95055232594,0,0,
2026-09-23T10:39:00-04:00,4285.98,4286.88,4282.27,4282.32,4285.98,4286.88,4282.27,4282.32,0,1,4285.764414224938,4285.536811089099,4291.759848319486,0,0,
2026-09-23T10:40:00-04:00,4282.32,4284.52,4282.32,4284.2,4282.32,4284.52,4282.32,4284.2,0,0,4285.242942816625,4285.3458380763705,4291.610148352764,0,1,
2026-09-23T10:41:00-04:00,4284.21,4286.92,4283.54,4286.55,4284.21,4286.92,4283.54,4286.55,1,0,4285.678628544417,4285.517861208317,4291.509947395283,0,0,
2026-09-23T10:42:00-04:00,4286.57,4287.96,4285.88,4287.05,4286.57,4287.96,4285.88,4287.05,0,0,4286.135752362945,4285.736738178558,4291.421631605278,0,0,
2026-09-23T10:43:00-04:00,4287.03,4287.96,4285.78,4287.52,4287.03,4287.96,4285.78,4287.52,0,0,4286.597168241963,4285.991489867335,4291.34437157349,0,0,
2026-09-23T10:44:00-04:00,4287.52,4287.89,4286.71,4286.71,4287.52,4287.89,4286.71,4286.71,0,0,4286.634778827975,4286.094134172002,4291.252601839362,0,0,
2026-09-23T10:45:00-04:00,4286.68,4287.49,4285.28,4285.55,4286.68,4287.49,4285.28,4285.55,0,1,4286.273185885317,4286.016400718859,4291.139679030662,0,0,
2026-09-23T10:46:00-04:00,4285.62,4286.59,4284.26,4285.74,4285.62,4286.59,4284.26,4285.74,0,0,4286.095457256878,4285.976914901878,4291.03275469342,0,0,
2026-09-23T10:47:00-04:00,4285.74,4288.03,4285.71,4286.26,4285.74,4288.03,4285.71,4286.26,1,0,4286.150304837919,4286.017355630182,4290.938244699491,0,0,
2026-09-23T10:48:00-04:00,4286.23,4288.1,4284.96,4285.76,4286.23,4288.1,4284.96,4285.76,0,1,4286.020203225279,4285.980590540155,4290.835705200491,0,0,
2026-09-23T10:49:00-04:00,4285.71,4287.02,4284.78,4285.97,4285.71,4287.02,4284.78,4285.97,0,0,4286.003468816853,4285.979077605847,4290.739354602461,0,0,
2026-09-23T10:50:00-04:00,4285.93,4286.77,4284.23,4284.3,4285.93,4286.77,4284.23,4284.3,0,0,4285.435645877902,4285.73920937644,4290.6118426301355,0,1,
2026-09-23T10:51:00-04:00,4284.3,4291.42,4284.27,4290.09,4284.3,4291.42,4284.27,4290.09,1,0,4286.987097251935,4286.360750894091,4290.601509112707,0,0,0
2026-09-23T10:52:00-04:00,4290.07,4293.23,4289.49,4292.97,4290.07,4293.23,4289.49,4292.97,0,0,4288.981398167956,4287.304929337793,4290.648409922357,0,0,
2026-09-23T10:53:00-04:00,4293,4298.47,4293,4298.11,4293,4298.47,4293,4298.11,0,0,4292.024265445304,4288.848510860965,4290.79616418132,0,0,
2026-09-23T10:54:00-04:00,4298.18,4298.66,4295.5,4297.43,4298.18,4298.66,4295.5,4297.43,0,0,4293.826176963536,4290.074437880827,4290.927527266838,0,0,
2026-09-23T10:55:00-04:00,4297.42,4297.42,4293.41,4296.29,4297.42,4297.42,4293.41,4296.29,0,0,4294.647451309024,4290.962375326423,4291.033714845713,0,0,
2026-09-23T10:56:00-04:00,4296.27,4296.48,4292.63,4292.86,4296.27,4296.48,4292.63,4292.86,0,0,4294.051634206016,4291.2334645655055,4291.069878908174,0,0,
2026-09-23T10:57:00-04:00,4292.86,4295.38,4291.72,4294.79,4292.86,4295.38,4291.72,4294.79,0,0,4294.297756137345,4291.741541056148,4291.143544672369,0,0,
2026-09-23T10:58:00-04:00,4294.78,4294.78,4291.11,4291.96,4294.78,4294.78,4291.11,4291.96,0,0,4293.518504091563,4291.772749476699,4291.1597121046,0,0,
2026-09-23T10:59:00-04:00,4291.98,4294.39,4291.4,4294.39,4291.98,4294.39,4291.4,4294.39,0,0,4293.8090027277085,4292.146642408599,4291.223678201538,0,0,
2026-09-23T11:00:00-04:00,4294.37,4294.99,4291.15,4293.14,4294.37,4294.99,4291.15,4293.14,0,0,4293.586001818472,4292.288550635943,4291.261625167844,0,0,
2026-09-23T11:01:00-04:00,4293.27,4295.58,4292.25,4292.61,4293.27,4295.58,4292.25,4292.61,0,0,4293.260667878982,4292.334471973665,4291.28832565957,0,0,
2026-09-23T11:02:00-04:00,4292.56,4294.29,4292.07,4293.32,4292.56,4294.29,4292.07,4293.32,0,0,4293.280445252654,4292.475261691713,4291.328556834627,0,0,
2026-09-23T11:03:00-04:00,4293.34,4293.5,4291.99,4292.95,4293.34,4293.5,4291.99,4292.95,0,0,4293.170296835103,4292.54308145004,4291.360664620081,0,0,
2026-09-23T11:04:00-04:00,4292.96,4293.1,4289.52,4290.38,4292.96,4293.1,4289.52,4290.38,0,0,4292.240197890069,4292.23406981432,4291.341245518693,0,0,
2026-09-23T11:05:00-04:00,4290.34,4291.59,4289.54,4290.89,4290.34,4291.59,4289.54,4290.89,0,0,4291.790131926713,4292.0420598408455,4291.332309963867,0,0,
2026-09-23T11:06:00-04:00,4290.89,4291.61,4289.66,4290.57,4290.89,4291.61,4289.66,4290.57,0,0,4291.383421284475,4291.831765577867,4291.317214717058,0,0,
2026-09-23T11:07:00-04:00,4290.55,4292.9,4290.06,4292.76,4290.55,4292.9,4290.06,4292.76,0,0,4291.842280856316,4291.964370495315,4291.345784722661,0,0,
2026-09-23T11:08:00-04:00,4292.77,4295.17,4292.72,4294.11,4292.77,4295.17,4292.72,4294.11,0,0,4292.598187237544,4292.270888995984,4291.400521658846,0,0,
2026-09-23T11:09:00-04:00,4294.12,4294.82,4293.68,4294.33,4294.12,4294.82,4293.68,4294.33,0,0,4293.175458158363,4292.565047710844,4291.458531130947,0,0,
2026-09-23T11:10:00-04:00,4294.39,4297.45,4294.28,4296.93,4294.39,4297.45,4294.28,4296.93,0,0,4294.426972105575,4293.188612323581,4291.566877049147,0,0,
2026-09-23T11:11:00-04:00,4296.93,4297.31,4294.34,4294.83,4296.93,4297.31,4294.34,4294.83,0,0,4294.56131473705,4293.423096277355,4291.631493345203,0,0,
2026-09-23T11:12:00-04:00,4294.84,4297.03,4294.8,4295.2,4294.84,4297.03,4294.8,4295.2,0,0,4294.7742098247,4293.676939666305,4291.702156843318,0,0,
2026-09-23T11:13:00-04:00,4295.23,4295.32,4293.75,4295.13,4295.23,4295.32,4293.75,4295.13,0,0,4294.8928065498,4293.884519713975,4291.770034925629,0,0,
2026-09-23T11:14:00-04:00,4295.15,4296.21,4294.18,4294.19,4295.15,4296.21,4294.18,4294.19,0,0,4294.658537699866,4293.928159754836,4291.817955026112,0,0,
2026-09-23T11:15:00-04:00,4294.22,4295.3,4293.06,4293.11,4294.22,4295.3,4293.06,4293.11,0,0,4294.142358466577,4293.811279789859,4291.8435400751,0,0,
2026-09-23T11:16:00-04:00,4293.15,4293.66,4292.45,4292.84,4293.15,4293.66,4292.45,4292.84,0,0,4293.708238977718,4293.672525534165,4291.8632719548,0,0,
2026-09-23T11:17:00-04:00,4292.84,4292.89,4290.14,4291.03,4292.84,4292.89,4290.14,4291.03,0,1,4292.815492651812,4293.295021886427,4291.846771520052,0,0,
2026-09-23T11:18:00-04:00,4291.03,4292.02,4290.03,4291.57,4291.03,4292.02,4290.03,4291.57,0,0,4292.400328434541,4293.048590188366,4291.841290895893,0,0,
2026-09-23T11:19:00-04:00,4291.58,4293.1,4291.24,4293,4291.58,4293.1,4291.24,4293,1,0,4292.600218956361,4293.041648732885,4291.864235630627,0,0,
2026-09-23T11:20:00-04:00,4293.04,4293.59,4292.41,4292.64,4293.04,4293.59,4292.41,4292.64,0,0,4292.61347930424,4292.984270342473,4291.8795973013075,0,0,
2026-09-23T11:21:00-04:00,4292.62,4292.64,4290.65,4290.93,4292.62,4292.64,4290.65,4290.93,0,1,4292.05231953616,4292.690803150691,4291.860793394351,0,0,
2026-09-23T11:22:00-04:00,4290.96,4292.46,4290.96,4292.18,4290.96,4292.46,4290.96,4292.18,0,0,4292.094879690773,4292.617831272021,4291.867114317235,0,0,
2026-09-23T11:23:00-04:00,4292.18,4293.42,4291.45,4291.47,4292.18,4293.42,4291.45,4291.47,1,0,4291.886586460516,4292.4538553760185,4291.859250667389,0,0,
2026-09-23T11:24:00-04:00,4291.4,4291.99,4290.61,4291.9,4291.4,4291.99,4290.61,4291.9,0,1,4291.891057640344,4292.374733179445,4291.860057584866,0,0,
2026-09-23T11:25:00-04:00,4291.95,4293.52,4291.78,4293.14,4291.95,4293.52,4291.78,4293.14,1,0,4292.307371760229,4292.484057010953,4291.885402979225,0,0,
2026-09-23T11:26:00-04:00,4293.15,4293.93,4289.93,4290.84,4293.15,4293.93,4289.93,4290.84,0,1,4291.818247840153,4292.249191723674,4291.864701930131,0,0,
2026-09-23T11:27:00-04:00,4290.86,4291.37,4289.39,4289.58,4290.86,4291.37,4289.39,4289.58,0,0,4291.072165226768,4291.867878620292,4291.819460307752,0,0,
2026-09-23T11:28:00-04:00,4289.58,4289.58,4286.47,4286.54,4289.58,4289.58,4286.47,4286.54,0,0,4289.561443484512,4291.106753103108,4291.714916539281,0,0,
2026-09-23T11:29:00-04:00,4286.55,4286.65,4282.91,4283.36,4286.55,4286.65,4282.91,4283.36,0,0,4287.494295656341,4290.000074088378,4291.549472647414,0,0,
2026-09-23T11:30:00-04:00,4283.39,4284.26,4281.81,4284.14,4283.39,4284.26,4281.81,4284.14,0,0,4286.376197104228,4289.162920647181,4291.4027504167725,0,0,
2026-09-23T11:31:00-04:00,4284.12,4284.12,4281.59,4282.35,4284.12,4284.12,4281.59,4282.35,0,0,4285.034131402818,4288.189646269012,4291.223488032282,0,0,
2026-09-23T11:32:00-04:00,4282.35,4283.48,4281.69,4282.68,4282.35,4283.48,4281.69,4282.68,0,0,4284.249420935213,4287.402553944868,4291.054310051445,0,0,
2026-09-23T11:33:00-04:00,4282.67,4283.51,4281.65,4281.67,4282.67,4283.51,4281.65,4281.67,0,0,4283.389613956809,4286.583617667029,4290.868482129635,0,0,
2026-09-23T11:34:00-04:00,4281.68,4284.1,4280.48,4284.01,4281.68,4284.1,4280.48,4284.01,0,0,4283.5964093045395,4286.215958000311,4290.732670602315,0,0,
2026-09-23T11:35:00-04:00,4283.99,4285.78,4282.84,4285.08,4283.99,4285.78,4282.84,4285.08,0,0,4284.09093953636,4286.053678285981,4290.620736530982,0,0,
2026-09-23T11:36:00-04:00,4285.1,4285.83,4282.97,4282.99,4285.1,4285.83,4282.97,4282.99,0,0,4283.723959690907,4285.616009959412,4290.469632837299,0,0,
2026-09-23T11:37:00-04:00,4282.99,4283.34,4281.23,4282.06,4282.99,4283.34,4281.23,4282.06,0,0,4283.169306460604,4285.108008536638,4290.303105454383,0,0,
2026-09-23T11:38:00-04:00,4282.06,4282.93,4281.33,4281.37,4282.06,4282.93,4281.33,4281.37,0,0,4282.569537640403,4284.574007317118,4290.126212277068,0,0,
2026-09-23T11:39:00-04:00,4281.37,4282.57,4278.89,4279.83,4281.37,4282.57,4278.89,4279.83,0,0,4281.656358426935,4283.8962919861015,4289.922326885443,0,0,
2026-09-23T11:40:00-04:00,4279.73,4280.63,4279.01,4280.03,4279.73,4280.63,4279.01,4280.03,0,0,4281.11423895129,4283.343964559515,4289.726439224345,0,0,
2026-09-23T11:41:00-04:00,4280,4281.14,4279.21,4279.42,4280,4281.14,4279.21,4279.42,0,0,4280.5494926341935,4282.78339819387,4289.522351318912,0,0,
2026-09-23T11:42:00-04:00,4279.41,4282.58,4279.35,4282.45,4279.41,4282.58,4279.35,4282.45,0,0,4281.182995089463,4282.73576988046,4289.382304758142,0,0,
2026-09-23T11:43:00-04:00,4282.52,4283.55,4281.63,4283.38,4282.52,4283.55,4281.63,4283.38,0,0,4281.915330059642,4282.82780275468,4289.263447238179,0,0,
2026-09-23T11:44:00-04:00,4283.39,4284.59,4282.97,4284.01,4283.39,4284.59,4282.97,4284.01,0,0,4282.613553373095,4282.99668807544,4289.159418579997,0,0,
2026-09-23T11:45:00-04:00,4284.03,4285.2,4283.49,4284.98,4284.03,4285.2,4283.49,4284.98,0,0,4283.402368915396,4283.280018350377,4289.0766578160365,0,0,
2026-09-23T11:46:00-04:00,4284.96,4284.99,4284.31,4284.76,4284.96,4284.99,4284.31,4284.76,0,0,4283.854912610264,4283.491444300323,4288.991179443442,0,0,
2026-09-23T11:47:00-04:00,4284.76,4284.82,4281.74,4282.32,4284.76,4284.82,4281.74,4282.32,0,0,4283.343275073509,4283.324095114563,4288.859076880205,0,0,
2026-09-23T11:48:00-04:00,4282.31,4283.53,4279.73,4280.06,4282.31,4283.53,4279.73,4280.06,0,0,4282.248850049006,4282.857795812482,4288.684837734062,0,0,
2026-09-23T11:49:00-04:00,4280.1,4280.59,4277.69,4278.21,4280.1,4280.59,4277.69,4278.21,0,0,4280.9025666993375,4282.193824982128,4288.477415204675,0,0,
2026-09-23T11:50:00-04:00,4278.17,4279.9,4277.63,4279.64,4278.17,4279.9,4277.63,4279.64,0,0,4280.481711132892,4281.8289928418235,4288.30241688379,0,0,
2026-09-23T11:51:00-04:00,4279.64,4280.31,4278.28,4280.09,4279.64,4280.31,4278.28,4280.09,0,0,4280.351140755261,4281.580565292991,4288.139794767279,0,0,
2026-09-23T11:52:00-04:00,4280.11,4281.21,4279.73,4280.22,4280.11,4281.21,4279.73,4280.22,0,0,4280.307427170174,4281.3861988225635,4287.982967148126,0,0,
2026-09-23T11:53:00-04:00,4280.22,4280.98,4279.47,4280.38,4280.22,4280.98,4279.47,4280.38,0,0,4280.33161811345,4281.242456133626,4287.8324133432125,0,0,
2026-09-23T11:54:00-04:00,4280.38,4281.41,4280.17,4281.04,4280.38,4281.41,4280.17,4281.04,0,0,4280.567745408966,4281.213533828822,4287.697910108694,0,0,
2026-09-23T11:55:00-04:00,4281.04,4281.88,4281.01,4281.11,4281.04,4281.88,4281.01,4281.11,0,0,4280.748496939311,4281.198743281847,4287.567456443175,0,0,
2026-09-23T11:56:00-04:00,4281.11,4281.94,4280.59,4281.74,4281.11,4281.94,4280.59,4281.74,0,0,4281.07899795954,4281.276065670155,4287.452061266082,0,0,
2026-09-23T11:57:00-04:00,4281.72,4282.61,4281.21,4281.97,4281.72,4282.61,4281.21,4281.97,0,0,4281.3759986396935,4281.375199145847,4287.343505597447,0,0,
2026-09-23T11:58:00-04:00,4281.97,4282.5,4281.43,4282.01,4281.97,4282.5,4281.43,4282.01,0,0,4281.587332426462,4281.465884982154,4287.23789162522,0,0,
2026-09-23T11:59:00-04:00,4282.2,4282.28,4281.4,4282.25,4282.2,4282.28,4281.4,4282.25,0,0,4281.808221617642,4281.577901413275,4287.139121494028,0,0,
2026-09-23T12:00:00-04:00,4282.23,4283.27,4281.66,4282.04,4282.23,4283.27,4281.66,4282.04,0,0,4281.885481078428,4281.643915497093,4287.038148791175,0,0,
2026-09-23T12:01:00-04:00,4282.04,4282.43,4281.04,4281.24,4282.04,4282.43,4281.04,4281.24,0,0,4281.670320718952,4281.586213283223,4286.923333963628,0,0,
2026-09-23T12:02:00-04:00,4281.24,4281.42,4279.14,4279.56,4281.24,4281.42,4279.14,4279.56,0,0,4280.966880479302,4281.296754242762,4286.7775253702885,0,0,
2026-09-23T12:03:00-04:00,4279.56,4280.17,4279.32,4280.01,4279.56,4280.17,4279.32,4280.01,0,0,4280.647920319535,4281.112932208082,4286.643514966916,0,0,
2026-09-23T12:04:00-04:00,4280.01,4280.17,4278.75,4279.14,4280.01,4280.17,4278.75,4279.14,0,0,4280.145280213023,4280.831084749785,4286.494930512125,0,0,
2026-09-23T12:05:00-04:00,4279.15,4280.48,4278.5,4280.34,4279.15,4280.48,4278.5,4280.34,0,0,4280.210186808682,4280.76092978553,4286.373050700004,0,0,
2026-09-23T12:06:00-04:00,4280.34,4281.35,4279.45,4280.45,4280.34,4281.35,4279.45,4280.45,0,0,4280.290124539121,4280.71651124474,4286.255762567331,0,0,
2026-09-23T12:07:00-04:00,4280.44,4282.99,4280.42,4282.62,4280.44,4282.99,4280.42,4282.62,1,0,4281.066749692747,4280.988438209777,4286.183767268968,0,0,
2026-09-23T12:08:00-04:00,4282.62,4284.49,4282.57,4283.31,4282.62,4284.49,4282.57,4283.31,0,0,4281.814499795165,4281.320089894095,4286.126860986415,0,0,
2026-09-23T12:09:00-04:00,4283.3,4283.3,4282.32,4282.86,4283.3,4283.3,4282.32,4282.86,0,0,4282.1629998634435,4281.540077052081,4286.062170669852,0,0,
2026-09-23T12:10:00-04:00,4282.86,4282.86,4281.9,4282.32,4282.86,4282.86,4281.9,4282.32,0,0,4282.215333242296,4281.65149461607,4285.9880682803505,0,0,
2026-09-23T12:11:00-04:00,4282.32,4282.97,4281.96,4282.8,4282.32,4282.97,4281.96,4282.8,0,0,4282.41022216153,4281.815566813774,4285.924938215393,0,0,
2026-09-23T12:12:00-04:00,4282.81,4284,4282.75,4283.65,4282.81,4284,4282.75,4283.65,0,0,4282.82348144102,4282.077628697521,4285.8798899339,0,0,
2026-09-23T12:13:00-04:00,4283.64,4283.74,4282.82,4283.37,4283.64,4283.74,4282.82,4283.37,0,0,4283.005654294013,4282.262253169303,4285.830189143129,0,0,
2026-09-23T12:14:00-04:00,4283.38,4283.46,4282.48,4283.25,4283.38,4283.46,4282.48,4283.25,0,0,4283.087102862675,4282.403359859402,4285.77909628881,0,0,
2026-09-23T12:15:00-04:00,4283.25,4284.21,4282.58,4284.04,4283.25,4284.21,4282.58,4284.04,0,0,4283.404735241784,4282.637165593774,4285.744658738537,0,0,
2026-09-23T12:16:00-04:00,4284.04,4284.91,4283.3,4283.46,4284.04,4284.91,4283.3,4283.46,0,0,4283.423156827856,4282.754713366092,4285.699417971437,0,0,
2026-09-23T12:17:00-04:00,4283.49,4283.84,4283.22,4283.81,4283.49,4283.84,4283.22,4283.81,0,0,4283.5521045519035,4282.905468599507,4285.662003754181,0,0,
2026-09-23T12:18:00-04:00,4283.82,4284.54,4283.29,4283.54,4283.82,4284.54,4283.29,4283.54,0,0,4283.548069701269,4282.996115942435,4285.61998387786,0,0,
2026-09-23T12:19:00-04:00,4283.55,4284.52,4282.5,4284.24,4283.55,4284.52,4282.5,4284.24,0,0,4283.778713134179,4283.173813664944,4285.592657464437,0,0,
2026-09-23T12:20:00-04:00,4284.24,4284.4,4283.69,4284.13,4284.24,4284.4,4283.69,4284.13,0,0,4283.89580875612,4283.310411712809,4285.56369395029,0,0,
2026-09-23T12:21:00-04:00,4284.09,4284.46,4283.36,4284.42,4284.09,4284.46,4283.36,4284.42,0,0,4284.070539170746,4283.468924325264,4285.541046545334,0,0,
2026-09-23T12:22:00-04:00,4284.42,4284.42,4282.94,4283.55,4284.42,4284.42,4282.94,4283.55,0,0,4283.897026113831,4283.480506564512,4285.50161988107,0,0,
2026-09-23T12:23:00-04:00,4283.57,4283.57,4282.64,4283.05,4283.57,4283.57,4282.64,4283.05,0,0,4283.614684075887,4283.419005626725,4285.453072952732,0,0,
2026-09-23T12:24:00-04:00,4283.05,4283.6,4282.26,4282.37,4283.05,4283.6,4282.26,4282.37,0,1,4283.199789383925,4283.26914768005,4285.392022003173,0,0,
2026-09-23T12:25:00-04:00,4282.37,4284.95,4282.14,4284.94,4282.37,4284.95,4282.14,4284.94,1,0,4283.779859589284,4283.507840868614,4285.383071072417,0,0,
2026-09-23T12:26:00-04:00,4285.01,4285.49,4284.4,4284.41,4285.01,4285.49,4284.4,4284.41,0,0,4283.989906392856,4283.636720744526,4285.36380233831,0,0,
2026-09-23T12:27:00-04:00,4284.42,4285.01,4284.2,4284.48,4284.42,4285.01,4284.2,4284.48,0,0,4284.15327092857,4283.757189209594,4285.346301301908,0,0,
2026-09-23T12:28:00-04:00,4284.48,4285.52,4283.61,4285.04,4284.48,4285.52,4283.61,4285.04,0,0,4284.448847285714,4283.940447893938,4285.340235929593,0,0,
2026-09-23T12:29:00-04:00,4285.05,4285.89,4284.36,4285.89,4285.05,4285.89,4284.36,4285.89,0,0,4284.929231523809,4284.218955337661,4285.3511223468295,0,0,
2026-09-23T12:30:00-04:00,4285.9,4286.86,4285.9,4286.39,4285.9,4286.86,4285.9,4286.39,0,0,4285.416154349206,4284.529104575138,4285.3716941815455,0,0,
2026-09-23T12:31:00-04:00,4286.39,4286.46,4284.96,4286.07,4286.39,4286.46,4284.96,4286.07,0,0,4285.634102899471,4284.749232492975,4285.385522019535,0,0,
2026-09-23T12:32:00-04:00,4286.07,4286.82,4285.54,4285.65,4286.07,4286.82,4285.54,4285.65,0,0,4285.639401932981,4284.877913565408,4285.3907592072665,0,0,
2026-09-23T12:33:00-04:00,4285.64,4287.42,4285.4,4287.27,4285.64,4287.42,4285.4,4287.27,0,0,4286.182934621987,4285.219640198921,4285.427971896232,0,0,
2026-09-23T12:34:00-04:00,4287.27,4288.08,4286.98,4287,4287.27,4288.08,4286.98,4287,0,0,4286.455289747992,4285.4739773133615,4285.459101165613,0,0,
2026-09-23T12:35:00-04:00,4287,4287.12,4286.1,4286.71,4287,4287.12,4286.1,4286.71,0,0,4286.540193165328,4285.650551982882,4285.483871439561,0,0,
2026-09-23T12:36:00-04:00,4286.7,4288.7,4286.54,4288.11,4286.7,4288.7,4286.54,4288.11,0,0,4287.063462110218,4286.001901699613,4285.535873985312,0,0,
2026-09-23T12:37:00-04:00,4288.12,4289.19,4288.06,4288.83,4288.12,4289.19,4288.06,4288.83,0,0,4287.652308073479,4286.405915742525,4285.601104203424,0,0,
2026-09-23T12:38:00-04:00,4288.82,4289.58,4288.21,4289.58,4288.82,4289.58,4288.21,4289.58,0,0,4288.294872048986,4286.859356350736,4285.679894219198,0,0,
2026-09-23T12:39:00-04:00,4289.59,4289.7,4287.85,4287.87,4289.59,4289.7,4287.85,4287.87,0,0,4288.153248032657,4287.0037340149165,4285.723262650501,0,0,
2026-09-23T12:40:00-04:00,4287.87,4288,4286.95,4287.72,4287.87,4288,4286.95,4287.72,0,0,4288.008832021771,4287.106057727071,4285.7628020039565,0,0,
2026-09-23T12:41:00-04:00,4287.71,4288,4286.9,4287.1,4287.71,4288,4286.9,4287.1,0,0,4287.705888014514,4287.10519233749,4285.789281172195,0,0,
2026-09-23T12:42:00-04:00,4287.11,4287.88,4286.23,4286.37,4287.11,4287.88,4286.23,4286.37,0,0,4287.260592009676,4287.000164860706,4285.800780554924,0,0,
2026-09-23T12:43:00-04:00,4286.37,4288.04,4286.1,4287.53,4286.37,4288.04,4286.1,4287.53,0,0,4287.350394673117,4287.0758555948905,4285.835022524134,0,0,
2026-09-23T12:44:00-04:00,4287.53,4288.08,4286.25,4286.26,4287.53,4288.08,4286.25,4286.26,0,0,4286.986929782078,4286.9593047956205,4285.843437919695,0,0,
2026-09-23T12:45:00-04:00,4286.25,4286.95,4284.11,4285.49,4286.25,4286.95,4284.11,4285.49,0,1,4286.4879531880515,4286.749404110532,4285.836439149008,0,0,
2026-09-23T12:46:00-04:00,4285.5,4286.28,4285.36,4285.63,4285.5,4286.28,4285.36,4285.63,0,0,4286.201968792035,4286.589489237599,4285.832351245067,0,0,
2026-09-23T12:47:00-04:00,4285.62,4286.72,4284.15,4284.88,4285.62,4286.72,4284.15,4284.88,0,0,4285.761312528023,4286.345276489371,4285.813492804571,0,0,
2026-09-23T12:48:00-04:00,4284.86,4285.08,4283.98,4284.84,4284.86,4285.08,4283.98,4284.84,0,0,4285.4542083520155,4286.130236990889,4285.794215719332,0,0,
2026-09-23T12:49:00-04:00,4284.89,4285.02,4281.28,4283.04,4284.89,4285.02,4281.28,4283.04,0,0,4284.649472234677,4285.6887745636195,4285.739676794196,0,0,
2026-09-23T12:50:00-04:00,4283.06,4284.4,4282.77,4283.36,4283.06,4284.4,4282.77,4283.36,0,0,4284.2196481564515,4285.356092483103,4285.69255448144,0,0,
2026-09-23T12:51:00-04:00,4283.37,4283.37,4281.12,4281.13,4283.37,4283.37,4281.12,4281.13,0,0,4283.189765437634,4284.752364985517,4285.602206867947,0,0,
2026-09-23T12:52:00-04:00,4281.12,4281.81,4279.98,4280.5,4281.12,4281.81,4279.98,4280.5,0,0,4282.293176958423,4284.1448842733,4285.501173068581,0,0,
2026-09-23T12:53:00-04:00,4280.45,4281.94,4279.04,4281.94,4280.45,4281.94,4279.04,4281.94,0,0,4282.175451305615,4283.829900805686,4285.430654789995,0,0,
2026-09-23T12:54:00-04:00,4281.92,4283.93,4281.9,4283.06,4281.92,4283.93,4281.9,4283.06,0,0,4282.47030087041,4283.719914976302,4285.383711130788,0,0,
2026-09-23T12:55:00-04:00,4283.04,4284.29,4282.63,4283.48,4283.04,4284.29,4282.63,4283.48,0,0,4282.80686724694,4283.685641408259,4285.346013880673,0,0,
2026-09-23T12:56:00-04:00,4283.48,4285,4282.89,4284.71,4283.48,4285,4282.89,4284.71,0,0,4283.441244831293,4283.8319783499355,4285.333419546402,0,0,
2026-09-23T12:57:00-04:00,4284.69,4285.23,4283.87,4284.01,4284.69,4285.23,4283.87,4284.01,0,0,4283.630829887529,4283.8574100142305,4285.307213218751,0,0,
2026-09-23T12:58:00-04:00,4283.98,4286.07,4283.8,4285.55,4283.98,4286.07,4283.8,4285.55,0,0,4284.270553258353,4284.099208583626,4285.3120208777855,0,0,
2026-09-23T12:59:00-04:00,4285.53,4285.94,4284.98,4284.99,4285.53,4285.94,4284.98,4284.99,0,0,4284.510368838902,4284.226464500251,4285.30564422674,0,0,
2026-09-23T13:00:00-04:00,4285,4285.44,4284.13,4284.52,4285,4285.44,4284.13,4284.52,0,0,4284.513579225934,4284.268398143072,4285.290086915319,0,0,
2026-09-23T13:01:00-04:00,4284.54,4285.86,4284.41,4285,4284.54,4285.86,4284.41,4285,0,0,4284.6757194839565,4284.372912694062,4285.284342619966,0,0,
2026-09-23T13:02:00-04:00,4285.01,4285.42,4275.83,4276.92,4285.01,4285.42,4275.83,4276.92,0,0,4282.090479655971,4283.308210880624,4285.1187120730365,0,0,
2026-09-23T13:03:00-04:00,4276.92,4281.49,4276.5,4277.61,4276.92,4281.49,4276.5,4277.61,0,0,4280.596986437314,4282.49418075482,4284.970024705253,0,0,
2026-09-23T13:04:00-04:00,4277.55,4279.82,4277.49,4278.37,4277.55,4279.82,4277.49,4278.37,0,0,4279.8546576248755,4281.90501207556,4284.8393311467335,0,0,
2026-09-23T13:05:00-04:00,4278.43,4280.79,4278.2,4280.06,4278.43,4280.79,4278.2,4280.06,0,0,4279.92310508325,4281.641438921909,4284.744690926006,0,0,
2026-09-23T13:06:00-04:00,4280.08,4280.92,4278.71,4280.69,4280.08,4280.92,4278.71,4280.69,0,0,4280.178736722167,4281.505519075922,4284.664400016581,0,0,
2026-09-23T13:07:00-04:00,4280.7,4281.85,4279.96,4280.8,4280.7,4281.85,4279.96,4280.8,0,0,4280.385824481445,4281.404730636505,4284.5878772439755,0,0,
2026-09-23T13:08:00-04:00,4280.97,4283.18,4280.76,4282.11,4280.97,4283.18,4280.76,4282.11,0,0,4280.960549654296,4281.505483402718,4284.538810367857,0,0,
2026-09-23T13:09:00-04:00,4282.11,4283.95,4281.6,4283.67,4282.11,4283.95,4281.6,4283.67,0,0,4281.863699769531,4281.814700059473,4284.521606202157,0,0,
2026-09-23T13:10:00-04:00,4283.69,4284.13,4282.86,4283.78,4283.69,4284.13,4282.86,4283.78,0,0,4282.50246651302,4282.095457193834,4284.506920930828,0,0,
2026-09-23T13:11:00-04:00,4283.78,4285.37,4280.61,4280.72,4283.78,4285.37,4280.61,4280.72,0,0,4281.90831100868,4281.8989633090005,4284.431932397544,0,0,
2026-09-23T13:12:00-04:00,4280.71,4280.86,4277.71,4279.31,4280.71,4280.86,4277.71,4279.31,0,0,4281.04220733912,4281.5291114077145,4284.330507993633,0,0,
2026-09-23T13:13:00-04:00,4279.3,4279.81,4278.2,4278.57,4279.3,4279.81,4278.2,4278.57,0,0,4280.21813822608,4281.106381206612,4284.216438528412,0,0,
2026-09-23T13:14:00-04:00,4278.59,4279.49,4278.12,4279.08,4278.59,4279.49,4278.12,4279.08,0,0,4279.838758817386,4280.816898177096,4284.114726874384,0,0,
2026-09-23T13:15:00-04:00,4279.03,4279.41,4276.86,4277.32,4279.03,4279.41,4276.86,4277.32,0,0,4278.9991725449245,4280.3173412946535,4283.980177827367,0,0,
2026-09-23T13:16:00-04:00,4277.36,4278.82,4276.73,4278.62,4277.36,4278.82,4276.73,4278.62,0,0,4278.872781696617,4280.074863966845,4283.874035692172,0,0,
2026-09-23T13:17:00-04:00,4278.62,4280.05,4278.06,4280,4278.62,4280.05,4278.06,4280,0,0,4279.248521131078,4280.064169114439,4283.797322114109,0,0,
2026-09-23T13:18:00-04:00,4280,4280.58,4279.06,4279.1,4280,4280.58,4279.06,4279.1,0,0,4279.199014087385,4279.9264306695195,4283.704305834622,0,0,
2026-09-23T13:19:00-04:00,4279.09,4280.99,4278.7,4279.96,4279.09,4280.99,4278.7,4279.96,0,0,4279.452676058257,4279.931226288159,4283.6301611646295,0,0,
2026-09-23T13:20:00-04:00,4279.97,4282.32,4279.49,4282.31,4279.97,4282.32,4279.49,4282.31,0,0,4280.405117372171,4280.271051104137,4283.604019359389,0,0,
2026-09-23T13:21:00-04:00,4282.32,4283.75,4281.91,4283.34,4282.32,4283.75,4281.91,4283.34,0,0,4281.383411581447,4280.709472374974,4283.598791253263,0,0,
2026-09-23T13:22:00-04:00,4283.31,4283.46,4281.8,4282.91,4283.31,4283.46,4281.8,4282.91,0,0,4281.892274387631,4281.023833464264,4283.585151822505,0,0,
2026-09-23T13:23:00-04:00,4282.91,4284.16,4282.47,4283.76,4282.91,4284.16,4282.47,4283.76,1,0,4282.514849591754,4281.41471439794,4283.588614162653,0,0,
2026-09-23T13:24:00-04:00,4283.76,4283.78,4282.38,4282.53,4283.76,4283.78,4282.38,4282.53,0,0,4282.519899727836,4281.57404091252,4283.567651505967,0,0,
2026-09-23T13:25:00-04:00,4282.48,4282.92,4281.83,4282.16,4282.48,4282.92,4281.83,4282.16,0,1,4282.399933151891,4281.657749353589,4283.53977721872,0,0,
2026-09-23T13:26:00-04:00,4282.15,4282.58,4281.44,4282.46,4282.15,4282.58,4281.44,4282.46,0,0,4282.419955434594,4281.77235658879,4283.5183954916165,0,0,
2026-09-23T13:27:00-04:00,4282.48,4283.68,4281.27,4281.32,4282.48,4283.68,4281.27,4281.32,1,0,4282.053303623063,4281.707734218963,4283.474862907624,0,0,
2026-09-23T13:28:00-04:00,4281.33,4283,4281.33,4281.37,4281.33,4283,4281.33,4281.37,0,0,4281.825535748709,4281.659486473397,4283.433182454008,0,0,
2026-09-23T13:29:00-04:00,4281.4,4282.68,4281.16,4282.35,4281.4,4282.68,4281.16,4282.35,0,0,4282.000357165806,4281.758131262912,4283.4117332965025,0,0,
2026-09-23T13:30:00-04:00,4282.35,4282.61,4281.02,4281.9,4282.35,4282.61,4281.02,4281.9,0,0,4281.966904777204,4281.778398225353,4283.3817979837,0,0,
2026-09-23T13:31:00-04:00,4281.89,4281.99,4279.17,4279.2,4281.89,4281.99,4279.17,4279.2,0,1,4281.044603184802,4281.410055621731,4283.298990102835,0,0,
2026-09-23T13:32:00-04:00,4279.2,4279.2,4277.29,4278.5,4279.2,4279.2,4277.29,4278.5,0,0,4280.196402123202,4280.994333390055,4283.203960595848,0,0,
2026-09-23T13:33:00-04:00,4278.5,4279.63,4277.4,4279.55,4278.5,4279.63,4277.4,4279.55,0,0,4279.980934748801,4280.788000048618,4283.131604940485,0,0,
2026-09-23T13:34:00-04:00,4279.54,4281.42,4279.33,4280.89,4279.54,4281.42,4279.33,4280.89,0,0,4280.283956499201,4280.802571470244,4283.087216723841,0,0,
2026-09-23T13:35:00-04:00,4280.89,4280.89,4279.08,4279.1,4280.89,4280.89,4279.08,4279.1,0,0,4279.889304332801,4280.559346974495,4283.008261937231,0,0,
2026-09-23T13:36:00-04:00,4279.12,4279.17,4277.87,4278.7,4279.12,4279.17,4277.87,4278.7,0,0,4279.492869555201,4280.293725978139,4282.922949819662,0,0,
2026-09-23T13:37:00-04:00,4278.68,4280.94,4278.68,4280.2,4278.68,4280.94,4278.68,4280.2,0,0,4279.728579703467,4280.280336552691,4282.869030021253,0,0,
2026-09-23T13:38:00-04:00,4280.21,4280.45,4279.09,4279.35,4280.21,4280.45,4279.09,4279.35,0,0,4279.602386468979,4280.147431330878,4282.799346258455,0,0,
2026-09-23T13:39:00-04:00,4279.44,4279.65,4275.71,4276.4,4279.44,4279.65,4275.71,4276.4,0,0,4278.534924312652,4279.612083997896,4282.672626530565,0,0,
2026-09-23T13:40:00-04:00,4276.4,4279.53,4274.91,4279.35,4276.4,4279.53,4274.91,4279.35,0,0,4278.806616208435,4279.574643426768,4282.606831945802,0,0,
2026-09-23T13:41:00-04:00,4279.23,4284.05,4278.5,4283.14,4279.23,4284.05,4278.5,4283.14,1,0,4280.2510774722905,4280.083980080087,4282.617389729054,0,0,
2026-09-23T13:42:00-04:00,4283.15,4286.74,4282.51,4286.18,4283.15,4286.74,4282.51,4286.18,0,0,4282.227384981527,4280.954840068646,4282.687936467092,0,0,
2026-09-23T13:43:00-04:00,4286.2,4288.04,4285.75,4286.72,4286.2,4288.04,4285.75,4286.72,0,0,4283.724923321019,4281.778434344554,4282.767779309328,0,0,
2026-09-23T13:44:00-04:00,4286.73,4289.48,4285.3,4288.22,4286.73,4289.48,4285.3,4288.22,0,0,4285.223282214012,4282.698658009617,4282.87574407548,0,0,
2026-09-23T13:45:00-04:00,4288.21,4289.65,4287.79,4289.65,4288.21,4289.65,4287.79,4289.65,0,0,4286.698854809341,4283.691706865387,4283.009887757154,0,0,
2026-09-23T13:46:00-04:00,4289.69,4289.75,4287.16,4287.42,4289.69,4289.75,4287.16,4287.42,0,0,4286.939236539561,4284.224320170331,4283.097216712457,0,0,
2026-09-23T13:47:00-04:00,4287.39,4290.82,4287.27,4289.78,4287.39,4290.82,4287.27,4289.78,0,0,4287.88615769304,4285.017988717427,4283.229549054785,0,0,
2026-09-23T13:48:00-04:00,4289.79,4290.32,4288.89,4289.37,4289.79,4290.32,4288.89,4289.37,0,0,4288.3807717953605,4285.639704614938,4283.351142142809,0,0,
2026-09-23T13:49:00-04:00,4289.35,4290.9,4288.9,4290.69,4289.35,4290.9,4288.9,4290.69,0,0,4289.15051453024,4286.361175384232,4283.496466060774,0,0,
2026-09-23T13:50:00-04:00,4290.68,4291.53,4289.86,4289.86,4290.68,4291.53,4289.86,4289.86,0,0,4289.387009686827,4286.861007472199,4283.622476633828,0,0,
2026-09-23T13:51:00-04:00,4289.76,4290.91,4289.06,4289.52,4289.76,4290.91,4289.06,4289.52,0,0,4289.431339791218,4287.2408635475995,4283.739259274743,0,0,
2026-09-23T13:52:00-04:00,4289.56,4291.19,4289.56,4290.58,4289.56,4291.19,4289.56,4290.58,0,0,4289.814226527479,4287.717883040799,4283.874719487124,0,0,
2026-09-23T13:53:00-04:00,4290.56,4291.71,4290.35,4291.33,4290.56,4291.71,4290.35,4291.33,0,0,4290.319484351653,4288.233899749256,4284.02234880421,0,0,
2026-09-23T13:54:00-04:00,4291.37,4291.7,4290.83,4291.4,4291.37,4291.7,4290.83,4291.4,0,0,4290.679656234435,4288.6861997850765,4284.168440907097,0,0,
2026-09-23T13:55:00-04:00,4291.41,4291.64,4289.12,4289.13,4291.41,4291.64,4289.12,4289.13,0,0,4290.1631041562905,4288.74959981578,4284.2666896020055,0,0,
2026-09-23T13:56:00-04:00,4289.13,4290.26,4288.93,4289.93,4289.13,4290.26,4288.93,4289.93,0,0,4290.08540277086,4288.918228413526,4284.378834362362,0,0,
2026-09-23T13:57:00-04:00,4289.94,4292.02,4289.56,4291.74,4289.94,4292.02,4289.56,4291.74,0,0,4290.636935180573,4289.321338640165,4284.5246000185525,0,0,
2026-09-23T13:58:00-04:00,4291.75,4293.39,4291.74,4291.99,4291.75,4293.39,4291.74,4291.99,0,0,4291.087956787049,4289.702575977284,4284.672429721156,0,0,
2026-09-23T13:59:00-04:00,4292,4293.09,4292,4292.95,4292,4293.09,4292,4292.95,0,0,4291.7086378580325,4290.166493694815,4284.836342003905,0,0,
2026-09-23T14:00:00-04:00,4292.94,4293.61,4292.65,4293.31,4292.94,4293.61,4292.65,4293.31,0,0,4292.242425238688,4290.615566024127,4285.0041372117485,0,0,
2026-09-23T14:01:00-04:00,4293.29,4294.58,4293.24,4294,4293.29,4294.58,4293.24,4294,0,0,4292.8282834924585,4291.099056592108,4285.182273108546,0,0,
2026-09-23T14:02:00-04:00,4294,4294.89,4293.12,4293.12,4294,4294.89,4293.12,4293.12,0,0,4292.925522328305,4291.387762793236,4285.339455819268,0,0,
2026-09-23T14:03:00-04:00,4293.14,4293.32,4290.98,4291.27,4293.14,4293.32,4290.98,4291.27,0,0,4292.373681552203,4291.37093953706,4285.456892337698,0,0,
2026-09-23T14:04:00-04:00,4291.27,4291.57,4290.38,4290.58,4291.27,4291.57,4290.38,4290.58,0,0,4291.775787701469,4291.2579481746225,4285.5583400141795,0,0,
2026-09-23T14:05:00-04:00,4290.66,4290.74,4289.55,4290.03,4290.66,4290.74,4289.55,4290.03,0,0,4291.193858467646,4291.082527006819,4285.646887736671,0,0,
2026-09-23T14:06:00-04:00,4290.12,4291.07,4290.01,4290.24,4290.12,4291.07,4290.01,4290.24,0,0,4290.875905645097,4290.962166005845,4285.737840454756,0,0,
2026-09-23T14:07:00-04:00,4290.16,4290.87,4289.76,4290.67,4290.16,4290.87,4289.76,4290.67,0,0,4290.807270430065,4290.92042800501,4285.835506980405,0,0,
2026-09-23T14:08:00-04:00,4290.68,4291.06,4290.45,4290.59,4290.68,4291.06,4290.45,4290.59,0,0,4290.734846953376,4290.873224004295,4285.92965535703,0,0,
2026-09-23T14:09:00-04:00,4290.6,4290.88,4290.22,4290.39,4290.6,4290.88,4290.22,4290.39,0,0,4290.619897968918,4290.804192003681,4286.017979013327,0,0,
2026-09-23T14:10:00-04:00,4290.39,4290.65,4289.43,4289.78,4290.39,4290.65,4289.43,4289.78,0,1,4290.339931979279,4290.657878860298,4286.09247447841,0,0,
2026-09-23T14:11:00-04:00,4289.78,4290.17,4289.36,4289.51,4289.78,4290.17,4289.36,4289.51,0,0,4290.063287986186,4290.49389616597,4286.160148251114,0,0,
2026-09-23T14:12:00-04:00,4289.51,4289.58,4288.27,4288.71,4289.51,4289.58,4288.27,4288.71,0,0,4289.612191990791,4290.239053856546,4286.210640364953,0,0,
2026-09-23T14:13:00-04:00,4288.71,4289.78,4288.44,4289.43,4288.71,4289.78,4288.44,4289.43,0,0,4289.551461327194,4290.123474734182,4286.2743900606965,0,0,
2026-09-23T14:14:00-04:00,4289.44,4289.82,4289.19,4289.41,4289.44,4289.82,4289.19,4289.41,0,0,4289.504307551463,4290.0215497721565,4286.336481346623,0,0,
2026-09-23T14:15:00-04:00,4289.41,4290.42,4289,4290.24,4289.41,4290.42,4289,4290.24,0,0,4289.749538367642,4290.052756947563,4286.4137787457,0,0,
2026-09-23T14:16:00-04:00,4290.24,4290.63,4288.45,4288.45,4290.24,4290.63,4288.45,4288.45,0,0,4289.316358911761,4289.82379166934,4286.454099958657,0,0,
2026-09-23T14:17:00-04:00,4288.46,4290.97,4288.46,4290.33,4288.46,4290.97,4288.46,4290.33,0,0,4289.654239274508,4289.896107145149,4286.5308504545255,0,0,
2026-09-23T14:18:00-04:00,4290.31,4291.15,4290.06,4290.24,4290.31,4291.15,4290.06,4290.24,0,0,4289.849492849672,4289.9452346958415,4286.604298960377,0,0,
2026-09-23T14:19:00-04:00,4290.23,4291.41,4290.12,4290.18,4290.23,4291.41,4290.12,4290.18,1,0,4289.959661899781,4289.978772596435,4286.675104921557,0,0,
2026-09-23T14:20:00-04:00,4290.17,4290.76,4290.06,4290.58,4290.17,4290.76,4290.06,4290.58,0,1,4290.16644126652,4290.064662225516,4286.752429576576,0,0,
2026-09-23T14:21:00-04:00,4290.61,4290.86,4288.13,4288.52,4290.61,4290.86,4288.13,4288.52,0,0,4289.617627511014,4289.8439961933,4286.7874309711,0,0,
2026-09-23T14:22:00-04:00,4288.53,4289.73,4288.53,4288.69,4288.53,4289.73,4288.53,4288.69,0,0,4289.308418340675,4289.679139594257,4286.825105605335,0,0,
2026-09-23T14:23:00-04:00,4288.68,4289.93,4288.15,4288.2,4288.68,4289.93,4288.15,4288.2,0,0,4288.9389455604505,4289.467833937935,4286.8523312369125,0,0,
2026-09-23T14:24:00-04:00,4288.2,4288.23,4287.84,4288.05,4288.2,4288.23,4287.84,4288.05,0,0,4288.642630373633,4289.265286232516,4286.876047450043,0,0,
2026-09-23T14:25:00-04:00,4288.05,4288.59,4287.3,4287.64,4288.05,4288.59,4287.3,4287.64,0,0,4288.308420249089,4289.033102485014,4286.89117522331,0,0,
2026-09-23T14:26:00-04:00,4287.66,4288.07,4286.78,4287.08,4287.66,4288.07,4286.78,4287.08,0,0,4287.898946832726,4288.754087844298,4286.894914327799,0,0,
2026-09-23T14:27:00-04:00,4287.09,4287.52,4286.23,4286.47,4287.09,4287.52,4286.23,4286.47,0,0,4287.422631221818,4288.427789580826,4286.886500182693,0,0,
2026-09-23T14:28:00-04:00,4286.46,4286.51,4284.36,4284.76,4286.46,4286.51,4284.36,4284.76,0,0,4286.535087481212,4287.903819640708,4286.844391268185,0,0,
2026-09-23T14:29:00-04:00,4284.78,4286.22,4283.8,4286.08,4284.78,4286.22,4283.8,4286.08,0,0,4286.383391654142,4287.64327397775,4286.829254807429,0,0,
2026-09-23T14:30:00-04:00,4286.2,4286.2,4284.73,4284.97,4286.2,4286.2,4284.73,4284.97,0,0,4285.9122611027615,4287.261377695215,4286.792437880549,0,0,
2026-09-23T14:31:00-04:00,4285.1,4287.36,4285.1,4287.33,4285.1,4287.36,4285.1,4287.33,0,0,4286.384840735174,4287.271180881613,4286.803082674994,0,0,
2026-09-23T14:32:00-04:00,4287.34,4287.36,4286.39,4287.09,4287.34,4287.36,4286.39,4287.09,0,0,4286.619893823449,4287.245297898526,4286.808764206182,0,0,
2026-09-23T14:33:00-04:00,4287.09,4287.48,4286.45,4286.66,4287.09,4287.48,4286.45,4286.66,0,0,4286.633262548966,4287.161683913022,4286.805818380317,0,0,
2026-09-23T14:34:00-04:00,4286.68,4287.24,4286.21,4286.69,4286.68,4287.24,4286.21,4286.69,0,0,4286.652175032644,4287.094300496876,4286.803524947043,0,0,
2026-09-23T14:35:00-04:00,4286.69,4287.58,4286.55,4287.42,4286.69,4287.58,4286.55,4287.42,0,0,4286.908116688429,4287.140828997322,4286.815732373834,0,0,
2026-09-23T14:36:00-04:00,4287.41,4287.77,4286.37,4287.04,4287.41,4287.77,4286.37,4287.04,0,0,4286.952077792286,4287.126424854848,4286.820173316926,0,0,
2026-09-23T14:37:00-04:00,4287.05,4287.15,4286.3,4286.43,4287.05,4287.15,4286.3,4286.43,0,0,4286.778051861525,4287.02693558987,4286.81244711263,0,0,
2026-09-23T14:38:00-04:00,4286.47,4286.74,4285.39,4285.85,4286.47,4286.74,4285.39,4285.85,0,0,4286.468701241017,4286.858801934174,4286.793388753964,0,0,
2026-09-23T14:39:00-04:00,4285.85,4285.91,4284.94,4285.21,4285.85,4285.91,4284.94,4285.21,0,0,4286.049134160678,4286.623258800721,4286.762034521212,0,0,
2026-09-23T14:40:00-04:00,4285.21,4285.7,4284.89,4285.42,4285.21,4285.7,4284.89,4285.42,0,0,4285.839422773785,4286.4513646863315,4286.735459580198,0,0,
2026-09-23T14:41:00-04:00,4285.41,4285.91,4284.64,4285.74,4285.41,4285.91,4284.64,4285.74,0,0,4285.80628184919,4286.349741159713,4286.715747509303,0,0,
2026-09-23T14:42:00-04:00,4285.72,4286.63,4285.5,4285.52,4285.72,4286.63,4285.5,4285.52,0,0,4285.710854566127,4286.231206708325,4286.692069340802,0,0,
2026-09-23T14:43:00-04:00,4285.56,4285.98,4285.06,4285.24,4285.56,4285.98,4285.06,4285.24,0,0,4285.553903044084,4286.089605749993,4286.663315492469,0,0,
2026-09-23T14:44:00-04:00,4285.24,4285.43,4284.23,4284.41,4285.24,4285.43,4284.23,4284.41,0,0,4285.172602029389,4285.849662071422,4286.618695383708,0,0,
2026-09-23T14:45:00-04:00,4284.41,4284.46,4282.94,4284.13,4284.41,4284.46,4282.94,4284.13,0,0,4284.825068019592,4285.603996061219,4286.569414287001,0,0,
2026-09-23T14:46:00-04:00,4284.12,4284.52,4283.54,4284.04,4284.12,4284.52,4283.54,4284.04,0,0,4284.563378679728,4285.380568052473,4286.5193268753765,0,0,
2026-09-23T14:47:00-04:00,4284.03,4285.18,4284.01,4284.89,4284.03,4285.18,4284.01,4284.89,0,0,4284.672252453152,4285.31048690212,4286.487062976854,0,0,
2026-09-23T14:48:00-04:00,4284.88,4286.4,4284.79,4286.24,4284.88,4286.4,4284.79,4286.24,0,0,4285.194834968768,4285.443274487531,4286.482170640678,0,0,
2026-09-23T14:49:00-04:00,4286.24,4287.16,4286.24,4286.96,4286.24,4287.16,4286.24,4286.96,0,0,4285.783223312512,4285.659949560741,4286.491632608189,0,0,
2026-09-23T14:50:00-04:00,4286.95,4287.92,4286.75,4286.94,4286.95,4287.92,4286.75,4286.94,1,0,4286.168815541674,4285.842813909207,4286.500511170403,0,0,
2026-09-23T14:51:00-04:00,4286.94,4287.98,4286.83,4287.53,4286.94,4287.98,4286.83,4287.53,0,0,4286.62254369445,4286.083840493606,4286.520897087821,0,0,
2026-09-23T14:52:00-04:00,4287.53,4288.03,4287.4,4287.75,4287.53,4288.03,4287.4,4287.75,0,0,4286.998362462967,4286.321863280234,4286.545235759349,0,0,
2026-09-23T14:53:00-04:00,4287.75,4288.1,4286.83,4287.28,4287.75,4288.1,4286.83,4287.28,0,1,4287.092241641978,4286.458739954486,4286.559785546293,0,0,
2026-09-23T14:54:00-04:00,4287.27,4288.4,4287.16,4288.4,4287.27,4288.4,4287.16,4288.4,1,0,4287.528161094652,4286.736062818131,4286.596225436465,0,0,
2026-09-23T14:55:00-04:00,4288.38,4289.97,4287.33,4289.83,4288.38,4289.97,4287.33,4289.83,0,0,4288.295440729768,4287.178053844113,4286.660260576337,0,0,
2026-09-23T14:56:00-04:00,4289.85,4289.97,4289.25,4289.42,4289.85,4289.97,4289.25,4289.42,0,0,4288.670293819846,4287.498331866383,4286.714908881757,0,0,
2026-09-23T14:57:00-04:00,4289.42,4289.42,4288.72,4289.29,4289.42,4289.42,4288.72,4289.29,0,0,4288.876862546564,4287.7542844569,4286.765900785088,0,0,
2026-09-23T14:58:00-04:00,4289.28,4290.4,4288.96,4290.39,4289.28,4290.4,4288.96,4290.39,0,0,4289.381241697709,4288.130815248771,4286.837665125978,0,0,
2026-09-23T14:59:00-04:00,4290.37,4290.66,4289.9,4290.41,4290.37,4290.66,4289.9,4290.41,0,0,4289.724161131806,4288.456413070375,4286.908404430414,0,0,
2026-09-23T15:00:00-04:00,4290.39,4290.6,4289.15,4289.91,4290.39,4290.6,4289.15,4289.91,0,0,4289.786107421204,4288.6640683460355,4286.967841966445,0,0,
2026-09-23T15:01:00-04:00,4289.95,4290.68,4289.48,4289.84,4289.95,4290.68,4289.48,4289.84,0,0,4289.804071614136,4288.832058582316,4287.024716382951,0,0,
2026-09-23T15:02:00-04:00,4289.84,4290.28,4289.65,4289.96,4289.84,4290.28,4289.65,4289.96,0,0,4289.856047742757,4288.993193070556,4287.082840811011,0,0,
2026-09-23T15:03:00-04:00,4289.95,4290.31,4287.87,4288.2,4289.95,4290.31,4287.87,4288.2,0,1,4289.304031828505,4288.879879774762,4287.104962775149,0,0,
2026-09-23T15:04:00-04:00,4288.2,4288.9,4287.78,4288.71,4288.2,4288.9,4287.78,4288.71,0,0,4289.106021219003,4288.855611235511,4287.136745690493,0,0,
2026-09-23T15:05:00-04:00,4288.71,4289.32,4288.26,4288.61,4288.71,4289.32,4288.26,4288.61,0,0,4288.940680812669,4288.8205239161525,4287.1659190431565,0,0,
2026-09-23T15:06:00-04:00,4288.61,4291.72,4288.47,4291.51,4288.61,4291.72,4288.47,4291.51,1,0,4289.797120541779,4289.204734785274,4287.251940448243,0,0,
2026-09-23T15:07:00-04:00,4291.51,4293.02,4290.44,4292.53,4291.51,4293.02,4290.44,4292.53,0,0,4290.708080361186,4289.679772673092,4287.35645647897,0,0,
2026-09-23T15:08:00-04:00,4292.52,4293.34,4291.55,4291.56,4292.52,4293.34,4291.55,4291.56,0,0,4290.992053574124,4289.948376576936,4287.439694964535,0,0,
2026-09-23T15:09:00-04:00,4291.57,4291.67,4289.15,4289.55,4291.57,4291.67,4289.15,4289.55,0,0,4290.511369049416,4289.8914656373745,4287.481483183059,0,0,
2026-09-23T15:10:00-04:00,4289.55,4290.3,4289.15,4289.46,4289.55,4290.3,4289.15,4289.46,0,0,4290.160912699611,4289.829827689178,4287.52066173389,0,0,
2026-09-23T15:11:00-04:00,4289.45,4290.11,4289.31,4290.01,4289.45,4290.11,4289.31,4290.01,0,0,4290.110608466407,4289.855566590724,4287.569955560942,0,0,
2026-09-23T15:12:00-04:00,4290.01,4290.02,4287.57,4287.81,4290.01,4290.02,4287.57,4287.81,0,1,4289.3437389776045,4289.563342792049,4287.5747089161705,0,0,
2026-09-23T15:13:00-04:00,4287.8,4287.8,4286.1,4286.75,4287.8,4287.8,4286.1,4286.75,0,0,4288.479159318403,4289.161436678899,4287.558378046543,0,0,
2026-09-23T15:14:00-04:00,4286.74,4287.09,4284.43,4284.48,4286.74,4287.09,4284.43,4284.48,0,0,4287.146106212268,4288.4926600104845,4287.497420065423,0,0,
2026-09-23T15:15:00-04:00,4284.5,4285.57,4283.46,4283.79,4284.5,4285.57,4283.46,4283.79,0,0,4286.027404141512,4287.820851437558,4287.424005806702,0,0,
2026-09-23T15:16:00-04:00,4283.79,4285.24,4283.25,4285.24,4283.79,4285.24,4283.25,4285.24,0,0,4285.7649360943415,4287.45215837505,4287.380758166965,0,0,
2026-09-23T15:17:00-04:00,4285.24,4285.32,4284.36,4285.31,4285.24,4285.32,4284.36,4285.31,0,0,4285.613290729561,4287.146135750043,4287.339753054748,0,0,
2026-09-23T15:18:00-04:00,4285.32,4285.43,4284.15,4284.75,4285.32,4285.43,4284.15,4284.75,0,0,4285.325527153041,4286.803830642894,4287.28847081604,0,0,
2026-09-23T15:19:00-04:00,4284.73,4285.39,4283.55,4284.09,4284.73,4285.39,4283.55,4284.09,0,0,4284.913684768694,4286.416140551052,4287.225134760277,0,0,
2026-09-23T15:20:00-04:00,4284.08,4284.37,4283.68,4284.27,4284.08,4284.37,4283.68,4284.27,0,0,4284.69912317913,4286.109549043759,4287.166617240271,0,0,
2026-09-23T15:21:00-04:00,4284.09,4284.09,4283.43,4283.91,4284.09,4284.09,4283.43,4283.91,0,0,4284.43608211942,4285.795327751794,4287.102129770166,0,0,
2026-09-23T15:22:00-04:00,4283.91,4284.19,4283.43,4283.95,4283.91,4284.19,4283.43,4283.95,0,0,4284.27405474628,4285.531709501537,4287.039711358876,0,0,
2026-09-23T15:23:00-04:00,4283.94,4285.37,4283.65,4285.02,4283.94,4285.37,4283.65,4285.02,0,0,4284.522703164187,4285.458608144175,4286.999717074542,0,0,
2026-09-23T15:24:00-04:00,4285.02,4285.96,4284.97,4285.94,4285.02,4285.96,4284.97,4285.94,0,0,4284.995135442791,4285.527378409292,4286.978732578016,0,0,
2026-09-23T15:25:00-04:00,4285.94,4286.23,4285.06,4285.11,4285.94,4286.23,4285.06,4285.11,0,0,4285.033423628527,4285.467752922251,4286.941727972511,0,0,
2026-09-23T15:26:00-04:00,4285.11,4285.94,4284.45,4284.47,4285.11,4285.94,4284.45,4284.47,0,0,4284.8456157523515,4285.325216790501,4286.8927828641445,0,0,
2026-09-23T15:27:00-04:00,4284.47,4286.58,4284.33,4286.16,4284.47,4286.58,4284.33,4286.16,0,0,4285.283743834901,4285.444471534715,4286.8782723123795,0,0,
2026-09-23T15:28:00-04:00,4286.15,4286.86,4285.8,4286.84,4286.15,4286.86,4285.8,4286.84,0,0,4285.802495889934,4285.643832744042,4286.877514444807,0,0,
2026-09-23T15:29:00-04:00,4286.84,4287.14,4286.45,4286.62,4286.84,4287.14,4286.45,4286.62,0,0,4286.074997259956,4285.783285209179,4286.8724151488705,0,0,
2026-09-23T15:30:00-04:00,4286.62,4287.29,4285.87,4286.67,4286.62,4287.29,4285.87,4286.67,0,0,4286.273331506637,4285.909958750724,4286.868406928101,0,0,
2026-09-23T15:31:00-04:00,4286.67,4286.71,4284.68,4284.84,4286.67,4286.71,4284.68,4284.84,0,0,4285.795554337758,4285.757107500621,4286.828240454277,0,0,
2026-09-23T15:32:00-04:00,4284.84,4284.86,4283.74,4284.6,4284.84,4284.86,4283.74,4284.6,0,0,4285.397036225172,4285.591806429104,4286.784116880925,0,0,
2026-09-23T15:33:00-04:00,4284.62,4285.12,4284.26,4285.05,4284.62,4285.12,4284.26,4285.05,0,0,4285.281357483448,4285.51440551066,4286.749777932788,0,0,
2026-09-23T15:34:00-04:00,4285.11,4285.77,4285.04,4285.63,4285.11,4285.77,4285.04,4285.63,0,0,4285.397571655632,4285.5309190091375,4286.727604112337,0,0,
2026-09-23T15:35:00-04:00,4285.63,4285.81,4284.74,4284.83,4285.63,4285.81,4284.74,4284.83,0,0,4285.208381103755,4285.430787722118,4286.690027793281,0,0,
2026-09-23T15:36:00-04:00,4284.82,4285.25,4283.48,4283.77,4284.82,4285.25,4283.48,4283.77,0,0,4284.728920735836,4285.193532333245,4286.632205460741,0,0,
2026-09-23T15:37:00-04:00,4283.77,4283.85,4282.75,4282.75,4283.77,4283.85,4282.75,4282.75,0,0,4284.0692804905575,4284.844456285638,4286.555330105082,0,0,
2026-09-23T15:38:00-04:00,4282.75,4282.75,4281.2,4281.8,4282.75,4282.75,4281.2,4281.8,0,0,4283.312853660372,4284.409533959119,4286.4611651525065,0,0,
2026-09-23T15:39:00-04:00,4281.77,4282.44,4281.68,4282,4281.77,4282.44,4281.68,4282,0,0,4282.875235773581,4284.065314822102,4286.372825248496,0,0,
2026-09-23T15:40:00-04:00,4282.01,4284.24,4282.01,4283.93,4282.01,4284.24,4282.01,4283.93,0,0,4283.226823849054,4284.04598413323,4286.324452471298,0,0,
2026-09-23T15:41:00-04:00,4283.94,4284.87,4283.39,4283.44,4283.94,4284.87,4283.39,4283.44,0,0,4283.297882566036,4283.95941497134,4286.2673346005795,0,0,
2026-09-23T15:42:00-04:00,4283.43,4284.22,4282.78,4282.79,4283.43,4284.22,4282.78,4282.79,0,0,4283.128588377357,4283.79235568972,4286.198476489677,0,0,
2026-09-23T15:43:00-04:00,4282.78,4283.23,4282.2,4282.2,4282.78,4283.23,4282.2,4282.2,0,0,4282.819058918238,4283.564876305474,4286.119298737406,0,0,
2026-09-23T15:44:00-04:00,4282.21,4282.58,4281.71,4282.49,4282.21,4282.58,4281.71,4282.49,0,0,4282.709372612158,4283.411322547549,4286.047431435675,0,0,
2026-09-23T15:45:00-04:00,4282.49,4284.13,4282.34,4283.82,4282.49,4284.13,4282.34,4283.82,0,0,4283.079581741439,4283.469705040757,4286.0033238824935,0,0,
2026-09-23T15:46:00-04:00,4283.79,4285.66,4283.66,4285.5,4283.79,4285.66,4283.66,4285.5,1,0,4283.886387827626,4283.759747177792,4285.993357072939,0,0,
2026-09-23T15:47:00-04:00,4285.49,4286.56,4285.31,4285.93,4285.49,4286.56,4285.31,4285.93,0,0,4284.567591885084,4284.06978329525,4285.992102477435,0,0,
2026-09-23T15:48:00-04:00,4285.91,4286.5,4285.41,4286.28,4285.91,4286.5,4285.41,4286.28,0,0,4285.138394590056,4284.385528538785,4285.997803418476,0,0,
2026-09-23T15:49:00-04:00,4286.28,4286.88,4286.11,4286.83,4286.28,4286.88,4286.11,4286.83,0,0,4285.702263060038,4284.73473874753,4286.0142825587045,0,0,
2026-09-23T15:50:00-04:00,4286.85,4287.29,4285.25,4286.55,4286.85,4287.29,4285.25,4286.55,0,0,4285.984842040025,4284.994061783597,4286.024890824869,0,0,
2026-09-23T15:51:00-04:00,4286.54,4287,4285.96,4286.92,4286.54,4287,4285.96,4286.92,0,0,4286.296561360016,4285.269195814512,4286.04261575903,0,0,
2026-09-23T15:52:00-04:00,4286.93,4287.2,4284.39,4284.6,4286.93,4287.2,4284.39,4284.6,0,1,4285.731040906678,4285.173596412439,4286.014049110337,0,0,
2026-09-23T15:53:00-04:00,4284.57,4285.37,4284.35,4284.54,4284.57,4285.37,4284.35,4284.54,0,0,4285.334027271118,4285.083082639234,4285.984860019043,0,0,
2026-09-23T15:54:00-04:00,4284.54,4284.91,4283.25,4283.28,4284.54,4284.91,4283.25,4283.28,0,0,4284.649351514079,4284.825499405058,4285.931298434507,0,0,
2026-09-23T15:55:00-04:00,4283.29,4284.58,4282.7,4283.65,4283.29,4284.58,4282.7,4283.65,0,0,4284.316234342719,4284.657570918621,4285.886124208081,0,0,
2026-09-23T15:56:00-04:00,4283.65,4283.84,4282.87,4283.08,4283.65,4283.84,4282.87,4283.08,0,0,4283.904156228479,4284.432203644532,4285.83055739208,0,0,
2026-09-23T15:57:00-04:00,4283.08,4284.04,4282.13,4283.6,4283.08,4284.04,4282.13,4283.6,0,0,4283.802770818987,4284.313317409599,4285.786387938771,0,0,
2026-09-23T15:58:00-04:00,4283.6,4284.25,4283.33,4283.46,4283.6,4284.25,4283.33,4283.46,0,0,4283.688513879324,4284.191414922514,4285.740320850875,0,0,
2026-09-23T15:59:00-04:00,4283.42,4284.96,4283.09,4284.08,4283.42,4284.96,4283.09,4284.08,0,0,4283.819009252883,4284.175498505012,4285.707443210264,0,0,
2026-09-23T16:00:00-04:00,4284.14,4284.94,4283.47,4284.02,4284.14,4284.94,4283.47,4284.02,0,0,4283.886006168589,4284.153284432868,4285.674028493228,0,0,
2026-09-23T16:01:00-04:00,4284.02,4284.73,4283.81,4284.59,4284.02,4284.73,4283.81,4284.59,0,0,4284.12067077906,4284.2156723710295,4285.652562582472,0,0,
2026-09-23T16:02:00-04:00,4284.59,4285.7,4284.59,4285.12,4284.59,4285.7,4284.59,4285.12,0,0,4284.453780519373,4284.344862032311,4285.642016788759,0,0,
2026-09-23T16:03:00-04:00,4285.13,4285.57,4284.61,4284.89,4285.13,4285.57,4284.61,4284.89,0,0,4284.5991870129155,4284.422738884838,4285.627125367199,0,0,
2026-09-23T16:04:00-04:00,4284.89,4285.56,4284.64,4285.03,4284.89,4285.56,4284.64,4285.03,0,0,4284.742791341943,4284.5094904727175,4285.615301102503,0,0,
2026-09-23T16:05:00-04:00,4285.03,4286.92,4284.95,4286.75,4285.03,4286.92,4284.95,4286.75,1,0,4285.411860894629,4284.829563262329,4285.637770387601,0,0,
2026-09-23T16:06:00-04:00,4286.76,4287.95,4286.64,4287.5,4286.76,4287.95,4286.64,4287.5,0,0,4286.107907263086,4285.211054224854,4285.674646221511,0,0,
2026-09-23T16:07:00-04:00,4287.51,4287.64,4286.93,4287.17,4287.51,4287.64,4286.93,4287.17,0,0,4286.461938175391,4285.490903621303,4285.704257187421,0,0,
2026-09-23T16:08:00-04:00,4287.17,4287.19,4286.46,4286.95,4287.17,4287.19,4286.46,4286.95,0,0,4286.62462545026,4285.699345961117,4285.728925361927,0,0,
2026-09-23T16:09:00-04:00,4286.95,4287.47,4286.73,4287.26,4286.95,4287.47,4286.73,4287.26,0,0,4286.83641696684,4285.9222965381,4285.759243671592,0,0,
2026-09-23T16:10:00-04:00,4287.25,4287.33,4286.11,4286.12,4287.25,4287.33,4286.11,4286.12,0,0,4286.5976113112265,4285.9505398898,4285.766387361264,0,0,
2026-09-23T16:11:00-04:00,4286.12,4286.2,4285.1,4285.29,4286.12,4286.2,4285.1,4285.29,0,1,4286.161740874151,4285.8561770484,4285.756953948169,0,0,
2026-09-23T16:12:00-04:00,4285.29,4285.65,4285.21,4285.4,4285.29,4285.65,4285.21,4285.4,0,0,4285.907827249434,4285.791008898629,4285.749885553156,0,0,
2026-09-23T16:13:00-04:00,4285.39,4285.85,4285.19,4285.82,4285.39,4285.85,4285.19,4285.82,0,0,4285.8785514996225,4285.79515048454,4285.751273958043,0,0,
2026-09-23T16:14:00-04:00,4285.81,4285.92,4284.9,4284.94,4285.81,4285.92,4284.9,4284.94,0,0,4285.5657009997485,4285.672986129605,4285.735209127191,0,0,
2026-09-23T16:15:00-04:00,4284.93,4285.76,4284.48,4285,4284.93,4285.76,4284.48,4285,0,0,4285.377133999832,4285.576845253948,4285.720650530613,0,0,
2026-09-23T16:16:00-04:00,4285.01,4285.82,4284.99,4285.81,4285.01,4285.82,4284.99,4285.81,0,0,4285.521422666555,4285.610153074813,4285.722419827037,0,0,
2026-09-23T16:17:00-04:00,4285.81,4285.83,4284.92,4285.72,4285.81,4285.83,4284.92,4285.72,0,0,4285.587615111037,4285.6258454926965,4285.72237190967,0,0,
2026-09-23T16:18:00-04:00,4285.73,4285.94,4284.96,4285.08,4285.73,4285.94,4284.96,4285.08,0,0,4285.418410074025,4285.547867565168,4285.709651673835,0,0,
2026-09-23T16:19:00-04:00,4285.07,4285.07,4283.4,4283.4,4285.07,4285.07,4283.4,4283.4,0,0,4284.7456067160165,4285.241029341573,4285.6639159971255,0,0,
2026-09-23T16:20:00-04:00,4283.39,4284.18,4282.96,4282.96,4283.39,4284.18,4282.96,4282.96,0,0,4284.150404477345,4284.915168007063,4285.610373106093,0,0,
2026-09-23T16:21:00-04:00,4282.96,4283.51,4282.73,4283.48,4282.96,4283.51,4282.73,4283.48,0,0,4283.926936318229,4284.710144006053,4285.568187500032,0,0,
2026-09-23T16:22:00-04:00,4283.48,4284.23,4283.47,4283.87,4283.48,4284.23,4283.47,4283.87,0,0,4283.907957545486,4284.59012343376,4285.534560024784,0,0,
2026-09-23T16:23:00-04:00,4283.87,4284.36,4283.86,4284.22,4283.87,4284.36,4283.86,4284.22,0,0,4284.011971696991,4284.537248657509,4285.508529133204,0,0,
2026-09-23T16:24:00-04:00,4284.24,4284.55,4283.97,4284.19,4284.24,4284.55,4283.97,4284.19,0,0,4284.071314464661,4284.487641706436,4285.482419645418,0,0,
2026-09-23T16:25:00-04:00,4284.21,4284.68,4283.79,4284.17,4284.21,4284.68,4283.79,4284.17,0,0,4284.104209643107,4284.442264319802,4285.456431137588,0,0,
2026-09-23T16:26:00-04:00,4284.16,4284.56,4283.88,4284.37,4284.16,4284.56,4283.88,4284.37,0,0,4284.192806428739,4284.431940845545,4285.434917649715,0,0,
2026-09-23T16:27:00-04:00,4284.37,4284.4,4284.06,4284.19,4284.37,4284.4,4284.06,4284.19,0,0,4284.1918709524925,4284.39737786761,4285.410265815068,0,0,
2026-09-23T16:28:00-04:00,4284.16,4284.68,4284.14,4284.27,4284.16,4284.68,4284.14,4284.27,0,0,4284.2179139683285,4284.37918102938,4285.387686293977,0,0,
2026-09-23T16:29:00-04:00,4284.26,4285.49,4284.24,4285.49,4284.26,4285.49,4284.24,4285.49,1,0,4284.641942645552,4284.537869453754,4285.389712307958,0,0,
2026-09-23T16:30:00-04:00,4285.47,4286.1,4285.22,4286.05,4285.47,4286.1,4285.22,4286.05,0,0,4285.111295097035,4284.753888103218,4285.40278731176,0,0,
2026-09-23T16:31:00-04:00,4286.05,4286.11,4284.67,4285.72,4286.05,4286.11,4284.67,4285.72,0,0,4285.314196731357,4284.891904088472,4285.409068751132,0,0,
2026-09-23T16:32:00-04:00,4285.72,4285.76,4284.42,4284.43,4285.72,4285.76,4284.42,4284.43,0,1,4285.019464487571,4284.825917790119,4285.389681251109,0,0,
2026-09-23T16:33:00-04:00,4284.44,4284.8,4282.98,4283.15,4284.44,4284.8,4282.98,4283.15,0,0,4284.39630965838,4284.586500962959,4285.345331127325,0,0,
2026-09-23T16:34:00-04:00,4283.13,4283.72,4282.67,4282.84,4283.13,4283.72,4282.67,4282.84,0,0,4283.877539772254,4284.337000825393,4285.295720609953,0,0,
2026-09-23T16:35:00-04:00,4282.84,4283.92,4282.84,4283.9,4282.84,4283.92,4282.84,4283.9,0,0,4283.885026514836,4284.274572136052,4285.268082578073,0,0,
2026-09-23T16:36:00-04:00,4283.89,4283.93,4283.35,4283.6,4283.89,4283.93,4283.35,4283.6,0,0,4283.790017676557,4284.178204688044,4285.2350512398925,0,0,
2026-09-23T16:37:00-04:00,4283.6,4283.75,4283.09,4283.63,4283.6,4283.75,4283.09,4283.63,0,0,4283.736678451038,4284.09988973261,4285.203268047024,0,0,
2026-09-23T16:38:00-04:00,4283.64,4284.07,4283.53,4283.96,4283.64,4284.07,4283.53,4283.96,0,0,4283.811118967358,4284.079905485094,4285.178648877776,0,0,
2026-09-23T16:39:00-04:00,4283.95,4284.84,4283.95,4284.6,4283.95,4284.84,4283.95,4284.6,0,0,4284.074079311572,4284.154204701509,4285.167190484157,0,0,
2026-09-23T16:40:00-04:00,4284.6,4285.22,4284.6,4285.21,4284.6,4285.22,4284.6,4285.21,1,0,4284.452719541048,4284.3050326012935,4285.168038197342,0,0,
2026-09-23T16:41:00-04:00,4285.21,4285.67,4284.92,4284.95,4285.21,4285.67,4284.92,4284.95,0,0,4284.618479694032,4284.397170801109,4285.1637206092755,0,0,
2026-09-23T16:42:00-04:00,4284.94,4285.16,4284.91,4285,4284.94,4285.16,4284.91,4285,0,0,4284.745653129355,4284.4832892580935,4285.160478617013,0,0,
2026-09-23T16:43:00-04:00,4285,4285.51,4284.93,4284.95,4285,4285.51,4284.93,4284.95,0,0,4284.813768752903,4284.549962221223,4285.156310723607,0,0,
2026-09-23T16:44:00-04:00,4284.95,4285.82,4284.41,4285.5,4284.95,4285.82,4284.41,4285.5,0,0,4285.042512501936,4284.685681903905,4285.163116451852,0,0,
2026-09-23T16:45:00-04:00,4285.51,4286.09,4285.25,4285.26,4285.51,4286.09,4285.25,4285.26,0,0,4285.115008334624,4284.767727346204,4285.165034937954,0,0,
2026-09-23T16:46:00-04:00,4285.27,4285.65,4284.87,4285.65,4285.27,4285.65,4284.87,4285.65,0,0,4285.293338889749,4284.893766296746,4285.174638206509,0,0,
2026-09-23T16:47:00-04:00,4285.65,4286.12,4285.52,4285.74,4285.65,4286.12,4285.52,4285.74,0,0,4285.442225926499,4285.014656825782,4285.185833489549,0,0,
2026-09-23T16:48:00-04:00,4285.76,4286.12,4285.33,4286.12,4285.76,4286.12,4285.33,4286.12,0,0,4285.6681506176665,4285.172562993528,4285.20433183629,0,0,
2026-09-23T16:49:00-04:00,4286.11,4286.16,4285.48,4285.87,4286.11,4286.16,4285.48,4285.87,0,0,4285.735433745111,4285.272196851595,4285.2175133840865,0,0,
2026-09-23T16:50:00-04:00,4285.88,4286.74,4285.88,4286.32,4285.88,4286.74,4285.88,4286.32,0,0,4285.930289163407,4285.421883015653,4285.239344802223,0,0,
2026-09-23T16:51:00-04:00,4286.32,4286.58,4286.07,4286.58,4286.32,4286.58,4286.07,4286.58,0,0,4286.146859442271,4285.5873282991315,4285.265892429902,0,0,
2026-09-23T16:52:00-04:00,4286.58,4286.97,4286.58,4286.91,4286.58,4286.97,4286.58,4286.91,0,0,4286.4012396281805,4285.776281399256,4285.298449015449,0,0,
2026-09-23T16:53:00-04:00,4286.91,4287.67,4286.91,4287.35,4286.91,4287.67,4286.91,4287.35,0,0,4286.7174930854535,4286.001098342219,4285.33907378742,0,0,
2026-09-23T16:54:00-04:00,4287.46,4289.57,4287.46,4289.43,4287.46,4289.57,4287.46,4289.43,0,0,4287.621662056969,4286.490941436187,4285.420082227272,0,0,
2026-09-23T16:55:00-04:00,4289.43,4290.24,4289.43,4289.79,4289.43,4290.24,4289.43,4289.79,0,0,4288.344441371313,4286.962235516732,4285.506615252475,0,0,
2026-09-23T16:56:00-04:00,4289.8,4289.84,4287.28,4287.3,4289.8,4289.84,4287.28,4287.3,0,0,4287.996294247542,4287.0104875857705,4285.542127821733,0,0,
2026-09-23T16:57:00-04:00,4287.3,4288.07,4286.75,4286.78,4287.3,4288.07,4286.75,4286.78,0,0,4287.590862831695,4286.977560787804,4285.566640142094,0,0,
2026-09-23T18:00:00-04:00,4288.88,4291.27,4288.88,4290.52,4288.88,4291.27,4288.88,4290.52,0,0,4288.567241887797,4287.483623532403,4285.664726475914,0,0,
2026-09-23T18:01:00-04:00,4290.54,4290.8,4290.41,4290.58,4290.54,4290.8,4290.41,4290.58,0,0,4289.238161258531,4287.925963027774,4285.762058624906,0,0,
2026-09-23T18:02:00-04:00,4290.56,4291.7,4290.55,4291.21,4290.56,4291.7,4290.55,4291.21,0,0,4289.895440839021,4288.395111166663,4285.869938652136,0,0,
2026-09-23T18:03:00-04:00,4291.22,4292.4,4291.21,4292.31,4291.22,4292.4,4291.21,4292.31,0,0,4290.700293892681,4288.954380999997,4285.9974646194205,0,0,
2026-09-23T18:04:00-04:00,4292.31,4293.38,4291.99,4293.1,4292.31,4293.38,4291.99,4293.1,0,0,4291.500195928454,4289.5466122857115,4286.138108884383,0,0,
2026-09-23T18:05:00-04:00,4293.06,4294.06,4292.86,4293.67,4293.06,4294.06,4292.86,4293.67,0,0,4292.223463952302,4290.135667673467,4286.287255243108,0,0,
2026-09-23T18:06:00-04:00,4293.69,4294.18,4293.64,4293.98,4293.69,4294.18,4293.64,4293.98,0,0,4292.808975968202,4290.684858005829,4286.439586822453,0,0,
2026-09-23T18:07:00-04:00,4293.98,4294.04,4293.47,4293.68,4293.98,4294.04,4293.47,4293.68,0,0,4293.099317312134,4291.112735433568,4286.5829613408205,0,0,
2026-09-23T18:08:00-04:00,4293.68,4294.46,4293.27,4293.66,4293.68,4294.46,4293.27,4293.66,0,0,4293.286211541423,4291.47663037163,4286.72310072021,0,0,
2026-09-23T18:09:00-04:00,4293.67,4294.02,4292.36,4292.81,4293.67,4294.02,4292.36,4292.81,0,0,4293.127474360948,4291.667111747111,4286.843633379216,0,0,
2026-09-23T18:10:00-04:00,4292.81,4292.91,4291.11,4291.11,4292.81,4292.91,4291.11,4291.11,0,0,4292.4549829072985,4291.587524354667,4286.928115886558,0,0,
2026-09-23T18:11:00-04:00,4290.98,4291.05,4288.87,4289.24,4290.98,4291.05,4288.87,4289.24,0,1,4291.383321938199,4291.252163732572,4286.973895769992,0,0,
2026-09-23T18:12:00-04:00,4289.25,4289.3,4287.43,4287.44,4289.25,4289.3,4287.43,4287.44,0,0,4290.068881292133,4290.707568913633,4286.983125556725,0,0,
2026-09-23T18:13:00-04:00,4287.44,4288.51,4286.98,4288.4,4287.44,4288.51,4286.98,4288.4,0,0,4289.512587528088,4290.377916211685,4287.0111824763935,0,0,
2026-09-23T18:14:00-04:00,4288.36,4288.85,4287.12,4288.14,4288.36,4288.85,4287.12,4288.14,0,0,4289.055058352059,4290.058213895731,4287.033535298643,0,0,
2026-09-23T18:15:00-04:00,4288.21,4288.55,4287.62,4288.27,4288.21,4288.55,4287.62,4288.27,0,0,4288.793372234706,4289.802754767769,4287.058019748175,0,0,
2026-09-23T18:16:00-04:00,4288.27,4288.54,4287.02,4287.26,4288.27,4288.54,4287.02,4287.26,0,0,4288.282248156471,4289.439504086659,4287.062019357122,0,0,
2026-09-23T18:17:00-04:00,4287.27,4288.05,4287.26,4287.83,4287.27,4288.05,4287.26,4287.83,0,0,4288.13149877098,4289.209574931422,4287.077226894605,0,0,
2026-09-23T18:18:00-04:00,4287.83,4287.91,4287.09,4287.83,4287.83,4287.91,4287.09,4287.83,0,0,4288.030999180653,4289.012492798362,4287.092133292731,0,0,
2026-09-23T18:19:00-04:00,4287.83,4288.38,4287.27,4287.7,4287.83,4288.38,4287.27,4287.7,0,0,4287.920666120435,4288.824993827167,4287.104170257231,0,0,
2026-09-23T18:20:00-04:00,4287.68,4288.09,4287.34,4288.09,4287.68,4288.09,4287.34,4288.09,0,0,4287.977110746957,4288.719994709,4287.123691638276,0,0,
2026-09-23T18:21:00-04:00,4288.1,4289.15,4288.1,4288.43,4288.1,4289.15,4288.1,4288.43,1,0,4288.128073831304,4288.678566893429,4287.1495591305875,0,0,
2026-09-23T18:22:00-04:00,4288.42,4289.93,4288.35,4289.67,4288.42,4289.93,4288.35,4289.67,0,0,4288.64204922087,4288.820200194367,4287.199468850774,0,0,
2026-09-23T18:23:00-04:00,4289.47,4292.51,4289.47,4290.53,4289.47,4292.51,4289.47,4290.53,0,0,4289.271366147246,4289.064457309458,4287.2654199626395,0,0,
2026-09-23T18:24:00-04:00,4290.58,4292.3,4290.32,4291.67,4290.58,4292.3,4290.32,4291.67,0,0,4290.070910764831,4289.436677693821,4287.35263936932,0,0,
2026-09-23T18:25:00-04:00,4291.66,4291.66,4289.87,4290.83,4291.66,4291.66,4289.87,4290.83,0,0,4290.3239405098875,4289.635723737561,4287.4214979956705,0,0,
2026-09-23T18:26:00-04:00,4290.84,4291.67,4289.45,4289.45,4290.84,4291.67,4289.45,4289.45,0,0,4290.032627006592,4289.609191775053,4287.461666352192,0,0,
2026-09-23T18:27:00-04:00,4289.46,4290.68,4288.62,4289.59,4289.46,4290.68,4288.62,4289.59,0,0,4289.885084671061,4289.606450092902,4287.50381157294,0,0,
2026-09-23T18:28:00-04:00,4289.59,4290.25,4288.46,4288.47,4289.59,4290.25,4288.46,4288.47,0,0,4289.413389780708,4289.4441000796305,4287.522944017041,0,0,
2026-09-23T18:29:00-04:00,4288.47,4288.83,4288.08,4288.55,4288.47,4288.83,4288.08,4288.55,0,0,4289.125593187138,4289.316371496826,4287.543281759277,0,0,
2026-09-23T18:30:00-04:00,4288.58,4288.58,4287.94,4288.07,4288.58,4288.58,4287.94,4288.07,0,0,4288.773728791425,4289.138318425851,4287.55371182345,0,0,
2026-09-23T18:31:00-04:00,4288.08,4288.33,4287.62,4287.78,4288.08,4288.33,4287.62,4287.78,0,1,4288.44248586095,4288.944272936444,4287.558192777441,0,0,
2026-09-23T18:32:00-04:00,4287.79,4289.11,4287.74,4288.74,4287.79,4289.11,4287.74,4288.74,1,0,4288.541657240633,4288.91509108838,4287.58159490066,0,0,
2026-09-23T18:33:00-04:00,4288.74,4289.25,4288.21,4288.94,4288.74,4289.25,4288.21,4288.94,0,0,4288.674438160422,4288.918649504326,4287.608494011538,0,0,
2026-09-23T18:34:00-04:00,4288.93,4289.24,4288.46,4288.74,4288.93,4289.24,4288.46,4288.74,0,0,4288.696292106948,4288.893128146565,4287.630900070715,0,0,
2026-09-23T18:35:00-04:00,4288.75,4289.65,4288.55,4289.21,4288.75,4289.65,4288.55,4289.21,0,0,4288.867528071299,4288.938395554198,4287.662169376245,0,0,
2026-09-23T18:36:00-04:00,4289.21,4290.49,4288.69,4289.99,4289.21,4290.49,4288.69,4289.99,0,0,4289.241685380865,4289.088624760741,4287.708265032162,0,0,
2026-09-23T18:37:00-04:00,4289.98,4291.36,4289.94,4290.83,4289.98,4291.36,4289.94,4290.83,0,0,4289.771123587244,4289.337392652064,4287.770081566178,0,0,
2026-09-23T18:38:00-04:00,4290.83,4290.83,4288.01,4288.2,4290.83,4290.83,4288.01,4288.2,0,0,4289.247415724829,4289.1749079874835,4287.778594802491,0,0,
2026-09-23T18:39:00-04:00,4288.2,4290.08,4288.02,4289.54,4288.2,4290.08,4288.02,4289.54,0,0,4289.344943816553,4289.227063989271,4287.813474113333,0,0,
2026-09-23T18:40:00-04:00,4289.51,4289.95,4289,4289.73,4289.51,4289.95,4289,4289.73,0,0,4289.473295877701,4289.298911990804,4287.851425120989,0,0,
2026-09-23T18:41:00-04:00,4289.74,4290.18,4289.21,4290.04,4289.74,4290.18,4289.21,4290.04,0,0,4289.6621972518005,4289.404781706404,4287.894763237405,0,0,
2026-09-23T18:42:00-04:00,4290.05,4290.57,4289.01,4289.08,4290.05,4290.57,4289.01,4289.08,0,0,4289.4681315012,4289.358384319775,4287.918233272308,0,0,
2026-09-23T18:43:00-04:00,4289.07,4289.18,4288.33,4288.82,4289.07,4289.18,4288.33,4288.82,0,0,4289.252087667467,4289.281472274092,4287.936090039193,0,0,
2026-09-23T18:44:00-04:00,4288.82,4289.34,4288.6,4289.33,4288.82,4289.34,4288.6,4289.33,0,0,4289.278058444978,4289.288404806365,4287.963692216635,0,0,
2026-09-23T18:45:00-04:00,4289.33,4289.33,4288.53,4288.66,4289.33,4289.33,4288.53,4288.66,0,0,4289.072038963319,4289.19863269117,4287.977480489572,0,0,
2026-09-23T18:46:00-04:00,4288.65,4290,4288.09,4289.95,4288.65,4290,4288.09,4289.95,0,0,4289.3646926422125,4289.305970878146,4288.016540281858,0,0,
2026-09-23T18:47:00-04:00,4289.95,4290.77,4289.95,4290.76,4289.95,4290.77,4289.95,4290.76,0,0,4289.829795094808,4289.513689324125,4288.070866216871,0,0,
2026-09-23T18:48:00-04:00,4290.77,4291.36,4290.64,4291.22,4290.77,4291.36,4290.64,4291.22,0,0,4290.293196729872,4289.757447992108,4288.133225301685,0,0,
2026-09-23T18:49:00-04:00,4291.23,4291.35,4289.9,4290.07,4291.23,4291.35,4289.9,4290.07,0,0,4290.2187978199145,4289.802098278949,4288.17157727591,0,0,
2026-09-23T18:50:00-04:00,4290.09,4290.13,4288.14,4288.36,4290.09,4290.13,4288.14,4288.36,0,1,4289.59919854661,4289.5960842391,4288.175308418961,0,0,
2026-09-23T18:51:00-04:00,4288.36,4288.87,4288.2,4288.69,4288.36,4288.87,4288.2,4288.69,0,0,4289.296132364407,4289.466643633514,4288.185500331457,0,0,
2026-09-23T18:52:00-04:00,4288.69,4288.86,4287.78,4287.85,4288.69,4288.86,4287.78,4287.85,0,0,4288.814088242938,4289.235694543012,4288.178856760537,0,0,
2026-09-23T18:53:00-04:00,4287.85,4289.73,4287.84,4289.71,4287.85,4289.73,4287.84,4289.71,0,0,4289.112725495292,4289.303452465439,4288.209176428645,0,0,
2026-09-23T18:54:00-04:00,4289.7,4290.09,4288.29,4288.45,4289.7,4290.09,4288.29,4288.45,1,0,4288.891816996861,4289.181530684662,4288.2139452122365,0,0,
2026-09-23T18:55:00-04:00,4288.47,4290.92,4287.81,4290.64,4288.47,4290.92,4287.81,4290.64,0,0,4289.474544664574,4289.389883443996,4288.261985901103,0,0,
2026-09-23T18:56:00-04:00,4290.64,4291.1,4290.47,4290.62,4290.64,4291.1,4290.47,4290.62,0,0,4289.856363109716,4289.565614380568,4288.308679249596,0,0,
2026-09-23T18:57:00-04:00,4290.61,4290.63,4289.15,4289.17,4290.61,4290.63,4289.15,4289.17,0,1,4289.627575406477,4289.509098040487,4288.325735106039,0,0,
2026-09-23T18:58:00-04:00,4289.17,4290.06,4289.16,4289.6,4289.17,4290.06,4289.16,4289.6,0,0,4289.618383604318,4289.522084034703,4288.350968074236,0,0,
2026-09-23T18:59:00-04:00,4289.6,4289.78,4289.48,4289.5,4289.6,4289.78,4289.48,4289.5,0,0,4289.578922402879,4289.518929172603,4288.373721181677,0,0,
2026-09-23T19:00:00-04:00,4289.5,4289.96,4288.82,4289.93,4289.5,4289.96,4288.82,4289.93,0,0,4289.695948268586,4289.577653576517,4288.40453858402,0,0,
2026-09-23T19:01:00-04:00,4289.91,4289.95,4289.37,4289.38,4289.91,4289.95,4289.37,4289.38,0,0,4289.590632179057,4289.549417351301,4288.4238546516635,0,0,
2026-09-23T19:02:00-04:00,4289.39,4289.88,4289.1,4289.57,4289.39,4289.88,4289.1,4289.57,0,0,4289.583754786038,4289.552357729686,4288.446550599156,0,0,
2026-09-23T19:03:00-04:00,4289.56,4289.64,4289.08,4289.64,4289.56,4289.64,4289.08,4289.64,0,0,4289.602503190692,4289.564878054017,4288.470183260559,0,0,
2026-09-23T19:04:00-04:00,4289.63,4290.63,4289.62,4290.37,4289.63,4290.63,4289.62,4290.37,1,0,4289.858335460462,4289.679895474872,4288.507803394013,0,0,
2026-09-23T19:05:00-04:00,4290.37,4291.37,4290.36,4290.57,4290.37,4291.37,4290.36,4290.57,0,0,4290.095556973641,4289.807053264176,4288.548638970369,0,0,
2026-09-23T19:06:00-04:00,4290.56,4291.16,4290.24,4290.45,4290.56,4291.16,4290.24,4290.45,0,0,4290.213704649093,4289.898902797865,4288.586289683827,0,0,
2026-09-23T19:07:00-04:00,4290.45,4290.54,4290.17,4290.54,4290.45,4290.54,4290.17,4290.54,0,0,4290.322469766063,4289.990488112456,4288.624977016821,0,0,
2026-09-23T19:08:00-04:00,4290.54,4291.29,4290.47,4291.29,4290.54,4291.29,4290.47,4291.29,0,0,4290.644979844042,4290.176132667819,4288.677749749161,0,0,
2026-09-23T19:09:00-04:00,4291.21,4291.21,4290.5,4290.83,4291.21,4291.21,4290.5,4290.83,0,0,4290.706653229361,4290.269542286702,4288.72036856601,0,0,
2026-09-23T19:10:00-04:00,4290.82,4291.51,4290.61,4290.87,4290.82,4291.51,4290.61,4290.87,0,0,4290.761102152907,4290.35532196003,4288.762935525098,0,0,
2026-09-23T19:11:00-04:00,4290.87,4291.03,4290.85,4290.99,4290.87,4291.03,4290.85,4290.99,0,0,4290.837401435271,4290.4459902514545,4288.80703581173,0,0,
2026-09-23T19:12:00-04:00,4290.99,4291.24,4290.87,4290.94,4290.99,4291.24,4290.87,4290.94,0,0,4290.871600956847,4290.516563072675,4288.849272726349,0,0,
2026-09-23T19:13:00-04:00,4290.93,4290.99,4290.76,4290.88,4290.93,4290.99,4290.76,4290.88,0,0,4290.874400637898,4290.568482633722,4288.88948514761,0,0,
2026-09-23T19:14:00-04:00,4290.87,4291.33,4290.87,4291.32,4290.87,4291.33,4290.87,4291.32,0,0,4291.022933758599,4290.675842257476,4288.937614154588,0,0,
2026-09-23T19:15:00-04:00,4291.31,4293.3,4291.28,4292.83,4291.31,4293.3,4291.28,4292.83,0,0,4291.625289172399,4290.983579077836,4289.014691102022,0,0,
2026-09-23T19:16:00-04:00,4292.84,4292.88,4291.74,4291.76,4292.84,4292.88,4291.74,4291.76,0,0,4291.670192781599,4291.094496352431,4289.069053654457,0,0,
2026-09-23T19:17:00-04:00,4291.74,4292.15,4290.79,4291.04,4291.74,4292.15,4290.79,4291.04,0,0,4291.4601285210665,4291.086711159226,4289.1080822949625,0,0,
2026-09-23T19:18:00-04:00,4291.07,4291.2,4289.98,4290.37,4291.07,4291.2,4289.98,4290.37,0,0,4291.096752347377,4290.984323850766,4289.133070764369,0,0,
2026-09-23T19:19:00-04:00,4290.37,4290.41,4289.12,4290.12,4290.37,4290.41,4289.12,4290.12,0,0,4290.771168231585,4290.860849014942,4289.15261391755,0,0,
2026-09-23T19:20:00-04:00,4290.12,4290.96,4289.25,4290.92,4290.12,4290.96,4289.25,4290.92,0,0,4290.820778821057,4290.8692991556645,4289.187611661757,0,0,
2026-09-23T19:21:00-04:00,4290.93,4290.94,4289.31,4289.52,4290.93,4290.94,4289.31,4289.52,0,0,4290.387185880704,4290.676542133427,4289.194193609049,0,0,
2026-09-23T19:22:00-04:00,4289.54,4290.1,4289.02,4289.92,4289.54,4290.1,4289.02,4289.92,0,0,4290.231457253803,4290.568464685794,4289.2085660128305,0,0,
2026-09-23T19:23:00-04:00,4289.9,4290.43,4289.9,4290.17,4289.9,4290.43,4289.9,4290.17,0,0,4290.210971502535,4290.511541159252,4289.227604309606,0,0,
2026-09-23T19:24:00-04:00,4290.16,4290.19,4289.67,4289.95,4290.16,4290.19,4289.67,4289.95,0,0,4290.1239810016905,4290.4313209936445,4289.241909174762,0,0,
2026-09-23T19:25:00-04:00,4289.95,4289.96,4289.39,4289.49,4289.95,4289.96,4289.39,4289.49,0,1,4289.912654001127,4290.296846565981,4289.246821864371,0,0,
2026-09-23T19:26:00-04:00,4289.48,4289.67,4288.26,4288.88,4289.48,4289.67,4288.26,4288.88,0,0,4289.568436000751,4290.094439913698,4289.239558065076,0,0,
2026-09-23T19:27:00-04:00,4288.88,4289.18,4288.78,4288.94,4288.88,4289.18,4288.78,4288.94,0,0,4289.358957333834,4289.929519926027,4289.233626222203,0,0,
2026-09-23T19:28:00-04:00,4288.94,4289.58,4288.92,4288.94,4288.94,4289.58,4288.92,4288.94,0,0,4289.219304889222,4289.788159936595,4289.227811841566,0,0,
2026-09-23T19:29:00-04:00,4288.94,4288.94,4287.95,4288.22,4288.94,4288.94,4287.95,4288.22,0,0,4288.886203259482,4289.56413708851,4289.207855171436,0,0,
2026-09-23T19:30:00-04:00,4288.17,4288.76,4287.93,4288.55,4288.17,4288.76,4287.93,4288.55,0,0,4288.774135506321,4289.419260361579,4289.194828336358,0,0,
2026-09-23T19:31:00-04:00,4288.56,4288.56,4286.37,4286.42,4288.56,4288.56,4286.37,4286.42,0,0,4287.989423670881,4288.990794595639,4289.139881240589,0,0,
2026-09-23T19:32:00-04:00,4286.42,4286.97,4286.32,4286.44,4286.42,4286.97,4286.32,4286.44,0,0,4287.472949113921,4288.626395367691,4289.086418245725,0,0,
2026-09-23T19:33:00-04:00,4286.43,4286.75,4286.03,4286.07,4286.43,4286.75,4286.03,4286.07,0,0,4287.00529940928,4288.261196029449,4289.0266871913545,0,0,
2026-09-23T19:34:00-04:00,4286.07,4286.17,4285.63,4285.86,4286.07,4286.17,4285.63,4285.86,0,0,4286.62353293952,4287.918168025242,4288.963980514298,0,0,
2026-09-23T19:35:00-04:00,4285.87,4285.89,4285.57,4285.7,4285.87,4285.89,4285.57,4285.7,0,0,4286.315688626347,4287.601286878779,4288.899347236787,0,0,
2026-09-23T19:36:00-04:00,4285.71,4286.43,4285.71,4286.43,4285.71,4286.43,4285.71,4286.43,0,0,4286.353792417564,4287.433960181811,4288.850449271703,0,0,
2026-09-23T19:37:00-04:00,4286.44,4287.17,4285.87,4287.01,4286.44,4287.17,4285.87,4287.01,0,0,4286.572528278376,4287.373394441553,4288.814004731669,0,0,
2026-09-23T19:38:00-04:00,4287.02,4287.54,4286.57,4287.3,4287.02,4287.54,4286.57,4287.3,0,0,4286.81501885225,4287.362909521331,4288.784024439953,0,0,
2026-09-23T19:39:00-04:00,4287.3,4287.43,4286.42,4286.43,4287.3,4287.43,4286.42,4286.43,0,0,4286.686679234834,4287.22963673257,4288.737410094607,0,0,
2026-09-23T19:40:00-04:00,4286.53,4287.18,4286.42,4286.8,4286.53,4287.18,4286.42,4286.8,0,0,4286.724452823222,4287.168260056488,4288.699045538278,0,0,
2026-09-23T19:41:00-04:00,4286.79,4286.82,4285.43,4285.51,4286.79,4286.82,4285.43,4285.51,0,0,4286.319635215482,4286.931365762704,4288.635896121679,0,0,
2026-09-23T19:42:00-04:00,4285.51,4285.73,4285.33,4285.62,4285.51,4285.73,4285.33,4285.62,0,0,4286.086423476988,4286.744027796603,4288.576175406399,0,0,
2026-09-23T19:43:00-04:00,4285.62,4285.62,4285.08,4285.33,4285.62,4285.62,4285.08,4285.33,0,0,4285.834282317992,4286.54202382566,4288.5118947052815,0,0,
2026-09-23T19:44:00-04:00,4285.33,4285.52,4285.18,4285.33,4285.33,4285.52,4285.18,4285.33,0,0,4285.666188211994,4286.368877564852,4288.448886889335,0,0,
2026-09-23T19:45:00-04:00,4285.32,4287.06,4285.3,4286.85,4285.32,4287.06,4285.3,4286.85,0,0,4286.060792141329,4286.437609341301,4288.417225762813,0,0,
2026-09-23T19:46:00-04:00,4286.84,4287.28,4286.6,4287.15,4286.84,4287.28,4286.6,4287.15,1,0,4286.423861427553,4286.539379435401,4288.392132183351,0,0,
2026-09-23T19:47:00-04:00,4287.14,4288.94,4287.14,4288.66,4287.14,4288.94,4287.14,4288.66,0,0,4287.169240951702,4286.842325230344,4288.3974364965525,0,0,
2026-09-23T19:48:00-04:00,4288.65,4288.88,4287.92,4288.57,4288.65,4288.88,4287.92,4288.57,0,0,4287.636160634468,4287.089135911723,4288.400853595631,0,0,
2026-09-23T19:49:00-04:00,4288.57,4290.01,4288.57,4289.84,4288.57,4290.01,4288.57,4289.84,0,0,4288.370773756312,4287.482116495763,4288.429351544232,0,0,
2026-09-23T19:50:00-04:00,4289.85,4290.16,4288.96,4289.77,4289.85,4290.16,4288.96,4289.77,0,0,4288.837182504208,4287.808956996369,4288.455899038406,0,0,
2026-09-23T19:51:00-04:00,4289.77,4290.43,4289.33,4290.43,4289.77,4290.43,4289.33,4290.43,0,0,4289.368121669472,4288.1833917111735,4288.494990146556,0,0,
2026-09-23T19:52:00-04:00,4290.48,4291.76,4290.45,4291.21,4290.48,4291.76,4290.45,4291.21,0,0,4289.982081112981,4288.615764323863,4288.548752717911,0,0,
2026-09-23T19:53:00-04:00,4291.17,4291.27,4290.63,4290.68,4291.17,4291.27,4290.63,4290.68,0,0,4290.214720741988,4288.9106551347395,4288.590955634389,0,0,
2026-09-23T19:54:00-04:00,4290.67,4291.41,4290.29,4290.75,4290.67,4291.41,4290.29,4290.75,0,0,4290.393147161325,4289.17341868692,4288.633708988163,0,0,
2026-09-23T19:55:00-04:00,4290.75,4290.86,4289.94,4290.35,4290.75,4290.86,4289.94,4290.35,0,0,4290.3787647742165,4289.341501731646,4288.667694948793,0,0,
2026-09-23T19:56:00-04:00,4290.36,4291.6,4290.36,4290.98,4290.36,4291.6,4290.36,4290.98,0,0,4290.579176516144,4289.575572912839,4288.7134831676285,0,0,
2026-09-23T19:57:00-04:00,4290.99,4291.14,4290.39,4290.48,4290.99,4291.14,4290.39,4290.48,0,0,4290.546117677429,4289.704776782433,4288.748463698963,0,0,
2026-09-23T19:58:00-04:00,4290.48,4290.67,4289.06,4289.17,4290.48,4290.67,4289.06,4289.17,0,0,4290.087411784953,4289.628380099229,4288.756810952449,0,0,
2026-09-23T19:59:00-04:00,4289.17,4290.48,4288.57,4288.63,4289.17,4290.48,4288.57,4288.63,0,0,4289.601607856635,4289.485754370768,4288.75429984448,0,0,
2026-09-23T20:00:00-04:00,4288.64,4290.41,4288.63,4289.88,4288.64,4290.41,4288.63,4289.88,0,0,4289.694405237757,4289.542075174943,4288.776590936668,0,0,
2026-09-23T20:01:00-04:00,4289.89,4291.76,4289.89,4290.23,4289.89,4291.76,4289.89,4290.23,0,0,4289.872936825171,4289.640350149952,4288.80537131416,0,0,
2026-09-23T20:02:00-04:00,4290.19,4290.24,4288.07,4288.81,4290.19,4290.24,4288.07,4288.81,0,1,4289.518624550114,4289.521728699959,4288.805462971305,0,0,
2026-09-23T20:03:00-04:00,4288.8,4290.92,4288.8,4290.14,4288.8,4290.92,4288.8,4290.14,1,0,4289.7257497000755,4289.610053171393,4288.831889447121,0,0,
2026-09-23T20:04:00-04:00,4290.14,4290.99,4288.65,4289.91,4290.14,4290.99,4288.65,4289.91,0,0,4289.787166466717,4289.652902718337,4288.853238170941,0,0,
2026-09-23T20:05:00-04:00,4289.92,4290.72,4288.59,4288.63,4289.92,4290.72,4288.59,4288.63,0,0,4289.401444311145,4289.506773758574,4288.8488176131,0,0,
2026-09-23T20:06:00-04:00,4288.62,4290.95,4288.62,4290.78,4288.62,4290.95,4288.62,4290.78,0,0,4289.860962874096,4289.688663221635,4288.887058848484,0,0,
2026-09-23T20:07:00-04:00,4290.78,4291.35,4289.86,4290.06,4290.78,4291.35,4289.86,4290.06,0,0,4289.927308582731,4289.74171133283,4288.91028540594,0,0,
2026-09-23T20:08:00-04:00,4290.08,4290.65,4289.08,4290.06,4290.08,4290.65,4289.08,4290.06,0,0,4289.971539055154,4289.787181142426,4288.933052031565,0,0,
2026-09-23T20:09:00-04:00,4290.07,4291.57,4289.92,4291.5,4290.07,4291.57,4289.92,4291.5,0,0,4290.481026036769,4290.03186955065,4288.983882684405,0,0,
2026-09-23T20:10:00-04:00,4291.5,4291.99,4288.85,4289.58,4291.5,4291.99,4288.85,4289.58,0,1,4290.180684024513,4289.9673167577,4288.995686987684,0,0,
2026-09-23T20:11:00-04:00,4289.58,4290.42,4287.57,4288.11,4289.58,4290.42,4287.57,4288.11,0,0,4289.490456016341,4289.701985792314,4288.978148631492,0,0,
2026-09-23T20:12:00-04:00,4288.13,4289.34,4287.36,4288.43,4288.13,4289.34,4287.36,4288.43,0,0,4289.136970677561,4289.520273536269,4288.967294203146,0,0,
2026-09-23T20:13:00-04:00,4288.44,4289.53,4288.11,4289.4,4288.44,4289.53,4288.11,4289.4,0,0,4289.224647118374,4289.503091602516,4288.975862634767,0,0,
2026-09-23T20:14:00-04:00,4289.4,4289.6,4288.69,4289.12,4289.4,4289.6,4288.69,4289.12,0,0,4289.189764745583,4289.448364230728,4288.978716840019,0,0,
2026-09-23T20:15:00-04:00,4289.11,4291.72,4288.03,4288.8,4289.11,4291.72,4288.03,4288.8,1,0,4289.059843163722,4289.355740769195,4288.975177892692,0,0,
2026-09-23T20:16:00-04:00,4288.8,4289.06,4287.15,4288.75,4288.8,4289.06,4287.15,4288.75,0,0,4288.956562109148,4289.269206373596,4288.97071892452,0,0,
2026-09-23T20:17:00-04:00,4288.75,4288.85,4287.39,4288.39,4288.75,4288.85,4287.39,4288.39,0,0,4288.767708072765,4289.143605463082,4288.959219539876,0,0,
2026-09-23T20:18:00-04:00,4288.39,4288.86,4287.59,4288.31,4288.39,4288.86,4287.59,4288.31,0,0,4288.615138715177,4289.0245189683565,4288.946363707403,0,0,
2026-09-23T20:19:00-04:00,4288.34,4289.26,4288.16,4289.09,4288.34,4289.26,4288.16,4289.09,0,0,4288.773425810118,4289.033873401449,4288.949207990425,0,0,
2026-09-23T20:20:00-04:00,4288.96,4289.01,4287.36,4288.04,4288.96,4289.01,4287.36,4288.04,0,1,4288.528950540079,4288.8918914869555,4288.931203871803,0,0,
2026-09-23T20:21:00-04:00,4288.01,4288.47,4286.48,4286.48,4288.01,4288.47,4286.48,4286.48,0,0,4287.845967026719,4288.547335560247,4288.8826651812715,0,0,
2026-09-23T20:22:00-04:00,4286.48,4287.18,4284.04,4284.2,4286.48,4287.18,4284.04,4284.2,0,0,4286.630644684479,4287.926287623069,4288.789939138078,0,0,
2026-09-23T20:23:00-04:00,4284.22,4286.97,4284.01,4286.48,4284.22,4286.97,4284.01,4286.48,0,0,4286.580429789653,4287.719675105487,4288.744197769007,0,0,
2026-09-23T20:24:00-04:00,4286.49,4289.35,4286.44,4287.84,4286.49,4289.35,4286.44,4287.84,0,0,4287.000286526435,4287.736864376132,4288.72629286269,0,0,
2026-09-23T20:25:00-04:00,4287.82,4289.14,4287.55,4288.84,4287.82,4289.14,4287.55,4288.84,0,0,4287.613524350957,4287.894455179542,4288.728544489171,0,0,
2026-09-23T20:26:00-04:00,4288.84,4290.12,4287.98,4288.14,4288.84,4290.12,4287.98,4288.14,1,0,4287.789016233972,4287.929533011036,4288.716890142851,0,0,
2026-09-23T20:27:00-04:00,4288.14,4288.53,4286.28,4286.48,4288.14,4288.53,4286.28,4286.48,0,1,4287.352677489314,4287.722456866602,4288.672595288537,0,0,
2026-09-23T20:28:00-04:00,4286.45,4288.42,4286.14,4288.33,4286.45,4288.42,4286.14,4288.33,0,0,4287.678451659543,4287.809248742802,4288.665811223417,0,0,
2026-09-23T20:29:00-04:00,4288.23,4292.46,4288.04,4292.13,4288.23,4292.46,4288.04,4292.13,1,0,4289.162301106362,4288.426498922402,4288.7344090209735,0,0,
2026-09-23T20:30:00-04:00,4292.09,4292.35,4290.33,4292.12,4292.09,4292.35,4290.33,4292.12,0,0,4290.148200737574,4288.954141933487,4288.801450426498,0,0,
2026-09-23T20:31:00-04:00,4292.18,4294.47,4292.15,4292.96,4292.18,4294.47,4292.15,4292.96,0,0,4291.085467158383,4289.526407371561,4288.883797942805,0,0,
2026-09-23T20:32:00-04:00,4292.98,4293.29,4291.71,4292.1,4292.98,4293.29,4291.71,4292.1,0,0,4291.423644772255,4289.894063461338,4288.947485112255,0,0,
2026-09-23T20:33:00-04:00,4292.1,4292.38,4291.49,4291.73,4292.1,4292.38,4291.49,4291.73,0,0,4291.525763181503,4290.156340109718,4289.002584416963,0,0,
2026-09-23T20:34:00-04:00,4291.74,4292.78,4291.23,4291.92,4291.74,4292.78,4291.23,4291.92,0,0,4291.657175454336,4290.408291522615,4289.060355022568,0,0,
2026-09-23T20:35:00-04:00,4291.92,4292.53,4291.77,4291.95,4291.92,4292.53,4291.77,4291.95,0,0,4291.754783636224,4290.628535590813,4289.1175757151905,0,0,
2026-09-23T20:36:00-04:00,4291.92,4293.19,4291.69,4292.41,4291.92,4293.19,4291.69,4292.41,0,0,4291.973189090816,4290.883030506411,4289.182772235682,0,0,
2026-09-23T20:37:00-04:00,4292.39,4292.71,4291.69,4292.71,4292.39,4292.71,4291.69,4292.71,0,0,4292.218792727211,4291.144026148352,4289.252618330025,0,0,
2026-09-23T20:38:00-04:00,4292.71,4293.36,4292.39,4292.59,4292.71,4293.36,4292.39,4292.59,0,0,4292.342528484807,4291.350593841445,4289.318705095768,0,0,
2026-09-23T20:39:00-04:00,4292.59,4292.64,4291.56,4291.59,4292.59,4292.64,4291.56,4291.59,0,0,4292.091685656538,4291.384794721238,4289.363681232485,0,0,
2026-09-23T20:40:00-04:00,4291.6,4293.38,4291.42,4293.31,4291.6,4293.38,4291.42,4293.31,0,0,4292.497790437692,4291.659824046776,4289.441826158574,0,0,
2026-09-23T20:41:00-04:00,4293.31,4294.5,4292.96,4293.05,4293.31,4294.5,4292.96,4293.05,0,0,4292.681860291795,4291.858420611522,4289.513275145533,0,0,
2026-09-23T20:42:00-04:00,4293.05,4294.81,4293.04,4293.72,4293.05,4294.81,4293.04,4293.72,0,0,4293.027906861196,4292.124360524162,4289.5965766278,0,0,
2026-09-23T20:43:00-04:00,4293.72,4294.64,4293.03,4294.63,4293.72,4294.64,4293.03,4294.63,0,0,4293.561937907464,4292.48230902071,4289.696248377744,0,0,
2026-09-23T20:44:00-04:00,4294.63,4294.79,4293.67,4294.56,4294.63,4294.79,4293.67,4294.56,0,0,4293.894625271643,4292.779122017751,4289.792560291056,0,0,
2026-09-23T20:45:00-04:00,4294.56,4294.56,4292.54,4293.73,4294.56,4294.56,4292.54,4293.73,0,0,4293.839750181095,4292.914961729502,4289.870529394204,0,0,
2026-09-23T20:46:00-04:00,4293.74,4295.08,4293.16,4293.54,4293.74,4295.08,4293.16,4293.54,0,0,4293.739833454063,4293.0042529110015,4289.943192178477,0,0,
2026-09-23T20:47:00-04:00,4293.55,4293.86,4291.71,4291.71,4293.55,4293.86,4291.71,4291.71,0,0,4293.063222302709,4292.8193596380015,4289.978178471973,0,0,
2026-09-23T20:48:00-04:00,4291.7,4293.23,4291.29,4293.07,4291.7,4293.23,4291.29,4293.07,0,0,4293.065481535139,4292.855165404001,4290.039402660646,0,0,
2026-09-23T20:49:00-04:00,4293.1,4293.2,4292.44,4292.54,4293.1,4293.2,4292.44,4292.54,0,0,4292.890321023426,4292.8101417748585,4290.088919439643,0,0,
2026-09-23T20:50:00-04:00,4292.55,4294.45,4292,4292.22,4292.55,4294.45,4292,4292.22,0,0,4292.666880682284,4292.725835807021,4290.131119054699,0,0,
2026-09-23T20:51:00-04:00,4292.22,4294.97,4292.1,4294.08,4292.22,4294.97,4292.1,4294.08,0,0,4293.137920454856,4292.919287834589,4290.209314716983,0,0,
2026-09-23T20:52:00-04:00,4294.07,4294.3,4292.8,4292.91,4294.07,4294.3,4292.8,4292.91,0,0,4293.061946969904,4292.917961001077,4290.262793633478,0,0,
2026-09-23T20:53:00-04:00,4292.91,4294.54,4292.32,4294.2,4292.91,4294.54,4292.32,4294.2,0,0,4293.441297979936,4293.1011094294945,4290.340758115984,0,0,
2026-09-23T20:54:00-04:00,4294.2,4295.62,4294.16,4295.36,4294.2,4295.62,4294.16,4295.36,0,0,4294.080865319957,4293.423808082423,4290.44014904438,0,0,
2026-09-23T20:55:00-04:00,4295.37,4297.54,4294.94,4297.24,4295.37,4297.54,4294.94,4297.24,0,0,4295.133910213305,4293.968978356363,4290.574799558352,0,0,
2026-09-23T20:56:00-04:00,4297.24,4297.55,4296.22,4297.22,4297.24,4297.55,4296.22,4297.22,0,0,4295.829273475537,4294.433410019739,4290.70638768591,0,0,
2026-09-23T20:57:00-04:00,4297.23,4299.25,4297.23,4298.25,4297.23,4299.25,4297.23,4298.25,0,0,4296.636182317025,4294.978637159777,4290.855766147575,0,0,
2026-09-23T20:58:00-04:00,4298.22,4298.95,4297.93,4298.61,4298.22,4298.95,4297.93,4298.61,0,0,4297.294121544683,4295.497403279808,4291.009315332772,0,0,
2026-09-23T20:59:00-04:00,4298.61,4298.78,4297.8,4298.53,4298.61,4298.78,4297.8,4298.53,0,0,4297.706081029788,4295.930631382693,4291.158239781627,0,0,
2026-09-23T21:00:00-04:00,4298.58,4298.58,4295.77,4297.9,4298.58,4298.58,4295.77,4297.9,0,0,4297.770720686525,4296.211969756594,4291.291739983972,0,0,
2026-09-23T21:01:00-04:00,4297.86,4299.23,4296.21,4296.43,4297.86,4299.23,4296.21,4296.43,0,0,4297.323813791017,4296.2431169342235,4291.3934877070615,0,0,
2026-09-23T21:02:00-04:00,4296.39,4297.04,4293.65,4293.87,4296.39,4297.04,4293.65,4293.87,0,1,4296.172542527344,4295.904100229334,4291.442527554446,0,0,
2026-09-23T21:03:00-04:00,4293.86,4294.52,4291.33,4291.65,4293.86,4294.52,4291.33,4291.65,0,0,4294.665028351563,4295.296371625143,4291.446635919705,0,0,
2026-09-23T21:04:00-04:00,4291.63,4293.55,4290.33,4292.25,4291.63,4293.55,4290.33,4292.25,0,0,4293.860018901042,4294.861175678694,4291.462544119315,0,0,
2026-09-23T21:05:00-04:00,4292.24,4292.38,4289.75,4290.17,4292.24,4292.38,4289.75,4290.17,0,0,4292.6300126006945,4294.191007724595,4291.436949186259,0,0,
2026-09-23T21:06:00-04:00,4290.18,4295.28,4290.15,4295.28,4290.18,4295.28,4290.15,4295.28,0,0,4293.513341733797,4294.346578049653,4291.513049202373,0,0,
2026-09-23T21:07:00-04:00,4295.28,4297.38,4295.16,4296.84,4295.28,4297.38,4295.16,4296.84,1,0,4294.622227822531,4294.702781185417,4291.618533376583,0,0,
2026-09-23T21:08:00-04:00,4296.83,4297.41,4295.38,4295.79,4296.83,4297.41,4295.38,4295.79,0,0,4295.011485215021,4294.858098158928,4291.701136676057,0,0,
2026-09-23T21:09:00-04:00,4295.79,4296.5,4295.08,4296.15,4295.79,4296.5,4295.08,4296.15,0,0,4295.390990143347,4295.0426555647955,4291.789232979501,0,0,
2026-09-23T21:10:00-04:00,4296.11,4298.07,4295.8,4297.82,4296.11,4298.07,4295.8,4297.82,0,0,4296.200660095565,4295.439419055539,4291.90865410862,0,0,
2026-09-23T21:11:00-04:00,4297.81,4299.47,4297.03,4297.36,4297.81,4299.47,4297.03,4297.36,0,0,4296.587106730376,4295.71378776189,4292.0166015520135,0,0,
2026-09-23T21:12:00-04:00,4297.37,4301.74,4297.01,4300.42,4297.37,4301.74,4297.01,4300.42,0,0,4297.86473782025,4296.386103795906,4292.183005481676,0,0,
2026-09-23T21:13:00-04:00,4300.41,4301.58,4300.37,4301.43,4300.41,4301.58,4300.37,4301.43,0,0,4299.053158546833,4297.106660396491,4292.366114284019,0,0,
2026-09-23T21:14:00-04:00,4301.44,4302.98,4301.24,4302.98,4301.44,4302.98,4301.24,4302.98,0,0,4300.362105697889,4297.9457089112775,4292.576290238791,0,0,
2026-09-23T21:15:00-04:00,4302.97,4303.27,4301.32,4301.41,4302.97,4303.27,4301.32,4301.41,0,0,4300.711403798593,4298.440607638237,4292.751215184558,0,0,
2026-09-23T21:16:00-04:00,4301.41,4301.91,4300.6,4300.6,4301.41,4301.91,4300.6,4300.6,0,0,4300.674269199062,4298.749092261346,4292.906636666052,0,0,
2026-09-23T21:17:00-04:00,4300.64,4300.64,4297.79,4299.16,4300.64,4300.64,4297.79,4299.16,0,0,4300.169512799374,4298.807793366868,4293.030465642962,0,0,
2026-09-23T21:18:00-04:00,4299.16,4299.44,4297.62,4299.44,4299.16,4299.44,4297.62,4299.44,0,0,4299.9263418662495,4298.898108600173,4293.157387115378,0,0,
2026-09-23T21:19:00-04:00,4299.43,4300.41,4298.17,4300.11,4299.43,4300.41,4298.17,4300.11,0,0,4299.9875612441665,4299.071235943005,4293.295062618044,0,0,
2026-09-23T21:20:00-04:00,4300.11,4300.54,4299.19,4299.55,4300.11,4300.54,4299.19,4299.55,0,0,4299.841707496111,4299.13963080829,4293.418922764221,0,0,
2026-09-23T21:21:00-04:00,4299.55,4300.2,4298.24,4299.39,4299.55,4300.2,4298.24,4299.39,0,0,4299.691138330741,4299.175397835677,4293.537161917405,0,0,
2026-09-23T21:22:00-04:00,4299.49,4300.69,4297.5,4297.56,4299.49,4300.69,4297.5,4297.56,0,0,4298.980758887161,4298.944626716295,4293.616822077456,0,0,
2026-09-23T21:23:00-04:00,4297.57,4298.32,4296.82,4297.01,4297.57,4298.32,4296.82,4297.01,0,1,4298.323839258107,4298.66825147111,4293.684013719487,0,0,
2026-09-23T21:24:00-04:00,4297.03,4297.85,4295.65,4297.78,4297.03,4297.85,4295.65,4297.78,0,0,4298.142559505404,4298.541358403809,4293.7651223587045,0,0,
2026-09-23T21:25:00-04:00,4297.78,4297.79,4295.34,4296.3,4297.78,4297.79,4295.34,4296.3,0,0,4297.528373003603,4298.221164346121,4293.815317955562,0,0,
2026-09-23T21:26:00-04:00,4296.35,4297.6,4296.22,4297.32,4296.35,4297.6,4296.22,4297.32,0,0,4297.458915335735,4298.09242658239,4293.884717600006,0,0,
2026-09-23T21:27:00-04:00,4297.32,4298.37,4296.9,4298.36,4297.32,4298.37,4296.9,4298.36,0,0,4297.75927689049,4298.130651356334,4293.973337053471,0,0,
2026-09-23T21:28:00-04:00,4298.35,4299.53,4297.59,4298.92,4298.35,4299.53,4297.59,4298.92,1,0,4298.14618459366,4298.243415448286,4294.071290775185,0,0,
2026-09-23T21:29:00-04:00,4298.92,4299.95,4298.23,4299.33,4298.92,4299.95,4298.23,4299.33,0,0,4298.540789729107,4298.398641812817,4294.175423631122,0,0,
2026-09-23T21:30:00-04:00,4299.33,4300.68,4297.84,4300.24,4299.33,4300.68,4297.84,4300.24,0,0,4299.107193152738,4298.661692982415,4294.295514252288,0,0,
2026-09-23T21:31:00-04:00,4300.23,4300.7,4299.1,4299.4,4300.23,4300.7,4299.1,4299.4,0,0,4299.204795435158,4298.767165413498,4294.396593177985,0,0,
2026-09-23T21:32:00-04:00,4299.4,4300,4298.43,4299.62,4299.4,4300,4298.43,4299.62,0,0,4299.343196956772,4298.888998925856,4294.5000269764405,0,0,
2026-09-23T21:33:00-04:00,4299.67,4299.68,4297.1,4297.1,4299.67,4299.68,4297.1,4297.1,0,1,4298.595464637848,4298.633427650734,4294.551511590768,0,0,
2026-09-23T21:34:00-04:00,4297.11,4300.58,4296.87,4297.59,4297.11,4300.58,4296.87,4297.59,1,0,4298.260309758565,4298.484366557772,4294.61167967808,0,0,
2026-09-23T21:35:00-04:00,4297.57,4299.33,4297.49,4297.81,4297.57,4299.33,4297.49,4297.81,0,0,4298.11020650571,4298.38802847809,4294.675012753762,0,0,
2026-09-23T21:36:00-04:00,4297.81,4298.36,4295.24,4295.34,4297.81,4298.36,4295.24,4295.34,0,1,4297.1868043371405,4297.952595838363,4294.688180818043,0,0,
2026-09-23T21:37:00-04:00,4295.34,4295.89,4294.26,4294.87,4295.34,4295.89,4294.26,4294.87,0,0,4296.41453622476,4297.512225004311,4294.691781197884,0,0,
2026-09-23T21:38:00-04:00,4294.73,4294.73,4293.1,4293.48,4294.73,4294.73,4293.1,4293.48,0,0,4295.436357483173,4296.936192860839,4294.667785530599,0,0,
2026-09-23T21:39:00-04:00,4293.48,4293.81,4292.7,4293.41,4293.48,4293.81,4292.7,4293.41,0,0,4294.760904988782,4296.432451023576,4294.642878886429,0,0,
2026-09-23T21:40:00-04:00,4293.41,4293.91,4292.61,4292.68,4293.41,4293.91,4292.61,4292.68,0,0,4294.067269992522,4295.896386591637,4294.604009997589,0,0,
2026-09-23T21:41:00-04:00,4292.69,4293.76,4291.55,4293.41,4292.69,4293.76,4291.55,4293.41,0,0,4293.848179995014,4295.541188507117,4294.58036623526,0,0,
2026-09-23T21:42:00-04:00,4293.38,4293.7,4292.12,4292.12,4293.38,4293.7,4292.12,4292.12,0,0,4293.272119996676,4295.052447291815,4294.53164611179,0,0,
2026-09-23T21:43:00-04:00,4292.12,4292.14,4289.41,4289.72,4292.12,4292.14,4289.41,4289.72,0,0,4292.088079997784,4294.29066910727,4294.436365990765,0,0,
2026-09-23T21:44:00-04:00,4289.72,4291.1,4289.53,4289.82,4289.72,4291.1,4289.53,4289.82,0,0,4291.332053331856,4293.652002091946,4294.344952802829,0,0,
2026-09-23T21:45:00-04:00,4289.78,4290.4,4287.62,4288.01,4289.78,4290.4,4287.62,4288.01,0,0,4290.224702221237,4292.846001793097,4294.219508192871,0,0,
2026-09-23T21:46:00-04:00,4288.03,4288.33,4283.52,4284.46,4288.03,4288.33,4283.52,4284.46,0,0,4288.303134814158,4291.64800153694,4294.026250604894,0,0,
2026-09-23T21:47:00-04:00,4284.47,4288.52,4284.47,4288.27,4284.47,4288.52,4284.47,4288.27,0,0,4288.292089876105,4291.165429888805,4293.912265444401,0,0,
2026-09-23T21:48:00-04:00,4288.36,4288.68,4285.5,4285.51,4288.36,4288.68,4285.5,4285.51,0,0,4287.36472658407,4290.357511333262,4293.7458839504525,0,0,
2026-09-23T21:49:00-04:00,4285.48,4285.93,4283.17,4284.04,4285.48,4285.93,4283.17,4284.04,0,0,4286.25648438938,4289.455009714225,4293.5536882286615,0,0,
2026-09-23T21:50:00-04:00,4284.03,4284.77,4281.33,4281.91,4284.03,4284.77,4281.33,4281.91,0,0,4284.807656259586,4288.377151183621,4293.323120144925,0,0,
2026-09-23T21:51:00-04:00,4281.9,4283.77,4281.76,4283.58,4281.9,4283.77,4281.76,4283.58,0,0,4284.398437506391,4287.691843871676,4293.130187072748,0,0,
2026-09-23T21:52:00-04:00,4283.55,4287.38,4283.54,4287.33,4283.55,4287.38,4283.54,4287.33,0,0,4285.375625004261,4287.6401518900075,4293.015331883189,0,0,
2026-09-23T21:53:00-04:00,4287.35,4288.61,4285.59,4286.09,4287.35,4288.61,4285.59,4286.09,0,0,4285.613750002841,4287.418701620007,4292.8781965983735,0,0,
2026-09-23T21:54:00-04:00,4286.09,4286.16,4282.22,4282.3,4286.09,4286.16,4282.22,4282.3,0,0,4284.50916666856,4286.6874585314345,4292.668727358801,0,0,
2026-09-23T21:55:00-04:00,4282.26,4284.62,4281.74,4284.55,4282.26,4284.62,4281.74,4284.55,0,0,4284.522777779041,4286.382107312658,4292.50796048041,0,0,
2026-09-23T21:56:00-04:00,4284.55,4284.73,4282.9,4283.28,4284.55,4284.73,4282.9,4283.28,0,0,4284.108518519361,4285.938949125136,4292.325228589709,0,0,
2026-09-23T21:57:00-04:00,4283.27,4283.63,4278.31,4278.69,4283.27,4283.63,4278.31,4278.69,0,0,4282.302345679574,4284.903384964402,4292.05522406318,0,0,
2026-09-23T21:58:00-04:00,4278.69,4279.44,4278.01,4279.44,4278.69,4279.44,4278.01,4279.44,0,0,4281.348230453049,4284.122901398059,4291.805417646087,0,0,
2026-09-23T21:59:00-04:00,4279.47,4280.12,4279.12,4279.12,4279.47,4280.12,4279.12,4279.12,0,0,4280.6054869687,4283.408201198336,4291.554221257056,0,0,
2026-09-23T22:00:00-04:00,4278.98,4279.63,4274.27,4274.32,4278.98,4279.63,4274.27,4274.32,0,0,4278.510324645799,4282.109886741431,4291.212949548995,0,0,
2026-09-23T22:01:00-04:00,4274.27,4277.52,4274.27,4276.96,4274.27,4277.52,4274.27,4276.96,0,0,4277.993549763866,4281.374188635513,4290.9307129242625,0,0,
2026-09-23T22:02:00-04:00,4276.95,4278.27,4275.39,4277.21,4276.95,4278.27,4275.39,4277.21,0,0,4277.7323665092445,4280.779304544725,4290.659015638634,0,0,
2026-09-23T22:03:00-04:00,4277.25,4277.52,4274.43,4275.07,4277.25,4277.52,4274.43,4275.07,0,0,4276.844911006163,4279.9636896097645,4290.350322259651,0,0,
2026-09-23T22:04:00-04:00,4275.07,4275.83,4274.77,4275.24,4275.07,4275.83,4274.77,4275.24,0,0,4276.309940670775,4279.288876808369,4290.05110795748,0,0,
2026-09-23T22:05:00-04:00,4275.26,4275.41,4273.83,4274.03,4275.26,4275.41,4273.83,4274.03,0,0,4275.549960447183,4278.537608692888,4289.733858294955,0,0,
2026-09-23T22:06:00-04:00,4274.02,4274.65,4273.77,4274.2,4274.02,4274.65,4273.77,4274.2,0,0,4275.099973631455,4277.91795030819,4289.4262571406,0,0,
2026-09-23T22:07:00-04:00,4274.19,4275.85,4274.17,4274.79,4274.19,4275.85,4274.17,4274.79,0,0,4274.996649087637,4277.4711002641625,4289.136430266529,0,0,
2026-09-23T22:08:00-04:00,4274.79,4275.08,4273.75,4274.19,4274.79,4275.08,4273.75,4274.19,0,0,4274.727766058424,4277.002371654997,4288.84046135036,0,0,
2026-09-23T22:09:00-04:00,4274.2,4276.39,4274.2,4276.34,4274.2,4276.39,4274.2,4276.34,0,0,4275.265177372283,4276.907747132855,4288.592927462234,0,0,
2026-09-23T22:10:00-04:00,4276.39,4277.68,4275.74,4277.52,4276.39,4277.68,4275.74,4277.52,0,0,4276.016784914856,4276.995211828161,4288.373661571893,0,0,
2026-09-23T22:11:00-04:00,4277.5,4278.09,4276.32,4277.83,4277.5,4278.09,4276.32,4277.83,0,0,4276.621189943237,4277.114467281281,4288.1648761942315,0,0,
2026-09-23T22:12:00-04:00,4277.84,4278.23,4276.69,4277.84,4277.84,4278.23,4276.69,4277.84,0,0,4277.027459962158,4277.218114812526,4287.960423200287,0,0,
2026-09-23T22:13:00-04:00,4277.85,4281.2,4277.83,4281.19,4277.85,4281.2,4277.83,4281.19,1,0,4278.414973308105,4277.785526982166,4287.826355414142,0,0,
2026-09-23T22:14:00-04:00,4281.2,4282.71,4280.55,4282.71,4281.2,4282.71,4280.55,4282.71,0,0,4279.84664887207,4278.48902312757,4287.725041445546,0,0,
2026-09-23T22:15:00-04:00,4282.71,4284.62,4282.62,4284.46,4282.71,4284.62,4282.62,4284.46,0,0,4281.38443258138,4279.342019823632,4287.660387159495,0,0,
2026-09-23T22:16:00-04:00,4284.46,4285.99,4284.37,4284.76,4284.46,4285.99,4284.37,4284.76,0,0,4282.50962172092,4280.116016991685,4287.602953750396,0,0,
2026-09-23T22:17:00-04:00,4284.76,4285.3,4284.63,4285.03,4284.76,4285.3,4284.63,4285.03,0,0,4283.349747813947,4280.818014564301,4287.552004171181,0,0,
2026-09-23T22:18:00-04:00,4285.03,4285.38,4284.24,4285.15,4285.03,4285.38,4284.24,4285.15,0,0,4283.949831875964,4281.436869626544,4287.504439732147,0,0,
2026-09-23T22:19:00-04:00,4285.15,4286.68,4284.79,4284.85,4285.15,4286.68,4284.79,4284.85,0,0,4284.24988791731,4281.924459679894,4287.451876569135,0,0,
2026-09-23T22:20:00-04:00,4284.85,4285.19,4283.98,4284.18,4284.85,4285.19,4283.98,4284.18,0,0,4284.226591944874,4282.246679725624,4287.387086934103,0,0,
2026-09-23T22:21:00-04:00,4284.17,4285.1,4283.59,4285.06,4284.17,4285.1,4283.59,4285.06,0,0,4284.504394629916,4282.648582621963,4287.3410060047145,0,0,
2026-09-23T22:22:00-04:00,4285.06,4285.1,4283.52,4284.31,4285.06,4285.1,4283.52,4284.31,0,0,4284.439596419944,4282.885927961683,4287.280986083829,0,0,
2026-09-23T22:23:00-04:00,4284.31,4285.14,4282.73,4284.89,4284.31,4285.14,4282.73,4284.89,0,0,4284.589730946629,4283.172223967156,4287.2336398247435,0,0,
2026-09-23T22:24:00-04:00,4284.89,4285.67,4284.63,4285.49,4284.89,4285.67,4284.63,4285.49,0,0,4284.889820631086,4283.503334828991,4287.199112303461,0,0,
2026-09-23T22:25:00-04:00,4285.49,4286.26,4284.63,4284.64,4285.49,4286.26,4284.63,4284.64,0,0,4284.806547087391,4283.665715567707,4287.148436812304,0,0,
2026-09-23T22:26:00-04:00,4284.61,4287.45,4284.59,4285.89,4284.61,4287.45,4284.59,4285.89,0,0,4285.167698058261,4283.983470486606,4287.123517271466,0,0,
2026-09-23T22:27:00-04:00,4285.89,4286.03,4284.52,4284.92,4285.89,4286.03,4284.52,4284.92,0,0,4285.08513203884,4284.117260417091,4287.07988326609,0,0,
2026-09-23T22:28:00-04:00,4284.91,4285.93,4284.73,4285.79,4284.91,4285.93,4284.73,4285.79,0,0,4285.320088025894,4284.356223214649,4287.054341023198,0,0,
2026-09-23T22:29:00-04:00,4285.79,4286.85,4285.49,4286.1,4285.79,4286.85,4285.49,4286.1,0,0,4285.58005868393,4284.605334183984,4287.035443181154,0,0,
2026-09-23T22:30:00-04:00,4286.1,4288,4284.47,4286.83,4286.1,4288,4284.47,4286.83,0,0,4285.996705789286,4284.923143586272,4287.031374999348,0,0,
2026-09-23T22:31:00-04:00,4286.88,4289.05,4286.88,4288.21,4286.88,4289.05,4286.88,4288.21,0,0,4286.734470526191,4285.392694502519,4287.0547141082725,0,0,
2026-09-23T22:32:00-04:00,4288.13,4292.08,4288.11,4291.82,4288.13,4292.08,4288.11,4291.82,0,0,4288.42964701746,4286.310881002159,4287.149076205138,0,0,
2026-09-23T22:33:00-04:00,4291.8,4294,4291.72,4293,4291.8,4294,4291.72,4293,0,0,4289.953098011641,4287.266469430421,4287.264936082264,0,0,
2026-09-23T22:34:00-04:00,4292.98,4293.34,4291.1,4292.77,4292.98,4293.34,4291.1,4292.77,0,0,4290.892065341094,4288.0526880832185,4287.373947248952,0,0,
2026-09-23T22:35:00-04:00,4292.74,4294.25,4291.54,4291.73,4292.74,4294.25,4291.54,4291.73,0,0,4291.171376894063,4288.578018357044,4287.460205719271,0,0,
2026-09-23T22:36:00-04:00,4291.73,4293.09,4291.12,4291.3,4291.73,4293.09,4291.12,4291.3,0,0,4291.214251262709,4288.966872877467,4287.536241249582,0,0,
2026-09-23T22:37:00-04:00,4291.27,4292.86,4290.67,4292.52,4291.27,4292.86,4290.67,4292.52,0,0,4291.649500841806,4289.4744624664,4287.63492954167,0,0,
2026-09-23T22:38:00-04:00,4292.53,4293.63,4292.37,4293.08,4292.53,4293.63,4292.37,4293.08,0,0,4292.126333894537,4289.989539256914,4287.742752719063,0,0,
2026-09-23T22:39:00-04:00,4293.08,4295.98,4292.62,4295.12,4293.08,4295.98,4292.62,4295.12,0,0,4293.124222596358,4290.722462220212,4287.888836823636,0,0,
2026-09-23T22:40:00-04:00,4295.11,4295.2,4293.63,4293.63,4295.11,4295.2,4293.63,4293.63,0,0,4293.292815064238,4291.1378247601815,4288.002523223167,0,0,
2026-09-23T22:41:00-04:00,4293.6,4296.34,4293.6,4295.91,4293.6,4296.34,4293.6,4295.91,0,0,4294.1652100428255,4291.819564080156,4288.159106921718,0,0,
2026-09-23T22:42:00-04:00,4295.91,4296.27,4295.38,4295.87,4295.91,4296.27,4295.38,4295.87,0,0,4294.733473361884,4292.398197782991,4288.311797873764,0,0,
2026-09-23T22:43:00-04:00,4295.87,4297.03,4294.39,4295.46,4295.87,4297.03,4294.39,4295.46,0,0,4294.975648907923,4292.835598099707,4288.453346430719,0,0,
2026-09-23T22:44:00-04:00,4295.47,4295.99,4294.89,4295.5,4295.47,4295.99,4294.89,4295.5,0,0,4295.150432605282,4293.216226942605,4288.59288412516,0,0,
2026-09-23T22:45:00-04:00,4295.47,4295.56,4293.58,4294.31,4295.47,4295.56,4293.58,4294.31,0,0,4294.870288403521,4293.372480236519,4288.706094340503,0,0,
2026-09-23T22:46:00-04:00,4294.3,4294.42,4293.46,4294.11,4294.3,4294.42,4293.46,4294.11,0,0,4294.61685893568,4293.4778402027305,4288.813102373364,0,0,
2026-09-23T22:47:00-04:00,4294.12,4294.47,4293.58,4294.18,4294.12,4294.47,4293.58,4294.18,0,0,4294.471239290454,4293.578148745198,4288.919377573891,0,0,
2026-09-23T22:48:00-04:00,4294.18,4294.93,4292.08,4292.27,4294.18,4294.93,4292.08,4292.27,0,0,4293.737492860303,4293.391270353027,4288.985726532825,0,0,
2026-09-23T22:49:00-04:00,4292.27,4292.56,4291.06,4292.53,4292.27,4292.56,4291.06,4292.53,0,0,4293.334995240202,4293.2682317311655,4289.055910165838,0,0,
2026-09-23T22:50:00-04:00,4292.53,4292.86,4290.1,4290.28,4292.53,4292.86,4290.1,4290.28,0,1,4292.316663493468,4292.841341483856,4289.080149568495,0,0,
2026-09-23T22:51:00-04:00,4290.28,4290.92,4288.58,4288.68,4290.28,4290.92,4288.58,4288.68,0,0,4291.104442328979,4292.24686412902,4289.072225814663,0,0,
2026-09-23T22:52:00-04:00,4288.68,4289.33,4287.94,4288.43,4288.68,4289.33,4287.94,4288.43,0,0,4290.212961552653,4291.701597824874,4289.059508471799,0,0,
2026-09-23T22:53:00-04:00,4288.42,4288.87,4287.12,4288.58,4288.42,4288.87,4287.12,4288.58,0,0,4289.668641035102,4291.255655278464,4289.050013254536,0,0,
2026-09-23T22:54:00-04:00,4288.57,4290.17,4288.46,4289.83,4288.57,4290.17,4288.46,4289.83,0,0,4289.722427356734,4291.051990238683,4289.065458536624,0,0,
2026-09-23T22:55:00-04:00,4289.82,4292.73,4289.78,4292.71,4289.82,4292.73,4289.78,4292.71,1,0,4290.718284904489,4291.288848776014,4289.137627674512,0,0,
2026-09-23T22:56:00-04:00,4292.71,4292.89,4291.56,4291.99,4292.71,4292.89,4291.56,4291.99,0,0,4291.142189936326,4291.389013236583,4289.1941102948185,0,0,
2026-09-23T22:57:00-04:00,4291.99,4292.73,4291.18,4291.66,4291.99,4292.73,4291.18,4291.66,0,0,4291.314793290884,4291.427725631357,4289.242939793931,0,0,
2026-09-23T22:58:00-04:00,4291.66,4292.35,4290.95,4291.19,4291.66,4292.35,4290.95,4291.19,0,0,4291.273195527256,4291.3937648268775,4289.281495441576,0,0,
2026-09-23T22:59:00-04:00,4291.19,4291.48,4290.3,4290.84,4291.19,4291.48,4290.3,4290.84,0,1,4291.12879701817,4291.314655565895,4289.312356917981,0,0,
2026-09-23T23:00:00-04:00,4290.85,4292.85,4290.41,4292.11,4290.85,4292.85,4290.41,4292.11,1,0,4291.45586467878,4291.428276199338,4289.367755790892,0,0,
2026-09-23T23:01:00-04:00,4292.11,4293.38,4291.93,4293.18,4292.11,4293.38,4291.93,4293.18,0,0,4292.03057645252,4291.678522456576,4289.443245775231,0,0,
2026-09-23T23:02:00-04:00,4293.19,4293.92,4290.33,4291.03,4293.19,4293.92,4290.33,4291.03,0,1,4291.697050968347,4291.58587639135,4289.474666650969,0,0,
2026-09-23T23:03:00-04:00,4291.03,4291.85,4290.36,4291.84,4291.03,4291.85,4290.36,4291.84,0,0,4291.744700645565,4291.622179764015,4289.521504935108,0,0,
2026-09-23T23:04:00-04:00,4291.85,4291.96,4289.89,4290.18,4291.85,4291.96,4289.89,4290.18,0,0,4291.22313376371,4291.416154083441,4289.534544441343,0,0,
2026-09-23T23:05:00-04:00,4290.18,4290.41,4288.22,4288.28,4290.18,4290.41,4288.22,4288.28,0,0,4290.2420891758065,4290.968132071521,4289.509701977158,0,0,
2026-09-23T23:06:00-04:00,4288.29,4288.55,4286.1,4286.1,4288.29,4288.55,4286.1,4286.1,0,0,4288.861392783871,4290.272684632732,4289.442183126125,0,0,
2026-09-23T23:07:00-04:00,4286.11,4286.18,4285.34,4286.06,4286.11,4286.18,4285.34,4286.06,0,0,4287.927595189248,4289.670872542342,4289.375209202835,0,0,
2026-09-23T23:08:00-04:00,4286.05,4287.08,4285.84,4286.36,4286.05,4287.08,4285.84,4286.36,0,0,4287.405063459499,4289.197890750579,4289.315502089908,0,0,
2026-09-23T23:09:00-04:00,4286.37,4287.24,4285.82,4286.66,4286.37,4287.24,4285.82,4286.66,0,0,4287.156708972999,4288.835334929067,4289.262917890107,0,0,
2026-09-23T23:10:00-04:00,4286.67,4287.01,4285.76,4285.97,4286.67,4287.01,4285.76,4285.97,0,0,4286.761139315333,4288.426001367772,4289.197711595253,0,0,
2026-09-23T23:11:00-04:00,4285.97,4286.28,4285.47,4286.02,4285.97,4286.28,4285.47,4286.02,0,0,4286.514092876889,4288.082286886662,4289.134786613169,0,0,
2026-09-23T23:12:00-04:00,4286.02,4286.07,4285.07,4285.67,4286.02,4286.07,4285.07,4285.67,0,0,4286.232728584592,4287.737674474281,4289.066176977265,0,0,
2026-09-23T23:13:00-04:00,4285.66,4288.34,4285.62,4288.29,4285.66,4288.34,4285.62,4288.29,0,0,4286.918485723061,4287.816578120813,4289.050807136131,0,0,
2026-09-23T23:14:00-04:00,4288.28,4288.34,4286.74,4287.12,4288.28,4288.34,4286.74,4287.12,0,0,4286.985657148707,4287.717066960697,4289.012573331455,0,0,
2026-09-23T23:15:00-04:00,4287.13,4288.06,4286.98,4287.27,4287.13,4288.06,4286.98,4287.27,0,0,4287.0804380991385,4287.653200252026,4288.978066928852,0,0,
2026-09-23T23:16:00-04:00,4287.26,4288.42,4287.04,4287.95,4287.26,4288.42,4287.04,4287.95,0,0,4287.370292066093,4287.695600216022,4288.957709167885,0,0,
2026-09-23T23:17:00-04:00,4287.95,4288.79,4287.45,4288.6,4287.95,4288.79,4287.45,4288.6,1,0,4287.780194710728,4287.824800185162,4288.950625818025,0,0,
2026-09-23T23:18:00-04:00,4288.59,4289.88,4288.51,4289.88,4288.59,4289.88,4288.51,4289.88,0,0,4288.4801298071525,4288.11840015871,4288.969029267173,0,0,
2026-09-23T23:19:00-04:00,4289.87,4290.57,4287.75,4287.78,4289.87,4290.57,4287.75,4287.78,0,0,4288.2467532047685,4288.070057278894,4288.94548413317,0,0,
2026-09-23T23:20:00-04:00,4287.79,4288.78,4287.4,4287.63,4287.79,4288.78,4287.4,4287.63,0,0,4288.041168803179,4288.0071919533375,4288.919434942414,0,0,
2026-09-23T23:21:00-04:00,4287.65,4287.66,4286.73,4286.95,4287.65,4287.66,4286.73,4286.95,0,1,4287.677445868786,4287.856164531432,4288.880436230684,0,0,
2026-09-23T23:22:00-04:00,4286.95,4288.32,4286.66,4287.71,4286.95,4288.32,4286.66,4287.71,1,0,4287.688297245857,4287.835283884085,4288.857259275621,0,0,
2026-09-23T23:23:00-04:00,4287.69,4288.67,4286.77,4287.07,4287.69,4288.67,4286.77,4287.07,0,0,4287.482198163904,4287.72595761493,4288.821868002837,0,0,
2026-09-23T23:24:00-04:00,4287.08,4288.2,4287.06,4287.51,4287.08,4288.2,4287.06,4287.51,0,0,4287.491465442603,4287.695106527083,4288.795890418623,0,0,
2026-09-23T23:25:00-04:00,4287.51,4288.48,4287.35,4287.48,4287.51,4288.48,4287.35,4287.48,0,0,4287.487643628402,4287.664377023214,4288.7698331826105,0,0,
2026-09-23T23:26:00-04:00,4287.49,4288.63,4286.84,4287.22,4287.49,4288.63,4286.84,4287.22,0,0,4287.3984290856015,4287.600894591326,4288.739143416618,0,0,
2026-09-23T23:27:00-04:00,4287.21,4287.39,4286.07,4286.45,4287.21,4287.39,4286.07,4286.45,0,1,4287.082286057068,4287.43648107828,4288.693813844012,0,0,
2026-09-23T23:28:00-04:00,4286.45,4286.53,4285.62,4286.41,4286.45,4286.53,4285.62,4286.41,0,0,4286.858190704712,4287.28984092424,4288.648589807497,0,0,
2026-09-23T23:29:00-04:00,4286.4,4286.8,4285.34,4285.76,4286.4,4286.8,4285.34,4285.76,0,0,4286.492127136475,4287.071292220777,4288.591390009329,0,0,
2026-09-23T23:30:00-04:00,4285.78,4287.02,4285.45,4286.18,4285.78,4287.02,4285.45,4286.18,0,0,4286.38808475765,4286.943964760666,4288.543639712115,0,0,
2026-09-23T23:31:00-04:00,4286.18,4286.18,4285.25,4285.64,4286.18,4286.18,4285.25,4285.64,0,0,4286.138723171767,4286.7576840805705,4288.486141896034,0,0,
2026-09-23T23:32:00-04:00,4285.64,4286.24,4285.36,4285.7,4285.64,4286.24,4285.36,4285.7,0,0,4285.992482114511,4286.606586354775,4288.430970769379,0,0,
2026-09-23T23:33:00-04:00,4285.69,4286.27,4285.22,4285.58,4285.69,4286.27,4285.22,4285.58,0,0,4285.854988076341,4286.4599311612355,4288.3745159026585,0,0,
2026-09-23T23:34:00-04:00,4285.58,4286.14,4284.47,4284.52,4285.58,4286.14,4284.47,4284.52,0,0,4285.409992050894,4286.182798138202,4288.298188855081,0,0,
2026-09-23T23:35:00-04:00,4284.5,4284.63,4283.39,4283.41,4284.5,4284.63,4283.39,4283.41,0,0,4284.743328033929,4285.786684118459,4288.201393036169,0,0,
2026-09-23T23:36:00-04:00,4283.51,4284.7,4283.14,4283.18,4283.51,4284.7,4283.14,4283.18,0,0,4284.222218689286,4285.414300672965,4288.1019595107,0,0,
2026-09-23T23:37:00-04:00,4283.18,4283.87,4282.72,4283.54,4283.18,4283.87,4282.72,4283.54,0,0,4283.994812459524,4285.14654343397,4288.011623678805,0,0,
2026-09-23T23:38:00-04:00,4283.57,4284.68,4283.57,4284.68,4283.57,4284.68,4283.57,4284.68,0,0,4284.223208306349,4285.079894371974,4287.94565093269,0,0,
2026-09-23T23:39:00-04:00,4284.68,4285.9,4284.34,4285.2,4284.68,4285.9,4284.34,4285.2,0,0,4284.548805537566,4285.097052318834,4287.891281607291,0,0,
2026-09-23T23:40:00-04:00,4285.21,4285.42,4284.51,4284.75,4285.21,4285.42,4284.51,4284.75,0,0,4284.615870358378,4285.0474734161435,4287.8290780111065,0,0,
2026-09-23T23:41:00-04:00,4284.74,4285.57,4283.9,4284.04,4284.74,4285.57,4283.9,4284.04,0,0,4284.423913572252,4284.903548642409,4287.754046763362,0,0,
2026-09-23T23:42:00-04:00,4284.04,4284.14,4282.82,4282.82,4284.04,4284.14,4282.82,4282.82,0,0,4283.889275714834,4284.60589883635,4287.656342867058,0,0,
2026-09-23T23:43:00-04:00,4282.82,4282.88,4282.26,4282.36,4282.82,4282.88,4282.26,4282.36,0,0,4283.379517143223,4284.285056145443,4287.551464790483,0,0,
2026-09-23T23:44:00-04:00,4282.34,4282.38,4281.66,4281.74,4282.34,4282.38,4281.66,4281.74,0,0,4282.833011428816,4283.921476696094,4287.43638627978,0,0,
2026-09-23T23:45:00-04:00,4281.74,4282.26,4280.57,4282.1,4281.74,4282.26,4280.57,4282.1,0,0,4282.5886742858775,4283.661265739509,4287.330715264339,0,0,
2026-09-23T23:46:00-04:00,4282.1,4284.33,4282.1,4283.87,4282.1,4284.33,4282.1,4283.87,0,0,4283.015782857252,4283.691084919579,4287.262186249204,0,0,
2026-09-23T23:47:00-04:00,4283.9,4284.6,4283.55,4284.16,4283.9,4284.6,4283.55,4284.16,0,0,4283.397188571501,4283.7580727882105,4287.200756818527,0,0,
2026-09-23T23:48:00-04:00,4284.17,4284.18,4283.31,4283.74,4284.17,4284.18,4283.31,4283.74,0,0,4283.511459047667,4283.755490961324,4287.132226980537,0,0,
2026-09-23T23:49:00-04:00,4283.74,4283.97,4283.23,4283.33,4283.74,4283.97,4283.23,4283.33,0,0,4283.450972698444,4283.694706538277,4287.05693535716,0,0,
2026-09-23T23:50:00-04:00,4283.33,4283.99,4282.66,4283.82,4283.33,4283.99,4282.66,4283.82,0,0,4283.573981798962,4283.712605604238,4286.992837627316,0,0,
2026-09-23T23:51:00-04:00,4283.82,4283.98,4282.52,4282.57,4283.82,4283.98,4282.52,4282.57,0,0,4283.2393211993085,4283.549376232204,4286.9052566842,0,0,
2026-09-23T23:52:00-04:00,4282.57,4282.81,4281.28,4281.34,4282.57,4282.81,4281.28,4281.34,0,0,4282.606214132872,4283.233751056175,4286.795053581543,0,0,
2026-09-23T23:53:00-04:00,4281.36,4283.08,4281.36,4283.06,4281.36,4283.08,4281.36,4283.06,0,0,4282.757476088582,4283.208929476721,4286.721092124482,0,0,
2026-09-23T23:54:00-04:00,4283.1,4284.28,4283.04,4283.39,4283.1,4284.28,4283.04,4283.39,0,0,4282.968317392388,4283.2347966943325,4286.655129904196,0,0,
2026-09-23T23:55:00-04:00,4283.39,4283.93,4282.98,4283.81,4283.39,4283.93,4282.98,4283.81,0,0,4283.248878261592,4283.3169685951425,4286.598790698172,0,0,
2026-09-23T23:56:00-04:00,4283.82,4284.92,4283.45,4284.17,4283.82,4284.92,4283.45,4284.17,1,0,4283.555918841062,4283.438830224408,4286.5506958328615,0,0,
2026-09-23T23:57:00-04:00,4284.18,4284.31,4282.58,4283.98,4284.18,4284.31,4282.58,4283.98,0,1,4283.697279227375,4283.51614019235,4286.499790964884,0,0,
2026-09-23T23:58:00-04:00,4283.98,4284.45,4282.46,4283.81,4283.98,4284.45,4282.46,4283.81,0,0,4283.73485281825,4283.558120164871,4286.446527777461,0,0,
2026-09-23T23:59:00-04:00,4283.81,4285.24,4283.73,4285.04,4283.81,4285.24,4283.73,4285.04,1,0,4284.169901878833,4283.769817284176,4286.418675742263,0,0,
2026-09-24T00:00:00-04:00,4285.03,4286.69,4284.07,4284.34,4285.03,4286.69,4284.07,4284.34,0,0,4284.226601252555,4283.851271957865,4286.377513846377,0,0,
2026-09-24T00:01:00-04:00,4284.34,4285.02,4282.64,4283.4,4284.34,4285.02,4282.64,4283.4,0,0,4283.951067501704,4283.7868045353125,4286.318553176152,0,0,
2026-09-24T00:02:00-04:00,4283.39,4283.72,4282.58,4282.94,4283.39,4283.72,4282.58,4282.94,0,0,4283.614045001135,4283.665832458839,4286.25165113306,0,0,
2026-09-24T00:03:00-04:00,4282.94,4283.67,4281.68,4282.53,4282.94,4283.67,4281.68,4282.53,0,1,4283.252696667423,4283.503570679005,4286.177955071019,0,0,
2026-09-24T00:04:00-04:00,4282.55,4285.11,4282.55,4284.2,4282.55,4285.11,4282.55,4284.2,1,0,4283.568464444948,4283.603060582004,4286.13878764387,0,0,
2026-09-24T00:05:00-04:00,4284.21,4284.33,4283.6,4283.6,4284.21,4284.33,4283.6,4283.6,0,0,4283.578976296632,4283.602623356003,4286.0885146212195,0,0,
2026-09-24T00:06:00-04:00,4283.61,4283.81,4283.01,4283.53,4283.61,4283.81,4283.01,4283.53,0,1,4283.562650864422,4283.5922485908595,4286.037850965354,0,0,
2026-09-24T00:07:00-04:00,4283.52,4284.36,4283.32,4283.62,4283.52,4284.36,4283.32,4283.62,1,0,4283.5817672429475,4283.59621307788,4285.989972728416,0,0,
2026-09-24T00:08:00-04:00,4283.62,4284.25,4283.23,4283.84,4283.62,4284.25,4283.23,4283.84,0,0,4283.667844828632,4283.63103978104,4285.947399011022,0,0,
2026-09-24T00:09:00-04:00,4283.83,4284.6,4283.71,4284.05,4283.83,4284.6,4283.71,4284.05,0,0,4283.795229885754,4283.690891240892,4285.909826753378,0,0,
2026-09-24T00:10:00-04:00,4284.05,4284.46,4283.78,4283.99,4284.05,4284.46,4283.78,4283.99,0,0,4283.860153257169,4283.733621063621,4285.871810382024,0,0,
2026-09-24T00:11:00-04:00,4283.98,4285.28,4283.93,4285.18,4283.98,4285.28,4283.93,4285.18,0,0,4284.300102171446,4283.940246625961,4285.858111166538,0,0,
2026-09-24T00:12:00-04:00,4285.17,4285.19,4283.79,4283.86,4285.17,4285.19,4283.79,4283.86,0,0,4284.153401447631,4283.928782822252,4285.818544608785,0,0,
2026-09-24T00:13:00-04:00,4283.86,4285.11,4283.45,4284.28,4283.86,4285.11,4283.45,4284.28,0,0,4284.195600965088,4283.978956704787,4285.788078378908,0,0,
2026-09-24T00:14:00-04:00,4284.28,4286.16,4284.27,4284.97,4284.28,4286.16,4284.27,4284.97,0,0,4284.453733976725,4284.120534318389,4285.771878807048,0,0,
2026-09-24T00:15:00-04:00,4284.99,4285.65,4284.83,4285.45,4284.99,4285.65,4284.83,4285.45,0,0,4284.78582265115,4284.310457987191,4285.765504969285,0,0,
2026-09-24T00:16:00-04:00,4285.44,4286.54,4285.36,4286.54,4285.44,4286.54,4285.36,4286.54,0,0,4285.3705484341,4284.62896398902,4285.7808415045465,0,0,
2026-09-24T00:17:00-04:00,4286.53,4287.14,4285.93,4286.71,4286.53,4287.14,4285.93,4286.71,0,0,4285.8170322894,4284.926254847732,4285.799240682674,0,0,
2026-09-24T00:18:00-04:00,4286.71,4288.35,4285.87,4285.87,4286.71,4288.35,4285.87,4285.87,0,0,4285.834688192934,4285.06107558377,4285.800641857275,0,0,
2026-09-24T00:19:00-04:00,4285.87,4286.87,4285.49,4286.63,4285.87,4286.87,4285.49,4286.63,0,0,4286.0997921286225,4285.285207643231,4285.817064790795,0,0,
2026-09-24T00:20:00-04:00,4286.63,4287.45,4285.86,4285.95,4286.63,4287.45,4285.86,4285.95,0,0,4286.049861419082,4285.380177979912,4285.819697171175,0,0,
2026-09-24T00:21:00-04:00,4285.95,4286.75,4285.73,4286.05,4285.95,4286.75,4285.73,4286.05,0,0,4286.049907612722,4285.4758668399245,4285.824257623231,0,0,
2026-09-24T00:22:00-04:00,4286.05,4286.8,4285.68,4285.89,4286.05,4286.8,4285.68,4285.89,0,0,4285.996605075148,4285.535028719935,4285.8255594524735,0,0,
2026-09-24T00:23:00-04:00,4285.89,4285.89,4284.69,4285.38,4285.89,4285.89,4284.69,4285.38,0,0,4285.791070050099,4285.512881759944,4285.816736493019,0,0,
2026-09-24T00:24:00-04:00,4285.38,4285.39,4284.56,4284.9,4285.38,4285.39,4284.56,4284.9,0,0,4285.494046700066,4285.42532722281,4285.798583295137,0,0,
2026-09-24T00:25:00-04:00,4284.9,4285.26,4284.37,4285.05,4284.9,4285.26,4284.37,4285.05,0,0,4285.346031133377,4285.371709048122,4285.783759863551,0,0,
2026-09-24T00:26:00-04:00,4285.05,4285.51,4284.35,4284.56,4285.05,4285.51,4284.35,4284.56,0,0,4285.084020755585,4285.255750612676,4285.759526994965,0,0,
2026-09-24T00:27:00-04:00,4284.57,4285.04,4284.46,4284.79,4284.57,4285.04,4284.46,4284.79,0,0,4284.986013837057,4285.189214810865,4285.740328440609,0,0,
2026-09-24T00:28:00-04:00,4284.8,4285.15,4284.12,4284.26,4284.8,4285.15,4284.12,4284.26,0,0,4284.744009224704,4285.056469837885,4285.711015006142,0,0,
2026-09-24T00:29:00-04:00,4284.25,4286.45,4284.25,4286.28,4284.25,4286.45,4284.25,4286.28,0,0,4285.2560061498025,4285.231259861044,4285.722282035723,0,0,
2026-09-24T00:30:00-04:00,4286.29,4286.68,4286.08,4286.46,4286.29,4286.68,4286.08,4286.46,0,0,4285.657337433202,4285.406794166609,4285.736890312243,0,0,
2026-09-24T00:31:00-04:00,4286.4,4287.07,4286.1,4286.78,4286.4,4287.07,4286.1,4286.78,0,0,4286.0315582888015,4285.6029664285215,4285.757545949625,0,0,
2026-09-24T00:32:00-04:00,4286.78,4287.58,4286.64,4286.84,4286.78,4287.58,4286.64,4286.84,0,0,4286.301038859201,4285.7796855101615,4285.778980683295,0,0,
2026-09-24T00:33:00-04:00,4286.83,4288.18,4286.83,4287.96,4286.83,4288.18,4286.83,4287.96,0,0,4286.854025906134,4286.09115900871,4285.8221691846165,0,0,
2026-09-24T00:34:00-04:00,4287.98,4289.09,4286.96,4288.87,4287.98,4289.09,4286.96,4288.87,0,0,4287.526017270756,4286.48813629318,4285.88252227007,0,0,
2026-09-24T00:35:00-04:00,4288.85,4289.26,4288.03,4288.97,4288.85,4289.26,4288.03,4288.97,0,0,4288.00734484717,4286.842688251298,4285.943660442939,0,0,
2026-09-24T00:36:00-04:00,4288.97,4289.12,4288.12,4288.19,4288.97,4289.12,4288.12,4288.19,0,0,4288.068229898114,4287.035161358255,4285.988142414366,0,0,
2026-09-24T00:37:00-04:00,4288.18,4288.63,4287.31,4287.31,4288.18,4288.63,4287.31,4287.31,0,0,4287.815486598743,4287.074424021362,4286.014317812102,0,0,
2026-09-24T00:38:00-04:00,4287.21,4288.66,4287.03,4288.3,4287.21,4288.66,4287.03,4288.3,0,0,4287.976991065829,4287.249506304024,4286.059578845526,0,0,
2026-09-24T00:39:00-04:00,4288.31,4288.32,4287.15,4287.17,4288.31,4288.32,4287.15,4287.17,0,0,4287.707994043886,4287.238148260592,4286.0815673832385,0,0,
2026-09-24T00:40:00-04:00,4287.14,4287.33,4286.64,4287.16,4287.14,4287.33,4286.64,4287.16,0,0,4287.525329362591,4287.2269842233645,4286.102922484561,0,0,
2026-09-24T00:41:00-04:00,4287.16,4287.51,4286.19,4286.83,4287.16,4287.51,4286.19,4286.83,0,0,4287.293552908394,4287.170272191455,4286.117320059124,0,0,
2026-09-24T00:42:00-04:00,4286.83,4287.11,4285.8,4286.31,4286.83,4287.11,4285.8,4286.31,0,0,4286.96570193893,4287.047376164104,4286.1211355034975,0,0,
2026-09-24T00:43:00-04:00,4286.3,4287.02,4285.93,4286.99,4286.3,4287.02,4285.93,4286.99,0,0,4286.97380129262,4287.039179569232,4286.138340741052,0,0,
2026-09-24T00:44:00-04:00,4286.99,4287.46,4286.41,4286.59,4286.99,4287.46,4286.41,4286.59,0,0,4286.845867528414,4286.975011059342,4286.147284488754,0,0,
2026-09-24T00:45:00-04:00,4286.63,4287.22,4286.14,4286.89,4286.63,4287.22,4286.14,4286.89,0,0,4286.860578352276,4286.962866622293,4286.161991726601,0,0,
2026-09-24T00:46:00-04:00,4286.89,4287.89,4286.37,4287.69,4286.89,4287.89,4286.37,4287.69,0,0,4287.137052234851,4287.066742819108,4286.192249316173,0,0,
2026-09-24T00:47:00-04:00,4287.69,4288.34,4287.35,4288.22,4287.69,4288.34,4287.35,4288.22,0,0,4287.498034823234,4287.23149384495,4286.232402795061,0,0,
2026-09-24T00:48:00-04:00,4288.21,4288.9,4288.11,4288.46,4288.21,4288.9,4288.11,4288.46,0,0,4287.818689882156,4287.406994724242,4286.276513630803,0,0,
2026-09-24T00:49:00-04:00,4288.46,4288.82,4288.01,4288.76,4288.46,4288.82,4288.01,4288.76,0,0,4288.132459921438,4287.600281192208,4286.325691578708,0,0,
2026-09-24T00:50:00-04:00,4288.77,4289.05,4288.07,4288.66,4288.77,4289.05,4288.07,4288.66,0,0,4288.308306614292,4287.751669593321,4286.3719155078425,0,0,
2026-09-24T00:51:00-04:00,4288.68,4288.7,4288.4,4288.58,4288.68,4288.7,4288.4,4288.58,0,0,4288.398871076194,4287.870002508561,4286.415639953232,0,0,
2026-09-24T00:52:00-04:00,4288.57,4289.7,4288.53,4289.6,4288.57,4289.7,4288.53,4289.6,0,0,4288.79924738413,4288.117145007338,4286.478696587822,0,0,
2026-09-24T00:53:00-04:00,4289.61,4289.71,4287.84,4289.57,4289.61,4289.71,4287.84,4289.57,0,0,4289.056164922753,4288.324695720576,4286.539910516776,0,0,
2026-09-24T00:54:00-04:00,4289.56,4290,4289.45,4289.94,4289.56,4290,4289.45,4289.94,0,0,4289.350776615169,4288.555453474779,4286.607239021395,0,0,
2026-09-24T00:55:00-04:00,4289.94,4290.19,4289.58,4290.02,4289.94,4290.19,4289.58,4290.02,0,0,4289.57385107678,4288.764674406953,4286.674818446714,0,0,
2026-09-24T00:56:00-04:00,4290.03,4290.35,4289.55,4289.78,4290.03,4290.35,4289.55,4289.78,0,0,4289.64256738452,4288.9097209202455,4286.736307190344,0,0,
2026-09-24T00:57:00-04:00,4289.78,4289.97,4289.25,4289.8,4289.78,4289.97,4289.25,4289.8,0,0,4289.6950449230135,4289.036903645925,4286.7969743746935,0,0,
2026-09-24T00:58:00-04:00,4289.8,4289.95,4289.38,4289.85,4289.8,4289.95,4289.38,4289.85,0,0,4289.746696615342,4289.153060267936,4286.85743032767,0,0,
2026-09-24T00:59:00-04:00,4289.84,4289.92,4289.34,4289.52,4289.84,4289.92,4289.34,4289.52,0,0,4289.671131076895,4289.20548022966,4286.910154479598,0,0,
2026-09-24T01:00:00-04:00,4289.53,4292.03,4289.53,4291.72,4289.53,4292.03,4289.53,4291.72,0,0,4290.354087384597,4289.564697339709,4287.005398945348,0,0,
2026-09-24T01:01:00-04:00,4291.72,4292.48,4291,4292.46,4291.72,4292.48,4291,4292.46,0,0,4291.056058256398,4289.978312005464,4287.113410847421,0,0,
2026-09-24T01:02:00-04:00,4292.46,4292.89,4292.13,4292.53,4292.46,4292.89,4292.13,4292.53,0,0,4291.547372170931,4290.342838861827,4287.2206700385605,0,0,
2026-09-24T01:03:00-04:00,4292.55,4294.6,4292.34,4294.6,4292.55,4294.6,4292.34,4294.6,0,0,4292.564914780621,4290.951004738708,4287.366795384331,0,0,
2026-09-24T01:04:00-04:00,4294.66,4296.05,4294.66,4295.11,4294.66,4296.05,4294.66,4295.11,0,0,4293.413276520414,4291.545146918893,4287.5201261688,0,0,
2026-09-24T01:05:00-04:00,4295.1,4296.36,4294.8,4294.82,4295.1,4296.36,4294.8,4294.82,0,0,4293.882184346942,4292.012983073337,4287.664678125853,0,0,
2026-09-24T01:06:00-04:00,4294.82,4294.93,4292.89,4292.93,4294.82,4294.93,4292.89,4292.93,0,0,4293.564789564628,4292.1439854914315,4287.768941925341,0,0,
2026-09-24T01:07:00-04:00,4292.94,4295.03,4292.92,4293.75,4292.94,4295.03,4292.92,4293.75,0,0,4293.626526376419,4292.373416135512,4287.887378718899,0,0,
2026-09-24T01:08:00-04:00,4293.77,4295.78,4293.7,4293.93,4293.77,4295.78,4293.7,4293.93,0,0,4293.727684250946,4292.595785259011,4288.007034585851,0,0,
2026-09-24T01:09:00-04:00,4293.95,4294.79,4293.65,4293.69,4293.95,4294.79,4293.65,4293.69,0,0,4293.715122833964,4292.752101650581,4288.119568554448,0,0,
2026-09-24T01:10:00-04:00,4293.68,4293.78,4292.83,4292.99,4293.68,4293.78,4292.83,4292.99,0,0,4293.473415222643,4292.7860871290695,4288.216012741489,0,0,
2026-09-24T01:11:00-04:00,4292.99,4293.13,4292.14,4292.24,4292.99,4293.13,4292.14,4292.24,0,0,4293.062276815095,4292.708074682059,4288.295695657499,0,0,
2026-09-24T01:12:00-04:00,4292.25,4292.26,4291.51,4291.86,4292.25,4292.26,4291.51,4291.86,0,0,4292.66151787673,4292.586921156051,4288.366275941509,0,0,
2026-09-24T01:13:00-04:00,4291.82,4291.82,4290.55,4290.76,4291.82,4291.82,4290.55,4290.76,0,1,4292.027678584486,4292.325932419472,4288.413676417915,0,0,
2026-09-24T01:14:00-04:00,4290.76,4290.8,4290.13,4290.38,4290.76,4290.8,4290.13,4290.38,0,0,4291.478452389658,4292.047942073834,4288.45261351855,0,0,
2026-09-24T01:15:00-04:00,4290.38,4290.38,4288.57,4288.57,4290.38,4290.38,4288.57,4288.57,0,0,4290.508968259772,4291.551093206143,4288.454938003331,0,0,
2026-09-24T01:16:00-04:00,4288.58,4288.64,4286.21,4286.6,4288.58,4288.64,4286.21,4286.6,0,0,4289.205978839848,4290.843794176694,4288.418206557721,0,0,
2026-09-24T01:17:00-04:00,4286.62,4288.43,4286.44,4288.37,4286.62,4288.43,4286.44,4288.37,0,0,4288.9273192265655,4290.490395008595,4288.417251972419,0,0,
2026-09-24T01:18:00-04:00,4288.38,4289.15,4287.94,4289.06,4288.38,4289.15,4287.94,4289.06,0,0,4288.971546151044,4290.286052864511,4288.429979656134,0,0,
2026-09-24T01:19:00-04:00,4289.07,4289.62,4287.5,4289.54,4289.07,4289.62,4287.5,4289.54,0,0,4289.161030767363,4290.179473883866,4288.451960257003,0,0,
2026-09-24T01:20:00-04:00,4289.55,4291.38,4289.55,4290.36,4289.55,4291.38,4289.55,4290.36,0,0,4289.560687178242,4290.205263329028,4288.489743222211,0,0,
2026-09-24T01:21:00-04:00,4290.4,4290.73,4288.27,4288.86,4290.4,4290.73,4288.27,4288.86,0,0,4289.327124785495,4290.013082853452,4288.497075039592,0,0,
2026-09-24T01:22:00-04:00,4288.83,4289.78,4288.8,4289.78,4288.83,4289.78,4288.8,4289.78,0,0,4289.47808319033,4289.979785302959,4288.522479494254,0,0,
2026-09-24T01:23:00-04:00,4289.78,4290.08,4289.02,4289.92,4289.78,4290.08,4289.02,4289.92,0,0,4289.625388793554,4289.971244545393,4288.5501531676355,0,0,
2026-09-24T01:24:00-04:00,4289.92,4290.02,4289.24,4289.56,4289.92,4290.02,4289.24,4289.56,0,0,4289.603592529036,4289.912495324623,4288.570150134613,0,0,
2026-09-24T01:25:00-04:00,4289.55,4291.15,4289.37,4290.16,4289.55,4291.15,4289.37,4290.16,1,0,4289.789061686024,4289.947853135391,4288.601632310165,0,0,
2026-09-24T01:26:00-04:00,4290.16,4290.6,4289.28,4289.37,4290.16,4290.6,4289.28,4289.37,0,0,4289.649374457349,4289.865302687478,4288.616847511944,0,0,
2026-09-24T01:27:00-04:00,4289.36,4289.45,4288.6,4289.04,4289.36,4289.45,4288.6,4289.04,0,1,4289.446249638233,4289.747402303553,4288.625226769133,0,0,
2026-09-24T01:28:00-04:00,4289.03,4290.74,4288.83,4290.1,4289.03,4290.74,4288.83,4290.1,1,0,4289.6641664254885,4289.7977734030455,4288.654430199447,0,0,
2026-09-24T01:29:00-04:00,4290.15,4290.67,4289.58,4290.67,4290.15,4290.67,4289.58,4290.67,0,0,4289.999444283659,4289.922377202611,4288.694342472725,0,0,
2026-09-24T01:30:00-04:00,4290.67,4291.09,4288.07,4288.99,4290.67,4291.09,4288.07,4288.99,0,1,4289.662962855772,4289.789180459381,4288.700197077225,0,0,
2026-09-24T01:31:00-04:00,4288.99,4288.99,4285.47,4285.79,4288.99,4288.99,4285.47,4285.79,0,0,4288.371975237182,4289.217868965184,4288.64256941233,0,0,
2026-09-24T01:32:00-04:00,4285.76,4288.11,4285.13,4287.4,4285.76,4288.11,4285.13,4287.4,0,0,4288.047983491454,4288.958173398729,4288.617964077433,0,0,
2026-09-24T01:33:00-04:00,4287.4,4290.37,4286.67,4287.01,4287.4,4290.37,4286.67,4287.01,0,0,4287.701988994303,4288.679862913196,4288.586123204612,0,0,
2026-09-24T01:34:00-04:00,4286.96,4286.96,4285.21,4285.25,4286.96,4286.96,4285.21,4285.25,0,0,4286.884659329536,4288.189882497026,4288.520061358976,0,0,
2026-09-24T01:35:00-04:00,4285.25,4285.81,4284.3,4284.45,4285.25,4285.81,4284.3,4284.45,0,0,4286.07310621969,4287.655613568879,4288.439466084541,0,0,
2026-09-24T01:36:00-04:00,4284.45,4287.28,4284.43,4287.27,4284.45,4287.28,4284.43,4287.27,0,0,4286.472070813127,4287.600525916182,4288.416308340293,0,0,
2026-09-24T01:37:00-04:00,4287.26,4287.49,4286.2,4286.4,4287.26,4287.49,4286.2,4286.4,0,0,4286.448047208752,4287.429022213871,4288.376381442466,0,0,
2026-09-24T01:38:00-04:00,4286.35,4287.45,4285.63,4287.35,4286.35,4287.45,4285.63,4287.35,0,0,4286.748698139168,4287.417733326175,4288.356057057466,0,0,
2026-09-24T01:39:00-04:00,4287.34,4287.34,4283.74,4284.26,4287.34,4287.34,4283.74,4284.26,0,0,4285.919132092778,4286.966628565293,4288.274947016725,0,0,
2026-09-24T01:40:00-04:00,4284.25,4286.79,4284.19,4284.58,4284.25,4286.79,4284.19,4284.58,0,0,4285.472754728519,4286.6256816273935,4288.201779749067,0,0,
2026-09-24T01:41:00-04:00,4284.59,4284.64,4282.15,4282.92,4284.59,4284.64,4282.15,4282.92,0,0,4284.6218364856795,4286.0962985377655,4288.097190051066,0,0,
2026-09-24T01:42:00-04:00,4282.9,4283.23,4281.31,4282.05,4282.9,4283.23,4281.31,4282.05,0,0,4283.764557657119,4285.518255889513,4287.977443713421,0,0,
2026-09-24T01:43:00-04:00,4282.04,4283.05,4281.2,4281.76,4282.04,4283.05,4281.2,4281.76,0,0,4283.096371771413,4284.981362191012,4287.854326016126,0,0,
2026-09-24T01:44:00-04:00,4281.76,4281.8,4280.57,4281.19,4281.76,4281.8,4280.57,4281.19,0,0,4282.460914514275,4284.439739020867,4287.7223591643215,0,0,
2026-09-24T01:45:00-04:00,4281.07,4282.82,4280.12,4282.39,4281.07,4282.82,4280.12,4282.39,0,0,4282.43727634285,4284.146919160743,4287.616767893741,0,0,
2026-09-24T01:46:00-04:00,4282.4,4285.68,4282.39,4284.62,4282.4,4285.68,4282.39,4284.62,0,0,4283.164850895233,4284.21450213778,4287.557425955251,0,0,
2026-09-24T01:47:00-04:00,4284.62,4285.22,4284.2,4284.99,4284.62,4285.22,4284.2,4284.99,0,0,4283.773233930156,4284.325287546669,4287.5065858373255,0,0,
2026-09-24T01:48:00-04:00,4284.98,4285.15,4284.08,4284.52,4284.98,4285.15,4284.08,4284.52,0,0,4284.0221559534375,4284.35310361143,4287.447445523715,0,0,
2026-09-24T01:49:00-04:00,4284.53,4284.54,4281.65,4283,4284.53,4284.54,4281.65,4283,0,0,4283.681437302292,4284.159803095511,4287.359377295523,0,0,
2026-09-24T01:50:00-04:00,4282.99,4284.31,4282.62,4283.11,4282.99,4284.31,4282.62,4283.11,0,0,4283.490958201528,4284.009831224724,4287.275231210463,0,0,
2026-09-24T01:51:00-04:00,4283.1,4283.3,4282.16,4282.25,4283.1,4283.3,4282.16,4282.25,0,0,4283.077305467686,4283.758426764049,4287.175721681543,0,0,
2026-09-24T01:52:00-04:00,4282.26,4283.74,4281.95,4283.7,4282.26,4283.74,4281.95,4283.7,0,0,4283.284870311791,4283.7500800834705,4287.106895509632,0,0,
2026-09-24T01:53:00-04:00,4283.72,4284.41,4281.43,4281.48,4283.72,4284.41,4281.43,4281.48,0,0,4282.683246874527,4283.425782928689,4286.995471836173,0,0,
2026-09-24T01:54:00-04:00,4281.46,4282,4280.49,4280.6,4281.46,4282,4280.49,4280.6,0,0,4281.988831249685,4283.022099653162,4286.868828829516,0,0,
2026-09-24T01:55:00-04:00,4280.6,4281.27,4279.93,4280.1,4280.6,4281.27,4279.93,4280.1,0,0,4281.359220833124,4282.604656845567,4286.734792615071,0,0,
2026-09-24T01:56:00-04:00,4280.12,4280.13,4278.21,4278.34,4280.12,4280.13,4278.21,4278.34,0,0,4280.35281388875,4281.995420153343,4286.56855909794,0,0,
2026-09-24T01:57:00-04:00,4278.34,4279.15,4277.77,4279.02,4278.34,4279.15,4277.77,4279.02,0,0,4279.9085425924995,4281.570360131437,4286.41908268016,0,0,
2026-09-24T01:58:00-04:00,4279.01,4279.49,4277.92,4278.12,4279.01,4279.49,4277.92,4278.12,0,0,4279.312361728333,4281.077451541232,4286.254744409265,0,0,
2026-09-24T01:59:00-04:00,4278.15,4280,4277.51,4279.21,4278.15,4280,4277.51,4279.21,0,0,4279.278241152222,4280.810672749628,4286.115244519973,0,0,
2026-09-24T02:00:00-04:00,4279.21,4282.23,4278.91,4281.32,4279.21,4282.23,4278.91,4281.32,0,0,4279.958827434814,4280.883433785395,4286.020289182944,0,0,
2026-09-24T02:01:00-04:00,4281.33,4283.35,4280.99,4282.64,4281.33,4283.35,4280.99,4282.64,1,0,4280.852551623209,4281.134371816053,4285.953352763479,0,0,
2026-09-24T02:02:00-04:00,4282.64,4283.5,4281.39,4282.41,4282.64,4283.5,4281.39,4282.41,0,0,4281.371701082139,4281.31660441376,4285.883187362222,0,0,
2026-09-24T02:03:00-04:00,4282.41,4282.67,4281.34,4282.02,4282.41,4282.67,4281.34,4282.02,0,0,4281.587800721426,4281.417089497509,4285.8066886025745,0,0,
2026-09-24T02:04:00-04:00,4282.02,4282.1,4279.44,4279.82,4282.02,4282.1,4279.44,4279.82,0,1,4280.998533814284,4281.188933855007,4285.688140313415,0,0,
2026-09-24T02:05:00-04:00,4279.84,4282.16,4279.69,4281.87,4279.84,4282.16,4279.69,4281.87,0,0,4281.289022542856,4281.286229018578,4285.6125335745355,0,0,
2026-09-24T02:06:00-04:00,4281.87,4283.26,4281.73,4282.22,4281.87,4283.26,4281.73,4282.22,0,0,4281.599348361904,4281.419624873067,4285.545354691872,0,0,
2026-09-24T02:07:00-04:00,4282.22,4286.01,4282.21,4285.65,4282.22,4286.01,4282.21,4285.65,1,0,4282.949565574602,4282.023964176914,4285.547426876191,0,0,
2026-09-24T02:08:00-04:00,4285.65,4286.23,4284.09,4284.09,4285.65,4286.23,4284.09,4284.09,0,0,4283.329710383068,4282.31911215164,4285.518566938049,0,0,
2026-09-24T02:09:00-04:00,4284.1,4286.32,4283.38,4286.1,4284.1,4286.32,4283.38,4286.1,0,0,4284.253140255379,4282.85923898712,4285.530080464028,0,0,
2026-09-24T02:10:00-04:00,4286.1,4286.67,4284.51,4285.74,4286.1,4286.67,4284.51,4285.74,0,0,4284.748760170252,4283.270776274674,4285.5342372865225,0,0,
2026-09-24T02:11:00-04:00,4285.74,4286.15,4284.52,4285.01,4285.74,4286.15,4284.52,4285.01,0,0,4284.835840113502,4283.519236806864,4285.523856350156,0,0,
2026-09-24T02:12:00-04:00,4285.01,4285.57,4283.9,4284.33,4285.01,4285.57,4283.9,4284.33,0,0,4284.667226742335,4283.635060120169,4285.500215630351,0,0,
2026-09-24T02:13:00-04:00,4284.34,4284.45,4283.23,4283.53,4284.34,4284.45,4283.23,4283.53,0,0,4284.288151161556,4283.620051531574,4285.461201459453,0,0,
2026-09-24T02:14:00-04:00,4283.56,4283.59,4281.14,4282.23,4283.56,4283.59,4281.14,4282.23,0,1,4283.60210077437,4283.421472741349,4285.397217272137,0,0,
2026-09-24T02:15:00-04:00,4282.26,4282.86,4281.33,4281.35,4282.26,4282.86,4281.33,4281.35,0,0,4282.851400516247,4283.125548064014,4285.317074355857,0,0,
2026-09-24T02:16:00-04:00,4281.35,4282.34,4280.61,4281.89,4281.35,4282.34,4280.61,4281.89,0,0,4282.530933677498,4282.949041197726,4285.249211497325,0,0,
2026-09-24T02:17:00-04:00,4281.93,4284.01,4281.6,4283.42,4281.93,4284.01,4281.6,4283.42,0,0,4282.827289118332,4283.016321026622,4285.212989487477,0,0,
2026-09-24T02:18:00-04:00,4283.31,4284.66,4280.84,4284.49,4283.31,4284.66,4280.84,4284.49,0,0,4283.381526078888,4283.226846594247,4285.198672863962,0,0,
2026-09-24T02:19:00-04:00,4284.49,4284.65,4282.91,4282.91,4284.49,4284.65,4282.91,4282.91,0,0,4283.224350719259,4283.181582795069,4285.15335260923,0,0,
2026-09-24T02:20:00-04:00,4282.9,4284.92,4282.81,4284.03,4282.9,4284.92,4282.81,4284.03,0,0,4283.492900479506,4283.302785252916,4285.131108003106,0,0,
2026-09-24T02:21:00-04:00,4284.03,4285.67,4284.03,4284.72,4284.03,4285.67,4284.03,4284.72,1,0,4283.901933653004,4283.505244502499,4285.12296725057,0,0,
2026-09-24T02:22:00-04:00,4284.69,4286.56,4284.13,4286.17,4284.69,4286.56,4284.13,4286.17,0,0,4284.657955768669,4283.885923859285,4285.143700572341,0,0,
2026-09-24T02:23:00-04:00,4286.18,4286.41,4284.95,4285.26,4286.18,4286.41,4284.95,4285.26,0,0,4284.8586371791125,4284.082220450816,4285.146003531305,0,0,
2026-09-24T02:24:00-04:00,4285.25,4285.36,4283.13,4284.06,4285.25,4285.36,4283.13,4284.06,0,1,4284.592424786075,4284.079046100699,4285.124498510883,0,0,
2026-09-24T02:25:00-04:00,4284.05,4284.6,4283.04,4283.58,4284.05,4284.6,4283.04,4283.58,0,0,4284.2549498573835,4284.007753800599,4285.093914381955,0,0,
2026-09-24T02:26:00-04:00,4283.58,4284.48,4282.8,4284.35,4283.58,4284.48,4282.8,4284.35,0,0,4284.2866332382555,4284.056646114799,4285.079183404095,0,0,
2026-09-24T02:27:00-04:00,4284.36,4285.14,4283.56,4283.84,4284.36,4285.14,4283.56,4283.84,0,0,4284.13775549217,4284.025696669828,4285.054645118865,0,0,
2026-09-24T02:28:00-04:00,4283.85,4284.06,4281.57,4281.78,4283.85,4284.06,4281.57,4281.78,0,0,4283.35183699478,4283.704882859853,4284.989800661066,0,0,
2026-09-24T02:29:00-04:00,4281.8,4282.51,4281.37,4282.09,4281.8,4282.51,4281.37,4282.09,0,0,4282.931224663186,4283.474185308445,4284.932378865797,0,0,
2026-09-24T02:30:00-04:00,4282.15,4282.67,4280.5,4282.56,4282.15,4282.67,4280.5,4282.56,0,0,4282.807483108791,4283.343587407238,4284.885401066474,0,0,
2026-09-24T02:31:00-04:00,4282.56,4283.64,4282.48,4282.5,4282.56,4283.64,4282.48,4282.5,0,0,4282.704988739194,4283.22307492049,4284.838165401791,0,0,
2026-09-24T02:32:00-04:00,4282.48,4283.63,4282.24,4282.48,4282.48,4283.63,4282.24,4282.48,0,0,4282.629992492796,4283.11692136042,4284.7914690572015,0,0,
2026-09-24T02:33:00-04:00,4282.49,4282.49,4280.84,4280.98,4282.49,4282.49,4280.84,4280.98,0,0,4282.079994995197,4282.81164688036,4284.715994422406,0,0,
2026-09-24T02:34:00-04:00,4280.99,4282.32,4280.08,4281.07,4280.99,4282.32,4280.08,4281.07,0,0,4281.743329996798,4282.5628401831655,4284.643796513052,0,0,
2026-09-24T02:35:00-04:00,4281.08,4281.54,4279.17,4279.17,4281.08,4281.54,4279.17,4279.17,0,0,4280.885553331199,4282.078148728428,4284.535404502893,0,0,
2026-09-24T02:36:00-04:00,4279.16,4279.96,4278.35,4278.48,4279.16,4279.96,4278.35,4278.48,0,0,4280.083702220799,4281.564127481509,4284.415495502835,0,0,
2026-09-24T02:37:00-04:00,4278.45,4278.99,4275.37,4278.82,4278.45,4278.99,4275.37,4278.82,0,0,4279.662468147199,4281.172109269864,4284.30469361169,0,0,
2026-09-24T02:38:00-04:00,4278.85,4279.43,4278.34,4279.11,4278.85,4279.43,4278.34,4279.11,0,0,4279.478312098133,4280.8775222313125,4284.201828391656,0,0,
2026-09-24T02:39:00-04:00,4279.1,4280.52,4278.9,4280.02,4279.1,4280.52,4278.9,4280.02,0,0,4279.658874732088,4280.755019055411,4284.119019908653,0,0,
2026-09-24T02:40:00-04:00,4280.02,4280.39,4278.91,4279.2,4280.02,4280.39,4278.91,4279.2,0,0,4279.505916488059,4280.532873476067,4284.021613573828,0,0,
2026-09-24T02:41:00-04:00,4279.21,4279.51,4277.15,4277.27,4279.21,4279.51,4277.15,4277.27,0,0,4278.760610992039,4280.066748693772,4283.887918255535,0,0,
2026-09-24T02:42:00-04:00,4277.21,4278.47,4277.05,4277.23,4277.21,4278.47,4277.05,4277.23,0,0,4278.250407328026,4279.661498880376,4283.756078290078,0,0,
2026-09-24T02:43:00-04:00,4277.23,4279.41,4276.94,4278.57,4277.23,4279.41,4276.94,4278.57,0,0,4278.356938218684,4279.505570468894,4283.653383670473,0,0,
2026-09-24T02:44:00-04:00,4278.5,4279.29,4277.35,4277.76,4278.5,4279.29,4277.35,4277.76,0,0,4278.157958812456,4279.256203259052,4283.536683003731,0,0,
2026-09-24T02:45:00-04:00,4277.8,4278.03,4276.67,4276.73,4277.8,4278.03,4276.67,4276.73,0,0,4277.681972541637,4278.895317079187,4283.401897201677,0,0,
2026-09-24T02:46:00-04:00,4276.78,4276.83,4274.88,4274.88,4276.78,4276.83,4274.88,4274.88,0,0,4276.747981694425,4278.321700353589,4283.23314676204,0,0,
2026-09-24T02:47:00-04:00,4274.89,4275.53,4274.41,4274.91,4274.89,4275.53,4274.41,4274.91,0,0,4276.135321129616,4277.834314588791,4283.068331974672,0,0,
2026-09-24T02:48:00-04:00,4274.86,4276.01,4274.61,4274.75,4274.86,4276.01,4274.61,4274.75,0,0,4275.673547419744,4277.393698218963,4282.903612529629,0,0,
2026-09-24T02:49:00-04:00,4274.75,4276.04,4274.39,4275.58,4274.75,4276.04,4274.39,4275.58,0,0,4275.642364946496,4277.134598473397,4282.758590499339,0,0,
2026-09-24T02:50:00-04:00,4275.57,4277.14,4275.57,4276.78,4275.57,4277.14,4275.57,4276.78,0,0,4276.0215766309975,4277.083941548626,4282.640202568659,0,0,
2026-09-24T02:51:00-04:00,4276.77,4277.09,4275.38,4275.93,4276.77,4277.09,4275.38,4275.93,0,0,4275.9910510873315,4276.919092755966,4282.50732727027,0,0,
2026-09-24T02:52:00-04:00,4275.93,4276.58,4275.26,4276.29,4275.93,4276.58,4275.26,4276.29,0,0,4276.090700724888,4276.829222362257,4282.38421187878,0,0,
2026-09-24T02:53:00-04:00,4276.3,4278.03,4276.3,4277.5,4276.3,4278.03,4276.3,4277.5,0,0,4276.560467149925,4276.925047739077,4282.287494811873,0,0,
2026-09-24T02:54:00-04:00,4277.51,4278,4276.71,4276.9,4277.51,4278,4276.71,4276.9,0,0,4276.673644766616,4276.921469490638,4282.1808117462915,0,0,
2026-09-24T02:55:00-04:00,4276.91,4278.19,4276.91,4278.19,4276.91,4278.19,4276.91,4278.19,0,0,4277.179096511078,4277.1026881348325,4282.101785771118,0,0,
2026-09-24T02:56:00-04:00,4278.19,4278.25,4277.01,4277.01,4278.19,4278.25,4277.01,4277.01,0,0,4277.1227310073855,4277.089446972714,4282.000958330105,0,0,
2026-09-24T02:57:00-04:00,4277.01,4277.99,4276.69,4277.67,4277.01,4277.99,4276.69,4277.67,0,0,4277.305154004924,4277.172383119469,4281.915196779014,0,0,
2026-09-24T02:58:00-04:00,4277.67,4278.14,4276.48,4277.24,4277.67,4278.14,4276.48,4277.24,0,0,4277.283436003282,4277.18204267383,4281.822618624974,0,0,
2026-09-24T02:59:00-04:00,4277.24,4277.25,4276.24,4276.41,4277.24,4277.25,4276.24,4276.41,0,0,4276.992290668854,4277.071750863283,4281.715438058143,0,0,
2026-09-24T03:00:00-04:00,4276.41,4277.62,4275.14,4275.22,4276.41,4277.62,4275.14,4275.22,0,0,4276.40152711257,4276.807215025671,4281.586815522339,0,0,
2026-09-24T03:01:00-04:00,4275.21,4276.45,4275.17,4276.08,4275.21,4276.45,4275.17,4276.08,0,0,4276.29435140838,4276.703327164861,4281.477769670411,0,0,
2026-09-24T03:02:00-04:00,4276.15,4276.15,4274.39,4275.38,4276.15,4276.15,4274.39,4275.38,0,0,4275.989567605587,4276.514280427024,4281.3570217561455,0,0,
2026-09-24T03:03:00-04:00,4275.4,4278.81,4275.39,4278.56,4275.4,4278.81,4275.39,4278.56,0,0,4276.846378403725,4276.806526080306,4281.301635186717,0,0,
2026-09-24T03:04:00-04:00,4278.56,4280.5,4278.22,4280.07,4278.56,4280.5,4278.22,4280.07,1,0,4277.920918935816,4277.272736640262,4281.277246371139,0,0,
2026-09-24T03:05:00-04:00,4280.08,4282.87,4279.53,4282.82,4280.08,4282.87,4279.53,4282.82,0,0,4279.553945957211,4278.06520283451,4281.307795947948,0,0,
2026-09-24T03:06:00-04:00,4282.79,4284.98,4282.36,4283.92,4282.79,4284.98,4282.36,4283.92,0,0,4281.009297304808,4278.901602429581,4281.359522760859,0,0,
2026-09-24T03:07:00-04:00,4283.93,4283.93,4280.77,4281.64,4283.93,4283.93,4280.77,4281.64,0,0,4281.219531536539,4279.2928020824975,4281.3650767655945,0,0,
2026-09-24T03:08:00-04:00,4281.64,4283.25,4281.44,4281.8,4281.64,4283.25,4281.44,4281.8,0,0,4281.413021024359,4279.650973213569,4281.37368910687,0,0,
2026-09-24T03:09:00-04:00,4281.79,4283.58,4281.33,4283.31,4281.79,4283.58,4281.33,4283.31,0,0,4282.045347349573,4280.1736913259165,4281.4120318968335,0,0,
2026-09-24T03:10:00-04:00,4283.31,4283.45,4282.04,4282.8,4283.31,4283.45,4282.04,4282.8,0,0,4282.2968982330485,4280.548878279357,4281.439516413728,0,0,
2026-09-24T03:11:00-04:00,4282.79,4283.14,4281.97,4281.98,4282.79,4283.14,4281.97,4281.98,0,0,4282.191265488699,4280.753324239449,4281.450219059,0,0,
2026-09-24T03:12:00-04:00,4281.95,4283.75,4281.62,4283.62,4281.95,4283.75,4281.62,4283.62,0,0,4282.667510325799,4281.162849348099,4281.493185018227,0,0,
2026-09-24T03:13:00-04:00,4283.62,4285.22,4283.16,4283.95,4283.62,4285.22,4283.16,4283.95,0,0,4283.0950068838665,4281.561013726942,4281.541834819846,0,0,
2026-09-24T03:14:00-04:00,4283.96,4284.95,4283.84,4284.12,4283.96,4284.95,4283.84,4284.12,0,0,4283.436671255911,4281.926583194522,4281.592887595691,0,0,
2026-09-24T03:15:00-04:00,4284.14,4285.29,4283.29,4285.26,4284.14,4285.29,4283.29,4285.26,0,0,4284.044447503941,4282.4027855953045,4281.665503682904,0,0,
2026-09-24T03:16:00-04:00,4285.26,4288.01,4285.26,4286.17,4285.26,4288.01,4285.26,4286.17,0,0,4284.752965002627,4282.9409590816895,4281.754701629778,0,0,
2026-09-24T03:17:00-04:00,4286.09,4286.54,4285.45,4285.85,4286.09,4286.54,4285.45,4285.85,0,0,4285.118643335085,4283.356536355734,4281.835796647009,0,0,
2026-09-24T03:18:00-04:00,4285.5,4286.82,4284.63,4286.81,4285.5,4286.82,4284.63,4286.81,0,0,4285.682428890057,4283.849888304914,4281.934295723307,0,0,
2026-09-24T03:19:00-04:00,4286.81,4287.35,4286.18,4286.75,4286.81,4287.35,4286.18,4286.75,0,0,4286.038285926705,4284.264189975641,4282.029656204033,0,0,
2026-09-24T03:20:00-04:00,4286.75,4286.75,4284.7,4284.89,4286.75,4286.75,4284.7,4284.89,0,0,4285.655523951136,4284.353591407692,4282.08629667524,0,0,
2026-09-24T03:21:00-04:00,4284.89,4285.1,4283.95,4284.14,4284.89,4285.1,4283.95,4284.14,0,0,4285.150349300758,4284.32307834945,4282.12696406781,0,0,
2026-09-24T03:22:00-04:00,4284.17,4284.2,4281.4,4281.42,4284.17,4284.2,4281.4,4281.42,0,1,4283.906899533838,4283.908352870957,4282.112964779339,0,0,
2026-09-24T03:23:00-04:00,4281.42,4283.13,4281.15,4281.91,4281.42,4283.13,4281.15,4281.91,0,0,4283.241266355893,4283.6228738893915,4282.108945674798,0,0,
2026-09-24T03:24:00-04:00,4281.93,4282.52,4281.2,4281.85,4281.93,4282.52,4281.2,4281.85,0,0,4282.7775109039285,4283.369606190907,4282.103818037673,0,0,
2026-09-24T03:25:00-04:00,4281.81,4283.95,4281.78,4283.57,4281.81,4283.95,4281.78,4283.57,1,0,4283.0416739359525,4283.39823387792,4282.1328513438575,0,0,
2026-09-24T03:26:00-04:00,4283.57,4283.57,4282.27,4282.5,4283.57,4283.57,4282.27,4282.5,0,0,4282.861115957302,4283.269914752503,4282.140121614276,0,0,
2026-09-24T03:27:00-04:00,4282.51,4283.67,4282.4,4283.09,4282.51,4283.67,4282.4,4283.09,0,0,4282.937410638201,4283.244212645002,4282.1589310872605,0,0,
2026-09-24T03:28:00-04:00,4283.09,4284.08,4283.09,4283.19,4283.09,4284.08,4283.09,4283.19,0,0,4283.021607092134,4283.236467981431,4282.179348293454,0,0,
2026-09-24T03:29:00-04:00,4283.11,4285.03,4282.7,4284.9,4283.11,4285.03,4282.7,4284.9,0,0,4283.647738061422,4283.474115412655,4282.233222584672,0,0,
2026-09-24T03:30:00-04:00,4284.91,4286.2,4284.26,4284.33,4284.91,4286.2,4284.26,4284.33,0,0,4283.875158707615,4283.596384639419,4282.2747429295305,0,0,
2026-09-24T03:31:00-04:00,4284.34,4286.12,4284.03,4284.13,4284.34,4286.12,4284.03,4284.13,0,0,4283.960105805077,4283.672615405216,4282.311480693302,0,0,
2026-09-24T03:32:00-04:00,4284.12,4287.23,4283.97,4287.12,4284.12,4287.23,4283.97,4287.12,0,0,4285.013403870051,4284.1650989187565,4282.406698897395,0,0,
2026-09-24T03:33:00-04:00,4287.1,4287.74,4285.96,4286.02,4287.1,4287.74,4285.96,4286.02,0,0,4285.348935913367,4284.430084787506,4282.478249414278,0,0,
2026-09-24T03:34:00-04:00,4286.02,4286.17,4282.19,4282.86,4286.02,4286.17,4282.19,4282.86,0,1,4284.519290608911,4284.205786960719,4282.485808831817,0,0,
2026-09-24T03:35:00-04:00,4282.85,4285.3,4282.69,4285.29,4282.85,4285.3,4282.69,4285.29,0,0,4284.776193739274,4284.360674537759,4282.541337369801,0,0,
2026-09-24T03:36:00-04:00,4285.3,4286.65,4285.09,4285.33,4285.3,4286.65,4285.09,4285.33,1,0,4284.960795826183,4284.499149603794,4282.596558411983,0,0,
2026-09-24T03:37:00-04:00,4285.33,4286.3,4285.14,4285.95,4285.33,4286.3,4285.14,4285.95,0,0,4285.290530550788,4284.706413946109,4282.662963195904,0,0,
2026-09-24T03:38:00-04:00,4286,4286.33,4284.54,4284.81,4286,4286.33,4284.54,4284.81,0,0,4285.130353700526,4284.721211953808,4282.705478776184,0,0,
2026-09-24T03:39:00-04:00,4284.8,4285.03,4283.89,4284.48,4284.8,4285.03,4283.89,4284.48,0,1,4284.913569133684,4284.686753103264,4282.740617810318,0,0,
2026-09-24T03:40:00-04:00,4284.45,4284.56,4282.32,4282.32,4284.45,4284.56,4282.32,4282.32,0,0,4284.049046089122,4284.348645517083,4282.732288744767,0,0,
2026-09-24T03:41:00-04:00,4282.31,4282.44,4280.25,4281.07,4282.31,4282.44,4280.25,4281.07,0,0,4283.056030726081,4283.880267586072,4282.6993721359595,0,0,
2026-09-24T03:42:00-04:00,4281.07,4281.94,4280.25,4281.59,4281.07,4281.94,4280.25,4281.59,0,0,4282.567353817388,4283.5530865023475,4282.677404370891,0,0,
2026-09-24T03:43:00-04:00,4281.59,4282.64,4281.2,4281.77,4281.59,4282.64,4281.2,4281.77,0,0,4282.301569211592,4283.298359859155,4282.659435967507,0,0,
2026-09-24T03:44:00-04:00,4281.76,4283.55,4281.76,4282.96,4281.76,4283.55,4281.76,4282.96,0,0,4282.521046141062,4283.250022736419,4282.665387730527,0,0,
2026-09-24T03:45:00-04:00,4282.9,4284.91,4282.72,4284.49,4282.9,4284.91,4282.72,4284.49,0,0,4283.177364094041,4283.4271623455015,4282.701518666556,0,0,
2026-09-24T03:46:00-04:00,4284.49,4285.63,4284.06,4284.54,4284.49,4285.63,4284.06,4284.54,1,0,4283.631576062694,4283.586139153287,4282.7379242375155,0,0,
2026-09-24T03:47:00-04:00,4284.54,4284.65,4281.28,4281.28,4284.54,4284.65,4281.28,4281.28,0,1,4282.847717375129,4283.256690702818,4282.709054450634,0,0,
2026-09-24T03:48:00-04:00,4281.23,4281.79,4280.27,4281.26,4281.23,4281.79,4280.27,4281.26,0,0,4282.318478250086,4282.971449173844,4282.680360303097,0,0,
2026-09-24T03:49:00-04:00,4281.27,4282.05,4279.6,4280.12,4281.27,4282.05,4279.6,4280.12,0,0,4281.585652166724,4282.564099291866,4282.629660099075,0,0,
2026-09-24T03:50:00-04:00,4280.12,4281.35,4278.86,4281.27,4280.12,4281.35,4278.86,4281.27,0,0,4281.480434777816,4282.379227964457,4282.602736136718,0,0,
2026-09-24T03:51:00-04:00,4281.25,4282.87,4281.01,4282.85,4281.25,4282.87,4281.01,4282.85,0,0,4281.936956518544,4282.446481112392,4282.607632450842,0,0,
2026-09-24T03:52:00-04:00,4282.85,4283.86,4282,4282.47,4282.85,4283.86,4282,4282.47,0,0,4282.114637679029,4282.449840953479,4282.604907055776,0,0,
2026-09-24T03:53:00-04:00,4282.45,4283.47,4281.47,4283.26,4282.45,4283.47,4281.47,4283.26,0,0,4282.496425119353,4282.565577960125,4282.617879193285,0,0,
2026-09-24T03:54:00-04:00,4283.25,4283.69,4282.75,4283.31,4283.25,4283.69,4282.75,4283.31,0,0,4282.767616746236,4282.671923965821,4282.631584555795,0,0,
2026-09-24T03:55:00-04:00,4283.31,4283.38,4279.26,4279.37,4283.31,4283.38,4279.26,4279.37,0,0,4281.635077830824,4282.200220542132,4282.566998723007,0,0,
2026-09-24T03:56:00-04:00,4279.38,4280.42,4279.11,4279.44,4279.38,4280.42,4279.11,4279.44,0,0,4280.903385220549,4281.805903321828,4282.505077956214,0,0,
2026-09-24T03:57:00-04:00,4279.45,4280.19,4278.98,4279,4279.45,4280.19,4278.98,4279,0,0,4280.2689234803665,4281.405059990138,4282.435670471933,0,0,
2026-09-24T03:58:00-04:00,4278.93,4279.77,4278.26,4278.48,4278.93,4279.77,4278.26,4278.48,0,0,4279.672615653578,4280.987194277262,4282.357340363578,0,0,
2026-09-24T03:59:00-04:00,4278.49,4278.71,4276.03,4278.6,4278.49,4278.71,4276.03,4278.6,0,0,4279.315077102386,4280.646166523367,4282.282937584101,0,0,
2026-09-24T04:00:00-04:00,4278.57,4282.85,4277.57,4281.52,4278.57,4282.85,4277.57,4281.52,0,0,4280.05005140159,4280.7709998771725,4282.2678299091685,0,0,
2026-09-24T04:01:00-04:00,4281.52,4284.39,4280.27,4283.93,4281.52,4284.39,4280.27,4283.93,0,0,4281.34336760106,4281.222285609005,4282.300744168393,0,0,
2026-09-24T04:02:00-04:00,4283.93,4284.13,4282.57,4283.29,4283.93,4284.13,4282.57,4283.29,0,0,4281.992245067373,4281.517673379147,4282.320333392781,0,0,
2026-09-24T04:03:00-04:00,4283.29,4284.85,4282.58,4284.24,4283.29,4284.85,4282.58,4284.24,1,0,4282.741496711582,4281.906577182126,4282.358346592924,0,0,
2026-09-24T04:04:00-04:00,4284.24,4284.47,4281.69,4284.46,4284.24,4284.47,4281.69,4284.46,0,1,4283.314331141055,4282.271351870394,4282.399963492074,0,0,
2026-09-24T04:05:00-04:00,4284.46,4285.6,4282.83,4283.82,4284.46,4285.6,4282.83,4283.82,1,0,4283.48288742737,4282.492587317481,4282.428083026884,0,0,
2026-09-24T04:06:00-04:00,4283.82,4284.03,4282.18,4283.82,4283.82,4284.03,4282.18,4283.82,0,0,4283.595258284913,4282.682217700698,4282.455645739224,0,0,
2026-09-24T04:07:00-04:00,4283.86,4284.15,4283.1,4283.71,4283.86,4284.15,4283.1,4283.71,0,0,4283.633505523276,4282.829043743455,4282.480484437457,0,0,
2026-09-24T04:08:00-04:00,4283.69,4284.17,4281.49,4281.56,4283.69,4284.17,4281.49,4281.56,0,1,4282.942337015517,4282.647751780105,4282.462257022854,0,0,
2026-09-24T04:09:00-04:00,4281.57,4283.33,4281.43,4282.66,4281.57,4283.33,4281.43,4282.66,0,0,4282.848224677012,4282.649501525804,4282.4661727253715,0,0,
2026-09-24T04:10:00-04:00,4282.67,4283.35,4281.27,4281.46,4282.67,4283.35,4281.27,4281.46,0,0,4282.385483118008,4282.4795727364035,4282.446248512988,0,1,
2026-09-24T04:11:00-04:00,4281.46,4282.36,4280.02,4280.48,4281.46,4282.36,4280.02,4280.48,0,0,4281.750322078672,4282.193919488346,4282.407312898869,0,0,
2026-09-24T04:12:00-04:00,4280.47,4281.02,4278.91,4280.55,4280.47,4281.02,4278.91,4280.55,0,0,4281.350214719115,4281.959073847154,4282.370534425624,0,0,
2026-09-24T04:13:00-04:00,4280.56,4281.29,4278.9,4279.11,4280.56,4281.29,4278.9,4279.11,0,0,4280.603476479409,4281.55206329756,4282.305969387493,0,0,
2026-09-24T04:14:00-04:00,4279.11,4279.71,4276.54,4277.38,4279.11,4279.71,4276.54,4277.38,0,0,4279.528984319606,4280.956054255052,4282.208425439226,0,0,
2026-09-24T04:15:00-04:00,4277.34,4279.19,4270.36,4270.45,4277.34,4279.19,4270.36,4270.45,0,0,4276.502656213071,4279.455189361473,4281.975585331518,0,0,
2026-09-24T04:16:00-04:00,4270.41,4271.94,4269.71,4271.09,4270.41,4271.94,4269.71,4271.09,0,0,4274.69843747538,4278.2601623098335,4281.76002918634,0,0,
2026-09-24T04:17:00-04:00,4271.08,4274.02,4270.29,4270.4,4271.08,4274.02,4270.29,4270.4,0,0,4273.265624983586,4277.137281979857,4281.535078113343,0,0,
2026-09-24T04:18:00-04:00,4270.45,4270.48,4268.22,4268.87,4270.45,4270.48,4268.22,4268.87,0,0,4271.800416655724,4275.95624169702,4281.284284487336,0,0,
2026-09-24T04:19:00-04:00,4268.91,4271.92,4267.82,4271.15,4268.91,4271.92,4267.82,4271.15,0,0,4271.583611103816,4275.269635740303,4281.083605586597,0,0,
2026-09-24T04:20:00-04:00,4271.14,4273.73,4270.24,4270.27,4271.14,4273.73,4270.24,4270.27,0,0,4271.145740735878,4274.555402063117,4280.869474782901,0,0,
2026-09-24T04:21:00-04:00,4270.3,4270.9,4267.79,4267.82,4270.3,4270.9,4267.79,4267.82,0,0,4270.037160490585,4273.593201768386,4280.611069341656,0,0,
2026-09-24T04:22:00-04:00,4267.88,4270.51,4267.85,4268.62,4267.88,4270.51,4267.85,4268.62,0,0,4269.56477366039,4272.882744372902,4280.373622423999,0,0,
2026-09-24T04:23:00-04:00,4268.6,4269.83,4268.02,4268.29,4268.6,4269.83,4268.02,4268.29,0,0,4269.139849106927,4272.226638033916,4280.1343427720385,0,0,
2026-09-24T04:24:00-04:00,4268.36,4268.89,4264.32,4265.75,4268.36,4268.89,4264.32,4265.75,0,0,4268.0098994046175,4271.301404029071,4279.849504301305,0,0,
2026-09-24T04:25:00-04:00,4265.76,4266.93,4263.02,4264,4265.76,4266.93,4263.02,4264,0,0,4266.673266269745,4270.258346310632,4279.535652730982,0,0,
2026-09-24T04:26:00-04:00,4263.99,4264.39,4262.53,4264.02,4263.99,4264.39,4262.53,4264.02,0,0,4265.78884417983,4269.367153980542,4279.228412082844,0,0,
2026-09-24T04:27:00-04:00,4264,4265.78,4262.86,4265.53,4264,4265.78,4262.86,4265.53,0,0,4265.702562786553,4268.818989126179,4278.957156398035,0,0,
2026-09-24T04:28:00-04:00,4265.54,4265.55,4262.75,4263.56,4265.54,4265.55,4262.75,4263.56,0,0,4264.988375191036,4268.067704965297,4278.6522622119355,0,0,
2026-09-24T04:29:00-04:00,4263.48,4266.19,4263.12,4264.43,4263.48,4266.19,4263.12,4264.43,0,0,4264.802250127357,4267.548032827397,4278.370633257244,0,0,
2026-09-24T04:30:00-04:00,4264.5,4268.55,4263.75,4267.7,4264.5,4268.55,4263.75,4267.7,0,0,4265.768166751572,4267.569742423483,4278.159333588784,0,0,
2026-09-24T04:31:00-04:00,4267.71,4272.81,4267.71,4272.34,4267.71,4272.81,4267.71,4272.34,1,0,4267.958777834381,4268.251207791557,4278.044099260293,0,0,
2026-09-24T04:32:00-04:00,4272.35,4273.84,4271.37,4273.15,4272.35,4273.84,4271.37,4273.15,0,0,4269.689185222921,4268.951035249906,4277.947186403653,0,0,
2026-09-24T04:33:00-04:00,4273.16,4273.33,4270.6,4271.05,4273.16,4273.33,4270.6,4271.05,0,0,4270.142790148614,4269.250887357062,4277.810608455066,0,0,
2026-09-24T04:34:00-04:00,4271.05,4271.73,4266.33,4267.4,4271.05,4271.73,4266.33,4267.4,0,1,4269.228526765743,4268.986474877482,4277.6044577925895,0,0,
2026-09-24T04:35:00-04:00,4267.4,4268.4,4265.53,4267.2,4267.4,4268.4,4265.53,4267.2,0,0,4268.552351177162,4268.731264180698,4277.3984289254095,0,0,
2026-09-24T04:36:00-04:00,4267.2,4267.98,4265.82,4265.94,4267.2,4267.98,4265.82,4265.94,0,0,4267.681567451441,4268.332512154884,4277.171529342728,0,0,
2026-09-24T04:37:00-04:00,4265.91,4267.45,4264.47,4267.32,4265.91,4267.45,4264.47,4267.32,0,0,4267.561044967627,4268.187867561329,4276.976449553763,0,0,
2026-09-24T04:38:00-04:00,4267.36,4268.49,4266.05,4268,4267.36,4268.49,4266.05,4268,0,0,4267.707363311752,4268.161029338282,4276.79869807745,0,0,
2026-09-24T04:39:00-04:00,4268.02,4268.89,4267.01,4268.35,4268.02,4268.89,4267.01,4268.35,0,0,4267.921575541168,4268.188025147098,4276.631397125421,0,0,
2026-09-24T04:40:00-04:00,4268.33,4268.79,4266.36,4266.57,4268.33,4268.79,4266.36,4266.57,0,0,4267.4710503607785,4267.956878697513,4276.432161538779,0,0,
2026-09-24T04:41:00-04:00,4266.56,4268.76,4266.36,4267.55,4266.56,4268.76,4266.36,4267.55,0,0,4267.497366907186,4267.898753169297,4276.256277151872,0,0,
2026-09-24T04:42:00-04:00,4267.54,4268.28,4266.38,4267.84,4267.54,4268.28,4266.38,4267.84,0,0,4267.611577938124,4267.890359859398,4276.08961819837,0,0,
2026-09-24T04:43:00-04:00,4267.84,4270.02,4267.6,4270.02,4267.84,4270.02,4267.6,4270.02,0,0,4268.414385292083,4268.194594165198,4275.969427738996,0,0,
2026-09-24T04:44:00-04:00,4270.02,4270.02,4267.47,4268.07,4270.02,4270.02,4267.47,4268.07,0,0,4268.299590194722,4268.176794998742,4275.813003427333,0,0,
2026-09-24T04:45:00-04:00,4268.07,4270.07,4267.2,4269.11,4268.07,4270.07,4267.2,4269.11,0,0,4268.5697267964815,4268.310109998922,4275.680270686197,0,0,
2026-09-24T04:46:00-04:00,4269.12,4270.4,4268.41,4269.17,4269.12,4270.4,4268.41,4269.17,0,0,4268.769817864321,4268.432951427647,4275.551354434985,0,0,
2026-09-24T04:47:00-04:00,4269.18,4270.02,4268.42,4269.58,4269.18,4270.02,4268.42,4269.58,0,0,4269.0398785762145,4268.5968155094115,4275.433109792708,0,0,
2026-09-24T04:48:00-04:00,4269.6,4270.5,4268.31,4269.54,4269.6,4270.5,4268.31,4269.54,0,0,4269.206585717477,4268.731556150924,4275.316414549288,0,0,
2026-09-24T04:49:00-04:00,4269.57,4269.74,4266.92,4267.81,4269.57,4269.74,4266.92,4267.81,0,0,4268.741057144985,4268.599905272221,4275.167772677025,0,0,
2026-09-24T04:50:00-04:00,4267.75,4267.75,4266.13,4266.13,4267.75,4267.75,4266.13,4266.13,0,0,4267.870704763323,4268.247061661904,4274.98880688144,0,0,
2026-09-24T04:51:00-04:00,4266.12,4268.39,4266.1,4267.74,4266.12,4268.39,4266.1,4267.74,0,0,4267.827136508882,4268.174624281632,4274.845266151115,0,0,
2026-09-24T04:52:00-04:00,4267.72,4267.92,4266.04,4267.54,4267.72,4267.92,4266.04,4267.54,0,0,4267.731424339255,4268.08396366997,4274.700607415449,0,0,
2026-09-24T04:53:00-04:00,4267.54,4267.62,4262.82,4262.86,4267.54,4267.62,4262.82,4262.86,0,0,4266.10761622617,4267.337683145689,4274.466139941876,0,0,
2026-09-24T04:54:00-04:00,4262.85,4263.12,4261.59,4262.39,4262.85,4263.12,4261.59,4262.39,0,0,4264.868410817447,4266.630871267734,4274.227008457878,0,0,
2026-09-24T04:55:00-04:00,4262.35,4263.17,4261.3,4262.35,4262.35,4263.17,4261.3,4262.35,0,0,4264.028940544965,4266.019318229486,4273.991820171583,0,0,
2026-09-24T04:56:00-04:00,4262.33,4263.41,4261.32,4261.47,4262.33,4263.41,4261.32,4261.47,0,0,4263.17596036331,4265.369415625274,4273.743863336502,0,0,
2026-09-24T04:57:00-04:00,4261.45,4262.18,4261.18,4261.6,4261.45,4262.18,4261.18,4261.6,0,0,4262.6506402422065,4264.830927678807,4273.503390795185,0,0,
2026-09-24T04:58:00-04:00,4261.62,4262.29,4261.24,4261.26,4261.62,4262.29,4261.24,4261.26,0,0,4262.187093494805,4264.320795153263,4273.260947413102,0,0,
2026-09-24T04:59:00-04:00,4261.26,4261.73,4260.75,4261.4,4261.26,4261.73,4260.75,4261.4,0,0,4261.924728996536,4263.903538702797,4273.026077167298,0,0,
2026-09-24T05:00:00-04:00,4261.4,4263.1,4259.34,4263.1,4261.4,4263.1,4259.34,4263.1,0,0,4262.3164859976905,4263.78874745954,4272.829521183788,0,0,
2026-09-24T05:01:00-04:00,4263.1,4267.32,4262.27,4265.12,4263.1,4267.32,4262.27,4265.12,0,0,4263.250990665127,4263.978926393891,4272.67685739797,0,0,
2026-09-24T05:02:00-04:00,4265.08,4265.27,4261.84,4262.3,4265.08,4265.27,4261.84,4262.3,0,0,4262.933993776751,4263.739079766192,4272.471375073257,0,0,
2026-09-24T05:03:00-04:00,4262.25,4262.8,4259.87,4260.84,4262.25,4262.8,4259.87,4260.84,0,0,4262.235995851167,4263.324925513879,4272.241050814381,0,0,
2026-09-24T05:04:00-04:00,4260.83,4260.83,4259.21,4259.44,4260.83,4260.83,4259.21,4259.44,0,0,4261.303997234111,4262.769936154753,4271.987564659641,0,0,
2026-09-24T05:05:00-04:00,4259.44,4260.49,4258.83,4259.66,4259.44,4260.49,4258.83,4259.66,0,0,4260.755998156074,4262.3256595612165,4271.743454468361,0,0,
2026-09-24T05:06:00-04:00,4259.66,4261.75,4259.42,4261.67,4259.66,4261.75,4259.42,4261.67,0,0,4261.060665437383,4262.231993909614,4271.543980122453,0,0,
2026-09-24T05:07:00-04:00,4261.64,4262.28,4260.97,4261.95,4261.64,4262.28,4260.97,4261.95,0,0,4261.3571102915885,4262.191709065383,4271.354000318048,0,0,
2026-09-24T05:08:00-04:00,4261.94,4264.59,4261.71,4263.61,4261.94,4264.59,4261.71,4263.61,1,0,4262.1080735277255,4262.394322056043,4271.200653777097,0,0,
2026-09-24T05:09:00-04:00,4263.61,4264.69,4262.71,4263.14,4263.61,4264.69,4262.71,4263.14,0,0,4262.452049018484,4262.500847476608,4271.04103687062,0,0,
2026-09-24T05:10:00-04:00,4263.14,4265.41,4263.04,4264.38,4263.14,4265.41,4263.04,4264.38,0,0,4263.094699345656,4262.769297837092,4270.909135150409,0,0,
2026-09-24T05:11:00-04:00,4264.38,4265.22,4262.91,4263.7,4264.38,4265.22,4262.91,4263.7,0,0,4263.2964662304375,4262.902255288936,4270.766379998916,0,0,
2026-09-24T05:12:00-04:00,4263.7,4263.9,4261.07,4261.36,4263.7,4263.9,4261.07,4261.36,0,1,4262.650977486958,4262.681933104803,4270.580115048442,0,1,
2026-09-24T05:13:00-04:00,4261.39,4262.87,4261.03,4262.61,4261.39,4262.87,4261.03,4262.61,0,0,4262.637318324639,4262.671656946974,4270.422290988077,0,0,
2026-09-24T05:14:00-04:00,4262.6,4263.31,4262.01,4263.07,4262.6,4263.31,4262.01,4263.07,0,0,4262.781545549759,4262.728563097406,4270.276701067522,0,0,
2026-09-24T05:15:00-04:00,4263.07,4265.3,4262.87,4265.2,4263.07,4265.3,4262.87,4265.2,1,0,4263.587697033173,4263.081625512062,4270.176172333511,0,0,
2026-09-24T05:16:00-04:00,4265.22,4265.37,4262,4262,4265.22,4265.37,4262,4262,0,0,4263.058464688782,4262.927107581767,4270.014267930867,0,0,
2026-09-24T05:17:00-04:00,4261.98,4263.98,4261.25,4263.03,4261.98,4263.98,4261.25,4263.03,0,0,4263.0489764591875,4262.941806498658,4269.875965595603,0,0,
2026-09-24T05:18:00-04:00,4263.03,4263.22,4261.55,4262.04,4263.03,4263.22,4261.55,4262.04,0,0,4262.712650972791,4262.812976998849,4269.720797960046,0,1,
2026-09-24T05:19:00-04:00,4262.04,4263.43,4261.31,4262.85,4262.04,4263.43,4261.31,4262.85,0,1,4262.758433981861,4262.818265999013,4269.584742554896,0,0,
2026-09-24T05:20:00-04:00,4262.84,4264.4,4262.84,4264.32,4262.84,4264.4,4262.84,4264.32,1,0,4263.2789559879075,4263.032799427726,4269.480490227076,0,0,
2026-09-24T05:21:00-04:00,4264.28,4264.65,4262.19,4262.42,4264.28,4264.65,4262.19,4262.42,0,0,4262.992637325272,4262.945256652337,4269.340678539411,0,0,
2026-09-24T05:22:00-04:00,4262.44,4262.94,4261.37,4261.62,4262.44,4262.94,4261.37,4261.62,0,1,4262.535091550181,4262.755934273431,4269.187793815858,0,1,
2026-09-24T05:23:00-04:00,4261.63,4263.76,4261.01,4262.8,4261.63,4263.76,4261.01,4262.8,1,0,4262.623394366788,4262.7622293772265,4269.061302849207,0,0,
2026-09-24T05:24:00-04:00,4262.81,4265.17,4262.27,4263.3,4262.81,4265.17,4262.27,4263.3,0,0,4262.848929577858,4262.839053751908,4268.947217644272,0,0,
2026-09-24T05:25:00-04:00,4263.33,4263.97,4262.83,4263.28,4263.33,4263.97,4262.83,4263.28,0,0,4262.992619718572,4262.902046073064,4268.834995512702,0,0,
2026-09-24T05:26:00-04:00,4263.29,4263.64,4261.3,4261.78,4263.29,4263.64,4261.3,4261.78,0,1,4262.588413145715,4262.741753776912,4268.695292631262,0,1,
2026-09-24T05:27:00-04:00,4261.76,4261.8,4258.29,4258.89,4261.76,4261.8,4258.29,4258.89,0,0,4261.35560876381,4262.191503237354,4268.501128420742,0,0,
2026-09-24T05:28:00-04:00,4258.9,4259.16,4257.39,4257.61,4258.9,4259.16,4257.39,4257.61,0,0,4260.107072509207,4261.537002774874,4268.2854625114205,0,0,
2026-09-24T05:29:00-04:00,4257.6,4257.6,4255.26,4255.67,4257.6,4257.6,4255.26,4255.67,0,0,4258.628048339471,4260.698859521321,4268.03565137258,0,0,
2026-09-24T05:30:00-04:00,4255.62,4257.38,4254.42,4257.02,4255.62,4257.38,4254.42,4257.02,0,0,4258.092032226315,4260.173308161132,4267.817519662232,0,0,
2026-09-24T05:31:00-04:00,4257.02,4259.07,4254.95,4258.95,4257.02,4259.07,4254.95,4258.95,0,0,4258.37802148421,4259.998549852398,4267.641925213476,0,0,
2026-09-24T05:32:00-04:00,4258.93,4260.45,4258.26,4259.99,4258.93,4260.45,4258.26,4259.99,0,0,4258.91534765614,4259.9973284449125,4267.490401941922,0,0,
2026-09-24T05:33:00-04:00,4259.98,4260.1,4257.36,4258.7,4259.98,4260.1,4257.36,4258.7,0,0,4258.843565104093,4259.811995809925,4267.316334576735,0,0,
2026-09-24T05:34:00-04:00,4258.71,4259.18,4257.75,4257.76,4258.71,4259.18,4257.75,4257.76,0,0,4258.482376736062,4259.518853551364,4267.127100228681,0,0,
2026-09-24T05:35:00-04:00,4257.77,4259.46,4257.51,4258.47,4257.77,4259.46,4257.51,4258.47,0,0,4258.478251157375,4259.369017329741,4266.955672501381,0,0,
2026-09-24T05:36:00-04:00,4258.47,4259.55,4257.86,4258.46,4258.47,4259.55,4257.86,4258.46,0,0,4258.47216743825,4259.239157711207,4266.78744136274,0,0,
2026-09-24T05:37:00-04:00,4258.46,4258.58,4256.7,4256.7,4258.46,4258.58,4256.7,4256.7,0,0,4257.8814449588335,4258.87642089532,4266.5876900486255,0,0,
2026-09-24T05:38:00-04:00,4256.71,4257.02,4255.69,4256.72,4256.71,4257.02,4255.69,4256.72,0,0,4257.494296639223,4258.568360767417,4266.3922902456825,0,0,
2026-09-24T05:39:00-04:00,4256.79,4258.1,4256.35,4257.61,4256.79,4258.1,4256.35,4257.61,0,0,4257.532864426148,4258.431452086357,4266.218383508144,0,0,
2026-09-24T05:40:00-04:00,4257.62,4258.22,4256.68,4257.91,4257.62,4258.22,4256.68,4257.91,0,0,4257.658576284099,4258.356958931164,4266.053861062438,0,0,
2026-09-24T05:41:00-04:00,4257.9,4257.92,4254.66,4255.44,4257.9,4257.92,4254.66,4255.44,0,0,4256.919050856066,4257.940250512426,4265.843685595855,0,0,
2026-09-24T05:42:00-04:00,4255.45,4255.45,4253.67,4254.43,4255.45,4255.45,4253.67,4254.43,0,0,4256.089367237378,4257.438786153508,4265.6176720197,0,0,
2026-09-24T05:43:00-04:00,4254.44,4254.55,4251.56,4252.13,4254.44,4254.55,4251.56,4252.13,0,0,4254.7695781582515,4256.680388131578,4265.350589405449,0,0,
2026-09-24T05:44:00-04:00,4252.13,4252.43,4250.9,4252.14,4252.13,4252.43,4250.9,4252.14,0,0,4253.893052105501,4256.031761255638,4265.088993575638,0,0,
2026-09-24T05:45:00-04:00,4252.15,4253.41,4252.04,4252.42,4252.15,4253.41,4252.04,4252.42,0,0,4253.402034737001,4255.5157953619755,4264.838122415724,0,0,
2026-09-24T05:46:00-04:00,4252.41,4254,4252.28,4253.91,4252.41,4254,4252.28,4253.91,0,0,4253.571356491334,4255.28639602455,4264.6217239520465,0,0,
2026-09-24T05:47:00-04:00,4253.95,4254.45,4253.11,4253.76,4253.95,4254.45,4253.11,4253.76,0,0,4253.634237660889,4255.0683394496145,4264.406640309432,0,0,
2026-09-24T05:48:00-04:00,4253.76,4255.76,4253.14,4253.42,4253.76,4255.76,4253.14,4253.42,0,0,4253.562825107259,4254.832862385384,4264.189083075582,0,0,
2026-09-24T05:49:00-04:00,4253.43,4254.11,4252.86,4252.9,4253.43,4254.11,4252.86,4252.9,0,0,4253.34188340484,4254.556739187472,4263.965536876065,0,0,
2026-09-24T05:50:00-04:00,4252.92,4255.94,4252.89,4255.63,4252.92,4255.94,4252.89,4255.63,0,0,4254.10458893656,4254.7100621606905,4263.800476739905,0,0,
2026-09-24T05:51:00-04:00,4255.63,4256.32,4254.77,4255.25,4255.63,4256.32,4254.77,4255.25,1,0,4254.486392624373,4254.787196137735,4263.631160368818,0,0,
2026-09-24T05:52:00-04:00,4255.27,4255.69,4254.78,4255.12,4255.27,4255.69,4254.78,4255.12,0,0,4254.6975950829155,4254.83473954663,4263.462622539732,0,0,
2026-09-24T05:53:00-04:00,4255.19,4255.54,4254.07,4254.79,4255.19,4255.54,4254.07,4254.79,0,1,4254.728396721944,4254.828348182826,4263.290887439935,0,0,
2026-09-24T05:54:00-04:00,4254.79,4254.79,4252.68,4253.77,4254.79,4254.79,4252.68,4253.77,0,0,4254.408931147963,4254.677155585279,4263.102355015382,0,0,
2026-09-24T05:55:00-04:00,4253.73,4255.91,4253.72,4255.2,4253.73,4255.91,4253.72,4255.2,0,0,4254.672620765308,4254.751847644525,4262.94587273785,0,0,
2026-09-24T05:56:00-04:00,4255.19,4255.8,4254.64,4255.14,4255.19,4255.8,4254.64,4255.14,0,0,4254.828413843539,4254.807297981021,4262.791301000467,0,0,
2026-09-24T05:57:00-04:00,4255.12,4255.54,4254.38,4254.42,4255.12,4255.54,4254.38,4254.42,0,0,4254.692275895693,4254.751969698018,4262.625532663824,0,1,
2026-09-24T05:58:00-04:00,4254.39,4254.83,4253.41,4254.57,4254.39,4254.83,4253.41,4254.57,0,0,4254.651517263795,4254.725974026873,4262.4660171655305,0,0,
2026-09-24T05:59:00-04:00,4254.58,4255.94,4254.29,4255.44,4254.58,4255.94,4254.29,4255.44,0,0,4254.914344842529,4254.827977737319,4262.326888112748,0,0,
2026-09-24T06:00:00-04:00,4255.44,4258.36,4254.65,4258.32,4255.44,4258.36,4254.65,4258.32,1,0,4256.049563228353,4255.32683806056,4262.247543793684,0,0,
2026-09-24T06:01:00-04:00,4258.3,4259.38,4256.99,4257.64,4258.3,4259.38,4256.99,4257.64,0,0,4256.579708818902,4255.657289766194,4262.156305302719,0,0,
2026-09-24T06:02:00-04:00,4257.64,4257.99,4254.7,4255.11,4257.64,4257.99,4254.7,4255.11,0,0,4256.089805879268,4255.57910551388,4262.016774504646,0,0,
2026-09-24T06:03:00-04:00,4255.09,4256.14,4254.52,4255.43,4255.09,4256.14,4254.52,4255.43,0,0,4255.869870586179,4255.557804726182,4261.886343326336,0,0,
2026-09-24T06:04:00-04:00,4255.44,4256.57,4253.66,4253.66,4255.44,4256.57,4253.66,4253.66,0,1,4255.1332470574525,4255.286689765299,4261.723445438685,0,1,
2026-09-24T06:05:00-04:00,4253.6,4253.72,4251.65,4252.25,4253.6,4253.72,4251.65,4252.25,0,0,4254.172164704968,4254.852876941685,4261.535852459701,0,0,
2026-09-24T06:06:00-04:00,4252.26,4253.19,4250.56,4250.58,4252.26,4253.19,4250.56,4250.58,0,0,4252.974776469979,4254.242465950016,4261.318904886242,0,0,
2026-09-24T06:07:00-04:00,4250.58,4251.52,4250.34,4251.52,4250.58,4251.52,4250.34,4251.52,0,0,4252.489850979986,4253.85354224287,4261.124867165723,0,0,
2026-09-24T06:08:00-04:00,4251.53,4252.74,4251.16,4252.68,4251.53,4252.74,4251.16,4252.68,0,0,4252.553233986658,4253.685893351032,4260.957642073333,0,0,
2026-09-24T06:09:00-04:00,4253.39,4253.39,4251.89,4252.82,4253.39,4253.39,4251.89,4252.82,0,0,4252.642155991105,4253.562194300885,4260.796500646138,0,0,
2026-09-24T06:10:00-04:00,4252.82,4256.81,4252.58,4255.67,4252.82,4256.81,4252.58,4255.67,1,0,4253.651437327403,4253.863309400758,4260.694985781858,0,0,
2026-09-24T06:11:00-04:00,4255.68,4257.56,4255.46,4255.62,4255.68,4257.56,4255.46,4255.62,0,0,4254.307624884936,4254.11426520065,4260.594491013901,0,0,
2026-09-24T06:12:00-04:00,4255.62,4255.94,4254.56,4254.74,4255.62,4255.94,4254.56,4254.74,0,0,4254.451749923291,4254.203655886272,4260.478560498774,0,0,
2026-09-24T06:13:00-04:00,4254.74,4254.84,4251.9,4251.9,4254.74,4254.84,4251.9,4251.9,0,1,4253.601166615527,4253.874562188233,4260.30868801365,0,1,
2026-09-24T06:14:00-04:00,4251.91,4252.75,4251.5,4252.19,4251.91,4252.75,4251.5,4252.19,0,0,4253.130777743685,4253.633910447056,4260.147921914369,0,0,
2026-09-24T06:15:00-04:00,4252.19,4252.46,4250.38,4251.57,4252.19,4252.46,4250.38,4251.57,0,0,4252.61051849579,4253.3390660974765,4259.9780620744805,0,0,
2026-09-24T06:16:00-04:00,4251.57,4254.91,4250.76,4254.91,4251.57,4254.91,4250.76,4254.91,1,0,4253.377012330527,4253.563485226408,4259.87770440964,0,0,
2026-09-24T06:17:00-04:00,4254.89,4255.07,4250.85,4251.4,4254.89,4255.07,4250.85,4251.4,0,0,4252.718008220351,4253.25441590835,4259.709829074795,0,0,
2026-09-24T06:18:00-04:00,4251.41,4252.26,4249.53,4249.85,4251.41,4252.26,4249.53,4249.85,0,1,4251.762005480235,4252.768070778586,4259.5145849347,0,0,
2026-09-24T06:19:00-04:00,4249.85,4252.17,4249.7,4252,4249.85,4252.17,4249.7,4252,0,0,4251.841336986823,4252.658346381645,4259.365781272627,0,0,
2026-09-24T06:20:00-04:00,4251.97,4253.28,4251.28,4251.37,4251.97,4253.28,4251.28,4251.37,1,0,4251.684224657882,4252.474296898553,4259.207448970199,0,0,
2026-09-24T06:21:00-04:00,4251.31,4251.31,4248.67,4250.59,4251.31,4251.31,4248.67,4250.59,0,1,4251.319483105254,4252.2051116273315,4259.036806416334,0,0,
2026-09-24T06:22:00-04:00,4250.59,4251.18,4249.4,4249.41,4250.59,4251.18,4249.4,4249.41,0,0,4250.682988736836,4251.805809966284,4258.846176586308,0,0,
2026-09-24T06:23:00-04:00,4249.42,4249.42,4247.72,4247.73,4249.42,4249.42,4247.72,4247.73,0,0,4249.698659157891,4251.223551399672,4258.626054277668,0,0,
2026-09-24T06:24:00-04:00,4247.77,4249.45,4247.52,4247.74,4247.77,4249.45,4247.52,4247.74,0,0,4249.045772771927,4250.7259011997185,4258.410488846427,0,0,
2026-09-24T06:25:00-04:00,4247.74,4249.02,4245.65,4246.3,4247.74,4249.02,4245.65,4246.3,0,0,4248.130515181285,4250.093629599759,4258.170677186102,0,0,
2026-09-24T06:26:00-04:00,4246.28,4250.65,4245.77,4250.37,4246.28,4250.65,4245.77,4250.37,0,0,4248.8770101208565,4250.133111085508,4258.0162083309315,0,0,
2026-09-24T06:27:00-04:00,4250.39,4250.86,4248.98,4250.28,4250.39,4250.86,4248.98,4250.28,0,0,4249.344673413904,4250.1540952161495,4257.863016086754,0,0,
2026-09-24T06:28:00-04:00,4250.28,4252.2,4248.34,4249.33,4250.28,4252.2,4248.34,4249.33,0,0,4249.339782275936,4250.036367328128,4257.694045471175,0,0,
2026-09-24T06:29:00-04:00,4249.33,4249.35,4244.97,4245.72,4249.33,4249.35,4244.97,4245.72,0,0,4248.133188183958,4249.41974342411,4257.456935659864,0,0,
2026-09-24T06:30:00-04:00,4245.74,4246.62,4244.38,4245.2,4245.74,4246.62,4244.38,4245.2,0,0,4247.155458789305,4248.816922934951,4257.214224062639,0,0,
2026-09-24T06:31:00-04:00,4245.2,4248.92,4244.66,4248.81,4245.2,4248.92,4244.66,4248.81,0,0,4247.706972526204,4248.8159339442445,4257.047803784171,0,0,
2026-09-24T06:32:00-04:00,4248.81,4251.92,4248.78,4251.62,4248.81,4251.92,4248.78,4251.62,1,0,4249.011315017469,4249.216514809353,4256.940322521118,0,0,
2026-09-24T06:33:00-04:00,4251.64,4254.1,4251.61,4252.37,4251.64,4254.1,4251.61,4252.37,0,0,4250.130876678313,4249.667012693731,4256.849821085057,0,0,
2026-09-24T06:34:00-04:00,4252.37,4254.37,4252.37,4254.02,4252.37,4254.37,4252.37,4254.02,0,0,4251.427251118876,4250.288868023198,4256.793785023967,0,0,
2026-09-24T06:35:00-04:00,4254.04,4257.55,4253.56,4257.54,4254.04,4257.55,4253.56,4257.54,0,0,4253.46483407925,4251.324744019884,4256.808561558146,0,0,
2026-09-24T06:36:00-04:00,4257.54,4259.74,4257.24,4259.71,4257.54,4259.74,4257.24,4259.71,0,0,4255.546556052834,4252.522637731329,4256.866015784717,0,0,
2026-09-24T06:37:00-04:00,4259.71,4260.6,4258.74,4260.1,4259.71,4260.6,4258.74,4260.1,0,0,4257.064370701889,4253.605118055425,4256.930055076109,0,0,
2026-09-24T06:38:00-04:00,4260.13,4261.55,4259.16,4261.03,4260.13,4261.55,4259.16,4261.03,0,0,4258.386247134593,4254.665815476079,4257.011242104305,0,0,
2026-09-24T06:39:00-04:00,4261.04,4262.59,4260.57,4260.57,4261.04,4262.59,4260.57,4260.57,0,0,4259.114164756395,4255.509270408068,4257.081712557685,0,0,
2026-09-24T06:40:00-04:00,4260.57,4261.32,4259.19,4261.21,4260.57,4261.32,4259.19,4261.21,0,0,4259.812776504264,4256.323660349773,4257.163460823869,0,0,
2026-09-24T06:41:00-04:00,4261.21,4261.46,4260.38,4261.18,4261.21,4261.46,4260.38,4261.18,0,0,4260.2685176695095,4257.017423156948,4257.2429962531,0,0,
2026-09-24T06:42:00-04:00,4261.18,4262.44,4261.18,4261.72,4261.18,4262.44,4261.18,4261.72,0,0,4260.752345113006,4257.689219848813,4257.331649792643,0,0,
2026-09-24T06:43:00-04:00,4261.73,4261.73,4259.25,4259.36,4261.73,4261.73,4259.25,4259.36,0,0,4260.288230075337,4257.927902727554,4257.371815143283,0,0,
2026-09-24T06:44:00-04:00,4259.38,4259.6,4257.99,4258.42,4259.38,4259.6,4257.99,4258.42,0,0,4259.665486716892,4257.998202337903,4257.39257127906,0,0,
2026-09-24T06:45:00-04:00,4258.43,4258.79,4258,4258.07,4258.43,4258.79,4258,4258.07,0,0,4259.133657811261,4258.008459146774,4257.405985709177,0,0,
2026-09-24T06:46:00-04:00,4258.05,4259.87,4257.95,4259.72,4258.05,4259.87,4257.95,4259.72,0,0,4259.329105207507,4258.252964982949,4257.451807774341,0,0,
2026-09-24T06:47:00-04:00,4259.72,4260.47,4259.58,4259.85,4259.72,4260.47,4259.58,4259.85,0,0,4259.502736805005,4258.481112842528,4257.499296729305,0,0,
2026-09-24T06:48:00-04:00,4259.85,4260.03,4258.87,4259.77,4259.85,4260.03,4258.87,4259.77,0,0,4259.59182453667,4258.66523957931,4257.544261150507,0,0,
2026-09-24T06:49:00-04:00,4259.77,4264.35,4259.73,4262.73,4259.77,4264.35,4259.73,4262.73,0,0,4260.637883024447,4259.245919639408,4257.646949048517,0,0,
2026-09-24T06:50:00-04:00,4262.71,4263.84,4261.22,4261.48,4262.71,4263.84,4261.22,4261.48,0,0,4260.918588682965,4259.565073976636,4257.722851047556,0,0,
2026-09-24T06:51:00-04:00,4261.5,4261.5,4258.82,4259.42,4261.5,4261.5,4258.82,4259.42,0,0,4260.419059121977,4259.544349122831,4257.7564579575055,0,0,
2026-09-24T06:52:00-04:00,4259.43,4259.52,4258.2,4258.82,4259.43,4259.52,4258.2,4258.82,0,0,4259.886039414651,4259.440870676712,4257.7775181959705,0,0,
2026-09-24T06:53:00-04:00,4258.83,4259.09,4257.92,4257.92,4258.83,4259.09,4257.92,4257.92,0,0,4259.230692943101,4259.223603437182,4257.780339617832,0,0,
2026-09-24T06:54:00-04:00,4257.93,4258.81,4257.31,4257.33,4257.93,4258.81,4257.31,4257.33,0,0,4258.597128628734,4258.953088660442,4257.771422001638,0,1,
2026-09-24T06:55:00-04:00,4257.33,4257.33,4255.88,4257.02,4257.33,4257.33,4255.88,4257.02,0,0,4258.0714190858225,4258.676933137522,4257.756542358041,0,0,
2026-09-24T06:56:00-04:00,4257.02,4257.2,4256.08,4256.76,4257.02,4257.2,4256.08,4256.76,0,0,4257.634279390549,4258.403085546447,4257.736808846001,0,0,
2026-09-24T06:57:00-04:00,4256.76,4258.58,4256.62,4258.42,4256.76,4258.58,4256.62,4258.42,0,0,4257.8961862603655,4258.405501896955,4257.7503373837035,0,0,
2026-09-24T06:58:00-04:00,4258.42,4259.9,4258.34,4258.59,4258.42,4259.9,4258.34,4258.59,0,0,4258.12745750691,4258.4318587688185,4257.766964366205,0,0,
2026-09-24T06:59:00-04:00,4258.55,4258.65,4257.34,4258.3,4258.55,4258.65,4257.34,4258.3,0,0,4258.184971671273,4258.4130218018445,4257.77751952727,0,0,
2026-09-24T07:00:00-04:00,4258.32,4260.54,4257.96,4258.76,4258.32,4260.54,4257.96,4258.76,0,0,4258.3766477808485,4258.462590115867,4257.796974586136,0,0,
2026-09-24T07:01:00-04:00,4258.74,4259.22,4258.07,4258.77,4258.74,4259.22,4258.07,4258.77,0,0,4258.5077651872325,4258.506505813601,4257.816242416113,1,0,
2026-09-24T07:02:00-04:00,4258.75,4258.84,4257.8,4258.33,4258.75,4258.84,4257.8,4258.33,0,0,4258.448510124822,4258.481290697372,4257.826415833615,0,0,0
2026-09-24T07:03:00-04:00,4258.29,4258.29,4256.74,4256.92,4258.29,4258.29,4256.74,4256.92,0,0,4257.939006749882,4258.258249169176,4257.808467005227,0,0,1
2026-09-24T07:04:00-04:00,4256.91,4257.04,4255.98,4256.05,4256.91,4257.04,4255.98,4256.05,0,0,4257.309337833254,4257.942785002151,4257.77364587641,0,0,2
2026-09-24T07:05:00-04:00,4256.01,4256.69,4255.45,4256.2,4256.01,4256.69,4255.45,4256.2,0,1,4256.939558555503,4257.693815716129,4257.742484571927,0,0,3
2026-09-24T07:06:00-04:00,4256.2,4256.86,4255.99,4256.64,4256.2,4256.86,4255.99,4256.64,1,0,4256.839705703669,4257.543270613825,4257.720653194265,0,0,
2026-09-24T07:07:00-04:00,4256.63,4256.76,4255.41,4255.53,4256.63,4256.76,4255.41,4255.53,0,1,4256.40313713578,4257.255660526136,4257.677273923091,0,0,
2026-09-24T07:08:00-04:00,4255.55,4256.47,4252.23,4252.48,4255.55,4256.47,4252.23,4252.48,0,0,4255.095424757186,4256.573423308117,4257.574357607782,0,0,
2026-09-24T07:09:00-04:00,4252.48,4255.07,4252.08,4254.94,4252.48,4255.07,4252.08,4254.94,0,0,4255.04361650479,4256.340077121243,4257.522192110599,0,0,
2026-09-24T07:10:00-04:00,4254.95,4256.62,4254.75,4256.35,4254.95,4256.62,4254.75,4256.35,0,0,4255.47907766986,4256.341494675351,4257.498980385636,0,0,
2026-09-24T07:11:00-04:00,4256.4,4256.96,4255.78,4255.83,4256.4,4256.96,4255.78,4255.83,0,0,4255.596051779907,4256.268424007444,4257.465931269089,0,0,
2026-09-24T07:12:00-04:00,4255.81,4256.93,4255.19,4255.27,4255.81,4256.93,4255.19,4255.27,0,0,4255.487367853271,4256.125792006381,4257.422447481583,0,0,
2026-09-24T07:13:00-04:00,4255.25,4257.36,4254.38,4256.8,4255.25,4257.36,4254.38,4256.8,0,0,4255.924911902181,4256.2221074340405,4257.410121788878,0,0,
2026-09-24T07:14:00-04:00,4256.81,4259.39,4256.64,4258.88,4256.81,4259.39,4256.64,4258.88,0,0,4256.909941268121,4256.601806372035,4257.439228288108,0,0,
2026-09-24T07:15:00-04:00,4258.9,4262.34,4256.91,4261.78,4258.9,4262.34,4256.91,4261.78,1,0,4258.533294178747,4257.341548318887,4257.525184163591,0,0,
2026-09-24T07:16:00-04:00,4261.7,4263.95,4260.7,4263.37,4261.7,4263.95,4260.7,4263.37,0,0,4260.1455294524985,4258.202755701904,4257.640923091045,0,0,
2026-09-24T07:17:00-04:00,4263.35,4263.44,4258.45,4259.02,4263.35,4263.44,4258.45,4259.02,0,0,4259.770352968332,4258.319504887346,4257.668231544688,0,0,
2026-09-24T07:18:00-04:00,4259.02,4260.49,4258.55,4260.34,4259.02,4260.49,4258.55,4260.34,0,0,4259.960235312222,4258.608147046297,4257.721137850734,0,0,
2026-09-24T07:19:00-04:00,4260.4,4262.66,4260.4,4261.77,4260.4,4262.66,4260.4,4261.77,0,0,4260.563490208148,4259.059840325397,4257.801313338838,0,0,
2026-09-24T07:20:00-04:00,4261.78,4266.33,4261.54,4266.12,4261.78,4266.33,4261.54,4266.12,0,0,4262.415660138766,4260.068434564626,4257.966039807376,0,0,
2026-09-24T07:21:00-04:00,4266.09,4266.11,4264.43,4265.09,4266.09,4266.11,4264.43,4265.09,0,0,4263.307106759177,4260.785801055394,4258.107108326041,0,0,
2026-09-24T07:22:00-04:00,4265.1,4267.85,4264.71,4266.6,4265.1,4267.85,4264.71,4266.6,0,0,4264.404737839452,4261.616400904623,4258.275284398793,0,0,
2026-09-24T07:23:00-04:00,4266.6,4266.91,4265.53,4265.67,4266.6,4266.91,4265.53,4265.67,0,0,4264.826491892968,4262.195486489677,4258.421714410698,0,0,
2026-09-24T07:24:00-04:00,4265.69,4266.28,4264.59,4266.24,4265.69,4266.28,4264.59,4266.24,0,0,4265.297661261979,4262.773274134009,4258.576531947119,0,0,
2026-09-24T07:25:00-04:00,4266.21,4266.93,4264.85,4265.57,4266.21,4266.93,4264.85,4265.57,0,0,4265.388440841319,4263.172806400579,4258.7150164630175,0,0,
2026-09-24T07:26:00-04:00,4265.58,4267.77,4265.08,4267.74,4265.58,4267.77,4265.08,4267.74,0,0,4266.172293894212,4263.825262629068,4258.893729008304,0,0,
2026-09-24T07:27:00-04:00,4267.74,4267.95,4265.6,4267.2,4267.74,4267.95,4265.6,4267.2,0,0,4266.514862596141,4264.307367967773,4259.058209622001,0,0,
2026-09-24T07:28:00-04:00,4267.2,4267.89,4265.28,4265.38,4267.2,4267.89,4265.28,4265.38,0,0,4266.136575064094,4264.460601115234,4259.183393589882,0,0,
2026-09-24T07:29:00-04:00,4265.48,4265.83,4263.78,4263.82,4265.48,4265.83,4263.78,4263.82,0,0,4265.3643833760625,4264.3690866702,4259.275207578201,0,0,
2026-09-24T07:30:00-04:00,4263.82,4265.99,4263.6,4265.13,4263.82,4265.99,4263.6,4265.13,0,0,4265.286255584042,4264.477788574457,4259.391144061801,0,0,
2026-09-24T07:31:00-04:00,4265.15,4266.01,4263.8,4263.8,4265.15,4266.01,4263.8,4263.8,0,0,4264.790837056028,4264.380961635249,4259.4784481397855,0,0,
2026-09-24T07:32:00-04:00,4263.8,4263.98,4262.29,4262.3,4263.8,4263.98,4262.29,4262.3,0,0,4263.960558037352,4264.083681401642,4259.534320453849,0,0,
2026-09-24T07:33:00-04:00,4262.28,4263.02,4261.83,4262.38,4262.28,4263.02,4261.83,4262.38,0,0,4263.433705358235,4263.840298344265,4259.590670543872,0,0,
2026-09-24T07:34:00-04:00,4262.34,4263.17,4261.35,4261.4,4262.34,4263.17,4261.35,4261.4,0,0,4262.755803572157,4263.491684295084,4259.626498849934,0,0,
2026-09-24T07:35:00-04:00,4261.4,4261.54,4260.33,4261.3,4261.4,4261.54,4260.33,4261.3,0,1,4262.2705357147715,4263.178586538644,4259.659637486569,0,0,
2026-09-24T07:36:00-04:00,4261.31,4262.43,4261.31,4262.23,4261.31,4262.43,4261.31,4262.23,1,0,4262.257023809848,4263.04307417598,4259.710535754162,0,0,
2026-09-24T07:37:00-04:00,4262.23,4262.25,4259.58,4259.64,4262.23,4262.25,4259.58,4259.64,0,1,4261.384682539899,4262.556920722269,4259.709139006555,0,0,
2026-09-24T07:38:00-04:00,4259.62,4259.87,4258.35,4258.4,4259.62,4259.87,4258.35,4258.4,0,0,4260.389788359932,4261.963074904802,4259.6832154618705,0,0,
2026-09-24T07:39:00-04:00,4258.4,4259.82,4258.26,4259.69,4258.4,4259.82,4258.26,4259.69,0,0,4260.156525573288,4261.638349918401,4259.68334980916,0,0,
2026-09-24T07:40:00-04:00,4259.65,4261.25,4259.64,4259.75,4259.65,4261.25,4259.64,4259.75,0,0,4260.021017048858,4261.3685856443435,4259.68466961492,0,0,
2026-09-24T07:41:00-04:00,4259.74,4260.4,4259.41,4260.09,4259.74,4260.4,4259.41,4260.09,0,0,4260.044011365905,4261.185930552295,4259.692695959178,0,0,
2026-09-24T07:42:00-04:00,4260.08,4260.39,4259.31,4259.64,4260.08,4260.39,4259.31,4259.64,0,0,4259.9093409106035,4260.965083330539,4259.6916524748385,0,0,
2026-09-24T07:43:00-04:00,4259.64,4259.99,4258.6,4259.53,4259.64,4259.99,4258.6,4259.53,0,0,4259.782893940403,4260.760071426176,4259.6884514357325,0,0,
2026-09-24T07:44:00-04:00,4259.54,4260.72,4259.31,4260.72,4259.54,4260.72,4259.31,4260.72,0,0,4260.095262626935,4260.754346936723,4259.708878139975,0,0,
2026-09-24T07:45:00-04:00,4260.72,4261.27,4259.74,4260.2,4260.72,4261.27,4259.74,4260.2,0,0,4260.130175084623,4260.675154517191,4259.718603325322,0,0,
2026-09-24T07:46:00-04:00,4260.27,4260.86,4259.83,4259.85,4260.27,4260.86,4259.83,4259.85,0,0,4260.036783389749,4260.55727530045,4259.721205239672,0,0,
2026-09-24T07:47:00-04:00,4259.86,4261.35,4259.59,4260.04,4259.86,4261.35,4259.59,4260.04,1,0,4260.037855593166,4260.483378828957,4259.727518007203,0,0,
2026-09-24T07:48:00-04:00,4260.03,4261.45,4260.02,4261.05,4260.03,4261.45,4260.02,4261.05,0,0,4260.3752370621105,4260.5643247105345,4259.753705769436,0,0,
2026-09-24T07:49:00-04:00,4261.02,4261.51,4260.41,4260.61,4261.02,4261.51,4260.41,4260.61,0,0,4260.45349137474,4260.570849751886,4259.770662090834,0,0,
2026-09-24T07:50:00-04:00,4260.61,4261.4,4260.1,4260.57,4260.61,4261.4,4260.1,4260.57,0,1,4260.49232758316,4260.57072835876,4259.786490564283,0,0,
2026-09-24T07:51:00-04:00,4260.57,4261.01,4260.17,4260.49,4260.57,4261.01,4260.17,4260.49,0,0,4260.491551722106,4260.55919573608,4259.800421444198,0,0,
2026-09-24T07:52:00-04:00,4260.49,4261.14,4259.81,4260.19,4260.49,4261.14,4259.81,4260.19,0,0,4260.391034481404,4260.5064534880685,4259.808135871046,0,0,
2026-09-24T07:53:00-04:00,4260.21,4260.78,4259.84,4259.88,4260.21,4260.78,4259.84,4259.88,0,0,4260.220689654269,4260.41696013263,4259.809558923104,0,0,
2026-09-24T07:54:00-04:00,4259.87,4261.12,4259.03,4260.66,4259.87,4261.12,4259.03,4260.66,0,0,4260.367126436179,4260.451680113683,4259.826399340469,0,0,
2026-09-24T07:55:00-04:00,4260.67,4261.46,4259.44,4260.28,4260.67,4261.46,4259.44,4260.28,0,0,4260.338084290786,4260.427154383157,4259.835381531747,0,0,
2026-09-24T07:56:00-04:00,4260.25,4261.25,4260.17,4261.19,4260.25,4261.25,4260.17,4261.19,0,0,4260.622056193857,4260.5361323284205,4259.8622056598315,1,0,
2026-09-24T07:57:00-04:00,4261.21,4261.99,4260.61,4261.46,4261.21,4261.99,4260.61,4261.46,1,0,4260.901370795905,4260.668113424361,4259.893845151716,0,0,
2026-09-24T07:58:00-04:00,4261.47,4264.2,4261.33,4264.2,4261.47,4264.2,4261.33,4264.2,0,0,4262.000913863936,4261.172668649452,4259.979115544751,0,0,
2026-09-24T07:59:00-04:00,4264.19,4266.44,4263.7,4265.97,4264.19,4266.44,4263.7,4265.97,0,0,4263.3239425759575,4261.85800169953,4260.0977469201025,0,0,
2026-09-24T08:00:00-04:00,4265.91,4265.91,4262.8,4263.84,4265.91,4265.91,4262.8,4263.84,0,0,4263.495961717305,4262.141144313883,4260.171850941487,0,0,
2026-09-24T08:01:00-04:00,4263.86,4264.95,4261.65,4262.33,4263.86,4264.95,4261.65,4262.33,0,0,4263.107307811537,4262.168123697614,4260.214586566408,0,0,
2026-09-24T08:02:00-04:00,4262.33,4266.7,4261.56,4264.52,4262.33,4266.7,4261.56,4264.52,0,0,4263.578205207691,4262.504106026526,4260.299842277964,0,0,
2026-09-24T08:03:00-04:00,4264.55,4265.1,4260.74,4261.07,4264.55,4265.1,4260.74,4261.07,0,0,4262.742136805127,4262.299233737022,4260.315092925925,0,0,
2026-09-24T08:04:00-04:00,4261.07,4262.39,4260.55,4261.77,4261.07,4262.39,4260.55,4261.77,0,0,4262.418091203418,4262.223628917448,4260.343902966995,0,0,
2026-09-24T08:05:00-04:00,4261.77,4262.93,4261.01,4262.6,4261.77,4262.93,4261.01,4262.6,0,0,4262.478727468945,4262.277396214956,4260.388578155767,0,0,
2026-09-24T08:06:00-04:00,4262.56,4262.84,4260.85,4262.48,4262.56,4262.84,4260.85,4262.48,0,0,4262.479151645964,4262.306339612819,4260.429992449713,0,0,
2026-09-24T08:07:00-04:00,4262.44,4263.54,4261.35,4261.98,4262.44,4263.54,4261.35,4261.98,0,0,4262.312767763976,4262.259719668131,4260.4606856685305,0,0,
2026-09-24T08:08:00-04:00,4261.97,4266.15,4261.97,4265.88,4261.97,4266.15,4261.97,4265.88,0,0,4263.501845175984,4262.776902572684,4260.567998823609,0,0,
2026-09-24T08:09:00-04:00,4265.89,4266.38,4264.35,4265.18,4265.89,4266.38,4264.35,4265.18,0,0,4264.061230117323,4263.1202022051575,4260.659325579577,0,0,
2026-09-24T08:10:00-04:00,4265.19,4265.97,4264.48,4265.79,4265.19,4265.97,4264.48,4265.79,0,0,4264.637486744882,4263.501601890135,4260.760923092853,0,0,
2026-09-24T08:11:00-04:00,4265.81,4266.49,4265.36,4265.64,4265.81,4266.49,4265.36,4265.64,0,0,4264.971657829921,4263.807087334401,4260.857538477153,0,0,
2026-09-24T08:12:00-04:00,4265.64,4268.18,4265.64,4267.47,4265.64,4268.18,4265.64,4267.47,0,0,4265.804438553281,4264.330360572344,4260.988478309288,0,0,
2026-09-24T08:13:00-04:00,4267.51,4269.39,4267.06,4268.32,4267.51,4269.39,4267.06,4268.32,0,0,4266.642959035521,4264.900309062009,4261.133656956629,0,0,
2026-09-24T08:14:00-04:00,4268.32,4269.85,4268.28,4268.75,4268.32,4269.85,4268.28,4268.75,0,0,4267.345306023681,4265.450264910293,4261.284475630755,0,0,
2026-09-24T08:15:00-04:00,4268.78,4269.43,4267.8,4269.43,4268.78,4269.43,4267.8,4269.43,0,0,4268.040204015787,4266.018798494537,4261.4457731430175,0,0,
2026-09-24T08:16:00-04:00,4269.44,4271.07,4269.39,4270.5,4269.44,4271.07,4269.39,4270.5,0,0,4268.860136010525,4266.6589701381745,4261.625064763948,0,0,
2026-09-24T08:17:00-04:00,4270.52,4271.05,4268.16,4269.15,4270.52,4271.05,4268.16,4269.15,0,0,4268.95675734035,4267.014831547007,4261.774073382484,0,0,
2026-09-24T08:18:00-04:00,4269.12,4270,4268.91,4269.48,4269.12,4270,4268.91,4269.48,0,0,4269.131171560233,4267.366998468863,4261.926665988772,0,0,
2026-09-24T08:19:00-04:00,4269.48,4270.11,4268.4,4269.26,4269.48,4270.11,4268.4,4269.26,0,0,4269.174114373489,4267.637427259026,4262.071880523647,0,0,
2026-09-24T08:20:00-04:00,4269.29,4271.45,4267.98,4270.02,4269.29,4271.45,4267.98,4270.02,0,0,4269.456076248993,4267.977794793451,4262.229269028129,0,0,
2026-09-24T08:21:00-04:00,4270.03,4272.1,4269.18,4270.5,4270.03,4272.1,4269.18,4270.5,0,0,4269.804050832662,4268.338109822957,4262.393045879057,0,0,
2026-09-24T08:22:00-04:00,4270.5,4270.82,4269.4,4269.93,4270.5,4270.82,4269.4,4269.93,0,0,4269.8460338884415,4268.565522705392,4262.542292495314,0,0,
2026-09-24T08:23:00-04:00,4269.93,4271.43,4269.13,4269.23,4269.93,4271.43,4269.13,4269.23,0,0,4269.640689258961,4268.6604480331935,4262.674722346892,0,0,
2026-09-24T08:24:00-04:00,4269.24,4270.87,4266.95,4270.15,4269.24,4270.87,4266.95,4270.15,0,0,4269.810459505974,4268.873241171309,4262.822747646954,0,0,
2026-09-24T08:25:00-04:00,4270.18,4271.06,4267.39,4269.65,4270.18,4271.06,4267.39,4269.65,0,0,4269.756973003982,4268.984206718264,4262.957940762855,0,0,
2026-09-24T08:26:00-04:00,4269.59,4269.66,4267,4268,4269.59,4269.66,4267,4268,0,0,4269.171315335988,4268.843605758512,4263.0577835200265,0,0,
2026-09-24T08:27:00-04:00,4268,4269.84,4268,4269.79,4268,4269.84,4268,4269.79,0,0,4269.377543557325,4268.978804935868,4263.191094737452,0,0,
2026-09-24T08:28:00-04:00,4269.78,4270.38,4269.21,4270.03,4269.78,4270.38,4269.21,4270.03,0,0,4269.595029038217,4269.128975659315,4263.326518604037,0,0,
2026-09-24T08:29:00-04:00,4270.05,4271.62,4270.05,4271.59,4270.05,4271.62,4270.05,4271.59,0,0,4270.260019358811,4269.4805505651275,4263.490151899006,0,0,
2026-09-24T08:30:00-04:00,4271.61,4272.94,4269.62,4271.62,4271.61,4272.94,4269.62,4271.62,0,0,4270.713346239208,4269.78618619868,4263.651138990115,0,0,
2026-09-24T08:31:00-04:00,4271.58,4271.58,4268.57,4269.02,4271.58,4271.58,4268.57,4269.02,0,0,4270.148897492805,4269.67673102744,4263.757453069519,0,0,
2026-09-24T08:32:00-04:00,4269.03,4270.75,4268.6,4269.98,4269.03,4270.75,4268.6,4269.98,0,0,4270.092598328537,4269.720055166377,4263.880671820618,0,0,
2026-09-24T08:33:00-04:00,4269.98,4269.98,4265.98,4266.25,4269.98,4269.98,4265.98,4266.25,0,0,4268.811732219025,4269.224332999752,4263.927589210309,0,0,
2026-09-24T08:34:00-04:00,4266.26,4268.06,4265.95,4266.89,4266.26,4268.06,4265.95,4266.89,0,0,4268.171154812683,4268.89085685693,4263.986250810105,0,0,
2026-09-24T08:35:00-04:00,4266.89,4267.07,4264.87,4266.24,4266.89,4267.07,4264.87,4266.24,0,1,4267.527436541789,4268.512163020226,4264.030879506935,0,0,
2026-09-24T08:36:00-04:00,4266.24,4267.14,4265.2,4266.69,4266.24,4267.14,4265.2,4266.69,0,0,4267.2482910278595,4268.251854017336,4264.0835353582825,0,0,
2026-09-24T08:37:00-04:00,4266.69,4269.25,4266.54,4267.21,4266.69,4269.25,4266.54,4267.21,1,0,4267.235527351906,4268.103017729145,4264.145445549208,0,0,
2026-09-24T08:38:00-04:00,4267.2,4267.2,4265.3,4266.97,4267.2,4267.2,4265.3,4266.97,0,0,4267.147018234604,4267.9411580535525,4264.201377320511,0,0,
2026-09-24T08:39:00-04:00,4266.96,4268.57,4266.95,4268.45,4266.96,4268.57,4266.95,4268.45,0,0,4267.581345489736,4268.013849760187,4264.285508462679,0,0,
2026-09-24T08:40:00-04:00,4268.48,4270.74,4268.25,4270.43,4268.48,4270.74,4268.25,4270.43,0,0,4268.5308969931575,4268.359014080161,4264.407181562428,0,0,
2026-09-24T08:41:00-04:00,4270.47,4273.57,4270.38,4273.56,4270.47,4273.57,4270.38,4273.56,0,0,4270.207264662105,4269.102012068709,4264.588425491886,0,0,
2026-09-24T08:42:00-04:00,4273.58,4274.24,4271.02,4271.04,4273.58,4274.24,4271.02,4271.04,0,0,4270.48484310807,4269.378867487465,4264.716179442541,0,0,
2026-09-24T08:43:00-04:00,4271.02,4271.94,4269.97,4271.36,4271.02,4271.94,4269.97,4271.36,0,0,4270.7765620720465,4269.661886417827,4264.847740245659,0,0,
2026-09-24T08:44:00-04:00,4271.36,4272.18,4270.86,4271.92,4271.36,4272.18,4270.86,4271.92,0,0,4271.157708048031,4269.984474072423,4264.98778499327,0,0,
2026-09-24T08:45:00-04:00,4271.92,4274.42,4271.3,4273.65,4271.92,4274.42,4271.3,4273.65,0,0,4271.988472032021,4270.508120633505,4265.159314003305,0,0,
2026-09-24T08:46:00-04:00,4273.59,4274.45,4272.78,4273.11,4273.59,4274.45,4272.78,4273.11,0,0,4272.362314688014,4270.879817685862,4265.316753329972,0,0,
2026-09-24T08:47:00-04:00,4273.12,4274.29,4273.01,4273.78,4273.12,4274.29,4273.01,4273.78,0,0,4272.834876458675,4271.294129445025,4265.484342372943,0,0,
2026-09-24T08:48:00-04:00,4273.77,4274.93,4273.2,4273.68,4273.77,4274.93,4273.2,4273.68,0,0,4273.116584305783,4271.6349680957355,4265.646632622983,0,0,
2026-09-24T08:49:00-04:00,4273.69,4274.69,4273.18,4274.41,4273.69,4274.69,4273.18,4274.41,0,0,4273.547722870522,4272.031401224916,4265.82016465025,0,0,
2026-09-24T08:50:00-04:00,4274.41,4276.44,4272.58,4274.25,4274.41,4276.44,4272.58,4274.25,0,0,4273.7818152470145,4272.3483439070715,4265.987092082919,0,0,
2026-09-24T08:51:00-04:00,4274.25,4276.05,4274.01,4275.23,4274.25,4276.05,4274.01,4275.23,0,0,4274.2645434980095,4272.760009063204,4266.170119962465,0,0,
2026-09-24T08:52:00-04:00,4275.25,4279.65,4274.93,4279.43,4275.25,4279.65,4274.93,4279.43,0,0,4275.986362332006,4273.712864911317,4266.432691844397,0,0,
2026-09-24T08:53:00-04:00,4279.43,4279.43,4275.98,4276.25,4279.43,4279.43,4275.98,4276.25,0,0,4276.074241554671,4274.0753127811295,4266.6270939860915,0,0,
2026-09-24T08:54:00-04:00,4276.28,4280.35,4276.28,4280.16,4276.28,4280.35,4276.28,4280.16,0,0,4277.436161036448,4274.944553812396,4266.895072323001,0,0,
2026-09-24T08:55:00-04:00,4280.16,4281.15,4279.29,4281.07,4280.16,4281.15,4279.29,4281.07,0,0,4278.647440690965,4275.819617553482,4267.175763960169,0,0,
2026-09-24T08:56:00-04:00,4281.08,4282.87,4280.93,4282.01,4281.08,4282.87,4280.93,4282.01,0,0,4279.768293793976,4276.703957902985,4267.469511208483,0,0,
2026-09-24T08:57:00-04:00,4281.99,4283.34,4281.5,4283,4281.99,4283.34,4281.5,4283,0,0,4280.845529195984,4277.603392488273,4267.777045639998,0,0,
2026-09-24T08:58:00-04:00,4283,4283.16,4281.36,4282.05,4283,4283.16,4281.36,4282.05,0,0,4281.24701946399,4278.238622132805,4268.059678399602,0,0,
2026-09-24T08:59:00-04:00,4282.05,4283.04,4280.92,4281.15,4282.05,4283.04,4280.92,4281.15,0,0,4281.21467964266,4278.65453325669,4268.318892688719,0,0,
2026-09-24T09:00:00-04:00,4281.16,4283.38,4280.9,4283.35,4281.16,4283.38,4280.9,4283.35,0,0,4281.926453095107,4279.32531422002,4268.616538378051,0,0,
2026-09-24T09:01:00-04:00,4283.39,4284.97,4283.08,4284.52,4283.39,4284.97,4283.08,4284.52,0,0,4282.790968730072,4280.067412188589,4268.9314584101685,0,0,
2026-09-24T09:02:00-04:00,4284.53,4285,4283.03,4283.94,4284.53,4285,4283.03,4283.94,0,0,4283.173979153381,4280.62063901879,4269.228657253531,0,0,
2026-09-24T09:03:00-04:00,4283.95,4284.14,4279.44,4280.37,4283.95,4284.14,4279.44,4280.37,0,0,4282.239319435587,4280.584833444677,4269.4492779019765,0,0,
2026-09-24T09:04:00-04:00,4280.48,4281.47,4279.94,4280.35,4280.48,4281.47,4279.94,4280.35,0,0,4281.609546290391,4280.551285809724,4269.665133785105,0,0,
2026-09-24T09:05:00-04:00,4280.32,4282.58,4279.64,4279.89,4280.32,4282.58,4279.64,4279.89,0,0,4281.036364193595,4280.456816408335,4269.86760638342,0,0,
2026-09-24T09:06:00-04:00,4280,4280.15,4279.2,4279.71,4280,4280.15,4279.2,4279.71,0,0,4280.59424279573,4280.350128350001,4270.062505266917,0,0,
2026-09-24T09:07:00-04:00,4279.7,4279.98,4277.77,4277.78,4279.7,4279.98,4277.77,4277.78,0,0,4279.65616186382,4279.982967157143,4270.215326944799,0,0,
2026-09-24T09:08:00-04:00,4277.78,4280.4,4277.06,4279.91,4277.78,4280.4,4277.06,4279.91,0,0,4279.74077457588,4279.972543277551,4270.407300668664,0,0,
2026-09-24T09:09:00-04:00,4279.92,4280.31,4278.72,4279.66,4279.92,4280.31,4278.72,4279.66,0,0,4279.713849717254,4279.9278942379015,4270.590522437601,0,0,
2026-09-24T09:10:00-04:00,4279.66,4281.97,4279.48,4280.83,4279.66,4281.97,4279.48,4280.83,0,0,4280.085899811503,4280.05676648963,4270.79328436953,1,0,
2026-09-24T09:11:00-04:00,4280.71,4282.83,4280.56,4281.44,4280.71,4282.83,4280.56,4281.44,0,0,4280.537266541001,4280.254371276826,4271.004110421618,0,0,
2026-09-24T09:12:00-04:00,4281.43,4282.59,4280.81,4280.92,4281.43,4282.59,4280.81,4280.92,0,0,4280.664844360667,4280.349461094422,4271.200464670695,0,0,
2026-09-24T09:13:00-04:00,4280.93,4281.56,4279.56,4280.07,4280.93,4281.56,4279.56,4280.07,0,0,4280.466562907111,4280.309538080933,4271.376099033651,0,0,
2026-09-24T09:14:00-04:00,4280.07,4280.26,4277.47,4278.36,4280.07,4280.26,4277.47,4278.36,0,1,4279.7643752714075,4280.0310326408,4271.514394102292,0,0,
2026-09-24T09:15:00-04:00,4278.36,4278.55,4276.16,4277.45,4278.36,4278.55,4276.16,4277.45,0,0,4278.992916847605,4279.662313692114,4271.631930852741,0,0,
2026-09-24T09:16:00-04:00,4277.46,4278.52,4277.18,4277.58,4277.46,4278.52,4277.18,4277.58,0,0,4278.52194456507,4279.364840307527,4271.749714400211,0,0,
2026-09-24T09:17:00-04:00,4277.59,4277.94,4276.68,4276.82,4277.59,4277.94,4276.68,4276.82,0,0,4277.954629710047,4279.001291692166,4271.850116095256,0,0,
2026-09-24T09:18:00-04:00,4276.83,4278.83,4276.83,4277.85,4276.83,4278.83,4276.83,4277.85,0,0,4277.919753140031,4278.836821450428,4271.968925677528,0,0,
2026-09-24T09:19:00-04:00,4277.86,4278.1,4276.62,4278.08,4277.86,4278.1,4276.62,4278.08,0,0,4277.973168760021,4278.7287041003665,4272.08993705025,0,0,
2026-09-24T09:20:00-04:00,4278.07,4279.14,4276.78,4277.06,4278.07,4279.14,4276.78,4277.06,0,0,4277.6687791733475,4278.490317800314,4272.188354138364,0,0,
2026-09-24T09:21:00-04:00,4277.08,4277.96,4276.63,4276.78,4277.08,4277.96,4276.63,4276.78,0,0,4277.372519448898,4278.245986685984,4272.279277818792,0,0,
2026-09-24T09:22:00-04:00,4276.78,4278.11,4275.88,4278.02,4276.78,4278.11,4275.88,4278.02,0,0,4277.588346299265,4278.213702873701,4272.392955485747,0,0,
2026-09-24T09:23:00-04:00,4278.01,4278.01,4276.93,4277.18,4278.01,4278.01,4276.93,4277.18,0,0,4277.452230866177,4278.0660310346,4272.487748446425,0,0,
2026-09-24T09:24:00-04:00,4277.08,4277.35,4276.56,4277.17,4277.08,4277.35,4276.56,4277.17,0,0,4277.3581539107845,4277.938026601086,4272.580466298971,0,0,
2026-09-24T09:25:00-04:00,4277.17,4277.77,4275.74,4276.39,4277.17,4277.77,4275.74,4276.39,0,0,4277.035435940523,4277.716879943788,4272.655902609883,0,0,
2026-09-24T09:26:00-04:00,4276.38,4278.1,4275.72,4277.83,4276.38,4278.1,4275.72,4277.83,0,0,4277.300290627015,4277.733039951818,4272.7583599839445,0,0,
2026-09-24T09:27:00-04:00,4277.84,4277.86,4275.68,4276.56,4277.84,4277.86,4275.68,4276.56,0,0,4277.053527084677,4277.565462815844,4272.833639984263,0,0,
2026-09-24T09:28:00-04:00,4276.54,4277.19,4275.64,4276.02,4276.54,4277.19,4275.64,4276.02,0,0,4276.709018056451,4277.34468241358,4272.896736222198,0,0,
2026-09-24T09:29:00-04:00,4276.07,4277.1,4275.67,4276.4,4276.07,4277.1,4275.67,4276.4,0,0,4276.606012037634,4277.209727783068,4272.966107782155,0,0,
2026-09-24T09:30:00-04:00,4276.41,4277.84,4274.37,4277.01,4276.41,4277.84,4274.37,4277.01,0,0,4276.740674691756,4277.18119524263,4273.046184855775,0,0,
2026-09-24T09:31:00-04:00,4277.01,4277.29,4274.83,4275.4,4277.01,4277.29,4274.83,4275.4,0,0,4276.293783127837,4276.926738779397,4273.092795056651,0,0,
2026-09-24T09:32:00-04:00,4275.4,4275.99,4273.91,4274.14,4275.4,4275.99,4273.91,4274.14,0,0,4275.575855418558,4276.5286332394835,4273.113531788203,0,0,
2026-09-24T09:33:00-04:00,4274.14,4276.39,4272.84,4273.33,4274.14,4276.39,4272.84,4273.33,0,0,4274.827236945705,4276.071685633843,4273.117818287446,0,0,
2026-09-24T09:34:00-04:00,4273.34,4274.84,4272.18,4272.94,4273.34,4274.84,4272.18,4272.94,0,0,4274.198157963803,4275.624301971866,4273.114297133239,0,0,
2026-09-24T09:35:00-04:00,4272.93,4273.35,4271.05,4271.11,4272.93,4273.35,4271.05,4271.11,0,0,4273.168771975868,4274.979401690171,4273.074608081096,0,0,
2026-09-24T09:36:00-04:00,4271.08,4273.17,4270.67,4272.03,4271.08,4273.17,4270.67,4272.03,0,0,4272.7891813172455,4274.558058591575,4273.053922772559,0,0,
2026-09-24T09:37:00-04:00,4272.03,4273.21,4270.13,4271.26,4272.03,4273.21,4270.13,4271.26,0,0,4272.279454211497,4274.086907364207,4273.018399549341,0,0,
2026-09-24T09:38:00-04:00,4271.24,4273.67,4270.94,4273.06,4271.24,4273.67,4270.94,4273.06,0,0,4272.5396361409985,4273.940206312178,4273.019223320641,0,0,
2026-09-24T09:39:00-04:00,4273.07,4275.95,4271.31,4271.66,4273.07,4275.95,4271.31,4271.66,0,0,4272.246424093999,4273.614462553295,4272.99230800736,0,0,
2026-09-24T09:40:00-04:00,4271.66,4271.92,4269.47,4269.71,4271.66,4271.92,4269.47,4269.71,0,0,4271.400949395999,4273.056682188539,4272.927311809195,0,0,
2026-09-24T09:41:00-04:00,4269.7,4270.06,4267.58,4269.02,4269.7,4270.06,4267.58,4269.02,0,0,4270.607299597333,4272.480013304462,4272.849939298122,0,0,
2026-09-24T09:42:00-04:00,4269.05,4272.71,4269.05,4271.39,4269.05,4272.71,4269.05,4271.39,0,0,4270.868199731555,4272.32429711811,4272.82102960905,0,0,
2026-09-24T09:43:00-04:00,4271.38,4273.95,4270.57,4272.32,4271.38,4273.95,4270.57,4272.32,0,0,4271.35213315437,4272.323683244094,4272.811108230653,0,0,
2026-09-24T09:44:00-04:00,4272.32,4273.43,4271.33,4273.29,4272.32,4273.43,4271.33,4273.29,0,0,4271.99808876958,4272.461728494938,4272.820591235987,0,0,
2026-09-24T09:45:00-04:00,4273.28,4276.41,4270.92,4272.99,4273.28,4276.41,4270.92,4272.99,1,0,4272.328725846387,4272.537195852804,4272.823945864978,0,0,
2026-09-24T09:46:00-04:00,4272.71,4276.29,4272.57,4274.09,4272.71,4276.29,4272.57,4274.09,0,0,4272.915817230924,4272.7590250166895,4272.849016243889,1,0,
2026-09-24T09:47:00-04:00,4273.95,4275.52,4271.14,4271.55,4273.95,4275.52,4271.14,4271.55,0,0,4272.460544820617,4272.586307157162,4272.823293149951,0,0,0
2026-09-24T09:48:00-04:00,4271.54,4272.98,4271.14,4272.96,4271.54,4272.98,4271.14,4272.96,0,0,4272.627029880411,4272.639691848996,4272.826000216288,0,0,1
2026-09-24T09:49:00-04:00,4272.96,4273.27,4270.42,4271.39,4272.96,4273.27,4270.42,4271.39,0,1,4272.214686586941,4272.4611644419965,4272.797564568441,0,0,
2026-09-24T09:50:00-04:00,4271.38,4271.77,4269.39,4271.19,4271.38,4271.77,4269.39,4271.19,0,0,4271.8731243912935,4272.279569521711,4272.76573160669,0,0,
2026-09-24T09:51:00-04:00,4271.2,4272.02,4267.93,4268.51,4271.2,4272.02,4267.93,4268.51,0,0,4270.752082927529,4271.741059590038,4272.681459693686,0,0,
2026-09-24T09:52:00-04:00,4268.49,4270.89,4268.07,4270.01,4268.49,4270.89,4268.07,4270.01,0,0,4270.504721951686,4271.49376536289,4272.628559501732,0,0,
2026-09-24T09:53:00-04:00,4270.04,4270.04,4265.96,4266.71,4270.04,4270.04,4265.96,4266.71,0,0,4269.239814634458,4270.810370311049,4272.511360303678,0,0,
2026-09-24T09:54:00-04:00,4266.73,4269.92,4266.31,4266.31,4266.73,4269.92,4266.31,4266.31,0,0,4268.2632097563055,4270.1674602666135,4272.388561089744,0,0,
2026-09-24T09:55:00-04:00,4266.37,4269.17,4266.04,4267.22,4266.37,4269.17,4266.04,4267.22,0,0,4267.91547317087,4269.74639451424,4272.286213345393,0,0,
2026-09-24T09:56:00-04:00,4267.21,4267.32,4265.09,4266.57,4267.21,4267.32,4265.09,4266.57,0,0,4267.466982113913,4269.292623869348,4272.17302100192,0,0,
2026-09-24T09:57:00-04:00,4266.57,4266.57,4264.9,4265.35,4266.57,4266.57,4264.9,4265.35,0,0,4266.761321409275,4268.729391888012,4272.037911675149,0,0,
2026-09-24T09:58:00-04:00,4265.35,4266.87,4265.09,4266.87,4265.35,4266.87,4265.09,4266.87,0,0,4266.797547606184,4268.463764475439,4271.935576790493,0,0,
2026-09-24T09:59:00-04:00,4266.87,4267.93,4265.88,4267.64,4266.87,4267.93,4265.88,4267.64,0,0,4267.078365070789,4268.346083836091,4271.850515863948,0,0,
2026-09-24T10:00:00-04:00,4267.55,4267.55,4265.53,4267.1,4267.55,4267.55,4265.53,4267.1,0,0,4267.085576713859,4268.168071859506,4271.75644624288,0,0,
2026-09-24T10:01:00-04:00,4267.1,4268.06,4265.5,4266.38,4267.1,4268.06,4265.5,4266.38,0,0,4266.850384475906,4267.9126330224335,4271.6499819608425,0,0,
2026-09-24T10:02:00-04:00,4266.39,4268.4,4265.97,4266.57,4266.39,4268.4,4265.97,4266.57,0,0,4266.756922983937,4267.720828304943,4271.549388258648,0,0,
2026-09-24T10:03:00-04:00,4266.55,4269.58,4266.2,4269.31,4266.55,4269.58,4266.2,4269.31,0,0,4267.607948655958,4267.947852832808,4271.505043936694,0,0,
2026-09-24T10:04:00-04:00,4269.31,4270.92,4268.71,4270.76,4269.31,4270.92,4268.71,4270.76,1,0,4268.658632437306,4268.349588142407,4271.490290591413,0,0,
2026-09-24T10:05:00-04:00,4270.83,4270.94,4267.85,4268.8,4270.83,4270.94,4267.85,4268.8,0,0,4268.705754958204,4268.413932693492,4271.437017510395,0,0,
2026-09-24T10:06:00-04:00,4268.8,4269.88,4267.75,4269.33,4268.8,4269.88,4267.75,4269.33,0,0,4268.913836638802,4268.544799451564,4271.395294391377,0,0,
2026-09-24T10:07:00-04:00,4269.37,4273.17,4268.88,4272.41,4269.37,4273.17,4268.88,4272.41,0,0,4270.079224425868,4269.096970958483,4271.415387571746,0,0,
2026-09-24T10:08:00-04:00,4272.37,4272.65,4270.64,4271.8,4272.37,4272.65,4270.64,4271.8,0,0,4270.652816283912,4269.483117964414,4271.423003659434,0,0,
2026-09-24T10:09:00-04:00,4271.78,4272.25,4268.45,4270.27,4271.78,4272.25,4268.45,4270.27,0,0,4270.525210855942,4269.595529683784,4271.4001719038015,0,0,
2026-09-24T10:10:00-04:00,4270.3,4270.86,4268.26,4269.22,4270.3,4270.86,4268.26,4269.22,0,0,4270.090140570628,4269.541882586101,4271.357000182934,0,0,
2026-09-24T10:11:00-04:00,4269.21,4269.35,4267.43,4268.23,4269.21,4269.35,4267.43,4268.23,0,1,4269.470093713752,4269.3544707880865,4271.295079387232,0,0,
2026-09-24T10:12:00-04:00,4268.25,4268.64,4266.93,4268.61,4268.25,4268.64,4266.93,4268.61,0,0,4269.183395809168,4269.24811781836,4271.241909498376,0,0,
2026-09-24T10:13:00-04:00,4268.58,4270.91,4268.33,4270.01,4268.58,4270.91,4268.33,4270.01,1,0,4269.458930539446,4269.356958130023,4271.2175152508835,0,0,
2026-09-24T10:14:00-04:00,4270,4271.7,4269.56,4269.72,4270,4271.7,4269.56,4269.72,0,0,4269.545953692964,4269.408821254305,4271.18786148354,0,0,
2026-09-24T10:15:00-04:00,4269.71,4271.55,4266.6,4266.68,4269.71,4271.55,4266.6,4266.68,0,1,4268.590635795309,4269.018989646547,4271.098596899707,0,0,
2026-09-24T10:16:00-04:00,4266.69,4266.69,4264.18,4266.69,4266.69,4266.69,4264.18,4266.69,0,0,4267.957090530206,4268.686276839898,4271.011297951199,0,0,
2026-09-24T10:17:00-04:00,4266.68,4268.65,4264.66,4267.46,4266.68,4268.65,4264.66,4267.46,0,0,4267.791393686804,4268.511094434198,4270.9409752194915,0,0,
2026-09-24T10:18:00-04:00,4267.44,4269.31,4265.72,4268.01,4267.44,4269.31,4265.72,4268.01,0,0,4267.86426245787,4268.439509515027,4270.882936106234,0,0,
2026-09-24T10:19:00-04:00,4268.02,4268.6,4264.76,4264.99,4268.02,4268.6,4264.76,4264.99,0,0,4266.906174971913,4267.946722441451,4270.766244302151,0,0,
2026-09-24T10:20:00-04:00,4265.01,4265.01,4262.93,4264.15,4265.01,4265.01,4262.93,4264.15,0,0,4265.987449981275,4267.404333521244,4270.635229563494,0,0,
2026-09-24T10:21:00-04:00,4264.14,4264.14,4262.03,4262.54,4264.14,4264.14,4262.03,4262.54,0,0,4264.838299987517,4266.709428732494,4270.47492798798,0,0,
2026-09-24T10:22:00-04:00,4262.55,4263.56,4262.14,4262.42,4262.55,4263.56,4262.14,4262.42,0,0,4264.032199991678,4266.096653199281,4270.315424463465,0,0,
2026-09-24T10:23:00-04:00,4262.37,4263.96,4261.84,4262.01,4262.37,4263.96,4261.84,4262.01,0,0,4263.358133327785,4265.512845599384,4270.150960612704,0,0,
2026-09-24T10:24:00-04:00,4262.04,4264.66,4261.11,4263.75,4262.04,4264.66,4261.11,4263.75,0,0,4263.488755551857,4265.261010513757,4270.024208917403,0,0,
2026-09-24T10:25:00-04:00,4263.72,4263.81,4262.21,4262.4,4263.72,4263.81,4262.21,4262.4,0,0,4263.125837034571,4264.852294726078,4269.873234483394,0,0,
2026-09-24T10:26:00-04:00,4262.41,4264.58,4261.97,4264.51,4262.41,4264.58,4261.97,4264.51,0,0,4263.587224689714,4264.8033954794955,4269.767031820356,0,0,
2026-09-24T10:27:00-04:00,4264.51,4268.05,4263.79,4267.67,4264.51,4268.05,4263.79,4267.67,1,0,4264.948149793143,4265.212910410996,4269.725506437775,0,0,
2026-09-24T10:28:00-04:00,4267.66,4268.97,4266.95,4267.3,4267.66,4268.97,4266.95,4267.3,0,0,4265.732099862095,4265.511066066569,4269.677476607324,0,0,
2026-09-24T10:29:00-04:00,4267.23,4267.71,4266.32,4267.41,4267.23,4267.71,4266.32,4267.41,0,0,4266.291399908064,4265.7823423427735,4269.632576080447,0,0,
2026-09-24T10:30:00-04:00,4266.89,4266.89,4262.02,4262.38,4266.89,4266.89,4262.02,4262.38,0,1,4264.9875999387095,4265.296293436663,4269.488960712517,0,1,
2026-09-24T10:31:00-04:00,4262.41,4263.14,4260.79,4261.71,4262.41,4263.14,4260.79,4261.71,0,0,4263.895066625806,4264.783965802854,4269.334921886527,0,0,
2026-09-24T10:32:00-04:00,4261.68,4262.36,4259.86,4260.4,4261.68,4262.36,4259.86,4260.4,0,0,4262.730044417204,4264.157684973875,4269.157992740259,0,0,
2026-09-24T10:33:00-04:00,4260.4,4260.63,4256.68,4258.66,4260.4,4260.63,4256.68,4258.66,0,0,4261.3733629448025,4263.372301406179,4268.950111695897,0,0,
2026-09-24T10:34:00-04:00,4258.92,4262.24,4258.92,4261.76,4258.92,4262.24,4258.92,4261.76,0,0,4261.502241963201,4263.141972633867,4268.807733246474,0,0,
2026-09-24T10:35:00-04:00,4261.8,4262.38,4260,4262.23,4261.8,4262.38,4260,4262.23,0,0,4261.744827975467,4263.011690829029,4268.677481102979,0,0,
2026-09-24T10:36:00-04:00,4262.31,4262.35,4260.07,4261.36,4262.31,4262.35,4260.07,4261.36,0,0,4261.616551983645,4262.77573499631,4268.532580487078,0,0,
2026-09-24T10:37:00-04:00,4261.36,4262.04,4259.79,4260.46,4261.36,4262.04,4259.79,4260.46,0,0,4261.231034655763,4262.444915711123,4268.372727408126,0,0,
2026-09-24T10:38:00-04:00,4260.44,4260.87,4256.84,4256.85,4260.44,4260.87,4256.84,4256.85,0,0,4259.770689770509,4261.6456420381055,4268.1445545881625,0,0,
2026-09-24T10:39:00-04:00,4256.89,4257.25,4255.66,4257.02,4256.89,4257.25,4255.66,4257.02,0,0,4258.853793180339,4260.984836032662,4267.924266378496,0,0,
2026-09-24T10:40:00-04:00,4256.97,4257.33,4255.37,4255.69,4256.97,4257.33,4255.37,4255.69,0,0,4257.799195453559,4260.2284308851395,4267.682003677932,0,0,
2026-09-24T10:41:00-04:00,4255.67,4255.67,4254.76,4254.76,4255.67,4255.67,4254.76,4254.76,0,0,4256.786130302373,4259.447226472977,4267.426122416982,0,0,
2026-09-24T10:42:00-04:00,4254.76,4257.11,4254.44,4254.48,4254.76,4257.11,4254.44,4254.48,0,0,4256.017420201581,4258.737622691123,4267.16976355724,0,0,
2026-09-24T10:43:00-04:00,4254.47,4256.21,4254.14,4256.21,4254.47,4256.21,4254.14,4256.21,0,0,4256.081613467721,4258.376533735248,4266.952738536304,0,0,
2026-09-24T10:44:00-04:00,4256.23,4256.77,4256.05,4256.53,4256.23,4256.77,4256.05,4256.53,0,0,4256.231075645147,4258.112743201641,4266.7463476742,0,0,
2026-09-24T10:45:00-04:00,4256.57,4256.57,4254.74,4255.27,4256.57,4256.57,4254.74,4255.27,0,0,4255.9107170967645,4257.706637029978,4266.519093264809,0,0,
2026-09-24T10:46:00-04:00,4255.26,4257.48,4254.94,4256.37,4255.26,4257.48,4254.94,4256.37,0,0,4256.063811397843,4257.515688882839,4266.318121120951,0,0,
2026-09-24T10:47:00-04:00,4256.43,4258.11,4255.77,4256.99,4256.43,4258.11,4255.77,4256.99,0,0,4256.372540931895,4257.440590471005,4266.133405851229,0,0,
2026-09-24T10:48:00-04:00,4256.97,4258.52,4256.87,4257.82,4256.97,4258.52,4256.87,4257.82,0,0,4256.85502728793,4257.49479183229,4265.968783953185,0,0,
2026-09-24T10:49:00-04:00,4257.82,4257.87,4256.56,4257.45,4257.82,4257.87,4256.56,4257.45,0,0,4257.053351525286,4257.488392999106,4265.800095162033,0,0,
2026-09-24T10:50:00-04:00,4257.44,4261.16,4257.28,4258.8,4257.44,4261.16,4257.28,4258.8,1,0,4257.635567683525,4257.675765427804,4265.661479416251,0,0,
2026-09-24T10:51:00-04:00,4258.79,4259.45,4258.37,4259.07,4258.79,4259.45,4258.37,4259.07,0,0,4258.113711789017,4257.874941795261,4265.530955071375,0,0,
2026-09-24T10:52:00-04:00,4259.07,4262.11,4259.07,4260.6,4259.07,4262.11,4259.07,4260.6,0,0,4258.942474526011,4258.264235824509,4265.4333123966935,0,0,
2026-09-24T10:53:00-04:00,4260.61,4261.11,4259.53,4261.11,4260.61,4261.11,4259.53,4261.11,0,0,4259.664983017341,4258.670773563865,4265.347702250225,0,0,
2026-09-24T10:54:00-04:00,4261.11,4261.76,4259.65,4259.89,4261.11,4261.76,4259.65,4259.89,0,0,4259.739988678228,4258.844948769027,4265.239628938339,0,0,
2026-09-24T10:55:00-04:00,4259.91,4259.91,4256.84,4257.42,4259.91,4259.91,4256.84,4257.42,0,0,4258.966659118819,4258.641384659166,4265.084784800946,0,0,
2026-09-24T10:56:00-04:00,4257.49,4257.66,4255.4,4255.49,4257.49,4257.66,4255.4,4255.49,0,1,4257.807772745879,4258.191186850713,4264.894789062314,0,1,
2026-09-24T10:57:00-04:00,4255.51,4255.51,4253.47,4253.76,4255.51,4255.51,4253.47,4253.76,0,0,4256.458515163919,4257.558160157754,4264.674298189793,0,0,
2026-09-24T10:58:00-04:00,4253.74,4254.97,4252.5,4253.77,4253.74,4254.97,4252.5,4253.77,0,0,4255.562343442613,4257.016994420932,4264.458371492966,0,0,
2026-09-24T10:59:00-04:00,4253.77,4254.26,4252.98,4253.13,4253.77,4254.26,4252.98,4253.13,0,0,4254.751562295076,4256.461709503656,4264.234047304986,0,0,
2026-09-24T11:00:00-04:00,4253.16,4254.11,4252.55,4253.12,4253.16,4254.11,4252.55,4253.12,0,0,4254.207708196717,4255.984322431705,4264.013967160333,0,0,
2026-09-24T11:01:00-04:00,4253.13,4253.65,4250.57,4251.96,4253.13,4253.65,4250.57,4251.96,0,0,4253.458472131145,4255.409419227175,4263.775274741316,0,0,
2026-09-24T11:02:00-04:00,4251.96,4253.11,4250.35,4251.21,4251.96,4253.11,4250.35,4251.21,0,0,4252.708981420763,4254.809502194721,4263.526457419705,0,0,
2026-09-24T11:03:00-04:00,4251.21,4253.39,4249.77,4251.33,4251.21,4253.39,4249.77,4251.33,0,0,4252.249320947175,4254.312430452618,4263.284943411394,0,0,
2026-09-24T11:04:00-04:00,4251.35,4253.29,4250.59,4250.73,4251.35,4253.29,4250.59,4250.73,0,0,4251.74288063145,4253.800654673672,4263.036330670574,0,0,
2026-09-24T11:05:00-04:00,4250.74,4251.19,4250.17,4250.4,4250.74,4251.19,4250.17,4250.4,0,0,4251.2952537543,4253.314846863148,4262.7861063008595,0,0,
2026-09-24T11:06:00-04:00,4250.42,4251.37,4249.58,4249.86,4250.42,4251.37,4249.58,4249.86,0,0,4250.8168358362,4252.8212973112695,4262.530143799852,0,0,
2026-09-24T11:07:00-04:00,4249.86,4250.79,4248.7,4250.42,4249.86,4250.79,4248.7,4250.42,0,0,4250.684557224134,4252.478254838231,4262.290338972132,0,0,
2026-09-24T11:08:00-04:00,4250.41,4251.24,4249.58,4250.34,4250.41,4251.24,4249.58,4250.34,0,0,4250.569704816089,4252.172789861341,4262.053698596446,0,0,
2026-09-24T11:09:00-04:00,4250.32,4250.82,4249.13,4249.65,4250.32,4250.82,4249.13,4249.65,0,0,4250.263136544059,4251.812391309721,4261.808080802457,0,0,
2026-09-24T11:10:00-04:00,4249.66,4250.77,4249.29,4249.7,4249.66,4250.77,4249.29,4249.7,0,0,4250.075424362706,4251.5106211226175,4261.56831682617,0,0,
2026-09-24T11:11:00-04:00,4249.69,4251.04,4249.6,4250.47,4249.69,4251.04,4249.6,4250.47,0,0,4250.2069495751375,4251.361960962244,4261.348548176147,0,0,
2026-09-24T11:12:00-04:00,4250.47,4250.68,4248.01,4248.45,4250.47,4250.68,4248.01,4248.45,0,0,4249.621299716759,4250.945966539066,4261.0931313805795,0,0,
2026-09-24T11:13:00-04:00,4248.37,4248.37,4244.78,4244.78,4248.37,4248.37,4244.78,4244.78,0,0,4248.007533144506,4250.065114176342,4260.770099076013,0,0,
2026-09-24T11:14:00-04:00,4244.77,4247.09,4244.77,4247.09,4244.77,4247.09,4244.77,4247.09,0,0,4247.701688763004,4249.640097865436,4260.499206025003,0,0,
2026-09-24T11:15:00-04:00,4247.09,4249.93,4246.48,4248.52,4247.09,4249.93,4246.48,4248.52,0,0,4247.974459175336,4249.4800838846595,4260.261994024509,0,0,
2026-09-24T11:16:00-04:00,4248.59,4253.15,4248.16,4250.67,4248.59,4253.15,4248.16,4250.67,0,0,4248.872972783557,4249.6500719011365,4260.072053548775,0,0,
2026-09-24T11:17:00-04:00,4250.67,4252.01,4250.16,4250.63,4250.67,4252.01,4250.16,4250.63,0,0,4249.458648522372,4249.790061629546,4259.885082191374,0,0,
2026-09-24T11:18:00-04:00,4250.58,4251.38,4249.34,4251.35,4250.58,4251.38,4249.34,4251.35,0,0,4250.089099014915,4250.012909968182,4259.716070662832,0,0,
2026-09-24T11:19:00-04:00,4251.31,4253.3,4250.41,4250.41,4251.31,4253.3,4250.41,4250.41,1,0,4250.196066009943,4250.069637115585,4259.531792035845,0,0,
2026-09-24T11:20:00-04:00,4250.42,4251.83,4249.65,4251.12,4250.42,4251.83,4249.65,4251.12,0,1,4250.504044006629,4250.219688956216,4259.365221896521,0,0,
2026-09-24T11:21:00-04:00,4251.1,4253.84,4250.67,4253.49,4251.1,4253.84,4250.67,4253.49,1,0,4251.499362671086,4250.6868762481845,4259.248880868867,0,0,
2026-09-24T11:22:00-04:00,4253.46,4254.83,4252.81,4254.82,4253.46,4254.83,4252.81,4254.82,0,0,4252.606241780723,4251.277322498444,4259.161180257602,0,0,
2026-09-24T11:23:00-04:00,4254.8,4255.4,4254.39,4255.01,4254.8,4255.4,4254.39,4255.01,0,0,4253.407494520482,4251.810562141523,4259.078978668343,0,0,
2026-09-24T11:24:00-04:00,4255,4255.54,4254,4255.27,4255,4255.54,4254,4255.27,0,0,4254.028329680322,4252.304767549877,4259.003553348178,0,0,
2026-09-24T11:25:00-04:00,4255.27,4255.47,4251.93,4252.28,4255.27,4255.47,4251.93,4252.28,0,0,4253.445553120215,4252.301229328466,4258.870413677917,0,0,
2026-09-24T11:26:00-04:00,4252.28,4252.39,4251.27,4251.51,4252.28,4252.39,4251.27,4251.51,0,1,4252.80036874681,4252.188196567257,4258.724662912017,0,0,
2026-09-24T11:27:00-04:00,4251.5,4251.79,4249.24,4249.62,4251.5,4251.79,4249.24,4249.62,0,0,4251.740245831206,4251.821311343363,4258.544372557324,0,0,
2026-09-24T11:28:00-04:00,4249.62,4251.38,4249.01,4249.82,4249.62,4251.38,4249.01,4249.82,0,0,4251.10016388747,4251.535409722883,4258.371612704704,0,0,
2026-09-24T11:29:00-04:00,4249.82,4250.77,4249.66,4250.44,4249.82,4250.77,4249.66,4250.44,0,0,4250.8801092583135,4251.378922619614,4258.214551066987,0,0,
2026-09-24T11:30:00-04:00,4250.43,4250.81,4249.04,4249.09,4250.43,4250.81,4249.04,4249.09,0,0,4250.283406172209,4251.051933673955,4258.033866887443,0,0,
2026-09-24T11:31:00-04:00,4249.07,4249.52,4247.34,4247.48,4249.07,4249.52,4247.34,4247.48,0,0,4249.348937448139,4250.541657434819,4257.824879424325,0,0,
2026-09-24T11:32:00-04:00,4247.53,4249.63,4246.4,4248.43,4247.53,4249.63,4246.4,4248.43,0,0,4249.042624965426,4250.2399920869875,4257.638842208002,0,0,
2026-09-24T11:33:00-04:00,4248.4,4249.95,4248.37,4249.61,4248.4,4249.95,4248.37,4249.61,0,0,4249.231749976951,4250.149993217417,4257.479855233586,0,0,
2026-09-24T11:34:00-04:00,4249.62,4249.62,4247.22,4247.8,4249.62,4249.62,4247.22,4247.8,0,0,4248.754499984634,4249.814279900644,4257.288174931931,0,0,
2026-09-24T11:35:00-04:00,4247.81,4249.16,4246.85,4249.15,4247.81,4249.16,4246.85,4249.15,0,0,4248.886333323089,4249.71938277198,4257.127022953081,0,0,
2026-09-24T11:36:00-04:00,4249.14,4250.81,4248.68,4249.03,4249.14,4250.81,4248.68,4249.03,0,0,4248.934222215393,4249.62089951884,4256.966685864902,0,0,
2026-09-24T11:37:00-04:00,4249.01,4252.04,4248.92,4251.68,4249.01,4252.04,4248.92,4251.68,0,0,4249.849481476928,4249.915056730434,4256.861999016091,0,0,
2026-09-24T11:38:00-04:00,4251.67,4253.06,4251.56,4252.98,4251.67,4253.06,4251.56,4252.98,0,0,4250.892987651286,4250.352905768944,4256.785127748446,0,0,
2026-09-24T11:39:00-04:00,4252.99,4253.81,4251.52,4253.8,4252.99,4253.81,4251.52,4253.8,1,0,4251.861991767524,4250.845347801952,4256.726016307883,0,0,
2026-09-24T11:40:00-04:00,4253.86,4254.14,4252.37,4252.77,4253.86,4254.14,4252.37,4252.77,0,0,4252.16466117835,4251.120298115959,4256.647679351291,0,0,
2026-09-24T11:41:00-04:00,4252.77,4254.51,4252.57,4253.23,4252.77,4254.51,4252.57,4253.23,0,0,4252.5197741188995,4251.421684099393,4256.580002532453,0,0,
2026-09-24T11:42:00-04:00,4253.18,4253.9,4252.64,4253.62,4253.18,4253.9,4252.64,4253.62,0,0,4252.886516079267,4251.735729228051,4256.521388620919,0,0,
2026-09-24T11:43:00-04:00,4253.61,4254.29,4253.1,4254.06,4253.61,4254.29,4253.1,4254.06,0,0,4253.277677386178,4252.067767909758,4256.472648252188,0,0,
2026-09-24T11:44:00-04:00,4254.06,4255.51,4253.71,4255.3,4254.06,4255.51,4253.71,4255.3,0,0,4253.951784924118,4252.529515351222,4256.449427494719,0,0,
2026-09-24T11:45:00-04:00,4255.3,4256.55,4255.05,4255.56,4255.3,4256.55,4255.05,4255.56,0,0,4254.487856616079,4252.962441729618,4256.4318150690815,0,0,
2026-09-24T11:46:00-04:00,4255.56,4255.71,4253.48,4254.02,4255.56,4255.71,4253.48,4254.02,0,0,4254.331904410719,4253.11352148253,4256.384056354842,0,0,
2026-09-24T11:47:00-04:00,4254.13,4257.02,4254.13,4255.86,4254.13,4257.02,4254.13,4255.86,0,0,4254.841269607146,4253.505875556454,4256.373679001281,0,0,
2026-09-24T11:48:00-04:00,4255.86,4256.13,4254.79,4254.97,4255.86,4256.13,4254.79,4254.97,0,0,4254.884179738097,4253.715036191246,4256.345883377493,0,0,
2026-09-24T11:49:00-04:00,4254.98,4256.53,4253.89,4254.74,4254.98,4256.53,4253.89,4254.74,0,0,4254.836119825398,4253.861459592496,4256.314083706651,0,0,
2026-09-24T11:50:00-04:00,4254.71,4258.1,4254.24,4258.06,4254.71,4258.1,4254.24,4258.06,0,0,4255.910746550266,4254.461251079283,4256.34865630652,0,0,
2026-09-24T11:51:00-04:00,4258.05,4259.79,4257.99,4259.48,4258.05,4259.79,4257.99,4259.48,0,0,4257.100497700177,4255.178215210814,4256.410663112331,0,0,
2026-09-24T11:52:00-04:00,4259.47,4259.83,4258.33,4258.59,4259.47,4259.83,4258.33,4258.59,0,0,4257.5969984667845,4255.665613037841,4256.453818298226,0,0,
2026-09-24T11:53:00-04:00,4258.56,4260.63,4257.41,4257.51,4258.56,4260.63,4257.41,4257.51,0,0,4257.567998977856,4255.9290968895775,4256.47473278737,0,0,
2026-09-24T11:54:00-04:00,4257.51,4257.9,4256.67,4257.75,4257.51,4257.9,4256.67,4257.75,0,0,4257.628665985238,4256.189225905352,4256.499985603462,0,0,
2026-09-24T11:55:00-04:00,4257.71,4257.87,4255.27,4255.55,4257.71,4257.87,4255.27,4255.55,0,0,4256.9357773234915,4256.097907918873,4256.481174007354,0,0,
2026-09-24T11:56:00-04:00,4255.55,4257.45,4254.87,4256.79,4255.55,4257.45,4254.87,4256.79,0,1,4256.887184882327,4256.196778216176,4256.487289373545,0,0,
2026-09-24T11:57:00-04:00,4256.89,4257.61,4256.44,4257.01,4256.89,4257.61,4256.44,4257.01,1,0,4256.928123254885,4256.312952756723,4256.497640079019,0,0,
2026-09-24T11:58:00-04:00,4257,4257.45,4256.4,4256.73,4257,4257.45,4256.4,4256.73,0,0,4256.862082169923,4256.372530934334,4256.5022412655735,0,0,
2026-09-24T11:59:00-04:00,4256.73,4256.98,4256.1,4256.74,4256.73,4256.98,4256.1,4256.74,0,1,4256.821388113282,4256.425026515143,4256.506949359325,0,0,
2026-09-24T12:00:00-04:00,4256.72,4257.69,4255.39,4256.05,4256.72,4257.69,4255.39,4256.05,0,0,4256.564258742188,4256.371451298694,4256.49790085716,0,0,
2026-09-24T12:01:00-04:00,4256.05,4257.1,4254.67,4256.08,4256.05,4257.1,4254.67,4256.08,0,0,4256.402839161458,4256.329815398881,4256.4896255926615,0,0,
2026-09-24T12:02:00-04:00,4256.07,4257.04,4255.84,4256.36,4256.07,4257.04,4255.84,4256.36,0,0,4256.388559440972,4256.334127484755,4256.487058749242,0,0,
2026-09-24T12:03:00-04:00,4256.36,4257.69,4255.92,4257.53,4256.36,4257.69,4255.92,4257.53,0,0,4256.769039627315,4256.504966415505,4256.5077110512375,0,0,
2026-09-24T12:04:00-04:00,4257.54,4258.45,4256.71,4258.45,4257.54,4258.45,4256.71,4258.45,1,0,4257.329359751543,4256.782828356147,4256.54617221854,0,0,
2026-09-24T12:05:00-04:00,4258.46,4258.52,4257.09,4257.8,4258.46,4258.52,4257.09,4257.8,0,0,4257.486239834362,4256.928138590983,4256.57100049144,0,0,
2026-09-24T12:06:00-04:00,4257.82,4258.11,4254.55,4254.61,4257.82,4258.11,4254.55,4254.61,0,1,4256.527493222908,4256.596975935128,4256.53216879854,0,0,
2026-09-24T12:07:00-04:00,4254.6,4254.6,4253.22,4253.56,4254.6,4254.6,4253.22,4253.56,0,0,4255.538328815272,4256.16312223011,4256.473313970846,0,0,
2026-09-24T12:08:00-04:00,4253.58,4254.13,4253.38,4254.13,4253.58,4254.13,4253.38,4254.13,0,0,4255.068885876848,4255.8726761972375,4256.4269117139975,0,0,
2026-09-24T12:09:00-04:00,4254.14,4254.27,4252.71,4253.26,4254.14,4254.27,4252.71,4253.26,0,0,4254.465923917899,4255.49943674049,4256.364200590948,0,0,
2026-09-24T12:10:00-04:00,4253.26,4254.55,4253.26,4253.62,4253.26,4254.55,4253.26,4253.62,0,0,4254.183949278599,4255.230945777563,4256.309859985186,0,0,
2026-09-24T12:11:00-04:00,4253.62,4253.88,4253.13,4253.79,4253.62,4253.88,4253.13,4253.79,0,0,4254.052632852399,4255.025096380768,4256.259961767658,0,0,
2026-09-24T12:12:00-04:00,4253.78,4255,4253.56,4253.72,4253.78,4255,4253.56,4253.72,0,0,4253.941755234933,4254.838654040659,4256.209665495031,0,0,
2026-09-24T12:13:00-04:00,4253.72,4254.36,4253.23,4254.01,4253.72,4254.36,4253.23,4254.01,0,0,4253.964503489956,4254.7202748919935,4256.166107762456,0,0,
2026-09-24T12:14:00-04:00,4253.99,4258.93,4253.96,4258.93,4253.99,4258.93,4253.96,4258.93,1,0,4255.619668993304,4255.321664193138,4256.220838301813,1,0,
2026-09-24T12:15:00-04:00,4259.06,4270.03,4258.61,4269.22,4259.06,4270.03,4258.61,4269.22,0,0,4260.153112662203,4257.307140736975,4256.478247444352,0,0,
2026-09-24T12:16:00-04:00,4269.21,4286.98,4268.08,4283.18,4269.21,4286.98,4268.08,4283.18,0,0,4267.828741774802,4261.003263488836,4257.006995019711,0,0,
2026-09-24T12:17:00-04:00,4282.79,4287.35,4279.13,4280.49,4282.79,4287.35,4279.13,4280.49,0,0,4272.049161183201,4263.7870829904305,4257.472005019321,0,0,
2026-09-24T12:18:00-04:00,4280.61,4288.49,4276.97,4276.97,4280.61,4288.49,4276.97,4276.97,0,0,4273.689440788801,4265.67035684894,4257.85810392983,0,0,
2026-09-24T12:19:00-04:00,4276.94,4280.06,4272.15,4274.57,4276.94,4280.06,4272.15,4274.57,0,0,4273.982960525867,4266.941734441949,4258.189032564883,0,0,
2026-09-24T12:20:00-04:00,4274.64,4281.27,4274.5,4275.93,4274.64,4281.27,4274.5,4275.93,0,0,4274.631973683911,4268.225772378813,4258.540338850727,0,0,
2026-09-24T12:21:00-04:00,4276.02,4279.4,4275,4275.69,4276.02,4279.4,4275,4275.69,0,0,4274.984649122607,4269.292090610412,4258.879936101207,0,0,
2026-09-24T12:22:00-04:00,4275.71,4277.52,4273.24,4274.38,4275.71,4277.52,4273.24,4274.38,0,0,4274.783099415072,4270.018934808924,4259.186868059599,0,0,
2026-09-24T12:23:00-04:00,4274.38,4276.55,4271.99,4271.99,4274.38,4276.55,4271.99,4271.99,0,0,4273.852066276714,4270.300515550506,4259.4403954247555,0,0,
2026-09-24T12:24:00-04:00,4271.9,4276.49,4271.37,4276.15,4271.9,4276.49,4271.37,4276.15,0,0,4274.618044184476,4271.136156186148,4259.771278683671,0,0,
2026-09-24T12:25:00-04:00,4276.15,4278.17,4272.6,4273.65,4276.15,4278.17,4272.6,4273.65,0,0,4274.29536278965,4271.495276730983,4260.04610484835,0,0,
2026-09-24T12:26:00-04:00,4273.64,4276.67,4272.79,4274.44,4273.64,4276.67,4272.79,4274.44,0,0,4274.3435751931,4271.9159514837,4260.331132475116,0,0,
2026-09-24T12:27:00-04:00,4274.43,4277.09,4271.89,4275.14,4274.43,4277.09,4271.89,4275.14,0,0,4274.6090501287335,4272.376529843172,4260.624377376598,0,0,
2026-09-24T12:28:00-04:00,4275.19,4276.84,4274.14,4275.67,4275.19,4276.84,4274.14,4275.67,0,0,4274.962700085823,4272.847025579861,4260.922310497854,0,0,
2026-09-24T12:29:00-04:00,4275.64,4276.94,4273.71,4275.78,4275.64,4276.94,4273.71,4275.78,0,0,4275.235133390548,4273.266021925595,4261.216522171164,0,0,
2026-09-24T12:30:00-04:00,4275.89,4277.08,4275.84,4276.35,4275.89,4277.08,4275.84,4276.35,0,0,4275.606755593699,4273.706590221938,4261.516194999458,0,0,
2026-09-24T12:31:00-04:00,4276.34,4278.18,4272.02,4272.05,4276.34,4278.18,4272.02,4272.05,0,0,4274.421170395799,4273.469934475947,4261.724785197489,0,0,
2026-09-24T12:32:00-04:00,4272.05,4273.46,4270.52,4272.39,4272.05,4273.46,4270.52,4272.39,0,0,4273.744113597199,4273.315658122241,4261.935977569816,0,0,
2026-09-24T12:33:00-04:00,4272.39,4276.82,4271.78,4274.57,4272.39,4276.82,4271.78,4274.57,0,0,4274.019409064799,4273.494849819063,4262.1861562318,0,0,
2026-09-24T12:34:00-04:00,4274.54,4275.74,4272.51,4273.66,4274.54,4275.74,4272.51,4273.66,0,0,4273.899606043199,4273.518442702054,4262.413361058893,0,0,
2026-09-24T12:35:00-04:00,4273.66,4277.05,4272.76,4275.65,4273.66,4277.05,4272.76,4275.65,0,0,4274.483070695466,4273.822950887475,4262.675472721094,0,0,
2026-09-24T12:36:00-04:00,4275.69,4277.94,4275.69,4277.82,4275.69,4277.94,4275.69,4277.82,0,0,4275.595380463644,4274.39395790355,4262.975364350379,0,0,
2026-09-24T12:37:00-04:00,4277.81,4278.77,4276.75,4277,4277.81,4278.77,4276.75,4277,0,0,4276.0635869757625,4274.766249631614,4263.253079907798,0,0,
2026-09-24T12:38:00-04:00,4276.85,4277.7,4275.02,4275.38,4276.85,4277.7,4275.02,4275.38,0,0,4275.835724650508,4274.853928255669,4263.493216939326,0,0,
2026-09-24T12:39:00-04:00,4275.37,4277.35,4274.68,4277.35,4275.37,4277.35,4274.68,4277.35,0,0,4276.340483100339,4275.210509933431,4263.767608683102,0,0,
2026-09-24T12:40:00-04:00,4277.34,4278.78,4276.3,4278.78,4277.34,4278.78,4276.3,4278.78,0,0,4277.153655400226,4275.720437085798,4264.064883758684,0,0,
2026-09-24T12:41:00-04:00,4278.78,4280.55,4278.76,4280.55,4278.78,4280.55,4278.76,4280.55,0,0,4278.285770266817,4276.41037464497,4264.391321704056,0,0,
2026-09-24T12:42:00-04:00,4280.86,4285.48,4280.86,4284.07,4280.86,4285.48,4280.86,4284.07,0,0,4280.213846844545,4277.504606838545,4264.780998501996,0,0,
2026-09-24T12:43:00-04:00,4284.04,4284.32,4279.89,4279.89,4284.04,4284.32,4279.89,4279.89,0,0,4280.105897896363,4277.845377290182,4265.080186650471,0,0,
2026-09-24T12:44:00-04:00,4279.85,4280.26,4274.28,4274.3,4279.85,4280.26,4274.28,4274.3,0,0,4278.170598597575,4277.338894820156,4265.262757211847,0,0,
2026-09-24T12:45:00-04:00,4274.31,4275.14,4272.69,4274.53,4274.31,4275.14,4272.69,4274.53,0,0,4276.957065731716,4276.937624131562,4265.446266970029,0,0,
2026-09-24T12:46:00-04:00,4274.5,4277.15,4273.94,4277.14,4274.5,4277.15,4273.94,4277.14,0,0,4277.018043821145,4276.966534969911,4265.67782603993,0,0,
2026-09-24T12:47:00-04:00,4277.19,4277.44,4275.16,4275.72,4277.19,4277.44,4275.16,4275.72,0,0,4276.58536254743,4276.788458545638,4265.876680969832,0,0,
2026-09-24T12:48:00-04:00,4275.71,4276.98,4275.37,4275.92,4275.71,4276.98,4275.37,4275.92,0,0,4276.36357503162,4276.664393039118,4266.07555857439,0,0,
2026-09-24T12:49:00-04:00,4275.91,4276.31,4275.2,4275.23,4275.91,4276.31,4275.2,4275.23,0,0,4275.985716687746,4276.459479747816,4266.256834642224,0,0,
2026-09-24T12:50:00-04:00,4275.24,4276.98,4274.17,4274.31,4275.24,4276.98,4274.17,4274.31,0,0,4275.427144458497,4276.152411212413,4266.41630326317,0,0,
2026-09-24T12:51:00-04:00,4274.22,4278.74,4273.98,4277.7,4274.22,4278.74,4273.98,4277.7,0,0,4276.184762972332,4276.373495324926,4266.639742802514,0,0,
2026-09-24T12:52:00-04:00,4277.73,4277.97,4273.05,4273.51,4277.73,4277.97,4273.05,4273.51,0,0,4275.293175314888,4275.964424564222,4266.775787499494,0,0,
2026-09-24T12:53:00-04:00,4273.54,4274.83,4271.17,4272.03,4273.54,4274.83,4271.17,4272.03,0,1,4274.205450209925,4275.402363912191,4266.879831311386,0,0,
2026-09-24T12:54:00-04:00,4272.01,4273.98,4271.7,4273.08,4272.01,4273.98,4271.7,4273.08,0,0,4273.83030013995,4275.070597639021,4267.0026069289825,0,0,
2026-09-24T12:55:00-04:00,4273.12,4274.8,4272.99,4274.01,4273.12,4274.8,4272.99,4274.01,1,0,4273.8902000933,4274.919083690589,4267.1413671878145,0,0,
2026-09-24T12:56:00-04:00,4273.98,4275.65,4273.75,4275.49,4273.98,4275.65,4273.75,4275.49,0,0,4274.4234667288665,4275.000643163362,4267.306686649442,0,0,
2026-09-24T12:57:00-04:00,4275.48,4276.34,4274.45,4274.45,4275.48,4276.34,4274.45,4274.45,0,0,4274.432311152577,4274.92197985431,4267.448138398958,0,0,
2026-09-24T12:58:00-04:00,4274.46,4275.59,4274.36,4274.83,4274.46,4275.59,4274.36,4274.83,0,0,4274.5648741017185,4274.908839875123,4267.594313876206,0,0,
2026-09-24T12:59:00-04:00,4274.84,4274.84,4273.17,4273.17,4274.84,4274.84,4273.17,4273.17,0,0,4274.099916067812,4274.660434178677,4267.704723502419,0,0,
2026-09-24T13:00:00-04:00,4273.17,4273.17,4270.33,4271.87,4273.17,4273.17,4270.33,4271.87,0,1,4273.356610711875,4274.26180072458,4267.787204225144,0,0,
2026-09-24T13:01:00-04:00,4271.86,4274.57,4271.1,4272.63,4271.86,4274.57,4271.1,4272.63,0,0,4273.11440714125,4274.028686335354,4267.883101171181,0,0,
2026-09-24T13:02:00-04:00,4272.7,4274.27,4269.27,4274.19,4272.7,4274.27,4269.27,4274.19,0,0,4273.472938094166,4274.051731144589,4268.0079902569005,0,0,
2026-09-24T13:03:00-04:00,4274.21,4278,4274.17,4275.23,4274.21,4278,4274.17,4275.23,1,0,4274.058625396111,4274.220055266791,4268.151000350823,0,0,
2026-09-24T13:04:00-04:00,4275.22,4275.51,4269.81,4272.02,4275.22,4275.51,4269.81,4272.02,0,1,4273.379083597408,4273.905761657249,4268.227614205262,0,0,
2026-09-24T13:05:00-04:00,4271.98,4274.19,4271.55,4271.93,4271.98,4274.19,4271.55,4271.93,0,0,4272.896055731605,4273.623509991928,4268.300928775455,0,0,
2026-09-24T13:06:00-04:00,4271.88,4273.63,4270.86,4271.57,4271.88,4273.63,4270.86,4271.57,0,0,4272.4540371544035,4273.330151421652,4268.365662859109,0,0,
2026-09-24T13:07:00-04:00,4271.56,4273.4,4271.15,4271.19,4271.56,4273.4,4271.15,4271.19,0,0,4272.032691436269,4273.024415504273,4268.421590327245,0,0,
2026-09-24T13:08:00-04:00,4271.21,4272.27,4270.04,4272.19,4271.21,4272.27,4270.04,4272.19,0,0,4272.085127624179,4272.905213289377,4268.496212300963,0,0,
2026-09-24T13:09:00-04:00,4272.18,4272.18,4270.46,4271.01,4272.18,4272.18,4270.46,4271.01,0,0,4271.726751749453,4272.634468533752,4268.545990275201,0,0,
2026-09-24T13:10:00-04:00,4271,4271.22,4266.67,4268.58,4271,4271.22,4266.67,4268.58,0,0,4270.6778344996355,4272.055258743216,4268.546663735098,0,0,
2026-09-24T13:11:00-04:00,4268.57,4269.81,4267.17,4269.2,4268.57,4269.81,4267.17,4269.2,0,0,4270.185222999757,4271.647364637042,4268.5596010868785,0,0,
2026-09-24T13:12:00-04:00,4269.19,4270.08,4267.84,4269.04,4269.19,4270.08,4267.84,4269.04,0,0,4269.8034819998375,4271.274883974607,4268.569113936644,0,0,
2026-09-24T13:13:00-04:00,4269.02,4270.53,4268.89,4270.53,4269.02,4270.53,4268.89,4270.53,0,0,4270.045654666558,4271.168471978235,4268.6079433636405,0,0,
2026-09-24T13:14:00-04:00,4270.62,4271.77,4270.01,4271.1,4270.62,4271.77,4270.01,4271.1,0,0,4270.397103111039,4271.158690267059,4268.6572910198065,0,0,
2026-09-24T13:15:00-04:00,4271.12,4271.27,4267.26,4267.37,4271.12,4271.27,4267.26,4267.37,0,0,4269.388068740693,4270.617448800336,4268.631800108523,0,0,
2026-09-24T13:16:00-04:00,4267.37,4269.08,4267.34,4267.4,4267.37,4269.08,4267.34,4267.4,0,0,4268.725379160462,4270.157813257431,4268.607408027166,0,0,
2026-09-24T13:17:00-04:00,4267.39,4268.05,4265.95,4266.01,4267.39,4268.05,4265.95,4266.01,0,0,4267.820252773641,4269.56526850637,4268.555974204845,0,0,
2026-09-24T13:18:00-04:00,4265.99,4267.68,4265.38,4267.13,4265.99,4267.68,4265.38,4267.13,0,0,4267.5901685157605,4269.21737300546,4268.527737091878,0,0,
2026-09-24T13:19:00-04:00,4267.12,4267.31,4262.4,4262.58,4267.12,4267.31,4262.4,4262.58,0,0,4265.920112343841,4268.269176861823,4268.409960119762,0,0,
2026-09-24T13:20:00-04:00,4262.52,4265.42,4262.04,4264.17,4262.52,4265.42,4262.04,4264.17,0,0,4265.336741562561,4267.683580167277,4268.326000513431,0,0,
2026-09-24T13:21:00-04:00,4264.15,4265.82,4263.49,4264.32,4264.15,4265.82,4263.49,4264.32,0,0,4264.997827708374,4267.203068714809,4268.246673770591,0,0,
2026-09-24T13:22:00-04:00,4264.33,4265.69,4264.23,4264.43,4264.33,4265.69,4264.23,4264.43,0,0,4264.808551805582,4266.806916041265,4268.171096072163,0,0,
2026-09-24T13:23:00-04:00,4264.47,4264.47,4263.28,4263.42,4264.47,4264.47,4263.28,4263.42,0,0,4264.345701203722,4266.323070892513,4268.077014961823,0,0,
2026-09-24T13:24:00-04:00,4263.36,4264.39,4261.02,4261.41,4263.36,4264.39,4261.02,4261.41,0,0,4263.367134135814,4265.621203622154,4267.944994863569,0,0,
2026-09-24T13:25:00-04:00,4261.44,4262.58,4260.56,4261.51,4261.44,4262.58,4260.56,4261.51,0,0,4262.748089423876,4265.033888818989,4267.817569222707,0,0,
2026-09-24T13:26:00-04:00,4261.6,4261.63,4259.31,4260.14,4261.6,4261.63,4259.31,4260.14,0,0,4261.8787262825845,4264.334761844848,4267.66553814899,0,0,
2026-09-24T13:27:00-04:00,4260.13,4261.08,4259.84,4260.2,4260.13,4261.08,4259.84,4260.2,0,0,4261.319150855056,4263.744081581298,4267.5177057103965,0,0,
2026-09-24T13:28:00-04:00,4260.2,4263.16,4260.2,4262.13,4260.2,4263.16,4260.2,4262.13,0,0,4261.589433903371,4263.513498498255,4267.411018468607,0,0,
2026-09-24T13:29:00-04:00,4262.04,4263.29,4261.41,4263.14,4262.04,4263.29,4261.41,4263.14,0,0,4262.106289268914,4263.460141569933,4267.326443845466,0,0,
2026-09-24T13:30:00-04:00,4263.14,4264.44,4262.99,4263.99,4263.14,4264.44,4262.99,4263.99,0,0,4262.734192845943,4263.535835631371,4267.260375650507,0,0,
2026-09-24T13:31:00-04:00,4263.99,4265.5,4263.69,4264.49,4263.99,4265.5,4263.69,4264.49,0,0,4263.319461897295,4263.672144826889,4267.2055167267345,0,0,
2026-09-24T13:32:00-04:00,4264.49,4265.23,4263.48,4264.83,4264.49,4265.23,4263.48,4264.83,0,0,4263.822974598196,4263.837552708762,4267.158476791552,0,0,
2026-09-24T13:33:00-04:00,4264.78,4266.89,4264.1,4266.86,4264.78,4266.89,4264.1,4266.86,0,0,4264.835316398798,4264.269330893225,4267.152566360036,0,0,
2026-09-24T13:34:00-04:00,4266.87,4267.25,4263.1,4263.11,4266.87,4267.25,4263.1,4263.11,0,0,4264.260210932532,4264.103712194193,4267.0725155410255,0,0,
2026-09-24T13:35:00-04:00,4263.11,4263.93,4262.43,4262.86,4263.11,4263.93,4262.43,4262.86,0,0,4263.793473955021,4263.926039023594,4266.989099391698,0,0,
2026-09-24T13:36:00-04:00,4262.87,4263.84,4262.56,4263.28,4262.87,4263.84,4262.56,4263.28,0,0,4263.622315970014,4263.833747734509,4266.915651878991,0,0,
2026-09-24T13:37:00-04:00,4263.27,4263.41,4261.93,4262.12,4263.27,4263.41,4261.93,4262.12,0,0,4263.121543980009,4263.58892662958,4266.820688475447,0,0,
2026-09-24T13:38:00-04:00,4262.13,4263.18,4261.68,4261.97,4262.13,4263.18,4261.68,4261.97,0,0,4262.737695986672,4263.357651396783,4266.72463523831,0,0,
2026-09-24T13:39:00-04:00,4261.93,4262.92,4261.93,4262.36,4261.93,4262.92,4261.93,4262.36,0,0,4262.611797324448,4263.2151297686705,4266.638206817749,0,0,
2026-09-24T13:40:00-04:00,4262.36,4263.15,4262.01,4262.75,4262.36,4263.15,4262.01,4262.75,0,0,4262.657864882965,4263.148682658861,4266.561212623338,0,0,
2026-09-24T13:41:00-04:00,4262.77,4262.94,4260.78,4260.79,4262.77,4262.94,4260.78,4260.79,0,0,4262.03524325531,4262.811727993309,4266.446931185253,0,0,
2026-09-24T13:42:00-04:00,4260.8,4261.89,4260.63,4260.78,4260.8,4261.89,4260.63,4260.78,0,0,4261.6168288368735,4262.5214811371225,4266.334714726138,0,0,
2026-09-24T13:43:00-04:00,4260.78,4261.01,4258.95,4259.49,4260.78,4261.01,4258.95,4259.49,0,0,4260.907885891249,4262.088412403248,4266.1991758206705,0,0,
2026-09-24T13:44:00-04:00,4259.5,4259.65,4258.41,4259.03,4259.5,4259.65,4258.41,4259.03,0,0,4260.2819239274995,4261.651496345641,4266.0572119430335,0,0,
2026-09-24T13:45:00-04:00,4259.04,4259.48,4258.1,4259.03,4259.04,4259.48,4258.1,4259.03,0,0,4259.864615951667,4261.276996867692,4265.9180592312905,0,0,
2026-09-24T13:46:00-04:00,4259,4260.4,4258.89,4259.65,4259,4260.4,4258.89,4259.65,0,0,4259.793077301111,4261.044568743736,4265.793939246512,0,0,
2026-09-24T13:47:00-04:00,4259.64,4260.71,4258.96,4260.71,4259.64,4260.71,4258.96,4260.71,0,0,4260.098718200741,4260.996773208916,4265.693267182225,0,0,
2026-09-24T13:48:00-04:00,4260.75,4260.75,4258.13,4258.18,4260.75,4260.75,4258.13,4258.18,0,0,4259.459145467161,4260.594377036214,4265.54448961426,0,0,
2026-09-24T13:49:00-04:00,4258.18,4258.84,4258.01,4258.84,4258.18,4258.84,4258.01,4258.84,0,0,4259.252763644774,4260.343751745326,4265.41172744368,0,0,
2026-09-24T13:50:00-04:00,4258.81,4259.88,4258.39,4259.62,4258.81,4259.88,4258.39,4259.62,0,0,4259.375175763183,4260.240358638851,4265.297039771528,0,0,
2026-09-24T13:51:00-04:00,4259.73,4260.12,4258.61,4258.99,4259.73,4260.12,4258.61,4258.99,0,0,4259.246783842122,4260.061735976158,4265.172147894864,0,0,
2026-09-24T13:52:00-04:00,4258.99,4260.78,4258.96,4260.36,4258.99,4260.78,4258.96,4260.36,0,0,4259.617855894748,4260.104345122421,4265.07685783754,0,0,
2026-09-24T13:53:00-04:00,4260.35,4261.48,4259.87,4260.45,4260.35,4261.48,4259.87,4260.45,0,0,4259.895237263165,4260.153724390647,4264.985236890262,0,0,
2026-09-24T13:54:00-04:00,4260.38,4260.89,4259.6,4260.75,4260.38,4260.89,4259.6,4260.75,0,0,4260.1801581754435,4260.238906620554,4264.901370813227,0,0,
2026-09-24T13:55:00-04:00,4260.76,4262.07,4260.64,4261.18,4260.76,4262.07,4260.64,4261.18,1,0,4260.513438783629,4260.3733485319035,4264.827680302074,0,0,
2026-09-24T13:56:00-04:00,4261.18,4262.47,4260.96,4262.18,4261.18,4262.47,4260.96,4262.18,0,0,4261.068959189086,4260.6314415987745,4264.7752509891625,0,0,
2026-09-24T13:57:00-04:00,4262.19,4264.34,4261.61,4264.28,4262.19,4264.34,4261.61,4264.28,0,0,4262.139306126057,4261.152664227521,4264.765444038882,0,0,
2026-09-24T13:58:00-04:00,4264.28,4264.96,4263.72,4264.93,4264.28,4264.96,4263.72,4264.93,0,0,4263.069537417371,4261.69228362359,4264.7687025727655,0,0,
2026-09-24T13:59:00-04:00,4264.93,4265.99,4264.76,4264.85,4264.93,4265.99,4264.76,4264.85,0,0,4263.6630249449145,4262.143385963077,4264.77031242281,0,0,
2026-09-24T14:00:00-04:00,4264.85,4265.8,4263.68,4264.62,4264.85,4265.8,4263.68,4264.62,0,0,4263.982016629943,4262.497187968352,4264.76733593919,0,0,
2026-09-24T14:01:00-04:00,4264.63,4265.71,4260.5,4261.58,4264.63,4265.71,4260.5,4261.58,0,1,4263.181344419962,4262.36616111573,4264.7042203760375,0,0,
2026-09-24T14:02:00-04:00,4261.63,4261.94,4258.17,4258.95,4261.63,4261.94,4258.17,4258.95,0,0,4261.770896279975,4261.878138099198,4264.590275418096,0,0,
2026-09-24T14:03:00-04:00,4258.97,4259.76,4256.44,4256.66,4258.97,4259.76,4256.44,4256.66,0,0,4260.06726418665,4261.132689799312,4264.433240261302,0,0,
2026-09-24T14:04:00-04:00,4256.66,4258.29,4256.31,4257.91,4256.66,4258.29,4256.31,4257.91,0,0,4259.348176124434,4260.672305542267,4264.30406718682,0,0,
2026-09-24T14:05:00-04:00,4257.91,4259.84,4257.4,4258.45,4257.91,4259.84,4257.4,4258.45,0,0,4259.0487840829555,4260.354833321943,4264.188145064309,0,0,
2026-09-24T14:06:00-04:00,4258.43,4262.86,4258.18,4261.94,4258.43,4262.86,4258.18,4261.94,1,0,4260.0125227219705,4260.581285704523,4264.143627340263,0,0,
2026-09-24T14:07:00-04:00,4261.95,4262.68,4260.86,4262.1,4261.95,4262.68,4260.86,4262.1,0,0,4260.708348481314,4260.798244889591,4264.103159472139,0,0,
2026-09-24T14:08:00-04:00,4262.1,4263.4,4261.45,4261.67,4262.1,4263.4,4261.45,4261.67,0,0,4261.028898987543,4260.922781333935,4264.054978096453,0,0,
2026-09-24T14:09:00-04:00,4261.7,4263.19,4261.61,4262.55,4261.7,4263.19,4261.61,4262.55,0,0,4261.535932658362,4261.155241143373,4264.025176549989,0,0,
2026-09-24T14:10:00-04:00,4262.56,4265.26,4262.35,4265.1,4262.56,4265.26,4262.35,4265.1,0,0,4262.7239551055745,4261.718778122891,4264.0464601826625,0,0,
2026-09-24T14:11:00-04:00,4265.1,4267.6,4265.04,4267.01,4265.1,4267.6,4265.04,4267.01,0,0,4264.15263673705,4262.474666962478,4264.105144139441,0,0,
2026-09-24T14:12:00-04:00,4267.1,4269.35,4267.05,4267.54,4267.1,4269.35,4267.05,4267.54,0,0,4265.2817578246995,4263.198285967838,4264.173161087175,0,0,
2026-09-24T14:13:00-04:00,4267.64,4269.99,4267.5,4269.61,4267.64,4269.99,4267.5,4269.61,0,0,4266.724505216466,4264.11424511529,4264.280821263666,0,0,
2026-09-24T14:14:00-04:00,4269.6,4269.95,4268.58,4269.74,4269.6,4269.95,4268.58,4269.74,0,0,4267.729670144311,4264.917924384535,4264.3889238129,0,0,
2026-09-24T14:15:00-04:00,4269.75,4269.91,4267.94,4269.52,4269.75,4269.91,4267.94,4269.52,0,0,4268.326446762874,4265.575363758173,4264.490529281952,0,0,
2026-09-24T14:16:00-04:00,4269.52,4272.19,4269.27,4270.89,4269.52,4272.19,4269.27,4270.89,0,0,4269.180964508583,4266.334597507005,4264.6172514743885,0,0,
2026-09-24T14:17:00-04:00,4270.9,4271.29,4269.13,4270.31,4270.9,4271.29,4269.13,4270.31,0,0,4269.557309672389,4266.902512148861,4264.729979167965,0,0,
2026-09-24T14:18:00-04:00,4270.34,4271.41,4269.18,4269.18,4270.34,4271.41,4269.18,4269.18,0,0,4269.431539781593,4267.2278675561665,4264.818098392362,0,0,
2026-09-24T14:19:00-04:00,4269.21,4269.48,4268.45,4269.04,4269.21,4269.48,4268.45,4269.04,0,0,4269.301026521061,4267.486743619571,4264.901700404394,0,0,
2026-09-24T14:20:00-04:00,4269.07,4269.27,4267.14,4267.24,4269.07,4269.27,4267.14,4267.24,0,0,4268.614017680708,4267.451494531061,4264.948003366683,0,0,
2026-09-24T14:21:00-04:00,4267.24,4268.54,4267.11,4268.29,4267.24,4268.54,4267.11,4268.29,0,0,4268.506011787138,4267.571281026624,4265.014181517838,0,0,
2026-09-24T14:22:00-04:00,4268.28,4268.67,4267.82,4268.04,4268.28,4268.67,4267.82,4268.04,0,0,4268.350674524759,4267.638240879964,4265.074098715504,0,0,
2026-09-24T14:23:00-04:00,4268.04,4269.45,4267.56,4269.31,4268.04,4269.45,4267.56,4269.31,0,0,4268.670449683173,4267.877063611398,4265.15797794886,0,0,
2026-09-24T14:24:00-04:00,4269.31,4269.93,4268.61,4269.28,4269.31,4269.93,4268.61,4269.28,0,0,4268.873633122115,4268.077483095483,4265.239602147893,0,0,
2026-09-24T14:25:00-04:00,4269.25,4274.17,4268.68,4272.56,4269.25,4274.17,4268.68,4272.56,0,0,4270.102422081411,4268.717842653272,4265.384560521202,0,0,
2026-09-24T14:26:00-04:00,4272.61,4275.02,4272.61,4273.93,4272.61,4275.02,4272.61,4273.93,0,0,4271.378281387607,4269.4624365599475,4265.553777144544,0,0,
2026-09-24T14:27:00-04:00,4273.94,4274.37,4273.01,4273.01,4273.94,4274.37,4273.01,4273.01,0,0,4271.922187591738,4269.969231337098,4265.70142512188,0,0,
2026-09-24T14:28:00-04:00,4272.92,4274.86,4272.9,4274.29,4272.92,4274.86,4272.9,4274.29,0,0,4272.711458394492,4270.586484003226,4265.871495911546,0,0,
2026-09-24T14:29:00-04:00,4274.28,4275.46,4273.87,4274.67,4274.28,4275.46,4273.87,4274.67,0,0,4273.364305596328,4271.169843431337,4266.045723715278,0,0,
2026-09-24T14:30:00-04:00,4274.68,4276.95,4274.19,4275.88,4274.68,4276.95,4274.19,4275.88,0,0,4274.202870397552,4271.842722941145,4266.24046185953,0,0,
2026-09-24T14:31:00-04:00,4275.89,4275.97,4273.98,4274.35,4275.89,4275.97,4273.98,4274.35,0,0,4274.251913598368,4272.200905378125,4266.401046773203,0,0,
2026-09-24T14:32:00-04:00,4274.33,4274.38,4272.49,4272.57,4274.33,4274.38,4272.49,4272.57,0,0,4273.691275732245,4272.25363318125,4266.523204262843,0,0,
2026-09-24T14:33:00-04:00,4272.59,4273.94,4272.39,4272.47,4272.59,4273.94,4272.39,4272.47,0,0,4273.284183821497,4272.284542726786,4266.640962594272,0,0,
2026-09-24T14:34:00-04:00,4272.52,4272.53,4270.4,4270.51,4272.52,4272.53,4270.4,4270.51,0,0,4272.359455880998,4272.03103662296,4266.717577196366,0,0,
2026-09-24T14:35:00-04:00,4270.5,4270.66,4268.14,4268.39,4270.5,4270.66,4268.14,4268.39,0,0,4271.036303920666,4271.510888533965,4266.750694479606,0,0,
2026-09-24T14:36:00-04:00,4268.4,4269.25,4268.01,4268.02,4268.4,4269.25,4268.01,4268.02,0,0,4270.030869280444,4271.01219017197,4266.775829242386,0,0,
2026-09-24T14:37:00-04:00,4267.99,4269.69,4267.77,4269.48,4267.99,4269.69,4267.77,4269.48,0,0,4269.847246186962,4270.793305861689,4266.82937717818,0,0,
2026-09-24T14:38:00-04:00,4269.48,4277.87,4269.48,4277.74,4269.48,4277.87,4269.48,4277.74,0,0,4272.478164124642,4271.78569073859,4267.0454291152455,1,0,
2026-09-24T14:39:00-04:00,4277.92,4281.56,4277.21,4277.61,4277.92,4281.56,4277.21,4277.61,0,0,4274.188776083094,4272.617734918792,4267.254628538706,0,0,
2026-09-24T14:40:00-04:00,4277.63,4277.73,4272.86,4273.97,4277.63,4277.73,4272.86,4273.97,0,0,4274.1158507220625,4272.810915644679,4267.387606191405,0,0,
2026-09-24T14:41:00-04:00,4273.97,4275.02,4272.83,4274.76,4273.97,4275.02,4272.83,4274.76,0,0,4274.330567148042,4273.089356266868,4267.533594187615,0,0,
2026-09-24T14:42:00-04:00,4274.77,4274.83,4271.77,4272.33,4274.77,4274.83,4271.77,4272.33,0,0,4273.663711432028,4272.980876800172,4267.628572520533,0,0,
2026-09-24T14:43:00-04:00,4272.41,4272.44,4269.9,4271.17,4272.41,4272.44,4269.9,4271.17,0,0,4272.832474288019,4272.722180114433,4267.6986997973545,0,0,
2026-09-24T14:44:00-04:00,4271.17,4272.15,4271.17,4271.49,4271.17,4272.15,4271.17,4271.49,0,0,4272.384982858679,4272.5461543838,4267.773775048892,0,0,
2026-09-24T14:45:00-04:00,4271.51,4272.57,4270.82,4271.5,4271.51,4272.57,4270.82,4271.5,0,0,4272.089988572453,4272.396703757543,4267.847561681588,0,0,
2026-09-24T14:46:00-04:00,4271.48,4272.23,4271.05,4271.77,4271.48,4272.23,4271.05,4271.77,0,0,4271.9833257149685,4272.307174649322,4267.925233727497,0,0,
2026-09-24T14:47:00-04:00,4271.7,4271.85,4270.47,4270.73,4271.7,4271.85,4270.47,4270.73,0,0,4271.5655504766455,4272.081863985133,4267.980773653685,0,0,
2026-09-24T14:48:00-04:00,4270.71,4272.3,4270.71,4272.26,4270.71,4272.3,4270.71,4272.26,0,0,4271.797033651097,4272.107311987257,4268.065510809058,0,0,
2026-09-24T14:49:00-04:00,4272.24,4272.76,4271.45,4272.67,4272.24,4272.76,4271.45,4272.67,0,0,4272.088022434064,4272.187695989078,4268.156688812839,0,0,
2026-09-24T14:50:00-04:00,4272.69,4276.94,4272.29,4276.51,4272.69,4276.94,4272.29,4276.51,0,0,4273.562014956043,4272.805167990638,4268.322100915555,1,0,
2026-09-24T14:51:00-04:00,4276.54,4276.57,4273.25,4274.56,4276.54,4276.57,4273.25,4274.56,0,0,4273.894676637362,4273.05585827769,4268.445623669702,0,0,0
2026-09-24T14:52:00-04:00,4274.55,4275.3,4274.27,4275.05,4274.55,4275.3,4274.27,4275.05,0,0,4274.279784424908,4273.340735666592,4268.576403399015,0,0,1
2026-09-24T14:53:00-04:00,4274.98,4274.98,4273.29,4273.31,4274.98,4274.98,4273.29,4273.31,0,0,4273.9565229499385,4273.336344857079,4268.670137985174,0,0,2
2026-09-24T14:54:00-04:00,4273.32,4274.29,4273.18,4273.42,4273.32,4274.29,4273.18,4273.42,0,0,4273.777681966626,4273.348295591782,4268.764194658735,0,0,3
2026-09-24T14:55:00-04:00,4273.45,4274.52,4273.44,4273.79,4273.45,4274.52,4273.44,4273.79,0,0,4273.78178797775,4273.411396221527,4268.863715556581,0,0,
2026-09-24T14:56:00-04:00,4273.78,4274.88,4273.77,4274.33,4273.78,4274.88,4273.77,4274.33,0,0,4273.9645253185,4273.542625332738,4268.971958812886,0,0,
2026-09-24T14:57:00-04:00,4274.33,4274.67,4273.39,4273.44,4274.33,4274.67,4273.39,4273.44,0,0,4273.789683545667,4273.527964570918,4269.060434875998,0,0,
2026-09-24T14:58:00-04:00,4273.44,4274.82,4273.23,4273.27,4273.44,4274.82,4273.23,4273.27,0,0,4273.616455697112,4273.491112489358,4269.143792601226,0,0,
2026-09-24T14:59:00-04:00,4273.28,4273.81,4271.45,4271.93,4273.28,4273.81,4271.45,4271.93,0,0,4273.054303798074,4273.26809641945,4269.198965024964,0,0,
2026-09-24T15:00:00-04:00,4271.93,4272.6,4270.83,4271.9,4271.93,4272.6,4270.83,4271.9,0,0,4272.669535865382,4273.072654073814,4269.2524508660545,0,0,
2026-09-24T15:01:00-04:00,4271.88,4272.3,4268.28,4269.85,4271.88,4272.3,4268.28,4269.85,0,1,4271.729690576922,4272.612274920412,4269.264283522172,0,0,
2026-09-24T15:02:00-04:00,4269.84,4270.63,4268.3,4268.78,4269.84,4270.63,4268.3,4268.78,0,0,4270.746460384615,4272.064807074639,4269.254693749456,0,0,
2026-09-24T15:03:00-04:00,4268.76,4269.71,4267.08,4267.12,4268.76,4269.71,4267.08,4267.12,0,0,4269.53764025641,4271.358406063977,4269.212422586101,0,0,
2026-09-24T15:04:00-04:00,4267.11,4268.42,4267.02,4268.4,4267.11,4268.42,4267.02,4268.4,0,0,4269.158426837606,4270.935776626266,4269.196335010139,0,0,
2026-09-24T15:05:00-04:00,4268.41,4268.86,4268.17,4268.56,4268.41,4268.86,4268.17,4268.56,0,0,4268.958951225071,4270.596379965371,4269.183734316869,0,0,
2026-09-24T15:06:00-04:00,4268.53,4270.37,4268.31,4269.6,4268.53,4270.37,4268.31,4269.6,0,0,4269.172634150048,4270.454039970318,4269.191977201684,0,0,
2026-09-24T15:07:00-04:00,4269.47,4270.41,4268.82,4269.78,4269.47,4270.41,4268.82,4269.78,0,0,4269.375089433365,4270.357748545987,4269.203621217492,0,0,
2026-09-24T15:08:00-04:00,4269.76,4269.95,4269.2,4269.76,4269.76,4269.95,4269.2,4269.76,0,0,4269.503392955577,4270.272355896561,4269.214638619125,0,0,
2026-09-24T15:09:00-04:00,4269.74,4269.8,4268.77,4269.79,4269.74,4269.8,4268.77,4269.79,0,0,4269.598928637051,4270.203447911338,4269.226031913796,0,0,
2026-09-24T15:10:00-04:00,4269.79,4269.79,4268.23,4268.29,4269.79,4269.79,4268.23,4268.29,0,0,4269.162619091368,4269.930098209718,4269.207496628374,0,0,
2026-09-24T15:11:00-04:00,4268.3,4268.55,4267.47,4267.94,4268.3,4268.55,4267.47,4267.94,0,0,4268.755079394245,4269.645798465473,4269.182397685238,0,0,
2026-09-24T15:12:00-04:00,4267.95,4268.69,4267.95,4268.57,4267.95,4268.69,4267.95,4268.57,0,0,4268.693386262829,4269.492112970405,4269.170270998402,0,0,
2026-09-24T15:13:00-04:00,4268.58,4269.38,4268.2,4268.94,4268.58,4269.38,4268.2,4268.94,0,0,4268.775590841886,4269.413239688919,4269.165711176652,0,0,
2026-09-24T15:14:00-04:00,4268.92,4269.06,4267.46,4267.66,4268.92,4269.06,4267.46,4267.66,0,0,4268.403727227924,4269.162776876216,4269.135895113748,0,0,
2026-09-24T15:15:00-04:00,4267.65,4269.58,4267.62,4269.58,4267.65,4269.58,4267.62,4269.58,0,0,4268.795818151949,4269.222380179614,4269.144689269911,0,0,
2026-09-24T15:16:00-04:00,4269.58,4270.26,4269.15,4270.26,4269.58,4270.26,4269.15,4270.26,0,0,4269.283878767966,4269.370611582527,4269.166774630903,0,0,
2026-09-24T15:17:00-04:00,4270.26,4270.97,4269.82,4270.57,4270.26,4270.97,4269.82,4270.57,1,0,4269.71258584531,4269.541952785024,4269.1945612718755,1,0,
2026-09-24T15:18:00-04:00,4270.56,4271.36,4270.4,4271.09,4270.56,4271.36,4270.4,4271.09,0,0,4270.171723896873,4269.763102387163,4269.232094712036,0,0,
2026-09-24T15:19:00-04:00,4271.05,4271.28,4269.83,4271.05,4271.05,4271.28,4269.83,4271.05,0,0,4270.464482597916,4269.946944903282,4269.26809283655,0,0,
2026-09-24T15:20:00-04:00,4271.05,4271.64,4269.55,4269.55,4271.05,4271.64,4269.55,4269.55,0,0,4270.159655065278,4269.890238488528,4269.273675156618,0,0,
2026-09-24T15:21:00-04:00,4269.5,4271.49,4269.44,4271.07,4269.5,4271.49,4269.44,4271.07,0,0,4270.463103376852,4270.058775847309,4269.309245945596,0,0,
2026-09-24T15:22:00-04:00,4271.08,4271.93,4270.72,4271.69,4271.08,4271.93,4270.72,4271.69,0,0,4270.872068917901,4270.291807869122,4269.356389590237,0,0,
2026-09-24T15:23:00-04:00,4271.64,4273.2,4270.95,4273.18,4271.64,4273.2,4270.95,4273.18,0,0,4271.641379278601,4270.7044067449615,4269.432104647856,0,0,
2026-09-24T15:24:00-04:00,4273.16,4274.6,4272.84,4274.52,4273.16,4274.6,4272.84,4274.52,0,0,4272.600919519067,4271.2494914956815,4269.532855050869,0,0,
2026-09-24T15:25:00-04:00,4274.52,4275.89,4274.48,4275.46,4274.52,4275.89,4274.48,4275.46,0,0,4273.5539463460445,4271.850992710584,4269.650224257783,0,0,
2026-09-24T15:26:00-04:00,4275.46,4275.53,4274.62,4275.24,4275.46,4275.53,4274.62,4275.24,0,0,4274.115964230697,4272.335136609072,4269.760912886341,0,0,
2026-09-24T15:27:00-04:00,4275.21,4275.21,4273.45,4273.84,4275.21,4275.21,4273.45,4273.84,0,0,4274.023976153798,4272.55011709349,4269.841686888592,0,0,
2026-09-24T15:28:00-04:00,4273.83,4273.93,4272.94,4272.95,4273.83,4273.93,4272.94,4272.95,0,0,4273.665984102532,4272.607243222992,4269.903237643274,0,0,
2026-09-24T15:29:00-04:00,4272.96,4273.11,4271.62,4272.24,4272.96,4273.11,4271.62,4272.24,0,0,4273.190656068355,4272.554779905422,4269.949510165189,0,0,
2026-09-24T15:30:00-04:00,4272.2,4272.97,4271.47,4272.07,4272.2,4272.97,4271.47,4272.07,0,0,4272.81710404557,4272.4855256332185,4269.991500062908,0,0,
2026-09-24T15:31:00-04:00,4272.05,4273.05,4271.58,4272.88,4272.05,4273.05,4271.58,4272.88,0,0,4272.838069363714,4272.541879114187,4270.048698081464,0,0,
2026-09-24T15:32:00-04:00,4272.87,4272.87,4271.59,4272.1,4272.87,4272.87,4271.59,4272.1,0,0,4272.592046242476,4272.478753526447,4270.089317921435,0,0,
2026-09-24T15:33:00-04:00,4272.1,4272.79,4272.07,4272.79,4272.1,4272.79,4272.07,4272.79,0,0,4272.658030828317,4272.523217308383,4270.142796774477,0,0,
2026-09-24T15:34:00-04:00,4272.76,4273.15,4271.49,4273.02,4272.76,4273.15,4271.49,4273.02,0,1,4272.778687218878,4272.5941862643285,4270.199771095774,0,0,
2026-09-24T15:35:00-04:00,4273.02,4273.02,4271.69,4272.19,4273.02,4273.02,4271.69,4272.19,0,0,4272.582458145918,4272.536445369425,4270.239181569125,0,0,
2026-09-24T15:36:00-04:00,4272.19,4273.57,4272.19,4272.43,4272.19,4273.57,4272.19,4272.43,1,0,4272.531638763946,4272.521238888078,4270.282564112311,0,0,
2026-09-24T15:37:00-04:00,4272.41,4272.67,4271.81,4272.63,4272.41,4272.67,4271.81,4272.63,0,1,4272.564425842631,4272.536776189781,4270.329047991275,0,0,
2026-09-24T15:38:00-04:00,4272.63,4273.23,4272.33,4272.81,4272.63,4273.23,4272.33,4272.81,1,0,4272.646283895087,4272.57580816267,4270.378175753824,0,0,
2026-09-24T15:39:00-04:00,4272.82,4275.62,4272.79,4275.57,4272.82,4275.62,4272.79,4275.57,0,0,4273.6208559300585,4273.003549853717,4270.480984154738,0,0,
2026-09-24T15:40:00-04:00,4275.63,4275.71,4274.13,4274.14,4275.63,4275.71,4274.13,4274.14,0,0,4273.793903953372,4273.165899874615,4270.55343991405,0,0,
2026-09-24T15:41:00-04:00,4274.13,4274.72,4273.87,4273.93,4274.13,4274.72,4273.87,4273.93,0,0,4273.839269302248,4273.275057035385,4270.620302490009,0,0,
2026-09-24T15:42:00-04:00,4273.93,4274.81,4273.68,4274.57,4273.93,4274.81,4273.68,4274.57,0,0,4274.082846201499,4273.460048887472,4270.69851432189,0,0,
2026-09-24T15:43:00-04:00,4274.46,4275.54,4274.41,4275.48,4274.46,4275.54,4274.41,4275.48,0,0,4274.548564134332,4273.748613332119,4270.793197206605,0,0,
2026-09-24T15:44:00-04:00,4275.48,4275.68,4274.47,4274.49,4275.48,4275.68,4274.47,4274.49,0,0,4274.529042756221,4273.854525713245,4270.866401222316,0,0,
2026-09-24T15:45:00-04:00,4274.47,4275.29,4273.78,4273.86,4274.47,4275.29,4273.78,4273.86,0,0,4274.306028504147,4273.855307754209,4270.925680406032,0,0,
2026-09-24T15:46:00-04:00,4273.85,4275.18,4273.45,4275.18,4273.85,4275.18,4273.45,4275.18,0,0,4274.597352336098,4274.044549503608,4271.009924358388,0,0,
2026-09-24T15:47:00-04:00,4275.17,4275.9,4274.97,4275.49,4275.17,4275.9,4274.97,4275.49,0,0,4274.894901557399,4274.251042431664,4271.098638727529,0,0,
2026-09-24T15:48:00-04:00,4275.49,4275.63,4273.81,4274.28,4275.49,4275.63,4273.81,4274.28,0,0,4274.6899343715995,4274.255179227141,4271.161635980449,0,0,
2026-09-24T15:49:00-04:00,4274.31,4274.78,4273.64,4273.66,4274.31,4274.78,4273.64,4273.66,0,0,4274.3466229144,4274.170153623263,4271.211108535292,0,0,
2026-09-24T15:50:00-04:00,4273.66,4274.29,4272.77,4273.2,4273.66,4274.29,4272.77,4273.2,0,1,4273.964415276267,4274.031560248512,4271.250492524692,0,0,
2026-09-24T15:51:00-04:00,4273.2,4274.21,4273.2,4273.94,4273.2,4274.21,4273.2,4273.94,0,0,4273.956276850844,4274.01848021301,4271.303750098461,0,0,
2026-09-24T15:52:00-04:00,4273.93,4274.49,4273.5,4274.45,4273.93,4274.49,4273.5,4274.45,0,0,4274.120851233896,4274.080125896866,4271.366052076709,1,0,
2026-09-24T15:53:00-04:00,4274.48,4274.52,4273.55,4274.14,4274.48,4274.52,4273.55,4274.14,0,0,4274.127234155931,4274.0886793401705,4271.420981738556,0,0,0
2026-09-24T15:54:00-04:00,4274.14,4275.03,4273.91,4274.89,4274.14,4275.03,4273.91,4274.89,1,0,4274.381489437287,4274.2031537201465,4271.489675169476,0,0,
2026-09-24T15:55:00-04:00,4274.89,4275.16,4273.84,4274.2,4274.89,4275.16,4273.84,4274.2,0,0,4274.320992958192,4274.202703188697,4271.5433449681,0,0,
2026-09-24T15:56:00-04:00,4274.2,4274.82,4273.59,4274.66,4274.2,4274.82,4273.59,4274.66,0,0,4274.433995305461,4274.268031304598,4271.605060909326,0,0,
2026-09-24T15:57:00-04:00,4274.67,4274.67,4273.44,4273.5,4274.67,4274.67,4273.44,4273.5,0,1,4274.122663536974,4274.158312546798,4271.642584455676,0,0,
2026-09-24T15:58:00-04:00,4273.52,4273.62,4272.62,4272.85,4273.52,4273.62,4272.62,4272.85,0,0,4273.6984423579825,4273.971410754398,4271.6664936743755,0,0,
2026-09-24T15:59:00-04:00,4272.84,4273.92,4272.51,4273.83,4272.84,4273.92,4272.51,4273.83,0,0,4273.742294905322,4273.951209218055,4271.709335383794,0,0,
2026-09-24T16:00:00-04:00,4273.85,4274.53,4273.51,4273.71,4273.85,4274.53,4273.51,4273.71,1,0,4273.731529936881,4273.9167507583325,4271.748952504907,0,0,
2026-09-24T16:01:00-04:00,4273.72,4273.84,4272.84,4273.03,4273.72,4273.84,4272.84,4273.03,0,1,4273.497686624587,4273.790072078571,4271.774319782037,0,0,
2026-09-24T16:02:00-04:00,4273.03,4273.12,4271.77,4271.95,4273.03,4273.12,4271.77,4271.95,0,0,4272.981791083058,4273.527204638775,4271.777798598235,0,0,
2026-09-24T16:03:00-04:00,4271.96,4272.72,4271.33,4272.72,4271.96,4272.72,4271.33,4272.72,0,0,4272.894527388706,4273.411889690379,4271.796456051735,0,0,
2026-09-24T16:04:00-04:00,4272.72,4273.02,4271.76,4272.13,4272.72,4273.02,4271.76,4272.13,0,0,4272.6396849258035,4273.228762591753,4271.803060882394,0,0,
2026-09-24T16:05:00-04:00,4272.13,4272.56,4271.54,4271.6,4272.13,4272.56,4271.54,4271.6,0,0,4272.293123283869,4272.996082221503,4271.799039874822,0,0,
2026-09-24T16:06:00-04:00,4271.58,4272.23,4271.56,4272.23,4271.58,4272.23,4271.56,4272.23,0,0,4272.272082189246,4272.886641904145,4271.807573738686,0,0,
2026-09-24T16:07:00-04:00,4272.22,4272.46,4271.81,4271.93,4272.22,4272.46,4271.81,4271.93,0,0,4272.158054792831,4272.749978774981,4271.809998021088,0,0,
2026-09-24T16:08:00-04:00,4271.94,4272.36,4271.53,4271.65,4271.94,4272.36,4271.53,4271.65,0,0,4271.98870319522,4272.592838949984,4271.806829743443,0,0,
2026-09-24T16:09:00-04:00,4271.65,4271.91,4270.23,4270.56,4271.65,4271.91,4270.23,4270.56,0,0,4271.512468796814,4272.302433385701,4271.782140045553,0,0,
2026-09-24T16:10:00-04:00,4270.57,4272.34,4270.52,4272.29,4270.57,4272.34,4270.52,4272.29,0,0,4271.771645864543,4272.300657187744,4271.792196678314,0,0,
2026-09-24T16:11:00-04:00,4272.29,4272.57,4271.5,4272.37,4272.29,4272.57,4271.5,4272.37,0,0,4271.971097243028,4272.31056330378,4271.803638328249,0,0,
2026-09-24T16:12:00-04:00,4272.56,4272.97,4271.34,4271.47,4272.56,4272.97,4271.34,4271.47,0,0,4271.804064828686,4272.190482831812,4271.797031628679,0,0,
2026-09-24T16:13:00-04:00,4271.47,4271.75,4270.9,4270.9,4271.47,4271.75,4270.9,4270.9,0,0,4271.502709885791,4272.006128141553,4271.779268626131,0,0,
2026-09-24T16:14:00-04:00,4270.9,4270.93,4269.82,4269.92,4270.9,4270.93,4269.82,4269.92,0,0,4270.97513992386,4271.708109835617,4271.742451425614,0,0,
2026-09-24T16:15:00-04:00,4269.86,4270.68,4268.76,4268.83,4269.86,4270.68,4268.76,4268.83,0,0,4270.2600932825735,4271.296951287672,4271.684779120156,0,0,
2026-09-24T16:16:00-04:00,4268.83,4269.6,4268.35,4268.37,4268.83,4269.6,4268.35,4268.37,0,0,4269.630062188382,4270.878815389433,4271.619139929658,0,0,
2026-09-24T16:17:00-04:00,4268.35,4268.51,4266.26,4266.38,4268.35,4268.51,4266.26,4266.38,0,0,4268.546708125588,4270.236127476657,4271.515394584516,0,0,
2026-09-24T16:18:00-04:00,4266.36,4266.5,4264.97,4265.72,4266.36,4266.5,4264.97,4265.72,0,0,4267.604472083725,4269.590966408563,4271.400634295714,0,0,
2026-09-24T16:19:00-04:00,4265.75,4265.84,4265.22,4265.34,4265.75,4265.84,4265.22,4265.34,0,0,4266.849648055817,4268.983685493054,4271.280621735403,0,0,
2026-09-24T16:20:00-04:00,4265.37,4265.38,4264.57,4264.78,4265.37,4265.38,4264.57,4264.78,0,0,4266.159765370545,4268.3831589940455,4271.151896552524,0,0,
2026-09-24T16:21:00-04:00,4264.77,4265.76,4264.77,4265.71,4264.77,4265.76,4264.77,4265.71,0,0,4266.009843580363,4268.001279137753,4271.044136224751,0,0,
2026-09-24T16:22:00-04:00,4265.73,4265.92,4264.83,4264.99,4265.73,4265.92,4264.83,4264.99,0,0,4265.669895720242,4267.571096403788,4270.924252339112,0,0,
2026-09-24T16:23:00-04:00,4265,4265.79,4264.57,4265.76,4265,4265.79,4264.57,4265.76,0,0,4265.699930480161,4267.312368346104,4270.821989916555,0,0,
2026-09-24T16:24:00-04:00,4265.76,4266.88,4265.41,4265.91,4265.76,4266.88,4265.41,4265.91,0,0,4265.769953653441,4267.112030010947,4270.724722789495,0,0,
2026-09-24T16:25:00-04:00,4265.91,4266.73,4265.09,4266.61,4265.91,4266.73,4265.09,4266.61,0,0,4266.049969102294,4267.040311437954,4270.643243130297,0,0,
2026-09-24T16:26:00-04:00,4266.59,4266.6,4265.39,4265.6,4266.59,4266.6,4265.39,4265.6,0,0,4265.89997940153,4266.834552661104,4270.543376929698,0,0,
2026-09-24T16:27:00-04:00,4265.64,4266.07,4265.12,4265.37,4265.64,4266.07,4265.12,4265.37,0,0,4265.72331960102,4266.625330852375,4270.440933822179,0,0,
2026-09-24T16:28:00-04:00,4265.37,4265.64,4265.09,4265.2,4265.37,4265.64,4265.09,4265.2,0,0,4265.548879734013,4266.421712159178,4270.337152954414,0,0,
2026-09-24T16:29:00-04:00,4265.21,4265.7,4264.49,4265.5,4265.21,4265.7,4264.49,4265.5,0,0,4265.532586489342,4266.290038993581,4270.241367747396,0,0,
2026-09-24T16:30:00-04:00,4265.47,4266.31,4265.12,4266.19,4265.47,4266.31,4265.12,4266.19,0,0,4265.751724326228,4266.2757477087835,4270.161142643487,0,0,
2026-09-24T16:31:00-04:00,4266.17,4266.34,4265.73,4266.13,4266.17,4266.34,4265.73,4266.13,0,0,4265.877816217486,4266.254926607528,4270.081318036686,0,0,
2026-09-24T16:32:00-04:00,4266.14,4267.26,4266.06,4266.88,4266.14,4267.26,4266.06,4266.88,0,0,4266.211877478324,4266.344222806453,4270.017925600316,0,0,
2026-09-24T16:33:00-04:00,4266.86,4267.15,4266.64,4266.85,4266.86,4267.15,4266.64,4266.85,0,0,4266.42458498555,4266.416476691245,4269.95519440031,0,0,
2026-09-24T16:34:00-04:00,4266.87,4267.04,4266.64,4266.91,4266.87,4267.04,4266.64,4266.91,0,0,4266.586389990366,4266.486980021067,4269.894893521096,0,0,
2026-09-24T16:35:00-04:00,4266.91,4267.64,4266.71,4267.22,4266.91,4267.64,4266.71,4267.22,0,0,4266.797593326911,4266.591697160915,4269.841925332559,0,0,
2026-09-24T16:36:00-04:00,4267.23,4267.26,4266.64,4267.08,4267.23,4267.26,4266.64,4267.08,0,0,4266.891728884607,4266.661454709356,4269.787233741816,0,0,
2026-09-24T16:37:00-04:00,4267.07,4267.24,4266.13,4266.45,4267.07,4267.24,4266.13,4266.45,0,0,4266.744485923071,4266.631246893734,4269.721149905344,0,0,
2026-09-24T16:38:00-04:00,4266.46,4268.11,4266.37,4268.11,4266.46,4268.11,4266.37,4268.11,1,0,4267.199657282047,4266.842497337486,4269.689245946822,0,0,
2026-09-24T16:39:00-04:00,4268.11,4268.82,4267.79,4268.82,4268.11,4268.82,4267.79,4268.82,0,0,4267.739771521365,4267.124997717845,4269.672033155795,0,0,
2026-09-24T16:40:00-04:00,4268.89,4270.74,4268.71,4270.71,4268.89,4270.74,4268.71,4270.71,0,0,4268.72984768091,4267.63714090101,4269.69258695469,0,0,
2026-09-24T16:41:00-04:00,4270.71,4270.71,4269.29,4269.59,4270.71,4270.71,4269.29,4269.59,0,0,4269.016565120607,4267.916120772295,4269.690555529845,0,0,
2026-09-24T16:42:00-04:00,4269.59,4270.24,4269.57,4269.99,4269.59,4270.24,4269.57,4269.99,0,0,4269.341043413738,4268.212389233396,4269.696485123313,0,0,
2026-09-24T16:43:00-04:00,4270.05,4271.47,4269.76,4271.47,4270.05,4271.47,4269.76,4271.47,0,0,4270.0506956091585,4268.677762200054,4269.7316042297825,0,0,
2026-09-24T16:44:00-04:00,4271.49,4271.58,4270.78,4270.81,4271.49,4271.58,4270.78,4270.81,0,0,4270.303797072773,4268.982367600046,4269.75295860147,0,0,
2026-09-24T16:45:00-04:00,4270.81,4272.68,4270.81,4271.57,4270.81,4272.68,4270.81,4271.57,0,0,4270.725864715182,4269.352029371468,4269.788939619262,0,0,
2026-09-24T16:46:00-04:00,4271.58,4271.58,4270.37,4271.01,4271.58,4271.58,4270.37,4271.01,0,0,4270.820576476788,4269.588882318401,4269.813119032742,0,0,
2026-09-24T16:47:00-04:00,4270.97,4271.78,4270.92,4271.15,4270.97,4271.78,4270.92,4271.15,0,0,4270.930384317859,4269.811899130058,4269.8395919231825,0,0,
2026-09-24T16:48:00-04:00,4271.15,4271.77,4270.51,4271.65,4271.15,4271.77,4270.51,4271.65,0,0,4271.170256211905,4270.074484968621,4269.87544158807,0,0,
2026-09-24T16:49:00-04:00,4271.66,4272.09,4271.64,4271.76,4271.66,4272.09,4271.64,4271.76,0,0,4271.366837474604,4270.315272830247,4269.912759576426,0,0,
2026-09-24T16:50:00-04:00,4271.76,4272.18,4271.2,4271.65,4271.76,4272.18,4271.2,4271.65,0,0,4271.461224983069,4270.505948140211,4269.9471603768925,0,0,
2026-09-24T16:51:00-04:00,4271.64,4272.19,4271.45,4271.94,4271.64,4272.19,4271.45,4271.94,0,0,4271.620816655379,4270.71081269161,4269.986622547647,0,0,
2026-09-24T16:52:00-04:00,4271.95,4272.05,4271.56,4271.75,4271.95,4272.05,4271.56,4271.75,0,0,4271.663877770253,4270.85926802138,4270.021540913041,0,0,
2026-09-24T16:53:00-04:00,4271.75,4271.83,4271.34,4271.79,4271.75,4271.83,4271.34,4271.79,0,0,4271.705918513502,4270.992229732611,4270.056559904861,0,0,
2026-09-24T16:54:00-04:00,4271.9,4272.96,4271.63,4272.96,4271.9,4272.96,4271.63,4272.96,0,0,4272.123945675668,4271.27333977081,4270.114053768131,0,0,
2026-09-24T16:55:00-04:00,4272.96,4274.59,4272.73,4274.11,4272.96,4274.59,4272.73,4274.11,0,0,4272.785963783779,4271.678576946409,4270.193181416287,0,0,
2026-09-24T16:56:00-04:00,4274.1,4274.21,4273.57,4274.07,4274.1,4274.21,4273.57,4274.07,0,0,4273.213975855852,4272.020208811207,4270.269950101113,0,0,
2026-09-24T16:57:00-04:00,4274.07,4275.2,4273.98,4274.6,4274.07,4275.2,4273.98,4274.6,0,0,4273.675983903901,4272.3887504096065,4270.355693663467,0,0,
2026-09-24T18:00:00-04:00,4276.25,4276.53,4272.23,4274.49,4276.25,4276.53,4272.23,4274.49,0,0,4273.947322602601,4272.68892892252,4270.437561115676,0,0,
2026-09-24T18:01:00-04:00,4274.47,4275.16,4273.1,4275,4274.47,4275.16,4273.1,4275,0,0,4274.298215068401,4273.0190819335885,4270.5279064401175,0,0,
2026-09-24T18:02:00-04:00,4275,4275.63,4274.06,4274.58,4275,4275.63,4274.06,4274.58,0,0,4274.392143378934,4273.24207022879,4270.608145916551,0,0,
2026-09-24T18:03:00-04:00,4274.64,4275.83,4274.59,4275.12,4274.64,4275.83,4274.59,4275.12,0,0,4274.634762252623,4273.510345910391,4270.697489561768,0,0,
2026-09-24T18:04:00-04:00,4275.11,4275.56,4274.28,4274.34,4275.11,4275.56,4274.28,4274.34,0,0,4274.536508168415,4273.628867923192,4270.769618481337,0,0,
2026-09-24T18:05:00-04:00,4274.49,4274.51,4271.91,4272.17,4274.49,4274.51,4271.91,4272.17,0,1,4273.747672112277,4273.420458219879,4270.797348808439,0,0,
2026-09-24T18:06:00-04:00,4272.23,4273.38,4272.17,4272.5,4272.23,4273.38,4272.17,4272.5,0,0,4273.331781408185,4273.288964188468,4270.831064673618,0,0,
2026-09-24T18:07:00-04:00,4272.51,4273.22,4272.05,4273.13,4272.51,4273.22,4272.05,4273.13,0,0,4273.26452093879,4273.266255018687,4270.876588145427,0,0,
2026-09-24T18:08:00-04:00,4273.14,4273.28,4272.49,4272.5,4273.14,4273.28,4272.49,4272.5,0,0,4273.00968062586,4273.156790016017,4270.908734914825,0,0,
2026-09-24T18:09:00-04:00,4272.52,4272.67,4271.6,4271.98,4272.52,4272.67,4271.6,4271.98,0,0,4272.666453750573,4272.988677156586,4270.9299480848285,0,0,
2026-09-24T18:10:00-04:00,4271.99,4272.05,4270.83,4271.45,4271.99,4272.05,4270.83,4271.45,0,0,4272.260969167049,4272.768866134216,4270.940246142554,0,0,
2026-09-24T18:11:00-04:00,4271.45,4271.52,4270.51,4270.8,4271.45,4271.52,4270.51,4270.8,0,0,4271.773979444699,4272.487599543614,4270.9374689912165,0,0,
2026-09-24T18:12:00-04:00,4270.79,4271.33,4270.68,4270.79,4270.79,4271.33,4270.68,4270.79,0,0,4271.445986296466,4272.245085323098,4270.934548813173,0,0,
2026-09-24T18:13:00-04:00,4270.79,4271.06,4270.47,4270.77,4270.79,4271.06,4270.47,4270.77,0,0,4271.220657530977,4272.034358848369,4270.931290420833,0,0,
2026-09-24T18:14:00-04:00,4270.77,4271.35,4270.25,4270.43,4270.77,4271.35,4270.25,4270.43,0,0,4270.957105020651,4271.805164727174,4270.921363877846,0,0,
2026-09-24T18:15:00-04:00,4270.43,4270.96,4270.37,4270.58,4270.43,4270.96,4270.37,4270.58,0,0,4270.831403347101,4271.630141194721,4270.914604197096,0,0,
2026-09-24T18:16:00-04:00,4270.58,4270.8,4270.05,4270.29,4270.58,4270.8,4270.05,4270.29,0,0,4270.650935564734,4271.438692452618,4270.9022357971535,0,0,
2026-09-24T18:17:00-04:00,4270.29,4270.73,4270.11,4270.18,4270.29,4270.73,4270.11,4270.18,0,0,4270.493957043156,4271.2588792451015,4270.8879340982,0,0,
2026-09-24T18:18:00-04:00,4270.18,4270.18,4269.34,4269.36,4270.18,4270.18,4269.34,4269.36,0,0,4270.115971362104,4270.987610781515,4270.857677977444,0,0,
2026-09-24T18:19:00-04:00,4269.36,4269.43,4268.23,4268.43,4269.36,4269.43,4268.23,4268.43,0,0,4269.553980908069,4270.622237812728,4270.809605146207,0,0,
2026-09-24T18:20:00-04:00,4268.43,4269.15,4268.09,4269.06,4268.43,4269.15,4268.09,4269.06,0,0,4269.38932060538,4270.399060982338,4270.774959499748,0,0,
2026-09-24T18:21:00-04:00,4269.07,4269.5,4268.14,4268.21,4269.07,4269.5,4268.14,4268.21,0,0,4268.99621373692,4270.086337984861,4270.724168222525,0,0,
2026-09-24T18:22:00-04:00,4268.21,4268.99,4267.87,4268.99,4268.21,4268.99,4267.87,4268.99,0,0,4268.99414249128,4269.929718272738,4270.689828257722,0,0,
2026-09-24T18:23:00-04:00,4269,4269.08,4268.43,4269.05,4269,4269.08,4268.43,4269.05,0,0,4269.012761660853,4269.804044233775,4270.657356411035,0,0,
2026-09-24T18:24:00-04:00,4269.03,4270.17,4269.03,4270.1,4269.03,4270.17,4269.03,4270.1,0,0,4269.375174440569,4269.84632362895,4270.64631965042,0,0,
2026-09-24T18:25:00-04:00,4270.09,4270.9,4269.68,4270.73,4270.09,4270.9,4269.68,4270.73,0,0,4269.826782960379,4269.972563110528,4270.647976687045,0,0,
2026-09-24T18:26:00-04:00,4270.72,4271.4,4270.7,4271.21,4270.72,4271.4,4270.7,4271.21,1,0,4270.2878553069195,4270.149339809024,4270.6591058615595,0,0,
2026-09-24T18:27:00-04:00,4271.21,4271.29,4270.75,4270.87,4271.21,4271.29,4270.75,4270.87,0,0,4270.481903537946,4270.252291264878,4270.663281983113,0,0,
2026-09-24T18:28:00-04:00,4270.85,4271.54,4270.83,4271.46,4270.85,4271.54,4270.83,4271.46,0,0,4270.807935691964,4270.4248210841815,4270.679058577507,0,0,
2026-09-24T18:29:00-04:00,4271.45,4271.63,4271.12,4271.2,4271.45,4271.63,4271.12,4271.2,0,0,4270.938623794643,4270.535560929298,4270.689374249239,0,0,
2026-09-24T18:30:00-04:00,4271.22,4273.08,4271.22,4272.22,4271.22,4273.08,4271.22,4272.22,0,0,4271.365749196429,4270.776195082256,4270.719683670047,0,0,
2026-09-24T18:31:00-04:00,4272.23,4272.23,4271.25,4271.42,4272.23,4272.23,4271.25,4271.42,0,0,4271.383832797619,4270.8681672133625,4270.733551320145,0,0,
2026-09-24T18:32:00-04:00,4271.42,4271.65,4271.02,4271.54,4271.42,4271.65,4271.02,4271.54,0,0,4271.435888531746,4270.964143325739,4270.749520600934,0,0,
2026-09-24T18:33:00-04:00,4271.55,4272.12,4271.38,4272.05,4271.55,4272.12,4271.38,4272.05,0,0,4271.640592354497,4271.119265707776,4270.775272668243,0,0,
2026-09-24T18:34:00-04:00,4272.05,4272.58,4271.9,4272.06,4272.05,4272.58,4271.9,4272.06,0,0,4271.7803949029985,4271.253656320951,4270.800712813426,0,0,
2026-09-24T18:35:00-04:00,4272.06,4272.17,4270.92,4271.07,4272.06,4272.17,4270.92,4271.07,0,0,4271.543596601999,4271.227419703672,4270.806045232962,0,0,
2026-09-24T18:36:00-04:00,4271.07,4271.07,4270.77,4271.01,4271.07,4271.07,4270.77,4271.01,0,0,4271.365731067999,4271.196359746004,4270.81008394122,0,0,
2026-09-24T18:37:00-04:00,4271.01,4271.62,4270.83,4271.55,4271.01,4271.62,4270.83,4271.55,0,0,4271.427154045333,4271.246879782289,4270.824735744364,0,0,
2026-09-24T18:38:00-04:00,4271.56,4271.75,4270.91,4270.94,4271.56,4271.75,4270.91,4270.94,0,0,4271.264769363555,4271.203039813391,4270.827018204872,0,0,
2026-09-24T18:39:00-04:00,4270.94,4271.42,4269.44,4270.06,4270.94,4271.42,4269.44,4270.06,0,1,4270.863179575704,4271.039748411478,4270.811829725568,0,0,
2026-09-24T18:40:00-04:00,4270.05,4271.07,4268.88,4270.58,4270.05,4271.07,4268.88,4270.58,0,0,4270.768786383803,4270.974070066982,4270.807239037933,0,0,
2026-09-24T18:41:00-04:00,4270.58,4272.08,4270.2,4271.46,4270.58,4272.08,4270.2,4271.46,1,0,4270.9991909225355,4271.043488628841,4270.820164997578,0,0,
2026-09-24T18:42:00-04:00,4271.45,4271.8,4270.71,4271.78,4271.45,4271.8,4270.71,4271.78,0,0,4271.259460615023,4271.148704539007,4270.839171631289,0,0,
2026-09-24T18:43:00-04:00,4271.79,4272.33,4270.75,4270.75,4271.79,4272.33,4270.75,4270.75,0,0,4271.089640410016,4271.09174674772,4270.837405856412,0,0,
2026-09-24T18:44:00-04:00,4270.77,4271.6,4270.41,4270.96,4270.77,4271.6,4270.41,4270.96,0,0,4271.046426940011,4271.07292578376,4270.839833463216,0,0,
2026-09-24T18:45:00-04:00,4270.95,4271.83,4270.95,4271.82,4270.95,4271.83,4270.95,4271.82,0,0,4271.3042846266735,4271.179650671795,4270.859242701567,0,0,
2026-09-24T18:46:00-04:00,4271.81,4272.31,4271.51,4271.65,4271.81,4272.31,4271.51,4271.65,0,0,4271.419523084449,4271.246843432967,4270.874901261933,0,0,
2026-09-24T18:47:00-04:00,4271.64,4271.88,4270.88,4271.07,4271.64,4271.88,4270.88,4271.07,0,0,4271.3030153896325,4271.2215800854,4270.878764603281,0,0,
2026-09-24T18:48:00-04:00,4271.07,4271.52,4271.07,4271.51,4271.07,4271.52,4271.07,4271.51,0,0,4271.372010259755,4271.262782930343,4270.891264314107,0,0,
2026-09-24T18:49:00-04:00,4271.51,4271.98,4271.4,4271.44,4271.51,4271.98,4271.4,4271.44,0,0,4271.394673506504,4271.288099654579,4270.902130367293,0,0,
2026-09-24T18:50:00-04:00,4271.43,4272.17,4271.41,4272.17,4271.43,4272.17,4271.41,4272.17,0,0,4271.6531156710025,4271.414085418211,4270.927236696653,0,0,
2026-09-24T18:51:00-04:00,4272.16,4272.27,4271.4,4271.42,4272.16,4272.27,4271.4,4271.42,0,0,4271.575410447335,4271.414930358466,4270.936994385828,0,0,
2026-09-24T18:52:00-04:00,4271.42,4271.79,4271.33,4271.47,4271.42,4271.79,4271.33,4271.47,0,0,4271.540273631557,4271.422797450114,4270.947548952446,0,0,
2026-09-24T18:53:00-04:00,4271.47,4271.91,4271.07,4271.18,4271.47,4271.91,4271.07,4271.18,0,0,4271.420182421039,4271.388112100098,4270.952151943487,0,0,
2026-09-24T18:54:00-04:00,4271.18,4272.6,4271.16,4272.19,4271.18,4272.6,4271.16,4272.19,0,0,4271.676788280693,4271.502667514369,4270.976663786189,0,0,
2026-09-24T18:55:00-04:00,4272.19,4273.29,4271.88,4272.86,4272.19,4273.29,4271.88,4272.86,0,0,4272.071192187128,4271.696572155173,4271.013957572602,0,0,
2026-09-24T18:56:00-04:00,4272.85,4274.7,4272.76,4273.24,4272.85,4274.7,4272.76,4273.24,0,0,4272.460794791418,4271.917061847292,4271.058037620669,0,0,
2026-09-24T18:57:00-04:00,4273.23,4273.34,4272.89,4273.31,4273.23,4273.34,4272.89,4273.31,0,0,4272.743863194279,4272.116053011964,4271.102630935111,0,0,
2026-09-24T18:58:00-04:00,4273.31,4273.31,4272.67,4272.71,4273.31,4273.31,4272.67,4272.71,0,0,4272.732575462853,4272.200902581683,4271.134460025505,0,0,
2026-09-24T18:59:00-04:00,4272.7,4273.03,4272.28,4272.52,4272.7,4273.03,4272.28,4272.52,0,0,4272.661716975235,4272.246487927157,4271.161896460644,0,0,
2026-09-24T19:00:00-04:00,4272.51,4274.22,4272.51,4273.3,4272.51,4274.22,4272.51,4273.3,0,0,4272.874477983491,4272.396989651849,4271.204235144592,0,0,
2026-09-24T19:01:00-04:00,4273.3,4273.31,4272.79,4273.01,4273.3,4273.31,4272.79,4273.01,0,0,4272.919651988994,4272.484562558728,4271.239992864501,0,0,
2026-09-24T19:02:00-04:00,4273.01,4273.6,4272.38,4273.57,4273.01,4273.6,4272.38,4273.57,0,0,4273.136434659329,4272.639625050338,4271.2861316196595,0,0,
2026-09-24T19:03:00-04:00,4273.56,4275.4,4273.36,4274.51,4273.56,4275.4,4273.36,4274.51,0,0,4273.594289772886,4272.906821471718,4271.349970597488,0,0,
2026-09-24T19:04:00-04:00,4274.51,4274.51,4273.84,4274.08,4274.51,4274.51,4273.84,4274.08,0,0,4273.756193181925,4273.07441840433,4271.404030585657,0,0,
2026-09-24T19:05:00-04:00,4274.07,4275.04,4273.59,4274.33,4274.07,4275.04,4273.59,4274.33,0,0,4273.947462121283,4273.253787203711,4271.46197057406,0,0,
2026-09-24T19:06:00-04:00,4274.33,4275.25,4273.73,4274.02,4274.33,4275.25,4273.73,4274.02,0,0,4273.9716414141885,4273.363246174609,4271.512624622098,0,0,
2026-09-24T19:07:00-04:00,4274.02,4274.31,4273.22,4273.22,4274.02,4274.31,4273.22,4273.22,0,0,4273.721094276126,4273.342782435379,4271.546434035522,0,0,
2026-09-24T19:08:00-04:00,4273.25,4274.31,4272.14,4272.16,4273.25,4274.31,4272.14,4272.16,0,0,4273.200729517417,4273.173813516039,4271.558583856601,0,0,
2026-09-24T19:09:00-04:00,4272.16,4273.65,4272.1,4273.63,4272.16,4273.65,4272.1,4273.63,0,0,4273.343819678278,4273.238983013748,4271.599601998055,0,0,
2026-09-24T19:10:00-04:00,4273.6,4273.6,4272.28,4273.04,4273.6,4273.6,4272.28,4273.04,0,0,4273.242546452186,4273.210556868927,4271.628124730767,0,0,
2026-09-24T19:11:00-04:00,4273.04,4274.15,4272.73,4273.39,4273.04,4274.15,4272.73,4273.39,0,0,4273.291697634791,4273.236191601937,4271.663013349959,0,0,
2026-09-24T19:12:00-04:00,4273.39,4273.93,4273.22,4273.43,4273.39,4273.93,4273.22,4273.43,0,0,4273.337798423194,4273.263878515946,4271.698003184613,0,0,
2026-09-24T19:13:00-04:00,4273.43,4274.26,4273.24,4273.75,4273.43,4274.26,4273.24,4273.75,0,0,4273.475198948796,4273.333324442239,4271.738636784918,0,0,
2026-09-24T19:14:00-04:00,4273.75,4274.74,4272.94,4273.41,4273.75,4274.74,4272.94,4273.41,0,0,4273.453465965864,4273.344278093348,4271.771733086206,0,0,
2026-09-24T19:15:00-04:00,4273.4,4273.5,4272.69,4273.5,4273.4,4273.5,4272.69,4273.5,0,0,4273.468977310576,4273.366524080013,4271.80595619341,0,0,
2026-09-24T19:16:00-04:00,4273.49,4274.13,4272.78,4272.93,4273.49,4274.13,4272.78,4272.93,0,0,4273.28931820705,4273.304163497154,4271.82821448661,0,0,
2026-09-24T19:17:00-04:00,4272.94,4273.49,4271.55,4272.57,4272.94,4273.49,4271.55,4272.57,0,0,4273.049545471366,4273.199282997561,4271.842903308657,0,0,
2026-09-24T19:18:00-04:00,4272.57,4273.49,4272.31,4273.47,4272.57,4273.49,4272.31,4273.47,0,0,4273.189696980911,4273.237956855052,4271.875123045119,0,0,
2026-09-24T19:19:00-04:00,4273.48,4275.01,4273.2,4273.49,4273.48,4275.01,4273.2,4273.49,0,0,4273.289797987274,4273.273963018616,4271.907100806602,1,0,
2026-09-24T19:20:00-04:00,4273.49,4274.33,4272.46,4273.03,4273.49,4274.33,4272.46,4273.03,0,0,4273.203198658182,4273.239111158814,4271.929336434194,0,0,
2026-09-24T19:21:00-04:00,4273.03,4273.73,4272.65,4273.2,4273.03,4273.73,4272.65,4273.2,0,0,4273.202132438788,4273.233523850412,4271.954498088962,0,0,
2026-09-24T19:22:00-04:00,4273.19,4273.19,4272.98,4273.13,4273.19,4273.19,4272.98,4273.13,0,0,4273.178088292525,4273.218734728925,4271.977775354528,0,0,
2026-09-24T19:23:00-04:00,4273.13,4273.63,4272.95,4272.96,4273.13,4273.63,4272.95,4272.96,0,0,4273.105392195017,4273.181772624793,4271.997225347507,0,0,
2026-09-24T19:24:00-04:00,4272.96,4273.46,4272.93,4273.05,4272.96,4273.46,4272.93,4273.05,0,0,4273.086928130011,4273.162947964108,4272.018072370329,0,0,
2026-09-24T19:25:00-04:00,4273.05,4273.19,4271.64,4271.67,4273.05,4273.19,4271.64,4271.67,0,0,4272.61461875334,4272.949669683521,4272.011179848144,0,0,
2026-09-24T19:26:00-04:00,4271.68,4272.53,4271.67,4272.32,4271.68,4272.53,4271.67,4272.32,0,0,4272.516412502227,4272.85971687159,4272.017295098675,0,0,
2026-09-24T19:27:00-04:00,4272.34,4272.73,4271.99,4272.66,4272.34,4272.73,4271.99,4272.66,0,0,4272.564275001484,4272.831185889934,4272.0300219284045,0,0,
2026-09-24T19:28:00-04:00,4272.66,4272.75,4272.55,4272.55,4272.66,4272.75,4272.55,4272.55,0,0,4272.559516667656,4272.7910164770865,4272.040318523882,0,0,
2026-09-24T19:29:00-04:00,4272.54,4272.63,4271.83,4272,4272.54,4272.63,4271.83,4272,0,1,4272.37301111177,4272.678014123217,4272.03952013727,0,0,
2026-09-24T19:30:00-04:00,4271.99,4272.38,4270.92,4272.31,4271.99,4272.38,4270.92,4272.31,0,0,4272.352007407847,4272.625440677043,4272.044876174156,0,0,
2026-09-24T19:31:00-04:00,4272.31,4273.8,4271.67,4273.54,4272.31,4273.8,4271.67,4273.54,1,0,4272.748004938565,4272.7560920088945,4272.0744825865495,0,0,
2026-09-24T19:32:00-04:00,4273.53,4273.54,4272.34,4273.18,4273.53,4273.54,4272.34,4273.18,0,0,4272.892003292377,4272.816650293338,4272.096374020479,1,0,
2026-09-24T19:33:00-04:00,4273.18,4274.33,4272.79,4273.26,4273.18,4274.33,4272.79,4273.26,0,0,4273.014668861585,4272.879985965718,4272.119416119083,0,0,
2026-09-24T19:34:00-04:00,4273.27,4273.66,4272.43,4272.67,4273.27,4273.66,4272.43,4272.67,0,0,4272.899779241056,4272.849987970616,4272.130318770191,0,0,
2026-09-24T19:35:00-04:00,4272.67,4273.55,4272.52,4273.04,4272.67,4273.55,4272.52,4273.04,0,0,4272.946519494038,4272.877132546242,4272.14833225989,0,0,
2026-09-24T19:36:00-04:00,4273.04,4273.81,4273.04,4273.49,4273.04,4273.81,4273.04,4273.49,0,0,4273.127679662692,4272.964685039636,4272.1748999379115,0,0,
2026-09-24T19:37:00-04:00,4273.49,4273.69,4272.68,4273.59,4273.49,4273.69,4272.68,4273.59,0,0,4273.281786441795,4273.054015748259,4272.202921721319,0,0,
2026-09-24T19:38:00-04:00,4273.59,4274.45,4273.25,4274.32,4273.59,4274.45,4273.25,4274.32,0,0,4273.627857627863,4273.234870641365,4272.244844063472,0,0,
2026-09-24T19:39:00-04:00,4274.33,4275.9,4274.33,4274.5,4274.33,4275.9,4274.33,4274.5,0,0,4273.9185717519085,4273.415603406885,4272.28950061667,0,0,
2026-09-24T19:40:00-04:00,4274.5,4274.83,4273.83,4274.17,4274.5,4274.83,4273.83,4274.17,0,0,4274.002381167939,4273.523374348758,4272.326738228221,0,0,
2026-09-24T19:41:00-04:00,4274.16,4274.52,4273.79,4273.97,4274.16,4274.52,4273.79,4273.97,0,0,4273.991587445293,4273.587178013221,4272.359278065286,0,0,
2026-09-24T19:42:00-04:00,4273.96,4273.99,4273.45,4273.61,4273.96,4273.99,4273.45,4273.61,0,0,4273.864391630195,4273.590438297047,4272.384044836271,0,0,
2026-09-24T19:43:00-04:00,4273.61,4274.2,4273.52,4274.1,4273.61,4274.2,4273.52,4274.1,0,0,4273.942927753464,4273.66323282604,4272.418024146444,0,0,
2026-09-24T19:44:00-04:00,4274.09,4274.55,4273.66,4274.51,4274.09,4274.55,4273.66,4274.51,0,0,4274.131951835642,4273.784199565177,4272.459449410871,0,0,
2026-09-24T19:45:00-04:00,4274.52,4274.52,4273.48,4273.52,4274.52,4274.52,4273.48,4273.52,0,0,4273.927967890429,4273.746456770152,4272.480450412636,0,0,
2026-09-24T19:46:00-04:00,4273.52,4273.85,4272.78,4273.29,4273.52,4273.85,4272.78,4273.29,0,0,4273.715311926952,4273.68124866013,4272.496481097534,0,0,
2026-09-24T19:47:00-04:00,4273.27,4273.9,4273.05,4273.64,4273.27,4273.9,4273.05,4273.64,0,0,4273.690207951302,4273.675355994397,4272.519125036197,0,0,
2026-09-24T19:48:00-04:00,4273.63,4273.63,4272.66,4272.66,4273.63,4273.63,4272.66,4272.66,0,0,4273.346805300868,4273.530305138055,4272.52191463944,0,0,
2026-09-24T19:49:00-04:00,4272.65,4272.88,4271.53,4271.65,4272.65,4272.88,4271.53,4271.65,0,1,4272.781203533912,4273.261690118333,4272.504649003015,0,0,
2026-09-24T19:50:00-04:00,4271.67,4271.79,4270.18,4270.77,4271.67,4271.79,4270.18,4270.77,0,0,4272.110802355942,4272.905734387143,4272.470299517807,0,0,
2026-09-24T19:51:00-04:00,4270.77,4270.77,4269.68,4269.77,4270.77,4270.77,4269.68,4269.77,0,0,4271.330534903961,4272.457772331837,4272.416828240226,0,0,
2026-09-24T19:52:00-04:00,4269.78,4270.46,4269.45,4270.39,4269.78,4270.46,4269.45,4270.39,0,0,4271.017023269307,4272.162376284432,4272.376693027549,0,0,
2026-09-24T19:53:00-04:00,4270.39,4270.65,4269.11,4269.26,4270.39,4270.65,4269.11,4269.26,0,0,4270.431348846205,4271.747751100942,4272.314976333934,0,0,
2026-09-24T19:54:00-04:00,4269.23,4269.23,4267.42,4267.56,4269.23,4269.23,4267.42,4267.56,0,0,4269.474232564136,4271.149500943665,4272.220818386728,0,0,
2026-09-24T19:55:00-04:00,4267.57,4267.92,4266.24,4266.48,4267.57,4267.92,4266.24,4266.48,0,0,4268.4761550427575,4270.482429380284,4272.107138814714,0,0,
2026-09-24T19:56:00-04:00,4266.48,4267.06,4265.78,4266.35,4266.48,4267.06,4265.78,4266.35,0,0,4267.767436695171,4269.892082325958,4271.9931360659075,0,0,
2026-09-24T19:57:00-04:00,4266.36,4266.75,4266.09,4266.36,4266.36,4266.75,4266.09,4266.36,0,0,4267.298291130114,4269.387499136536,4271.8815888170775,0,0,
2026-09-24T19:58:00-04:00,4266.37,4266.62,4265.43,4265.45,4266.37,4266.62,4265.43,4265.45,0,0,4266.682194086743,4268.824999259888,4271.75423062268,0,0,
2026-09-24T19:59:00-04:00,4265.45,4265.84,4264.9,4265.05,4265.45,4265.84,4264.9,4265.05,0,0,4266.138129391162,4268.285713651332,4271.621473580646,0,0,
2026-09-24T20:00:00-04:00,4265.07,4266.84,4264.39,4266.67,4265.07,4266.84,4264.39,4266.67,0,0,4266.315419594108,4268.054897415427,4271.523424598851,0,0,
2026-09-24T20:01:00-04:00,4266.67,4269.04,4266.55,4268.6,4266.67,4269.04,4266.55,4268.6,0,0,4267.076946396072,4268.132769213224,4271.465535002834,0,0,
2026-09-24T20:02:00-04:00,4268.64,4269.72,4268.62,4268.99,4268.64,4269.72,4268.62,4268.99,0,0,4267.7146309307145,4268.255230754192,4271.416514507729,0,0,
2026-09-24T20:03:00-04:00,4268.99,4269.26,4267.85,4268.82,4268.99,4269.26,4267.85,4268.82,0,0,4268.083087287143,4268.335912075022,4271.365098378863,0,0,
2026-09-24T20:04:00-04:00,4268.82,4270.37,4268.61,4269.82,4268.82,4270.37,4268.61,4269.82,0,0,4268.6620581914285,4268.547924635733,4271.334502371361,0,0,
2026-09-24T20:05:00-04:00,4269.84,4270.05,4268.41,4269.37,4269.84,4270.05,4268.41,4269.37,0,0,4268.898038794286,4268.665363973485,4271.295601334305,0,0,
2026-09-24T20:06:00-04:00,4269.36,4269.59,4268.03,4268.08,4269.36,4269.59,4268.03,4268.08,0,0,4268.62535919619,4268.581740548701,4271.231926060358,0,0,
2026-09-24T20:07:00-04:00,4268.08,4268.25,4267.19,4268.01,4268.08,4268.25,4267.19,4268.01,0,0,4268.420239464127,4268.5000633274585,4271.168125544312,0,1,
2026-09-24T20:08:00-04:00,4268.02,4269.01,4267.11,4268.78,4268.02,4269.01,4267.11,4268.78,0,0,4268.540159642751,4268.540054280678,4271.120835929573,0,0,
2026-09-24T20:09:00-04:00,4268.78,4269.69,4268.6,4268.73,4268.78,4269.69,4268.6,4268.73,1,0,4268.603439761834,4268.567189383439,4271.073492643839,0,0,
2026-09-24T20:10:00-04:00,4268.77,4269.44,4268.13,4268.63,4268.77,4269.44,4268.13,4268.63,0,1,4268.612293174556,4268.576162328662,4271.025106650892,0,0,
2026-09-24T20:11:00-04:00,4268.64,4268.78,4267.09,4267.14,4268.64,4268.78,4267.09,4267.14,0,0,4268.121528783037,4268.37099628171,4270.9481738459235,0,1,
2026-09-24T20:12:00-04:00,4267.13,4267.27,4266.02,4266.14,4267.13,4267.27,4266.02,4266.14,0,0,4267.461019188691,4268.05228252718,4270.852962482638,0,0,
2026-09-24T20:13:00-04:00,4266.14,4268.11,4265.75,4267.75,4266.14,4268.11,4265.75,4267.75,0,0,4267.5573461257945,4268.009099309012,4270.791517681001,0,0,
2026-09-24T20:14:00-04:00,4267.76,4267.78,4266.01,4266.35,4267.76,4267.78,4266.01,4266.35,0,0,4267.1548974171965,4267.77208512201,4270.703566835833,0,0,
2026-09-24T20:15:00-04:00,4266.36,4266.51,4264.87,4266.51,4266.36,4266.51,4264.87,4266.51,0,0,4266.939931611464,4267.591787247437,4270.620525908391,0,0,
2026-09-24T20:16:00-04:00,4266.53,4268.11,4266.17,4267.83,4266.53,4268.11,4266.17,4267.83,0,0,4267.236621074309,4267.625817640661,4270.56526796961,0,0,
2026-09-24T20:17:00-04:00,4267.86,4268.58,4267.54,4267.8,4267.86,4268.58,4267.54,4267.8,0,0,4267.424414049539,4267.650700834853,4270.510510188034,0,0,
2026-09-24T20:18:00-04:00,4267.77,4268.58,4267.22,4267.57,4267.77,4268.58,4267.22,4267.57,0,0,4267.472942699693,4267.63917214416,4270.452282263518,0,0,
2026-09-24T20:19:00-04:00,4267.57,4267.92,4267.32,4267.64,4267.57,4267.92,4267.32,4267.64,0,0,4267.528628466462,4267.63929040928,4270.396593505825,0,0,
2026-09-24T20:20:00-04:00,4267.52,4268.01,4266.31,4266.82,4267.52,4268.01,4266.31,4266.82,0,0,4267.292418977641,4267.52224892224,4270.325769872046,0,0,
2026-09-24T20:21:00-04:00,4266.83,4267.4,4266.53,4266.66,4266.83,4267.4,4266.53,4266.66,0,0,4267.081612651761,4267.399070504777,4270.253180369629,0,0,
2026-09-24T20:22:00-04:00,4266.66,4269.57,4266.45,4269.47,4266.66,4269.57,4266.45,4269.47,1,0,4267.877741767841,4267.6949175755235,4270.237671847459,0,0,
2026-09-24T20:23:00-04:00,4269.47,4270.38,4269.47,4269.76,4269.47,4270.38,4269.47,4269.76,0,0,4268.505161178561,4267.989929350449,4270.228212998994,0,0,
2026-09-24T20:24:00-04:00,4269.76,4270.25,4269.28,4269.45,4269.76,4270.25,4269.28,4269.45,0,0,4268.820107452374,4268.198510871813,4270.212802840599,0,0,
2026-09-24T20:25:00-04:00,4269.47,4270.25,4268.55,4270.12,4269.47,4270.25,4268.55,4270.12,0,0,4269.253404968249,4268.473009318696,4270.210965160587,0,0,
2026-09-24T20:26:00-04:00,4270.14,4270.6,4269.16,4270.13,4270.14,4270.6,4269.16,4270.13,0,0,4269.545603312166,4268.709722273168,4270.20936189008,0,0,
2026-09-24T20:27:00-04:00,4270.18,4270.64,4269.47,4269.75,4270.18,4270.64,4269.47,4269.75,0,0,4269.613735541444,4268.858333377001,4270.200265615029,0,0,
2026-09-24T20:28:00-04:00,4269.71,4269.93,4268.54,4269.39,4269.71,4269.93,4268.54,4269.39,0,1,4269.53915702763,4268.934285751715,4270.184220751365,0,0,
2026-09-24T20:29:00-04:00,4269.39,4270.53,4269,4270.53,4269.39,4270.53,4269,4270.53,1,0,4269.86943801842,4269.162244930041,4270.191067865199,0,0,
2026-09-24T20:30:00-04:00,4270.53,4270.53,4268.43,4268.85,4270.53,4270.53,4268.43,4268.85,0,1,4269.529625345614,4269.117638511464,4270.164512065889,0,0,
2026-09-24T20:31:00-04:00,4268.85,4268.85,4267.23,4268.38,4268.85,4268.85,4267.23,4268.38,0,0,4269.146416897076,4269.012261581255,4270.129175193297,0,0,
2026-09-24T20:32:00-04:00,4268.38,4269.46,4267.36,4269.46,4268.38,4269.46,4267.36,4269.46,0,0,4269.25094459805,4269.076224212505,4270.11592419937,0,0,
2026-09-24T20:33:00-04:00,4269.46,4270.31,4269.21,4269.83,4269.46,4270.31,4269.21,4269.83,1,0,4269.443963065367,4269.183906467862,4270.110262334036,0,0,
2026-09-24T20:34:00-04:00,4269.81,4269.87,4268.7,4269.77,4269.81,4269.87,4268.7,4269.77,0,1,4269.552642043578,4269.26763411531,4270.103524466035,0,0,
2026-09-24T20:35:00-04:00,4269.76,4270.65,4269.76,4270.15,4269.76,4270.65,4269.76,4270.15,1,0,4269.751761362385,4269.393686384551,4270.1044447736385,0,0,
2026-09-24T20:36:00-04:00,4270.15,4270.32,4269.15,4269.73,4270.15,4270.32,4269.15,4269.73,0,1,4269.744507574923,4269.441731186758,4270.097030025646,0,0,
2026-09-24T20:37:00-04:00,4269.72,4270.61,4269.36,4269.63,4269.72,4270.61,4269.36,4269.63,1,0,4269.706338383282,4269.468626731507,4270.087781906326,0,0,
2026-09-24T20:38:00-04:00,4269.63,4270.01,4268.97,4269.07,4269.63,4270.01,4268.97,4269.07,0,1,4269.4942255888545,4269.411680055578,4270.067627809171,0,0,
2026-09-24T20:39:00-04:00,4269.08,4269.98,4268.98,4269.77,4269.08,4269.98,4268.98,4269.77,0,0,4269.58615039257,4269.462868619066,4270.0617341891875,0,0,
2026-09-24T20:40:00-04:00,4269.76,4272.51,4269.58,4271.66,4269.76,4272.51,4269.58,4271.66,1,0,4270.277433595046,4269.776744530628,4270.093383017124,0,0,
2026-09-24T20:41:00-04:00,4271.58,4272.44,4270.99,4271.82,4271.58,4272.44,4270.99,4271.82,0,0,4270.791622396698,4270.068638169109,4270.127573452429,0,0,
2026-09-24T20:42:00-04:00,4271.83,4271.9,4270.76,4271.85,4271.83,4271.9,4270.76,4271.85,0,0,4271.144414931132,4270.323118430665,4270.161680908816,0,0,
2026-09-24T20:43:00-04:00,4271.96,4272,4271.34,4271.47,4271.96,4272,4271.34,4271.47,0,0,4271.252943287422,4270.486958654856,4270.187588217553,0,0,
2026-09-24T20:44:00-04:00,4271.48,4271.77,4270.98,4271.44,4271.48,4271.77,4270.98,4271.44,0,0,4271.315295524948,4270.623107418448,4270.212388450868,0,0,
2026-09-24T20:45:00-04:00,4271.45,4272.16,4270.91,4271.36,4271.45,4272.16,4270.91,4271.36,0,0,4271.330197016632,4270.728377787241,4270.235113432039,0,0,
2026-09-24T20:46:00-04:00,4271.36,4271.89,4271.24,4271.49,4271.36,4271.89,4271.24,4271.49,0,0,4271.383464677755,4270.837180960492,4270.259962671008,0,0,
2026-09-24T20:47:00-04:00,4271.49,4271.87,4270.37,4270.72,4271.49,4271.87,4270.37,4270.72,0,0,4271.16230978517,4270.82044082328,4270.269072321087,0,0,
2026-09-24T20:48:00-04:00,4270.78,4273.14,4270.77,4272.83,4270.78,4273.14,4270.77,4272.83,0,0,4271.7182065234465,4271.107520705668,4270.319783760274,0,0,
2026-09-24T20:49:00-04:00,4272.82,4273.89,4272.6,4273.37,4272.82,4273.89,4272.6,4273.37,0,0,4272.268804348964,4271.43073203343,4270.380184081852,0,0,
2026-09-24T20:50:00-04:00,4273.36,4274.35,4272.89,4272.89,4273.36,4274.35,4272.89,4272.89,0,0,4272.475869565977,4271.639198885798,4270.429883406964,0,0,
2026-09-24T20:51:00-04:00,4272.89,4274.39,4272.72,4273.5,4272.89,4274.39,4272.72,4273.5,0,0,4272.817246377318,4271.905027616398,4270.490677794945,0,0,
2026-09-24T20:52:00-04:00,4273.46,4273.71,4272.79,4273.4,4273.46,4273.71,4272.79,4273.4,0,0,4273.011497584878,4272.11859509977,4270.548288135639,0,0,
2026-09-24T20:53:00-04:00,4273.39,4273.85,4272.55,4273.72,4273.39,4273.85,4272.55,4273.72,0,0,4273.247665056586,4272.347367228374,4270.611094311171,0,0,
2026-09-24T20:54:00-04:00,4273.72,4273.84,4272.86,4273.22,4273.72,4273.84,4272.86,4273.22,0,0,4273.238443371058,4272.472029052892,4270.66275580996,0,0,
2026-09-24T20:55:00-04:00,4273.21,4274.48,4272.97,4274.36,4273.21,4274.48,4272.97,4274.36,0,0,4273.612295580705,4272.741739188194,4270.735968566199,0,0,
2026-09-24T20:56:00-04:00,4274.36,4276.55,4274.14,4276.35,4274.36,4276.55,4274.14,4276.35,0,0,4274.52486372047,4273.257205018452,4270.847137505481,0,0,
2026-09-24T20:57:00-04:00,4276.36,4280.01,4276.36,4279.97,4276.36,4280.01,4276.36,4279.97,0,0,4276.33990914698,4274.216175730102,4271.027788247947,0,0,
2026-09-24T20:58:00-04:00,4280.02,4280.73,4278.88,4280.41,4280.02,4280.73,4278.88,4280.41,0,0,4277.696606097987,4275.101007768659,4271.213574619274,0,0,
2026-09-24T20:59:00-04:00,4280.41,4281.04,4278.14,4278.53,4280.41,4281.04,4278.14,4278.53,0,0,4277.974404065324,4275.590863801707,4271.358454329784,0,0,
2026-09-24T21:00:00-04:00,4278.53,4282.98,4276.97,4282.38,4278.53,4282.98,4276.97,4282.38,0,0,4279.44293604355,4276.560740401464,4271.576702758897,0,0,
2026-09-24T21:01:00-04:00,4282.38,4283.34,4281.56,4282.86,4282.38,4283.34,4281.56,4282.86,0,0,4280.581957362367,4277.460634629826,4271.800134387434,0,0,
2026-09-24T21:02:00-04:00,4282.83,4283.21,4281.97,4282.72,4282.83,4283.21,4281.97,4282.72,0,0,4281.294638241578,4278.211972539851,4272.016369350059,0,0,
2026-09-24T21:03:00-04:00,4282.69,4283.8,4282.57,4283.66,4282.69,4283.8,4282.57,4283.66,0,0,4282.083092161051,4278.990262177015,4272.246936293622,0,0,
2026-09-24T21:04:00-04:00,4283.67,4283.73,4281.51,4281.56,4283.67,4283.73,4281.51,4281.56,0,0,4281.908728107368,4279.357367580299,4272.431353396718,0,0,
2026-09-24T21:05:00-04:00,4281.56,4283.79,4280.62,4282.15,4281.56,4283.79,4280.62,4282.15,0,0,4281.989152071578,4279.7563150688275,4272.623801844307,0,0,
2026-09-24T21:06:00-04:00,4282.14,4283.48,4282.14,4282.84,4282.14,4283.48,4282.14,4282.84,0,0,4282.272768047719,4280.196841487566,4272.826102797885,0,0,
2026-09-24T21:07:00-04:00,4282.84,4283.83,4282.58,4283.46,4282.84,4283.83,4282.58,4283.46,0,0,4282.6685120318125,4280.663006989343,4273.036675019709,0,0,
2026-09-24T21:08:00-04:00,4283.4,4285.25,4283.36,4284.33,4283.4,4285.25,4283.36,4284.33,0,0,4283.222341354542,4281.186863133722,4273.260305217339,0,0,
2026-09-24T21:09:00-04:00,4284.32,4284.94,4283.94,4284.42,4284.32,4284.94,4283.94,4284.42,0,0,4283.621560903028,4281.648739828905,4273.481289272441,0,0,
2026-09-24T21:10:00-04:00,4284.43,4285.92,4283.97,4285.8,4284.43,4285.92,4283.97,4285.8,0,0,4284.347707268686,4282.241776996204,4273.725224138334,0,0,
2026-09-24T21:11:00-04:00,4285.77,4288.21,4285.39,4287.77,4285.77,4288.21,4285.39,4287.77,0,0,4285.488471512457,4283.031523139603,4274.003338511832,0,0,
2026-09-24T21:12:00-04:00,4287.75,4288.41,4285.63,4285.78,4287.75,4288.41,4285.63,4285.78,0,0,4285.585647674971,4283.424162691089,4274.23653972942,0,0,
2026-09-24T21:13:00-04:00,4285.76,4289.19,4285.58,4288.82,4285.76,4289.19,4285.58,4288.82,0,0,4286.6637651166475,4284.194996592362,4274.5253211209165,0,0,
2026-09-24T21:14:00-04:00,4288.75,4290.61,4288.01,4289.98,4288.75,4290.61,4288.01,4289.98,0,0,4287.769176744431,4285.021425650596,4274.831354366047,0,0,
2026-09-24T21:15:00-04:00,4290,4290.8,4289.91,4290.79,4290,4290.8,4289.91,4290.79,0,0,4288.7761178296205,4285.845507700511,4275.1473671508775,0,0,
2026-09-24T21:16:00-04:00,4290.78,4290.98,4289.73,4290.81,4290.78,4290.98,4289.73,4290.81,0,0,4289.454078553081,4286.554720886153,4275.4575182964045,0,0,
2026-09-24T21:17:00-04:00,4290.82,4291.85,4289.66,4290.91,4290.82,4291.85,4289.66,4290.91,0,0,4289.939385702054,4287.1769036167025,4275.763508033109,0,0,
2026-09-24T21:18:00-04:00,4290.89,4291.19,4289.67,4290.25,4290.89,4291.19,4289.67,4290.25,0,0,4290.042923801369,4287.615917385745,4276.050369260176,0,0,
2026-09-24T21:19:00-04:00,4290.25,4290.31,4288.95,4289.75,4290.25,4290.31,4288.95,4289.75,0,0,4289.945282534246,4287.920786330638,4276.321649076806,0,0,
2026-09-24T21:20:00-04:00,4289.75,4291.98,4289.58,4291.88,4289.75,4291.98,4289.58,4291.88,0,0,4290.590188356164,4288.486388283404,4276.6297352337015,0,0,
2026-09-24T21:21:00-04:00,4291.88,4293.54,4290.73,4293.34,4291.88,4293.54,4290.73,4293.34,0,0,4291.506792237443,4289.179761385775,4276.960631565707,0,0,
2026-09-24T21:22:00-04:00,4293.34,4293.67,4292.76,4292.89,4293.34,4293.67,4292.76,4292.89,0,0,4291.967861491628,4289.709795473522,4277.276064604011,0,0,
2026-09-24T21:23:00-04:00,4292.88,4292.98,4291.56,4292.5,4292.88,4292.98,4291.56,4292.5,0,0,4292.145240994419,4290.108396120161,4277.577528671258,0,0,
2026-09-24T21:24:00-04:00,4292.46,4293.11,4292.02,4293.01,4292.46,4293.11,4292.02,4293.01,0,0,4292.433493996279,4290.522910960138,4277.883122162916,0,0,
2026-09-24T21:25:00-04:00,4293.01,4293.47,4292.53,4292.68,4293.01,4293.47,4292.53,4292.68,0,0,4292.5156626641865,4290.831066537261,4278.1761296448385,0,0,
2026-09-24T21:26:00-04:00,4292.68,4293.42,4292.59,4292.84,4292.68,4293.42,4292.59,4292.84,0,0,4292.623775109458,4291.118057031938,4278.466503315238,0,0,
2026-09-24T21:27:00-04:00,4292.84,4293.68,4292.29,4292.33,4292.84,4293.68,4292.29,4292.33,0,0,4292.5258500729715,4291.291191741661,4278.741028002065,0,0,
2026-09-24T21:28:00-04:00,4292.28,4294.3,4291.97,4293.77,4292.28,4294.3,4291.97,4293.77,0,0,4292.940566715314,4291.645307207138,4279.038631407964,0,0,
2026-09-24T21:29:00-04:00,4293.77,4294.26,4293.14,4293.72,4293.77,4294.26,4293.14,4293.72,0,0,4293.20037781021,4291.941691891832,4279.329351578103,0,0,
2026-09-24T21:30:00-04:00,4293.71,4293.94,4291.7,4292.25,4293.71,4293.94,4291.7,4292.25,0,0,4292.883585206807,4291.985735907285,4279.585206002299,0,0,
2026-09-24T21:31:00-04:00,4292.26,4293.91,4291.73,4293.2,4292.26,4293.91,4291.73,4293.2,0,0,4292.9890568045375,4292.159202206244,4279.854805883441,0,0,
2026-09-24T21:32:00-04:00,4293.17,4295.11,4292.91,4293.64,4293.17,4295.11,4292.91,4293.64,0,0,4293.2060378696915,4292.370744748209,4280.127780024363,0,0,
2026-09-24T21:33:00-04:00,4293.64,4294.33,4293.12,4293.21,4293.64,4294.33,4293.12,4293.21,0,0,4293.207358579794,4292.490638355608,4280.386833885267,0,0,
2026-09-24T21:34:00-04:00,4293.21,4293.29,4292.35,4292.48,4293.21,4293.29,4292.35,4292.48,0,0,4292.964905719863,4292.489118590521,4280.626302521203,0,0,
2026-09-24T21:35:00-04:00,4292.47,4293.91,4291.56,4293.82,4292.47,4293.91,4291.56,4293.82,0,0,4293.249937146576,4292.679244506161,4280.887563857416,0,0,
2026-09-24T21:36:00-04:00,4293.82,4295.02,4293.75,4293.89,4293.82,4295.02,4293.75,4293.89,0,0,4293.4632914310505,4292.852209576709,4281.145037840438,0,0,
2026-09-24T21:37:00-04:00,4293.88,4295.25,4293.74,4294.56,4293.88,4295.25,4293.74,4294.56,0,0,4293.828860954034,4293.096179637179,4281.410680655479,0,0,
2026-09-24T21:38:00-04:00,4294.56,4295.46,4294.03,4294.98,4294.56,4295.46,4294.03,4294.98,0,0,4294.212573969356,4293.365296831868,4281.67938004844,0,0,
2026-09-24T21:39:00-04:00,4294.98,4295.5,4294.25,4294.81,4294.98,4295.5,4294.25,4294.81,0,0,4294.4117159795705,4293.571682998744,4281.939392324709,0,0,
2026-09-24T21:40:00-04:00,4294.81,4294.92,4293.74,4294.52,4294.81,4294.92,4293.74,4294.52,0,0,4294.447810653047,4293.707156856067,4282.188513268774,0,0,
2026-09-24T21:41:00-04:00,4294.52,4295.8,4294.21,4294.78,4294.52,4295.8,4294.21,4294.78,0,0,4294.558540435364,4293.860420162343,4282.437849639689,0,0,
2026-09-24T21:42:00-04:00,4294.69,4295.67,4294.27,4294.66,4294.69,4295.67,4294.27,4294.66,0,0,4294.592360290243,4293.974645853436,4282.679872419101,0,0,
2026-09-24T21:43:00-04:00,4294.64,4295.74,4294.01,4295.08,4294.64,4295.74,4294.01,4295.08,0,0,4294.754906860162,4294.13255358866,4282.925419499911,0,0,
2026-09-24T21:44:00-04:00,4295.09,4295.34,4292.54,4292.67,4295.09,4295.34,4292.54,4292.67,0,0,4294.059937906774,4293.923617361708,4283.118381490012,0,0,
2026-09-24T21:45:00-04:00,4292.69,4292.75,4291,4291.25,4292.69,4292.75,4291,4291.25,0,1,4293.12329193785,4293.541672024321,4283.279403638725,0,0,
2026-09-24T21:46:00-04:00,4291.27,4291.59,4290.16,4290.17,4291.27,4291.59,4290.16,4290.17,0,0,4292.1388612919,4293.060004592276,4283.415851091423,0,0,
2026-09-24T21:47:00-04:00,4290.16,4290.38,4288.58,4289.59,4290.16,4290.38,4288.58,4289.59,0,0,4291.289240861267,4292.564289650522,4283.53811146585,0,0,
2026-09-24T21:48:00-04:00,4289.59,4289.73,4287.68,4287.81,4289.59,4289.73,4287.68,4287.81,0,0,4290.1294939075115,4291.8851054147335,4283.622703318012,0,0,
2026-09-24T21:49:00-04:00,4287.82,4288.75,4287.62,4288.45,4287.82,4288.75,4287.62,4288.45,0,0,4289.569662605008,4291.394376069771,4283.718293351319,0,0,
2026-09-24T21:50:00-04:00,4288.45,4288.45,4287.35,4287.65,4288.45,4288.45,4287.35,4287.65,0,0,4288.929775070005,4290.859465202661,4283.79614892852,0,0,
2026-09-24T21:51:00-04:00,4287.68,4287.68,4286.46,4286.75,4287.68,4287.68,4286.46,4286.75,0,0,4288.203183380004,4290.272398745138,4283.8546410289455,0,0,
2026-09-24T21:52:00-04:00,4286.71,4288.36,4286.71,4287.53,4286.71,4288.36,4286.71,4287.53,0,0,4287.978788920002,4289.880627495832,4283.927420414511,0,0,
2026-09-24T21:53:00-04:00,4287.53,4287.76,4286.61,4287.46,4287.53,4287.76,4286.61,4287.46,0,0,4287.805859280002,4289.534823567857,4283.997372485511,0,0,
2026-09-24T21:54:00-04:00,4287.46,4287.95,4287.18,4287.58,4287.46,4287.95,4287.18,4287.58,0,0,4287.730572853335,4289.255563058163,4284.06831560461,0,0,
2026-09-24T21:55:00-04:00,4287.6,4288.32,4287.24,4287.68,4287.6,4288.32,4287.24,4287.68,0,0,4287.713715235556,4289.030482621282,4284.139834107489,0,0,
2026-09-24T21:56:00-04:00,4287.67,4288.18,4287.27,4287.74,4287.67,4288.18,4287.27,4287.74,0,0,4287.722476823704,4288.846127961099,4284.211124521202,0,0,
2026-09-24T21:57:00-04:00,4287.75,4288.31,4287.17,4288.05,4287.75,4288.31,4287.17,4288.05,0,0,4287.831651215803,4288.732395395228,4284.287141857416,0,0,
2026-09-24T21:58:00-04:00,4288.06,4288.74,4287.49,4288.71,4288.06,4288.74,4287.49,4288.71,0,0,4288.124434143869,4288.729196053053,4284.374723206774,0,0,
2026-09-24T21:59:00-04:00,4288.73,4289.15,4287.82,4287.9,4288.73,4289.15,4287.82,4287.9,0,0,4288.049622762579,4288.610739474046,4284.444530668026,0,0,
2026-09-24T22:00:00-04:00,4287.92,4289.16,4287.92,4288.76,4287.92,4289.16,4287.92,4288.76,0,0,4288.286415175053,4288.632062406325,4284.529985506283,0,0,
2026-09-24T22:01:00-04:00,4288.74,4289.09,4288.45,4288.76,4288.74,4289.09,4288.45,4288.76,0,0,4288.444276783369,4288.650339205421,4284.613748169525,0,0,
2026-09-24T22:02:00-04:00,4288.77,4291.9,4288.74,4291.38,4288.77,4291.9,4288.74,4291.38,1,0,4289.422851188912,4289.040290747504,4284.7477333542865,1,0,
2026-09-24T22:03:00-04:00,4291.32,4292.3,4290.55,4291.32,4291.32,4292.3,4290.55,4291.32,0,0,4290.055234125942,4289.36596349786,4284.877877248261,0,0,
2026-09-24T22:04:00-04:00,4291.33,4291.85,4291.02,4291.3,4291.33,4291.85,4291.02,4291.3,0,0,4290.470156083961,4289.642254426737,4285.00504799582,0,0,
2026-09-24T22:05:00-04:00,4291.3,4292.61,4290.9,4291.91,4291.3,4292.61,4290.9,4291.91,0,0,4290.950104055974,4289.966218080061,4285.141779718675,0,0,
2026-09-24T22:06:00-04:00,4291.92,4293.55,4291.07,4293.03,4291.92,4293.55,4291.07,4293.03,0,0,4291.643402703983,4290.403901211481,4285.297982100484,0,0,
2026-09-24T22:07:00-04:00,4293.05,4294.59,4292.91,4293.74,4293.05,4294.59,4292.91,4293.74,0,0,4292.342268469322,4290.880486752698,4285.465150771762,0,0,
2026-09-24T22:08:00-04:00,4293.76,4294.3,4292.85,4293.62,4293.76,4294.3,4292.85,4293.62,0,0,4292.768178979548,4291.271845788026,4285.626632934697,0,0,
2026-09-24T22:09:00-04:00,4293.6,4295.22,4293.51,4294.74,4293.6,4295.22,4293.51,4294.74,0,0,4293.425452653032,4291.767296389737,4285.807095648862,0,0,
2026-09-24T22:10:00-04:00,4294.75,4294.96,4293.58,4293.69,4294.75,4294.96,4293.58,4293.69,0,0,4293.513635102021,4292.04196833406,4285.963192764726,0,0,
2026-09-24T22:11:00-04:00,4293.69,4293.73,4292.73,4292.79,4293.69,4293.73,4292.73,4292.79,0,0,4293.272423401348,4292.148830000622,4286.098377066414,0,0,
2026-09-24T22:12:00-04:00,4292.81,4293.2,4291.26,4291.26,4292.81,4293.2,4291.26,4291.26,0,0,4292.601615600898,4292.021854286248,4286.200587421535,0,0,
2026-09-24T22:13:00-04:00,4291.16,4291.76,4290.38,4291.16,4291.16,4291.76,4290.38,4291.16,0,0,4292.121077067265,4291.898732245355,4286.298793611208,0,0,
2026-09-24T22:14:00-04:00,4291.17,4291.48,4290.15,4290.21,4291.17,4291.48,4290.15,4290.21,0,0,4291.484051378176,4291.657484781733,4286.376243242669,0,0,
2026-09-24T22:15:00-04:00,4290.21,4290.58,4288.95,4289.53,4290.21,4290.58,4288.95,4289.53,0,1,4290.832700918784,4291.353558384342,4286.438693871527,0,0,
2026-09-24T22:16:00-04:00,4289.48,4289.62,4288.81,4289.38,4289.48,4289.62,4288.81,4289.38,0,0,4290.348467279189,4291.071621472293,4286.496937557239,0,0,
2026-09-24T22:17:00-04:00,4289.39,4289.62,4289.01,4289.43,4289.39,4289.62,4289.01,4289.43,0,0,4290.04231151946,4290.8371041191085,4286.55501800165,0,0,
2026-09-24T22:18:00-04:00,4289.42,4290.85,4289.38,4290.8,4289.42,4290.85,4289.38,4290.8,1,0,4290.294874346307,4290.831803530665,4286.6390770511225,0,0,
2026-09-24T22:19:00-04:00,4290.79,4290.89,4290.19,4290.58,4290.79,4290.89,4290.19,4290.58,0,0,4290.389916230871,4290.795831597713,4286.717115129318,0,0,
2026-09-24T22:20:00-04:00,4290.57,4292.26,4290.37,4291.86,4290.57,4292.26,4290.37,4291.86,0,0,4290.879944153914,4290.947855655182,4286.818954433687,0,0,
2026-09-24T22:21:00-04:00,4291.85,4292.36,4291.26,4292.08,4291.85,4292.36,4291.26,4292.08,0,0,4291.279962769276,4291.109590561585,4286.9231335538125,1,0,
2026-09-24T22:22:00-04:00,4292.08,4292.32,4290.97,4292.28,4292.08,4292.32,4290.97,4292.28,0,0,4291.61330851285,4291.27679190993,4287.0292101171035,0,0,
2026-09-24T22:23:00-04:00,4292.28,4292.43,4290.33,4290.35,4292.28,4292.43,4290.33,4290.35,0,0,4291.192205675234,4291.144393065654,4287.094968332606,0,0,
2026-09-24T22:24:00-04:00,4290.34,4291.4,4290.31,4290.49,4290.34,4291.4,4290.31,4290.49,0,0,4290.958137116822,4291.050908341989,4287.162196682456,0,0,
2026-09-24T22:25:00-04:00,4290.5,4290.5,4289.59,4289.96,4290.5,4290.5,4289.59,4289.96,0,1,4290.625424744549,4290.895064293134,4287.217598728348,0,0,
2026-09-24T22:26:00-04:00,4289.96,4290.15,4289.52,4290.03,4289.96,4290.15,4289.52,4290.03,0,0,4290.426949829699,4290.7714836798295,4287.273289842638,0,0,
2026-09-24T22:27:00-04:00,4290.01,4290.08,4289.03,4289.07,4290.01,4290.08,4289.03,4289.07,0,0,4289.974633219799,4290.528414582711,4287.308868261596,0,0,
2026-09-24T22:28:00-04:00,4289.03,4289.66,4288.88,4288.94,4289.03,4289.66,4288.88,4288.94,0,0,4289.629755479866,4290.301498213752,4287.34116789998,0,0,
2026-09-24T22:29:00-04:00,4288.95,4289.08,4288.05,4288.15,4288.95,4289.08,4288.05,4288.15,0,0,4289.136503653243,4289.994141326073,4287.357184377208,0,0,
2026-09-24T22:30:00-04:00,4288.15,4288.43,4287.69,4288,4288.15,4288.43,4287.69,4288,0,0,4288.757669102162,4289.709263993777,4287.369913399441,0,0,
2026-09-24T22:31:00-04:00,4287.99,4288.36,4287.29,4287.36,4287.99,4288.36,4287.29,4287.36,0,0,4288.291779401441,4289.373654851809,4287.3697170945015,0,0,
2026-09-24T22:32:00-04:00,4287.36,4287.64,4287.18,4287.63,4287.36,4287.64,4287.18,4287.63,0,0,4288.071186267627,4289.124561301551,4287.374871211442,0,0,
2026-09-24T22:33:00-04:00,4287.66,4288.7,4287.51,4288.25,4287.66,4288.7,4287.51,4288.25,0,0,4288.130790845084,4288.999623972758,4287.392200494383,0,0,
2026-09-24T22:34:00-04:00,4288.28,4288.28,4287.39,4287.68,4288.28,4288.28,4287.39,4287.68,0,0,4287.980527230056,4288.811106262364,4287.397899494495,0,0,
2026-09-24T22:35:00-04:00,4287.68,4287.68,4286.43,4286.75,4287.68,4287.68,4286.43,4286.75,0,0,4287.570351486705,4288.516662510598,4287.385069801534,0,0,
2026-09-24T22:36:00-04:00,4286.75,4288.09,4286.61,4287.99,4286.75,4288.09,4286.61,4287.99,0,0,4287.71023432447,4288.441425009084,4287.397048617345,0,0,
2026-09-24T22:37:00-04:00,4288,4288.03,4284.41,4284.65,4288,4288.03,4284.41,4284.65,0,0,4286.690156216313,4287.899792864929,4287.342651615021,0,0,
2026-09-24T22:38:00-04:00,4284.64,4285.86,4284.35,4285.56,4284.64,4285.86,4284.35,4285.56,0,0,4286.313437477542,4287.565536741367,4287.30735158304,0,0,
2026-09-24T22:39:00-04:00,4285.56,4286.32,4285.13,4285.22,4285.56,4286.32,4285.13,4285.22,0,0,4285.948958318361,4287.230460064029,4287.266017888326,0,0,
2026-09-24T22:40:00-04:00,4285.23,4285.47,4284.31,4284.34,4285.23,4285.47,4284.31,4284.34,0,0,4285.412638878907,4286.8175371977395,4287.208076940043,0,0,
2026-09-24T22:41:00-04:00,4284.41,4284.48,4282.79,4282.94,4284.41,4284.48,4282.79,4282.94,0,0,4284.588425919272,4286.263603312348,4287.123560564993,0,0,
2026-09-24T22:42:00-04:00,4282.93,4283.39,4282.25,4283.21,4282.93,4283.39,4282.25,4283.21,0,0,4284.128950612848,4285.827374267727,4287.0460643161805,0,0,
2026-09-24T22:43:00-04:00,4283.21,4285.18,4283.18,4285.17,4283.21,4285.18,4283.18,4285.17,0,0,4284.475967075232,4285.733463658052,4287.008914527742,0,0,
2026-09-24T22:44:00-04:00,4285.14,4287.32,4285.14,4285.97,4285.14,4287.32,4285.14,4285.97,0,0,4284.973978050155,4285.767254564044,4286.988341962836,0,0,
2026-09-24T22:45:00-04:00,4285.96,4286.32,4284.61,4284.65,4285.96,4286.32,4284.61,4284.65,0,0,4284.86598536677,4285.607646769181,4286.942038161592,0,0,
2026-09-24T22:46:00-04:00,4284.65,4285.15,4282.82,4283.1,4284.65,4285.15,4282.82,4283.1,0,0,4284.277323577847,4285.249411516441,4286.865958197996,0,0,
2026-09-24T22:47:00-04:00,4283.11,4284.45,4282.61,4282.62,4283.11,4284.45,4282.61,4282.62,0,0,4283.7248823852315,4284.873781299806,4286.781879817838,0,0,
2026-09-24T22:48:00-04:00,4282.62,4282.75,4281.92,4281.99,4282.62,4282.75,4281.92,4281.99,0,0,4283.146588256821,4284.4618125426905,4286.686991108573,0,0,
2026-09-24T22:49:00-04:00,4281.99,4282.08,4280.76,4280.76,4281.99,4282.08,4280.76,4280.76,0,0,4282.35105883788,4283.932982179449,4286.569624948007,0,0,
2026-09-24T22:50:00-04:00,4280.77,4280.99,4279.42,4280.21,4280.77,4280.99,4279.42,4280.21,0,0,4281.637372558587,4283.401127582385,4286.44369178072,0,0,
2026-09-24T22:51:00-04:00,4280.17,4280.2,4277.69,4279.7,4280.17,4280.2,4277.69,4279.7,0,0,4280.9915817057245,4282.872395070615,4286.310153329617,0,0,
2026-09-24T22:52:00-04:00,4279.7,4280.01,4278.67,4279.41,4279.7,4280.01,4278.67,4279.41,0,0,4280.464387803816,4282.377767203385,4286.1735166300205,0,0,
2026-09-24T22:53:00-04:00,4279.38,4281.29,4279.29,4280.59,4279.38,4281.29,4279.29,4280.59,0,0,4280.506258535877,4282.122371888616,4286.062951944277,0,0,
2026-09-24T22:54:00-04:00,4280.59,4282.58,4280.07,4282.52,4280.59,4282.58,4280.07,4282.52,0,0,4281.177505690585,4282.179175904528,4285.992794480034,0,0,
2026-09-24T22:55:00-04:00,4282.54,4282.8,4281.42,4282.6,4282.54,4282.8,4281.42,4282.6,0,0,4281.65167046039,4282.239293632453,4285.925610430924,0,0,
2026-09-24T22:56:00-04:00,4282.6,4283.77,4282.5,4282.86,4282.6,4283.77,4282.5,4282.86,0,0,4282.054446973593,4282.327965970674,4285.8649052738765,0,0,
2026-09-24T22:57:00-04:00,4282.87,4283.96,4282.57,4283.32,4282.87,4283.96,4282.57,4283.32,0,0,4282.476297982395,4282.4696851177205,4285.8145111100375,0,0,
2026-09-24T22:58:00-04:00,4283.32,4283.83,4283.02,4283.45,4283.32,4283.83,4283.02,4283.45,0,0,4282.800865321597,4282.609730100903,4285.767689107858,0,0,
2026-09-24T22:59:00-04:00,4283.42,4283.92,4283.23,4283.81,4283.42,4283.92,4283.23,4283.81,0,0,4283.1372435477315,4282.781197229346,4285.72892298691,0,0,
2026-09-24T23:00:00-04:00,4283.85,4284.59,4283.41,4283.67,4283.85,4284.59,4283.41,4283.67,1,0,4283.314829031821,4282.908169053725,4285.688152234694,0,0,
2026-09-24T23:01:00-04:00,4283.68,4284.51,4282.67,4282.9,4283.68,4284.51,4282.67,4282.9,0,1,4283.176552687881,4282.90700204605,4285.632941299354,0,0,
2026-09-24T23:02:00-04:00,4282.9,4283.34,4282.6,4283.15,4282.9,4283.34,4282.6,4283.15,0,0,4283.16770179192,4282.941716039471,4285.583774144911,0,0,
2026-09-24T23:03:00-04:00,4283.17,4283.35,4282.52,4282.67,4283.17,4283.35,4282.52,4282.67,0,0,4283.001801194613,4282.902899462404,4285.5260756469925,0,0,
2026-09-24T23:04:00-04:00,4282.66,4283.74,4282.23,4283.71,4282.66,4283.74,4282.23,4283.71,0,0,4283.237867463075,4283.018199539203,4285.490113752992,0,0,
2026-09-24T23:05:00-04:00,4283.7,4285.68,4283.57,4284.49,4283.7,4285.68,4283.57,4284.49,1,0,4283.6552449753835,4283.228456747888,4285.470309520259,0,0,
2026-09-24T23:06:00-04:00,4284.48,4286.34,4284.12,4285.37,4284.48,4286.34,4284.12,4285.37,0,0,4284.226829983589,4283.5343914981895,4285.468323193126,0,0,
2026-09-24T23:07:00-04:00,4285.37,4286.02,4284.69,4286,4285.37,4286.02,4284.69,4286,0,0,4284.8178866557255,4283.886621284162,4285.478851446727,0,0,
2026-09-24T23:08:00-04:00,4286.03,4286.16,4284.33,4284.45,4286.03,4286.16,4284.33,4284.45,0,0,4284.695257770483,4283.967103957853,4285.458478150753,0,0,
2026-09-24T23:09:00-04:00,4284.42,4284.88,4284,4284.79,4284.42,4284.88,4284,4284.79,0,0,4284.726838513656,4284.084660535303,4285.445240959649,0,0,
2026-09-24T23:10:00-04:00,4284.79,4284.79,4283.22,4283.98,4284.79,4284.79,4283.22,4283.98,0,0,4284.477892342437,4284.069709030259,4285.4162262871805,0,0,
2026-09-24T23:11:00-04:00,4283.98,4284.6,4283.84,4283.9,4283.98,4284.6,4283.84,4283.9,0,0,4284.285261561625,4284.045464883079,4285.386202004266,0,0,
2026-09-24T23:12:00-04:00,4283.92,4284.12,4283.66,4283.74,4283.92,4284.12,4283.66,4283.74,0,0,,,,,,