time,open,high,low,close,PlotCandle (Open),PlotCandle (High,PlotCandle (Low),PlotCandle (Close),Bullish Directional Shift,Bearish Directional Shift,Fast EMA,Slow EMA,Trend EMA,Long Signal,Short Signal,Bars In Trade
2026-05-25T20:00:00-04:00,4559.68,4560.15,4539.65,4549.68,4559.68,4560.15,4539.65,4549.68,0,0,4561.391798088419,4563.443102839195,4546.170100193279,0,0,
2026-05-25T21:00:00-04:00,4549.67,4550.25,4527.69,4537.05,4549.67,4550.25,4527.69,4537.05,0,0,4553.27786539228,4559.672659576452,4545.989504149848,0,0,
2026-05-25T22:00:00-04:00,4537.06,4539.6,4530.1,4532.28,4537.06,4539.6,4530.1,4532.28,0,0,4546.278576928186,4555.759422494102,4545.718028820148,0,0,
2026-05-25T23:00:00-04:00,4532.27,4545.44,4532.13,4542.4,4532.27,4545.44,4532.13,4542.4,0,0,4544.985717952124,4553.850933566373,4545.652325279155,0,0,
2026-05-26T00:00:00-04:00,4542.4,4543.23,4523.54,4525.51,4542.4,4543.23,4523.54,4525.51,0,0,4538.493811968083,4549.8022287711765,4545.253467352835,0,0,
2026-05-26T01:00:00-04:00,4525.51,4535.11,4523.03,4527.31,4525.51,4535.11,4523.03,4527.31,0,0,4534.765874645389,4546.589053232437,4544.89815116763,0,0,
2026-05-26T02:00:00-04:00,4527.29,4536.23,4527.07,4531.07,4527.29,4536.23,4527.07,4531.07,0,0,4533.5339164302595,4544.372045627803,4544.624326392033,0,0,
2026-05-26T03:00:00-04:00,4531.14,4539.03,4521.74,4538.26,4531.14,4539.03,4521.74,4538.26,0,0,4535.109277620173,4543.498896252403,4544.498300126845,0,0,
2026-05-26T04:00:00-04:00,4538.29,4538.81,4520.21,4523.82,4538.29,4538.81,4520.21,4523.82,0,0,4531.346185080115,4540.687625359203,4544.088828837204,0,0,
2026-05-26T05:00:00-04:00,4523.82,4526.49,4512.14,4522.74,4523.82,4526.49,4512.14,4522.74,0,0,4528.477456720077,4538.123678879317,4543.66607975132,0,0,
2026-05-26T06:00:00-04:00,4522.74,4540.56,4519.46,4534.54,4522.74,4540.56,4519.46,4534.54,0,0,4530.498304480051,4537.6117247537,4543.485365300799,0,0,
2026-05-26T07:00:00-04:00,4534.61,4536.27,4503.9,4507.24,4534.61,4536.27,4503.9,4507.24,0,0,4522.745536320034,4533.272906931743,4542.767635294842,0,0,
2026-05-26T08:00:00-04:00,4507.24,4523.74,4500.73,4520.37,4507.24,4523.74,4500.73,4520.37,0,0,4521.953690880023,4531.429634512922,4542.324117764251,0,0,
2026-05-26T09:00:00-04:00,4520.4,4531.42,4512.28,4514.06,4520.4,4531.42,4512.28,4514.06,0,0,4519.322460586682,4528.948258153933,4541.764432263969,0,0,
2026-05-26T10:00:00-04:00,4514.14,4524.99,4507.97,4515.32,4514.14,4524.99,4507.97,4515.32,0,0,4517.988307057788,4527.001364131943,4541.24078013993,0,0,
2026-05-26T11:00:00-04:00,4515.31,4515.58,4502.31,4506.5,4515.31,4515.58,4502.31,4506.5,0,0,4514.158871371858,4524.0725978273795,4540.552843899536,0,0,
2026-05-26T12:00:00-04:00,4506.58,4511.28,4499.86,4504.96,4506.58,4511.28,4499.86,4504.96,0,0,4511.092580914572,4521.342226709183,4539.848035109447,0,0,
2026-05-26T13:00:00-04:00,4504.95,4507.55,4489.88,4491.01,4504.95,4507.55,4489.88,4491.01,0,0,4504.398387276381,4517.009051465014,4538.880945305299,0,0,
2026-05-26T14:00:00-04:00,4490.96,4499.62,4482.6,4499.35,4490.96,4499.62,4482.6,4499.35,0,0,4502.715591517587,4514.486329827155,4538.098154309155,0,0,
2026-05-26T15:00:00-04:00,4499.35,4510.01,4497.72,4509.03,4499.35,4510.01,4497.72,4509.03,0,0,4504.820394345058,4513.706854137561,4537.5225472931315,0,0,
2026-05-26T16:00:00-04:00,4509.02,4510.54,4504.11,4507.11,4509.02,4510.54,4504.11,4507.11,0,0,4505.583596230039,4512.764446403624,4536.920318633862,0,0,
2026-05-26T18:00:00-04:00,4537,4538.71,4498.03,4511,4537,4538.71,4498.03,4511,1,0,4507.389064153359,4512.512382631678,4536.407044997548,0,0,
2026-05-26T19:00:00-04:00,4511.01,4528,4504.53,4519.73,4511.01,4528,4504.53,4519.73,0,0,4511.502709435573,4513.543470827152,4536.076806482745,0,0,
2026-05-26T20:00:00-04:00,4519.7,4525.9,4514.2,4515.16,4519.7,4525.9,4514.2,4515.16,0,0,4512.721806290382,4513.774403566131,4535.662612294968,0,0,
2026-05-26T21:00:00-04:00,4515.17,4521.17,4506.94,4508.01,4515.17,4521.17,4506.94,4508.01,0,1,4511.1512041935885,4512.950917342398,4535.11503581388,0,0,
2026-05-26T22:00:00-04:00,4508.02,4509.69,4498.16,4505.83,4508.02,4509.69,4498.16,4505.83,0,0,4509.377469462393,4511.93364343634,4534.535134114595,0,0,
2026-05-26T23:00:00-04:00,4505.82,4511.98,4496.69,4497.14,4505.82,4511.98,4496.69,4497.14,0,0,4505.298312974928,4509.8202658025775,4533.794636409356,0,0,
2026-05-27T00:00:00-04:00,4497.18,4517.33,4495.92,4510.15,4497.18,4517.33,4495.92,4510.15,0,0,4506.915541983285,4509.8673706879235,4533.326425787389,0,0,
2026-05-27T01:00:00-04:00,4510.2,4513.89,4491.77,4497.62,4510.2,4513.89,4491.77,4497.62,0,0,4503.817027988856,4508.117746303935,4532.619367851005,0,0,
2026-05-27T02:00:00-04:00,4497.61,4499.26,4480.02,4485.24,4497.61,4499.26,4480.02,4485.24,0,0,4497.6246853259045,4504.849496831944,4531.681162547025,0,0,
2026-05-27T03:00:00-04:00,4485.24,4489.25,4475.86,4482.07,4485.24,4489.25,4475.86,4482.07,0,0,4492.43979021727,4501.595282998809,4530.6987632886685,0,0,
2026-05-27T04:00:00-04:00,4482.08,4498.71,4481.56,4497.89,4482.08,4498.71,4481.56,4497.89,0,0,4494.256526811513,4501.065956856122,4530.049084807705,0,0,
2026-05-27T05:00:00-04:00,4497.88,4497.88,4486.98,4490.19,4497.88,4497.88,4486.98,4490.19,0,0,4492.901017874342,4499.512248733819,4529.259795999632,0,0,
2026-05-27T06:00:00-04:00,4490.23,4490.62,4442.83,4445.87,4490.23,4490.62,4442.83,4445.87,0,0,4477.224011916228,4491.8490703432735,4527.60851291053,0,0,
2026-05-27T07:00:00-04:00,4445.96,4453.33,4425.1,4428.68,4445.96,4453.33,4425.1,4428.68,0,0,4461.042674610819,4482.824917437091,4525.649532456857,0,0,
2026-05-27T08:00:00-04:00,4428.68,4466.58,4427.63,4438.89,4428.68,4466.58,4427.63,4438.89,0,0,4453.658449740546,4476.548500660364,4523.931521913157,0,0,
2026-05-27T09:00:00-04:00,4438.89,4439.02,4401.47,4427.43,4438.89,4439.02,4401.47,4427.43,0,0,4444.9156331603635,4469.5315719945975,4522.020600687154,0,0,
2026-05-27T10:00:00-04:00,4427.37,4455.5,4426.21,4434.01,4427.37,4455.5,4426.21,4434.01,0,0,4441.280422106909,4464.457061709655,4520.277816515131,0,0,
2026-05-27T11:00:00-04:00,4433.93,4441.56,4428.23,4436.54,4433.93,4441.56,4428.23,4436.54,0,0,4439.700281404606,4460.468910036847,4518.619641930673,0,0,
2026-05-27T12:00:00-04:00,4436.55,4453.36,4434.23,4450.87,4436.55,4453.36,4434.23,4450.87,0,0,4443.423520936404,4459.09763717444,4517.2780648627395,0,0,
2026-05-27T13:00:00-04:00,4450.85,4454.33,4441.51,4450.4,4450.85,4454.33,4441.51,4450.4,0,0,4445.749013957603,4457.855117578091,4515.953746746645,0,0,
2026-05-27T14:00:00-04:00,4450.41,4458.35,4447.74,4454.46,4450.41,4458.35,4447.74,4454.46,0,0,4448.652675971735,4457.3701007812215,4514.7360487912665,0,0,
2026-05-27T15:00:00-04:00,4454.45,4454.82,4448.82,4450.95,4454.45,4454.82,4448.82,4450.95,0,0,4449.418450647823,4456.452943526761,4513.472958716192,0,0,
2026-05-27T16:00:00-04:00,4450.9,4458.88,4450.13,4456.08,4450.9,4458.88,4450.13,4456.08,0,0,4451.638967098549,4456.399665880082,4512.336464484188,0,0,
2026-05-27T18:00:00-04:00,4455.65,4467.47,4455.25,4457.51,4455.65,4467.47,4455.25,4457.51,0,0,4453.5959780656995,4456.55828504007,4511.250791920144,0,0,
2026-05-27T19:00:00-04:00,4457.54,4457.89,4443.86,4447.17,4457.54,4457.89,4443.86,4447.17,0,0,4451.453985377133,4455.217101462917,4509.981865347469,0,0,
2026-05-27T20:00:00-04:00,4447.17,4458.07,4443.57,4457.19,4447.17,4458.07,4443.57,4457.19,0,0,4453.365990251422,4455.498944111071,4508.936481875241,0,0,
2026-05-27T21:00:00-04:00,4457.15,4458.98,4406.95,4410.04,4457.15,4458.98,4406.95,4410.04,0,0,4438.923993500948,4449.004809238061,4506.978135699494,0,0,
2026-05-27T22:00:00-04:00,4410.06,4412.7,4392.65,4394.46,4410.06,4412.7,4392.65,4394.46,0,0,4424.102662333966,4441.212693632624,4504.750053804454,0,0,
2026-05-27T23:00:00-04:00,4394.43,4397.87,4368.49,4374.86,4394.43,4397.87,4368.49,4374.86,0,0,4407.688441555977,4431.733737399392,4502.177973531098,0,0,
2026-05-28T00:00:00-04:00,4374.8,4382.1,4366.43,4373.02,4374.8,4382.1,4366.43,4373.02,0,0,4396.132294370652,4423.3460606280505,4499.620389896819,0,0,
2026-05-28T01:00:00-04:00,4373.03,4395.9,4367.24,4388.07,4373.03,4395.9,4367.24,4388.07,0,0,4393.444862913768,4418.306623395471,4497.4114712850005,0,0,
2026-05-28T02:00:00-04:00,4388.06,4390.7,4374.36,4383.57,4388.06,4390.7,4374.36,4383.57,0,0,4390.153241942512,4413.3442486246895,4495.1571847249015,0,0,
2026-05-28T03:00:00-04:00,4383.57,4396.34,4382.98,4387.56,4383.57,4396.34,4382.98,4387.56,0,0,4389.2888279616745,4409.660784535448,4493.026547403616,0,0,
2026-05-28T04:00:00-04:00,4387.54,4395,4385.95,4386.99,4387.54,4395,4385.95,4386.99,0,0,4388.52255197445,4406.4221010303845,4490.926813791663,0,0,
2026-05-28T05:00:00-04:00,4386.97,4399.14,4386.5,4393.65,4386.97,4399.14,4386.5,4393.65,0,0,4390.2317013163,4404.597515168901,4489.000540251234,0,0,
2026-05-28T06:00:00-04:00,4393.65,4404.18,4375.43,4383.09,4393.65,4404.18,4375.43,4383.09,0,0,4387.851134210867,4401.525013001915,4486.903301830418,0,0,
2026-05-28T07:00:00-04:00,4383.08,4390.55,4381,4388.01,4383.08,4390.55,4381,4388.01,0,0,4387.904089473911,4399.594296858784,4484.9450186258555,0,0,
2026-05-28T08:00:00-04:00,4388.16,4433.86,4379.75,4432.21,4388.16,4433.86,4379.75,4432.21,1,0,4402.672726315941,4404.253683021815,4483.900760831284,0,0,
2026-05-28T09:00:00-04:00,4432.21,4439.09,4418.25,4430.59,4432.21,4439.09,4418.25,4430.59,0,0,4411.978484210627,4408.016014018699,4482.845102200961,0,0,
2026-05-28T10:00:00-04:00,4430.54,4480.42,4420.8,4469.36,4430.54,4480.42,4420.8,4469.36,0,0,4431.105656140418,4416.7794405874565,4482.578070474209,0,0,
2026-05-28T11:00:00-04:00,4469.81,4484.79,4468.79,4482.29,4469.81,4484.79,4468.79,4482.29,0,0,4448.167104093613,4426.138091932105,4482.572366108383,0,0,
2026-05-28T12:00:00-04:00,4482.3,4511.09,4478.04,4511.06,4482.3,4511.09,4478.04,4511.06,0,0,4469.1314027290755,4438.269793084662,4483.136477670593,0,0,
2026-05-28T13:00:00-04:00,4511.06,4514.53,4501.27,4508.94,4511.06,4514.53,4501.27,4508.94,0,0,4482.400935152717,4448.36553692971,4483.6474385087995,0,0,
2026-05-28T14:00:00-04:00,4508.97,4516.57,4498.6,4501.08,4508.97,4516.57,4498.6,4501.08,0,0,4488.627290101811,4455.89617451118,4483.992637746249,0,0,
2026-05-28T15:00:00-04:00,4501.36,4503.77,4497.21,4497.94,4501.36,4503.77,4497.21,4497.94,0,0,4491.73152673454,4461.902435295297,4484.268823137412,0,0,
2026-05-28T16:00:00-04:00,4497.88,4500.76,4494.97,4496.39,4497.88,4500.76,4494.97,4496.39,0,0,4493.284351156361,4466.829230253112,4484.508846441622,0,0,
2026-05-28T18:00:00-04:00,4496.1,4499.75,4491.16,4491.28,4496.1,4499.75,4491.16,4491.28,0,0,4492.61623410424,4470.32219735981,4484.642928690303,0,0,
2026-05-28T19:00:00-04:00,4491.29,4497.04,4489.1,4495.2,4491.29,4497.04,4489.1,4495.2,0,0,4493.477489402827,4473.876169165552,4484.851979607327,0,0,
2026-05-28T20:00:00-04:00,4495.2,4500.61,4492.2,4496.15,4495.2,4500.61,4492.2,4496.15,0,0,4494.368326268551,4477.058144999044,4485.07570278342,0,0,
2026-05-28T21:00:00-04:00,4496.15,4520.7,4492.5,4506.55,4496.15,4520.7,4492.5,4506.55,0,0,4498.428884179034,4481.271267142038,4485.500936391669,0,0,
2026-05-28T22:00:00-04:00,4506.55,4511.21,4498.42,4501.84,4506.55,4511.21,4498.42,4501.84,0,0,4499.565922786022,4484.209657550318,4485.824482205695,0,0,
2026-05-28T23:00:00-04:00,4501.71,4502.09,4494.9,4501.33,4501.71,4502.09,4494.9,4501.33,0,0,4500.153948524015,4486.655420757415,4486.131522162018,0,0,
2026-05-29T00:00:00-04:00,4501.35,4514.87,4501.1,4514.19,4501.35,4514.87,4501.1,4514.19,0,0,4504.832632349343,4490.588932077784,4486.687135584552,0,0,
2026-05-29T01:00:00-04:00,4514.18,4515.83,4502.75,4515.02,4514.18,4515.83,4502.75,4515.02,0,0,4508.2284215662285,4494.0790846381005,4487.24818240466,0,0,
2026-05-29T02:00:00-04:00,4515,4524.09,4510.11,4523.71,4515,4524.09,4510.11,4523.71,0,0,4513.388947710819,4498.312072546943,4487.970198594667,0,0,
2026-05-29T03:00:00-04:00,4523.72,4526.18,4510.78,4524.77,4523.72,4526.18,4510.78,4524.77,0,0,4517.182631807213,4502.091776468808,4488.698907533386,0,0,
2026-05-29T04:00:00-04:00,4524.75,4524.8,4510.04,4514.96,4524.75,4524.8,4510.04,4514.96,0,0,4516.441754538142,4503.930094116122,4489.218929166388,0,0,
2026-05-29T05:00:00-04:00,4514.96,4539.63,4513.37,4531.17,4514.96,4539.63,4513.37,4531.17,0,0,4521.351169692095,4507.82150924239,4490.049643440321,0,0,
2026-05-29T06:00:00-04:00,4531.17,4543.34,4525.56,4538.56,4531.17,4543.34,4525.56,4538.56,0,0,4527.087446461397,4512.212722207762,4491.010244560315,0,0,
2026-05-29T07:00:00-04:00,4538.56,4540.46,4525.92,4538.43,4538.56,4540.46,4525.92,4538.43,0,0,4530.868297640932,4515.958047606654,4491.949249618527,0,0,
2026-05-29T08:00:00-04:00,4538.58,4538.62,4512.8,4523.01,4538.58,4538.62,4512.8,4523.01,0,0,4528.248865093955,4516.965469377132,4492.564313982516,0,0,
2026-05-29T09:00:00-04:00,4523.08,4540.74,4517.17,4536.82,4523.08,4540.74,4517.17,4536.82,0,0,4531.105910062636,4519.801830894684,4493.440664200684,0,0,
2026-05-29T10:00:00-04:00,4536.83,4570.51,4525.51,4564.25,4536.83,4570.51,4525.51,4564.25,0,0,4542.153940041758,4526.151569338301,4494.842829266017,0,0,
2026-05-29T11:00:00-04:00,4564.24,4595.34,4557.62,4571.14,4564.24,4595.34,4557.62,4571.14,0,0,4551.815960027839,4532.578488004257,4496.353664330057,0,0,
2026-05-29T12:00:00-04:00,4571.16,4573.43,4559.97,4566.99,4571.16,4573.43,4559.97,4566.99,0,0,4556.873973351892,4537.494418289363,4497.752403650254,0,0,
2026-05-29T13:00:00-04:00,4567.17,4568.58,4551.7,4553.5,4567.17,4568.58,4551.7,4553.5,0,0,4555.7493155679285,4539.780929962311,4498.856316449259,0,0,
2026-05-29T14:00:00-04:00,4553.5,4561.72,4550.99,4553.37,4553.5,4561.72,4550.99,4553.37,0,0,4554.956210378619,4541.722225681981,4499.935795331452,0,0,
2026-05-29T15:00:00-04:00,4553.36,4560.24,4543,4545.47,4553.36,4560.24,4543,4545.47,0,0,4551.794140252413,4542.257622013127,4500.837462750631,0,0,
2026-05-29T16:00:00-04:00,4545.59,4549.14,4539.66,4541.23,4545.59,4549.14,4539.66,4541.23,0,0,4548.272760168275,4542.110818868395,4501.637314973391,0,0,
2026-05-31T18:00:00-04:00,4519.09,4540.46,4518.11,4535.36,4519.09,4540.46,4518.11,4535.36,0,0,4543.9685067788505,4541.14641617291,4502.305090914512,0,0,
2026-05-31T19:00:00-04:00,4535.36,4545.78,4535.13,4539.59,4535.36,4545.78,4535.13,4539.59,0,0,4542.509004519234,4540.924071005352,4503.043405945908,0,0,
2026-05-31T20:00:00-04:00,4539.62,4546.07,4535.31,4540.72,4539.62,4546.07,4535.31,4540.72,0,0,4541.912669679489,4540.894918004587,4503.789477115296,0,0,
2026-05-31T21:00:00-04:00,4540.77,4541.34,4523.82,4525.55,4540.77,4541.34,4523.82,4525.55,0,0,4536.458446452993,4538.702786861075,4504.220378558557,0,0,
2026-05-31T22:00:00-04:00,4525.55,4534.63,4521.19,4521.52,4525.55,4534.63,4521.19,4521.52,0,0,4531.478964301995,4536.248103023779,4504.5629453197735,0,0,
2026-05-31T23:00:00-04:00,4521.47,4525.58,4509.9,4516.33,4521.47,4525.58,4509.9,4516.33,0,1,4526.429309534663,4533.402659734667,4504.79595630354,0,0,
2026-06-01T00:00:00-04:00,4516.34,4519.67,4508.64,4514.47,4516.34,4519.67,4508.64,4514.47,0,0,4522.442873023108,4530.697994058286,4504.987521525252,0,0,
2026-06-01T01:00:00-04:00,4514.48,4525.2,4512.71,4518.26,4514.48,4525.2,4512.71,4518.26,0,0,4521.048582015405,4528.921137764245,4505.250342881188,0,0,
2026-06-01T02:00:00-04:00,4518.26,4518.77,4500.34,4501.7,4518.26,4518.77,4500.34,4501.7,0,0,4514.599054676937,4525.032403797924,4505.180039061758,0,0,
2026-06-01T03:00:00-04:00,4501.78,4510.01,4492.5,4503.14,4501.78,4510.01,4492.5,4503.14,0,0,4510.779369784625,4521.904917541078,4505.139642248654,0,0,
2026-06-01T04:00:00-04:00,4503.15,4504.51,4490.64,4498.08,4503.15,4504.51,4490.64,4498.08,0,0,4506.546246523083,4518.501357892353,4504.999847352641,0,0,
2026-06-01T05:00:00-04:00,4498.09,4506.37,4489.22,4496.06,4498.09,4506.37,4489.22,4496.06,0,0,4503.050831015389,4515.295449622016,4504.822820672391,0,0,
2026-06-01T06:00:00-04:00,4496.06,4510.99,4496.03,4504.04,4496.06,4510.99,4496.03,4504.04,0,0,4503.380554010259,4513.687528247443,4504.807319272937,0,0,
2026-06-01T07:00:00-04:00,4504.04,4512.96,4499.91,4505.9,4504.04,4512.96,4499.91,4505.9,0,0,4504.2203693401725,4512.575024212094,4504.828956515057,0,0,
2026-06-01T08:00:00-04:00,4505.91,4510.51,4497.52,4502.21,4505.91,4510.51,4497.52,4502.21,0,0,4503.550246226781,4511.094306467509,4504.777095990006,0,0,
2026-06-01T09:00:00-04:00,4502.2,4503.86,4448.95,4450.44,4502.2,4503.86,4448.95,4450.44,0,0,4485.846830817854,4502.429405543579,4503.701113891194,0,0,
2026-06-01T10:00:00-04:00,4450.47,4464.8,4447.76,4458.71,4450.47,4464.8,4447.76,4458.71,0,0,4476.801220545236,4496.183776180211,4502.810200744833,0,0,
2026-06-01T11:00:00-04:00,4458.73,4479.81,4455.59,4474.14,4458.73,4479.81,4455.59,4474.14,0,0,4475.914147030157,4493.034665297324,4502.242473997411,0,0,
2026-06-01T12:00:00-04:00,4474.17,4482.22,4463.15,4480.13,4474.17,4482.22,4463.15,4480.13,0,0,4477.319431353439,4491.191141683421,4501.804603225185,0,0,
2026-06-01T13:00:00-04:00,4480.11,4495.44,4471.48,4487.56,4480.11,4495.44,4471.48,4487.56,0,0,4480.732954235626,4490.672407157218,4501.522531874191,0,0,
2026-06-01T14:00:00-04:00,4487.59,4490.21,4484.9,4486.74,4487.59,4490.21,4484.9,4486.74,0,0,4482.73530282375,4490.110634706187,4501.229808470742,0,0,
2026-06-01T15:00:00-04:00,4486.73,4488.25,4479.17,4481.18,4486.73,4488.25,4479.17,4481.18,0,0,4482.216868549167,4488.83482974816,4500.83278256043,0,0,
2026-06-01T16:00:00-04:00,4481.17,4485.87,4480.16,4484.07,4481.17,4485.87,4480.16,4484.07,0,0,4482.834579032778,4488.1541397841365,4500.500846272104,0,0,
2026-06-01T18:00:00-04:00,4487.98,4488.51,4479.74,4485.69,4487.98,4488.51,4479.74,4485.69,0,0,4483.786386021851,4487.8021198149745,4500.207562187508,0,0,
2026-06-01T19:00:00-04:00,4485.63,4488.32,4479.45,4484.52,4485.63,4488.32,4479.45,4484.52,0,0,4484.030924014568,4487.333245555693,4499.896917391716,0,0,
2026-06-01T20:00:00-04:00,4484.52,4497.16,4476.78,4481.5,4484.52,4497.16,4476.78,4481.5,0,0,4483.187282676378,4486.499924762023,4499.532621997821,0,0,
2026-06-01T21:00:00-04:00,4481.45,4492.41,4462.97,4474.16,4481.45,4492.41,4462.97,4474.16,0,0,4480.178188450919,4484.737078367448,4499.030193839448,0,0,
2026-06-01T22:00:00-04:00,4474.08,4486.63,4472.4,4485.98,4474.08,4486.63,4472.4,4485.98,0,0,4482.112125633946,4484.91463860067,4498.771774159459,0,0,
2026-06-01T23:00:00-04:00,4486.01,4499.4,4485.75,4499.33,4486.01,4499.4,4485.75,4499.33,0,0,4487.851417089297,4486.9739759434315,4498.782828136499,0,0,
2026-06-02T00:00:00-04:00,4499.34,4518.23,4497.8,4517.4,4499.34,4518.23,4497.8,4517.4,1,0,4497.700944726198,4491.320550808656,4499.1514850050835,0,0,
2026-06-02T01:00:00-04:00,4517.4,4528.23,4515.23,4517.07,4517.4,4528.23,4515.23,4517.07,0,0,4504.157296484132,4494.999043550276,4499.506307084191,0,0,
2026-06-02T02:00:00-04:00,4517.08,4538.23,4516.97,4535.81,4517.08,4538.23,4516.97,4535.81,0,0,4514.708197656088,4500.8291801859505,4500.225192092425,0,0,
2026-06-02T03:00:00-04:00,4535.78,4541.52,4528.04,4535.11,4535.78,4541.52,4528.04,4535.11,0,0,4521.508798437391,4505.726440159386,4500.915980367822,0,0,
2026-06-02T04:00:00-04:00,4535.12,4539.24,4526.01,4526.74,4535.12,4539.24,4526.01,4526.74,0,0,4523.252532291594,4508.7283772794735,4501.427347093212,0,0,
2026-06-02T05:00:00-04:00,4526.74,4535.77,4521.75,4529.98,4526.74,4535.77,4521.75,4529.98,0,0,4525.4950215277295,4511.764323382406,4501.992746160673,0,0,
2026-06-02T06:00:00-04:00,4529.87,4534,4524.68,4533.18,4529.87,4534,4524.68,4533.18,0,0,4528.056681018486,4514.823705756347,4502.61031554363,0,0,
2026-06-02T07:00:00-04:00,4533.18,4534.68,4525.63,4527.53,4533.18,4534.68,4525.63,4527.53,0,0,4527.881120678991,4516.638890648298,4503.103774641776,0,0,
2026-06-02T08:00:00-04:00,4527.54,4534.18,4513.47,4514.76,4527.54,4534.18,4513.47,4514.76,0,0,4523.507413785994,4516.370477698541,4503.334590985503,0,0,
2026-06-02T09:00:00-04:00,4514.8,4524.87,4502.71,4502.8,4514.8,4524.87,4502.71,4502.8,0,1,4516.604942523996,4514.431838027322,4503.324005025394,0,0,
2026-06-02T10:00:00-04:00,4502.8,4507.06,4490.34,4504.22,4502.8,4507.06,4490.34,4504.22,0,0,4512.476628349331,4512.973004023419,4503.341747500139,0,0,
2026-06-02T11:00:00-04:00,4504.22,4508.55,4500.17,4502.11,4504.22,4508.55,4500.17,4502.11,0,0,4509.021085566221,4511.421146305787,4503.317356460532,0,0,
2026-06-02T12:00:00-04:00,4502.12,4502.92,4486.39,4491.94,4502.12,4502.92,4486.39,4491.94,0,0,4503.327390377481,4508.63812540496,4503.092062273195,0,0,
2026-06-02T13:00:00-04:00,4491.92,4493.05,4482.14,4484.66,4491.92,4493.05,4482.14,4484.66,0,0,4497.10492691832,4505.212678918538,4502.727070941052,0,0,
2026-06-02T14:00:00-04:00,4484.65,4490.98,4478.75,4487.43,4484.65,4490.98,4478.75,4487.43,0,0,4493.87995127888,4502.672296215889,4502.42415864519,0,0,
2026-06-02T15:00:00-04:00,4487.44,4490.36,4483.47,4488.12,4487.44,4490.36,4483.47,4488.12,0,0,4491.959967519253,4500.593396756476,4502.140907978948,0,0,
2026-06-02T16:00:00-04:00,4488.17,4491.08,4486.32,4488.27,4488.17,4491.08,4486.32,4488.27,0,0,4490.7299783461685,4498.832911505551,4501.8662365338205,0,0,
2026-06-02T18:00:00-04:00,4490.78,4493.26,4484.27,4485,4490.78,4493.26,4484.27,4485,0,0,4488.819985564112,4496.856781290472,4501.532251651963,0,0,
2026-06-02T19:00:00-04:00,4484.94,4488.77,4462.27,4474.51,4484.94,4488.77,4462.27,4474.51,0,0,4484.049990376075,4493.664383963262,4500.997157559845,0,0,
2026-06-02T20:00:00-04:00,4474.51,4496.76,4473.86,4486.24,4474.51,4496.76,4473.86,4486.24,0,0,4484.779993584049,4492.603757682796,4500.704936618065,0,0,
2026-06-02T21:00:00-04:00,4486.21,4487.55,4463.4,4475.81,4486.21,4487.55,4463.4,4475.81,0,0,4481.7899957227,4490.204649442397,4500.211967576123,0,0,
2026-06-02T22:00:00-04:00,4475.81,4485.15,4472.87,4481.95,4475.81,4485.15,4472.87,4481.95,0,0,4481.8433304818,4489.025413807769,4499.850344455804,0,0,
2026-06-02T23:00:00-04:00,4481.98,4487.61,4481.89,4484.44,4481.98,4487.61,4481.89,4484.44,0,0,4482.708886987866,4488.370354692373,4499.5451891200455,0,0,
2026-06-03T00:00:00-04:00,4484.43,4488.19,4468.37,4469.44,4484.43,4488.19,4468.37,4469.44,0,0,4478.285924658578,4485.666018307748,4498.949046761233,0,0,
2026-06-03T01:00:00-04:00,4469.42,4474.23,4456.71,4457.06,4469.42,4474.23,4456.71,4457.06,0,0,4471.210616439052,4481.579444263784,4498.119560686753,0,0,
2026-06-03T02:00:00-04:00,4457.06,4470.92,4455.34,4463.04,4457.06,4470.92,4455.34,4463.04,0,0,4468.487077626034,4478.930952226101,4497.424915920679,0,0,
2026-06-03T03:00:00-04:00,4463.05,4472.25,4452.91,4453.32,4463.05,4472.25,4452.91,4453.32,0,0,4463.431385084023,4475.2722447652295,4496.551551248983,0,0,
2026-06-03T04:00:00-04:00,4453.31,4459.29,4440.21,4444.02,4453.31,4459.29,4440.21,4444.02,0,0,4456.960923389349,4470.807638370196,4495.511322511379,0,0,
2026-06-03T05:00:00-04:00,4444.02,4459.02,4439,4443.1,4444.02,4459.02,4439,4443.1,0,0,4452.3406155929,4466.849404317311,4494.473474540857,0,0,
2026-06-03T06:00:00-04:00,4443.1,4467.05,4440.96,4459.04,4443.1,4467.05,4440.96,4459.04,0,0,4454.5737437286,4465.733775129124,4493.771821579652,0,0,
2026-06-03T07:00:00-04:00,4459.04,4468.07,4458.57,4462.42,4459.04,4468.07,4458.57,4462.42,0,0,4457.1891624857335,4465.260378682106,4493.15099342956,0,0,
2026-06-03T08:00:00-04:00,4462.42,4467.27,4448.29,4460.47,4462.42,4467.27,4448.29,4460.47,0,0,4458.282774990489,4464.576038870377,4492.503845044816,0,0,
2026-06-03T09:00:00-04:00,4460.36,4466.02,4426.41,4446.83,4460.36,4466.02,4426.41,4446.83,0,0,4454.465183326993,4462.040890460323,4491.599412469672,0,0,
2026-06-03T10:00:00-04:00,4446.69,4459.66,4442.4,4457.19,4446.69,4459.66,4442.4,4457.19,0,0,4455.373455551328,4461.347906108848,4490.918037965322,0,0,
2026-06-03T11:00:00-04:00,4457.25,4458.42,4436.94,4442.23,4457.25,4458.42,4436.94,4442.23,0,0,4450.992303700886,4458.616776664727,4489.953918401652,0,0,
2026-06-03T12:00:00-04:00,4442.24,4443.95,4433.86,4441.9,4442.24,4443.95,4433.86,4441.9,0,0,4447.96153580059,4456.228665712623,4489.002355661025,0,0,
2026-06-03T13:00:00-04:00,4441.91,4448.34,4435.62,4439.04,4441.91,4448.34,4435.62,4439.04,0,0,4444.987690533727,4453.773142039391,4488.013002083579,0,0,
2026-06-03T14:00:00-04:00,4439.04,4442.94,4435.22,4442.11,4439.04,4442.94,4435.22,4442.11,0,0,4444.0284603558175,4452.106978890906,4487.10403174529,0,0,
2026-06-03T15:00:00-04:00,4442.11,4452.27,4441.46,4443.97,4442.11,4452.27,4441.46,4443.97,0,0,4444.008973570545,4450.944553335063,4486.2498925028085,0,0,
2026-06-03T16:00:00-04:00,4443.98,4445.41,4430.53,4433.98,4443.98,4445.41,4430.53,4433.98,0,0,4440.665982380363,4448.521045715768,4485.214845126516,0,0,
2026-06-03T18:00:00-04:00,4436.58,4452.89,4424.02,4448.99,4436.58,4452.89,4424.02,4448.99,0,0,4443.440654920242,4448.588039184944,4484.497521460644,0,0,
2026-06-03T19:00:00-04:00,4449.03,4464.73,4445.44,4457.34,4449.03,4464.73,4445.44,4457.34,0,0,4448.073769946828,4449.838319301381,4483.959748758453,0,0,
2026-06-03T20:00:00-04:00,4457.32,4465.31,4444.18,4448.49,4457.32,4465.31,4444.18,4448.49,0,0,4448.212513297885,4449.645702258326,4483.25737749591,0,0,
2026-06-03T21:00:00-04:00,4448.49,4473.71,4443.46,4465.86,4448.49,4473.71,4443.46,4465.86,0,0,4454.095008865257,4451.962030507137,4482.912874971239,0,0,
2026-06-03T22:00:00-04:00,4465.82,4476.54,4455.64,4475.06,4465.82,4476.54,4455.64,4475.06,0,0,4461.083339243505,4455.261740434688,4482.757372496561,0,0,
2026-06-03T23:00:00-04:00,4474.91,4477.31,4458.44,4463.8,4474.91,4477.31,4458.44,4463.8,0,0,4461.988892829004,4456.481491801162,4482.381978981778,0,0,
2026-06-04T00:00:00-04:00,4463.81,4484.05,4462.39,4481.08,4463.81,4484.05,4462.39,4481.08,1,0,4468.352595219336,4459.995564400996,4482.356197219763,0,0,
2026-06-04T01:00:00-04:00,4481.1,4482.43,4466.96,4469.27,4481.1,4482.43,4466.96,4469.27,0,0,4468.658396812891,4461.320483772282,4482.09706460155,0,0,
2026-06-04T02:00:00-04:00,4469.26,4477.23,4462.97,4467.76,4469.26,4477.23,4462.97,4467.76,0,1,4468.358931208594,4462.2404146619565,4481.813162332212,0,0,
2026-06-04T03:00:00-04:00,4467.79,4470.78,4459.79,4461.69,4467.79,4470.78,4459.79,4461.69,0,0,4466.135954139063,4462.161783995963,4481.414683870188,0,0,
2026-06-04T04:00:00-04:00,4461.71,4469.46,4458.57,4463.36,4461.71,4469.46,4458.57,4463.36,0,0,4465.210636092708,4462.332957710825,4481.057165377709,0,0,
2026-06-04T05:00:00-04:00,4463.36,4475.67,4461.07,4470.43,4463.36,4475.67,4461.07,4470.43,1,0,4466.950424061805,4463.48967803785,4480.846726459338,0,0,
2026-06-04T06:00:00-04:00,4470.44,4473.91,4464.37,4473.68,4470.44,4473.91,4464.37,4473.68,0,0,4469.193616041203,4464.945438318157,4480.704811083906,0,0,
2026-06-04T07:00:00-04:00,4473.69,4514.69,4468.76,4511.56,4473.69,4514.69,4468.76,4511.56,0,0,4483.315744027469,4471.604661415564,4481.315804923828,0,0,
2026-06-04T08:00:00-04:00,4511.57,4513.83,4491.29,4504.22,4511.57,4513.83,4491.29,4504.22,0,0,4490.283829351646,4476.2639954990545,4481.769353341178,0,0,
2026-06-04T09:00:00-04:00,4504.06,4515.47,4495.49,4495.86,4504.06,4515.47,4495.49,4495.86,0,0,4492.142552901098,4479.063424713475,4482.0483760472935,0,0,
2026-06-04T10:00:00-04:00,4495.84,4499.99,4457.32,4465.91,4495.84,4499.99,4457.32,4465.91,0,1,4483.398368600731,4477.184364040121,4481.728804244377,0,0,
2026-06-04T11:00:00-04:00,4465.9,4479.12,4463.77,4477.47,4465.9,4479.12,4463.77,4477.47,0,0,4481.422245733821,4477.225169177247,4481.644471487062,0,0,
2026-06-04T12:00:00-04:00,4477.44,4485.14,4475.38,4482.83,4477.44,4485.14,4475.38,4482.83,1,0,4481.891497155881,4478.025859294783,4481.6679472992,0,0,
2026-06-04T13:00:00-04:00,4482.84,4482.84,4474.17,4478.23,4482.84,4482.84,4474.17,4478.23,0,0,4480.67099810392,4478.055022252671,4481.59986913486,0,0,
2026-06-04T14:00:00-04:00,4478.21,4481.09,4472.81,4478.17,4478.21,4481.09,4472.81,4478.17,0,0,4479.83733206928,4478.071447645147,4481.531950934169,0,0,
2026-06-04T15:00:00-04:00,4478.17,4483.45,4476.24,4480.82,4478.17,4483.45,4476.24,4480.82,0,0,4480.164888046186,4478.464097981554,4481.517852895869,0,0,
2026-06-04T16:00:00-04:00,4480.77,4481.72,4474.4,4475.63,4480.77,4481.72,4474.4,4475.63,0,0,4478.653258697457,4478.059226841332,4481.401261749415,0,0,
2026-06-04T18:00:00-04:00,4476.88,4481.56,4468.93,4469.65,4476.88,4481.56,4468.93,4469.65,0,1,4475.652172464971,4476.857908721142,4481.168563496952,0,1,
2026-06-04T19:00:00-04:00,4469.7,4474.08,4460.58,4461.67,4469.7,4474.08,4460.58,4461.67,0,0,4470.991448309981,4474.688207475265,4480.782453328695,0,0,
2026-06-04T20:00:00-04:00,4461.69,4466.93,4450.71,4459.3,4461.69,4466.93,4450.71,4459.3,0,0,4467.09429887332,4472.489892121655,4480.357058213275,0,0,
2026-06-04T21:00:00-04:00,4459.3,4470.02,4444.17,4446.85,4459.3,4470.02,4444.17,4446.85,0,0,4460.34619924888,4468.82705038999,4479.693552110042,0,0,
2026-06-04T22:00:00-04:00,4446.8,4455,4438.51,4440.59,4446.8,4455,4438.51,4440.59,0,0,4453.760799499253,4464.793186048563,4478.919224345487,0,0,
2026-06-04T23:00:00-04:00,4440.6,4443.9,4435.27,4442.38,4440.6,4443.9,4435.27,4442.38,0,0,4449.967199666169,4461.59130232734,4478.1956753485465,0,0,
2026-06-05T00:00:00-04:00,4442.38,4446.59,4437.61,4445.01,4442.38,4446.59,4437.61,4445.01,0,0,4448.314799777446,4459.222544852006,4477.538533262436,0,0,
2026-06-05T01:00:00-04:00,4445.01,4450.02,4438.74,4440,4445.01,4450.02,4438.74,4440,0,0,4445.543199851631,4456.476467016005,4476.795195970111,0,0,
2026-06-05T02:00:00-04:00,4440,4456.26,4428.86,4452.94,4440,4456.26,4428.86,4452.94,0,0,4448.008799901087,4455.97125744229,4476.322815851891,0,0,
2026-06-05T03:00:00-04:00,4452.92,4467.42,4451.9,4460.98,4452.92,4467.42,4451.9,4460.98,0,0,4452.332533267391,4456.686792093392,4476.01899771621,0,0,
2026-06-05T04:00:00-04:00,4460.98,4468.28,4458.86,4462.82,4460.98,4468.28,4458.86,4462.82,0,0,4455.828355511594,4457.562964651479,4475.7576314248,0,0,
2026-06-05T05:00:00-04:00,4462.83,4469.34,4458.95,4464.95,4462.83,4469.34,4458.95,4464.95,0,0,4458.868903674396,4458.618255415553,4475.543618921339,0,0,
2026-06-05T06:00:00-04:00,4464.95,4468.14,4461.99,4466.84,4464.95,4468.14,4461.99,4466.84,0,0,4461.525935782931,4459.792790356189,4475.371270031807,0,0,
2026-06-05T07:00:00-04:00,4466.76,4475.34,4458.69,4470.26,4466.76,4475.34,4458.69,4470.26,0,0,4464.437290521954,4461.2881060195905,4475.270056763851,0,0,
2026-06-05T08:00:00-04:00,4470.27,4475.8,4404.83,4406.19,4470.27,4475.8,4404.83,4406.19,0,0,4445.021527014636,4453.416948016792,4473.902134847735,0,1,
2026-06-05T09:00:00-04:00,4406.41,4421.06,4365.7,4365.81,4406.41,4421.06,4365.7,4365.81,0,0,4418.617684676425,4440.901669728679,4471.761696533918,0,0,0
2026-06-05T10:00:00-04:00,4365.86,4379.27,4344.66,4369.7,4365.86,4379.27,4344.66,4369.7,0,0,4402.311789784283,4430.730002624582,4469.7406728401775,0,0,
2026-06-05T11:00:00-04:00,4369.7,4372.64,4334.06,4335.55,4369.7,4372.64,4334.06,4335.55,0,0,4380.057859856189,4417.132859392499,4467.083431793837,0,0,
2026-06-05T12:00:00-04:00,4335.51,4344.98,4323.52,4344.6,4335.51,4344.98,4323.52,4344.6,0,0,4368.23857323746,4406.771022336427,4464.65801730287,0,0,
2026-06-05T13:00:00-04:00,4344.6,4347.4,4335.74,4341.81,4344.6,4347.4,4335.74,4341.81,0,0,4359.4290488249735,4397.490876288366,4462.225383296873,0,0,
2026-06-05T14:00:00-04:00,4341.8,4342.17,4315.31,4322.42,4341.8,4342.17,4315.31,4322.42,0,0,4347.092699216649,4386.766465390028,4459.4569598652515,0,0,
2026-06-05T15:00:00-04:00,4322.47,4325.12,4313.95,4318.55,4322.47,4325.12,4313.95,4318.55,0,0,4337.578466144432,4377.021256048596,4456.666723036236,0,0,
2026-06-05T16:00:00-04:00,4318.72,4331.08,4311.81,4327.97,4318.72,4331.08,4311.81,4327.97,0,0,4334.375644096288,4370.013933755939,4454.1182730751225,0,0,
2026-06-07T18:00:00-04:00,4327.61,4335.89,4310.18,4317.3,4327.61,4335.89,4310.18,4317.3,0,0,4328.683762730859,4362.483371790805,4451.409000340962,0,0,
2026-06-07T19:00:00-04:00,4317.42,4346.99,4317.37,4343.99,4317.42,4346.99,4317.37,4343.99,0,0,4333.785841820572,4359.841461534976,4449.281891423319,0,0,
2026-06-07T20:00:00-04:00,4344,4353.46,4339.85,4342.29,4344,4353.46,4339.85,4342.29,0,0,4336.620561213715,4357.334109887122,4447.163240108006,0,0,
2026-06-07T21:00:00-04:00,4342.28,4345.84,4300.16,4325.68,4342.28,4345.84,4300.16,4325.68,0,0,4332.9737074758095,4352.812094188962,4444.757631392996,0,0,
2026-06-07T22:00:00-04:00,4325.78,4330.8,4307.35,4310.63,4325.78,4330.8,4307.35,4310.63,0,0,4325.525804983873,4346.786080733396,4442.101638692145,0,0,
2026-06-07T23:00:00-04:00,4310.63,4317.24,4303.64,4316.99,4310.63,4317.24,4303.64,4316.99,0,0,4322.680536655916,4342.529497771483,4439.624180500221,0,0,
2026-06-08T00:00:00-04:00,4317.01,4321.82,4307.69,4312.71,4317.01,4321.82,4307.69,4312.71,0,0,4319.357024437277,4338.269569518414,4437.111028411107,0,0,
2026-06-08T01:00:00-04:00,4312.73,4316.17,4268.52,4292.05,4312.73,4316.17,4268.52,4292.05,0,0,4310.254682958184,4331.666773872927,4434.238532799006,0,0,
2026-06-08T02:00:00-04:00,4292.04,4311.38,4292.04,4300.07,4292.04,4311.38,4292.04,4300.07,0,0,4306.85978863879,4327.152949033937,4431.581730169322,0,0,
2026-06-08T03:00:00-04:00,4300.09,4316.94,4294.45,4294.5,4300.09,4316.94,4294.45,4294.5,0,0,4302.739859092527,4322.488242029089,4428.867240462999,0,0,
2026-06-08T04:00:00-04:00,4294.51,4297.12,4285.42,4288.8,4294.51,4297.12,4285.42,4288.8,0,0,4298.093239395018,4317.675636024933,4426.09363174096,0,0,
2026-06-08T05:00:00-04:00,4288.78,4302.03,4273.01,4294.35,4288.78,4302.03,4273.01,4294.35,0,0,4296.845492930012,4314.343402307085,4423.48484695401,0,0,
2026-06-08T06:00:00-04:00,4294.35,4305.63,4286.26,4302.09,4294.35,4305.63,4286.26,4302.09,0,0,4298.593661953341,4312.592916263216,4421.080988598485,0,0,
2026-06-08T07:00:00-04:00,4302.06,4333.29,4297.24,4331.33,4302.06,4333.29,4297.24,4331.33,0,0,4309.505774635561,4315.269642511327,4419.303741299505,0,0,
2026-06-08T08:00:00-04:00,4331.33,4339.4,4320.34,4333.13,4331.33,4339.4,4320.34,4333.13,0,0,4317.380516423707,4317.821122152566,4417.597330580704,0,0,
2026-06-08T09:00:00-04:00,4333.16,4346.69,4321.41,4326.96,4333.16,4346.69,4321.41,4326.96,0,0,4320.573677615805,4319.126676130771,4415.8025319553435,0,0,
2026-06-08T10:00:00-04:00,4326.95,4331.52,4315.23,4331.01,4326.95,4331.52,4315.23,4331.01,0,0,4324.05245174387,4320.824293826375,4414.123471916624,0,0,
2026-06-08T11:00:00-04:00,4331.05,4345.69,4322.61,4341.85,4331.05,4345.69,4322.61,4341.85,0,0,4329.984967829247,4323.827966136892,4412.692314056889,0,0,
2026-06-08T12:00:00-04:00,4341.86,4346.36,4337.94,4340.73,4341.86,4346.36,4337.94,4340.73,0,0,4333.566645219497,4326.242542403051,4411.267317738931,0,0,
2026-06-08T13:00:00-04:00,4340.74,4342.49,4332.09,4339.24,4340.74,4342.49,4332.09,4339.24,0,0,4335.457763479665,4328.0993220597575,4409.841034219347,0,0,
2026-06-08T14:00:00-04:00,4339.23,4345.95,4333.07,4334.69,4339.23,4345.95,4333.07,4334.69,0,0,4335.201842319777,4329.040847479792,4408.352894927875,0,0,
2026-06-08T15:00:00-04:00,4334.67,4338.22,4323.37,4326.8,4334.67,4338.22,4323.37,4326.8,0,0,4332.401228213184,4328.72072641125,4406.737986117422,0,0,
2026-06-08T16:00:00-04:00,4326.7,4330.02,4324.61,4329.88,4326.7,4330.02,4324.61,4329.88,0,0,4331.56081880879,4328.886336923929,4405.216045798265,0,0,
2026-06-08T18:00:00-04:00,4332.84,4333.45,4322.83,4327.94,4332.84,4333.45,4322.83,4327.94,0,0,4330.35387920586,4328.751145934796,4403.685827069587,0,0,
2026-06-08T19:00:00-04:00,4327.94,4328.91,4313.03,4317.84,4327.94,4328.91,4313.03,4317.84,0,0,4326.18258613724,4327.192410801254,4401.985909701872,0,0,
2026-06-08T20:00:00-04:00,4317.84,4323.85,4315.17,4319.95,4317.84,4323.85,4315.17,4319.95,0,0,4324.105057424827,4326.157780686789,4400.361436242429,0,0,
2026-06-08T21:00:00-04:00,4319.95,4338.84,4318.77,4336.58,4319.95,4338.84,4318.77,4336.58,0,0,4328.263371616551,4327.6466691601045,4399.098437504955,0,0,
2026-06-08T22:00:00-04:00,4336.57,4341,4328.29,4336.09,4336.57,4341,4328.29,4336.09,0,0,4330.872247744367,4328.852859280089,4397.850745673173,0,0,
2026-06-08T23:00:00-04:00,4336.08,4342.22,4331.27,4336.72,4336.08,4342.22,4331.27,4336.72,0,0,4332.821498496245,4329.976736525791,4396.6402358578625,0,0,
2026-06-09T00:00:00-04:00,4336.71,4339.4,4324.28,4332.39,4336.71,4339.4,4324.28,4332.39,0,0,4332.677665664163,4330.321488450678,4395.367953959687,0,0,
2026-06-09T01:00:00-04:00,4332.41,4351.5,4330.97,4343.48,4332.41,4351.5,4330.97,4343.48,1,0,4336.278443776108,4332.201275814867,4394.340469722862,0,0,
2026-06-09T02:00:00-04:00,4343.49,4348.87,4330.29,4330.7,4343.49,4348.87,4330.29,4330.7,0,0,4334.418962517406,4331.986807841315,4393.080262401617,0,0,
2026-06-09T03:00:00-04:00,4330.69,4334.78,4322.42,4326.57,4330.69,4334.78,4322.42,4326.57,0,1,4331.80264167827,4331.212978149698,4391.763227502575,0,0,
2026-06-09T04:00:00-04:00,4326.58,4336.85,4321.25,4326.61,4326.58,4336.85,4321.25,4326.61,0,0,4330.071761118847,4330.555409842598,4390.473064581733,0,0,
2026-06-09T05:00:00-04:00,4326.61,4335.98,4324.21,4332.21,4326.61,4335.98,4324.21,4332.21,0,0,4330.784507412564,4330.791779865084,4389.319340530609,0,0,
2026-06-09T06:00:00-04:00,4332.21,4340.73,4325.37,4339.23,4332.21,4340.73,4325.37,4339.23,1,0,4333.599671608376,4331.997239884357,4388.32747240129,0,0,
2026-06-09T07:00:00-04:00,4339.23,4343.82,4335.71,4339.86,4339.23,4343.82,4335.71,4339.86,0,0,4335.686447738917,4333.12049132945,4387.367720472552,0,0,
2026-06-09T08:00:00-04:00,4339.86,4344.18,4334.88,4341.44,4339.86,4344.18,4334.88,4341.44,0,0,4337.604298492612,4334.3089925681,4386.458260661214,0,0,
2026-06-09T09:00:00-04:00,4341.42,4363.47,4325.23,4328.94,4341.42,4363.47,4325.23,4328.94,0,0,4334.716198995075,4333.541993629799,4385.319285202576,0,0,
2026-06-09T10:00:00-04:00,4328.81,4336.06,4278.66,4300.62,4328.81,4336.06,4278.66,4300.62,0,1,4323.35079933005,4328.838851682685,4383.642071634208,0,1,
2026-06-09T11:00:00-04:00,4300.57,4302.12,4263.15,4272.34,4300.57,4302.12,4263.15,4272.34,0,0,4306.347199553366,4320.767587156587,4381.438070215709,0,0,
2026-06-09T12:00:00-04:00,4272.41,4281.07,4236.66,4252.33,4272.41,4281.07,4236.66,4252.33,0,0,4288.341466368911,4310.99078899136,4378.881474765893,0,0,
2026-06-09T13:00:00-04:00,4252.19,4268.14,4251.34,4263.18,4252.19,4268.14,4251.34,4263.18,0,0,4279.954310912607,4304.1606762783085,4376.590356453697,0,0,
2026-06-09T14:00:00-04:00,4263.29,4274.3,4259.63,4270,4263.29,4274.3,4259.63,4270,0,0,4276.636207275072,4299.280579667122,4374.479656325901,0,0,
2026-06-09T15:00:00-04:00,4270.05,4271.7,4249.99,4258.82,4270.05,4271.7,4249.99,4258.82,0,0,4270.697471516714,4293.500496857533,4372.189366101626,0,0,
2026-06-09T16:00:00-04:00,4258.75,4262.1,4255.7,4260.35,4258.75,4262.1,4255.7,4260.35,0,0,4267.248314344476,4288.764711592171,4369.974725188722,0,0,
2026-06-09T18:00:00-04:00,4253.08,4257.53,4232.51,4237.32,4253.08,4257.53,4232.51,4237.32,0,0,4257.272209562984,4281.415467079004,4367.3478989473615,0,0,
2026-06-09T19:00:00-04:00,4237.28,4247.27,4210.52,4222.06,4237.28,4247.27,4210.52,4222.06,0,0,4245.534806375323,4272.936114639147,4364.470910849394,0,0,
2026-06-09T20:00:00-04:00,4222.1,4228.37,4199.19,4218.16,4222.1,4228.37,4199.19,4218.16,0,0,4236.409870916882,4265.110955404983,4361.573665090001,0,0,
2026-06-09T21:00:00-04:00,4218.13,4218.89,4183.84,4188.77,4218.13,4218.89,4183.84,4188.77,0,0,4220.529913944588,4254.205104632842,4358.151810335743,0,0,
2026-06-09T22:00:00-04:00,4188.76,4192.63,4173.41,4174.11,4188.76,4192.63,4173.41,4174.11,0,0,4205.056609296392,4242.76294682815,4354.507418051867,0,0,
2026-06-09T23:00:00-04:00,4174.08,4186.55,4173.13,4184.89,4174.08,4186.55,4173.13,4184.89,0,0,4198.334406197595,4234.4953829955575,4351.148657298365,0,0,
2026-06-10T00:00:00-04:00,4184.87,4187.22,4172.6,4174.87,4184.87,4187.22,4172.6,4174.87,0,0,4190.512937465063,4225.977471139049,4347.657990817209,0,0,
2026-06-10T01:00:00-04:00,4174.86,4209.07,4173.56,4205.24,4174.86,4209.07,4173.56,4205.24,0,0,4195.421958310042,4223.014975262042,4344.8378325832045,0,0,
2026-06-10T02:00:00-04:00,4205.23,4221.87,4201.85,4203.94,4205.23,4221.87,4201.85,4203.94,0,0,4198.261305540028,4220.289978796036,4342.047776492448,0,0,
2026-06-10T03:00:00-04:00,4203.91,4207.92,4181.61,4186.16,4203.91,4207.92,4181.61,4186.16,0,0,4194.227537026685,4215.41426753946,4338.960889829231,0,0,
2026-06-10T04:00:00-04:00,4186.13,4187.4,4161.46,4169.02,4186.13,4187.4,4161.46,4169.02,0,0,4185.825024684457,4208.786515033823,4335.5957236939985,0,0,
2026-06-10T05:00:00-04:00,4169.02,4179.53,4163.12,4168.76,4169.02,4179.53,4163.12,4168.76,0,0,4180.136683122972,4203.068441457563,4332.292045997087,0,0,
2026-06-10T06:00:00-04:00,4168.76,4178.63,4155.7,4174.69,4168.76,4178.63,4155.7,4174.69,0,0,4178.321122081981,4199.014378392197,4329.171213403086,0,0,
2026-06-10T07:00:00-04:00,4174.65,4176.14,4145.81,4147.68,4174.65,4176.14,4145.81,4147.68,0,0,4168.107414721321,4191.68089576474,4325.577327989164,0,0,
2026-06-10T08:00:00-04:00,4147.68,4173.89,4130.73,4147.09,4147.68,4173.89,4130.73,4147.09,0,0,4161.1016098142145,4185.310767798349,4322.042925454724,0,0,
2026-06-10T09:00:00-04:00,4147.11,4186.3,4133.07,4179.66,4147.11,4186.3,4133.07,4179.66,0,0,4167.287739876143,4184.5035152557275,4319.223461584334,0,0,
2026-06-10T10:00:00-04:00,4179.66,4181.06,4117.99,4124.91,4179.66,4181.06,4117.99,4124.91,0,0,4153.161826584095,4175.99015593348,4315.375670265832,0,0,
2026-06-10T11:00:00-04:00,4124.89,4136.94,4106.87,4128.86,4124.89,4136.94,4106.87,4128.86,0,0,4145.06121772273,4169.257276514411,4311.682290656608,0,0,
2026-06-10T12:00:00-04:00,4128.88,4135,4116.01,4122.03,4128.88,4135,4116.01,4122.03,0,0,4137.384145148487,4162.510522726639,4307.926799752517,0,0,
2026-06-10T13:00:00-04:00,4122.03,4134.98,4100.99,4111.72,4122.03,4134.98,4100.99,4111.72,0,0,4128.829430098991,4155.254733765691,4304.041516589101,0,0,
2026-06-10T14:00:00-04:00,4111.77,4120.55,4097.03,4101.62,4111.77,4120.55,4097.03,4101.62,0,0,4119.759620065994,4147.59262894202,4300.033169725951,0,0,
2026-06-10T15:00:00-04:00,4101.63,4102.19,4081.68,4082.8,4101.63,4102.19,4081.68,4082.8,0,0,4107.439746710663,4138.33653909316,4295.731522800685,0,0,
2026-06-10T16:00:00-04:00,4082.74,4083.09,4067.16,4070.54,4082.74,4083.09,4067.16,4070.54,0,0,4095.139831140442,4128.6513192227085,4291.272284725424,0,0,
2026-06-10T18:00:00-04:00,4075.2,4075.51,4036.26,4046.44,4075.2,4075.51,4036.26,4046.44,0,0,4078.906554093628,4116.906845048035,4286.424120671455,0,0,
2026-06-10T19:00:00-04:00,4046.44,4064.59,4023.82,4047.25,4046.44,4064.59,4023.82,4047.25,0,0,4068.354369395752,4106.9558671840305,4281.68799947004,0,0,
2026-06-10T20:00:00-04:00,4047.39,4078.1,4036.11,4075.93,4047.39,4078.1,4036.11,4075.93,0,0,4070.8795795971682,4102.523600443455,4277.61358363895,0,0,
2026-06-10T21:00:00-04:00,4075.92,4118.13,4066.37,4102,4075.92,4118.13,4066.37,4102,0,0,4081.2530530647787,4102.448800380104,4274.136086933228,0,0,
2026-06-10T22:00:00-04:00,4101.99,4102.65,4052.6,4068.03,4101.99,4102.65,4052.6,4068.03,0,0,4076.8453687098527,4097.531828897232,4270.054778281085,0,0,
2026-06-10T23:00:00-04:00,4067.97,4078.53,4057.03,4072.86,4067.97,4078.53,4057.03,4072.86,0,0,4075.516912473235,4094.007281911913,4266.149931186411,0,0,
2026-06-11T00:00:00-04:00,4072.86,4085.92,4070.21,4082.7,4072.86,4085.92,4070.21,4082.7,0,0,4077.9112749821566,4092.391955924497,4262.51725928173,0,0,
2026-06-11T01:00:00-04:00,4082.71,4106.29,4072.71,4094.3,4082.71,4106.29,4072.71,4094.3,0,0,4083.3741833214376,4092.664533649569,4259.186224444468,0,0,
2026-06-11T02:00:00-04:00,4094.23,4097.54,4076.37,4094.52,4094.23,4097.54,4076.37,4094.52,0,0,4087.089455547625,4092.929600271059,4255.925507128736,0,0,
2026-06-11T03:00:00-04:00,4094.42,4110.6,4091.78,4104.99,4094.42,4110.6,4091.78,4104.99,0,0,4093.0563036984167,4094.6525145180503,4252.9366852053945,0,0,
2026-06-11T04:00:00-04:00,4104.99,4112.69,4084.55,4084.55,4104.99,4112.69,4084.55,4084.55,0,0,4090.220869132278,4093.2092981583287,4249.602295399347,0,0,
2026-06-11T05:00:00-04:00,4084.55,4096.47,4077.57,4091.64,4084.55,4096.47,4077.57,4091.64,0,0,4090.693912754852,4092.985112707139,4246.474329153815,0,0,
2026-06-11T06:00:00-04:00,4091.63,4094.54,4086.57,4089.96,4091.63,4094.54,4086.57,4089.96,0,0,4090.4492751699013,4092.552953748976,4243.375035507205,0,0,
2026-06-11T07:00:00-04:00,4089.96,4095.96,4079.93,4080.38,4089.96,4095.96,4079.93,4080.38,0,0,4087.0928501132676,4090.8139603562654,4240.147411041716,0,0,
2026-06-11T08:00:00-04:00,4080.38,4087.19,4057.64,4081.97,4080.38,4087.19,4057.64,4081.97,0,0,4085.385233408845,4089.5505374482273,4237.015185080493,0,0,
2026-06-11T09:00:00-04:00,4081.88,4092.63,4067.14,4083.23,4081.88,4092.63,4067.14,4083.23,0,0,4084.6668222725634,4088.647603527052,4233.96993389078,0,0,
2026-06-11T10:00:00-04:00,4083.22,4085.46,4052.95,4073.45,4083.22,4085.46,4052.95,4073.45,0,0,4080.9278815150424,4086.4765173089017,4230.791321338487,0,0,
2026-06-11T11:00:00-04:00,4073.41,4095.39,4070.45,4088.81,4073.41,4095.39,4070.45,4088.81,0,0,4083.5552543433614,4086.8098719790587,4227.979810024854,0,0,
2026-06-11T12:00:00-04:00,4088.89,4107.59,4078.06,4080.25,4088.89,4107.59,4078.06,4080.25,0,0,4082.4535028955743,4085.8727474106217,4225.054467252085,0,0,
2026-06-11T13:00:00-04:00,4080.25,4170,4072.05,4151.87,4080.25,4170,4072.05,4151.87,1,0,4105.592335263716,4095.3009263519616,4223.605269880756,0,0,
2026-06-11T14:00:00-04:00,4151.9,4171.67,4131.33,4161.88,4151.9,4171.67,4131.33,4161.88,0,0,4124.354890175811,4104.812222587396,4222.38298730886,0,0,
2026-06-11T15:00:00-04:00,4161.89,4220.06,4161.89,4208.85,4161.89,4220.06,4161.89,4208.85,0,0,4152.519926783874,4119.674762217768,4222.115007362149,0,0,
2026-06-11T16:00:00-04:00,4209.02,4218.56,4208.22,4211.41,4209.02,4218.56,4208.22,4211.41,0,0,4172.14995118925,4132.779796186658,4221.903027018345,0,0,
2026-06-11T18:00:00-04:00,4213.18,4246.34,4205.46,4243.23,4213.18,4246.34,4205.46,4243.23,0,0,4195.843300792833,4148.558396731421,4222.325343315011,0,0,
2026-06-11T19:00:00-04:00,4243.28,4245.84,4214.28,4220.05,4243.28,4245.84,4214.28,4220.05,0,0,4203.912200528555,4158.771482912647,4222.280287011744,0,0,
2026-06-11T20:00:00-04:00,4220.03,4230.54,4200.87,4208.32,4220.03,4230.54,4200.87,4208.32,0,0,4205.381467019037,4165.849842496555,4222.003845684779,0,0,
2026-06-11T21:00:00-04:00,4208.32,4211.03,4171.47,4186.86,4208.32,4211.03,4171.47,4186.86,0,0,4199.207644679358,4168.851293568476,4221.307927948446,0,0,
2026-06-11T22:00:00-04:00,4186.86,4200.13,4182.8,4191.65,4186.86,4200.13,4182.8,4191.65,0,0,4196.688429786239,4172.108251630122,4220.720642246497,0,0,
2026-06-11T23:00:00-04:00,4191.62,4204.94,4189.65,4197.14,4191.62,4204.94,4189.65,4197.14,0,0,4196.838953190826,4175.684215682962,4220.253698835675,0,0,
2026-06-12T00:00:00-04:00,4197.13,4201.05,4189.62,4190,4197.13,4201.05,4189.62,4190,0,0,4194.559302127217,4177.729327728252,4219.654615690414,0,0,
2026-06-12T01:00:00-04:00,4190,4193.02,4170.78,4173.32,4190,4193.02,4170.78,4173.32,0,0,4187.479534751478,4177.099423767074,4218.737098548029,0,0,
2026-06-12T02:00:00-04:00,4173.33,4185.61,4172.43,4184.23,4173.33,4185.61,4172.43,4184.23,0,0,4186.396356500985,4178.118077514635,4218.05378966589,0,0,
2026-06-12T03:00:00-04:00,4184.24,4194.48,4170.27,4194.48,4184.24,4194.48,4170.27,4194.48,0,0,4189.09090433399,4180.455495012544,4217.586981949734,0,0,
2026-06-12T04:00:00-04:00,4194.59,4226.04,4192.03,4219.67,4194.59,4226.04,4192.03,4219.67,0,0,4199.28393622266,4186.057567153609,4217.628229831917,0,0,
2026-06-12T05:00:00-04:00,4219.65,4227.99,4217.47,4221.93,4219.65,4227.99,4217.47,4221.93,0,0,4206.83262414844,4191.182200417379,4217.713413399602,0,0,
2026-06-12T06:00:00-04:00,4221.91,4225.61,4202.86,4210.98,4221.91,4225.61,4202.86,4210.98,0,0,4208.215082765627,4194.010457500611,4217.580078480798,0,0,
2026-06-12T07:00:00-04:00,4210.98,4215.36,4197.57,4206.92,4210.98,4215.36,4197.57,4206.92,0,0,4207.783388510418,4195.8546778576665,4217.368987817812,0,0,
2026-06-12T08:00:00-04:00,4206.93,4215.4,4188.56,4191.77,4206.93,4215.4,4188.56,4191.77,0,0,4202.445592340279,4195.271152449429,4216.862077167954,0,0,
2026-06-12T09:00:00-04:00,4191.78,4210.2,4182.94,4186.25,4191.78,4210.2,4182.94,4186.25,0,0,4197.047061560186,4193.9824163852245,4216.255897422055,0,0,
2026-06-12T10:00:00-04:00,4186.24,4208.46,4177.19,4204.03,4186.24,4208.46,4177.19,4204.03,0,0,4199.374707706791,4195.41778547305,4216.0138004434,0,0,
2026-06-12T11:00:00-04:00,4204.02,4235.62,4200.27,4211.89,4204.02,4235.62,4200.27,4211.89,0,0,4203.546471804528,4197.7709589769,4215.932141028679,0,0,
2026-06-12T12:00:00-04:00,4211.97,4232.97,4208.09,4216.08,4211.97,4232.97,4208.09,4216.08,0,0,4207.724314536352,4200.386536265914,4215.935068929101,0,0,
2026-06-12T13:00:00-04:00,4216.04,4225.93,4213.95,4221.43,4216.04,4225.93,4213.95,4221.43,0,0,4212.292876357568,4203.392745370784,4216.043879445357,0,0,
2026-06-12T14:00:00-04:00,4221.47,4235.47,4214.26,4215.6,4221.47,4235.47,4214.26,4215.6,0,0,4213.395250905046,4205.136638889243,4216.035089753369,0,0,
2026-06-12T15:00:00-04:00,4215.61,4218.96,4201.92,4210.76,4215.61,4218.96,4201.92,4210.76,0,0,4212.516833936697,4205.93997619078,4215.93063253053,0,0,
2026-06-12T16:00:00-04:00,4210.78,4219.19,4209.48,4218.64,4210.78,4219.19,4209.48,4218.64,0,0,4214.557889291132,4207.754265306383,4215.984283371509,0,0,
2026-06-14T18:00:00-04:00,4271.13,4308.91,4262.73,4285.74,4271.13,4308.91,4262.73,4285.74,0,0,4238.285259527421,4218.895084548328,4217.365584690885,0,0,
2026-06-14T19:00:00-04:00,4285.7,4295.12,4281.15,4294.16,4285.7,4295.12,4281.15,4294.16,0,0,4256.91017301828,4229.647215327138,4218.886266182155,0,0,
2026-06-14T20:00:00-04:00,4294.16,4308.21,4291.8,4292.66,4294.16,4308.21,4291.8,4292.66,0,0,4268.826782012186,4238.649041708975,4220.34713219835,0,0,
2026-06-14T21:00:00-04:00,4292.66,4319.65,4285.59,4316.86,4292.66,4319.65,4285.59,4316.86,0,0,4284.837854674791,4249.822035750551,4222.258278095412,0,0,
2026-06-14T22:00:00-04:00,4316.86,4335.49,4316.16,4329.6,4316.86,4335.49,4316.16,4329.6,0,0,4299.758569783194,4261.218887786186,4224.3838567469875,0,0,
2026-06-14T23:00:00-04:00,4329.6,4331.17,4321.29,4324.98,4329.6,4331.17,4321.29,4324.98,0,0,4308.165713188796,4270.327618102446,4226.375859583681,0,0,
2026-06-15T00:00:00-04:00,4324.99,4330.21,4320.99,4328.29,4324.99,4330.21,4320.99,4328.29,0,0,4314.87380879253,4278.6079583735245,4228.393961374103,0,0,
2026-06-15T01:00:00-04:00,4328.27,4333.01,4307.55,4310.12,4328.27,4333.01,4307.55,4310.12,0,0,4313.289205861687,4283.109678605878,4230.012298772635,0,0,
2026-06-15T02:00:00-04:00,4310.11,4313.4,4300.96,4308.19,4310.11,4313.4,4300.96,4308.19,0,0,4311.589470574458,4286.692581662181,4231.560372064267,0,0,
2026-06-15T03:00:00-04:00,4308.2,4325.33,4305.37,4323.22,4308.2,4325.33,4305.37,4323.22,0,0,4315.466313716305,4291.910784281869,4233.375414201608,0,0,
2026-06-15T04:00:00-04:00,4323.2,4345.34,4321.77,4334.27,4323.2,4345.34,4321.77,4334.27,0,0,4321.734209144203,4297.962100813031,4235.373326791675,0,0,
2026-06-15T05:00:00-04:00,4334.27,4343.31,4334.27,4336.68,4334.27,4343.31,4334.27,4336.68,0,0,4326.716139429469,4303.4932292683125,4237.379399528473,0,0,
2026-06-15T06:00:00-04:00,4336.69,4341.53,4335.35,4338.14,4336.69,4341.53,4335.35,4338.14,0,0,4330.524092952979,4308.442767944268,4239.374658943751,0,0,
2026-06-15T07:00:00-04:00,4338.15,4347.54,4331.97,4335.28,4338.15,4347.54,4331.97,4335.28,0,0,4332.109395301986,4312.276658237944,4241.273774608231,0,0,
2026-06-15T08:00:00-04:00,4335.28,4349.42,4324.67,4349.08,4335.28,4349.42,4324.67,4349.08,0,0,4337.766263534658,4317.534278489666,4243.4085513486625,0,0,
2026-06-15T09:00:00-04:00,4349.1,4368.74,4341.35,4355.21,4349.1,4368.74,4341.35,4355.21,0,0,4343.580842356439,4322.916524419714,4245.622441420966,0,0,
2026-06-15T10:00:00-04:00,4355.22,4369.32,4353.97,4356.79,4355.22,4369.32,4353.97,4356.79,0,0,4347.983894904292,4327.755592359755,4247.823779214611,0,0,
2026-06-15T11:00:00-04:00,4356.79,4360.8,4349.68,4356.28,4356.79,4360.8,4349.68,4356.28,0,0,4350.7492632695285,4331.830507736932,4249.971427150956,0,0,
2026-06-15T12:00:00-04:00,4356.23,4358.73,4334.59,4339.25,4356.23,4358.73,4334.59,4339.25,0,0,4346.916175513019,4332.890435203085,4251.73931968262,0,0,
2026-06-15T13:00:00-04:00,4339.25,4339.25,4320.57,4324.89,4339.25,4339.25,4320.57,4324.89,0,0,4339.574117008679,4331.747515888359,4253.187848005736,0,0,
2026-06-15T14:00:00-04:00,4324.88,4328.1,4318.21,4325.7,4324.88,4328.1,4318.21,4325.7,0,0,4334.949411339119,4330.883585047165,4254.623732203642,0,0,
2026-06-15T15:00:00-04:00,4325.7,4326.72,4316.67,4320.77,4325.7,4326.72,4316.67,4320.77,0,0,4330.222940892746,4329.438787183284,4255.933559288718,0,0,
2026-06-15T16:00:00-04:00,4320.71,4322.11,4306.49,4308.78,4320.71,4322.11,4306.49,4308.78,0,0,4323.075293928498,4326.487531871387,4256.9800234612185,0,0,
2026-06-15T18:00:00-04:00,4310.51,4315.29,4305.95,4311.98,4310.51,4315.29,4305.95,4311.98,0,0,4319.3768626189985,4324.415027318331,4258.069131907531,0,0,
2026-06-15T19:00:00-04:00,4311.98,4319.26,4311.46,4315.67,4311.98,4319.26,4311.46,4315.67,0,0,4318.141241745999,4323.165737701427,4259.209743156887,0,0,
2026-06-15T20:00:00-04:00,4315.64,4320.8,4306.91,4319.23,4315.64,4320.8,4306.91,4319.23,0,0,4318.504161163999,4322.603489458366,4260.398263094375,0,0,
2026-06-15T21:00:00-04:00,4319.24,4325.93,4312.17,4313.56,4319.24,4325.93,4312.17,4313.56,0,0,4316.856107442666,4321.311562392885,4261.450970755872,0,0,
2026-06-15T22:00:00-04:00,4313.56,4320.9,4307.64,4318.8,4313.56,4320.9,4307.64,4318.8,0,0,4317.504071628444,4320.9527677653305,4262.586595097339,0,0,
2026-06-15T23:00:00-04:00,4318.79,4333.18,4315.51,4330.52,4318.79,4333.18,4315.51,4330.52,0,0,4321.842714418963,4322.319515227427,4263.9318110360055,0,0,
2026-06-16T00:00:00-04:00,4330.52,4332.22,4321.29,4322.56,4330.52,4332.22,4321.29,4322.56,0,0,4322.081809612642,4322.353870194937,4265.092765272916,0,0,
2026-06-16T01:00:00-04:00,4322.56,4330.86,4314.4,4315.96,4322.56,4330.86,4314.4,4315.96,0,0,4320.0412064084285,4321.440460167089,4266.10003724771,0,0,
2026-06-16T02:00:00-04:00,4315.94,4324.37,4313.56,4323.94,4315.94,4324.37,4313.56,4323.94,0,0,4321.340804272286,4321.7975372860765,4267.245383044785,0,0,
2026-06-16T03:00:00-04:00,4323.94,4335.59,4322.64,4335.17,4323.94,4335.59,4322.64,4335.17,0,0,4325.950536181524,4323.707889102351,4268.59042496469,0,0,
2026-06-16T04:00:00-04:00,4335.17,4347.98,4332.83,4347,4335.17,4347.98,4332.83,4347,0,0,4332.967024121016,4327.035333516301,4270.143089816875,0,0,
2026-06-16T05:00:00-04:00,4347,4348.34,4338.45,4345.27,4347,4348.34,4338.45,4345.27,0,0,4337.068016080678,4329.640285871115,4271.630751404659,0,0,
2026-06-16T06:00:00-04:00,4345.27,4348.98,4342.26,4348.92,4345.27,4348.98,4342.26,4348.92,0,0,4341.018677387118,4332.39453074667,4273.161231574864,0,0,
2026-06-16T07:00:00-04:00,4348.92,4349.33,4335.14,4340.99,4348.92,4349.33,4335.14,4340.99,0,0,4341.009118258079,4333.622454925718,4274.504375504075,0,0,
2026-06-16T08:00:00-04:00,4340.99,4354.9,4337.41,4354.7,4340.99,4354.9,4337.41,4354.7,0,0,4345.572745505386,4336.633532793472,4276.092407672311,0,0,
2026-06-16T09:00:00-04:00,4354.65,4354.85,4331.66,4331.8,4354.65,4354.85,4331.66,4331.8,0,0,4340.981830336924,4335.943028108691,4277.1955283124635,0,0,
2026-06-16T10:00:00-04:00,4331.81,4338.76,4313.29,4324.06,4331.81,4338.76,4313.29,4324.06,0,1,4335.341220224616,4334.245452664592,4278.123537652811,0,0,
2026-06-16T11:00:00-04:00,4324.05,4343.45,4321.19,4335.3,4324.05,4343.45,4321.19,4335.3,0,0,4335.327480149745,4334.396102283937,4279.255744828003,0,0,
2026-06-16T12:00:00-04:00,4335.3,4347.01,4334.94,4340.64,4335.3,4347.01,4334.94,4340.64,1,0,4337.09832009983,4335.2880876719455,4280.471274633389,0,0,
2026-06-16T13:00:00-04:00,4340.65,4341.21,4325.41,4340.33,4340.65,4341.21,4325.41,4340.33,0,1,4338.17554673322,4336.008360861668,4281.656595927777,0,0,
2026-06-16T14:00:00-04:00,4340.35,4342.82,4336.22,4338.54,4340.35,4342.82,4336.22,4338.54,0,0,4338.29703115548,4336.370023595715,4282.782999968811,0,0,
2026-06-16T15:00:00-04:00,4338.54,4342.91,4330.62,4334.13,4338.54,4342.91,4330.62,4334.13,0,0,4336.90802077032,4336.050020224899,4283.799772246656,0,0,
2026-06-16T16:00:00-04:00,4333.94,4334.93,4329.59,4330.97,4333.94,4334.93,4329.59,4330.97,0,0,4334.928680513547,4335.324303049913,4284.733836162564,0,0,
2026-06-16T18:00:00-04:00,4333.03,4336.2,4329.02,4335.48,4333.03,4336.2,4329.02,4335.48,0,0,4335.112453675698,4335.346545471354,4285.738710693999,0,0,
2026-06-16T19:00:00-04:00,4335.5,4338.39,4329.58,4330.94,4335.5,4338.39,4329.58,4330.94,0,0,4333.721635783799,4334.7170389754465,4286.633785729761,0,0,
2026-06-16T20:00:00-04:00,4330.95,4341.79,4328.56,4337.14,4330.95,4341.79,4328.56,4337.14,0,0,4334.861090522532,4335.063176264668,4287.633908784617,0,0,
2026-06-16T21:00:00-04:00,4337.05,4349.7,4334.44,4340.94,4337.05,4349.7,4334.44,4340.94,1,0,4336.887393681688,4335.902722512573,4288.689474947298,0,0,
2026-06-16T22:00:00-04:00,4340.94,4344.45,4329.82,4331.67,4340.94,4344.45,4329.82,4331.67,0,0,4335.148262454459,4335.298047867919,4289.540574453292,0,0,
2026-06-16T23:00:00-04:00,4331.63,4334.14,4328.69,4332.3,4331.63,4334.14,4328.69,4332.3,0,1,4334.198841636306,4334.86975531536,4290.387295751247,0,0,
2026-06-17T00:00:00-04:00,4332.28,4334.17,4317.73,4326.8,4332.28,4334.17,4317.73,4326.8,0,0,4331.73256109087,4333.716933127451,4291.108339399737,0,0,
2026-06-17T01:00:00-04:00,4326.8,4334.18,4321.2,4326.64,4326.8,4334.18,4321.2,4326.64,0,0,4330.035040727247,4332.705942680672,4291.811936639346,0,0,
2026-06-17T02:00:00-04:00,4326.65,4331.84,4320.53,4331.75,4326.65,4331.84,4320.53,4331.75,0,0,4330.606693818165,4332.569379440576,4292.602789379161,0,0,
2026-06-17T03:00:00-04:00,4331.75,4332.91,4324.73,4325.27,4331.75,4332.91,4324.73,4325.27,0,0,4328.827795878777,4331.526610949065,4293.249664836999,0,0,
2026-06-17T04:00:00-04:00,4325.26,4327.88,4317.74,4324.79,4325.26,4327.88,4317.74,4324.79,0,0,4327.481863919184,4330.5642379563415,4293.874225929336,0,0,
2026-06-17T05:00:00-04:00,4324.79,4335.63,4321.35,4329.56,4324.79,4335.63,4321.35,4329.56,0,0,4328.174575946123,4330.42077539115,4294.5808749208345,0,0,
2026-06-17T06:00:00-04:00,4329.57,4335.21,4326.7,4331.45,4329.57,4335.21,4326.7,4331.45,0,0,4329.266383964082,4330.567807478128,4295.31095660557,0,0,
2026-06-17T07:00:00-04:00,4331.45,4331.98,4320.99,4323.16,4331.45,4331.98,4320.99,4323.16,0,0,4327.230922642721,4329.509549266967,4295.8624228114,0,0,
2026-06-17T08:00:00-04:00,4323.17,4335.39,4319.86,4333.68,4323.17,4335.39,4319.86,4333.68,0,0,4329.380615095148,4330.105327943114,4296.611285726026,0,0,
2026-06-17T09:00:00-04:00,4333.66,4345.27,4324.1,4339.95,4333.66,4345.27,4324.1,4339.95,1,0,4332.903743396765,4331.511709665527,4297.469478087887,1,0,
2026-06-17T10:00:00-04:00,4339.85,4363.93,4332.6,4344.51,4339.85,4363.93,4332.6,4344.51,0,0,4336.772495597844,4333.368608284737,4298.400973571295,0,0,
2026-06-17T11:00:00-04:00,4344.52,4364.83,4343.94,4363.57,4344.52,4364.83,4343.94,4363.57,0,0,4345.704997065229,4337.683092815489,4299.691449342161,0,0,
2026-06-17T12:00:00-04:00,4363.59,4366.49,4355.18,4359.54,4363.59,4366.49,4355.18,4359.54,0,0,4350.3166647101525,4340.805508127562,4300.876569157168,0,0,
2026-06-17T13:00:00-04:00,4359.55,4382.33,4355.46,4379.89,4359.55,4382.33,4355.46,4379.89,0,0,4360.174443140102,4346.389006966481,4302.441191550095,0,0,
2026-06-17T14:00:00-04:00,4379.79,4379.79,4269.91,4286.27,4379.79,4379.79,4269.91,4286.27,0,1,4335.539628760068,4337.800577399841,4302.120969935242,0,1,
2026-06-17T15:00:00-04:00,4286.22,4295.37,4219.12,4235.76,4286.22,4295.37,4219.12,4235.76,0,0,4302.279752506712,4323.223352057007,4300.806891322663,0,0,
2026-06-17T16:00:00-04:00,4235.81,4269.72,4235.13,4257.49,4235.81,4269.72,4235.13,4257.49,0,0,4287.349835004475,4313.83287319172,4299.949131098452,0,0,
2026-06-17T18:00:00-04:00,4256.83,4271.42,4254.58,4266.82,4256.83,4271.42,4254.58,4266.82,0,0,4280.506556669649,4307.116748450046,4299.293108700463,0,0,
2026-06-17T19:00:00-04:00,4266.81,4283.95,4264.27,4278.03,4266.81,4283.95,4264.27,4278.03,0,0,4279.6810377797665,4302.961498671468,4298.872057043028,0,0,
2026-06-17T20:00:00-04:00,4278.05,4315.33,4276.61,4308.56,4278.05,4315.33,4276.61,4308.56,0,0,4289.3073585198445,4303.761284575544,4299.063897497621,0,0,
2026-06-17T21:00:00-04:00,4308.57,4328.58,4307.1,4317.86,4308.57,4328.58,4307.1,4317.86,0,0,4298.824905679896,4305.775386779038,4299.436097547173,0,0,
2026-06-17T22:00:00-04:00,4317.87,4329.88,4310.49,4311,4317.87,4329.88,4310.49,4311,0,0,4302.883270453264,4306.521760096318,4299.665085714555,0,0,
2026-06-17T23:00:00-04:00,4310.96,4322.65,4309.16,4319.74,4310.96,4322.65,4309.16,4319.74,0,0,4308.502180302176,4308.410080082558,4300.062608769713,0,0,
2026-06-18T00:00:00-04:00,4319.75,4324.03,4309.83,4315.86,4319.75,4324.03,4309.83,4315.86,0,0,4310.9547868681175,4309.474354356478,4300.375428398035,0,0,
2026-06-18T01:00:00-04:00,4315.83,4324.71,4301.29,4308.12,4315.83,4324.71,4301.29,4308.12,0,0,4310.009857912079,4309.280875162695,4300.52878625154,0,0,
2026-06-18T02:00:00-04:00,4308.12,4309.88,4296.29,4306.58,4308.12,4309.88,4296.29,4306.58,0,0,4308.866571941386,4308.895035853739,4300.648612266361,0,0,
2026-06-18T03:00:00-04:00,4306.57,4309.48,4287.49,4288.67,4306.57,4309.48,4287.49,4288.67,0,0,4302.134381294257,4306.00574501749,4300.411412023463,0,0,
2026-06-18T04:00:00-04:00,4288.68,4292.86,4265.62,4266.73,4288.68,4292.86,4265.62,4266.73,0,0,4290.332920862837,4300.3949243007055,4299.7444533695325,0,0,
2026-06-18T05:00:00-04:00,4266.79,4273.33,4259.66,4268.48,4266.79,4273.33,4259.66,4268.48,0,0,4283.048613908558,4295.835649400605,4299.125355283007,0,0,
2026-06-18T06:00:00-04:00,4268.43,4272.8,4254.92,4255.56,4268.43,4272.8,4254.92,4255.56,0,0,4273.885742605706,4290.081985200519,4298.262674980373,0,0,
2026-06-18T07:00:00-04:00,4255.71,4255.81,4240.01,4242.04,4255.71,4255.81,4240.01,4242.04,0,0,4263.27049507047,4283.218844457588,4297.149354683732,0,0,
2026-06-18T08:00:00-04:00,4242.05,4269.21,4240.5,4246.68,4242.05,4269.21,4240.5,4246.68,0,0,4257.7403300469805,4277.999009535075,4296.149961521678,0,0,
2026-06-18T09:00:00-04:00,4246.68,4276.74,4245.08,4256.68,4246.68,4276.74,4245.08,4256.68,0,0,4257.386886697987,4274.95343674435,4295.368378125209,0,0,
2026-06-18T10:00:00-04:00,4256.69,4257.84,4237.15,4252.39,4256.69,4257.84,4237.15,4252.39,0,0,4255.721257798658,4271.730088638014,4294.517321132631,0,0,
2026-06-18T11:00:00-04:00,4252.38,4254.75,4223.17,4226.68,4252.38,4254.75,4223.17,4226.68,0,0,4246.040838532439,4265.294361689726,4293.174007842876,0,0,
2026-06-18T12:00:00-04:00,4226.72,4233.31,4214.06,4219.48,4226.72,4233.31,4214.06,4219.48,0,0,4237.1872256882925,4258.749452876908,4291.714720558858,0,0,
2026-06-18T13:00:00-04:00,4219.48,4233.11,4218.6,4230.36,4219.48,4233.11,4218.6,4230.36,0,0,4234.911483792195,4254.6938167516355,4290.499775597296,0,0,
2026-06-18T14:00:00-04:00,4230.36,4233.21,4218.29,4218.46,4230.36,4233.21,4218.29,4218.46,0,0,4229.427655861464,4249.517557215688,4289.073245387449,0,0,
2026-06-18T15:00:00-04:00,4218.53,4219.04,4201.6,4216.96,4218.53,4219.04,4201.6,4216.96,0,0,4225.271770574309,4244.8664776134465,4287.645260330271,0,0,
2026-06-18T16:00:00-04:00,4217.02,4219.61,4207.88,4208.16,4217.02,4219.61,4207.88,4208.16,0,0,4219.5678470495395,4239.62269509724,4286.071294779177,0,0,
2026-06-18T18:00:00-04:00,4211.28,4213.31,4202.74,4207.45,4211.28,4213.31,4202.74,4207.45,0,0,4215.528564699693,4235.0265957976335,4284.514437456817,0,0,
2026-06-18T19:00:00-04:00,4207.45,4208.36,4186.9,4188.43,4207.45,4208.36,4186.9,4188.43,0,0,4206.495709799795,4228.369939255114,4282.611775328959,0,0,
2026-06-18T20:00:00-04:00,4188.44,4198.12,4184.45,4190.41,4188.44,4198.12,4184.45,4190.41,0,0,4201.133806533197,4222.947090790098,4280.785997599673,0,0,
2026-06-18T21:00:00-04:00,4190.44,4194.61,4184.09,4184.95,4190.44,4194.61,4184.09,4184.95,0,0,4195.739204355465,4217.518934962941,4278.888255072947,0,0,
2026-06-18T22:00:00-04:00,4184.94,4186.2,4171.95,4176.36,4184.94,4186.2,4171.95,4176.36,0,0,4189.27946957031,4211.6390871110925,4276.857992596255,0,0,
2026-06-18T23:00:00-04:00,4176.36,4177.3,4146.3,4153.5,4176.36,4177.3,4146.3,4153.5,0,0,4177.35297971354,4203.333503238079,4274.415260069596,0,0,
2026-06-19T00:00:00-04:00,4153.34,4155.18,4125.15,4125.82,4153.34,4155.18,4125.15,4125.82,0,0,4160.175319809026,4192.260145632639,4271.472779672178,0,0,
2026-06-19T01:00:00-04:00,4125.8,4141.62,4121.83,4139.66,4125.8,4141.62,4121.83,4139.66,0,0,4153.336879872684,4184.745839113691,4268.862625619264,0,0,
2026-06-19T02:00:00-04:00,4139.75,4150.55,4132.88,4147.68,4139.75,4150.55,4132.88,4147.68,0,0,4151.451253248456,4179.450719240306,4266.462969666407,0,0,
2026-06-19T03:00:00-04:00,4147.68,4163.19,4147.61,4158.05,4147.68,4163.19,4147.61,4158.05,0,0,4153.650835498971,4176.393473634548,4264.316178187864,0,0,
2026-06-19T04:00:00-04:00,4158.07,4178.54,4155.36,4169.13,4158.07,4178.54,4155.36,4169.13,0,0,4158.810556999314,4175.355834543899,4262.431303372263,0,0,
2026-06-19T05:00:00-04:00,4169.14,4170.95,4161.01,4162.91,4169.14,4170.95,4161.01,4162.91,0,0,4160.177037999542,4173.577858180484,4260.460584493604,0,0,
2026-06-19T06:00:00-04:00,4162.94,4163.09,4148.14,4149.79,4162.94,4163.09,4148.14,4149.79,0,0,4156.714691999695,4170.179592726129,4258.269087770958,0,0,
2026-06-19T07:00:00-04:00,4149.79,4154.99,4141.94,4152.6,4149.79,4154.99,4141.94,4152.6,0,0,4155.343127999797,4167.668222336682,4256.176630587375,0,0,
2026-06-19T08:00:00-04:00,4152.61,4180.02,4147.42,4179.1,4152.61,4180.02,4147.42,4179.1,0,0,4163.262085333198,4169.301333431442,4254.650360674754,0,0,
2026-06-19T09:00:00-04:00,4179.09,4182.96,4150.69,4151.44,4179.09,4182.96,4150.69,4151.44,0,0,4159.321390222132,4166.749714369807,4252.606591156442,0,0,
2026-06-19T10:00:00-04:00,4151.48,4154.59,4142.68,4149.28,4151.48,4154.59,4142.68,4149.28,0,0,4155.974260148088,4164.254040888406,4250.560520044433,0,0,
2026-06-19T11:00:00-04:00,4149.28,4154.03,4147.69,4151.08,4149.28,4154.03,4147.69,4151.08,0,0,4154.342840098726,4162.372035047205,4248.590608756424,0,0,
2026-06-19T12:00:00-04:00,4151.09,4157.87,4144.35,4155.58,4151.09,4157.87,4144.35,4155.58,0,0,4154.755226732484,4161.4017443261755,4246.748814523624,0,0,
2026-06-21T18:00:00-04:00,4142.08,4159.77,4139.42,4156.4,4142.08,4159.77,4139.42,4156.4,0,0,4155.303484488322,4160.687209422436,4244.959729087513,0,0,
2026-06-21T19:00:00-04:00,4156.4,4164.72,4136.58,4140.35,4156.4,4164.72,4136.58,4140.35,0,0,4150.318989658882,4157.7818937906595,4242.888249303602,0,0,
2026-06-21T20:00:00-04:00,4140.37,4201.03,4140.12,4200.86,4140.37,4201.03,4140.12,4200.86,1,0,4167.165993105921,4163.935908963423,4242.056006743134,0,0,
2026-06-21T21:00:00-04:00,4200.88,4221.03,4189.7,4190.96,4200.88,4221.03,4189.7,4190.96,0,0,4175.097328737281,4167.79649339722,4241.044204629409,0,0,
2026-06-21T22:00:00-04:00,4190.96,4200.3,4183.62,4188.56,4190.96,4200.3,4183.62,4188.56,0,0,4179.584885824854,4170.762708626188,4240.004913448629,0,0,
2026-06-21T23:00:00-04:00,4188.54,4190,4170.73,4171.62,4188.54,4190,4170.73,4171.62,0,0,4176.9299238832355,4170.885178822447,4238.650756746676,0,0,
2026-06-22T00:00:00-04:00,4171.57,4182.21,4170.7,4181.83,4171.57,4182.21,4170.7,4181.83,0,0,4178.563282588823,4172.448724704955,4237.525593246742,0,0,
2026-06-22T01:00:00-04:00,4181.82,4198.6,4179.42,4193.8,4181.82,4198.6,4179.42,4193.8,0,0,4183.642188392549,4175.498906889961,4236.659739915123,0,0,
2026-06-22T02:00:00-04:00,4193.8,4207.35,4191.26,4197.67,4193.8,4207.35,4191.26,4197.67,0,0,4188.318125595032,4178.666205905681,4235.887665857398,0,0,
2026-06-22T03:00:00-04:00,4197.87,4201.89,4188.86,4190.47,4197.87,4201.89,4188.86,4190.47,0,0,4189.0354170633545,4180.352462204869,4234.988306137449,0,0,
2026-06-22T04:00:00-04:00,4190.41,4197.76,4188.72,4197.44,4190.41,4197.76,4188.72,4197.44,0,0,4191.836944708903,4182.793539032745,4234.244775322846,0,0,
2026-06-22T05:00:00-04:00,4197.46,4210.05,4196.05,4208.25,4197.46,4210.05,4196.05,4208.25,0,0,4197.307963139268,4186.430176313781,4233.730027296651,0,0,
2026-06-22T06:00:00-04:00,4208.25,4214.2,4203.69,4204.67,4208.25,4214.2,4203.69,4204.67,0,0,4199.761975426179,4189.035865411813,4233.154581211569,0,0,
2026-06-22T07:00:00-04:00,4204.73,4215.18,4201.46,4207.45,4204.73,4215.18,4201.46,4207.45,0,0,4202.324650284119,4191.666456067268,4232.64557960342,0,0,
2026-06-22T08:00:00-04:00,4207.45,4211.8,4192.26,4193.37,4207.45,4211.8,4192.26,4193.37,0,0,4199.339766856079,4191.90981948623,4231.867845353847,0,0,
2026-06-22T09:00:00-04:00,4193.39,4205.74,4183.01,4199.84,4193.39,4205.74,4183.01,4199.84,0,0,4199.506511237386,4193.042702416768,4231.2336305943645,0,0,
2026-06-22T10:00:00-04:00,4199.9,4210.79,4186.6,4198.33,4199.9,4210.79,4186.6,4198.33,0,0,4199.114340824924,4193.7980306429445,4230.582073552892,0,0,
2026-06-22T11:00:00-04:00,4198.34,4201.32,4169.84,4182.93,4198.34,4201.32,4169.84,4182.93,0,1,4193.719560549949,4192.24545483681,4229.638468136003,0,0,
2026-06-22T12:00:00-04:00,4182.9,4192.62,4174.46,4189.9,4182.9,4192.62,4174.46,4189.9,0,0,4192.446373699966,4191.910389860122,4228.851567776875,0,0,
2026-06-22T13:00:00-04:00,4189.93,4191.63,4177.16,4183.1,4189.93,4191.63,4177.16,4183.1,0,0,4189.330915799977,4190.651762737248,4227.945596137729,0,1,
2026-06-22T14:00:00-04:00,4183.15,4192.87,4182.55,4191.28,4183.15,4192.87,4182.55,4191.28,1,0,4189.980610533318,4190.741510917641,4227.2195447290605,0,0,0
2026-06-22T15:00:00-04:00,4191.3,4193.41,4184.22,4190.76,4191.3,4193.41,4184.22,4190.76,0,0,4190.240407022212,4190.744152215121,4226.497573546307,0,0,1
2026-06-22T16:00:00-04:00,4190.74,4193.78,4188.7,4192.35,4190.74,4193.78,4188.7,4192.35,0,0,4190.943604681474,4190.973559041532,4225.8213839711325,0,0,2
2026-06-22T18:00:00-04:00,4193.96,4194.57,4188.47,4189.97,4193.96,4194.57,4188.47,4189.97,0,0,4190.61906978765,4190.83019346417,4225.111455575665,0,0,3
2026-06-22T19:00:00-04:00,4189.97,4195.39,4186.86,4187.67,4189.97,4195.39,4186.86,4187.67,0,0,4189.6360465251,4190.378737255003,4224.3700406137705,0,0,
2026-06-22T20:00:00-04:00,4187.51,4194.66,4178.39,4193.34,4187.51,4194.66,4178.39,4193.34,0,1,4190.8706976834,4190.801774790003,4223.755584363993,0,0,
2026-06-22T21:00:00-04:00,4193.35,4198.39,4150.18,4161.36,4193.35,4198.39,4150.18,4161.36,0,0,4181.0337984556,4186.59580696286,4222.520028237974,0,1,
2026-06-22T22:00:00-04:00,4161.33,4163.52,4146.66,4146.98,4161.33,4163.52,4146.66,4146.98,0,0,4169.682532303733,4180.936405968166,4221.024186094647,0,0,
2026-06-22T23:00:00-04:00,4146.99,4149.71,4130.91,4144.1,4146.99,4149.71,4130.91,4144.1,0,0,4161.155021535822,4175.6740622584275,4219.5009348848525,0,0,
2026-06-23T00:00:00-04:00,4144.1,4146.98,4114.9,4118.18,4144.1,4146.98,4114.9,4118.18,0,0,4146.830014357215,4167.460624792938,4217.494579738618,0,0,
2026-06-23T01:00:00-04:00,4118.18,4137.51,4115.47,4121.27,4118.18,4137.51,4115.47,4121.27,0,0,4138.310009571477,4160.861964108232,4215.589142516071,0,0,
2026-06-23T02:00:00-04:00,4121.24,4126.96,4110.4,4114.38,4121.24,4126.96,4110.4,4114.38,0,0,4130.333339714318,4154.221683521342,4213.585001080109,0,0,
2026-06-23T03:00:00-04:00,4114.34,4124.83,4096.72,4098.83,4114.34,4124.83,4096.72,4098.83,0,0,4119.832226476212,4146.308585875436,4211.3126248210965,0,0,
2026-06-23T04:00:00-04:00,4098.82,4111.01,4090.9,4105.32,4098.82,4111.01,4090.9,4105.32,0,0,4114.994817650808,4140.453073607517,4209.213760963253,0,0,
2026-06-23T05:00:00-04:00,4105.31,4122.32,4104.04,4122.32,4105.31,4122.32,4104.04,4122.32,0,0,4117.436545100539,4137.8626345207285,4207.493092429327,0,0,
2026-06-23T06:00:00-04:00,4122.32,4133.35,4119.69,4119.8,4122.32,4133.35,4119.69,4119.8,0,0,4118.224363400359,4135.282258160624,4205.756595549538,0,0,
2026-06-23T07:00:00-04:00,4119.78,4132.02,4117.49,4123.34,4119.78,4132.02,4117.49,4123.34,0,0,4119.929575600239,4133.576221280535,4204.124583756478,0,0,
2026-06-23T08:00:00-04:00,4123.32,4127.38,4111.79,4113.3,4123.32,4127.38,4111.79,4113.3,0,0,4117.719717066826,4130.679618240459,4202.326077147439,0,0,
2026-06-23T09:00:00-04:00,4113.29,4140.43,4105.42,4135.47,4113.29,4140.43,4105.42,4135.47,0,0,4123.636478044551,4131.363958491822,4201.002194431648,0,0,
2026-06-23T10:00:00-04:00,4135.3,4145.12,4122.94,4130.2,4135.3,4145.12,4122.94,4130.2,0,0,4125.824318696367,4131.197678707276,4199.600170779536,0,0,
2026-06-23T11:00:00-04:00,4130.18,4141.65,4123.54,4138.69,4130.18,4141.65,4123.54,4138.69,0,0,4130.112879130911,4132.268010320522,4198.394028783901,0,0,
2026-06-23T12:00:00-04:00,4138.68,4143.88,4131.62,4134.36,4138.68,4143.88,4131.62,4134.36,0,0,4131.528586087274,4132.566865989019,4197.126028213923,0,0,
2026-06-23T13:00:00-04:00,4134.23,4139.82,4127.83,4128.05,4134.23,4139.82,4127.83,4128.05,0,0,4130.3690573915155,4131.921599419159,4195.7581860710725,0,0,
2026-06-23T14:00:00-04:00,4128.04,4131.1,4112.91,4117.82,4128.04,4131.1,4112.91,4117.82,0,0,4126.18603826101,4129.907085216422,4194.214855653823,0,0,
2026-06-23T15:00:00-04:00,4117.8,4126.1,4111.68,4111.77,4117.8,4126.1,4111.68,4111.77,0,0,4121.380692174007,4127.316073042648,4192.582284254738,0,0,
2026-06-23T16:00:00-04:00,4112.09,4112.93,4107.51,4109.68,4112.09,4112.93,4107.51,4109.68,0,0,4117.480461449338,4124.796634036556,4190.940654863555,0,0,
2026-06-23T18:00:00-04:00,4112.41,4114.98,4097.14,4104.4,4112.41,4114.98,4097.14,4104.4,0,0,4113.120307632892,4121.88282917419,4189.226978529623,0,0,
2026-06-23T19:00:00-04:00,4104.41,4104.44,4080.93,4099.24,4104.41,4104.44,4080.93,4099.24,0,0,4108.493538421928,4118.648139292163,4187.4450581627,0,0,
2026-06-23T20:00:00-04:00,4099.25,4112.08,4093.81,4097.3,4099.25,4112.08,4093.81,4097.3,0,0,4104.762358947952,4115.598405107568,4185.660007506012,0,0,
2026-06-23T21:00:00-04:00,4097.35,4102.3,4068.55,4089.09,4097.35,4102.3,4068.55,4089.09,0,0,4099.538239298635,4111.811490092202,4183.747730129656,0,0,
2026-06-23T22:00:00-04:00,4089.03,4095.98,4052.2,4061.2,4089.03,4095.98,4052.2,4061.2,0,0,4086.75882619909,4104.581277221887,4181.321042404316,0,0,
2026-06-23T23:00:00-04:00,4061.2,4070.68,4050.46,4062.81,4061.2,4070.68,4050.46,4062.81,0,0,4078.775884132727,4098.613951904475,4178.974289089379,0,0,
2026-06-24T00:00:00-04:00,4062.8,4067.24,4055.1,4064.52,4062.8,4067.24,4055.1,4064.52,0,0,4074.023922755151,4093.7433873466925,4176.707867523253,0,0,
2026-06-24T01:00:00-04:00,4064.52,4086.21,4060.82,4075.92,4064.52,4086.21,4060.82,4075.92,0,0,4074.655948503434,4091.197189154308,4174.712068166357,0,0,
2026-06-24T02:00:00-04:00,4075.92,4097.6,4075.92,4087.13,4075.92,4097.6,4075.92,4087.13,0,0,4078.813965668956,4090.616162132264,4172.977769786826,0,0,
2026-06-24T03:00:00-04:00,4087.14,4090.84,4073.78,4074.89,4087.14,4090.84,4073.78,4074.89,0,0,4077.505977112637,4088.3695675419403,4171.035437711839,0,0,
2026-06-24T04:00:00-04:00,4074.89,4087.61,4073.19,4076.34,4074.89,4087.61,4073.19,4076.34,0,0,4077.1173180750916,4086.6510578930915,4169.160280529427,0,0,
2026-06-24T05:00:00-04:00,4076.33,4079.17,4064.26,4064.63,4076.33,4079.17,4064.26,4064.63,0,0,4072.9548787167278,4083.5051924797926,4167.09037398429,0,0,
2026-06-24T06:00:00-04:00,4064.65,4066.92,4054.75,4055.65,4064.65,4066.92,4054.75,4055.65,0,0,4067.186585811152,4079.5258792683935,4164.883633905393,0,0,
2026-06-24T07:00:00-04:00,4055.65,4058.56,4037.58,4046.73,4055.65,4058.56,4037.58,4046.73,0,0,4060.367723874101,4074.840753658623,4162.543957986474,0,0,
2026-06-24T08:00:00-04:00,4046.76,4048.77,3987.68,3987.82,4046.76,4048.77,3987.68,3987.82,0,0,4036.1851492494006,4062.4092174216767,4159.084077630307,0,0,
2026-06-24T09:00:00-04:00,3987.89,4042.11,3964.6,4038.37,3987.89,4042.11,3964.6,4038.37,0,0,4036.9134328329337,4058.9750435042943,4156.693699855449,0,0,
2026-06-24T10:00:00-04:00,4038.37,4041.09,4003,4008.04,4038.37,4041.09,4003,4008.04,0,0,4027.288955221956,4051.6986087179666,4153.75006223455,0,0,
2026-06-24T11:00:00-04:00,4008.03,4016.8,3997.34,4002.49,4008.03,4016.8,3997.34,4002.49,0,0,4019.0226368146373,4044.668807472543,4150.75481347743,0,0,
2026-06-24T12:00:00-04:00,4002.6,4022.24,3995.61,4006.69,4002.6,4022.24,3995.61,4006.69,0,0,4014.911757876425,4039.243263547894,4147.902044893718,0,0,
2026-06-24T13:00:00-04:00,4006.69,4011.27,3972.74,3972.79,4006.69,4011.27,3972.74,3972.79,0,0,4000.8711719176167,4029.749940183909,4144.434479648298,0,0,
2026-06-24T14:00:00-04:00,3972.79,3994.27,3959.26,3981.41,3972.79,3994.27,3959.26,3981.41,0,0,3994.3841146117443,4022.8442344433506,4141.20627213051,0,0,
2026-06-24T15:00:00-04:00,3981.41,3990.83,3973.59,3988.04,3981.41,3990.83,3973.59,3988.04,0,0,3992.2694097411627,4017.8722009514436,4138.173276642778,0,0,
2026-06-24T16:00:00-04:00,3988.14,4002.8,3984.76,4001.05,3988.14,4002.8,3984.76,4001.05,0,0,3995.196273160775,4015.4690293869517,4135.4579642340095,0,0,
2026-06-24T18:00:00-04:00,4003.65,4008.77,3992.94,3996.38,4003.65,4008.77,3992.94,3996.38,0,0,3995.59084877385,4012.7420251888157,4132.703945140267,0,0,
2026-06-24T19:00:00-04:00,3996.38,4018.68,3990.93,4012.41,3996.38,4018.68,3990.93,4012.41,0,0,4001.1972325159,4012.694593018985,4130.321886820658,0,0,
2026-06-24T20:00:00-04:00,4012.42,4016.45,3978.62,3991.47,4012.42,4016.45,3978.62,3991.47,0,0,3997.9548216772664,4009.662508301987,4127.572344507377,0,0,
2026-06-24T21:00:00-04:00,3991.47,4005.92,3972.56,3976.81,3991.47,4005.92,3972.56,3976.81,0,0,3990.9065477848444,4004.9692928302748,4124.586951546835,0,0,
2026-06-24T22:00:00-04:00,3976.81,3991.22,3963.65,3983.17,3976.81,3991.22,3963.65,3983.17,0,0,3988.3276985232296,4001.8551081402356,4121.78661587264,0,0,
2026-06-24T23:00:00-04:00,3983.01,4001.17,3966.32,3995.6,3983.01,4001.17,3966.32,3995.6,0,0,3990.7517990154865,4000.9615212630592,4119.287871003875,0,0,
2026-06-25T00:00:00-04:00,3995.6,3997.64,3983.67,3996.09,3995.6,3997.64,3983.67,3996.09,0,0,3992.5311993436576,4000.265589654051,4116.848309201818,0,0,
2026-06-25T01:00:00-04:00,3996.08,4000.04,3980.47,3986.47,3996.08,4000.04,3980.47,3986.47,0,0,3990.5107995624385,3998.2947911320434,4114.266560504752,0,0,
2026-06-25T02:00:00-04:00,3986.47,3989.2,3974.13,3977.44,3986.47,3989.2,3974.13,3977.44,0,0,3986.153866374959,3995.315535256037,4111.557123663074,0,0,
2026-06-25T03:00:00-04:00,3977.5,3989.82,3971.49,3987.93,3977.5,3989.82,3971.49,3987.93,0,0,3986.7459109166393,3994.260458790889,4109.10906180836,0,0,
2026-06-25T04:00:00-04:00,3987.89,4002.08,3984.33,3989.22,3987.89,4002.08,3984.33,3989.22,0,0,3987.5706072777593,3993.5403932493336,4106.735020980472,0,0,
2026-06-25T05:00:00-04:00,3989.22,3997.68,3986.16,3988.27,3989.22,3997.68,3986.16,3988.27,0,0,3987.8037381851727,3992.7874799280003,4104.389178980859,0,0,
2026-06-25T06:00:00-04:00,3988.26,3989.45,3981.33,3984.38,3988.26,3989.45,3981.33,3984.38,0,0,3986.6624921234484,3991.586411366857,4102.012759595099,0,0,
2026-06-25T07:00:00-04:00,3984.38,3987.84,3973.71,3980.07,3984.38,3987.84,3973.71,3980.07,0,0,3984.4649947489656,3989.9412097430204,4099.598051484305,0,0,
2026-06-25T08:00:00-04:00,3980.09,4019.19,3978.97,4012.43,3980.09,4019.19,3978.97,4012.43,0,0,3993.786663165977,3993.153894065446,4097.871951454913,0,0,
2026-06-25T09:00:00-04:00,4012.57,4034.07,4001.09,4002.29,4012.57,4034.07,4001.09,4002.29,1,0,3996.621108777318,3994.4590520560964,4095.979239544915,0,0,
2026-06-25T10:00:00-04:00,4002.27,4028.41,3999.24,4011.97,4002.27,4028.41,3999.24,4011.97,0,0,4001.737405851545,3996.9606160480826,4094.315690246996,0,0,
2026-06-25T11:00:00-04:00,4011.98,4042.67,4005.04,4041.14,4011.98,4042.67,4005.04,4041.14,0,0,4014.87160390103,4003.271956612642,4093.2627062817087,0,0,
2026-06-25T12:00:00-04:00,4041.3,4044.07,4023.92,4028.74,4041.3,4044.07,4023.92,4028.74,0,0,4019.4944026006865,4006.910248525122,4091.9850289295955,0,0,
2026-06-25T13:00:00-04:00,4028.74,4036.74,4026.89,4034.72,4028.74,4036.74,4026.89,4034.72,0,0,4024.569601733791,4010.88307016439,4090.8510679606925,0,0,
2026-06-25T14:00:00-04:00,4034.76,4044.24,4026.02,4034.76,4034.76,4044.24,4026.02,4034.76,0,0,4027.9664011558607,4014.294060140906,4089.740353743649,0,0,
2026-06-25T15:00:00-04:00,4034.78,4043.81,4021.95,4026.81,4034.78,4043.81,4021.95,4026.81,0,0,4027.580934103907,4016.082051549348,4088.494208124963,0,0,
2026-06-25T16:00:00-04:00,4026.77,4034.98,4024.44,4026.7,4026.77,4034.98,4024.44,4026.7,0,0,4027.2872894026045,4017.5989013280123,4087.27056043932,0,0,
2026-06-25T18:00:00-04:00,4030.89,4036.63,4019.87,4026.39,4030.89,4036.63,4019.87,4026.39,0,0,4026.9881929350695,4018.8547725668677,4086.0650047870563,0,0,
2026-06-25T19:00:00-04:00,4026.39,4030.46,4012.62,4014.56,4026.39,4030.46,4012.62,4014.56,0,0,4022.845461956713,4018.241233628744,4084.649064098204,0,0,
2026-06-25T20:00:00-04:00,4014.5,4024.52,4011.48,4020.34,4014.5,4024.52,4011.48,4020.34,0,0,4022.010307971142,4018.541057396066,4083.3756172843778,0,0,
2026-06-25T21:00:00-04:00,4020.37,4029.68,4014.35,4021.03,4020.37,4029.68,4014.35,4021.03,0,0,4021.683538647428,4018.8966206252,4082.141050605479,0,0,
2026-06-25T22:00:00-04:00,4021.03,4023.31,3983.11,3990.74,4021.03,4023.31,3983.11,3990.74,0,1,4011.369025764952,4014.8742462501714,4080.331128811311,0,0,
2026-06-25T23:00:00-04:00,3990.75,4006.58,3986.68,4004.31,3990.75,4006.58,3986.68,4004.31,0,0,4009.0160171766347,4013.3650682144325,4078.8257599239582,0,0,
2026-06-26T00:00:00-04:00,4004.3,4015.39,3998.79,4011.42,4004.3,4015.39,3998.79,4011.42,0,0,4009.8173447844233,4013.0872013266567,4077.4909924007115,0,0,
2026-06-26T01:00:00-04:00,4011.6,4021.6,4005.73,4008.04,4011.6,4021.6,4005.73,4008.04,0,0,4009.2248965229487,4012.3661725657057,4076.1157252244598,0,0,
2026-06-26T02:00:00-04:00,4008.11,4033.19,4006.84,4032.17,4008.11,4033.19,4006.84,4032.17,1,0,4016.8732643486323,4015.195290770605,4075.2455128437773,0,0,
2026-06-26T03:00:00-04:00,4032.13,4039.77,4026.79,4030.67,4032.13,4039.77,4026.79,4030.67,0,0,4021.4721762324216,4017.4059635176613,4074.362829421128,0,0,
2026-06-26T04:00:00-04:00,4030.65,4037.8,4025.84,4030.99,4030.65,4037.8,4025.84,4030.99,0,0,4024.6447841549475,4019.3465401579956,4073.503961511799,0,0,
2026-06-26T05:00:00-04:00,4030.99,4054.14,4029.63,4047.21,4030.99,4054.14,4029.63,4047.21,0,0,4032.166522769965,4023.327034421139,4072.983289006615,0,0,
2026-06-26T06:00:00-04:00,4047.2,4054.87,4042.37,4054.75,4047.2,4054.87,4042.37,4054.75,0,0,4039.69434851331,4027.8160295038338,4072.6222337787613,0,0,
2026-06-26T07:00:00-04:00,4054.75,4055.44,4042.76,4045.95,4054.75,4055.44,4042.76,4045.95,0,0,4041.77956567554,4030.4065967175716,4072.094070733637,0,0,
2026-06-26T08:00:00-04:00,4045.96,4061.58,4035.89,4059.02,4045.96,4061.58,4035.89,4059.02,0,0,4047.5263771170266,4034.4942257579187,4071.835178243862,0,0,
2026-06-26T09:00:00-04:00,4059.12,4078.05,4043.34,4073.61,4059.12,4078.05,4043.34,4073.61,0,0,4056.220918078018,4040.0821935067875,4071.8703232291323,0,0,
2026-06-26T10:00:00-04:00,4073.61,4093.11,4067.84,4080.59,4073.61,4093.11,4067.84,4080.59,0,0,4064.3439453853453,4045.869023005818,4072.042990095882,0,0,
2026-06-26T11:00:00-04:00,4080.57,4096.03,4075.83,4090.59,4080.57,4096.03,4075.83,4090.59,0,0,4073.092630256897,4052.2577340049866,4072.410257618736,0,0,
2026-06-26T12:00:00-04:00,4090.58,4093.51,4082.28,4085.1,4090.58,4093.51,4082.28,4085.1,0,0,4077.0950868379314,4056.9494862899883,4072.661539646088,0,0,
2026-06-26T13:00:00-04:00,4085.1,4088.14,4073.71,4074.74,4085.1,4088.14,4073.71,4074.74,0,0,4076.3100578919543,4059.4909882485613,4072.7026972768585,0,0,
2026-06-26T14:00:00-04:00,4074.75,4078.84,4067.18,4067.37,4074.75,4078.84,4067.18,4067.37,0,0,4073.3300385946363,4060.6165613559097,4072.59709931098,0,0,
2026-06-26T15:00:00-04:00,4067.38,4074.68,4064.59,4071.7,4067.38,4074.68,4064.59,4071.7,0,0,4072.7866923964243,4062.199909733637,4072.579334968188,0,0,
2026-06-26T16:00:00-04:00,4071.73,4088.31,4064.69,4088.02,4071.73,4088.31,4064.69,4088.02,0,0,4077.8644615976164,4065.888494057403,4072.8850907113924,0,0,
2026-06-28T18:00:00-04:00,4084.61,4086.38,4053.38,4066.52,4084.61,4086.38,4053.38,4066.52,0,0,4074.082974398411,4065.97870919206,4072.759049311167,0,0,
2026-06-28T19:00:00-04:00,4066.53,4070.58,4051.97,4062.83,4066.53,4070.58,4051.97,4062.83,0,0,4070.331982932274,4065.528893593194,4072.562434473322,0,0,
2026-06-28T20:00:00-04:00,4062.84,4074.23,4048.33,4069.6,4062.84,4074.23,4048.33,4069.6,0,0,4070.087988621516,4066.110480222738,4072.5037724045433,0,0,
2026-06-28T21:00:00-04:00,4069.6,4074.58,4053.83,4061.4,4069.6,4074.58,4053.83,4061.4,0,0,4067.191992414344,4065.4375544766326,4072.2838957232652,0,0,
2026-06-28T22:00:00-04:00,4061.4,4071.79,4058.45,4066.41,4061.4,4071.79,4058.45,4066.41,0,0,4066.931328276229,4065.576475265685,4072.167580956468,0,0,
2026-06-28T23:00:00-04:00,4066.43,4075.79,4065.04,4069,4066.43,4075.79,4065.04,4069,0,0,4067.620885517486,4066.06555022773,4072.1048565810925,0,0,
2026-06-29T00:00:00-04:00,4069,4069.05,4049.68,4052.33,4069,4069.05,4049.68,4052.33,0,0,4062.523923678324,4064.1033287666255,4071.713275262655,0,0,
2026-06-29T01:00:00-04:00,4052.3,4057.45,4039.41,4054.48,4052.3,4057.45,4039.41,4054.48,0,1,4059.8426157855492,4062.7285675142502,4071.3720222871566,0,0,
2026-06-29T02:00:00-04:00,4054.48,4064.97,4053.61,4062.42,4054.48,4064.97,4053.61,4062.42,0,0,4060.701743857033,4062.684486440786,4071.194754519094,0,0,
2026-06-29T03:00:00-04:00,4062.41,4068.56,4056.14,4061.61,4062.41,4068.56,4056.14,4061.61,1,0,4061.0044959046886,4062.5309883778164,4071.004957399904,0,0,
2026-06-29T04:00:00-04:00,4061.62,4066.67,4043.73,4047.07,4061.62,4066.67,4043.73,4047.07,0,1,4056.359663936459,4060.322275752414,4070.5309978474306,0,0,
2026-06-29T05:00:00-04:00,4047.09,4055.32,4024.77,4031.62,4047.09,4055.32,4024.77,4031.62,0,0,4048.1131092909727,4056.2219506449264,4069.760483038571,0,0,
2026-06-29T06:00:00-04:00,4031.62,4039.8,4027.54,4036.84,4031.62,4039.8,4027.54,4036.84,0,0,4044.3554061939817,4053.4531005527942,4069.1085922853317,0,0,
2026-06-29T07:00:00-04:00,4036.84,4042.34,4027.48,4039.28,4036.84,4042.34,4027.48,4039.28,0,0,4042.6636041293214,4051.428371902395,4068.517927091563,0,0,
2026-06-29T08:00:00-04:00,4039.28,4052.44,4037.66,4043.64,4039.28,4052.44,4037.66,4043.64,0,0,4042.9890694195474,4050.31574734491,4068.025294871928,0,0,
2026-06-29T09:00:00-04:00,4043.63,4051.76,4028.34,4032.3,4043.63,4051.76,4028.34,4032.3,0,0,4039.4260462796983,4047.74206915278,4067.317863290306,0,0,
2026-06-29T10:00:00-04:00,4032.31,4035.5,4000.78,4025.64,4032.31,4035.5,4000.78,4025.64,0,0,4034.830697519799,4044.584630702383,4066.4925590667353,0,0,
2026-06-29T11:00:00-04:00,4025.69,4030.4,4016.76,4027,4025.69,4030.4,4016.76,4027,0,0,4032.2204650131994,4042.0725406020424,4065.7105281941267,0,0,
2026-06-29T12:00:00-04:00,4027,4028.72,4018.81,4023.92,4027,4028.72,4018.81,4023.92,0,0,4029.453643342133,4039.4793205160363,4064.882992982362,0,0,
2026-06-29T13:00:00-04:00,4023.92,4032.12,4019.38,4021.02,4023.92,4032.12,4019.38,4021.02,0,0,4026.6424288947555,4036.842274728031,4064.014418863899,0,0,
2026-06-29T14:00:00-04:00,4021.02,4025.29,4012.05,4013.41,4021.02,4025.29,4012.05,4013.41,0,0,4022.23161926317,4033.494806909741,4063.012351163624,0,0,
2026-06-29T15:00:00-04:00,4013.43,4019.59,4005.36,4015.91,4013.43,4019.59,4005.36,4015.91,0,0,4020.1244128421135,4030.9826916369207,4062.0796313386018,0,0,
2026-06-29T16:00:00-04:00,4015.93,4018.02,4012.79,4016.33,4015.93,4018.02,4012.79,4016.33,0,0,4018.859608561409,4028.8894499745033,4061.173698044768,0,0,
2026-06-29T18:00:00-04:00,4018.18,4022.1,4009.71,4014.2,4018.18,4022.1,4009.71,4014.2,0,0,4017.306405707606,4026.790957121003,4060.243525806258,0,0,
2026-06-29T19:00:00-04:00,4014.2,4022.41,4013.48,4014.94,4014.2,4022.41,4013.48,4014.94,0,0,4016.5176038050704,4025.097963246574,4059.3464262853417,0,0,
2026-06-29T20:00:00-04:00,4014.92,4015.15,3980.12,3987.14,4014.92,4015.15,3980.12,3987.14,0,0,4006.7250692033804,4019.675397068492,4057.9165960618698,0,0,
2026-06-29T21:00:00-04:00,3987.16,3987.26,3942.79,3969.39,3987.16,3987.26,3942.79,3969.39,0,0,3994.280046135587,4012.4917689158506,4056.1635941596546,0,0,
2026-06-29T22:00:00-04:00,3969.38,3973.26,3952.47,3962.92,3969.38,3973.26,3952.47,3962.92,0,0,3983.8266974237245,4005.4100876421576,4054.317186354513,0,0,
2026-06-29T23:00:00-04:00,3962.91,3971.12,3960.21,3969.88,3962.91,3971.12,3960.21,3969.88,0,0,3979.177798282483,4000.334360836135,4052.6451628623445,0,0,
2026-06-30T00:00:00-04:00,3969.87,3998.05,3968.25,3985.55,3969.87,3998.05,3968.25,3985.55,0,0,3981.301865521655,3998.222309288116,4051.3165457759615,0,0,
2026-06-30T01:00:00-04:00,3985.55,3990.85,3975.21,3978.01,3985.55,3990.85,3975.21,3978.01,0,0,3980.204577014437,3995.3348365326706,4049.8649310081205,0,0,
2026-06-30T02:00:00-04:00,3977.99,4034.03,3977.99,4029.66,3977.99,4034.03,3977.99,4029.66,1,0,3996.6897180096244,4000.2384313137177,4049.4648333643954,0,0,
2026-06-30T03:00:00-04:00,4029.76,4034.78,4023.85,4032.27,4029.76,4034.78,4023.85,4032.27,0,0,4008.5498120064162,4004.814369697472,4049.1243416146053,0,0,
2026-06-30T04:00:00-04:00,4032.25,4037.64,4013.74,4015.59,4032.25,4037.64,4013.74,4015.59,0,1,4010.896541337611,4006.353745454976,4048.460295245999,0,0,
2026-06-30T05:00:00-04:00,4015.55,4023.94,4012.47,4023.93,4015.55,4023.94,4012.47,4023.93,0,0,4015.241027558407,4008.8646389614078,4047.9745468252863,0,0,
2026-06-30T06:00:00-04:00,4023.93,4031.35,4021.54,4029.88,4023.93,4031.35,4021.54,4029.88,0,0,4020.120685038938,4011.8668333954924,4047.61623896736,0,0,
2026-06-30T07:00:00-04:00,4029.89,4037.35,4025.47,4033.95,4029.89,4037.35,4025.47,4033.95,1,0,4024.7304566926255,4015.0215714818505,4047.345620373947,0,0,
2026-06-30T08:00:00-04:00,4033.94,4034.43,4008.72,4009.92,4033.94,4034.43,4008.72,4009.92,0,1,4019.7936377950837,4014.2927755558717,4046.6045189804036,0,0,
2026-06-30T09:00:00-04:00,4009.92,4033.39,4009.47,4029.69,4009.92,4033.39,4009.47,4029.69,0,0,4023.0924251967226,4016.49237904789,4046.2695780104946,0,0,
2026-06-30T10:00:00-04:00,4029.77,4063.4,4025.4,4037.43,4029.77,4063.4,4025.4,4037.43,1,0,4027.871616797815,4019.4834677553345,4046.0945368617718,0,0,
2026-06-30T11:00:00-04:00,4037.45,4039.42,4022.22,4029.4,4037.45,4039.42,4022.22,4029.4,0,0,4028.38107786521,4020.900115218858,4045.76395197342,0,0,
2026-06-30T12:00:00-04:00,4029.4,4033.91,4025.97,4026.13,4029.4,4033.91,4025.97,4026.13,0,0,4027.630718576807,4021.647241616164,4045.3751608452335,0,0,
2026-06-30T13:00:00-04:00,4026.13,4032.2,4020.8,4030.79,4026.13,4032.2,4020.8,4030.79,0,0,4028.6838123845378,4022.953349956712,4045.0863457789915,0,0,
2026-06-30T14:00:00-04:00,4030.8,4033.85,4028.32,4028.58,4030.8,4033.85,4028.32,4028.58,0,0,4028.6492082563586,4023.757157105753,4044.759487446734,0,0,
2026-06-30T15:00:00-04:00,4028.58,4029.49,4014.85,4016.05,4028.58,4029.49,4014.85,4016.05,0,1,4024.4494721709057,4022.656134662074,4044.1909827448185,0,0,
2026-06-30T16:00:00-04:00,4015.97,4021.13,4006.42,4007.15,4015.97,4021.13,4006.42,4007.15,0,0,4018.6829814472703,4020.440972567492,4043.4574979379904,0,1,
2026-06-30T18:00:00-04:00,4011.66,4018.1,4010.51,4013.2,4011.66,4018.1,4010.51,4013.2,0,0,4016.8553209648467,4019.406547914993,4042.8583395629807,0,0,0
2026-06-30T19:00:00-04:00,4013.21,4018.39,4005.46,4005.8,4013.21,4018.39,4005.46,4005.8,0,0,4013.1702139765644,4017.4627553557084,4042.124511056783,0,0,
2026-06-30T20:00:00-04:00,4005.77,4009.84,3993.26,3996.81,4005.77,4009.84,3993.26,3996.81,0,0,4007.7168093177097,4014.5123617334643,4041.2271940061537,0,0,
2026-06-30T21:00:00-04:00,3996.82,3999.77,3974,3977.82,3996.82,3999.77,3974,3977.82,0,0,3997.7512062118067,4009.2705957715407,4039.971606006032,0,0,
2026-06-30T22:00:00-04:00,3977.82,3986.12,3970.23,3979.19,3977.82,3986.12,3970.23,3979.19,0,0,3991.564137474538,4004.9733678041775,4038.7680098474966,0,0,
2026-06-30T23:00:00-04:00,3979.15,3986.98,3976.74,3980.51,3979.15,3986.98,3976.74,3980.51,0,0,3987.8794249830253,4001.478600975009,4037.6143858901205,0,0,
2026-07-01T00:00:00-04:00,3980.55,3982.81,3972.5,3976.69,3980.55,3982.81,3972.5,3976.69,0,0,3984.14961665535,3997.9373722642936,4036.407962407148,0,0,
2026-07-01T01:00:00-04:00,3976.7,3978.93,3969.94,3974.05,3976.7,3978.93,3969.94,3974.05,0,0,3980.7830777702334,3994.5248905122517,4035.1731512703727,0,0,
2026-07-01T02:00:00-04:00,3974.06,3977.51,3963.21,3971.89,3974.06,3977.51,3963.21,3971.89,0,0,3977.818718513489,3991.2913347247872,4033.9200195620483,0,0,
2026-07-01T03:00:00-04:00,3971.89,3978.41,3960.18,3976.1,3971.89,3978.41,3960.18,3976.1,0,0,3977.2458123423257,3989.1211440498178,4032.7750686796317,0,0,
2026-07-01T04:00:00-04:00,3975.96,3984.5,3969.46,3974.53,3975.96,3984.5,3969.46,3974.53,0,0,3976.3405415615507,3987.036694899844,4031.621700983005,0,0,
2026-07-01T05:00:00-04:00,3974.53,3986.08,3972.9,3984.5,3974.53,3986.08,3972.9,3984.5,0,0,3979.060361041034,3986.6743099141518,4030.6885979932426,0,0,
2026-07-01T06:00:00-04:00,3984.48,3998.77,3981.37,3998.44,3984.48,3998.77,3981.37,3998.44,0,0,3985.5202406940225,3988.3551227835587,4030.0500118943664,0,0,
2026-07-01T07:00:00-04:00,3998.43,4035.54,3998.04,4030.46,3998.43,4035.54,3998.04,4030.46,1,0,4000.500160462682,3994.37010524305,4030.0581304707157,1,0,
2026-07-01T08:00:00-04:00,4030.45,4034.01,4019.71,4022.78,4030.45,4034.01,4019.71,4022.78,0,0,4007.926773641788,3998.4286616369,4029.9140090752558,0,0,
2026-07-01T09:00:00-04:00,4022.78,4108.01,4012.92,4089.86,4022.78,4108.01,4012.92,4089.86,0,0,4035.2378490945252,4011.490281403057,4031.101058400498,0,0,
2026-07-01T10:00:00-04:00,4089.7,4115.64,4082.96,4093.48,4089.7,4115.64,4082.96,4093.48,0,0,4054.65189939635,4023.2030983454774,4032.3362849668247,0,0,
2026-07-01T11:00:00-04:00,4093.42,4094.6,4076.85,4081.18,4093.42,4094.6,4076.85,4081.18,0,0,4063.494599597567,4031.485512867552,4033.3034872447092,0,0,
2026-07-01T12:00:00-04:00,4081.17,4088.47,4070.54,4071.28,4081.17,4088.47,4070.54,4071.28,0,0,4066.0897330650446,4037.170439600759,4034.0554973982794,0,0,
2026-07-01T13:00:00-04:00,4071.27,4073.66,4067.38,4068.24,4071.27,4073.66,4067.38,4068.24,0,0,4066.8064887100295,4041.608948229222,4034.732418241878,0,0,
2026-07-01T14:00:00-04:00,4068.24,4070.78,4057.98,4062.2,4068.24,4070.78,4057.98,4062.2,0,0,4065.270992473353,4044.5505270536187,4035.27633075194,0,0,
2026-07-01T15:00:00-04:00,4062.21,4068.36,4034.57,4038.87,4062.21,4068.36,4034.57,4038.87,0,0,4056.470661648902,4043.739023188816,4035.347492519228,0,0,
2026-07-01T16:00:00-04:00,4038.72,4039.62,4028.61,4031.43,4038.72,4039.62,4028.61,4031.43,0,0,4048.1237744326013,4041.9805913046994,4035.2699184099365,0,0,
2026-07-01T18:00:00-04:00,4034.1,4045.21,4033.16,4045.11,4034.1,4045.21,4033.16,4045.11,0,0,4047.1191829550676,4042.4276496897423,4035.46477151073,0,0,
2026-07-01T19:00:00-04:00,4045.13,4045.13,4033.44,4035.09,4045.13,4045.13,4033.44,4035.09,0,0,4043.1094553033786,4041.3794140197792,4035.4573502926955,0,0,
2026-07-01T20:00:00-04:00,4035.1,4052.67,4030.78,4051.83,4035.1,4052.67,4030.78,4051.83,0,0,4046.016303535586,4042.8723548740963,4035.781561177989,0,0,
2026-07-01T21:00:00-04:00,4051.9,4068.55,4045.35,4050.27,4051.9,4068.55,4045.35,4050.27,0,0,4047.434202357057,4043.929161320654,4036.0684609566424,0,0,
2026-07-01T22:00:00-04:00,4050.27,4061.04,4041.34,4057.17,4050.27,4061.04,4041.34,4057.17,0,0,4050.679468238038,4045.820709703418,4036.4863132149267,0,0,
2026-07-01T23:00:00-04:00,4057.15,4074.17,4055.52,4070.01,4057.15,4074.17,4055.52,4070.01,0,0,4057.122978825359,4049.2763226029297,4037.1501485968092,0,0,
2026-07-02T00:00:00-04:00,4070.01,4072.98,4060.72,4060.81,4070.01,4072.98,4060.72,4060.81,0,0,4058.3519858835725,4050.923990802511,4037.6186605057833,0,0,
2026-07-02T01:00:00-04:00,4060.8,4067.74,4053.26,4066.11,4060.8,4067.74,4053.26,4066.11,0,0,4060.9379905890482,4053.0934206878665,4038.182845446263,0,0,
2026-07-02T02:00:00-04:00,4066.11,4079.81,4066.1,4073.27,4066.11,4079.81,4066.1,4073.27,0,0,4065.048660392699,4055.9757891610284,4038.8776405859408,0,0,
2026-07-02T03:00:00-04:00,4073.3,4075.57,4060.88,4064.63,4073.3,4075.57,4060.88,4064.63,0,0,4064.909106928466,4057.212104995167,4039.38758829711,0,0,
2026-07-02T04:00:00-04:00,4064.43,4079.99,4061.35,4076.16,4064.43,4079.99,4061.35,4076.16,0,0,4068.659404618977,4059.9189471387144,4040.115754865484,0,0,
2026-07-02T05:00:00-04:00,4076.14,4077.01,4064.02,4065.31,4076.14,4077.01,4064.02,4065.31,0,0,4067.542936412651,4060.6890975474694,4040.6146508087418,0,0,
2026-07-02T06:00:00-04:00,4065.33,4068.71,4061.6,4066.38,4065.33,4068.71,4061.6,4066.38,0,0,4067.1552909417674,4061.5020836121166,4041.1248557432223,0,0,
2026-07-02T07:00:00-04:00,4066.42,4072.32,4057.49,4065.29,4066.42,4072.32,4057.49,4065.29,0,0,4066.5335272945117,4062.0432145246714,4041.603373451277,0,0,
2026-07-02T08:00:00-04:00,4065.28,4140.54,4061.35,4117.58,4065.28,4140.54,4061.35,4117.58,0,0,4083.549018196341,4069.9770410211468,4043.1078611057073,0,0,
2026-07-02T09:00:00-04:00,4117.59,4144.05,4109.48,4136.84,4117.59,4144.05,4109.48,4136.84,0,0,4101.312678797561,4079.52889230384,4044.96394306401,0,0,
2026-07-02T10:00:00-04:00,4136.85,4138.28,4114.16,4128.6,4136.85,4138.28,4114.16,4128.6,0,0,4110.408452531708,4086.5390505461487,4046.6201026072968,0,0,
2026-07-02T11:00:00-04:00,4128.61,4131.37,4114.73,4128.49,4128.61,4131.37,4114.73,4128.49,0,0,4116.435635021138,4092.5320433252705,4048.241288694281,0,0,
2026-07-02T12:00:00-04:00,4128.49,4130.25,4100.4,4118.15,4128.49,4130.25,4100.4,4118.15,0,0,4117.007090014092,4096.19175142166,4049.6256196112263,0,0,
2026-07-02T13:00:00-04:00,4118.12,4119.84,4105.8,4106.82,4118.12,4119.84,4105.8,4106.82,0,0,4113.611393342728,4097.710072647137,4050.758181599123,0,0,
2026-07-02T14:00:00-04:00,4106.82,4127.05,4105.99,4122.62,4106.82,4127.05,4105.99,4122.62,0,0,4116.614262228485,4101.268633697546,4052.1811879040906,0,0,
2026-07-02T15:00:00-04:00,4122.64,4124.41,4108.24,4121.36,4122.64,4124.41,4108.24,4121.36,0,0,4118.19617481899,4104.138828883611,4053.5510653713363,0,0,
2026-07-02T16:00:00-04:00,4121.32,4125.08,4116.42,4123.97,4121.32,4125.08,4116.42,4123.97,0,0,4120.12078321266,4106.971853328809,4054.945499720419,0,0,
2026-07-02T18:00:00-04:00,4127.87,4128.05,4122.6,4124.67,4127.87,4128.05,4122.6,4124.67,0,0,4121.63718880844,4109.5001599961215,4056.326182894272,0,0,
2026-07-02T19:00:00-04:00,4124.67,4132.44,4121.21,4126.3,4124.67,4132.44,4121.21,4126.3,0,0,4123.191459205627,4111.9001371395325,4057.7118030349793,0,0,
2026-07-02T20:00:00-04:00,4126.17,4151.07,4122.99,4147.19,4126.17,4151.07,4122.99,4147.19,0,0,4131.190972803752,4116.9415461195995,4059.483648519435,0,0,
2026-07-02T21:00:00-04:00,4147.2,4195.45,4146.7,4182.31,4147.2,4195.45,4146.7,4182.31,0,0,4148.230648535835,4126.279896673943,4061.9158534992484,0,0,
2026-07-02T22:00:00-04:00,4182.31,4186.92,4176.53,4183.56,4182.31,4186.92,4176.53,4183.56,0,0,4160.00709902389,4134.462768577665,4064.3246484794613,0,0,
2026-07-02T23:00:00-04:00,4183.56,4184.62,4175.29,4176.07,4183.56,4184.62,4175.29,4176.07,0,0,4165.36139934926,4140.406658780856,4066.537427717492,0,0,
2026-07-03T00:00:00-04:00,4176.06,4182.87,4173.3,4178.87,4176.06,4182.87,4173.3,4178.87,0,0,4169.86426623284,4145.901421812162,4068.7618350894227,0,0,
2026-07-03T01:00:00-04:00,4178.88,4181.91,4169.3,4171.23,4178.88,4181.91,4169.3,4171.23,0,0,4170.319510821893,4149.51979012471,4070.7909076619094,0,0,
2026-07-03T02:00:00-04:00,4171.24,4174.47,4160.5,4173.12,4171.24,4174.47,4160.5,4173.12,0,0,4171.2530072145955,4152.891248678323,4072.8172263220695,0,0,
2026-07-03T03:00:00-04:00,4173.1,4181.7,4169.26,4177.49,4173.1,4181.7,4169.26,4177.49,0,0,4173.33200480973,4156.405356009991,4074.8899545137115,0,0,
2026-07-03T04:00:00-04:00,4177.54,4186.56,4176.97,4181.04,4177.54,4186.56,4176.97,4181.04,0,0,4175.9013365398205,4159.924590865707,4076.9919356124497,0,0,
2026-07-03T05:00:00-04:00,4181.03,4181.8,4168.46,4172.01,4181.03,4181.8,4168.46,4172.01,0,0,4174.60422435988,4161.6510778848915,4078.8734814419063,0,0,
2026-07-03T06:00:00-04:00,4172,4181.18,4170.72,4177.18,4172,4181.18,4170.72,4177.18,0,0,4175.46281623992,4163.869495329907,4080.82014517573,0,0,
2026-07-03T07:00:00-04:00,4177.16,4186.34,4175.61,4181,4177.16,4186.34,4175.61,4181,0,0,4177.308544159947,4166.316710282777,4082.8039046772005,0,0,
2026-07-03T08:00:00-04:00,4181,4183.22,4172.21,4176.87,4181,4183.22,4172.21,4176.87,0,0,4177.162362773298,4167.824323099523,4084.6665996340876,0,0,
2026-07-03T09:00:00-04:00,4176.9,4179.33,4163.61,4164.74,4176.9,4179.33,4163.61,4164.74,0,0,4173.021575182199,4167.3837055138765,4086.2522115225215,0,0,
2026-07-03T10:00:00-04:00,4164.74,4171.15,4155.44,4169.86,4164.74,4171.15,4155.44,4169.86,0,0,4171.967716788133,4167.737461869037,4087.907811294353,0,0,
2026-07-03T11:00:00-04:00,4169.86,4174.42,4164.51,4164.87,4169.86,4174.42,4164.51,4164.87,0,0,4169.6018111920885,4167.327824459175,4089.4318150310983,0,0,
2026-07-03T12:00:00-04:00,4164.85,4176.45,4162.88,4174.95,4164.85,4176.45,4162.88,4174.95,0,0,4171.384540794726,4168.4167066792925,4091.125244436423,0,0,
2026-07-05T18:00:00-04:00,4177.76,4191.53,4173.41,4188.3,4177.76,4191.53,4173.41,4188.3,0,0,4177.023027196484,4171.25717715368,4093.0494970218406,0,0,
2026-07-05T19:00:00-04:00,4188.29,4201.8,4177.58,4183.19,4188.29,4201.8,4177.58,4183.19,0,0,4179.078684797656,4172.961866131725,4094.8344574768535,0,0,
2026-07-05T20:00:00-04:00,4183.16,4189.01,4170.45,4179.72,4183.16,4189.01,4170.45,4179.72,0,0,4179.292456531771,4173.927313827193,4096.515359308995,0,0,
2026-07-05T21:00:00-04:00,4179.51,4202.88,4172.61,4186.05,4179.51,4202.88,4172.61,4186.05,0,0,4181.544971021181,4175.659126137594,4098.288322490996,0,0,
2026-07-05T22:00:00-04:00,4186.07,4187.85,4168.61,4174.17,4186.07,4187.85,4168.61,4174.17,0,0,4179.086647347453,4175.446393832223,4099.790929966422,0,0,
2026-07-05T23:00:00-04:00,4174.18,4176.4,4161.08,4165.25,4174.18,4176.4,4161.08,4165.25,0,0,4174.474431564969,4173.989766141905,4101.087149175008,0,0,
2026-07-06T00:00:00-04:00,4165.25,4166.62,4157.48,4159.72,4165.25,4166.62,4157.48,4159.72,0,0,4169.556287709979,4171.951228121633,4102.248195725998,0,0,
2026-07-06T01:00:00-04:00,4159.77,4161,4144.86,4147.99,4159.77,4161,4144.86,4147.99,0,0,4162.367525139986,4168.528195532828,4103.153974028453,0,0,
2026-07-06T02:00:00-04:00,4147.97,4159.57,4145.82,4150.36,4147.97,4159.57,4145.82,4150.36,0,0,4158.365016759991,4165.932739028139,4104.088746819969,0,0,
2026-07-06T03:00:00-04:00,4150.36,4166.3,4147.26,4164.51,4150.36,4166.3,4147.26,4164.51,0,0,4160.413344506661,4165.729490595548,4105.285207278979,0,0,
2026-07-06T04:00:00-04:00,4164.51,4166.06,4147.17,4150.51,4164.51,4166.06,4147.17,4150.51,0,0,4157.112229671107,4163.555277653327,4106.1807477289,0,0,
2026-07-06T05:00:00-04:00,4150.52,4151.29,4136.63,4143.28,4150.52,4151.29,4136.63,4143.28,0,1,4152.501486447405,4160.6588094171375,4106.915386387734,0,0,
2026-07-06T06:00:00-04:00,4143.3,4155.81,4142.11,4154.9,4143.3,4155.81,4142.11,4154.9,1,0,4153.300990964936,4159.836122357547,4107.865576756293,0,0,
2026-07-06T07:00:00-04:00,4154.91,4159.57,4151.54,4155.27,4154.91,4159.57,4151.54,4155.27,0,0,4153.957327309958,4159.183819163612,4108.804278206663,0,0,
2026-07-06T08:00:00-04:00,4155.27,4158.51,4131.53,4139.65,4155.27,4158.51,4131.53,4139.65,0,1,4149.188218206638,4156.3932735688095,4109.415084578808,0,0,
2026-07-06T09:00:00-04:00,4139.66,4150.49,4137.06,4140.82,4139.66,4150.49,4137.06,4140.82,0,0,4146.398812137759,4154.168520201837,4110.036964092099,0,0,
2026-07-06T10:00:00-04:00,4140.86,4147.2,4128.52,4138.16,4140.86,4147.2,4128.52,4138.16,0,0,4143.652541425173,4151.881588744432,4110.593855892255,0,0,
2026-07-06T11:00:00-04:00,4138.18,4151.99,4137.58,4148.37,4138.18,4151.99,4137.58,4148.37,0,0,4145.2250276167815,4151.379933209513,4111.341898349834,0,0,
2026-07-06T12:00:00-04:00,4148.36,4156.27,4140.28,4155.04,4148.36,4156.27,4140.28,4155.04,0,0,4148.496685077855,4151.902799893868,4112.207207293402,0,0,
2026-07-06T13:00:00-04:00,4155.03,4161.62,4150.34,4161.31,4155.03,4161.62,4150.34,4161.31,0,0,4152.767790051903,4153.246685623316,4113.179539822245,0,0,
2026-07-06T14:00:00-04:00,4161.26,4167.53,4155.44,4163.94,4161.26,4167.53,4155.44,4163.94,1,0,4156.491860034602,4154.774301962842,4114.184697449527,0,0,
2026-07-06T15:00:00-04:00,4163.95,4165.45,4158.92,4163.79,4163.95,4165.45,4158.92,4163.79,0,0,4158.924573356401,4156.062258825294,4115.1669806683485,0,0,
2026-07-06T16:00:00-04:00,4163.8,4164.82,4160.79,4164.24,4163.8,4164.82,4160.79,4164.24,0,0,4160.696382237601,4157.230507564537,4116.138723625411,0,0,
2026-07-06T18:00:00-04:00,4166.36,4168.51,4163.71,4164.25,4166.36,4168.51,4163.71,4164.25,0,0,4161.880921491734,4158.233292198175,4117.091422167482,0,0,
2026-07-06T19:00:00-04:00,4164.28,4165.67,4156.99,4157.43,4164.28,4165.67,4156.99,4157.43,0,1,4160.397280994489,4158.1185361698645,4117.890205886938,0,0,
2026-07-06T20:00:00-04:00,4157.41,4162.78,4145.32,4146.06,4157.41,4162.78,4145.32,4146.06,0,0,4155.618187329659,4156.395888145598,4118.448023592147,0,0,
2026-07-06T21:00:00-04:00,4146.05,4148.05,4125.83,4141.89,4146.05,4148.05,4125.83,4141.89,0,0,4151.0421248864395,4154.323618410513,4118.912221144778,0,0,
2026-07-06T22:00:00-04:00,4141.89,4145.29,4131.39,4136.72,4141.89,4145.29,4131.39,4136.72,0,0,4146.268083257626,4151.8088157804395,4119.26485042904,0,0,
2026-07-06T23:00:00-04:00,4136.63,4140.1,4124.45,4131.15,4136.63,4140.1,4124.45,4131.15,0,0,4141.228722171751,4148.857556383234,4119.500199925495,0,0,
2026-07-07T00:00:00-04:00,4131.16,4141.33,4125.97,4126.72,4131.16,4141.33,4125.97,4126.72,0,0,4136.392481447834,4145.695048328486,4119.643166263603,0,0,
2026-07-07T01:00:00-04:00,4126.72,4131.39,4116.69,4124.01,4126.72,4131.39,4116.69,4124.01,0,0,4132.264987631889,4142.59718428156,4119.72963821878,0,0,
2026-07-07T02:00:00-04:00,4124.02,4132.93,4121.58,4130.44,4124.02,4132.93,4121.58,4130.44,0,0,4131.65665842126,4140.860443669908,4119.941724590685,0,0,
2026-07-07T03:00:00-04:00,4130.51,4133.6,4124.43,4124.79,4130.51,4133.6,4124.43,4124.79,0,0,4129.36777228084,4138.564666002778,4120.037730044335,0,0,
2026-07-07T04:00:00-04:00,4124.82,4139.27,4121.9,4126.04,4124.82,4139.27,4121.9,4126.04,0,0,4128.258514853893,4136.775428002381,4120.15658687514,0,0,
2026-07-07T05:00:00-04:00,4126.05,4133.79,4119.87,4131.22,4126.05,4133.79,4119.87,4131.22,0,0,4129.245676569262,4135.981795430613,4120.375664362761,0,0,
2026-07-07T06:00:00-04:00,4131.24,4138.9,4131.17,4135.72,4131.24,4138.9,4131.17,4135.72,0,0,4131.403784379509,4135.944396083382,4120.679512593201,0,0,
2026-07-07T07:00:00-04:00,4135.73,4158.22,4131.89,4156.82,4135.73,4158.22,4131.89,4156.82,1,0,4139.875856253006,4138.926625214328,4121.395165809177,1,0,
2026-07-07T08:00:00-04:00,4156.95,4175.05,4154.7,4172.32,4156.95,4175.05,4154.7,4172.32,0,0,4150.690570835337,4143.697107326567,4122.403578367412,0,0,
2026-07-07T09:00:00-04:00,4172.34,4180.46,4156.06,4158.55,4172.34,4180.46,4156.06,4158.55,0,0,4153.310380556892,4145.818949137058,4123.11934909281,0,0,
2026-07-07T10:00:00-04:00,4158.53,4163.57,4143.68,4154.3,4158.53,4163.57,4143.68,4154.3,0,0,4153.640253704594,4147.030527831764,4123.736787724635,0,0,
2026-07-07T11:00:00-04:00,4154.29,4155.62,4135.9,4139.06,4154.29,4155.62,4135.9,4139.06,0,0,4148.780169136397,4145.891880998654,4124.040217670682,0,0,
2026-07-07T12:00:00-04:00,4139.06,4147.26,4137.08,4145.13,4139.06,4147.26,4137.08,4145.13,0,0,4147.563446090931,4145.783040855989,4124.457837122748,0,0,
2026-07-07T13:00:00-04:00,4145.07,4148.22,4140.65,4144.52,4145.07,4148.22,4140.65,4144.52,0,0,4146.548964060621,4145.602606447991,4124.855107674773,0,0,
2026-07-07T14:00:00-04:00,4144.53,4145.23,4125.19,4127,4144.53,4145.23,4125.19,4127,0,1,4140.03264270708,4142.945091241135,4124.897580790123,0,0,
2026-07-07T15:00:00-04:00,4127.01,4127.72,4092.3,4114.25,4127.01,4127.72,4092.3,4114.25,0,0,4131.438428471387,4138.845792492401,4124.686737606161,0,0,
2026-07-07T16:00:00-04:00,4114.24,4115.9,4103.51,4106.67,4114.24,4115.9,4103.51,4106.67,0,0,4123.182285647591,4134.249250707772,4124.329970524851,0,0,
2026-07-07T18:00:00-04:00,4097.75,4106.42,4094.07,4098.4,4097.75,4106.42,4094.07,4098.4,0,0,4114.921523765061,4129.12792917809,4123.816505761983,0,0,
2026-07-07T19:00:00-04:00,4098.39,4107.92,4095.89,4098.57,4098.39,4107.92,4095.89,4098.57,0,0,4109.471015843374,4124.762510724077,4123.316574954814,0,0,
2026-07-07T20:00:00-04:00,4098.55,4126.78,4096.99,4111.53,4098.55,4126.78,4096.99,4111.53,0,0,4110.157343895582,4122.872152049209,4123.083177430956,0,0,
2026-07-07T21:00:00-04:00,4111.53,4117.91,4096.47,4111.25,4111.53,4117.91,4096.47,4111.25,0,0,4110.521562597055,4121.211844613607,4122.848857085789,0,0,
2026-07-07T22:00:00-04:00,4111.32,4124.93,4106.04,4114.64,4111.32,4124.93,4106.04,4114.64,0,0,4111.894375064703,4120.2730096688065,4122.686305460328,0,0,
2026-07-07T23:00:00-04:00,4114.66,4131.19,4114.6,4123.48,4114.66,4131.19,4114.6,4123.48,0,0,4115.756250043135,4120.7311511446915,4122.702022183886,0,0,
2026-07-08T00:00:00-04:00,4123.48,4128.87,4120.65,4125.15,4123.48,4128.87,4120.65,4125.15,0,0,4118.887500028756,4121.362415266878,4122.750496992126,0,0,
2026-07-08T01:00:00-04:00,4125.19,4134.01,4121.27,4127.87,4125.19,4134.01,4121.27,4127.87,1,0,4121.881666685837,4122.292070228753,4122.851873289311,0,0,
2026-07-08T02:00:00-04:00,4127.85,4133.67,4122.18,4123.64,4127.85,4133.67,4122.18,4123.64,0,0,4122.467777790558,4122.484631624646,4122.867479758829,0,0,
2026-07-08T03:00:00-04:00,4123.59,4127.27,4114.83,4121.25,4123.59,4127.27,4114.83,4121.25,0,1,4122.061851860372,4122.308255678267,4122.835450456674,0,0,
2026-07-08T04:00:00-04:00,4121.3,4121.34,4052.27,4056.74,4121.3,4121.34,4052.27,4056.74,0,0,4100.287901240248,4112.941362009943,4121.526629655552,0,0,
2026-07-08T05:00:00-04:00,4056.76,4061.06,4041.55,4043.39,4056.76,4061.06,4041.55,4043.39,0,0,4081.3219341601653,4103.00545315138,4119.979369662373,0,0,
2026-07-08T06:00:00-04:00,4043.39,4058.38,4040.67,4053.06,4043.39,4058.38,4040.67,4053.06,0,0,4071.9012894401103,4095.8703884154684,4118.654233629454,0,0,
2026-07-08T07:00:00-04:00,4053.05,4072.56,4041.56,4062.26,4053.05,4072.56,4041.56,4062.26,0,0,4068.687526293407,4091.0689043561156,4117.537516131842,0,0,
2026-07-08T08:00:00-04:00,4062.24,4086.45,4058.77,4072.26,4062.24,4086.45,4058.77,4072.26,0,0,4069.8783508622714,4088.381918019528,4116.640931653983,0,0,
2026-07-08T09:00:00-04:00,4072.38,4082.98,4065.42,4070.88,4072.38,4082.98,4065.42,4070.88,0,0,4070.212233908181,4085.881644016738,4115.734774591528,0,0,
2026-07-08T10:00:00-04:00,4070.78,4071.49,4033.93,4040.93,4070.78,4071.49,4033.93,4040.93,0,0,4060.451489272121,4079.459980585775,4114.253491926349,0,0,
2026-07-08T11:00:00-04:00,4040.93,4043.81,4021.79,4034.28,4040.93,4043.81,4021.79,4034.28,0,0,4051.7276595147473,4073.00569764495,4112.669858422857,0,0,
2026-07-08T12:00:00-04:00,4034.28,4064.49,4033.25,4063.71,4034.28,4064.49,4033.25,4063.71,0,0,4055.7217730098314,4071.6777408385287,4111.70035627587,0,0,
2026-07-08T13:00:00-04:00,4063.78,4076.42,4059.69,4065.66,4063.78,4076.42,4059.69,4065.66,0,0,4059.0345153398875,4070.8180635758818,4110.7886660525855,0,0,
2026-07-08T14:00:00-04:00,4065.67,4091.57,4063.69,4084.38,4065.67,4091.57,4063.69,4084.38,0,0,4067.483010226592,4072.7554830650415,4110.265722170356,0,0,
2026-07-08T15:00:00-04:00,4084.4,4091.23,4078.38,4080.05,4084.4,4091.23,4078.38,4080.05,0,0,4071.672006817728,4073.7975569128926,4109.66739103827,0,0,
2026-07-08T16:00:00-04:00,4080.07,4083.55,4071.52,4077.47,4080.07,4083.55,4071.52,4077.47,0,0,4073.6046712118186,4074.3221916396224,4109.029818938502,0,0,
2026-07-08T18:00:00-04:00,4078.61,4079.96,4072.48,4076.57,4078.61,4079.96,4072.48,4076.57,0,0,4074.5931141412125,4074.643307119676,4108.387050246651,0,0,
2026-07-08T19:00:00-04:00,4076.57,4077.82,4072.01,4076.25,4076.57,4077.82,4072.01,4076.25,0,0,4075.145409427475,4074.872834674008,4107.750673014044,0,0,
2026-07-08T20:00:00-04:00,4076.24,4089.78,4070.38,4074,4076.24,4089.78,4070.38,4074,0,0,4074.7636062849833,4074.7481440062925,4107.08234285535,0,0,
2026-07-08T21:00:00-04:00,4073.93,4078.83,4062.46,4072.87,4073.93,4078.83,4062.46,4072.87,0,0,4074.132404189989,4074.4798377196794,4106.404870719601,0,1,
2026-07-08T22:00:00-04:00,4072.86,4082.66,4064.46,4065.09,4072.86,4082.66,4064.46,4065.09,0,0,4071.1182694599925,4073.1384323311536,4105.586754467728,0,0,
2026-07-08T23:00:00-04:00,4065.08,4067.65,4054.29,4064.18,4065.08,4067.65,4054.29,4064.18,0,0,4068.8055129733284,4071.858656283846,4104.766818735693,0,0,
2026-07-09T00:00:00-04:00,4064.16,4064.58,4056.52,4064.34,4064.16,4064.58,4056.52,4064.34,0,0,4067.317008648886,4070.7845625290106,4103.96628767162,0,0,
2026-07-09T01:00:00-04:00,4064.34,4084.26,4063.77,4082.05,4064.34,4084.26,4063.77,4082.05,1,0,4072.228005765924,4072.393910739152,4103.5323017771325,0,0,
2026-07-09T02:00:00-04:00,4082.04,4108.11,4081.49,4108.02,4082.04,4108.11,4081.49,4108.02,0,0,4084.158670510616,4077.4833520621305,4103.621167088477,0,0,
2026-07-09T03:00:00-04:00,4107.97,4111.22,4101.57,4107.94,4107.97,4111.22,4101.57,4107.94,0,0,4092.0857803404106,4081.83430176754,4103.706688532269,0,0,
2026-07-09T04:00:00-04:00,4107.94,4117.77,4105.32,4108.31,4107.94,4117.77,4105.32,4108.31,0,0,4097.493853560274,4085.6165443721775,4103.797843214798,0,0,
2026-07-09T05:00:00-04:00,4108.3,4112.33,4103.24,4106.36,4108.3,4112.33,4103.24,4106.36,0,0,4100.449235706849,4088.579895176152,4103.848578992724,0,0,
2026-07-09T06:00:00-04:00,4106.37,4110.08,4093.79,4099.08,4106.37,4110.08,4093.79,4099.08,0,0,4099.992823804566,4090.0799101509874,4103.754151685937,0,0,
2026-07-09T07:00:00-04:00,4099.09,4110.61,4097.91,4108.7,4099.09,4110.61,4097.91,4108.7,0,0,4102.89521586971,4092.7399229865605,4103.8520892763145,0,0,
2026-07-09T08:00:00-04:00,4108.71,4122.64,4105.16,4107.71,4108.71,4122.64,4105.16,4107.71,0,0,4104.50014391314,4094.8785054170517,4103.92848354807,0,0,
2026-07-09T09:00:00-04:00,4107.69,4129.57,4106.79,4121.98,4107.69,4129.57,4106.79,4121.98,0,0,4110.32676260876,4098.75014750033,4104.285939319396,0,0,
2026-07-09T10:00:00-04:00,4121.97,4136.18,4114.29,4127.8,4121.97,4136.18,4114.29,4127.8,0,0,4116.151175072507,4102.9001264288545,4104.751564283368,0,0,
2026-07-09T11:00:00-04:00,4127.8,4132.79,4124.87,4126.89,4127.8,4132.79,4124.87,4126.89,0,0,4119.730783381671,4106.327251224732,4105.189949149044,0,0,
2026-07-09T12:00:00-04:00,4126.84,4137.95,4125.72,4128.12,4126.84,4137.95,4125.72,4128.12,0,0,4122.527188921114,4109.44050104977,4105.644009561935,0,0,
2026-07-09T13:00:00-04:00,4128.11,4137.99,4125.09,4136.2,4128.11,4137.99,4125.09,4136.2,0,0,4127.084792614076,4113.263286614088,4106.24907867952,0,0,
2026-07-09T14:00:00-04:00,4136.21,4136.35,4121.54,4124.57,4136.21,4136.35,4121.54,4124.57,0,0,4126.246528409384,4114.878531383504,4106.611869200718,0,0,
2026-07-09T15:00:00-04:00,4124.56,4127,4118.99,4122.47,4124.56,4127,4118.99,4122.47,0,0,4124.9876856062565,4115.963026900146,4106.925891592783,0,0,
2026-07-09T16:00:00-04:00,4122.47,4125.59,4120.6,4123.88,4122.47,4125.59,4120.6,4123.88,0,0,4124.618457070837,4117.094023057269,4107.261616511738,0,0,
2026-07-09T18:00:00-04:00,4125.54,4127.53,4121.57,4121.74,4125.54,4127.53,4121.57,4121.74,0,0,4123.658971380558,4117.757734049087,4107.548317174872,0,0,
2026-07-09T19:00:00-04:00,4121.75,4125.15,4121.08,4123.42,4121.75,4125.15,4121.08,4123.42,0,0,4123.579314253705,4118.566629184932,4107.862607923885,0,0,
2026-07-09T20:00:00-04:00,4123.42,4128.3,4114.48,4126.41,4123.42,4128.3,4114.48,4126.41,0,0,4124.522876169137,4119.687110729942,4108.229883014501,0,0,
2026-07-09T21:00:00-04:00,4126.42,4131.07,4108.76,4116.89,4126.42,4131.07,4108.76,4116.89,0,0,4121.978584112758,4119.287523482808,4108.401370479561,0,0,
2026-07-09T22:00:00-04:00,4116.89,4129.11,4116.17,4127.8,4116.89,4129.11,4116.17,4127.8,0,0,4123.919056075172,4120.503591556692,4108.785501757193,0,0,
2026-07-09T23:00:00-04:00,4127.78,4134.83,4119.43,4120.28,4127.78,4134.83,4119.43,4120.28,0,0,4122.706037383448,4120.471649905736,4109.0131155837835,0,0,
2026-07-10T00:00:00-04:00,4120.28,4121.11,4112.14,4115.18,4120.28,4121.11,4112.14,4115.18,0,0,4120.197358255632,4119.715699919202,4109.135232106877,0,0,
2026-07-10T01:00:00-04:00,4115.19,4117.2,4108.28,4116.84,4115.19,4117.2,4108.28,4116.84,0,1,4119.078238837088,4119.3048856450305,4109.287801768127,0,0,
2026-07-10T02:00:00-04:00,4116.83,4120.15,4111.16,4111.79,4116.83,4120.15,4111.16,4111.79,1,0,4116.648825891392,4118.231330552883,4109.337350247966,0,0,
2026-07-10T03:00:00-04:00,4111.66,4115.39,4104.38,4108.96,4111.66,4115.39,4104.38,4108.96,0,1,4114.085883927595,4116.906854759614,4109.329877965828,0,0,
2026-07-10T04:00:00-04:00,4108.96,4109.54,4094.87,4097.93,4108.96,4109.54,4094.87,4097.93,0,0,4108.700589285064,4114.1958755082405,4109.104137808089,0,0,
2026-07-10T05:00:00-04:00,4097.92,4105.5,4094.44,4104.41,4097.92,4105.5,4094.44,4104.41,0,0,4107.270392856709,4112.797893292777,4109.011184584167,0,0,
2026-07-10T06:00:00-04:00,4104.42,4112.72,4104.22,4104.66,4104.42,4112.72,4104.22,4104.66,0,0,4106.400261904472,4111.635337108095,4108.925022513193,0,0,
2026-07-10T07:00:00-04:00,4104.62,4108.16,4096.12,4102.35,4104.62,4108.16,4096.12,4102.35,0,0,4105.050174602981,4110.308860378367,4108.794824047585,0,0,
2026-07-10T08:00:00-04:00,4102.35,4117.27,4097.58,4100.75,4102.35,4117.27,4097.58,4100.75,0,0,4103.6167830686545,4108.943308895743,4108.6355206010985,0,0,
2026-07-10T09:00:00-04:00,4100.75,4106.7,4085.72,4099.99,4100.75,4106.7,4085.72,4099.99,0,0,4102.407855379103,4107.66426476778,4108.464322173354,0,0,
2026-07-10T10:00:00-04:00,4099.99,4108.93,4073.62,4092.79,4099.99,4108.93,4073.62,4092.79,0,0,4099.2019035860685,4105.539369800954,4108.15393955606,0,0,
2026-07-10T11:00:00-04:00,4092.8,4113.51,4091.36,4113.07,4092.8,4113.51,4091.36,4113.07,0,0,4103.824602390712,4106.615174115103,4108.251287287623,0,0,
2026-07-10T12:00:00-04:00,4113.16,4115.46,4104.43,4104.51,4113.16,4115.46,4104.43,4104.51,0,0,4104.053068260475,4106.314434955803,4108.177202390839,0,0,
2026-07-10T13:00:00-04:00,4104.47,4106.88,4100.49,4100.75,4104.47,4106.88,4100.49,4100.75,0,0,4102.952045506983,4105.519515676403,4108.030129076169,0,0,
2026-07-10T14:00:00-04:00,4100.74,4105.23,4098.13,4101.23,4100.74,4105.23,4098.13,4101.23,0,0,4102.378030337989,4104.906727722631,4107.8954730548585,0,0,
2026-07-10T15:00:00-04:00,4101.23,4109.06,4097.85,4108.52,4101.23,4109.06,4097.85,4108.52,0,0,4104.4253535586595,4105.4229094765415,4107.907839925059,0,0,
2026-07-10T16:00:00-04:00,4108.48,4120.93,4108.34,4119.87,4108.48,4120.93,4108.34,4119.87,0,0,4109.573569039107,4107.486779551321,4108.144714381989,0,0,
2026-07-12T18:00:00-04:00,4099.15,4103.46,4070.34,4076.71,4099.15,4103.46,4070.34,4076.71,0,0,4098.619046026071,4103.090096758275,4107.522244790266,0,0,
2026-07-12T19:00:00-04:00,4076.71,4084.82,4068.61,4084.44,4076.71,4084.82,4068.61,4084.44,0,0,4093.892697350714,4100.425797221378,4107.065170636003,0,0,
2026-07-12T20:00:00-04:00,4084.55,4091.16,4061.18,4074.06,4084.55,4091.16,4061.18,4074.06,0,0,4087.2817982338092,4096.659254761182,4106.411602900636,0,0,
2026-07-12T21:00:00-04:00,4074.07,4089.78,4065.52,4072.22,4074.07,4089.78,4065.52,4072.22,0,0,4082.2611988225394,4093.1679326524413,4105.734541457059,0,0,
2026-07-12T22:00:00-04:00,4072.29,4077.53,4064.82,4068.67,4072.29,4077.53,4064.82,4068.67,0,0,4077.7307992150263,4089.668227987807,4105.000590141078,0,0,
2026-07-12T23:00:00-04:00,4068.69,4069.43,4053.09,4060.5,4068.69,4069.43,4053.09,4060.5,0,0,4071.987199476684,4085.501338275263,4104.119390336304,0,0,
2026-07-13T00:00:00-04:00,4060.49,4060.54,4050.36,4058.92,4060.49,4060.54,4050.36,4058.92,0,0,4067.6314663177895,4081.70400423594,4103.2243529039015,0,0,
2026-07-13T01:00:00-04:00,4058.9,4073.14,4052.28,4053.78,4058.9,4073.14,4052.28,4053.78,0,0,4063.0143108785264,4077.7148607736626,4102.245256806795,0,0,
2026-07-13T02:00:00-04:00,4053.68,4063.6,4043.87,4055.54,4053.68,4063.6,4043.87,4055.54,0,0,4060.5228739190175,4074.5470235202824,4101.320400236363,0,0,
2026-07-13T03:00:00-04:00,4055.53,4065.15,4048.97,4064.72,4055.53,4065.15,4048.97,4064.72,0,0,4061.9219159460117,4073.1431630173847,4100.595639835643,0,0,
2026-07-13T04:00:00-04:00,4064.83,4080.7,4063.19,4074.62,4064.83,4080.7,4063.19,4074.62,0,0,4066.1546106306746,4073.354139729187,4100.0812707299865,0,0,
2026-07-13T05:00:00-04:00,4074.62,4076.73,4068.23,4068.33,4074.62,4076.73,4068.23,4068.33,0,0,4066.8797404204497,4072.63640548216,4099.452532695729,0,0,
2026-07-13T06:00:00-04:00,4068.33,4070.6,4046.76,4060.61,4068.33,4070.6,4046.76,4060.61,0,0,4064.7898269469665,4070.918347556137,4098.683373632447,0,0,
2026-07-13T07:00:00-04:00,4060.61,4068.47,4055.02,4056.46,4060.61,4068.47,4055.02,4056.46,0,0,4062.0132179646444,4068.8528693338317,4097.847267223884,0,0,
2026-07-13T08:00:00-04:00,4056.46,4067.51,4053.58,4067.38,4056.46,4067.51,4053.58,4067.38,0,0,4063.802145309763,4068.642459428999,4097.243955001629,0,0,
2026-07-13T09:00:00-04:00,4067.42,4067.64,4042.03,4043.24,4067.42,4067.64,4042.03,4043.24,0,0,4056.9480968731755,4065.0135366534273,4096.174569754072,0,0,
2026-07-13T10:00:00-04:00,4043.27,4046.94,4000.48,4015.35,4043.27,4046.94,4000.48,4015.35,0,0,4043.082064582117,4057.9187457029375,4094.574083224288,0,0,
2026-07-13T11:00:00-04:00,4015.3,4020.24,4010.34,4015.98,4015.3,4020.24,4010.34,4015.98,0,0,4034.0480430547445,4051.9274963168036,4093.0177647445994,0,0,
2026-07-13T12:00:00-04:00,4016.05,4017.93,3986.61,3993.26,4016.05,4017.93,3986.61,3993.26,0,0,4020.4520287031633,4043.546425414403,4091.042363462528,0,0,
2026-07-13T13:00:00-04:00,3993.26,4001.9,3992.1,3993.24,3993.26,4001.9,3992.1,3993.24,0,0,4011.3813524687753,4036.3597932123453,4089.1056829979234,0,0,
2026-07-13T14:00:00-04:00,3993.29,4005.13,3986.78,4001.49,3993.29,4005.13,3986.78,4001.49,0,0,4008.0842349791833,4031.37839418201,4087.3707189781626,0,0,
2026-07-13T15:00:00-04:00,4001.51,4004.55,3993.55,4002.08,4001.51,4004.55,3993.55,4002.08,0,0,4006.0828233194557,4027.1929092988657,4085.681793849882,0,0,
2026-07-13T16:00:00-04:00,4002.03,4006.19,3996.97,4002.01,4002.03,4006.19,3996.97,4002.01,0,0,4004.725215546304,4023.5953508275993,4084.024926644934,0,0,
2026-07-13T18:00:00-04:00,4001.61,4006.64,4000.93,4000.94,4001.61,4006.64,4000.93,4000.94,0,0,4003.4634770308694,4020.3588721379424,4082.379680572757,0,0,
2026-07-13T19:00:00-04:00,4000.96,4003.13,3992.75,4001.13,4000.96,4003.13,3992.75,4001.13,0,0,4002.685651353913,4017.611890403951,4080.7707760069597,0,0,
2026-07-13T20:00:00-04:00,4001.17,4007.27,3983.57,4004.24,4001.17,4007.27,3983.57,4004.24,0,0,4003.203767569275,4015.7016203462435,4079.2553150959307,0,0,
2026-07-13T21:00:00-04:00,4004.25,4012.16,3992.3,4010.55,4004.25,4012.16,3992.3,4010.55,0,0,4005.65251171285,4014.9656745824946,4077.894813806902,0,0,
2026-07-13T22:00:00-04:00,4010.63,4019.09,4006.03,4012.31,4010.63,4019.09,4006.03,4012.31,0,0,4007.8716744752332,4014.586292499281,4076.596104622607,0,0,
2026-07-13T23:00:00-04:00,4012.31,4019.07,4011.16,4016.93,4012.31,4019.07,4011.16,4016.93,0,0,4010.8911163168223,4014.9211078565268,4075.4145976003774,0,0,
2026-07-14T00:00:00-04:00,4016.93,4023.44,4013.54,4020.3,4016.93,4023.44,4013.54,4020.3,0,0,4014.0274108778817,4015.68952101988,4074.323219430073,0,0,
2026-07-14T01:00:00-04:00,4020.29,4034.11,4019.74,4031.41,4020.29,4034.11,4019.74,4031.41,0,0,4019.8216072519213,4017.935303731326,4073.4734527086857,0,0,
2026-07-14T02:00:00-04:00,4031.42,4033.21,4021.8,4023.94,4031.42,4033.21,4021.8,4023.94,0,0,4021.194404834614,4018.7931174839937,4072.4925922590087,0,0,
2026-07-14T03:00:00-04:00,4023.97,4029.85,4020.19,4020.72,4023.97,4029.85,4020.19,4020.72,0,0,4021.0362698897425,4019.068386414852,4071.467392412296,0,0,
2026-07-14T04:00:00-04:00,4020.72,4023.86,4014.56,4015.95,4020.72,4023.86,4014.56,4015.95,0,0,4019.3408465931616,4018.6229026413016,4070.3680381071017,0,0,
2026-07-14T05:00:00-04:00,4015.96,4024.44,4013.83,4021.73,4015.96,4024.44,4013.83,4021.73,0,0,4020.1372310621077,4019.0667736925443,4069.4049086396344,0,0,
2026-07-14T06:00:00-04:00,4021.78,4022.9,4015.2,4021.73,4021.78,4022.9,4015.2,4021.73,0,0,4020.668154041405,4019.447234593609,4068.46085104281,0,0,
2026-07-14T07:00:00-04:00,4021.74,4031.9,4015.55,4031.33,4021.74,4031.9,4015.55,4031.33,0,0,4024.2221026942702,4021.144772508808,4067.7255866657247,0,0,
2026-07-14T08:00:00-04:00,4031.32,4103.24,4023.3,4076.33,4031.32,4103.24,4023.3,4076.33,1,0,4041.59140179618,4029.028376436121,4067.8959710881854,0,0,
2026-07-14T09:00:00-04:00,4076.45,4088.67,4070.94,4076.68,4076.45,4088.67,4070.94,4076.68,0,0,4053.287601197453,4035.835751230961,4068.069912254756,0,0,
2026-07-14T10:00:00-04:00,4076.73,4090.2,4070.77,4085.2,4076.73,4090.2,4070.77,4085.2,0,0,4063.925067464969,4042.887786769395,4068.409121913078,0,0,
2026-07-14T11:00:00-04:00,4085.2,4100.48,4064.69,4066.28,4085.2,4100.48,4064.69,4066.28,0,0,4064.710044976646,4046.2295315166243,4068.3669610831157,0,0,
2026-07-14T12:00:00-04:00,4066.28,4067,4057.78,4061.59,4066.28,4067,4057.78,4061.59,0,0,4063.6700299844306,4048.4238841571064,4068.2327638339452,0,0,
2026-07-14T13:00:00-04:00,4061.59,4065.12,4054.47,4062.82,4061.59,4065.12,4054.47,4062.82,0,0,4063.386686656287,4050.4804721346627,4068.125580391689,0,0,
2026-07-14T14:00:00-04:00,4062.78,4063.15,4042.88,4054.19,4062.78,4063.15,4042.88,4054.19,0,0,4060.3211244375248,4051.0104046868537,4067.849628304725,0,0,
2026-07-14T15:00:00-04:00,4054.19,4057.28,4047.64,4055.78,4054.19,4057.28,4047.64,4055.78,0,0,4058.8074162916832,4051.6917754458746,4067.610625764037,0,0,
2026-07-14T16:00:00-04:00,4055.77,4056.44,4049.29,4052.66,4055.77,4056.44,4049.29,4052.66,0,0,4056.758277527789,4051.830093239321,4067.3145737687096,0,0,
2026-07-14T18:00:00-04:00,4053.49,4053.6,4048.6,4049,4053.49,4053.6,4048.6,4049,0,0,4054.172185018526,4051.425794205132,4066.9519089416062,0,0,
2026-07-14T19:00:00-04:00,4048.99,4056.15,4046.8,4053.06,4048.99,4056.15,4046.8,4053.06,0,0,4053.801456679017,4051.6592521758275,4066.676821635832,0,0,
2026-07-14T20:00:00-04:00,4053.08,4060.64,4051.11,4059.04,4053.08,4060.64,4051.11,4059.04,0,0,4055.5476377860114,4052.713644722138,4066.5255974450233,0,0,
2026-07-14T21:00:00-04:00,4059.04,4062.15,4035.66,4037.39,4059.04,4062.15,4035.66,4037.39,0,0,4049.495091857341,4050.524552618975,4065.9486549213593,0,1,
2026-07-14T22:00:00-04:00,4037.37,4042.26,4029.24,4035.33,4037.37,4042.26,4029.24,4035.33,0,0,4044.7733945715604,4048.353902244836,4065.3423449229167,0,0,
2026-07-14T23:00:00-04:00,4035.32,4040.35,4028.13,4031.27,4035.32,4040.35,4028.13,4031.27,0,1,4040.272263047707,4045.913344781288,4064.667645023453,0,0,
2026-07-15T00:00:00-04:00,4031.27,4035.17,4028.26,4033.16,4031.27,4035.17,4028.26,4033.16,0,0,4037.9015086984714,4044.091438383961,4064.0437312606123,0,0,
2026-07-15T01:00:00-04:00,4033.17,4036.59,4022.24,4034.84,4033.17,4036.59,4022.24,4034.84,0,0,4036.881005798981,4042.7698043291093,4063.4654395524813,0,0,
2026-07-15T02:00:00-04:00,4034.78,4035.6,4021.33,4032.15,4034.78,4035.6,4021.33,4032.15,0,0,4035.3040038659874,4041.252689424951,4062.845331838571,0,0,
2026-07-15T03:00:00-04:00,4032.13,4034.32,4019.79,4024.51,4032.13,4034.32,4019.79,4024.51,0,0,4031.706002577325,4038.860876649958,4062.086216356619,0,0,
2026-07-15T04:00:00-04:00,4024.49,4033.24,4017.43,4031.25,4024.49,4033.24,4017.43,4031.25,0,0,4031.5540017182166,4037.773608557107,4061.475598210943,0,0,
2026-07-15T05:00:00-04:00,4031.24,4034.31,4025.58,4030.3,4031.24,4034.31,4025.58,4030.3,0,0,4031.1360011454776,4036.705950191806,4060.8582596325086,0,0,
2026-07-15T06:00:00-04:00,4030.3,4036.04,4026.62,4028.2,4030.3,4036.04,4026.62,4028.2,0,0,4030.157334096985,4035.4908144501196,4060.211561421964,0,0,
2026-07-15T07:00:00-04:00,4028.18,4040.19,4027.67,4038.39,4028.18,4040.19,4027.67,4038.39,0,0,4032.9015560646567,4035.9049838143883,4059.779451294796,0,0,
2026-07-15T08:00:00-04:00,4038.39,4071.52,4035.96,4067.82,4038.39,4071.52,4035.96,4067.82,1,0,4044.541037376438,4040.464271840904,4059.938670081038,1,0,
2026-07-15T09:00:00-04:00,4067.83,4074.08,4054.21,4061.61,4067.83,4074.08,4054.21,4061.61,0,0,4050.230691584292,4043.4850901493464,4059.9717657229976,0,0,
2026-07-15T10:00:00-04:00,4061.64,4065.97,4053.31,4060.45,4061.64,4065.97,4053.31,4060.45,0,0,4053.6371277228614,4045.9086486994397,4059.9812357086807,0,0,
2026-07-15T11:00:00-04:00,4060.55,4062.97,4039.61,4046.99,4060.55,4062.97,4039.61,4046.99,0,0,4051.4214184819075,4046.0631274566626,4059.7239835164296,0,0,
2026-07-15T12:00:00-04:00,4046.98,4047.88,4026.96,4033.8,4046.98,4047.88,4026.96,4033.8,0,1,4045.5476123212716,4044.311252105711,4059.2106373081833,0,0,
2026-07-15T13:00:00-04:00,4033.8,4066.05,4033.02,4062.3,4033.8,4066.05,4033.02,4062.3,1,0,4051.1317415475146,4046.8810732334664,4059.271812807031,0,0,
2026-07-15T14:00:00-04:00,4062.3,4081.21,4058.07,4059.14,4062.3,4081.21,4058.07,4059.14,0,0,4053.801161031676,4048.6323484858285,4059.2692026524364,0,0,
2026-07-15T15:00:00-04:00,4059.15,4062.94,4047.97,4057.04,4059.15,4062.94,4047.97,4057.04,0,0,4054.8807740211173,4049.8334415592817,4059.2250600256557,0,0,
2026-07-15T16:00:00-04:00,4056.92,4063.12,4055.21,4060.01,4056.92,4063.12,4055.21,4060.01,0,0,4056.5905160140783,4051.2872356222415,4059.2406033914845,0,0,
2026-07-15T18:00:00-04:00,4062.75,4066.75,4058.32,4059.67,4062.75,4066.75,4058.32,4059.67,0,0,4057.6170106760524,4052.4847733904926,4059.2491062946233,0,0,
2026-07-15T19:00:00-04:00,4059.63,4062.1,4055.7,4057.87,4059.63,4062.1,4055.7,4057.87,0,0,4057.7013404507015,4053.254091477565,4059.221797259086,0,0,
2026-07-15T20:00:00-04:00,4057.91,4061.29,4043.94,4044.65,4057.91,4061.29,4043.94,4044.65,0,0,4053.350893633801,4052.0249355521987,4058.933246818312,0,0,
2026-07-15T21:00:00-04:00,4044.64,4050.57,4033.94,4039.09,4044.64,4050.57,4033.94,4039.09,0,1,4048.597262422534,4050.1770876161704,4058.540311237751,0,1,
2026-07-15T22:00:00-04:00,4039.1,4040.12,4024.33,4031.49,4039.1,4040.12,4024.33,4031.49,0,0,4042.894841615023,4047.507503671003,4058.004661510271,0,0,
2026-07-15T23:00:00-04:00,4031.47,4036.93,4027.82,4036.32,4031.47,4036.93,4027.82,4036.32,0,0,4040.7032277433486,4045.9092888608598,4057.575262272444,0,0,
2026-07-16T00:00:00-04:00,4036.37,4037.96,4031.99,4033.24,4036.37,4037.96,4031.99,4033.24,0,0,4038.215485162232,4044.0993904521656,4057.0933758908113,0,0,
2026-07-16T01:00:00-04:00,4033.25,4034.01,4025.31,4027.38,4033.25,4034.01,4025.31,4027.38,0,0,4034.6036567748215,4041.7109061018564,4056.504992209805,0,0,
2026-07-16T02:00:00-04:00,4027.35,4036.51,4023.07,4030.64,4027.35,4036.51,4023.07,4030.64,0,0,4033.282437849881,4040.1293480873055,4055.9928141462447,0,0,
2026-07-16T03:00:00-04:00,4030.56,4031.9,4023.07,4030.74,4030.56,4031.9,4023.07,4030.74,0,0,4032.4349585665873,4038.788012646262,4055.4927584205766,0,0,
2026-07-16T04:00:00-04:00,4030.61,4036.62,4025.31,4035.35,4030.61,4036.62,4025.31,4035.35,0,0,4033.4066390443913,4038.2968679825103,4055.093891917199,0,0,
2026-07-16T05:00:00-04:00,4035.35,4037.72,4030.52,4031.79,4035.35,4037.72,4030.52,4031.79,0,0,4032.8677593629277,4037.3673154135804,4054.632428710918,0,0,
2026-07-16T06:00:00-04:00,4031.72,4034.79,4028.69,4029.58,4031.72,4034.79,4028.69,4029.58,0,0,4031.771839575285,4036.254841783069,4054.136341013672,0,0,
2026-07-16T07:00:00-04:00,4029.6,4042.43,4021.26,4038.46,4029.6,4042.43,4021.26,4038.46,1,0,4034.0012263835233,4036.5698643854876,4053.8259184193416,0,0,
2026-07-16T08:00:00-04:00,4038.47,4043.37,3990.43,3992.39,4038.47,4043.37,3990.43,3992.39,0,1,4020.1308175890154,4030.2584551875607,4052.6093655793547,0,0,
2026-07-16T09:00:00-04:00,3992.42,4008.44,3973.74,3990.21,3992.42,4008.44,3973.74,3990.21,0,0,4010.1572117260102,4024.5372473036236,4051.3737345777836,0,0,
2026-07-16T10:00:00-04:00,3990.09,4006.67,3987.16,3997.91,3990.09,4006.67,3987.16,3997.91,0,0,4006.07480781734,4020.7333548316774,4050.3150467643623,0,0,
2026-07-16T11:00:00-04:00,3997.9,4016.92,3989.39,4007.04,3997.9,4016.92,3989.39,4007.04,0,0,4006.3965385448932,4018.777161284295,4049.4581151452658,0,0,
2026-07-16T12:00:00-04:00,4007.03,4007.66,3982.52,3992.05,4007.03,4007.66,3982.52,3992.05,0,0,4001.614359029929,4014.9589953865384,4048.3213207859535,0,0,
2026-07-16T13:00:00-04:00,3992.05,3992.99,3980.08,3984.61,3992.05,3992.99,3980.08,3984.61,0,0,3995.946239353286,4010.623424617033,4047.05971047336,0,0,
2026-07-16T14:00:00-04:00,3984.72,3990.42,3976.6,3980.38,3984.72,3990.42,3976.6,3980.38,0,0,3990.7574929021907,4006.3029353860284,4045.739320166957,0,0,
2026-07-16T15:00:00-04:00,3980.39,3986.12,3969.29,3979.96,3980.39,3986.12,3969.29,3979.96,0,0,3987.1583286014607,4002.53965890231,4044.4367593715715,0,0,
2026-07-16T16:00:00-04:00,3979.95,3980.12,3971.9,3976.46,3979.95,3980.12,3971.9,3976.46,0,0,3983.5922190676406,3998.813993344837,4043.09068492857,0,0,
2026-07-16T18:00:00-04:00,3976.07,3980.42,3973.26,3978.33,3976.07,3980.42,3973.26,3978.33,0,0,3981.8381460450937,3995.8877085812887,4041.8082951280044,0,0,
2026-07-16T19:00:00-04:00,3978.34,3986.45,3975.24,3986.01,3978.34,3986.45,3975.24,3986.01,0,0,3983.2287640300624,3994.4766073553906,4040.7033783927964,0,0,
2026-07-16T20:00:00-04:00,3986.08,3992.03,3980.68,3991.98,3986.08,3992.03,3980.68,3991.98,0,0,3986.1458426867084,3994.1199491617635,4039.7385590186814,0,0,
2026-07-16T21:00:00-04:00,3991.98,3996.18,3979.28,3983.19,3991.98,3996.18,3979.28,3983.19,0,0,3985.160561791139,3992.55852785294,4038.6187855727667,0,0,
2026-07-16T22:00:00-04:00,3983.22,3987.35,3970.8,3979.21,3983.22,3987.35,3970.8,3979.21,0,0,3983.177041194093,3990.65159530252,4037.4423739772665,0,0,
2026-07-16T23:00:00-04:00,3979.06,4008.73,3978.85,3991.43,3979.06,4008.73,3978.85,3991.43,1,0,3985.9280274627286,3990.7627959735887,4036.5312378589047,0,0,
2026-07-17T00:00:00-04:00,3991.44,3991.72,3980.25,3981.83,3991.44,3991.72,3980.25,3981.83,0,0,3984.5620183084857,3989.486682263076,4035.4480450300152,0,0,
2026-07-17T01:00:00-04:00,3981.83,3991.48,3975.45,3985.1,3981.83,3991.48,3975.45,3985.1,0,1,3984.7413455389906,3988.860013368351,4034.4510540393217,0,0,
2026-07-17T02:00:00-04:00,3985.11,4007.19,3985.11,3999.38,3985.11,4007.19,3985.11,3999.38,1,0,3989.6208970259936,3990.3628686014436,4033.7565777217114,0,0,
2026-07-17T03:00:00-04:00,3999.29,4002.62,3992.74,3992.78,3999.29,4002.62,3992.74,3992.78,0,0,3990.6739313506623,3990.708173086952,4032.9451603410835,0,0,
2026-07-17T04:00:00-04:00,3992.76,3999.89,3987.92,3994.27,3992.76,3999.89,3987.92,3994.27,0,0,3991.8726209004417,3991.2170055031015,4032.179315581854,0,0,
2026-07-17T05:00:00-04:00,3994.22,4002.49,3992.82,3998.08,3994.22,4002.49,3992.82,3998.08,0,0,3993.941747266961,3992.197433288373,4031.5040816099363,0,0,
2026-07-17T06:00:00-04:00,3998.07,3999.1,3990.59,3990.9,3998.07,3999.1,3990.59,3990.9,0,0,3992.9278315113074,3992.012085675748,4030.7000403899374,0,0,
2026-07-17T07:00:00-04:00,3990.9,3998.79,3990.02,3994.12,3990.9,3998.79,3990.02,3994.12,0,0,3993.3252210075384,3992.3132162934985,4029.9756831544933,0,0,
2026-07-17T08:00:00-04:00,3994.11,3995.59,3964.15,3966.15,3994.11,3995.59,3964.15,3966.15,0,1,3984.2668140050255,3988.575613965856,4028.7118082405427,0,1,
2026-07-17T09:00:00-04:00,3966.16,4003.6,3959.7,3997.3,3966.16,4003.6,3959.7,3997.3,0,0,3988.6112093366837,3989.8219548278767,4028.0897922357794,0,0,
2026-07-17T10:00:00-04:00,3997.26,4004.47,3990.24,4001.25,3997.26,4004.47,3990.24,4001.25,0,0,3992.8241395577893,3991.4545327096084,4027.5583112014074,0,0,
2026-07-17T11:00:00-04:00,4001.15,4021.21,3997.88,4019.15,4001.15,4021.21,3997.88,4019.15,1,0,4001.5994263718594,3995.4110280368072,4027.391809989498,0,0,
2026-07-17T12:00:00-04:00,4019.31,4023.76,4011.07,4015.05,4019.31,4023.76,4011.07,4015.05,0,0,4006.082950914573,3998.2165954601205,4027.1474177124783,0,0,
2026-07-17T13:00:00-04:00,4015.06,4019.27,4008.53,4010.07,4015.06,4019.27,4008.53,4010.07,0,0,4007.411967276382,3999.9099389658177,4026.8092510251026,0,0,
2026-07-17T14:00:00-04:00,4010.09,4016.17,4006.61,4011.32,4010.09,4016.17,4006.61,4011.32,0,0,4008.714644850921,4001.5399476849866,4026.5025331830216,0,0,
2026-07-17T15:00:00-04:00,4011.34,4016.56,4002.35,4015.4,4011.34,4016.56,4002.35,4015.4,0,1,4010.943096567281,4003.51995515856,4026.2826810407837,0,0,
2026-07-17T16:00:00-04:00,4015.48,4018.46,4008.66,4018.34,4015.48,4018.46,4008.66,4018.34,1,0,4013.408731044854,4005.637104421623,4026.125400228095,0,0,
2026-07-19T18:00:00-04:00,4001.98,4007.58,3993.47,3994.81,4001.98,4007.58,3993.47,3994.81,0,1,4007.2091540299025,4004.090375218534,4025.505293292885,0,0,
2026-07-19T19:00:00-04:00,3994.84,3996.17,3989.48,3995.46,3994.84,3996.17,3989.48,3995.46,0,0,4003.2927693532683,4002.8574644730293,4024.910336990056,0,0,
2026-07-19T20:00:00-04:00,3995.53,4010.18,3982.74,4008.61,3995.53,4010.18,3982.74,4008.61,0,0,4005.0651795688455,4003.6792552625966,4024.587558039758,0,0,
2026-07-19T21:00:00-04:00,4008.57,4020.76,3995.73,4002.23,4008.57,4020.76,3995.73,4002.23,1,0,4004.120119712564,4003.4722187965112,4024.1448341181786,0,0,
2026-07-19T22:00:00-04:00,4002.2,4028.79,4001.37,4021.9,4002.2,4028.79,4001.37,4021.9,0,0,4010.0467464750427,4006.104758968438,4024.1003819574225,0,0,
2026-07-19T23:00:00-04:00,4021.89,4027.96,4018.61,4024.11,4021.89,4027.96,4018.61,4024.11,0,0,4014.7344976500285,4008.676936258661,4024.1005724137112,0,0,
2026-07-20T00:00:00-04:00,4024.11,4026.74,4018.53,4018.93,4024.11,4026.74,4018.53,4018.93,0,0,4016.1329984333524,4010.141659650281,4023.9981848411626,0,0,
2026-07-20T01:00:00-04:00,4018.92,4021.17,4005.47,4008.76,4018.92,4021.17,4005.47,4008.76,0,1,4013.6753322889017,4009.9442797002407,4023.6964386066843,0,0,
2026-07-20T02:00:00-04:00,4008.74,4011.83,4002.99,4003.91,4008.74,4011.83,4002.99,4003.91,0,0,4010.4202215259343,4009.0822397430634,4023.3046279412056,0,0,
2026-07-20T03:00:00-04:00,4003.93,4021.85,4002.2,4017.28,4003.93,4021.85,4002.2,4017.28,1,0,4012.706814350623,4010.253348351197,4023.1853283780133,0,0,
2026-07-20T04:00:00-04:00,4017.3,4030.72,4017.3,4019.01,4017.3,4030.72,4017.3,4019.01,0,0,4014.8078762337486,4011.5042985867403,4023.102648608152,0,0,
2026-07-20T05:00:00-04:00,4019.02,4023.35,4014.95,4021.25,4019.02,4023.35,4014.95,4021.25,0,0,4016.9552508224992,4012.8965416457772,4023.0659624970995,0,0,
2026-07-20T06:00:00-04:00,4021.27,4025.67,4018.26,4024.21,4021.27,4025.67,4018.26,4024.21,0,0,4019.3735005483327,4014.5127499820946,4023.0886167050776,0,0,
2026-07-20T07:00:00-04:00,4024.21,4040.77,4019.86,4025.36,4024.21,4040.77,4019.86,4025.36,0,0,4021.369000365555,4016.0623571275096,4023.133594592106,0,0,
2026-07-20T08:00:00-04:00,4025.36,4025.36,4006.61,4008.21,4025.36,4025.36,4006.61,4008.21,0,0,4016.98266691037,4014.94059182358,4022.8380778675096,0,0,
2026-07-20T09:00:00-04:00,4008.2,4017.45,4005.78,4005.81,4008.2,4017.45,4005.78,4005.81,0,0,4013.258444606913,4013.6362215630684,4022.500888206767,0,0,
2026-07-20T10:00:00-04:00,4005.76,4013.54,3998.35,4006.18,4005.76,4013.54,3998.35,4006.18,0,0,4010.8989630712754,4012.5710470540585,4022.1777023016825,0,0,
2026-07-20T11:00:00-04:00,4006.3,4019.57,4004.5,4011.87,4006.3,4019.57,4004.5,4011.87,0,0,4011.2226420475167,4012.4708974749074,4021.9735893848174,0,0,
2026-07-20T12:00:00-04:00,4011.88,4018.4,4001.5,4009.83,4011.88,4018.4,4001.5,4009.83,0,0,4010.758428031678,4012.0936264070633,4021.7331222682865,0,0,
2026-07-20T13:00:00-04:00,4009.83,4013,4003.81,4005.27,4009.83,4013,4003.81,4005.27,0,0,4008.9289520211187,4011.1188226346258,4021.4071198471324,0,0,
2026-07-20T14:00:00-04:00,4005.27,4011.84,4003.42,4007.35,4005.27,4011.84,4003.42,4007.35,0,0,4008.402634680746,4010.580419401108,4021.1287610382783,0,0,
2026-07-20T15:00:00-04:00,4007.34,4017.92,4004.33,4006.94,4007.34,4017.92,4004.33,4006.94,0,0,4007.915089787164,4010.060359486664,4020.847795473164,0,0,
2026-07-20T16:00:00-04:00,4006.94,4009.49,4005.77,4008.63,4006.94,4009.49,4005.77,4008.63,0,0,4008.153393191443,4009.8560224171406,4020.6058589291406,0,0,
2026-07-20T18:00:00-04:00,4009.83,4010.85,3999.81,4000.48,4009.83,4010.85,3999.81,4000.48,0,0,4005.5955954609617,4008.5165906432635,4020.2073270691576,0,0,
2026-07-20T19:00:00-04:00,4000.47,4010.58,4000.25,4009.96,4000.47,4010.58,4000.25,4009.96,0,0,4007.0503969739743,4008.72279197994,4020.0044097014516,0,0,
2026-07-20T20:00:00-04:00,4009.96,4027.18,4003.88,4024.93,4009.96,4027.18,4003.88,4024.93,0,0,4013.010264649316,4011.0381074113775,4020.101946143007,1,0,
2026-07-20T21:00:00-04:00,4024.94,4035.88,4018.37,4023.25,4024.94,4035.88,4018.37,4023.25,0,0,4016.423509766211,4012.7826634954663,4020.1642838431453,0,0,
2026-07-20T22:00:00-04:00,4023.22,4044.97,4022.06,4038.03,4023.22,4044.97,4022.06,4038.03,0,0,4023.625673177474,4016.389425853257,4020.518060400707,0,0,
2026-07-20T23:00:00-04:00,4038.03,4051.26,4036.89,4047.01,4038.03,4051.26,4036.89,4047.01,0,0,4031.4204487849825,4020.763793588506,4021.042653264059,0,0,
2026-07-21T00:00:00-04:00,4047.01,4051.75,4043.76,4049.64,4047.01,4051.75,4043.76,4049.64,0,0,4037.4936325233216,4024.8889659330052,4021.60893735784,0,0,
2026-07-21T01:00:00-04:00,4049.64,4067.97,4046.47,4061.48,4049.64,4067.97,4046.47,4061.48,0,0,4045.489088348881,4030.1162565140044,4022.3984633507544,0,0,
2026-07-21T02:00:00-04:00,4061.48,4084.19,4061.48,4078.41,4061.48,4084.19,4061.48,4078.41,0,0,4056.4627255659207,4037.0153627262894,4023.5076026903434,0,0,
2026-07-21T03:00:00-04:00,4078.58,4080.25,4067.73,4071.38,4078.58,4080.25,4067.73,4071.38,0,0,4061.4351503772805,4041.924596622534,4024.455570953901,0,0,
2026-07-21T04:00:00-04:00,4071.33,4072.59,4059.22,4062.87,4071.33,4072.59,4059.22,4062.87,0,0,4061.9134335848535,4044.916797105029,4025.21625271719,0,0,
2026-07-21T05:00:00-04:00,4062.92,4069.7,4061.16,4066.05,4062.92,4069.7,4061.16,4066.05,0,0,4063.292289056569,4047.935826090025,4026.024841772295,0,0,
2026-07-21T06:00:00-04:00,4066.06,4070.2,4061.03,4063.03,4066.06,4070.2,4061.03,4063.03,0,0,4063.204859371046,4050.0921366485927,4026.7576171827445,0,0,
2026-07-21T07:00:00-04:00,4063.05,4063.72,4054.5,4056.05,4063.05,4063.72,4054.5,4056.05,0,0,4060.819906247364,4050.943259984508,4027.3376643672445,0,0,
2026-07-21T08:00:00-04:00,4056.05,4065.76,4051.12,4053.95,4056.05,4065.76,4051.12,4053.95,0,0,4058.529937498243,4051.3727942724354,4027.8646413104675,0,0,
2026-07-21T09:00:00-04:00,4053.96,4061.75,4044.52,4053.16,4053.96,4061.75,4044.52,4053.16,0,0,4056.7399583321617,4051.6281093763732,4028.3655395023393,0,0,
2026-07-21T10:00:00-04:00,4053.15,4073.8,4051.86,4068.44,4053.15,4073.8,4051.86,4068.44,0,0,4060.639972221441,4054.029808036891,4029.1590931755604,0,0,
2026-07-21T11:00:00-04:00,4068.44,4083.37,4065.65,4074.23,4068.44,4083.37,4065.65,4074.23,0,0,4065.169981480961,4056.915549745907,4030.0515863800047,0,0,
2026-07-21T12:00:00-04:00,4074.24,4079.2,4069.92,4071.6,4074.24,4079.2,4069.92,4071.6,0,0,4067.313320987307,4059.0133283536343,4030.874327243767,0,0,
2026-07-21T13:00:00-04:00,4071.59,4072.83,4066.85,4068.71,4071.59,4072.83,4066.85,4068.71,0,0,4067.778880658205,4060.398567160258,4031.6235484864646,0,0,
2026-07-21T14:00:00-04:00,4068.74,4087.04,4067.75,4082.31,4068.74,4087.04,4067.75,4082.31,0,0,4072.62258710547,4063.5287718516497,4032.6272405956433,0,0,
2026-07-21T15:00:00-04:00,4082.3,4085.6,4080.12,4084.6,4082.3,4085.6,4080.12,4084.6,0,0,4076.6150580703134,4066.538947301414,4033.6564041482047,0,0,
2026-07-21T16:00:00-04:00,4084.59,4086.27,4076.68,4077.83,4084.59,4086.27,4076.68,4077.83,0,0,4077.0200387135424,4068.1519548297833,4034.531128818537,0,0,
2026-07-21T18:00:00-04:00,4082.09,4085.06,4077.15,4080.51,4082.09,4085.06,4077.15,4080.51,0,0,4078.1833591423615,4069.9173898541,4035.4416015151996,0,0,
2026-07-21T19:00:00-04:00,4080.51,4083.12,4079.33,4080.7,4080.51,4083.12,4079.33,4080.7,0,0,4079.022239428241,4071.4577627320855,4036.33780742579,0,0,
2026-07-21T20:00:00-04:00,4080.79,4102.39,4076.83,4097.52,4080.79,4102.39,4076.83,4097.52,0,0,4085.1881596188273,4075.1809394846446,4037.549335991616,0,0,
2026-07-21T21:00:00-04:00,4097.52,4123.59,4096.73,4122.16,4097.52,4123.59,4096.73,4122.16,0,0,4097.5121064125515,4081.892233843981,4039.224794684851,0,0,
2026-07-21T22:00:00-04:00,4122.16,4130.87,4119.01,4130.53,4122.16,4130.87,4119.01,4130.53,0,0,4108.518070941701,4088.840486151984,4041.0328185524777,0,0,
2026-07-21T23:00:00-04:00,4130.55,4141.71,4129.33,4130.92,4130.55,4141.71,4129.33,4130.92,0,0,4115.985380627801,4094.851845273129,4042.8127627395575,0,0,
2026-07-22T00:00:00-04:00,4130.92,4131.29,4124.8,4127.01,4130.92,4131.29,4124.8,4127.01,0,0,4119.6602537518675,4099.445867376968,4044.480034764517,0,0,
2026-07-22T01:00:00-04:00,4127.02,4134.05,4123.15,4131.08,4127.02,4134.05,4123.15,4131.08,0,0,4123.466835834578,4103.965029180258,4046.194885561259,0,0,
2026-07-22T02:00:00-04:00,4131.09,4135.22,4113.49,4116.5,4131.09,4135.22,4113.49,4116.5,0,0,4121.144557223052,4105.755739297364,4047.5870660451947,0,0,
2026-07-22T03:00:00-04:00,4116.51,4123.03,4109.31,4110.68,4116.51,4123.03,4109.31,4110.68,0,0,4117.656371482035,4106.459205112026,4048.8364310740026,0,0,
2026-07-22T04:00:00-04:00,4110.68,4120.11,4110.68,4118.37,4110.68,4120.11,4110.68,4118.37,0,0,4117.89424765469,4108.16074723888,4050.213333428973,0,0,
2026-07-22T05:00:00-04:00,4118.37,4122.39,4113.34,4115.1,4118.37,4122.39,4113.34,4115.1,0,0,4116.962831769793,4109.152069061897,4051.4982179155277,0,0,
2026-07-22T06:00:00-04:00,4115.1,4121.88,4114.97,4117.6,4115.1,4121.88,4114.97,4117.6,0,0,4117.175221179862,4110.358916338769,4052.807164095418,0,0,
2026-07-22T07:00:00-04:00,4117.6,4123.06,4112.6,4122.63,4117.6,4123.06,4112.6,4122.63,0,0,4118.993480786575,4112.111928290373,4054.18979450937,0,0,
2026-07-22T08:00:00-04:00,4122.64,4134.45,4106.75,4112.88,4122.64,4134.45,4106.75,4112.88,0,0,4116.955653857716,4112.22165282032,4055.3519767963135,0,0,
2026-07-22T09:00:00-04:00,4112.88,4155.96,4112.8,4154.62,4112.88,4155.96,4112.8,4154.62,0,0,4129.510435905144,4118.2785595602745,4057.3176802260896,0,0,
2026-07-22T10:00:00-04:00,4154.66,4163.44,4144.12,4148.53,4154.66,4163.44,4144.12,4148.53,0,0,4135.850290603429,4122.600193908806,4059.123864776068,0,0,
2026-07-22T11:00:00-04:00,4148.55,4166.08,4148.55,4159.44,4148.55,4166.08,4148.55,4159.44,0,0,4143.713527068952,4127.8630233504055,4061.1103228993143,0,0,
2026-07-22T12:00:00-04:00,4159.39,4159.47,4144.54,4146.9,4159.39,4159.47,4144.54,4146.9,0,0,4144.775684712635,4130.582591443204,4062.8091283864565,0,0,
2026-07-22T13:00:00-04:00,4146.86,4147.92,4138.41,4142.44,4146.86,4147.92,4138.41,4142.44,0,0,4143.997123141757,4132.276506951318,4064.385977329299,0,0,
2026-07-22T14:00:00-04:00,4142.42,4142.8,4132,4136.1,4142.42,4142.8,4132,4136.1,0,0,4141.3647487611715,4132.822720243987,4065.8060569861445,0,0,
2026-07-22T15:00:00-04:00,4136.09,4137.21,4129,4131.84,4136.09,4137.21,4129,4131.84,0,0,4138.189832507448,4132.682331637703,4067.113659818102,0,0,
2026-07-22T16:00:00-04:00,4131.83,4137.86,4128.35,4129.95,4131.83,4137.86,4128.35,4129.95,0,0,4135.443221671632,4132.291998546602,4068.3579437821,0,0,
2026-07-22T18:00:00-04:00,4122.4,4135.35,4101.08,4121.79,4122.4,4135.35,4101.08,4121.79,0,1,4130.892147781088,4130.791713039945,4069.416004301266,0,0,
2026-07-22T19:00:00-04:00,4121.78,4134.18,4116.66,4133.44,4121.78,4134.18,4116.66,4133.44,0,0,4131.741431854059,4131.170039748524,4070.683806196291,0,0,
2026-07-22T20:00:00-04:00,4133.44,4134.75,4125.16,4132.18,4133.44,4134.75,4125.16,4132.18,0,0,4131.887621236039,4131.314319784449,4071.9015526082453,0,0,
2026-07-22T21:00:00-04:00,4132.16,4141.05,4114.38,4117.93,4132.16,4141.05,4114.38,4117.93,0,0,4127.235080824026,4129.402274100957,4072.8130070120424,0,0,
2026-07-22T22:00:00-04:00,4117.93,4128.77,4112.11,4128.1,4117.93,4128.77,4112.11,4128.1,0,0,4127.523387216018,4129.216234943678,4073.907798952398,0,0,
2026-07-22T23:00:00-04:00,4128.13,4133.04,4124.13,4124.77,4128.13,4133.04,4124.13,4124.77,0,0,4126.605591477345,4128.581058523152,4074.9149712503704,0,0,
2026-07-23T00:00:00-04:00,4124.67,4130.34,4120.09,4121.26,4124.67,4130.34,4120.09,4121.26,0,0,4124.823727651564,4127.535193019845,4075.832694591947,0,0,
2026-07-23T01:00:00-04:00,4121.24,4130.59,4119.52,4124.08,4121.24,4130.59,4119.52,4124.08,0,0,4124.575818434376,4127.04159401701,4076.788086778245,0,0,
2026-07-23T02:00:00-04:00,4124.08,4128.24,4116.97,4118.58,4124.08,4128.24,4116.97,4118.58,0,0,4122.577212289584,4125.832794871722,4077.6156494162997,0,0,
2026-07-23T03:00:00-04:00,4118.58,4119.44,4090.21,4095.48,4118.58,4119.44,4090.21,4095.48,0,0,4113.544808193056,4121.496681318619,4077.9693989328084,0,0,
2026-07-23T04:00:00-04:00,4095.42,4097.76,4087.06,4093.47,4095.42,4097.76,4087.06,4093.47,0,0,4106.853205462037,4117.492869701674,4078.2763415281984,0,0,
2026-07-23T05:00:00-04:00,4093.41,4099.46,4088.47,4089.93,4093.41,4099.46,4088.47,4089.93,0,0,4101.212136974691,4113.555316887149,4078.5071070424915,0,0,
2026-07-23T06:00:00-04:00,4089.92,4095.33,4086.14,4093.2,4089.92,4095.33,4086.14,4093.2,0,0,4098.541424649794,4110.647414474699,4078.7980554178876,0,0,
2026-07-23T07:00:00-04:00,4093.18,4093.89,4073.1,4085.72,4093.18,4093.89,4073.1,4085.72,0,0,4094.267616433196,4107.086355264028,4078.935123627434,0,0,
2026-07-23T08:00:00-04:00,4085.68,4085.95,4061.08,4061.86,4085.68,4085.95,4061.08,4061.86,0,0,4083.4650776221306,4100.625447369166,4078.597002367485,0,0,
2026-07-23T09:00:00-04:00,4061.92,4067.45,4040.68,4043.27,4061.92,4067.45,4040.68,4043.27,0,0,4070.0667184147537,4092.431812030714,4077.897457766149,0,0,
2026-07-23T10:00:00-04:00,4043.39,4061.77,4040.18,4057.97,4043.39,4061.77,4040.18,4057.97,0,0,4066.0344789431692,4087.508696026326,4077.5028546420667,0,0,
2026-07-23T11:00:00-04:00,4057.94,4059.5,4042.34,4048.76,4057.94,4059.5,4042.34,4048.76,0,0,4060.2763192954462,4081.9731680225655,4076.93368920361,0,0,
2026-07-23T12:00:00-04:00,4048.73,4051.81,4045.92,4051.48,4048.73,4051.81,4045.92,4051.48,0,0,4057.3442128636307,4077.617001162199,4076.4296557540333,0,0,
2026-07-23T13:00:00-04:00,4051.49,4054.63,4041.67,4041.79,4051.49,4054.63,4041.67,4041.79,0,0,4052.1594752424203,4072.4988581390276,4075.7437219767257,0,0,
2026-07-23T14:00:00-04:00,4041.81,4048.41,4040.83,4046.12,4041.81,4048.41,4040.83,4046.12,0,0,4050.1463168282803,4068.730449833452,4075.157113620751,0,0,
2026-07-23T15:00:00-04:00,4046.14,4051.11,4043.03,4049.74,4046.14,4051.11,4043.03,4049.74,0,0,4050.01087788552,4066.017528428673,4074.653804440142,0,0,
2026-07-23T16:00:00-04:00,4049.82,4051.27,4047.47,4049.1,4049.82,4051.27,4047.47,4049.1,0,0,4049.70725192368,4063.6007386531483,4074.147788510634,0,0,
2026-07-23T18:00:00-04:00,4049.08,4050.49,4048.6,4049.62,4049.08,4050.49,4048.6,4049.62,0,0,4049.67816794912,4061.603490274127,4073.6620897282455,0,0,
2026-07-23T19:00:00-04:00,4049.63,4050.6,4046.74,4047.12,4049.63,4050.6,4046.74,4047.12,0,0,4048.8254452994133,4059.534420234966,4073.1365037930327,0,0,
2026-07-23T20:00:00-04:00,4047.1,4050.68,4041.33,4049.87,4047.1,4050.68,4041.33,4049.87,0,0,4049.173630199609,4058.153788772828,4072.675780945646,0,0,
2026-07-23T21:00:00-04:00,4049.86,4050.39,4040.03,4043.68,4049.86,4050.39,4040.03,4043.68,0,0,4047.3424201330727,4056.086104662424,4072.101607065534,0,0,
2026-07-23T22:00:00-04:00,4043.68,4048.26,4023.22,4024.61,4043.68,4048.26,4023.22,4024.61,0,0,4039.764946755382,4051.5895182820777,4071.1611792028502,0,0,
2026-07-23T23:00:00-04:00,4024.6,4033.73,4023.24,4029.34,4024.6,4033.73,4023.24,4029.34,0,0,4036.289964503588,4048.4110156703523,4070.3330370404174,0,0,
2026-07-24T00:00:00-04:00,4029.34,4030.4,4025.62,4027.06,4029.34,4030.4,4025.62,4027.06,0,0,4033.2133096690586,4045.360870574588,4069.476145217835,0,0,
2026-07-24T01:00:00-04:00,4027.07,4032.23,4022.03,4023.11,4027.07,4032.23,4022.03,4023.11,0,0,4029.8455397793723,4042.1821747782183,4068.558003728373,0,0,
2026-07-24T02:00:00-04:00,4023.1,4039.06,4023.02,4035.75,4023.1,4039.06,4023.02,4035.75,0,0,4031.813693186248,4041.2632926670444,4067.908340288207,0,0,
2026-07-24T03:00:00-04:00,4035.74,4053.74,4035.1,4048.44,4035.74,4053.74,4035.1,4048.44,0,0,4037.355795457499,4042.2885365717525,4067.5228285993317,0,0,
2026-07-24T04:00:00-04:00,4048.46,4058.7,4045.19,4057.58,4048.46,4058.7,4045.19,4057.58,0,0,4044.097196971666,4044.4730313472164,4067.3259409042953,0,0,
2026-07-24T05:00:00-04:00,4057.58,4060.79,4051.77,4059.84,4057.58,4060.79,4051.77,4059.84,0,0,4049.344797981111,4046.6683125833283,4067.177704450745,0,0,
2026-07-24T06:00:00-04:00,4059.83,4063.9,4057.09,4060.14,4059.83,4063.9,4057.09,4060.14,0,0,4052.943198654074,4048.5928393571385,4067.0383439665716,0,0,
2026-07-24T07:00:00-04:00,4060.14,4063.47,4051.49,4057.82,4060.14,4063.47,4051.49,4057.82,0,0,4054.568799102716,4049.9110051632615,4066.855802501887,0,0,
2026-07-24T08:00:00-04:00,4057.81,4060.24,4051.72,4056.09,4057.81,4060.24,4051.72,4056.09,0,0,4055.0758660684774,4050.793718711367,4066.642618293929,0,0,
2026-07-24T09:00:00-04:00,4056.1,4068.69,4044.72,4067.54,4056.1,4068.69,4044.72,4067.54,0,0,4059.230577378985,4053.186044609743,4066.6603882287027,0,0,
2026-07-24T10:00:00-04:00,4067.46,4069.98,4055.97,4063.34,4067.46,4069.98,4055.97,4063.34,0,0,4060.6003849193235,4054.6366096654942,4066.594637966748,0,0,
2026-07-24T11:00:00-04:00,4063.34,4082.15,4061.9,4077.4,4063.34,4082.15,4061.9,4077.4,1,0,4066.200256612882,4057.8885225704234,4066.808605531763,0,0,
2026-07-24T12:00:00-04:00,4077.42,4078.18,4064.21,4067.09,4077.42,4078.18,4064.21,4067.09,0,0,4066.4968377419214,4059.2030193460773,4066.8141776994507,0,0,
2026-07-24T13:00:00-04:00,4067.08,4069.89,4063.06,4063.42,4067.08,4069.89,4063.06,4063.42,0,0,4065.471225161281,4059.8054451537805,4066.746966259858,0,0,
2026-07-24T14:00:00-04:00,4063.42,4064.53,4051.17,4054.42,4063.42,4064.53,4051.17,4054.42,0,1,4061.787483440854,4059.0360958460974,4066.5028679180787,0,0,
2026-07-24T15:00:00-04:00,4054.42,4057.98,4049.25,4053.73,4054.42,4057.98,4049.25,4053.73,0,0,4059.101655627236,4058.2780821537976,4066.249939840493,0,0,
2026-07-24T16:00:00-04:00,4053.65,4056.27,4051.7,4052.94,4053.65,4056.27,4051.7,4052.94,0,0,4057.0477704181576,4057.5154989889693,4065.9863766753347,0,1,
2026-07-26T18:00:00-04:00,4091.96,4097.46,4083.84,4089.56,4091.96,4097.46,4083.84,4089.56,1,0,4067.8851802787717,4062.0932848476878,4066.4531810976055,0,0,
2026-07-26T19:00:00-04:00,4089.5,4096.39,4083.7,4094.17,4089.5,4096.39,4083.7,4094.17,0,0,4076.6467868525147,4066.6756727265897,4067.002028996663,0,0,
2026-07-26T20:00:00-04:00,4094.16,4116.21,4090.7,4100.75,4094.16,4116.21,4090.7,4100.75,0,0,4084.68119123501,4071.5434337656484,4067.670305650194,0,0,
2026-07-26T21:00:00-04:00,4100.79,4112.52,4096.96,4110.15,4100.79,4112.52,4096.96,4110.15,0,0,4093.1707941566733,4077.058657513413,4068.511487716527,0,0,
2026-07-26T22:00:00-04:00,4110.16,4110.96,4093.75,4093.76,4110.16,4110.96,4093.75,4093.76,0,0,4093.367196104449,4079.4445635829256,4069.011458256794,0,0,
2026-07-26T23:00:00-04:00,4093.77,4095.89,4085.18,4091.02,4093.77,4095.89,4085.18,4091.02,0,0,4092.5847974029657,4081.098197356793,4069.44727096458,0,0,
2026-07-27T00:00:00-04:00,4091.04,4092.9,4087.07,4090.32,4091.04,4092.9,4087.07,4090.32,0,0,4091.8298649353105,4082.4155977343944,4069.860592331618,0,0,
2026-07-27T01:00:00-04:00,4090.33,4094.8,4084.51,4093.22,4090.33,4094.8,4084.51,4093.22,0,0,4092.293243290207,4083.959083772338,4070.323154859705,0,0,
2026-07-27T02:00:00-04:00,4093.22,4099.32,4091.32,4096.17,4093.22,4099.32,4091.32,4096.17,0,0,4093.5854955268046,4085.70350037629,4070.8349735753545,0,0,
2026-07-27T03:00:00-04:00,4095.93,4106.02,4088.55,4088.83,4095.93,4106.02,4088.55,4088.83,0,0,4092.000330351203,4086.150143179677,4071.191310732278,0,0,
2026-07-27T04:00:00-04:00,4088.84,4096.95,4087.13,4095.23,4088.84,4096.95,4087.13,4095.23,0,0,4093.076886900802,4087.4472655825803,4071.6673243811438,0,0,
2026-07-27T05:00:00-04:00,4095.23,4100.41,4090.59,4096.12,4095.23,4100.41,4090.59,4096.12,0,0,4094.091257933868,4088.6862276422116,4072.151535779537,0,0,
2026-07-27T06:00:00-04:00,4096.12,4102.41,4086.56,4099.56,4096.12,4102.41,4086.56,4099.56,0,0,4095.914171955912,4090.239623693324,4072.694277645289,0,0,
2026-07-27T07:00:00-04:00,4099.61,4104.11,4093.71,4093.95,4099.61,4104.11,4093.71,4093.95,0,0,4095.259447970608,4090.7696774514206,4073.1151830384515,0,0,
2026-07-27T08:00:00-04:00,4093.93,4097.72,4081.78,4083.76,4093.93,4097.72,4081.78,4083.76,0,0,4091.426298647072,4089.7682949583605,4073.3259714931355,0,0,
2026-07-27T09:00:00-04:00,4083.75,4089.52,4070.61,4074.22,4083.75,4089.52,4070.61,4074.22,0,1,4085.6908657647145,4087.547109964309,4073.3436750279247,0,0,
2026-07-27T10:00:00-04:00,4074.25,4079.11,4065.4,4076.25,4074.25,4079.11,4065.4,4076.25,0,0,4082.54391050981,4085.933237112265,4073.401226017471,0,0,
2026-07-27T11:00:00-04:00,4076.23,4079.88,4071.9,4078.5,4076.23,4079.88,4071.9,4078.5,0,0,4081.1959403398732,4084.871346096227,4073.502191838907,0,0,
2026-07-27T12:00:00-04:00,4078.49,4093.95,4077.86,4082.36,4078.49,4093.95,4077.86,4082.36,1,0,4081.5839602265823,4084.5125823681947,4073.6775939807108,0,0,
2026-07-27T13:00:00-04:00,4082.37,4082.41,4070.65,4076.44,4082.37,4082.41,4070.65,4076.44,0,0,4079.8693068177217,4083.3593563155955,4073.7322950900034,0,0,
2026-07-27T14:00:00-04:00,4076.45,4079.42,4072.96,4077.94,4076.45,4079.42,4072.96,4077.94,0,0,4079.226204545148,4082.5851625562245,4073.81561597931,0,0,
2026-07-27T15:00:00-04:00,4077.95,4089.27,4076.18,4083.44,4077.95,4089.27,4076.18,4083.44,0,0,4080.630803030099,4082.7072821910497,4074.006197841106,0,0,
2026-07-27T16:00:00-04:00,4083.44,4084.1,4075.37,4076.73,4083.44,4084.1,4075.37,4076.73,0,0,4079.3305353533992,4081.8533847351855,4074.0601345175196,0,0,
2026-07-27T18:00:00-04:00,4079.66,4082.37,4070.95,4074.21,4079.66,4082.37,4070.95,4074.21,0,0,4077.6236902355995,4080.761472630159,4074.063102150836,0,0,
2026-07-27T19:00:00-04:00,4074.22,4075.01,4069.93,4073.33,4074.22,4075.01,4069.93,4073.33,0,0,4076.1924601570663,4079.6998336829934,4074.0485852765623,0,0,
2026-07-27T20:00:00-04:00,4073.34,4074.2,4057.7,4057.99,4073.34,4074.2,4057.7,4057.99,0,1,4070.124973438044,4076.598428871137,4073.7305934889077,0,0,
2026-07-27T21:00:00-04:00,4058,4060.34,4042.62,4045.18,4058,4060.34,4042.62,4045.18,0,0,4061.8099822920294,4072.110081889546,4073.1652352019987,0,0,
2026-07-27T22:00:00-04:00,4045.19,4049.05,4040.78,4042.08,4045.19,4049.05,4040.78,4042.08,0,0,4055.2333215280196,4067.8200701910396,4072.549685990078,0,0,
2026-07-27T23:00:00-04:00,4042.08,4051.17,4040.36,4049.49,4042.08,4051.17,4040.36,4049.49,0,0,4053.31888101868,4065.2014887351766,4072.09305854473,0,0,
2026-07-28T00:00:00-04:00,4049.48,4049.63,4041.61,4042.2,4049.48,4049.63,4041.61,4042.2,0,0,4049.6125873457863,4061.9155617730084,4071.501116791369,0,0,
2026-07-28T01:00:00-04:00,4042.2,4046.54,4034.89,4045.25,4042.2,4046.54,4034.89,4045.25,0,0,4048.1583915638575,4059.534767234007,4070.9812926964905,0,0,
2026-07-28T02:00:00-04:00,4045.25,4052.38,4042.96,4048.42,4045.25,4052.38,4042.96,4048.42,0,0,4048.245594375905,4057.9469433434347,4070.534534425273,0,0,
2026-07-28T03:00:00-04:00,4048.39,4052.42,4046.16,4047.32,4048.39,4052.42,4046.16,4047.32,0,0,4047.93706291727,4056.4288085800868,4070.0748406742773,0,0,
2026-07-28T04:00:00-04:00,4047.31,4055.26,4041.71,4045.52,4047.31,4055.26,4041.71,4045.52,0,0,4047.13137527818,4054.87040735436,4069.5886062054797,0,0,
2026-07-28T05:00:00-04:00,4045.53,4045.95,4019.58,4023.42,4045.53,4045.95,4019.58,4023.42,0,0,4039.2275835187866,4050.3774920180226,4068.6743763796285,0,0,
2026-07-28T06:00:00-04:00,4023.22,4028.58,4017.01,4026.57,4023.22,4028.58,4017.01,4026.57,0,0,4035.0083890125243,4046.976421729734,4067.8406263523093,0,0,
2026-07-28T07:00:00-04:00,4026.58,4032.42,4023.15,4028.12,4026.58,4032.42,4023.15,4028.12,0,0,4032.712259341683,4044.2826471969147,4067.0540792958277,0,0,
2026-07-28T08:00:00-04:00,4028.11,4038.18,4022.93,4029.54,4028.11,4038.18,4022.93,4029.54,0,0,4031.654839561122,4042.1765547402124,4066.3112262404647,0,0,
2026-07-28T09:00:00-04:00,4029.53,4036.1,4020.29,4022.12,4029.53,4036.1,4020.29,4022.12,0,0,4028.4765597074147,4039.311332634468,4065.4361524535248,0,0,
2026-07-28T10:00:00-04:00,4022.11,4033.39,4011.61,4024.54,4022.11,4033.39,4011.61,4024.54,0,0,4027.1643731382765,4037.2011422581154,4064.626327652465,0,0,
2026-07-28T11:00:00-04:00,4024.51,4047.08,4022.25,4046.17,4024.51,4047.08,4022.25,4046.17,0,0,4033.4995820921845,4038.482407649813,4064.2608558177626,0,0,
2026-07-28T12:00:00-04:00,4046.15,4046.5,4036.7,4037.56,4046.15,4046.5,4036.7,4037.56,0,0,4034.853054728123,4038.3506351284113,4063.7321259995892,0,0,
2026-07-28T13:00:00-04:00,4037.57,4041.46,4025.83,4027.88,4037.57,4041.46,4025.83,4027.88,0,0,4032.528703152082,4036.854830110067,4063.0221829104885,0,0,
2026-07-28T14:00:00-04:00,4027.87,4030.45,4021.72,4023.01,4027.87,4030.45,4021.72,4023.01,0,0,4029.3558021013882,4034.8769972372,4062.229862456815,0,0,
2026-07-28T15:00:00-04:00,4023.01,4028.02,4021.97,4026.44,4023.01,4028.02,4021.97,4026.44,0,0,4028.383868067592,4033.6717119176,4061.5211523091557,0,0,
2026-07-28T16:00:00-04:00,4026.44,4030.51,4022.6,4028.71,4026.44,4030.51,4022.6,4028.71,0,0,4028.492578711728,4032.9628959293714,4060.8714265208555,0,0,
2026-07-28T18:00:00-04:00,4026.78,4030.64,4014.02,4018.35,4026.78,4030.64,4014.02,4018.35,0,0,4025.111719141152,4030.8753393680327,4060.029418074898,0,0,
2026-07-28T19:00:00-04:00,4018.35,4026.3,4015.08,4025,4018.35,4026.3,4015.08,4025,0,0,4025.0744794274347,4030.0360051725993,4059.335766231831,0,0,
2026-07-28T20:00:00-04:00,4025.01,4029.56,4017.67,4021.93,4025.01,4029.56,4017.67,4021.93,0,0,4024.0263196182896,4028.8780044336563,4058.595057989616,0,0,
2026-07-28T21:00:00-04:00,4021.93,4030.54,4010.37,4025.94,4021.93,4030.54,4010.37,4025.94,0,0,4024.6642130788596,4028.4582895145627,4057.9484231779406,0,0,
2026-07-28T22:00:00-04:00,4025.93,4037.86,4023.11,4029.58,4025.93,4037.86,4023.11,4029.58,0,0,4026.3028087192397,4028.618533869625,4057.3866722239222,0,0,
2026-07-28T23:00:00-04:00,4029.57,4032.73,4023.21,4023.6,4029.57,4032.73,4023.21,4023.6,0,0,4025.4018724794932,4027.901600459679,4056.7176292095874,0,0,
2026-07-29T00:00:00-04:00,4023.61,4027.7,4020.63,4027.32,4023.61,4027.7,4020.63,4027.32,0,0,4026.0412483196624,4027.8185146797246,4056.1354979381103,0,0,
2026-07-29T01:00:00-04:00,4027.31,4040.1,4026.69,4033.09,4027.31,4040.1,4026.69,4033.09,0,0,4028.3908322131083,4028.5715840111925,4055.679151444286,0,0,
2026-07-29T02:00:00-04:00,4033.08,4044.81,4033.04,4041.25,4033.08,4044.81,4033.04,4041.25,1,0,4032.6772214754055,4030.382786295308,4055.3934256731122,0,0,
2026-07-29T03:00:00-04:00,4041.2,4047.78,4041.17,4043.83,4041.2,4047.78,4041.17,4043.83,0,0,4036.394814316937,4032.30381682455,4055.164446946912,0,0,
2026-07-29T04:00:00-04:00,4043.79,4044.42,4035.73,4037.6,4043.79,4044.42,4035.73,4037.6,0,1,4036.796542877958,4033.060414421043,4054.8166361162803,0,0,
2026-07-29T05:00:00-04:00,4037.59,4038.37,4031.33,4032.66,4037.59,4038.37,4031.33,4032.66,0,0,4035.417695251972,4033.003212360894,4054.377890846651,0,0,
2026-07-29T06:00:00-04:00,4032.71,4034.41,4026.07,4027.51,4032.71,4034.41,4026.07,4027.51,0,0,4032.781796834648,4032.218467737909,4053.8458534041433,0,0,
2026-07-29T07:00:00-04:00,4027.52,4036.19,4025,4032.77,4027.52,4036.19,4025,4032.77,0,0,4032.777864556432,4032.297258061065,4053.428509772378,0,0,
2026-07-29T08:00:00-04:00,4032.75,4033.43,4009.28,4022.67,4032.75,4033.43,4009.28,4022.67,0,0,4029.408576370955,4030.921935480913,4052.819430370945,0,1,
2026-07-29T09:00:00-04:00,4022.67,4026.42,4002.54,4007.33,4022.67,4026.42,4002.54,4007.33,0,0,4022.04905091397,4027.5516589836398,4051.9186495715203,0,0,
2026-07-29T10:00:00-04:00,4007.35,4010.13,3996.01,4004.89,4007.35,4010.13,3996.01,4004.89,0,0,4016.32936727598,4024.314279128834,4050.987389183965,0,0,
2026-07-29T11:00:00-04:00,4004.88,4013.84,4003.29,4009.83,4004.88,4013.84,4003.29,4009.83,0,0,4014.16291151732,4022.2450963961437,4050.172391378342,0,0,
2026-07-29T12:00:00-04:00,4009.89,4032.85,4007.66,4027.29,4009.89,4032.85,4007.66,4027.29,0,0,4018.5386076782133,4022.9657969109803,4049.719274717385,0,0,
2026-07-29T13:00:00-04:00,4027.28,4050.59,4027.28,4044.14,4027.28,4050.59,4027.28,4044.14,1,0,4027.072405118809,4025.9906830665545,4049.608794029912,0,0,
2026-07-29T14:00:00-04:00,4044.09,4109.82,4042.82,4106.79,4044.09,4109.82,4042.82,4106.79,0,0,4053.6449367458727,4037.5334426284753,4050.741095138231,0,0,
2026-07-29T15:00:00-04:00,4106.83,4116.45,4044.37,4044.7,4106.83,4116.45,4044.37,4044.7,0,0,4050.663291163915,4038.557236538693,4050.621469491929,0,0,
2026-07-29T16:00:00-04:00,4044.72,4070.08,4042.71,4066.12,4044.72,4070.08,4042.71,4066.12,0,0,4055.81552744261,4042.4947741760225,4050.928371086148,0,0,
2026-07-29T18:00:00-04:00,4068,4090.6,4063.23,4088.55,4068,4090.6,4063.23,4088.55,0,0,4066.7270182950733,4049.0740921508764,4051.6733538369176,0,0,
2026-07-29T19:00:00-04:00,4088.53,4100.37,4084.5,4084.73,4088.53,4100.37,4084.5,4084.73,0,0,4072.7280121967156,4054.1677932721796,4052.327940889652,0,0,
2026-07-29T20:00:00-04:00,4084.69,4086.67,4064.99,4072.26,4084.69,4086.67,4064.99,4072.26,0,0,4072.572008131144,4056.752394233297,4052.7226351294607,0,0,
2026-07-29T21:00:00-04:00,4072.26,4092.97,4070.46,4084.69,4072.26,4092.97,4070.46,4084.69,0,0,4076.611338754096,4060.743480771397,4053.35565225561,0,0,
2026-07-29T22:00:00-04:00,4084.71,4090.43,4063.5,4063.76,4084.71,4090.43,4063.5,4063.76,0,0,4072.3275591693973,4061.174412089769,4053.5616789436176,0,0,
2026-07-29T23:00:00-04:00,4063.76,4070.11,4050.77,4058.88,4063.76,4070.11,4050.77,4058.88,0,0,4067.8450394462648,4060.8466389340874,4053.666992231863,0,0,
2026-07-30T00:00:00-04:00,4058.88,4060.18,4044.45,4046.06,4058.88,4060.18,4044.45,4046.06,0,0,4060.583359630843,4058.7342619435035,4053.516358722321,0,0,
2026-07-30T01:00:00-04:00,4046.06,4051.33,4028.48,4033.7,4046.06,4051.33,4028.48,4033.7,0,0,4051.6222397538954,4055.157938808717,4053.123955579305,0,0,
2026-07-30T02:00:00-04:00,4033.71,4040.52,4029.46,4036.79,4033.71,4040.52,4029.46,4036.79,0,0,4046.6781598359303,4052.533947550329,4052.8005109143683,0,0,
2026-07-30T03:00:00-04:00,4036.7,4051.36,4035.6,4038.98,4036.7,4051.36,4035.6,4038.98,0,0,4044.112106557287,4050.597669328853,4052.5268374309153,0,0,
2026-07-30T04:00:00-04:00,4038.95,4072.94,4036.79,4061.44,4038.95,4072.94,4036.79,4061.44,0,0,4049.8880710381914,4052.1465737104454,4052.70333569961,0,0,
2026-07-30T05:00:00-04:00,4061.42,4073.09,4060.36,4063.38,4061.42,4073.09,4060.36,4063.38,0,0,4054.3853806921275,4053.7513488946674,4052.9147547946673,1,0,
2026-07-30T06:00:00-04:00,4063.39,4083.04,4063.06,4078.21,4063.39,4083.04,4063.06,4078.21,0,0,4062.3269204614185,4057.245441909715,4053.4156507393272,0,0,
2026-07-30T07:00:00-04:00,4078.14,4082.78,4075.75,4077.76,4078.14,4082.78,4075.75,4077.76,0,0,4067.4712803076122,4060.17609306547,4053.8977170613207,0,0,
2026-07-30T08:00:00-04:00,4077.77,4086.79,4067.25,4068.98,4077.77,4086.79,4067.25,4068.98,0,0,4067.9741868717415,4061.433794056117,4054.1963761294132,0,0,
2026-07-30T09:00:00-04:00,4068.96,4112.85,4065.18,4112.42,4068.96,4112.85,4065.18,4112.42,0,0,4082.7894579144945,4068.717537762386,4055.3493191763555,0,0,
2026-07-30T10:00:00-04:00,4112.34,4120.21,4087.08,4100.08,4112.34,4120.21,4087.08,4100.08,0,0,4088.5529719429965,4073.1978895106167,4056.235075232269,0,0,
2026-07-30T11:00:00-04:00,4100.13,4110.14,4083.17,4108.15,4100.13,4110.14,4083.17,4108.15,0,0,4095.085314628664,4078.191048151957,4057.2630935445013,0,0,
2026-07-30T12:00:00-04:00,4108.14,4119.24,4106.65,4110.79,4108.14,4119.24,4106.65,4110.79,0,0,4100.320209752443,4082.848041273106,4058.3230322861946,0,0,
2026-07-30T13:00:00-04:00,4110.78,4111.3,4098.54,4102.68,4110.78,4111.3,4098.54,4102.68,0,0,4101.106806501629,4085.681178234091,4059.2013880825075,0,0,
2026-07-30T14:00:00-04:00,4102.67,4107.9,4098.86,4099.82,4102.67,4107.9,4098.86,4099.82,0,0,4100.677871001086,4087.701009914935,4060.005717031369,0,0,
2026-07-30T15:00:00-04:00,4099.8,4115.4,4098.88,4112.09,4099.8,4115.4,4098.88,4112.09,0,0,4104.481914000724,4091.185151355659,4061.0370889713417,0,0,
2026-07-30T16:00:00-04:00,4112.12,4117.45,4099.2,4102.91,4112.12,4117.45,4099.2,4102.91,0,0,4103.957942667149,4092.860129733422,4061.8662555263645,0,0,
2026-07-30T18:00:00-04:00,4106.14,4111.28,4102.02,4109.24,4106.14,4111.28,4102.02,4109.24,0,0,4105.718628444766,4095.200111200076,4062.8043494763374,0,0,
2026-07-30T19:00:00-04:00,4109.24,4111.75,4102.3,4105.93,4109.24,4111.75,4102.3,4105.93,0,0,4105.7890856298445,4096.732952457208,4063.6583227540336,0,0,
2026-07-30T20:00:00-04:00,4106.03,4107.11,4090.55,4094.76,4106.03,4107.11,4090.55,4094.76,0,0,4102.11272375323,4096.451102106178,4064.2741975509834,0,0,
2026-07-30T21:00:00-04:00,4094.76,4101.64,4082.14,4084.37,4094.76,4101.64,4082.14,4084.37,0,0,4096.198482502154,4094.725230376724,4064.672134233142,0,0,
2026-07-30T22:00:00-04:00,4084.35,4090.47,4074.26,4076.17,4084.35,4090.47,4074.26,4076.17,0,0,4089.5223216681024,4092.0744831800494,4064.8998147433767,0,0,
2026-07-30T23:00:00-04:00,4076.17,4079.44,4072.06,4075.09,4076.17,4079.44,4072.06,4075.09,0,0,4084.711547778735,4089.6481284400425,4065.1016005900424,0,0,
2026-07-31T00:00:00-04:00,4075.08,4081.42,4073.49,4080.04,4075.08,4081.42,4073.49,4080.04,0,0,4083.1543651858233,4088.2755386628937,4065.3974104793483,0,0,
2026-07-31T01:00:00-04:00,4080.04,4083.25,4073.37,4074.38,4080.04,4083.25,4073.37,4074.38,0,0,4080.229576790549,4086.2904617110516,4065.575283539163,0,0,
2026-07-31T02:00:00-04:00,4074.4,4087.53,4072.83,4077.64,4074.4,4087.53,4072.83,4077.64,0,0,4079.3663845270326,4085.054681466616,4065.814188815615,0,0,
2026-07-31T03:00:00-04:00,4077.64,4079.24,4067.61,4067.75,4077.64,4079.24,4067.61,4067.75,0,0,4075.494256351355,4082.5825841142423,4065.8525217103556,0,0,
2026-07-31T04:00:00-04:00,4067.75,4067.75,4054.31,4060.97,4067.75,4067.75,4054.31,4060.97,0,1,4070.65283756757,4079.495072097922,4065.7558381121307,0,0,
2026-07-31T05:00:00-04:00,4060.8,4063.96,4050.34,4055.11,4060.8,4063.96,4050.34,4055.11,0,0,4065.4718917117134,4076.011490369647,4065.545029436643,0,0,
2026-07-31T06:00:00-04:00,4055.09,4058.38,4052.06,4054.5,4055.09,4058.38,4052.06,4054.5,0,0,4061.8145944744756,4072.9384203168406,4065.326315982452,0,0,
2026-07-31T07:00:00-04:00,4054.5,4061.06,4050.8,4053.69,4054.5,4061.06,4050.8,4053.69,0,0,4059.106396316317,4070.1886459858633,4065.0958938837894,0,0,
2026-07-31T08:00:00-04:00,4053.68,4059.37,4040.61,4040.8,4053.68,4059.37,4040.61,4040.8,0,0,4053.004264210878,4065.990267987883,4064.6147870742093,0,0,
2026-07-31T09:00:00-04:00,4040.81,4046.9,4022.05,4025.55,4040.81,4046.9,4022.05,4025.55,0,0,4043.852842807252,4060.2130868467566,4063.841226934126,0,0,
2026-07-31T10:00:00-04:00,4025.42,4050.26,4021.13,4049.21,4025.42,4050.26,4021.13,4049.21,0,0,4045.638561871501,4058.64121729722,4063.5514996681036,0,0,
2026-07-31T11:00:00-04:00,4049.25,4052.18,4036.71,4045.57,4049.25,4052.18,4036.71,4045.57,0,0,4045.615707914334,4056.773900540474,4063.1954303677453,0,0,
2026-07-31T12:00:00-04:00,4045.54,4049.9,4041.25,4043.37,4045.54,4049.9,4041.25,4043.37,0,0,4044.867138609556,4054.8590576061206,4062.802847588186,0,0,
2026-07-31T13:00:00-04:00,4043.32,4054.75,4041.59,4053.63,4043.32,4054.75,4041.59,4053.63,0,0,4047.7880924063707,4054.6834779481032,4062.6212070418856,0,0,
2026-07-31T14:00:00-04:00,4053.62,4055.15,4047.18,4050.78,4053.62,4055.15,4047.18,4050.78,0,0,4048.7853949375803,4054.1258382412316,4062.3867276945216,0,0,
2026-07-31T15:00:00-04:00,4050.78,4055.55,4046.97,4050.96,4050.78,4055.55,4046.97,4050.96,0,0,4049.51026329172,4053.6735756353414,4062.1604558589866,0,0,
2026-07-31T16:00:00-04:00,4051.06,4053.01,4043.57,4043.82,4051.06,4053.01,4043.57,4043.82,0,0,4047.613508861147,4052.26592197315,4061.797278515244,0,0,
2026-08-02T18:00:00-04:00,4078.89,4084.53,4063.45,4063.74,4078.89,4084.53,4063.45,4063.74,1,0,4052.989005907431,4053.9050759769857,4061.835748247616,0,0,
2026-08-02T19:00:00-04:00,4063.73,4074.99,4063.26,4074.94,4063.73,4074.99,4063.26,4074.94,0,0,4060.306003938287,4056.9100651231306,4062.0952383813265,0,0,
2026-08-02T20:00:00-04:00,4074.98,4079.01,4055.76,4057.16,4074.98,4079.01,4055.76,4057.16,0,0,4059.257335958858,4056.9457701055403,4061.997510888627,0,0,
2026-08-02T21:00:00-04:00,4057.16,4063.47,4047.39,4056.66,4057.16,4063.47,4047.39,4056.66,0,1,4058.3915573059053,4056.904945804749,4061.8918176037037,0,0,
2026-08-02T22:00:00-04:00,4056.67,4066.97,4052.12,4062.47,4056.67,4066.97,4052.12,4062.47,1,0,4059.751038203937,4057.6999535469276,4061.903266760066,0,0,
2026-08-02T23:00:00-04:00,4062.46,4067.94,4059.31,4065.06,4062.46,4067.94,4059.31,4065.06,0,0,4061.5206921359577,4058.751388754509,4061.9657763291734,0,0,
2026-08-03T00:00:00-04:00,4065.06,4071.9,4063.89,4063.98,4065.06,4071.9,4063.89,4063.98,0,0,4062.3404614239716,4059.498333218151,4062.0056619464176,0,0,
2026-08-03T01:00:00-04:00,4063.97,4069.99,4054.2,4069.02,4063.97,4069.99,4054.2,4069.02,0,1,4064.5669742826476,4060.8585713298435,4062.144559729657,0,0,
2026-08-03T02:00:00-04:00,4069.01,4072.01,4060.53,4063.95,4069.01,4072.01,4060.53,4063.95,0,0,4064.361316188432,4061.300203997009,4062.180311022139,0,0,
2026-08-03T03:00:00-04:00,4063.94,4065.3,4052.25,4061.17,4063.94,4065.3,4052.25,4061.17,0,0,4063.2975441256212,4061.2816034260077,4062.1603048632846,0,0,
2026-08-03T04:00:00-04:00,4061.17,4062.49,4054.34,4059.5,4061.17,4062.49,4054.34,4059.5,0,0,4062.0316960837476,4061.027088650864,4062.107625559061,0,0,
2026-08-03T05:00:00-04:00,4059.49,4062.21,4046.68,4055.31,4059.49,4062.21,4046.68,4055.31,0,0,4059.7911307224986,4060.2103617007406,4061.973019112347,0,1,
2026-08-03T06:00:00-04:00,4055.31,4057.16,4046.21,4049.39,4055.31,4057.16,4046.21,4049.39,0,0,4056.324087148332,4058.664595743492,4061.723850417053,0,0,
2026-08-03T07:00:00-04:00,4049.38,4063.18,4045.53,4062.57,4049.38,4063.18,4045.53,4062.57,0,0,4058.406058098888,4059.222510637279,4061.7406058543393,0,0,
2026-08-03T08:00:00-04:00,4062.56,4064.59,4042.28,4047.71,4062.56,4064.59,4042.28,4047.71,0,0,4054.8407053992587,4057.577866260525,4061.4627720750455,0,0,
2026-08-03T09:00:00-04:00,4047.72,4053.57,4019.16,4032.13,4047.72,4053.57,4019.16,4032.13,0,0,4047.2704702661727,4053.942456794736,4060.8819251032623,0,0,
2026-08-03T10:00:00-04:00,4032.13,4039.3,4026.71,4036.3,4032.13,4039.3,4026.71,4036.3,0,0,4043.613646844115,4051.422105824059,4060.3951543091384,0,0,
2026-08-03T11:00:00-04:00,4036.3,4040.99,4030.47,4036.19,4036.3,4040.99,4030.47,4036.19,0,0,4041.1390978960767,4049.2460907063364,4059.915844322819,0,0,
2026-08-03T12:00:00-04:00,4036.13,4039.3,4034.69,4036.96,4036.13,4039.3,4034.69,4036.96,0,0,4039.746065264051,4047.4909348911456,4059.4612731481097,0,0,
2026-08-03T13:00:00-04:00,4036.98,4037.81,4030.29,4030.55,4036.98,4037.81,4030.29,4030.55,0,0,4036.680710176034,4045.070801335268,4058.8887726897315,0,0,
2026-08-03T14:00:00-04:00,4030.55,4045.06,4029.73,4043.48,4030.55,4045.06,4029.73,4043.48,0,0,4038.947140117356,4044.8435440016583,4058.5836484780534,0,0,
2026-08-03T15:00:00-04:00,4043.49,4055.77,4043.48,4052.06,4043.49,4055.77,4043.48,4052.06,0,0,4043.3180934115708,4045.874466287136,4058.454467320072,0,0,
2026-08-03T16:00:00-04:00,4052.07,4058.23,4050.28,4055.05,4052.07,4058.23,4050.28,4055.05,0,0,4047.2287289410474,4047.185256817545,4058.3870521256154,0,0,
2026-08-03T18:00:00-04:00,4044.6,4054.87,4044.6,4052.9,4044.6,4054.87,4044.6,4052.9,0,0,4049.119152627365,4048.001648700753,4058.2783976280784,0,0,
2026-08-03T19:00:00-04:00,4052.89,4055.08,4050.23,4053.89,4052.89,4055.08,4050.23,4053.89,0,0,4050.70943508491,4048.8428417435025,4058.1914986651464,0,0,
2026-08-03T20:00:00-04:00,4053.88,4069.36,4048.77,4049.25,4053.88,4069.36,4048.77,4049.25,1,0,4050.2229567232735,4048.9010072087162,4058.0144392856387,0,0,
2026-08-03T21:00:00-04:00,4049.06,4061.9,4042.62,4058.79,4049.06,4061.9,4042.62,4058.79,0,0,4053.078637815516,4050.313720464614,4058.0297969235467,0,0,
2026-08-03T22:00:00-04:00,4058.79,4065.09,4055.71,4058.93,4058.79,4065.09,4055.71,4058.93,0,0,4055.0290918770106,4051.544617541098,4058.0476227270406,0,0,
2026-08-03T23:00:00-04:00,4058.9,4061.75,4052.19,4052.55,4058.9,4061.75,4052.19,4052.55,0,1,4054.202727918007,4051.6882436066553,4057.9387589106636,0,0,
2026-08-04T00:00:00-04:00,4052.55,4066.26,4051.21,4063.85,4052.55,4066.26,4051.21,4063.85,1,0,4057.418485278671,4053.425637377133,4058.0558131896605,0,0,
2026-08-04T01:00:00-04:00,4063.85,4067.81,4057.35,4061.93,4063.85,4067.81,4057.35,4061.93,0,0,4058.922323519114,4054.640546323257,4058.1325297601625,0,0,
2026-08-04T02:00:00-04:00,4061.94,4066.27,4055.76,4063.49,4061.94,4066.27,4055.76,4063.49,0,0,4060.4448823460757,4055.904753991363,4058.238618279763,0,0,
2026-08-04T03:00:00-04:00,4063.44,4066.76,4060.89,4065.55,4063.44,4066.76,4060.89,4065.55,0,0,4062.146588230717,4057.2826462783114,4058.3833981158073,0,0,
2026-08-04T04:00:00-04:00,4065.55,4072.91,4054.64,4055.08,4065.55,4072.91,4054.64,4055.08,0,1,4059.791058820478,4056.967982524267,4058.317984291732,0,0,
2026-08-04T05:00:00-04:00,4055.08,4055.41,4046.27,4049.83,4055.08,4055.41,4046.27,4049.83,0,0,4056.4707058803187,4055.9482707350858,4058.149905394866,0,0,
2026-08-04T06:00:00-04:00,4049.82,4060.72,4045.62,4053.87,4049.82,4060.72,4045.62,4053.87,0,0,4055.6038039202126,4055.651374915788,4058.0651547929874,0,1,
2026-08-04T07:00:00-04:00,4053.88,4084.26,4052.4,4075.06,4053.88,4084.26,4052.4,4075.06,1,0,4062.089202613475,4058.424035642104,4058.401686381245,0,0,0
2026-08-04T08:00:00-04:00,4075.06,4084.42,4061.13,4070.93,4075.06,4084.42,4061.13,4070.93,0,0,4065.0361350756502,4060.210601978946,4058.649771799438,0,0,1
2026-08-04T09:00:00-04:00,4070.96,4093.84,4061.38,4084.2,4070.96,4093.84,4061.38,4084.2,0,0,4071.4240900504333,4063.6376588390967,4059.1557169123203,0,0,
2026-08-04T10:00:00-04:00,4084.12,4091.87,4074.4,4083.6,4084.12,4091.87,4074.4,4083.6,0,0,4075.482726700289,4066.489421862083,4059.639762121977,0,0,
2026-08-04T11:00:00-04:00,4083.59,4088.85,4074.85,4087.35,4083.59,4088.85,4074.85,4087.35,0,0,4079.4384844668593,4069.469504453214,4060.18847970372,0,0,
2026-08-04T12:00:00-04:00,4087.35,4093.66,4083.14,4093.4,4087.35,4093.66,4083.14,4093.4,0,0,4084.0923229779064,4072.8881466741836,4060.846133570973,0,0,
2026-08-04T13:00:00-04:00,4093.41,4106.39,4086.16,4086.16,4093.41,4106.39,4086.16,4086.16,0,0,4084.7815486519376,4074.7841257207288,4061.347398252736,0,0,
2026-08-04T14:00:00-04:00,4086.16,4088.96,4075.25,4079.89,4086.16,4088.96,4075.25,4079.89,0,0,4083.151032434625,4075.5135363320533,4061.714578485355,0,0,
2026-08-04T15:00:00-04:00,4079.89,4084.79,4076.41,4078.58,4079.89,4084.79,4076.41,4078.58,0,0,4081.6273549564166,4075.9516025703315,4062.0485472282194,0,0,
2026-08-04T16:00:00-04:00,4078.57,4080.36,4074.73,4077.82,4078.57,4080.36,4074.73,4077.82,0,0,4080.3582366376113,4076.2185164888556,4062.3608532237004,0,0,
2026-08-04T18:00:00-04:00,4077.99,4085.86,4075.78,4075.79,4077.99,4085.86,4075.78,4075.79,0,0,4078.835491091741,4076.1572998475904,4062.626776922241,0,0,
2026-08-04T19:00:00-04:00,4075.93,4077.17,4065.52,4072.53,4075.93,4077.17,4065.52,4072.53,0,0,4076.7336607278276,4075.6391141550776,4062.822880349523,0,0,
2026-08-04T20:00:00-04:00,4072.51,4083.51,4070.45,4082.47,4072.51,4083.51,4070.45,4082.47,0,0,4078.645773818552,4076.6149549900665,4063.21193222379,0,0,
2026-08-04T21:00:00-04:00,4082.48,4102.69,4077.62,4101.46,4082.48,4102.69,4077.62,4101.46,0,0,4086.2505158790345,4080.1642471343425,4063.969319704507,0,0,
2026-08-04T22:00:00-04:00,4101.47,4135.35,4095.55,4129.26,4101.47,4135.35,4095.55,4129.26,0,0,4100.587010586023,4087.177926115151,4065.262204462834,0,0,
2026-08-04T23:00:00-04:00,4129.26,4136.59,4127.06,4128.38,4129.26,4136.59,4127.06,4128.38,0,0,4109.851340390682,4093.0639366701294,4066.5120618002034,0,0,
2026-08-05T00:00:00-04:00,4128.37,4141.44,4128.33,4135.57,4128.37,4141.44,4128.33,4135.57,0,0,4118.424226927121,4099.136231431539,4067.8795457249516,0,0,
2026-08-05T01:00:00-04:00,4135.56,4172.93,4134.76,4161.54,4135.56,4172.93,4134.76,4161.54,0,0,4132.796151284747,4108.051055512748,4069.7342081858437,0,0,
2026-08-05T02:00:00-04:00,4161.5,4178.45,4160.26,4177.58,4161.5,4178.45,4160.26,4177.58,0,0,4147.724100856498,4117.983761868069,4071.8697684197873,0,0,
2026-08-05T03:00:00-04:00,4177.59,4179.5,4162.36,4170.89,4177.59,4179.5,4162.36,4170.89,0,0,4155.446067237665,4125.541795886917,4073.830565084742,0,0,
2026-08-05T04:00:00-04:00,4170.89,4172.69,4159.04,4160.57,4170.89,4172.69,4159.04,4160.57,0,0,4157.15404482511,4130.545825045929,4075.5481776573215,0,0,
2026-08-05T05:00:00-04:00,4160.57,4167.26,4153.1,4158.04,4160.57,4167.26,4153.1,4158.04,0,0,4157.44936321674,4134.4735643250815,4077.1816790898497,0,0,
2026-08-05T06:00:00-04:00,4158.05,4161.51,4150.21,4161.44,4158.05,4161.51,4150.21,4161.44,0,0,4158.779575477826,4138.325912278641,4078.850160692031,0,0,
2026-08-05T07:00:00-04:00,4161.43,4192.65,4160.86,4188.93,4161.43,4192.65,4160.86,4188.93,0,0,4168.829716985218,4145.555067667407,4081.0299594902085,0,0,
2026-08-05T08:00:00-04:00,4188.94,4213.48,4183.26,4184,4188.94,4213.48,4183.26,4184,0,0,4173.886477990145,4151.047200857777,4083.0689701933725,0,0,
2026-08-05T09:00:00-04:00,4183.99,4206.8,4183.81,4206.12,4183.99,4206.8,4183.81,4206.12,0,0,4184.630985326763,4158.914743592381,4085.505624248949,0,0,
2026-08-05T10:00:00-04:00,4206.09,4247.6,4203.76,4244.21,4206.09,4247.6,4203.76,4244.21,0,0,4204.490656884509,4171.099780222041,4088.6482851549104,0,0,
2026-08-05T11:00:00-04:00,4244.22,4265.15,4232.36,4232.78,4244.22,4265.15,4232.36,4232.78,0,0,4213.920437923006,4179.91124019032,4091.5023785181793,0,0,
2026-08-05T12:00:00-04:00,4232.81,4247.42,4224.79,4242.34,4232.81,4247.42,4224.79,4242.34,0,0,4223.393625282004,4188.829634448846,4094.489262111879,0,0,
2026-08-05T13:00:00-04:00,4242.35,4252.5,4236.9,4250.29,4242.35,4252.5,4236.9,4250.29,0,0,4232.359083521336,4197.609686670439,4097.5744252383765,0,0,
2026-08-05T14:00:00-04:00,4250.29,4267.73,4249.33,4260.95,4250.29,4267.73,4249.33,4260.95,0,0,4241.889389014224,4206.658302860376,4100.809585134646,0,0,
2026-08-05T15:00:00-04:00,4260.96,4262.19,4246.42,4247.27,4260.96,4262.19,4246.42,4247.27,0,0,4243.682926009483,4212.459973880323,4103.709791369603,0,0,
2026-08-05T16:00:00-04:00,4247.23,4249.67,4243.05,4246.25,4247.23,4249.67,4243.05,4246.25,0,0,4244.5386173396555,4217.287120468848,4106.532369758324,0,0,
2026-08-05T18:00:00-04:00,4248.82,4253.94,4245.75,4250.05,4248.82,4253.94,4245.75,4250.05,0,0,4246.375744893104,4221.967531830442,4109.374303030437,0,0,
2026-08-05T19:00:00-04:00,4250.05,4281.93,4249.13,4278.18,4250.05,4281.93,4249.13,4278.18,0,0,4256.97716326207,4229.997884426093,4112.716990099141,0,0,
2026-08-05T20:00:00-04:00,4278.22,4300.38,4264.55,4294.82,4278.22,4300.38,4264.55,4294.82,0,0,4269.591442174713,4239.258186650937,4116.322990295198,0,0,
2026-08-05T21:00:00-04:00,4294.8,4302.75,4273.01,4286.59,4294.8,4302.75,4273.01,4286.59,0,0,4275.257628116476,4246.019874272232,4119.694614249748,0,0,
2026-08-05T22:00:00-04:00,4286.52,4304.13,4274.99,4278.6,4286.52,4304.13,4274.99,4278.6,0,0,4276.371752077651,4250.674177947628,4122.841255551733,0,0,
2026-08-05T23:00:00-04:00,4278.6,4280.97,4260.64,4265.7,4278.6,4280.97,4260.64,4265.7,0,0,4272.814501385101,4252.820723955109,4125.670141580412,0,0,
2026-08-06T00:00:00-04:00,4265.74,4267.21,4253.04,4262.25,4265.74,4267.21,4253.04,4262.25,0,0,4269.2930009234005,4254.167763390094,4128.374693232285,0,0,
2026-08-06T01:00:00-04:00,4262.23,4268.51,4247.29,4267.24,4262.23,4268.51,4247.29,4267.24,0,0,4268.608667282267,4256.035225762937,4131.124501287091,0,0,
2026-08-06T02:00:00-04:00,4267.25,4268.56,4249.39,4256.12,4267.25,4268.56,4249.39,4256.12,0,0,4264.445778188177,4256.047336368232,4133.599659677446,0,0,
2026-08-06T03:00:00-04:00,4256.11,4265.41,4252.64,4262.74,4256.11,4265.41,4252.64,4262.74,0,0,4263.877185458785,4257.00343117277,4136.156894139279,0,0,
2026-08-06T04:00:00-04:00,4262.74,4278.86,4260.29,4278.29,4262.74,4278.86,4260.29,4278.29,0,0,4268.681456972523,4260.044369576661,4138.971411087016,0,0,
2026-08-06T05:00:00-04:00,4278.29,4284.79,4271.4,4273.1,4278.29,4284.79,4271.4,4273.1,0,0,4270.154304648348,4261.909459637138,4141.627422748659,0,0,
2026-08-06T06:00:00-04:00,4273.1,4273.71,4264.68,4270.87,4273.1,4273.71,4264.68,4270.87,0,0,4270.392869765566,4263.189536831833,4144.186681704131,0,0,
2026-08-06T07:00:00-04:00,4270.84,4273.4,4254.24,4263.35,4270.84,4273.4,4254.24,4263.35,0,0,4268.045246510377,4263.212460141571,4146.546351373356,0,0,
2026-08-06T08:00:00-04:00,4263.38,4270.79,4249.19,4250.27,4263.38,4270.79,4249.19,4250.27,0,0,4262.120164340252,4261.363537264204,4148.6002850095265,0,0,
2026-08-06T09:00:00-04:00,4250.24,4274.29,4230.78,4267.13,4250.24,4274.29,4230.78,4267.13,0,0,4263.790109560168,4262.187317655032,4150.947408078645,0,0,
2026-08-06T10:00:00-04:00,4267.13,4275.31,4260.23,4273.03,4267.13,4275.31,4260.23,4273.03,0,0,4266.870073040112,4263.736272275742,4153.364885146395,0,0,
2026-08-06T11:00:00-04:00,4273.05,4274.37,4229.39,4233.69,4273.05,4274.37,4229.39,4233.69,0,1,4255.810048693408,4259.443947664921,4154.9554814801295,0,0,
2026-08-06T12:00:00-04:00,4233.83,4243.03,4223.45,4241.39,4233.83,4243.03,4223.45,4241.39,0,0,4251.0033657956055,4256.864812284219,4156.667056104286,0,0,
2026-08-06T13:00:00-04:00,4241.41,4248.13,4238.56,4247.22,4241.41,4248.13,4238.56,4247.22,0,0,4249.742243863737,4255.486981957902,4158.460183706181,0,0,
2026-08-06T14:00:00-04:00,4247.23,4249.67,4240.75,4243.48,4247.23,4249.67,4240.75,4243.48,0,0,4247.654829242491,4253.771698821059,4160.14374442487,0,0,
2026-08-06T15:00:00-04:00,4243.48,4251.31,4233.09,4248.96,4243.48,4251.31,4233.09,4248.96,0,0,4248.089886161661,4253.084313275193,4161.902482159031,0,0,
2026-08-06T16:00:00-04:00,4248.96,4250.23,4234.75,4240.29,4248.96,4250.23,4234.75,4240.29,0,0,4245.489924107774,4251.25655423588,4163.45471023509,0,0,
2026-08-06T18:00:00-04:00,4244.66,4244.7,4235.85,4240.83,4244.66,4244.7,4235.85,4240.83,0,0,4243.936616071849,4249.767046487897,4164.986894190831,0,0,
2026-08-06T19:00:00-04:00,4240.76,4253.27,4240.34,4252.38,4240.76,4253.27,4240.34,4252.38,0,0,4246.751077381233,4250.140325561054,4166.7174507415075,0,0,
2026-08-06T20:00:00-04:00,4252.39,4253,4229.75,4232.88,4252.39,4253,4229.75,4232.88,0,0,4242.127384920822,4247.674564766618,4168.027600231775,0,0,
2026-08-06T21:00:00-04:00,4232.81,4259.37,4231.75,4256.83,4232.81,4259.37,4231.75,4256.83,0,0,4247.028256613881,4248.982484085672,4169.786063593522,0,0,
2026-08-06T22:00:00-04:00,4256.83,4261.7,4247.18,4250.36,4256.83,4261.7,4247.18,4250.36,0,0,4248.138837742587,4249.179272073433,4171.38158708672,0,0,
2026-08-06T23:00:00-04:00,4250.37,4266.35,4249.65,4266.11,4250.37,4266.35,4249.65,4266.11,0,0,4254.129225161725,4251.597947491514,4173.257397243418,0,0,
2026-08-07T00:00:00-04:00,4266.11,4269.14,4260.78,4265,4266.11,4269.14,4260.78,4265,1,0,4257.752816774483,4253.5125264212975,4175.074082446519,0,0,
2026-08-07T01:00:00-04:00,4265,4280.56,4261.96,4278.68,4265,4280.56,4261.96,4278.68,0,0,4264.7285445163225,4257.1078797896835,4177.125684774311,0,0,
2026-08-07T02:00:00-04:00,4278.68,4298.79,4278.5,4297.32,4278.68,4298.79,4278.5,4297.32,0,0,4275.592363010882,4262.852468391157,4179.505770224324,0,0,
2026-08-07T03:00:00-04:00,4297.28,4297.8,4282.96,4290.13,4297.28,4297.8,4282.96,4290.13,0,0,4280.438242007254,4266.749258620992,4181.696349031763,0,0,
2026-08-07T04:00:00-04:00,4290.12,4316.72,4289.14,4306.13,4290.12,4316.72,4289.14,4306.13,0,0,4289.00216133817,4272.375078817993,4184.160381724203,0,0,
2026-08-07T05:00:00-04:00,4306.13,4320.86,4302.27,4316.13,4306.13,4320.86,4302.27,4316.13,0,0,4298.044774225446,4278.625781843994,4186.773641492041,0,0,
2026-08-07T06:00:00-04:00,4316.14,4320.77,4308.15,4316.93,4316.14,4320.77,4308.15,4316.93,0,0,4304.339849483631,4284.097813009138,4189.350995125862,0,0,
2026-08-07T07:00:00-04:00,4316.92,4327.72,4316.89,4321.3,4316.92,4327.72,4316.89,4321.3,0,0,4309.993232989087,4289.41241115069,4191.963846707528,0,0,
2026-08-07T08:00:00-04:00,4321.31,4371.85,4301.83,4361.44,4321.31,4371.85,4301.83,4361.44,0,0,4327.142155326058,4299.702066700591,4195.319810139063,0,0,
2026-08-07T09:00:00-04:00,4361.45,4368.01,4339.17,4348.23,4361.45,4368.01,4339.17,4348.23,0,0,4334.1714368840385,4306.634628600506,4198.347734690764,0,0,
2026-08-07T10:00:00-04:00,4348.23,4352.86,4327.49,4341.52,4348.23,4352.86,4327.49,4341.52,0,0,4336.6209579226925,4311.618253086149,4201.182829053323,0,0,
2026-08-07T11:00:00-04:00,4341.5,4358.46,4339.85,4340.99,4341.5,4358.46,4339.85,4340.99,0,0,4338.077305281795,4315.814216930985,4203.9512878839505,0,0,
2026-08-07T12:00:00-04:00,4341.17,4349.56,4329.21,4329.22,4341.17,4349.56,4329.21,4329.22,0,0,4335.124870187863,4317.729328797987,4206.431856440704,0,0,
2026-08-07T13:00:00-04:00,4329.26,4343.07,4327.87,4340.27,4329.26,4343.07,4327.87,4340.27,0,0,4336.839913458575,4320.9494246839895,4209.082116709205,0,0,
2026-08-07T14:00:00-04:00,4340.29,4343.02,4332.21,4335.43,4340.29,4343.02,4332.21,4335.43,0,0,4336.369942305717,4323.018078300563,4211.584054992191,0,0,
2026-08-07T15:00:00-04:00,4335.43,4350.41,4335.43,4344.02,4335.43,4350.41,4335.43,4344.02,0,0,4338.919961537144,4326.018352829054,4214.206548952742,0,0,
2026-08-07T16:00:00-04:00,4343.99,4345.29,4336.01,4341.34,4343.99,4345.29,4336.01,4341.34,0,0,4339.726641024763,4328.20715956776,4216.724043032886,0,0,
2026-08-09T18:00:00-04:00,4342.15,4352.46,4333.14,4341.67,4342.15,4352.46,4333.14,4341.67,0,0,4340.374427349842,4330.130422486652,4219.198220398571,0,0,
2026-08-09T19:00:00-04:00,4341.69,4349.09,4332.19,4332.91,4341.69,4349.09,4332.19,4332.91,0,0,4337.886284899895,4330.527504988559,4221.44993880652,0,0,
2026-08-09T20:00:00-04:00,4332.7,4347.19,4330.81,4332.31,4332.7,4347.19,4330.81,4332.31,0,0,4336.027523266597,4330.78214713305,4223.645187543024,0,0,
2026-08-09T21:00:00-04:00,4332.23,4340.77,4313.47,4322.59,4332.23,4340.77,4313.47,4322.59,0,0,4331.548348844398,4329.611840399757,4225.6044907599935,0,0,
2026-08-09T22:00:00-04:00,4322.57,4332.49,4318.82,4319.69,4322.57,4332.49,4318.82,4319.69,0,0,4327.595565896265,4328.1944346283635,4227.467570150885,0,0,
2026-08-09T23:00:00-04:00,4319.68,4329.97,4317.76,4326.72,4319.68,4329.97,4317.76,4326.72,0,0,4327.30371059751,4327.9838011100255,4229.432964801363,0,0,
2026-08-10T00:00:00-04:00,4326.71,4339.59,4323.09,4339.49,4326.71,4339.59,4323.09,4339.49,0,0,4331.365807065006,4329.627543808593,4231.6123120330185,0,0,
2026-08-10T01:00:00-04:00,4339.5,4352.19,4331.75,4347.37,4339.5,4352.19,4331.75,4347.37,0,0,4336.7005380433375,4332.162180407366,4233.904543477909,0,0,
2026-08-10T02:00:00-04:00,4347.34,4359.77,4341.96,4358.17,4347.34,4359.77,4341.96,4358.17,0,0,4343.857025362225,4335.877583206314,4236.365245587257,0,0,
2026-08-10T03:00:00-04:00,4358.16,4362.04,4350.13,4355.48,4358.16,4362.04,4350.13,4355.48,0,0,4347.731350241483,4338.6779284625545,4238.72395359543,0,0,
2026-08-10T04:00:00-04:00,4355.5,4356.67,4343.92,4346.65,4355.5,4356.67,4343.92,4346.65,0,0,4347.370900160989,4339.816795825047,4240.861103029184,0,0,
2026-08-10T05:00:00-04:00,4346.65,4350.04,4340.63,4341.27,4346.65,4350.04,4340.63,4341.27,0,0,4345.337266773992,4340.024396421469,4242.849398018705,0,0,
2026-08-10T06:00:00-04:00,4341.23,4344.16,4335.54,4335.81,4341.23,4344.16,4335.54,4335.81,0,0,4342.161511182661,4339.42233978983,4244.690202018334,0,0,
2026-08-10T07:00:00-04:00,4335.82,4339.41,4328.97,4335.07,4335.82,4339.41,4328.97,4335.07,0,0,4339.797674121774,4338.800576962712,4246.479900988268,0,0,
2026-08-10T08:00:00-04:00,4335.07,4337.45,4324.23,4332.57,4335.07,4337.45,4324.23,4332.57,0,0,4337.388449414516,4337.910494539467,4248.184655424144,0,0,
2026-08-10T09:00:00-04:00,4332.47,4339.96,4316.76,4317.93,4332.47,4339.96,4316.76,4317.93,0,1,4330.902299609677,4335.0561381766865,4249.565751356339,0,0,
2026-08-10T10:00:00-04:00,4317.92,4351.96,4317.92,4345.49,4317.92,4351.96,4317.92,4345.49,1,0,4335.764866406452,4336.546689865731,4251.465241428491,0,0,
2026-08-10T11:00:00-04:00,4345.5,4359.58,4343.4,4358.52,4345.5,4359.58,4343.4,4358.52,0,0,4343.349910937634,4339.685734170627,4253.585137637828,1,0,
2026-08-10T12:00:00-04:00,4358.52,4364.77,4350.51,4356.86,4358.52,4364.77,4350.51,4356.86,0,0,4347.8532739584225,4342.13920071768,4255.630184417277,0,0,
2026-08-10T13:00:00-04:00,4356.92,4365.46,4351.85,4360.25,4356.92,4365.46,4351.85,4360.25,0,0,4351.985515972282,4344.726457758012,4257.701863933767,0,0,
2026-08-10T14:00:00-04:00,4360.25,4382.99,4359.97,4378.62,4360.25,4382.99,4359.97,4378.62,0,0,4360.863677314855,4349.56839236401,4260.096282469732,0,0,
2026-08-10T15:00:00-04:00,4378.58,4395.23,4378.58,4388.42,4378.58,4395.23,4378.58,4388.42,0,0,4370.049118209903,4355.118622026294,4262.637346183203,0,0,
2026-08-10T16:00:00-04:00,4388.4,4392.05,4385.92,4389.18,4388.4,4392.05,4385.92,4389.18,0,0,4376.426078806602,4359.984533165395,4265.143141308287,0,0,
2026-08-10T18:00:00-04:00,4391.37,4400.79,4388.07,4399.83,4391.37,4400.79,4388.07,4399.83,0,0,4384.227385871068,4365.676742713195,4267.810207817034,0,0,
2026-08-10T19:00:00-04:00,4399.83,4402.6,4394.75,4402.37,4399.83,4402.6,4394.75,4402.37,0,0,4390.274923914045,4370.91863661131,4270.474758157291,0,0,
2026-08-10T20:00:00-04:00,4402.41,4419.29,4396.51,4409.47,4402.41,4419.29,4396.51,4409.47,0,0,4396.673282609363,4376.425974238266,4273.227139183879,0,0,
2026-08-10T21:00:00-04:00,4409.46,4434.06,4393.78,4429.74,4409.46,4434.06,4393.78,4429.74,0,0,4407.695521739575,4384.042263632799,4276.326403754496,0,0,
2026-08-10T22:00:00-04:00,4429.71,4435.16,4408.06,4410.94,4429.71,4435.16,4408.06,4410.94,0,0,4408.77701449305,4387.884797399543,4278.992019521734,0,0,
2026-08-10T23:00:00-04:00,4410.93,4421.59,4409.86,4416.84,4410.93,4421.59,4409.86,4416.84,0,0,4411.4646763287,4392.021254913893,4281.721682501501,0,0,
2026-08-11T00:00:00-04:00,4416.85,4420.33,4403.45,4408.92,4416.85,4420.33,4403.45,4408.92,0,0,4410.6164508858,4394.4353613547655,4284.240461065828,0,0,
2026-08-11T01:00:00-04:00,4408.92,4409.04,4367.55,4375.35,4408.92,4409.04,4367.55,4375.35,0,0,4398.8609672572,4391.7088811612275,4286.044610351653,0,0,
2026-08-11T02:00:00-04:00,4375.42,4382.5,4359.89,4366.35,4375.42,4382.5,4359.89,4366.35,0,0,4388.023978171467,4388.086183852481,4287.634816087264,0,0,
2026-08-11T03:00:00-04:00,4366.28,4367.73,4356.77,4357.8,4366.28,4367.73,4356.77,4357.8,0,1,4377.9493187809785,4383.759586159269,4289.024225669695,0,0,
2026-08-11T04:00:00-04:00,4357.65,4376.64,4357.04,4369.13,4357.65,4376.64,4357.04,4369.13,1,0,4375.009545853985,4381.669645279373,4290.610478626731,0,0,
2026-08-11T05:00:00-04:00,4369.13,4375.53,4367.59,4372.44,4369.13,4375.53,4367.59,4372.44,0,0,4374.153030569323,4380.351124525177,4292.230865188578,0,0,
2026-08-11T06:00:00-04:00,4372.43,4382.56,4371.23,4382.4,4372.43,4382.56,4371.23,4382.4,0,0,4376.902020379549,4380.64382102158,4294.016392610586,0,0,
2026-08-11T07:00:00-04:00,4382.41,4392.98,4380.43,4387.77,4382.41,4392.98,4380.43,4387.77,0,0,4380.524680253033,4381.6618465899255,4295.872899687604,0,0,
2026-08-11T08:00:00-04:00,4387.78,4400.12,4383.97,4392.53,4387.78,4400.12,4383.97,4392.53,0,0,4384.5264535020215,4383.214439934221,4297.786901673989,1,0,
2026-08-11T09:00:00-04:00,4392.53,4404.25,4384.56,4389.26,4392.53,4404.25,4384.56,4389.26,0,0,4386.104302334681,4384.07809137219,4299.598250155692,0,0,
2026-08-11T10:00:00-04:00,4389.3,4398.02,4381.33,4394.15,4389.3,4398.02,4381.33,4394.15,0,0,4388.786201556454,4385.516935461877,4301.470562033797,0,0,
2026-08-11T11:00:00-04:00,4394.15,4398.87,4369.17,4383.87,4394.15,4398.87,4369.17,4383.87,0,0,4387.1474677043025,4385.281658967324,4303.102234072732,0,0,
2026-08-11T12:00:00-04:00,4383.86,4385.84,4378.47,4383.45,4383.86,4385.84,4378.47,4383.45,0,0,4385.914978469535,4385.019993400563,4304.693278942579,0,0,
2026-08-11T13:00:00-04:00,4383.47,4385.77,4369.01,4369.21,4383.47,4385.77,4369.01,4369.21,0,0,4380.346652313023,4382.761422914768,4305.9708377754,0,0,
2026-08-11T14:00:00-04:00,4369.18,4372.7,4360.34,4371.56,4369.18,4372.7,4360.34,4371.56,0,1,4377.417768208682,4381.16121964123,4307.269633066976,0,0,
2026-08-11T15:00:00-04:00,4371.54,4374.21,4361.28,4370.75,4371.54,4374.21,4361.28,4370.75,0,0,4375.195178805788,4379.673902549625,4308.526670035947,0,0,
2026-08-11T16:00:00-04:00,4370.77,4371.13,4367.15,4367.93,4370.77,4371.13,4367.15,4367.93,0,0,4372.773452537192,4377.9962021853935,4309.702973599592,0,0,
2026-08-11T18:00:00-04:00,4371.72,4378.44,4367.33,4369.13,4371.72,4378.44,4367.33,4369.13,1,0,4371.5589683581275,4376.729601873194,4310.8797463996,0,0,
2026-08-11T19:00:00-04:00,4369.13,4374.56,4362.44,4371.57,4369.13,4374.56,4362.44,4371.57,0,1,4371.562645572085,4375.992515891309,4312.081533599608,0,0,
2026-08-11T20:00:00-04:00,4371.57,4383.71,4366.55,4380.57,4371.57,4383.71,4366.55,4380.57,1,0,4374.5650970480565,4376.646442192551,4313.437740855061,0,0,
2026-08-11T21:00:00-04:00,4380.62,4397.44,4378.43,4396.49,4380.62,4397.44,4378.43,4396.49,0,0,4381.873398032038,4379.481236165044,4315.0823400460495,0,0,
2026-08-11T22:00:00-04:00,4396.48,4414.47,4394.27,4411.4,4396.48,4414.47,4394.27,4411.4,0,0,4391.715598688025,4384.041059570038,4316.989620441177,0,0,
2026-08-11T23:00:00-04:00,4411.35,4416.12,4400.9,4402.35,4411.35,4416.12,4400.9,4402.35,0,0,4395.26039912535,4386.656622488604,4318.679924986896,0,0,
2026-08-12T00:00:00-04:00,4402.34,4403.29,4395.44,4401.06,4402.34,4403.29,4395.44,4401.06,0,0,4397.1935994169,4388.714247847374,4320.311213601017,0,0,
2026-08-12T01:00:00-04:00,4401.05,4404.82,4384.04,4391.2,4401.05,4404.82,4384.04,4391.2,0,0,4395.1957329445995,4389.069355297749,4321.714951945552,0,0,
2026-08-12T02:00:00-04:00,4391.09,4406.35,4385.23,4403.46,4391.09,4406.35,4385.23,4403.46,0,0,4397.950488629733,4391.125161683785,4323.333665768412,0,0,
2026-08-12T03:00:00-04:00,4403.45,4410.05,4398.22,4406.32,4403.45,4410.05,4398.22,4406.32,0,0,4400.740325753155,4393.295852871816,4324.976959515572,0,0,
2026-08-12T04:00:00-04:00,4406.27,4410.51,4401.74,4401.78,4406.27,4410.51,4401.74,4401.78,0,0,4401.086883835436,4394.507873890128,4326.497811802393,0,0,
2026-08-12T05:00:00-04:00,4401.79,4424.15,4401.79,4415.87,4401.79,4424.15,4401.79,4415.87,0,0,4406.014589223624,4397.5596061915385,4328.267558103335,0,0,
2026-08-12T06:00:00-04:00,4415.88,4420.98,4407.65,4412.76,4415.88,4420.98,4407.65,4412.76,0,0,4408.263059482416,4399.731091021319,4329.940675764656,0,0,
2026-08-12T07:00:00-04:00,4412.77,4416.77,4407.92,4412.78,4412.77,4416.77,4407.92,4412.78,0,0,4409.768706321611,4401.595220875416,4331.581058422781,0,0,
2026-08-12T08:00:00-04:00,4412.82,4438.19,4383.28,4437.48,4412.82,4438.19,4383.28,4437.48,0,1,4419.005804214407,4406.721617893214,4333.678067166885,0,0,
2026-08-12T09:00:00-04:00,4437.45,4441.21,4408.55,4427.65,4437.45,4441.21,4408.55,4427.65,1,0,4421.887202809605,4409.711386765612,4335.538897520016,0,0,
2026-08-12T10:00:00-04:00,4427.64,4439.78,4416.42,4422.04,4427.64,4439.78,4416.42,4422.04,0,0,4421.938135206403,4411.472617227667,4337.251790638431,0,0,
2026-08-12T11:00:00-04:00,4422.07,4430.1,4411.1,4421.08,4422.07,4430.1,4411.1,4421.08,0,1,4421.652090137602,4412.845100480858,4338.911755180245,0,0,
2026-08-12T12:00:00-04:00,4421.05,4426.52,4396.72,4401.69,4421.05,4426.52,4396.72,4401.69,0,0,4414.998060091734,4411.251514697878,4340.154888741032,0,0,
2026-08-12T13:00:00-04:00,4401.69,4411.53,4399.05,4399.41,4401.69,4411.53,4399.05,4399.41,0,0,4409.802040061156,4409.559869741038,4341.328257280813,0,0,
2026-08-12T14:00:00-04:00,4399.39,4417.95,4396.34,4413.1,4399.39,4417.95,4396.34,4413.1,0,0,4410.901360040771,4410.065602635175,4342.749479908915,0,0,
2026-08-12T15:00:00-04:00,4413.1,4418.38,4408.29,4413.88,4413.1,4418.38,4408.29,4413.88,0,0,4411.894240027181,4410.610516544436,4344.158005059234,0,0,
2026-08-12T16:00:00-04:00,4413.84,4414.2,4406.67,4408.87,4413.84,4414.2,4406.67,4408.87,0,0,4410.886160018121,4410.361871323802,4345.4394307016255,0,0,
2026-08-12T18:00:00-04:00,4410.7,4411.58,4398.32,4402.29,4410.7,4411.58,4398.32,4402.29,0,0,4408.0207733454135,4409.2087468489735,4346.565184549118,0,0,
2026-08-12T19:00:00-04:00,4402.04,4414.48,4401.56,4414.46,4402.04,4414.48,4401.56,4414.46,0,0,4410.167182230276,4409.958925870549,4347.909636340225,1,0,
2026-08-12T20:00:00-04:00,4414.46,4449.78,4413.05,4427.87,4414.46,4449.78,4413.05,4427.87,1,0,4416.068121486851,4412.517650746185,4349.493009878042,0,0,
2026-08-12T21:00:00-04:00,4427.74,4435.4,4406.26,4408.48,4427.74,4435.4,4406.26,4408.48,0,0,4413.538747657901,4411.94084349673,4350.661069088378,0,0,
2026-08-12T22:00:00-04:00,4408.49,4414.07,4399,4407.14,4408.49,4414.07,4399,4407.14,0,0,4411.405831771934,4411.255008711483,4351.779463759895,0,0,
2026-08-12T23:00:00-04:00,4407.09,4412.23,4398.76,4400.29,4407.09,4412.23,4398.76,4400.29,0,0,4407.700554514622,4409.688578895557,4352.740068437917,0,0,
2026-08-13T00:00:00-04:00,4400.27,4400.38,4391.72,4397.82,4400.27,4400.38,4391.72,4397.82,0,1,4404.407036343081,4407.993067624763,4353.632740350037,0,0,
2026-08-13T01:00:00-04:00,4397.81,4407.28,4380.61,4383.12,4397.81,4407.28,4380.61,4383.12,0,0,4397.311357562054,4404.439772249797,4354.21664648172,0,0,
2026-08-13T02:00:00-04:00,4383.11,4385.61,4368.96,4380.97,4383.11,4385.61,4368.96,4380.97,0,0,4391.864238374703,4401.086947642683,4354.74641585832,0,0,
2026-08-13T03:00:00-04:00,4380.97,4381.73,4369.34,4369.95,4380.97,4381.73,4369.34,4369.95,0,0,4384.559492249802,4396.638812265157,4355.047476930432,0,0,
2026-08-13T04:00:00-04:00,4369.95,4379.31,4364.11,4375.92,4369.95,4379.31,4364.11,4375.92,0,0,4381.679661499868,4393.6789819415635,4355.460794218939,0,0,
2026-08-13T05:00:00-04:00,4375.92,4384.88,4372.53,4384.57,4375.92,4384.88,4372.53,4384.57,0,0,4382.6431076665785,4392.377698807054,4356.0372141353955,0,0,
2026-08-13T06:00:00-04:00,4384.62,4393.83,4381.51,4392.17,4384.62,4393.83,4381.51,4392.17,0,0,4385.818738444385,4392.348027548904,4356.752714845586,0,0,
2026-08-13T07:00:00-04:00,4392.18,4396.63,4382.91,4387.7,4392.18,4396.63,4382.91,4387.7,0,0,4386.44582562959,4391.684023613346,4357.365532373396,0,0,
2026-08-13T08:00:00-04:00,4387.75,4401.94,4380.79,4401.87,4387.75,4401.94,4380.79,4401.87,1,0,4391.587217086393,4393.139163097154,4358.246808960061,0,0,
2026-08-13T09:00:00-04:00,4401.87,4402.01,4370.85,4372.85,4401.87,4402.01,4370.85,4372.85,0,1,4385.341478057596,4390.240711226132,4358.535981059861,0,0,
2026-08-13T10:00:00-04:00,4372.86,4387.01,4357.73,4383.75,4372.86,4387.01,4357.73,4383.75,0,0,4384.810985371731,4389.313466765256,4359.035268563626,0,0,
2026-08-13T11:00:00-04:00,4383.71,4385.65,4357.67,4365.16,4383.71,4385.65,4357.67,4365.16,0,0,4378.260656914487,4385.862971513076,4359.156550374248,0,0,
2026-08-13T12:00:00-04:00,4365.15,4368.45,4351.3,4367.04,4365.15,4368.45,4351.3,4367.04,0,0,4374.5204379429915,4383.173975582637,4359.312658287629,0,0,
2026-08-13T13:00:00-04:00,4367.14,4373.34,4355.71,4355.99,4367.14,4373.34,4355.71,4355.99,0,0,4368.343625295328,4379.290550499402,4359.246863074013,0,0,
2026-08-13T14:00:00-04:00,4355.97,4363.63,4354.73,4357.03,4355.97,4363.63,4354.73,4357.03,0,0,4364.572416863552,4376.11047185663,4359.2029647953195,0,0,
2026-08-13T15:00:00-04:00,4357.02,4358.95,4343.78,4350.18,4357.02,4358.95,4343.78,4350.18,0,0,4359.774944575701,4372.406118734255,4359.0242922251155,0,0,
2026-08-13T16:00:00-04:00,4350.17,4352.28,4346.92,4350.47,4350.17,4352.28,4346.92,4350.47,0,0,4356.6732963838,4369.272387486504,4358.854900299865,0,0,
2026-08-13T18:00:00-04:00,4353.36,4362.83,4352.03,4354.89,4353.36,4362.83,4352.03,4354.89,0,0,4356.078864255867,4367.217760702718,4358.77638742264,0,0,
2026-08-13T19:00:00-04:00,4354.9,4364.19,4349.24,4356.57,4354.9,4364.19,4349.24,4356.57,0,0,4356.242576170578,4365.696652030901,4358.732696582588,0,0,
2026-08-13T20:00:00-04:00,4356.49,4362.06,4329.44,4341.04,4356.49,4362.06,4329.44,4341.04,0,0,4351.175050780385,4362.174273169343,4358.38234615521,0,0,
2026-08-13T21:00:00-04:00,4341.04,4341.51,4312.37,4318.23,4341.04,4341.51,4312.37,4318.23,0,0,4340.193367186924,4355.896519859437,4357.587250191741,0,0,
2026-08-13T22:00:00-04:00,4318.24,4322.81,4311.07,4315.7,4318.24,4322.81,4311.07,4315.7,0,0,4332.028911457949,4350.1541598795175,4356.757799692895,0,0,
2026-08-13T23:00:00-04:00,4315.67,4328.19,4313.8,4323.6,4315.67,4328.19,4313.8,4323.6,0,0,4329.219274305299,4346.360708468158,4356.101209599966,0,0,
2026-08-14T00:00:00-04:00,4323.6,4327.99,4322.81,4326.92,4323.6,4327.99,4322.81,4326.92,0,0,4328.452849536866,4343.583464401278,4355.523363865313,0,0,
2026-08-14T01:00:00-04:00,4326.9,4333.66,4311.11,4333.65,4326.9,4333.66,4311.11,4333.65,0,0,4330.185233024577,4342.1643980582385,4355.0902279471875,0,0,
2026-08-14T02:00:00-04:00,4333.63,4336.66,4328.03,4335.65,4333.63,4336.66,4328.03,4335.65,0,0,4332.006822016385,4341.233769764204,4354.705272938332,0,0,
2026-08-14T03:00:00-04:00,4335.63,4345.27,4329.74,4343.73,4335.63,4345.27,4329.74,4343.73,0,0,4335.914548010923,4341.590374083604,4354.487940800939,0,0,
2026-08-14T04:00:00-04:00,4343.72,4349.75,4341.98,4348.7,4343.72,4349.75,4341.98,4348.7,0,0,4340.176365340615,4342.606034928804,4354.373328111812,0,0,
2026-08-14T05:00:00-04:00,4348.7,4357.49,4346.09,4357.22,4348.7,4357.49,4346.09,4357.22,0,0,4345.8575768937435,4344.693744224689,4354.4296978521725,0,0,
2026-08-14T06:00:00-04:00,4357.2,4358.73,4348.32,4349.41,4357.2,4358.73,4348.32,4349.41,0,0,4347.041717929163,4345.367495049733,4354.330297894704,0,0,
2026-08-14T07:00:00-04:00,4349.4,4369.44,4348.6,4369.28,4349.4,4369.44,4348.6,4369.28,1,0,4354.454478619442,4348.7835671854855,4354.626331599759,0,0,
2026-08-14T08:00:00-04:00,4369.29,4386.92,4366.35,4373.67,4369.29,4386.92,4366.35,4373.67,0,0,4360.859652412962,4352.338771873273,4355.003433944318,0,0,
2026-08-14T09:00:00-04:00,4373.68,4397.02,4370.29,4384.38,4373.68,4397.02,4370.29,4384.38,0,0,4368.699768275308,4356.916090177091,4355.585148123639,0,0,
2026-08-14T10:00:00-04:00,4384.5,4394.67,4378.89,4381.48,4384.5,4394.67,4378.89,4381.48,0,0,4372.959845516872,4360.425220151792,4356.097917467725,0,0,
2026-08-14T11:00:00-04:00,4381.46,4394.74,4379.18,4391.6,4381.46,4394.74,4379.18,4391.6,0,0,4379.1732303445815,4364.878760130107,4356.800929003018,0,0,
2026-08-14T12:00:00-04:00,4391.65,4396.71,4380.29,4385.95,4391.65,4396.71,4380.29,4385.95,0,0,4381.432153563054,4367.888937254378,4357.378138329691,0,0,
2026-08-14T13:00:00-04:00,4385.94,4386.49,4376.37,4378.48,4385.94,4386.49,4376.37,4378.48,0,0,4380.44810237537,4369.401946218039,4357.795996976628,0,0,
2026-08-14T14:00:00-04:00,4378.52,4382.76,4370.97,4373.54,4378.52,4382.76,4370.97,4373.54,0,0,4378.14540158358,4369.993096758319,4358.107759412735,0,0,
2026-08-14T15:00:00-04:00,4373.54,4379.94,4372.24,4376.17,4373.54,4379.94,4372.24,4376.17,0,0,4377.486934389053,4370.87551150713,4358.465427543176,0,0,
2026-08-14T16:00:00-04:00,4376.16,4376.94,4371.51,4375.67,4376.16,4376.94,4371.51,4375.67,0,0,4376.881289592702,4371.5604384346825,4358.8061121462815,0,0,
2026-08-16T18:00:00-04:00,4386.33,4386.85,4372.34,4385.98,4386.33,4386.85,4372.34,4385.98,0,0,4379.914193061802,4373.620375801156,4359.344208935464,0,0,
2026-08-16T19:00:00-04:00,4385.97,4386.29,4367.28,4370.35,4385.97,4386.29,4367.28,4370.35,0,0,4376.726128707868,4373.153179258134,4359.562145392188,0,0,
2026-08-16T20:00:00-04:00,4370.34,4402.11,4368.26,4400.91,4370.34,4402.11,4368.26,4400.91,0,0,4384.787419138579,4377.118439364114,4360.380914790362,0,0,
2026-08-16T21:00:00-04:00,4400.85,4416.51,4392.13,4395.7,4400.85,4416.51,4392.13,4395.7,0,0,4388.424946092386,4379.772948026383,4361.080302616296,0,0,
2026-08-16T22:00:00-04:00,4395.72,4398.27,4388.41,4393.22,4395.72,4398.27,4388.41,4393.22,0,0,4390.023297394924,4381.6939554511855,4361.716732267459,0,0,
2026-08-16T23:00:00-04:00,4393.23,4397.7,4388.15,4397.11,4393.23,4397.7,4388.15,4397.11,0,0,4392.385531596616,4383.8962475295875,4362.417589054242,0,0,
2026-08-17T00:00:00-04:00,4397.11,4399.57,4389.04,4390.8,4397.11,4399.57,4389.04,4390.8,0,0,4391.85702106441,4384.882497882503,4362.979616993762,0,0,
2026-08-17T01:00:00-04:00,4390.8,4401.25,4387.01,4394.83,4390.8,4401.25,4387.01,4394.83,0,0,4392.84801404294,4386.303569613574,4363.610317647351,0,0,
2026-08-17T02:00:00-04:00,4394.82,4404.53,4392.79,4403.09,4394.82,4404.53,4392.79,4403.09,0,0,4396.26200936196,4388.7016310973495,4364.392093535522,0,0,
2026-08-17T03:00:00-04:00,4403.1,4411.41,4396.08,4405.3,4403.1,4411.41,4396.08,4405.3,0,0,4399.274672907974,4391.072826654871,4365.202151089274,0,0,
2026-08-17T04:00:00-04:00,4405.29,4405.29,4392.56,4395.07,4405.29,4405.29,4392.56,4395.07,0,0,4397.873115271982,4391.643851418461,4365.793593641962,0,0,
2026-08-17T05:00:00-04:00,4395.06,4400.65,4392.67,4395.59,4395.06,4400.65,4392.67,4395.59,0,0,4397.112076847988,4392.20758693011,4366.383621490636,0,0,
2026-08-17T06:00:00-04:00,4395.58,4405.78,4391.93,4399.07,4395.58,4405.78,4391.93,4399.07,0,0,4397.764717898658,4393.18793165438,4367.030876510624,0,0,
2026-08-17T07:00:00-04:00,4399.07,4404.91,4395.47,4396.83,4399.07,4404.91,4395.47,4396.83,0,0,4397.453145265772,4393.708227132326,4367.620958163879,0,0,
2026-08-17T08:00:00-04:00,4396.79,4398.86,4377.39,4384.98,4396.79,4398.86,4377.39,4384.98,0,0,4393.2954301771815,4392.461337541994,4367.964701566574,0,0,
2026-08-17T09:00:00-04:00,4384.99,4416.17,4381.87,4408.83,4384.99,4416.17,4381.87,4408.83,0,0,4398.473620118121,4394.799717893137,4368.773915396939,0,0,
2026-08-17T10:00:00-04:00,4408.86,4427.66,4403.89,4417.31,4408.86,4427.66,4403.89,4417.31,0,0,4404.752413412081,4398.015472479832,4369.735025983138,0,0,
2026-08-17T11:00:00-04:00,4417.31,4427.84,4415.19,4427.55,4417.31,4427.84,4415.19,4427.55,0,0,4412.351608941388,4402.234690696999,4370.879876953769,0,0,
2026-08-17T12:00:00-04:00,4427.57,4428.88,4422.68,4424.24,4427.57,4428.88,4422.68,4424.24,0,0,4416.314405960925,4405.3783063117135,4371.936513053694,0,0,
2026-08-17T13:00:00-04:00,4424.24,4426.15,4411.27,4413.72,4424.24,4426.15,4411.27,4413.72,0,0,4415.44960397395,4406.569976838611,4372.76390883481,0,0,
2026-08-17T14:00:00-04:00,4413.72,4416.19,4398.13,4406.68,4413.72,4416.19,4398.13,4406.68,0,0,4412.5264026493,4406.585694433095,4373.435514600457,0,0,
2026-08-17T15:00:00-04:00,4406.6,4420.97,4400.27,4419.9,4406.6,4420.97,4400.27,4419.9,0,0,4414.984268432866,4408.4877380855105,4374.35560342025,0,0,
2026-08-17T16:00:00-04:00,4419.84,4421.43,4414.62,4416.42,4419.84,4421.43,4414.62,4416.42,0,0,4415.462845621911,4409.620918359009,4375.188561768364,0,0,
2026-08-17T18:00:00-04:00,4416.73,4419.52,4410.58,4411.82,4416.73,4419.52,4410.58,4411.82,0,0,4414.24856374794,4409.9350728791505,4375.913936782852,0,0,
2026-08-17T19:00:00-04:00,4411.8,4426.05,4409.84,4425.88,4411.8,4426.05,4409.84,4425.88,0,0,4418.125709165293,4412.212919610701,4376.903363777251,0,0,
2026-08-17T20:00:00-04:00,4425.93,4435.03,4419.1,4434.75,4425.93,4435.03,4419.1,4434.75,0,0,4423.667139443529,4415.4325025234575,4378.048841722256,0,0,
2026-08-17T21:00:00-04:00,4434.64,4436.17,4404.36,4408.09,4434.64,4436.17,4404.36,4408.09,0,0,4418.474759629019,4414.383573591535,4378.643716143597,0,0,
2026-08-17T22:00:00-04:00,4408.09,4408.16,4394.34,4399.96,4408.09,4408.16,4394.34,4399.96,0,1,4412.303173086013,4412.323063078459,4379.065820774417,0,0,
2026-08-17T23:00:00-04:00,4399.95,4404.1,4390.68,4391.91,4399.95,4404.1,4390.68,4391.91,0,0,4405.505448724009,4409.406911210108,4379.320160957102,0,0,
2026-08-18T00:00:00-04:00,4391.92,4395.49,4389.07,4393.63,4391.92,4395.49,4389.07,4393.63,0,0,4401.5469658160055,4407.153066751521,4379.6035241064665,0,0,
2026-08-18T01:00:00-04:00,4393.64,4397.57,4386.14,4394.43,4393.64,4397.57,4386.14,4394.43,0,0,4399.174643877337,4405.335485787018,4379.897117688517,0,0,
2026-08-18T02:00:00-04:00,4394.41,4400.21,4387.65,4398.93,4394.41,4400.21,4387.65,4398.93,0,0,4399.093095918225,4404.420416388873,4380.27400644716,0,0,
2026-08-18T03:00:00-04:00,4398.95,4403.69,4395.53,4395.75,4398.95,4403.69,4395.53,4395.75,0,0,4397.97873061215,4403.181785476177,4380.580461765038,0,0,
2026-08-18T04:00:00-04:00,4395.7,4398.65,4386.92,4393.35,4395.7,4398.65,4386.92,4393.35,0,0,4396.4358204081,4401.777244693866,4380.833323908305,0,0,
2026-08-18T05:00:00-04:00,4393.35,4395.01,4387.02,4393.36,4393.35,4395.01,4387.02,4393.36,0,0,4395.410546938733,4400.574781166171,4381.08137690022,0,0,
2026-08-18T06:00:00-04:00,4393.35,4399.6,4389.79,4397.69,4393.35,4399.6,4389.79,4397.69,0,0,4396.170364625822,4400.162669571004,4381.410260525958,0,0,
2026-08-18T07:00:00-04:00,4397.68,4399.04,4388.66,4396.01,4397.68,4399.04,4388.66,4396.01,0,0,4396.116909750548,4399.569431060861,4381.699364277919,0,0,
2026-08-18T08:00:00-04:00,4396.02,4400.83,4389.82,4394.26,4396.02,4400.83,4389.82,4394.26,0,0,4395.497939833699,4398.8109409093095,4381.9480897377625,0,0,
2026-08-18T09:00:00-04:00,4394.18,4406.6,4377.55,4394.69,4394.18,4406.6,4377.55,4394.69,0,0,4395.2286265558,4398.222235065123,4382.20040479246,0,0,
2026-08-18T10:00:00-04:00,4394.76,4406.57,4363.83,4366.6,4394.76,4406.57,4363.83,4366.6,0,0,4385.6857510372,4393.704772912963,4381.891485885679,0,0,
2026-08-18T11:00:00-04:00,4366.61,4377.56,4351.68,4364.85,4366.61,4377.56,4351.68,4364.85,0,0,4378.740500691467,4389.582662496825,4381.554030719626,0,0,
2026-08-18T12:00:00-04:00,4364.85,4371.67,4363.08,4363.94,4364.85,4371.67,4363.08,4363.94,0,0,4373.807000460978,4385.919424997279,4381.205238032108,0,0,
2026-08-18T13:00:00-04:00,4363.83,4368.3,4356.76,4357.72,4363.83,4368.3,4356.76,4357.72,0,0,4368.4446669739855,4381.890935711954,4380.740183813651,0,0,
2026-08-18T14:00:00-04:00,4357.73,4360.97,4352.76,4354.28,4357.73,4360.97,4352.76,4354.28,0,0,4363.7231113159905,4377.946516324531,4380.216219777737,0,0,
2026-08-18T15:00:00-04:00,4354.3,4358.76,4338.59,4345.62,4354.3,4358.76,4338.59,4345.62,0,0,4357.688740877327,4373.328442563884,4379.531146118772,0,0,
2026-08-18T16:00:00-04:00,4345.62,4346.55,4329.2,4334.82,4345.62,4346.55,4329.2,4334.82,0,0,4350.065827251551,4367.827236483329,4378.645776888698,0,0,
2026-08-18T18:00:00-04:00,4334.19,4343.84,4332.83,4333.9,4334.19,4343.84,4332.83,4333.9,0,0,4344.677218167701,4362.980488414282,4377.759721900803,0,0,
2026-08-18T19:00:00-04:00,4333.89,4338.39,4327.2,4333.08,4333.89,4338.39,4327.2,4333.08,0,0,4340.811478778467,4358.7089900693845,4376.874974932471,0,0,
2026-08-18T20:00:00-04:00,4333.05,4347.22,4331.56,4338.18,4333.05,4347.22,4331.56,4338.18,0,0,4339.934319185645,4355.77627720233,4376.108737805095,0,0,
2026-08-18T21:00:00-04:00,4338.15,4357.67,4324.7,4356.51,4338.15,4357.67,4324.7,4356.51,0,0,4345.459546123763,4355.881094744854,4375.7206439871725,0,0,
2026-08-18T22:00:00-04:00,4356.51,4362.11,4351.6,4355,4356.51,4362.11,4351.6,4355,0,0,4348.639697415842,4355.7552240670175,4375.310334205248,0,0,
2026-08-18T23:00:00-04:00,4355,4360.39,4351.91,4354.99,4355,4360.39,4351.91,4354.99,0,0,4350.756464943895,4355.645906343158,4374.907951349699,0,0,
2026-08-19T00:00:00-04:00,4354.99,4356.26,4343.94,4348.51,4354.99,4356.26,4343.94,4348.51,0,0,4350.0076432959295,4354.626491151278,4374.385219639804,0,0,
2026-08-19T01:00:00-04:00,4348.51,4350.72,4335.17,4335.66,4348.51,4350.72,4335.17,4335.66,0,0,4345.22509553062,4351.916992415381,4373.618383607332,0,0,
2026-08-19T02:00:00-04:00,4335.61,4349.47,4335.38,4349.12,4335.61,4349.47,4335.38,4349.12,0,0,4346.5233970204135,4351.517422070327,4373.1332671002565,0,0,
2026-08-19T03:00:00-04:00,4349.13,4363.18,4347.49,4354.83,4349.13,4363.18,4347.49,4354.83,0,0,4349.292264680275,4351.990647488851,4372.770826167578,0,0,
2026-08-19T04:00:00-04:00,4354.83,4363.17,4351.16,4355.75,4354.83,4363.17,4351.16,4355.75,0,0,4351.444843120184,4352.527697847587,4372.433780104853,0,0,
2026-08-19T05:00:00-04:00,4355.75,4362.02,4353.51,4361.95,4355.75,4362.02,4353.51,4361.95,0,0,4354.946562080122,4353.873741012218,4372.226180498817,0,0,
2026-08-19T06:00:00-04:00,4361.95,4369.56,4359.68,4367.37,4361.95,4369.56,4359.68,4367.37,0,0,4359.087708053415,4355.801778010472,4372.130018508741,0,0,
2026-08-19T07:00:00-04:00,4367.4,4374.13,4363.3,4364.72,4367.4,4374.13,4363.3,4364.72,0,0,4360.965138702277,4357.075809723262,4371.983285468964,0,0,
2026-08-19T08:00:00-04:00,4364.68,4442.3,4362.12,4438.82,4364.68,4442.3,4362.12,4438.82,1,0,4386.916759134851,4368.7535511913675,4373.306784766608,0,0,
2026-08-19T09:00:00-04:00,4438.8,4466.14,4424.52,4459.86,4438.8,4466.14,4424.52,4459.86,0,0,4411.2311727565675,4381.768758164029,4375.020709820735,0,0,
2026-08-19T10:00:00-04:00,4459.75,4498.77,4455.26,4488.23,4459.75,4498.77,4455.26,4488.23,0,0,4436.897448504378,4396.9775069977395,4377.262477943096,0,0,
2026-08-19T11:00:00-04:00,4488.25,4494.1,4478.21,4493.87,4488.25,4494.1,4478.21,4493.87,0,0,4455.888299002919,4410.819291712348,4379.571537785807,0,0,
2026-08-19T12:00:00-04:00,4493.88,4499.36,4490.69,4493.33,4493.88,4499.36,4490.69,4493.33,0,0,4468.368866001946,4422.606535753441,4381.82418060193,0,0,
2026-08-19T13:00:00-04:00,4493.62,4499.1,4484.43,4486.89,4493.62,4499.1,4484.43,4486.89,0,0,4474.542577334631,4431.789887788664,4383.904691877139,0,0,
2026-08-19T14:00:00-04:00,4487,4496.77,4472.08,4495.16,4487,4496.77,4472.08,4495.16,0,0,4481.415051556421,4440.842760961712,4386.107767285513,0,0,
2026-08-19T15:00:00-04:00,4495.15,4512.27,4494.48,4511.26,4495.15,4512.27,4494.48,4511.26,0,0,4491.363367704281,4450.90236653861,4388.586029319463,0,0,
2026-08-19T16:00:00-04:00,4511.25,4524.28,4505.25,4523.04,4511.25,4524.28,4505.25,4523.04,0,0,4501.9222451361875,4461.2077427473805,4391.248484184424,0,0,
2026-08-19T18:00:00-04:00,4521.15,4527.28,4516.45,4518.92,4521.15,4527.28,4516.45,4518.92,0,0,4507.588163424125,4469.452350926326,4393.776633012456,0,0,
2026-08-19T19:00:00-04:00,4518.9,4523.67,4511.43,4511.79,4518.9,4523.67,4511.43,4511.79,0,0,4508.988775616083,4475.500586508279,4396.1135313686445,0,0,
2026-08-19T20:00:00-04:00,4511.79,4521.22,4504.04,4504.71,4511.79,4521.22,4504.04,4504.71,0,0,4507.562517077389,4479.6733598642395,4398.263956490057,0,0,
2026-08-19T21:00:00-04:00,4504.7,4510.16,4484.55,4489.71,4504.7,4510.16,4484.55,4489.71,0,0,4501.611678051593,4481.107165597919,4400.074769232829,0,0,
2026-08-19T22:00:00-04:00,4489.72,4499.71,4488.58,4490.7,4489.72,4499.71,4488.58,4490.7,0,0,4497.974452034396,4482.477570512502,4401.869328257922,0,0,
2026-08-19T23:00:00-04:00,4490.69,4501.03,4488.05,4498.85,4490.69,4501.03,4488.05,4498.85,0,0,4498.266301356264,4484.816489010716,4403.789737599349,0,0,
2026-08-20T00:00:00-04:00,4498.86,4499.3,4486.42,4488.59,4498.86,4499.3,4486.42,4488.59,0,0,4495.040867570843,4485.355562009186,4405.468950716194,0,0,
2026-08-20T01:00:00-04:00,4488.59,4494.04,4477.95,4481.29,4488.59,4494.04,4477.95,4481.29,0,0,4490.457245047229,4484.774767436445,4406.970357632705,0,0,
2026-08-20T02:00:00-04:00,4481.31,4495.95,4480.07,4493.74,4481.31,4495.95,4480.07,4493.74,0,0,4491.551496698153,4486.055514945524,4408.688568372651,0,0,
2026-08-20T03:00:00-04:00,4493.69,4494.15,4483.53,4490.94,4493.69,4494.15,4483.53,4490.94,0,0,4491.347664465435,4486.753298524734,4410.317309592995,0,0,
2026-08-20T04:00:00-04:00,4490.94,4498.7,4487.19,4489.41,4490.94,4498.7,4487.19,4489.41,0,0,4490.7017763102895,4487.132827306915,4411.8835014822425,0,0,
2026-08-20T05:00:00-04:00,4489.41,4494.11,4481.87,4482.71,4489.41,4494.11,4481.87,4482.71,0,0,4488.037850873527,4486.500994834499,4413.286006403387,0,0,
2026-08-20T06:00:00-04:00,4482.7,4494.91,4480.78,4490.17,4482.7,4494.91,4480.78,4490.17,0,0,4488.7485672490175,4487.025138429571,4414.808461722131,0,0,
2026-08-20T07:00:00-04:00,4490.17,4491.34,4465.44,4466.98,4490.17,4491.34,4465.44,4466.98,0,1,4481.492378166012,4484.161547225346,4415.84156149001,0,0,
2026-08-20T08:00:00-04:00,4467.05,4477.1,4450.66,4474.83,4467.05,4477.1,4450.66,4474.83,0,0,4479.2715854440075,4482.828469050297,4417.009649381296,0,0,
2026-08-20T09:00:00-04:00,4474.85,4489.37,4469.41,4481.72,4474.85,4489.37,4469.41,4481.72,0,0,4480.087723629338,4482.670116328826,4418.291042462854,0,0,
2026-08-20T10:00:00-04:00,4481.76,4516.27,4480.93,4515.97,4481.76,4516.27,4480.93,4515.97,1,0,4492.048482419559,4487.427242567565,4420.225279245768,1,0,
2026-08-20T11:00:00-04:00,4516,4540.96,4510.07,4521.66,4516,4540.96,4510.07,4521.66,0,0,4501.918988279706,4492.317636486485,4422.233887577536,0,0,
2026-08-20T12:00:00-04:00,4521.68,4524.81,4502.79,4510.01,4521.68,4524.81,4502.79,4510.01,0,0,4504.615992186471,4494.845116988416,4423.972028417585,0,0,
2026-08-20T13:00:00-04:00,4510.02,4520.57,4507.78,4519.91,4510.02,4520.57,4507.78,4519.91,0,0,4509.713994790981,4498.4258145614995,4425.871790231098,0,0,
2026-08-20T14:00:00-04:00,4519.92,4525.36,4508.37,4522.1,4519.92,4525.36,4508.37,4522.1,0,0,4513.842663193987,4501.807841052714,4427.777299335433,0,0,
2026-08-20T15:00:00-04:00,4522.11,4532.23,4518.21,4528.74,4522.11,4532.23,4518.21,4528.74,0,0,4518.808442129325,4505.655292330898,4429.776560734731,0,0,
2026-08-20T16:00:00-04:00,4528.74,4529.1,4516.81,4518.93,4528.74,4529.1,4516.81,4518.93,0,0,4518.8489614195505,4507.55167914077,4431.541975373647,0,0,
2026-08-20T18:00:00-04:00,4522.28,4524.49,4517.03,4524.25,4522.28,4524.49,4517.03,4524.25,0,0,4520.649307613034,4509.937153549231,4433.377777841495,0,0,
2026-08-20T19:00:00-04:00,4524.25,4532.85,4520.97,4526.36,4524.25,4532.85,4520.97,4526.36,0,0,4522.552871742022,4512.283274470769,4435.219009963445,0,0,
2026-08-20T20:00:00-04:00,4526.37,4527.5,4509.91,4510.53,4526.37,4527.5,4509.91,4510.53,0,0,4518.545247828015,4512.032806689231,4436.710316696843,0,0,
2026-08-20T21:00:00-04:00,4510.53,4543.77,4508.87,4530.76,4510.53,4543.77,4508.87,4530.76,0,0,4522.616831885343,4514.708120019341,4438.572686663242,0,0,
2026-08-20T22:00:00-04:00,4530.77,4542.95,4518.36,4533.85,4530.77,4542.95,4518.36,4533.85,0,0,4526.361221256896,4517.442674302292,4440.459366135257,0,0,
2026-08-20T23:00:00-04:00,4533.81,4538.39,4526.8,4535.46,4533.81,4538.39,4526.8,4535.46,0,0,4529.394147504598,4520.016577973393,4442.340566805847,0,0,
2026-08-21T00:00:00-04:00,4535.45,4548.01,4535.45,4540.65,4535.45,4548.01,4535.45,4540.65,0,0,4533.146098336399,4522.96420969148,4444.287288255236,0,0,
2026-08-21T01:00:00-04:00,4540.65,4556.31,4529.19,4553.66,4540.65,4556.31,4529.19,4553.66,0,0,4539.984065557599,4527.349322592698,4446.453084527409,0,0,
2026-08-21T02:00:00-04:00,4553.66,4567.64,4545.59,4561.04,4553.66,4567.64,4545.59,4561.04,0,0,4547.002710371733,4532.1622765080265,4448.72213235855,0,0,
2026-08-21T03:00:00-04:00,4561.07,4568.01,4558.56,4564.31,4561.07,4568.01,4558.56,4564.31,0,0,4552.7718069144885,4536.754808435451,4451.011001024717,0,0,
2026-08-21T04:00:00-04:00,4564.3,4584.96,4559.2,4584.13,4564.3,4584.96,4559.2,4584.13,0,0,4563.224537942992,4543.522692944673,4453.647020806406,0,0,
2026-08-21T05:00:00-04:00,4584.12,4602.06,4580.39,4582.56,4584.12,4602.06,4580.39,4582.56,0,0,4569.669691961995,4549.099451095433,4456.199753067665,0,0,
2026-08-21T06:00:00-04:00,4582.57,4594.13,4577.99,4588.52,4582.57,4594.13,4577.99,4588.52,0,0,4575.953127974663,4554.7309580818,4458.8199559772165,0,0,
2026-08-21T07:00:00-04:00,4588.52,4604.64,4587.23,4597.14,4588.52,4604.64,4587.23,4597.14,0,0,4583.015418649776,4560.789392641543,4461.558966749945,0,0,
2026-08-21T08:00:00-04:00,4597.12,4601.7,4563.57,4578.03,4597.12,4601.7,4563.57,4578.03,0,0,4581.353612433184,4563.252336549894,4463.865323844006,0,0,
2026-08-21T09:00:00-04:00,4577.94,4593.01,4573.4,4581.03,4577.94,4593.01,4573.4,4581.03,0,0,4581.245741622122,4565.792002757052,4466.185416441154,0,0,
2026-08-21T10:00:00-04:00,4581,4603.71,4579.95,4591.64,4581,4603.71,4579.95,4591.64,0,0,4584.710494414749,4569.4845737917585,4468.669665620538,0,0,
2026-08-21T11:00:00-04:00,4591.78,4615.34,4587.39,4614.61,4591.78,4615.34,4587.39,4614.61,0,0,4594.676996276499,4575.931063250078,4471.559573232013,0,0,
2026-08-21T12:00:00-04:00,4614.64,4629.17,4609.28,4628.95,4614.64,4629.17,4609.28,4628.95,0,0,4606.101330850999,4583.505197071496,4474.6762153462305,0,0,
2026-08-21T13:00:00-04:00,4628.94,4632.23,4615.32,4620.56,4628.94,4632.23,4615.32,4620.56,0,0,4610.920887234,4588.798740346996,4477.565003161157,0,0,
2026-08-21T14:00:00-04:00,4620.56,4627.67,4619.57,4624.4,4620.56,4627.67,4619.57,4624.4,0,0,4615.413924822667,4593.88463458314,4480.472626860936,0,0,
2026-08-21T15:00:00-04:00,4624.47,4625.54,4615.68,4617.01,4624.47,4625.54,4615.68,4617.01,0,0,4615.945949881778,4597.18825821412,4483.176337220125,0,0,
2026-08-21T16:00:00-04:00,4617.05,4617.67,4603.16,4603.37,4617.05,4617.67,4603.16,4603.37,0,0,4611.753966587852,4598.071364183531,4485.556409750419,0,0,
2026-08-23T18:00:00-04:00,4613.95,4624.55,4606.11,4606.23,4613.95,4624.55,4606.11,4606.23,0,0,4609.912644391901,4599.236883585883,4487.945985794965,0,0,
2026-08-23T19:00:00-04:00,4606.23,4624.67,4604.73,4624.19,4606.23,4624.67,4604.73,4624.19,0,0,4614.671762927934,4602.801614502186,4490.643887066351,0,0,
2026-08-23T20:00:00-04:00,4624.21,4640.87,4594.78,4621.83,4624.21,4640.87,4594.78,4621.83,0,0,4617.057841951956,4605.519955287587,4493.241631876919,0,0,
2026-08-23T21:00:00-04:00,4621.89,4637.71,4608.08,4632.29,4621.89,4637.71,4608.08,4632.29,0,0,4622.13522796797,4609.344247389361,4495.99506490906,0,0,
2026-08-23T22:00:00-04:00,4632.24,4656.63,4627.52,4643.73,4632.24,4656.63,4627.52,4643.73,0,0,4629.33348531198,4614.25649776231,4498.920509168286,0,0,
2026-08-23T23:00:00-04:00,4643.74,4650.19,4633.51,4641.64,4643.74,4650.19,4633.51,4641.64,0,0,4633.435656874653,4618.1684266534085,4501.746637699607,0,0,
2026-08-24T00:00:00-04:00,4641.63,4642.6,4632.63,4638.94,4641.63,4642.6,4632.63,4638.94,0,0,4635.270437916435,4621.13579427435,4504.463337943179,0,0,
2026-08-24T01:00:00-04:00,4638.95,4646.56,4629.78,4640.85,4638.95,4646.56,4629.78,4640.85,0,0,4637.130291944291,4623.952109378014,4507.164063924502,0,0,
2026-08-24T02:00:00-04:00,4640.87,4659.91,4639.39,4650.06,4640.87,4659.91,4639.39,4650.06,0,0,4641.4401946295275,4627.681808038298,4509.993686421047,0,0,
2026-08-24T03:00:00-04:00,4650.05,4654.72,4630.25,4641.67,4650.05,4654.72,4630.25,4641.67,0,0,4641.516796419685,4629.680121175684,4512.601138175085,0,0,
2026-08-24T04:00:00-04:00,4641.7,4646.15,4628.85,4638.01,4641.7,4646.15,4628.85,4638.01,0,0,4640.34786427979,4630.870103864871,4515.0844819735985,0,0,
2026-08-24T05:00:00-04:00,4637.98,4645.98,4632.99,4645.91,4637.98,4645.98,4632.99,4645.91,0,0,4642.20190951986,4633.018660455604,4517.675086290953,0,0,
2026-08-24T06:00:00-04:00,4645.95,4650.12,4641.76,4643.37,4645.95,4650.12,4641.76,4643.37,0,0,4642.59127301324,4634.497423247661,4520.164094483212,0,0,
2026-08-24T07:00:00-04:00,4643.37,4670.05,4639.11,4657.91,4643.37,4670.05,4639.11,4657.91,0,0,4647.69751534216,4637.842077069424,4522.891736176613,0,0,
2026-08-24T08:00:00-04:00,4657.85,4668.64,4645.73,4662.84,4657.85,4668.64,4645.73,4662.84,0,0,4652.745010228106,4641.413208916649,4525.662988925591,0,0,
2026-08-24T09:00:00-04:00,4662.83,4680.93,4656.23,4664.75,4662.83,4680.93,4656.23,4664.75,0,0,4656.746673485404,4644.74703621427,4528.417187164689,0,0,
2026-08-24T10:00:00-04:00,4664.75,4678.82,4655.46,4670.38,4664.75,4678.82,4655.46,4670.38,0,0,4661.291115656936,4648.408888183661,4531.228331973309,0,0,
2026-08-24T11:00:00-04:00,4670.42,4679.45,4640.05,4649.13,4670.42,4679.45,4640.05,4649.13,0,0,4657.237410437958,4648.5119041574235,4533.563018468887,0,0,
2026-08-24T12:00:00-04:00,4649.14,4662.29,4642.17,4644.87,4649.14,4662.29,4642.17,4644.87,0,0,4653.114940291972,4647.991632134935,4535.767117113068,0,0,
2026-08-24T13:00:00-04:00,4644.9,4655.26,4630.54,4636.66,4644.9,4655.26,4630.54,4636.66,0,0,4647.6299601946475,4646.37282754423,4537.764995982116,0,0,
2026-08-24T14:00:00-04:00,4636.66,4642.3,4625.2,4636.61,4636.66,4642.3,4625.2,4636.61,0,0,4643.956640129765,4644.978137895054,4539.7223227943505,0,0,
2026-08-24T15:00:00-04:00,4636.61,4656,4635.99,4651.78,4636.61,4656,4635.99,4651.78,0,0,4646.564426753177,4645.949832481475,4541.941286699413,1,0,
2026-08-24T16:00:00-04:00,4651.77,4655.32,4647.24,4652.52,4651.77,4655.32,4647.24,4652.52,0,0,4648.5496178354515,4646.888427841264,4544.130964190514,0,0,
2026-08-24T18:00:00-04:00,4652.2,4668.49,4652.2,4667.75,4652.2,4668.49,4652.2,4667.75,0,0,4654.949745223635,4649.86865243537,4546.578865889712,0,0,
2026-08-24T19:00:00-04:00,4667.72,4682.75,4666.92,4679.93,4667.72,4682.75,4666.92,4679.93,0,0,4663.276496815756,4654.163130658889,4549.219482406747,0,0,
2026-08-24T20:00:00-04:00,4679.94,4696.76,4675.49,4684.39,4679.94,4696.76,4675.49,4684.39,0,0,4670.314331210504,4658.481254850476,4551.896126319485,0,0,
2026-08-24T21:00:00-04:00,4684.39,4686.55,4656.62,4658.05,4684.39,4686.55,4656.62,4658.05,0,0,4666.226220807002,4658.4196470146935,4553.99818322405,0,0,
2026-08-24T22:00:00-04:00,4658.05,4661.51,4618.41,4629.59,4658.05,4661.51,4618.41,4629.59,0,1,4654.014147204668,4654.301126012594,4555.49505088298,0,0,
2026-08-24T23:00:00-04:00,4629.61,4641.37,4622.3,4633.71,4629.61,4641.37,4622.3,4633.71,0,0,4647.246098136446,4651.359536582224,4557.043861756584,0,0,
2026-08-25T00:00:00-04:00,4633.72,4637.79,4623.87,4625.97,4633.72,4637.79,4623.87,4625.97,0,0,4640.154065424297,4647.732459927621,4558.408735781206,0,0,
2026-08-25T01:00:00-04:00,4625.94,4647.95,4624.18,4643.07,4625.94,4647.95,4624.18,4643.07,1,0,4641.126043616198,4647.066394223675,4560.0851964588055,0,0,
2026-08-25T02:00:00-04:00,4643.09,4653.51,4637.16,4638.39,4643.09,4653.51,4637.16,4638.39,0,0,4640.214029077466,4645.826909334579,4561.635786627938,0,0,
2026-08-25T03:00:00-04:00,4638.39,4643.81,4629.83,4630.15,4638.39,4643.81,4629.83,4630.15,0,0,4636.85935271831,4643.587350858211,4562.992503724414,0,0,
2026-08-25T04:00:00-04:00,4630.15,4645.38,4620.24,4630.33,4630.15,4645.38,4620.24,4630.33,0,1,4634.682901812207,4641.693443592752,4564.3259194922475,0,0,
2026-08-25T05:00:00-04:00,4630.3,4642.6,4624.21,4636.5,4630.3,4642.6,4624.21,4636.5,0,0,4635.288601208138,4640.951523079502,4565.755109205273,0,0,
2026-08-25T06:00:00-04:00,4636.49,4642.42,4633.01,4639.32,4636.49,4642.42,4633.01,4639.32,0,0,4636.632400805425,4640.7184483538595,4567.211839716059,0,0,
2026-08-25T07:00:00-04:00,4639.33,4647.48,4637.24,4642.46,4639.33,4647.48,4637.24,4642.46,0,0,4638.5749338702835,4640.967241446166,4568.701902295939,0,0,
2026-08-25T08:00:00-04:00,4642.5,4644.27,4630.17,4640.86,4642.5,4644.27,4630.17,4640.86,0,0,4639.336622580189,4640.951921239571,4570.130775517802,0,0,
2026-08-25T09:00:00-04:00,4640.86,4641.27,4605.3,4616.55,4640.86,4641.27,4605.3,4616.55,0,0,4631.741081720126,4637.465932491061,4571.049968081807,0,0,
2026-08-25T10:00:00-04:00,4616.59,4640.09,4613.82,4635.64,4616.59,4640.09,4613.82,4635.64,0,0,4633.040721146751,4637.205084992338,4572.32897861484,0,0,
2026-08-25T11:00:00-04:00,4635.82,4659.48,4629.44,4652.71,4635.82,4659.48,4629.44,4652.71,0,0,4639.597147431167,4639.420072850576,4573.920682008606,1,0,
2026-08-25T12:00:00-04:00,4652.74,4653.38,4637.13,4643.45,4652.74,4653.38,4637.13,4643.45,0,0,4640.881431620778,4639.995776729065,4575.2975001866525,0,0,0
2026-08-25T13:00:00-04:00,4643.57,4648.45,4634.24,4648.43,4643.57,4648.45,4634.24,4648.43,0,0,4643.397621080519,4641.20066576777,4576.745668499788,0,0,1
2026-08-25T14:00:00-04:00,4648.45,4655.05,4644.3,4654.56,4648.45,4655.05,4644.3,4654.56,0,0,4647.118414053679,4643.1091420866605,4578.286546351277,0,0,
2026-08-25T15:00:00-04:00,4654.55,4668.03,4653.42,4666.97,4654.55,4668.03,4653.42,4666.97,1,0,4653.73560936912,4646.51783607428,4580.042654344321,0,0,
2026-08-25T16:00:00-04:00,4667,4669.05,4657.68,4658.61,4667,4669.05,4657.68,4658.61,0,0,4655.36040624608,4648.245288063668,4581.598443367206,0,0,
2026-08-25T18:00:00-04:00,4658.01,4673.73,4656.23,4672.7,4658.01,4673.73,4656.23,4672.7,0,0,4661.14027083072,4651.738818340287,4583.402434587657,0,0,
2026-08-25T19:00:00-04:00,4672.67,4673.53,4653.29,4654.89,4672.67,4673.53,4653.29,4654.89,0,0,4659.0568472204795,4652.188987148817,4584.818029942357,0,0,
2026-08-25T20:00:00-04:00,4654.88,4657.87,4634.5,4637.5,4654.88,4657.87,4634.5,4637.5,0,1,4651.87123148032,4650.090560413272,4585.861237270231,0,0,
2026-08-25T21:00:00-04:00,4637.51,4660.93,4629.78,4657.09,4637.51,4660.93,4629.78,4657.09,0,0,4653.61082098688,4651.0904803542335,4587.2717078193355,0,0,
2026-08-25T22:00:00-04:00,4657.07,4670.78,4654.93,4658.47,4657.07,4670.78,4654.93,4658.47,0,0,4655.230547324587,4652.144697446486,4588.68157499123,0,0,
2026-08-25T23:00:00-04:00,4658.5,4658.7,4642.64,4642.77,4658.5,4658.7,4642.64,4642.77,0,0,4651.077031549725,4650.805454954131,4589.752632912196,0,0,
2026-08-26T00:00:00-04:00,4642.75,4644.42,4638.89,4640.66,4642.75,4644.42,4638.89,4640.66,0,0,4647.604687699816,4649.356104246398,4590.760699587202,0,0,
2026-08-26T01:00:00-04:00,4640.7,4649.56,4635.51,4639.67,4640.7,4649.56,4635.51,4639.67,0,0,4644.959791799877,4647.9723750683415,4591.729200585475,0,0,
2026-08-26T02:00:00-04:00,4639.66,4641.44,4624.81,4634.22,4639.66,4641.44,4624.81,4634.22,0,0,4641.379861199918,4646.0077500585785,4592.570602554079,0,0,
2026-08-26T03:00:00-04:00,4634.23,4639.36,4626.52,4629.02,4634.23,4639.36,4626.52,4629.02,0,0,4637.259907466612,4643.580928621639,4593.2923728005335,0,0,
2026-08-26T04:00:00-04:00,4629.02,4630.77,4622.24,4628.3,4629.02,4630.77,4622.24,4628.3,0,0,4634.273271644408,4641.397938818548,4593.985593141117,0,0,
2026-08-26T05:00:00-04:00,4628.31,4630.96,4616.32,4623.32,4628.31,4630.96,4616.32,4623.32,0,0,4630.622181096272,4638.815376130184,4594.566472484857,0,0,
2026-08-26T06:00:00-04:00,4623.22,4624.2,4613.49,4620.28,4623.22,4624.2,4613.49,4620.28,0,0,4627.174787397515,4636.167465254443,4595.075651247533,0,0,
2026-08-26T07:00:00-04:00,4620.31,4625.27,4616.56,4624.74,4620.31,4625.27,4616.56,4624.74,0,0,4626.363191598343,4634.534970218095,4595.663064094117,0,0,
2026-08-26T08:00:00-04:00,4624.72,4633.46,4611.12,4614.42,4624.72,4633.46,4611.12,4614.42,0,0,4622.382127732229,4631.661403044081,4596.0344885675,0,0,
2026-08-26T09:00:00-04:00,4614.46,4631.97,4598,4631.65,4614.46,4631.97,4598,4631.65,0,0,4625.471418488152,4631.659774037784,4596.7397462196295,0,0,
2026-08-26T10:00:00-04:00,4631.68,4633.55,4602.97,4602.99,4631.68,4633.55,4602.97,4602.99,0,0,4617.977612325435,4627.564092032386,4596.863513621221,0,0,
2026-08-26T11:00:00-04:00,4602.99,4609.34,4583.14,4596.15,4602.99,4609.34,4583.14,4596.15,0,0,4610.70174155029,4623.076364599187,4596.849384638622,0,0,
2026-08-26T12:00:00-04:00,4596.16,4601.53,4585.76,4591.65,4596.16,4601.53,4585.76,4591.65,0,0,4604.351161033526,4618.586883942161,4596.7464265269655,0,0,
2026-08-26T13:00:00-04:00,4591.66,4602.34,4590.71,4597.87,4591.66,4602.34,4590.71,4597.87,0,0,4602.1907740223505,4615.62732909328,4596.76867550663,0,0,
2026-08-26T14:00:00-04:00,4597.87,4604.64,4592.55,4593.82,4597.87,4604.64,4592.55,4593.82,0,0,4599.4005160149,4612.511996365669,4596.710285892637,0,0,
2026-08-26T15:00:00-04:00,4593.83,4601.69,4591.1,4594.33,4593.83,4601.69,4591.1,4594.33,0,0,4597.710344009934,4609.91456831343,4596.663151518525,0,0,
2026-08-26T16:00:00-04:00,4594.35,4596.75,4584.11,4594.08,4594.35,4596.75,4584.11,4594.08,0,0,4596.500229339956,4607.652487125797,4596.612000003307,0,0,
2026-08-26T18:00:00-04:00,4596.54,4613.34,4596.11,4609.38,4596.54,4613.34,4596.11,4609.38,0,0,4600.7934862266375,4607.899274679255,4596.86483168641,0,0,
2026-08-26T19:00:00-04:00,4609.38,4624.91,4607.04,4623.67,4609.38,4624.91,4607.04,4623.67,0,0,4608.418990817759,4610.152235439361,4597.39562709856,0,0,
2026-08-26T20:00:00-04:00,4623.67,4627.12,4600.63,4605.11,4623.67,4627.12,4600.63,4605.11,0,0,4607.315993878506,4609.431916090881,4597.548386957995,0,0,
2026-08-26T21:00:00-04:00,4605.12,4640.91,4602.48,4640.11,4605.12,4640.91,4602.48,4640.11,1,0,4618.247329252337,4613.8144995064695,4598.391191176648,1,0,
2026-08-26T22:00:00-04:00,4640.1,4643.07,4623.65,4629.65,4640.1,4643.07,4623.65,4629.65,0,0,4622.048219501558,4616.076713862688,4599.010177489982,0,0,
2026-08-26T23:00:00-04:00,4629.66,4638.7,4624.42,4625.51,4629.66,4638.7,4624.42,4625.51,0,0,4623.202146334373,4617.4243261680185,4599.534926450577,0,0,
2026-08-27T00:00:00-04:00,4625.51,4627.32,4617.25,4618.81,4625.51,4627.32,4617.25,4618.81,0,1,4621.738097556248,4617.622279572587,4599.916611075318,0,0,
2026-08-27T01:00:00-04:00,4618.81,4621.56,4601.02,4607.05,4618.81,4621.56,4601.02,4607.05,0,0,4616.842065037499,4616.1119539193605,4600.0578663015485,0,0,
2026-08-27T02:00:00-04:00,4607.06,4611.87,4598,4600.34,4607.06,4611.87,4598,4600.34,0,0,4611.3413766916665,4613.858817645166,4600.063453107458,0,0,
2026-08-27T03:00:00-04:00,4600.33,4605.89,4593.55,4600.21,4600.33,4605.89,4593.55,4600.21,0,0,4607.630917794444,4611.9089865529995,4600.066355026122,0,0,
2026-08-27T04:00:00-04:00,4600.24,4606.85,4594.75,4599,4600.24,4606.85,4594.75,4599,0,0,4604.753945196296,4610.0648456168565,4600.045239085011,0,0,
2026-08-27T05:00:00-04:00,4599,4600.73,4578.19,4580.3,4599,4600.73,4578.19,4580.3,0,0,4596.602630130864,4605.812724814448,4599.654244251645,0,0,
2026-08-27T06:00:00-04:00,4580.3,4590.58,4569.14,4590.17,4580.3,4590.58,4569.14,4590.17,0,0,4594.458420087242,4603.578049840956,4599.46643743478,0,0,
2026-08-27T07:00:00-04:00,4590.14,4600.38,4587.31,4598.38,4590.14,4600.38,4587.31,4598.38,0,0,4595.765613391495,4602.835471292248,4599.4449238222105,0,0,
2026-08-27T08:00:00-04:00,4598.39,4601.17,4580.49,4585.89,4598.39,4601.17,4580.49,4585.89,0,0,4592.473742260997,4600.41468967907,4599.176509489097,0,0,
2026-08-27T09:00:00-04:00,4585.9,4593.26,4565.11,4572.41,4585.9,4593.26,4565.11,4572.41,0,0,4585.785828173998,4596.414019724917,4598.646479598224,0,0,
2026-08-27T10:00:00-04:00,4572.45,4598.25,4568.53,4591.31,4572.45,4598.25,4568.53,4591.31,0,0,4587.627218782665,4595.684874049929,4598.501202774497,0,0,
2026-08-27T11:00:00-04:00,4591.31,4611.25,4588.85,4610.48,4591.31,4611.25,4588.85,4610.48,0,0,4595.244812521777,4597.7984634713675,4598.738406679952,0,0,
2026-08-27T12:00:00-04:00,4610.49,4616.71,4602.45,4614.99,4610.49,4616.71,4602.45,4614.99,0,0,4601.826541681185,4600.254397261172,4599.060220409062,0,0,
2026-08-27T13:00:00-04:00,4614.95,4616.52,4605.17,4606.47,4614.95,4616.52,4605.17,4606.47,0,0,4603.37436112079,4601.142340509576,4599.206948717793,0,0,
2026-08-27T14:00:00-04:00,4606.47,4611.23,4601.02,4610.41,4606.47,4611.23,4601.02,4610.41,0,0,4605.719574080526,4602.46629186535,4599.428791317441,0,0,
2026-08-27T15:00:00-04:00,4610.42,4618.07,4604.29,4609.34,4610.42,4618.07,4604.29,4609.34,0,0,4606.926382720351,4603.4482501703005,4599.625052875512,0,0,
2026-08-27T16:00:00-04:00,4609.34,4609.63,4600.07,4600.58,4609.34,4609.63,4600.07,4600.58,0,0,4604.810921813568,4603.038500145972,4599.643962719561,0,0,
2026-08-27T18:00:00-04:00,4603.36,4610.85,4601.14,4610.77,4603.36,4610.85,4601.14,4610.77,0,0,4606.797281209046,4604.143000125118,4599.864280289471,0,0,
2026-08-27T19:00:00-04:00,4610.76,4611.49,4594.38,4594.58,4610.76,4611.49,4594.38,4594.58,0,0,4602.724854139364,4602.776857250102,4599.759641075818,0,0,
2026-08-27T20:00:00-04:00,4594.57,4602.55,4585.73,4588.81,4594.57,4602.55,4585.73,4588.81,0,0,4598.086569426243,4600.781591928659,4599.542816500059,0,0,
2026-08-27T21:00:00-04:00,4588.82,4602.27,4575.43,4575.92,4588.82,4602.27,4575.43,4575.92,0,0,4590.697712950829,4597.22993593885,4599.075037955504,0,0,
2026-08-27T22:00:00-04:00,4575.92,4589.71,4575.12,4586.38,4575.92,4589.71,4575.12,4586.38,0,0,4589.258475300552,4595.679945090443,4598.823651065296,0,0,
2026-08-27T23:00:00-04:00,4586.38,4590.09,4578.68,4579.97,4586.38,4590.09,4578.68,4579.97,0,0,4586.162316867035,4593.435667220379,4598.4503114402405,0,0,
2026-08-28T00:00:00-04:00,4579.96,4585.41,4577.99,4584.39,4579.96,4585.41,4577.99,4584.39,0,0,4585.571544578023,4592.143429046039,4598.171889431523,0,0,
2026-08-28T01:00:00-04:00,4584.41,4586.32,4571.72,4573.36,4584.41,4586.32,4571.72,4573.36,0,0,4581.501029718682,4589.460082039463,4597.680564888325,0,0,
2026-08-28T02:00:00-04:00,4573.37,4613.28,4572.48,4612.66,4573.37,4613.28,4572.48,4612.66,0,0,4591.8873531457875,4592.774356033825,4597.977187365784,0,0,
2026-08-28T03:00:00-04:00,4612.71,4614.4,4596.72,4611.87,4612.71,4614.4,4596.72,4611.87,0,0,4598.548235430525,4595.50230517185,4598.252292566462,0,0,
2026-08-28T04:00:00-04:00,4611.88,4614.62,4601.08,4602.92,4611.88,4614.62,4601.08,4602.92,0,0,4600.005490287017,4596.561975861586,4598.34472241663,0,0,
2026-08-28T05:00:00-04:00,4602.86,4607.42,4600.48,4605.17,4602.86,4607.42,4600.48,4605.17,0,0,4601.726993524678,4597.791693595645,4598.479876428182,0,0,
2026-08-28T06:00:00-04:00,4605.27,4609.89,4597.58,4600.16,4605.27,4609.89,4597.58,4600.16,0,0,4601.204662349785,4598.130023081981,4598.513146201882,0,0,
2026-08-28T07:00:00-04:00,4600.18,4601.35,4591.35,4593.38,4600.18,4601.35,4591.35,4593.38,0,0,4598.596441566524,4597.451448355983,4598.4114997424385,0,0,
2026-08-28T08:00:00-04:00,4593.33,4603.77,4589.11,4601.7,4593.33,4603.77,4589.11,4601.7,0,0,4599.6309610443495,4598.058384305128,4598.47661855942,0,0,
2026-08-28T09:00:00-04:00,4601.73,4627.33,4593.75,4605.82,4601.73,4627.33,4593.75,4605.82,1,0,4601.693974029567,4599.167186547253,4598.622032053293,0,0,
2026-08-28T10:00:00-04:00,4604.35,4631.33,4530.09,4576.69,4604.35,4631.33,4530.09,4576.69,0,1,4593.359316019711,4595.956159897645,4598.187734388871,0,1,
2026-08-28T11:00:00-04:00,4576.73,4582.8,4524.15,4524.58,4576.73,4582.8,4524.15,4524.58,0,0,4570.432877346474,4585.759565626553,4596.730155490081,0,0,
2026-08-28T12:00:00-04:00,4524.57,4529.42,4464.39,4479.51,4524.57,4529.42,4464.39,4479.51,0,0,4540.125251564316,4570.581056251332,4594.408964292258,0,0,
2026-08-28T13:00:00-04:00,4479.47,4486.59,4460.64,4469.42,4479.47,4486.59,4460.64,4469.42,0,0,4516.556834376211,4556.129476786856,4591.933935296372,0,0,
2026-08-28T14:00:00-04:00,4469.38,4471.7,4445.47,4456.9,4469.38,4471.7,4445.47,4456.9,0,0,4496.671222917474,4541.9538372458765,4589.2599959835725,0,0,
2026-08-28T15:00:00-04:00,4456.91,4467.03,4453.07,4458.39,4456.91,4467.03,4453.07,4458.39,0,0,4483.910815278316,4530.016146210752,4586.668510914591,0,0,
2026-08-28T16:00:00-04:00,4458.49,4462.79,4453.28,4454.37,4458.49,4462.79,4453.28,4454.37,0,0,4474.06387685221,4519.20955389493,4584.048738421233,0,0,
2026-08-30T18:00:00-04:00,4441.38,4466.05,4430.41,4461.47,4441.38,4466.05,4430.41,4461.47,0,0,4469.865917901474,4510.9610461956545,4581.621436670317,0,0,
2026-08-30T19:00:00-04:00,4461.48,4466.91,4435.95,4458.49,4461.48,4466.91,4435.95,4458.49,0,0,4466.073945267649,4503.4651824534185,4579.183190399618,0,0,
2026-08-30T20:00:00-04:00,4458.62,4472.09,4452.34,4456.37,4458.62,4472.09,4452.34,4456.37,0,0,4462.839296845099,4496.737299245788,4576.751246035269,0,0,
2026-08-30T21:00:00-04:00,4456.39,4463.38,4436.05,4440.23,4456.39,4463.38,4436.05,4440.23,0,0,4455.302864563399,4488.664827924961,4574.04785502467,0,0,
2026-08-30T22:00:00-04:00,4440.23,4441.47,4396.52,4422.92,4440.23,4441.47,4396.52,4422.92,0,0,4444.5085763756,4479.272709649967,4571.055224232102,0,0,
2026-08-30T23:00:00-04:00,4422.9,4434.05,4419.9,4422.58,4422.9,4434.05,4419.9,4422.58,0,0,4437.199050917066,4471.173751128543,4568.115120781961,0,0,
2026-08-31T00:00:00-04:00,4422.61,4424.99,4413.05,4424.58,4422.61,4424.99,4413.05,4424.58,0,0,4432.992700611378,4464.517500967322,4565.272841162517,0,0,
2026-08-31T01:00:00-04:00,4424.58,4443.85,4419.29,4442.98,4424.58,4443.85,4419.29,4442.98,0,0,4436.321800407585,4461.440715114847,4562.8512007434565,0,0,
2026-08-31T02:00:00-04:00,4442.96,4443.12,4429.4,4439.39,4442.96,4443.12,4429.4,4439.39,0,0,4437.344533605057,4458.290612955583,4560.406424491111,0,0,
2026-08-31T03:00:00-04:00,4439.38,4448.28,4435.19,4443.31,4439.38,4448.28,4435.19,4443.31,0,0,4439.333022403372,4456.1505253905,4558.087683412079,0,0,
2026-08-31T04:00:00-04:00,4443.31,4449.54,4433.88,4435.63,4443.31,4449.54,4433.88,4435.63,0,0,4438.098681602248,4453.219021763285,4555.662778790058,0,0,
2026-08-31T05:00:00-04:00,4435.64,4445.5,4435.64,4445.34,4435.64,4445.5,4435.64,4445.34,0,0,4440.512454401499,4452.093447225673,4553.478169309066,0,0,
2026-08-31T06:00:00-04:00,4445.4,4455.61,4444.87,4453.92,4445.4,4455.61,4444.87,4453.92,0,0,4444.981636267666,4452.354383336291,4551.506720411857,0,0,
2026-08-31T07:00:00-04:00,4453.92,4464.08,4452.61,4455.43,4453.92,4464.08,4452.61,4455.43,0,0,4448.464424178444,4452.793757145392,4549.60421109677,0,0,
2026-08-31T08:00:00-04:00,4455.43,4460.99,4435.45,4435.8,4455.43,4460.99,4435.45,4435.8,0,0,4444.242949452296,4450.3660775531935,4547.350662362181,0,0,
2026-08-31T09:00:00-04:00,4435.81,4448.32,4415.76,4418.57,4435.81,4448.32,4415.76,4418.57,0,0,4435.685299634863,4445.82378075988,4544.800550236197,0,0,
2026-08-31T10:00:00-04:00,4418.57,4436.54,4416.26,4431.71,4418.57,4436.54,4416.26,4431.71,0,0,4434.360199756576,4443.807526365611,4542.561133399836,0,0,
2026-08-31T11:00:00-04:00,4431.68,4437.93,4424.64,4426.28,4431.68,4437.93,4424.64,4426.28,0,0,4431.666799837717,4441.303594027667,4540.258536698849,0,0,
2026-08-31T12:00:00-04:00,4426.25,4440.28,4423.79,4433.27,4426.25,4440.28,4423.79,4433.27,0,0,4432.2011998918115,4440.155937738,4538.139951813723,0,0,
2026-08-31T13:00:00-04:00,4433.26,4440.09,4428.78,4436.58,4433.26,4440.09,4428.78,4436.58,0,0,4433.660799927874,4439.645089489714,4536.128863658996,0,0,
2026-08-31T14:00:00-04:00,4436.58,4436.85,4426.28,4430.94,4436.58,4436.85,4426.28,4430.94,0,0,4432.753866618583,4438.401505276898,4534.045915863769,0,0,
2026-08-31T15:00:00-04:00,4430.93,4453.72,4429.22,4453.59,4430.93,4453.72,4429.22,4453.59,0,0,4439.699244412389,4440.571290237342,4532.45272941102,0,0,
2026-08-31T16:00:00-04:00,4453.49,4455.9,4446.54,4448.44,4453.49,4455.9,4446.54,4448.44,0,0,4442.612829608259,4441.695391632007,4530.789111006841,0,0,
2026-08-31T18:00:00-04:00,4448.48,4455.88,4445.68,4447.03,4448.48,4455.88,4445.68,4447.03,0,0,4444.085219738839,4442.457478541721,4529.13051474928,0,0,
2026-08-31T19:00:00-04:00,4447.09,4452.55,4441.86,4452.35,4447.09,4452.55,4441.86,4452.35,0,0,4446.84014649256,4443.870695892903,4527.610108516621,0,0,
2026-08-31T20:00:00-04:00,4452.35,4461.49,4446.49,4453.71,4452.35,4461.49,4446.49,4453.71,0,0,4449.130097661707,4445.276310765345,4526.146740031143,0,0,
2026-08-31T21:00:00-04:00,4453.72,4456.98,4436.45,4444.42,4453.72,4456.98,4436.45,4444.42,0,0,4447.560065107805,4445.15398065601,4524.528388743398,0,0,
2026-08-31T22:00:00-04:00,4444.42,4449.14,4427.88,4443.13,4444.42,4449.14,4427.88,4443.13,0,0,4446.083376738537,4444.864840562294,4522.91653946135,0,0,
2026-08-31T23:00:00-04:00,4443.13,4444.14,4431.84,4436.73,4443.13,4444.14,4431.84,4436.73,0,0,4442.965584492357,4443.702720481967,4521.209875313601,0,0,
2026-09-01T00:00:00-04:00,4436.75,4437.76,4425.57,4426.71,4436.75,4437.76,4425.57,4426.71,0,0,4437.547056328238,4441.275188984543,4519.338590653925,0,0,
2026-09-01T01:00:00-04:00,4426.71,4446.07,4424.02,4440.18,4426.71,4446.07,4424.02,4440.18,0,0,4438.424704218825,4441.118733415323,4517.771093809293,0,0,
2026-09-01T02:00:00-04:00,4440.21,4440.62,4427.76,4429.64,4440.21,4440.62,4427.76,4429.64,0,0,4435.496469479217,4439.478914355991,4516.025923634852,0,0,
2026-09-01T03:00:00-04:00,4429.64,4434.99,4412.17,4420.2,4429.64,4434.99,4412.17,4420.2,0,0,4430.397646319478,4436.724783733706,4514.128380592578,0,0,
2026-09-01T04:00:00-04:00,4420.22,4420.22,4369.41,4370.86,4420.22,4420.22,4369.41,4370.86,0,0,4410.551764212985,4427.315528914605,4511.291382957081,0,0,
2026-09-01T05:00:00-04:00,4370.85,4378.18,4364.75,4364.75,4370.85,4378.18,4364.75,4364.75,0,0,4395.284509475324,4418.377596212519,4508.389573393574,0,0,
2026-09-01T06:00:00-04:00,4364.76,4386,4364.31,4378.22,4364.76,4386,4364.31,4378.22,0,0,4389.596339650216,4412.640796753588,4505.81195807885,0,0,
2026-09-01T07:00:00-04:00,4378.24,4387.26,4372.04,4374.47,4378.24,4387.26,4372.04,4374.47,0,0,4384.554226433477,4407.187825788789,4503.2111272258035,0,0,
2026-09-01T08:00:00-04:00,4374.46,4376.1,4352.04,4356.37,4374.46,4376.1,4352.04,4356.37,0,0,4375.1594842889845,4399.928136390391,4500.303382132223,0,0,
2026-09-01T09:00:00-04:00,4356.33,4367.38,4326.26,4365.34,4356.33,4367.38,4326.26,4365.34,0,0,4371.886322859323,4394.986974048907,4497.630839911783,0,0,
2026-09-01T10:00:00-04:00,4365.68,4375.62,4353.34,4360.39,4365.68,4375.62,4353.34,4360.39,0,0,4368.054215239548,4390.044549184777,4494.91319951749,0,0,
2026-09-01T11:00:00-04:00,4360.4,4373.91,4355.31,4372.92,4360.4,4373.91,4355.31,4372.92,0,0,4369.676143493032,4387.598185015523,4492.497492596352,0,0,
2026-09-01T12:00:00-04:00,4372.95,4374.78,4347.12,4351.37,4372.95,4374.78,4347.12,4351.37,0,0,4363.574095662021,4382.422730013305,4489.702888782563,0,0,
2026-09-01T13:00:00-04:00,4351.36,4351.98,4341.09,4342.98,4351.36,4351.98,4341.09,4342.98,0,0,4356.709397108014,4376.788054297119,4486.797485044294,0,0,
2026-09-01T14:00:00-04:00,4342.98,4344.59,4328.36,4331.76,4342.98,4344.59,4328.36,4331.76,0,0,4348.392931405343,4370.355475111816,4483.727435835496,0,0,
2026-09-01T15:00:00-04:00,4331.76,4337.7,4322.95,4327.06,4331.76,4337.7,4322.95,4327.06,0,0,4341.281954270229,4364.1704072387,4480.625110373408,0,0,
2026-09-01T16:00:00-04:00,4327.12,4330.79,4323.74,4328.88,4327.12,4330.79,4323.74,4328.88,0,0,4337.147969513486,4359.128920490314,4477.620256702647,0,0,
2026-09-01T18:00:00-04:00,4330.54,4334.52,4326.37,4329.45,4330.54,4334.52,4326.37,4329.45,0,0,4334.581979675657,4354.889074705983,4474.686192213485,0,0,
2026-09-01T19:00:00-04:00,4329.45,4335.8,4323.24,4324.5,4329.45,4335.8,4323.24,4324.5,0,0,4331.221319783771,4350.547778319414,4471.712208209257,0,0,
2026-09-01T20:00:00-04:00,4324.52,4334.54,4314.6,4315.89,4324.52,4334.54,4314.6,4315.89,0,0,4326.110879855847,4345.596667130926,4468.626619927886,0,0,
2026-09-01T21:00:00-04:00,4315.86,4326.75,4288.59,4290.99,4315.86,4326.75,4288.59,4290.99,0,0,4314.403919903898,4337.795714683651,4465.109063097631,0,0,
2026-09-01T22:00:00-04:00,4291.01,4314.81,4287.38,4302.91,4291.01,4314.81,4287.38,4302.91,0,0,4310.572613269265,4332.812041157415,4461.897200462035,0,0,
2026-09-01T23:00:00-04:00,4302.91,4304.26,4282.57,4303.31,4302.91,4304.26,4282.57,4303.31,0,0,4308.151742179511,4328.5974638492125,4458.756859858826,0,0,
2026-09-02T00:00:00-04:00,4303.3,4307.69,4301.47,4307.31,4303.3,4307.69,4301.47,4307.31,0,0,4307.8711614530075,4325.556397585039,4455.757912138849,0,0,
2026-09-02T01:00:00-04:00,4307.31,4326.51,4303.7,4319.94,4307.31,4326.51,4303.7,4319.94,0,0,4311.8941076353385,4324.754055072891,4453.068448532139,0,0,
2026-09-02T02:00:00-04:00,4319.95,4329.29,4314.62,4321.77,4319.95,4329.29,4314.62,4321.77,0,0,4315.1860717568925,4324.327761491049,4450.468479254275,0,0,
2026-09-02T03:00:00-04:00,4321.72,4331.38,4319.22,4323.27,4321.72,4331.38,4319.22,4323.27,0,0,4317.880714504595,4324.176652706614,4447.949697486863,0,0,
2026-09-02T04:00:00-04:00,4323.27,4331.71,4312.7,4312.92,4323.27,4331.71,4312.7,4312.92,0,0,4316.227143003063,4322.568559462812,4445.275842091084,0,0,
2026-09-02T05:00:00-04:00,4312.96,4322.39,4304.98,4308.58,4312.96,4322.39,4304.98,4308.58,0,0,4313.6780953353755,4320.570193825268,4442.568993732845,0,0,
2026-09-02T06:00:00-04:00,4308.57,4312.28,4301.83,4309.32,4308.57,4312.28,4301.83,4309.32,0,0,4312.2253968902505,4318.963023278801,4439.930399797541,0,0,
2026-09-02T07:00:00-04:00,4309.28,4332.97,4307.64,4332.38,4309.28,4332.97,4307.64,4332.38,0,0,4318.943597926834,4320.879734238973,4437.800688910461,0,0,
2026-09-02T08:00:00-04:00,4332.39,4344.47,4327.44,4331.42,4332.39,4344.47,4327.44,4331.42,0,0,4323.102398617889,4322.385486490548,4435.694140615205,0,0,
2026-09-02T09:00:00-04:00,4331.6,4385.67,4330.85,4385.39,4331.6,4385.67,4330.85,4385.39,1,0,4343.864932411926,4331.386131277613,4434.698019018864,0,0,
2026-09-02T10:00:00-04:00,4385.39,4397.69,4374.33,4376.94,4385.39,4397.69,4374.33,4376.94,0,0,4354.889954941284,4337.8938268093825,4433.554295869976,0,0,
2026-09-02T11:00:00-04:00,4377.01,4380.88,4364.64,4373.13,4377.01,4380.88,4364.64,4373.13,0,0,4360.969969960855,4342.927565836613,4432.3577751596795,0,0,
2026-09-02T12:00:00-04:00,4373.13,4374.86,4364.55,4368.29,4373.13,4374.86,4364.55,4368.29,0,0,4363.409979973903,4346.550770717097,4431.089106344636,0,0,
2026-09-02T13:00:00-04:00,4368.3,4380.76,4364.64,4377.01,4368.3,4380.76,4364.64,4377.01,0,0,4367.943319982603,4350.902089186084,4430.018232951673,0,0,
2026-09-02T14:00:00-04:00,4377.02,4379.75,4369.28,4374.13,4377.02,4379.75,4369.28,4374.13,0,0,4370.005546655068,4354.2203621595,4428.911535269462,0,0,
2026-09-02T15:00:00-04:00,4374.15,4391.3,4371.78,4391.24,4374.15,4391.3,4371.78,4391.24,0,0,4377.083697770046,4359.508881851,4428.165564274027,0,0,
2026-09-02T16:00:00-04:00,4391.24,4391.49,4384.05,4387.47,4391.24,4391.49,4384.05,4387.47,0,0,4380.5457985133635,4363.503327300858,4427.359711516126,0,0,
2026-09-02T18:00:00-04:00,4390.59,4393.3,4383.6,4384.74,4390.59,4393.3,4383.6,4384.74,0,0,4381.943865675576,4366.53713768645,4426.515756832638,0,0,
2026-09-02T19:00:00-04:00,4384.71,4388.87,4381.19,4385.69,4384.71,4388.87,4381.19,4385.69,0,0,4383.19257711705,4369.2732608741,4425.707326004269,0,0,
2026-09-02T20:00:00-04:00,4385.69,4397.81,4382.56,4395.52,4385.69,4397.81,4382.56,4395.52,0,0,4387.301718078033,4373.022795034943,4425.109557172501,0,0,
2026-09-02T21:00:00-04:00,4395.56,4412.45,4387.37,4410.37,4395.56,4412.45,4387.37,4410.37,0,0,4394.991145385356,4378.358110029951,4424.817684753243,0,0,
2026-09-02T22:00:00-04:00,4410.36,4420.53,4406.8,4420.42,4410.36,4420.53,4406.8,4420.42,0,0,4403.467430256904,4384.3669514542435,4424.730601886842,0,0,
2026-09-02T23:00:00-04:00,4420.42,4432.6,4419.52,4431.55,4420.42,4432.6,4419.52,4431.55,0,0,4412.828286837936,4391.10738696078,4424.865639473242,0,0,
2026-09-03T00:00:00-04:00,4431.52,4438.42,4425.7,4437.42,4431.52,4438.42,4425.7,4437.42,0,0,4421.025524558624,4397.723474537811,4425.114240671791,0,0,
2026-09-03T01:00:00-04:00,4437.42,4440.29,4422.53,4431.11,4437.42,4440.29,4422.53,4431.11,0,0,4424.387016372416,4402.492978175266,4425.23296857928,0,0,
2026-09-03T02:00:00-04:00,4431.11,4436.29,4418.85,4420.67,4431.11,4436.29,4418.85,4420.67,0,0,4423.148010914944,4405.089695578799,4425.142612765829,0,0,
2026-09-03T03:00:00-04:00,4420.67,4431.63,4419.15,4428.84,4420.67,4431.63,4419.15,4428.84,0,0,4425.045340609963,4408.4825962104,4425.215828354624,0,0,
2026-09-03T04:00:00-04:00,4428.84,4443.64,4428.12,4434.98,4428.84,4443.64,4428.12,4434.98,0,0,4428.356893739975,4412.267939608914,4425.409178288196,0,0,
2026-09-03T05:00:00-04:00,4435,4441.99,4425.71,4427.57,4435,4441.99,4425.71,4427.57,0,0,4428.09459582665,4414.453948236212,4425.451966836945,0,0,
2026-09-03T06:00:00-04:00,4427.58,4429.89,4419.15,4427.35,4427.58,4429.89,4419.15,4427.35,0,0,4427.846397217767,4416.296241345325,4425.489551652055,0,0,
2026-09-03T07:00:00-04:00,4427.31,4445.05,4425.09,4444.23,4427.31,4445.05,4425.09,4444.23,0,0,4433.3075981451775,4420.286778295993,4425.860649639143,0,0,
2026-09-03T08:00:00-04:00,4444.22,4495.24,4437.94,4493.59,4444.22,4495.24,4437.94,4493.59,0,0,4453.401732096785,4430.758667110851,4427.201824893814,0,0,
2026-09-03T09:00:00-04:00,4493.68,4495.99,4456.83,4470.71,4493.68,4495.99,4456.83,4470.71,0,0,4459.17115473119,4436.466000380729,4428.063372915719,0,0,
2026-09-03T10:00:00-04:00,4470.46,4485.42,4458.97,4485.42,4470.46,4485.42,4458.97,4485.42,0,0,4467.920769820793,4443.459428897768,4429.199147709467,0,0,
2026-09-03T11:00:00-04:00,4485.47,4510.84,4484.3,4493.28,4485.47,4510.84,4484.3,4493.28,0,0,4476.373846547195,4450.576653340944,4430.468075477596,0,0,
2026-09-03T12:00:00-04:00,4493.27,4495.55,4485.55,4486.3,4493.27,4495.55,4485.55,4486.3,0,0,4479.682564364797,4455.679988577952,4431.573658141407,0,0,
2026-09-03T13:00:00-04:00,4486.32,4494.72,4483.35,4486.62,4486.32,4494.72,4483.35,4486.62,0,0,4481.995042909864,4460.099990209673,4432.663684712864,0,0,
2026-09-03T14:00:00-04:00,4486.61,4489.8,4474.06,4475.22,4486.61,4489.8,4474.06,4475.22,0,0,4479.736695273243,4462.259991608291,4433.506384025481,0,0,
2026-09-03T15:00:00-04:00,4475.16,4480.84,4472.71,4475.3,4475.16,4480.84,4472.71,4475.3,0,0,4478.257796848829,4464.122849949964,4434.3339803814115,0,0,
2026-09-03T16:00:00-04:00,4475.33,4475.7,4470.49,4473.34,4475.33,4475.7,4470.49,4473.34,0,0,4476.618531232552,4465.439585671397,4435.106376809503,0,0,
2026-09-03T18:00:00-04:00,4470.53,4478.8,4470.53,4474.53,4470.53,4478.8,4470.53,4474.53,0,0,4475.922354155035,4466.738216289769,4435.887042615255,0,0,
2026-09-03T19:00:00-04:00,4474.54,4480.28,4471.73,4480.09,4474.54,4480.28,4471.73,4480.09,0,0,4477.31156943669,4468.64561396266,4436.762348702082,0,0,
2026-09-03T20:00:00-04:00,4480.12,4487.13,4472.84,4486.4,4480.12,4487.13,4472.84,4486.4,0,0,4480.341046291126,4471.181954825137,4437.74527249016,0,0,
2026-09-03T21:00:00-04:00,4486.4,4487.13,4467.12,4478.95,4486.4,4487.13,4467.12,4478.95,0,0,4479.877364194084,4472.291675564403,4438.561207688374,0,0,
2026-09-03T22:00:00-04:00,4478.88,4482.64,4470.28,4477.48,4478.88,4482.64,4470.28,4477.48,0,0,4479.078242796056,4473.032864769488,4439.33187684306,0,0,
2026-09-03T23:00:00-04:00,4477.49,4478.74,4467.07,4467.07,4477.49,4478.74,4467.07,4467.07,0,0,4475.07549519737,4472.181026945275,4439.8811466085435,0,0,
2026-09-04T00:00:00-04:00,4467.07,4474.92,4465.54,4473.76,4467.07,4474.92,4465.54,4473.76,0,0,4474.636996798247,4472.406594524522,4440.552014992532,0,0,
2026-09-04T01:00:00-04:00,4473.78,4477.66,4466.92,4472.09,4473.78,4477.66,4466.92,4472.09,0,0,4473.787997865498,4472.361366735305,4441.176529547136,0,0,
2026-09-04T02:00:00-04:00,4472.11,4473.45,4460.23,4463.04,4472.11,4473.45,4460.23,4463.04,0,0,4470.2053319103325,4471.0297429159755,4441.609469556103,0,0,
2026-09-04T03:00:00-04:00,4463,4490.77,4461.63,4483.43,4463,4490.77,4461.63,4483.43,0,0,4474.613554606888,4472.801208213693,4442.437598871824,0,0,
2026-09-04T04:00:00-04:00,4483.46,4486.6,4474.49,4477.82,4483.46,4486.6,4474.49,4477.82,0,0,4475.682369737925,4473.518178468879,4443.138240478323,0,0,
2026-09-04T05:00:00-04:00,4477.81,4479.23,4463.91,4465.61,4477.81,4479.23,4463.91,4465.61,0,0,4472.324913158616,4472.388438687611,4443.583225815385,0,0,
2026-09-04T06:00:00-04:00,4465.61,4476.45,4465.5,4472.89,4465.61,4476.45,4465.5,4472.89,0,0,4472.513275439078,4472.460090303666,4444.163557977457,1,0,
2026-09-04T07:00:00-04:00,4472.9,4473.38,4465.34,4467,4472.9,4473.38,4465.34,4467,0,0,4470.675516959385,4471.680077403143,4444.6157647501805,0,0,0
2026-09-04T08:00:00-04:00,4467.14,4476.31,4380.21,4393.86,4467.14,4476.31,4380.21,4393.86,0,1,4445.07034463959,4460.562923488408,4443.610700101662,0,0,
2026-09-04T09:00:00-04:00,4393.8,4434.75,4365.58,4413.22,4393.8,4434.75,4365.58,4413.22,0,0,4434.45356309306,4453.79964870435,4443.008904060044,0,0,
2026-09-04T10:00:00-04:00,4413.24,4442.34,4412.12,4427.5,4413.24,4442.34,4412.12,4427.5,0,0,4432.135708728707,4450.0425560323,4442.701797048954,0,0,
2026-09-04T11:00:00-04:00,4427.51,4449.01,4422.8,4436.67,4427.51,4449.01,4422.8,4436.67,0,0,4433.647139152471,4448.132190884829,4442.582355523233,0,0,
2026-09-04T12:00:00-04:00,4436.69,4443.52,4432.28,4436.35,4436.69,4443.52,4432.28,4436.35,0,0,4434.548092768314,4446.449020758425,4442.458942542575,0,0,
2026-09-04T13:00:00-04:00,4436.4,4440.49,4415.65,4416.62,4436.4,4440.49,4415.65,4416.62,0,0,4428.5720618455425,4442.18773207865,4441.947280314009,0,0,
2026-09-04T14:00:00-04:00,4416.62,4426.73,4412.03,4424,4416.62,4426.73,4412.03,4424,0,0,4427.048041230361,4439.589484638843,4441.591888624623,0,0,
2026-09-04T15:00:00-04:00,4424.02,4438.45,4422.57,4434.88,4424.02,4438.45,4422.57,4434.88,0,0,4429.658694153574,4438.916701119008,4441.458979938987,0,0,
2026-09-04T16:00:00-04:00,4434.85,4435.17,4428.69,4431.37,4434.85,4435.17,4428.69,4431.37,0,0,4430.2291294357165,4437.83860095915,4441.259198158017,0,0,
2026-09-06T18:00:00-04:00,4420.46,4435.21,4417.64,4429.48,4420.46,4435.21,4417.64,4429.48,0,0,4429.979419623811,4436.644515107843,4441.025946709344,0,0,
2026-09-06T19:00:00-04:00,4429.49,4434.01,4421.3,4423.41,4429.49,4434.01,4421.3,4423.41,0,0,4427.78961308254,4434.753870092437,4440.677116081436,0,0,
2026-09-06T20:00:00-04:00,4423.42,4429.59,4410.22,4412.66,4423.42,4429.59,4410.22,4412.66,0,0,4422.746408721693,4431.597602936375,4440.122321703586,0,0,
2026-09-06T21:00:00-04:00,4412.67,4416.88,4389.62,4409.21,4412.67,4416.88,4389.62,4409.21,0,0,4418.234272481129,4428.399373945464,4439.510196521336,0,0,
2026-09-06T22:00:00-04:00,4409.18,4419.05,4402.97,4408.86,4409.18,4419.05,4402.97,4408.86,0,0,4415.109514987419,4425.608034810397,4438.903261936755,0,0,
2026-09-06T23:00:00-04:00,4408.88,4410.44,4401.3,4404.16,4408.88,4410.44,4401.3,4404.16,0,0,4411.459676658279,4422.544029837483,4438.2152765518695,0,0,
2026-09-07T00:00:00-04:00,4404.15,4407.27,4394.47,4398.05,4404.15,4407.27,4394.47,4398.05,0,0,4406.989784438852,4419.0448827178425,4437.419924540942,0,0,
2026-09-07T01:00:00-04:00,4398.05,4413.27,4393.16,4394.07,4398.05,4413.27,4393.16,4394.07,0,0,4402.683189625902,4415.4770423295795,4436.561510193596,0,0,
2026-09-07T02:00:00-04:00,4394.07,4399.83,4385.35,4392.83,4394.07,4399.83,4385.35,4392.83,0,0,4399.398793083935,4412.241750568211,4435.695539694713,0,0,
2026-09-07T03:00:00-04:00,4392.93,4406.7,4391.94,4406.38,4392.93,4406.7,4391.94,4406.38,0,0,4401.725862055957,4411.404357629895,4435.1150339581845,0,0,
2026-09-07T04:00:00-04:00,4406.37,4423.88,4405.25,4410.98,4406.37,4423.88,4405.25,4410.98,0,0,4404.810574703971,4411.343735111338,4434.637112493666,0,0,
2026-09-07T05:00:00-04:00,4410.98,4413.8,4403.64,4405.73,4410.98,4413.8,4403.64,4405.73,0,0,4405.117049802647,4410.541772952575,4434.0646944244845,0,0,
2026-09-07T06:00:00-04:00,4405.79,4406.29,4388.1,4391.74,4405.79,4406.29,4388.1,4391.74,0,0,4400.658033201765,4407.8558053879215,4433.226581663604,0,0,
2026-09-07T07:00:00-04:00,4391.73,4395,4381.17,4385.29,4391.73,4395,4381.17,4385.29,0,0,4395.535355467843,4404.632118903933,4432.27734242274,0,0,
2026-09-07T08:00:00-04:00,4385.29,4398.09,4385.29,4396.81,4385.29,4398.09,4385.29,4396.81,0,0,4395.9602369785625,4403.514673346228,4431.575018810408,0,0,
2026-09-07T09:00:00-04:00,4396.81,4407.91,4395.44,4402.68,4396.81,4407.91,4395.44,4402.68,0,0,4398.200157985709,4403.395434296767,4431.002840220103,0,0,
2026-09-07T10:00:00-04:00,4402.55,4419.66,4401.13,4416.13,4402.55,4419.66,4401.13,4416.13,0,0,4404.176771990473,4405.214657968658,4430.708328532576,0,0,
2026-09-07T11:00:00-04:00,4416.11,4416.69,4408.91,4414.53,4416.11,4416.69,4408.91,4414.53,0,0,4407.627847993648,4406.545421115992,4430.387965591337,0,0,
2026-09-07T12:00:00-04:00,4414.53,4417.32,4411.88,4414.49,4414.53,4417.32,4411.88,4414.49,0,0,4409.915231995766,4407.680360956565,4430.073154391508,0,0,
2026-09-07T13:00:00-04:00,4414.49,4415.08,4407.1,4407.21,4414.49,4415.08,4407.1,4407.21,0,0,4409.013487997177,4407.613166534198,4429.620418660983,0,0,
2026-09-07T14:00:00-04:00,4407.21,4409.2,4403.19,4406.26,4407.21,4409.2,4403.19,4406.26,0,0,4408.095658664785,4407.419857029313,4429.157836113241,0,0,
2026-09-07T18:00:00-04:00,4405.08,4414.54,4405.08,4407.61,4405.08,4414.54,4405.08,4407.61,0,0,4407.93377244319,4407.447020310839,4428.731146289216,0,0,
2026-09-07T19:00:00-04:00,4407.66,4428.03,4407.26,4423.03,4407.66,4428.03,4407.26,4423.03,1,0,4412.96584829546,4409.673160266434,4428.61825230329,0,0,
2026-09-07T20:00:00-04:00,4423.05,4430.18,4415.06,4426.26,4423.05,4430.18,4415.06,4426.26,0,0,4417.397232196973,4412.0427087998005,4428.571554237878,0,0,
2026-09-07T21:00:00-04:00,4426.26,4440.78,4417.19,4437.13,4426.26,4440.78,4417.19,4437.13,0,0,4423.974821464649,4415.6266075426865,4428.741028411386,0,0,
2026-09-07T22:00:00-04:00,4437.18,4438.68,4421.28,4424.33,4437.18,4438.68,4421.28,4424.33,0,0,4424.093214309766,4416.869949322303,4428.65368131413,0,0,
2026-09-07T23:00:00-04:00,4424.32,4440.11,4422.62,4437.87,4424.32,4440.11,4422.62,4437.87,0,0,4428.68547620651,4419.869956561974,4428.836182674247,0,0,
2026-09-08T00:00:00-04:00,4437.87,4443,4431.68,4436.09,4437.87,4443,4431.68,4436.09,0,0,4431.15365080434,4422.187105624549,4428.9798226212915,0,0,
2026-09-08T01:00:00-04:00,4436.06,4437.75,4417.48,4419.35,4436.06,4437.75,4417.48,4419.35,0,0,4427.2191005362265,4421.781804821042,4428.789133064434,0,0,
2026-09-08T02:00:00-04:00,4419.41,4420.17,4398.27,4403.76,4419.41,4420.17,4398.27,4403.76,0,1,4419.399400357484,4419.207261275179,4428.293506667119,0,0,
2026-09-08T03:00:00-04:00,4403.76,4409.46,4390.15,4392.42,4403.76,4409.46,4390.15,4392.42,0,0,4410.40626690499,4415.380509664439,4427.583140198463,0,0,
2026-09-08T04:00:00-04:00,4392.4,4398.64,4387.91,4394.21,4392.4,4398.64,4387.91,4394.21,0,0,4405.007511269993,4412.356151140948,4426.9222859371075,0,0,
2026-09-08T05:00:00-04:00,4394.16,4405.68,4390.95,4403.03,4394.16,4405.68,4390.95,4403.03,0,0,4404.348340846662,4411.023843835098,4426.4491713640955,0,0,
2026-09-08T06:00:00-04:00,4403.02,4406.83,4393.75,4395.37,4403.02,4406.83,4393.75,4395.37,0,0,4401.3555605644415,4408.787580430084,4425.833742228173,0,0,
2026-09-08T07:00:00-04:00,4395.35,4407.93,4391.2,4406.47,4395.35,4407.93,4391.2,4406.47,0,0,4403.060373709628,4408.456497511501,4425.4503017880115,0,0,
2026-09-08T08:00:00-04:00,4406.47,4411.78,4385.44,4411.55,4406.47,4411.78,4385.44,4411.55,0,0,4405.890249139752,4408.898426438429,4425.1750482872585,0,0,
2026-09-08T09:00:00-04:00,4411.59,4412.9,4390.49,4395.68,4411.59,4412.9,4390.49,4395.68,0,0,4402.486832759835,4407.010079804368,4424.590987925135,0,0,
2026-09-08T10:00:00-04:00,4395.64,4403.66,4389.17,4398.68,4395.64,4403.66,4389.17,4398.68,0,0,4401.217888506557,4405.820068403744,4424.07789905533,0,0,
2026-09-08T11:00:00-04:00,4398.69,4409.33,4394.77,4394.77,4398.69,4409.33,4394.77,4394.77,0,0,4399.068592337705,4404.241487203209,4423.497544618591,0,0,
2026-09-08T12:00:00-04:00,4394.8,4398.42,4380.71,4393.7,4394.8,4398.42,4380.71,4393.7,0,0,4397.27906155847,4402.735560459893,4422.907494230104,0,0,
2026-09-08T13:00:00-04:00,4393.7,4403.72,4385.28,4389.98,4393.7,4403.72,4385.28,4389.98,0,0,4394.84604103898,4400.913337537051,4422.255464641389,0,0,
2026-09-08T14:00:00-04:00,4389.98,4390.34,4358.3,4375.62,4389.98,4390.34,4358.3,4375.62,0,0,4388.437360692653,4397.300003603186,4421.331990094035,0,0,
2026-09-08T15:00:00-04:00,4375.65,4377.25,4356.81,4359.48,4375.65,4377.25,4356.81,4359.48,0,0,4378.784907128435,4391.897145945588,4420.107198210985,0,0,
2026-09-08T16:00:00-04:00,4359.46,4364.43,4345.93,4355.53,4359.46,4364.43,4345.93,4355.53,0,0,4371.033271418957,4386.701839381933,4418.828441810768,0,0,
2026-09-08T18:00:00-04:00,4357.22,4358.78,4350.54,4354.19,4357.22,4358.78,4350.54,4354.19,0,0,4365.418847612638,4382.0572908988,4417.548472666,0,0,
2026-09-08T19:00:00-04:00,4354.2,4359.99,4349.32,4349.99,4354.2,4359.99,4349.32,4349.99,0,0,4360.275898408426,4377.476249341828,4416.210681128059,0,0,
2026-09-08T20:00:00-04:00,4350.02,4365.63,4341.35,4364.8,4350.02,4365.63,4341.35,4364.8,0,0,4361.783932272284,4375.66535657871,4415.192647838395,0,0,
2026-09-08T21:00:00-04:00,4364.83,4378.19,4354.21,4373.71,4364.83,4378.19,4354.21,4373.71,0,0,4365.759288181523,4375.386019924608,4414.371209267338,0,0,
2026-09-08T22:00:00-04:00,4373.69,4384.44,4367.31,4382.14,4373.69,4384.44,4367.31,4382.14,0,0,4371.2195254543485,4376.350874221092,4413.732967499667,0,0,
2026-09-08T23:00:00-04:00,4382.2,4382.72,4375.16,4375.25,4382.2,4382.72,4375.16,4375.25,0,0,4372.563016969566,4376.193606475222,4412.970928539277,0,0,
2026-09-09T00:00:00-04:00,4375.24,4382.57,4370.64,4381.63,4375.24,4382.57,4370.64,4381.63,0,0,4375.585344646377,4376.970234121619,4412.350316092955,0,0,
2026-09-09T01:00:00-04:00,4381.6,4400.95,4380.48,4398.83,4381.6,4400.95,4380.48,4398.83,0,0,4383.333563097584,4380.093057818531,4412.082587061412,0,0,
2026-09-09T02:00:00-04:00,4398.81,4406.04,4395.29,4400.61,4398.81,4406.04,4395.29,4400.61,1,0,4389.09237539839,4383.02404955874,4411.855407119601,0,0,
2026-09-09T03:00:00-04:00,4400.61,4412.83,4399.34,4409.26,4400.61,4412.83,4399.34,4409.26,0,0,4395.81491693226,4386.77204247892,4411.804012919213,0,0,
2026-09-09T04:00:00-04:00,4409.18,4412.03,4399.07,4400.66,4409.18,4412.03,4399.07,4400.66,0,0,4397.429944621506,4388.756036410503,4411.58333939606,0,0,
2026-09-09T05:00:00-04:00,4400.66,4402.32,4388.68,4390.77,4400.66,4402.32,4388.68,4390.77,0,1,4395.209963081004,4389.043745494717,4411.171194061485,0,0,
2026-09-09T06:00:00-04:00,4390.77,4403.16,4386.28,4399.68,4390.77,4403.16,4386.28,4399.68,0,0,4396.699975387336,4390.563210424043,4410.943645664228,0,0,
2026-09-09T07:00:00-04:00,4399.64,4415.4,4399.64,4407.35,4399.64,4415.4,4399.64,4407.35,1,0,4400.249983591558,4392.961323220608,4410.872484363947,0,0,
2026-09-09T08:00:00-04:00,4407.43,4409.41,4390.94,4400.15,4407.43,4409.41,4390.94,4400.15,0,1,4400.216655727705,4393.988277046235,4410.660157940898,0,0,
2026-09-09T09:00:00-04:00,4400.15,4434.12,4398.79,4415.08,4400.15,4434.12,4398.79,4415.08,1,0,4405.17110381847,4397.001380325345,4410.74767956583,0,0,
2026-09-09T10:00:00-04:00,4415.08,4428.66,4409.96,4418.73,4415.08,4428.66,4409.96,4418.73,0,0,4409.69073587898,4400.105468850295,4410.905745317002,0,0,
2026-09-09T11:00:00-04:00,4418.75,4432.02,4375.16,4398.53,4418.75,4432.02,4375.16,4398.53,0,1,4405.970490585987,4399.880401871682,4410.6606810532985,0,0,
2026-09-09T12:00:00-04:00,4398.54,4410.42,4391.67,4409.58,4398.54,4410.42,4391.67,4409.58,0,0,4407.173660390658,4401.2660587471555,4410.639281428481,0,0,
2026-09-09T13:00:00-04:00,4409.52,4420.59,4408.92,4416.11,4409.52,4420.59,4408.92,4416.11,0,0,4410.152440260439,4403.3866217832765,4410.747612489303,0,0,
2026-09-09T14:00:00-04:00,4416.11,4421.59,4401.73,4403.17,4416.11,4421.59,4401.73,4403.17,0,0,4407.824960173626,4403.355675814237,4410.597560756842,0,0,
2026-09-09T15:00:00-04:00,4403.2,4404.9,4395.72,4399.17,4403.2,4404.9,4395.72,4399.17,0,0,4404.939973449084,4402.757722126488,4410.371272425023,0,0,
2026-09-09T16:00:00-04:00,4399.16,4401.06,4393.52,4400.74,4399.16,4401.06,4393.52,4400.74,0,0,4403.5399822993895,4402.469476108418,4410.18055415918,0,0,
2026-09-09T18:00:00-04:00,4403.96,4406.54,4397.73,4399.7,4403.96,4406.54,4397.73,4399.7,0,0,4402.259988199593,4402.073836664358,4409.973018433256,0,0,
2026-09-09T19:00:00-04:00,4399.7,4403.14,4393.24,4394.27,4399.7,4403.14,4393.24,4394.27,0,0,4399.596658799729,4400.959002855164,4409.662067573191,0,1,
2026-09-09T20:00:00-04:00,4394.27,4404.9,4389.85,4401.15,4394.27,4404.9,4389.85,4401.15,0,0,4400.11443919982,4400.986288161569,4409.493511779662,0,0,
2026-09-09T21:00:00-04:00,4401.11,4419.13,4400.36,4412.23,4401.11,4419.13,4400.36,4412.23,0,0,4404.152959466546,4402.592532709917,4409.547699665213,1,0,
2026-09-09T22:00:00-04:00,4412.23,4420.91,4408.13,4419.42,4412.23,4420.91,4408.13,4419.42,1,0,4409.2419729776975,4404.9964566085,4409.743190760952,0,0,
2026-09-09T23:00:00-04:00,4419.42,4421.13,4406.97,4409.16,4419.42,4421.13,4406.97,4409.16,0,1,4409.214648651799,4405.591248521571,4409.731642429051,0,0,
2026-09-10T00:00:00-04:00,4409.16,4415.63,4405.65,4408.49,4409.16,4415.63,4405.65,4408.49,0,0,4408.973099101199,4406.005355875633,4409.707055450258,0,0,
2026-09-10T01:00:00-04:00,4408.48,4431.29,4408.25,4431.08,4408.48,4431.29,4408.25,4431.08,1,0,4416.3420660674665,4409.587447893399,4410.130282075005,0,0,
2026-09-10T02:00:00-04:00,4431.13,4434.82,4410.94,4425.28,4431.13,4434.82,4410.94,4425.28,0,0,4419.321377378311,4411.829241051485,4410.430276489362,0,0,
2026-09-10T03:00:00-04:00,4425.29,4425.47,4404.06,4411.87,4425.29,4425.47,4404.06,4411.87,0,0,4416.837584918874,4411.835063758415,4410.458785865811,0,0,
2026-09-10T04:00:00-04:00,4411.85,4412.86,4392.55,4394.93,4411.85,4412.86,4392.55,4394.93,0,1,4409.535056612583,4409.420054650071,4410.151285155596,0,0,
2026-09-10T05:00:00-04:00,4394.92,4396.9,4388.46,4394.09,4394.92,4396.9,4388.46,4394.09,0,0,4404.386704408388,4407.230046842918,4409.8332399049905,0,1,
2026-09-10T06:00:00-04:00,4394.06,4400.23,4375.37,4378.95,4394.06,4400.23,4375.37,4378.95,0,0,4395.907802938926,4403.190040151072,4409.221690599941,0,0,
2026-09-10T07:00:00-04:00,4378.92,4390.77,4374.47,4374.58,4378.92,4390.77,4374.47,4374.58,0,0,4388.798535292617,4399.102891558062,4408.535716528655,0,0,
2026-09-10T08:00:00-04:00,4374.58,4377.87,4324.09,4340.17,4374.58,4377.87,4324.09,4340.17,0,0,4372.589023528411,4390.683907049767,4407.181939963732,0,0,
2026-09-10T09:00:00-04:00,4340.21,4375.86,4339.73,4366.08,4340.21,4375.86,4339.73,4366.08,0,0,4370.419349018941,4387.1690631855145,4406.36804016247,0,0,
2026-09-10T10:00:00-04:00,4366.01,4376.37,4354.02,4358.13,4366.01,4376.37,4354.02,4358.13,0,0,4366.322899345961,4383.020625587584,4405.4128314463815,0,0,
2026-09-10T11:00:00-04:00,4358.17,4372.23,4352.67,4365.83,4358.17,4372.23,4352.67,4365.83,0,0,4366.158599563973,4380.564821932215,4404.629013001899,0,0,
2026-09-10T12:00:00-04:00,4365.85,4369.92,4354.02,4364.1,4365.85,4369.92,4354.02,4364.1,0,0,4365.472399709316,4378.212704513327,4403.82645828899,0,0,
2026-09-10T13:00:00-04:00,4364.1,4367.81,4351.2,4352.69,4364.1,4367.81,4351.2,4352.69,0,0,4361.211599806211,4374.566603868566,4402.813855154554,0,0,
2026-09-10T14:00:00-04:00,4352.67,4356.13,4329.91,4333,4352.67,4356.13,4329.91,4333,0,0,4351.80773320414,4368.628517601628,4401.431402577236,0,0,
2026-09-10T15:00:00-04:00,4333,4333,4313.78,4324.42,4333,4333,4313.78,4324.42,0,0,4342.6784888027605,4362.31301508711,4399.90642430838,0,0,
2026-09-10T16:00:00-04:00,4324.42,4324.47,4314.61,4316.63,4324.42,4324.47,4314.61,4316.63,0,0,4333.995659201841,4355.786870074666,4398.257386203264,0,0,
2026-09-10T18:00:00-04:00,4319.8,4324.78,4313.79,4318.51,4319.8,4324.78,4313.79,4318.51,0,0,4328.8337728012275,4350.461602921142,4396.678230040823,0,0,
2026-09-10T19:00:00-04:00,4318.53,4320.56,4311.31,4315.32,4318.53,4320.56,4311.31,4315.32,0,0,4324.329181867485,4345.441373932407,4395.067175980609,0,0,
2026-09-10T20:00:00-04:00,4315.31,4333.86,4312.74,4332.14,4315.31,4333.86,4312.74,4332.14,0,0,4326.932787911657,4343.541177656349,4393.821093287924,0,0,
2026-09-10T21:00:00-04:00,4332.16,4340.46,4320.96,4329.32,4332.16,4340.46,4320.96,4329.32,0,0,4327.728525274438,4341.509580848299,4392.543843915886,0,0,
2026-09-10T22:00:00-04:00,4329.32,4334.63,4316,4322.75,4329.32,4334.63,4316,4322.75,0,0,4326.069016849625,4338.829640727114,4391.16178760072,0,0,
2026-09-10T23:00:00-04:00,4322.72,4326.54,4300.87,4304.06,4322.72,4326.54,4300.87,4304.06,0,0,4318.73267789975,4333.862549194669,4389.436999727439,0,0,
2026-09-11T00:00:00-04:00,4304.03,4335.36,4302.06,4331.83,4304.03,4335.36,4302.06,4331.83,0,0,4323.098451933167,4333.572185024002,4388.296267059569,0,0,
2026-09-11T01:00:00-04:00,4331.82,4352.02,4328.31,4346.04,4331.82,4352.02,4328.31,4346.04,0,0,4330.7456346221115,4335.353301449144,4387.4595092960135,0,0,
2026-09-11T02:00:00-04:00,4346.04,4360.98,4345.9,4353.25,4346.04,4360.98,4345.9,4353.25,0,0,4338.247089748074,4337.9099726706945,4386.78209327035,0,0,
2026-09-11T03:00:00-04:00,4353.27,4356.22,4340.59,4344.94,4353.27,4356.22,4340.59,4344.94,0,0,4340.478059832049,4338.914262289167,4385.953536967967,0,0,
2026-09-11T04:00:00-04:00,4344.94,4357.26,4342.33,4347.04,4344.94,4357.26,4342.33,4347.04,0,0,4342.665373221366,4340.075081962143,4385.1829718794925,0,0,
2026-09-11T05:00:00-04:00,4347.06,4354.05,4340.92,4346.37,4347.06,4354.05,4340.92,4346.37,0,0,4343.900248814244,4340.974355967551,4384.414398178908,0,0,
2026-09-11T06:00:00-04:00,4346.36,4350,4336.79,4337.61,4346.36,4350,4336.79,4337.61,0,0,4341.803499209496,4340.493733686472,4383.487578412989,0,0,
2026-09-11T07:00:00-04:00,4337.61,4342.63,4330.16,4333.38,4337.61,4342.63,4330.16,4333.38,0,0,4338.9956661396645,4339.477486016976,4382.4953491374845,0,1,
2026-09-11T08:00:00-04:00,4333.41,4390.18,4293.13,4388.53,4333.41,4390.18,4293.13,4388.53,1,0,4355.507110759776,4346.484988014551,4382.614847174366,0,0,0
2026-09-11T09:00:00-04:00,4388.39,4402.53,4380.58,4401.79,4388.39,4402.53,4380.58,4401.79,0,0,4370.934740506517,4354.385704012472,4382.994553170914,0,0,
2026-09-11T10:00:00-04:00,4401.72,4402.49,4364.75,4370.84,4401.72,4402.49,4364.75,4370.84,0,0,4370.903160337678,4356.736317724976,4382.753868949708,0,0,
2026-09-11T11:00:00-04:00,4370.82,4377.18,4359.23,4367.1,4370.82,4377.18,4359.23,4367.1,0,0,4369.635440225119,4358.216843764266,4382.443891346743,0,0,
2026-09-11T12:00:00-04:00,4367.11,4372.75,4352,4361.7,4367.11,4372.75,4352,4361.7,0,0,4366.990293483413,4358.714437512228,4382.033121221065,0,0,
2026-09-11T13:00:00-04:00,4361.71,4370.47,4357.92,4358.28,4361.71,4370.47,4357.92,4358.28,0,0,4364.086862322275,4358.652375010481,4381.562762385004,0,0,
2026-09-11T14:00:00-04:00,4358.28,4360.11,4344.22,4346.96,4358.28,4360.11,4344.22,4346.96,0,1,4358.37790821485,4356.982035723269,4380.877559169459,0,0,
2026-09-11T15:00:00-04:00,4346.98,4353.75,4342.82,4348.68,4346.98,4353.75,4342.82,4348.68,0,0,4355.145272143233,4355.796030619945,4380.239983740361,0,0,
2026-09-11T16:00:00-04:00,4348.74,4351.45,4345.57,4348.2,4348.74,4351.45,4345.57,4348.2,0,0,4352.8301814288225,4354.710883388524,4379.605528616789,0,0,
2026-09-13T18:00:00-04:00,4334.04,4340.77,4323.33,4337.9,4334.04,4340.77,4323.33,4337.9,0,0,4347.8534542858815,4352.309328618735,4378.779676564972,0,0,
2026-09-13T19:00:00-04:00,4337.9,4342.46,4331.94,4332.82,4337.9,4342.46,4331.94,4332.82,0,0,4342.842302857254,4349.525138816059,4377.869583959725,0,0,
2026-09-13T20:00:00-04:00,4332.83,4347.57,4329.91,4338.64,4332.83,4347.57,4329.91,4338.64,0,0,4341.441535238169,4347.970118985193,4377.092760514978,0,0,
2026-09-13T21:00:00-04:00,4338.61,4355.25,4326.3,4353.41,4338.61,4355.25,4326.3,4353.41,0,0,4345.431023492113,4348.747244844451,4376.623794960226,0,0,
2026-09-13T22:00:00-04:00,4353.35,4355.38,4330.19,4330.91,4353.35,4355.38,4330.19,4330.91,0,0,4340.590682328076,4346.19906700953,4375.718571297648,0,0,
2026-09-13T23:00:00-04:00,4330.91,4336.42,4327.19,4330.47,4330.91,4336.42,4327.19,4330.47,0,0,4337.21712155205,4343.95205743674,4374.822559984823,0,0,
2026-09-14T00:00:00-04:00,4330.48,4331.72,4322.18,4329.56,4330.48,4331.72,4322.18,4329.56,0,0,4334.664747701367,4341.896049231491,4373.9262716682915,0,0,
2026-09-14T01:00:00-04:00,4329.57,4337.45,4323.42,4337.45,4329.57,4337.45,4323.42,4337.45,0,0,4335.593165134244,4341.260899341278,4373.203969259019,0,0,
2026-09-14T02:00:00-04:00,4337.47,4338.81,4320.7,4322.22,4337.47,4338.81,4320.7,4322.22,0,0,4331.13544342283,4338.540770863952,4372.194385709336,0,0,
2026-09-14T03:00:00-04:00,4322.18,4324.28,4307.98,4310.89,4322.18,4324.28,4307.98,4310.89,0,0,4324.386962281887,4334.59066074053,4370.980437477468,0,0,
2026-09-14T04:00:00-04:00,4310.98,4318.29,4303.31,4306.67,4310.98,4318.29,4303.31,4306.67,0,0,4318.481308187925,4330.601994920455,4369.706963468013,0,0,
2026-09-14T05:00:00-04:00,4306.68,4311.76,4278.8,4285.54,4306.68,4311.76,4278.8,4285.54,0,0,4307.500872125283,4324.164567074676,4368.040290924092,0,0,
2026-09-14T06:00:00-04:00,4285.55,4296.62,4278.3,4294.76,4285.55,4296.62,4278.3,4294.76,0,0,4303.253914750189,4319.963914635437,4366.589196054308,0,0,
2026-09-14T07:00:00-04:00,4294.75,4296.9,4284.36,4287.05,4294.75,4296.9,4284.36,4287.05,0,0,4297.85260983346,4315.261926830374,4365.014162469074,0,0,
2026-09-14T08:00:00-04:00,4287.05,4297.63,4265.95,4271.05,4287.05,4297.63,4265.95,4271.05,0,0,4288.91840655564,4308.945937283178,4363.153485984538,0,0,
2026-09-14T09:00:00-04:00,4271.05,4281.15,4253.62,4272.6,4271.05,4281.15,4253.62,4272.6,0,0,4283.4789377037605,4303.753660528439,4361.36034764821,0,0,
2026-09-14T10:00:00-04:00,4272.56,4283.02,4264.13,4279.54,4272.56,4283.02,4264.13,4279.54,0,0,4282.165958469173,4300.294566167233,4359.740142744286,0,0,
2026-09-14T11:00:00-04:00,4279.54,4298.24,4272.71,4288.25,4279.54,4298.24,4272.71,4288.25,0,0,4284.1939723127825,4298.573913857628,4358.32449635331,0,0,
2026-09-14T12:00:00-04:00,4288.26,4317.73,4286.38,4315.8,4288.26,4317.73,4286.38,4315.8,0,0,4294.729314875189,4301.034783306539,4357.482427118591,0,0,
2026-09-14T13:00:00-04:00,4315.8,4316.51,4307.84,4311.05,4315.8,4316.51,4307.84,4311.05,0,0,4300.169543250126,4302.465528548462,4356.562973116243,0,0,
2026-09-14T14:00:00-04:00,4311.04,4315.52,4304.82,4307.44,4311.04,4315.52,4304.82,4307.44,0,0,4302.593028833417,4303.176167327253,4355.590240975327,0,0,
2026-09-14T15:00:00-04:00,4307.44,4307.88,4282.91,4283.71,4307.44,4307.88,4282.91,4283.71,0,0,4296.298685888944,4300.395286280503,4354.166869866905,0,0,
2026-09-14T16:00:00-04:00,4283.75,4299.7,4282.4,4298.64,4283.75,4299.7,4282.4,4298.64,0,0,4297.079123925963,4300.144531097574,4353.067327889342,0,0,
2026-09-14T18:00:00-04:00,4300.57,4302.8,4292.91,4295.48,4300.57,4302.8,4292.91,4295.48,0,0,4296.5460826173085,4299.4781695122065,4351.92698476282,0,0,
2026-09-14T19:00:00-04:00,4295.49,4297.48,4287.12,4288.28,4295.49,4297.48,4287.12,4288.28,0,0,4293.790721744872,4297.878431010463,4350.6666484308835,0,0,
2026-09-14T20:00:00-04:00,4288.28,4296.71,4283.26,4293.05,4288.28,4296.71,4283.26,4293.05,0,0,4293.543814496581,4297.1886551518255,4349.525724699579,0,0,
2026-09-14T21:00:00-04:00,4293.07,4306.62,4287.97,4304.53,4293.07,4306.62,4287.97,4304.53,0,0,4297.205876331054,4298.237418701565,4348.634720250082,0,0,
2026-09-14T22:00:00-04:00,4304.54,4317.44,4304.54,4314.16,4304.54,4317.44,4304.54,4314.16,0,0,4302.857250887369,4300.51207317277,4347.952052522358,0,0,
2026-09-14T23:00:00-04:00,4314.18,4314.51,4303.31,4303.62,4314.18,4314.51,4303.31,4303.62,0,0,4303.11150059158,4300.956062719517,4347.074190096173,0,0,
2026-09-15T00:00:00-04:00,4303.62,4309.69,4300.81,4304.88,4303.62,4309.69,4300.81,4304.88,0,0,4303.701000394387,4301.516625188157,4346.238661579417,0,0,
2026-09-15T01:00:00-04:00,4304.91,4307.67,4289.25,4291.05,4304.91,4307.67,4289.25,4291.05,0,0,4299.484000262924,4300.021393018421,4345.145816795666,0,0,
2026-09-15T02:00:00-04:00,4291.05,4295.34,4286.05,4293.47,4291.05,4295.34,4286.05,4293.47,0,0,4297.479333508616,4299.085479730075,4344.1225332947615,0,0,
2026-09-15T03:00:00-04:00,4293.49,4295.53,4276.28,4280.67,4293.49,4295.53,4276.28,4280.67,0,0,4291.876222339078,4296.454696911494,4342.866047486945,0,0,
2026-09-15T04:00:00-04:00,4280.65,4280.82,4261.35,4262.43,4280.65,4280.82,4261.35,4262.43,0,0,4282.060814892719,4291.594025924137,4341.273254467402,0,0,
2026-09-15T05:00:00-04:00,4262.43,4272.23,4261.59,4268.35,4262.43,4272.23,4261.59,4268.35,0,0,4277.4905432618125,4288.273450792118,4339.8292296264635,0,0,
2026-09-15T06:00:00-04:00,4268.35,4283.9,4268.32,4281.57,4268.35,4283.9,4268.32,4281.57,0,0,4278.850362174541,4287.315814964672,4338.675581515048,0,0,
2026-09-15T07:00:00-04:00,4281.58,4286.78,4278.71,4284.7,4281.58,4286.78,4278.71,4284.7,0,0,4280.800241449694,4286.942127112577,4337.606758118711,0,0,
2026-09-15T08:00:00-04:00,4284.7,4295.8,4271.4,4290.46,4284.7,4295.8,4271.4,4290.46,0,0,4284.020160966463,4287.444680382208,4336.673158948043,0,0,
2026-09-15T09:00:00-04:00,4290.33,4298.4,4283.75,4294.85,4290.33,4298.4,4283.75,4294.85,0,0,4287.630107310975,4288.50258318475,4335.844977582736,0,0,
2026-09-15T10:00:00-04:00,4294.89,4300.55,4274.13,4277.18,4294.89,4300.55,4274.13,4277.18,0,0,4284.146738207317,4286.885071301214,4334.683294858325,0,0,
2026-09-15T11:00:00-04:00,4277.16,4294.63,4276.67,4289.4,4277.16,4294.63,4276.67,4289.4,0,0,4285.897825471545,4287.244346829612,4333.78659595024,0,0,
2026-09-15T12:00:00-04:00,4289.41,4298.39,4285.56,4295.59,4289.41,4298.39,4285.56,4295.59,0,0,4289.128550314364,4288.436582996811,4333.030227713602,0,0,
2026-09-15T13:00:00-04:00,4295.62,4299.17,4290.37,4294.95,4295.62,4299.17,4290.37,4294.95,0,0,4291.069033542909,4289.367071140124,4332.27616379848,0,0,
2026-09-15T14:00:00-04:00,4295.06,4310.46,4293.02,4308.69,4295.06,4310.46,4293.02,4308.69,1,0,4296.942689028606,4292.127489548678,4331.809111049995,0,0,
2026-09-15T15:00:00-04:00,4308.69,4310.72,4294.31,4297.8,4308.69,4310.72,4294.31,4297.8,0,0,4297.228459352404,4292.937848184581,4331.1356633064315,0,0,
2026-09-15T16:00:00-04:00,4297.78,4299.09,4291.91,4293.51,4297.78,4299.09,4291.91,4293.51,0,1,4295.988972901602,4293.019584158212,4330.3906006667,0,0,
2026-09-15T18:00:00-04:00,4295.08,4298.97,4288.93,4289.02,4295.08,4298.97,4288.93,4289.02,0,0,4293.665981934401,4292.448214992753,4329.571380851518,0,0,
2026-09-15T19:00:00-04:00,4289.03,4289.54,4281.2,4283.51,4289.03,4289.54,4281.2,4283.51,0,0,4290.280654622934,4291.171327136645,4328.659274300003,0,1,
2026-09-15T20:00:00-04:00,4283.53,4286.24,4275.52,4277.48,4283.53,4286.24,4275.52,4277.48,0,0,4286.0137697486225,4289.215423259981,4327.645823323765,0,0,
2026-09-15T21:00:00-04:00,4277.5,4293.69,4276.73,4282.58,4277.5,4293.69,4276.73,4282.58,0,0,4284.869179832415,4288.267505651413,4326.753430782701,0,0,
2026-09-15T22:00:00-04:00,4282.6,4323.5,4281.96,4321.74,4282.6,4323.5,4281.96,4321.74,1,0,4297.15945322161,4293.049290558353,4326.654154925618,0,0,
2026-09-15T23:00:00-04:00,4321.65,4341.09,4321.51,4327.12,4321.65,4341.09,4321.51,4327.12,0,0,4307.14630214774,4297.916534764303,4326.6633795805565,0,0,
2026-09-16T00:00:00-04:00,4327.12,4328.51,4320.65,4321.93,4327.12,4328.51,4320.65,4321.93,0,0,4312.074201431827,4301.347029797974,4326.569649291832,0,0,
2026-09-16T01:00:00-04:00,4321.96,4333.75,4320.81,4326.54,4321.96,4333.75,4320.81,4326.54,0,0,4316.896134287885,4304.94602554112,4326.569062177143,0,0,
2026-09-16T02:00:00-04:00,4326.57,4333.13,4321.56,4332.96,4326.57,4333.13,4321.56,4332.96,0,0,4322.250756191923,4308.948021892389,4326.695615401358,0,0,
2026-09-16T03:00:00-04:00,4332.89,4339.13,4328.53,4329.35,4332.89,4339.13,4328.53,4329.35,0,0,4324.617170794615,4311.8625901934765,4326.748177472618,0,0,
2026-09-16T04:00:00-04:00,4329.34,4337.73,4323.11,4330.33,4329.34,4337.73,4323.11,4330.33,0,0,4326.52144719641,4314.500791594409,4326.819104651378,0,0,
2026-09-16T05:00:00-04:00,4330.34,4339.31,4327.56,4338.21,4330.34,4339.31,4327.56,4338.21,0,0,4330.417631464274,4317.887821366636,4327.04466693551,0,0,
2026-09-16T06:00:00-04:00,4338.22,4350.82,4337.65,4350.82,4338.22,4350.82,4337.65,4350.82,0,0,4337.218420976183,4322.592418314259,4327.515465610054,0,0,
2026-09-16T07:00:00-04:00,4350.9,4353.66,4341.71,4341.78,4350.9,4353.66,4341.71,4341.78,0,0,4338.738947317455,4325.333501412222,4327.797931637578,0,0,
2026-09-16T08:00:00-04:00,4341.73,4348.98,4335.52,4347.68,4341.73,4348.98,4335.52,4347.68,0,0,4341.719298211637,4328.525858353333,4328.191635961586,0,0,
2026-09-16T09:00:00-04:00,4347.64,4360.45,4335.13,4338.69,4347.64,4360.45,4335.13,4338.69,0,0,4340.709532141091,4329.977878588571,4328.399524358387,0,0,
2026-09-16T10:00:00-04:00,4338.65,4356.06,4324.23,4355.12,4338.65,4356.06,4324.23,4355.12,0,0,4345.513021427394,4333.569610218775,4328.9286426879235,0,0,
2026-09-16T11:00:00-04:00,4355.12,4360.93,4342.92,4352.8,4355.12,4360.93,4342.92,4352.8,0,0,4347.942014284929,4336.31680875895,4329.401342832717,0,0,
2026-09-16T12:00:00-04:00,4352.8,4352.96,4343.82,4346.64,4352.8,4352.96,4343.82,4346.64,0,0,4347.508009523286,4337.791550364815,4329.742702380584,0,0,
2026-09-16T13:00:00-04:00,4346.63,4364.58,4341.8,4361.69,4346.63,4364.58,4341.8,4361.69,0,0,4352.235339682191,4341.2056145984125,4330.375322135424,0,0,
2026-09-16T14:00:00-04:00,4361.68,4367.53,4257.4,4261.07,4361.68,4367.53,4257.4,4261.07,0,1,4321.84689312146,4329.757669655782,4329.00293951888,0,0,
2026-09-16T15:00:00-04:00,4261.26,4287.43,4235.23,4272.19,4261.26,4287.43,4235.23,4272.19,0,0,4305.294595414307,4321.533716847813,4327.877930815536,0,0,
2026-09-16T16:00:00-04:00,4272.3,4273.86,4257.26,4264.14,4272.3,4273.86,4257.26,4264.14,0,0,4291.576396942872,4313.3346144409825,4326.615793571665,0,0,
2026-09-16T18:00:00-04:00,4263.63,4276.28,4257.5,4266.59,4263.63,4276.28,4257.5,4266.59,0,0,4283.247597961915,4306.656812377985,4325.427163995988,0,0,
2026-09-16T19:00:00-04:00,4266.59,4275.6,4258.88,4271.68,4266.59,4275.6,4258.88,4271.68,0,0,4279.39173197461,4301.660124895416,4324.362863718839,0,0,
2026-09-16T20:00:00-04:00,4271.67,4292.36,4266.4,4280.2,4271.67,4292.36,4266.4,4280.2,0,0,4279.66115464974,4298.594392767499,4323.488351565991,0,0,
2026-09-16T21:00:00-04:00,4280.19,4318.16,4280.19,4300.27,4280.19,4318.16,4280.19,4300.27,0,0,4286.530769766493,4298.833765229285,4323.028582228051,0,0,
2026-09-16T22:00:00-04:00,4300.26,4300.99,4274.04,4277.26,4300.26,4300.99,4274.04,4277.26,0,0,4283.440513177662,4295.7517987679585,4322.12227366908,0,0,
2026-09-16T23:00:00-04:00,4277.25,4297.47,4277.15,4296.08,4277.25,4297.47,4277.15,4296.08,0,0,4287.653675451775,4295.79868465825,4321.606585081573,0,0,
2026-09-17T00:00:00-04:00,4296.08,4298.93,4290.4,4297.48,4296.08,4298.93,4290.4,4297.48,0,0,4290.92911696785,4296.038872564214,4321.1288309215415,0,0,
2026-09-17T01:00:00-04:00,4297.48,4305.39,4285.53,4304.57,4297.48,4305.39,4285.53,4304.57,0,0,4295.4760779785665,4297.257605055041,4320.800933279531,0,0,
2026-09-17T02:00:00-04:00,4304.55,4315.25,4304.32,4310.91,4304.55,4315.25,4304.32,4310.91,1,0,4300.620718652378,4299.207947190035,4320.6050732145895,0,0,
2026-09-17T03:00:00-04:00,4310.81,4335.4,4309.38,4327.22,4310.81,4335.4,4309.38,4327.22,0,0,4309.487145768252,4303.209669020031,4320.736061863806,0,0,
2026-09-17T04:00:00-04:00,4327.22,4328.24,4310.25,4311.67,4327.22,4328.24,4310.25,4311.67,0,0,4310.214763845502,4304.418287731455,4320.556535886305,0,0,
2026-09-17T05:00:00-04:00,4311.67,4319.26,4305.14,4306.23,4311.67,4319.26,4305.14,4306.23,0,0,4308.886509230334,4304.677103769819,4320.272842106378,0,0,
2026-09-17T06:00:00-04:00,4306.24,4325.09,4305.19,4324.23,4306.24,4325.09,4305.19,4324.23,0,0,4314.001006153556,4307.470374659845,4320.351201668628,0,0,
2026-09-17T07:00:00-04:00,4324.26,4353.23,4323.42,4349.96,4324.26,4353.23,4323.42,4349.96,0,0,4325.987337435704,4313.54032113701,4320.937514506873,0,0,
2026-09-17T08:00:00-04:00,4349.9,4381.25,4343.72,4373.35,4349.9,4381.25,4343.72,4373.35,0,0,4341.774891623802,4322.08456097458,4321.975385506737,0,0,
2026-09-17T09:00:00-04:00,4373.32,4375.15,4355.48,4366.84,4373.32,4375.15,4355.48,4366.84,0,0,4350.129927749202,4328.478195121069,4322.863793714525,0,0,
2026-09-17T10:00:00-04:00,4366.87,4379.99,4352.27,4354.09,4366.87,4379.99,4352.27,4354.09,0,0,4351.449951832801,4332.137024389488,4323.482134433049,0,0,
2026-09-17T11:00:00-04:00,4354.06,4370.11,4351.44,4369.97,4354.06,4370.11,4351.44,4369.97,0,0,4357.623301221867,4337.54173519099,4324.4026862264545,0,0,
2026-09-17T12:00:00-04:00,4369.96,4372.55,4356.12,4362.43,4369.96,4372.55,4356.12,4362.43,0,0,4359.225534147911,4341.097201592277,4325.155702340782,0,0,
2026-09-17T13:00:00-04:00,4362.41,4365.9,4357.93,4361.34,4362.41,4365.9,4357.93,4361.34,0,0,4359.930356098607,4343.989029936238,4325.87222308651,0,0,
2026-09-17T14:00:00-04:00,4361.34,4365.63,4348.5,4351.57,4361.34,4365.63,4348.5,4351.57,0,0,4357.143570732404,4345.072025659632,4326.381089956084,0,0,
2026-09-17T15:00:00-04:00,4351.65,4356.02,4342.83,4346.09,4351.65,4356.02,4342.83,4346.09,0,0,4353.459047154936,4345.217450565399,4326.771365402498,0,0,
2026-09-17T16:00:00-04:00,4346.07,4346.96,4340.58,4341.75,4346.07,4346.96,4340.58,4341.75,0,0,4349.556031436624,4344.722100484628,4327.067972028191,0,0,
2026-09-17T18:00:00-04:00,4342.37,4349.56,4341.59,4344.45,4342.37,4349.56,4341.59,4344.45,0,0,4347.8540209577495,4344.683228986823,4327.4121706018905,0,0,
2026-09-17T19:00:00-04:00,4344.48,4348.19,4339.95,4346.33,4344.48,4348.19,4339.95,4346.33,0,0,4347.346013971833,4344.918481988706,4327.786781085021,0,0,
2026-09-17T20:00:00-04:00,4346.33,4360.13,4342.19,4356.44,4346.33,4360.13,4342.19,4356.44,0,0,4350.377342647888,4346.5644131331765,4328.354171558585,0,0,
2026-09-17T21:00:00-04:00,4356.47,4365.64,4344.02,4348.42,4356.47,4365.64,4344.02,4348.42,0,0,4349.724895098592,4346.829496971294,4328.751514696039,0,0,
2026-09-17T22:00:00-04:00,4348.42,4356.58,4343.37,4346.86,4348.42,4356.58,4343.37,4346.86,0,0,4348.769930065728,4346.833854546823,4329.110098563444,0,0,
2026-09-17T23:00:00-04:00,4346.86,4360.91,4334.4,4359.33,4346.86,4360.91,4334.4,4359.33,0,0,4352.2899533771515,4348.619018182992,4329.708512453277,0,0,
2026-09-18T00:00:00-04:00,4359.31,4367.05,4352.87,4366.93,4359.31,4367.05,4352.87,4366.93,0,0,4357.169968918101,4351.234872728279,4330.445571612618,0,0,
2026-09-18T01:00:00-04:00,4366.94,4378.28,4360.3,4377.33,4366.94,4378.28,4360.3,4377.33,0,0,4363.889979278734,4354.962748052811,4331.37397613514,0,0,
2026-09-18T02:00:00-04:00,4377.32,4397.27,4377.29,4393.5,4377.32,4397.27,4377.29,4393.5,0,0,4373.7599861858225,4360.468069759552,4332.604194429494,0,0,
2026-09-18T03:00:00-04:00,4393.53,4399.59,4388.97,4393.39,4393.53,4399.59,4388.97,4393.39,0,0,4380.303324123882,4365.171202651045,4333.807873747722,0,0,
2026-09-18T04:00:00-04:00,4393.39,4398.48,4385.18,4392.33,4393.39,4398.48,4385.18,4392.33,0,0,4384.312216082588,4369.051030843752,4334.966727732915,0,0,
2026-09-18T05:00:00-04:00,4392.33,4398.16,4373.42,4376.57,4392.33,4398.16,4373.42,4376.57,0,0,4381.731477388392,4370.125169294645,4335.790554906521,0,0,
2026-09-18T06:00:00-04:00,4376.58,4382.03,4375.78,4381.82,4376.58,4382.03,4375.78,4381.82,0,0,4381.760984925594,4371.79585939541,4336.702029066788,0,0,
2026-09-18T07:00:00-04:00,4381.81,4388.52,4372.69,4381.51,4381.81,4388.52,4372.69,4381.51,0,0,4381.6773232837295,4373.183593767494,4337.589315619921,0,0,
2026-09-18T08:00:00-04:00,4381.58,4382.88,4353.81,4368.95,4381.58,4382.88,4353.81,4368.95,0,0,4377.434882189153,4372.578794657852,4338.210319271012,0,0,
2026-09-18T09:00:00-04:00,4368.95,4375.62,4347.43,4349.39,4368.95,4375.62,4347.43,4349.39,0,0,4368.086588126102,4369.26610970673,4338.431699087428,0,0,
2026-09-18T10:00:00-04:00,4349.35,4361.79,4342.79,4353.04,4349.35,4361.79,4342.79,4353.04,0,1,4363.071058750735,4366.94809403434,4338.720972372825,0,0,
2026-09-18T11:00:00-04:00,4353.05,4358.13,4348.1,4356.74,4353.05,4358.13,4348.1,4356.74,0,0,4360.960705833823,4365.489794886577,4339.077784801086,0,0,
2026-09-18T12:00:00-04:00,4356.74,4383.69,4354.9,4382.79,4356.74,4383.69,4354.9,4382.79,1,0,4368.237137222549,4367.961252759924,4339.943373220866,0,0,
2026-09-18T13:00:00-04:00,4382.88,4396.9,4381.71,4393.18,4382.88,4396.9,4381.71,4393.18,0,0,4376.551424815033,4371.563930937077,4340.997563850156,0,0,
2026-09-18T14:00:00-04:00,4393.1,4394.33,4379.72,4382.26,4393.1,4394.33,4379.72,4382.26,0,0,4378.454283210022,4373.091940803209,4341.814641793718,0,0,
2026-09-18T15:00:00-04:00,4382.25,4386.11,4374.93,4376.5,4382.25,4386.11,4374.93,4376.5,0,0,4377.802855473348,4373.57880640275,4342.501480570079,0,0,
2026-09-18T16:00:00-04:00,4376.48,4383.39,4375.6,4378.37,4376.48,4383.39,4375.6,4378.37,0,0,4377.991903648899,4374.263262630929,4343.211748281563,0,0,
2026-09-20T18:00:00-04:00,4374.84,4382.29,4373.45,4373.89,4374.84,4382.29,4373.45,4373.89,0,0,4376.624602432599,4374.209939397939,4343.819238414601,0,0,
2026-09-20T19:00:00-04:00,4373.89,4376.28,4369.05,4372.79,4373.89,4376.28,4369.05,4372.79,0,0,4375.346401621733,4374.007090912519,4344.392916861837,0,0,
2026-09-20T20:00:00-04:00,4372.77,4376.18,4358.8,4366.68,4372.77,4376.18,4358.8,4366.68,0,0,4372.457601081155,4372.960363639302,4344.834245240811,0,0,
2026-09-20T21:00:00-04:00,4366.67,4383.4,4366.6,4377.48,4366.67,4383.4,4366.6,4377.48,0,0,4374.131734054104,4373.6060259765445,4345.4806958301015,0,0,
2026-09-20T22:00:00-04:00,4377.45,4377.78,4361.26,4363.93,4377.45,4377.78,4361.26,4363.93,0,0,4370.7311560360695,4372.223736551324,4345.846028585941,0,0,
2026-09-20T23:00:00-04:00,4363.9,4368.22,4357.83,4358.99,4363.9,4368.22,4357.83,4358.99,0,1,4366.817437357379,4370.333202758277,4346.106305247606,0,0,
2026-09-21T00:00:00-04:00,4358.98,4365.42,4355.2,4355.93,4358.98,4365.42,4355.2,4355.93,0,0,4363.188291571586,4368.275602364238,4346.300833856564,0,0,
2026-09-21T01:00:00-04:00,4355.95,4362.04,4349.27,4350.91,4355.95,4362.04,4349.27,4350.91,0,0,4359.09552771439,4365.794802026489,4346.392104473266,0,0,
2026-09-21T02:00:00-04:00,4350.91,4355.83,4346.36,4353.32,4350.91,4355.83,4346.36,4353.32,0,0,4357.170351809594,4364.012687451276,4346.5292905233,0,0,
2026-09-21T03:00:00-04:00,4353.24,4356.17,4342,4344.33,4353.24,4356.17,4342,4344.33,0,0,4352.890234539729,4361.200874958236,4346.485740215908,0,0,
2026-09-21T04:00:00-04:00,4344.32,4357.74,4343.52,4353.22,4344.32,4357.74,4343.52,4353.22,0,0,4353.00015635982,4360.060749964203,4346.6190918948005,0,0,
2026-09-21T05:00:00-04:00,4353.14,4354.9,4340.08,4345.62,4353.14,4354.9,4340.08,4345.62,0,0,4350.54010423988,4357.997785683602,4346.599307896884,0,0,
2026-09-21T06:00:00-04:00,4345.63,4356.8,4342.64,4342.72,4345.63,4356.8,4342.64,4342.72,0,0,4347.933402826587,4355.815244871659,4346.522489918728,0,0,
2026-09-21T07:00:00-04:00,4342.72,4371.05,4341.97,4369.22,4342.72,4371.05,4341.97,4369.22,1,0,4355.028935217724,4357.730209889994,4346.9719455639015,0,0,
2026-09-21T08:00:00-04:00,4369.22,4374.8,4351.37,4359.73,4369.22,4374.8,4351.37,4359.73,0,0,4356.595956811816,4358.015894191423,4347.22458030521,0,0,
2026-09-21T09:00:00-04:00,4359.68,4369.28,4346.01,4346.11,4359.68,4369.28,4346.01,4346.11,0,0,4353.100637874544,4356.315052164077,4347.202509408077,0,0,
2026-09-21T10:00:00-04:00,4346.13,4347.22,4322.76,4338.84,4346.13,4347.22,4322.76,4338.84,0,1,4348.347091916363,4353.8186161406375,4347.036915162373,0,0,
2026-09-21T11:00:00-04:00,4338.85,4355.95,4338.85,4348.1,4338.85,4355.95,4338.85,4348.1,0,0,4348.264727944242,4353.001670977689,4347.057966347276,0,0,
2026-09-21T12:00:00-04:00,4348.2,4356.94,4343.02,4343.35,4348.2,4356.94,4343.02,4343.35,0,0,4346.626485296161,4351.62286083802,4346.984541271093,0,0,
2026-09-21T13:00:00-04:00,4343.35,4346.89,4337.51,4344.53,4343.35,4346.89,4337.51,4344.53,0,0,4345.927656864107,4350.609595004017,4346.935936493447,0,0,
2026-09-21T14:00:00-04:00,4344.57,4352.46,4344.07,4346.12,4344.57,4352.46,4344.07,4346.12,0,0,4345.991771242738,4349.968224289158,4346.919779335161,0,0,
2026-09-21T15:00:00-04:00,4346.11,4353.86,4342.25,4345.1,4346.11,4353.86,4342.25,4345.1,0,0,4345.694514161825,4349.272763676421,4346.883744100802,0,0,
2026-09-21T16:00:00-04:00,4345.13,4345.29,4339.27,4343.53,4345.13,4345.29,4339.27,4343.53,0,0,4344.973009441217,4348.452368865504,4346.817333326529,0,0,
2026-09-21T18:00:00-04:00,4344.7,4365.18,4344.44,4361.02,4344.7,4365.18,4344.44,4361.02,1,0,4350.322006294145,4350.2477447418605,4347.0985742507555,1,0,
2026-09-21T19:00:00-04:00,4361.05,4370.66,4358.22,4368.67,4361.05,4370.66,4358.22,4368.67,0,0,4356.438004196097,4352.879495493024,4347.525731196285,0,0,
2026-09-21T20:00:00-04:00,4368.68,4376.03,4348.46,4360.22,4368.68,4376.03,4348.46,4360.22,0,0,4357.698669464065,4353.928138994021,4347.7771028557645,0,0,
2026-09-21T21:00:00-04:00,4360.23,4365.17,4343.55,4348.48,4360.23,4365.17,4343.55,4348.48,0,1,4354.62577964271,4353.149833423447,4347.791021611096,0,0,
2026-09-21T22:00:00-04:00,4348.47,4355.81,4339.78,4344.68,4348.47,4355.81,4339.78,4344.68,0,0,4351.310519761807,4351.939857220097,4347.729417222758,0,0,
2026-09-21T23:00:00-04:00,4344.68,4349.34,4339.53,4341.73,4344.68,4349.34,4339.53,4341.73,0,0,4348.1170131745375,4350.481306188654,4347.610616881713,0,0,
2026-09-22T00:00:00-04:00,4341.72,4343.09,4335.02,4342.88,4341.72,4343.09,4335.02,4342.88,0,0,4346.371342116358,4349.395405304561,4347.516941299898,0,0,
2026-09-22T01:00:00-04:00,4342.85,4347.38,4316.32,4323.69,4342.85,4347.38,4316.32,4323.69,0,0,4338.810894744239,4345.723204546766,4347.045120680097,0,0,
2026-09-22T02:00:00-04:00,4323.68,4324.37,4315.17,4318.6,4323.68,4324.37,4315.17,4318.6,0,0,4332.073929829493,4341.848461040086,4346.48185096366,0,0,
2026-09-22T03:00:00-04:00,4318.48,4324.28,4299.68,4301.19,4318.48,4324.28,4299.68,4301.19,0,0,4321.7792865529955,4336.040109462931,4345.584982627745,0,0,
2026-09-22T04:00:00-04:00,4301.19,4335.49,4291.58,4330.21,4301.19,4335.49,4291.58,4330.21,0,0,4324.589524368664,4335.207236682512,4345.280527526206,0,0,
2026-09-22T05:00:00-04:00,4330.16,4337.86,4312.07,4336.68,4330.16,4337.86,4312.07,4336.68,0,0,4328.619682912443,4335.417631442154,4345.11022005044,0,0,
2026-09-22T06:00:00-04:00,4336.67,4338.1,4321.78,4321.82,4336.67,4338.1,4321.78,4321.82,0,0,4326.353121941628,4333.475112664703,4344.6490275741935,0,0,
2026-09-22T07:00:00-04:00,4321.82,4323.46,4309.05,4322.64,4321.82,4323.46,4309.05,4322.64,0,0,4325.115414627752,4331.927239426888,4344.213205245992,0,0,
2026-09-22T08:00:00-04:00,4322.64,4343.96,4320.47,4333.84,4322.64,4343.96,4320.47,4333.84,0,0,4328.023609751835,4332.200490937333,4344.007795241121,0,0,
2026-09-22T09:00:00-04:00,4333.86,4343.94,4327.79,4333.51,4333.86,4343.94,4327.79,4333.51,0,0,4329.852406501223,4332.387563660571,4343.799918107634,0,0,
2026-09-22T10:00:00-04:00,4333.49,4337.74,4315,4328.08,4333.49,4337.74,4315,4328.08,0,0,4329.261604334149,4331.772197423346,4343.488632600552,0,0,
2026-09-22T11:00:00-04:00,4328.09,4340.65,4325.44,4331.21,4328.09,4340.65,4325.44,4331.21,0,0,4329.911069556099,4331.691883505726,4343.245491360937,0,0,
2026-09-22T12:00:00-04:00,4331.19,4341.89,4322.6,4336.31,4331.19,4341.89,4322.6,4336.31,0,0,4332.044046370733,4332.351614433479,4343.108154898345,0,0,
2026-09-22T13:00:00-04:00,4336.3,4352.86,4334.75,4350.8,4336.3,4352.86,4334.75,4350.8,0,0,4338.296030913822,4334.9870980858395,4343.260468662734,1,0,
2026-09-22T14:00:00-04:00,4350.83,4360.67,4347.65,4353.53,4350.83,4360.67,4347.65,4353.53,1,0,4343.374020609214,4337.636084073577,4343.463825718917,0,0,
2026-09-22T15:00:00-04:00,4353.56,4371.16,4353.42,4364.12,4353.56,4371.16,4353.42,4364.12,0,0,4350.2893470728095,4341.419500634494,4343.872858872998,0,0,
2026-09-22T16:00:00-04:00,4364.12,4364.52,4357.53,4358.4,4364.12,4364.52,4357.53,4358.4,0,0,4352.992898048539,4343.845286258138,4344.160525033929,0,0,
2026-09-22T18:00:00-04:00,4358.15,4365.34,4358.03,4362.26,4358.15,4365.34,4358.03,4362.26,0,0,4356.08193203236,4346.4759596498325,4344.518930478802,0,0,
2026-09-22T19:00:00-04:00,4362.3,4365.49,4358.4,4363.99,4362.3,4365.49,4358.4,4363.99,0,0,4358.71795468824,4348.977965414142,4344.904496211895,0,0,
2026-09-22T20:00:00-04:00,4363.99,4369.39,4355.23,4357.55,4363.99,4369.39,4355.23,4357.55,0,0,4358.328636458827,4350.20254178355,4345.154902227501,0,0,
2026-09-22T21:00:00-04:00,4357.54,4359.18,4339.06,4341.43,4357.54,4359.18,4339.06,4341.43,0,1,4352.695757639218,4348.9493215287575,4345.081141787353,0,0,
2026-09-22T22:00:00-04:00,4341.43,4341.43,4333.41,4334.07,4341.43,4341.43,4333.41,4334.07,0,0,4346.487171759479,4346.823704167507,4344.863099375722,0,1,
2026-09-22T23:00:00-04:00,4334.07,4345.51,4333.31,4342.69,4334.07,4345.51,4333.31,4342.69,0,0,4345.221447839653,4346.23317500072,4344.820067704916,0,0,0
2026-09-23T00:00:00-04:00,4342.69,4347.33,4342.57,4344.17,4342.69,4347.33,4342.57,4344.17,0,0,4344.870965226435,4345.938435714903,4344.807195077096,0,0,1
2026-09-23T01:00:00-04:00,4344.16,4345.79,4328.11,4334.6,4344.16,4345.79,4328.11,4334.6,0,0,4341.447310150957,4344.318659184202,4344.6050724023025,0,0,
2026-09-23T02:00:00-04:00,4334.56,4337.02,4326.08,4331.4,4334.56,4337.02,4326.08,4331.4,0,0,4338.098206767304,4342.473136443602,4344.343585820079,0,0,
2026-09-23T03:00:00-04:00,4331.35,4332.86,4319.02,4319.61,4331.35,4332.86,4319.02,4319.61,0,0,4331.9354711782025,4339.206974094516,4343.8538118434435,0,0,
2026-09-23T04:00:00-04:00,4319.57,4322.74,4315.55,4318.2,4319.57,4322.74,4315.55,4318.2,0,0,4327.356980785468,4336.2059777953,4343.345815569316,0,0,
2026-09-23T05:00:00-04:00,4318.21,4320.38,4308.39,4314.2,4318.21,4320.38,4308.39,4314.2,0,0,4322.971320523646,4333.062266681685,4342.768670706558,0,0,
2026-09-23T06:00:00-04:00,4314.2,4318.98,4312.39,4315.63,4314.2,4318.98,4312.39,4315.63,0,0,4320.524213682431,4330.571942870016,4342.231271286626,0,0,
2026-09-23T07:00:00-04:00,4315.64,4317.06,4294.77,4309.58,4315.64,4317.06,4294.77,4309.58,0,0,4316.876142454954,4327.573093888585,4341.584711459168,0,0,
2026-09-23T08:00:00-04:00,4309.58,4319.1,4300.9,4309.82,4309.58,4319.1,4300.9,4309.82,0,0,4314.524094969969,4325.036937618787,4340.955707271858,0,0,
2026-09-23T09:00:00-04:00,4309.82,4313.54,4280.82,4283.93,4309.82,4313.54,4280.82,4283.93,0,0,4304.326063313313,4319.1645179589605,4339.826485345683,0,0,
2026-09-23T10:00:00-04:00,4283.94,4298.66,4277.99,4294.39,4283.94,4298.66,4277.99,4294.39,0,0,4301.014042208875,4315.625301107681,4338.9267529626,0,0,
2026-09-23T11:00:00-04:00,4294.37,4297.45,4277.63,4282.25,4294.37,4297.45,4277.63,4282.25,0,0,4294.759361472584,4310.8574009494405,4337.804441022747,0,0,
2026-09-23T12:00:00-04:00,4282.23,4289.7,4278.5,4284.99,4282.23,4289.7,4278.5,4284.99,0,0,4291.502907648389,4307.162057956663,4336.758610507445,0,0,
2026-09-23T13:00:00-04:00,4285,4293.39,4274.91,4292.95,4285,4293.39,4274.91,4292.95,0,0,4291.985271765592,4305.131763962854,4335.891113269674,0,0,
2026-09-23T14:00:00-04:00,4292.94,4294.89,4282.94,4290.41,4292.94,4294.89,4282.94,4290.41,0,0,4291.460181177062,4303.028654825303,4334.990497165324,0,0,
2026-09-23T15:00:00-04:00,4290.39,4293.34,4281.2,4284.08,4290.39,4293.34,4281.2,4284.08,0,0,4289.000120784708,4300.321704135974,4333.982368508585,0,0,
2026-09-23T16:00:00-04:00,4284.14,4290.24,4282.67,4286.78,4284.14,4290.24,4282.67,4286.78,0,0,4288.260080523139,4298.387174973692,4333.047668142078,0,0,
2026-09-23T18:00:00-04:00,4288.88,4294.46,4286.98,4289.5,4288.88,4294.46,4286.98,4289.5,0,0,4288.673387015426,4297.117578548879,4332.185338079858,0,0,
2026-09-23T19:00:00-04:00,4289.5,4293.3,4285.08,4288.63,4289.5,4293.3,4285.08,4288.63,0,0,4288.658924676951,4295.905067327611,4331.322856137683,0,0,
2026-09-23T20:00:00-04:00,4288.64,4299.25,4284.01,4298.53,4288.64,4299.25,4284.01,4298.53,0,0,4291.949283117967,4296.28005770938,4330.6734926498075,0,0,
2026-09-23T21:00:00-04:00,4298.58,4303.27,4278.01,4279.12,4298.58,4303.27,4278.01,4279.12,0,0,4287.672855411978,4293.828620893754,4329.652631409217,0,0,
2026-09-23T22:00:00-04:00,4278.98,4297.03,4273.75,4290.84,4278.98,4297.03,4273.75,4290.84,0,0,4288.728570274652,4293.401675051789,4328.884064450619,0,0,
2026-09-23T23:00:00-04:00,4290.85,4293.92,4280.57,4285.04,4290.85,4293.92,4280.57,4285.04,0,0,4287.499046849768,4292.207150044391,4328.015865154567,0,0,
2026-09-24T00:00:00-04:00,4285.03,4290.35,4281.68,4289.52,4285.03,4290.35,4281.68,4289.52,0,0,4288.172697899846,4291.823271466621,4327.253570795071,0,0,
2026-09-24T01:00:00-04:00,4289.53,4296.36,4277.51,4279.21,4289.53,4296.36,4277.51,4279.21,0,0,4285.185131933231,4290.021375542818,4326.302212957545,0,0,
2026-09-24T02:00:00-04:00,4279.21,4286.67,4274.39,4276.41,4279.21,4286.67,4274.39,4276.41,0,0,4282.2600879554875,4288.076893322415,4325.3142483445245,0,0,
2026-09-24T03:00:00-04:00,4276.41,4288.01,4274.39,4278.6,4276.41,4288.01,4274.39,4278.6,0,0,4281.0400586369915,4286.723051419213,4324.389213723841,0,0,
2026-09-24T04:00:00-04:00,4278.57,4285.6,4260.75,4261.4,4278.57,4285.6,4260.75,4261.4,0,0,4274.493372424661,4283.10547264504,4323.141902560992,0,0,
2026-09-24T05:00:00-04:00,4261.4,4267.32,4250.9,4255.44,4261.4,4267.32,4250.9,4255.44,0,0,4268.142248283108,4279.1532622671775,4321.801270827111,0,0,
2026-09-24T06:00:00-04:00,4255.44,4264.35,4244.38,4258.3,4255.44,4264.35,4244.38,4258.3,0,0,4264.861498855405,4276.1742248004375,4320.543819919643,0,0,
2026-09-24T07:00:00-04:00,4258.32,4267.95,4252.08,4265.97,4258.32,4267.95,4252.08,4265.97,0,0,4265.230999236937,4274.716478400375,4319.463150218264,0,0,
2026-09-24T08:00:00-04:00,4265.91,4283.34,4260.55,4281.15,4265.91,4283.34,4260.55,4281.15,0,0,4270.537332824625,4275.635552914608,4318.704473976318,0,0,
2026-09-24T09:00:00-04:00,4281.16,4285,4264.9,4267.64,4281.16,4285,4264.9,4267.64,0,0,4269.5715552164165,4274.493331069663,4317.6932962738165,0,0,
2026-09-24T10:00:00-04:00,4267.55,4273.17,4252.5,4253.13,4267.55,4273.17,4252.5,4253.13,0,0,4264.091036810944,4271.44142663114,4316.414815159484,0,0,
2026-09-24T11:00:00-04:00,4253.16,4260.63,4244.77,4256.74,4253.16,4260.63,4244.77,4256.74,0,0,4261.640691207296,4269.341222826691,4315.233135651375,0,0,
2026-09-24T12:00:00-04:00,4256.72,4288.49,4252.71,4273.17,4256.72,4288.49,4252.71,4273.17,1,0,4265.4837941381975,4269.888190994307,4314.40020227214,0,0,
2026-09-24T13:00:00-04:00,4273.17,4278,4258.01,4264.85,4273.17,4278,4258.01,4264.85,0,0,4265.272529425465,4269.1684494236915,4313.419010147939,0,0,
2026-09-24T14:00:00-04:00,4264.85,4281.56,4256.31,4271.93,4264.85,4281.56,4256.31,4271.93,0,0,4267.4916862836435,4269.562956648879,4312.597445590554,0,0,
2026-09-24T15:00:00-04:00,4271.93,4275.9,4267.02,4273.83,4271.93,4275.9,4267.02,4273.83,0,0,4269.604457522429,4270.172534270468,4311.829773400643,0,0,
2026-09-24T16:00:00-04:00,4273.85,4275.2,4264.49,4274.6,4273.85,4275.2,4264.49,4274.6,0,0,4271.269638348286,4270.8050293746865,4311.092550164986,0,0,
2026-09-24T18:00:00-04:00,4276.25,4276.53,4267.87,4272.52,4276.25,4276.53,4267.87,4272.52,0,0,4271.686425565525,4271.050025178302,4310.328737290432,0,0,
2026-09-24T19:00:00-04:00,4272.51,4275.9,4264.9,4265.05,4272.51,4275.9,4264.9,4265.05,0,1,4269.4742837103495,4270.19287872426,4309.432128631216,0,1,
2026-09-24T20:00:00-04:00,4265.07,4281.04,4264.39,4278.53,4265.07,4281.04,4264.39,4278.53,1,0,4272.4928558069,4271.383896049365,4308.820205291984,0,0,0
2026-09-24T21:00:00-04:00,4278.53,4295.8,4276.97,4287.9,4278.53,4295.8,4276.97,4287.9,0,0,4277.628570537933,4273.743339470884,4308.405943801054,0,0,1
2026-09-24T22:00:00-04:00,4287.92,4295.22,4277.69,4283.81,4287.92,4295.22,4277.69,4283.81,0,0,4279.689047025289,4275.1814338321865,4307.918895408953,0,0,2
2026-09-24T23:00:00-04:00,4283.85,4286.34,4282.23,4283.85,4283.85,4286.34,4282.23,4283.85,0,0,,,,,,