tf,sl_mode,sl_value,tp_r,barsN,buf_atr,trail,cost_preset,n_trades,n_long,n_short,win_rate,gross_pnl,total_cost,net_pnl,cost_to_gross_ratio,profit_factor_net,expectancy_R,max_drawdown_net,avg_bars_held,exit_tp,exit_sl,exit_trail,exit_end,same_bar_exit_share,avg_net_per_trade
60,pct,0.1,1.0,3,0.5,off,none,45,22,23,0.7777777777777778,1972.8794799999596,0.0,1972.8794799999596,0.0,3.5223823391458327,0.5555555555555436,232.61978000000818,0.17777777777777778,0.7777777777777778,0.2222222222222222,0.0,0.0,0.8222222222222222,43.841766222221324
60,pct,0.1,1.0,3,0.5,off,exchange,45,22,23,0.044444444444444446,1988.8462599999766,3647.13909199,-1658.2928319900232,1.0322460203707111,4.804651516920616e-05,-0.4711264991592081,1658.2928319900238,0.17777777777777778,0.7777777777777778,0.2222222222222222,0.0,0.0,0.8222222222222222,-36.85095182200052
60,pct,0.1,1.0,3,0.5,off,cfd_std,45,22,23,0.7555555555555555,1885.4152999999496,756.0,1129.4152999999496,0.21563398902799877,2.0200065883187666,0.3211021627469469,325.14700000001176,0.17777777777777778,0.7555555555555555,0.24444444444444444,0.0,0.0,0.8222222222222222,25.098117777776658
60,pct,0.1,1.0,3,0.5,off,cfd_raw,45,22,23,0.7555555555555555,1852.4372999999614,718.0,1134.4372999999614,0.20415470172259242,2.056025554531311,0.32260963150137334,316.6469999999972,0.17777777777777778,0.7555555555555555,0.24444444444444444,0.0,0.0,0.8222222222222222,25.20971777777692
60,pct,0.1,1.0,3,0.5,bar,none,45,22,23,0.7777777777777778,1972.8794799999596,0.0,1972.8794799999596,0.0,3.5223823391458327,0.5555555555555436,232.61978000000818,0.17777777777777778,0.7777777777777778,0.2222222222222222,0.0,0.0,0.8222222222222222,43.841766222221324
60,pct,0.1,1.0,3,0.5,bar,exchange,45,22,23,0.044444444444444446,1988.8462599999766,3647.13909199,-1658.2928319900232,1.0322460203707111,4.804651516920616e-05,-0.4711264991592081,1658.2928319900238,0.17777777777777778,0.7777777777777778,0.2222222222222222,0.0,0.0,0.8222222222222222,-36.85095182200052
60,pct,0.1,1.0,3,0.5,bar,cfd_std,45,22,23,0.7555555555555555,1885.4152999999496,756.0,1129.4152999999496,0.21563398902799877,2.0200065883187666,0.3211021627469469,325.14700000001176,0.17777777777777778,0.7555555555555555,0.24444444444444444,0.0,0.0,0.8222222222222222,25.098117777776658
60,pct,0.1,1.0,3,0.5,bar,cfd_raw,45,22,23,0.7555555555555555,1852.4372999999614,718.0,1134.4372999999614,0.20415470172259242,2.056025554531311,0.32260963150137334,316.6469999999972,0.17777777777777778,0.7555555555555555,0.24444444444444444,0.0,0.0,0.8222222222222222,25.20971777777692
60,pct,0.1,1.0,3,0.5,tick,none,45,22,23,0.7777777777777778,1972.8794799999596,0.0,1972.8794799999596,0.0,3.5223823391458327,0.5555555555555436,232.61978000000818,0.17777777777777778,0.7777777777777778,0.2222222222222222,0.0,0.0,0.8222222222222222,43.841766222221324
60,pct,0.1,1.0,3,0.5,tick,exchange,45,22,23,0.044444444444444446,1988.8462599999766,3647.13909199,-1658.2928319900232,1.0322460203707111,4.804651516920616e-05,-0.4711264991592081,1658.2928319900238,0.17777777777777778,0.7777777777777778,0.2222222222222222,0.0,0.0,0.8222222222222222,-36.85095182200052
60,pct,0.1,1.0,3,0.5,tick,cfd_std,45,22,23,0.7555555555555555,1885.4152999999496,756.0,1129.4152999999496,0.21563398902799877,2.0200065883187666,0.3211021627469469,325.14700000001176,0.17777777777777778,0.7555555555555555,0.24444444444444444,0.0,0.0,0.8222222222222222,25.098117777776658
60,pct,0.1,1.0,3,0.5,tick,cfd_raw,45,22,23,0.7555555555555555,1852.4372999999614,718.0,1134.4372999999614,0.20415470172259242,2.056025554531311,0.32260963150137334,316.6469999999972,0.17777777777777778,0.7555555555555555,0.24444444444444444,0.0,0.0,0.8222222222222222,25.20971777777692
60,pct,0.1,1.0,3,1.0,off,none,19,9,10,0.7894736842105263,857.4833499999804,0.0,857.4833499999804,0.0,3.722347830103771,0.5789473684210389,81.443299999999,0.10526315789473684,0.7894736842105263,0.21052631578947367,0.0,0.0,0.8947368421052632,45.13070263157792
60,pct,0.1,1.0,3,1.0,off,exchange,19,9,10,0.05263157894736842,861.483349999995,1533.3992710950001,-671.9159210950052,1.0308995867727286,5.931059226862331e-05,-0.44924533900647484,671.915921095002,0.10526315789473684,0.7894736842105263,0.21052631578947367,0.0,0.0,0.8947368421052632,-35.363995847105535
60,pct,0.1,1.0,3,1.0,off,cfd_std,19,9,10,0.7894736842105263,884.4833499999804,310.5,573.9833499999804,0.20875141743389442,2.4017856434181017,0.38845525811115644,108.443299999999,0.10526315789473684,0.7894736842105263,0.21052631578947367,0.0,0.0,0.8947368421052632,30.20964999999897
60,pct,0.1,1.0,3,1.0,off,cfd_raw,19,9,10,0.7894736842105263,873.4833499999804,298.0,575.4833499999804,0.2003460945167707,2.4570255538787595,0.38938825402231325,103.443299999999,0.10526315789473684,0.7894736842105263,0.21052631578947367,0.0,0.0,0.8947368421052632,30.28859736842002
60,pct,0.1,1.0,3,1.0,bar,none,19,9,10,0.7894736842105263,857.4833499999804,0.0,857.4833499999804,0.0,3.722347830103771,0.5789473684210389,81.443299999999,0.10526315789473684,0.7894736842105263,0.21052631578947367,0.0,0.0,0.8947368421052632,45.13070263157792
60,pct,0.1,1.0,3,1.0,bar,exchange,19,9,10,0.05263157894736842,861.483349999995,1533.3992710950001,-671.9159210950052,1.0308995867727286,5.931059226862331e-05,-0.44924533900647484,671.915921095002,0.10526315789473684,0.7894736842105263,0.21052631578947367,0.0,0.0,0.8947368421052632,-35.363995847105535
60,pct,0.1,1.0,3,1.0,bar,cfd_std,19,9,10,0.7894736842105263,884.4833499999804,310.5,573.9833499999804,0.20875141743389442,2.4017856434181017,0.38845525811115644,108.443299999999,0.10526315789473684,0.7894736842105263,0.21052631578947367,0.0,0.0,0.8947368421052632,30.20964999999897
60,pct,0.1,1.0,3,1.0,bar,cfd_raw,19,9,10,0.7894736842105263,873.4833499999804,298.0,575.4833499999804,0.2003460945167707,2.4570255538787595,0.38938825402231325,103.443299999999,0.10526315789473684,0.7894736842105263,0.21052631578947367,0.0,0.0,0.8947368421052632,30.28859736842002
60,pct,0.1,1.0,3,1.0,tick,none,19,9,10,0.7894736842105263,857.4833499999804,0.0,857.4833499999804,0.0,3.722347830103771,0.5789473684210389,81.443299999999,0.10526315789473684,0.7894736842105263,0.21052631578947367,0.0,0.0,0.8947368421052632,45.13070263157792
60,pct,0.1,1.0,3,1.0,tick,exchange,19,9,10,0.05263157894736842,861.483349999995,1533.3992710950001,-671.9159210950052,1.0308995867727286,5.931059226862331e-05,-0.44924533900647484,671.915921095002,0.10526315789473684,0.7894736842105263,0.21052631578947367,0.0,0.0,0.8947368421052632,-35.363995847105535
60,pct,0.1,1.0,3,1.0,tick,cfd_std,19,9,10,0.7894736842105263,884.4833499999804,310.5,573.9833499999804,0.20875141743389442,2.4017856434181017,0.38845525811115644,108.443299999999,0.10526315789473684,0.7894736842105263,0.21052631578947367,0.0,0.0,0.8947368421052632,30.20964999999897
60,pct,0.1,1.0,3,1.0,tick,cfd_raw,19,9,10,0.7894736842105263,873.4833499999804,298.0,575.4833499999804,0.2003460945167707,2.4570255538787595,0.38938825402231325,103.443299999999,0.10526315789473684,0.7894736842105263,0.21052631578947367,0.0,0.0,0.8947368421052632,30.28859736842002
60,pct,0.1,1.0,3,2.0,off,none,1,0,1,1.0,75.5955399999948,0.0,75.5955399999948,0.0,inf,0.9999999999999312,0.0,0.0,1.0,0.0,0.0,0.0,1.0,75.5955399999948
60,pct,0.1,1.0,3,2.0,off,exchange,1,0,1,0.0,75.5955399999948,77.55674223,-1.961202230005199,1.025943358960136,0.0,-0.02594335896013441,1.9612022299988894,0.0,1.0,0.0,0.0,0.0,1.0,-1.961202230005199
60,pct,0.1,1.0,3,2.0,off,cfd_std,1,0,1,1.0,75.5955399999948,13.5,62.0955399999948,0.17858196396243653,inf,0.821418036037507,0.0,0.0,1.0,0.0,0.0,0.0,1.0,62.0955399999948
60,pct,0.1,1.0,3,2.0,off,cfd_raw,1,0,1,1.0,75.5955399999948,14.0,61.5955399999948,0.1851961107758601,inf,0.8148038892240839,0.0,0.0,1.0,0.0,0.0,0.0,1.0,61.5955399999948
60,pct,0.1,1.0,3,2.0,bar,none,1,0,1,1.0,75.5955399999948,0.0,75.5955399999948,0.0,inf,0.9999999999999312,0.0,0.0,1.0,0.0,0.0,0.0,1.0,75.5955399999948
60,pct,0.1,1.0,3,2.0,bar,exchange,1,0,1,0.0,75.5955399999948,77.55674223,-1.961202230005199,1.025943358960136,0.0,-0.02594335896013441,1.9612022299988894,0.0,1.0,0.0,0.0,0.0,1.0,-1.961202230005199
60,pct,0.1,1.0,3,2.0,bar,cfd_std,1,0,1,1.0,75.5955399999948,13.5,62.0955399999948,0.17858196396243653,inf,0.821418036037507,0.0,0.0,1.0,0.0,0.0,0.0,1.0,62.0955399999948
60,pct,0.1,1.0,3,2.0,bar,cfd_raw,1,0,1,1.0,75.5955399999948,14.0,61.5955399999948,0.1851961107758601,inf,0.8148038892240839,0.0,0.0,1.0,0.0,0.0,0.0,1.0,61.5955399999948
60,pct,0.1,1.0,3,2.0,tick,none,1,0,1,1.0,75.5955399999948,0.0,75.5955399999948,0.0,inf,0.9999999999999312,0.0,0.0,1.0,0.0,0.0,0.0,1.0,75.5955399999948
60,pct,0.1,1.0,3,2.0,tick,exchange,1,0,1,0.0,75.5955399999948,77.55674223,-1.961202230005199,1.025943358960136,0.0,-0.02594335896013441,1.9612022299988894,0.0,1.0,0.0,0.0,0.0,1.0,-1.961202230005199
60,pct,0.1,1.0,3,2.0,tick,cfd_std,1,0,1,1.0,75.5955399999948,13.5,62.0955399999948,0.17858196396243653,inf,0.821418036037507,0.0,0.0,1.0,0.0,0.0,0.0,1.0,62.0955399999948
60,pct,0.1,1.0,3,2.0,tick,cfd_raw,1,0,1,1.0,75.5955399999948,14.0,61.5955399999948,0.1851961107758601,inf,0.8148038892240839,0.0,0.0,1.0,0.0,0.0,0.0,1.0,61.5955399999948
60,pct,0.1,1.0,5,0.5,off,none,25,10,15,0.72,863.4125399999903,0.0,863.4125399999903,0.0,2.583567750166583,0.4399999999999946,154.0965600000054,0.12,0.72,0.28,0.0,0.0,0.88,34.53650159999961
60,pct,0.1,1.0,5,0.5,off,exchange,25,10,15,0.0,869.4185399999988,2018.0694022900002,-1148.6508622900014,1.0360382826749874,0.0,-0.5897993568962379,1148.65086229,0.12,0.72,0.28,0.0,0.0,0.88,-45.94603449160006
60,pct,0.1,1.0,5,0.5,off,cfd_std,25,10,15,0.72,897.4678199999908,432.0,465.46781999999075,0.22502084021135887,1.664785761798166,0.23615173421086463,187.55478000000585,0.12,0.72,0.28,0.0,0.0,0.88,18.61871279999963
60,pct,0.1,1.0,5,0.5,off,cfd_raw,25,10,15,0.72,886.4568199999921,406.0,480.45681999999215,0.21027192002159542,1.7105371466268369,0.243876510333357,183.06028000000515,0.12,0.72,0.28,0.0,0.0,0.88,19.218272799999685
60,pct,0.1,1.0,5,0.5,bar,none,25,10,15,0.72,863.4125399999903,0.0,863.4125399999903,0.0,2.583567750166583,0.4399999999999946,154.0965600000054,0.12,0.72,0.28,0.0,0.0,0.88,34.53650159999961
60,pct,0.1,1.0,5,0.5,bar,exchange,25,10,15,0.0,869.4185399999988,2018.0694022900002,-1148.6508622900014,1.0360382826749874,0.0,-0.5897993568962379,1148.65086229,0.12,0.72,0.28,0.0,0.0,0.88,-45.94603449160006
60,pct,0.1,1.0,5,0.5,bar,cfd_std,25,10,15,0.72,897.4678199999908,432.0,465.46781999999075,0.22502084021135887,1.664785761798166,0.23615173421086463,187.55478000000585,0.12,0.72,0.28,0.0,0.0,0.88,18.61871279999963
60,pct,0.1,1.0,5,0.5,bar,cfd_raw,25,10,15,0.72,886.4568199999921,406.0,480.45681999999215,0.21027192002159542,1.7105371466268369,0.243876510333357,183.06028000000515,0.12,0.72,0.28,0.0,0.0,0.88,19.218272799999685
60,pct,0.1,1.0,5,0.5,tick,none,25,10,15,0.72,863.4125399999903,0.0,863.4125399999903,0.0,2.583567750166583,0.4399999999999946,154.0965600000054,0.12,0.72,0.28,0.0,0.0,0.88,34.53650159999961
60,pct,0.1,1.0,5,0.5,tick,exchange,25,10,15,0.0,869.4185399999988,2018.0694022900002,-1148.6508622900014,1.0360382826749874,0.0,-0.5897993568962379,1148.65086229,0.12,0.72,0.28,0.0,0.0,0.88,-45.94603449160006
60,pct,0.1,1.0,5,0.5,tick,cfd_std,25,10,15,0.72,897.4678199999908,432.0,465.46781999999075,0.22502084021135887,1.664785761798166,0.23615173421086463,187.55478000000585,0.12,0.72,0.28,0.0,0.0,0.88,18.61871279999963
60,pct,0.1,1.0,5,0.5,tick,cfd_raw,25,10,15,0.72,886.4568199999921,406.0,480.45681999999215,0.21027192002159542,1.7105371466268369,0.243876510333357,183.06028000000515,0.12,0.72,0.28,0.0,0.0,0.88,19.218272799999685
60,pct,0.1,1.0,5,1.0,off,none,12,4,8,0.75,464.2793399999937,0.0,464.2793399999937,0.0,2.954846633288928,0.49999999999999284,81.443299999999,0.08333333333333333,0.75,0.25,0.0,0.0,0.9166666666666666,38.689944999999476
60,pct,0.1,1.0,5,1.0,off,exchange,12,4,8,0.0,466.28134000000136,969.19882608,-502.91748607999864,1.034053989120974,0.0,-0.5296264516327788,502.9174860799976,0.08333333333333333,0.75,0.25,0.0,0.0,0.9166666666666666,-41.90979050666655
60,pct,0.1,1.0,5,1.0,off,cfd_std,12,4,8,0.75,477.7928399999946,202.5,275.2928399999946,0.21873702902920417,1.902634485790047,0.299430033292389,108.443299999999,0.08333333333333333,0.75,0.25,0.0,0.0,0.9166666666666666,22.941069999999552
60,pct,0.1,1.0,5,1.0,off,cfd_raw,12,4,8,0.75,472.2873399999953,192.0,280.2873399999953,0.2061690327498247,1.9485392360519902,0.3044625726612468,103.443299999999,0.08333333333333333,0.75,0.25,0.0,0.0,0.9166666666666666,23.357278333332943
60,pct,0.1,1.0,5,1.0,bar,none,12,4,8,0.75,464.2793399999937,0.0,464.2793399999937,0.0,2.954846633288928,0.49999999999999284,81.443299999999,0.08333333333333333,0.75,0.25,0.0,0.0,0.9166666666666666,38.689944999999476
60,pct,0.1,1.0,5,1.0,bar,exchange,12,4,8,0.0,466.28134000000136,969.19882608,-502.91748607999864,1.034053989120974,0.0,-0.5296264516327788,502.9174860799976,0.08333333333333333,0.75,0.25,0.0,0.0,0.9166666666666666,-41.90979050666655
60,pct,0.1,1.0,5,1.0,bar,cfd_std,12,4,8,0.75,477.7928399999946,202.5,275.2928399999946,0.21873702902920417,1.902634485790047,0.299430033292389,108.443299999999,0.08333333333333333,0.75,0.25,0.0,0.0,0.9166666666666666,22.941069999999552
60,pct,0.1,1.0,5,1.0,bar,cfd_raw,12,4,8,0.75,472.2873399999953,192.0,280.2873399999953,0.2061690327498247,1.9485392360519902,0.3044625726612468,103.443299999999,0.08333333333333333,0.75,0.25,0.0,0.0,0.9166666666666666,23.357278333332943
60,pct,0.1,1.0,5,1.0,tick,none,12,4,8,0.75,464.2793399999937,0.0,464.2793399999937,0.0,2.954846633288928,0.49999999999999284,81.443299999999,0.08333333333333333,0.75,0.25,0.0,0.0,0.9166666666666666,38.689944999999476
60,pct,0.1,1.0,5,1.0,tick,exchange,12,4,8,0.0,466.28134000000136,969.19882608,-502.91748607999864,1.034053989120974,0.0,-0.5296264516327788,502.9174860799976,0.08333333333333333,0.75,0.25,0.0,0.0,0.9166666666666666,-41.90979050666655
60,pct,0.1,1.0,5,1.0,tick,cfd_std,12,4,8,0.75,477.7928399999946,202.5,275.2928399999946,0.21873702902920417,1.902634485790047,0.299430033292389,108.443299999999,0.08333333333333333,0.75,0.25,0.0,0.0,0.9166666666666666,22.941069999999552
60,pct,0.1,1.0,5,1.0,tick,cfd_raw,12,4,8,0.75,472.2873399999953,192.0,280.2873399999953,0.2061690327498247,1.9485392360519902,0.3044625726612468,103.443299999999,0.08333333333333333,0.75,0.25,0.0,0.0,0.9166666666666666,23.357278333332943
60,pct,0.1,1.0,5,2.0,off,none,0,0,0,,0.0,0.0,0.0,,,,0.0,,0.0,0.0,0.0,0.0,,
60,pct,0.1,1.0,5,2.0,off,exchange,0,0,0,,0.0,0.0,0.0,,,,0.0,,0.0,0.0,0.0,0.0,,
60,pct,0.1,1.0,5,2.0,off,cfd_std,0,0,0,,0.0,0.0,0.0,,,,0.0,,0.0,0.0,0.0,0.0,,
60,pct,0.1,1.0,5,2.0,off,cfd_raw,0,0,0,,0.0,0.0,0.0,,,,0.0,,0.0,0.0,0.0,0.0,,
60,pct,0.1,1.0,5,2.0,bar,none,0,0,0,,0.0,0.0,0.0,,,,0.0,,0.0,0.0,0.0,0.0,,
60,pct,0.1,1.0,5,2.0,bar,exchange,0,0,0,,0.0,0.0,0.0,,,,0.0,,0.0,0.0,0.0,0.0,,
60,pct,0.1,1.0,5,2.0,bar,cfd_std,0,0,0,,0.0,0.0,0.0,,,,0.0,,0.0,0.0,0.0,0.0,,
60,pct,0.1,1.0,5,2.0,bar,cfd_raw,0,0,0,,0.0,0.0,0.0,,,,0.0,,0.0,0.0,0.0,0.0,,
60,pct,0.1,1.0,5,2.0,tick,none,0,0,0,,0.0,0.0,0.0,,,,0.0,,0.0,0.0,0.0,0.0,,
60,pct,0.1,1.0,5,2.0,tick,exchange,0,0,0,,0.0,0.0,0.0,,,,0.0,,0.0,0.0,0.0,0.0,,
60,pct,0.1,1.0,5,2.0,tick,cfd_std,0,0,0,,0.0,0.0,0.0,,,,0.0,,0.0,0.0,0.0,0.0,,
60,pct,0.1,1.0,5,2.0,tick,cfd_raw,0,0,0,,0.0,0.0,0.0,,,,0.0,,0.0,0.0,0.0,0.0,,
60,pct,0.1,1.0,8,0.5,off,none,28,8,20,0.8214285714285714,1411.161409999986,0.0,1411.161409999986,0.0,4.66745886152272,0.6428571428571368,154.0965600000054,0.10714285714285714,0.8214285714285714,0.17857142857142858,0.0,0.0,0.8928571428571429,50.398621785713786
60,pct,0.1,1.0,8,0.5,off,exchange,28,8,20,0.0,1417.1674099999946,2246.6368144850003,-829.4694044850055,1.0330725232686462,0.0,-0.384679598986102,829.4694044850039,0.10714285714285714,0.8214285714285714,0.17857142857142858,0.0,0.0,0.8928571428571429,-29.62390730303591
60,pct,0.1,1.0,8,0.5,off,cfd_std,28,8,20,0.8214285714285714,1445.2166899999866,445.5,999.7166899999866,0.20753128760092573,3.058199969987015,0.45370534969218396,187.55478000000585,0.10714285714285714,0.8214285714285714,0.17857142857142858,0.0,0.0,0.8928571428571429,35.70416749999952
60,pct,0.1,1.0,8,0.5,off,cfd_raw,28,8,20,0.8214285714285714,1434.205689999988,432.0,1002.205689999988,0.2002154846961756,3.1245108718820234,0.45499462930201284,183.06028000000515,0.10714285714285714,0.8214285714285714,0.17857142857142858,0.0,0.0,0.8928571428571429,35.79306035714243
60,pct,0.1,1.0,8,0.5,bar,none,28,8,20,0.8214285714285714,1411.161409999986,0.0,1411.161409999986,0.0,4.66745886152272,0.6428571428571368,154.0965600000054,0.10714285714285714,0.8214285714285714,0.17857142857142858,0.0,0.0,0.8928571428571429,50.398621785713786
60,pct,0.1,1.0,8,0.5,bar,exchange,28,8,20,0.0,1417.1674099999946,2246.6368144850003,-829.4694044850055,1.0330725232686462,0.0,-0.384679598986102,829.4694044850039,0.10714285714285714,0.8214285714285714,0.17857142857142858,0.0,0.0,0.8928571428571429,-29.62390730303591
60,pct,0.1,1.0,8,0.5,bar,cfd_std,28,8,20,0.8214285714285714,1445.2166899999866,445.5,999.7166899999866,0.20753128760092573,3.058199969987015,0.45370534969218396,187.55478000000585,0.10714285714285714,0.8214285714285714,0.17857142857142858,0.0,0.0,0.8928571428571429,35.70416749999952
60,pct,0.1,1.0,8,0.5,bar,cfd_raw,28,8,20,0.8214285714285714,1434.205689999988,432.0,1002.205689999988,0.2002154846961756,3.1245108718820234,0.45499462930201284,183.06028000000515,0.10714285714285714,0.8214285714285714,0.17857142857142858,0.0,0.0,0.8928571428571429,35.79306035714243
60,pct,0.1,1.0,8,0.5,tick,none,28,8,20,0.8214285714285714,1411.161409999986,0.0,1411.161409999986,0.0,4.66745886152272,0.6428571428571368,154.0965600000054,0.10714285714285714,0.8214285714285714,0.17857142857142858,0.0,0.0,0.8928571428571429,50.398621785713786
60,pct,0.1,1.0,8,0.5,tick,exchange,28,8,20,0.0,1417.1674099999946,2246.6368144850003,-829.4694044850055,1.0330725232686462,0.0,-0.384679598986102,829.4694044850039,0.10714285714285714,0.8214285714285714,0.17857142857142858,0.0,0.0,0.8928571428571429,-29.62390730303591
60,pct,0.1,1.0,8,0.5,tick,cfd_std,28,8,20,0.8214285714285714,1445.2166899999866,445.5,999.7166899999866,0.20753128760092573,3.058199969987015,0.45370534969218396,187.55478000000585,0.10714285714285714,0.8214285714285714,0.17857142857142858,0.0,0.0,0.8928571428571429,35.70416749999952
60,pct,0.1,1.0,8,0.5,tick,cfd_raw,28,8,20,0.8214285714285714,1434.205689999988,432.0,1002.205689999988,0.2002154846961756,3.1245108718820234,0.45499462930201284,183.06028000000515,0.10714285714285714,0.8214285714285714,0.17857142857142858,0.0,0.0,0.8928571428571429,35.79306035714243
60,pct,0.1,1.0,8,1.0,off,none,11,2,9,0.9090909090909091,706.5380199999927,0.0,706.5380199999927,0.0,10.17006868939797,0.8181818181818098,77.0482800000027,0.09090909090909091,0.9090909090909091,0.09090909090909091,0.0,0.0,0.9090909090909091,64.23072909090843
60,pct,0.1,1.0,8,1.0,off,exchange,11,2,9,0.0,708.5400200000004,884.4303273200001,-175.8903073199997,1.030045153096811,0.0,-0.20716624758639937,175.89030732000538,0.09090909090909091,0.9090909090909091,0.09090909090909091,0.0,0.0,0.9090909090909091,-15.99002793818179
60,pct,0.1,1.0,8,1.0,off,cfd_std,11,2,9,0.9090909090909091,720.0515199999936,162.0,558.0515199999936,0.19123594468927693,7.163946275674196,0.6454933896493388,90.53478000000177,0.09090909090909091,0.9090909090909091,0.09090909090909091,0.0,0.0,0.9090909090909091,50.73195636363578
60,pct,0.1,1.0,8,1.0,off,cfd_raw,11,2,9,0.9090909090909091,714.5460199999943,162.0,552.5460199999943,0.1900011139694949,7.069247809870398,0.6390904425395164,91.04028000000108,0.09090909090909091,0.9090909090909091,0.09090909090909091,0.0,0.0,0.9090909090909091,50.23145636363585
60,pct,0.1,1.0,8,1.0,bar,none,11,2,9,0.9090909090909091,706.5380199999927,0.0,706.5380199999927,0.0,10.17006868939797,0.8181818181818098,77.0482800000027,0.09090909090909091,0.9090909090909091,0.09090909090909091,0.0,0.0,0.9090909090909091,64.23072909090843
60,pct,0.1,1.0,8,1.0,bar,exchange,11,2,9,0.0,708.5400200000004,884.4303273200001,-175.8903073199997,1.030045153096811,0.0,-0.20716624758639937,175.89030732000538,0.09090909090909091,0.9090909090909091,0.09090909090909091,0.0,0.0,0.9090909090909091,-15.99002793818179
60,pct,0.1,1.0,8,1.0,bar,cfd_std,11,2,9,0.9090909090909091,720.0515199999936,162.0,558.0515199999936,0.19123594468927693,7.163946275674196,0.6454933896493388,90.53478000000177,0.09090909090909091,0.9090909090909091,0.09090909090909091,0.0,0.0,0.9090909090909091,50.73195636363578
60,pct,0.1,1.0,8,1.0,bar,cfd_raw,11,2,9,0.9090909090909091,714.5460199999943,162.0,552.5460199999943,0.1900011139694949,7.069247809870398,0.6390904425395164,91.04028000000108,0.09090909090909091,0.9090909090909091,0.09090909090909091,0.0,0.0,0.9090909090909091,50.23145636363585
60,pct,0.1,1.0,8,1.0,tick,none,11,2,9,0.9090909090909091,706.5380199999927,0.0,706.5380199999927,0.0,10.17006868939797,0.8181818181818098,77.0482800000027,0.09090909090909091,0.9090909090909091,0.09090909090909091,0.0,0.0,0.9090909090909091,64.23072909090843
60,pct,0.1,1.0,8,1.0,tick,exchange,11,2,9,0.0,708.5400200000004,884.4303273200001,-175.8903073199997,1.030045153096811,0.0,-0.20716624758639937,175.89030732000538,0.09090909090909091,0.9090909090909091,0.09090909090909091,0.0,0.0,0.9090909090909091,-15.99002793818179
60,pct,0.1,1.0,8,1.0,tick,cfd_std,11,2,9,0.9090909090909091,720.0515199999936,162.0,558.0515199999936,0.19123594468927693,7.163946275674196,0.6454933896493388,90.53478000000177,0.09090909090909091,0.9090909090909091,0.09090909090909091,0.0,0.0,0.9090909090909091,50.73195636363578
60,pct,0.1,1.0,8,1.0,tick,cfd_raw,11,2,9,0.9090909090909091,714.5460199999943,162.0,552.5460199999943,0.1900011139694949,7.069247809870398,0.6390904425395164,91.04028000000108,0.09090909090909091,0.9090909090909091,0.09090909090909091,0.0,0.0,0.9090909090909091,50.23145636363585
60,pct,0.1,1.0,8,2.0,off,none,0,0,0,,0.0,0.0,0.0,,,,0.0,,0.0,0.0,0.0,0.0,,
60,pct,0.1,1.0,8,2.0,off,exchange,0,0,0,,0.0,0.0,0.0,,,,0.0,,0.0,0.0,0.0,0.0,,
60,pct,0.1,1.0,8,2.0,off,cfd_std,0,0,0,,0.0,0.0,0.0,,,,0.0,,0.0,0.0,0.0,0.0,,
60,pct,0.1,1.0,8,2.0,off,cfd_raw,0,0,0,,0.0,0.0,0.0,,,,0.0,,0.0,0.0,0.0,0.0,,
60,pct,0.1,1.0,8,2.0,bar,none,0,0,0,,0.0,0.0,0.0,,,,0.0,,0.0,0.0,0.0,0.0,,
60,pct,0.1,1.0,8,2.0,bar,exchange,0,0,0,,0.0,0.0,0.0,,,,0.0,,0.0,0.0,0.0,0.0,,
60,pct,0.1,1.0,8,2.0,bar,cfd_std,0,0,0,,0.0,0.0,0.0,,,,0.0,,0.0,0.0,0.0,0.0,,
60,pct,0.1,1.0,8,2.0,bar,cfd_raw,0,0,0,,0.0,0.0,0.0,,,,0.0,,0.0,0.0,0.0,0.0,,
60,pct,0.1,1.0,8,2.0,tick,none,0,0,0,,0.0,0.0,0.0,,,,0.0,,0.0,0.0,0.0,0.0,,
60,pct,0.1,1.0,8,2.0,tick,exchange,0,0,0,,0.0,0.0,0.0,,,,0.0,,0.0,0.0,0.0,0.0,,
60,pct,0.1,1.0,8,2.0,tick,cfd_std,0,0,0,,0.0,0.0,0.0,,,,0.0,,0.0,0.0,0.0,0.0,,
60,pct,0.1,1.0,8,2.0,tick,cfd_raw,0,0,0,,0.0,0.0,0.0,,,,0.0,,0.0,0.0,0.0,0.0,,
60,pct,0.1,1.5,3,0.5,off,none,45,22,23,0.6,1765.617600000056,0.0,1765.617600000056,0.0,2.246852463345253,0.5000000000000158,278.76046999997925,0.26666666666666666,0.6,0.4,0.0,0.0,0.7555555555555555,39.235946666667914
60,pct,0.1,1.5,3,0.5,off,exchange,45,22,23,0.6,1787.5863800000516,3663.11956839,-1875.5331883899487,0.79915023986356,0.3501597876751819,-0.5294977830441572,1986.4514718199498,0.26666666666666666,0.6,0.4,0.0,0.0,0.7555555555555555,-41.67851529755441
60,pct,0.1,1.5,3,0.5,off,cfd_std,45,22,23,0.6,1891.3413000000437,850.5,1040.8413000000437,0.18791371590763029,1.5771754489288368,0.29443163342226736,384.8643849999644,0.24444444444444444,0.6,0.4,0.0,0.0,0.7555555555555555,23.129806666667637
60,pct,0.1,1.5,3,0.5,off,cfd_raw,45,22,23,0.6,1841.8468000000576,774.0,1067.8468000000576,0.16997884127980264,1.609560550193897,0.30227812441186275,376.4880499999708,0.24444444444444444,0.6,0.4,0.0,0.0,0.7555555555555555,23.729928888890168
60,pct,0.1,1.5,3,0.5,bar,none,45,22,23,0.6,1765.617600000056,0.0,1765.617600000056,0.0,2.246852463345253,0.5000000000000158,278.76046999997925,0.26666666666666666,0.6,0.4,0.0,0.0,0.7555555555555555,39.235946666667914
60,pct,0.1,1.5,3,0.5,bar,exchange,45,22,23,0.6,1787.5863800000516,3663.11956839,-1875.5331883899487,0.79915023986356,0.3501597876751819,-0.5294977830441572,1986.4514718199498,0.26666666666666666,0.6,0.4,0.0,0.0,0.7555555555555555,-41.67851529755441
60,pct,0.1,1.5,3,0.5,bar,cfd_std,45,22,23,0.6,1891.3413000000437,850.5,1040.8413000000437,0.18791371590763029,1.5771754489288368,0.29443163342226736,384.8643849999644,0.24444444444444444,0.6,0.4,0.0,0.0,0.7555555555555555,23.129806666667637
60,pct,0.1,1.5,3,0.5,bar,cfd_raw,45,22,23,0.6,1841.8468000000576,774.0,1067.8468000000576,0.16997884127980264,1.609560550193897,0.30227812441186275,376.4880499999708,0.24444444444444444,0.6,0.4,0.0,0.0,0.7555555555555555,23.729928888890168
60,pct,0.1,1.5,3,0.5,tick,none,45,22,23,0.6,1765.617600000056,0.0,1765.617600000056,0.0,2.246852463345253,0.5000000000000158,278.76046999997925,0.26666666666666666,0.6,0.4,0.0,0.0,0.7555555555555555,39.235946666667914
60,pct,0.1,1.5,3,0.5,tick,exchange,45,22,23,0.6,1787.5863800000516,3663.11956839,-1875.5331883899487,0.79915023986356,0.3501597876751819,-0.5294977830441572,1986.4514718199498,0.26666666666666666,0.6,0.4,0.0,0.0,0.7555555555555555,-41.67851529755441
60,pct,0.1,1.5,3,0.5,tick,cfd_std,45,22,23,0.6,1891.3413000000437,850.5,1040.8413000000437,0.18791371590763029,1.5771754489288368,0.29443163342226736,384.8643849999644,0.24444444444444444,0.6,0.4,0.0,0.0,0.7555555555555555,23.129806666667637
60,pct,0.1,1.5,3,0.5,tick,cfd_raw,45,22,23,0.6,1841.8468000000576,774.0,1067.8468000000576,0.16997884127980264,1.609560550193897,0.30227812441186275,376.4880499999708,0.24444444444444444,0.6,0.4,0.0,0.0,0.7555555555555555,23.729928888890168
60,pct,0.1,1.5,3,1.0,off,none,19,9,10,0.631578947368421,855.5898750000342,0.0,855.5898750000342,0.0,2.554969730073357,0.5789473684210753,155.5397399999929,0.10526315789473684,0.631578947368421,0.3684210526315789,0.0,0.0,0.8947368421052632,45.03104605263338
60,pct,0.1,1.5,3,1.0,off,exchange,19,9,10,0.631578947368421,859.593875000035,1539.2843083574999,-679.6904333574649,0.7885498305050096,0.39551543315925286,-0.45319081477919754,753.8765288499708,0.10526315789473684,0.631578947368421,0.3684210526315789,0.0,0.0,0.8947368421052632,-35.77318070302447
60,pct,0.1,1.5,3,1.0,off,cfd_std,19,9,10,0.631578947368421,882.6168750000361,351.0,531.6168750000361,0.18195754263352681,1.7464408496418302,0.36128571317863856,209.5397399999929,0.10526315789473684,0.631578947368421,0.3684210526315789,0.0,0.0,0.8947368421052632,27.97983552631769
60,pct,0.1,1.5,3,1.0,off,cfd_raw,19,9,10,0.631578947368421,871.6058750000375,322.0,549.6058750000375,0.16597660646843765,1.7985981831098232,0.3732877829512078,199.5397399999929,0.10526315789473684,0.631578947368421,0.3684210526315789,0.0,0.0,0.8947368421052632,28.926625000001973
60,pct,0.1,1.5,3,1.0,bar,none,19,9,10,0.631578947368421,855.5898750000342,0.0,855.5898750000342,0.0,2.554969730073357,0.5789473684210753,155.5397399999929,0.10526315789473684,0.631578947368421,0.3684210526315789,0.0,0.0,0.8947368421052632,45.03104605263338
60,pct,0.1,1.5,3,1.0,bar,exchange,19,9,10,0.631578947368421,859.593875000035,1539.2843083574999,-679.6904333574649,0.7885498305050096,0.39551543315925286,-0.45319081477919754,753.8765288499708,0.10526315789473684,0.631578947368421,0.3684210526315789,0.0,0.0,0.8947368421052632,-35.77318070302447
60,pct,0.1,1.5,3,1.0,bar,cfd_std,19,9,10,0.631578947368421,882.6168750000361,351.0,531.6168750000361,0.18195754263352681,1.7464408496418302,0.36128571317863856,209.5397399999929,0.10526315789473684,0.631578947368421,0.3684210526315789,0.0,0.0,0.8947368421052632,27.97983552631769
60,pct,0.1,1.5,3,1.0,bar,cfd_raw,19,9,10,0.631578947368421,871.6058750000375,322.0,549.6058750000375,0.16597660646843765,1.7985981831098232,0.3732877829512078,199.5397399999929,0.10526315789473684,0.631578947368421,0.3684210526315789,0.0,0.0,0.8947368421052632,28.926625000001973
60,pct,0.1,1.5,3,1.0,tick,none,19,9,10,0.631578947368421,855.5898750000342,0.0,855.5898750000342,0.0,2.554969730073357,0.5789473684210753,155.5397399999929,0.10526315789473684,0.631578947368421,0.3684210526315789,0.0,0.0,0.8947368421052632,45.03104605263338
60,pct,0.1,1.5,3,1.0,tick,exchange,19,9,10,0.631578947368421,859.593875000035,1539.2843083574999,-679.6904333574649,0.7885498305050096,0.39551543315925286,-0.45319081477919754,753.8765288499708,0.10526315789473684,0.631578947368421,0.3684210526315789,0.0,0.0,0.8947368421052632,-35.77318070302447
60,pct,0.1,1.5,3,1.0,tick,cfd_std,19,9,10,0.631578947368421,882.6168750000361,351.0,531.6168750000361,0.18195754263352681,1.7464408496418302,0.36128571317863856,209.5397399999929,0.10526315789473684,0.631578947368421,0.3684210526315789,0.0,0.0,0.8947368421052632,27.97983552631769
60,pct,0.1,1.5,3,1.0,tick,cfd_raw,19,9,10,0.631578947368421,871.6058750000375,322.0,549.6058750000375,0.16597660646843765,1.7985981831098232,0.3732877829512078,199.5397399999929,0.10526315789473684,0.631578947368421,0.3684210526315789,0.0,0.0,0.8947368421052632,28.926625000001973
60,pct,0.1,1.5,3,2.0,off,none,1,0,1,1.0,113.39330999999947,0.0,113.39330999999947,0.0,inf,1.4999999999999931,0.0,0.0,1.0,0.0,0.0,0.0,1.0,113.39330999999947
60,pct,0.1,1.5,3,2.0,off,exchange,1,0,1,1.0,113.39330999999947,77.537843345,35.855466654999475,0.6837955726400469,inf,0.4743066410399274,0.0,0.0,1.0,0.0,0.0,0.0,1.0,35.855466654999475
60,pct,0.1,1.5,3,2.0,off,cfd_std,1,0,1,1.0,113.39330999999947,13.5,99.89330999999947,0.1190546426416167,inf,1.321418036037569,0.0,0.0,1.0,0.0,0.0,0.0,1.0,99.89330999999947
60,pct,0.1,1.5,3,2.0,off,cfd_raw,1,0,1,1.0,113.39330999999947,14.0,99.39330999999947,0.12346407385056547,inf,1.3148038892241456,0.0,0.0,1.0,0.0,0.0,0.0,1.0,99.39330999999947
60,pct,0.1,1.5,3,2.0,bar,none,1,0,1,1.0,113.39330999999947,0.0,113.39330999999947,0.0,inf,1.4999999999999931,0.0,0.0,1.0,0.0,0.0,0.0,1.0,113.39330999999947
60,pct,0.1,1.5,3,2.0,bar,exchange,1,0,1,1.0,113.39330999999947,77.537843345,35.855466654999475,0.6837955726400469,inf,0.4743066410399274,0.0,0.0,1.0,0.0,0.0,0.0,1.0,35.855466654999475
60,pct,0.1,1.5,3,2.0,bar,cfd_std,1,0,1,1.0,113.39330999999947,13.5,99.89330999999947,0.1190546426416167,inf,1.321418036037569,0.0,0.0,1.0,0.0,0.0,0.0,1.0,99.89330999999947
60,pct,0.1,1.5,3,2.0,bar,cfd_raw,1,0,1,1.0,113.39330999999947,14.0,99.39330999999947,0.12346407385056547,inf,1.3148038892241456,0.0,0.0,1.0,0.0,0.0,0.0,1.0,99.39330999999947
60,pct,0.1,1.5,3,2.0,tick,none,1,0,1,1.0,113.39330999999947,0.0,113.39330999999947,0.0,inf,1.4999999999999931,0.0,0.0,1.0,0.0,0.0,0.0,1.0,113.39330999999947
60,pct,0.1,1.5,3,2.0,tick,exchange,1,0,1,1.0,113.39330999999947,77.537843345,35.855466654999475,0.6837955726400469,inf,0.4743066410399274,0.0,0.0,1.0,0.0,0.0,0.0,1.0,35.855466654999475
60,pct,0.1,1.5,3,2.0,tick,cfd_std,1,0,1,1.0,113.39330999999947,13.5,99.89330999999947,0.1190546426416167,inf,1.321418036037569,0.0,0.0,1.0,0.0,0.0,0.0,1.0,99.89330999999947
60,pct,0.1,1.5,3,2.0,tick,cfd_raw,1,0,1,1.0,113.39330999999947,14.0,99.39330999999947,0.12346407385056547,inf,1.3148038892241456,0.0,0.0,1.0,0.0,0.0,0.0,1.0,99.39330999999947
60,pct,0.1,1.5,5,0.5,off,none,25,10,15,0.64,1187.6958400000003,0.0,1187.6958400000003,0.0,2.7034048165406466,0.6,154.0965600000054,0.16,0.64,0.36,0.0,0.0,0.84,47.50783360000001
60,pct,0.1,1.5,5,0.5,off,exchange,25,10,15,0.64,1195.6998400000011,2022.070537195,-826.3706971949989,0.7855177799495892,0.41914537194629925,-0.43086323839176677,1053.1021677750105,0.16,0.64,0.36,0.0,0.0,0.84,-33.05482788779996
60,pct,0.1,1.5,5,0.5,off,cfd_std,25,10,15,0.64,1235.2376199999999,459.0,776.2376199999999,0.18109006704254177,1.869532978346881,0.3889741158855166,187.55478000000585,0.16,0.64,0.36,0.0,0.0,0.84,31.049504799999994
60,pct,0.1,1.5,5,0.5,off,cfd_raw,25,10,15,0.64,1218.7321200000006,422.0,796.7321200000006,0.1654152182251639,1.9219175955303418,0.3996231068813005,183.06028000000515,0.16,0.64,0.36,0.0,0.0,0.84,31.869284800000024
60,pct,0.1,1.5,5,0.5,bar,none,25,10,15,0.64,1187.6958400000003,0.0,1187.6958400000003,0.0,2.7034048165406466,0.6,154.0965600000054,0.16,0.64,0.36,0.0,0.0,0.84,47.50783360000001
60,pct,0.1,1.5,5,0.5,bar,exchange,25,10,15,0.64,1195.6998400000011,2022.070537195,-826.3706971949989,0.7855177799495892,0.41914537194629925,-0.43086323839176677,1053.1021677750105,0.16,0.64,0.36,0.0,0.0,0.84,-33.05482788779996
60,pct,0.1,1.5,5,0.5,bar,cfd_std,25,10,15,0.64,1235.2376199999999,459.0,776.2376199999999,0.18109006704254177,1.869532978346881,0.3889741158855166,187.55478000000585,0.16,0.64,0.36,0.0,0.0,0.84,31.049504799999994
60,pct,0.1,1.5,5,0.5,bar,cfd_raw,25,10,15,0.64,1218.7321200000006,422.0,796.7321200000006,0.1654152182251639,1.9219175955303418,0.3996231068813005,183.06028000000515,0.16,0.64,0.36,0.0,0.0,0.84,31.869284800000024
60,pct,0.1,1.5,5,0.5,tick,none,25,10,15,0.64,1187.6958400000003,0.0,1187.6958400000003,0.0,2.7034048165406466,0.6,154.0965600000054,0.16,0.64,0.36,0.0,0.0,0.84,47.50783360000001
60,pct,0.1,1.5,5,0.5,tick,exchange,25,10,15,0.64,1195.6998400000011,2022.070537195,-826.3706971949989,0.7855177799495892,0.41914537194629925,-0.43086323839176677,1053.1021677750105,0.16,0.64,0.36,0.0,0.0,0.84,-33.05482788779996
60,pct,0.1,1.5,5,0.5,tick,cfd_std,25,10,15,0.64,1235.2376199999999,459.0,776.2376199999999,0.18109006704254177,1.869532978346881,0.3889741158855166,187.55478000000585,0.16,0.64,0.36,0.0,0.0,0.84,31.049504799999994
60,pct,0.1,1.5,5,0.5,tick,cfd_raw,25,10,15,0.64,1218.7321200000006,422.0,796.7321200000006,0.1654152182251639,1.9219175955303418,0.3996231068813005,183.06028000000515,0.16,0.64,0.36,0.0,0.0,0.84,31.869284800000024
60,pct,0.1,1.5,5,1.0,off,none,12,4,8,0.75,815.1698450000113,0.0,815.1698450000113,0.0,4.432269949933484,0.8750000000000115,81.443299999999,0.08333333333333333,0.75,0.25,0.0,0.0,0.9166666666666666,67.9308204166676
60,pct,0.1,1.5,5,1.0,off,exchange,12,4,8,0.75,817.171845000019,969.1402458525,-151.968400852481,0.7523380876218719,0.6866874108883871,-0.1545639516327599,301.7329572574963,0.08333333333333333,0.75,0.25,0.0,0.0,0.9166666666666666,-12.664033404373418
60,pct,0.1,1.5,5,1.0,off,cfd_std,12,4,8,0.75,828.6833450000122,202.5,626.1833450000122,0.1586170554136352,3.05313978243818,0.6744300332924079,108.443299999999,0.08333333333333333,0.75,0.25,0.0,0.0,0.9166666666666666,52.18194541666768
60,pct,0.1,1.5,5,1.0,off,cfd_raw,12,4,8,0.75,823.1778450000129,192.0,631.1778450000129,0.1497466958596284,3.136011390700928,0.6794625726612659,103.443299999999,0.08333333333333333,0.75,0.25,0.0,0.0,0.9166666666666666,52.598153750001075
60,pct,0.1,1.5,5,1.0,bar,none,12,4,8,0.75,815.1698450000113,0.0,815.1698450000113,0.0,4.432269949933484,0.8750000000000115,81.443299999999,0.08333333333333333,0.75,0.25,0.0,0.0,0.9166666666666666,67.9308204166676
60,pct,0.1,1.5,5,1.0,bar,exchange,12,4,8,0.75,817.171845000019,969.1402458525,-151.968400852481,0.7523380876218719,0.6866874108883871,-0.1545639516327599,301.7329572574963,0.08333333333333333,0.75,0.25,0.0,0.0,0.9166666666666666,-12.664033404373418
60,pct,0.1,1.5,5,1.0,bar,cfd_std,12,4,8,0.75,828.6833450000122,202.5,626.1833450000122,0.1586170554136352,3.05313978243818,0.6744300332924079,108.443299999999,0.08333333333333333,0.75,0.25,0.0,0.0,0.9166666666666666,52.18194541666768
60,pct,0.1,1.5,5,1.0,bar,cfd_raw,12,4,8,0.75,823.1778450000129,192.0,631.1778450000129,0.1497466958596284,3.136011390700928,0.6794625726612659,103.443299999999,0.08333333333333333,0.75,0.25,0.0,0.0,0.9166666666666666,52.598153750001075
60,pct,0.1,1.5,5,1.0,tick,none,12,4,8,0.75,815.1698450000113,0.0,815.1698450000113,0.0,4.432269949933484,0.8750000000000115,81.443299999999,0.08333333333333333,0.75,0.25,0.0,0.0,0.9166666666666666,67.9308204166676
60,pct,0.1,1.5,5,1.0,tick,exchange,12,4,8,0.75,817.171845000019,969.1402458525,-151.968400852481,0.7523380876218719,0.6866874108883871,-0.1545639516327599,301.7329572574963,0.08333333333333333,0.75,0.25,0.0,0.0,0.9166666666666666,-12.664033404373418
60,pct,0.1,1.5,5,1.0,tick,cfd_std,12,4,8,0.75,828.6833450000122,202.5,626.1833450000122,0.1586170554136352,3.05313978243818,0.6744300332924079,108.443299999999,0.08333333333333333,0.75,0.25,0.0,0.0,0.9166666666666666,52.18194541666768
60,pct,0.1,1.5,5,1.0,tick,cfd_raw,12,4,8,0.75,823.1778450000129,192.0,631.1778450000129,0.1497466958596284,3.136011390700928,0.6794625726612659,103.443299999999,0.08333333333333333,0.75,0.25,0.0,0.0,0.9166666666666666,52.598153750001075
60,pct,0.1,1.5,5,2.0,off,none,0,0,0,,0.0,0.0,0.0,,,,0.0,,0.0,0.0,0.0,0.0,,
60,pct,0.1,1.5,5,2.0,off,exchange,0,0,0,,0.0,0.0,0.0,,,,0.0,,0.0,0.0,0.0,0.0,,
60,pct,0.1,1.5,5,2.0,off,cfd_std,0,0,0,,0.0,0.0,0.0,,,,0.0,,0.0,0.0,0.0,0.0,,
60,pct,0.1,1.5,5,2.0,off,cfd_raw,0,0,0,,0.0,0.0,0.0,,,,0.0,,0.0,0.0,0.0,0.0,,
60,pct,0.1,1.5,5,2.0,bar,none,0,0,0,,0.0,0.0,0.0,,,,0.0,,0.0,0.0,0.0,0.0,,
60,pct,0.1,1.5,5,2.0,bar,exchange,0,0,0,,0.0,0.0,0.0,,,,0.0,,0.0,0.0,0.0,0.0,,
60,pct,0.1,1.5,5,2.0,bar,cfd_std,0,0,0,,0.0,0.0,0.0,,,,0.0,,0.0,0.0,0.0,0.0,,
60,pct,0.1,1.5,5,2.0,bar,cfd_raw,0,0,0,,0.0,0.0,0.0,,,,0.0,,0.0,0.0,0.0,0.0,,
60,pct,0.1,1.5,5,2.0,tick,none,0,0,0,,0.0,0.0,0.0,,,,0.0,,0.0,0.0,0.0,0.0,,
60,pct,0.1,1.5,5,2.0,tick,exchange,0,0,0,,0.0,0.0,0.0,,,,0.0,,0.0,0.0,0.0,0.0,,
60,pct,0.1,1.5,5,2.0,tick,cfd_std,0,0,0,,0.0,0.0,0.0,,,,0.0,,0.0,0.0,0.0,0.0,,
60,pct,0.1,1.5,5,2.0,tick,cfd_raw,0,0,0,,0.0,0.0,0.0,,,,0.0,,0.0,0.0,0.0,0.0,,
60,pct,0.1,1.5,8,0.5,off,none,28,8,20,0.7142857142857143,1738.1053000000247,0.0,1738.1053000000247,0.0,3.834531557049737,0.7857142857142969,154.0965600000054,0.14285714285714285,0.7142857142857143,0.2857142857142857,0.0,0.0,0.8571428571428571,62.07518928571517
60,pct,0.1,1.5,8,0.5,off,exchange,28,8,20,0.7142857142857143,1746.1093000000255,2252.5999957600006,-506.4906957599745,0.761919444596909,0.5950028473432479,-0.2436899525237525,734.785775357479,0.14285714285714285,0.7142857142857143,0.2857142857142857,0.0,0.0,0.8571428571428571,-18.08895341999909
60,pct,0.1,1.5,8,0.5,off,cfd_std,28,8,20,0.7142857142857143,1785.6470800000243,486.0,1299.6470800000243,0.16661280090811634,2.6627015775122427,0.5838427097760613,187.55478000000585,0.14285714285714285,0.7142857142857143,0.2857142857142857,0.0,0.0,0.8571428571428571,46.41596714285801
60,pct,0.1,1.5,8,0.5,off,cfd_raw,28,8,20,0.7142857142857143,1769.141580000025,456.0,1313.141580000025,0.15544845611456767,2.7320263962964106,0.5903141231083382,183.06028000000515,0.14285714285714285,0.7142857142857143,0.2857142857142857,0.0,0.0,0.8571428571428571,46.89791357142946
60,pct,0.1,1.5,8,0.5,bar,none,28,8,20,0.7142857142857143,1738.1053000000247,0.0,1738.1053000000247,0.0,3.834531557049737,0.7857142857142969,154.0965600000054,0.14285714285714285,0.7142857142857143,0.2857142857142857,0.0,0.0,0.8571428571428571,62.07518928571517
60,pct,0.1,1.5,8,0.5,bar,exchange,28,8,20,0.7142857142857143,1746.1093000000255,2252.5999957600006,-506.4906957599745,0.761919444596909,0.5950028473432479,-0.2436899525237525,734.785775357479,0.14285714285714285,0.7142857142857143,0.2857142857142857,0.0,0.0,0.8571428571428571,-18.08895341999909
60,pct,0.1,1.5,8,0.5,bar,cfd_std,28,8,20,0.7142857142857143,1785.6470800000243,486.0,1299.6470800000243,0.16661280090811634,2.6627015775122427,0.5838427097760613,187.55478000000585,0.14285714285714285,0.7142857142857143,0.2857142857142857,0.0,0.0,0.8571428571428571,46.41596714285801
60,pct,0.1,1.5,8,0.5,bar,cfd_raw,28,8,20,0.7142857142857143,1769.141580000025,456.0,1313.141580000025,0.15544845611456767,2.7320263962964106,0.5903141231083382,183.06028000000515,0.14285714285714285,0.7142857142857143,0.2857142857142857,0.0,0.0,0.8571428571428571,46.89791357142946
60,pct,0.1,1.5,8,0.5,tick,none,28,8,20,0.7142857142857143,1738.1053000000247,0.0,1738.1053000000247,0.0,3.834531557049737,0.7857142857142969,154.0965600000054,0.14285714285714285,0.7142857142857143,0.2857142857142857,0.0,0.0,0.8571428571428571,62.07518928571517
60,pct,0.1,1.5,8,0.5,tick,exchange,28,8,20,0.7142857142857143,1746.1093000000255,2252.5999957600006,-506.4906957599745,0.761919444596909,0.5950028473432479,-0.2436899525237525,734.785775357479,0.14285714285714285,0.7142857142857143,0.2857142857142857,0.0,0.0,0.8571428571428571,-18.08895341999909
60,pct,0.1,1.5,8,0.5,tick,cfd_std,28,8,20,0.7142857142857143,1785.6470800000243,486.0,1299.6470800000243,0.16661280090811634,2.6627015775122427,0.5838427097760613,187.55478000000585,0.14285714285714285,0.7142857142857143,0.2857142857142857,0.0,0.0,0.8571428571428571,46.41596714285801
60,pct,0.1,1.5,8,0.5,tick,cfd_raw,28,8,20,0.7142857142857143,1769.141580000025,456.0,1313.141580000025,0.15544845611456767,2.7320263962964106,0.5903141231083382,183.06028000000515,0.14285714285714285,0.7142857142857143,0.2857142857142857,0.0,0.0,0.8571428571428571,46.89791357142946
60,pct,0.1,1.5,8,1.0,off,none,11,2,9,0.9090909090909091,1098.3311700000195,0.0,1098.3311700000195,0.0,15.255103034097333,1.2727272727272958,77.0482800000027,0.09090909090909091,0.9090909090909091,0.09090909090909091,0.0,0.0,0.9090909090909091,99.84828818181995
60,pct,0.1,1.5,8,1.0,off,exchange,11,2,9,0.9090909090909091,1100.3331700000272,884.31243941,216.02073059002714,0.7072090874281577,2.3835768167925693,0.24751557059545,156.13208313999348,0.09090909090909091,0.9090909090909091,0.09090909090909091,0.0,0.0,0.9090909090909091,19.638248235457013
60,pct,0.1,1.5,8,1.0,off,cfd_std,11,2,9,0.9090909090909091,1111.8446700000204,162.0,949.8446700000204,0.1307596571878885,11.491489237616769,1.1000388441948246,90.53478000000177,0.09090909090909091,0.9090909090909091,0.09090909090909091,0.0,0.0,0.9090909090909091,86.34951545454732
60,pct,0.1,1.5,8,1.0,off,cfd_raw,11,2,9,0.9090909090909091,1106.339170000021,162.0,944.3391700000211,0.13018115680309647,11.372762144404762,1.093635897085002,91.04028000000108,0.09090909090909091,0.9090909090909091,0.09090909090909091,0.0,0.0,0.9090909090909091,85.84901545454737
60,pct,0.1,1.5,8,1.0,bar,none,11,2,9,0.9090909090909091,1098.3311700000195,0.0,1098.3311700000195,0.0,15.255103034097333,1.2727272727272958,77.0482800000027,0.09090909090909091,0.9090909090909091,0.09090909090909091,0.0,0.0,0.9090909090909091,99.84828818181995
60,pct,0.1,1.5,8,1.0,bar,exchange,11,2,9,0.9090909090909091,1100.3331700000272,884.31243941,216.02073059002714,0.7072090874281577,2.3835768167925693,0.24751557059545,156.13208313999348,0.09090909090909091,0.9090909090909091,0.09090909090909091,0.0,0.0,0.9090909090909091,19.638248235457013
60,pct,0.1,1.5,8,1.0,bar,cfd_std,11,2,9,0.9090909090909091,1111.8446700000204,162.0,949.8446700000204,0.1307596571878885,11.491489237616769,1.1000388441948246,90.53478000000177,0.09090909090909091,0.9090909090909091,0.09090909090909091,0.0,0.0,0.9090909090909091,86.34951545454732
60,pct,0.1,1.5,8,1.0,bar,cfd_raw,11,2,9,0.9090909090909091,1106.339170000021,162.0,944.3391700000211,0.13018115680309647,11.372762144404762,1.093635897085002,91.04028000000108,0.09090909090909091,0.9090909090909091,0.09090909090909091,0.0,0.0,0.9090909090909091,85.84901545454737
60,pct,0.1,1.5,8,1.0,tick,none,11,2,9,0.9090909090909091,1098.3311700000195,0.0,1098.3311700000195,0.0,15.255103034097333,1.2727272727272958,77.0482800000027,0.09090909090909091,0.9090909090909091,0.09090909090909091,0.0,0.0,0.9090909090909091,99.84828818181995
60,pct,0.1,1.5,8,1.0,tick,exchange,11,2,9,0.9090909090909091,1100.3331700000272,884.31243941,216.02073059002714,0.7072090874281577,2.3835768167925693,0.24751557059545,156.13208313999348,0.09090909090909091,0.9090909090909091,0.09090909090909091,0.0,0.0,0.9090909090909091,19.638248235457013
60,pct,0.1,1.5,8,1.0,tick,cfd_std,11,2,9,0.9090909090909091,1111.8446700000204,162.0,949.8446700000204,0.1307596571878885,11.491489237616769,1.1000388441948246,90.53478000000177,0.09090909090909091,0.9090909090909091,0.09090909090909091,0.0,0.0,0.9090909090909091,86.34951545454732
60,pct,0.1,1.5,8,1.0,tick,cfd_raw,11,2,9,0.9090909090909091,1106.339170000021,162.0,944.3391700000211,0.13018115680309647,11.372762144404762,1.093635897085002,91.04028000000108,0.09090909090909091,0.9090909090909091,0.09090909090909091,0.0,0.0,0.9090909090909091,85.84901545454737
60,pct,0.1,1.5,8,2.0,off,none,0,0,0,,0.0,0.0,0.0,,,,0.0,,0.0,0.0,0.0,0.0,,
60,pct,0.1,1.5,8,2.0,off,exchange,0,0,0,,0.0,0.0,0.0,,,,0.0,,0.0,0.0,0.0,0.0,,
60,pct,0.1,1.5,8,2.0,off,cfd_std,0,0,0,,0.0,0.0,0.0,,,,0.0,,0.0,0.0,0.0,0.0,,
60,pct,0.1,1.5,8,2.0,off,cfd_raw,0,0,0,,0.0,0.0,0.0,,,,0.0,,0.0,0.0,0.0,0.0,,
60,pct,0.1,1.5,8,2.0,bar,none,0,0,0,,0.0,0.0,0.0,,,,0.0,,0.0,0.0,0.0,0.0,,
60,pct,0.1,1.5,8,2.0,bar,exchange,0,0,0,,0.0,0.0,0.0,,,,0.0,,0.0,0.0,0.0,0.0,,
60,pct,0.1,1.5,8,2.0,bar,cfd_std,0,0,0,,0.0,0.0,0.0,,,,0.0,,0.0,0.0,0.0,0.0,,
60,pct,0.1,1.5,8,2.0,bar,cfd_raw,0,0,0,,0.0,0.0,0.0,,,,0.0,,0.0,0.0,0.0,0.0,,
60,pct,0.1,1.5,8,2.0,tick,none,0,0,0,,0.0,0.0,0.0,,,,0.0,,0.0,0.0,0.0,0.0,,
60,pct,0.1,1.5,8,2.0,tick,exchange,0,0,0,,0.0,0.0,0.0,,,,0.0,,0.0,0.0,0.0,0.0,,
60,pct,0.1,1.5,8,2.0,tick,cfd_std,0,0,0,,0.0,0.0,0.0,,,,0.0,,0.0,0.0,0.0,0.0,,
60,pct,0.1,1.5,8,2.0,tick,cfd_raw,0,0,0,,0.0,0.0,0.0,,,,0.0,,0.0,0.0,0.0,0.0,,
60,pct,0.1,2.0,3,0.5,off,none,45,22,23,0.5777777777777777,2596.6233800000628,0.0,2596.6233800000628,0.0,2.7396907768021994,0.7333333333333512,238.95456999998714,0.26666666666666666,0.5777777777777777,0.4222222222222222,0.0,0.0,0.7555555555555555,57.702741777779174
60,pct,0.1,2.0,3,0.5,off,exchange,45,22,23,0.5777777777777777,2618.5921600000584,3665.21805872,-1046.6258987199417,0.6582872384962692,0.6560793346020567,-0.2967733574547798,1489.4915261749557,0.26666666666666666,0.5777777777777777,0.4222222222222222,0.0,0.0,0.7555555555555555,-23.258353304887592
60,pct,0.1,2.0,3,0.5,off,cfd_std,45,22,23,0.5777777777777777,2722.347080000065,864.0,1858.347080000065,0.1568042492557733,1.9745618888126724,0.523844301656961,352.18013999999675,0.24444444444444444,0.5777777777777777,0.4222222222222222,0.0,0.0,0.7555555555555555,41.29660177777922
60,pct,0.1,2.0,3,0.5,off,cfd_raw,45,22,23,0.5777777777777777,2672.852580000079,782.0,1890.852580000079,0.14121770539337866,2.0218900620626528,0.5332881006497086,338.6801399999822,0.24444444444444444,0.5777777777777777,0.4222222222222222,0.0,0.0,0.7555555555555555,42.018946222223974
60,pct,0.1,2.0,3,0.5,bar,none,45,22,23,0.5777777777777777,2596.6233800000628,0.0,2596.6233800000628,0.0,2.7396907768021994,0.7333333333333512,238.95456999998714,0.26666666666666666,0.5777777777777777,0.4222222222222222,0.0,0.0,0.7555555555555555,57.702741777779174
60,pct,0.1,2.0,3,0.5,bar,exchange,45,22,23,0.5777777777777777,2618.5921600000584,3665.21805872,-1046.6258987199417,0.6582872384962692,0.6560793346020567,-0.2967733574547798,1489.4915261749557,0.26666666666666666,0.5777777777777777,0.4222222222222222,0.0,0.0,0.7555555555555555,-23.258353304887592
60,pct,0.1,2.0,3,0.5,bar,cfd_std,45,22,23,0.5777777777777777,2722.347080000065,864.0,1858.347080000065,0.1568042492557733,1.9745618888126724,0.523844301656961,352.18013999999675,0.24444444444444444,0.5777777777777777,0.4222222222222222,0.0,0.0,0.7555555555555555,41.29660177777922
60,pct,0.1,2.0,3,0.5,bar,cfd_raw,45,22,23,0.5777777777777777,2672.852580000079,782.0,1890.852580000079,0.14121770539337866,2.0218900620626528,0.5332881006497086,338.6801399999822,0.24444444444444444,0.5777777777777777,0.4222222222222222,0.0,0.0,0.7555555555555555,42.018946222223974
60,pct,0.1,2.0,3,0.5,tick,none,45,22,23,0.5777777777777777,2596.6233800000628,0.0,2596.6233800000628,0.0,2.7396907768021994,0.7333333333333512,238.95456999998714,0.26666666666666666,0.5777777777777777,0.4222222222222222,0.0,0.0,0.7555555555555555,57.702741777779174
60,pct,0.1,2.0,3,0.5,tick,exchange,45,22,23,0.5777777777777777,2618.5921600000584,3665.21805872,-1046.6258987199417,0.6582872384962692,0.6560793346020567,-0.2967733574547798,1489.4915261749557,0.26666666666666666,0.5777777777777777,0.4222222222222222,0.0,0.0,0.7555555555555555,-23.258353304887592
60,pct,0.1,2.0,3,0.5,tick,cfd_std,45,22,23,0.5777777777777777,2722.347080000065,864.0,1858.347080000065,0.1568042492557733,1.9745618888126724,0.523844301656961,352.18013999999675,0.24444444444444444,0.5777777777777777,0.4222222222222222,0.0,0.0,0.7555555555555555,41.29660177777922
60,pct,0.1,2.0,3,0.5,tick,cfd_raw,45,22,23,0.5777777777777777,2672.852580000079,782.0,1890.852580000079,0.14121770539337866,2.0218900620626528,0.5332881006497086,338.6801399999822,0.24444444444444444,0.5777777777777777,0.4222222222222222,0.0,0.0,0.7555555555555555,42.018946222223974
60,pct,0.1,2.0,3,1.0,off,none,19,9,10,0.5789473684210527,1094.6429200000275,0.0,1094.6429200000275,0.0,2.7465465573944026,0.7368421052631768,155.5397399999929,0.10526315789473684,0.5789473684210527,0.42105263157894735,0.0,0.0,0.8947368421052632,57.612785263159346
60,pct,0.1,2.0,3,1.0,off,exchange,19,9,10,0.5789473684210527,1098.6469200000283,1541.3619538400003,-442.7150338399717,0.657540304896692,0.6545302268411187,-0.2967250666120501,731.5535958799737,0.10526315789473684,0.5789473684210527,0.42105263157894735,0.0,0.0,0.8947368421052632,-23.30079125473535
60,pct,0.1,2.0,3,1.0,off,cfd_std,19,9,10,0.5789473684210527,1121.6699200000294,364.5,757.1699200000294,0.1570369322085231,1.928222753281377,0.5098946825064515,262.2290999999823,0.10526315789473684,0.5789473684210527,0.42105263157894735,0.0,0.0,0.8947368421052632,39.85104842105418
60,pct,0.1,2.0,3,1.0,off,cfd_raw,19,9,10,0.5789473684210527,1110.6589200000308,330.0,780.6589200000308,0.1415020894455814,1.9922818097458288,0.5256798427478051,248.23459999998158,0.10526315789473684,0.5789473684210527,0.42105263157894735,0.0,0.0,0.8947368421052632,41.08731157894899
60,pct,0.1,2.0,3,1.0,bar,none,19,9,10,0.5789473684210527,1094.6429200000275,0.0,1094.6429200000275,0.0,2.7465465573944026,0.7368421052631768,155.5397399999929,0.10526315789473684,0.5789473684210527,0.42105263157894735,0.0,0.0,0.8947368421052632,57.612785263159346
60,pct,0.1,2.0,3,1.0,bar,exchange,19,9,10,0.5789473684210527,1098.6469200000283,1541.3619538400003,-442.7150338399717,0.657540304896692,0.6545302268411187,-0.2967250666120501,731.5535958799737,0.10526315789473684,0.5789473684210527,0.42105263157894735,0.0,0.0,0.8947368421052632,-23.30079125473535
60,pct,0.1,2.0,3,1.0,bar,cfd_std,19,9,10,0.5789473684210527,1121.6699200000294,364.5,757.1699200000294,0.1570369322085231,1.928222753281377,0.5098946825064515,262.2290999999823,0.10526315789473684,0.5789473684210527,0.42105263157894735,0.0,0.0,0.8947368421052632,39.85104842105418
60,pct,0.1,2.0,3,1.0,bar,cfd_raw,19,9,10,0.5789473684210527,1110.6589200000308,330.0,780.6589200000308,0.1415020894455814,1.9922818097458288,0.5256798427478051,248.23459999998158,0.10526315789473684,0.5789473684210527,0.42105263157894735,0.0,0.0,0.8947368421052632,41.08731157894899
60,pct,0.1,2.0,3,1.0,tick,none,19,9,10,0.5789473684210527,1094.6429200000275,0.0,1094.6429200000275,0.0,2.7465465573944026,0.7368421052631768,155.5397399999929,0.10526315789473684,0.5789473684210527,0.42105263157894735,0.0,0.0,0.8947368421052632,57.612785263159346
60,pct,0.1,2.0,3,1.0,tick,exchange,19,9,10,0.5789473684210527,1098.6469200000283,1541.3619538400003,-442.7150338399717,0.657540304896692,0.6545302268411187,-0.2967250666120501,731.5535958799737,0.10526315789473684,0.5789473684210527,0.42105263157894735,0.0,0.0,0.8947368421052632,-23.30079125473535
60,pct,0.1,2.0,3,1.0,tick,cfd_std,19,9,10,0.5789473684210527,1121.6699200000294,364.5,757.1699200000294,0.1570369322085231,1.928222753281377,0.5098946825064515,262.2290999999823,0.10526315789473684,0.5789473684210527,0.42105263157894735,0.0,0.0,0.8947368421052632,39.85104842105418
60,pct,0.1,2.0,3,1.0,tick,cfd_raw,19,9,10,0.5789473684210527,1110.6589200000308,330.0,780.6589200000308,0.1415020894455814,1.9922818097458288,0.5256798427478051,248.23459999998158,0.10526315789473684,0.5789473684210527,0.42105263157894735,0.0,0.0,0.8947368421052632,41.08731157894899
60,pct,0.1,2.0,3,2.0,off,none,1,0,1,1.0,151.19108000000415,0.0,151.19108000000415,0.0,inf,2.000000000000055,0.0,0.0,1.0,0.0,0.0,0.0,1.0,151.19108000000415
60,pct,0.1,2.0,3,2.0,off,exchange,1,0,1,1.0,151.19108000000415,77.51894446,73.67213554000415,0.5127216794800188,inf,0.9745566410399893,0.0,0.0,1.0,0.0,0.0,0.0,1.0,73.67213554000415
60,pct,0.1,2.0,3,2.0,off,cfd_std,1,0,1,1.0,151.19108000000415,13.5,137.69108000000415,0.08929098198120967,inf,1.8214180360376306,0.0,0.0,1.0,0.0,0.0,0.0,1.0,137.69108000000415
60,pct,0.1,2.0,3,2.0,off,cfd_raw,1,0,1,1.0,151.19108000000415,14.0,137.19108000000415,0.09259805538792114,inf,1.8148038892242075,0.0,0.0,1.0,0.0,0.0,0.0,1.0,137.19108000000415
60,pct,0.1,2.0,3,2.0,bar,none,1,0,1,1.0,151.19108000000415,0.0,151.19108000000415,0.0,inf,2.000000000000055,0.0,0.0,1.0,0.0,0.0,0.0,1.0,151.19108000000415
60,pct,0.1,2.0,3,2.0,bar,exchange,1,0,1,1.0,151.19108000000415,77.51894446,73.67213554000415,0.5127216794800188,inf,0.9745566410399893,0.0,0.0,1.0,0.0,0.0,0.0,1.0,73.67213554000415
60,pct,0.1,2.0,3,2.0,bar,cfd_std,1,0,1,1.0,151.19108000000415,13.5,137.69108000000415,0.08929098198120967,inf,1.8214180360376306,0.0,0.0,1.0,0.0,0.0,0.0,1.0,137.69108000000415
60,pct,0.1,2.0,3,2.0,bar,cfd_raw,1,0,1,1.0,151.19108000000415,14.0,137.19108000000415,0.09259805538792114,inf,1.8148038892242075,0.0,0.0,1.0,0.0,0.0,0.0,1.0,137.19108000000415
60,pct,0.1,2.0,3,2.0,tick,none,1,0,1,1.0,151.19108000000415,0.0,151.19108000000415,0.0,inf,2.000000000000055,0.0,0.0,1.0,0.0,0.0,0.0,1.0,151.19108000000415
60,pct,0.1,2.0,3,2.0,tick,exchange,1,0,1,1.0,151.19108000000415,77.51894446,73.67213554000415,0.5127216794800188,inf,0.9745566410399893,0.0,0.0,1.0,0.0,0.0,0.0,1.0,73.67213554000415
60,pct,0.1,2.0,3,2.0,tick,cfd_std,1,0,1,1.0,151.19108000000415,13.5,137.69108000000415,0.08929098198120967,inf,1.8214180360376306,0.0,0.0,1.0,0.0,0.0,0.0,1.0,137.69108000000415
60,pct,0.1,2.0,3,2.0,tick,cfd_raw,1,0,1,1.0,151.19108000000415,14.0,137.19108000000415,0.09259805538792114,inf,1.8148038892242075,0.0,0.0,1.0,0.0,0.0,0.0,1.0,137.19108000000415
60,pct,0.1,2.0,5,0.5,off,none,25,10,15,0.6,1586.4571600000345,0.0,1586.4571600000345,0.0,3.050306325199814,0.8000000000000176,230.61434000000008,0.16,0.6,0.4,0.0,0.0,0.84,63.45828640000138
60,pct,0.1,2.0,5,0.5,off,exchange,25,10,15,0.6,1594.4611600000353,2024.18784999,-429.7266899899647,0.6475360086468713,0.7279788273612048,-0.23196926978471416,895.1111974299856,0.16,0.6,0.4,0.0,0.0,0.84,-17.189067599598587
60,pct,0.1,2.0,5,0.5,off,cfd_std,25,10,15,0.6,1633.998940000034,472.5,1161.498940000034,0.15308863762134817,2.165901219779762,0.5819169325746751,291.0725600000005,0.16,0.6,0.4,0.0,0.0,0.84,46.45995760000136
60,pct,0.1,2.0,5,0.5,off,cfd_raw,25,10,15,0.6,1617.4934400000348,430.0,1187.4934400000348,0.13857768351687866,2.233465129421014,0.5954410723267349,281.5780599999998,0.16,0.6,0.4,0.0,0.0,0.84,47.49973760000139
60,pct,0.1,2.0,5,0.5,bar,none,25,10,15,0.6,1586.4571600000345,0.0,1586.4571600000345,0.0,3.050306325199814,0.8000000000000176,230.61434000000008,0.16,0.6,0.4,0.0,0.0,0.84,63.45828640000138
60,pct,0.1,2.0,5,0.5,bar,exchange,25,10,15,0.6,1594.4611600000353,2024.18784999,-429.7266899899647,0.6475360086468713,0.7279788273612048,-0.23196926978471416,895.1111974299856,0.16,0.6,0.4,0.0,0.0,0.84,-17.189067599598587
60,pct,0.1,2.0,5,0.5,bar,cfd_std,25,10,15,0.6,1633.998940000034,472.5,1161.498940000034,0.15308863762134817,2.165901219779762,0.5819169325746751,291.0725600000005,0.16,0.6,0.4,0.0,0.0,0.84,46.45995760000136
60,pct,0.1,2.0,5,0.5,bar,cfd_raw,25,10,15,0.6,1617.4934400000348,430.0,1187.4934400000348,0.13857768351687866,2.233465129421014,0.5954410723267349,281.5780599999998,0.16,0.6,0.4,0.0,0.0,0.84,47.49973760000139
60,pct,0.1,2.0,5,0.5,tick,none,25,10,15,0.6,1586.4571600000345,0.0,1586.4571600000345,0.0,3.050306325199814,0.8000000000000176,230.61434000000008,0.16,0.6,0.4,0.0,0.0,0.84,63.45828640000138
60,pct,0.1,2.0,5,0.5,tick,exchange,25,10,15,0.6,1594.4611600000353,2024.18784999,-429.7266899899647,0.6475360086468713,0.7279788273612048,-0.23196926978471416,895.1111974299856,0.16,0.6,0.4,0.0,0.0,0.84,-17.189067599598587
60,pct,0.1,2.0,5,0.5,tick,cfd_std,25,10,15,0.6,1633.998940000034,472.5,1161.498940000034,0.15308863762134817,2.165901219779762,0.5819169325746751,291.0725600000005,0.16,0.6,0.4,0.0,0.0,0.84,46.45995760000136
60,pct,0.1,2.0,5,0.5,tick,cfd_raw,25,10,15,0.6,1617.4934400000348,430.0,1187.4934400000348,0.13857768351687866,2.233465129421014,0.5954410723267349,281.5780599999998,0.16,0.6,0.4,0.0,0.0,0.84,47.49973760000139
60,pct,0.1,2.0,5,1.0,off,none,12,4,8,0.6666666666666666,936.5070100000157,0.0,936.5070100000157,0.0,3.982321668291687,1.000000000000017,153.56605999999738,0.08333333333333333,0.6666666666666666,0.3333333333333333,0.0,0.0,0.9166666666666666,78.04225083333465
60,pct,0.1,2.0,5,1.0,off,exchange,12,4,8,0.6666666666666666,938.5090100000234,971.1974422949999,-32.688432294976565,0.6215488960531063,0.9490922775014746,-0.031805683701432,405.8847546499892,0.08333333333333333,0.6666666666666666,0.3333333333333333,0.0,0.0,0.9166666666666666,-2.7240360245813804
60,pct,0.1,2.0,5,1.0,off,cfd_std,12,4,8,0.6666666666666666,950.0205100000167,216.0,734.0205100000167,0.13926208028109485,2.7968416616698772,0.7847275680614564,194.05255999999645,0.08333333333333333,0.6666666666666666,0.3333333333333333,0.0,0.0,0.9166666666666666,61.16837583333472
60,pct,0.1,2.0,5,1.0,off,cfd_raw,12,4,8,0.6666666666666666,944.5150100000174,200.0,744.5150100000174,0.1284902852125202,2.889577092239412,0.7957500006725561,189.55805999999575,0.08333333333333333,0.6666666666666666,0.3333333333333333,0.0,0.0,0.9166666666666666,62.042917500001444
60,pct,0.1,2.0,5,1.0,bar,none,12,4,8,0.6666666666666666,936.5070100000157,0.0,936.5070100000157,0.0,3.982321668291687,1.000000000000017,153.56605999999738,0.08333333333333333,0.6666666666666666,0.3333333333333333,0.0,0.0,0.9166666666666666,78.04225083333465
60,pct,0.1,2.0,5,1.0,bar,exchange,12,4,8,0.6666666666666666,938.5090100000234,971.1974422949999,-32.688432294976565,0.6215488960531063,0.9490922775014746,-0.031805683701432,405.8847546499892,0.08333333333333333,0.6666666666666666,0.3333333333333333,0.0,0.0,0.9166666666666666,-2.7240360245813804
60,pct,0.1,2.0,5,1.0,bar,cfd_std,12,4,8,0.6666666666666666,950.0205100000167,216.0,734.0205100000167,0.13926208028109485,2.7968416616698772,0.7847275680614564,194.05255999999645,0.08333333333333333,0.6666666666666666,0.3333333333333333,0.0,0.0,0.9166666666666666,61.16837583333472
60,pct,0.1,2.0,5,1.0,bar,cfd_raw,12,4,8,0.6666666666666666,944.5150100000174,200.0,744.5150100000174,0.1284902852125202,2.889577092239412,0.7957500006725561,189.55805999999575,0.08333333333333333,0.6666666666666666,0.3333333333333333,0.0,0.0,0.9166666666666666,62.042917500001444
60,pct,0.1,2.0,5,1.0,tick,none,12,4,8,0.6666666666666666,936.5070100000157,0.0,936.5070100000157,0.0,3.982321668291687,1.000000000000017,153.56605999999738,0.08333333333333333,0.6666666666666666,0.3333333333333333,0.0,0.0,0.9166666666666666,78.04225083333465
60,pct,0.1,2.0,5,1.0,tick,exchange,12,4,8,0.6666666666666666,938.5090100000234,971.1974422949999,-32.688432294976565,0.6215488960531063,0.9490922775014746,-0.031805683701432,405.8847546499892,0.08333333333333333,0.6666666666666666,0.3333333333333333,0.0,0.0,0.9166666666666666,-2.7240360245813804
60,pct,0.1,2.0,5,1.0,tick,cfd_std,12,4,8,0.6666666666666666,950.0205100000167,216.0,734.0205100000167,0.13926208028109485,2.7968416616698772,0.7847275680614564,194.05255999999645,0.08333333333333333,0.6666666666666666,0.3333333333333333,0.0,0.0,0.9166666666666666,61.16837583333472
60,pct,0.1,2.0,5,1.0,tick,cfd_raw,12,4,8,0.6666666666666666,944.5150100000174,200.0,744.5150100000174,0.1284902852125202,2.889577092239412,0.7957500006725561,189.55805999999575,0.08333333333333333,0.6666666666666666,0.3333333333333333,0.0,0.0,0.9166666666666666,62.042917500001444
60,pct,0.1,2.0,5,2.0,off,none,0,0,0,,0.0,0.0,0.0,,,,0.0,,0.0,0.0,0.0,0.0,,
60,pct,0.1,2.0,5,2.0,off,exchange,0,0,0,,0.0,0.0,0.0,,,,0.0,,0.0,0.0,0.0,0.0,,
60,pct,0.1,2.0,5,2.0,off,cfd_std,0,0,0,,0.0,0.0,0.0,,,,0.0,,0.0,0.0,0.0,0.0,,
60,pct,0.1,2.0,5,2.0,off,cfd_raw,0,0,0,,0.0,0.0,0.0,,,,0.0,,0.0,0.0,0.0,0.0,,
60,pct,0.1,2.0,5,2.0,bar,none,0,0,0,,0.0,0.0,0.0,,,,0.0,,0.0,0.0,0.0,0.0,,
60,pct,0.1,2.0,5,2.0,bar,exchange,0,0,0,,0.0,0.0,0.0,,,,0.0,,0.0,0.0,0.0,0.0,,
60,pct,0.1,2.0,5,2.0,bar,cfd_std,0,0,0,,0.0,0.0,0.0,,,,0.0,,0.0,0.0,0.0,0.0,,
60,pct,0.1,2.0,5,2.0,bar,cfd_raw,0,0,0,,0.0,0.0,0.0,,,,0.0,,0.0,0.0,0.0,0.0,,
60,pct,0.1,2.0,5,2.0,tick,none,0,0,0,,0.0,0.0,0.0,,,,0.0,,0.0,0.0,0.0,0.0,,
60,pct,0.1,2.0,5,2.0,tick,exchange,0,0,0,,0.0,0.0,0.0,,,,0.0,,0.0,0.0,0.0,0.0,,
60,pct,0.1,2.0,5,2.0,tick,cfd_std,0,0,0,,0.0,0.0,0.0,,,,0.0,,0.0,0.0,0.0,0.0,,
60,pct,0.1,2.0,5,2.0,tick,cfd_raw,0,0,0,,0.0,0.0,0.0,,,,0.0,,0.0,0.0,0.0,0.0,,
60,pct,0.1,2.0,8,0.5,off,none,28,8,20,0.6071428571428571,1810.490380000003,0.0,1810.490380000003,0.0,3.129196521049667,0.8214285714285724,230.61434000000008,0.17857142857142858,0.6071428571428571,0.39285714285714285,0.0,0.0,0.8214285714285714,64.66037071428582
60,pct,0.1,2.0,8,0.5,off,exchange,28,8,20,0.6071428571428571,1820.4963799999969,2258.59611909,-438.09973909000325,0.6451073212934723,0.747476936741647,-0.2097802340232485,902.910524299994,0.17857142857142858,0.6071428571428571,0.39285714285714285,0.0,0.0,0.8214285714285714,-15.646419253214402
60,pct,0.1,2.0,8,0.5,off,cfd_std,28,8,20,0.6071428571428571,1871.5456600000034,526.5,1345.0456600000034,0.15260570634967216,2.2382343741783943,0.6073763714148578,291.0725600000005,0.17857142857142858,0.6071428571428571,0.39285714285714285,0.0,0.0,0.8214285714285714,48.03734500000012
60,pct,0.1,2.0,8,0.5,off,cfd_raw,28,8,20,0.6071428571428571,1849.5346600000048,480.0,1369.5346600000048,0.13824571908162397,2.3002668940318376,0.6188102612223305,281.5780599999998,0.17857142857142858,0.6071428571428571,0.39285714285714285,0.0,0.0,0.8214285714285714,48.91195214285732
60,pct,0.1,2.0,8,0.5,bar,none,28,8,20,0.6071428571428571,1810.490380000003,0.0,1810.490380000003,0.0,3.129196521049667,0.8214285714285724,230.61434000000008,0.17857142857142858,0.6071428571428571,0.39285714285714285,0.0,0.0,0.8214285714285714,64.66037071428582
60,pct,0.1,2.0,8,0.5,bar,exchange,28,8,20,0.6071428571428571,1820.4963799999969,2258.59611909,-438.09973909000325,0.6451073212934723,0.747476936741647,-0.2097802340232485,902.910524299994,0.17857142857142858,0.6071428571428571,0.39285714285714285,0.0,0.0,0.8214285714285714,-15.646419253214402
60,pct,0.1,2.0,8,0.5,bar,cfd_std,28,8,20,0.6071428571428571,1871.5456600000034,526.5,1345.0456600000034,0.15260570634967216,2.2382343741783943,0.6073763714148578,291.0725600000005,0.17857142857142858,0.6071428571428571,0.39285714285714285,0.0,0.0,0.8214285714285714,48.03734500000012
60,pct,0.1,2.0,8,0.5,bar,cfd_raw,28,8,20,0.6071428571428571,1849.5346600000048,480.0,1369.5346600000048,0.13824571908162397,2.3002668940318376,0.6188102612223305,281.5780599999998,0.17857142857142858,0.6071428571428571,0.39285714285714285,0.0,0.0,0.8214285714285714,48.91195214285732
60,pct,0.1,2.0,8,0.5,tick,none,28,8,20,0.6071428571428571,1810.490380000003,0.0,1810.490380000003,0.0,3.129196521049667,0.8214285714285724,230.61434000000008,0.17857142857142858,0.6071428571428571,0.39285714285714285,0.0,0.0,0.8214285714285714,64.66037071428582
60,pct,0.1,2.0,8,0.5,tick,exchange,28,8,20,0.6071428571428571,1820.4963799999969,2258.59611909,-438.09973909000325,0.6451073212934723,0.747476936741647,-0.2097802340232485,902.910524299994,0.17857142857142858,0.6071428571428571,0.39285714285714285,0.0,0.0,0.8214285714285714,-15.646419253214402
60,pct,0.1,2.0,8,0.5,tick,cfd_std,28,8,20,0.6071428571428571,1871.5456600000034,526.5,1345.0456600000034,0.15260570634967216,2.2382343741783943,0.6073763714148578,291.0725600000005,0.17857142857142858,0.6071428571428571,0.39285714285714285,0.0,0.0,0.8214285714285714,48.03734500000012
60,pct,0.1,2.0,8,0.5,tick,cfd_raw,28,8,20,0.6071428571428571,1849.5346600000048,480.0,1369.5346600000048,0.13824571908162397,2.3002668940318376,0.6188102612223305,281.5780599999998,0.17857142857142858,0.6071428571428571,0.39285714285714285,0.0,0.0,0.8214285714285714,48.91195214285732
60,pct,0.1,2.0,8,1.0,off,none,11,2,9,0.8181818181818182,1260.5709799999895,0.0,1260.5709799999895,0.0,9.208656131439533,1.4545454545454424,153.56605999999738,0.09090909090909091,0.8181818181818182,0.18181818181818182,0.0,0.0,0.9090909090909091,114.59736181818086
60,pct,0.1,2.0,8,1.0,off,exchange,11,2,9,0.8181818181818182,1262.5729799999972,886.3103281700002,376.2626518299972,0.5660788819590236,2.2013268249139495,0.4269564083386761,313.20590202997846,0.09090909090909091,0.8181818181818182,0.18181818181818182,0.0,0.0,0.9090909090909091,34.205695620908834
60,pct,0.1,2.0,8,1.0,off,cfd_std,11,2,9,0.8181818181818182,1274.0844799999904,175.5,1098.5844799999904,0.11292058575092889,6.661272801554437,1.265817973033746,194.05255999999645,0.09090909090909091,0.8181818181818182,0.18181818181818182,0.0,0.0,0.9090909090909091,99.8713163636355
60,pct,0.1,2.0,8,1.0,off,cfd_raw,11,2,9,0.8181818181818182,1268.5789799999911,170.0,1098.5789799999911,0.10899566203676725,6.795474906210877,1.2659494549154595,189.55805999999575,0.09090909090909091,0.8181818181818182,0.18181818181818182,0.0,0.0,0.9090909090909091,99.87081636363556
60,pct,0.1,2.0,8,1.0,bar,none,11,2,9,0.8181818181818182,1260.5709799999895,0.0,1260.5709799999895,0.0,9.208656131439533,1.4545454545454424,153.56605999999738,0.09090909090909091,0.8181818181818182,0.18181818181818182,0.0,0.0,0.9090909090909091,114.59736181818086
60,pct,0.1,2.0,8,1.0,bar,exchange,11,2,9,0.8181818181818182,1262.5729799999972,886.3103281700002,376.2626518299972,0.5660788819590236,2.2013268249139495,0.4269564083386761,313.20590202997846,0.09090909090909091,0.8181818181818182,0.18181818181818182,0.0,0.0,0.9090909090909091,34.205695620908834
60,pct,0.1,2.0,8,1.0,bar,cfd_std,11,2,9,0.8181818181818182,1274.0844799999904,175.5,1098.5844799999904,0.11292058575092889,6.661272801554437,1.265817973033746,194.05255999999645,0.09090909090909091,0.8181818181818182,0.18181818181818182,0.0,0.0,0.9090909090909091,99.8713163636355
60,pct,0.1,2.0,8,1.0,bar,cfd_raw,11,2,9,0.8181818181818182,1268.5789799999911,170.0,1098.5789799999911,0.10899566203676725,6.795474906210877,1.2659494549154595,189.55805999999575,0.09090909090909091,0.8181818181818182,0.18181818181818182,0.0,0.0,0.9090909090909091,99.87081636363556
60,pct,0.1,2.0,8,1.0,tick,none,11,2,9,0.8181818181818182,1260.5709799999895,0.0,1260.5709799999895,0.0,9.208656131439533,1.4545454545454424,153.56605999999738,0.09090909090909091,0.8181818181818182,0.18181818181818182,0.0,0.0,0.9090909090909091,114.59736181818086
60,pct,0.1,2.0,8,1.0,tick,exchange,11,2,9,0.8181818181818182,1262.5729799999972,886.3103281700002,376.2626518299972,0.5660788819590236,2.2013268249139495,0.4269564083386761,313.20590202997846,0.09090909090909091,0.8181818181818182,0.18181818181818182,0.0,0.0,0.9090909090909091,34.205695620908834
60,pct,0.1,2.0,8,1.0,tick,cfd_std,11,2,9,0.8181818181818182,1274.0844799999904,175.5,1098.5844799999904,0.11292058575092889,6.661272801554437,1.265817973033746,194.05255999999645,0.09090909090909091,0.8181818181818182,0.18181818181818182,0.0,0.0,0.9090909090909091,99.8713163636355
60,pct,0.1,2.0,8,1.0,tick,cfd_raw,11,2,9,0.8181818181818182,1268.5789799999911,170.0,1098.5789799999911,0.10899566203676725,6.795474906210877,1.2659494549154595,189.55805999999575,0.09090909090909091,0.8181818181818182,0.18181818181818182,0.0,0.0,0.9090909090909091,99.87081636363556
60,pct,0.1,2.0,8,2.0,off,none,0,0,0,,0.0,0.0,0.0,,,,0.0,,0.0,0.0,0.0,0.0,,
60,pct,0.1,2.0,8,2.0,off,exchange,0,0,0,,0.0,0.0,0.0,,,,0.0,,0.0,0.0,0.0,0.0,,
60,pct,0.1,2.0,8,2.0,off,cfd_std,0,0,0,,0.0,0.0,0.0,,,,0.0,,0.0,0.0,0.0,0.0,,
60,pct,0.1,2.0,8,2.0,off,cfd_raw,0,0,0,,0.0,0.0,0.0,,,,0.0,,0.0,0.0,0.0,0.0,,
60,pct,0.1,2.0,8,2.0,bar,none,0,0,0,,0.0,0.0,0.0,,,,0.0,,0.0,0.0,0.0,0.0,,
60,pct,0.1,2.0,8,2.0,bar,exchange,0,0,0,,0.0,0.0,0.0,,,,0.0,,0.0,0.0,0.0,0.0,,
60,pct,0.1,2.0,8,2.0,bar,cfd_std,0,0,0,,0.0,0.0,0.0,,,,0.0,,0.0,0.0,0.0,0.0,,
60,pct,0.1,2.0,8,2.0,bar,cfd_raw,0,0,0,,0.0,0.0,0.0,,,,0.0,,0.0,0.0,0.0,0.0,,
60,pct,0.1,2.0,8,2.0,tick,none,0,0,0,,0.0,0.0,0.0,,,,0.0,,0.0,0.0,0.0,0.0,,
60,pct,0.1,2.0,8,2.0,tick,exchange,0,0,0,,0.0,0.0,0.0,,,,0.0,,0.0,0.0,0.0,0.0,,
60,pct,0.1,2.0,8,2.0,tick,cfd_std,0,0,0,,0.0,0.0,0.0,,,,0.0,,0.0,0.0,0.0,0.0,,
60,pct,0.1,2.0,8,2.0,tick,cfd_raw,0,0,0,,0.0,0.0,0.0,,,,0.0,,0.0,0.0,0.0,0.0,,
60,pct,0.1,2.5,3,0.5,off,none,45,22,23,0.5333333333333333,3074.8555050000286,0.0,3074.8555050000286,0.0,2.8657814301995854,0.8666666666666747,238.68635999999242,0.3111111111111111,0.5333333333333333,0.4666666666666667,0.0,0.0,0.7111111111111111,68.33012233333397
60,pct,0.1,2.5,3,0.5,off,exchange,45,22,23,0.5333333333333333,3100.820285000009,3668.9478657724994,-568.127580772491,0.5775195088728432,0.8308158869361228,-0.16336339083784124,1350.6167320999666,0.3111111111111111,0.5333333333333333,0.4666666666666667,0.0,0.0,0.7111111111111111,-12.6250573504998
60,pct,0.1,2.5,3,0.5,off,cfd_std,45,22,23,0.5333333333333333,3227.5522050000145,891.0,2336.5522050000145,0.1420551939129976,2.1183266734834567,0.6571699076392622,329.83695999997144,0.28888888888888886,0.5333333333333333,0.4666666666666667,0.0,0.0,0.7111111111111111,51.923382333333656
60,pct,0.1,2.5,3,0.5,off,cfd_raw,45,22,23,0.5333333333333333,3167.068705000027,798.0,2369.068705000027,0.1264520305026491,2.164841329488068,0.6666168548120536,313.83145999997214,0.28888888888888886,0.5333333333333333,0.4666666666666667,0.0,0.0,0.7111111111111111,52.64597122222282
60,pct,0.1,2.5,3,0.5,bar,none,45,22,23,0.5333333333333333,3074.8555050000286,0.0,3074.8555050000286,0.0,2.8657814301995854,0.8666666666666747,238.68635999999242,0.3111111111111111,0.5333333333333333,0.4666666666666667,0.0,0.0,0.7111111111111111,68.33012233333397
60,pct,0.1,2.5,3,0.5,bar,exchange,45,22,23,0.5333333333333333,3100.820285000009,3668.9478657724994,-568.127580772491,0.5775195088728432,0.8308158869361228,-0.16336339083784124,1350.6167320999666,0.3111111111111111,0.5333333333333333,0.4666666666666667,0.0,0.0,0.7111111111111111,-12.6250573504998
60,pct,0.1,2.5,3,0.5,bar,cfd_std,45,22,23,0.5333333333333333,3227.5522050000145,891.0,2336.5522050000145,0.1420551939129976,2.1183266734834567,0.6571699076392622,329.83695999997144,0.28888888888888886,0.5333333333333333,0.4666666666666667,0.0,0.0,0.7111111111111111,51.923382333333656
60,pct,0.1,2.5,3,0.5,bar,cfd_raw,45,22,23,0.5333333333333333,3167.068705000027,798.0,2369.068705000027,0.1264520305026491,2.164841329488068,0.6666168548120536,313.83145999997214,0.28888888888888886,0.5333333333333333,0.4666666666666667,0.0,0.0,0.7111111111111111,52.64597122222282
60,pct,0.1,2.5,3,0.5,tick,none,45,22,23,0.5333333333333333,3074.8555050000286,0.0,3074.8555050000286,0.0,2.8657814301995854,0.8666666666666747,238.68635999999242,0.3111111111111111,0.5333333333333333,0.4666666666666667,0.0,0.0,0.7111111111111111,68.33012233333397
60,pct,0.1,2.5,3,0.5,tick,exchange,45,22,23,0.5333333333333333,3100.820285000009,3668.9478657724994,-568.127580772491,0.5775195088728432,0.8308158869361228,-0.16336339083784124,1350.6167320999666,0.3111111111111111,0.5333333333333333,0.4666666666666667,0.0,0.0,0.7111111111111111,-12.6250573504998
60,pct,0.1,2.5,3,0.5,tick,cfd_std,45,22,23,0.5333333333333333,3227.5522050000145,891.0,2336.5522050000145,0.1420551939129976,2.1183266734834567,0.6571699076392622,329.83695999997144,0.28888888888888886,0.5333333333333333,0.4666666666666667,0.0,0.0,0.7111111111111111,51.923382333333656
60,pct,0.1,2.5,3,0.5,tick,cfd_raw,45,22,23,0.5333333333333333,3167.068705000027,798.0,2369.068705000027,0.1264520305026491,2.164841329488068,0.6666168548120536,313.83145999997214,0.28888888888888886,0.5333333333333333,0.4666666666666667,0.0,0.0,0.7111111111111111,52.64597122222282
60,pct,0.1,2.5,3,1.0,off,none,19,9,10,0.5789473684210527,1524.9904150000075,0.0,1524.9904150000075,0.0,3.4331831967429682,1.0263157894736892,155.5397399999929,0.10526315789473684,0.5789473684210527,0.42105263157894735,0.0,0.0,0.8947368421052632,80.26265342105303
60,pct,0.1,2.5,3,1.0,off,exchange,19,9,10,0.5789473684210527,1528.9944150000083,1541.3429520975,-12.348537097491715,0.5555428962840133,0.9903639000625026,-0.007238224506801005,535.0303767349833,0.10526315789473684,0.5789473684210527,0.42105263157894735,0.0,0.0,0.8947368421052632,-0.6499230051311429
60,pct,0.1,2.5,3,1.0,off,cfd_std,19,9,10,0.5789473684210527,1552.0174150000094,364.5,1187.5174150000094,0.13247524098168742,2.4557903786257773,0.799368366716964,223.51329999999143,0.10526315789473684,0.5789473684210527,0.42105263157894735,0.0,0.0,0.8947368421052632,62.50091657894786
60,pct,0.1,2.5,3,1.0,off,cfd_raw,19,9,10,0.5789473684210527,1541.0064150000107,330.0,1211.0064150000107,0.11945837421094983,2.539288934391439,0.8151535269583173,209.51879999999073,0.10526315789473684,0.5789473684210527,0.42105263157894735,0.0,0.0,0.8947368421052632,63.73717973684267
60,pct,0.1,2.5,3,1.0,bar,none,19,9,10,0.5789473684210527,1524.9904150000075,0.0,1524.9904150000075,0.0,3.4331831967429682,1.0263157894736892,155.5397399999929,0.10526315789473684,0.5789473684210527,0.42105263157894735,0.0,0.0,0.8947368421052632,80.26265342105303
60,pct,0.1,2.5,3,1.0,bar,exchange,19,9,10,0.5789473684210527,1528.9944150000083,1541.3429520975,-12.348537097491715,0.5555428962840133,0.9903639000625026,-0.007238224506801005,535.0303767349833,0.10526315789473684,0.5789473684210527,0.42105263157894735,0.0,0.0,0.8947368421052632,-0.6499230051311429
60,pct,0.1,2.5,3,1.0,bar,cfd_std,19,9,10,0.5789473684210527,1552.0174150000094,364.5,1187.5174150000094,0.13247524098168742,2.4557903786257773,0.799368366716964,223.51329999999143,0.10526315789473684,0.5789473684210527,0.42105263157894735,0.0,0.0,0.8947368421052632,62.50091657894786
60,pct,0.1,2.5,3,1.0,bar,cfd_raw,19,9,10,0.5789473684210527,1541.0064150000107,330.0,1211.0064150000107,0.11945837421094983,2.539288934391439,0.8151535269583173,209.51879999999073,0.10526315789473684,0.5789473684210527,0.42105263157894735,0.0,0.0,0.8947368421052632,63.73717973684267
60,pct,0.1,2.5,3,1.0,tick,none,19,9,10,0.5789473684210527,1524.9904150000075,0.0,1524.9904150000075,0.0,3.4331831967429682,1.0263157894736892,155.5397399999929,0.10526315789473684,0.5789473684210527,0.42105263157894735,0.0,0.0,0.8947368421052632,80.26265342105303
60,pct,0.1,2.5,3,1.0,tick,exchange,19,9,10,0.5789473684210527,1528.9944150000083,1541.3429520975,-12.348537097491715,0.5555428962840133,0.9903639000625026,-0.007238224506801005,535.0303767349833,0.10526315789473684,0.5789473684210527,0.42105263157894735,0.0,0.0,0.8947368421052632,-0.6499230051311429
60,pct,0.1,2.5,3,1.0,tick,cfd_std,19,9,10,0.5789473684210527,1552.0174150000094,364.5,1187.5174150000094,0.13247524098168742,2.4557903786257773,0.799368366716964,223.51329999999143,0.10526315789473684,0.5789473684210527,0.42105263157894735,0.0,0.0,0.8947368421052632,62.50091657894786
60,pct,0.1,2.5,3,1.0,tick,cfd_raw,19,9,10,0.5789473684210527,1541.0064150000107,330.0,1211.0064150000107,0.11945837421094983,2.539288934391439,0.8151535269583173,209.51879999999073,0.10526315789473684,0.5789473684210527,0.42105263157894735,0.0,0.0,0.8947368421052632,63.73717973684267
60,pct,0.1,2.5,3,2.0,off,none,1,0,1,1.0,188.98884999999427,0.0,188.98884999999427,0.0,inf,2.499999999999924,0.0,0.0,1.0,0.0,0.0,0.0,1.0,188.98884999999427
60,pct,0.1,2.5,3,2.0,off,exchange,1,0,1,1.0,188.98884999999427,77.500045575,111.48880442499427,0.4100773435840387,inf,1.4748066410398586,0.0,0.0,1.0,0.0,0.0,0.0,1.0,111.48880442499427
60,pct,0.1,2.5,3,2.0,off,cfd_std,1,0,1,1.0,188.98884999999427,13.5,175.48884999999427,0.07143278558497186,inf,2.3214180360375,0.0,0.0,1.0,0.0,0.0,0.0,1.0,175.48884999999427
60,pct,0.1,2.5,3,2.0,off,cfd_raw,1,0,1,1.0,188.98884999999427,14.0,174.98884999999427,0.07407844431034119,inf,2.314803889224077,0.0,0.0,1.0,0.0,0.0,0.0,1.0,174.98884999999427
60,pct,0.1,2.5,3,2.0,bar,none,1,0,1,1.0,188.98884999999427,0.0,188.98884999999427,0.0,inf,2.499999999999924,0.0,0.0,1.0,0.0,0.0,0.0,1.0,188.98884999999427
60,pct,0.1,2.5,3,2.0,bar,exchange,1,0,1,1.0,188.98884999999427,77.500045575,111.48880442499427,0.4100773435840387,inf,1.4748066410398586,0.0,0.0,1.0,0.0,0.0,0.0,1.0,111.48880442499427
60,pct,0.1,2.5,3,2.0,bar,cfd_std,1,0,1,1.0,188.98884999999427,13.5,175.48884999999427,0.07143278558497186,inf,2.3214180360375,0.0,0.0,1.0,0.0,0.0,0.0,1.0,175.48884999999427
60,pct,0.1,2.5,3,2.0,bar,cfd_raw,1,0,1,1.0,188.98884999999427,14.0,174.98884999999427,0.07407844431034119,inf,2.314803889224077,0.0,0.0,1.0,0.0,0.0,0.0,1.0,174.98884999999427
60,pct,0.1,2.5,3,2.0,tick,none,1,0,1,1.0,188.98884999999427,0.0,188.98884999999427,0.0,inf,2.499999999999924,0.0,0.0,1.0,0.0,0.0,0.0,1.0,188.98884999999427
60,pct,0.1,2.5,3,2.0,tick,exchange,1,0,1,1.0,188.98884999999427,77.500045575,111.48880442499427,0.4100773435840387,inf,1.4748066410398586,0.0,0.0,1.0,0.0,0.0,0.0,1.0,111.48880442499427
60,pct,0.1,2.5,3,2.0,tick,cfd_std,1,0,1,1.0,188.98884999999427,13.5,175.48884999999427,0.07143278558497186,inf,2.3214180360375,0.0,0.0,1.0,0.0,0.0,0.0,1.0,175.48884999999427
60,pct,0.1,2.5,3,2.0,tick,cfd_raw,1,0,1,1.0,188.98884999999427,14.0,174.98884999999427,0.07407844431034119,inf,2.314803889224077,0.0,0.0,1.0,0.0,0.0,0.0,1.0,174.98884999999427
60,pct,0.1,2.5,5,0.5,off,none,25,10,15,0.6,2176.5129300000262,0.0,2176.5129300000262,0.0,3.812882906499749,1.1000000000000134,230.61434000000008,0.16,0.6,0.4,0.0,0.0,0.84,87.06051720000104
60,pct,0.1,2.5,5,0.5,off,exchange,25,10,15,0.6,2184.516930000027,2024.2085155599998,160.308414440027,0.5447218264938455,1.1014767848859017,0.06802073021528139,641.6842413124687,0.16,0.6,0.4,0.0,0.0,0.84,6.412336577601081
60,pct,0.1,2.5,5,0.5,off,cfd_std,25,10,15,0.6,2224.054710000026,472.5,1751.5547100000258,0.1285188673272367,2.7581934021394434,0.8819169325746707,291.0725600000005,0.16,0.6,0.4,0.0,0.0,0.84,70.06218840000103
60,pct,0.1,2.5,5,0.5,off,cfd_raw,25,10,15,0.6,2207.5492100000265,430.0,1777.5492100000265,0.11643623380892881,2.8463638555888275,0.8954410723267304,281.5780599999998,0.16,0.6,0.4,0.0,0.0,0.84,71.10196840000106
60,pct,0.1,2.5,5,0.5,bar,none,25,10,15,0.6,2176.5129300000262,0.0,2176.5129300000262,0.0,3.812882906499749,1.1000000000000134,230.61434000000008,0.16,0.6,0.4,0.0,0.0,0.84,87.06051720000104
60,pct,0.1,2.5,5,0.5,bar,exchange,25,10,15,0.6,2184.516930000027,2024.2085155599998,160.308414440027,0.5447218264938455,1.1014767848859017,0.06802073021528139,641.6842413124687,0.16,0.6,0.4,0.0,0.0,0.84,6.412336577601081
60,pct,0.1,2.5,5,0.5,bar,cfd_std,25,10,15,0.6,2224.054710000026,472.5,1751.5547100000258,0.1285188673272367,2.7581934021394434,0.8819169325746707,291.0725600000005,0.16,0.6,0.4,0.0,0.0,0.84,70.06218840000103
60,pct,0.1,2.5,5,0.5,bar,cfd_raw,25,10,15,0.6,2207.5492100000265,430.0,1777.5492100000265,0.11643623380892881,2.8463638555888275,0.8954410723267304,281.5780599999998,0.16,0.6,0.4,0.0,0.0,0.84,71.10196840000106
60,pct,0.1,2.5,5,0.5,tick,none,25,10,15,0.6,2176.5129300000262,0.0,2176.5129300000262,0.0,3.812882906499749,1.1000000000000134,230.61434000000008,0.16,0.6,0.4,0.0,0.0,0.84,87.06051720000104
60,pct,0.1,2.5,5,0.5,tick,exchange,25,10,15,0.6,2184.516930000027,2024.2085155599998,160.308414440027,0.5447218264938455,1.1014767848859017,0.06802073021528139,641.6842413124687,0.16,0.6,0.4,0.0,0.0,0.84,6.412336577601081
60,pct,0.1,2.5,5,0.5,tick,cfd_std,25,10,15,0.6,2224.054710000026,472.5,1751.5547100000258,0.1285188673272367,2.7581934021394434,0.8819169325746707,291.0725600000005,0.16,0.6,0.4,0.0,0.0,0.84,70.06218840000103
60,pct,0.1,2.5,5,0.5,tick,cfd_raw,25,10,15,0.6,2207.5492100000265,430.0,1777.5492100000265,0.11643623380892881,2.8463638555888275,0.8954410723267304,281.5780599999998,0.16,0.6,0.4,0.0,0.0,0.84,71.10196840000106
60,pct,0.1,2.5,5,1.0,off,none,12,4,8,0.6666666666666666,1249.1386250000214,0.0,1249.1386250000214,0.0,4.9779020853646205,1.333333333333356,153.56605999999738,0.08333333333333333,0.6666666666666666,0.3333333333333333,0.0,0.0,0.9166666666666666,104.09488541666845
60,pct,0.1,2.5,5,1.0,off,exchange,12,4,8,0.6666666666666666,1251.140625000029,971.1579915125001,279.98263348752914,0.5179024462323337,1.4360343157900493,0.30156931629857364,367.78168071748223,0.08333333333333333,0.6666666666666666,0.3333333333333333,0.0,0.0,0.9166666666666666,23.33188612396076
60,pct,0.1,2.5,5,1.0,off,cfd_std,12,4,8,0.6666666666666666,1262.6521250000224,216.0,1046.6521250000224,0.11590071874677055,3.562146585625115,1.1180609013947953,194.05255999999645,0.08333333333333333,0.6666666666666666,0.3333333333333333,0.0,0.0,0.9166666666666666,87.22101041666853
60,pct,0.1,2.5,5,1.0,off,cfd_raw,12,4,8,0.6666666666666666,1257.146625000023,200.0,1057.146625000023,0.10699939054484611,3.6830352899644097,1.1290833340058948,189.55805999999575,0.08333333333333333,0.6666666666666666,0.3333333333333333,0.0,0.0,0.9166666666666666,88.09555208333525
60,pct,0.1,2.5,5,1.0,bar,none,12,4,8,0.6666666666666666,1249.1386250000214,0.0,1249.1386250000214,0.0,4.9779020853646205,1.333333333333356,153.56605999999738,0.08333333333333333,0.6666666666666666,0.3333333333333333,0.0,0.0,0.9166666666666666,104.09488541666845
60,pct,0.1,2.5,5,1.0,bar,exchange,12,4,8,0.6666666666666666,1251.140625000029,971.1579915125001,279.98263348752914,0.5179024462323337,1.4360343157900493,0.30156931629857364,367.78168071748223,0.08333333333333333,0.6666666666666666,0.3333333333333333,0.0,0.0,0.9166666666666666,23.33188612396076
60,pct,0.1,2.5,5,1.0,bar,cfd_std,12,4,8,0.6666666666666666,1262.6521250000224,216.0,1046.6521250000224,0.11590071874677055,3.562146585625115,1.1180609013947953,194.05255999999645,0.08333333333333333,0.6666666666666666,0.3333333333333333,0.0,0.0,0.9166666666666666,87.22101041666853
60,pct,0.1,2.5,5,1.0,bar,cfd_raw,12,4,8,0.6666666666666666,1257.146625000023,200.0,1057.146625000023,0.10699939054484611,3.6830352899644097,1.1290833340058948,189.55805999999575,0.08333333333333333,0.6666666666666666,0.3333333333333333,0.0,0.0,0.9166666666666666,88.09555208333525
60,pct,0.1,2.5,5,1.0,tick,none,12,4,8,0.6666666666666666,1249.1386250000214,0.0,1249.1386250000214,0.0,4.9779020853646205,1.333333333333356,153.56605999999738,0.08333333333333333,0.6666666666666666,0.3333333333333333,0.0,0.0,0.9166666666666666,104.09488541666845
60,pct,0.1,2.5,5,1.0,tick,exchange,12,4,8,0.6666666666666666,1251.140625000029,971.1579915125001,279.98263348752914,0.5179024462323337,1.4360343157900493,0.30156931629857364,367.78168071748223,0.08333333333333333,0.6666666666666666,0.3333333333333333,0.0,0.0,0.9166666666666666,23.33188612396076
60,pct,0.1,2.5,5,1.0,tick,cfd_std,12,4,8,0.6666666666666666,1262.6521250000224,216.0,1046.6521250000224,0.11590071874677055,3.562146585625115,1.1180609013947953,194.05255999999645,0.08333333333333333,0.6666666666666666,0.3333333333333333,0.0,0.0,0.9166666666666666,87.22101041666853
60,pct,0.1,2.5,5,1.0,tick,cfd_raw,12,4,8,0.6666666666666666,1257.146625000023,200.0,1057.146625000023,0.10699939054484611,3.6830352899644097,1.1290833340058948,189.55805999999575,0.08333333333333333,0.6666666666666666,0.3333333333333333,0.0,0.0,0.9166666666666666,88.09555208333525
60,pct,0.1,2.5,5,2.0,off,none,0,0,0,,0.0,0.0,0.0,,,,0.0,,0.0,0.0,0.0,0.0,,
60,pct,0.1,2.5,5,2.0,off,exchange,0,0,0,,0.0,0.0,0.0,,,,0.0,,0.0,0.0,0.0,0.0,,
60,pct,0.1,2.5,5,2.0,off,cfd_std,0,0,0,,0.0,0.0,0.0,,,,0.0,,0.0,0.0,0.0,0.0,,
60,pct,0.1,2.5,5,2.0,off,cfd_raw,0,0,0,,0.0,0.0,0.0,,,,0.0,,0.0,0.0,0.0,0.0,,
60,pct,0.1,2.5,5,2.0,bar,none,0,0,0,,0.0,0.0,0.0,,,,0.0,,0.0,0.0,0.0,0.0,,
60,pct,0.1,2.5,5,2.0,bar,exchange,0,0,0,,0.0,0.0,0.0,,,,0.0,,0.0,0.0,0.0,0.0,,
60,pct,0.1,2.5,5,2.0,bar,cfd_std,0,0,0,,0.0,0.0,0.0,,,,0.0,,0.0,0.0,0.0,0.0,,
60,pct,0.1,2.5,5,2.0,bar,cfd_raw,0,0,0,,0.0,0.0,0.0,,,,0.0,,0.0,0.0,0.0,0.0,,
60,pct,0.1,2.5,5,2.0,tick,none,0,0,0,,0.0,0.0,0.0,,,,0.0,,0.0,0.0,0.0,0.0,,
60,pct,0.1,2.5,5,2.0,tick,exchange,0,0,0,,0.0,0.0,0.0,,,,0.0,,0.0,0.0,0.0,0.0,,
60,pct,0.1,2.5,5,2.0,tick,cfd_std,0,0,0,,0.0,0.0,0.0,,,,0.0,,0.0,0.0,0.0,0.0,,
60,pct,0.1,2.5,5,2.0,tick,cfd_raw,0,0,0,,0.0,0.0,0.0,,,,0.0,,0.0,0.0,0.0,0.0,,
60,pct,0.1,2.5,8,0.5,off,none,28,8,20,0.5,1660.457720000035,0.0,1660.457720000035,0.0,2.532861798083216,0.7500000000000158,309.31895000000077,0.17857142857142858,0.5,0.5,0.0,0.0,0.8214285714285714,59.30206142857268
60,pct,0.1,2.5,8,0.5,off,exchange,28,8,20,0.5,1670.4637200000288,2264.911246665,-594.4475266649711,0.593385216498122,0.7313662120516172,-0.28411377567133494,999.6282013099844,0.17857142857142858,0.5,0.5,0.0,0.0,0.8214285714285714,-21.23026880946325
60,pct,0.1,2.5,8,0.5,off,cfd_std,28,8,20,0.5,1721.5130000000354,567.0,1154.5130000000354,0.15056229440579263,1.824543155920746,0.517312854191658,417.31895000000077,0.17857142857142858,0.5,0.5,0.0,0.0,0.8214285714285714,41.232607142858406
60,pct,0.1,2.5,8,0.5,off,cfd_raw,28,8,20,0.5,1699.5020000000368,504.0,1195.5020000000368,0.1330554621365997,1.8841188376493563,0.5363387589525037,397.31895000000077,0.17857142857142858,0.5,0.5,0.0,0.0,0.8214285714285714,42.696500000001315
60,pct,0.1,2.5,8,0.5,bar,none,28,8,20,0.5,1660.457720000035,0.0,1660.457720000035,0.0,2.532861798083216,0.7500000000000158,309.31895000000077,0.17857142857142858,0.5,0.5,0.0,0.0,0.8214285714285714,59.30206142857268
60,pct,0.1,2.5,8,0.5,bar,exchange,28,8,20,0.5,1670.4637200000288,2264.911246665,-594.4475266649711,0.593385216498122,0.7313662120516172,-0.28411377567133494,999.6282013099844,0.17857142857142858,0.5,0.5,0.0,0.0,0.8214285714285714,-21.23026880946325
60,pct,0.1,2.5,8,0.5,bar,cfd_std,28,8,20,0.5,1721.5130000000354,567.0,1154.5130000000354,0.15056229440579263,1.824543155920746,0.517312854191658,417.31895000000077,0.17857142857142858,0.5,0.5,0.0,0.0,0.8214285714285714,41.232607142858406
60,pct,0.1,2.5,8,0.5,bar,cfd_raw,28,8,20,0.5,1699.5020000000368,504.0,1195.5020000000368,0.1330554621365997,1.8841188376493563,0.5363387589525037,397.31895000000077,0.17857142857142858,0.5,0.5,0.0,0.0,0.8214285714285714,42.696500000001315
60,pct,0.1,2.5,8,0.5,tick,none,28,8,20,0.5,1660.457720000035,0.0,1660.457720000035,0.0,2.532861798083216,0.7500000000000158,309.31895000000077,0.17857142857142858,0.5,0.5,0.0,0.0,0.8214285714285714,59.30206142857268
60,pct,0.1,2.5,8,0.5,tick,exchange,28,8,20,0.5,1670.4637200000288,2264.911246665,-594.4475266649711,0.593385216498122,0.7313662120516172,-0.28411377567133494,999.6282013099844,0.17857142857142858,0.5,0.5,0.0,0.0,0.8214285714285714,-21.23026880946325
60,pct,0.1,2.5,8,0.5,tick,cfd_std,28,8,20,0.5,1721.5130000000354,567.0,1154.5130000000354,0.15056229440579263,1.824543155920746,0.517312854191658,417.31895000000077,0.17857142857142858,0.5,0.5,0.0,0.0,0.8214285714285714,41.232607142858406
60,pct,0.1,2.5,8,0.5,tick,cfd_raw,28,8,20,0.5,1699.5020000000368,504.0,1195.5020000000368,0.1330554621365997,1.8841188376493563,0.5363387589525037,397.31895000000077,0.17857142857142858,0.5,0.5,0.0,0.0,0.8214285714285714,42.696500000001315
60,pct,0.1,2.5,8,1.0,off,none,11,2,9,0.7272727272727273,1335.9684300000226,0.0,1335.9684300000226,0.0,6.732940408796064,1.5454545454545723,153.56605999999738,0.09090909090909091,0.7272727272727273,0.2727272727272727,0.0,0.0,0.9090909090909091,121.45167545454751
60,pct,0.1,2.5,8,1.0,off,exchange,11,2,9,0.7272727272727273,1337.9704300000303,888.35163811,449.6187918900303,0.49351940144881845,1.944218340437444,0.5155309488499116,313.205902029993,0.09090909090909091,0.7272727272727273,0.2727272727272727,0.0,0.0,0.9090909090909091,40.87443562636639
60,pct,0.1,2.5,8,1.0,off,cfd_std,11,2,9,0.7272727272727273,1349.4819300000236,189.0,1160.4819300000236,0.1056738250358028,4.86157686827215,1.3412833887764906,194.05255999999645,0.09090909090909091,0.7272727272727273,0.2727272727272727,0.0,0.0,0.9090909090909091,105.49835727272942
60,pct,0.1,2.5,8,1.0,off,cfd_raw,11,2,9,0.7272727272727273,1343.9764300000243,178.0,1165.9764300000243,0.09921807959427044,5.006437747151908,1.3477067383185837,189.55805999999575,0.09090909090909091,0.7272727272727273,0.2727272727272727,0.0,0.0,0.9090909090909091,105.99785727272948
60,pct,0.1,2.5,8,1.0,bar,none,11,2,9,0.7272727272727273,1335.9684300000226,0.0,1335.9684300000226,0.0,6.732940408796064,1.5454545454545723,153.56605999999738,0.09090909090909091,0.7272727272727273,0.2727272727272727,0.0,0.0,0.9090909090909091,121.45167545454751
60,pct,0.1,2.5,8,1.0,bar,exchange,11,2,9,0.7272727272727273,1337.9704300000303,888.35163811,449.6187918900303,0.49351940144881845,1.944218340437444,0.5155309488499116,313.205902029993,0.09090909090909091,0.7272727272727273,0.2727272727272727,0.0,0.0,0.9090909090909091,40.87443562636639
60,pct,0.1,2.5,8,1.0,bar,cfd_std,11,2,9,0.7272727272727273,1349.4819300000236,189.0,1160.4819300000236,0.1056738250358028,4.86157686827215,1.3412833887764906,194.05255999999645,0.09090909090909091,0.7272727272727273,0.2727272727272727,0.0,0.0,0.9090909090909091,105.49835727272942
60,pct,0.1,2.5,8,1.0,bar,cfd_raw,11,2,9,0.7272727272727273,1343.9764300000243,178.0,1165.9764300000243,0.09921807959427044,5.006437747151908,1.3477067383185837,189.55805999999575,0.09090909090909091,0.7272727272727273,0.2727272727272727,0.0,0.0,0.9090909090909091,105.99785727272948
60,pct,0.1,2.5,8,1.0,tick,none,11,2,9,0.7272727272727273,1335.9684300000226,0.0,1335.9684300000226,0.0,6.732940408796064,1.5454545454545723,153.56605999999738,0.09090909090909091,0.7272727272727273,0.2727272727272727,0.0,0.0,0.9090909090909091,121.45167545454751
60,pct,0.1,2.5,8,1.0,tick,exchange,11,2,9,0.7272727272727273,1337.9704300000303,888.35163811,449.6187918900303,0.49351940144881845,1.944218340437444,0.5155309488499116,313.205902029993,0.09090909090909091,0.7272727272727273,0.2727272727272727,0.0,0.0,0.9090909090909091,40.87443562636639
60,pct,0.1,2.5,8,1.0,tick,cfd_std,11,2,9,0.7272727272727273,1349.4819300000236,189.0,1160.4819300000236,0.1056738250358028,4.86157686827215,1.3412833887764906,194.05255999999645,0.09090909090909091,0.7272727272727273,0.2727272727272727,0.0,0.0,0.9090909090909091,105.49835727272942
60,pct,0.1,2.5,8,1.0,tick,cfd_raw,11,2,9,0.7272727272727273,1343.9764300000243,178.0,1165.9764300000243,0.09921807959427044,5.006437747151908,1.3477067383185837,189.55805999999575,0.09090909090909091,0.7272727272727273,0.2727272727272727,0.0,0.0,0.9090909090909091,105.99785727272948
60,pct,0.1,2.5,8,2.0,off,none,0,0,0,,0.0,0.0,0.0,,,,0.0,,0.0,0.0,0.0,0.0,,
60,pct,0.1,2.5,8,2.0,off,exchange,0,0,0,,0.0,0.0,0.0,,,,0.0,,0.0,0.0,0.0,0.0,,
60,pct,0.1,2.5,8,2.0,off,cfd_std,0,0,0,,0.0,0.0,0.0,,,,0.0,,0.0,0.0,0.0,0.0,,
60,pct,0.1,2.5,8,2.0,off,cfd_raw,0,0,0,,0.0,0.0,0.0,,,,0.0,,0.0,0.0,0.0,0.0,,
60,pct,0.1,2.5,8,2.0,bar,none,0,0,0,,0.0,0.0,0.0,,,,0.0,,0.0,0.0,0.0,0.0,,
60,pct,0.1,2.5,8,2.0,bar,exchange,0,0,0,,0.0,0.0,0.0,,,,0.0,,0.0,0.0,0.0,0.0,,
60,pct,0.1,2.5,8,2.0,bar,cfd_std,0,0,0,,0.0,0.0,0.0,,,,0.0,,0.0,0.0,0.0,0.0,,
60,pct,0.1,2.5,8,2.0,bar,cfd_raw,0,0,0,,0.0,0.0,0.0,,,,0.0,,0.0,0.0,0.0,0.0,,
60,pct,0.1,2.5,8,2.0,tick,none,0,0,0,,0.0,0.0,0.0,,,,0.0,,0.0,0.0,0.0,0.0,,
60,pct,0.1,2.5,8,2.0,tick,exchange,0,0,0,,0.0,0.0,0.0,,,,0.0,,0.0,0.0,0.0,0.0,,
60,pct,0.1,2.5,8,2.0,tick,cfd_std,0,0,0,,0.0,0.0,0.0,,,,0.0,,0.0,0.0,0.0,0.0,,
60,pct,0.1,2.5,8,2.0,tick,cfd_raw,0,0,0,,0.0,0.0,0.0,,,,0.0,,0.0,0.0,0.0,0.0,,
60,pct,0.1,3.0,3,0.5,off,none,45,22,23,0.5333333333333333,4019.431720000037,0.0,4019.431720000037,0.0,3.438937716239508,1.1333333333333437,238.68635999999242,0.3333333333333333,0.5333333333333333,0.4666666666666667,0.0,0.0,0.6888888888888889,89.32070488888971
60,pct,0.1,3.0,3,0.5,off,exchange,45,22,23,0.5333333333333333,4047.3905000000523,3668.9098498699996,378.4806501300523,0.5026239849540737,1.1127086859909638,0.10390083899431964,997.018263719976,0.3333333333333333,0.5333333333333333,0.4666666666666667,0.0,0.0,0.6888888888888889,8.410681114001163
60,pct,0.1,3.0,3,0.5,off,cfd_std,45,22,23,0.5333333333333333,4185.587920000049,891.0,3294.587920000049,0.123232327350825,2.5768642109464075,0.9277931492260042,303.9084399999847,0.3111111111111111,0.5333333333333333,0.4666666666666667,0.0,0.0,0.6888888888888889,73.21306488888997
60,pct,0.1,3.0,3,0.5,off,cfd_raw,45,22,23,0.5333333333333333,4119.620920000059,798.0,3321.6209200000594,0.10986823761100807,2.63319929065046,0.935628158468398,294.413939999984,0.3111111111111111,0.5333333333333333,0.4666666666666667,0.0,0.0,0.6888888888888889,73.81379822222354
60,pct,0.1,3.0,3,0.5,bar,none,45,22,23,0.5333333333333333,4019.431720000037,0.0,4019.431720000037,0.0,3.438937716239508,1.1333333333333437,238.68635999999242,0.3333333333333333,0.5333333333333333,0.4666666666666667,0.0,0.0,0.6888888888888889,89.32070488888971
60,pct,0.1,3.0,3,0.5,bar,exchange,45,22,23,0.5333333333333333,4047.3905000000523,3668.9098498699996,378.4806501300523,0.5026239849540737,1.1127086859909638,0.10390083899431964,997.018263719976,0.3333333333333333,0.5333333333333333,0.4666666666666667,0.0,0.0,0.6888888888888889,8.410681114001163
60,pct,0.1,3.0,3,0.5,bar,cfd_std,45,22,23,0.5333333333333333,4185.587920000049,891.0,3294.587920000049,0.123232327350825,2.5768642109464075,0.9277931492260042,303.9084399999847,0.3111111111111111,0.5333333333333333,0.4666666666666667,0.0,0.0,0.6888888888888889,73.21306488888997
60,pct,0.1,3.0,3,0.5,bar,cfd_raw,45,22,23,0.5333333333333333,4119.620920000059,798.0,3321.6209200000594,0.10986823761100807,2.63319929065046,0.935628158468398,294.413939999984,0.3111111111111111,0.5333333333333333,0.4666666666666667,0.0,0.0,0.6888888888888889,73.81379822222354
60,pct,0.1,3.0,3,0.5,tick,none,45,22,23,0.5333333333333333,4019.431720000037,0.0,4019.431720000037,0.0,3.438937716239508,1.1333333333333437,238.68635999999242,0.3333333333333333,0.5333333333333333,0.4666666666666667,0.0,0.0,0.6888888888888889,89.32070488888971
60,pct,0.1,3.0,3,0.5,tick,exchange,45,22,23,0.5333333333333333,4047.3905000000523,3668.9098498699996,378.4806501300523,0.5026239849540737,1.1127086859909638,0.10390083899431964,997.018263719976,0.3333333333333333,0.5333333333333333,0.4666666666666667,0.0,0.0,0.6888888888888889,8.410681114001163
60,pct,0.1,3.0,3,0.5,tick,cfd_std,45,22,23,0.5333333333333333,4185.587920000049,891.0,3294.587920000049,0.123232327350825,2.5768642109464075,0.9277931492260042,303.9084399999847,0.3111111111111111,0.5333333333333333,0.4666666666666667,0.0,0.0,0.6888888888888889,73.21306488888997
60,pct,0.1,3.0,3,0.5,tick,cfd_raw,45,22,23,0.5333333333333333,4119.620920000059,798.0,3321.6209200000594,0.10986823761100807,2.63319929065046,0.935628158468398,294.413939999984,0.3111111111111111,0.5333333333333333,0.4666666666666667,0.0,0.0,0.6888888888888889,73.81379822222354
60,pct,0.1,3.0,3,1.0,off,none,19,9,10,0.5789473684210527,1955.3379100000166,0.0,1955.3379100000166,0.0,4.1198198360915805,1.3157894736842213,155.5397399999929,0.10526315789473684,0.5789473684210527,0.42105263157894735,0.0,0.0,0.8947368421052632,102.91252157894824
60,pct,0.1,3.0,3,1.0,off,exchange,19,9,10,0.5789473684210527,1959.3419100000174,1541.3239503550003,418.0179596450174,0.4809381145967487,1.326197573283909,0.2822486175984681,479.4615595599753,0.10526315789473684,0.5789473684210527,0.42105263157894735,0.0,0.0,0.8947368421052632,22.0009452444746
60,pct,0.1,3.0,3,1.0,off,cfd_std,19,9,10,0.5789473684210527,1982.3649100000184,364.5,1617.8649100000184,0.11455761637286838,2.983358003970213,1.088842050927496,209.5397399999929,0.10526315789473684,0.5789473684210527,0.42105263157894735,0.0,0.0,0.8947368421052632,85.15078473684308
60,pct,0.1,3.0,3,1.0,off,cfd_raw,19,9,10,0.5789473684210527,1971.3539100000198,330.0,1641.3539100000198,0.10335703557589657,3.086296059037086,1.1046272111688495,199.5397399999929,0.10526315789473684,0.5789473684210527,0.42105263157894735,0.0,0.0,0.8947368421052632,86.38704789473789
60,pct,0.1,3.0,3,1.0,bar,none,19,9,10,0.5789473684210527,1955.3379100000166,0.0,1955.3379100000166,0.0,4.1198198360915805,1.3157894736842213,155.5397399999929,0.10526315789473684,0.5789473684210527,0.42105263157894735,0.0,0.0,0.8947368421052632,102.91252157894824
60,pct,0.1,3.0,3,1.0,bar,exchange,19,9,10,0.5789473684210527,1959.3419100000174,1541.3239503550003,418.0179596450174,0.4809381145967487,1.326197573283909,0.2822486175984681,479.4615595599753,0.10526315789473684,0.5789473684210527,0.42105263157894735,0.0,0.0,0.8947368421052632,22.0009452444746
60,pct,0.1,3.0,3,1.0,bar,cfd_std,19,9,10,0.5789473684210527,1982.3649100000184,364.5,1617.8649100000184,0.11455761637286838,2.983358003970213,1.088842050927496,209.5397399999929,0.10526315789473684,0.5789473684210527,0.42105263157894735,0.0,0.0,0.8947368421052632,85.15078473684308
60,pct,0.1,3.0,3,1.0,bar,cfd_raw,19,9,10,0.5789473684210527,1971.3539100000198,330.0,1641.3539100000198,0.10335703557589657,3.086296059037086,1.1046272111688495,199.5397399999929,0.10526315789473684,0.5789473684210527,0.42105263157894735,0.0,0.0,0.8947368421052632,86.38704789473789
60,pct,0.1,3.0,3,1.0,tick,none,19,9,10,0.5789473684210527,1955.3379100000166,0.0,1955.3379100000166,0.0,4.1198198360915805,1.3157894736842213,155.5397399999929,0.10526315789473684,0.5789473684210527,0.42105263157894735,0.0,0.0,0.8947368421052632,102.91252157894824
60,pct,0.1,3.0,3,1.0,tick,exchange,19,9,10,0.5789473684210527,1959.3419100000174,1541.3239503550003,418.0179596450174,0.4809381145967487,1.326197573283909,0.2822486175984681,479.4615595599753,0.10526315789473684,0.5789473684210527,0.42105263157894735,0.0,0.0,0.8947368421052632,22.0009452444746
60,pct,0.1,3.0,3,1.0,tick,cfd_std,19,9,10,0.5789473684210527,1982.3649100000184,364.5,1617.8649100000184,0.11455761637286838,2.983358003970213,1.088842050927496,209.5397399999929,0.10526315789473684,0.5789473684210527,0.42105263157894735,0.0,0.0,0.8947368421052632,85.15078473684308
60,pct,0.1,3.0,3,1.0,tick,cfd_raw,19,9,10,0.5789473684210527,1971.3539100000198,330.0,1641.3539100000198,0.10335703557589657,3.086296059037086,1.1046272111688495,199.5397399999929,0.10526315789473684,0.5789473684210527,0.42105263157894735,0.0,0.0,0.8947368421052632,86.38704789473789
60,pct,0.1,3.0,3,2.0,off,none,1,0,1,1.0,226.78661999999895,0.0,226.78661999999895,0.0,inf,2.9999999999999862,0.0,0.0,1.0,0.0,0.0,0.0,1.0,226.78661999999895
60,pct,0.1,3.0,3,2.0,off,exchange,1,0,1,1.0,226.78661999999895,77.48114669,149.30547330999894,0.34164778632002346,inf,1.9750566410399204,0.0,0.0,1.0,0.0,0.0,0.0,1.0,149.30547330999894
60,pct,0.1,3.0,3,2.0,off,cfd_std,1,0,1,1.0,226.78661999999895,13.5,213.28661999999895,0.05952732132080835,inf,2.821418036037562,0.0,0.0,1.0,0.0,0.0,0.0,1.0,213.28661999999895
60,pct,0.1,3.0,3,2.0,off,cfd_raw,1,0,1,1.0,226.78661999999895,14.0,212.78661999999895,0.061732036925282736,inf,2.8148038892241387,0.0,0.0,1.0,0.0,0.0,0.0,1.0,212.78661999999895
60,pct,0.1,3.0,3,2.0,bar,none,1,0,1,1.0,226.78661999999895,0.0,226.78661999999895,0.0,inf,2.9999999999999862,0.0,0.0,1.0,0.0,0.0,0.0,1.0,226.78661999999895
60,pct,0.1,3.0,3,2.0,bar,exchange,1,0,1,1.0,226.78661999999895,77.48114669,149.30547330999894,0.34164778632002346,inf,1.9750566410399204,0.0,0.0,1.0,0.0,0.0,0.0,1.0,149.30547330999894
60,pct,0.1,3.0,3,2.0,bar,cfd_std,1,0,1,1.0,226.78661999999895,13.5,213.28661999999895,0.05952732132080835,inf,2.821418036037562,0.0,0.0,1.0,0.0,0.0,0.0,1.0,213.28661999999895
60,pct,0.1,3.0,3,2.0,bar,cfd_raw,1,0,1,1.0,226.78661999999895,14.0,212.78661999999895,0.061732036925282736,inf,2.8148038892241387,0.0,0.0,1.0,0.0,0.0,0.0,1.0,212.78661999999895
60,pct,0.1,3.0,3,2.0,tick,none,1,0,1,1.0,226.78661999999895,0.0,226.78661999999895,0.0,inf,2.9999999999999862,0.0,0.0,1.0,0.0,0.0,0.0,1.0,226.78661999999895
60,pct,0.1,3.0,3,2.0,tick,exchange,1,0,1,1.0,226.78661999999895,77.48114669,149.30547330999894,0.34164778632002346,inf,1.9750566410399204,0.0,0.0,1.0,0.0,0.0,0.0,1.0,149.30547330999894
60,pct,0.1,3.0,3,2.0,tick,cfd_std,1,0,1,1.0,226.78661999999895,13.5,213.28661999999895,0.05952732132080835,inf,2.821418036037562,0.0,0.0,1.0,0.0,0.0,0.0,1.0,213.28661999999895
60,pct,0.1,3.0,3,2.0,tick,cfd_raw,1,0,1,1.0,226.78661999999895,14.0,212.78661999999895,0.061732036925282736,inf,2.8148038892241387,0.0,0.0,1.0,0.0,0.0,0.0,1.0,212.78661999999895
60,pct,0.1,3.0,5,0.5,off,none,25,10,15,0.6,2766.5687000000034,0.0,2766.5687000000034,0.0,4.575459487799665,1.4000000000000017,230.61434000000008,0.16,0.6,0.4,0.0,0.0,0.84,110.66274800000014
60,pct,0.1,3.0,5,0.5,off,exchange,25,10,15,0.6,2774.5727000000043,2024.2291811299997,750.3435188700043,0.4700844865707556,1.4749747424105895,0.36801073021527003,485.90215631997853,0.16,0.6,0.4,0.0,0.0,0.84,30.013740754800175
60,pct,0.1,3.0,5,0.5,off,cfd_std,25,10,15,0.6,2814.110480000003,472.5,2341.610480000003,0.11074498830997036,3.3504855844991104,1.1819169325746592,291.0725600000005,0.16,0.6,0.4,0.0,0.0,0.84,93.66441920000013
60,pct,0.1,3.0,5,0.5,off,cfd_raw,25,10,15,0.6,2797.6049800000037,430.0,2367.6049800000037,0.10039541176531439,3.459262581756626,1.1954410723267193,281.5780599999998,0.16,0.6,0.4,0.0,0.0,0.84,94.70419920000015
60,pct,0.1,3.0,5,0.5,bar,none,25,10,15,0.6,2766.5687000000034,0.0,2766.5687000000034,0.0,4.575459487799665,1.4000000000000017,230.61434000000008,0.16,0.6,0.4,0.0,0.0,0.84,110.66274800000014
60,pct,0.1,3.0,5,0.5,bar,exchange,25,10,15,0.6,2774.5727000000043,2024.2291811299997,750.3435188700043,0.4700844865707556,1.4749747424105895,0.36801073021527003,485.90215631997853,0.16,0.6,0.4,0.0,0.0,0.84,30.013740754800175
60,pct,0.1,3.0,5,0.5,bar,cfd_std,25,10,15,0.6,2814.110480000003,472.5,2341.610480000003,0.11074498830997036,3.3504855844991104,1.1819169325746592,291.0725600000005,0.16,0.6,0.4,0.0,0.0,0.84,93.66441920000013
60,pct,0.1,3.0,5,0.5,bar,cfd_raw,25,10,15,0.6,2797.6049800000037,430.0,2367.6049800000037,0.10039541176531439,3.459262581756626,1.1954410723267193,281.5780599999998,0.16,0.6,0.4,0.0,0.0,0.84,94.70419920000015
60,pct,0.1,3.0,5,0.5,tick,none,25,10,15,0.6,2766.5687000000034,0.0,2766.5687000000034,0.0,4.575459487799665,1.4000000000000017,230.61434000000008,0.16,0.6,0.4,0.0,0.0,0.84,110.66274800000014
60,pct,0.1,3.0,5,0.5,tick,exchange,25,10,15,0.6,2774.5727000000043,2024.2291811299997,750.3435188700043,0.4700844865707556,1.4749747424105895,0.36801073021527003,485.90215631997853,0.16,0.6,0.4,0.0,0.0,0.84,30.013740754800175
60,pct,0.1,3.0,5,0.5,tick,cfd_std,25,10,15,0.6,2814.110480000003,472.5,2341.610480000003,0.11074498830997036,3.3504855844991104,1.1819169325746592,291.0725600000005,0.16,0.6,0.4,0.0,0.0,0.84,93.66441920000013
60,pct,0.1,3.0,5,0.5,tick,cfd_raw,25,10,15,0.6,2797.6049800000037,430.0,2367.6049800000037,0.10039541176531439,3.459262581756626,1.1954410723267193,281.5780599999998,0.16,0.6,0.4,0.0,0.0,0.84,94.70419920000015
60,pct,0.1,3.0,5,1.0,off,none,12,4,8,0.6666666666666666,1561.7702399999835,0.0,1561.7702399999835,0.0,5.973482502437415,1.6666666666666494,153.56605999999738,0.08333333333333333,0.6666666666666666,0.3333333333333333,0.0,0.0,0.9166666666666666,130.14751999999862
60,pct,0.1,3.0,5,1.0,off,exchange,12,4,8,0.6666666666666666,1563.7722399999911,971.1185407300001,592.6536992699911,0.44387758087763507,1.922976354078556,0.6349443162985335,329.6786067849898,0.08333333333333333,0.6666666666666666,0.3333333333333333,0.0,0.0,0.9166666666666666,49.38780827249926
60,pct,0.1,3.0,5,1.0,off,cfd_std,12,4,8,0.6666666666666666,1575.2837399999844,216.0,1359.2837399999844,0.09925122121735411,4.3274515095802455,1.4513942347280884,194.05255999999645,0.08333333333333333,0.6666666666666666,0.3333333333333333,0.0,0.0,0.9166666666666666,113.2736449999987
60,pct,0.1,3.0,5,1.0,off,cfd_raw,12,4,8,0.6666666666666666,1569.778239999985,200.0,1369.778239999985,0.09166738266531615,4.476493487689297,1.4624166673391883,189.55805999999575,0.08333333333333333,0.6666666666666666,0.3333333333333333,0.0,0.0,0.9166666666666666,114.14818666666542
60,pct,0.1,3.0,5,1.0,bar,none,12,4,8,0.6666666666666666,1561.7702399999835,0.0,1561.7702399999835,0.0,5.973482502437415,1.6666666666666494,153.56605999999738,0.08333333333333333,0.6666666666666666,0.3333333333333333,0.0,0.0,0.9166666666666666,130.14751999999862
60,pct,0.1,3.0,5,1.0,bar,exchange,12,4,8,0.6666666666666666,1563.7722399999911,971.1185407300001,592.6536992699911,0.44387758087763507,1.922976354078556,0.6349443162985335,329.6786067849898,0.08333333333333333,0.6666666666666666,0.3333333333333333,0.0,0.0,0.9166666666666666,49.38780827249926
60,pct,0.1,3.0,5,1.0,bar,cfd_std,12,4,8,0.6666666666666666,1575.2837399999844,216.0,1359.2837399999844,0.09925122121735411,4.3274515095802455,1.4513942347280884,194.05255999999645,0.08333333333333333,0.6666666666666666,0.3333333333333333,0.0,0.0,0.9166666666666666,113.2736449999987
60,pct,0.1,3.0,5,1.0,bar,cfd_raw,12,4,8,0.6666666666666666,1569.778239999985,200.0,1369.778239999985,0.09166738266531615,4.476493487689297,1.4624166673391883,189.55805999999575,0.08333333333333333,0.6666666666666666,0.3333333333333333,0.0,0.0,0.9166666666666666,114.14818666666542
60,pct,0.1,3.0,5,1.0,tick,none,12,4,8,0.6666666666666666,1561.7702399999835,0.0,1561.7702399999835,0.0,5.973482502437415,1.6666666666666494,153.56605999999738,0.08333333333333333,0.6666666666666666,0.3333333333333333,0.0,0.0,0.9166666666666666,130.14751999999862
60,pct,0.1,3.0,5,1.0,tick,exchange,12,4,8,0.6666666666666666,1563.7722399999911,971.1185407300001,592.6536992699911,0.44387758087763507,1.922976354078556,0.6349443162985335,329.6786067849898,0.08333333333333333,0.6666666666666666,0.3333333333333333,0.0,0.0,0.9166666666666666,49.38780827249926
60,pct,0.1,3.0,5,1.0,tick,cfd_std,12,4,8,0.6666666666666666,1575.2837399999844,216.0,1359.2837399999844,0.09925122121735411,4.3274515095802455,1.4513942347280884,194.05255999999645,0.08333333333333333,0.6666666666666666,0.3333333333333333,0.0,0.0,0.9166666666666666,113.2736449999987
60,pct,0.1,3.0,5,1.0,tick,cfd_raw,12,4,8,0.6666666666666666,1569.778239999985,200.0,1369.778239999985,0.09166738266531615,4.476493487689297,1.4624166673391883,189.55805999999575,0.08333333333333333,0.6666666666666666,0.3333333333333333,0.0,0.0,0.9166666666666666,114.14818666666542
60,pct,0.1,3.0,5,2.0,off,none,0,0,0,,0.0,0.0,0.0,,,,0.0,,0.0,0.0,0.0,0.0,,
60,pct,0.1,3.0,5,2.0,off,exchange,0,0,0,,0.0,0.0,0.0,,,,0.0,,0.0,0.0,0.0,0.0,,
60,pct,0.1,3.0,5,2.0,off,cfd_std,0,0,0,,0.0,0.0,0.0,,,,0.0,,0.0,0.0,0.0,0.0,,
60,pct,0.1,3.0,5,2.0,off,cfd_raw,0,0,0,,0.0,0.0,0.0,,,,0.0,,0.0,0.0,0.0,0.0,,
60,pct,0.1,3.0,5,2.0,bar,none,0,0,0,,0.0,0.0,0.0,,,,0.0,,0.0,0.0,0.0,0.0,,
60,pct,0.1,3.0,5,2.0,bar,exchange,0,0,0,,0.0,0.0,0.0,,,,0.0,,0.0,0.0,0.0,0.0,,
60,pct,0.1,3.0,5,2.0,bar,cfd_std,0,0,0,,0.0,0.0,0.0,,,,0.0,,0.0,0.0,0.0,0.0,,
60,pct,0.1,3.0,5,2.0,bar,cfd_raw,0,0,0,,0.0,0.0,0.0,,,,0.0,,0.0,0.0,0.0,0.0,,
60,pct,0.1,3.0,5,2.0,tick,none,0,0,0,,0.0,0.0,0.0,,,,0.0,,0.0,0.0,0.0,0.0,,
60,pct,0.1,3.0,5,2.0,tick,exchange,0,0,0,,0.0,0.0,0.0,,,,0.0,,0.0,0.0,0.0,0.0,,
60,pct,0.1,3.0,5,2.0,tick,cfd_std,0,0,0,,0.0,0.0,0.0,,,,0.0,,0.0,0.0,0.0,0.0,,
60,pct,0.1,3.0,5,2.0,tick,cfd_raw,0,0,0,,0.0,0.0,0.0,,,,0.0,,0.0,0.0,0.0,0.0,,
60,pct,0.1,3.0,8,0.5,off,none,28,8,20,0.5,2209.1973299999954,0.0,2209.1973299999954,0.0,3.039434157699819,0.9999999999999979,309.31895000000077,0.21428571428571427,0.5,0.5,0.0,0.0,0.7857142857142857,78.89990464285698
60,pct,0.1,3.0,8,0.5,off,exchange,28,8,20,0.5,2221.209329999998,2264.874991105,-43.66566110500213,0.5185535646836935,0.980267271004194,-0.033171775764602326,802.6991024549934,0.21428571428571427,0.5,0.5,0.0,0.0,0.7857142857142857,-1.559487896607219
60,pct,0.1,3.0,8,0.5,off,cfd_std,28,8,20,0.5,2283.7931099999987,567.0,1716.7931099999987,0.1310024535789176,2.226118726235519,0.7735539383899949,417.31895000000077,0.21428571428571427,0.5,0.5,0.0,0.0,0.7857142857142857,61.3140396428571
60,pct,0.1,3.0,8,0.5,off,cfd_raw,28,8,20,0.5,2256.265610000002,504.0,1752.2656100000022,0.11600453560241537,2.2958665350338974,0.7900371792181791,397.31895000000077,0.21428571428571427,0.5,0.5,0.0,0.0,0.7857142857142857,62.58091464285722
60,pct,0.1,3.0,8,0.5,bar,none,28,8,20,0.5,2209.1973299999954,0.0,2209.1973299999954,0.0,3.039434157699819,0.9999999999999979,309.31895000000077,0.21428571428571427,0.5,0.5,0.0,0.0,0.7857142857142857,78.89990464285698
60,pct,0.1,3.0,8,0.5,bar,exchange,28,8,20,0.5,2221.209329999998,2264.874991105,-43.66566110500213,0.5185535646836935,0.980267271004194,-0.033171775764602326,802.6991024549934,0.21428571428571427,0.5,0.5,0.0,0.0,0.7857142857142857,-1.559487896607219
60,pct,0.1,3.0,8,0.5,bar,cfd_std,28,8,20,0.5,2283.7931099999987,567.0,1716.7931099999987,0.1310024535789176,2.226118726235519,0.7735539383899949,417.31895000000077,0.21428571428571427,0.5,0.5,0.0,0.0,0.7857142857142857,61.3140396428571
60,pct,0.1,3.0,8,0.5,bar,cfd_raw,28,8,20,0.5,2256.265610000002,504.0,1752.2656100000022,0.11600453560241537,2.2958665350338974,0.7900371792181791,397.31895000000077,0.21428571428571427,0.5,0.5,0.0,0.0,0.7857142857142857,62.58091464285722
60,pct,0.1,3.0,8,0.5,tick,none,28,8,20,0.5,2209.1973299999954,0.0,2209.1973299999954,0.0,3.039434157699819,0.9999999999999979,309.31895000000077,0.21428571428571427,0.5,0.5,0.0,0.0,0.7857142857142857,78.89990464285698
60,pct,0.1,3.0,8,0.5,tick,exchange,28,8,20,0.5,2221.209329999998,2264.874991105,-43.66566110500213,0.5185535646836935,0.980267271004194,-0.033171775764602326,802.6991024549934,0.21428571428571427,0.5,0.5,0.0,0.0,0.7857142857142857,-1.559487896607219
60,pct,0.1,3.0,8,0.5,tick,cfd_std,28,8,20,0.5,2283.7931099999987,567.0,1716.7931099999987,0.1310024535789176,2.226118726235519,0.7735539383899949,417.31895000000077,0.21428571428571427,0.5,0.5,0.0,0.0,0.7857142857142857,61.3140396428571
60,pct,0.1,3.0,8,0.5,tick,cfd_raw,28,8,20,0.5,2256.265610000002,504.0,1752.2656100000022,0.11600453560241537,2.2958665350338974,0.7900371792181791,397.31895000000077,0.21428571428571427,0.5,0.5,0.0,0.0,0.7857142857142857,62.58091464285722
60,pct,0.1,3.0,8,1.0,off,none,11,2,9,0.7272727272727273,1649.768859999982,0.0,1649.768859999982,0.0,8.07952849055509,1.9090909090908887,153.56605999999738,0.18181818181818182,0.7272727272727273,0.2727272727272727,0.0,0.0,0.8181818181818182,149.97898727272562
60,pct,0.1,3.0,8,1.0,off,exchange,11,2,9,0.7272727272727273,1653.7768599999981,888.2737495599999,765.5031104399982,0.41982079155974755,2.6075886719524446,0.8816105849761388,313.20590202997846,0.18181818181818182,0.7272727272727273,0.2727272727272727,0.0,0.0,0.8181818181818182,69.59119185818166
60,pct,0.1,3.0,8,1.0,off,cfd_std,11,2,9,0.7272727272727273,1676.8228599999857,189.0,1487.8228599999857,0.08932524138019826,5.9508244736411715,1.7208061485540744,194.05255999999645,0.18181818181818182,0.7272727272727273,0.2727272727272727,0.0,0.0,0.8181818181818182,135.25662363636232
60,pct,0.1,3.0,8,1.0,off,cfd_raw,11,2,9,0.7272727272727273,1665.8008599999885,178.0,1487.8008599999885,0.08412685516848344,6.112265884953525,1.7207572626312102,189.55805999999575,0.18181818181818182,0.7272727272727273,0.2727272727272727,0.0,0.0,0.8181818181818182,135.2546236363626
60,pct,0.1,3.0,8,1.0,bar,none,11,2,9,0.7272727272727273,1649.768859999982,0.0,1649.768859999982,0.0,8.07952849055509,1.9090909090908887,153.56605999999738,0.18181818181818182,0.7272727272727273,0.2727272727272727,0.0,0.0,0.8181818181818182,149.97898727272562
60,pct,0.1,3.0,8,1.0,bar,exchange,11,2,9,0.7272727272727273,1653.7768599999981,888.2737495599999,765.5031104399982,0.41982079155974755,2.6075886719524446,0.8816105849761388,313.20590202997846,0.18181818181818182,0.7272727272727273,0.2727272727272727,0.0,0.0,0.8181818181818182,69.59119185818166
60,pct,0.1,3.0,8,1.0,bar,cfd_std,11,2,9,0.7272727272727273,1676.8228599999857,189.0,1487.8228599999857,0.08932524138019826,5.9508244736411715,1.7208061485540744,194.05255999999645,0.18181818181818182,0.7272727272727273,0.2727272727272727,0.0,0.0,0.8181818181818182,135.25662363636232
60,pct,0.1,3.0,8,1.0,bar,cfd_raw,11,2,9,0.7272727272727273,1665.8008599999885,178.0,1487.8008599999885,0.08412685516848344,6.112265884953525,1.7207572626312102,189.55805999999575,0.18181818181818182,0.7272727272727273,0.2727272727272727,0.0,0.0,0.8181818181818182,135.2546236363626
60,pct,0.1,3.0,8,1.0,tick,none,11,2,9,0.7272727272727273,1649.768859999982,0.0,1649.768859999982,0.0,8.07952849055509,1.9090909090908887,153.56605999999738,0.18181818181818182,0.7272727272727273,0.2727272727272727,0.0,0.0,0.8181818181818182,149.97898727272562
60,pct,0.1,3.0,8,1.0,tick,exchange,11,2,9,0.7272727272727273,1653.7768599999981,888.2737495599999,765.5031104399982,0.41982079155974755,2.6075886719524446,0.8816105849761388,313.20590202997846,0.18181818181818182,0.7272727272727273,0.2727272727272727,0.0,0.0,0.8181818181818182,69.59119185818166
60,pct,0.1,3.0,8,1.0,tick,cfd_std,11,2,9,0.7272727272727273,1676.8228599999857,189.0,1487.8228599999857,0.08932524138019826,5.9508244736411715,1.7208061485540744,194.05255999999645,0.18181818181818182,0.7272727272727273,0.2727272727272727,0.0,0.0,0.8181818181818182,135.25662363636232
60,pct,0.1,3.0,8,1.0,tick,cfd_raw,11,2,9,0.7272727272727273,1665.8008599999885,178.0,1487.8008599999885,0.08412685516848344,6.112265884953525,1.7207572626312102,189.55805999999575,0.18181818181818182,0.7272727272727273,0.2727272727272727,0.0,0.0,0.8181818181818182,135.2546236363626
60,pct,0.1,3.0,8,2.0,off,none,0,0,0,,0.0,0.0,0.0,,,,0.0,,0.0,0.0,0.0,0.0,,
60,pct,0.1,3.0,8,2.0,off,exchange,0,0,0,,0.0,0.0,0.0,,,,0.0,,0.0,0.0,0.0,0.0,,
60,pct,0.1,3.0,8,2.0,off,cfd_std,0,0,0,,0.0,0.0,0.0,,,,0.0,,0.0,0.0,0.0,0.0,,
60,pct,0.1,3.0,8,2.0,off,cfd_raw,0,0,0,,0.0,0.0,0.0,,,,0.0,,0.0,0.0,0.0,0.0,,
60,pct,0.1,3.0,8,2.0,bar,none,0,0,0,,0.0,0.0,0.0,,,,0.0,,0.0,0.0,0.0,0.0,,
60,pct,0.1,3.0,8,2.0,bar,exchange,0,0,0,,0.0,0.0,0.0,,,,0.0,,0.0,0.0,0.0,0.0,,
60,pct,0.1,3.0,8,2.0,bar,cfd_std,0,0,0,,0.0,0.0,0.0,,,,0.0,,0.0,0.0,0.0,0.0,,
60,pct,0.1,3.0,8,2.0,bar,cfd_raw,0,0,0,,0.0,0.0,0.0,,,,0.0,,0.0,0.0,0.0,0.0,,
60,pct,0.1,3.0,8,2.0,tick,none,0,0,0,,0.0,0.0,0.0,,,,0.0,,0.0,0.0,0.0,0.0,,
60,pct,0.1,3.0,8,2.0,tick,exchange,0,0,0,,0.0,0.0,0.0,,,,0.0,,0.0,0.0,0.0,0.0,,
60,pct,0.1,3.0,8,2.0,tick,cfd_std,0,0,0,,0.0,0.0,0.0,,,,0.0,,0.0,0.0,0.0,0.0,,
60,pct,0.1,3.0,8,2.0,tick,cfd_raw,0,0,0,,0.0,0.0,0.0,,,,0.0,,0.0,0.0,0.0,0.0,,
60,pct,0.25,1.0,3,0.5,off,none,44,22,22,0.5909090909090909,1575.8976749999856,0.0,1575.8976749999856,0.0,1.4458286296325402,0.1818181818181802,986.2225000000035,0.5909090909090909,0.5909090909090909,0.4090909090909091,0.0,0.0,0.6136363636363636,35.815856249999676
60,pct,0.25,1.0,3,0.5,off,exchange,44,22,22,0.5909090909090909,1609.8526749999874,3581.3801444125,-1971.5274694125133,0.41492292275504306,0.6054020048489485,-0.22856153146069239,2450.7846902875026,0.5909090909090909,0.5909090909090909,0.4090909090909091,0.0,0.0,0.6136363636363636,-44.80744248664803
60,pct,0.25,1.0,3,0.5,off,cfd_std,44,22,22,0.5909090909090909,1805.09392499995,837.0,968.0939249999501,0.09788304783170605,1.2508688958722978,0.11114053479437072,1134.7900000000081,0.5909090909090909,0.5909090909090909,0.4090909090909091,0.0,0.0,0.6136363636363636,22.002134659089776
60,pct,0.25,1.0,3,0.5,off,cfd_raw,44,22,22,0.5909090909090909,1711.7176749999926,760.0,951.7176749999926,0.08848032941552667,1.2481739753049177,0.10937562485305258,1140.2624999999825,0.5909090909090909,0.5909090909090909,0.4090909090909091,0.0,0.0,0.6136363636363636,21.62994715909074
60,pct,0.25,1.0,3,0.5,bar,none,44,22,22,0.5909090909090909,1575.8976749999856,0.0,1575.8976749999856,0.0,1.4458286296325402,0.1818181818181802,986.2225000000035,0.5909090909090909,0.5909090909090909,0.4090909090909091,0.0,0.0,0.6136363636363636,35.815856249999676
60,pct,0.25,1.0,3,0.5,bar,exchange,44,22,22,0.5909090909090909,1609.8526749999874,3581.3801444125,-1971.5274694125133,0.41492292275504306,0.6054020048489485,-0.22856153146069239,2450.7846902875026,0.5909090909090909,0.5909090909090909,0.4090909090909091,0.0,0.0,0.6136363636363636,-44.80744248664803
60,pct,0.25,1.0,3,0.5,bar,cfd_std,44,22,22,0.5909090909090909,1805.09392499995,837.0,968.0939249999501,0.09788304783170605,1.2508688958722978,0.11114053479437072,1134.7900000000081,0.5909090909090909,0.5909090909090909,0.4090909090909091,0.0,0.0,0.6136363636363636,22.002134659089776
60,pct,0.25,1.0,3,0.5,bar,cfd_raw,44,22,22,0.5909090909090909,1711.7176749999926,760.0,951.7176749999926,0.08848032941552667,1.2481739753049177,0.10937562485305258,1140.2624999999825,0.5909090909090909,0.5909090909090909,0.4090909090909091,0.0,0.0,0.6136363636363636,21.62994715909074
60,pct,0.25,1.0,3,0.5,tick,none,44,22,22,0.5909090909090909,1575.8976749999856,0.0,1575.8976749999856,0.0,1.4458286296325402,0.1818181818181802,986.2225000000035,0.5909090909090909,0.5909090909090909,0.4090909090909091,0.0,0.0,0.6136363636363636,35.815856249999676
60,pct,0.25,1.0,3,0.5,tick,exchange,44,22,22,0.5909090909090909,1609.8526749999874,3581.3801444125,-1971.5274694125133,0.41492292275504306,0.6054020048489485,-0.22856153146069239,2450.7846902875026,0.5909090909090909,0.5909090909090909,0.4090909090909091,0.0,0.0,0.6136363636363636,-44.80744248664803
60,pct,0.25,1.0,3,0.5,tick,cfd_std,44,22,22,0.5909090909090909,1805.09392499995,837.0,968.0939249999501,0.09788304783170605,1.2508688958722978,0.11114053479437072,1134.7900000000081,0.5909090909090909,0.5909090909090909,0.4090909090909091,0.0,0.0,0.6136363636363636,22.002134659089776
60,pct,0.25,1.0,3,0.5,tick,cfd_raw,44,22,22,0.5909090909090909,1711.7176749999926,760.0,951.7176749999926,0.08848032941552667,1.2481739753049177,0.10937562485305258,1140.2624999999825,0.5909090909090909,0.5909090909090909,0.4090909090909091,0.0,0.0,0.6136363636363636,21.62994715909074
60,pct,0.25,1.0,3,1.0,off,none,19,9,10,0.6842105263157895,1365.1616749999812,0.0,1365.1616749999812,0.0,2.160139773063142,0.3684210526315739,388.84935000000405,0.42105263157894735,0.6842105263157895,0.3157894736842105,0.0,0.0,0.7368421052631579,71.85061447368322
60,pct,0.25,1.0,3,1.0,off,exchange,19,9,10,0.6842105263157895,1375.1466749999818,1536.9501748875002,-161.80349988751823,0.41353659882565585,0.9028334788728651,-0.042227379727170146,710.0529320500063,0.42105263157894735,0.6842105263157895,0.3157894736842105,0.0,0.0,0.7368421052631579,-8.515973678290433
60,pct,0.25,1.0,3,1.0,off,cfd_std,19,9,10,0.6842105263157895,1432.5604249999742,337.5,1095.0604249999742,0.09109136257867638,1.8434860827372699,0.2956486133416544,481.0648000000074,0.42105263157894735,0.6842105263157895,0.3157894736842105,0.0,0.0,0.7368421052631579,57.634759210524955
60,pct,0.25,1.0,3,1.0,off,cfd_raw,19,9,10,0.6842105263157895,1405.1016749999835,314.0,1091.1016749999835,0.08462277226425345,1.849277059947581,0.2946266838107717,466.5648000000074,0.42105263157894735,0.6842105263157895,0.3157894736842105,0.0,0.0,0.7368421052631579,57.426403947367554
60,pct,0.25,1.0,3,1.0,bar,none,19,9,10,0.6842105263157895,1365.1616749999812,0.0,1365.1616749999812,0.0,2.160139773063142,0.3684210526315739,388.84935000000405,0.42105263157894735,0.6842105263157895,0.3157894736842105,0.0,0.0,0.7368421052631579,71.85061447368322
60,pct,0.25,1.0,3,1.0,bar,exchange,19,9,10,0.6842105263157895,1375.1466749999818,1536.9501748875002,-161.80349988751823,0.41353659882565585,0.9028334788728651,-0.042227379727170146,710.0529320500063,0.42105263157894735,0.6842105263157895,0.3157894736842105,0.0,0.0,0.7368421052631579,-8.515973678290433
60,pct,0.25,1.0,3,1.0,bar,cfd_std,19,9,10,0.6842105263157895,1432.5604249999742,337.5,1095.0604249999742,0.09109136257867638,1.8434860827372699,0.2956486133416544,481.0648000000074,0.42105263157894735,0.6842105263157895,0.3157894736842105,0.0,0.0,0.7368421052631579,57.634759210524955
60,pct,0.25,1.0,3,1.0,bar,cfd_raw,19,9,10,0.6842105263157895,1405.1016749999835,314.0,1091.1016749999835,0.08462277226425345,1.849277059947581,0.2946266838107717,466.5648000000074,0.42105263157894735,0.6842105263157895,0.3157894736842105,0.0,0.0,0.7368421052631579,57.426403947367554
60,pct,0.25,1.0,3,1.0,tick,none,19,9,10,0.6842105263157895,1365.1616749999812,0.0,1365.1616749999812,0.0,2.160139773063142,0.3684210526315739,388.84935000000405,0.42105263157894735,0.6842105263157895,0.3157894736842105,0.0,0.0,0.7368421052631579,71.85061447368322
60,pct,0.25,1.0,3,1.0,tick,exchange,19,9,10,0.6842105263157895,1375.1466749999818,1536.9501748875002,-161.80349988751823,0.41353659882565585,0.9028334788728651,-0.042227379727170146,710.0529320500063,0.42105263157894735,0.6842105263157895,0.3157894736842105,0.0,0.0,0.7368421052631579,-8.515973678290433
60,pct,0.25,1.0,3,1.0,tick,cfd_std,19,9,10,0.6842105263157895,1432.5604249999742,337.5,1095.0604249999742,0.09109136257867638,1.8434860827372699,0.2956486133416544,481.0648000000074,0.42105263157894735,0.6842105263157895,0.3157894736842105,0.0,0.0,0.7368421052631579,57.634759210524955
60,pct,0.25,1.0,3,1.0,tick,cfd_raw,19,9,10,0.6842105263157895,1405.1016749999835,314.0,1091.1016749999835,0.08462277226425345,1.849277059947581,0.2946266838107717,466.5648000000074,0.42105263157894735,0.6842105263157895,0.3157894736842105,0.0,0.0,0.7368421052631579,57.426403947367554
60,pct,0.25,1.0,3,2.0,off,none,1,0,1,1.0,188.98884999999427,0.0,188.98884999999427,0.0,inf,0.9999999999999698,0.0,0.0,1.0,0.0,0.0,0.0,1.0,188.98884999999427
60,pct,0.25,1.0,3,2.0,off,exchange,1,0,1,1.0,188.98884999999427,77.500045575,111.48880442499427,0.4100773435840387,inf,0.5899226564159434,0.0,0.0,1.0,0.0,0.0,0.0,1.0,111.48880442499427
60,pct,0.25,1.0,3,2.0,off,cfd_std,1,0,1,1.0,188.98884999999427,13.5,175.48884999999427,0.07143278558497186,inf,0.9285672144150001,0.0,0.0,1.0,0.0,0.0,0.0,1.0,175.48884999999427
60,pct,0.25,1.0,3,2.0,off,cfd_raw,1,0,1,1.0,188.98884999999427,14.0,174.98884999999427,0.07407844431034119,inf,0.9259215556896309,0.0,0.0,1.0,0.0,0.0,0.0,1.0,174.98884999999427
60,pct,0.25,1.0,3,2.0,bar,none,1,0,1,1.0,188.98884999999427,0.0,188.98884999999427,0.0,inf,0.9999999999999698,0.0,0.0,1.0,0.0,0.0,0.0,1.0,188.98884999999427
60,pct,0.25,1.0,3,2.0,bar,exchange,1,0,1,1.0,188.98884999999427,77.500045575,111.48880442499427,0.4100773435840387,inf,0.5899226564159434,0.0,0.0,1.0,0.0,0.0,0.0,1.0,111.48880442499427
60,pct,0.25,1.0,3,2.0,bar,cfd_std,1,0,1,1.0,188.98884999999427,13.5,175.48884999999427,0.07143278558497186,inf,0.9285672144150001,0.0,0.0,1.0,0.0,0.0,0.0,1.0,175.48884999999427
60,pct,0.25,1.0,3,2.0,bar,cfd_raw,1,0,1,1.0,188.98884999999427,14.0,174.98884999999427,0.07407844431034119,inf,0.9259215556896309,0.0,0.0,1.0,0.0,0.0,0.0,1.0,174.98884999999427
60,pct,0.25,1.0,3,2.0,tick,none,1,0,1,1.0,188.98884999999427,0.0,188.98884999999427,0.0,inf,0.9999999999999698,0.0,0.0,1.0,0.0,0.0,0.0,1.0,188.98884999999427
60,pct,0.25,1.0,3,2.0,tick,exchange,1,0,1,1.0,188.98884999999427,77.500045575,111.48880442499427,0.4100773435840387,inf,0.5899226564159434,0.0,0.0,1.0,0.0,0.0,0.0,1.0,111.48880442499427
60,pct,0.25,1.0,3,2.0,tick,cfd_std,1,0,1,1.0,188.98884999999427,13.5,175.48884999999427,0.07143278558497186,inf,0.9285672144150001,0.0,0.0,1.0,0.0,0.0,0.0,1.0,175.48884999999427
60,pct,0.25,1.0,3,2.0,tick,cfd_raw,1,0,1,1.0,188.98884999999427,14.0,174.98884999999427,0.07407844431034119,inf,0.9259215556896309,0.0,0.0,1.0,0.0,0.0,0.0,1.0,174.98884999999427
60,pct,0.25,1.0,5,0.5,off,none,24,10,14,0.7083333333333334,1992.0861750000186,0.0,1992.0861750000186,0.0,2.478311969885159,0.41666666666667057,383.9151500000007,0.3333333333333333,0.7083333333333334,0.2916666666666667,0.0,0.0,0.75,83.00359062500077
60,pct,0.25,1.0,5,0.5,off,exchange,24,10,14,0.7083333333333334,2004.0661750000145,1937.0514160624998,67.0147589375145,0.41326774997209514,1.035107547059427,0.005897663789148337,1177.1668303749902,0.3333333333333333,0.7083333333333334,0.2916666666666667,0.0,0.0,0.75,2.7922816223964375
60,pct,0.25,1.0,5,0.5,off,cfd_std,24,10,14,0.7083333333333334,2072.9511750000092,418.5,1654.4511750000092,0.0892876015892485,2.1058612123273597,0.34425269494802496,552.0656000000017,0.3333333333333333,0.7083333333333334,0.2916666666666667,0.0,0.0,0.75,68.93546562500039
60,pct,0.25,1.0,5,0.5,off,cfd_raw,24,10,14,0.7083333333333334,2040.0061750000168,392.0,1648.0061750000168,0.08363329622230263,2.1153556676039544,0.3430157395847539,540.5518499999889,0.3333333333333333,0.7083333333333334,0.2916666666666667,0.0,0.0,0.75,68.66692395833404
60,pct,0.25,1.0,5,0.5,bar,none,24,10,14,0.7083333333333334,1992.0861750000186,0.0,1992.0861750000186,0.0,2.478311969885159,0.41666666666667057,383.9151500000007,0.3333333333333333,0.7083333333333334,0.2916666666666667,0.0,0.0,0.75,83.00359062500077
60,pct,0.25,1.0,5,0.5,bar,exchange,24,10,14,0.7083333333333334,2004.0661750000145,1937.0514160624998,67.0147589375145,0.41326774997209514,1.035107547059427,0.005897663789148337,1177.1668303749902,0.3333333333333333,0.7083333333333334,0.2916666666666667,0.0,0.0,0.75,2.7922816223964375
60,pct,0.25,1.0,5,0.5,bar,cfd_std,24,10,14,0.7083333333333334,2072.9511750000092,418.5,1654.4511750000092,0.0892876015892485,2.1058612123273597,0.34425269494802496,552.0656000000017,0.3333333333333333,0.7083333333333334,0.2916666666666667,0.0,0.0,0.75,68.93546562500039
60,pct,0.25,1.0,5,0.5,bar,cfd_raw,24,10,14,0.7083333333333334,2040.0061750000168,392.0,1648.0061750000168,0.08363329622230263,2.1153556676039544,0.3430157395847539,540.5518499999889,0.3333333333333333,0.7083333333333334,0.2916666666666667,0.0,0.0,0.75,68.66692395833404
60,pct,0.25,1.0,5,0.5,tick,none,24,10,14,0.7083333333333334,1992.0861750000186,0.0,1992.0861750000186,0.0,2.478311969885159,0.41666666666667057,383.9151500000007,0.3333333333333333,0.7083333333333334,0.2916666666666667,0.0,0.0,0.75,83.00359062500077
60,pct,0.25,1.0,5,0.5,tick,exchange,24,10,14,0.7083333333333334,2004.0661750000145,1937.0514160624998,67.0147589375145,0.41326774997209514,1.035107547059427,0.005897663789148337,1177.1668303749902,0.3333333333333333,0.7083333333333334,0.2916666666666667,0.0,0.0,0.75,2.7922816223964375
60,pct,0.25,1.0,5,0.5,tick,cfd_std,24,10,14,0.7083333333333334,2072.9511750000092,418.5,1654.4511750000092,0.0892876015892485,2.1058612123273597,0.34425269494802496,552.0656000000017,0.3333333333333333,0.7083333333333334,0.2916666666666667,0.0,0.0,0.75,68.93546562500039
60,pct,0.25,1.0,5,0.5,tick,cfd_raw,24,10,14,0.7083333333333334,2040.0061750000168,392.0,1648.0061750000168,0.08363329622230263,2.1153556676039544,0.3430157395847539,540.5518499999889,0.3333333333333333,0.7083333333333334,0.2916666666666667,0.0,0.0,0.75,68.66692395833404
60,pct,0.25,1.0,5,1.0,off,none,12,4,8,0.8333333333333334,1558.4013000000123,0.0,1558.4013000000123,0.0,4.946291833406023,0.6666666666666718,204.29202500000247,0.3333333333333333,0.8333333333333334,0.16666666666666666,0.0,0.0,0.75,129.866775000001
60,pct,0.25,1.0,5,1.0,off,exchange,12,4,8,0.8333333333333334,1564.3863000000129,966.8791987249999,597.507101275013,0.4114026463026547,2.069146531015079,0.2574427797463245,446.5935209374875,0.3333333333333333,0.8333333333333334,0.16666666666666666,0.0,0.0,0.75,49.79225843958442
60,pct,0.25,1.0,5,1.0,off,cfd_std,12,4,8,0.8333333333333334,1598.8000500000053,189.0,1409.8000500000053,0.08002801573350715,4.237671191743315,0.6032659605426034,258.3257750000048,0.3333333333333333,0.8333333333333334,0.16666666666666666,0.0,0.0,0.75,117.48333750000045
60,pct,0.25,1.0,5,1.0,off,cfd_raw,12,4,8,0.8333333333333334,1582.3413000000146,184.0,1398.3413000000146,0.07809228360384156,4.244993359597972,0.5984234175439004,254.312024999992,0.3333333333333333,0.8333333333333334,0.16666666666666666,0.0,0.0,0.75,116.52844166666789
60,pct,0.25,1.0,5,1.0,bar,none,12,4,8,0.8333333333333334,1558.4013000000123,0.0,1558.4013000000123,0.0,4.946291833406023,0.6666666666666718,204.29202500000247,0.3333333333333333,0.8333333333333334,0.16666666666666666,0.0,0.0,0.75,129.866775000001
60,pct,0.25,1.0,5,1.0,bar,exchange,12,4,8,0.8333333333333334,1564.3863000000129,966.8791987249999,597.507101275013,0.4114026463026547,2.069146531015079,0.2574427797463245,446.5935209374875,0.3333333333333333,0.8333333333333334,0.16666666666666666,0.0,0.0,0.75,49.79225843958442
60,pct,0.25,1.0,5,1.0,bar,cfd_std,12,4,8,0.8333333333333334,1598.8000500000053,189.0,1409.8000500000053,0.08002801573350715,4.237671191743315,0.6032659605426034,258.3257750000048,0.3333333333333333,0.8333333333333334,0.16666666666666666,0.0,0.0,0.75,117.48333750000045
60,pct,0.25,1.0,5,1.0,bar,cfd_raw,12,4,8,0.8333333333333334,1582.3413000000146,184.0,1398.3413000000146,0.07809228360384156,4.244993359597972,0.5984234175439004,254.312024999992,0.3333333333333333,0.8333333333333334,0.16666666666666666,0.0,0.0,0.75,116.52844166666789
60,pct,0.25,1.0,5,1.0,tick,none,12,4,8,0.8333333333333334,1558.4013000000123,0.0,1558.4013000000123,0.0,4.946291833406023,0.6666666666666718,204.29202500000247,0.3333333333333333,0.8333333333333334,0.16666666666666666,0.0,0.0,0.75,129.866775000001
60,pct,0.25,1.0,5,1.0,tick,exchange,12,4,8,0.8333333333333334,1564.3863000000129,966.8791987249999,597.507101275013,0.4114026463026547,2.069146531015079,0.2574427797463245,446.5935209374875,0.3333333333333333,0.8333333333333334,0.16666666666666666,0.0,0.0,0.75,49.79225843958442
60,pct,0.25,1.0,5,1.0,tick,cfd_std,12,4,8,0.8333333333333334,1598.8000500000053,189.0,1409.8000500000053,0.08002801573350715,4.237671191743315,0.6032659605426034,258.3257750000048,0.3333333333333333,0.8333333333333334,0.16666666666666666,0.0,0.0,0.75,117.48333750000045
60,pct,0.25,1.0,5,1.0,tick,cfd_raw,12,4,8,0.8333333333333334,1582.3413000000146,184.0,1398.3413000000146,0.07809228360384156,4.244993359597972,0.5984234175439004,254.312024999992,0.3333333333333333,0.8333333333333334,0.16666666666666666,0.0,0.0,0.75,116.52844166666789
60,pct,0.25,1.0,5,2.0,off,none,0,0,0,,0.0,0.0,0.0,,,,0.0,,0.0,0.0,0.0,0.0,,
60,pct,0.25,1.0,5,2.0,off,exchange,0,0,0,,0.0,0.0,0.0,,,,0.0,,0.0,0.0,0.0,0.0,,
60,pct,0.25,1.0,5,2.0,off,cfd_std,0,0,0,,0.0,0.0,0.0,,,,0.0,,0.0,0.0,0.0,0.0,,
60,pct,0.25,1.0,5,2.0,off,cfd_raw,0,0,0,,0.0,0.0,0.0,,,,0.0,,0.0,0.0,0.0,0.0,,
60,pct,0.25,1.0,5,2.0,bar,none,0,0,0,,0.0,0.0,0.0,,,,0.0,,0.0,0.0,0.0,0.0,,
60,pct,0.25,1.0,5,2.0,bar,exchange,0,0,0,,0.0,0.0,0.0,,,,0.0,,0.0,0.0,0.0,0.0,,
60,pct,0.25,1.0,5,2.0,bar,cfd_std,0,0,0,,0.0,0.0,0.0,,,,0.0,,0.0,0.0,0.0,0.0,,
60,pct,0.25,1.0,5,2.0,bar,cfd_raw,0,0,0,,0.0,0.0,0.0,,,,0.0,,0.0,0.0,0.0,0.0,,
60,pct,0.25,1.0,5,2.0,tick,none,0,0,0,,0.0,0.0,0.0,,,,0.0,,0.0,0.0,0.0,0.0,,
60,pct,0.25,1.0,5,2.0,tick,exchange,0,0,0,,0.0,0.0,0.0,,,,0.0,,0.0,0.0,0.0,0.0,,
60,pct,0.25,1.0,5,2.0,tick,cfd_std,0,0,0,,0.0,0.0,0.0,,,,0.0,,0.0,0.0,0.0,0.0,,
60,pct,0.25,1.0,5,2.0,tick,cfd_raw,0,0,0,,0.0,0.0,0.0,,,,0.0,,0.0,0.0,0.0,0.0,,
60,pct,0.25,1.0,8,0.5,off,none,28,8,20,0.6071428571428571,1207.7496250000258,0.0,1207.7496250000258,0.0,1.569149674688635,0.214285714285719,773.2973750000092,0.32142857142857145,0.6071428571428571,0.39285714285714285,0.0,0.0,0.75,43.13391517857235
60,pct,0.25,1.0,8,0.5,off,exchange,28,8,20,0.6071428571428571,1221.7446250000212,2258.8946646625,-1037.1500396624788,0.4144932829277241,0.655143955853042,-0.19753361093058483,1398.7268989749718,0.32142857142857145,0.6071428571428571,0.39285714285714285,0.0,0.0,0.75,-37.04107284508853
60,pct,0.25,1.0,8,0.5,off,cfd_std,28,8,20,0.5714285714285714,908.8278750000172,540.0,368.82787500001723,0.09979431052769175,1.1432257203934066,0.06086675185091028,854.2298750000045,0.32142857142857145,0.5714285714285714,0.42857142857142855,0.0,0.0,0.75,13.172424107143472
60,pct,0.25,1.0,8,0.5,off,cfd_raw,28,8,20,0.6071428571428571,1263.7296250000218,480.0,783.7296250000218,0.08817534015417018,1.3360783843075392,0.1363039576325144,845.257375000001,0.35714285714285715,0.6071428571428571,0.39285714285714285,0.0,0.0,0.75,27.99034375000078
60,pct,0.25,1.0,8,0.5,bar,none,28,8,20,0.6071428571428571,1207.7496250000258,0.0,1207.7496250000258,0.0,1.569149674688635,0.214285714285719,773.2973750000092,0.32142857142857145,0.6071428571428571,0.39285714285714285,0.0,0.0,0.75,43.13391517857235
60,pct,0.25,1.0,8,0.5,bar,exchange,28,8,20,0.6071428571428571,1221.7446250000212,2258.8946646625,-1037.1500396624788,0.4144932829277241,0.655143955853042,-0.19753361093058483,1398.7268989749718,0.32142857142857145,0.6071428571428571,0.39285714285714285,0.0,0.0,0.75,-37.04107284508853
60,pct,0.25,1.0,8,0.5,bar,cfd_std,28,8,20,0.5714285714285714,908.8278750000172,540.0,368.82787500001723,0.09979431052769175,1.1432257203934066,0.06086675185091028,854.2298750000045,0.32142857142857145,0.5714285714285714,0.42857142857142855,0.0,0.0,0.75,13.172424107143472
60,pct,0.25,1.0,8,0.5,bar,cfd_raw,28,8,20,0.6071428571428571,1263.7296250000218,480.0,783.7296250000218,0.08817534015417018,1.3360783843075392,0.1363039576325144,845.257375000001,0.35714285714285715,0.6071428571428571,0.39285714285714285,0.0,0.0,0.75,27.99034375000078
60,pct,0.25,1.0,8,0.5,tick,none,28,8,20,0.6071428571428571,1207.7496250000258,0.0,1207.7496250000258,0.0,1.569149674688635,0.214285714285719,773.2973750000092,0.32142857142857145,0.6071428571428571,0.39285714285714285,0.0,0.0,0.75,43.13391517857235
60,pct,0.25,1.0,8,0.5,tick,exchange,28,8,20,0.6071428571428571,1221.7446250000212,2258.8946646625,-1037.1500396624788,0.4144932829277241,0.655143955853042,-0.19753361093058483,1398.7268989749718,0.32142857142857145,0.6071428571428571,0.39285714285714285,0.0,0.0,0.75,-37.04107284508853
60,pct,0.25,1.0,8,0.5,tick,cfd_std,28,8,20,0.5714285714285714,908.8278750000172,540.0,368.82787500001723,0.09979431052769175,1.1432257203934066,0.06086675185091028,854.2298750000045,0.32142857142857145,0.5714285714285714,0.42857142857142855,0.0,0.0,0.75,13.172424107143472
60,pct,0.25,1.0,8,0.5,tick,cfd_raw,28,8,20,0.6071428571428571,1263.7296250000218,480.0,783.7296250000218,0.08817534015417018,1.3360783843075392,0.1363039576325144,845.257375000001,0.35714285714285715,0.6071428571428571,0.39285714285714285,0.0,0.0,0.75,27.99034375000078
60,pct,0.25,1.0,8,1.0,off,none,11,2,9,0.8181818181818182,1371.6592500000115,0.0,1371.6592500000115,0.0,4.517403290973829,0.6363636363636419,198.66915000000154,0.2727272727272727,0.8181818181818182,0.18181818181818182,0.0,0.0,0.8181818181818182,124.6962954545465
60,pct,0.25,1.0,8,1.0,off,exchange,11,2,9,0.8181818181818182,1375.6592500000115,886.3317936999999,489.3274563000115,0.4119452942050917,1.886241191867899,0.22626230084773447,280.23014207498636,0.2727272727272727,0.8181818181818182,0.18181818181818182,0.0,0.0,0.8181818181818182,44.484314209091956
60,pct,0.25,1.0,8,1.0,off,cfd_std,11,2,9,0.8181818181818182,1398.6592500000115,175.5,1223.1592500000115,0.08157027852345851,3.841715670974051,0.5672372351255626,218.29445000000123,0.2727272727272727,0.8181818181818182,0.18181818181818182,0.0,0.0,0.8181818181818182,111.1962954545465
60,pct,0.25,1.0,8,1.0,off,cfd_raw,11,2,9,0.8181818181818182,1387.6592500000115,170.0,1217.6592500000115,0.079012935091408,3.858733527161848,0.5646968462103737,213.29445000000123,0.2727272727272727,0.8181818181818182,0.18181818181818182,0.0,0.0,0.8181818181818182,110.6962954545465
60,pct,0.25,1.0,8,1.0,bar,none,11,2,9,0.8181818181818182,1371.6592500000115,0.0,1371.6592500000115,0.0,4.517403290973829,0.6363636363636419,198.66915000000154,0.2727272727272727,0.8181818181818182,0.18181818181818182,0.0,0.0,0.8181818181818182,124.6962954545465
60,pct,0.25,1.0,8,1.0,bar,exchange,11,2,9,0.8181818181818182,1375.6592500000115,886.3317936999999,489.3274563000115,0.4119452942050917,1.886241191867899,0.22626230084773447,280.23014207498636,0.2727272727272727,0.8181818181818182,0.18181818181818182,0.0,0.0,0.8181818181818182,44.484314209091956
60,pct,0.25,1.0,8,1.0,bar,cfd_std,11,2,9,0.8181818181818182,1398.6592500000115,175.5,1223.1592500000115,0.08157027852345851,3.841715670974051,0.5672372351255626,218.29445000000123,0.2727272727272727,0.8181818181818182,0.18181818181818182,0.0,0.0,0.8181818181818182,111.1962954545465
60,pct,0.25,1.0,8,1.0,bar,cfd_raw,11,2,9,0.8181818181818182,1387.6592500000115,170.0,1217.6592500000115,0.079012935091408,3.858733527161848,0.5646968462103737,213.29445000000123,0.2727272727272727,0.8181818181818182,0.18181818181818182,0.0,0.0,0.8181818181818182,110.6962954545465
60,pct,0.25,1.0,8,1.0,tick,none,11,2,9,0.8181818181818182,1371.6592500000115,0.0,1371.6592500000115,0.0,4.517403290973829,0.6363636363636419,198.66915000000154,0.2727272727272727,0.8181818181818182,0.18181818181818182,0.0,0.0,0.8181818181818182,124.6962954545465
60,pct,0.25,1.0,8,1.0,tick,exchange,11,2,9,0.8181818181818182,1375.6592500000115,886.3317936999999,489.3274563000115,0.4119452942050917,1.886241191867899,0.22626230084773447,280.23014207498636,0.2727272727272727,0.8181818181818182,0.18181818181818182,0.0,0.0,0.8181818181818182,44.484314209091956
60,pct,0.25,1.0,8,1.0,tick,cfd_std,11,2,9,0.8181818181818182,1398.6592500000115,175.5,1223.1592500000115,0.08157027852345851,3.841715670974051,0.5672372351255626,218.29445000000123,0.2727272727272727,0.8181818181818182,0.18181818181818182,0.0,0.0,0.8181818181818182,111.1962954545465
60,pct,0.25,1.0,8,1.0,tick,cfd_raw,11,2,9,0.8181818181818182,1387.6592500000115,170.0,1217.6592500000115,0.079012935091408,3.858733527161848,0.5646968462103737,213.29445000000123,0.2727272727272727,0.8181818181818182,0.18181818181818182,0.0,0.0,0.8181818181818182,110.6962954545465
60,pct,0.25,1.0,8,2.0,off,none,0,0,0,,0.0,0.0,0.0,,,,0.0,,0.0,0.0,0.0,0.0,,
60,pct,0.25,1.0,8,2.0,off,exchange,0,0,0,,0.0,0.0,0.0,,,,0.0,,0.0,0.0,0.0,0.0,,
60,pct,0.25,1.0,8,2.0,off,cfd_std,0,0,0,,0.0,0.0,0.0,,,,0.0,,0.0,0.0,0.0,0.0,,
60,pct,0.25,1.0,8,2.0,off,cfd_raw,0,0,0,,0.0,0.0,0.0,,,,0.0,,0.0,0.0,0.0,0.0,,
60,pct,0.25,1.0,8,2.0,bar,none,0,0,0,,0.0,0.0,0.0,,,,0.0,,0.0,0.0,0.0,0.0,,
60,pct,0.25,1.0,8,2.0,bar,exchange,0,0,0,,0.0,0.0,0.0,,,,0.0,,0.0,0.0,0.0,0.0,,
60,pct,0.25,1.0,8,2.0,bar,cfd_std,0,0,0,,0.0,0.0,0.0,,,,0.0,,0.0,0.0,0.0,0.0,,
60,pct,0.25,1.0,8,2.0,bar,cfd_raw,0,0,0,,0.0,0.0,0.0,,,,0.0,,0.0,0.0,0.0,0.0,,
60,pct,0.25,1.0,8,2.0,tick,none,0,0,0,,0.0,0.0,0.0,,,,0.0,,0.0,0.0,0.0,0.0,,
60,pct,0.25,1.0,8,2.0,tick,exchange,0,0,0,,0.0,0.0,0.0,,,,0.0,,0.0,0.0,0.0,0.0,,
60,pct,0.25,1.0,8,2.0,tick,cfd_std,0,0,0,,0.0,0.0,0.0,,,,0.0,,0.0,0.0,0.0,0.0,,
60,pct,0.25,1.0,8,2.0,tick,cfd_raw,0,0,0,,0.0,0.0,0.0,,,,0.0,,0.0,0.0,0.0,0.0,,
60,pct,0.25,1.5,3,0.5,off,none,43,22,21,0.5348837209302325,2863.4965749999683,0.0,2863.4965749999683,0.0,1.7303853159548568,0.3372093023255778,688.3798249999963,0.813953488372093,0.5348837209302325,0.46511627906976744,0.0,0.0,0.5348837209302325,66.59294360465043
60,pct,0.25,1.5,3,0.5,off,exchange,43,22,21,0.5348837209302325,2903.4640750000253,3502.4669600375,-599.0028850374748,0.3275607728790551,0.8919228658757618,-0.07293506079961215,1761.2526312812552,0.813953488372093,0.5348837209302325,0.46511627906976744,0.0,0.0,0.5348837209302325,-13.930299652034298
60,pct,0.25,1.5,3,0.5,off,cfd_std,43,22,21,0.5348837209302325,3133.2771999999677,850.5,2282.7771999999677,0.08005706463802194,1.5327122588756688,0.26806827382150633,836.947325000001,0.813953488372093,0.5348837209302325,0.46511627906976744,0.0,0.0,0.5348837209302325,53.087841860464366
60,pct,0.25,1.5,3,0.5,off,cfd_raw,43,22,21,0.5348837209302325,3023.366575000022,762.0,2261.366575000022,0.07150482229295715,1.5312576566242366,0.26565670546967185,842.4198249999754,0.813953488372093,0.5348837209302325,0.46511627906976744,0.0,0.0,0.5348837209302325,52.589920348837715
60,pct,0.25,1.5,3,0.5,bar,none,43,22,21,0.5348837209302325,2863.4965749999683,0.0,2863.4965749999683,0.0,1.7303853159548568,0.3372093023255778,688.3798249999963,0.813953488372093,0.5348837209302325,0.46511627906976744,0.0,0.0,0.5348837209302325,66.59294360465043
60,pct,0.25,1.5,3,0.5,bar,exchange,43,22,21,0.5348837209302325,2903.4640750000253,3502.4669600375,-599.0028850374748,0.3275607728790551,0.8919228658757618,-0.07293506079961215,1761.2526312812552,0.813953488372093,0.5348837209302325,0.46511627906976744,0.0,0.0,0.5348837209302325,-13.930299652034298
60,pct,0.25,1.5,3,0.5,bar,cfd_std,43,22,21,0.5348837209302325,3133.2771999999677,850.5,2282.7771999999677,0.08005706463802194,1.5327122588756688,0.26806827382150633,836.947325000001,0.813953488372093,0.5348837209302325,0.46511627906976744,0.0,0.0,0.5348837209302325,53.087841860464366
60,pct,0.25,1.5,3,0.5,bar,cfd_raw,43,22,21,0.5348837209302325,3023.366575000022,762.0,2261.366575000022,0.07150482229295715,1.5312576566242366,0.26565670546967185,842.4198249999754,0.813953488372093,0.5348837209302325,0.46511627906976744,0.0,0.0,0.5348837209302325,52.589920348837715
60,pct,0.25,1.5,3,0.5,tick,none,43,22,21,0.5348837209302325,2863.4965749999683,0.0,2863.4965749999683,0.0,1.7303853159548568,0.3372093023255778,688.3798249999963,0.813953488372093,0.5348837209302325,0.46511627906976744,0.0,0.0,0.5348837209302325,66.59294360465043
60,pct,0.25,1.5,3,0.5,tick,exchange,43,22,21,0.5348837209302325,2903.4640750000253,3502.4669600375,-599.0028850374748,0.3275607728790551,0.8919228658757618,-0.07293506079961215,1761.2526312812552,0.813953488372093,0.5348837209302325,0.46511627906976744,0.0,0.0,0.5348837209302325,-13.930299652034298
60,pct,0.25,1.5,3,0.5,tick,cfd_std,43,22,21,0.5348837209302325,3133.2771999999677,850.5,2282.7771999999677,0.08005706463802194,1.5327122588756688,0.26806827382150633,836.947325000001,0.813953488372093,0.5348837209302325,0.46511627906976744,0.0,0.0,0.5348837209302325,53.087841860464366
60,pct,0.25,1.5,3,0.5,tick,cfd_raw,43,22,21,0.5348837209302325,3023.366575000022,762.0,2261.366575000022,0.07150482229295715,1.5312576566242366,0.26565670546967185,842.4198249999754,0.813953488372093,0.5348837209302325,0.46511627906976744,0.0,0.0,0.5348837209302325,52.589920348837715
60,pct,0.25,1.5,3,1.0,off,none,19,9,10,0.631578947368421,2159.576687499997,0.0,2159.576687499997,0.0,2.5794086993769585,0.578947368421052,388.84935000000405,0.5263157894736842,0.631578947368421,0.3684210526315789,0.0,0.0,0.631578947368421,113.66193092105249
60,pct,0.25,1.5,3,1.0,off,exchange,19,9,10,0.631578947368421,2173.5716875000217,1538.5678807062502,635.0038067937718,0.31423415561985446,1.3280015179674467,0.16893144931686946,676.0344935750036,0.5263157894736842,0.631578947368421,0.3684210526315789,0.0,0.0,0.631578947368421,33.421252989145884
60,pct,0.25,1.5,3,1.0,off,cfd_std,19,9,10,0.631578947368421,2254.042937499995,351.0,1903.0429374999949,0.07151916765014608,2.2554162103956044,0.5097356567547471,442.84935000000405,0.5263157894736842,0.631578947368421,0.3684210526315789,0.0,0.0,0.631578947368421,100.16015460526289
60,pct,0.25,1.5,3,1.0,off,cfd_raw,19,9,10,0.631578947368421,2215.5566875000222,322.0,1893.5566875000222,0.06568397071862603,2.2646032340149307,0.507263060414249,432.84935000000405,0.5263157894736842,0.631578947368421,0.3684210526315789,0.0,0.0,0.631578947368421,99.66087828947485
60,pct,0.25,1.5,3,1.0,bar,none,19,9,10,0.631578947368421,2159.576687499997,0.0,2159.576687499997,0.0,2.5794086993769585,0.578947368421052,388.84935000000405,0.5263157894736842,0.631578947368421,0.3684210526315789,0.0,0.0,0.631578947368421,113.66193092105249
60,pct,0.25,1.5,3,1.0,bar,exchange,19,9,10,0.631578947368421,2173.5716875000217,1538.5678807062502,635.0038067937718,0.31423415561985446,1.3280015179674467,0.16893144931686946,676.0344935750036,0.5263157894736842,0.631578947368421,0.3684210526315789,0.0,0.0,0.631578947368421,33.421252989145884
60,pct,0.25,1.5,3,1.0,bar,cfd_std,19,9,10,0.631578947368421,2254.042937499995,351.0,1903.0429374999949,0.07151916765014608,2.2554162103956044,0.5097356567547471,442.84935000000405,0.5263157894736842,0.631578947368421,0.3684210526315789,0.0,0.0,0.631578947368421,100.16015460526289
60,pct,0.25,1.5,3,1.0,bar,cfd_raw,19,9,10,0.631578947368421,2215.5566875000222,322.0,1893.5566875000222,0.06568397071862603,2.2646032340149307,0.507263060414249,432.84935000000405,0.5263157894736842,0.631578947368421,0.3684210526315789,0.0,0.0,0.631578947368421,99.66087828947485
60,pct,0.25,1.5,3,1.0,tick,none,19,9,10,0.631578947368421,2159.576687499997,0.0,2159.576687499997,0.0,2.5794086993769585,0.578947368421052,388.84935000000405,0.5263157894736842,0.631578947368421,0.3684210526315789,0.0,0.0,0.631578947368421,113.66193092105249
60,pct,0.25,1.5,3,1.0,tick,exchange,19,9,10,0.631578947368421,2173.5716875000217,1538.5678807062502,635.0038067937718,0.31423415561985446,1.3280015179674467,0.16893144931686946,676.0344935750036,0.5263157894736842,0.631578947368421,0.3684210526315789,0.0,0.0,0.631578947368421,33.421252989145884
60,pct,0.25,1.5,3,1.0,tick,cfd_std,19,9,10,0.631578947368421,2254.042937499995,351.0,1903.0429374999949,0.07151916765014608,2.2554162103956044,0.5097356567547471,442.84935000000405,0.5263157894736842,0.631578947368421,0.3684210526315789,0.0,0.0,0.631578947368421,100.16015460526289
60,pct,0.25,1.5,3,1.0,tick,cfd_raw,19,9,10,0.631578947368421,2215.5566875000222,322.0,1893.5566875000222,0.06568397071862603,2.2646032340149307,0.507263060414249,432.84935000000405,0.5263157894736842,0.631578947368421,0.3684210526315789,0.0,0.0,0.631578947368421,99.66087828947485
60,pct,0.25,1.5,3,2.0,off,none,1,0,1,1.0,283.48327500000596,0.0,283.48327500000596,0.0,inf,1.5000000000000318,0.0,0.0,1.0,0.0,0.0,0.0,1.0,283.48327500000596
60,pct,0.25,1.5,3,2.0,off,exchange,1,0,1,1.0,283.48327500000596,77.45279836249999,206.03047663750596,0.27321822905601173,inf,1.0901726564160052,0.0,0.0,1.0,0.0,0.0,0.0,1.0,206.03047663750596
60,pct,0.25,1.5,3,2.0,off,cfd_std,1,0,1,1.0,283.48327500000596,13.5,269.98327500000596,0.04762185705664546,inf,1.4285672144150618,0.0,0.0,1.0,0.0,0.0,0.0,1.0,269.98327500000596
60,pct,0.25,1.5,3,2.0,off,cfd_raw,1,0,1,1.0,283.48327500000596,14.0,269.48327500000596,0.04938562954022492,inf,1.4259215556896927,0.0,0.0,1.0,0.0,0.0,0.0,1.0,269.48327500000596
60,pct,0.25,1.5,3,2.0,bar,none,1,0,1,1.0,283.48327500000596,0.0,283.48327500000596,0.0,inf,1.5000000000000318,0.0,0.0,1.0,0.0,0.0,0.0,1.0,283.48327500000596
60,pct,0.25,1.5,3,2.0,bar,exchange,1,0,1,1.0,283.48327500000596,77.45279836249999,206.03047663750596,0.27321822905601173,inf,1.0901726564160052,0.0,0.0,1.0,0.0,0.0,0.0,1.0,206.03047663750596
60,pct,0.25,1.5,3,2.0,bar,cfd_std,1,0,1,1.0,283.48327500000596,13.5,269.98327500000596,0.04762185705664546,inf,1.4285672144150618,0.0,0.0,1.0,0.0,0.0,0.0,1.0,269.98327500000596
60,pct,0.25,1.5,3,2.0,bar,cfd_raw,1,0,1,1.0,283.48327500000596,14.0,269.48327500000596,0.04938562954022492,inf,1.4259215556896927,0.0,0.0,1.0,0.0,0.0,0.0,1.0,269.48327500000596
60,pct,0.25,1.5,3,2.0,tick,none,1,0,1,1.0,283.48327500000596,0.0,283.48327500000596,0.0,inf,1.5000000000000318,0.0,0.0,1.0,0.0,0.0,0.0,1.0,283.48327500000596
60,pct,0.25,1.5,3,2.0,tick,exchange,1,0,1,1.0,283.48327500000596,77.45279836249999,206.03047663750596,0.27321822905601173,inf,1.0901726564160052,0.0,0.0,1.0,0.0,0.0,0.0,1.0,206.03047663750596
60,pct,0.25,1.5,3,2.0,tick,cfd_std,1,0,1,1.0,283.48327500000596,13.5,269.98327500000596,0.04762185705664546,inf,1.4285672144150618,0.0,0.0,1.0,0.0,0.0,0.0,1.0,269.98327500000596
60,pct,0.25,1.5,3,2.0,tick,cfd_raw,1,0,1,1.0,283.48327500000596,14.0,269.48327500000596,0.04938562954022492,inf,1.4259215556896927,0.0,0.0,1.0,0.0,0.0,0.0,1.0,269.48327500000596
60,pct,0.25,1.5,5,0.5,off,none,24,10,14,0.625,2689.730949999983,0.0,2689.730949999983,0.0,2.549019530209363,0.5624999999999963,661.0975625000137,0.4166666666666667,0.625,0.375,0.0,0.0,0.6666666666666666,112.07212291666595
60,pct,0.25,1.5,5,0.5,off,exchange,24,10,14,0.625,2705.715949999998,1941.015305625,764.700644374998,0.3149703557179969,1.3109481718342244,0.15172745596114784,1265.9990420500108,0.4166666666666667,0.625,0.375,0.0,0.0,0.6666666666666666,31.86252684895825
60,pct,0.25,1.5,5,0.5,off,cfd_std,24,10,14,0.625,2797.629699999976,445.5,2352.129699999976,0.07229271040957663,2.22162620878394,0.4899917695039942,796.0638125000114,0.4166666666666667,0.625,0.375,0.0,0.0,0.6666666666666666,98.00540416666566
60,pct,0.25,1.5,5,0.5,off,cfd_raw,24,10,14,0.625,2753.6709500000143,408.0,2345.6709500000143,0.06620702225106037,2.233000553889934,0.4887932158648381,777.0775625000097,0.4166666666666667,0.625,0.375,0.0,0.0,0.6666666666666666,97.73628958333393
60,pct,0.25,1.5,5,0.5,bar,none,24,10,14,0.625,2689.730949999983,0.0,2689.730949999983,0.0,2.549019530209363,0.5624999999999963,661.0975625000137,0.4166666666666667,0.625,0.375,0.0,0.0,0.6666666666666666,112.07212291666595
60,pct,0.25,1.5,5,0.5,bar,exchange,24,10,14,0.625,2705.715949999998,1941.015305625,764.700644374998,0.3149703557179969,1.3109481718342244,0.15172745596114784,1265.9990420500108,0.4166666666666667,0.625,0.375,0.0,0.0,0.6666666666666666,31.86252684895825
60,pct,0.25,1.5,5,0.5,bar,cfd_std,24,10,14,0.625,2797.629699999976,445.5,2352.129699999976,0.07229271040957663,2.22162620878394,0.4899917695039942,796.0638125000114,0.4166666666666667,0.625,0.375,0.0,0.0,0.6666666666666666,98.00540416666566
60,pct,0.25,1.5,5,0.5,bar,cfd_raw,24,10,14,0.625,2753.6709500000143,408.0,2345.6709500000143,0.06620702225106037,2.233000553889934,0.4887932158648381,777.0775625000097,0.4166666666666667,0.625,0.375,0.0,0.0,0.6666666666666666,97.73628958333393
60,pct,0.25,1.5,5,0.5,tick,none,24,10,14,0.625,2689.730949999983,0.0,2689.730949999983,0.0,2.549019530209363,0.5624999999999963,661.0975625000137,0.4166666666666667,0.625,0.375,0.0,0.0,0.6666666666666666,112.07212291666595
60,pct,0.25,1.5,5,0.5,tick,exchange,24,10,14,0.625,2705.715949999998,1941.015305625,764.700644374998,0.3149703557179969,1.3109481718342244,0.15172745596114784,1265.9990420500108,0.4166666666666667,0.625,0.375,0.0,0.0,0.6666666666666666,31.86252684895825
60,pct,0.25,1.5,5,0.5,tick,cfd_std,24,10,14,0.625,2797.629699999976,445.5,2352.129699999976,0.07229271040957663,2.22162620878394,0.4899917695039942,796.0638125000114,0.4166666666666667,0.625,0.375,0.0,0.0,0.6666666666666666,98.00540416666566
60,pct,0.25,1.5,5,0.5,tick,cfd_raw,24,10,14,0.625,2753.6709500000143,408.0,2345.6709500000143,0.06620702225106037,2.233000553889934,0.4887932158648381,777.0775625000097,0.4166666666666667,0.625,0.375,0.0,0.0,0.6666666666666666,97.73628958333393
60,pct,0.25,1.5,5,1.0,off,none,12,4,8,0.6666666666666666,1562.8844249999966,0.0,1562.8844249999966,0.0,2.994059387939214,0.6666666666666653,585.5133750000095,0.5,0.6666666666666666,0.3333333333333333,0.0,0.0,0.5833333333333334,130.2403687499997
60,pct,0.25,1.5,5,1.0,off,exchange,12,4,8,0.6666666666666666,1572.8769250000187,970.6925967875001,602.184328212519,0.30988609277944285,1.5428624815938126,0.2574992569462806,829.623260262495,0.5,0.6666666666666666,0.3333333333333333,0.0,0.0,0.5833333333333334,50.182027351043246
60,pct,0.25,1.5,5,1.0,off,cfd_std,12,4,8,0.6666666666666666,1630.333799999993,216.0,1414.333799999993,0.06870503696664917,2.6355023776546047,0.6030845911914293,653.0471250000119,0.5,0.6666666666666666,0.3333333333333333,0.0,0.0,0.5833333333333334,117.86114999999943
60,pct,0.25,1.5,5,1.0,off,cfd_raw,12,4,8,0.6666666666666666,1602.8544250000268,200.0,1402.8544250000268,0.0637268427905064,2.639288611633817,0.5983159394098796,643.5333749999991,0.5,0.6666666666666666,0.3333333333333333,0.0,0.0,0.5833333333333334,116.9045354166689
60,pct,0.25,1.5,5,1.0,bar,none,12,4,8,0.6666666666666666,1562.8844249999966,0.0,1562.8844249999966,0.0,2.994059387939214,0.6666666666666653,585.5133750000095,0.5,0.6666666666666666,0.3333333333333333,0.0,0.0,0.5833333333333334,130.2403687499997
60,pct,0.25,1.5,5,1.0,bar,exchange,12,4,8,0.6666666666666666,1572.8769250000187,970.6925967875001,602.184328212519,0.30988609277944285,1.5428624815938126,0.2574992569462806,829.623260262495,0.5,0.6666666666666666,0.3333333333333333,0.0,0.0,0.5833333333333334,50.182027351043246
60,pct,0.25,1.5,5,1.0,bar,cfd_std,12,4,8,0.6666666666666666,1630.333799999993,216.0,1414.333799999993,0.06870503696664917,2.6355023776546047,0.6030845911914293,653.0471250000119,0.5,0.6666666666666666,0.3333333333333333,0.0,0.0,0.5833333333333334,117.86114999999943
60,pct,0.25,1.5,5,1.0,bar,cfd_raw,12,4,8,0.6666666666666666,1602.8544250000268,200.0,1402.8544250000268,0.0637268427905064,2.639288611633817,0.5983159394098796,643.5333749999991,0.5,0.6666666666666666,0.3333333333333333,0.0,0.0,0.5833333333333334,116.9045354166689
60,pct,0.25,1.5,5,1.0,tick,none,12,4,8,0.6666666666666666,1562.8844249999966,0.0,1562.8844249999966,0.0,2.994059387939214,0.6666666666666653,585.5133750000095,0.5,0.6666666666666666,0.3333333333333333,0.0,0.0,0.5833333333333334,130.2403687499997
60,pct,0.25,1.5,5,1.0,tick,exchange,12,4,8,0.6666666666666666,1572.8769250000187,970.6925967875001,602.184328212519,0.30988609277944285,1.5428624815938126,0.2574992569462806,829.623260262495,0.5,0.6666666666666666,0.3333333333333333,0.0,0.0,0.5833333333333334,50.182027351043246
60,pct,0.25,1.5,5,1.0,tick,cfd_std,12,4,8,0.6666666666666666,1630.333799999993,216.0,1414.333799999993,0.06870503696664917,2.6355023776546047,0.6030845911914293,653.0471250000119,0.5,0.6666666666666666,0.3333333333333333,0.0,0.0,0.5833333333333334,117.86114999999943
60,pct,0.25,1.5,5,1.0,tick,cfd_raw,12,4,8,0.6666666666666666,1602.8544250000268,200.0,1402.8544250000268,0.0637268427905064,2.639288611633817,0.5983159394098796,643.5333749999991,0.5,0.6666666666666666,0.3333333333333333,0.0,0.0,0.5833333333333334,116.9045354166689
60,pct,0.25,1.5,5,2.0,off,none,0,0,0,,0.0,0.0,0.0,,,,0.0,,0.0,0.0,0.0,0.0,,
60,pct,0.25,1.5,5,2.0,off,exchange,0,0,0,,0.0,0.0,0.0,,,,0.0,,0.0,0.0,0.0,0.0,,
60,pct,0.25,1.5,5,2.0,off,cfd_std,0,0,0,,0.0,0.0,0.0,,,,0.0,,0.0,0.0,0.0,0.0,,
60,pct,0.25,1.5,5,2.0,off,cfd_raw,0,0,0,,0.0,0.0,0.0,,,,0.0,,0.0,0.0,0.0,0.0,,
60,pct,0.25,1.5,5,2.0,bar,none,0,0,0,,0.0,0.0,0.0,,,,0.0,,0.0,0.0,0.0,0.0,,
60,pct,0.25,1.5,5,2.0,bar,exchange,0,0,0,,0.0,0.0,0.0,,,,0.0,,0.0,0.0,0.0,0.0,,
60,pct,0.25,1.5,5,2.0,bar,cfd_std,0,0,0,,0.0,0.0,0.0,,,,0.0,,0.0,0.0,0.0,0.0,,
60,pct,0.25,1.5,5,2.0,bar,cfd_raw,0,0,0,,0.0,0.0,0.0,,,,0.0,,0.0,0.0,0.0,0.0,,
60,pct,0.25,1.5,5,2.0,tick,none,0,0,0,,0.0,0.0,0.0,,,,0.0,,0.0,0.0,0.0,0.0,,
60,pct,0.25,1.5,5,2.0,tick,exchange,0,0,0,,0.0,0.0,0.0,,,,0.0,,0.0,0.0,0.0,0.0,,
60,pct,0.25,1.5,5,2.0,tick,cfd_std,0,0,0,,0.0,0.0,0.0,,,,0.0,,0.0,0.0,0.0,0.0,,
60,pct,0.25,1.5,5,2.0,tick,cfd_raw,0,0,0,,0.0,0.0,0.0,,,,0.0,,0.0,0.0,0.0,0.0,,
60,pct,0.25,1.5,8,0.5,off,none,28,8,20,0.4642857142857143,932.3632499999803,0.0,932.3632499999803,0.0,1.3217115709477838,0.1607142857142821,773.2973750000092,0.4642857142857143,0.4642857142857143,0.5357142857142857,0.0,0.0,0.6428571428571429,33.298687499999296
60,pct,0.25,1.5,8,0.5,off,exchange,28,8,20,0.4642857142857143,952.3582499999902,2267.13146465,-1314.77321465001,0.3371396574770489,0.6798100959474157,-0.25153503113401615,1982.6294786187646,0.4642857142857143,0.4642857142857143,0.5357142857142857,0.0,0.0,0.6428571428571429,-46.956186237500354
60,pct,0.25,1.5,8,0.5,off,cfd_std,28,8,20,0.42857142857142855,575.5944999999774,594.0,-18.405500000022585,0.09032687997704032,0.9946374991449629,-0.013156069402201011,1125.0997875000176,0.42857142857142855,0.42857142857142855,0.5714285714285714,0.0,0.0,0.6428571428571429,-0.6573392857150923
60,pct,0.25,1.5,8,0.5,off,cfd_raw,28,8,20,0.4642857142857143,1012.3432500000054,512.0,500.34325000000536,0.07627524954706726,1.1573359926048117,0.08119338041495676,845.257375000001,0.4642857142857143,0.4642857142857143,0.5357142857142857,0.0,0.0,0.6428571428571429,17.869401785714476
60,pct,0.25,1.5,8,0.5,bar,none,28,8,20,0.4642857142857143,932.3632499999803,0.0,932.3632499999803,0.0,1.3217115709477838,0.1607142857142821,773.2973750000092,0.4642857142857143,0.4642857142857143,0.5357142857142857,0.0,0.0,0.6428571428571429,33.298687499999296
60,pct,0.25,1.5,8,0.5,bar,exchange,28,8,20,0.4642857142857143,952.3582499999902,2267.13146465,-1314.77321465001,0.3371396574770489,0.6798100959474157,-0.25153503113401615,1982.6294786187646,0.4642857142857143,0.4642857142857143,0.5357142857142857,0.0,0.0,0.6428571428571429,-46.956186237500354
60,pct,0.25,1.5,8,0.5,bar,cfd_std,28,8,20,0.42857142857142855,575.5944999999774,594.0,-18.405500000022585,0.09032687997704032,0.9946374991449629,-0.013156069402201011,1125.0997875000176,0.42857142857142855,0.42857142857142855,0.5714285714285714,0.0,0.0,0.6428571428571429,-0.6573392857150923
60,pct,0.25,1.5,8,0.5,bar,cfd_raw,28,8,20,0.4642857142857143,1012.3432500000054,512.0,500.34325000000536,0.07627524954706726,1.1573359926048117,0.08119338041495676,845.257375000001,0.4642857142857143,0.4642857142857143,0.5357142857142857,0.0,0.0,0.6428571428571429,17.869401785714476
60,pct,0.25,1.5,8,0.5,tick,none,28,8,20,0.4642857142857143,932.3632499999803,0.0,932.3632499999803,0.0,1.3217115709477838,0.1607142857142821,773.2973750000092,0.4642857142857143,0.4642857142857143,0.5357142857142857,0.0,0.0,0.6428571428571429,33.298687499999296
60,pct,0.25,1.5,8,0.5,tick,exchange,28,8,20,0.4642857142857143,952.3582499999902,2267.13146465,-1314.77321465001,0.3371396574770489,0.6798100959474157,-0.25153503113401615,1982.6294786187646,0.4642857142857143,0.4642857142857143,0.5357142857142857,0.0,0.0,0.6428571428571429,-46.956186237500354
60,pct,0.25,1.5,8,0.5,tick,cfd_std,28,8,20,0.42857142857142855,575.5944999999774,594.0,-18.405500000022585,0.09032687997704032,0.9946374991449629,-0.013156069402201011,1125.0997875000176,0.42857142857142855,0.42857142857142855,0.5714285714285714,0.0,0.0,0.6428571428571429,-0.6573392857150923
60,pct,0.25,1.5,8,0.5,tick,cfd_raw,28,8,20,0.4642857142857143,1012.3432500000054,512.0,500.34325000000536,0.07627524954706726,1.1573359926048117,0.08119338041495676,845.257375000001,0.4642857142857143,0.4642857142857143,0.5357142857142857,0.0,0.0,0.6428571428571429,17.869401785714476
60,pct,0.25,1.5,8,1.0,off,none,11,2,9,0.6363636363636364,1279.544299999994,0.0,1279.544299999994,0.0,2.6422644290459782,0.5909090909090882,396.92602500000794,0.45454545454545453,0.6363636363636364,0.36363636363636365,0.0,0.0,0.6363636363636364,116.32220909090856
60,pct,0.25,1.5,8,1.0,off,exchange,11,2,9,0.6363636363636364,1287.5543000000034,890.5748753374999,396.97942466250345,0.31382551955428356,1.3598548637506664,0.1806840470922223,559.8828930125019,0.45454545454545453,0.6363636363636364,0.36363636363636365,0.0,0.0,0.6363636363636364,36.089038605682134
60,pct,0.25,1.5,8,1.0,off,cfd_std,11,2,9,0.6363636363636364,1333.6117999999988,202.5,1131.1117999999988,0.07135947481681809,2.3151443553822117,0.5217210942019118,423.8585250000033,0.45454545454545453,0.6363636363636364,0.36363636363636365,0.0,0.0,0.6363636363636364,102.82834545454534
60,pct,0.25,1.5,8,1.0,off,cfd_raw,11,2,9,0.6363636363636364,1311.5843000000023,186.0,1125.5843000000023,0.06554436391414846,2.3225144362700605,0.5192057997370984,424.8860249999998,0.45454545454545453,0.6363636363636364,0.36363636363636365,0.0,0.0,0.6363636363636364,102.32584545454566
60,pct,0.25,1.5,8,1.0,bar,none,11,2,9,0.6363636363636364,1279.544299999994,0.0,1279.544299999994,0.0,2.6422644290459782,0.5909090909090882,396.92602500000794,0.45454545454545453,0.6363636363636364,0.36363636363636365,0.0,0.0,0.6363636363636364,116.32220909090856
60,pct,0.25,1.5,8,1.0,bar,exchange,11,2,9,0.6363636363636364,1287.5543000000034,890.5748753374999,396.97942466250345,0.31382551955428356,1.3598548637506664,0.1806840470922223,559.8828930125019,0.45454545454545453,0.6363636363636364,0.36363636363636365,0.0,0.0,0.6363636363636364,36.089038605682134
60,pct,0.25,1.5,8,1.0,bar,cfd_std,11,2,9,0.6363636363636364,1333.6117999999988,202.5,1131.1117999999988,0.07135947481681809,2.3151443553822117,0.5217210942019118,423.8585250000033,0.45454545454545453,0.6363636363636364,0.36363636363636365,0.0,0.0,0.6363636363636364,102.82834545454534
60,pct,0.25,1.5,8,1.0,bar,cfd_raw,11,2,9,0.6363636363636364,1311.5843000000023,186.0,1125.5843000000023,0.06554436391414846,2.3225144362700605,0.5192057997370984,424.8860249999998,0.45454545454545453,0.6363636363636364,0.36363636363636365,0.0,0.0,0.6363636363636364,102.32584545454566
60,pct,0.25,1.5,8,1.0,tick,none,11,2,9,0.6363636363636364,1279.544299999994,0.0,1279.544299999994,0.0,2.6422644290459782,0.5909090909090882,396.92602500000794,0.45454545454545453,0.6363636363636364,0.36363636363636365,0.0,0.0,0.6363636363636364,116.32220909090856
60,pct,0.25,1.5,8,1.0,tick,exchange,11,2,9,0.6363636363636364,1287.5543000000034,890.5748753374999,396.97942466250345,0.31382551955428356,1.3598548637506664,0.1806840470922223,559.8828930125019,0.45454545454545453,0.6363636363636364,0.36363636363636365,0.0,0.0,0.6363636363636364,36.089038605682134
60,pct,0.25,1.5,8,1.0,tick,cfd_std,11,2,9,0.6363636363636364,1333.6117999999988,202.5,1131.1117999999988,0.07135947481681809,2.3151443553822117,0.5217210942019118,423.8585250000033,0.45454545454545453,0.6363636363636364,0.36363636363636365,0.0,0.0,0.6363636363636364,102.82834545454534
60,pct,0.25,1.5,8,1.0,tick,cfd_raw,11,2,9,0.6363636363636364,1311.5843000000023,186.0,1125.5843000000023,0.06554436391414846,2.3225144362700605,0.5192057997370984,424.8860249999998,0.45454545454545453,0.6363636363636364,0.36363636363636365,0.0,0.0,0.6363636363636364,102.32584545454566
60,pct,0.25,1.5,8,2.0,off,none,0,0,0,,0.0,0.0,0.0,,,,0.0,,0.0,0.0,0.0,0.0,,
60,pct,0.25,1.5,8,2.0,off,exchange,0,0,0,,0.0,0.0,0.0,,,,0.0,,0.0,0.0,0.0,0.0,,
60,pct,0.25,1.5,8,2.0,off,cfd_std,0,0,0,,0.0,0.0,0.0,,,,0.0,,0.0,0.0,0.0,0.0,,
60,pct,0.25,1.5,8,2.0,off,cfd_raw,0,0,0,,0.0,0.0,0.0,,,,0.0,,0.0,0.0,0.0,0.0,,
60,pct,0.25,1.5,8,2.0,bar,none,0,0,0,,0.0,0.0,0.0,,,,0.0,,0.0,0.0,0.0,0.0,,
60,pct,0.25,1.5,8,2.0,bar,exchange,0,0,0,,0.0,0.0,0.0,,,,0.0,,0.0,0.0,0.0,0.0,,
60,pct,0.25,1.5,8,2.0,bar,cfd_std,0,0,0,,0.0,0.0,0.0,,,,0.0,,0.0,0.0,0.0,0.0,,
60,pct,0.25,1.5,8,2.0,bar,cfd_raw,0,0,0,,0.0,0.0,0.0,,,,0.0,,0.0,0.0,0.0,0.0,,
60,pct,0.25,1.5,8,2.0,tick,none,0,0,0,,0.0,0.0,0.0,,,,0.0,,0.0,0.0,0.0,0.0,,
60,pct,0.25,1.5,8,2.0,tick,exchange,0,0,0,,0.0,0.0,0.0,,,,0.0,,0.0,0.0,0.0,0.0,,
60,pct,0.25,1.5,8,2.0,tick,cfd_std,0,0,0,,0.0,0.0,0.0,,,,0.0,,0.0,0.0,0.0,0.0,,
60,pct,0.25,1.5,8,2.0,tick,cfd_raw,0,0,0,,0.0,0.0,0.0,,,,0.0,,0.0,0.0,0.0,0.0,,
60,pct,0.25,2.0,3,0.5,off,none,43,22,21,0.4186046511627907,2176.3771249999845,0.0,2176.3771249999845,0.0,1.4438552286836677,0.2558139534883704,1194.4749250000168,1.1162790697674418,0.4186046511627907,0.5813953488372093,0.0,0.0,0.3953488372093023,50.61342151162755
60,pct,0.25,2.0,3,0.5,off,exchange,43,22,21,0.4186046511627907,2228.3621250000433,3512.6212314625004,-1284.2591064624567,0.2935229266501011,0.8146921764824585,-0.15412096752738857,2643.375360674996,1.1162790697674418,0.4186046511627907,0.5813953488372093,0.0,0.0,0.3953488372093023,-29.86649084796411
60,pct,0.25,2.0,3,0.5,off,cfd_std,43,22,21,0.3953488372093023,1915.935274999967,931.5,984.4352749999671,0.07999463215837058,1.176856372148698,0.11688688213398939,1347.1508750000066,1.3488372093023255,0.3953488372093023,0.6046511627906976,0.0,0.0,0.3953488372093023,22.893843604650396
60,pct,0.25,2.0,3,0.5,off,cfd_raw,43,22,21,0.4186046511627907,2384.317125000045,802.0,1582.317125000045,0.06728630882958857,1.2975707153340346,0.18517030990406327,1353.1508749999775,1.1162790697674418,0.4186046511627907,0.5813953488372093,0.0,0.0,0.3953488372093023,36.79807267441965
60,pct,0.25,2.0,3,0.5,bar,none,43,22,21,0.4186046511627907,2176.3771249999845,0.0,2176.3771249999845,0.0,1.4438552286836677,0.2558139534883704,1194.4749250000168,1.1162790697674418,0.4186046511627907,0.5813953488372093,0.0,0.0,0.3953488372093023,50.61342151162755
60,pct,0.25,2.0,3,0.5,bar,exchange,43,22,21,0.4186046511627907,2228.3621250000433,3512.6212314625004,-1284.2591064624567,0.2935229266501011,0.8146921764824585,-0.15412096752738857,2643.375360674996,1.1162790697674418,0.4186046511627907,0.5813953488372093,0.0,0.0,0.3953488372093023,-29.86649084796411
60,pct,0.25,2.0,3,0.5,bar,cfd_std,43,22,21,0.3953488372093023,1915.935274999967,931.5,984.4352749999671,0.07999463215837058,1.176856372148698,0.11688688213398939,1347.1508750000066,1.3488372093023255,0.3953488372093023,0.6046511627906976,0.0,0.0,0.3953488372093023,22.893843604650396
60,pct,0.25,2.0,3,0.5,bar,cfd_raw,43,22,21,0.4186046511627907,2384.317125000045,802.0,1582.317125000045,0.06728630882958857,1.2975707153340346,0.18517030990406327,1353.1508749999775,1.1162790697674418,0.4186046511627907,0.5813953488372093,0.0,0.0,0.3953488372093023,36.79807267441965
60,pct,0.25,2.0,3,0.5,tick,none,43,22,21,0.4186046511627907,2262.1467775733327,0.0,2262.1467775733327,0.0,1.4695608684815127,0.2659121223835133,1108.7052724266687,1.1162790697674418,0.4186046511627907,0.5581395348837209,0.023255813953488372,0.0,0.3953488372093023,52.60806459472867
60,pct,0.25,2.0,3,0.5,tick,exchange,43,22,21,0.4186046511627907,2312.126777573387,3512.5793491362133,-1200.4525715628265,0.2955884193511253,0.8246644982819882,-0.1442539280962864,2559.5688257753645,1.1162790697674418,0.4186046511627907,0.5581395348837209,0.023255813953488372,0.0,0.3953488372093023,-27.91750166425178
60,pct,0.25,2.0,3,0.5,tick,cfd_std,43,22,21,0.37209302325581395,1617.7012938948756,945.0,672.7012938948756,0.08493544039029992,1.1226841114880872,0.07967906517175709,1320.444747994683,1.255813953488372,0.37209302325581395,0.5581395348837209,0.06976744186046512,0.0,0.3953488372093023,15.64421613709013
60,pct,0.25,2.0,3,0.5,tick,cfd_raw,43,22,21,0.4186046511627907,2462.066777573389,802.0,1660.0667775733891,0.06772810271737685,1.3168248106881997,0.19432423672629084,1275.4012224266335,1.1162790697674418,0.4186046511627907,0.5581395348837209,0.023255813953488372,0.0,0.3953488372093023,38.6062041296137
60,pct,0.25,2.0,3,1.0,off,none,19,9,10,0.42105263157894735,962.061474999995,0.0,962.061474999995,0.0,1.4457325268174965,0.2631578947368408,595.8302000000112,1.0,0.42105263157894735,0.5789473684210527,0.0,0.0,0.47368421052631576,50.634814473683946
60,pct,0.25,2.0,3,1.0,off,exchange,19,9,10,0.42105263157894735,982.0614750000241,1546.9529078875,-564.891432887476,0.29327081486738416,0.8150101792440559,-0.14750697013915393,1235.0320449874853,1.0,0.42105263157894735,0.5789473684210527,0.0,0.0,0.47368421052631576,-29.731128046709262
60,pct,0.25,2.0,3,1.0,off,cfd_std,19,9,10,0.42105263157894735,1097.0614749999804,405.0,692.0614749999804,0.07711601599544203,1.291470035314534,0.1902781597878848,636.2289500000043,1.3157894736842106,0.42105263157894735,0.5789473684210527,0.0,0.0,0.47368421052631576,36.424288157893706
60,pct,0.25,2.0,3,1.0,off,cfd_raw,19,9,10,0.42105263157894735,1042.061475000024,354.0,688.0614750000241,0.06726422474824378,1.2924955234488555,0.18929994330328465,637.770199999999,1.0,0.42105263157894735,0.5789473684210527,0.0,0.0,0.47368421052631576,36.21376184210653
60,pct,0.25,2.0,3,1.0,bar,none,19,9,10,0.42105263157894735,962.061474999995,0.0,962.061474999995,0.0,1.4457325268174965,0.2631578947368408,595.8302000000112,1.0,0.42105263157894735,0.5789473684210527,0.0,0.0,0.47368421052631576,50.634814473683946
60,pct,0.25,2.0,3,1.0,bar,exchange,19,9,10,0.42105263157894735,982.0614750000241,1546.9529078875,-564.891432887476,0.29327081486738416,0.8150101792440559,-0.14750697013915393,1235.0320449874853,1.0,0.42105263157894735,0.5789473684210527,0.0,0.0,0.47368421052631576,-29.731128046709262
60,pct,0.25,2.0,3,1.0,bar,cfd_std,19,9,10,0.42105263157894735,1097.0614749999804,405.0,692.0614749999804,0.07711601599544203,1.291470035314534,0.1902781597878848,636.2289500000043,1.3157894736842106,0.42105263157894735,0.5789473684210527,0.0,0.0,0.47368421052631576,36.424288157893706
60,pct,0.25,2.0,3,1.0,bar,cfd_raw,19,9,10,0.42105263157894735,1042.061475000024,354.0,688.0614750000241,0.06726422474824378,1.2924955234488555,0.18929994330328465,637.770199999999,1.0,0.42105263157894735,0.5789473684210527,0.0,0.0,0.47368421052631576,36.21376184210653
60,pct,0.25,2.0,3,1.0,tick,none,19,9,10,0.42105263157894735,1047.831127573343,0.0,1047.831127573343,0.0,1.5055603674420737,0.28601164539426965,510.0605474266631,1.0,0.42105263157894735,0.5263157894736842,0.05263157894736842,0.0,0.47368421052631576,55.14900671438648
60,pct,0.25,2.0,3,1.0,tick,exchange,19,9,10,0.42105263157894735,1065.8261275733676,1546.9110255612134,-481.08489798784586,0.29799505865685794,0.8380092092092996,-0.12517630195297533,1151.2255100878538,1.0,0.42105263157894735,0.5263157894736842,0.05263157894736842,0.0,0.47368421052631576,-25.32025778883399
60,pct,0.25,2.0,3,1.0,tick,cfd_std,19,9,10,0.3684210526315789,670.2853520053177,418.5,251.7853520053177,0.08607682653408404,1.1040510497262255,0.07286611770356886,899.8828229946666,1.2105263157894737,0.3684210526315789,0.5263157894736842,0.10526315789473684,0.0,0.47368421052631576,13.251860631858825
60,pct,0.25,2.0,3,1.0,tick,cfd_raw,19,9,10,0.42105263157894735,1119.8111275733681,354.0,765.8111275733681,0.0682728441817775,1.3366745474343544,0.2100167250588524,560.020547426655,1.0,0.42105263157894735,0.5263157894736842,0.05263157894736842,0.0,0.47368421052631576,40.305848819650954
60,pct,0.25,2.0,3,2.0,off,none,1,0,1,1.0,377.9777000000031,0.0,377.9777000000031,0.0,inf,2.0000000000000164,0.0,0.0,1.0,0.0,0.0,0.0,1.0,377.9777000000031
60,pct,0.25,2.0,3,2.0,off,exchange,1,0,1,1.0,377.9777000000031,77.40555115,300.5721488500031,0.20478867179201143,inf,1.5904226564159902,0.0,0.0,1.0,0.0,0.0,0.0,1.0,300.5721488500031
60,pct,0.25,2.0,3,2.0,off,cfd_std,1,0,1,1.0,377.9777000000031,13.5,364.4777000000031,0.03571639279248456,inf,1.9285672144150467,0.0,0.0,1.0,0.0,0.0,0.0,1.0,364.4777000000031
60,pct,0.25,2.0,3,2.0,off,cfd_raw,1,0,1,1.0,377.9777000000031,14.0,363.9777000000031,0.037039222155169166,inf,1.9259215556896776,0.0,0.0,1.0,0.0,0.0,0.0,1.0,363.9777000000031
60,pct,0.25,2.0,3,2.0,bar,none,1,0,1,1.0,377.9777000000031,0.0,377.9777000000031,0.0,inf,2.0000000000000164,0.0,0.0,1.0,0.0,0.0,0.0,1.0,377.9777000000031
60,pct,0.25,2.0,3,2.0,bar,exchange,1,0,1,1.0,377.9777000000031,77.40555115,300.5721488500031,0.20478867179201143,inf,1.5904226564159902,0.0,0.0,1.0,0.0,0.0,0.0,1.0,300.5721488500031
60,pct,0.25,2.0,3,2.0,bar,cfd_std,1,0,1,1.0,377.9777000000031,13.5,364.4777000000031,0.03571639279248456,inf,1.9285672144150467,0.0,0.0,1.0,0.0,0.0,0.0,1.0,364.4777000000031
60,pct,0.25,2.0,3,2.0,bar,cfd_raw,1,0,1,1.0,377.9777000000031,14.0,363.9777000000031,0.037039222155169166,inf,1.9259215556896776,0.0,0.0,1.0,0.0,0.0,0.0,1.0,363.9777000000031
60,pct,0.25,2.0,3,2.0,tick,none,1,0,1,1.0,377.9777000000031,0.0,377.9777000000031,0.0,inf,2.0000000000000164,0.0,0.0,1.0,0.0,0.0,0.0,1.0,377.9777000000031
60,pct,0.25,2.0,3,2.0,tick,exchange,1,0,1,1.0,377.9777000000031,77.40555115,300.5721488500031,0.20478867179201143,inf,1.5904226564159902,0.0,0.0,1.0,0.0,0.0,0.0,1.0,300.5721488500031
60,pct,0.25,2.0,3,2.0,tick,cfd_std,1,0,1,1.0,377.9777000000031,13.5,364.4777000000031,0.03571639279248456,inf,1.9285672144150467,0.0,0.0,1.0,0.0,0.0,0.0,1.0,364.4777000000031
60,pct,0.25,2.0,3,2.0,tick,cfd_raw,1,0,1,1.0,377.9777000000031,14.0,363.9777000000031,0.037039222155169166,inf,1.9259215556896776,0.0,0.0,1.0,0.0,0.0,0.0,1.0,363.9777000000031
60,pct,0.25,2.0,5,0.5,off,none,24,10,14,0.4166666666666667,1225.664849999972,0.0,1225.664849999972,0.0,1.4512385024209948,0.24999999999999412,950.689075000002,0.875,0.4166666666666667,0.5833333333333334,0.0,0.0,0.4583333333333333,51.06936874999883
60,pct,0.25,2.0,5,0.5,off,exchange,24,10,14,0.4166666666666667,1251.6698500000057,1951.267127475,-699.5972774749941,0.2931543736141535,0.818054270815918,-0.1608279038929927,1687.2100372000132,0.875,0.4166666666666667,0.5833333333333334,0.0,0.0,0.4583333333333333,-29.14988656145809
60,pct,0.25,2.0,5,0.5,off,cfd_std,24,10,14,0.4166666666666667,1401.1985999999742,513.0,888.1985999999742,0.07720579321570568,1.2960967719916983,0.17747255108200766,1096.4479250000004,1.0,0.4166666666666667,0.5833333333333334,0.0,0.0,0.4583333333333333,37.008274999998925
60,pct,0.25,2.0,5,0.5,off,cfd_raw,24,10,14,0.4166666666666667,1329.684850000005,448.0,881.6848500000051,0.06736748044051745,1.2970432119894744,0.17628182717032573,1083.9616750000132,0.875,0.4166666666666667,0.5833333333333334,0.0,0.0,0.4583333333333333,36.73686875000021
60,pct,0.25,2.0,5,0.5,bar,none,24,10,14,0.4166666666666667,1225.664849999972,0.0,1225.664849999972,0.0,1.4512385024209948,0.24999999999999412,950.689075000002,0.875,0.4166666666666667,0.5833333333333334,0.0,0.0,0.4583333333333333,51.06936874999883
60,pct,0.25,2.0,5,0.5,bar,exchange,24,10,14,0.4166666666666667,1251.6698500000057,1951.267127475,-699.5972774749941,0.2931543736141535,0.818054270815918,-0.1608279038929927,1687.2100372000132,0.875,0.4166666666666667,0.5833333333333334,0.0,0.0,0.4583333333333333,-29.14988656145809
60,pct,0.25,2.0,5,0.5,bar,cfd_std,24,10,14,0.4166666666666667,1401.1985999999742,513.0,888.1985999999742,0.07720579321570568,1.2960967719916983,0.17747255108200766,1096.4479250000004,1.0,0.4166666666666667,0.5833333333333334,0.0,0.0,0.4583333333333333,37.008274999998925
60,pct,0.25,2.0,5,0.5,bar,cfd_raw,24,10,14,0.4166666666666667,1329.684850000005,448.0,881.6848500000051,0.06736748044051745,1.2970432119894744,0.17628182717032573,1083.9616750000132,0.875,0.4166666666666667,0.5833333333333334,0.0,0.0,0.4583333333333333,36.73686875000021
60,pct,0.25,2.0,5,0.5,tick,none,24,10,14,0.4166666666666667,1311.43450257332,0.0,1311.43450257332,0.0,1.4985581688031482,0.268092552603792,950.689075000002,0.875,0.4166666666666667,0.5416666666666666,0.041666666666666664,0.0,0.4583333333333333,54.64310427388833
60,pct,0.25,2.0,5,0.5,tick,exchange,24,10,14,0.4166666666666667,1335.4345025733492,1951.2252451487134,-615.7907425753641,0.29688425977400246,0.8362816490885928,-0.14314945824560132,1603.4035023003817,0.875,0.4166666666666667,0.5416666666666666,0.041666666666666664,0.0,0.4583333333333333,-25.657947607306838
60,pct,0.25,2.0,5,0.5,tick,cfd_std,24,10,14,0.375,974.4224770053115,526.5,447.9224770053115,0.08417686704002084,1.1470945758921554,0.08452135109859078,1096.4479250000004,0.9166666666666666,0.375,0.5416666666666666,0.08333333333333333,0.0,0.4583333333333333,18.66343654188798
60,pct,0.25,2.0,5,0.5,tick,cfd_raw,24,10,14,0.4166666666666667,1407.4345025733492,448.0,959.4345025733492,0.06816442576757259,1.331932072695604,0.19268261272681694,1083.9616750000132,0.875,0.4166666666666667,0.5416666666666666,0.041666666666666664,0.0,0.4583333333333333,39.976437607222884
60,pct,0.25,2.0,5,1.0,off,none,12,4,8,0.4166666666666667,581.8036749999737,0.0,581.8036749999737,0.0,1.4241984396223375,0.24999999999998893,594.8116000000155,1.1666666666666667,0.4166666666666667,0.5833333333333334,0.0,0.0,0.4166666666666667,48.48363958333115
60,pct,0.25,2.0,5,1.0,off,exchange,12,4,8,0.4166666666666667,595.8036750000028,977.3809931375,-381.57731813749723,0.2941387620989362,0.8033543226182701,-0.1603189342222161,1004.4966081125021,1.1666666666666667,0.4166666666666667,0.5833333333333334,0.0,0.0,0.4166666666666667,-31.798109844791437
60,pct,0.25,2.0,5,1.0,off,cfd_std,12,4,8,0.4166666666666667,676.3036749999592,256.5,419.8036749999592,0.07746338490394031,1.2786673035421952,0.18061679182825566,653.0471250000119,1.4166666666666667,0.4166666666666667,0.5833333333333334,0.0,0.0,0.4166666666666667,34.98363958332993
60,pct,0.25,2.0,5,1.0,off,cfd_raw,12,4,8,0.4166666666666667,637.8036750000028,224.0,413.80367500000284,0.06753503811618011,1.2770703876572356,0.1782115644786146,643.5333749999991,1.1666666666666667,0.4166666666666667,0.5833333333333334,0.0,0.0,0.4166666666666667,34.48363958333357
60,pct,0.25,2.0,5,1.0,bar,none,12,4,8,0.4166666666666667,581.8036749999737,0.0,581.8036749999737,0.0,1.4241984396223375,0.24999999999998893,594.8116000000155,1.1666666666666667,0.4166666666666667,0.5833333333333334,0.0,0.0,0.4166666666666667,48.48363958333115
60,pct,0.25,2.0,5,1.0,bar,exchange,12,4,8,0.4166666666666667,595.8036750000028,977.3809931375,-381.57731813749723,0.2941387620989362,0.8033543226182701,-0.1603189342222161,1004.4966081125021,1.1666666666666667,0.4166666666666667,0.5833333333333334,0.0,0.0,0.4166666666666667,-31.798109844791437
60,pct,0.25,2.0,5,1.0,bar,cfd_std,12,4,8,0.4166666666666667,676.3036749999592,256.5,419.8036749999592,0.07746338490394031,1.2786673035421952,0.18061679182825566,653.0471250000119,1.4166666666666667,0.4166666666666667,0.5833333333333334,0.0,0.0,0.4166666666666667,34.98363958332993
60,pct,0.25,2.0,5,1.0,bar,cfd_raw,12,4,8,0.4166666666666667,637.8036750000028,224.0,413.80367500000284,0.06753503811618011,1.2770703876572356,0.1782115644786146,643.5333749999991,1.1666666666666667,0.4166666666666667,0.5833333333333334,0.0,0.0,0.4166666666666667,34.48363958333357
60,pct,0.25,2.0,5,1.0,tick,none,12,4,8,0.4166666666666667,667.5733275733219,0.0,667.5733275733219,0.0,1.5192024432495026,0.28618510520758467,585.5133750000095,1.1666666666666667,0.4166666666666667,0.5,0.08333333333333333,0.0,0.4166666666666667,55.631110631110154
60,pct,0.25,2.0,5,1.0,tick,exchange,12,4,8,0.4166666666666667,679.5683275733463,977.3391108112133,-297.770783237867,0.3017324172281932,0.8396170955219773,-0.12496204292743329,920.6900732128706,1.1666666666666667,0.4166666666666667,0.5,0.08333333333333333,0.0,0.4166666666666667,-24.81423193648892
60,pct,0.25,2.0,5,1.0,tick,cfd_std,12,4,8,0.3333333333333333,249.52755200529646,270.0,-20.472447994703543,0.09242301575627208,0.9868082361655791,-0.005285608138577942,898.8642229946709,1.25,0.3333333333333333,0.5,0.16666666666666666,0.0,0.4166666666666667,-1.706037332891962
60,pct,0.25,2.0,5,1.0,tick,cfd_raw,12,4,8,0.4166666666666667,715.5533275733469,224.0,491.5533275733469,0.06915614008553694,1.3472042352956717,0.21101313559159707,643.5333749999991,1.1666666666666667,0.4166666666666667,0.5,0.08333333333333333,0.0,0.4166666666666667,40.962777297778906
60,pct,0.25,2.0,5,2.0,off,none,0,0,0,,0.0,0.0,0.0,,,,0.0,,0.0,0.0,0.0,0.0,,
60,pct,0.25,2.0,5,2.0,off,exchange,0,0,0,,0.0,0.0,0.0,,,,0.0,,0.0,0.0,0.0,0.0,,
60,pct,0.25,2.0,5,2.0,off,cfd_std,0,0,0,,0.0,0.0,0.0,,,,0.0,,0.0,0.0,0.0,0.0,,
60,pct,0.25,2.0,5,2.0,off,cfd_raw,0,0,0,,0.0,0.0,0.0,,,,0.0,,0.0,0.0,0.0,0.0,,
60,pct,0.25,2.0,5,2.0,bar,none,0,0,0,,0.0,0.0,0.0,,,,0.0,,0.0,0.0,0.0,0.0,,
60,pct,0.25,2.0,5,2.0,bar,exchange,0,0,0,,0.0,0.0,0.0,,,,0.0,,0.0,0.0,0.0,0.0,,
60,pct,0.25,2.0,5,2.0,bar,cfd_std,0,0,0,,0.0,0.0,0.0,,,,0.0,,0.0,0.0,0.0,0.0,,
60,pct,0.25,2.0,5,2.0,bar,cfd_raw,0,0,0,,0.0,0.0,0.0,,,,0.0,,0.0,0.0,0.0,0.0,,
60,pct,0.25,2.0,5,2.0,tick,none,0,0,0,,0.0,0.0,0.0,,,,0.0,,0.0,0.0,0.0,0.0,,
60,pct,0.25,2.0,5,2.0,tick,exchange,0,0,0,,0.0,0.0,0.0,,,,0.0,,0.0,0.0,0.0,0.0,,
60,pct,0.25,2.0,5,2.0,tick,cfd_std,0,0,0,,0.0,0.0,0.0,,,,0.0,,0.0,0.0,0.0,0.0,,
60,pct,0.25,2.0,5,2.0,tick,cfd_raw,0,0,0,,0.0,0.0,0.0,,,,0.0,,0.0,0.0,0.0,0.0,,
60,pct,0.25,2.0,8,0.5,off,none,28,8,20,0.35714285714285715,459.4138749999838,0.0,459.4138749999838,0.0,1.131962596742385,0.0714285714285685,1171.8333750000165,0.7142857142857143,0.35714285714285715,0.6428571428571429,0.0,0.0,0.6071428571428571,16.407638392856565
60,pct,0.25,2.0,8,0.5,off,exchange,28,8,20,0.35714285714285715,481.3988750000135,2272.6852381875,-1791.286363187487,0.3064496563973102,0.6368547834539992,-0.3414724415243969,2765.4220318124862,0.7142857142857143,0.35714285714285715,0.6428571428571429,0.0,0.0,0.6071428571428571,-63.97451297098168
60,pct,0.25,2.0,8,0.5,off,cfd_std,28,8,20,0.32142857142857145,17.730624999981956,634.5,-616.769375000018,0.08864405557521234,0.8489441376905287,-0.12523716232916388,1801.1841250000143,0.6785714285714286,0.32142857142857145,0.6785714285714286,0.0,0.0,0.6071428571428571,-22.027477678572073
60,pct,0.25,2.0,8,0.5,off,cfd_raw,28,8,20,0.35714285714285715,547.3538750000153,536.0,11.35387500001525,0.0724510041214111,1.0029711494198283,-0.011020511233666288,1279.7733750000043,0.7142857142857143,0.35714285714285715,0.6428571428571429,0.0,0.0,0.6071428571428571,0.4054955357148304
60,pct,0.25,2.0,8,0.5,bar,none,28,8,20,0.35714285714285715,459.4138749999838,0.0,459.4138749999838,0.0,1.131962596742385,0.0714285714285685,1171.8333750000165,0.7142857142857143,0.35714285714285715,0.6428571428571429,0.0,0.0,0.6071428571428571,16.407638392856565
60,pct,0.25,2.0,8,0.5,bar,exchange,28,8,20,0.35714285714285715,481.3988750000135,2272.6852381875,-1791.286363187487,0.3064496563973102,0.6368547834539992,-0.3414724415243969,2765.4220318124862,0.7142857142857143,0.35714285714285715,0.6428571428571429,0.0,0.0,0.6071428571428571,-63.97451297098168
60,pct,0.25,2.0,8,0.5,bar,cfd_std,28,8,20,0.32142857142857145,17.730624999981956,634.5,-616.769375000018,0.08864405557521234,0.8489441376905287,-0.12523716232916388,1801.1841250000143,0.6785714285714286,0.32142857142857145,0.6785714285714286,0.0,0.0,0.6071428571428571,-22.027477678572073
60,pct,0.25,2.0,8,0.5,bar,cfd_raw,28,8,20,0.35714285714285715,547.3538750000153,536.0,11.35387500001525,0.0724510041214111,1.0029711494198283,-0.011020511233666288,1279.7733750000043,0.7142857142857143,0.35714285714285715,0.6428571428571429,0.0,0.0,0.6071428571428571,0.4054955357148304
60,pct,0.25,2.0,8,0.5,tick,none,28,8,20,0.32142857142857145,-0.910862134405761,0.0,-0.910862134405761,0.0,0.9997437291875806,-0.013440538073762696,1225.825612134402,0.6428571428571429,0.32142857142857145,0.6428571428571429,0.03571428571428571,0.0,0.6071428571428571,-0.03253079051449147
60,pct,0.25,2.0,8,0.5,tick,exchange,28,8,20,0.32142857142857145,19.064137865629164,2274.453070818933,-2255.388932953304,0.3203615362540068,0.5566409942847459,-0.42703806213163636,3229.524601578305,0.6428571428571429,0.32142857142857145,0.6428571428571429,0.03571428571428571,0.0,0.6071428571428571,-80.54960474833229
60,pct,0.25,2.0,8,0.5,tick,cfd_std,28,8,20,0.2857142857142857,-456.1616121343977,648.0,-1104.1616121343977,0.09487903009277314,0.7360331447629989,-0.21509665022339725,2288.576362134394,0.6071428571428571,0.2857142857142857,0.6785714285714286,0.03571428571428571,0.0,0.6071428571428571,-39.43434329051421
60,pct,0.25,2.0,8,0.5,tick,cfd_raw,28,8,20,0.32142857142857145,78.98913786563207,544.0,-465.0108621343679,0.07688459481207936,0.8812619565763272,-0.09884688200527274,1647.9256121343642,0.6428571428571429,0.32142857142857145,0.6428571428571429,0.03571428571428571,0.0,0.6071428571428571,-16.60753079051314
60,pct,0.25,2.0,8,1.0,off,none,11,2,9,0.5454545454545454,1392.1356499999965,0.0,1392.1356499999965,0.0,2.4346800096769483,0.6363636363636348,588.137625000003,1.0,0.5454545454545454,0.45454545454545453,0.0,0.0,0.6363636363636364,126.55778636363605
60,pct,0.25,2.0,8,1.0,off,exchange,11,2,9,0.5454545454545454,1400.1456500000058,892.7146038249999,507.431046175006,0.2678558599666949,1.3690522436467096,0.22511905324324835,831.6747388124932,1.0,0.5454545454545454,0.45454545454545453,0.0,0.0,0.6363636363636364,46.13009510681872
60,pct,0.25,2.0,8,1.0,off,cfd_std,11,2,9,0.5454545454545454,1446.2031499999866,216.0,1230.2031499999866,0.06481115432371502,2.1408958216489884,0.5607571937727968,642.0701249999984,1.0,0.5454545454545454,0.45454545454545453,0.0,0.0,0.6363636363636364,111.83664999999878
60,pct,0.25,2.0,8,1.0,off,cfd_raw,11,2,9,0.5454545454545454,1424.1756500000047,194.0,1230.1756500000047,0.058209537923836444,2.1558479788350344,0.5608568217050346,638.0976249999949,1.0,0.5454545454545454,0.45454545454545453,0.0,0.0,0.6363636363636364,111.83415000000042
60,pct,0.25,2.0,8,1.0,bar,none,11,2,9,0.5454545454545454,1392.1356499999965,0.0,1392.1356499999965,0.0,2.4346800096769483,0.6363636363636348,588.137625000003,1.0,0.5454545454545454,0.45454545454545453,0.0,0.0,0.6363636363636364,126.55778636363605
60,pct,0.25,2.0,8,1.0,bar,exchange,11,2,9,0.5454545454545454,1400.1456500000058,892.7146038249999,507.431046175006,0.2678558599666949,1.3690522436467096,0.22511905324324835,831.6747388124932,1.0,0.5454545454545454,0.45454545454545453,0.0,0.0,0.6363636363636364,46.13009510681872
60,pct,0.25,2.0,8,1.0,bar,cfd_std,11,2,9,0.5454545454545454,1446.2031499999866,216.0,1230.2031499999866,0.06481115432371502,2.1408958216489884,0.5607571937727968,642.0701249999984,1.0,0.5454545454545454,0.45454545454545453,0.0,0.0,0.6363636363636364,111.83664999999878
60,pct,0.25,2.0,8,1.0,bar,cfd_raw,11,2,9,0.5454545454545454,1424.1756500000047,194.0,1230.1756500000047,0.058209537923836444,2.1558479788350344,0.5608568217050346,638.0976249999949,1.0,0.5454545454545454,0.45454545454545453,0.0,0.0,0.6363636363636364,111.83415000000042
60,pct,0.25,2.0,8,1.0,tick,none,11,2,9,0.45454545454545453,931.810912865607,0.0,931.810912865607,0.0,1.8931839346456982,0.4203331758122463,588.137625000003,0.8181818181818182,0.45454545454545453,0.45454545454545453,0.09090909090909091,0.0,0.6363636363636364,84.71008298778246
60,pct,0.25,2.0,8,1.0,tick,exchange,11,2,9,0.45454545454545453,937.8109128656215,894.4824364564328,43.328476409188795,0.29655116336428977,1.0283321127643672,0.00731565533391136,908.9957802658173,0.8181818181818182,0.45454545454545453,0.45454545454545453,0.09090909090909091,0.0,0.6363636363636364,3.938952400835345
60,pct,0.25,2.0,8,1.0,tick,cfd_std,11,2,9,0.45454545454545453,972.310912865607,229.5,742.810912865607,0.07638113346163265,1.6304737939009413,0.3320239518602026,642.0701249999984,0.8181818181818182,0.45454545454545453,0.45454545454545453,0.09090909090909091,0.0,0.6363636363636364,67.52826480596427
60,pct,0.25,2.0,8,1.0,tick,cfd_raw,11,2,9,0.45454545454545453,955.8109128656215,202.0,753.8109128656215,0.06710464769224363,1.6502818835643918,0.3372987870136728,638.0976249999949,0.8181818181818182,0.45454545454545453,0.45454545454545453,0.09090909090909091,0.0,0.6363636363636364,68.52826480596559
60,pct,0.25,2.0,8,2.0,off,none,0,0,0,,0.0,0.0,0.0,,,,0.0,,0.0,0.0,0.0,0.0,,
60,pct,0.25,2.0,8,2.0,off,exchange,0,0,0,,0.0,0.0,0.0,,,,0.0,,0.0,0.0,0.0,0.0,,
60,pct,0.25,2.0,8,2.0,off,cfd_std,0,0,0,,0.0,0.0,0.0,,,,0.0,,0.0,0.0,0.0,0.0,,
60,pct,0.25,2.0,8,2.0,off,cfd_raw,0,0,0,,0.0,0.0,0.0,,,,0.0,,0.0,0.0,0.0,0.0,,
60,pct,0.25,2.0,8,2.0,bar,none,0,0,0,,0.0,0.0,0.0,,,,0.0,,0.0,0.0,0.0,0.0,,
60,pct,0.25,2.0,8,2.0,bar,exchange,0,0,0,,0.0,0.0,0.0,,,,0.0,,0.0,0.0,0.0,0.0,,
60,pct,0.25,2.0,8,2.0,bar,cfd_std,0,0,0,,0.0,0.0,0.0,,,,0.0,,0.0,0.0,0.0,0.0,,
60,pct,0.25,2.0,8,2.0,bar,cfd_raw,0,0,0,,0.0,0.0,0.0,,,,0.0,,0.0,0.0,0.0,0.0,,
60,pct,0.25,2.0,8,2.0,tick,none,0,0,0,,0.0,0.0,0.0,,,,0.0,,0.0,0.0,0.0,0.0,,
60,pct,0.25,2.0,8,2.0,tick,exchange,0,0,0,,0.0,0.0,0.0,,,,0.0,,0.0,0.0,0.0,0.0,,
60,pct,0.25,2.0,8,2.0,tick,cfd_std,0,0,0,,0.0,0.0,0.0,,,,0.0,,0.0,0.0,0.0,0.0,,
60,pct,0.25,2.0,8,2.0,tick,cfd_raw,0,0,0,,0.0,0.0,0.0,,,,0.0,,0.0,0.0,0.0,0.0,,
60,pct,0.25,2.5,3,0.5,off,none,43,22,21,0.37209302325581395,2570.011124999961,0.0,2570.011124999961,0.0,1.4852662727828898,0.30232558139534427,1194.4749250000168,1.3953488372093024,0.37209302325581395,0.627906976744186,0.0,0.0,0.4186046511627907,59.767700581394436
60,pct,0.25,2.5,3,0.5,off,exchange,43,22,21,0.37209302325581395,2623.7226250000094,3516.505771775,-892.7831467749909,0.26761959368140675,0.8807114479772543,-0.10807168447407058,2402.2459446374996,1.5116279069767442,0.37209302325581395,0.627906976744186,0.0,0.0,0.3953488372093023,-20.76239876220909
60,pct,0.25,2.5,3,0.5,off,cfd_std,43,22,21,0.37209302325581395,2922.650749999928,945.0,1977.650749999928,0.072680248361868,1.3428211794034637,0.2315191505205512,1275.4074250000122,1.558139534883721,0.37209302325581395,0.627906976744186,0.0,0.0,0.3953488372093023,45.99187790697507
60,pct,0.25,2.5,3,0.5,off,cfd_raw,43,22,21,0.37209302325581395,2779.685124999989,818.0,1961.685124999989,0.06259539544483267,1.3418651261096843,0.22978607943086185,1278.434924999994,1.558139534883721,0.37209302325581395,0.627906976744186,0.0,0.0,0.3953488372093023,45.62058430232533
60,pct,0.25,2.5,3,0.5,bar,none,43,22,21,0.37209302325581395,2570.011124999961,0.0,2570.011124999961,0.0,1.4852662727828898,0.30232558139534427,1194.4749250000168,1.3953488372093024,0.37209302325581395,0.627906976744186,0.0,0.0,0.4186046511627907,59.767700581394436
60,pct,0.25,2.5,3,0.5,bar,exchange,43,22,21,0.37209302325581395,2623.7226250000094,3516.505771775,-892.7831467749909,0.26761959368140675,0.8807114479772543,-0.10807168447407058,2402.2459446374996,1.5116279069767442,0.37209302325581395,0.627906976744186,0.0,0.0,0.3953488372093023,-20.76239876220909
60,pct,0.25,2.5,3,0.5,bar,cfd_std,43,22,21,0.37209302325581395,2922.650749999928,945.0,1977.650749999928,0.072680248361868,1.3428211794034637,0.2315191505205512,1275.4074250000122,1.558139534883721,0.37209302325581395,0.627906976744186,0.0,0.0,0.3953488372093023,45.99187790697507
60,pct,0.25,2.5,3,0.5,bar,cfd_raw,43,22,21,0.37209302325581395,2779.685124999989,818.0,1961.685124999989,0.06259539544483267,1.3418651261096843,0.22978607943086185,1278.434924999994,1.558139534883721,0.37209302325581395,0.627906976744186,0.0,0.0,0.3953488372093023,45.62058430232533
60,pct,0.25,2.5,3,0.5,tick,none,43,22,21,0.32558139534883723,1711.748919260499,0.0,1711.748919260499,0.0,1.3305386372577324,0.19930553836254325,1139.6779249999963,1.3488372093023255,0.32558139534883723,0.5813953488372093,0.09302325581395349,0.0,0.3953488372093023,39.808114401406954
60,pct,0.25,2.5,3,0.5,tick,exchange,43,22,21,0.32558139534883723,1755.7114192605222,3519.986001519557,-1764.2745822590346,0.2922340557890724,0.7658613479447887,-0.21244821901686078,3273.7373801215435,1.3488372093023255,0.32558139534883723,0.5813953488372093,0.09302325581395349,0.0,0.3953488372093023,-41.02964144788452
60,pct,0.25,2.5,3,0.5,tick,cfd_std,43,22,21,0.32558139534883723,2008.4957942604524,972.0,1036.4957942604524,0.0816315315909715,1.1808156701204817,0.11892374023493524,1292.505885129096,1.3953488372093024,0.32558139534883723,0.5813953488372093,0.09302325581395349,0.0,0.3953488372093023,24.104553354894243
60,pct,0.25,2.5,3,0.5,tick,cfd_raw,43,22,21,0.32558139534883723,1887.5989192605048,834.0,1053.5989192605048,0.0696559759498974,1.1854677834225142,0.1210917446926873,1256.5058851290814,1.3953488372093024,0.32558139534883723,0.5813953488372093,0.09302325581395349,0.0,0.3953488372093023,24.502300447918717
60,pct,0.25,2.5,3,1.0,off,none,19,9,10,0.42105263157894735,1742.172574999975,0.0,1742.172574999975,0.0,1.8071656585218607,0.47368421052630916,595.8302000000112,1.631578947368421,0.42105263157894735,0.5789473684210527,0.0,0.0,0.47368421052631576,91.69329342105132
60,pct,0.25,2.5,3,1.0,off,exchange,19,9,10,0.42105263157894735,1762.1725749999896,1546.8563399125,215.31623508748953,0.255470201567327,1.0705114459447176,0.06304564997732869,840.4421875999833,1.631578947368421,0.42105263157894735,0.5789473684210527,0.0,0.0,0.47368421052631576,11.332433425657344
60,pct,0.25,2.5,3,1.0,off,cfd_std,19,9,10,0.42105263157894735,1877.1725749999605,405.0,1472.1725749999605,0.06714259520976476,1.6200232319308616,0.4008044073276575,636.2289500000043,1.736842105263158,0.42105263157894735,0.5789473684210527,0.0,0.0,0.47368421052631576,77.48276710526108
60,pct,0.25,2.5,3,1.0,off,cfd_raw,19,9,10,0.42105263157894735,1822.1725749999896,354.0,1468.1725749999896,0.05858077231690489,1.6241214214730753,0.39982621864848494,637.770199999999,1.736842105263158,0.42105263157894735,0.5789473684210527,0.0,0.0,0.47368421052631576,77.27224078947313
60,pct,0.25,2.5,3,1.0,bar,none,19,9,10,0.42105263157894735,1742.172574999975,0.0,1742.172574999975,0.0,1.8071656585218607,0.47368421052630916,595.8302000000112,1.631578947368421,0.42105263157894735,0.5789473684210527,0.0,0.0,0.47368421052631576,91.69329342105132
60,pct,0.25,2.5,3,1.0,bar,exchange,19,9,10,0.42105263157894735,1762.1725749999896,1546.8563399125,215.31623508748953,0.255470201567327,1.0705114459447176,0.06304564997732869,840.4421875999833,1.631578947368421,0.42105263157894735,0.5789473684210527,0.0,0.0,0.47368421052631576,11.332433425657344
60,pct,0.25,2.5,3,1.0,bar,cfd_std,19,9,10,0.42105263157894735,1877.1725749999605,405.0,1472.1725749999605,0.06714259520976476,1.6200232319308616,0.4008044073276575,636.2289500000043,1.736842105263158,0.42105263157894735,0.5789473684210527,0.0,0.0,0.47368421052631576,77.48276710526108
60,pct,0.25,2.5,3,1.0,bar,cfd_raw,19,9,10,0.42105263157894735,1822.1725749999896,354.0,1468.1725749999896,0.05858077231690489,1.6241214214730753,0.39982621864848494,637.770199999999,1.736842105263158,0.42105263157894735,0.5789473684210527,0.0,0.0,0.47368421052631576,77.27224078947313
60,pct,0.25,2.5,3,1.0,tick,none,19,9,10,0.3157894736842105,740.1779773709277,0.0,740.1779773709277,0.0,1.3390689154539357,0.20385012122428312,910.2230101290625,1.368421052631579,0.3157894736842105,0.5263157894736842,0.15789473684210525,0.0,0.47368421052631576,38.95673565110146
60,pct,0.25,2.5,3,1.0,tick,exchange,19,9,10,0.3157894736842105,754.1479773709289,1550.2665629611122,-796.1185855901833,0.30396774772085877,0.7546264857949679,-0.20932496333271833,1762.2283583151584,1.368421052631579,0.3157894736842105,0.5263157894736842,0.15789473684210525,0.0,0.47368421052631576,-41.90097818895702
60,pct,0.25,2.5,3,1.0,tick,cfd_std,19,9,10,0.3157894736842105,834.4754773709137,432.0,402.4754773709137,0.08528301176367654,1.1631763734910658,0.11277833824831522,1126.2398851290636,1.4736842105263157,0.3157894736842105,0.5263157894736842,0.15789473684210525,0.0,0.47368421052631576,21.182919861627038
60,pct,0.25,2.5,3,1.0,tick,cfd_raw,19,9,10,0.3157894736842105,796.0579773709323,370.0,426.05797737093235,0.07280537808459911,1.1754052555293921,0.11921169688582432,1098.2330101290572,1.4736842105263157,0.3157894736842105,0.5263157894736842,0.15789473684210525,0.0,0.47368421052631576,22.424104072154336
60,pct,0.25,2.5,3,2.0,off,none,1,0,1,1.0,472.47212500000023,0.0,472.47212500000023,0.0,inf,2.5000000000000013,0.0,0.0,1.0,0.0,0.0,0.0,1.0,472.47212500000023
60,pct,0.25,2.5,3,2.0,off,exchange,1,0,1,1.0,472.47212500000023,77.35830393749998,395.1138210625003,0.1637309374336104,inf,2.0906726564159754,0.0,0.0,1.0,0.0,0.0,0.0,1.0,395.1138210625003
60,pct,0.25,2.5,3,2.0,off,cfd_std,1,0,1,1.0,472.47212500000023,13.5,458.97212500000023,0.028573114233987864,inf,2.4285672144150316,0.0,0.0,1.0,0.0,0.0,0.0,1.0,458.97212500000023
60,pct,0.25,2.5,3,2.0,off,cfd_raw,1,0,1,1.0,472.47212500000023,14.0,458.47212500000023,0.029631377724135564,inf,2.4259215556896625,0.0,0.0,1.0,0.0,0.0,0.0,1.0,458.47212500000023
60,pct,0.25,2.5,3,2.0,bar,none,1,0,1,1.0,472.47212500000023,0.0,472.47212500000023,0.0,inf,2.5000000000000013,0.0,0.0,1.0,0.0,0.0,0.0,1.0,472.47212500000023
60,pct,0.25,2.5,3,2.0,bar,exchange,1,0,1,1.0,472.47212500000023,77.35830393749998,395.1138210625003,0.1637309374336104,inf,2.0906726564159754,0.0,0.0,1.0,0.0,0.0,0.0,1.0,395.1138210625003
60,pct,0.25,2.5,3,2.0,bar,cfd_std,1,0,1,1.0,472.47212500000023,13.5,458.97212500000023,0.028573114233987864,inf,2.4285672144150316,0.0,0.0,1.0,0.0,0.0,0.0,1.0,458.97212500000023
60,pct,0.25,2.5,3,2.0,bar,cfd_raw,1,0,1,1.0,472.47212500000023,14.0,458.47212500000023,0.029631377724135564,inf,2.4259215556896625,0.0,0.0,1.0,0.0,0.0,0.0,1.0,458.47212500000023
60,pct,0.25,2.5,3,2.0,tick,none,1,0,1,1.0,472.47212500000023,0.0,472.47212500000023,0.0,inf,2.5000000000000013,0.0,0.0,1.0,0.0,0.0,0.0,1.0,472.47212500000023
60,pct,0.25,2.5,3,2.0,tick,exchange,1,0,1,1.0,472.47212500000023,77.35830393749998,395.1138210625003,0.1637309374336104,inf,2.0906726564159754,0.0,0.0,1.0,0.0,0.0,0.0,1.0,395.1138210625003
60,pct,0.25,2.5,3,2.0,tick,cfd_std,1,0,1,1.0,472.47212500000023,13.5,458.97212500000023,0.028573114233987864,inf,2.4285672144150316,0.0,0.0,1.0,0.0,0.0,0.0,1.0,458.97212500000023
60,pct,0.25,2.5,3,2.0,tick,cfd_raw,1,0,1,1.0,472.47212500000023,14.0,458.47212500000023,0.029631377724135564,inf,2.4259215556896625,0.0,0.0,1.0,0.0,0.0,0.0,1.0,458.47212500000023
60,pct,0.25,2.5,5,0.5,off,none,24,10,14,0.4166666666666667,2211.1370624999836,0.0,2211.1370624999836,0.0,1.814048128026249,0.45833333333332976,950.689075000002,1.2083333333333333,0.4166666666666667,0.5833333333333334,0.0,0.0,0.4583333333333333,92.13071093749932
60,pct,0.25,2.5,5,0.5,off,exchange,24,10,14,0.4166666666666667,2237.1420624999882,1951.27230266875,285.86975983123807,0.2553493239237725,1.0743467471627377,0.04750540269703115,1484.8225270312541,1.2083333333333333,0.4166666666666667,0.5833333333333334,0.0,0.0,0.4583333333333333,11.911239992968254
60,pct,0.25,2.5,5,0.5,off,cfd_std,24,10,14,0.4166666666666667,2386.670812499957,513.0,1873.6708124999568,0.06723414810586846,1.6246214296625954,0.38580571463573743,1058.7565750000067,1.2916666666666667,0.4166666666666667,0.5833333333333334,0.0,0.0,0.4583333333333333,78.0696171874982
60,pct,0.25,2.5,5,0.5,off,cfd_raw,24,10,14,0.4166666666666667,2315.1570624999877,448.0,1867.1570624999877,0.05867280238370714,1.629052808533372,0.3846150598935223,1044.7290750000102,1.2916666666666667,0.4166666666666667,0.5833333333333334,0.0,0.0,0.4583333333333333,77.79821093749949
60,pct,0.25,2.5,5,0.5,bar,none,24,10,14,0.4166666666666667,2211.1370624999836,0.0,2211.1370624999836,0.0,1.814048128026249,0.45833333333332976,950.689075000002,1.2083333333333333,0.4166666666666667,0.5833333333333334,0.0,0.0,0.4583333333333333,92.13071093749932
60,pct,0.25,2.5,5,0.5,bar,exchange,24,10,14,0.4166666666666667,2237.1420624999882,1951.27230266875,285.86975983123807,0.2553493239237725,1.0743467471627377,0.04750540269703115,1484.8225270312541,1.2083333333333333,0.4166666666666667,0.5833333333333334,0.0,0.0,0.4583333333333333,11.911239992968254
60,pct,0.25,2.5,5,0.5,bar,cfd_std,24,10,14,0.4166666666666667,2386.670812499957,513.0,1873.6708124999568,0.06723414810586846,1.6246214296625954,0.38580571463573743,1058.7565750000067,1.2916666666666667,0.4166666666666667,0.5833333333333334,0.0,0.0,0.4583333333333333,78.0696171874982
60,pct,0.25,2.5,5,0.5,bar,cfd_raw,24,10,14,0.4166666666666667,2315.1570624999877,448.0,1867.1570624999877,0.05867280238370714,1.629052808533372,0.3846150598935223,1044.7290750000102,1.2916666666666667,0.4166666666666667,0.5833333333333334,0.0,0.0,0.4583333333333333,77.79821093749949
60,pct,0.25,2.5,5,0.5,tick,none,24,10,14,0.375,1712.7706020053156,0.0,1712.7706020053156,0.0,1.6294329980372892,0.35311747978160124,950.689075000002,1.0833333333333333,0.375,0.5416666666666666,0.08333333333333333,0.0,0.4583333333333333,71.36544175022148
60,pct,0.25,2.5,5,0.5,tick,exchange,24,10,14,0.375,1734.7581020053185,1952.9363460359293,-218.17824403061104,0.2730225116891219,0.9445525779211749,-0.05890950011378134,1605.3448145306174,1.0833333333333333,0.375,0.5416666666666666,0.08333333333333333,0.0,0.4583333333333333,-9.090760167942127
60,pct,0.25,2.5,5,0.5,tick,cfd_std,24,10,14,0.375,1861.1862270052952,526.5,1334.6862270052952,0.07372451058945897,1.4383015244580297,0.2720176190852764,1058.7565750000067,1.1666666666666667,0.375,0.5416666666666666,0.08333333333333333,0.0,0.4583333333333333,55.611926125220634
60,pct,0.25,2.5,5,0.5,tick,cfd_raw,24,10,14,0.375,1800.7206020053127,456.0,1344.7206020053127,0.06380312238740088,1.447772647963062,0.2743193592314314,1044.7290750000102,1.1666666666666667,0.375,0.5416666666666666,0.08333333333333333,0.0,0.4583333333333333,56.0300250835547
60,pct,0.25,2.5,5,1.0,off,none,12,4,8,0.4166666666666667,1070.1387374999758,0.0,1070.1387374999758,0.0,1.7802480495279247,0.45833333333332327,594.8116000000155,1.75,0.4166666666666667,0.5833333333333334,0.0,0.0,0.4166666666666667,89.17822812499799
60,pct,0.25,2.5,5,1.0,off,exchange,12,4,8,0.4166666666666667,1084.136237499988,977.3336865812502,106.8025509187379,0.25643797439894483,1.0550406404500803,0.04803413861499891,839.0156382999994,1.75,0.4166666666666667,0.5833333333333334,0.0,0.0,0.4166666666666667,8.900212576561492
60,pct,0.25,2.5,5,1.0,off,cfd_std,12,4,8,0.4166666666666667,1164.6218624999601,256.5,908.1218624999601,0.06750781647247389,1.6028148055411964,0.38894275262356914,653.0471250000119,1.9166666666666667,0.4166666666666667,0.5833333333333334,0.0,0.0,0.4166666666666667,75.67682187499668
60,pct,0.25,2.5,5,1.0,off,cfd_raw,12,4,8,0.4166666666666667,1126.1287374999956,224.0,902.1287374999956,0.058868022266474786,1.6040380357082487,0.38654052890052554,643.5333749999991,1.9166666666666667,0.4166666666666667,0.5833333333333334,0.0,0.0,0.4166666666666667,75.1773947916663
60,pct,0.25,2.5,5,1.0,bar,none,12,4,8,0.4166666666666667,1070.1387374999758,0.0,1070.1387374999758,0.0,1.7802480495279247,0.45833333333332327,594.8116000000155,1.75,0.4166666666666667,0.5833333333333334,0.0,0.0,0.4166666666666667,89.17822812499799
60,pct,0.25,2.5,5,1.0,bar,exchange,12,4,8,0.4166666666666667,1084.136237499988,977.3336865812502,106.8025509187379,0.25643797439894483,1.0550406404500803,0.04803413861499891,839.0156382999994,1.75,0.4166666666666667,0.5833333333333334,0.0,0.0,0.4166666666666667,8.900212576561492
60,pct,0.25,2.5,5,1.0,bar,cfd_std,12,4,8,0.4166666666666667,1164.6218624999601,256.5,908.1218624999601,0.06750781647247389,1.6028148055411964,0.38894275262356914,653.0471250000119,1.9166666666666667,0.4166666666666667,0.5833333333333334,0.0,0.0,0.4166666666666667,75.67682187499668
60,pct,0.25,2.5,5,1.0,bar,cfd_raw,12,4,8,0.4166666666666667,1126.1287374999956,224.0,902.1287374999956,0.058868022266474786,1.6040380357082487,0.38654052890052554,643.5333749999991,1.9166666666666667,0.4166666666666667,0.5833333333333334,0.0,0.0,0.4166666666666667,75.1773947916663
60,pct,0.25,2.5,5,1.0,tick,none,12,4,8,0.3333333333333333,571.7722770053078,0.0,571.7722770053078,0.0,1.415397808338532,0.24790162622986614,790.9317229946755,1.5,0.3333333333333333,0.5,0.16666666666666666,0.0,0.4166666666666667,47.64768975044232
60,pct,0.25,2.5,5,1.0,tick,exchange,12,4,8,0.3333333333333333,581.7522770053183,978.9977299484294,-397.24545294311105,0.2946452061446538,0.8043328566387574,-0.16479566700662607,1215.427312911852,1.5,0.3333333333333333,0.5,0.16666666666666666,0.0,0.4166666666666667,-33.103787745259254
60,pct,0.25,2.5,5,1.0,tick,cfd_std,12,4,8,0.3333333333333333,639.1372770052985,270.0,369.13727700529853,0.0815473464500367,1.237859770458076,0.16136656152264714,898.8642229946709,1.6666666666666667,0.3333333333333333,0.5,0.16666666666666666,0.0,0.4166666666666667,30.761439750441543
60,pct,0.25,2.5,5,1.0,tick,cfd_raw,12,4,8,0.3333333333333333,611.6922770053206,232.0,379.69227700532065,0.06995236813310486,1.248420598106827,0.16594912757634386,884.8917229946674,1.6666666666666667,0.3333333333333333,0.5,0.16666666666666666,0.0,0.4166666666666667,31.64102308377672
60,pct,0.25,2.5,5,2.0,off,none,0,0,0,,0.0,0.0,0.0,,,,0.0,,0.0,0.0,0.0,0.0,,
60,pct,0.25,2.5,5,2.0,off,exchange,0,0,0,,0.0,0.0,0.0,,,,0.0,,0.0,0.0,0.0,0.0,,
60,pct,0.25,2.5,5,2.0,off,cfd_std,0,0,0,,0.0,0.0,0.0,,,,0.0,,0.0,0.0,0.0,0.0,,
60,pct,0.25,2.5,5,2.0,off,cfd_raw,0,0,0,,0.0,0.0,0.0,,,,0.0,,0.0,0.0,0.0,0.0,,
60,pct,0.25,2.5,5,2.0,bar,none,0,0,0,,0.0,0.0,0.0,,,,0.0,,0.0,0.0,0.0,0.0,,
60,pct,0.25,2.5,5,2.0,bar,exchange,0,0,0,,0.0,0.0,0.0,,,,0.0,,0.0,0.0,0.0,0.0,,
60,pct,0.25,2.5,5,2.0,bar,cfd_std,0,0,0,,0.0,0.0,0.0,,,,0.0,,0.0,0.0,0.0,0.0,,
60,pct,0.25,2.5,5,2.0,bar,cfd_raw,0,0,0,,0.0,0.0,0.0,,,,0.0,,0.0,0.0,0.0,0.0,,
60,pct,0.25,2.5,5,2.0,tick,none,0,0,0,,0.0,0.0,0.0,,,,0.0,,0.0,0.0,0.0,0.0,,
60,pct,0.25,2.5,5,2.0,tick,exchange,0,0,0,,0.0,0.0,0.0,,,,0.0,,0.0,0.0,0.0,0.0,,
60,pct,0.25,2.5,5,2.0,tick,cfd_std,0,0,0,,0.0,0.0,0.0,,,,0.0,,0.0,0.0,0.0,0.0,,
60,pct,0.25,2.5,5,2.0,tick,cfd_raw,0,0,0,,0.0,0.0,0.0,,,,0.0,,0.0,0.0,0.0,0.0,,
60,pct,0.25,2.5,8,0.5,off,none,28,8,20,0.32142857142857145,756.0688749999681,0.0,756.0688749999681,0.0,1.205558379497899,0.12499999999999432,1458.332075000013,1.0714285714285714,0.32142857142857145,0.6785714285714286,0.0,0.0,0.6071428571428571,27.002459821427433
60,pct,0.25,2.5,8,0.5,off,exchange,28,8,20,0.32142857142857145,778.0663749999803,2274.8353257874996,-1496.7689507875198,0.28076445176949955,0.7127239325192193,-0.28828879623171855,2777.1840240687598,1.0714285714285714,0.32142857142857145,0.6785714285714286,0.0,0.0,0.6071428571428571,-53.456033956697134
60,pct,0.25,2.5,8,0.5,off,cfd_std,28,8,20,0.32142857142857145,904.5519999999524,634.5,270.0519999999524,0.07887217880851251,1.0661396939956511,0.035474042241832274,1660.8152000000118,0.8214285714285714,0.32142857142857145,0.6785714285714286,0.0,0.0,0.6071428571428571,9.644714285712585
60,pct,0.25,2.5,8,0.5,off,cfd_raw,28,8,20,0.32142857142857145,844.0588749999733,544.0,300.05887499997334,0.06739159186760042,1.0744178434598508,0.04110765055698969,1644.3220749999891,1.1071428571428572,0.32142857142857145,0.6785714285714286,0.0,0.0,0.6071428571428571,10.71638839285619
60,pct,0.25,2.5,8,0.5,bar,none,28,8,20,0.32142857142857145,756.0688749999681,0.0,756.0688749999681,0.0,1.205558379497899,0.12499999999999432,1458.332075000013,1.0714285714285714,0.32142857142857145,0.6785714285714286,0.0,0.0,0.6071428571428571,27.002459821427433
60,pct,0.25,2.5,8,0.5,bar,exchange,28,8,20,0.32142857142857145,778.0663749999803,2274.8353257874996,-1496.7689507875198,0.28076445176949955,0.7127239325192193,-0.28828879623171855,2777.1840240687598,1.0714285714285714,0.32142857142857145,0.6785714285714286,0.0,0.0,0.6071428571428571,-53.456033956697134
60,pct,0.25,2.5,8,0.5,bar,cfd_std,28,8,20,0.32142857142857145,904.5519999999524,634.5,270.0519999999524,0.07887217880851251,1.0661396939956511,0.035474042241832274,1660.8152000000118,0.8214285714285714,0.32142857142857145,0.6785714285714286,0.0,0.0,0.6071428571428571,9.644714285712585
60,pct,0.25,2.5,8,0.5,bar,cfd_raw,28,8,20,0.32142857142857145,844.0588749999733,544.0,300.05887499997334,0.06739159186760042,1.0744178434598508,0.04110765055698969,1644.3220749999891,1.1071428571428572,0.32142857142857145,0.6785714285714286,0.0,0.0,0.6071428571428571,10.71638839285619
60,pct,0.25,2.5,8,0.5,tick,none,28,8,20,0.2857142857142857,234.4726635645493,0.0,234.4726635645493,0.0,1.0631076697940953,0.02873382666179474,1422.7475243010413,0.9285714285714286,0.2857142857142857,0.6428571428571429,0.07142857142857142,0.0,0.6071428571428571,8.374023698733904
60,pct,0.25,2.5,8,0.5,tick,exchange,28,8,20,0.2857142857142857,252.45266356455977,2276.537939381083,-2024.0852758165238,0.2973798694720629,0.6203153180492126,-0.3856039558118004,3304.500349097754,0.9285714285714286,0.2857142857142857,0.6428571428571429,0.07142857142857142,0.0,0.6071428571428571,-72.28875985059014
60,pct,0.25,2.5,8,0.5,tick,cfd_std,28,8,20,0.2857142857142857,333.7868628655706,648.0,-314.2131371344294,0.0850427417987435,0.9248825056295905,-0.0722456997180181,1804.8565746344102,0.7142857142857143,0.2857142857142857,0.6785714285714286,0.03571428571428571,0.0,0.6071428571428571,-11.22189775480105
60,pct,0.25,2.5,8,0.5,tick,cfd_raw,28,8,20,0.2857142857142857,306.3926635645621,552.0,-245.6073364354379,0.0723912629439983,0.9400872736594356,-0.059573591981845704,1734.7507739354187,1.0,0.2857142857142857,0.6428571428571429,0.07142857142857142,0.0,0.6071428571428571,-8.771690586979926
60,pct,0.25,2.5,8,1.0,off,none,11,2,9,0.5454545454545454,1982.7559999999794,0.0,1982.7559999999794,0.0,3.0433500120961665,0.9090909090908997,588.137625000003,1.0909090909090908,0.5454545454545454,0.45454545454545453,0.0,0.0,0.6363636363636364,180.25054545454358
60,pct,0.25,2.5,8,1.0,off,exchange,11,2,9,0.5454545454545454,1990.7659999999887,892.6143178125001,1098.1516821874886,0.22750822915173324,1.7986806192302378,0.49789177269199425,831.6747388125077,1.0909090909090908,0.5454545454545454,0.45454545454545453,0.0,0.0,0.6363636363636364,99.8319711079535
60,pct,0.25,2.5,8,1.0,off,cfd_std,11,2,9,0.5454545454545454,2036.8234999999695,216.0,1820.8234999999695,0.05505457029398155,2.6886397365429233,0.8334844216301147,642.0701249999984,1.2727272727272727,0.5454545454545454,0.45454545454545453,0.0,0.0,0.6363636363636364,165.5294090909063
60,pct,0.25,2.5,8,1.0,off,cfd_raw,11,2,9,0.5454545454545454,2014.795999999973,194.0,1820.795999999973,0.049446813770937986,2.710782827209168,0.8335840678426947,638.0976249999949,1.2727272727272727,0.5454545454545454,0.45454545454545453,0.0,0.0,0.6363636363636364,165.52690909090663
60,pct,0.25,2.5,8,1.0,bar,none,11,2,9,0.5454545454545454,1982.7559999999794,0.0,1982.7559999999794,0.0,3.0433500120961665,0.9090909090908997,588.137625000003,1.0909090909090908,0.5454545454545454,0.45454545454545453,0.0,0.0,0.6363636363636364,180.25054545454358
60,pct,0.25,2.5,8,1.0,bar,exchange,11,2,9,0.5454545454545454,1990.7659999999887,892.6143178125001,1098.1516821874886,0.22750822915173324,1.7986806192302378,0.49789177269199425,831.6747388125077,1.0909090909090908,0.5454545454545454,0.45454545454545453,0.0,0.0,0.6363636363636364,99.8319711079535
60,pct,0.25,2.5,8,1.0,bar,cfd_std,11,2,9,0.5454545454545454,2036.8234999999695,216.0,1820.8234999999695,0.05505457029398155,2.6886397365429233,0.8334844216301147,642.0701249999984,1.2727272727272727,0.5454545454545454,0.45454545454545453,0.0,0.0,0.6363636363636364,165.5294090909063
60,pct,0.25,2.5,8,1.0,bar,cfd_raw,11,2,9,0.5454545454545454,2014.795999999973,194.0,1820.795999999973,0.049446813770937986,2.710782827209168,0.8335840678426947,638.0976249999949,1.2727272727272727,0.5454545454545454,0.45454545454545453,0.0,0.0,0.6363636363636364,165.52690909090663
60,pct,0.25,2.5,8,1.0,tick,none,11,2,9,0.45454545454545453,1425.5752378655889,0.0,1425.5752378655889,0.0,2.3664799183071055,0.6476059030849655,588.137625000003,0.8181818181818182,0.45454545454545453,0.45454545454545453,0.09090909090909091,0.0,0.6363636363636364,129.5977488968717
60,pct,0.25,2.5,8,1.0,tick,exchange,11,2,9,0.45454545454545453,1431.572737865601,894.3337211814328,537.2390166841683,0.25479262821227955,1.3512959066080983,0.23465538393712929,831.6747388125077,0.8181818181818182,0.45454545454545453,0.45454545454545453,0.09090909090909091,0.0,0.6363636363636364,48.83991060765166
60,pct,0.25,2.5,8,1.0,tick,cfd_std,11,2,9,0.45454545454545453,1466.0583628655877,229.5,1236.5583628655877,0.06560111519151317,2.049550604215283,0.559288714823223,642.0701249999984,1.0,0.45454545454545453,0.45454545454545453,0.09090909090909091,0.0,0.6363636363636364,112.41439662414433
60,pct,0.25,2.5,8,1.0,tick,cfd_raw,11,2,9,0.45454545454545453,1449.565237865594,202.0,1247.565237865594,0.057648763576845764,2.0762235713259276,0.5645667946954552,638.0976249999949,1.0,0.45454545454545453,0.45454545454545453,0.09090909090909091,0.0,0.6363636363636364,113.41502162414491
60,pct,0.25,2.5,8,2.0,off,none,0,0,0,,0.0,0.0,0.0,,,,0.0,,0.0,0.0,0.0,0.0,,
60,pct,0.25,2.5,8,2.0,off,exchange,0,0,0,,0.0,0.0,0.0,,,,0.0,,0.0,0.0,0.0,0.0,,
60,pct,0.25,2.5,8,2.0,off,cfd_std,0,0,0,,0.0,0.0,0.0,,,,0.0,,0.0,0.0,0.0,0.0,,
60,pct,0.25,2.5,8,2.0,off,cfd_raw,0,0,0,,0.0,0.0,0.0,,,,0.0,,0.0,0.0,0.0,0.0,,
60,pct,0.25,2.5,8,2.0,bar,none,0,0,0,,0.0,0.0,0.0,,,,0.0,,0.0,0.0,0.0,0.0,,
60,pct,0.25,2.5,8,2.0,bar,exchange,0,0,0,,0.0,0.0,0.0,,,,0.0,,0.0,0.0,0.0,0.0,,
60,pct,0.25,2.5,8,2.0,bar,cfd_std,0,0,0,,0.0,0.0,0.0,,,,0.0,,0.0,0.0,0.0,0.0,,
60,pct,0.25,2.5,8,2.0,bar,cfd_raw,0,0,0,,0.0,0.0,0.0,,,,0.0,,0.0,0.0,0.0,0.0,,
60,pct,0.25,2.5,8,2.0,tick,none,0,0,0,,0.0,0.0,0.0,,,,0.0,,0.0,0.0,0.0,0.0,,
60,pct,0.25,2.5,8,2.0,tick,exchange,0,0,0,,0.0,0.0,0.0,,,,0.0,,0.0,0.0,0.0,0.0,,
60,pct,0.25,2.5,8,2.0,tick,cfd_std,0,0,0,,0.0,0.0,0.0,,,,0.0,,0.0,0.0,0.0,0.0,,
60,pct,0.25,2.5,8,2.0,tick,cfd_raw,0,0,0,,0.0,0.0,0.0,,,,0.0,,0.0,0.0,0.0,0.0,,
60,pct,0.25,3.0,3,0.5,off,none,42,21,21,0.3333333333333333,2784.2080249999854,0.0,2784.2080249999854,0.0,1.5070600445317117,0.33333333333333165,1389.9283250000153,1.5476190476190477,0.3333333333333333,0.6666666666666666,0.0,0.0,0.38095238095238093,66.29066726190442
60,pct,0.25,3.0,3,0.5,off,exchange,42,21,21,0.3333333333333333,2840.281825000042,3439.9745662875,-599.6927412874579,0.25032433049867164,0.922712279788634,-0.07715694372984279,2610.206172974984,1.6666666666666667,0.3333333333333333,0.6666666666666666,0.0,0.0,0.35714285714285715,-14.278398602082332
60,pct,0.25,3.0,3,0.5,off,cfd_std,43,22,21,0.32558139534883723,2971.002624999979,972.0,1999.0026249999792,0.07057530891632265,1.3232665423461243,0.2315366953065542,1591.7385000000068,1.7209302325581395,0.32558139534883723,0.6744186046511628,0.0,0.0,0.3488372093023256,46.4884331395344
60,pct,0.25,3.0,3,0.5,off,cfd_raw,43,22,21,0.32558139534883723,2817.0026250000374,834.0,1983.0026250000374,0.060219043195471764,1.3222184316425403,0.22979647634108805,1588.33474999998,1.7209302325581395,0.32558139534883723,0.6744186046511628,0.0,0.0,0.3488372093023256,46.116340116279936
60,pct,0.25,3.0,3,0.5,bar,none,43,22,21,0.3488372093023256,2912.866137757228,0.0,2912.866137757228,0.0,1.5304281345414614,0.34119366759324116,1389.9283250000153,1.6046511627906976,0.32558139534883723,0.6511627906976745,0.023255813953488372,0.0,0.37209302325581395,67.74107297109832
60,pct,0.25,3.0,3,0.5,bar,exchange,43,22,21,0.3488372093023256,2968.929937757275,3521.028643031121,-552.0987052738463,0.253821878405647,0.9288528750355546,-0.06950515237926523,2562.6121369613684,1.7209302325581395,0.32558139534883723,0.6511627906976745,0.023255813953488372,0.0,0.3488372093023256,-12.839504773810381
60,pct,0.25,3.0,3,0.5,bar,cfd_std,43,22,21,0.3488372093023256,3279.4011877572193,972.0,2307.4011877572193,0.07083130065540036,1.3860032615715083,0.2687708015007773,1484.3270750000083,1.7209302325581395,0.32558139534883723,0.6511627906976745,0.023255813953488372,0.0,0.3488372093023256,53.660492738539986
60,pct,0.25,3.0,3,0.5,bar,cfd_raw,43,22,21,0.3488372093023256,3130.9149377572758,834.0,2296.9149377572758,0.06046041042833358,1.3861907447065702,0.26769627809236185,1487.8683249999885,1.7209302325581395,0.32558139534883723,0.6511627906976745,0.023255813953488372,0.0,0.3488372093023256,53.41662645947153
60,pct,0.25,3.0,3,0.5,tick,none,43,22,21,0.3023255813953488,1986.2976445177774,0.0,1986.2976445177774,0.0,1.3696043599589915,0.2302304685077962,1726.2905973718152,1.4883720930232558,0.27906976744186046,0.6046511627906976,0.11627906976744186,0.0,0.3488372093023256,46.19296847715761
60,pct,0.25,3.0,3,0.5,tick,exchange,43,22,21,0.3023255813953488,2032.262644517803,3524.3477147319286,-1492.0850702141256,0.2773212178056838,0.8089739066049498,-0.18180615333304367,3576.2032279577834,1.4883720930232558,0.27906976744186046,0.6046511627906976,0.11627906976744186,0.0,0.3488372093023256,-34.69965279567734
60,pct,0.25,3.0,3,0.5,tick,cfd_std,43,22,21,0.3023255813953488,2296.5613945177465,999.0,1297.5613945177465,0.07954411599169123,1.2183985896367322,0.14822821964342114,2063.7230973718106,1.4883720930232558,0.27906976744186046,0.6046511627906976,0.11627906976744186,0.0,0.3488372093023256,30.17584638413364
60,pct,0.25,3.0,3,0.5,tick,cfd_raw,43,22,21,0.3023255813953488,2170.1576445177925,850.0,1320.1576445177925,0.06729712337289595,1.2241278684965584,0.15105640773467094,2028.2505973717925,1.4883720930232558,0.27906976744186046,0.6046511627906976,0.11627906976744186,0.0,0.3488372093023256,30.70134057018122
60,pct,0.25,3.0,3,1.0,off,none,19,9,10,0.3684210526315789,1751.8008749999863,0.0,1751.8008749999863,0.0,1.7451289552988152,0.47368421052631204,595.8302000000112,2.0526315789473686,0.3684210526315789,0.631578947368421,0.0,0.0,0.47368421052631576,92.20004605263085
60,pct,0.25,3.0,3,1.0,off,exchange,19,9,10,0.3684210526315789,1771.820875000005,1549.1460033375,222.67487166250498,0.24033349581012295,1.0669619411520268,0.06242540647882218,1192.1546670624957,2.0526315789473686,0.3684210526315789,0.631578947368421,0.0,0.0,0.47368421052631576,11.719730087500261
60,pct,0.25,3.0,3,1.0,off,cfd_std,19,9,10,0.3684210526315789,1886.9358749999956,418.5,1468.4358749999956,0.06539189579953736,1.569057553907693,0.39715249349423304,686.5711750000046,1.9473684210526316,0.3684210526315789,0.631578947368421,0.0,0.0,0.47368421052631576,77.28609868421029
60,pct,0.25,3.0,3,1.0,off,cfd_raw,19,9,10,0.3684210526315789,1831.880875000017,362.0,1469.880875000017,0.05637006558762237,1.5744002660431329,0.39766212156201297,684.6674249999924,1.9473684210526316,0.3684210526315789,0.631578947368421,0.0,0.0,0.47368421052631576,77.36215131579037
60,pct,0.25,3.0,3,1.0,bar,none,19,9,10,0.42105263157894735,2073.7331877572287,0.0,2073.7331877572287,0.0,1.9607809456504186,0.5616488266583877,595.8302000000112,1.9473684210526316,0.3684210526315789,0.5789473684210527,0.05263157894736842,0.0,0.47368421052631576,109.14385198722256
60,pct,0.25,3.0,3,1.0,bar,exchange,19,9,10,0.42105263157894735,2091.7481877572427,1548.9860396811214,542.7621480761214,0.24261612246767827,1.1777429549116798,0.14988588584895937,872.067390648881,1.9473684210526316,0.3684210526315789,0.5789473684210527,0.05263157894736842,0.0,0.47368421052631576,28.566428846111656
60,pct,0.25,3.0,3,1.0,bar,cfd_std,19,9,10,0.42105263157894735,2195.3344377572357,418.5,1776.8344377572357,0.06590447095880536,1.7483352491499349,0.4814191548811589,636.2289500000043,1.9473684210526316,0.3684210526315789,0.5789473684210527,0.05263157894736842,0.0,0.47368421052631576,93.51760198722293
60,pct,0.25,3.0,3,1.0,bar,cfd_raw,19,9,10,0.42105263157894735,2145.7931877572555,362.0,1783.7931877572555,0.05685959995864921,1.758292014790601,0.48343535710436963,637.770199999999,1.9473684210526316,0.3684210526315789,0.5789473684210527,0.05263157894736842,0.0,0.47368421052631576,93.88385198722398
60,pct,0.25,3.0,3,1.0,tick,none,19,9,10,0.3157894736842105,1003.0875026281865,0.0,1003.0875026281865,0.0,1.4595054189934278,0.27383812102669236,1135.6331473718164,1.5263157894736843,0.2631578947368421,0.5263157894736842,0.21052631578947367,0.0,0.47368421052631576,52.79407908569402
60,pct,0.25,3.0,3,1.0,tick,exchange,19,9,10,0.3157894736842105,1015.067502628197,1552.2351046859835,-537.1676020577864,0.28954091204975135,0.8344383555167255,-0.1404190461806926,1951.9971407827834,1.5263157894736843,0.2631578947368421,0.5263157894736842,0.21052631578947367,0.0,0.47368421052631576,-28.271979055672972
60,pct,0.25,3.0,3,1.0,tick,cfd_std,19,9,10,0.3157894736842105,1083.9525026281917,445.5,638.4525026281917,0.08381994412543119,1.2588489731242753,0.17540738171840484,1378.5656473718118,1.5263157894736843,0.2631578947368421,0.5263157894736842,0.21052631578947367,0.0,0.47368421052631576,33.602763296220616
60,pct,0.25,3.0,3,1.0,tick,cfd_raw,19,9,10,0.3157894736842105,1051.0075026281993,378.0,673.0075026281993,0.07082641742170333,1.2770727441841139,0.18483883367648773,1339.5931473718083,1.5263157894736843,0.2631578947368421,0.5263157894736842,0.21052631578947367,0.0,0.47368421052631576,35.421447506747334
60,pct,0.25,3.0,3,2.0,off,none,1,0,1,1.0,566.9665499999974,0.0,566.9665499999974,0.0,inf,2.9999999999999862,0.0,0.0,1.0,0.0,0.0,0.0,1.0,566.9665499999974
60,pct,0.25,3.0,3,2.0,off,exchange,1,0,1,1.0,566.9665499999974,77.31105672499999,489.6554932749974,0.13635911452800936,inf,2.59092265641596,0.0,0.0,1.0,0.0,0.0,0.0,1.0,489.6554932749974
60,pct,0.25,3.0,3,2.0,off,cfd_std,1,0,1,1.0,566.9665499999974,13.5,553.4665499999974,0.023810928528323342,inf,2.9285672144150166,0.0,0.0,1.0,0.0,0.0,0.0,1.0,553.4665499999974
60,pct,0.25,3.0,3,2.0,off,cfd_raw,1,0,1,1.0,566.9665499999974,14.0,552.9665499999974,0.024692814770113095,inf,2.9259215556896474,0.0,0.0,1.0,0.0,0.0,0.0,1.0,552.9665499999974
60,pct,0.25,3.0,3,2.0,bar,none,1,0,1,1.0,566.9665499999974,0.0,566.9665499999974,0.0,inf,2.9999999999999862,0.0,0.0,1.0,0.0,0.0,0.0,1.0,566.9665499999974
60,pct,0.25,3.0,3,2.0,bar,exchange,1,0,1,1.0,566.9665499999974,77.31105672499999,489.6554932749974,0.13635911452800936,inf,2.59092265641596,0.0,0.0,1.0,0.0,0.0,0.0,1.0,489.6554932749974
60,pct,0.25,3.0,3,2.0,bar,cfd_std,1,0,1,1.0,566.9665499999974,13.5,553.4665499999974,0.023810928528323342,inf,2.9285672144150166,0.0,0.0,1.0,0.0,0.0,0.0,1.0,553.4665499999974
60,pct,0.25,3.0,3,2.0,bar,cfd_raw,1,0,1,1.0,566.9665499999974,14.0,552.9665499999974,0.024692814770113095,inf,2.9259215556896474,0.0,0.0,1.0,0.0,0.0,0.0,1.0,552.9665499999974
60,pct,0.25,3.0,3,2.0,tick,none,1,0,1,1.0,566.9665499999974,0.0,566.9665499999974,0.0,inf,2.9999999999999862,0.0,0.0,1.0,0.0,0.0,0.0,1.0,566.9665499999974
60,pct,0.25,3.0,3,2.0,tick,exchange,1,0,1,1.0,566.9665499999974,77.31105672499999,489.6554932749974,0.13635911452800936,inf,2.59092265641596,0.0,0.0,1.0,0.0,0.0,0.0,1.0,489.6554932749974
60,pct,0.25,3.0,3,2.0,tick,cfd_std,1,0,1,1.0,566.9665499999974,13.5,553.4665499999974,0.023810928528323342,inf,2.9285672144150166,0.0,0.0,1.0,0.0,0.0,0.0,1.0,553.4665499999974
60,pct,0.25,3.0,3,2.0,tick,cfd_raw,1,0,1,1.0,566.9665499999974,14.0,552.9665499999974,0.024692814770113095,inf,2.9259215556896474,0.0,0.0,1.0,0.0,0.0,0.0,1.0,552.9665499999974
60,pct,0.25,3.0,5,0.5,off,none,23,10,13,0.30434782608695654,1050.0225749999809,0.0,1050.0225749999809,0.0,1.3378010665694509,0.21739130434782192,1187.2718750000204,1.9130434782608696,0.30434782608695654,0.6956521739130435,0.0,0.0,0.43478260869565216,45.65315543478177
60,pct,0.25,3.0,5,0.5,off,exchange,23,10,13,0.30434782608695654,1076.0675750000082,1877.3054712125002,-801.2378962124915,0.25869433995989644,0.8178311443472323,-0.1945803285484569,2587.9582774875016,1.9130434782608696,0.30434782608695654,0.6956521739130435,0.0,0.0,0.43478260869565216,-34.83643027010832
60,pct,0.25,3.0,5,0.5,off,cfd_std,24,10,14,0.2916666666666667,1046.7393750000047,553.5,493.23937500000466,0.07501503273811522,1.1360701316013428,0.08842433997470746,1659.9691750000056,1.7916666666666667,0.2916666666666667,0.7083333333333334,0.0,0.0,0.4166666666666667,20.551640625000193
60,pct,0.25,3.0,5,0.5,off,cfd_raw,24,10,14,0.2916666666666667,969.6018750000076,472.0,497.60187500000757,0.06368486934834872,1.138417071010961,0.08956189960056445,1642.120425000001,1.7916666666666667,0.2916666666666667,0.7083333333333334,0.0,0.0,0.4166666666666667,20.73341145833365
60,pct,0.25,3.0,5,0.5,bar,none,24,10,14,0.3333333333333333,1317.8862284368515,0.0,1317.8862284368515,0.0,1.443754684129287,0.2656504526123605,1048.7198343203927,1.75,0.2916666666666667,0.625,0.08333333333333333,0.0,0.4166666666666667,54.91192618486881
60,pct,0.25,3.0,5,0.5,bar,exchange,24,10,14,0.3333333333333333,1341.9262284368742,1958.2208218857813,-616.294593448907,0.27011386280037064,0.8553879574295765,-0.14708383059288496,2403.0149747239193,1.75,0.2916666666666667,0.625,0.08333333333333333,0.0,0.4166666666666667,-25.67894139370446
60,pct,0.25,3.0,5,0.5,bar,cfd_std,24,10,14,0.3333333333333333,1480.1562284368702,553.5,926.6562284368702,0.0768352223298703,1.281334712804234,0.18161414879218066,1226.5523215631401,1.75,0.2916666666666667,0.625,0.08333333333333333,0.0,0.4166666666666667,38.61067618486959
60,pct,0.25,3.0,5,0.5,bar,cfd_raw,24,10,14,0.3333333333333333,1414.0462284368696,472.0,942.0462284368696,0.06532263999745772,1.2891652150768693,0.18511221761842425,1197.676071563139,1.75,0.2916666666666667,0.625,0.08333333333333333,0.0,0.4166666666666667,39.25192618486957
60,pct,0.25,3.0,5,0.5,tick,none,24,10,14,0.3333333333333333,483.26371830781864,0.0,483.26371830781864,0.0,1.1656950047306047,0.08801457644823722,1710.4785816921794,1.4583333333333333,0.20833333333333334,0.5833333333333334,0.20833333333333334,0.0,0.4166666666666667,20.135988262825776
60,pct,0.25,3.0,5,0.5,tick,exchange,24,10,14,0.2916666666666667,501.26871830783784,1961.4597684781438,-1460.1910501703057,0.3110253492019134,0.6542531691825104,-0.32669346830449214,3246.911431445318,1.4583333333333333,0.20833333333333334,0.5833333333333334,0.20833333333333334,0.0,0.4166666666666667,-60.841293757096075
60,pct,0.25,3.0,5,0.5,tick,cfd_std,24,10,14,0.3333333333333333,604.7974683078355,580.5,24.297468307835516,0.09289632278616437,1.0074668342780364,-0.010438984721905362,2128.911081692175,1.4583333333333333,0.20833333333333334,0.5833333333333334,0.20833333333333334,0.0,0.4166666666666667,1.0123945128264797
60,pct,0.25,3.0,5,0.5,tick,cfd_raw,24,10,14,0.3333333333333333,555.2837183078373,488.0,67.28371830783726,0.07775138452844729,1.020943918325921,-0.0010672184567877552,2072.4385816921713,1.4583333333333333,0.20833333333333334,0.5833333333333334,0.20833333333333334,0.0,0.4166666666666667,2.8034882628265527
60,pct,0.25,3.0,5,1.0,off,none,12,4,8,0.3333333333333333,787.99099999998,0.0,787.99099999998,0.0,1.5037799028233718,0.33333333333332493,778.134075000009,2.3333333333333335,0.3333333333333333,0.6666666666666666,0.0,0.0,0.4166666666666667,65.665916666665
60,pct,0.25,3.0,5,1.0,off,exchange,12,4,8,0.3333333333333333,802.0060000000085,979.6726114250001,-177.6666114249914,0.2505370378231875,0.9196874550387063,-0.07796982260485856,1191.1110413874994,2.3333333333333335,0.3333333333333333,0.6666666666666666,0.0,0.0,0.4166666666666667,-14.805550952082617
60,pct,0.25,3.0,5,1.0,off,cfd_std,12,4,8,0.3333333333333333,882.592249999987,270.0,612.592249999987,0.06966475744808477,1.3577063997074095,0.2581532912446414,859.134075000009,2.1666666666666665,0.3333333333333333,0.6666666666666666,0.0,0.0,0.4166666666666667,51.04935416666558
60,pct,0.25,3.0,5,1.0,off,cfd_raw,12,4,8,0.3333333333333333,844.0510000000068,232.0,612.0510000000068,0.0596056947126577,1.3600094000503644,0.25810973697226997,850.1340749999945,2.1666666666666665,0.3333333333333333,0.6666666666666666,0.0,0.0,0.4166666666666667,51.00425000000056
60,pct,0.25,3.0,5,1.0,bar,none,12,4,8,0.4166666666666667,1109.9233127572224,0.0,1109.9233127572224,0.0,1.8092553512524492,0.4726106422091115,594.8116000000155,2.1666666666666665,0.3333333333333333,0.5833333333333334,0.08333333333333333,0.0,0.4166666666666667,92.4936093964352
60,pct,0.25,3.0,5,1.0,bar,exchange,12,4,8,0.4166666666666667,1121.9333127572463,979.5126477686215,142.42066498862505,0.2544858645896466,1.073396417471944,0.06050926973119199,871.0237649738847,2.1666666666666665,0.3333333333333333,0.5833333333333334,0.08333333333333333,0.0,0.4166666666666667,11.868388749052087
60,pct,0.25,3.0,5,1.0,bar,cfd_std,12,4,8,0.4166666666666667,1190.990812757227,270.0,920.9908127572271,0.07057109596865523,1.611357264507549,0.3915755051072742,653.0471250000119,2.1666666666666665,0.3333333333333333,0.5833333333333334,0.08333333333333333,0.0,0.4166666666666667,76.7492343964356
60,pct,0.25,3.0,5,1.0,bar,cfd_raw,12,4,8,0.4166666666666667,1157.9633127572451,232.0,925.9633127572451,0.06046459016459223,1.6199969442562978,0.3939173599143347,643.5333749999991,2.1666666666666665,0.3333333333333333,0.5833333333333334,0.08333333333333333,0.0,0.4166666666666667,77.1636093964371
60,pct,0.25,3.0,5,1.0,tick,none,12,4,8,0.3333333333333333,639.6952647625585,0.0,639.6952647625585,0.0,1.4647444825038918,0.2753826259170106,790.9317229946755,1.75,0.25,0.5,0.25,0.0,0.4166666666666667,53.30793873021321
60,pct,0.25,3.0,5,1.0,tick,exchange,12,4,8,0.3333333333333333,647.6852647625783,981.0639290920508,-333.3786643294723,0.28952190549518153,0.8357910696682636,-0.1390696315159221,1346.8230942919763,1.75,0.25,0.5,0.25,0.0,0.4166666666666667,-27.78155536078936
60,pct,0.25,3.0,5,1.0,tick,cfd_std,12,4,8,0.3333333333333333,693.6277647625684,283.5,410.1277647625684,0.08423835183616352,1.2642726759440988,0.17719588035028563,898.8642229946709,1.75,0.25,0.5,0.25,0.0,0.4166666666666667,34.17731373021403
60,pct,0.25,3.0,5,1.0,tick,cfd_raw,12,4,8,0.3333333333333333,671.6552647625795,240.0,431.65526476257946,0.07107940525781188,1.2824183306914565,0.18652542749489076,884.8917229946674,1.75,0.25,0.5,0.25,0.0,0.4166666666666667,35.97127206354829
60,pct,0.25,3.0,5,2.0,off,none,0,0,0,,0.0,0.0,0.0,,,,0.0,,0.0,0.0,0.0,0.0,,
60,pct,0.25,3.0,5,2.0,off,exchange,0,0,0,,0.0,0.0,0.0,,,,0.0,,0.0,0.0,0.0,0.0,,
60,pct,0.25,3.0,5,2.0,off,cfd_std,0,0,0,,0.0,0.0,0.0,,,,0.0,,0.0,0.0,0.0,0.0,,
60,pct,0.25,3.0,5,2.0,off,cfd_raw,0,0,0,,0.0,0.0,0.0,,,,0.0,,0.0,0.0,0.0,0.0,,
60,pct,0.25,3.0,5,2.0,bar,none,0,0,0,,0.0,0.0,0.0,,,,0.0,,0.0,0.0,0.0,0.0,,
60,pct,0.25,3.0,5,2.0,bar,exchange,0,0,0,,0.0,0.0,0.0,,,,0.0,,0.0,0.0,0.0,0.0,,
60,pct,0.25,3.0,5,2.0,bar,cfd_std,0,0,0,,0.0,0.0,0.0,,,,0.0,,0.0,0.0,0.0,0.0,,
60,pct,0.25,3.0,5,2.0,bar,cfd_raw,0,0,0,,0.0,0.0,0.0,,,,0.0,,0.0,0.0,0.0,0.0,,
60,pct,0.25,3.0,5,2.0,tick,none,0,0,0,,0.0,0.0,0.0,,,,0.0,,0.0,0.0,0.0,0.0,,
60,pct,0.25,3.0,5,2.0,tick,exchange,0,0,0,,0.0,0.0,0.0,,,,0.0,,0.0,0.0,0.0,0.0,,
60,pct,0.25,3.0,5,2.0,tick,cfd_std,0,0,0,,0.0,0.0,0.0,,,,0.0,,0.0,0.0,0.0,0.0,,
60,pct,0.25,3.0,5,2.0,tick,cfd_raw,0,0,0,,0.0,0.0,0.0,,,,0.0,,0.0,0.0,0.0,0.0,,
60,pct,0.25,3.0,8,0.5,off,none,27,8,19,0.25925925925925924,278.134024999963,0.0,278.134024999963,0.0,1.0717792988186765,0.037037037037030145,2146.879200000025,1.4444444444444444,0.25925925925925924,0.7407407407407407,0.0,0.0,0.6296296296296297,10.301260185183814
60,pct,0.25,3.0,8,0.5,off,exchange,27,8,19,0.25925925925925924,298.16402499999094,2198.3264183125,-1900.162393312509,0.27438490898047235,0.6537429754567983,-0.3772167136541928,3486.856871249998,1.4444444444444444,0.25925925925925924,0.7407407407407407,0.0,0.0,0.6296296296296297,-70.37638493750033
60,pct,0.25,3.0,8,0.5,off,cfd_std,28,8,20,0.25,234.24957499996526,661.5,-427.25042500003474,0.08167754465348565,0.9050414457560448,-0.09443338149377559,2417.7187250000134,1.0357142857142858,0.25,0.75,0.0,0.0,0.6071428571428571,-15.25894375000124
60,pct,0.25,3.0,8,0.5,off,cfd_raw,28,8,20,0.25,173.65332499999204,560.0,-386.34667500000796,0.06872485351090395,0.9131686358435351,-0.08680045239744268,2392.3012249999883,1.3214285714285714,0.25,0.75,0.0,0.0,0.6071428571428571,-13.79809553571457
60,pct,0.25,3.0,8,0.5,bar,none,28,8,20,0.2857142857142857,545.9976784368337,0.0,545.9976784368337,0.0,1.1461333293315503,0.08484324509630581,2008.3271593203972,1.3214285714285714,0.25,0.6785714285714286,0.07142857142857142,0.0,0.6071428571428571,19.499917087029775
60,pct,0.25,3.0,8,0.5,bar,exchange,28,8,20,0.2857142857142857,564.022678436857,2279.2417689857816,-1715.219090548925,0.2847415357757633,0.6794646235309241,-0.32998270165278354,3301.913568486416,1.3214285714285714,0.25,0.6785714285714286,0.07142857142857142,0.0,0.6071428571428571,-61.2578246624616
60,pct,0.25,3.0,8,0.5,bar,cfd_std,28,8,20,0.2857142857142857,667.6664284368308,661.5,6.166428436830756,0.08347922113772602,1.0014793875511654,-0.014556402507370099,2237.72590932039,1.0,0.25,0.6785714285714286,0.07142857142857142,0.0,0.6071428571428571,0.22022958702966985
60,pct,0.25,3.0,8,0.5,bar,cfd_raw,28,8,20,0.2857142857142857,618.097678436854,560.0,58.09767843685404,0.0703286647770227,1.0141279261285605,-0.004900179810705689,2210.2671593203704,1.2857142857142858,0.25,0.6785714285714286,0.07142857142857142,0.0,0.6071428571428571,2.0749170870305016
60,pct,0.25,3.0,8,0.5,tick,none,28,8,20,0.2857142857142857,182.5054420014203,0.0,182.5054420014203,0.0,1.0491208356418076,0.01749673150909397,1844.6126086214208,1.1071428571428572,0.21428571428571427,0.6428571428571429,0.14285714285714285,0.0,0.6071428571428571,6.518051500050725
60,pct,0.25,3.0,8,0.5,tick,exchange,28,8,20,0.25,196.51044200143951,2280.768473316865,-2084.258031315425,0.3001257029108199,0.609957247630938,-0.39834634519845935,3670.952509252922,1.1071428571428572,0.21428571428571427,0.6428571428571429,0.14285714285714285,0.0,0.6071428571428571,-74.43778683269375
60,pct,0.25,3.0,8,0.5,tick,cfd_std,28,8,20,0.2857142857142857,254.98839130245324,675.0,-420.01160869754676,0.08951186891661593,0.8995897500035254,-0.09335959592470668,2216.883733697541,0.8214285714285714,0.21428571428571427,0.6785714285714286,0.10714285714285714,0.0,0.6071428571428571,-15.000414596340956
60,pct,0.25,3.0,8,0.5,tick,cfd_raw,28,8,20,0.2857142857142857,238.52544200143893,568.0,-329.47455799856107,0.07515849744616551,0.9196289519847664,-0.07666360627765058,2124.8466829985555,1.1071428571428572,0.21428571428571427,0.6428571428571429,0.14285714285714285,0.0,0.6071428571428571,-11.76694849994861
60,pct,0.25,3.0,8,1.0,off,none,11,2,9,0.45454545454545453,1802.8935499999934,0.0,1802.8935499999934,0.0,2.5502541367379794,0.8181818181818152,588.137625000003,1.7272727272727273,0.45454545454545453,0.5454545454545454,0.0,0.0,0.6363636363636364,163.89941363636305
60,pct,0.25,3.0,8,1.0,off,exchange,11,2,9,0.45454545454545453,1810.9235500000068,894.9002632,916.0232868000069,0.2169546462251767,1.5562726089253065,0.4059113640784792,867.1760857999907,1.7272727272727273,0.45454545454545453,0.5454545454545454,0.0,0.0,0.6363636363636364,83.27484425454608
60,pct,0.25,3.0,8,1.0,off,cfd_std,11,2,9,0.45454545454545453,1857.0960499999928,229.5,1627.5960499999928,0.05595068509054067,2.2672377373662824,0.7362675525700854,642.0701249999984,1.5454545454545454,0.45454545454545453,0.5454545454545454,0.0,0.0,0.6363636363636364,147.96327727272663
60,pct,0.25,3.0,8,1.0,off,cfd_raw,11,2,9,0.45454545454545453,1835.0135500000033,202.0,1633.0135500000033,0.04911464231611337,2.2849203416978567,0.7389370343256477,638.0976249999949,1.5454545454545454,0.45454545454545453,0.5454545454545454,0.0,0.0,0.6363636363636364,148.45577727272757
60,pct,0.25,3.0,8,1.0,bar,none,11,2,9,0.5454545454545454,2124.825862757236,0.0,2124.825862757236,0.0,3.189761600704923,0.9701207005917641,588.137625000003,1.5454545454545454,0.45454545454545453,0.45454545454545453,0.09090909090909091,0.0,0.6363636363636364,193.16598752338507
60,pct,0.25,3.0,8,1.0,bar,exchange,11,2,9,0.5454545454545454,2130.8508627572446,894.7402995436213,1236.1105632136232,0.220188353765207,1.899017472793835,0.5569794648087162,831.6747388124932,1.5454545454545454,0.45454545454545453,0.45454545454545453,0.09090909090909091,0.0,0.6363636363636364,112.37368756487484
60,pct,0.25,3.0,8,1.0,bar,cfd_std,11,2,9,0.5454545454545454,2165.494612757233,229.5,1935.994612757233,0.056637982496680686,2.7954499339639165,0.8818190586020482,642.0701249999984,1.5454545454545454,0.45454545454545453,0.45454545454545453,0.09090909090909091,0.0,0.6363636363636364,175.99951025065755
60,pct,0.25,3.0,8,1.0,bar,cfd_raw,11,2,9,0.5454545454545454,2148.9258627572417,202.0,1946.9258627572417,0.0497838915432029,2.829291876659731,0.8870908048078999,638.0976249999949,1.5454545454545454,0.45454545454545453,0.45454545454545453,0.09090909090909091,0.0,0.6363636363636364,176.99326025065832
60,pct,0.25,3.0,8,1.0,tick,none,11,2,9,0.45454545454545453,1597.6190756228461,0.0,1597.6190756228461,0.0,2.5313919083019427,0.7230397209254895,588.137625000003,1.0909090909090908,0.36363636363636365,0.45454545454545453,0.18181818181818182,0.0,0.6363636363636364,145.2380977838951
60,pct,0.25,3.0,8,1.0,tick,exchange,11,2,9,0.45454545454545453,1601.6290756228555,896.3478586500543,705.2812169728013,0.2435660465963601,1.4611772355241601,0.3081985862884259,845.9190030396858,1.0909090909090908,0.36363636363636365,0.45454545454545453,0.18181818181818182,0.0,0.6363636363636364,64.11647427025467
60,pct,0.25,3.0,8,1.0,tick,cfd_std,11,2,9,0.45454545454545453,1624.6865756228508,243.0,1381.6865756228508,0.06644710229100749,2.1727307208699362,0.6220194586950641,642.0701249999984,1.0909090909090908,0.36363636363636365,0.45454545454545453,0.18181818181818182,0.0,0.6363636363636364,125.60787051116826
60,pct,0.25,3.0,8,1.0,tick,cfd_raw,11,2,9,0.45454545454545453,1613.6590756228543,210.0,1403.6590756228543,0.05725078695124376,2.210879349183684,0.6324728649989818,638.0976249999949,1.0909090909090908,0.36363636363636365,0.45454545454545453,0.18181818181818182,0.0,0.6363636363636364,127.60537051116857
60,pct,0.25,3.0,8,2.0,off,none,0,0,0,,0.0,0.0,0.0,,,,0.0,,0.0,0.0,0.0,0.0,,
60,pct,0.25,3.0,8,2.0,off,exchange,0,0,0,,0.0,0.0,0.0,,,,0.0,,0.0,0.0,0.0,0.0,,
60,pct,0.25,3.0,8,2.0,off,cfd_std,0,0,0,,0.0,0.0,0.0,,,,0.0,,0.0,0.0,0.0,0.0,,
60,pct,0.25,3.0,8,2.0,off,cfd_raw,0,0,0,,0.0,0.0,0.0,,,,0.0,,0.0,0.0,0.0,0.0,,
60,pct,0.25,3.0,8,2.0,bar,none,0,0,0,,0.0,0.0,0.0,,,,0.0,,0.0,0.0,0.0,0.0,,
60,pct,0.25,3.0,8,2.0,bar,exchange,0,0,0,,0.0,0.0,0.0,,,,0.0,,0.0,0.0,0.0,0.0,,
60,pct,0.25,3.0,8,2.0,bar,cfd_std,0,0,0,,0.0,0.0,0.0,,,,0.0,,0.0,0.0,0.0,0.0,,
60,pct,0.25,3.0,8,2.0,bar,cfd_raw,0,0,0,,0.0,0.0,0.0,,,,0.0,,0.0,0.0,0.0,0.0,,
60,pct,0.25,3.0,8,2.0,tick,none,0,0,0,,0.0,0.0,0.0,,,,0.0,,0.0,0.0,0.0,0.0,,
60,pct,0.25,3.0,8,2.0,tick,exchange,0,0,0,,0.0,0.0,0.0,,,,0.0,,0.0,0.0,0.0,0.0,,
60,pct,0.25,3.0,8,2.0,tick,cfd_std,0,0,0,,0.0,0.0,0.0,,,,0.0,,0.0,0.0,0.0,0.0,,
60,pct,0.25,3.0,8,2.0,tick,cfd_raw,0,0,0,,0.0,0.0,0.0,,,,0.0,,0.0,0.0,0.0,0.0,,
60,pct,0.5,1.0,3,0.5,off,none,38,19,19,0.5789473684210527,2436.5529999999853,0.0,2436.5529999999853,0.0,1.3901422696135692,0.1578947368421042,1920.5092000000004,2.4210526315789473,0.5789473684210527,0.42105263157894735,0.0,0.0,0.23684210526315788,64.1198157894733
60,pct,0.5,1.0,3,0.5,off,exchange,38,19,19,0.5526315789473685,1718.2848499999818,3095.0366565250006,-1376.7518065250183,0.20734941925213962,0.8278739061781958,-0.09832839040144717,3263.3004071250034,2.3421052631578947,0.5526315789473685,0.4473684210526316,0.0,0.0,0.23684210526315788,-36.2303106980268
60,pct,0.5,1.0,3,0.5,off,cfd_std,37,18,19,0.4864864864864865,-0.4191500000306405,756.0,-756.4191500000306,0.05233820534294631,0.9022141603949506,-0.05503668951868675,2557.175950000019,2.7027027027027026,0.4864864864864865,0.5135135135135135,0.0,0.0,0.2702702702702703,-20.44376081081164
60,pct,0.5,1.0,3,0.5,off,cfd_raw,38,19,19,0.5526315789473685,1886.2248499999841,668.0,1218.2248499999841,0.044751567484782505,1.1766999550194477,0.07539661332173465,2150.0605500000092,2.3421052631578947,0.5526315789473685,0.4473684210526316,0.0,0.0,0.23684210526315788,32.05854868421011
60,pct,0.5,1.0,3,0.5,bar,none,38,19,19,0.5789473684210527,2436.5529999999853,0.0,2436.5529999999853,0.0,1.3901422696135692,0.1578947368421042,1920.5092000000004,2.4210526315789473,0.5789473684210527,0.42105263157894735,0.0,0.0,0.23684210526315788,64.1198157894733
60,pct,0.5,1.0,3,0.5,bar,exchange,38,19,19,0.5526315789473685,1718.2848499999818,3095.0366565250006,-1376.7518065250183,0.20734941925213962,0.8278739061781958,-0.09832839040144717,3263.3004071250034,2.3421052631578947,0.5526315789473685,0.4473684210526316,0.0,0.0,0.23684210526315788,-36.2303106980268
60,pct,0.5,1.0,3,0.5,bar,cfd_std,37,18,19,0.4864864864864865,-0.4191500000306405,756.0,-756.4191500000306,0.05233820534294631,0.9022141603949506,-0.05503668951868675,2557.175950000019,2.7027027027027026,0.4864864864864865,0.5135135135135135,0.0,0.0,0.2702702702702703,-20.44376081081164
60,pct,0.5,1.0,3,0.5,bar,cfd_raw,38,19,19,0.5526315789473685,1886.2248499999841,668.0,1218.2248499999841,0.044751567484782505,1.1766999550194477,0.07539661332173465,2150.0605500000092,2.3421052631578947,0.5526315789473685,0.4473684210526316,0.0,0.0,0.23684210526315788,32.05854868421011
60,pct,0.5,1.0,3,0.5,tick,none,38,19,19,0.5789473684210527,2719.847877573324,0.0,2719.847877573324,0.0,1.4561973302933136,0.1767660692433029,1920.5092000000004,2.210526315789474,0.5789473684210527,0.39473684210526316,0.02631578947368421,0.0,0.23684210526315788,71.57494414666641
60,pct,0.5,1.0,3,0.5,tick,exchange,38,19,19,0.5526315789473685,1999.5697275733255,3094.8960140862137,-1095.3262865128877,0.21132224805271216,0.8580647028028374,-0.07958158290594544,3263.3004071250034,2.289473684210526,0.5526315789473685,0.42105263157894735,0.02631578947368421,0.0,0.23684210526315788,-28.824375960865467
60,pct,0.5,1.0,3,0.5,tick,cfd_std,38,19,19,0.5,1028.7762958111562,783.0,245.77629581115616,0.05723265588782411,1.0359368716583712,0.011729481067004584,2224.8536081104394,2.473684210526316,0.47368421052631576,0.42105263157894735,0.10526315789473684,0.0,0.23684210526315788,6.46779725818832
60,pct,0.5,1.0,3,0.5,tick,cfd_raw,38,19,19,0.5526315789473685,2161.479727573329,668.0,1493.479727573329,0.04559230092760886,1.2256332596360118,0.0937323712225923,2150.0605500000092,2.289473684210526,0.5526315789473685,0.42105263157894735,0.02631578947368421,0.0,0.23684210526315788,39.302098094034974
60,pct,0.5,1.0,3,1.0,off,none,17,9,8,0.6470588235294118,1993.4294499999814,0.0,1993.4294499999814,0.0,1.854129706896299,0.2941176470588207,781.8035500000115,2.411764705882353,0.6470588235294118,0.35294117647058826,0.0,0.0,0.29411764705882354,117.26055588235185
60,pct,0.5,1.0,3,1.0,off,exchange,17,9,8,0.5882352941176471,1242.6526500000036,1380.039021525,-137.38637152499626,0.2070516049042559,0.9581563027064007,-0.027130013023985485,1258.5342504499858,2.235294117647059,0.5882352941176471,0.4117647058823529,0.0,0.0,0.29411764705882354,-8.08155126617625
60,pct,0.5,1.0,3,1.0,off,cfd_std,17,9,8,0.5294117647058824,583.6857499999896,337.5,246.18574999998964,0.05066572092655878,1.0756374854776498,0.03235031437454111,928.2007000000012,3.0588235294117645,0.5294117647058824,0.47058823529411764,0.0,0.0,0.29411764705882354,14.481514705881743
60,pct,0.5,1.0,3,1.0,off,cfd_raw,17,9,8,0.5882352941176471,1314.6526500000036,294.0,1020.6526500000036,0.044030078803881725,1.3599804211225657,0.14663301946615184,845.8835499999986,2.235294117647059,0.5882352941176471,0.4117647058823529,0.0,0.0,0.29411764705882354,60.0383911764708
60,pct,0.5,1.0,3,1.0,bar,none,17,9,8,0.6470588235294118,1993.4294499999814,0.0,1993.4294499999814,0.0,1.854129706896299,0.2941176470588207,781.8035500000115,2.411764705882353,0.6470588235294118,0.35294117647058826,0.0,0.0,0.29411764705882354,117.26055588235185
60,pct,0.5,1.0,3,1.0,bar,exchange,17,9,8,0.5882352941176471,1242.6526500000036,1380.039021525,-137.38637152499626,0.2070516049042559,0.9581563027064007,-0.027130013023985485,1258.5342504499858,2.235294117647059,0.5882352941176471,0.4117647058823529,0.0,0.0,0.29411764705882354,-8.08155126617625
60,pct,0.5,1.0,3,1.0,bar,cfd_std,17,9,8,0.5294117647058824,583.6857499999896,337.5,246.18574999998964,0.05066572092655878,1.0756374854776498,0.03235031437454111,928.2007000000012,3.0588235294117645,0.5294117647058824,0.47058823529411764,0.0,0.0,0.29411764705882354,14.481514705881743
60,pct,0.5,1.0,3,1.0,bar,cfd_raw,17,9,8,0.5882352941176471,1314.6526500000036,294.0,1020.6526500000036,0.044030078803881725,1.3599804211225657,0.14663301946615184,845.8835499999986,2.235294117647059,0.5882352941176471,0.4117647058823529,0.0,0.0,0.29411764705882354,60.0383911764708
60,pct,0.5,1.0,3,1.0,tick,none,17,9,8,0.6470588235294118,2276.72432757332,0.0,2276.72432757332,0.0,2.1102846350713116,0.3363006253673825,781.8035500000115,1.9411764705882353,0.6470588235294118,0.29411764705882354,0.058823529411764705,0.0,0.29411764705882354,133.9249604454894
60,pct,0.5,1.0,3,1.0,tick,exchange,17,9,8,0.5882352941176471,1523.9375275733473,1379.8983790862135,144.03914848713413,0.21615258768444756,1.0479827015995244,0.01477461549537129,1104.598728224999,2.1176470588235294,0.5882352941176471,0.35294117647058826,0.058823529411764705,0.0,0.29411764705882354,8.472891087478478
60,pct,0.5,1.0,3,1.0,tick,cfd_std,17,9,8,0.5294117647058824,852.0575539216079,351.0,501.0575539216079,0.06050039462811094,1.1862128405373449,0.06959529916060371,849.4385499999917,2.411764705882353,0.47058823529411764,0.35294117647058826,0.17647058823529413,0.0,0.29411764705882354,29.473973760094584
60,pct,0.5,1.0,3,1.0,tick,cfd_raw,17,9,8,0.5882352941176471,1589.9075275733485,294.0,1295.9075275733485,0.04592315853895035,1.506204866636401,0.18761883124453946,845.8835499999986,2.1176470588235294,0.5882352941176471,0.35294117647058826,0.058823529411764705,0.0,0.29411764705882354,76.22985456313815
60,pct,0.5,1.0,3,2.0,off,none,1,0,1,1.0,377.9777000000031,0.0,377.9777000000031,0.0,inf,1.0000000000000082,0.0,0.0,1.0,0.0,0.0,0.0,1.0,377.9777000000031
60,pct,0.5,1.0,3,2.0,off,exchange,1,0,1,1.0,377.9777000000031,77.40555115,300.5721488500031,0.20478867179201143,inf,0.7952113282079951,0.0,0.0,1.0,0.0,0.0,0.0,1.0,300.5721488500031
60,pct,0.5,1.0,3,2.0,off,cfd_std,1,0,1,1.0,377.9777000000031,13.5,364.4777000000031,0.03571639279248456,inf,0.9642836072075234,0.0,0.0,1.0,0.0,0.0,0.0,1.0,364.4777000000031
60,pct,0.5,1.0,3,2.0,off,cfd_raw,1,0,1,1.0,377.9777000000031,14.0,363.9777000000031,0.037039222155169166,inf,0.9629607778448388,0.0,0.0,1.0,0.0,0.0,0.0,1.0,363.9777000000031
60,pct,0.5,1.0,3,2.0,bar,none,1,0,1,1.0,377.9777000000031,0.0,377.9777000000031,0.0,inf,1.0000000000000082,0.0,0.0,1.0,0.0,0.0,0.0,1.0,377.9777000000031
60,pct,0.5,1.0,3,2.0,bar,exchange,1,0,1,1.0,377.9777000000031,77.40555115,300.5721488500031,0.20478867179201143,inf,0.7952113282079951,0.0,0.0,1.0,0.0,0.0,0.0,1.0,300.5721488500031
60,pct,0.5,1.0,3,2.0,bar,cfd_std,1,0,1,1.0,377.9777000000031,13.5,364.4777000000031,0.03571639279248456,inf,0.9642836072075234,0.0,0.0,1.0,0.0,0.0,0.0,1.0,364.4777000000031
60,pct,0.5,1.0,3,2.0,bar,cfd_raw,1,0,1,1.0,377.9777000000031,14.0,363.9777000000031,0.037039222155169166,inf,0.9629607778448388,0.0,0.0,1.0,0.0,0.0,0.0,1.0,363.9777000000031
60,pct,0.5,1.0,3,2.0,tick,none,1,0,1,1.0,377.9777000000031,0.0,377.9777000000031,0.0,inf,1.0000000000000082,0.0,0.0,1.0,0.0,0.0,0.0,1.0,377.9777000000031
60,pct,0.5,1.0,3,2.0,tick,exchange,1,0,1,1.0,377.9777000000031,77.40555115,300.5721488500031,0.20478867179201143,inf,0.7952113282079951,0.0,0.0,1.0,0.0,0.0,0.0,1.0,300.5721488500031
60,pct,0.5,1.0,3,2.0,tick,cfd_std,1,0,1,1.0,377.9777000000031,13.5,364.4777000000031,0.03571639279248456,inf,0.9642836072075234,0.0,0.0,1.0,0.0,0.0,0.0,1.0,364.4777000000031
60,pct,0.5,1.0,3,2.0,tick,cfd_raw,1,0,1,1.0,377.9777000000031,14.0,363.9777000000031,0.037039222155169166,inf,0.9629607778448388,0.0,0.0,1.0,0.0,0.0,0.0,1.0,363.9777000000031
60,pct,0.5,1.0,5,0.5,off,none,21,8,13,0.5714285714285714,1253.3086999999796,0.0,1253.3086999999796,0.0,1.361475269752972,0.14285714285714035,1520.156799999997,2.4285714285714284,0.5714285714285714,0.42857142857142855,0.0,0.0,0.23809523809523808,59.681366666665696
60,pct,0.5,1.0,5,0.5,off,exchange,21,8,13,0.5238095238095238,513.3645499999839,1700.1207344250001,-1186.7561844250163,0.2076057567289873,0.7447371625828242,-0.15634252690114564,2757.391167375041,2.380952380952381,0.5238095238095238,0.47619047619047616,0.0,0.0,0.23809523809523808,-56.51219925833411
60,pct,0.5,1.0,5,0.5,off,cfd_std,21,8,13,0.5238095238095238,685.9220499999501,418.5,267.4220499999501,0.05103271652582581,1.0664014955939383,0.02097412912845203,2050.7060500000225,2.5238095238095237,0.5238095238095238,0.47619047619047616,0.0,0.0,0.23809523809523808,12.734383333330957
60,pct,0.5,1.0,5,0.5,off,cfd_raw,21,8,13,0.5238095238095238,603.3945499999827,374.0,229.3945499999827,0.04563675329813842,1.0571219021059188,0.016460573266026842,2050.7335500000336,2.380952380952381,0.5238095238095238,0.47619047619047616,0.0,0.0,0.23809523809523808,10.923549999999176
60,pct,0.5,1.0,5,0.5,bar,none,21,8,13,0.5714285714285714,1253.3086999999796,0.0,1253.3086999999796,0.0,1.361475269752972,0.14285714285714035,1520.156799999997,2.4285714285714284,0.5714285714285714,0.42857142857142855,0.0,0.0,0.23809523809523808,59.681366666665696
60,pct,0.5,1.0,5,0.5,bar,exchange,21,8,13,0.5238095238095238,513.3645499999839,1700.1207344250001,-1186.7561844250163,0.2076057567289873,0.7447371625828242,-0.15634252690114564,2757.391167375041,2.380952380952381,0.5238095238095238,0.47619047619047616,0.0,0.0,0.23809523809523808,-56.51219925833411
60,pct,0.5,1.0,5,0.5,bar,cfd_std,21,8,13,0.5238095238095238,685.9220499999501,418.5,267.4220499999501,0.05103271652582581,1.0664014955939383,0.02097412912845203,2050.7060500000225,2.5238095238095237,0.5238095238095238,0.47619047619047616,0.0,0.0,0.23809523809523808,12.734383333330957
60,pct,0.5,1.0,5,0.5,bar,cfd_raw,21,8,13,0.5238095238095238,603.3945499999827,374.0,229.3945499999827,0.04563675329813842,1.0571219021059188,0.016460573266026842,2050.7335500000336,2.380952380952381,0.5238095238095238,0.47619047619047616,0.0,0.0,0.23809523809523808,10.923549999999176
60,pct,0.5,1.0,5,0.5,tick,none,21,8,13,0.5714285714285714,1253.3086999999796,0.0,1253.3086999999796,0.0,1.361475269752972,0.14285714285714035,1520.156799999997,2.4285714285714284,0.5714285714285714,0.42857142857142855,0.0,0.0,0.23809523809523808,59.681366666665696
60,pct,0.5,1.0,5,0.5,tick,exchange,21,8,13,0.5238095238095238,513.3645499999839,1700.1207344250001,-1186.7561844250163,0.2076057567289873,0.7447371625828242,-0.15634252690114564,2757.391167375041,2.380952380952381,0.5238095238095238,0.47619047619047616,0.0,0.0,0.23809523809523808,-56.51219925833411
60,pct,0.5,1.0,5,0.5,tick,cfd_std,21,8,13,0.47619047619047616,186.91002443194157,432.0,-245.08997556805843,0.054801708054926825,0.940871333797338,-0.040848096982911176,2168.3842255680356,2.4285714285714284,0.47619047619047616,0.47619047619047616,0.047619047619047616,0.0,0.23809523809523808,-11.670951217526593
60,pct,0.5,1.0,5,0.5,tick,cfd_raw,21,8,13,0.5238095238095238,603.3945499999827,374.0,229.3945499999827,0.04563675329813842,1.0571219021059188,0.016460573266026842,2050.7335500000336,2.380952380952381,0.5238095238095238,0.47619047619047616,0.0,0.0,0.23809523809523808,10.923549999999176
60,pct,0.5,1.0,5,1.0,off,none,11,4,7,0.6363636363636364,1212.778049999979,0.0,1212.778049999979,0.0,1.785329261954219,0.27272727272726777,763.8102500000095,2.4545454545454546,0.6363636363636364,0.36363636363636365,0.0,0.0,0.36363636363636365,110.2525499999981
60,pct,0.5,1.0,5,1.0,off,exchange,11,4,7,0.6363636363636364,1226.7880500000028,890.475640025,336.3124099750027,0.20673480558891963,1.1802781187753892,0.0689188280200293,922.5619787750038,2.4545454545454546,0.6363636363636364,0.36363636363636365,0.0,0.0,0.36363636363636365,30.573855452272973
60,pct,0.5,1.0,5,1.0,off,cfd_std,11,4,7,0.6363636363636364,1307.3455499999545,202.5,1104.8455499999545,0.046641141639715486,1.6798390826685412,0.24732065705511516,804.2427500000049,2.727272727272727,0.6363636363636364,0.36363636363636365,0.0,0.0,0.36363636363636365,100.44050454545041
60,pct,0.5,1.0,5,1.0,off,cfd_raw,11,4,7,0.6363636363636364,1268.8180500000017,186.0,1082.8180500000017,0.04300336470116653,1.6699725954963391,0.24232178881717606,799.7702500000014,2.4545454545454546,0.6363636363636364,0.36363636363636365,0.0,0.0,0.36363636363636365,98.4380045454547
60,pct,0.5,1.0,5,1.0,bar,none,11,4,7,0.6363636363636364,1212.778049999979,0.0,1212.778049999979,0.0,1.785329261954219,0.27272727272726777,763.8102500000095,2.4545454545454546,0.6363636363636364,0.36363636363636365,0.0,0.0,0.36363636363636365,110.2525499999981
60,pct,0.5,1.0,5,1.0,bar,exchange,11,4,7,0.6363636363636364,1226.7880500000028,890.475640025,336.3124099750027,0.20673480558891963,1.1802781187753892,0.0689188280200293,922.5619787750038,2.4545454545454546,0.6363636363636364,0.36363636363636365,0.0,0.0,0.36363636363636365,30.573855452272973
60,pct,0.5,1.0,5,1.0,bar,cfd_std,11,4,7,0.6363636363636364,1307.3455499999545,202.5,1104.8455499999545,0.046641141639715486,1.6798390826685412,0.24732065705511516,804.2427500000049,2.727272727272727,0.6363636363636364,0.36363636363636365,0.0,0.0,0.36363636363636365,100.44050454545041
60,pct,0.5,1.0,5,1.0,bar,cfd_raw,11,4,7,0.6363636363636364,1268.8180500000017,186.0,1082.8180500000017,0.04300336470116653,1.6699725954963391,0.24232178881717606,799.7702500000014,2.4545454545454546,0.6363636363636364,0.36363636363636365,0.0,0.0,0.36363636363636365,98.4380045454547
60,pct,0.5,1.0,5,1.0,tick,none,11,4,7,0.6363636363636364,1212.778049999979,0.0,1212.778049999979,0.0,1.785329261954219,0.27272727272726777,763.8102500000095,2.4545454545454546,0.6363636363636364,0.36363636363636365,0.0,0.0,0.36363636363636365,110.2525499999981
60,pct,0.5,1.0,5,1.0,tick,exchange,11,4,7,0.6363636363636364,1226.7880500000028,890.475640025,336.3124099750027,0.20673480558891963,1.1802781187753892,0.0689188280200293,922.5619787750038,2.4545454545454546,0.6363636363636364,0.36363636363636365,0.0,0.0,0.36363636363636365,30.573855452272973
60,pct,0.5,1.0,5,1.0,tick,cfd_std,11,4,7,0.5454545454545454,808.333524431946,216.0,592.333524431946,0.05367786870220874,1.3398676936265244,0.12929640720614904,804.2427500000049,2.5454545454545454,0.5454545454545454,0.36363636363636365,0.09090909090909091,0.0,0.36363636363636365,53.848502221086
60,pct,0.5,1.0,5,1.0,tick,cfd_raw,11,4,7,0.6363636363636364,1268.8180500000017,186.0,1082.8180500000017,0.04300336470116653,1.6699725954963391,0.24232178881717606,799.7702500000014,2.4545454545454546,0.6363636363636364,0.36363636363636365,0.0,0.0,0.36363636363636365,98.4380045454547
60,pct,0.5,1.0,5,2.0,off,none,0,0,0,,0.0,0.0,0.0,,,,0.0,,0.0,0.0,0.0,0.0,,
60,pct,0.5,1.0,5,2.0,off,exchange,0,0,0,,0.0,0.0,0.0,,,,0.0,,0.0,0.0,0.0,0.0,,
60,pct,0.5,1.0,5,2.0,off,cfd_std,0,0,0,,0.0,0.0,0.0,,,,0.0,,0.0,0.0,0.0,0.0,,
60,pct,0.5,1.0,5,2.0,off,cfd_raw,0,0,0,,0.0,0.0,0.0,,,,0.0,,0.0,0.0,0.0,0.0,,
60,pct,0.5,1.0,5,2.0,bar,none,0,0,0,,0.0,0.0,0.0,,,,0.0,,0.0,0.0,0.0,0.0,,
60,pct,0.5,1.0,5,2.0,bar,exchange,0,0,0,,0.0,0.0,0.0,,,,0.0,,0.0,0.0,0.0,0.0,,
60,pct,0.5,1.0,5,2.0,bar,cfd_std,0,0,0,,0.0,0.0,0.0,,,,0.0,,0.0,0.0,0.0,0.0,,
60,pct,0.5,1.0,5,2.0,bar,cfd_raw,0,0,0,,0.0,0.0,0.0,,,,0.0,,0.0,0.0,0.0,0.0,,
60,pct,0.5,1.0,5,2.0,tick,none,0,0,0,,0.0,0.0,0.0,,,,0.0,,0.0,0.0,0.0,0.0,,
60,pct,0.5,1.0,5,2.0,tick,exchange,0,0,0,,0.0,0.0,0.0,,,,0.0,,0.0,0.0,0.0,0.0,,
60,pct,0.5,1.0,5,2.0,tick,cfd_std,0,0,0,,0.0,0.0,0.0,,,,0.0,,0.0,0.0,0.0,0.0,,
60,pct,0.5,1.0,5,2.0,tick,cfd_raw,0,0,0,,0.0,0.0,0.0,,,,0.0,,0.0,0.0,0.0,0.0,,
60,pct,0.5,1.0,8,0.5,off,none,25,8,17,0.48,-318.13014999999723,0.0,-318.13014999999723,0.0,0.9368876264612626,-0.03999999999999978,1929.7455499999924,2.04,0.48,0.52,0.0,0.0,0.32,-12.72520599999989
60,pct,0.5,1.0,8,0.5,off,exchange,25,8,17,0.44,-1056.1043000000209,2030.3996220000001,-3086.5039220000203,0.20814644388541353,0.5285843997114124,-0.32464736186889626,4060.6395906250254,2.0,0.44,0.56,0.0,0.0,0.32,-123.46015688000081
60,pct,0.5,1.0,8,0.5,off,cfd_std,25,8,17,0.44,-872.2193000000261,526.5,-1398.7193000000261,0.054231812910896036,0.7532370692437942,-0.15183546265400605,2583.1340500000224,2.0,0.44,0.56,0.0,0.0,0.32,-55.94877200000104
60,pct,0.5,1.0,8,0.5,off,cfd_raw,25,8,17,0.44,-960.164300000004,462.0,-1422.164300000004,0.047479629183684896,0.7484376167868808,-0.15421868498571917,2605.0790500000003,2.0,0.44,0.56,0.0,0.0,0.32,-56.88657200000016
60,pct,0.5,1.0,8,0.5,bar,none,25,8,17,0.48,-318.13014999999723,0.0,-318.13014999999723,0.0,0.9368876264612626,-0.03999999999999978,1929.7455499999924,2.04,0.48,0.52,0.0,0.0,0.32,-12.72520599999989
60,pct,0.5,1.0,8,0.5,bar,exchange,25,8,17,0.44,-1056.1043000000209,2030.3996220000001,-3086.5039220000203,0.20814644388541353,0.5285843997114124,-0.32464736186889626,4060.6395906250254,2.0,0.44,0.56,0.0,0.0,0.32,-123.46015688000081
60,pct,0.5,1.0,8,0.5,bar,cfd_std,25,8,17,0.44,-872.2193000000261,526.5,-1398.7193000000261,0.054231812910896036,0.7532370692437942,-0.15183546265400605,2583.1340500000224,2.0,0.44,0.56,0.0,0.0,0.32,-55.94877200000104
60,pct,0.5,1.0,8,0.5,bar,cfd_raw,25,8,17,0.44,-960.164300000004,462.0,-1422.164300000004,0.047479629183684896,0.7484376167868808,-0.15421868498571917,2605.0790500000003,2.0,0.44,0.56,0.0,0.0,0.32,-56.88657200000016
60,pct,0.5,1.0,8,0.5,tick,none,25,8,17,0.44,-778.4548871343868,0.0,-778.4548871343868,0.0,0.8477675739238665,-0.08752670132130526,2003.369637134383,1.96,0.44,0.52,0.04,0.0,0.32,-31.138195485375473
60,pct,0.5,1.0,8,0.5,tick,exchange,25,8,17,0.4,-1518.4390371344052,2032.167454631433,-3550.6064917658377,0.21531450673692445,0.47018989493507685,-0.37256410940895035,4524.742160390844,1.92,0.4,0.56,0.04,0.0,0.32,-142.0242596706335
60,pct,0.5,1.0,8,0.5,tick,cfd_std,25,8,17,0.4,-1346.1115371344058,540.0,-1886.1115371344058,0.057567867384085765,0.6730140023660744,-0.20215677587477676,3070.526287134402,1.92,0.4,0.56,0.04,0.0,0.32,-75.44446148537624
60,pct,0.5,1.0,8,0.5,tick,cfd_raw,25,8,17,0.4,-1428.5290371343872,470.0,-1898.5290371343872,0.04995787946411986,0.6697192064044287,-0.20340145261781878,3081.4437871343835,1.92,0.4,0.56,0.04,0.0,0.32,-75.94116148537549
60,pct,0.5,1.0,8,1.0,off,none,11,2,9,0.7272727272727273,1978.472099999999,0.0,1978.472099999999,0.0,2.702130527937171,0.4545454545454543,397.3383000000031,2.090909090909091,0.7272727272727273,0.2727272727272727,0.0,0.0,0.45454545454545453,179.8610999999999
60,pct,0.5,1.0,8,1.0,off,exchange,11,2,9,0.7272727272727273,1990.4721000000136,888.4174405999998,1102.0546594000134,0.20626654928618537,1.7852861933471769,0.25087611810928107,624.6914238750032,2.090909090909091,0.7272727272727273,0.2727272727272727,0.0,0.0,0.45454545454545453,100.18678721818304
60,pct,0.5,1.0,8,1.0,off,cfd_std,11,2,9,0.7272727272727273,2059.4720999999845,189.0,1870.4720999999845,0.04364993958640518,2.5379447587984685,0.4294580951334922,423.74775000000955,2.090909090909091,0.7272727272727273,0.2727272727272727,0.0,0.0,0.45454545454545453,170.04291818181676
60,pct,0.5,1.0,8,1.0,off,cfd_raw,11,2,9,0.7272727272727273,2026.4721000000136,178.0,1848.4721000000136,0.041213120710984666,2.524801809893257,0.4243273727767235,425.247749999995,2.090909090909091,0.7272727272727273,0.2727272727272727,0.0,0.0,0.45454545454545453,168.04291818181943
60,pct,0.5,1.0,8,1.0,bar,none,11,2,9,0.7272727272727273,1978.472099999999,0.0,1978.472099999999,0.0,2.702130527937171,0.4545454545454543,397.3383000000031,2.090909090909091,0.7272727272727273,0.2727272727272727,0.0,0.0,0.45454545454545453,179.8610999999999
60,pct,0.5,1.0,8,1.0,bar,exchange,11,2,9,0.7272727272727273,1990.4721000000136,888.4174405999998,1102.0546594000134,0.20626654928618537,1.7852861933471769,0.25087611810928107,624.6914238750032,2.090909090909091,0.7272727272727273,0.2727272727272727,0.0,0.0,0.45454545454545453,100.18678721818304
60,pct,0.5,1.0,8,1.0,bar,cfd_std,11,2,9,0.7272727272727273,2059.4720999999845,189.0,1870.4720999999845,0.04364993958640518,2.5379447587984685,0.4294580951334922,423.74775000000955,2.090909090909091,0.7272727272727273,0.2727272727272727,0.0,0.0,0.45454545454545453,170.04291818181676
60,pct,0.5,1.0,8,1.0,bar,cfd_raw,11,2,9,0.7272727272727273,2026.4721000000136,178.0,1848.4721000000136,0.041213120710984666,2.524801809893257,0.4243273727767235,425.247749999995,2.090909090909091,0.7272727272727273,0.2727272727272727,0.0,0.0,0.45454545454545453,168.04291818181943
60,pct,0.5,1.0,8,1.0,tick,none,11,2,9,0.6363636363636364,1518.1473628656095,0.0,1518.1473628656095,0.0,2.2290192982857087,0.34653022426976005,455.48953713438823,1.9090909090909092,0.6363636363636364,0.2727272727272727,0.09090909090909091,0.0,0.45454545454545453,138.0133966241463
60,pct,0.5,1.0,8,1.0,tick,exchange,11,2,9,0.6363636363636364,1528.1373628656293,890.1852732314327,637.9520896341965,0.22307056552653334,1.4095399341911323,0.1419744191546126,624.6914238750032,1.9090909090909092,0.6363636363636364,0.2727272727272727,0.09090909090909091,0.0,0.45454545454545453,57.995644512199675
60,pct,0.5,1.0,8,1.0,tick,cfd_std,11,2,9,0.6363636363636364,1585.5798628656048,202.5,1383.0798628656048,0.050602078053924346,2.0508798797688237,0.31509147417719513,495.9220371343836,1.9090909090909092,0.6363636363636364,0.2727272727272727,0.09090909090909091,0.0,0.45454545454545453,125.73453298778226
60,pct,0.5,1.0,8,1.0,tick,cfd_raw,11,2,9,0.6363636363636364,1558.1073628656304,186.0,1372.1073628656304,0.04654131196349359,2.0496769924413303,0.3125483554310425,491.4495371343801,1.9090909090909092,0.6363636363636364,0.2727272727272727,0.09090909090909091,0.0,0.45454545454545453,124.73703298778459
60,pct,0.5,1.0,8,2.0,off,none,0,0,0,,0.0,0.0,0.0,,,,0.0,,0.0,0.0,0.0,0.0,,
60,pct,0.5,1.0,8,2.0,off,exchange,0,0,0,,0.0,0.0,0.0,,,,0.0,,0.0,0.0,0.0,0.0,,
60,pct,0.5,1.0,8,2.0,off,cfd_std,0,0,0,,0.0,0.0,0.0,,,,0.0,,0.0,0.0,0.0,0.0,,
60,pct,0.5,1.0,8,2.0,off,cfd_raw,0,0,0,,0.0,0.0,0.0,,,,0.0,,0.0,0.0,0.0,0.0,,
60,pct,0.5,1.0,8,2.0,bar,none,0,0,0,,0.0,0.0,0.0,,,,0.0,,0.0,0.0,0.0,0.0,,
60,pct,0.5,1.0,8,2.0,bar,exchange,0,0,0,,0.0,0.0,0.0,,,,0.0,,0.0,0.0,0.0,0.0,,
60,pct,0.5,1.0,8,2.0,bar,cfd_std,0,0,0,,0.0,0.0,0.0,,,,0.0,,0.0,0.0,0.0,0.0,,
60,pct,0.5,1.0,8,2.0,bar,cfd_raw,0,0,0,,0.0,0.0,0.0,,,,0.0,,0.0,0.0,0.0,0.0,,
60,pct,0.5,1.0,8,2.0,tick,none,0,0,0,,0.0,0.0,0.0,,,,0.0,,0.0,0.0,0.0,0.0,,
60,pct,0.5,1.0,8,2.0,tick,exchange,0,0,0,,0.0,0.0,0.0,,,,0.0,,0.0,0.0,0.0,0.0,,
60,pct,0.5,1.0,8,2.0,tick,cfd_std,0,0,0,,0.0,0.0,0.0,,,,0.0,,0.0,0.0,0.0,0.0,,
60,pct,0.5,1.0,8,2.0,tick,cfd_raw,0,0,0,,0.0,0.0,0.0,,,,0.0,,0.0,0.0,0.0,0.0,,
60,pct,0.5,1.5,3,0.5,off,none,34,18,16,0.4117647058823529,442.3394750000152,0.0,442.3394750000152,0.0,1.056428392582697,0.029411764705883386,2510.206625000006,4.0,0.4117647058823529,0.5882352941176471,0.0,0.0,0.23529411764705882,13.009984558823977
60,pct,0.5,1.5,3,0.5,off,exchange,35,18,17,0.37142857142857144,-850.809275000036,2862.7324852374995,-3713.541760237536,0.17578134176820556,0.6421573885853795,-0.2759457092408316,5789.470996075033,3.657142857142857,0.37142857142857144,0.6285714285714286,0.0,0.0,0.22857142857142856,-106.10119314964389
60,pct,0.5,1.5,3,0.5,off,cfd_std,35,18,17,0.37142857142857144,-551.7230250000139,769.5,-1321.2230250000139,0.047652400096963705,0.8522775642108441,-0.10200212907798947,3848.4155500000343,3.657142857142857,0.37142857142857144,0.6285714285714286,0.0,0.0,0.22857142857142856,-37.749229285714684
60,pct,0.5,1.5,3,0.5,off,cfd_raw,35,18,17,0.37142857142857144,-694.7642750000232,666.0,-1360.7642750000232,0.04107565540405951,0.847761540273,-0.10482288799090575,3868.4430500000162,3.657142857142857,0.37142857142857144,0.6285714285714286,0.0,0.0,0.22857142857142856,-38.87897928571495
60,pct,0.5,1.5,3,0.5,bar,none,37,18,19,0.40540540540540543,158.83139549517364,0.0,158.83139549517364,0.0,1.0192027154289198,0.004756945588331177,2562.7325622427597,3.5135135135135136,0.3783783783783784,0.5675675675675675,0.05405405405405406,0.0,0.21621621621621623,4.292740418788477
60,pct,0.5,1.5,3,0.5,bar,exchange,37,18,19,0.40540540540540543,211.37004549514677,3025.19449895999,-2813.824453464843,0.18135624567619685,0.7198562772998949,-0.199918949475054,4889.753689302335,3.3513513513513513,0.3783783783783784,0.5675675675675675,0.05405405405405406,0.0,0.21621621621621623,-76.04930955310387
60,pct,0.5,1.5,3,0.5,bar,cfd_std,37,18,19,0.40540540540540543,510.4275454951421,810.0,-299.5724545048579,0.04889462626610422,0.9652544939699751,-0.02697586896846921,2826.7649795048783,3.324324324324324,0.3783783783783784,0.5675675675675675,0.05405405405405406,0.0,0.21621621621621623,-8.09655282445562
60,pct,0.5,1.5,3,0.5,bar,cfd_raw,37,18,19,0.40540540540540543,367.40004549516016,702.0,-334.59995450483984,0.042235471322403295,0.9611420531200552,-0.029326861305103598,2842.278729504833,3.3513513513513513,0.3783783783783784,0.5675675675675675,0.05405405405405406,0.0,0.21621621621621623,-9.04324201364432
60,pct,0.5,1.5,3,0.5,tick,none,38,19,19,0.42105263157894735,465.68849598969973,0.0,465.68849598969973,0.0,1.0638772237117238,0.023058826580012223,2813.0372223718005,2.9210526315789473,0.3157894736842105,0.47368421052631576,0.21052631578947367,0.0,0.18421052631578946,12.254960420781572
60,pct,0.5,1.5,3,0.5,tick,exchange,38,19,19,0.42105263157894735,510.17214598967985,3112.7207773807477,-2602.5486313910683,0.2071017337152039,0.7129330814498742,-0.1825112621809116,4682.257854128577,2.9210526315789473,0.3157894736842105,0.47368421052631576,0.21052631578947367,0.0,0.18421052631578946,-68.48812187871232
60,pct,0.5,1.5,3,0.5,tick,cfd_std,38,19,19,0.42105263157894735,762.9133959896717,864.0,-101.0866040103283,0.05783907596011163,0.9868403244880531,-0.015058618849890418,3136.4410723718465,2.9210526315789473,0.3157894736842105,0.47368421052631576,0.21052631578947367,0.0,0.18421052631578946,-2.660173789745482
60,pct,0.5,1.5,3,0.5,tick,cfd_raw,38,19,19,0.42105263157894735,642.0371459896705,740.0,-97.96285401032947,0.04939274710333954,0.9872010231753691,-0.014799671109735504,3118.468572371814,2.9210526315789473,0.3157894736842105,0.47368421052631576,0.21052631578947367,0.0,0.18421052631578946,-2.577969842377091
60,pct,0.5,1.5,3,1.0,off,none,16,9,7,0.5625,2574.820724999983,0.0,2574.820724999983,0.0,1.9406691363233959,0.4062499999999972,793.6013999999996,5.0625,0.5625,0.4375,0.0,0.0,0.3125,160.92629531249895
60,pct,0.5,1.5,3,1.0,off,exchange,17,9,8,0.47058823529411764,1253.1833249999909,1385.0221890624998,-131.83886406250895,0.16818178030081732,0.96881947331645,-0.027869712226232107,1832.6406147124944,4.294117647058823,0.47058823529411764,0.5294117647058824,0.0,0.0,0.29411764705882354,-7.755227297794644
60,pct,0.5,1.5,3,1.0,off,cfd_std,17,9,8,0.47058823529411764,1391.499575000009,351.0,1040.499575000009,0.042739881244074,1.284796431232393,0.1479716570141405,1432.3341250000085,4.235294117647059,0.47058823529411764,0.5294117647058824,0.0,0.0,0.29411764705882354,61.2058573529417
60,pct,0.5,1.5,3,1.0,off,cfd_raw,17,9,8,0.47058823529411764,1325.348324999999,310.0,1015.348324999999,0.03769742235088734,1.2784054733781016,0.1442636545453697,1435.4853750000038,4.294117647058823,0.47058823529411764,0.5294117647058824,0.0,0.0,0.29411764705882354,59.72637205882347
60,pct,0.5,1.5,3,1.0,bar,none,17,9,8,0.5294117647058824,1743.6813377572253,0.0,1743.6813377572253,0.0,1.5589060087918178,0.2550390501914514,837.152362242763,4.235294117647059,0.47058823529411764,0.47058823529411764,0.058823529411764705,0.0,0.29411764705882354,102.56949045630736
60,pct,0.5,1.5,3,1.0,bar,exchange,17,9,8,0.5294117647058824,1765.726337757238,1384.7659175561214,380.9604202011169,0.17350023080749968,1.1012177103143919,0.050430968282698885,1319.841330448864,3.8823529411764706,0.47058823529411764,0.47058823529411764,0.058823529411764705,0.0,0.29411764705882354,22.40943648241864
60,pct,0.5,1.5,3,1.0,bar,cfd_std,17,9,8,0.5294117647058824,1892.4850877572462,351.0,1541.4850877572462,0.04403955441295405,1.4736019689980326,0.22446846147114685,931.3486122427712,3.823529411764706,0.47058823529411764,0.47058823529411764,0.058823529411764705,0.0,0.29411764705882354,90.67559339748507
60,pct,0.5,1.5,3,1.0,bar,cfd_raw,17,9,8,0.5294117647058824,1831.8613377572474,310.0,1521.8613377572474,0.03886911372971188,1.4685805763712896,0.22160446761314367,928.9723622427555,3.8823529411764706,0.47058823529411764,0.47058823529411764,0.058823529411764705,0.0,0.29411764705882354,89.52125516219103
60,pct,0.5,1.5,3,1.0,tick,none,17,9,8,0.47058823529411764,1381.7848295444564,0.0,1381.7848295444564,0.0,1.5422327069536195,0.199068752629642,910.7075473718287,2.823529411764706,0.35294117647058826,0.35294117647058826,0.29411764705882354,0.0,0.29411764705882354,81.28146056143862
60,pct,0.5,1.5,3,1.0,tick,exchange,17,9,8,0.47058823529411764,1395.7798295444663,1387.6616154725255,8.11821407194111,0.214262077255315,1.002477644183265,-0.007178285273711292,1636.0894871577912,2.823529411764706,0.35294117647058826,0.35294117647058826,0.29411764705882354,0.0,0.29411764705882354,0.4775420042318301
60,pct,0.5,1.5,3,1.0,tick,cfd_std,17,9,8,0.47058823529411764,1476.2510795444832,378.0,1098.2510795444832,0.05846714143349872,1.4011935612672868,0.15631947888984699,1099.6062973718217,2.823529411764706,0.35294117647058826,0.35294117647058826,0.29411764705882354,0.0,0.29411764705882354,64.60300467908725
60,pct,0.5,1.5,3,1.0,tick,cfd_raw,17,9,8,0.47058823529411764,1437.764829544467,326.0,1111.764829544467,0.050381932138125404,1.4095796616139071,0.15841717152126364,1076.6475473718165,2.823529411764706,0.35294117647058826,0.35294117647058826,0.29411764705882354,0.0,0.29411764705882354,65.39793114967452
60,pct,0.5,1.5,3,2.0,off,none,1,0,1,1.0,566.9665499999974,0.0,566.9665499999974,0.0,inf,1.4999999999999931,0.0,0.0,1.0,0.0,0.0,0.0,1.0,566.9665499999974
60,pct,0.5,1.5,3,2.0,off,exchange,1,0,1,1.0,566.9665499999974,77.31105672499999,489.6554932749974,0.13635911452800936,inf,1.29546132820798,0.0,0.0,1.0,0.0,0.0,0.0,1.0,489.6554932749974
60,pct,0.5,1.5,3,2.0,off,cfd_std,1,0,1,1.0,566.9665499999974,13.5,553.4665499999974,0.023810928528323342,inf,1.4642836072075083,0.0,0.0,1.0,0.0,0.0,0.0,1.0,553.4665499999974
60,pct,0.5,1.5,3,2.0,off,cfd_raw,1,0,1,1.0,566.9665499999974,14.0,552.9665499999974,0.024692814770113095,inf,1.4629607778448237,0.0,0.0,1.0,0.0,0.0,0.0,1.0,552.9665499999974
60,pct,0.5,1.5,3,2.0,bar,none,1,0,1,1.0,566.9665499999974,0.0,566.9665499999974,0.0,inf,1.4999999999999931,0.0,0.0,1.0,0.0,0.0,0.0,1.0,566.9665499999974
60,pct,0.5,1.5,3,2.0,bar,exchange,1,0,1,1.0,566.9665499999974,77.31105672499999,489.6554932749974,0.13635911452800936,inf,1.29546132820798,0.0,0.0,1.0,0.0,0.0,0.0,1.0,489.6554932749974
60,pct,0.5,1.5,3,2.0,bar,cfd_std,1,0,1,1.0,566.9665499999974,13.5,553.4665499999974,0.023810928528323342,inf,1.4642836072075083,0.0,0.0,1.0,0.0,0.0,0.0,1.0,553.4665499999974
60,pct,0.5,1.5,3,2.0,bar,cfd_raw,1,0,1,1.0,566.9665499999974,14.0,552.9665499999974,0.024692814770113095,inf,1.4629607778448237,0.0,0.0,1.0,0.0,0.0,0.0,1.0,552.9665499999974
60,pct,0.5,1.5,3,2.0,tick,none,1,0,1,1.0,566.9665499999974,0.0,566.9665499999974,0.0,inf,1.4999999999999931,0.0,0.0,1.0,0.0,0.0,0.0,1.0,566.9665499999974
60,pct,0.5,1.5,3,2.0,tick,exchange,1,0,1,1.0,566.9665499999974,77.31105672499999,489.6554932749974,0.13635911452800936,inf,1.29546132820798,0.0,0.0,1.0,0.0,0.0,0.0,1.0,489.6554932749974
60,pct,0.5,1.5,3,2.0,tick,cfd_std,1,0,1,1.0,566.9665499999974,13.5,553.4665499999974,0.023810928528323342,inf,1.4642836072075083,0.0,0.0,1.0,0.0,0.0,0.0,1.0,553.4665499999974
60,pct,0.5,1.5,3,2.0,tick,cfd_raw,1,0,1,1.0,566.9665499999974,14.0,552.9665499999974,0.024692814770113095,inf,1.4629607778448237,0.0,0.0,1.0,0.0,0.0,0.0,1.0,552.9665499999974
60,pct,0.5,1.5,5,0.5,off,none,18,8,10,0.5555555555555556,2831.9319250000117,0.0,2831.9319250000117,0.0,1.918082589965469,0.38888888888889045,1520.156799999997,4.277777777777778,0.5555555555555556,0.4444444444444444,0.0,0.0,0.2222222222222222,157.32955138888954
60,pct,0.5,1.5,5,0.5,off,exchange,19,8,11,0.47368421052631576,1514.7931749999843,1541.3866423374998,-26.593467337515676,0.16771324378898275,0.9942799338074451,-0.019962975536171015,2676.3161768500286,3.9473684210526314,0.47368421052631576,0.5263157894736842,0.0,0.0,0.21052631578947367,-1.3996561756587198
60,pct,0.5,1.5,5,0.5,off,cfd_std,19,8,11,0.47368421052631576,1675.9369249999872,391.5,1284.4369249999872,0.04259770244803565,1.3189285730780025,0.1565920162220579,2046.2036500000104,3.9473684210526314,0.47368421052631576,0.5263157894736842,0.0,0.0,0.21052631578947367,67.60194342105196
60,pct,0.5,1.5,5,0.5,off,cfd_raw,19,8,11,0.47368421052631576,1598.8681749999814,346.0,1252.8681749999814,0.037647067937678365,1.3119786989009785,0.1524848872740729,2040.2724000000308,3.9473684210526314,0.47368421052631576,0.5263157894736842,0.0,0.0,0.21052631578947367,65.94043026315691
60,pct,0.5,1.5,5,0.5,bar,none,20,8,12,0.5,1921.977778436878,0.0,1921.977778436878,0.0,1.5438998159385888,0.2343902715674196,1520.156799999997,3.65,0.45,0.45,0.1,0.0,0.2,96.0988889218439
60,pct,0.5,1.5,5,0.5,bar,exchange,21,8,13,0.42857142857142855,604.8640284368448,1707.0722469107814,-1102.2082184739365,0.1860604969180542,0.7905073744760374,-0.14848817771529935,3173.830708686437,3.380952380952381,0.38095238095238093,0.5238095238095238,0.09523809523809523,0.0,0.19047619047619047,-52.48610564161603
60,pct,0.5,1.5,5,0.5,bar,cfd_std,21,8,13,0.42857142857142855,766.1515284368506,459.0,307.15152843685064,0.05015362335060103,1.0680010452832356,0.02334476118257773,2072.1041465631715,3.380952380952381,0.38095238095238093,0.5238095238095238,0.09523809523809523,0.0,0.19047619047619047,14.62626325889765
60,pct,0.5,1.5,5,0.5,bar,cfd_raw,21,8,13,0.42857142857142855,689.014028436839,398.0,291.014028436839,0.04343624981142596,1.0646565681606266,0.02150888387452101,2069.7003965631593,3.380952380952381,0.38095238095238093,0.5238095238095238,0.09523809523809523,0.0,0.19047619047619047,13.857810877944715
60,pct,0.5,1.5,5,0.5,tick,none,20,8,12,0.5,536.0802828292071,0.0,536.0802828292071,0.0,1.150322525038485,0.056535858733604206,1856.5741421707935,3.3,0.3,0.45,0.25,0.0,0.2,26.804014141460357
60,pct,0.5,1.5,5,0.5,tick,exchange,21,8,13,0.38095238095238093,-319.55813426553505,1710.3530758294303,-2029.9112100949656,0.20568484450253885,0.6174824785057363,-0.26122422534901285,4101.533700307467,3.0476190476190474,0.2857142857142857,0.5238095238095238,0.19047619047619047,0.0,0.19047619047619047,-96.66243857595074
60,pct,0.5,1.5,5,0.5,tick,cfd_std,21,8,13,0.42857142857142855,-181.4431342655298,486.0,-667.4431342655298,0.05877166198405937,0.8532887995546169,-0.09510714123202509,3046.698809265552,3.0476190476190474,0.2857142857142857,0.5238095238095238,0.19047619047619047,0.0,0.19047619047619047,-31.783006393596658
60,pct,0.5,1.5,5,0.5,tick,cfd_raw,21,8,13,0.42857142857142855,-247.49813426553737,414.0,-661.4981342655374,0.04993157675303825,0.8540841567240388,-0.09425124277216652,3022.2125592655357,3.0476190476190474,0.2857142857142857,0.5238095238095238,0.19047619047619047,0.0,0.19047619047619047,-31.49991115550178
60,pct,0.5,1.5,5,1.0,off,none,10,4,6,0.7,2973.902199999997,0.0,2973.902199999997,0.0,3.5599493089265177,0.749999999999999,398.05899999999383,4.8,0.7,0.3,0.0,0.0,0.4,297.39021999999966
60,pct,0.5,1.5,5,1.0,off,exchange,11,4,7,0.5454545454545454,1642.2397999999957,892.86624685,749.3735531499959,0.16265731265533173,1.3216207722355775,0.15926949267476495,1387.0332744750049,4.181818181818182,0.5454545454545454,0.45454545454545453,0.0,0.0,0.36363636363636365,68.12486846818145
60,pct,0.5,1.5,5,1.0,off,cfd_std,11,4,7,0.5454545454545454,1722.9122999999963,216.0,1506.9122999999963,0.03926862191679952,1.7445839298813068,0.33507559949186994,1202.9166499999992,4.181818181818182,0.5454545454545454,0.45454545454545453,0.0,0.0,0.36363636363636365,136.99202727272694
60,pct,0.5,1.5,5,1.0,off,cfd_raw,11,4,7,0.5454545454545454,1684.3297999999922,194.0,1490.3297999999922,0.03530381067330635,1.7394658918315877,0.33136175470561535,1198.9716500000068,4.181818181818182,0.5454545454545454,0.45454545454545453,0.0,0.0,0.36363636363636365,135.48452727272658
60,pct,0.5,1.5,5,1.0,bar,none,11,4,7,0.6363636363636364,2142.762812757239,0.0,2142.762812757239,0.0,2.387536934961527,0.48506035029588257,763.8102500000095,3.5454545454545454,0.5454545454545454,0.36363636363636365,0.09090909090909091,0.0,0.36363636363636365,194.79661934156718
60,pct,0.5,1.5,5,1.0,bar,exchange,11,4,7,0.6363636363636364,2154.782812757243,892.6099753436214,1262.172837413622,0.17049744052670146,1.6765796858796722,0.2802796352794765,922.5619787750038,3.5454545454545454,0.5454545454545454,0.36363636363636365,0.09090909090909091,0.0,0.36363636363636365,114.74298521942018
60,pct,0.5,1.5,5,1.0,bar,cfd_std,11,4,7,0.6363636363636364,2223.8978127572336,216.0,2007.8978127572336,0.04107859681597697,2.2355097118480534,0.45329793365269794,804.2427500000049,3.5454545454545454,0.5454545454545454,0.36363636363636365,0.09090909090909091,0.0,0.36363636363636365,182.53616479611216
60,pct,0.5,1.5,5,1.0,bar,cfd_raw,11,4,7,0.6363636363636364,2190.8428127572406,194.0,1996.8428127572406,0.036971622303231005,2.2355076294315346,0.45088846581035696,799.7702500000014,3.5454545454545454,0.5454545454545454,0.36363636363636365,0.09090909090909091,0.0,0.36363636363636365,181.5311647961128
60,pct,0.5,1.5,5,1.0,tick,none,11,4,7,0.5454545454545454,1586.7651121892268,0.0,1586.7651121892268,0.0,1.970515975868345,0.357744102205139,763.8102500000095,3.090909090909091,0.45454545454545453,0.36363636363636365,0.18181818181818182,0.0,0.36363636363636365,144.25137383538424
60,pct,0.5,1.5,5,1.0,tick,exchange,11,4,7,0.5454545454545454,1596.7701121892314,894.2031389933373,702.5669731958941,0.18404272940603794,1.3445465740921838,0.15213283934753263,922.5619787750038,3.090909090909091,0.45454545454545453,0.36363636363636365,0.18181818181818182,0.0,0.36363636363636365,63.869724835990375
60,pct,0.5,1.5,5,1.0,tick,cfd_std,11,4,7,0.5454545454545454,1654.298862189229,229.5,1424.798862189229,0.047125545878000115,1.8175176369400055,0.31974065210001085,804.2427500000049,3.090909090909091,0.45454545454545453,0.36363636363636365,0.18181818181818182,0.0,0.36363636363636365,129.52716928992993
60,pct,0.5,1.5,5,1.0,tick,cfd_raw,11,4,7,0.5454545454545454,1626.7851121892309,202.0,1424.7851121892309,0.041524770126050645,1.8241036715212242,0.31987382751994264,799.7702500000014,3.090909090909091,0.45454545454545453,0.36363636363636365,0.18181818181818182,0.0,0.36363636363636365,129.52591928993007
60,pct,0.5,1.5,5,2.0,off,none,0,0,0,,0.0,0.0,0.0,,,,0.0,,0.0,0.0,0.0,0.0,,
60,pct,0.5,1.5,5,2.0,off,exchange,0,0,0,,0.0,0.0,0.0,,,,0.0,,0.0,0.0,0.0,0.0,,
60,pct,0.5,1.5,5,2.0,off,cfd_std,0,0,0,,0.0,0.0,0.0,,,,0.0,,0.0,0.0,0.0,0.0,,
60,pct,0.5,1.5,5,2.0,off,cfd_raw,0,0,0,,0.0,0.0,0.0,,,,0.0,,0.0,0.0,0.0,0.0,,
60,pct,0.5,1.5,5,2.0,bar,none,0,0,0,,0.0,0.0,0.0,,,,0.0,,0.0,0.0,0.0,0.0,,
60,pct,0.5,1.5,5,2.0,bar,exchange,0,0,0,,0.0,0.0,0.0,,,,0.0,,0.0,0.0,0.0,0.0,,
60,pct,0.5,1.5,5,2.0,bar,cfd_std,0,0,0,,0.0,0.0,0.0,,,,0.0,,0.0,0.0,0.0,0.0,,
60,pct,0.5,1.5,5,2.0,bar,cfd_raw,0,0,0,,0.0,0.0,0.0,,,,0.0,,0.0,0.0,0.0,0.0,,
60,pct,0.5,1.5,5,2.0,tick,none,0,0,0,,0.0,0.0,0.0,,,,0.0,,0.0,0.0,0.0,0.0,,
60,pct,0.5,1.5,5,2.0,tick,exchange,0,0,0,,0.0,0.0,0.0,,,,0.0,,0.0,0.0,0.0,0.0,,
60,pct,0.5,1.5,5,2.0,tick,cfd_std,0,0,0,,0.0,0.0,0.0,,,,0.0,,0.0,0.0,0.0,0.0,,
60,pct,0.5,1.5,5,2.0,tick,cfd_raw,0,0,0,,0.0,0.0,0.0,,,,0.0,,0.0,0.0,0.0,0.0,,
60,pct,0.5,1.5,8,0.5,off,none,23,8,15,0.43478260869565216,864.2397250000067,0.0,864.2397250000067,0.0,1.1710837160335663,0.08695652173913113,1936.8609749999887,3.3043478260869565,0.43478260869565216,0.5652173913043478,0.0,0.0,0.34782608695652173,37.575640217391594
60,pct,0.5,1.5,8,0.5,off,exchange,24,8,16,0.375,-450.92402500002936,1953.6455945625,-2404.569619562529,0.17532901076510984,0.6575488155904478,-0.26758223548570004,3991.264097500025,3.0833333333333335,0.375,0.625,0.0,0.0,0.3333333333333333,-100.19040081510538
60,pct,0.5,1.5,8,0.5,off,cfd_std,24,8,16,0.375,-278.4240250000439,526.5,-804.9240250000439,0.047595822996901786,0.8675056978544636,-0.09707715779043295,2601.7961500000383,3.0833333333333335,0.375,0.625,0.0,0.0,0.3333333333333333,-33.538501041668496
60,pct,0.5,1.5,8,0.5,off,cfd_raw,24,8,16,0.375,-360.9240250000148,456.0,-816.9240250000148,0.04107900834904489,0.8652105603141429,-0.09833416719632328,2612.296150000009,3.0833333333333335,0.375,0.625,0.0,0.0,0.3333333333333333,-34.03850104166728
60,pct,0.5,1.5,8,0.5,bar,none,24,8,16,0.4166666666666667,345.19237843687006,0.0,345.19237843687006,0.0,1.0675558132654297,0.028658559639515507,2585.2199343203683,2.9583333333333335,0.375,0.5416666666666666,0.08333333333333333,0.0,0.3333333333333333,14.383015768202918
60,pct,0.5,1.5,8,0.5,bar,exchange,25,8,17,0.36,-971.9563715631666,2036.9553907357815,-3008.911762298948,0.18969493116362077,0.5799098301055924,-0.3182136276771073,4595.606240236433,2.76,0.32,0.6,0.08,0.0,0.32,-120.35647049195792
60,pct,0.5,1.5,8,0.5,bar,cfd_std,25,8,17,0.36,-810.8701215631736,567.0,-1377.8701215631736,0.05326043875063133,0.7763319586416182,-0.15121990798693222,3174.742246563168,2.76,0.32,0.6,0.08,0.0,0.32,-55.114804862526945
60,pct,0.5,1.5,8,0.5,bar,cfd_raw,25,8,17,0.36,-887.9113715631538,486.0,-1373.9113715631538,0.045463372173025256,0.7762693744794259,-0.15079337889436964,3169.283496563148,2.76,0.32,0.6,0.08,0.0,0.32,-54.95645486252615
60,pct,0.5,1.5,8,0.5,tick,none,24,8,16,0.4166666666666667,-287.0774409038422,0.0,-287.0774409038422,0.0,0.9413187422602738,-0.04014136959724466,2224.777633621401,2.625,0.2916666666666667,0.5,0.20833333333333334,0.0,0.3333333333333333,-11.961560037660092
60,pct,0.5,1.5,8,0.5,tick,exchange,25,8,17,0.32,-1142.7458579985832,2038.3837336918648,-3181.1295916904483,0.2011010876268804,0.5428278683318841,-0.3364877766335406,4767.824069627939,2.44,0.28,0.56,0.16,0.0,0.32,-127.24518366761794
60,pct,0.5,1.5,8,0.5,tick,cfd_std,25,8,17,0.36,-1004.8033579985786,580.5,-1585.3033579985786,0.057796692039971766,0.7338449603241536,-0.1731113694048192,3382.175482998573,2.44,0.28,0.56,0.16,0.0,0.32,-63.41213431994314
60,pct,0.5,1.5,8,0.5,tick,cfd_raw,25,8,17,0.36,-1070.7758579985675,494.0,-1564.7758579985675,0.048969242475428804,0.7361864533738975,-0.17098293098264483,3360.147982998562,2.44,0.28,0.56,0.16,0.0,0.32,-62.5910343199427
60,pct,0.5,1.5,8,1.0,off,none,10,2,8,0.8,3931.4722499999916,0.0,3931.4722499999916,0.0,6.041890693500451,0.9999999999999979,397.3383000000031,3.8,0.8,0.2,0.0,0.0,0.5,393.14722499999914
60,pct,0.5,1.5,8,1.0,off,exchange,11,2,9,0.6363636363636364,2597.7948500000057,890.50482755,1707.2900224500056,0.15675367203167656,1.9140397582407584,0.3867483887710071,925.7582651499979,3.272727272727273,0.6363636363636364,0.36363636363636365,0.0,0.0,0.45454545454545453,155.2081838590914
60,pct,0.5,1.5,8,1.0,off,cfd_std,11,2,9,0.6363636363636364,2666.8810999999987,202.5,2464.3810999999987,0.03564726822133007,2.526037171712021,0.5626600108799068,794.6952999999921,3.272727272727273,0.6363636363636364,0.36363636363636365,0.0,0.0,0.45454545454545453,224.03464545454534
60,pct,0.5,1.5,8,1.0,off,cfd_raw,11,2,9,0.6363636363636364,2633.839850000004,186.0,2447.839850000004,0.03274196273051033,2.5190088030085325,0.5588173969227426,795.7502999999997,3.272727272727273,0.6363636363636364,0.36363636363636365,0.0,0.0,0.45454545454545453,222.5308954545458
60,pct,0.5,1.5,8,1.0,bar,none,11,2,9,0.7272727272727273,3100.3328627572337,0.0,3100.3328627572337,0.0,3.6672962496999237,0.7123330775686086,397.3383000000031,2.6363636363636362,0.6363636363636364,0.2727272727272727,0.09090909090909091,0.0,0.45454545454545453,281.8484420688394
60,pct,0.5,1.5,8,1.0,bar,exchange,11,2,9,0.7272727272727273,3110.337862757253,890.2485560436213,2220.0893067136312,0.16404068092976504,2.581959175699212,0.5077585313757186,478.9936241499963,2.6363636363636362,0.6363636363636364,0.2727272727272727,0.09090909090909091,0.0,0.45454545454545453,201.82630061033012
60,pct,0.5,1.5,8,1.0,bar,cfd_std,11,2,9,0.7272727272727273,3167.866612757236,202.5,2965.366612757236,0.0372359186397148,3.4381919623425534,0.6808823450407347,410.7707999999984,2.6363636363636362,0.6363636363636364,0.2727272727272727,0.09090909090909091,0.0,0.45454545454545453,269.57878297793053
60,pct,0.5,1.5,8,1.0,bar,cfd_raw,11,2,9,0.7272727272727273,3140.3528627572523,186.0,2954.3528627572523,0.034235899236357115,3.4370411607486804,0.6783441080274842,411.2982999999949,2.6363636363636362,0.6363636363636364,0.2727272727272727,0.09090909090909091,0.0,0.45454545454545453,268.57753297793204
60,pct,0.5,1.5,8,1.0,tick,none,11,2,9,0.6363636363636364,2573.126075622844,0.0,2573.126075622844,0.0,3.083079469896358,0.5887925877354714,455.48953713438823,2.1818181818181817,0.5454545454545454,0.2727272727272727,0.18181818181818182,0.0,0.45454545454545453,233.92055232934945
60,pct,0.5,1.5,8,1.0,tick,exchange,11,2,9,0.6363636363636364,2581.1160756228637,891.8561151500542,1689.2599604728096,0.17683003785104812,2.0844378822247305,0.38336809211557343,615.6359762658103,2.1818181818181817,0.5454545454545454,0.2727272727272727,0.18181818181818182,0.0,0.45454545454545453,153.56908731570996
60,pct,0.5,1.5,8,1.0,tick,cfd_std,11,2,9,0.6363636363636364,2627.058575622854,216.0,2411.058575622854,0.042829179397907896,2.831949849097283,0.5509825450872428,495.9220371343836,2.1818181818181817,0.5454545454545454,0.2727272727272727,0.18181818181818182,0.0,0.45454545454545453,219.18714323844125
60,pct,0.5,1.5,8,1.0,tick,cfd_raw,11,2,9,0.6363636363636364,2605.086075622865,194.0,2411.086075622865,0.03846589943076095,2.8445069597843307,0.5510351381230252,491.4495371343801,2.1818181818181817,0.5454545454545454,0.2727272727272727,0.18181818181818182,0.0,0.45454545454545453,219.18964323844227
60,pct,0.5,1.5,8,2.0,off,none,0,0,0,,0.0,0.0,0.0,,,,0.0,,0.0,0.0,0.0,0.0,,
60,pct,0.5,1.5,8,2.0,off,exchange,0,0,0,,0.0,0.0,0.0,,,,0.0,,0.0,0.0,0.0,0.0,,
60,pct,0.5,1.5,8,2.0,off,cfd_std,0,0,0,,0.0,0.0,0.0,,,,0.0,,0.0,0.0,0.0,0.0,,
60,pct,0.5,1.5,8,2.0,off,cfd_raw,0,0,0,,0.0,0.0,0.0,,,,0.0,,0.0,0.0,0.0,0.0,,
60,pct,0.5,1.5,8,2.0,bar,none,0,0,0,,0.0,0.0,0.0,,,,0.0,,0.0,0.0,0.0,0.0,,
60,pct,0.5,1.5,8,2.0,bar,exchange,0,0,0,,0.0,0.0,0.0,,,,0.0,,0.0,0.0,0.0,0.0,,
60,pct,0.5,1.5,8,2.0,bar,cfd_std,0,0,0,,0.0,0.0,0.0,,,,0.0,,0.0,0.0,0.0,0.0,,
60,pct,0.5,1.5,8,2.0,bar,cfd_raw,0,0,0,,0.0,0.0,0.0,,,,0.0,,0.0,0.0,0.0,0.0,,
60,pct,0.5,1.5,8,2.0,tick,none,0,0,0,,0.0,0.0,0.0,,,,0.0,,0.0,0.0,0.0,0.0,,
60,pct,0.5,1.5,8,2.0,tick,exchange,0,0,0,,0.0,0.0,0.0,,,,0.0,,0.0,0.0,0.0,0.0,,
60,pct,0.5,1.5,8,2.0,tick,cfd_std,0,0,0,,0.0,0.0,0.0,,,,0.0,,0.0,0.0,0.0,0.0,,
60,pct,0.5,1.5,8,2.0,tick,cfd_raw,0,0,0,,0.0,0.0,0.0,,,,0.0,,0.0,0.0,0.0,0.0,,
60,pct,0.5,2.0,3,0.5,off,none,32,17,15,0.3125,-771.8513499999972,0.0,-771.8513499999972,0.0,0.9107223031900562,-0.06249999999999993,3125.8353500000085,4.78125,0.3125,0.6875,0.0,0.0,0.15625,-24.120354687499912
60,pct,0.5,2.0,3,0.5,off,exchange,34,18,16,0.3235294117647059,-323.5956000000442,2784.5718283499996,-3108.167428350044,0.1577515603603422,0.7144535419447301,-0.23374927646543564,4725.0001460250205,4.411764705882353,0.3235294117647059,0.6764705882352942,0.0,0.0,0.14705882352941177,-91.41668906911893
60,pct,0.5,2.0,3,0.5,off,cfd_std,34,18,16,0.2647058823529412,-2363.6367500000197,796.5,-3160.1367500000197,0.04778558322632793,0.6899066869999908,-0.23731847161381422,5077.223700000017,4.529411764705882,0.2647058823529412,0.7352941176470589,0.0,0.0,0.14705882352941177,-92.94519852941234
60,pct,0.5,2.0,3,0.5,off,cfd_raw,34,18,16,0.2647058823529412,-2517.636750000049,676.0,-3193.636750000049,0.04034378839924089,0.6864930102101238,-0.23978890995529703,5097.751200000042,4.529411764705882,0.2647058823529412,0.7352941176470589,0.0,0.0,0.14705882352941177,-93.93049264706026
60,pct,0.5,2.0,3,0.5,bar,none,35,18,17,0.4,1866.1176333470357,0.0,1866.1176333470357,0.0,1.2364223951536277,0.13241716424161118,2535.957862148134,4.2,0.34285714285714286,0.5714285714285714,0.08571428571428572,0.0,0.14285714285714285,53.31764666705816
60,pct,0.5,2.0,3,0.5,bar,exchange,35,18,17,0.4,1918.6162833470007,2863.433735791064,-944.8174524440636,0.16236335414885752,0.9014570709714287,-0.07217868704734544,3423.533166604233,4.2,0.34285714285714286,0.5714285714285714,0.08571428571428572,0.0,0.14285714285714285,-26.994784355544674
60,pct,0.5,2.0,3,0.5,bar,cfd_std,35,18,17,0.4,1624.184898231484,796.5,827.6848982314841,0.04698808905688068,1.100563629088123,0.05696789730453408,2724.7667121481354,4.2,0.3142857142857143,0.5714285714285714,0.11428571428571428,0.0,0.14285714285714285,23.648139949470973
60,pct,0.5,2.0,3,0.5,bar,cfd_raw,35,18,17,0.4,1486.8223982314667,682.0,804.8223982314667,0.040116545428385275,1.097924298270023,0.055336381328496685,2713.629212148153,4.228571428571429,0.3142857142857143,0.5714285714285714,0.11428571428571428,0.0,0.14285714285714285,22.99492566375619
60,pct,0.5,2.0,3,0.5,tick,none,37,19,18,0.43243243243243246,1221.815390440781,0.0,1221.815390440781,0.0,1.1770732945347349,0.07652072642084645,2284.154250000007,3.1621621621621623,0.24324324324324326,0.4594594594594595,0.2972972972972973,0.0,0.13513513513513514,33.02203757948057
60,pct,0.5,2.0,3,0.5,tick,exchange,37,19,18,0.40540540540540543,1262.3040404407657,3036.571926775203,-1774.2678863344372,0.20236479378543537,0.7942782160519628,-0.12959348944682686,3507.903012675073,3.1621621621621623,0.24324324324324326,0.4594594594594595,0.2972972972972973,0.0,0.13513513513513514,-47.95318611714695
60,pct,0.5,2.0,3,0.5,tick,cfd_std,37,19,18,0.43243243243243246,1492.0740404407697,877.5,614.5740404407697,0.05883865242682837,1.0844450778032482,0.03467953975394722,2391.7606000000087,3.1621621621621623,0.24324324324324326,0.4594594594594595,0.2972972972972973,0.0,0.13513513513513514,16.610109201101885
60,pct,0.5,2.0,3,0.5,tick,cfd_raw,37,19,18,0.43243243243243246,1382.1840404407558,742.0,640.1840404407558,0.049607035306168876,1.0883050727808419,0.03645832025247403,2383.7056000000157,3.1621621621621623,0.24324324324324326,0.4594594594594595,0.2972972972972973,0.0,0.13513513513513514,17.30227136326367
60,pct,0.5,2.0,3,1.0,off,none,15,8,7,0.4666666666666667,2415.4615999999805,0.0,2415.4615999999805,0.0,1.7735755087512677,0.3999999999999966,793.6013999999996,5.333333333333333,0.4666666666666667,0.5333333333333333,0.0,0.0,0.3333333333333333,161.03077333333204
60,pct,0.5,2.0,3,1.0,off,exchange,17,9,8,0.47058823529411764,2831.2586999999767,1385.21958425,1446.0391157499762,0.14115672923551661,1.341995219351418,0.20739721713222356,1635.3511338000098,4.529411764705882,0.47058823529411764,0.5294117647058824,0.0,0.0,0.29411764705882354,85.06112445588096
60,pct,0.5,2.0,3,1.0,off,cfd_std,17,9,8,0.4117647058823529,1785.1596500000014,364.5,1420.6596500000014,0.03890573816889714,1.3497594544552785,0.20476841893397194,2432.918749999997,4.882352941176471,0.4117647058823529,0.5882352941176471,0.0,0.0,0.29411764705882354,83.56821470588244
60,pct,0.5,2.0,3,1.0,off,cfd_raw,17,9,8,0.4117647058823529,1719.0496499999863,318.0,1401.0496499999863,0.033863333729452674,1.3454418449599714,0.20188613655450596,2430.501250000001,4.9411764705882355,0.4117647058823529,0.5882352941176471,0.0,0.0,0.29411764705882354,82.41468529411684
60,pct,0.5,2.0,3,1.0,bar,none,17,9,8,0.5294117647058824,3321.741712757226,0.0,3321.741712757226,0.0,2.06472516664219,0.49033316783851033,793.6013999999996,4.470588235294118,0.47058823529411764,0.47058823529411764,0.058823529411764705,0.0,0.29411764705882354,195.39657133866035
60,pct,0.5,2.0,3,1.0,bar,exchange,17,9,8,0.5294117647058824,3343.801712757224,1384.9633127436214,1958.838400013602,0.14487936077065738,1.5204455035528714,0.28569789764115455,1122.5518495363795,4.117647058823529,0.47058823529411764,0.47058823529411764,0.058823529411764705,0.0,0.29411764705882354,115.22578823609423
60,pct,0.5,2.0,3,1.0,bar,cfd_std,17,9,8,0.5294117647058824,2877.387827641709,364.5,2512.887827641709,0.040703469281754515,1.772053283223017,0.36936538767124627,1340.6905723582895,4.117647058823529,0.4117647058823529,0.47058823529411764,0.11764705882352941,0.0,0.29411764705882354,147.8169310377476
60,pct,0.5,2.0,3,1.0,bar,cfd_raw,17,9,8,0.5294117647058824,2822.2778276417084,318.0,2504.2778276417084,0.0354677140877082,1.7710662717797294,0.36814256274895063,1327.273072358279,4.176470588235294,0.4117647058823529,0.47058823529411764,0.11764705882352941,0.0,0.29411764705882354,147.31046044951225
60,pct,0.5,2.0,3,1.0,tick,none,17,9,8,0.47058823529411764,1840.218665048029,0.0,1840.218665048029,0.0,1.7221288921405584,0.2658661037753259,767.2411000000138,2.8823529411764706,0.29411764705882354,0.35294117647058826,0.35294117647058826,0.0,0.29411764705882354,108.24815676753111
60,pct,0.5,2.0,3,1.0,tick,exchange,17,9,8,0.4117647058823529,1852.238665048033,1390.0298467547736,462.2088182932591,0.20049681173294856,1.1398198258441226,0.05896560871030297,1440.342934395303,2.8823529411764706,0.29411764705882354,0.35294117647058826,0.35294117647058826,0.0,0.29411764705882354,27.188754017250538
60,pct,0.5,2.0,3,1.0,tick,cfd_std,17,9,8,0.47058823529411764,1921.3536650480382,391.5,1529.8536650480382,0.05665478512825886,1.5588589453998107,0.2190781706430947,903.7330723718187,2.8823529411764706,0.29411764705882354,0.35294117647058826,0.35294117647058826,0.0,0.29411764705882354,89.99139206164931
60,pct,0.5,2.0,3,1.0,tick,cfd_raw,17,9,8,0.47058823529411764,1888.2986650480452,334.0,1554.2986650480452,0.04825817300511602,1.5726113152348677,0.22282124302698758,880.7880723718117,2.8823529411764706,0.29411764705882354,0.35294117647058826,0.35294117647058826,0.0,0.29411764705882354,91.42933323812031
60,pct,0.5,2.0,3,2.0,off,none,1,0,1,0.0,-377.9777000000031,0.0,-377.9777000000031,0.0,0.0,-1.0000000000000082,377.9777000000031,0.0,0.0,1.0,0.0,0.0,1.0,-377.9777000000031
60,pct,0.5,2.0,3,2.0,off,exchange,1,0,1,0.0,-377.9777000000031,79.78452884999999,-457.7622288500031,0.21108263490147522,0.0,-1.2110826349014854,457.7622288499988,0.0,0.0,1.0,0.0,0.0,1.0,-457.7622288500031
60,pct,0.5,2.0,3,2.0,off,cfd_std,1,0,1,0.0,-377.9777000000031,27.0,-404.9777000000031,0.07143278558496911,0.0,-1.071432785584978,404.9777000000031,0.0,0.0,1.0,0.0,0.0,1.0,-404.9777000000031
60,pct,0.5,2.0,3,2.0,off,cfd_raw,1,0,1,0.0,-377.9777000000031,22.0,-399.9777000000031,0.05820449195812298,0.0,-1.0582044919581317,399.9777000000031,0.0,0.0,1.0,0.0,0.0,1.0,-399.9777000000031
60,pct,0.5,2.0,3,2.0,bar,none,1,0,1,0.0,-377.9777000000031,0.0,-377.9777000000031,0.0,0.0,-1.0000000000000082,377.9777000000031,0.0,0.0,1.0,0.0,0.0,1.0,-377.9777000000031
60,pct,0.5,2.0,3,2.0,bar,exchange,1,0,1,0.0,-377.9777000000031,79.78452884999999,-457.7622288500031,0.21108263490147522,0.0,-1.2110826349014854,457.7622288499988,0.0,0.0,1.0,0.0,0.0,1.0,-457.7622288500031
60,pct,0.5,2.0,3,2.0,bar,cfd_std,1,0,1,0.0,-377.9777000000031,27.0,-404.9777000000031,0.07143278558496911,0.0,-1.071432785584978,404.9777000000031,0.0,0.0,1.0,0.0,0.0,1.0,-404.9777000000031
60,pct,0.5,2.0,3,2.0,bar,cfd_raw,1,0,1,0.0,-377.9777000000031,22.0,-399.9777000000031,0.05820449195812298,0.0,-1.0582044919581317,399.9777000000031,0.0,0.0,1.0,0.0,0.0,1.0,-399.9777000000031
60,pct,0.5,2.0,3,2.0,tick,none,1,0,1,0.0,-377.9777000000031,0.0,-377.9777000000031,0.0,0.0,-1.0000000000000082,377.9777000000031,0.0,0.0,1.0,0.0,0.0,1.0,-377.9777000000031
60,pct,0.5,2.0,3,2.0,tick,exchange,1,0,1,0.0,-377.9777000000031,79.78452884999999,-457.7622288500031,0.21108263490147522,0.0,-1.2110826349014854,457.7622288499988,0.0,0.0,1.0,0.0,0.0,1.0,-457.7622288500031
60,pct,0.5,2.0,3,2.0,tick,cfd_std,1,0,1,0.0,-377.9777000000031,27.0,-404.9777000000031,0.07143278558496911,0.0,-1.071432785584978,404.9777000000031,0.0,0.0,1.0,0.0,0.0,1.0,-404.9777000000031
60,pct,0.5,2.0,3,2.0,tick,cfd_raw,1,0,1,0.0,-377.9777000000031,22.0,-399.9777000000031,0.05820449195812298,0.0,-1.0582044919581317,399.9777000000031,0.0,0.0,1.0,0.0,0.0,1.0,-399.9777000000031
60,pct,0.5,2.0,5,0.5,off,none,17,7,10,0.35294117647058826,475.6778500000073,0.0,475.6778500000073,0.0,1.1114526804229568,0.05882352941176575,2312.614699999991,4.9411764705882355,0.35294117647058826,0.6470588235294118,0.0,0.0,0.17647058823529413,27.98105000000043
60,pct,0.5,2.0,5,0.5,off,exchange,19,8,11,0.3684210526315789,896.9126999999717,1544.9604453,-648.0477453000287,0.15204846115193701,0.884501864614988,-0.0991798786697945,2784.617788750009,4.578947368421052,0.3684210526315789,0.631578947368421,0.0,0.0,0.15789473684210525,-34.10777606842257
60,pct,0.5,2.0,5,0.5,off,cfd_std,19,8,11,0.3157894736842105,-114.80135000003793,432.0,-546.8013500000379,0.04451399733630087,0.8960613162206922,-0.08380656855065212,2909.074250000034,4.947368421052632,0.3157894736842105,0.6842105263157895,0.0,0.0,0.15789473684210525,-28.779018421054626
60,pct,0.5,2.0,5,0.5,off,cfd_raw,19,8,11,0.3157894736842105,-197.35635000003094,370.0,-567.356350000031,0.03801790058463867,0.89194873180397,-0.08646999436344793,2917.1292500000272,4.947368421052632,0.3157894736842105,0.6842105263157895,0.0,0.0,0.15789473684210525,-29.860860526317417
60,pct,0.5,2.0,5,0.5,bar,none,20,8,12,0.45,968.0224342000729,0.0,968.0224342000729,0.0,1.245633949953896,0.11647455655821444,1927.373299999992,4.15,0.3,0.5,0.2,0.0,0.15,48.40112171000364
60,pct,0.5,2.0,5,0.5,bar,exchange,21,8,13,0.3333333333333333,214.07307189780113,1711.042245114051,-1496.9691732162503,0.17833600469083583,0.741636363919156,-0.19164651073481068,3633.539216666235,3.8095238095238093,0.2857142857142857,0.5714285714285714,0.14285714285714285,0.0,0.14285714285714285,-71.28424634363097
60,pct,0.5,2.0,5,0.5,bar,cfd_std,21,8,13,0.38095238095238093,-217.78331321773294,499.5,-717.2833132177329,0.05577569115126348,0.8547318084137994,-0.09570459226561157,3079.5562132177292,3.857142857142857,0.23809523809523808,0.5714285714285714,0.19047619047619047,0.0,0.14285714285714285,-34.15634824846347
60,pct,0.5,2.0,5,0.5,bar,cfd_raw,21,8,13,0.38095238095238093,-289.4208132177155,422.0,-711.4208132177155,0.04697798103568301,0.8554662067121404,-0.0949166203370074,3061.193713217712,3.857142857142857,0.23809523809523808,0.5714285714285714,0.19047619047619047,0.0,0.14285714285714285,-33.87718158179597
60,pct,0.5,2.0,5,0.5,tick,none,20,8,12,0.5,-317.98946241350495,0.0,-317.98946241350495,0.0,0.9108324248126513,-0.050489616659105764,2074.1090645974473,3.45,0.15,0.45,0.4,0.0,0.15,-15.899473120675248
60,pct,0.5,2.0,5,0.5,tick,exchange,21,8,13,0.3333333333333333,-1177.5878795082535,1716.681226543732,-2894.2691060519855,0.23019907698574243,0.4575829679128871,-0.3643815959745457,4350.501709599004,3.1904761904761907,0.14285714285714285,0.5238095238095238,0.3333333333333333,0.0,0.14285714285714285,-137.82233838342788
60,pct,0.5,2.0,5,0.5,tick,cfd_std,21,8,13,0.42857142857142855,-1062.242879508267,526.5,-1588.742879508267,0.07125946991613813,0.6507771777318435,-0.20505566384486362,3277.497481692204,3.1904761904761907,0.14285714285714285,0.5238095238095238,0.3333333333333333,0.0,0.14285714285714285,-75.654422833727
60,pct,0.5,2.0,5,0.5,tick,cfd_raw,21,8,13,0.42857142857142855,-1117.407879508246,438.0,-1555.407879508246,0.059018222398161124,0.6569020521448439,-0.20093256232121184,3247.60748169219,3.1904761904761907,0.14285714285714285,0.5238095238095238,0.3333333333333333,0.0,0.14285714285714285,-74.06704188134505
60,pct,0.5,2.0,5,1.0,off,none,10,4,6,0.6,3196.713249999986,0.0,3196.713249999986,0.0,3.066468654880044,0.7999999999999963,766.462750000006,6.9,0.6,0.4,0.0,0.0,0.3,319.6713249999986
60,pct,0.5,2.0,5,1.0,off,exchange,11,4,7,0.5454545454545454,2830.1743499999866,892.8716322750001,1937.3027177249867,0.13371982755434977,1.831463551802284,0.4324641571918747,1387.0332744750049,5.909090909090909,0.5454545454545454,0.45454545454545453,0.0,0.0,0.2727272727272727,176.1184288840897
60,pct,0.5,2.0,5,1.0,off,cfd_std,11,4,7,0.45454545454545453,1737.9602999999915,229.5,1508.4602999999915,0.036554535456601284,1.6202129279705135,0.3350765965167634,1235.2136000000028,6.545454545454546,0.45454545454545453,0.5454545454545454,0.0,0.0,0.2727272727272727,137.13275454545376
60,pct,0.5,2.0,5,1.0,off,cfd_raw,11,4,7,0.45454545454545453,1693.905299999984,202.0,1491.905299999984,0.03217408050658947,1.6154165780814702,0.33136234553518057,1232.7961000000068,6.545454545454546,0.45454545454545453,0.5454545454545454,0.0,0.0,0.2727272727272727,135.6277545454531
60,pct,0.5,2.0,5,1.0,bar,none,11,4,7,0.6363636363636364,2576.6818312182004,0.0,2576.6818312182004,0.0,2.6685193476262783,0.585376880293773,763.8102500000095,4.2727272727272725,0.45454545454545453,0.36363636363636365,0.18181818181818182,0.0,0.2727272727272727,234.2438028380182
60,pct,0.5,2.0,5,1.0,bar,exchange,11,4,7,0.5454545454545454,2588.741831218198,894.9933485343909,1693.7484826838067,0.15786701060753658,1.8878158141517707,0.3800643969977769,922.5619787749893,4.2727272727272725,0.45454545454545453,0.36363636363636365,0.18181818181818182,0.0,0.2727272727272727,153.97713478943697
60,pct,0.5,2.0,5,1.0,bar,cfd_std,11,4,7,0.6363636363636364,2064.8279461026686,243.0,1821.8279461026686,0.04765506818184674,2.121016272055765,0.41088362276078266,804.2427500000049,4.363636363636363,0.36363636363636365,0.36363636363636365,0.2727272727272727,0.0,0.2727272727272727,165.62072237296988
60,pct,0.5,2.0,5,1.0,bar,cfd_raw,11,4,7,0.6363636363636364,2037.2179461026826,210.0,1827.2179461026826,0.041227861148662504,2.1305555442928776,0.41224335858368,799.7702500000014,4.363636363636363,0.36363636363636365,0.36363636363636365,0.2727272727272727,0.0,0.2727272727272727,166.11072237297114
60,pct,0.5,2.0,5,1.0,tick,none,11,4,7,0.5454545454545454,1234.5090502661478,0.0,1234.5090502661478,0.0,1.7550649723980545,0.2751797779372739,763.8102500000095,3.3636363636363638,0.2727272727272727,0.36363636363636365,0.36363636363636365,0.0,0.2727272727272727,112.22809547874071
60,pct,0.5,2.0,5,1.0,tick,exchange,11,4,7,0.45454545454545453,1242.5690502661455,898.784204049299,343.78484621684663,0.19953160836014833,1.1662188785335748,0.06806335726747205,1088.9344961831375,3.3636363636363638,0.2727272727272727,0.36363636363636365,0.36363636363636365,0.0,0.2727272727272727,31.25316783789515
60,pct,0.5,2.0,5,1.0,tick,cfd_std,11,4,7,0.5454545454545454,1288.914050266132,256.5,1032.414050266132,0.0569419786367808,1.5923760308317354,0.2279165977276939,804.2427500000049,3.3636363636363638,0.2727272727272727,0.36363636363636365,0.36363636363636365,0.0,0.2727272727272727,93.85582275146656
60,pct,0.5,2.0,5,1.0,tick,cfd_raw,11,4,7,0.5454545454545454,1266.749050266153,218.0,1048.749050266153,0.048395722841988634,1.6066023117694859,0.2318222557827755,799.7702500000014,3.3636363636363638,0.2727272727272727,0.36363636363636365,0.36363636363636365,0.0,0.2727272727272727,95.34082275146847
60,pct,0.5,2.0,5,2.0,off,none,0,0,0,,0.0,0.0,0.0,,,,0.0,,0.0,0.0,0.0,0.0,,
60,pct,0.5,2.0,5,2.0,off,exchange,0,0,0,,0.0,0.0,0.0,,,,0.0,,0.0,0.0,0.0,0.0,,
60,pct,0.5,2.0,5,2.0,off,cfd_std,0,0,0,,0.0,0.0,0.0,,,,0.0,,0.0,0.0,0.0,0.0,,
60,pct,0.5,2.0,5,2.0,off,cfd_raw,0,0,0,,0.0,0.0,0.0,,,,0.0,,0.0,0.0,0.0,0.0,,
60,pct,0.5,2.0,5,2.0,bar,none,0,0,0,,0.0,0.0,0.0,,,,0.0,,0.0,0.0,0.0,0.0,,
60,pct,0.5,2.0,5,2.0,bar,exchange,0,0,0,,0.0,0.0,0.0,,,,0.0,,0.0,0.0,0.0,0.0,,
60,pct,0.5,2.0,5,2.0,bar,cfd_std,0,0,0,,0.0,0.0,0.0,,,,0.0,,0.0,0.0,0.0,0.0,,
60,pct,0.5,2.0,5,2.0,bar,cfd_raw,0,0,0,,0.0,0.0,0.0,,,,0.0,,0.0,0.0,0.0,0.0,,
60,pct,0.5,2.0,5,2.0,tick,none,0,0,0,,0.0,0.0,0.0,,,,0.0,,0.0,0.0,0.0,0.0,,
60,pct,0.5,2.0,5,2.0,tick,exchange,0,0,0,,0.0,0.0,0.0,,,,0.0,,0.0,0.0,0.0,0.0,,
60,pct,0.5,2.0,5,2.0,tick,cfd_std,0,0,0,,0.0,0.0,0.0,,,,0.0,,0.0,0.0,0.0,0.0,,
60,pct,0.5,2.0,5,2.0,tick,cfd_raw,0,0,0,,0.0,0.0,0.0,,,,0.0,,0.0,0.0,0.0,0.0,,
60,pct,0.5,2.0,8,0.5,off,none,21,7,14,0.3333333333333333,118.68970000000263,0.0,118.68970000000263,0.0,1.0218307939789166,3.1720657846433045e-16,2331.13979999999,3.7142857142857144,0.3333333333333333,0.6666666666666666,0.0,0.0,0.3333333333333333,5.6518904761906015
60,pct,0.5,2.0,8,0.5,off,exchange,23,8,15,0.34782608695652173,541.5076499999705,1873.056141425,-1331.5484914250299,0.15434937222252307,0.8103650839312302,-0.1616113746193271,3530.801778675028,3.5217391304347827,0.34782608695652173,0.6521739130434783,0.0,0.0,0.30434782608695654,-57.89341267065347
60,pct,0.5,2.0,8,0.5,off,cfd_std,23,8,15,0.30434782608695654,-431.09940000003553,526.5,-957.5994000000355,0.04520966697915283,0.8520035038223285,-0.12303401400686839,3366.928900000028,3.652173913043478,0.30434782608695654,0.6956521739130435,0.0,0.0,0.30434782608695654,-41.63475652174068
60,pct,0.5,2.0,8,0.5,off,cfd_raw,23,8,15,0.30434782608695654,-513.7644000000291,450.0,-963.7644000000291,0.03847701345594174,0.8507302700425979,-0.12368388467312953,3371.5939000000217,3.652173913043478,0.30434782608695654,0.6956521739130435,0.0,0.0,0.30434782608695654,-41.902800000001264
60,pct,0.5,2.0,8,0.5,bar,none,24,8,16,0.4166666666666667,612.6373842000612,0.0,612.6373842000612,0.0,1.1198960907359943,0.055395463798510736,3138.9585908594017,3.2083333333333335,0.2916666666666667,0.5416666666666666,0.16666666666666666,0.0,0.2916666666666667,25.52655767500255
60,pct,0.5,2.0,8,0.5,bar,exchange,25,8,17,0.32,-141.33197810220008,2039.1379412390513,-2180.4699193412516,0.176263611507184,0.6973582192913045,-0.2342888258779781,4379.723206591239,2.96,0.28,0.6,0.12,0.0,0.28,-87.21879677365007
60,pct,0.5,2.0,8,0.5,bar,cfd_std,25,8,17,0.32,-1125.3240281022008,594.0,-1719.3240281022008,0.053668881586929756,0.7377318154292728,-0.18979827000151933,4128.653528102193,3.08,0.24,0.64,0.12,0.0,0.28,-68.77296112408803
60,pct,0.5,2.0,8,0.5,bar,cfd_raw,25,8,17,0.32,-1202.5440281021874,502.0,-1704.5440281021874,0.04513225201135787,0.739234981600783,-0.188264556192281,4112.37352810218,3.08,0.24,0.64,0.12,0.0,0.28,-68.1817611240875
60,pct,0.5,2.0,8,0.5,tick,none,24,8,16,0.4166666666666667,489.672361669509,0.0,489.672361669509,0.0,1.1000935147418067,0.04136852471845807,2638.643831048059,2.75,0.25,0.5,0.25,0.0,0.2916666666666667,20.403015069562873
60,pct,0.5,2.0,8,0.5,tick,exchange,25,8,17,0.32,-365.9660554252332,2040.3994894405785,-2406.365544865811,0.18697142621368273,0.6541721316249786,-0.25843621034976894,4605.6188321158115,2.56,0.24,0.56,0.2,0.0,0.28,-96.25462179463244
60,pct,0.5,2.0,8,0.5,tick,cfd_std,25,8,17,0.36,-821.5869519160187,607.5,-1429.0869519160187,0.059401329517651376,0.7600719808809089,-0.1598036143208116,3838.4164519160113,2.6,0.2,0.56,0.24,0.0,0.28,-57.16347807664075
60,pct,0.5,2.0,8,0.5,tick,cfd_raw,25,8,17,0.36,-882.1969519160048,510.0,-1392.1969519160048,0.049627579941814784,0.7652824117846615,-0.1559875140247597,3800.0264519159973,2.6,0.2,0.56,0.24,0.0,0.28,-55.68787807664019
60,pct,0.5,2.0,8,1.0,off,none,9,1,8,0.6666666666666666,3571.311099999977,0.0,3571.311099999977,0.0,4.065495459281652,0.9999999999999937,397.3383000000031,5.444444444444445,0.6666666666666666,0.3333333333333333,0.0,0.0,0.4444444444444444,396.8123444444419
60,pct,0.5,2.0,8,1.0,off,exchange,11,2,9,0.6363636363636364,3977.6003999999957,890.2069931000001,3087.393406899996,0.1260787127637338,2.6529120923387928,0.7054646592951073,925.7582651499979,4.7272727272727275,0.6363636363636364,0.36363636363636365,0.0,0.0,0.36363636363636365,280.6721278999996
60,pct,0.5,2.0,8,1.0,off,cfd_std,11,2,9,0.5454545454545454,2912.9933499999897,216.0,2696.9933499999897,0.032416410889053685,2.341688177715566,0.6080974771967017,794.6952999999921,5.0,0.5454545454545454,0.45454545454545453,0.0,0.0,0.36363636363636365,245.1812136363627
60,pct,0.5,2.0,8,1.0,off,cfd_raw,11,2,9,0.5454545454545454,2874.3283499999816,194.0,2680.3283499999816,0.02909048748331927,2.335317539840326,0.6042618214067655,795.7502999999997,5.0,0.5454545454545454,0.45454545454545453,0.0,0.0,0.36363636363636365,243.66621363636196
60,pct,0.5,2.0,8,1.0,bar,none,11,2,9,0.7272727272727273,3726.1278812181845,0.0,3726.1278812181845,0.0,4.205683829263664,0.8581041530210421,738.7295315390365,3.090909090909091,0.5454545454545454,0.2727272727272727,0.18181818181818182,0.0,0.36363636363636365,338.7388982925622
60,pct,0.5,2.0,8,1.0,bar,exchange,11,2,9,0.6363636363636364,3736.167881218207,892.328709359391,2843.8391718588164,0.14742342074347314,2.967197240941145,0.6530648991010094,984.3429413047998,3.090909090909091,0.5454545454545454,0.2727272727272727,0.18181818181818182,0.0,0.36363636363636365,258.53083380534696
60,pct,0.5,2.0,8,1.0,bar,cfd_std,11,2,9,0.6363636363636364,2648.6183312181965,229.5,2419.1183312181965,0.04057947252505916,2.5011824297135137,0.5477497040984887,806.1620315390319,3.3636363636363638,0.45454545454545453,0.36363636363636365,0.18181818181818182,0.0,0.36363636363636365,219.91984829256333
60,pct,0.5,2.0,8,1.0,bar,cfd_raw,11,2,9,0.6363636363636364,2620.9258312182064,202.0,2418.9258312182064,0.03568248104567926,2.504253084951842,0.5477277959867739,796.6895315390284,3.3636363636363638,0.45454545454545453,0.36363636363636365,0.18181818181818182,0.0,0.36363636363636365,219.90234829256423
60,pct,0.5,2.0,8,1.0,tick,none,11,2,9,0.6363636363636364,3145.081503196183,0.0,3145.081503196183,0.0,3.546107154455274,0.7211778116970019,598.857072426661,2.4545454545454546,0.45454545454545453,0.2727272727272727,0.2727272727272727,0.0,0.36363636363636365,285.91650029056206
60,pct,0.5,2.0,8,1.0,tick,exchange,11,2,9,0.6363636363636364,3153.1015031962015,893.7694737112674,2259.3320294849336,0.15915935442311266,2.4504015359550584,0.515326197305961,844.4005459628679,2.4545454545454546,0.45454545454545453,0.2727272727272727,0.2727272727272727,0.0,0.36363636363636365,205.3938208622667
60,pct,0.5,2.0,8,1.0,tick,cfd_std,11,2,9,0.6363636363636364,2605.4806067054014,243.0,2362.4806067054014,0.04838986525865112,2.7950397533710563,0.5357728975508937,666.2895724266564,2.5454545454545454,0.36363636363636365,0.2727272727272727,0.36363636363636365,0.0,0.36363636363636365,214.77096424594558
60,pct,0.5,2.0,8,1.0,tick,cfd_raw,11,2,9,0.6363636363636364,2588.8706067054154,210.0,2378.8706067054154,0.04177265083587157,2.8198617771706815,0.5396610857545796,656.8170724266529,2.5454545454545454,0.36363636363636365,0.2727272727272727,0.36363636363636365,0.0,0.36363636363636365,216.26096424594687
60,pct,0.5,2.0,8,2.0,off,none,0,0,0,,0.0,0.0,0.0,,,,0.0,,0.0,0.0,0.0,0.0,,
60,pct,0.5,2.0,8,2.0,off,exchange,0,0,0,,0.0,0.0,0.0,,,,0.0,,0.0,0.0,0.0,0.0,,
60,pct,0.5,2.0,8,2.0,off,cfd_std,0,0,0,,0.0,0.0,0.0,,,,0.0,,0.0,0.0,0.0,0.0,,
60,pct,0.5,2.0,8,2.0,off,cfd_raw,0,0,0,,0.0,0.0,0.0,,,,0.0,,0.0,0.0,0.0,0.0,,
60,pct,0.5,2.0,8,2.0,bar,none,0,0,0,,0.0,0.0,0.0,,,,0.0,,0.0,0.0,0.0,0.0,,
60,pct,0.5,2.0,8,2.0,bar,exchange,0,0,0,,0.0,0.0,0.0,,,,0.0,,0.0,0.0,0.0,0.0,,
60,pct,0.5,2.0,8,2.0,bar,cfd_std,0,0,0,,0.0,0.0,0.0,,,,0.0,,0.0,0.0,0.0,0.0,,
60,pct,0.5,2.0,8,2.0,bar,cfd_raw,0,0,0,,0.0,0.0,0.0,,,,0.0,,0.0,0.0,0.0,0.0,,
60,pct,0.5,2.0,8,2.0,tick,none,0,0,0,,0.0,0.0,0.0,,,,0.0,,0.0,0.0,0.0,0.0,,
60,pct,0.5,2.0,8,2.0,tick,exchange,0,0,0,,0.0,0.0,0.0,,,,0.0,,0.0,0.0,0.0,0.0,,
60,pct,0.5,2.0,8,2.0,tick,cfd_std,0,0,0,,0.0,0.0,0.0,,,,0.0,,0.0,0.0,0.0,0.0,,
60,pct,0.5,2.0,8,2.0,tick,cfd_raw,0,0,0,,0.0,0.0,0.0,,,,0.0,,0.0,0.0,0.0,0.0,,
60,pct,0.5,2.5,3,0.5,off,none,32,17,15,0.21875,-2924.1888499999914,0.0,-2924.1888499999914,0.0,0.7022344547351577,-0.23437499999999944,4513.119324999992,5.34375,0.21875,0.78125,0.0,0.0,0.125,-91.38090156249973
60,pct,0.5,2.5,3,0.5,off,exchange,34,18,16,0.23529411764705882,-2280.3341000000364,2790.6712215750003,-5071.005321575037,0.15475591288668908,0.5877592228553663,-0.3811651383273076,5916.731242037538,5.029411764705882,0.23529411764705882,0.7647058823529411,0.0,0.0,0.11764705882352941,-149.14721534044224
60,pct,0.5,2.5,3,0.5,off,cfd_std,34,18,16,0.23529411764705882,-1946.7191000000166,810.0,-2756.7191000000166,0.045409473366940144,0.7397898634822778,-0.20789666626707412,4251.18332500002,5.029411764705882,0.23529411764705882,0.7647058823529411,0.0,0.0,0.11764705882352941,-81.07997352941226
60,pct,0.5,2.5,3,0.5,off,cfd_raw,34,18,16,0.23529411764705882,-2106.2741000000387,684.0,-2790.2741000000387,0.03814629613183835,0.7365334724450995,-0.2103711952400168,4263.224575000044,5.029411764705882,0.23529411764705882,0.7647058823529411,0.0,0.0,0.11764705882352941,-82.06688529411879
60,pct,0.5,2.5,3,0.5,bar,none,35,18,17,0.37142857142857144,906.0851106343616,0.0,906.0851106343616,0.0,1.1126116421120757,0.061676650224342364,2339.9548871481384,5.114285714285714,0.22857142857142856,0.5714285714285714,0.2,0.0,0.11428571428571428,25.88814601812462
60,pct,0.5,2.5,3,0.5,bar,exchange,35,18,17,0.37142857142857144,952.5637606343516,2871.5064297431127,-1918.9426691087606,0.1691527706139473,0.8046455606877057,-0.14394386040386875,3227.628193091732,5.114285714285714,0.22857142857142856,0.5714285714285714,0.2,0.0,0.11428571428571428,-54.82693340310745
60,pct,0.5,2.5,3,0.5,bar,cfd_std,35,18,17,0.37142857142857144,1216.7762606343604,837.0,379.77626063436037,0.04967475731913287,1.0451554776973706,0.023258628056712537,2528.7637371481396,5.085714285714285,0.22857142857142856,0.5714285714285714,0.2,0.0,0.11428571428571428,10.850750303838868
60,pct,0.5,2.5,3,0.5,bar,cfd_raw,35,18,17,0.37142857142857144,1090.413760634343,706.0,384.4137606343429,0.041750525719774535,1.0457974740951521,0.02363129094083889,2517.626237148157,5.114285714285714,0.22857142857142856,0.5714285714285714,0.2,0.0,0.11428571428571428,10.98325030383837
60,pct,0.5,2.5,3,0.5,tick,none,37,19,18,0.40540540540540543,1292.7917050692631,0.0,1292.7917050692631,0.0,1.1856231852447885,0.08021858542551635,2284.154250000007,3.3783783783783785,0.1891891891891892,0.4594594594594595,0.35135135135135137,0.0,0.10810810810810811,34.94031635322333
60,pct,0.5,2.5,3,0.5,tick,exchange,37,19,18,0.3783783783783784,1331.305355069242,3041.330235142889,-1710.0248800736463,0.20004101765231433,0.8050398097048459,-0.12635957125574213,3358.2202281844948,3.3783783783783785,0.1891891891891892,0.4594594594594595,0.35135135135135137,0.0,0.10810810810810811,-46.21688865063909
60,pct,0.5,2.5,3,0.5,tick,cfd_std,37,19,18,0.40540540540540543,1549.719105069249,904.5,645.219105069249,0.05989904831131139,1.0875544846078395,0.035599578671298836,2391.7606000000087,3.3783783783783785,0.1891891891891892,0.4594594594594595,0.35135135135135137,0.0,0.10810810810810811,17.438354191060785
60,pct,0.5,2.5,3,0.5,tick,cfd_raw,37,19,18,0.40540540540540543,1445.2603550692438,758.0,687.2603550692438,0.050033901236994076,1.0936802679099251,0.03851006364984475,2383.7056000000157,3.3783783783783785,0.1891891891891892,0.4594594594594595,0.35135135135135137,0.0,0.10810810810810811,18.574604191060644
60,pct,0.5,2.5,3,1.0,off,none,15,8,7,0.3333333333333333,1053.7895999999746,0.0,1053.7895999999746,0.0,1.2697128876951391,0.16666666666666233,1956.0323500000086,6.666666666666667,0.3333333333333333,0.6666666666666666,0.0,0.0,0.26666666666666666,70.25263999999831
60,pct,0.5,2.5,3,1.0,off,exchange,16,8,8,0.3125,683.9333249999909,1308.5799502125,-624.646625212509,0.1418169044685272,0.8792668634118115,-0.11116530662673148,2857.401273725016,5.875,0.3125,0.6875,0.0,0.0,0.25,-39.04041407578181
60,pct,0.5,2.5,3,1.0,off,cfd_std,16,8,8,0.3125,822.1345750000037,364.5,457.6345750000037,0.03979980784008549,1.1024914377348127,0.061310955790022825,2432.918749999997,5.8125,0.3125,0.6875,0.0,0.0,0.25,28.60216093750023
60,pct,0.5,2.5,3,1.0,off,cfd_raw,16,8,8,0.3125,756.0383249999868,312.0,444.0383249999868,0.03394516436676975,1.0995684662535894,0.059208183936743625,2430.501250000001,5.875,0.3125,0.6875,0.0,0.0,0.25,27.752395312499175
60,pct,0.5,2.5,3,1.0,bar,none,16,8,8,0.4375,1204.964696583571,0.0,1204.964696583571,0.0,1.36817933910298,0.1800095547041149,1829.7956215512095,5.25,0.25,0.5,0.25,0.0,0.25,75.31029353647318
60,pct,0.5,2.5,3,1.0,bar,exchange,16,8,8,0.4375,1220.9646965836,1310.1000382423997,-89.13534165879975,0.1692090039823298,0.9777093262066626,-0.026440427133350743,2556.892075627664,4.875,0.25,0.5,0.25,0.0,0.25,-5.570958853674984
60,pct,0.5,2.5,3,1.0,bar,cfd_std,16,8,8,0.4375,1312.9646965836,378.0,934.9646965836,0.04911325874702517,1.2722062550948259,0.13668167192316685,2018.6606215512002,4.8125,0.25,0.5,0.25,0.0,0.25,58.435293536475
60,pct,0.5,2.5,3,1.0,bar,cfd_raw,16,8,8,0.4375,1268.9646965836,320.0,948.9646965836,0.04145885410478829,1.277250852590569,0.1390150935617691,1995.7156215511932,4.875,0.25,0.5,0.25,0.0,0.25,59.310293536475
60,pct,0.5,2.5,3,1.0,tick,none,17,9,8,0.4117647058823529,1792.7361060525145,0.0,1792.7361060525145,0.0,1.6861169826879654,0.25612658614418654,767.2411000000138,3.0588235294117645,0.23529411764705882,0.35294117647058826,0.4117647058823529,0.0,0.23529411764705882,105.45506506191262
60,pct,0.5,2.5,3,1.0,tick,exchange,17,9,8,0.35294117647058826,1804.766106052528,1392.6500437342713,412.1160623182568,0.1985373083246808,1.1193744881037468,0.04883253153626271,1244.5963816328003,3.0588235294117645,0.23529411764705882,0.35294117647058826,0.4117647058823529,0.0,0.23529411764705882,24.242121312838634
60,pct,0.5,2.5,3,1.0,tick,cfd_std,17,9,8,0.4117647058823529,1873.938606052543,405.0,1468.938606052543,0.05792372747024528,1.5192417036747083,0.20731160867079318,879.4173723718122,3.0588235294117645,0.23529411764705882,0.35294117647058826,0.4117647058823529,0.0,0.23529411764705882,86.40815329720841
60,pct,0.5,2.5,3,1.0,tick,cfd_raw,17,9,8,0.4117647058823529,1840.8561060525244,342.0,1498.8561060525244,0.04883788088783506,1.535123739544699,0.2118805139344163,854.9448723718087,3.0588235294117645,0.23529411764705882,0.35294117647058826,0.4117647058823529,0.0,0.23529411764705882,88.16800623838378
60,pct,0.5,2.5,3,2.0,off,none,1,0,1,0.0,-377.9777000000031,0.0,-377.9777000000031,0.0,0.0,-1.0000000000000082,377.9777000000031,0.0,0.0,1.0,0.0,0.0,1.0,-377.9777000000031
60,pct,0.5,2.5,3,2.0,off,exchange,1,0,1,0.0,-377.9777000000031,79.78452884999999,-457.7622288500031,0.21108263490147522,0.0,-1.2110826349014854,457.7622288499988,0.0,0.0,1.0,0.0,0.0,1.0,-457.7622288500031
60,pct,0.5,2.5,3,2.0,off,cfd_std,1,0,1,0.0,-377.9777000000031,27.0,-404.9777000000031,0.07143278558496911,0.0,-1.071432785584978,404.9777000000031,0.0,0.0,1.0,0.0,0.0,1.0,-404.9777000000031
60,pct,0.5,2.5,3,2.0,off,cfd_raw,1,0,1,0.0,-377.9777000000031,22.0,-399.9777000000031,0.05820449195812298,0.0,-1.0582044919581317,399.9777000000031,0.0,0.0,1.0,0.0,0.0,1.0,-399.9777000000031
60,pct,0.5,2.5,3,2.0,bar,none,1,0,1,0.0,-377.9777000000031,0.0,-377.9777000000031,0.0,0.0,-1.0000000000000082,377.9777000000031,0.0,0.0,1.0,0.0,0.0,1.0,-377.9777000000031
60,pct,0.5,2.5,3,2.0,bar,exchange,1,0,1,0.0,-377.9777000000031,79.78452884999999,-457.7622288500031,0.21108263490147522,0.0,-1.2110826349014854,457.7622288499988,0.0,0.0,1.0,0.0,0.0,1.0,-457.7622288500031
60,pct,0.5,2.5,3,2.0,bar,cfd_std,1,0,1,0.0,-377.9777000000031,27.0,-404.9777000000031,0.07143278558496911,0.0,-1.071432785584978,404.9777000000031,0.0,0.0,1.0,0.0,0.0,1.0,-404.9777000000031
60,pct,0.5,2.5,3,2.0,bar,cfd_raw,1,0,1,0.0,-377.9777000000031,22.0,-399.9777000000031,0.05820449195812298,0.0,-1.0582044919581317,399.9777000000031,0.0,0.0,1.0,0.0,0.0,1.0,-399.9777000000031
60,pct,0.5,2.5,3,2.0,tick,none,1,0,1,0.0,-377.9777000000031,0.0,-377.9777000000031,0.0,0.0,-1.0000000000000082,377.9777000000031,0.0,0.0,1.0,0.0,0.0,1.0,-377.9777000000031
60,pct,0.5,2.5,3,2.0,tick,exchange,1,0,1,0.0,-377.9777000000031,79.78452884999999,-457.7622288500031,0.21108263490147522,0.0,-1.2110826349014854,457.7622288499988,0.0,0.0,1.0,0.0,0.0,1.0,-457.7622288500031
60,pct,0.5,2.5,3,2.0,tick,cfd_std,1,0,1,0.0,-377.9777000000031,27.0,-404.9777000000031,0.07143278558496911,0.0,-1.071432785584978,404.9777000000031,0.0,0.0,1.0,0.0,0.0,1.0,-404.9777000000031
60,pct,0.5,2.5,3,2.0,tick,cfd_raw,1,0,1,0.0,-377.9777000000031,22.0,-399.9777000000031,0.05820449195812298,0.0,-1.0582044919581317,399.9777000000031,0.0,0.0,1.0,0.0,0.0,1.0,-399.9777000000031
60,pct,0.5,2.5,5,0.5,off,none,17,7,10,0.23529411764705882,-1084.5609749999858,0.0,-1084.5609749999858,0.0,0.7853457785143168,-0.17647058823529194,2882.473074999987,6.0,0.23529411764705882,0.7647058823529411,0.0,0.0,0.11764705882352941,-63.79770441176387
60,pct,0.5,2.5,5,0.5,off,exchange,19,8,11,0.2631578947368421,-468.02985000003537,1549.051853325,-2017.0817033250353,0.14956190890597174,0.6923505799345994,-0.28367206487605573,3382.544949562536,5.526315789473684,0.2631578947368421,0.7368421052631579,0.0,0.0,0.10526315789473684,-106.16219491184397
60,pct,0.5,2.5,5,0.5,off,cfd_std,19,8,11,0.2631578947368421,-283.82860000002256,445.5,-729.3286000000226,0.04330141201190481,0.871236365866359,-0.11010878979519544,2486.639450000017,5.526315789473684,0.2631578947368421,0.7368421052631579,0.0,0.0,0.10526315789473684,-38.38571578947487
60,pct,0.5,2.5,5,0.5,off,cfd_raw,19,8,11,0.2631578947368421,-371.9248500000249,378.0,-749.9248500000249,0.03662326927137125,0.8673782852994301,-0.11277774340504902,2487.7769500000286,5.526315789473684,0.2631578947368421,0.7368421052631579,0.0,0.0,0.10526315789473684,-39.46972894736973
60,pct,0.5,2.5,5,0.5,bar,none,20,8,12,0.4,244.40781721934036,0.0,244.40781721934036,0.0,1.05970093870203,0.0234438985292857,1927.373299999992,4.6,0.2,0.5,0.3,0.0,0.1,12.220390860967019
60,pct,0.5,2.5,5,0.5,bar,exchange,21,8,13,0.2857142857142857,-511.55154508292617,1715.4166793374259,-2226.9682244203523,0.18697109099220818,0.6306264126794044,-0.2810208429148227,3827.4335561142216,4.238095238095238,0.19047619047619047,0.5714285714285714,0.23809523809523808,0.0,0.09523809523809523,-106.04610592477869
60,pct,0.5,2.5,5,0.5,bar,cfd_std,21,8,13,0.3333333333333333,-361.706545082925,513.0,-874.706545082925,0.05626542618276927,0.8290788609881612,-0.11602847043766833,2689.8461632177205,4.238095238095238,0.19047619047619047,0.5714285714285714,0.23809523809523808,0.0,0.09523809523809523,-41.652692622996426
60,pct,0.5,2.5,5,0.5,bar,cfd_raw,21,8,13,0.3333333333333333,-433.3715450829186,430.0,-863.3715450829186,0.04702079734212577,0.8306161606276031,-0.1145719811360983,2671.511163217714,4.238095238095238,0.19047619047619047,0.5714285714285714,0.23809523809523808,0.0,0.09523809523809523,-41.11293071823422
60,pct,0.5,2.5,5,0.5,tick,none,20,8,12,0.45,-762.2957214090129,0.0,-762.2957214090129,0.0,0.7900444774939523,-0.10876820664557332,1889.3480380893743,3.5,0.1,0.45,0.45,0.0,0.1,-38.11478607045065
60,pct,0.5,2.5,5,0.5,tick,exchange,21,8,13,0.2857142857142857,-1621.8841385037522,1719.3043241982298,-3341.1884627019826,0.24072554814841704,0.39056369016902953,-0.4202036123516771,4300.813640724009,3.238095238095238,0.09523809523809523,0.5238095238095238,0.38095238095238093,0.0,0.09523809523809523,-159.1042125096182
60,pct,0.5,2.5,5,0.5,tick,cfd_std,21,8,13,0.38095238095238093,-1506.4816385037557,540.0,-2046.4816385037557,0.07634290477022414,0.5590349049604898,-0.26220003381507323,3146.7027051841287,3.238095238095238,0.09523809523809523,0.5238095238095238,0.38095238095238093,0.0,0.09523809523809523,-97.45150659541693
60,pct,0.5,2.5,5,0.5,tick,cfd_raw,21,8,13,0.38095238095238093,-1561.6741385037603,446.0,-2007.6741385037603,0.06276150880244356,0.565435700728206,-0.25740839672511756,3106.8264551841276,3.238095238095238,0.09523809523809523,0.5238095238095238,0.38095238095238093,0.0,0.09523809523809523,-95.60353040494097
60,pct,0.5,2.5,5,1.0,off,none,10,4,6,0.4,1636.474424999993,0.0,1636.474424999993,0.0,1.701879550440082,0.39999999999999825,777.1895500000101,8.7,0.4,0.6,0.0,0.0,0.2,163.6474424999993
60,pct,0.5,2.5,5,1.0,off,exchange,11,4,7,0.36363636363636365,1271.9155249999894,896.8663821625,375.0491428374895,0.1342583448051562,1.1145003979254848,0.06836284228617467,1423.0095335875085,7.545454545454546,0.36363636363636365,0.6363636363636364,0.0,0.0,0.18181818181818182,34.095376621589956
60,pct,0.5,2.5,5,1.0,off,cfd_std,11,4,7,0.36363636363636365,1375.5880250000046,243.0,1132.5880250000046,0.036440081601939144,1.3994390248788322,0.24418300578140587,1202.9166499999992,7.545454545454546,0.36363636363636365,0.6363636363636364,0.0,0.0,0.18181818181818182,102.96254772727315
60,pct,0.5,2.5,5,1.0,off,cfd_raw,11,4,7,0.36363636363636365,1326.005524999986,210.0,1116.005524999986,0.031465087636693125,1.3946230698262547,0.24046243991422678,1198.9716500000068,7.545454545454546,0.36363636363636365,0.6363636363636364,0.0,0.0,0.18181818181818182,101.45504772727145
60,pct,0.5,2.5,5,1.0,bar,none,11,4,7,0.5454545454545454,1659.7559392374678,0.0,1659.7559392374678,0.0,1.9779108320103944,0.370775683877539,763.8102500000095,5.090909090909091,0.2727272727272727,0.36363636363636365,0.36363636363636365,0.0,0.18181818181818182,150.88690356704254
60,pct,0.5,2.5,5,1.0,bar,exchange,11,4,7,0.45454545454545453,1669.8009392374806,899.2711246202659,770.5298146172149,0.17785322134603723,1.3595950972253925,0.16400767865014182,922.5619787750038,5.090909090909091,0.2727272727272727,0.36363636363636365,0.36363636363636365,0.0,0.18181818181818182,70.04816496520135
60,pct,0.5,2.5,5,1.0,bar,cfd_std,11,4,7,0.5454545454545454,1727.5596892374742,256.5,1471.0596892374742,0.05061384727570169,1.8149410829494492,0.3266210103920735,804.2427500000049,5.090909090909091,0.2727272727272727,0.36363636363636365,0.36363636363636365,0.0,0.18181818181818182,133.73269902158856
60,pct,0.5,2.5,5,1.0,bar,cfd_raw,11,4,7,0.5454545454545454,1699.9359392374754,218.0,1481.9359392374754,0.04306369037281489,1.827357907869482,0.3292602397817727,799.7702500000014,5.090909090909091,0.2727272727272727,0.36363636363636365,0.36363636363636365,0.0,0.18181818181818182,134.72144902158868
60,pct,0.5,2.5,5,1.0,tick,none,11,4,7,0.45454545454545453,790.2027912706399,0.0,790.2027912706399,0.0,1.4649568335551089,0.16921870523460567,763.8102500000095,3.4545454545454546,0.18181818181818182,0.36363636363636365,0.45454545454545453,0.0,0.18181818181818182,71.83661738823999
60,pct,0.5,2.5,5,1.0,tick,exchange,11,4,7,0.36363636363636365,798.2727912706468,901.4073017037967,-103.13451043314967,0.21517049497084675,0.9534342757443659,-0.038505946725233435,1194.5618764092796,3.4545454545454546,0.18181818181818182,0.36363636363636365,0.45454545454545453,0.0,0.18181818181818182,-9.375864584831788
60,pct,0.5,2.5,5,1.0,tick,cfd_std,11,4,7,0.45454545454545453,844.6752912706434,270.0,574.6752912706434,0.06444771573542094,1.3132797787085435,0.11882280051183916,850.2586964866059,3.4545454545454546,0.18181818181818182,0.36363636363636365,0.45454545454545453,0.0,0.18181818181818182,52.243208297331215
60,pct,0.5,2.5,5,1.0,tick,cfd_raw,11,4,7,0.45454545454545453,822.4827912706387,226.0,596.4827912706387,0.05394618735059391,1.3285612568381184,0.1240047537389556,825.7861964866024,3.4545454545454546,0.18181818181818182,0.36363636363636365,0.45454545454545453,0.0,0.18181818181818182,54.22570829733079
60,pct,0.5,2.5,5,2.0,off,none,0,0,0,,0.0,0.0,0.0,,,,0.0,,0.0,0.0,0.0,0.0,,
60,pct,0.5,2.5,5,2.0,off,exchange,0,0,0,,0.0,0.0,0.0,,,,0.0,,0.0,0.0,0.0,0.0,,
60,pct,0.5,2.5,5,2.0,off,cfd_std,0,0,0,,0.0,0.0,0.0,,,,0.0,,0.0,0.0,0.0,0.0,,
60,pct,0.5,2.5,5,2.0,off,cfd_raw,0,0,0,,0.0,0.0,0.0,,,,0.0,,0.0,0.0,0.0,0.0,,
60,pct,0.5,2.5,5,2.0,bar,none,0,0,0,,0.0,0.0,0.0,,,,0.0,,0.0,0.0,0.0,0.0,,
60,pct,0.5,2.5,5,2.0,bar,exchange,0,0,0,,0.0,0.0,0.0,,,,0.0,,0.0,0.0,0.0,0.0,,
60,pct,0.5,2.5,5,2.0,bar,cfd_std,0,0,0,,0.0,0.0,0.0,,,,0.0,,0.0,0.0,0.0,0.0,,
60,pct,0.5,2.5,5,2.0,bar,cfd_raw,0,0,0,,0.0,0.0,0.0,,,,0.0,,0.0,0.0,0.0,0.0,,
60,pct,0.5,2.5,5,2.0,tick,none,0,0,0,,0.0,0.0,0.0,,,,0.0,,0.0,0.0,0.0,0.0,,
60,pct,0.5,2.5,5,2.0,tick,exchange,0,0,0,,0.0,0.0,0.0,,,,0.0,,0.0,0.0,0.0,0.0,,
60,pct,0.5,2.5,5,2.0,tick,cfd_std,0,0,0,,0.0,0.0,0.0,,,,0.0,,0.0,0.0,0.0,0.0,,
60,pct,0.5,2.5,5,2.0,tick,cfd_raw,0,0,0,,0.0,0.0,0.0,,,,0.0,,0.0,0.0,0.0,0.0,,
60,pct,0.5,2.5,8,0.5,off,none,21,7,14,0.23809523809523808,-1193.3042999999743,0.0,-1193.3042999999743,0.0,0.8077943917350282,-0.16666666666666358,3280.968924999979,4.285714285714286,0.23809523809523808,0.7619047619047619,0.0,0.0,0.2857142857142857,-56.82401428571306
60,pct,0.5,2.5,8,0.5,off,exchange,23,8,15,0.2608695652173913,-574.7293000000209,1878.2111075999997,-2452.9404076000205,0.14960762383579898,0.6915323110806314,-0.2923993444248635,4369.611723037524,4.260869565217392,0.2608695652173913,0.7391304347826086,0.0,0.0,0.2608695652173913,-106.64958293913132
60,pct,0.5,2.5,8,0.5,off,cfd_std,23,8,15,0.2608695652173913,-390.29805000001215,540.0,-930.2980500000122,0.04341148844283055,0.8646583438720511,-0.12302266215203353,2990.962675000017,4.260869565217392,0.2608695652173913,0.7391304347826086,0.0,0.0,0.2608695652173913,-40.447741304348355
60,pct,0.5,2.5,8,0.5,off,cfd_raw,23,8,15,0.2608695652173913,-478.50430000001506,458.0,-936.5043000000151,0.03665709012192823,0.8634900701616985,-0.12367715764804214,2996.16892500002,4.260869565217392,0.2608695652173913,0.7391304347826086,0.0,0.0,0.2608695652173913,-40.71757826087022
60,pct,0.5,2.5,8,0.5,bar,none,24,8,16,0.3333333333333333,-1165.3294007423247,0.0,-1165.3294007423247,0.0,0.7872670741892152,-0.13995930463802705,3291.912847724612,3.6666666666666665,0.16666666666666666,0.5416666666666666,0.2916666666666667,0.0,0.25,-48.55539169759686
60,pct,0.5,2.5,8,0.5,bar,exchange,25,8,17,0.24,-1923.2937630445958,2045.7578031323294,-3969.0515661769255,0.19440736570564207,0.48690233902997254,-0.42293066564916015,5885.722881614434,3.4,0.16,0.6,0.24,0.0,0.24,-158.76206264707702
60,pct,0.5,2.5,8,0.5,bar,cfd_std,25,8,17,0.28,-1938.0291091602994,621.0,-2559.0291091602994,0.05880086223796661,0.6200712117103087,-0.2789770574357168,4619.693734160304,3.48,0.16,0.64,0.2,0.0,0.24,-102.36116436641197
60,pct,0.5,2.5,8,0.5,bar,cfd_raw,25,8,17,0.28,-2009.7078591602913,518.0,-2527.7078591602913,0.048768497187791304,0.6233855562016032,-0.2757390382634082,4587.372484160296,3.48,0.16,0.64,0.2,0.0,0.24,-101.10831436641165
60,pct,0.5,2.5,8,0.5,tick,none,24,8,16,0.375,-130.1664438167645,0.0,-130.1664438167645,0.0,0.9737392761432763,-0.028862905142899797,2703.1918150435667,2.8333333333333335,0.16666666666666666,0.5,0.3333333333333333,0.0,0.25,-5.423601825698522
60,pct,0.5,2.5,8,0.5,tick,exchange,25,8,17,0.28,-987.7798609115125,2045.1135269933216,-3032.8933879048336,0.1962647611988577,0.573122039427595,-0.32655404616885053,4949.564703342345,2.64,0.16,0.56,0.28,0.0,0.24,-121.31573551619334
60,pct,0.5,2.5,8,0.5,tick,cfd_std,25,8,17,0.32,-861.0211109115044,621.0,-1482.0211109115044,0.060193633731021386,0.7549512910365398,-0.16780820028561882,3542.6857359115093,2.64,0.16,0.56,0.28,0.0,0.24,-59.28084443646017
60,pct,0.5,2.5,8,0.5,tick,cfd_raw,25,8,17,0.32,-921.6448609115032,518.0,-1439.6448609115032,0.04997013425941713,0.7607736143472463,-0.16342917948097607,3499.309485911508,2.64,0.16,0.56,0.28,0.0,0.24,-57.58579443646013
60,pct,0.5,2.5,8,1.0,off,none,9,1,8,0.4444444444444444,2054.5227250000025,0.0,2054.5227250000025,0.0,2.060848269575263,0.5555555555555561,787.1872000000003,6.777777777777778,0.4444444444444444,0.5555555555555556,0.0,0.0,0.3333333333333333,228.28030277777805
60,pct,0.5,2.5,8,1.0,off,exchange,11,2,9,0.45454545454545453,2656.5690750000067,895.2595620875001,1761.3095129125068,0.12305964608300093,1.6294378451125795,0.3865670860653499,948.9962235999992,6.2727272727272725,0.45454545454545453,0.5454545454545454,0.0,0.0,0.2727272727272727,160.1190466284097
60,pct,0.5,2.5,8,1.0,off,cfd_std,11,2,9,0.45454545454545453,2749.0003250000154,229.5,2519.5003250000154,0.031647047089016764,2.0439497937904245,0.5626666674386297,814.0522000000055,6.2727272727272725,0.45454545454545453,0.5454545454545454,0.0,0.0,0.2727272727272727,229.0454840909105
60,pct,0.5,2.5,8,1.0,off,cfd_raw,11,2,9,0.45454545454545453,2704.794074999998,202.0,2502.794074999998,0.027812466199291248,2.0380437312833193,0.5588213415501304,815.1071999999986,6.2727272727272725,0.45454545454545453,0.5454545454545454,0.0,0.0,0.2727272727272727,227.52673409090892
60,pct,0.5,2.5,8,1.0,bar,none,11,2,9,0.5454545454545454,1743.366721275801,0.0,1743.366721275801,0.0,2.1390735151799847,0.3864210218867783,891.683788404247,4.090909090909091,0.2727272727272727,0.2727272727272727,0.45454545454545453,0.0,0.2727272727272727,158.48788375234554
60,pct,0.5,2.5,8,1.0,bar,exchange,11,2,9,0.45454545454545453,1749.4117212758138,898.8461740651693,850.5655472106444,0.18716613234518256,1.4303802504958727,0.178901626893778,1219.34345529844,4.090909090909091,0.2727272727272727,0.2727272727272727,0.45454545454545453,0.0,0.2727272727272727,77.32414065551312
60,pct,0.5,2.5,8,1.0,bar,cfd_std,11,2,9,0.5454545454545454,1631.1188751601003,256.5,1374.6188751601003,0.051881299990514496,1.7673307098561295,0.29961609629349506,986.1162884042424,4.2727272727272725,0.2727272727272727,0.36363636363636365,0.36363636363636365,0.0,0.2727272727272727,124.96535228728185
60,pct,0.5,2.5,8,1.0,bar,cfd_raw,11,2,9,0.5454545454545454,1608.967625160105,218.0,1390.967625160105,0.043996037912349156,1.7801224107321802,0.30346760946148527,971.6437884042389,4.2727272727272725,0.2727272727272727,0.36363636363636365,0.36363636363636365,0.0,0.2727272727272727,126.45160228728227
60,pct,0.5,2.5,8,1.0,tick,none,11,2,9,0.5454545454545454,2320.4483227099117,0.0,2320.4483227099117,0.0,2.785236244210098,0.522491055635858,663.4050564221689,2.6363636363636362,0.2727272727272727,0.2727272727272727,0.45454545454545453,0.0,0.2727272727272727,210.94984751908288
60,pct,0.5,2.5,8,1.0,tick,exchange,11,2,9,0.5454545454545454,2326.4933227099245,898.3811140765107,1428.112208633414,0.18267013648444205,1.8379569708934376,0.3150811158989578,990.950583950369,2.6363636363636362,0.2727272727272727,0.2727272727272727,0.45454545454545453,0.0,0.2727272727272727,129.82838260303762
60,pct,0.5,2.5,8,1.0,tick,cfd_std,11,2,9,0.5454545454545454,2361.252072709918,256.5,2104.752072709918,0.05227673735876289,2.495209113194844,0.4721261112672414,757.8375564221642,2.6363636363636362,0.2727272727272727,0.2727272727272727,0.45454545454545453,0.0,0.2727272727272727,191.34109751908346
60,pct,0.5,2.5,8,1.0,tick,cfd_raw,11,2,9,0.5454545454545454,2344.6283227099193,218.0,2126.6283227099193,0.04438050787641282,2.5258658958287463,0.47729366426317926,743.3650564221607,2.6363636363636362,0.2727272727272727,0.2727272727272727,0.45454545454545453,0.0,0.2727272727272727,193.3298475190836
60,pct,0.5,2.5,8,2.0,off,none,0,0,0,,0.0,0.0,0.0,,,,0.0,,0.0,0.0,0.0,0.0,,
60,pct,0.5,2.5,8,2.0,off,exchange,0,0,0,,0.0,0.0,0.0,,,,0.0,,0.0,0.0,0.0,0.0,,
60,pct,0.5,2.5,8,2.0,off,cfd_std,0,0,0,,0.0,0.0,0.0,,,,0.0,,0.0,0.0,0.0,0.0,,
60,pct,0.5,2.5,8,2.0,off,cfd_raw,0,0,0,,0.0,0.0,0.0,,,,0.0,,0.0,0.0,0.0,0.0,,
60,pct,0.5,2.5,8,2.0,bar,none,0,0,0,,0.0,0.0,0.0,,,,0.0,,0.0,0.0,0.0,0.0,,
60,pct,0.5,2.5,8,2.0,bar,exchange,0,0,0,,0.0,0.0,0.0,,,,0.0,,0.0,0.0,0.0,0.0,,
60,pct,0.5,2.5,8,2.0,bar,cfd_std,0,0,0,,0.0,0.0,0.0,,,,0.0,,0.0,0.0,0.0,0.0,,
60,pct,0.5,2.5,8,2.0,bar,cfd_raw,0,0,0,,0.0,0.0,0.0,,,,0.0,,0.0,0.0,0.0,0.0,,
60,pct,0.5,2.5,8,2.0,tick,none,0,0,0,,0.0,0.0,0.0,,,,0.0,,0.0,0.0,0.0,0.0,,
60,pct,0.5,2.5,8,2.0,tick,exchange,0,0,0,,0.0,0.0,0.0,,,,0.0,,0.0,0.0,0.0,0.0,,
60,pct,0.5,2.5,8,2.0,tick,cfd_std,0,0,0,,0.0,0.0,0.0,,,,0.0,,0.0,0.0,0.0,0.0,,
60,pct,0.5,2.5,8,2.0,tick,cfd_raw,0,0,0,,0.0,0.0,0.0,,,,0.0,,0.0,0.0,0.0,0.0,,
60,pct,0.5,3.0,3,0.5,off,none,32,16,16,0.1875,-3070.7626499999897,0.0,-3070.7626499999897,0.0,0.6988227462915338,-0.2499999999999993,5455.367749999976,5.40625,0.1875,0.8125,0.0,0.0,0.15625,-95.96133281249968
60,pct,0.5,3.0,3,0.5,off,exchange,33,16,17,0.18181818181818182,-3412.3357500000566,2711.484378325,-6123.820128325056,0.15361181823595432,0.5199314775462086,-0.4779438836003719,7698.668673425025,5.090909090909091,0.18181818181818182,0.8181818181818182,0.0,0.0,0.15151515151515152,-185.5703069189411
60,pct,0.5,3.0,3,0.5,off,cfd_std,33,16,17,0.18181818181818182,-3101.5482500000508,810.0,-3911.5482500000508,0.04646243761869228,0.6442912932917483,-0.3072612755805641,6201.720850000027,5.090909090909091,0.18181818181818182,0.8181818181818182,0.0,0.0,0.15151515151515152,-118.5317651515167
60,pct,0.5,3.0,3,0.5,off,cfd_raw,33,16,17,0.18181818181818182,-3250.185750000048,678.0,-3928.185750000048,0.03865947429005111,0.6425010796015995,-0.3084783942812634,6196.830850000028,5.090909090909091,0.18181818181818182,0.8181818181818182,0.0,0.0,0.15151515151515152,-119.03593181818327
60,pct,0.5,3.0,3,0.5,bar,none,35,18,17,0.37142857142857144,1444.4246067500644,0.0,1444.4246067500644,0.0,1.1795184855861216,0.09864007514856905,2284.154250000007,5.171428571428572,0.2,0.5714285714285714,0.22857142857142856,0.0,0.11428571428571428,41.269274478573266
60,pct,0.5,3.0,3,0.5,bar,exchange,35,18,17,0.37142857142857144,1488.9332567500242,2874.030054020054,-1385.0967972700305,0.16411600587016995,0.858992760659383,-0.10731506315576685,3632.27502697015,5.171428571428572,0.2,0.5714285714285714,0.22857142857142856,0.0,0.11428571428571428,-39.57419420771516
60,pct,0.5,3.0,3,0.5,bar,cfd_std,35,18,17,0.37142857142857144,1741.8182567500335,850.5,891.3182567500335,0.048950637035418826,1.1059779292068104,0.058225284576010415,2501.1507403199794,5.142857142857143,0.2,0.5714285714285714,0.22857142857142856,0.0,0.11428571428571428,25.466235907143812
60,pct,0.5,3.0,3,0.5,bar,cfd_raw,35,18,17,0.37142857142857144,1620.873256750041,714.0,906.873256750041,0.040939366481486106,1.1080411492425795,0.05941144569918284,2480.7057403199724,5.171428571428572,0.2,0.5714285714285714,0.22857142857142856,0.0,0.11428571428571428,25.910664478572603
60,pct,0.5,3.0,3,0.5,tick,none,37,19,18,0.40540540540540543,1377.6673828044004,0.0,1377.6673828044004,0.0,1.1978099076604944,0.08562648751153258,2284.154250000007,3.675675675675676,0.13513513513513514,0.4594594594594595,0.40540540540540543,0.0,0.10810810810810811,37.23425358930812
60,pct,0.5,3.0,3,0.5,tick,exchange,37,19,18,0.3783783783783784,1412.2460328043817,3046.082573829021,-1633.8365410246388,0.19929260347615885,0.8137260535439568,-0.12154717660867516,3614.2170056985487,3.675675675675676,0.13513513513513514,0.4594594594594595,0.40540540540540543,0.0,0.10810810810810811,-44.15774435201727
60,pct,0.5,3.0,3,0.5,tick,cfd_std,37,19,18,0.40540540540540543,1608.0335328043875,931.5,676.5335328043875,0.0614497741826011,1.0918037676182135,0.03733626125309468,2524.207645238639,3.675675675675676,0.13513513513513514,0.4594594594594595,0.40540540540540543,0.0,0.10810810810810811,18.284690075794256
60,pct,0.5,3.0,3,0.5,tick,cfd_raw,37,19,18,0.40540540540540543,1514.3960328043904,774.0,740.3960328043904,0.05085793596807127,1.1009231773678734,0.04174242825187912,2489.2901452386286,3.675675675675676,0.13513513513513514,0.4594594594594595,0.40540540540540543,0.0,0.10810810810810811,20.010703589307848
60,pct,0.5,3.0,3,1.0,off,none,15,8,7,0.3333333333333333,2045.9633499999763,0.0,2045.9633499999763,0.0,1.5236554652341676,0.3333333333333293,1956.0323500000086,6.666666666666667,0.3333333333333333,0.6666666666666666,0.0,0.0,0.26666666666666666,136.39755666666508
60,pct,0.5,3.0,3,1.0,off,exchange,16,8,8,0.3125,1673.85159999998,1308.6781913,365.1734086999803,0.12808620057200384,1.0705815564375294,0.0450698421565458,2821.087019275001,5.9375,0.3125,0.6875,0.0,0.0,0.25,22.82333804374877
60,pct,0.5,3.0,3,1.0,off,cfd_std,16,8,8,0.3125,1812.0815999999904,364.5,1447.5815999999904,0.035917406991431186,1.3241991045419994,0.2175661868399697,2432.918749999997,5.875,0.3125,0.6875,0.0,0.0,0.25,90.4738499999994
60,pct,0.5,3.0,3,1.0,off,cfd_raw,16,8,8,0.3125,1745.9715999999753,312.0,1433.9715999999753,0.030644634340119895,1.3215451118171102,0.21546128381819302,2430.501250000001,5.9375,0.3125,0.6875,0.0,0.0,0.25,89.62322499999846
60,pct,0.5,3.0,3,1.0,bar,none,16,8,8,0.4375,2001.298971583572,0.0,2001.298971583572,0.0,1.6115008471154901,0.30500955470411506,1829.7956215512095,5.25,0.25,0.5,0.25,0.0,0.25,125.08118572397325
60,pct,0.5,3.0,3,1.0,bar,exchange,16,8,8,0.4375,2017.2989715835865,1310.1014873298998,707.1974842536868,0.15342868326861472,1.1768536265818152,0.09855953988950789,2556.8920756276493,4.875,0.25,0.5,0.25,0.0,0.25,44.19984276585542
60,pct,0.5,3.0,3,1.0,bar,cfd_std,16,8,8,0.4375,2109.2989715835865,378.0,1731.2989715835865,0.044508130658591584,1.5040515553435687,0.26168145461611214,2018.6606215512002,4.8125,0.25,0.5,0.25,0.0,0.25,108.20618572397416
60,pct,0.5,3.0,3,1.0,bar,cfd_raw,16,8,8,0.4375,2065.2989715835865,320.0,1745.2989715835865,0.03758148891727425,1.5099089878043361,0.26401496478721725,1995.7156215511932,4.875,0.25,0.5,0.25,0.0,0.25,109.08118572397416
60,pct,0.5,3.0,3,1.0,tick,none,17,9,8,0.4117647058823529,2589.499331052517,0.0,2589.499331052517,0.0,1.9910546575683308,0.37377364496771637,767.2411000000138,3.0588235294117645,0.23529411764705882,0.35294117647058826,0.4117647058823529,0.0,0.23529411764705882,152.32349006191276
60,pct,0.5,3.0,3,1.0,tick,exchange,17,9,8,0.35294117647058826,2601.539331052525,1392.8471178217715,1208.6922132307539,0.1783112703383578,1.3501125712445055,0.16645165103719975,1218.674660995297,3.0588235294117645,0.23529411764705882,0.35294117647058826,0.4117647058823529,0.0,0.23529411764705882,71.09954195475022
60,pct,0.5,3.0,3,1.0,tick,cfd_std,17,9,8,0.4117647058823529,2670.7693310525356,405.0,2265.7693310525356,0.05199784669808057,1.800906125512737,0.3249686114505682,879.4173723718122,3.0588235294117645,0.23529411764705882,0.35294117647058826,0.4117647058823529,0.0,0.23529411764705882,133.28054888544327
60,pct,0.5,3.0,3,1.0,tick,cfd_raw,17,9,8,0.4117647058823529,2637.6593310525204,342.0,2295.6593310525204,0.043848604481124695,1.8195995606201694,0.329533465472758,854.9448723718087,3.0588235294117645,0.23529411764705882,0.35294117647058826,0.4117647058823529,0.0,0.23529411764705882,135.03878417956003
60,pct,0.5,3.0,3,2.0,off,none,1,0,1,0.0,-377.9777000000031,0.0,-377.9777000000031,0.0,0.0,-1.0000000000000082,377.9777000000031,0.0,0.0,1.0,0.0,0.0,1.0,-377.9777000000031
60,pct,0.5,3.0,3,2.0,off,exchange,1,0,1,0.0,-377.9777000000031,79.78452884999999,-457.7622288500031,0.21108263490147522,0.0,-1.2110826349014854,457.7622288499988,0.0,0.0,1.0,0.0,0.0,1.0,-457.7622288500031
60,pct,0.5,3.0,3,2.0,off,cfd_std,1,0,1,0.0,-377.9777000000031,27.0,-404.9777000000031,0.07143278558496911,0.0,-1.071432785584978,404.9777000000031,0.0,0.0,1.0,0.0,0.0,1.0,-404.9777000000031
60,pct,0.5,3.0,3,2.0,off,cfd_raw,1,0,1,0.0,-377.9777000000031,22.0,-399.9777000000031,0.05820449195812298,0.0,-1.0582044919581317,399.9777000000031,0.0,0.0,1.0,0.0,0.0,1.0,-399.9777000000031
60,pct,0.5,3.0,3,2.0,bar,none,1,0,1,0.0,-377.9777000000031,0.0,-377.9777000000031,0.0,0.0,-1.0000000000000082,377.9777000000031,0.0,0.0,1.0,0.0,0.0,1.0,-377.9777000000031
60,pct,0.5,3.0,3,2.0,bar,exchange,1,0,1,0.0,-377.9777000000031,79.78452884999999,-457.7622288500031,0.21108263490147522,0.0,-1.2110826349014854,457.7622288499988,0.0,0.0,1.0,0.0,0.0,1.0,-457.7622288500031
60,pct,0.5,3.0,3,2.0,bar,cfd_std,1,0,1,0.0,-377.9777000000031,27.0,-404.9777000000031,0.07143278558496911,0.0,-1.071432785584978,404.9777000000031,0.0,0.0,1.0,0.0,0.0,1.0,-404.9777000000031
60,pct,0.5,3.0,3,2.0,bar,cfd_raw,1,0,1,0.0,-377.9777000000031,22.0,-399.9777000000031,0.05820449195812298,0.0,-1.0582044919581317,399.9777000000031,0.0,0.0,1.0,0.0,0.0,1.0,-399.9777000000031
60,pct,0.5,3.0,3,2.0,tick,none,1,0,1,0.0,-377.9777000000031,0.0,-377.9777000000031,0.0,0.0,-1.0000000000000082,377.9777000000031,0.0,0.0,1.0,0.0,0.0,1.0,-377.9777000000031
60,pct,0.5,3.0,3,2.0,tick,exchange,1,0,1,0.0,-377.9777000000031,79.78452884999999,-457.7622288500031,0.21108263490147522,0.0,-1.2110826349014854,457.7622288499988,0.0,0.0,1.0,0.0,0.0,1.0,-457.7622288500031
60,pct,0.5,3.0,3,2.0,tick,cfd_std,1,0,1,0.0,-377.9777000000031,27.0,-404.9777000000031,0.07143278558496911,0.0,-1.071432785584978,404.9777000000031,0.0,0.0,1.0,0.0,0.0,1.0,-404.9777000000031
60,pct,0.5,3.0,3,2.0,tick,cfd_raw,1,0,1,0.0,-377.9777000000031,22.0,-399.9777000000031,0.05820449195812298,0.0,-1.0582044919581317,399.9777000000031,0.0,0.0,1.0,0.0,0.0,1.0,-399.9777000000031
60,pct,0.5,3.0,5,0.5,off,none,16,7,9,0.25,99.95274999999674,0.0,99.95274999999674,0.0,1.0214413175757242,-5.273559366969494e-16,2312.614699999991,6.75,0.25,0.75,0.0,0.0,0.125,6.247046874999796
60,pct,0.5,3.0,5,0.5,off,exchange,18,8,10,0.2777777777777778,907.7901499999571,1466.7758491250001,-558.9856991250431,0.13388747202749307,0.9081394747818011,-0.09357880925929507,2471.9294317500317,6.444444444444445,0.2777777777777778,0.7222222222222222,0.0,0.0,0.1111111111111111,-31.054761062502394
60,pct,0.5,3.0,5,0.5,off,cfd_std,18,8,10,0.2777777777777778,1080.4626499999576,418.5,661.9626499999576,0.038401679873915816,1.1258544169516898,0.08013222538453496,2021.547150000013,6.444444444444445,0.2777777777777778,0.7222222222222222,0.0,0.0,0.1111111111111111,36.77570277777542
60,pct,0.5,3.0,5,0.5,off,cfd_raw,18,8,10,0.2777777777777778,997.8801499999681,356.0,641.8801499999681,0.0325846841961741,1.1222687301595806,0.07738804871408816,2012.9646500000235,6.444444444444445,0.2777777777777778,0.7222222222222222,0.0,0.0,0.1111111111111111,35.66000833333156
60,pct,0.5,3.0,5,0.5,bar,none,20,8,12,0.4,137.13004302643822,0.0,137.13004302643822,0.0,1.033496442078123,0.0075764847955417155,2104.028350108347,4.8,0.15,0.5,0.35,0.0,0.1,6.85650215132191
60,pct,0.5,3.0,5,0.5,bar,exchange,21,8,13,0.2857142857142857,-620.8493192758324,1717.1656249253297,-2338.0149442011616,0.18941822999712188,0.6122077730258013,-0.2965962174950872,4337.494947032508,4.428571428571429,0.14285714285714285,0.5714285714285714,0.2857142857142857,0.0,0.09523809523809523,-111.33404496196007
60,pct,0.5,3.0,5,0.5,bar,cfd_std,21,8,13,0.3333333333333333,-482.61931927583646,526.5,-1009.1193192758365,0.05852219413184878,0.8028140701369443,-0.13448265263852768,3223.2777124106215,4.428571428571429,0.14285714285714285,0.5714285714285714,0.2857142857142857,0.0,0.09523809523809523,-48.053300917896976
60,pct,0.5,3.0,5,0.5,bar,cfd_raw,21,8,13,0.3333333333333333,-548.7293192758225,438.0,-986.7293192758225,0.04850749840260537,0.8064147452251295,-0.13166446127880047,3193.8877124106075,4.428571428571429,0.14285714285714285,0.5714285714285714,0.2857142857142857,0.0,0.09523809523809523,-46.98711044170583
60,pct,0.5,3.0,5,0.5,tick,none,20,8,12,0.45,-362.3561964090186,0.0,-362.3561964090186,0.0,0.9001979383935973,-0.05876820664557407,1806.755355806963,3.5,0.1,0.45,0.45,0.0,0.1,-18.11780982045093
60,pct,0.5,3.0,5,0.5,tick,exchange,21,8,13,0.2857142857142857,-1221.934613503763,1719.5042989607298,-2941.4389124644936,0.22798668710617606,0.46347843097844527,-0.3726071838014478,4104.575533861513,3.238095238095238,0.09523809523809523,0.5238095238095238,0.38095238095238093,0.0,0.09523809523809523,-140.06851964116635
60,pct,0.5,3.0,5,0.5,tick,cfd_std,21,8,13,0.38095238095238093,-1106.4746135037713,540.0,-1646.4746135037713,0.07225669522759867,0.6452263139020101,-0.2145729466050323,2950.337680184137,3.238095238095238,0.09523809523809523,0.5238095238095238,0.38095238095238093,0.0,0.09523809523809523,-78.4035530239891
60,pct,0.5,3.0,5,0.5,tick,cfd_raw,21,8,13,0.38095238095238093,-1161.6946135037579,446.0,-1607.6946135037579,0.059417184782858935,0.6520119128092312,-0.20978458490399834,2910.4751801841194,3.238095238095238,0.09523809523809523,0.5238095238095238,0.38095238095238093,0.0,0.09523809523809523,-76.5568863573218
60,pct,0.5,3.0,5,1.0,off,none,10,4,6,0.4,2430.0813499999786,0.0,2430.0813499999786,0.0,2.0422554605280925,0.5999999999999945,777.1895500000101,9.4,0.4,0.6,0.0,0.0,0.2,243.00813499999785
60,pct,0.5,3.0,5,1.0,off,exchange,11,4,7,0.36363636363636365,2065.522449999975,896.8695282250001,1168.6529217749749,0.12000244190653878,1.356783176646257,0.25018098622897667,1387.0332744750049,8.181818181818182,0.36363636363636365,0.6363636363636364,0.0,0.0,0.18181818181818182,106.2411747068159
60,pct,0.5,3.0,5,1.0,off,cfd_std,11,4,7,0.36363636363636365,2169.1949499999755,243.0,1926.1949499999755,0.032564611287793505,1.6793268298545876,0.42600094740919514,1202.9166499999992,8.181818181818182,0.36363636363636365,0.6363636363636364,0.0,0.0,0.18181818181818182,175.1086318181796
60,pct,0.5,3.0,5,1.0,off,cfd_raw,11,4,7,0.36363636363636365,2119.612449999986,210.0,1909.612449999986,0.028121218763176116,1.6752449789148125,0.4222804793973651,1198.9716500000068,8.181818181818182,0.36363636363636365,0.6363636363636364,0.0,0.0,0.18181818181818182,173.60113181818053
60,pct,0.5,3.0,5,1.0,bar,none,11,4,7,0.5454545454545454,2255.1059892374615,0.0,2255.1059892374615,0.0,2.328684851834297,0.5071393202411738,763.8102500000095,5.090909090909091,0.2727272727272727,0.36363636363636365,0.36363636363636365,0.0,0.18181818181818182,205.00963538522376
60,pct,0.5,3.0,5,1.0,bar,exchange,11,4,7,0.45454545454545453,2265.1559892374644,899.3733966202658,1365.7825926171986,0.1591358022987165,1.6373909417443036,0.3003496967936833,922.5619787750038,5.090909090909091,0.2727272727272727,0.36363636363636365,0.36363636363636365,0.0,0.18181818181818182,124.16205387429078
60,pct,0.5,3.0,5,1.0,bar,cfd_std,11,4,7,0.5454545454545454,2322.9434892374557,256.5,2066.4434892374557,0.045292678883537,2.1447731912536665,0.4629921444604575,804.2427500000049,5.090909090909091,0.2727272727272727,0.36363636363636365,0.36363636363636365,0.0,0.18181818181818182,187.85849902158688
60,pct,0.5,3.0,5,1.0,bar,cfd_raw,11,4,7,0.5454545454545454,2295.305989237473,218.0,2077.305989237473,0.03853197145891636,2.1597502238488113,0.4656283192297059,799.7702500000014,5.090909090909091,0.2727272727272727,0.36363636363636365,0.36363636363636365,0.0,0.18181818181818182,188.84599902158845
60,pct,0.5,3.0,5,1.0,tick,none,11,4,7,0.45454545454545453,1190.1423162706342,0.0,1190.1423162706342,0.0,1.7002820149032007,0.26012779614369524,763.8102500000095,3.4545454545454546,0.18181818181818182,0.36363636363636365,0.45454545454545453,0.0,0.18181818181818182,108.19475602460311
60,pct,0.5,3.0,5,1.0,tick,exchange,11,4,7,0.36363636363636365,1198.222316270636,901.6072764662968,296.6150398043393,0.19646200612369846,1.1339231077511698,0.05235996232520437,1194.5618764092796,3.4545454545454546,0.18181818181818182,0.36363636363636365,0.45454545454545453,0.0,0.18181818181818182,26.9650036185763
60,pct,0.5,3.0,5,1.0,tick,cfd_std,11,4,7,0.45454545454545453,1244.6823162706278,270.0,974.6823162706278,0.05883058478310586,1.5313405065271706,0.20974723973100826,850.2586964866059,3.4545454545454546,0.18181818181818182,0.36363636363636365,0.45454545454545453,0.0,0.18181818181818182,88.6074832973298
60,pct,0.5,3.0,5,1.0,tick,cfd_raw,11,4,7,0.45454545454545453,1222.4623162706412,226.0,996.4623162706412,0.04924455866837833,1.548882408373045,0.21492293994291042,825.7861964866024,3.4545454545454546,0.18181818181818182,0.36363636363636365,0.45454545454545453,0.0,0.18181818181818182,90.58748329733102
60,pct,0.5,3.0,5,2.0,off,none,0,0,0,,0.0,0.0,0.0,,,,0.0,,0.0,0.0,0.0,0.0,,
60,pct,0.5,3.0,5,2.0,off,exchange,0,0,0,,0.0,0.0,0.0,,,,0.0,,0.0,0.0,0.0,0.0,,
60,pct,0.5,3.0,5,2.0,off,cfd_std,0,0,0,,0.0,0.0,0.0,,,,0.0,,0.0,0.0,0.0,0.0,,
60,pct,0.5,3.0,5,2.0,off,cfd_raw,0,0,0,,0.0,0.0,0.0,,,,0.0,,0.0,0.0,0.0,0.0,,
60,pct,0.5,3.0,5,2.0,bar,none,0,0,0,,0.0,0.0,0.0,,,,0.0,,0.0,0.0,0.0,0.0,,
60,pct,0.5,3.0,5,2.0,bar,exchange,0,0,0,,0.0,0.0,0.0,,,,0.0,,0.0,0.0,0.0,0.0,,
60,pct,0.5,3.0,5,2.0,bar,cfd_std,0,0,0,,0.0,0.0,0.0,,,,0.0,,0.0,0.0,0.0,0.0,,
60,pct,0.5,3.0,5,2.0,bar,cfd_raw,0,0,0,,0.0,0.0,0.0,,,,0.0,,0.0,0.0,0.0,0.0,,
60,pct,0.5,3.0,5,2.0,tick,none,0,0,0,,0.0,0.0,0.0,,,,0.0,,0.0,0.0,0.0,0.0,,
60,pct,0.5,3.0,5,2.0,tick,exchange,0,0,0,,0.0,0.0,0.0,,,,0.0,,0.0,0.0,0.0,0.0,,
60,pct,0.5,3.0,5,2.0,tick,cfd_std,0,0,0,,0.0,0.0,0.0,,,,0.0,,0.0,0.0,0.0,0.0,,
60,pct,0.5,3.0,5,2.0,tick,cfd_raw,0,0,0,,0.0,0.0,0.0,,,,0.0,,0.0,0.0,0.0,0.0,,
60,pct,0.5,3.0,8,0.5,off,none,21,7,14,0.23809523809523808,-190.26954999999725,0.0,-190.26954999999725,0.0,0.9693532700820296,-0.04761904761904726,2695.4670999999944,4.714285714285714,0.23809523809523808,0.7619047619047619,0.0,0.0,0.23809523809523808,-9.060454761904632
60,pct,0.5,3.0,8,0.5,off,exchange,23,8,15,0.2608695652173913,623.9924999999639,1878.2065944,-1254.2140944000357,0.13656735361966296,0.8422772432991108,-0.1617625869561711,3590.3932919250365,4.6521739130434785,0.2608695652173913,0.7391304347826086,0.0,0.0,0.21739130434782608,-54.53104758261025
60,pct,0.5,3.0,8,0.5,off,cfd_std,23,8,15,0.2608695652173913,819.7799999999552,540.0,279.7799999999552,0.03956281159011021,1.0407029645514907,0.00877477695798428,2457.0550000000367,4.6521739130434785,0.2608695652173913,0.7391304347826086,0.0,0.0,0.21739130434782608,12.164347826085008
60,pct,0.5,3.0,8,0.5,off,cfd_raw,23,8,15,0.2608695652173913,726.1425000000017,458.0,268.14250000000175,0.03343353880773554,1.0390859004722846,0.007565125109589109,2462.082500000004,4.6521739130434785,0.2608695652173913,0.7391304347826086,0.0,0.0,0.21739130434782608,11.658369565217468
60,pct,0.5,3.0,8,0.5,bar,none,24,8,16,0.3333333333333333,-360.55152574233944,0.0,-360.55152574233944,0.0,0.9341806866557635,-0.05662597130469521,3291.912847724612,3.75,0.16666666666666666,0.5416666666666666,0.2916666666666667,0.0,0.20833333333333334,-15.022980239264143
60,pct,0.5,3.0,8,0.5,bar,exchange,25,8,17,0.24,-1116.5408880446048,2045.7555573448294,-3162.296445389434,0.1805641423647336,0.591195306392544,-0.34274486010166855,5498.475642914433,3.48,0.16,0.6,0.24,0.0,0.2,-126.49185781557736
60,pct,0.5,3.0,8,0.5,bar,cfd_std,25,8,17,0.28,-1119.9199841603113,621.0,-1740.9199841603113,0.05457335838912242,0.7415325922930315,-0.19772349333412823,4232.415034160309,3.56,0.16,0.64,0.2,0.0,0.2,-69.63679936641245
60,pct,0.5,3.0,8,0.5,bar,cfd_raw,25,8,17,0.28,-1197.0299841602828,518.0,-1715.0299841602828,0.045302336805255985,0.7444700497166358,-0.19499618546246522,4200.107534160285,3.56,0.16,0.64,0.2,0.0,0.2,-68.60119936641131
60,pct,0.5,3.0,8,0.5,tick,none,24,8,16,0.375,674.6114311832207,0.0,674.6114311832207,0.0,1.136101010255994,0.05447042819043202,2703.1918150435667,2.9166666666666665,0.16666666666666666,0.5,0.3333333333333333,0.0,0.20833333333333334,28.108809632634195
60,pct,0.5,3.0,8,0.5,tick,exchange,25,8,17,0.28,-181.02698591152148,2045.1112812058213,-2226.1382671173424,0.18216122536119492,0.6866723481910083,-0.2463682406213589,4562.317464642343,2.72,0.16,0.56,0.28,0.0,0.2,-89.04553068469369
60,pct,0.5,3.0,8,0.5,tick,cfd_std,25,8,17,0.32,-42.91198591151624,621.0,-663.9119859115162,0.055771022119960496,0.8902237128640345,-0.0865546361840303,3155.407035911514,2.72,0.16,0.56,0.28,0.0,0.2,-26.55647943646065
60,pct,0.5,3.0,8,0.5,tick,cfd_raw,25,8,17,0.32,-108.9669859114947,518.0,-626.9669859114947,0.04633742152426563,0.8958166350357794,-0.08268632668003312,3112.0445359114965,2.72,0.16,0.56,0.28,0.0,0.2,-25.078679436459787
60,pct,0.5,3.0,8,1.0,off,none,9,1,8,0.4444444444444444,2852.763099999982,0.0,2852.763099999982,0.0,2.4730179234903034,0.7777777777777728,787.1872000000003,7.777777777777778,0.4444444444444444,0.5555555555555556,0.0,0.0,0.2222222222222222,316.9736777777758
60,pct,0.5,3.0,8,1.0,off,exchange,11,2,9,0.45454545454545453,3650.496499999994,895.1526517000001,2755.3438482999936,0.10825492176583973,1.9846751418211992,0.6142848516817074,948.9962235999992,7.090909090909091,0.45454545454545453,0.5454545454545454,0.0,0.0,0.18181818181818182,250.4858043909085
60,pct,0.5,3.0,8,1.0,off,cfd_std,11,2,9,0.45454545454545453,3754.283999999985,229.5,3524.783999999985,0.027794110097447623,2.4604870233369582,0.7927885855777586,814.0522000000055,7.090909090909091,0.45454545454545453,0.5454545454545454,0.0,0.0,0.18181818181818182,320.43490909090775
60,pct,0.5,3.0,8,1.0,off,cfd_raw,11,2,9,0.45454545454545453,3704.646500000017,202.0,3502.646500000017,0.024446970201055452,2.4527364750240106,0.7877824782251781,815.1071999999986,7.090909090909091,0.45454545454545453,0.5454545454545454,0.0,0.0,0.18181818181818182,318.42240909091066
60,pct,0.5,3.0,8,1.0,bar,none,11,2,9,0.5454545454545454,2343.3502212757885,0.0,2343.3502212757885,0.0,2.5310881762691,0.522784658250412,891.683788404247,4.2727272727272725,0.2727272727272727,0.2727272727272727,0.45454545454545453,0.0,0.18181818181818182,213.03183829779894
60,pct,0.5,3.0,8,1.0,bar,exchange,11,2,9,0.45454545454545453,2351.370221275807,898.7415310901691,1452.6286901856379,0.16629946731428175,1.735020012989967,0.31571027586535033,1219.34345529844,4.2727272727272725,0.2727272727272727,0.2727272727272727,0.45454545454545453,0.0,0.18181818181818182,132.0571536532398
60,pct,0.5,3.0,8,1.0,bar,cfd_std,11,2,9,0.5454545454545454,2244.4336251600907,256.5,1987.9336251600907,0.046155568307665866,2.1096912368261345,0.43882874197892413,986.1162884042424,4.454545454545454,0.2727272727272727,0.36363636363636365,0.36363636363636365,0.0,0.18181818181818182,180.72123865091734
60,pct,0.5,3.0,8,1.0,bar,cfd_raw,11,2,9,0.5454545454545454,2216.8511251601158,218.0,1998.8511251601158,0.03918836834498475,2.1210530930043423,0.441519547645447,971.6437884042389,4.454545454545454,0.2727272727272727,0.36363636363636365,0.36363636363636365,0.0,0.18181818181818182,181.71373865091962
60,pct,0.5,3.0,8,1.0,tick,none,11,2,9,0.5454545454545454,2920.4318227098993,0.0,2920.4318227098993,0.0,3.246833375956226,0.6588546919994916,663.4050564221689,2.8181818181818183,0.2727272727272727,0.2727272727272727,0.45454545454545453,0.0,0.18181818181818182,265.4938020645363
60,pct,0.5,3.0,8,1.0,tick,exchange,11,2,9,0.5454545454545454,2928.451822709918,898.2764711015108,2030.1753516084073,0.16273095394304035,2.1912226348405834,0.45188976487053006,990.950583950369,2.8181818181818183,0.2727272727272727,0.2727272727272727,0.45454545454545453,0.0,0.18181818181818182,184.56139560076429
60,pct,0.5,3.0,8,1.0,tick,cfd_std,11,2,9,0.5454545454545454,2974.5668227099086,256.5,2718.0668227099086,0.04646827634848587,2.9309059419791015,0.6113387569526705,757.8375564221642,2.8181818181818183,0.2727272727272727,0.2727272727272727,0.45454545454545453,0.0,0.18181818181818182,247.09698388271897
60,pct,0.5,3.0,8,1.0,tick,cfd_raw,11,2,9,0.5454545454545454,2952.51182270993,218.0,2734.51182270993,0.03949311231673595,2.962025186750384,0.615345602447141,743.3650564221607,2.8181818181818183,0.2727272727272727,0.2727272727272727,0.45454545454545453,0.0,0.18181818181818182,248.5919838827209
60,pct,0.5,3.0,8,2.0,off,none,0,0,0,,0.0,0.0,0.0,,,,0.0,,0.0,0.0,0.0,0.0,,
60,pct,0.5,3.0,8,2.0,off,exchange,0,0,0,,0.0,0.0,0.0,,,,0.0,,0.0,0.0,0.0,0.0,,
60,pct,0.5,3.0,8,2.0,off,cfd_std,0,0,0,,0.0,0.0,0.0,,,,0.0,,0.0,0.0,0.0,0.0,,
60,pct,0.5,3.0,8,2.0,off,cfd_raw,0,0,0,,0.0,0.0,0.0,,,,0.0,,0.0,0.0,0.0,0.0,,
60,pct,0.5,3.0,8,2.0,bar,none,0,0,0,,0.0,0.0,0.0,,,,0.0,,0.0,0.0,0.0,0.0,,
60,pct,0.5,3.0,8,2.0,bar,exchange,0,0,0,,0.0,0.0,0.0,,,,0.0,,0.0,0.0,0.0,0.0,,
60,pct,0.5,3.0,8,2.0,bar,cfd_std,0,0,0,,0.0,0.0,0.0,,,,0.0,,0.0,0.0,0.0,0.0,,
60,pct,0.5,3.0,8,2.0,bar,cfd_raw,0,0,0,,0.0,0.0,0.0,,,,0.0,,0.0,0.0,0.0,0.0,,
60,pct,0.5,3.0,8,2.0,tick,none,0,0,0,,0.0,0.0,0.0,,,,0.0,,0.0,0.0,0.0,0.0,,
60,pct,0.5,3.0,8,2.0,tick,exchange,0,0,0,,0.0,0.0,0.0,,,,0.0,,0.0,0.0,0.0,0.0,,
60,pct,0.5,3.0,8,2.0,tick,cfd_std,0,0,0,,0.0,0.0,0.0,,,,0.0,,0.0,0.0,0.0,0.0,,
60,pct,0.5,3.0,8,2.0,tick,cfd_raw,0,0,0,,0.0,0.0,0.0,,,,0.0,,0.0,0.0,0.0,0.0,,
60,pct,1.0,1.0,3,0.5,off,none,22,10,12,0.5454545454545454,1747.559300000008,0.0,1747.559300000008,0.0,1.2254382231669292,0.09090909090909133,3035.047900000005,10.818181818181818,0.5454545454545454,0.45454545454545453,0.0,0.0,0.18181818181818182,79.434513636364
60,pct,1.0,1.0,3,0.5,off,exchange,22,10,12,0.5,57.0454999999929,1791.0124494499998,-1733.9669494500076,0.10381944259908424,0.8175325278361584,-0.10175277322697647,3984.841716149982,10.181818181818182,0.5,0.5,0.0,0.0,0.18181818181818182,-78.8166795204549
60,pct,1.0,1.0,3,0.5,off,cfd_std,23,11,12,0.4782608695652174,-519.1525999999867,472.5,-991.6525999999867,0.026220005479065552,0.8966368729605417,-0.0555464426344093,3980.0159999999887,10.043478260869565,0.4782608695652174,0.5217391304347826,0.0,0.0,0.17391304347826086,-43.11533043478203
60,pct,1.0,1.0,3,0.5,off,cfd_raw,22,10,12,0.5,164.92549999996845,396.0,-231.07450000003155,0.02295489307283294,0.9736971456329927,-0.014669642535272672,3187.0479000000196,10.181818181818182,0.5,0.5,0.0,0.0,0.18181818181818182,-10.503386363637798
60,pct,1.0,1.0,3,0.5,bar,none,26,12,14,0.6153846153846154,4221.754154573442,0.0,4221.754154573442,0.0,1.6027388931209066,0.19592951821208643,2281.0722000000096,8.038461538461538,0.5384615384615384,0.34615384615384615,0.11538461538461539,0.0,0.15384615384615385,162.37515979128622
60,pct,1.0,1.0,3,0.5,bar,exchange,26,12,14,0.5384615384615384,2533.260354573402,2119.5799879645297,413.68036660887185,0.1162286114240085,1.0468140289040402,0.01702285315538187,3383.7729790898156,7.5,0.5,0.38461538461538464,0.11538461538461539,0.0,0.15384615384615385,15.910783331110455
60,pct,1.0,1.0,3,0.5,bar,cfd_std,27,13,14,0.5555555555555556,2961.5541694579297,553.5,2408.0541694579297,0.029950334060709093,1.2980815346955104,0.11037993281751983,2335.072199999995,6.962962962962963,0.48148148148148145,0.37037037037037035,0.14814814814814814,0.0,0.14814814814814814,89.18719146140481
60,pct,1.0,1.0,3,0.5,bar,cfd_raw,26,12,14,0.5384615384615384,2647.200354573375,468.0,2179.200354573375,0.025637877248600137,1.2702881358704428,0.10348194556930508,2392.510804504869,7.5,0.5,0.38461538461538464,0.11538461538461539,0.0,0.15384615384615385,83.81539825282212
60,pct,1.0,1.0,3,0.5,tick,none,30,15,15,0.6666666666666666,3643.631330470045,0.0,3643.631330470045,0.0,1.5806649022779113,0.14372046178936665,2905.241196803807,6.266666666666667,0.36666666666666664,0.26666666666666666,0.36666666666666664,0.0,0.13333333333333333,121.45437768233484
60,pct,1.0,1.0,3,0.5,tick,exchange,30,15,15,0.5666666666666667,1947.137530470034,2460.2896292202176,-513.1520987501838,0.1519118308786223,0.9366052865214048,-0.025933787444653737,3939.9378083650663,5.8,0.3333333333333333,0.3,0.36666666666666664,0.0,0.13333333333333333,-17.10506995833946
60,pct,1.0,1.0,3,0.5,tick,cfd_std,31,16,15,0.6129032258064516,2028.8443549020594,702.0,1326.8443549020594,0.043073288919962205,1.1778974306703967,0.05034926798752125,3225.419372371791,5.258064516129032,0.3225806451612903,0.2903225806451613,0.3870967741935484,0.0,0.12903225806451613,42.80143080329224
60,pct,1.0,1.0,3,0.5,tick,cfd_raw,30,15,15,0.6333333333333333,2037.0775304700073,580.0,1457.0775304700073,0.03579899895411072,1.1989389008769475,0.05753465299080803,3103.2411968038214,5.8,0.3333333333333333,0.3,0.36666666666666664,0.0,0.13333333333333333,48.569251015666914
60,pct,1.0,1.0,3,1.0,off,none,15,8,7,0.6,2422.753100000031,0.0,2422.753100000031,0.0,1.5176767445288764,0.2000000000000026,2315.578399999984,7.733333333333333,0.6,0.4,0.0,0.0,0.3333333333333333,161.51687333333538
60,pct,1.0,1.0,3,1.0,off,exchange,15,8,7,0.6,2442.7930999999953,1220.67546675,1222.117633249995,0.10356210374365583,1.2366588686331752,0.09808774659786958,2876.9917199999763,7.733333333333333,0.6,0.4,0.0,0.0,0.3333333333333333,81.474508883333
60,pct,1.0,1.0,3,1.0,off,cfd_std,15,8,7,0.5333333333333333,978.687699999995,297.0,681.687699999995,0.025205541216733275,1.1219211492709147,0.05282294516745854,3247.247100000008,8.2,0.5333333333333333,0.4666666666666667,0.0,0.0,0.3333333333333333,45.44584666666633
60,pct,1.0,1.0,3,1.0,off,cfd_raw,15,8,7,0.5333333333333333,923.6877000000095,266.0,657.6877000000095,0.022574870555395213,1.117787861401661,0.05082173484596202,3252.1920999999857,8.2,0.5333333333333333,0.4666666666666667,0.0,0.0,0.3333333333333333,43.8458466666673
60,pct,1.0,1.0,3,1.0,bar,none,16,8,8,0.6875,3375.5186718355253,0.0,3375.5186718355253,0.0,1.8741224923914557,0.2608747441723436,2151.8368872427527,6.0625,0.5625,0.3125,0.125,0.0,0.3125,210.96991698972033
60,pct,1.0,1.0,3,1.0,bar,exchange,16,8,8,0.625,3393.578671835494,1301.5340229231606,2092.0446489123333,0.11720510637674149,1.481766144953908,0.1585781115641227,2629.9783813863614,6.0625,0.5625,0.3125,0.125,0.0,0.3125,130.75279055702083
60,pct,1.0,1.0,3,1.0,bar,cfd_std,16,8,8,0.625,2904.1647867199936,324.0,2580.1647867199936,0.03072222434593213,1.6486148796622366,0.19772983754369772,2259.7018872427434,6.125,0.5,0.3125,0.1875,0.0,0.3125,161.2602991699996
60,pct,1.0,1.0,3,1.0,bar,cfd_raw,16,8,8,0.625,2860.0547867199784,288.0,2572.0547867199784,0.027337157570354476,1.6487689027599677,0.19710852900247966,2251.756887242751,6.125,0.5,0.3125,0.1875,0.0,0.3125,160.75342416999865
60,pct,1.0,1.0,3,1.0,tick,none,16,8,8,0.625,1286.5340085332573,0.0,1286.5340085332573,0.0,1.3938039726019973,0.09316594528179602,2227.440635237421,4.0,0.3125,0.25,0.4375,0.0,0.3125,80.40837553332858
60,pct,1.0,1.0,3,1.0,tick,exchange,16,8,8,0.5,1294.574008533251,1309.0844165265162,-14.510407993265517,0.16739237460533074,0.9962017142680955,-0.010528861739977531,2871.492613079463,4.0,0.3125,0.25,0.4375,0.0,0.3125,-0.9069004995790948
60,pct,1.0,1.0,3,1.0,tick,cfd_std,16,8,8,0.625,1340.8040085332614,364.5,976.3040085332614,0.0466071747441865,1.2869844753467414,0.06837320937209365,2389.3056352374115,4.0,0.3125,0.25,0.4375,0.0,0.3125,61.019000533328835
60,pct,1.0,1.0,3,1.0,tick,cfd_raw,16,8,8,0.625,1318.6940085332608,312.0,1006.6940085332608,0.039894768318942,1.2975796095978838,0.0708202042637742,2371.360635237419,4.0,0.3125,0.25,0.4375,0.0,0.3125,62.9183755333288
60,pct,1.0,1.0,3,2.0,off,none,1,0,1,0.0,-755.9554000000062,0.0,-755.9554000000062,0.0,0.0,-1.0000000000000082,755.9554000000062,24.0,0.0,1.0,0.0,0.0,0.0,-755.9554000000062
60,pct,1.0,1.0,3,2.0,off,exchange,1,0,1,0.0,-753.9354000000021,79.9725077,-833.9079077000022,0.1060734218077567,0.0,-1.1031178660804621,833.907907700006,24.0,0.0,1.0,0.0,0.0,0.0,-833.9079077000022
60,pct,1.0,1.0,3,2.0,off,cfd_std,1,0,1,0.0,-742.3203999999969,27.0,-769.3203999999969,0.036372434328896405,0.0,-1.017679614432276,769.3203999999969,24.0,0.0,1.0,0.0,0.0,0.0,-769.3203999999969
60,pct,1.0,1.0,3,2.0,off,cfd_raw,1,0,1,0.0,-747.8754000000044,22.0,-769.8754000000044,0.029416664861552966,0.0,-1.018413784728576,769.8754000000044,24.0,0.0,1.0,0.0,0.0,0.0,-769.8754000000044
60,pct,1.0,1.0,3,2.0,bar,none,1,0,1,0.0,-755.9554000000062,0.0,-755.9554000000062,0.0,0.0,-1.0000000000000082,755.9554000000062,24.0,0.0,1.0,0.0,0.0,0.0,-755.9554000000062
60,pct,1.0,1.0,3,2.0,bar,exchange,1,0,1,0.0,-753.9354000000021,79.9725077,-833.9079077000022,0.1060734218077567,0.0,-1.1031178660804621,833.907907700006,24.0,0.0,1.0,0.0,0.0,0.0,-833.9079077000022
60,pct,1.0,1.0,3,2.0,bar,cfd_std,1,0,1,0.0,-742.3203999999969,27.0,-769.3203999999969,0.036372434328896405,0.0,-1.017679614432276,769.3203999999969,24.0,0.0,1.0,0.0,0.0,0.0,-769.3203999999969
60,pct,1.0,1.0,3,2.0,bar,cfd_raw,1,0,1,0.0,-747.8754000000044,22.0,-769.8754000000044,0.029416664861552966,0.0,-1.018413784728576,769.8754000000044,24.0,0.0,1.0,0.0,0.0,0.0,-769.8754000000044
60,pct,1.0,1.0,3,2.0,tick,none,1,0,1,0.0,-755.9554000000062,0.0,-755.9554000000062,0.0,0.0,-1.0000000000000082,755.9554000000062,24.0,0.0,1.0,0.0,0.0,0.0,-755.9554000000062
60,pct,1.0,1.0,3,2.0,tick,exchange,1,0,1,0.0,-753.9354000000021,79.9725077,-833.9079077000022,0.1060734218077567,0.0,-1.1031178660804621,833.907907700006,24.0,0.0,1.0,0.0,0.0,0.0,-833.9079077000022
60,pct,1.0,1.0,3,2.0,tick,cfd_std,1,0,1,0.0,-742.3203999999969,27.0,-769.3203999999969,0.036372434328896405,0.0,-1.017679614432276,769.3203999999969,24.0,0.0,1.0,0.0,0.0,0.0,-769.3203999999969
60,pct,1.0,1.0,3,2.0,tick,cfd_raw,1,0,1,0.0,-747.8754000000044,22.0,-769.8754000000044,0.029416664861552966,0.0,-1.018413784728576,769.8754000000044,24.0,0.0,1.0,0.0,0.0,0.0,-769.8754000000044
60,pct,1.0,1.0,5,0.5,off,none,14,4,10,0.42857142857142855,-1469.0902999999962,0.0,-1469.0902999999962,0.0,0.7625662262538202,-0.1428571428571425,4611.9427,7.642857142857143,0.42857142857142855,0.5714285714285714,0.0,0.0,0.21428571428571427,-104.93502142857116
60,pct,1.0,1.0,5,0.5,off,exchange,14,4,10,0.42857142857142855,-1446.990300000005,1136.86196625,-2583.8522662500054,0.1042649502245002,0.621597331816996,-0.24509996014269805,5410.428309949988,7.642857142857143,0.42857142857142855,0.5714285714285714,0.0,0.0,0.21428571428571427,-184.56087616071468
60,pct,1.0,1.0,5,0.5,off,cfd_std,15,5,10,0.4,-2096.0829999999987,324.0,-2420.0829999999987,0.027768469721972017,0.6603390564520142,-0.21393285980222848,5549.570399999997,7.066666666666666,0.4,0.6,0.0,0.0,0.2,-161.33886666666658
60,pct,1.0,1.0,5,0.5,off,cfd_raw,14,4,10,0.42857142857142855,-1380.6903000000166,260.0,-1640.6903000000166,0.02385888657862472,0.7401935633528823,-0.15867856038355943,4751.622700000007,7.642857142857143,0.42857142857142855,0.5714285714285714,0.0,0.0,0.21428571428571427,-117.19216428571546
60,pct,1.0,1.0,5,0.5,bar,none,16,5,11,0.5625,218.6669250594714,0.0,218.6669250594714,0.0,1.0403676446386791,0.011683366346681559,3120.6303999999946,6.9375,0.4375,0.4375,0.125,0.0,0.1875,13.666682816216962
60,pct,1.0,1.0,5,0.5,bar,exchange,16,5,11,0.5,240.76692505946266,1297.1671427374704,-1056.4002176780077,0.11734376768241098,0.8252365076960884,-0.09076021509933531,3882.9762613779894,6.9375,0.4375,0.4375,0.125,0.0,0.1875,-66.02501360487548
60,pct,1.0,1.0,5,0.5,bar,cfd_std,17,6,11,0.5294117647058824,577.7507399439492,364.5,213.25073994394916,0.032326116749497515,1.0384217347416287,0.010253693209901256,3018.5865851155104,6.117647058823529,0.4117647058823529,0.4117647058823529,0.17647058823529413,0.0,0.17647058823529413,12.54416117317348
60,pct,1.0,1.0,5,0.5,bar,cfd_raw,16,5,11,0.5,307.066925059451,296.0,11.066925059451023,0.026762242288701898,1.0019983872459806,-0.005078905371490555,3204.5504000000074,6.9375,0.4375,0.4375,0.125,0.0,0.1875,0.691682816215689
60,pct,1.0,1.0,5,0.5,tick,none,18,6,12,0.5555555555555556,-1694.2552368455072,0.0,-1694.2552368455072,0.0,0.6935494469490614,-0.12553384143464244,4217.454339029457,5.111111111111111,0.2222222222222222,0.3888888888888889,0.3888888888888889,0.0,0.16666666666666666,-94.12529093586151
60,pct,1.0,1.0,5,0.5,tick,exchange,18,6,12,0.4444444444444444,-1678.1352368455118,1471.6831491479688,-3149.8183859934807,0.1572474401255126,0.49319925515080365,-0.22913898227774154,5296.056989790493,5.111111111111111,0.2222222222222222,0.3888888888888889,0.3888888888888889,0.0,0.16666666666666666,-174.98991033297114
60,pct,1.0,1.0,5,0.5,tick,cfd_std,19,7,12,0.5263157894736842,-1676.123412413508,459.0,-2135.123412413508,0.04869145231312653,0.6315204309459561,-0.14862488747596125,4591.092514597447,4.2631578947368425,0.21052631578947367,0.3684210526315789,0.42105263157894735,0.0,0.15789473684210525,-112.37491644281621
60,pct,1.0,1.0,5,0.5,tick,cfd_raw,18,6,12,0.5555555555555556,-1629.7752368455258,364.0,-1993.7752368455258,0.038942860914828833,0.6480166092479711,-0.1468937638169062,4447.134339029464,5.111111111111111,0.2222222222222222,0.3888888888888889,0.3888888888888889,0.0,0.16666666666666666,-110.76529093586254
60,pct,1.0,1.0,5,1.0,off,none,10,4,6,0.6,1649.768299999996,0.0,1649.768299999996,0.0,1.533234327440029,0.1999999999999995,1532.9254999999976,7.2,0.6,0.4,0.0,0.0,0.3,164.9768299999996
60,pct,1.0,1.0,5,1.0,off,exchange,10,4,6,0.6,1663.8283000000083,812.5558039499999,851.2724960500083,0.10359570254487924,1.2491999912428275,0.0980927806470741,1831.4966057999845,7.2,0.6,0.4,0.0,0.0,0.3,85.12724960500083
60,pct,1.0,1.0,5,1.0,off,cfd_std,10,4,6,0.5,165.33789999999863,202.5,-37.162100000001374,0.025793178120899114,0.9906575956946516,-0.013943707544828387,2399.4349999999977,7.9,0.5,0.5,0.0,0.0,0.3,-3.7162100000001375
60,pct,1.0,1.0,5,1.0,off,cfd_raw,10,4,6,0.5,126.78290000000561,180.0,-53.21709999999439,0.02294318168217399,0.9865929688205813,-0.01592114773832224,2402.9899999999907,7.9,0.5,0.5,0.0,0.0,0.3,-5.321709999999439
60,pct,1.0,1.0,5,1.0,bar,none,11,4,7,0.6363636363636364,1032.3893812182068,0.0,1032.3893812182068,0.0,1.3342596738131454,0.1108702583287055,1527.6205000000045,4.545454545454546,0.45454545454545453,0.36363636363636365,0.18181818181818182,0.0,0.2727272727272727,93.85358011074608
60,pct,1.0,1.0,5,1.0,bar,exchange,11,4,7,0.5454545454545454,1044.4693812182086,895.384263409391,149.08511780881736,0.1241251705178611,1.0431826184178188,0.00817089328297227,1987.484925641169,4.545454545454546,0.45454545454545453,0.36363636363636365,0.18181818181818182,0.0,0.2727272727272727,13.553192528074305
60,pct,1.0,1.0,5,1.0,bar,cfd_std,11,4,7,0.6363636363636364,520.670496102699,243.0,277.67049610269896,0.03657820498383274,1.0876121511632373,0.023639356945623892,2084.6024038972973,4.636363636363637,0.36363636363636365,0.36363636363636365,0.2727272727272727,0.0,0.2727272727272727,25.242772372972635
60,pct,1.0,1.0,5,1.0,bar,cfd_raw,11,4,7,0.6363636363636364,493.0054961026908,210.0,283.0054961026908,0.0316367246094229,1.0895466606729656,0.024312817404569264,2066.7674038973055,4.636363636363637,0.36363636363636365,0.36363636363636365,0.2727272727272727,0.0,0.2727272727272727,25.72777237297189
60,pct,1.0,1.0,5,1.0,tick,none,11,4,7,0.5454545454545454,-309.7833997338457,0.0,-309.7833997338457,0.0,0.902561256375898,-0.04422829284954408,1956.8919352374214,3.6363636363636362,0.2727272727272727,0.36363636363636365,0.36363636363636365,0.0,0.2727272727272727,-28.16212724853143
60,pct,1.0,1.0,5,1.0,tick,exchange,11,4,7,0.45454545454545453,-301.703399733844,899.1751189242989,-1200.8785186581429,0.14865487852262516,0.6676163813345474,-0.1478296265821802,2633.597861058137,3.6363636363636362,0.2727272727272727,0.36363636363636365,0.36363636363636365,0.0,0.2727272727272727,-109.17077442346753
60,pct,1.0,1.0,5,1.0,tick,cfd_std,11,4,7,0.5454545454545454,-255.24339973383758,256.5,-511.7433997338376,0.04240550648984715,0.8443126018312626,-0.06784415557092052,2118.486935237408,3.6363636363636362,0.2727272727272727,0.36363636363636365,0.36363636363636365,0.0,0.2727272727272727,-46.52212724853069
60,pct,1.0,1.0,5,1.0,tick,cfd_raw,11,4,7,0.5454545454545454,-277.46339973383874,218.0,-495.46339973383874,0.036040547426068756,0.8486257877326835,-0.065897733995883,2100.651935237416,3.6363636363636362,0.2727272727272727,0.36363636363636365,0.36363636363636365,0.0,0.2727272727272727,-45.0421272485308
60,pct,1.0,1.0,5,2.0,off,none,0,0,0,,0.0,0.0,0.0,,,,0.0,,0.0,0.0,0.0,0.0,,
60,pct,1.0,1.0,5,2.0,off,exchange,0,0,0,,0.0,0.0,0.0,,,,0.0,,0.0,0.0,0.0,0.0,,
60,pct,1.0,1.0,5,2.0,off,cfd_std,0,0,0,,0.0,0.0,0.0,,,,0.0,,0.0,0.0,0.0,0.0,,
60,pct,1.0,1.0,5,2.0,off,cfd_raw,0,0,0,,0.0,0.0,0.0,,,,0.0,,0.0,0.0,0.0,0.0,,
60,pct,1.0,1.0,5,2.0,bar,none,0,0,0,,0.0,0.0,0.0,,,,0.0,,0.0,0.0,0.0,0.0,,
60,pct,1.0,1.0,5,2.0,bar,exchange,0,0,0,,0.0,0.0,0.0,,,,0.0,,0.0,0.0,0.0,0.0,,
60,pct,1.0,1.0,5,2.0,bar,cfd_std,0,0,0,,0.0,0.0,0.0,,,,0.0,,0.0,0.0,0.0,0.0,,
60,pct,1.0,1.0,5,2.0,bar,cfd_raw,0,0,0,,0.0,0.0,0.0,,,,0.0,,0.0,0.0,0.0,0.0,,
60,pct,1.0,1.0,5,2.0,tick,none,0,0,0,,0.0,0.0,0.0,,,,0.0,,0.0,0.0,0.0,0.0,,
60,pct,1.0,1.0,5,2.0,tick,exchange,0,0,0,,0.0,0.0,0.0,,,,0.0,,0.0,0.0,0.0,0.0,,
60,pct,1.0,1.0,5,2.0,tick,cfd_std,0,0,0,,0.0,0.0,0.0,,,,0.0,,0.0,0.0,0.0,0.0,,
60,pct,1.0,1.0,5,2.0,tick,cfd_raw,0,0,0,,0.0,0.0,0.0,,,,0.0,,0.0,0.0,0.0,0.0,,
60,pct,1.0,1.0,8,0.5,off,none,19,5,14,0.47368421052631576,-687.0806000000302,0.0,-687.0806000000302,0.0,0.911619851778534,-0.05263157894737045,3907.5258000000176,5.2631578947368425,0.47368421052631576,0.5263157894736842,0.0,0.0,0.3684210526315789,-36.162136842106854
60,pct,1.0,1.0,8,0.5,off,exchange,19,5,14,0.47368421052631576,-663.0005999999994,1545.2079084000002,-2208.2085084,0.10400467146316099,0.7426248695106094,-0.15499034566774134,5101.383223500001,5.2631578947368425,0.47368421052631576,0.5263157894736842,0.0,0.0,0.3684210526315789,-116.22150044210527
60,pct,1.0,1.0,8,0.5,off,cfd_std,19,5,14,0.42105263157894735,-2051.5800000000017,405.0,-2456.5800000000017,0.027353016203589146,0.7184756742081744,-0.17419949201321933,5636.390199999994,5.421052631578948,0.42105263157894735,0.5789473684210527,0.0,0.0,0.3684210526315789,-129.2936842105264
60,pct,1.0,1.0,8,0.5,off,cfd_raw,19,5,14,0.42105263157894735,-2117.9100000000326,354.0,-2471.9100000000326,0.023872559376416365,0.7163720391166083,-0.17523529708355517,5644.275200000018,5.421052631578948,0.42105263157894735,0.5789473684210527,0.0,0.0,0.3684210526315789,-130.1005263157912
60,pct,1.0,1.0,8,0.5,bar,none,21,6,15,0.5238095238095238,157.19301573905977,0.0,157.19301573905977,0.0,1.022259486645335,0.005381173837794356,4736.511609320383,4.761904761904762,0.42857142857142855,0.42857142857142855,0.14285714285714285,0.0,0.3333333333333333,7.485381701859989
60,pct,1.0,1.0,8,0.5,bar,exchange,21,6,15,0.47619047619047616,179.29301573908015,1708.0987297921308,-1528.8057140530507,0.11962463829851482,0.8073836693628481,-0.09738605099896512,5302.540388625028,4.761904761904762,0.42857142857142855,0.42857142857142855,0.14285714285714285,0.0,0.3333333333333333,-72.80027209776432
60,pct,1.0,1.0,8,0.5,bar,cfd_std,21,6,15,0.42857142857142855,-1220.6713842609024,459.0,-1679.6713842609024,0.032233201673355985,0.7910754025058857,-0.10873766423508363,4859.481584260895,4.904761904761905,0.38095238095238093,0.47619047619047616,0.14285714285714285,0.0,0.3333333333333333,-79.98435163147154
60,pct,1.0,1.0,8,0.5,bar,cfd_raw,21,6,15,0.42857142857142855,-1281.5563842609554,398.0,-1679.5563842609554,0.027916815453956745,0.7905367121212469,-0.10873226956573682,4851.921584260941,4.904761904761905,0.38095238095238093,0.47619047619047616,0.14285714285714285,0.0,0.3333333333333333,-79.97887544099788
60,pct,1.0,1.0,8,0.5,tick,none,22,7,15,0.5,-506.8670659038762,0.0,-506.8670659038762,0.0,0.9300436768430882,-0.0332589288712263,4777.291908621424,4.2727272727272725,0.36363636363636365,0.4090909090909091,0.22727272727272727,0.0,0.3181818181818182,-23.039412086539826
60,pct,1.0,1.0,8,0.5,tick,exchange,22,7,15,0.45454545454545453,-486.82706590383896,1792.2561328958177,-2279.083198799656,0.12820097420551885,0.7203096047003844,-0.13629242639887093,5426.0562099756935,4.2727272727272725,0.36363636363636365,0.4090909090909091,0.22727272727272727,0.0,0.3181818181818182,-103.59469085452983
60,pct,1.0,1.0,8,0.5,tick,cfd_std,22,7,15,0.5,-965.3329623946192,499.5,-1464.8329623946192,0.03737909347626831,0.8036735098997986,-0.08979741455812103,4925.656908621386,4.318181818181818,0.3181818181818182,0.4090909090909091,0.2727272727272727,0.0,0.3181818181818182,-66.5833164724827
60,pct,1.0,1.0,8,0.5,tick,cfd_raw,22,7,15,0.5,-1014.997962394671,428.0,-1442.997962394671,0.03198890275551266,0.8060309048819886,-0.08851768265859268,4913.2119086214225,4.318181818181818,0.3181818181818182,0.4090909090909091,0.2727272727272727,0.0,0.3181818181818182,-65.59081647248505
60,pct,1.0,1.0,8,1.0,off,none,9,1,8,0.6666666666666666,2406.308199999985,0.0,2406.308199999985,0.0,2.0327477296408385,0.33333333333333126,794.6766000000061,6.111111111111111,0.6666666666666666,0.3333333333333333,0.0,0.0,0.4444444444444444,267.3675777777761
60,pct,1.0,1.0,8,1.0,off,exchange,9,1,8,0.6666666666666666,2416.3282000000036,730.207161,1686.1210390000035,0.1033079119417769,1.6555350844014152,0.2314063748202605,1151.6081916999829,6.111111111111111,0.6666666666666666,0.3333333333333333,0.0,0.0,0.4444444444444444,187.3467821111115
60,pct,1.0,1.0,8,1.0,off,cfd_std,9,1,8,0.5555555555555556,946.9037999999855,175.5,771.4037999999855,0.024885093259120323,1.2440567769319664,0.09579750874976616,1582.402900000001,6.444444444444445,0.5555555555555556,0.4444444444444444,0.0,0.0,0.4444444444444444,85.71153333333172
60,pct,1.0,1.0,8,1.0,off,cfd_raw,9,1,8,0.5555555555555556,919.2387999999919,158.0,761.2387999999919,0.022385691927144336,1.2410951597989541,0.09438655330997474,1591.0678999999946,6.444444444444445,0.5555555555555556,0.4444444444444444,0.0,0.0,0.4444444444444444,84.582088888888
60,pct,1.0,1.0,8,1.0,bar,none,10,1,9,0.7,1788.9292812181957,0.0,1788.9292812181957,0.0,1.7695309784459967,0.22195728416157473,1518.4910315390298,3.3,0.5,0.3,0.2,0.0,0.4,178.89292812181958
60,pct,1.0,1.0,8,1.0,bar,exchange,10,1,9,0.6,1796.9692812182038,813.0356204593909,983.9336607588131,0.12628128108209288,1.3771968626255664,0.11916093930242984,1853.7955699411687,3.3,0.5,0.3,0.2,0.0,0.4,98.3933660758813
60,pct,1.0,1.0,8,1.0,bar,cfd_std,10,1,9,0.6,316.15988121820556,216.0,100.15988121820556,0.03369177176788205,1.0317418641864944,0.0012710690606683617,2253.646818781781,3.6,0.4,0.4,0.2,0.0,0.4,10.015988121820556
60,pct,1.0,1.0,8,1.0,bar,cfd_raw,10,1,9,0.6,293.9398812182044,188.0,105.93988121820439,0.029273590422486357,1.0336091368537113,0.002029807416711005,2246.366818781782,3.6,0.4,0.4,0.2,0.0,0.4,10.59398812182044
60,pct,1.0,1.0,8,1.0,tick,none,10,1,9,0.7,2055.631740330573,0.0,2055.631740330573,0.0,1.8842564773628363,0.25605617308498296,1378.6185724266543,2.9,0.5,0.3,0.2,0.0,0.4,205.5631740330573
60,pct,1.0,1.0,8,1.0,tick,exchange,10,1,9,0.7,2063.671740330581,812.9022692298347,1250.7694711007466,0.12123834103461706,1.4873840763012214,0.15327687767029982,1624.5419217128656,2.9,0.5,0.3,0.2,0.0,0.4,125.07694711007466
60,pct,1.0,1.0,8,1.0,tick,cfd_std,10,1,9,0.7,1516.1658438398008,216.0,1300.1658438398008,0.03534593846698216,1.5466485902553093,0.15758533929571106,1445.983572426645,3.0,0.4,0.3,0.3,0.0,0.4,130.01658438398007
60,pct,1.0,1.0,8,1.0,tick,cfd_raw,10,1,9,0.7,1499.5008438397927,188.0,1311.5008438397927,0.030736118040776302,1.5523176707849329,0.15907150066113127,1436.5385724266525,3.0,0.4,0.3,0.3,0.0,0.4,131.15008438397928
60,pct,1.0,1.0,8,2.0,off,none,0,0,0,,0.0,0.0,0.0,,,,0.0,,0.0,0.0,0.0,0.0,,
60,pct,1.0,1.0,8,2.0,off,exchange,0,0,0,,0.0,0.0,0.0,,,,0.0,,0.0,0.0,0.0,0.0,,
60,pct,1.0,1.0,8,2.0,off,cfd_std,0,0,0,,0.0,0.0,0.0,,,,0.0,,0.0,0.0,0.0,0.0,,
60,pct,1.0,1.0,8,2.0,off,cfd_raw,0,0,0,,0.0,0.0,0.0,,,,0.0,,0.0,0.0,0.0,0.0,,
60,pct,1.0,1.0,8,2.0,bar,none,0,0,0,,0.0,0.0,0.0,,,,0.0,,0.0,0.0,0.0,0.0,,
60,pct,1.0,1.0,8,2.0,bar,exchange,0,0,0,,0.0,0.0,0.0,,,,0.0,,0.0,0.0,0.0,0.0,,
60,pct,1.0,1.0,8,2.0,bar,cfd_std,0,0,0,,0.0,0.0,0.0,,,,0.0,,0.0,0.0,0.0,0.0,,
60,pct,1.0,1.0,8,2.0,bar,cfd_raw,0,0,0,,0.0,0.0,0.0,,,,0.0,,0.0,0.0,0.0,0.0,,
60,pct,1.0,1.0,8,2.0,tick,none,0,0,0,,0.0,0.0,0.0,,,,0.0,,0.0,0.0,0.0,0.0,,
60,pct,1.0,1.0,8,2.0,tick,exchange,0,0,0,,0.0,0.0,0.0,,,,0.0,,0.0,0.0,0.0,0.0,,
60,pct,1.0,1.0,8,2.0,tick,cfd_std,0,0,0,,0.0,0.0,0.0,,,,0.0,,0.0,0.0,0.0,0.0,,
60,pct,1.0,1.0,8,2.0,tick,cfd_raw,0,0,0,,0.0,0.0,0.0,,,,0.0,,0.0,0.0,0.0,0.0,,
60,pct,1.0,1.5,3,0.5,off,none,21,10,11,0.47619047619047616,3144.038150000022,0.0,3144.038150000022,0.0,1.3642961130192293,0.19047619047619183,2302.1659999999974,13.19047619047619,0.47619047619047616,0.5238095238095238,0.0,0.0,0.14285714285714285,149.71610238095343
60,pct,1.0,1.5,3,0.5,off,exchange,21,10,11,0.47619047619047616,3179.9881500000047,1712.284274475,1467.7038755250042,0.08391525971135388,1.1541740109863254,0.08874004612265793,2541.4916629999934,12.19047619047619,0.47619047619047616,0.5238095238095238,0.0,0.0,0.14285714285714285,69.8906607392859
60,pct,1.0,1.5,3,0.5,off,cfd_std,21,10,11,0.47619047619047616,3386.7006500000134,432.0,2954.7006500000134,0.021171422812507525,1.3355295560740679,0.17891786020329445,2355.8959999999934,12.19047619047619,0.47619047619047616,0.5238095238095238,0.0,0.0,0.14285714285714285,140.70003095238158
60,pct,1.0,1.5,3,0.5,off,cfd_raw,21,10,11,0.47619047619047616,3287.8381499999814,382.0,2905.8381499999814,0.01872100142302399,1.3301891218645914,0.17597434295581024,2352.005999999994,12.19047619047619,0.47619047619047616,0.5238095238095238,0.0,0.0,0.14285714285714285,138.37324523809434
60,pct,1.0,1.5,3,0.5,bar,none,26,12,14,0.5769230769230769,3644.6273981669365,0.0,3644.6273981669365,0.0,1.5092226166384533,0.16994414924322984,3083.3630891210487,9.961538461538462,0.3076923076923077,0.34615384615384615,0.34615384615384615,0.0,0.11538461538461539,140.1779768525745
60,pct,1.0,1.5,3,0.5,bar,exchange,26,12,14,0.5,2713.9179009438667,2130.8350312921516,583.082869651715,0.11380922484623865,1.0642751009029001,0.024214907865598264,4288.747831349188,9.384615384615385,0.3076923076923077,0.38461538461538464,0.3076923076923077,0.0,0.11538461538461539,22.426264217373653
60,pct,1.0,1.5,3,0.5,bar,cfd_std,27,13,14,0.5185185185185185,3096.499215828386,621.0,2475.499215828386,0.032819897024946386,1.2997530328850075,0.11250221794947099,3200.8309403199382,8.777777777777779,0.2962962962962963,0.37037037037037035,0.3333333333333333,0.0,0.1111111111111111,91.68515614179206
60,pct,1.0,1.5,3,0.5,bar,cfd_raw,26,12,14,0.5,2804.007900943834,508.0,2296.007900943834,0.027141163374379232,1.2787275655429682,0.10810097945447653,3333.203089121089,9.384615384615385,0.3076923076923077,0.38461538461538464,0.3076923076923077,0.0,0.11538461538461539,88.30799619014746
60,pct,1.0,1.5,3,0.5,tick,none,30,15,15,0.6333333333333333,3544.4775929200405,0.0,3544.4775929200405,0.0,1.5591119451914845,0.14131746002332274,3240.8864696706005,7.1,0.2,0.26666666666666666,0.5333333333333333,0.0,0.1,118.14925309733468
60,pct,1.0,1.5,3,0.5,tick,exchange,30,15,15,0.5333333333333333,2481.34097283367,2469.9916952990357,11.349277534634211,0.14651044352889311,1.0013771545475605,-0.004313540279119954,4284.096567818313,6.6,0.2,0.3,0.5,0.0,0.1,0.3783092511544737
60,pct,1.0,1.5,3,0.5,tick,cfd_std,31,16,15,0.5806451612903226,2529.065297265697,756.0,1773.0652972656972,0.04466205595216524,1.2348422281948428,0.06806390246900444,3614.7271452385903,6.032258064516129,0.1935483870967742,0.2903225806451613,0.5161290322580645,0.0,0.0967741935483871,57.19565475050636
60,pct,1.0,1.5,3,0.5,tick,cfd_raw,30,15,15,0.6,2553.5509728336474,612.0,1941.5509728336474,0.03632664112248885,1.2619895883930823,0.07745993828064833,3470.686469670618,6.6,0.2,0.3,0.5,0.0,0.1,64.71836576112158
60,pct,1.0,1.5,3,1.0,off,none,15,8,7,0.4666666666666667,2051.07845000003,0.0,2051.07845000003,0.0,1.3282103303218677,0.1666666666666692,2684.3072499999835,9.533333333333333,0.4666666666666667,0.5333333333333333,0.0,0.0,0.26666666666666666,136.73856333333532
60,pct,1.0,1.5,3,1.0,off,exchange,15,8,7,0.4666666666666667,2073.1084499999997,1224.859523475,848.2489265249998,0.0841962701204863,1.1230381201265272,0.06456812112659141,3162.763610574999,9.533333333333333,0.4666666666666667,0.5333333333333333,0.0,0.0,0.26666666666666666,56.549928434999984
60,pct,1.0,1.5,3,1.0,off,cfd_std,15,8,7,0.4666666666666667,2199.7809500000003,310.5,1889.2809500000003,0.02136025671355019,1.2959269913668896,0.15284011345690438,2778.7397499999934,9.533333333333333,0.4666666666666667,0.5333333333333333,0.0,0.0,0.26666666666666666,125.95206333333336
60,pct,1.0,1.5,3,1.0,off,cfd_raw,15,8,7,0.4666666666666667,2139.1984499999962,274.0,1865.1984499999962,0.018842286394136636,1.2924755184835361,0.15083190864711377,2776.26724999999,9.533333333333333,0.4666666666666667,0.5333333333333333,0.0,0.0,0.26666666666666666,124.34656333333308
60,pct,1.0,1.5,3,1.0,bar,none,16,8,8,0.625,3705.692020534392,0.0,3705.692020534392,0.0,1.9230624677145411,0.2858619898137793,2086.536731678658,6.875,0.375,0.3125,0.3125,0.0,0.25,231.6057512833995
60,pct,1.0,1.5,3,1.0,bar,exchange,16,8,8,0.5625,3719.7720205343794,1308.3686021636956,2411.403418370684,0.11147520901008663,1.526800721950442,0.18270684863675268,2812.889708509392,6.875,0.375,0.3125,0.3125,0.0,0.25,150.71271364816775
60,pct,1.0,1.5,3,1.0,bar,cfd_std,16,8,8,0.5625,3800.7320205344004,351.0,3449.7320205344004,0.02987593282398251,1.8296782619411973,0.26540388324885383,2261.699231678649,6.875,0.375,0.3125,0.3125,0.0,0.25,215.60825128340002
60,pct,1.0,1.5,3,1.0,bar,cfd_raw,16,8,8,0.5625,3762.01202053437,304.0,3458.01202053437,0.025887813330825554,1.8353754679301724,0.2660849180371046,2244.3367316786753,6.875,0.375,0.3125,0.3125,0.0,0.25,216.12575128339813
60,pct,1.0,1.5,3,1.0,tick,none,16,8,8,0.5625,2035.8146745377453,0.0,2035.8146745377453,0.0,1.6110826735323183,0.1504918265402535,1835.7616852374194,4.1875,0.25,0.25,0.5,0.0,0.25,127.23841715860908
60,pct,1.0,1.5,3,1.0,tick,exchange,16,8,8,0.4375,2043.874674537743,1311.901687593514,731.972986944229,0.15081321623577618,1.1845247160089585,0.046573098246186356,2479.999507554472,4.1875,0.25,0.25,0.5,0.0,0.25,45.74831168401431
60,pct,1.0,1.5,3,1.0,tick,cfd_std,16,8,8,0.5625,2090.2196745377587,378.0,1712.2196745377587,0.04345229176024201,1.4901175014332582,0.12462750605106394,1997.5591852374055,4.1875,0.25,0.25,0.5,0.0,0.25,107.01372965860992
60,pct,1.0,1.5,3,1.0,tick,cfd_raw,16,8,8,0.5625,2068.054674537736,320.0,1748.054674537736,0.036785706621996817,1.5038364761706253,0.1275110724380897,1979.641685237424,4.1875,0.25,0.25,0.5,0.0,0.25,109.2534171586085
60,pct,1.0,1.5,3,2.0,off,none,1,0,1,0.0,-755.9554000000062,0.0,-755.9554000000062,0.0,0.0,-1.0000000000000082,755.9554000000062,24.0,0.0,1.0,0.0,0.0,0.0,-755.9554000000062
60,pct,1.0,1.5,3,2.0,off,exchange,1,0,1,0.0,-753.9354000000021,79.9725077,-833.9079077000022,0.1060734218077567,0.0,-1.1031178660804621,833.907907700006,24.0,0.0,1.0,0.0,0.0,0.0,-833.9079077000022
60,pct,1.0,1.5,3,2.0,off,cfd_std,1,0,1,0.0,-742.3203999999969,27.0,-769.3203999999969,0.036372434328896405,0.0,-1.017679614432276,769.3203999999969,24.0,0.0,1.0,0.0,0.0,0.0,-769.3203999999969
60,pct,1.0,1.5,3,2.0,off,cfd_raw,1,0,1,0.0,-747.8754000000044,22.0,-769.8754000000044,0.029416664861552966,0.0,-1.018413784728576,769.8754000000044,24.0,0.0,1.0,0.0,0.0,0.0,-769.8754000000044
60,pct,1.0,1.5,3,2.0,bar,none,1,0,1,0.0,-755.9554000000062,0.0,-755.9554000000062,0.0,0.0,-1.0000000000000082,755.9554000000062,24.0,0.0,1.0,0.0,0.0,0.0,-755.9554000000062
60,pct,1.0,1.5,3,2.0,bar,exchange,1,0,1,0.0,-753.9354000000021,79.9725077,-833.9079077000022,0.1060734218077567,0.0,-1.1031178660804621,833.907907700006,24.0,0.0,1.0,0.0,0.0,0.0,-833.9079077000022
60,pct,1.0,1.5,3,2.0,bar,cfd_std,1,0,1,0.0,-742.3203999999969,27.0,-769.3203999999969,0.036372434328896405,0.0,-1.017679614432276,769.3203999999969,24.0,0.0,1.0,0.0,0.0,0.0,-769.3203999999969
60,pct,1.0,1.5,3,2.0,bar,cfd_raw,1,0,1,0.0,-747.8754000000044,22.0,-769.8754000000044,0.029416664861552966,0.0,-1.018413784728576,769.8754000000044,24.0,0.0,1.0,0.0,0.0,0.0,-769.8754000000044
60,pct,1.0,1.5,3,2.0,tick,none,1,0,1,0.0,-755.9554000000062,0.0,-755.9554000000062,0.0,0.0,-1.0000000000000082,755.9554000000062,24.0,0.0,1.0,0.0,0.0,0.0,-755.9554000000062
60,pct,1.0,1.5,3,2.0,tick,exchange,1,0,1,0.0,-753.9354000000021,79.9725077,-833.9079077000022,0.1060734218077567,0.0,-1.1031178660804621,833.907907700006,24.0,0.0,1.0,0.0,0.0,0.0,-833.9079077000022
60,pct,1.0,1.5,3,2.0,tick,cfd_std,1,0,1,0.0,-742.3203999999969,27.0,-769.3203999999969,0.036372434328896405,0.0,-1.017679614432276,769.3203999999969,24.0,0.0,1.0,0.0,0.0,0.0,-769.3203999999969
60,pct,1.0,1.5,3,2.0,tick,cfd_raw,1,0,1,0.0,-747.8754000000044,22.0,-769.8754000000044,0.029416664861552966,0.0,-1.018413784728576,769.8754000000044,24.0,0.0,1.0,0.0,0.0,0.0,-769.8754000000044
60,pct,1.0,1.5,5,0.5,off,none,14,5,9,0.35714285714285715,-1066.9147000000085,0.0,-1066.9147000000085,0.0,0.8470326170312664,-0.10714285714285796,3831.948800000013,9.0,0.35714285714285715,0.6428571428571429,0.0,0.0,0.14285714285714285,-76.20819285714346
60,pct,1.0,1.5,5,0.5,off,exchange,14,5,9,0.35714285714285715,-1042.8246999999974,1139.82868955,-2182.6533895499983,0.08850545433164021,0.7163947968513517,-0.20940283284527142,4630.461462849984,9.0,0.35714285714285715,0.6428571428571429,0.0,0.0,0.14285714285714285,-155.9038135392856
60,pct,1.0,1.5,5,0.5,off,cfd_std,14,5,9,0.35714285714285715,-904.3071999999956,310.5,-1214.8071999999956,0.02415317265341235,0.8294500121200968,-0.12083141762016528,3966.678799999994,9.0,0.35714285714285715,0.6428571428571429,0.0,0.0,0.14285714285714285,-86.77194285714255
60,pct,1.0,1.5,5,0.5,off,cfd_raw,14,5,9,0.35714285714285715,-970.5547000000079,268.0,-1238.5547000000079,0.020829226264581745,0.8259612500761597,-0.12295538758984478,3971.788799999995,9.0,0.35714285714285715,0.6428571428571429,0.0,0.0,0.14285714285714285,-88.46819285714342
60,pct,1.0,1.5,5,0.5,bar,none,16,5,11,0.5,-178.34844031903776,0.0,-178.34844031903776,0.0,0.9679796124671171,-0.021113060632145464,3649.9170093203866,8.125,0.25,0.4375,0.3125,0.0,0.125,-11.14677751993986
60,pct,1.0,1.5,5,0.5,bar,exchange,16,5,11,0.4375,-160.22844031902787,1304.0407526709666,-1464.2691929899945,0.11898907412729431,0.7668265545142355,-0.1244242024686128,4537.113171196339,8.125,0.25,0.4375,0.3125,0.0,0.125,-91.51682456187466
60,pct,1.0,1.5,5,0.5,bar,cfd_std,17,6,11,0.47058823529411764,153.87037456546386,405.0,-251.12962543453614,0.03629767094559148,0.9561745033475445,-0.02568637229584229,3616.109768569324,7.235294117647059,0.23529411764705882,0.4117647058823529,0.35294117647058826,0.0,0.11764705882352941,-14.77233090791389
60,pct,1.0,1.5,5,0.5,bar,cfd_raw,16,5,11,0.4375,-105.86844031904184,320.0,-425.86844031904184,0.029214854776452238,0.9254547166948369,-0.041069342792406566,3777.7660834538256,8.125,0.25,0.4375,0.3125,0.0,0.125,-26.616777519940115
60,pct,1.0,1.5,5,0.5,tick,none,18,6,12,0.5,-1355.0822208410245,0.0,-1355.0822208410245,0.0,0.7577263864564606,-0.10235528031601397,3964.1028302389605,5.444444444444445,0.16666666666666666,0.3888888888888889,0.4444444444444444,0.0,0.1111111111111111,-75.28234560227914
60,pct,1.0,1.5,5,0.5,tick,exchange,18,6,12,0.3888888888888889,-1338.9322208410158,1474.6979964399663,-2813.6302172809833,0.15006095173776587,0.5577202045269329,-0.20617262906897946,5050.130814053002,5.444444444444445,0.16666666666666666,0.3888888888888889,0.4444444444444444,0.0,0.1111111111111111,-156.3127898489435
60,pct,1.0,1.5,5,0.5,tick,cfd_std,19,7,12,0.47368421052631576,-1336.7478964090114,472.5,-1809.2478964090114,0.047750533663852,0.6926164827184318,-0.12756401762793454,4270.511005806955,4.578947368421052,0.15789473684210525,0.3684210526315789,0.47368421052631576,0.0,0.10526315789473684,-95.22357349521113
60,pct,1.0,1.5,5,0.5,tick,cfd_raw,18,6,12,0.5,-1290.4822208410333,372.0,-1662.4822208410333,0.03789956266483014,0.7109203908957136,-0.12427676888832877,4129.9428302389715,5.444444444444445,0.16666666666666666,0.3888888888888889,0.4444444444444444,0.0,0.1111111111111111,-92.3601233800574
60,pct,1.0,1.5,5,1.0,off,none,10,4,6,0.4,98.52115000000049,0.0,98.52115000000049,0.0,1.0211277302640525,1.1102230246251565e-16,1909.316949999993,9.8,0.4,0.6,0.0,0.0,0.2,9.85211500000005
60,pct,1.0,1.5,5,1.0,off,exchange,10,4,6,0.4,114.56114999999409,816.5512311749999,-701.9900811750063,0.08663929137718507,0.8635897991616206,-0.10216294613175902,2309.1325857249903,9.8,0.4,0.6,0.0,0.0,0.2,-70.19900811750063
60,pct,1.0,1.5,5,1.0,off,cfd_std,10,4,6,0.4,206.79114999999,216.0,-9.208850000009988,0.022919007321132088,0.9980697676036939,-0.01392665735372598,1990.1144500000082,9.8,0.4,0.6,0.0,0.0,0.2,-0.9208850000009988
60,pct,1.0,1.5,5,1.0,off,cfd_raw,10,4,6,0.4,162.68115000000398,188.0,-25.31884999999602,0.019947792065637324,0.9946842199233913,-0.015911043921372214,1987.1969499999832,9.8,0.4,0.6,0.0,0.0,0.2,-2.531884999999602
60,pct,1.0,1.5,5,1.0,bar,none,11,4,7,0.5454545454545454,710.8135392374679,0.0,710.8135392374679,0.0,1.2192827249154297,0.07175147830240591,1530.344853897317,5.363636363636363,0.2727272727272727,0.36363636363636365,0.36363636363636365,0.0,0.18181818181818182,64.61941265795163
60,pct,1.0,1.5,5,1.0,bar,exchange,11,4,7,0.45454545454545453,720.8835392374749,899.7643114952657,-178.88077225779102,0.12503878327632148,0.9514890917934192,-0.03168645681907455,2178.3607750891388,5.363636363636363,0.2727272727272727,0.36363636363636365,0.36363636363636365,0.0,0.18181818181818182,-16.26188838707191
60,pct,1.0,1.5,5,1.0,bar,cfd_std,11,4,7,0.5454545454545454,778.786039237486,256.5,522.286039237486,0.03558879654061593,1.1559403006375064,0.0496936177954613,1691.872353897299,5.363636363636363,0.2727272727272727,0.36363636363636365,0.36363636363636365,0.0,0.18181818181818182,47.48054902158963
60,pct,1.0,1.5,5,1.0,bar,cfd_raw,11,4,7,0.5454545454545454,751.0935392374813,218.0,533.0935392374813,0.03026999228124385,1.1598299665992142,0.05100529772758223,1674.0648538973037,5.363636363636363,0.2727272727272727,0.36363636363636365,0.36363636363636365,0.0,0.18181818181818182,48.46304902158921
60,pct,1.0,1.5,5,1.0,tick,none,11,4,7,0.45454545454545453,-354.15013372935937,0.0,-354.15013372935937,0.0,0.8908228231464835,-0.05175428374633342,1575.799633729359,3.727272727272727,0.18181818181818182,0.36363636363636365,0.45454545454545453,0.0,0.18181818181818182,-32.19546670266903
60,pct,1.0,1.5,5,1.0,tick,exchange,11,4,7,0.36363636363636365,-346.05013372935355,901.9981913412967,-1248.0483250706502,0.14706111844422898,0.6680262853095225,-0.15568132405331403,2387.6716853206453,3.727272727272727,0.18181818181818182,0.36363636363636365,0.45454545454545453,0.0,0.18181818181818182,-113.45893864278638
60,pct,1.0,1.5,5,1.0,tick,cfd_std,11,4,7,0.45454545454545453,-299.4751337293419,270.0,-569.4751337293419,0.044019775092012166,0.8314434770246906,-0.07692883456926335,1791.3271337293409,3.727272727272727,0.18181818181818182,0.36363636363636365,0.45454545454545453,0.0,0.18181818181818182,-51.77046670266745
60,pct,1.0,1.5,5,1.0,tick,cfd_raw,11,4,7,0.45454545454545453,-321.75013372935064,226.0,-547.7501337293506,0.03684651251640881,0.8369621951749615,-0.07434739191581553,1763.5196337293455,3.727272727272727,0.18181818181818182,0.36363636363636365,0.45454545454545453,0.0,0.18181818181818182,-49.79546670266824
60,pct,1.0,1.5,5,2.0,off,none,0,0,0,,0.0,0.0,0.0,,,,0.0,,0.0,0.0,0.0,0.0,,
60,pct,1.0,1.5,5,2.0,off,exchange,0,0,0,,0.0,0.0,0.0,,,,0.0,,0.0,0.0,0.0,0.0,,
60,pct,1.0,1.5,5,2.0,off,cfd_std,0,0,0,,0.0,0.0,0.0,,,,0.0,,0.0,0.0,0.0,0.0,,
60,pct,1.0,1.5,5,2.0,off,cfd_raw,0,0,0,,0.0,0.0,0.0,,,,0.0,,0.0,0.0,0.0,0.0,,
60,pct,1.0,1.5,5,2.0,bar,none,0,0,0,,0.0,0.0,0.0,,,,0.0,,0.0,0.0,0.0,0.0,,
60,pct,1.0,1.5,5,2.0,bar,exchange,0,0,0,,0.0,0.0,0.0,,,,0.0,,0.0,0.0,0.0,0.0,,
60,pct,1.0,1.5,5,2.0,bar,cfd_std,0,0,0,,0.0,0.0,0.0,,,,0.0,,0.0,0.0,0.0,0.0,,
60,pct,1.0,1.5,5,2.0,bar,cfd_raw,0,0,0,,0.0,0.0,0.0,,,,0.0,,0.0,0.0,0.0,0.0,,
60,pct,1.0,1.5,5,2.0,tick,none,0,0,0,,0.0,0.0,0.0,,,,0.0,,0.0,0.0,0.0,0.0,,
60,pct,1.0,1.5,5,2.0,tick,exchange,0,0,0,,0.0,0.0,0.0,,,,0.0,,0.0,0.0,0.0,0.0,,
60,pct,1.0,1.5,5,2.0,tick,cfd_std,0,0,0,,0.0,0.0,0.0,,,,0.0,,0.0,0.0,0.0,0.0,,
60,pct,1.0,1.5,5,2.0,tick,cfd_raw,0,0,0,,0.0,0.0,0.0,,,,0.0,,0.0,0.0,0.0,0.0,,
60,pct,1.0,1.5,8,0.5,off,none,17,5,12,0.29411764705882354,-3344.8839000000007,0.0,-3344.8839000000007,0.0,0.6412673989741758,-0.2647058823529412,6181.523199999996,8.058823529411764,0.29411764705882354,0.7058823529411765,0.0,0.0,0.29411764705882354,-196.7578764705883
60,pct,1.0,1.5,8,0.5,off,exchange,17,5,12,0.29411764705882354,-3320.7139000000025,1392.6406161,-4713.354516100002,0.0910737703622432,0.5419250015287638,-0.3675410682100367,7218.212027749993,8.058823529411764,0.29411764705882354,0.7058823529411765,0.0,0.0,0.29411764705882354,-277.2561480058825
60,pct,1.0,1.5,8,0.5,off,cfd_std,17,5,12,0.29411764705882354,-3181.7363999999943,391.5,-3573.2363999999943,0.025719836130941996,0.624885638630734,-0.28195991659236236,6369.37569999999,8.058823529411764,0.29411764705882354,0.7058823529411765,0.0,0.0,0.29411764705882354,-210.1903764705879
60,pct,1.0,1.5,8,0.5,off,cfd_raw,17,5,12,0.29411764705882354,-3248.2039000000077,334.0,-3582.2039000000077,0.02189443657712364,0.6235444969457765,-0.2826018185870196,6370.843200000003,8.058823529411764,0.29411764705882354,0.7058823529411765,0.0,0.0,0.29411764705882354,-210.7178764705887
60,pct,1.0,1.5,8,0.5,bar,none,20,6,14,0.4,-626.9967239374964,0.0,-626.9967239374964,0.0,0.9085201303007816,-0.048752458024044265,4313.390745919751,5.95,0.25,0.4,0.35,0.0,0.25,-31.349836196874822
60,pct,1.0,1.5,8,0.5,bar,exchange,20,6,14,0.35,-610.9067239374854,1636.613531062776,-2247.520255000262,0.12515363782833297,0.715289612169842,-0.15237698827040363,4963.865464792703,5.95,0.25,0.4,0.35,0.0,0.25,-112.37601275001309
60,pct,1.0,1.5,8,0.5,bar,cfd_std,20,6,14,0.35,-1053.2006700531783,472.5,-1525.7006700531783,0.03477211534816919,0.8007474477081052,-0.10718159682141726,4475.120745919732,6.05,0.25,0.45,0.3,0.0,0.25,-76.28503350265892
60,pct,1.0,1.5,8,0.5,bar,cfd_raw,20,6,14,0.35,-1103.0031700531981,400.0,-1503.0031700531981,0.029400713665535226,0.8028936148619941,-0.10568525776403423,4457.230745919762,6.05,0.25,0.45,0.3,0.0,0.25,-75.1501585026599
60,pct,1.0,1.5,8,0.5,tick,none,21,7,14,0.47619047619047616,211.92427427868824,0.0,211.92427427868824,0.0,1.032374234450763,0.0061539598902044974,4013.343308621421,4.904761904761905,0.23809523809523808,0.38095238095238093,0.38095238095238093,0.0,0.23809523809523808,10.091632108508964
60,pct,1.0,1.5,8,0.5,tick,exchange,21,7,14,0.42857142857142855,227.97427427872026,1718.6926832757263,-1490.7184089970056,0.12922413043952954,0.7999690456771277,-0.09745661586188151,4653.905283184024,4.904761904761905,0.23809523809523808,0.38095238095238093,0.38095238095238093,0.0,0.23809523809523808,-70.9865909046193
60,pct,1.0,1.5,8,0.5,tick,cfd_std,21,7,14,0.47619047619047616,320.2617742787261,499.5,-179.23822572127392,0.037621030087333855,0.9735459043424077,-0.017785868969961555,4148.343308621392,4.904761904761905,0.23809523809523808,0.38095238095238093,0.38095238095238093,0.0,0.23809523809523808,-8.535153605774948
60,pct,1.0,1.5,8,0.5,tick,cfd_raw,21,7,14,0.47619047619047616,276.1242742786999,422.0,-145.8757257213001,0.03175768814077913,0.9783823707721397,-0.015704903055675408,4135.343308621421,4.904761904761905,0.23809523809523808,0.38095238095238093,0.38095238095238093,0.0,0.23809523809523808,-6.9464631295857195
60,pct,1.0,1.5,8,1.0,off,none,9,1,8,0.4444444444444444,916.0839500000002,0.0,916.0839500000002,0.0,1.236508961745161,0.11111111111111126,1574.3744000000006,8.555555555555555,0.4444444444444444,0.5555555555555556,0.0,0.0,0.2222222222222222,101.78710555555557
60,pct,1.0,1.5,8,1.0,off,exchange,9,1,8,0.4444444444444444,930.1339500000031,735.344930675,194.78901932500344,0.08490603912352016,1.045569514113361,0.008992385063732344,2064.8473823499953,8.555555555555555,0.4444444444444444,0.5555555555555556,0.0,0.0,0.2222222222222222,21.643224369444827
60,pct,1.0,1.5,8,1.0,off,cfd_std,9,1,8,0.4444444444444444,1010.9214499999944,189.0,821.9214499999944,0.021853353924126136,1.2078804304183615,0.09755312588989994,1601.1043999999965,8.555555555555555,0.4444444444444444,0.5555555555555556,0.0,0.0,0.2222222222222222,91.32460555555492
60,pct,1.0,1.5,8,1.0,off,cfd_raw,9,1,8,0.4444444444444444,972.2839500000118,166.0,806.2839500000118,0.01918108207312899,1.204068877287272,0.09542691902264859,1602.2144000000117,8.555555555555555,0.4444444444444444,0.5555555555555556,0.0,0.0,0.2222222222222222,89.58710555555687
60,pct,1.0,1.5,8,1.0,bar,none,10,1,9,0.5,1077.3812704687007,0.0,1077.3812704687007,0.0,1.4000876190662757,0.12415880711526725,1671.4452884042403,4.2,0.3,0.3,0.4,0.0,0.2,107.73812704687006
60,pct,1.0,1.5,8,1.0,bar,exchange,10,1,9,0.4,1085.4212704687088,817.7860670147658,267.6352034539434,0.12653217955997464,1.0852552291908597,0.020718379869659763,1999.4848310484376,4.2,0.3,0.3,0.4,0.0,0.2,26.76352034539434
60,pct,1.0,1.5,8,1.0,bar,cfd_std,10,1,9,0.5,596.83982435301,229.5,367.33982435301004,0.03279672771697613,1.1101335073642626,0.03149376123050749,2040.871025646993,4.4,0.3,0.4,0.3,0.0,0.2,36.733982435301
60,pct,1.0,1.5,8,1.0,bar,cfd_raw,10,1,9,0.5,569.1748243530164,196.0,373.17482435301645,0.027986748921745293,1.1121632101590273,0.0323177610964817,2028.6185256469907,4.4,0.3,0.4,0.3,0.0,0.2,37.31748243530164
60,pct,1.0,1.5,8,1.0,tick,none,10,1,9,0.6,1830.9820598442893,0.0,1830.9820598442893,0.0,1.7663421541152189,0.22177845725135228,1443.166556422162,3.3,0.3,0.3,0.4,0.0,0.2,183.09820598442894
60,pct,1.0,1.5,8,1.0,tick,exchange,10,1,9,0.6,1839.0220598442975,817.4092666200778,1021.6127932242198,0.12367300598035595,1.37658406802516,0.11838683983081286,1771.0919597003667,3.3,0.3,0.3,0.4,0.0,0.2,102.16127932242198
60,pct,1.0,1.5,8,1.0,tick,cfd_std,10,1,9,0.6,1885.252059844308,229.5,1655.752059844308,0.03472427308606456,1.6703507214608235,0.19914656196668828,1537.5315564221528,3.3,0.3,0.3,0.4,0.0,0.2,165.5752059844308
60,pct,1.0,1.5,8,1.0,tick,cfd_raw,10,1,9,0.6,1863.1420598443074,196.0,1667.1420598443074,0.029655094780791157,1.6774002102995031,0.2006979848420401,1523.0865564221604,3.3,0.3,0.3,0.4,0.0,0.2,166.71420598443075
60,pct,1.0,1.5,8,2.0,off,none,0,0,0,,0.0,0.0,0.0,,,,0.0,,0.0,0.0,0.0,0.0,,
60,pct,1.0,1.5,8,2.0,off,exchange,0,0,0,,0.0,0.0,0.0,,,,0.0,,0.0,0.0,0.0,0.0,,
60,pct,1.0,1.5,8,2.0,off,cfd_std,0,0,0,,0.0,0.0,0.0,,,,0.0,,0.0,0.0,0.0,0.0,,
60,pct,1.0,1.5,8,2.0,off,cfd_raw,0,0,0,,0.0,0.0,0.0,,,,0.0,,0.0,0.0,0.0,0.0,,
60,pct,1.0,1.5,8,2.0,bar,none,0,0,0,,0.0,0.0,0.0,,,,0.0,,0.0,0.0,0.0,0.0,,
60,pct,1.0,1.5,8,2.0,bar,exchange,0,0,0,,0.0,0.0,0.0,,,,0.0,,0.0,0.0,0.0,0.0,,
60,pct,1.0,1.5,8,2.0,bar,cfd_std,0,0,0,,0.0,0.0,0.0,,,,0.0,,0.0,0.0,0.0,0.0,,
60,pct,1.0,1.5,8,2.0,bar,cfd_raw,0,0,0,,0.0,0.0,0.0,,,,0.0,,0.0,0.0,0.0,0.0,,
60,pct,1.0,1.5,8,2.0,tick,none,0,0,0,,0.0,0.0,0.0,,,,0.0,,0.0,0.0,0.0,0.0,,
60,pct,1.0,1.5,8,2.0,tick,exchange,0,0,0,,0.0,0.0,0.0,,,,0.0,,0.0,0.0,0.0,0.0,,
60,pct,1.0,1.5,8,2.0,tick,cfd_std,0,0,0,,0.0,0.0,0.0,,,,0.0,,0.0,0.0,0.0,0.0,,
60,pct,1.0,1.5,8,2.0,tick,cfd_raw,0,0,0,,0.0,0.0,0.0,,,,0.0,,0.0,0.0,0.0,0.0,,
60,pct,1.0,2.0,3,0.5,off,none,19,9,10,0.42105263157894735,3947.069799999983,0.0,3947.069799999983,0.0,1.45766992176661,0.263157894736841,3085.5239,16.31578947368421,0.42105263157894735,0.5789473684210527,0.0,0.0,0.15789473684210525,207.7405157894728
60,pct,1.0,2.0,3,0.5,off,exchange,19,9,10,0.42105263157894735,3979.0097999999707,1551.2680022000002,2427.7417977999708,0.07320204634541551,1.2552025798560213,0.16123727614999245,3613.582337300002,15.210526315789474,0.42105263157894735,0.5789473684210527,0.0,0.0,0.15789473684210525,127.7758840947353
60,pct,1.0,2.0,3,0.5,off,cfd_std,19,9,10,0.42105263157894735,4162.664800000028,405.0,3757.6648000000278,0.019132220670145104,1.427011886080434,0.2503712821783705,3168.690399999992,15.210526315789474,0.42105263157894735,0.5789473684210527,0.0,0.0,0.15789473684210525,197.77183157894882
60,pct,1.0,2.0,3,0.5,off,cfd_raw,19,9,10,0.42105263157894735,4074.8297999999922,354.0,3720.8297999999922,0.016714249238370827,1.4230931266588613,0.24792715623406494,3166.690400000007,15.210526315789474,0.42105263157894735,0.5789473684210527,0.0,0.0,0.15789473684210525,195.83314736842064
60,pct,1.0,2.0,3,0.5,bar,none,26,12,14,0.5769230769230769,5486.199166181395,0.0,5486.199166181395,0.0,1.76652463739028,0.2595628730835695,3928.49417230548,10.192307692307692,0.2692307692307692,0.34615384615384615,0.38461538461538464,0.0,0.11538461538461539,211.00766023774597
60,pct,1.0,2.0,3,0.5,bar,exchange,26,12,14,0.5,4553.459668958327,2132.5659502761587,2420.8937186821677,0.10371187187982688,1.266862904301129,0.11364875877266037,4814.877365918699,9.615384615384615,0.2692307692307692,0.38461538461538464,0.34615384615384615,0.0,0.11538461538461539,93.11129687239107
60,pct,1.0,2.0,3,0.5,bar,cfd_std,27,13,14,0.5185185185185185,4924.368483842874,634.5,4289.868483842874,0.030579318270532247,1.5194512203791608,0.19751568303087716,4144.494172305451,9.0,0.25925925925925924,0.37037037037037035,0.37037037037037035,0.0,0.1111111111111111,158.88401792010646
60,pct,1.0,2.0,3,0.5,bar,cfd_raw,26,12,14,0.5,4637.459668958341,516.0,4121.459668958341,0.025108989049609756,1.500331213816841,0.19692828990106584,4116.49417230548,9.615384615384615,0.2692307692307692,0.38461538461538464,0.34615384615384615,0.0,0.11538461538461539,158.5176795753208
60,pct,1.0,2.0,3,0.5,tick,none,30,15,15,0.6333333333333333,4981.659881076324,0.0,4981.659881076324,0.0,1.7858155322957905,0.20168924488080545,3780.4997815142997,7.2,0.16666666666666666,0.26666666666666666,0.5666666666666667,0.0,0.1,166.05532936921082
60,pct,1.0,2.0,3,0.5,tick,exchange,30,15,15,0.5333333333333333,3916.5132609899592,2472.304944693114,1444.2083162968452,0.1351430726340671,1.1752444633011352,0.055874183490352954,4827.468058006096,6.7,0.16666666666666666,0.3,0.5333333333333333,0.0,0.1,48.14027720989484
60,pct,1.0,2.0,3,0.5,tick,cfd_std,31,16,15,0.5806451612903226,3952.680085421991,769.5,3183.180085421991,0.04193292479134042,1.4216117168153728,0.12537363235076193,4181.542957082289,6.129032258064516,0.16129032258064516,0.2903225806451613,0.5483870967741935,0.0,0.0967741935483871,102.68322856199971
60,pct,1.0,2.0,3,0.5,tick,cfd_raw,30,15,15,0.6,3982.6932609899523,620.0,3362.6932609899523,0.033923748734461565,1.4537561133680483,0.13714921608845274,4026.4197815143125,6.7,0.16666666666666666,0.3,0.5333333333333333,0.0,0.1,112.08977536633174
60,pct,1.0,2.0,3,1.0,off,none,14,7,7,0.42857142857142855,3257.3237999999983,0.0,3257.3237999999983,0.0,1.5217473328739697,0.28571428571428553,3853.169299999994,13.642857142857142,0.42857142857142855,0.5714285714285714,0.0,0.0,0.21428571428571427,232.6659857142856
60,pct,1.0,2.0,3,1.0,off,exchange,14,7,7,0.42857142857142855,3279.28379999999,1143.3179046,2135.9658953999906,0.07263083179505297,1.3101262823081492,0.18368934777202034,4252.115944549994,13.642857142857142,0.42857142857142855,0.5714285714285714,0.0,0.0,0.21428571428571427,152.56899252857076
60,pct,1.0,2.0,3,1.0,off,cfd_std,14,7,7,0.42857142857142855,3405.5538000000233,297.0,3108.5538000000233,0.018881400481662616,1.4873788390277296,0.27204535444723016,3947.804299999989,13.642857142857142,0.42857142857142855,0.5714285714285714,0.0,0.0,0.21428571428571427,222.0395571428588
60,pct,1.0,2.0,3,1.0,off,cfd_raw,14,7,7,0.42857142857142855,3345.1638000000094,260.0,3085.1638000000094,0.01652327913320706,1.484243064995092,0.26996994664118024,3939.249299999996,13.642857142857142,0.42857142857142855,0.5714285714285714,0.0,0.0,0.21428571428571427,220.36884285714353
60,pct,1.0,2.0,3,1.0,bar,none,16,8,8,0.625,4769.288238548863,0.0,4769.288238548863,0.0,2.1879969912021977,0.36899241605433225,3002.997463664171,7.25,0.3125,0.3125,0.375,0.0,0.1875,298.08051490930393
60,pct,1.0,2.0,3,1.0,bar,exchange,16,8,8,0.5625,4783.308238548867,1310.103974172703,3473.204264376164,0.10234872773963778,1.7587641702817949,0.26568981397766145,3732.920195128914,7.25,0.3125,0.3125,0.375,0.0,0.1875,217.07526652351024
60,pct,1.0,2.0,3,1.0,bar,cfd_std,16,8,8,0.5625,4863.923238548901,364.5,4499.423238548901,0.02845038291933558,2.0821343890122783,0.34739604801703267,3205.3624636641616,7.25,0.3125,0.3125,0.375,0.0,0.1875,281.21395240930633
60,pct,1.0,2.0,3,1.0,bar,cfd_raw,16,8,8,0.5625,4825.368238548879,312.0,4513.368238548879,0.024362945381588813,2.0903250427788596,0.34854081896069666,3176.9174636641837,7.25,0.3125,0.3125,0.375,0.0,0.1875,282.08551490930495
60,pct,1.0,2.0,3,1.0,tick,none,16,8,8,0.5625,2698.048862694035,0.0,2698.048862694035,0.0,1.8098629668784878,0.2011889231480341,2375.3749970811186,4.375,0.1875,0.25,0.5625,0.0,0.1875,168.6280539183772
60,pct,1.0,2.0,3,1.0,tick,exchange,16,8,8,0.4375,2706.0488626940496,1313.827189637592,1392.2216730564571,0.1403507812294851,1.3509682917599715,0.09710769433703362,3023.3709977422404,4.375,0.1875,0.25,0.5625,0.0,0.1875,87.01385456602857
60,pct,1.0,2.0,3,1.0,tick,cfd_std,16,8,8,0.5625,2752.048862694064,391.5,2360.548862694064,0.041822342606945326,1.6756996942621107,0.17418629336105296,2564.374997081104,4.375,0.1875,0.25,0.5625,0.0,0.1875,147.534303918379
60,pct,1.0,2.0,3,1.0,tick,cfd_raw,16,8,8,0.5625,2730.0488626940496,328.0,2402.0488626940496,0.03503889750977789,1.692335229668643,0.17753361538792087,2535.3749970811186,4.375,0.1875,0.25,0.5625,0.0,0.1875,150.1280539183781
60,pct,1.0,2.0,3,2.0,off,none,1,0,1,0.0,-755.9554000000062,0.0,-755.9554000000062,0.0,0.0,-1.0000000000000082,755.9554000000062,24.0,0.0,1.0,0.0,0.0,0.0,-755.9554000000062
60,pct,1.0,2.0,3,2.0,off,exchange,1,0,1,0.0,-753.9354000000021,79.9725077,-833.9079077000022,0.1060734218077567,0.0,-1.1031178660804621,833.907907700006,24.0,0.0,1.0,0.0,0.0,0.0,-833.9079077000022
60,pct,1.0,2.0,3,2.0,off,cfd_std,1,0,1,0.0,-742.3203999999969,27.0,-769.3203999999969,0.036372434328896405,0.0,-1.017679614432276,769.3203999999969,24.0,0.0,1.0,0.0,0.0,0.0,-769.3203999999969
60,pct,1.0,2.0,3,2.0,off,cfd_raw,1,0,1,0.0,-747.8754000000044,22.0,-769.8754000000044,0.029416664861552966,0.0,-1.018413784728576,769.8754000000044,24.0,0.0,1.0,0.0,0.0,0.0,-769.8754000000044
60,pct,1.0,2.0,3,2.0,bar,none,1,0,1,0.0,-755.9554000000062,0.0,-755.9554000000062,0.0,0.0,-1.0000000000000082,755.9554000000062,24.0,0.0,1.0,0.0,0.0,0.0,-755.9554000000062
60,pct,1.0,2.0,3,2.0,bar,exchange,1,0,1,0.0,-753.9354000000021,79.9725077,-833.9079077000022,0.1060734218077567,0.0,-1.1031178660804621,833.907907700006,24.0,0.0,1.0,0.0,0.0,0.0,-833.9079077000022
60,pct,1.0,2.0,3,2.0,bar,cfd_std,1,0,1,0.0,-742.3203999999969,27.0,-769.3203999999969,0.036372434328896405,0.0,-1.017679614432276,769.3203999999969,24.0,0.0,1.0,0.0,0.0,0.0,-769.3203999999969
60,pct,1.0,2.0,3,2.0,bar,cfd_raw,1,0,1,0.0,-747.8754000000044,22.0,-769.8754000000044,0.029416664861552966,0.0,-1.018413784728576,769.8754000000044,24.0,0.0,1.0,0.0,0.0,0.0,-769.8754000000044
60,pct,1.0,2.0,3,2.0,tick,none,1,0,1,0.0,-755.9554000000062,0.0,-755.9554000000062,0.0,0.0,-1.0000000000000082,755.9554000000062,24.0,0.0,1.0,0.0,0.0,0.0,-755.9554000000062
60,pct,1.0,2.0,3,2.0,tick,exchange,1,0,1,0.0,-753.9354000000021,79.9725077,-833.9079077000022,0.1060734218077567,0.0,-1.1031178660804621,833.907907700006,24.0,0.0,1.0,0.0,0.0,0.0,-833.9079077000022
60,pct,1.0,2.0,3,2.0,tick,cfd_std,1,0,1,0.0,-742.3203999999969,27.0,-769.3203999999969,0.036372434328896405,0.0,-1.017679614432276,769.3203999999969,24.0,0.0,1.0,0.0,0.0,0.0,-769.3203999999969
60,pct,1.0,2.0,3,2.0,tick,cfd_raw,1,0,1,0.0,-747.8754000000044,22.0,-769.8754000000044,0.029416664861552966,0.0,-1.018413784728576,769.8754000000044,24.0,0.0,1.0,0.0,0.0,0.0,-769.8754000000044
60,pct,1.0,2.0,5,0.5,off,none,13,4,9,0.3076923076923077,-664.0670000000246,0.0,-664.0670000000246,0.0,0.9047328643334851,-0.07692307692307929,4610.678400000019,12.615384615384615,0.3076923076923077,0.6923076923076923,0.0,0.0,0.15384615384615385,-51.082076923078816
60,pct,1.0,2.0,5,0.5,off,exchange,13,4,9,0.3076923076923077,-642.0069999999978,1058.2889768999999,-1700.2959768999979,0.07974430444692723,0.7789374946276845,-0.17930301306619936,5329.491367599985,12.615384615384615,0.3076923076923077,0.6923076923076923,0.0,0.0,0.15384615384615385,-130.79199822307675
60,pct,1.0,2.0,5,0.5,off,cfd_std,13,4,9,0.3076923076923077,-515.1619999999675,297.0,-812.1619999999675,0.022438491335569234,0.8859110398806113,-0.09169162630336694,4745.678399999975,12.615384615384615,0.3076923076923077,0.6923076923076923,0.0,0.0,0.15384615384615385,-62.4739999999975
60,pct,1.0,2.0,5,0.5,off,cfd_raw,13,4,9,0.3076923076923077,-575.8270000000048,254.0,-829.8270000000048,0.019165690335715694,0.8833257080864263,-0.09338339763926645,4744.678400000004,12.615384615384615,0.3076923076923077,0.6923076923076923,0.0,0.0,0.15384615384615385,-63.83284615384652
60,pct,1.0,2.0,5,0.5,bar,none,16,5,11,0.4375,-336.1966171415843,0.0,-336.1966171415843,0.0,0.9413400260642635,-0.03396106991697431,4909.551560276363,8.25,0.1875,0.4375,0.375,0.0,0.125,-21.012288571349018
60,pct,1.0,2.0,5,0.5,bar,exchange,16,5,11,0.375,-320.0966171415639,1305.5690075325554,-1625.665624674119,0.11738259069618262,0.7508036017418419,-0.13755432303782453,5879.896920280473,8.25,0.1875,0.4375,0.375,0.0,0.125,-101.60410154213244
60,pct,1.0,2.0,5,0.5,bar,cfd_std,17,6,11,0.4117647058823529,-17.612802257062867,418.5,-436.11280225706287,0.037005488739916034,0.9263155594877259,-0.039811204673273155,4982.73774539186,7.352941176470588,0.17647058823529413,0.4117647058823529,0.4117647058823529,0.0,0.11764705882352941,-25.653694250415462
60,pct,1.0,2.0,5,0.5,bar,cfd_raw,16,5,11,0.375,-271.79661714157555,328.0,-599.7966171415756,0.029522209987734728,0.8982761129763678,-0.0551971299238673,5133.311560276372,8.25,0.1875,0.4375,0.375,0.0,0.125,-37.48728857134847
60,pct,1.0,2.0,5,0.5,tick,none,18,6,12,0.5,-1315.2714476635738,0.0,-1315.2714476635738,0.0,0.7648441094457542,-0.0999231931900404,4587.307514343935,5.5,0.1111111111111111,0.3888888888888889,0.5,0.0,0.1111111111111111,-73.07063598130965
60,pct,1.0,2.0,5,0.5,tick,exchange,18,6,12,0.3888888888888889,-1301.1314476635598,1476.7158968265553,-2777.8473444901156,0.14969050344647494,0.563344981216557,-0.20402530046704473,5804.728803137143,5.5,0.1111111111111111,0.3888888888888889,0.5,0.0,0.1111111111111111,-154.3248524716731
60,pct,1.0,2.0,5,0.5,tick,cfd_std,19,7,12,0.47368421052631576,-1310.5046232315508,486.0,-1796.5046232315508,0.04898492036552961,0.6947815105947899,-0.1270740216770357,5042.08068991192,4.631578947368421,0.10526315789473684,0.3684210526315789,0.5263157894736842,0.0,0.10526315789473684,-94.55287490692372
60,pct,1.0,2.0,5,0.5,tick,cfd_raw,18,6,12,0.5,-1258.711447663576,380.0,-1638.711447663576,0.03858969897177878,0.7150537558918033,-0.12297941905290483,4877.067514343944,5.5,0.1111111111111111,0.3888888888888889,0.5,0.0,0.1111111111111111,-91.03952487019868
60,pct,1.0,2.0,5,1.0,off,none,10,4,6,0.3,-670.2403000000049,0.0,-670.2403000000049,0.0,0.8769850409626,-0.10000000000000057,3872.6296999999904,9.9,0.3,0.7,0.0,0.0,0.2,-67.0240300000005
60,pct,1.0,2.0,5,1.0,off,exchange,10,4,6,0.3,-654.2602999999945,817.3785056500001,-1471.6388056499948,0.07995805854283103,0.7552024226464377,-0.20227516838714227,4273.512654349994,9.9,0.3,0.7,0.0,0.0,0.2,-147.1638805649995
60,pct,1.0,2.0,5,1.0,off,cfd_std,10,4,6,0.3,-562.3752999999851,229.5,-791.8752999999851,0.022501664020114744,0.857827245648665,-0.11569752586447431,3967.2646999999997,9.9,0.3,0.7,0.0,0.0,0.2,-79.18752999999852
60,pct,1.0,2.0,5,1.0,off,cfd_raw,10,4,6,0.3,-606.3202999999921,196.0,-802.3202999999921,0.019196093649788235,0.8557591549854119,-0.11696044748329859,3958.709699999992,9.9,0.3,0.7,0.0,0.0,0.2,-80.23202999999921
60,pct,1.0,2.0,5,1.0,bar,none,11,4,7,0.45454545454545453,169.42561241492513,0.0,169.42561241492513,0.0,1.0497874693913802,0.007608919342655295,2869.7703307198535,5.454545454545454,0.18181818181818182,0.36363636363636365,0.45454545454545453,0.0,0.18181818181818182,15.40232840135683
60,pct,1.0,2.0,5,1.0,bar,exchange,11,4,7,0.36363636363636365,177.46561241494783,901.1007914818546,-723.6351790669066,0.12918378828359875,0.8159309053318516,-0.09621781673248893,3521.1445241732727,5.454545454545454,0.18181818181818182,0.36363636363636365,0.45454545454545453,0.0,0.18181818181818182,-65.78501627880969
60,pct,1.0,2.0,5,1.0,bar,cfd_std,11,4,7,0.45454545454545453,223.6956124149583,270.0,-46.304387585041695,0.03870906928577778,0.9869111863140305,-0.01759821370550263,3058.500330719835,5.454545454545454,0.18181818181818182,0.36363636363636365,0.45454545454545453,0.0,0.18181818181818182,-4.209489780458336
60,pct,1.0,2.0,5,1.0,bar,cfd_raw,11,4,7,0.45454545454545453,201.58561241494317,226.0,-24.41438758505683,0.03240041369519005,0.9930617626042403,-0.015003496812147158,3029.61033071985,5.454545454545454,0.18181818181818182,0.36363636363636365,0.45454545454545453,0.0,0.18181818181818182,-2.219489780459712
60,pct,1.0,2.0,5,1.0,tick,none,11,4,7,0.45454545454545453,-697.8791105519049,0.0,-697.8791105519049,0.0,0.7848582738830019,-0.09322905026746704,2326.7451105518994,3.727272727272727,0.09090909090909091,0.36363636363636365,0.5454545454545454,0.0,0.18181818181818182,-63.443555504718624
60,pct,1.0,2.0,5,1.0,tick,exchange,11,4,7,0.36363636363636365,-691.7991105518886,903.8243168528854,-1595.623427404774,0.156161791481373,0.5755732964805442,-0.19760051633561815,3142.2696744047716,3.727272727272727,0.09090909090909091,0.36363636363636365,0.5454545454545454,0.0,0.18181818181818182,-145.05667521861582
60,pct,1.0,2.0,5,1.0,tick,cfd_std,11,4,7,0.45454545454545453,-656.8391105518822,283.5,-940.3391105518822,0.049080345058047224,0.7216730257310027,-0.12154502302628148,2569.475110551881,3.727272727272727,0.09090909090909091,0.36363636363636365,0.5454545454545454,0.0,0.18181818181818182,-85.48537368653474
60,pct,1.0,2.0,5,1.0,tick,cfd_raw,11,4,7,0.45454545454545453,-673.5591105518979,234.0,-907.5591105518979,0.04047222431936961,0.7298650679901839,-0.11768374180636286,2530.585110551896,3.727272727272727,0.09090909090909091,0.36363636363636365,0.5454545454545454,0.0,0.18181818181818182,-82.50537368653617
60,pct,1.0,2.0,5,2.0,off,none,0,0,0,,0.0,0.0,0.0,,,,0.0,,0.0,0.0,0.0,0.0,,
60,pct,1.0,2.0,5,2.0,off,exchange,0,0,0,,0.0,0.0,0.0,,,,0.0,,0.0,0.0,0.0,0.0,,
60,pct,1.0,2.0,5,2.0,off,cfd_std,0,0,0,,0.0,0.0,0.0,,,,0.0,,0.0,0.0,0.0,0.0,,
60,pct,1.0,2.0,5,2.0,off,cfd_raw,0,0,0,,0.0,0.0,0.0,,,,0.0,,0.0,0.0,0.0,0.0,,
60,pct,1.0,2.0,5,2.0,bar,none,0,0,0,,0.0,0.0,0.0,,,,0.0,,0.0,0.0,0.0,0.0,,
60,pct,1.0,2.0,5,2.0,bar,exchange,0,0,0,,0.0,0.0,0.0,,,,0.0,,0.0,0.0,0.0,0.0,,
60,pct,1.0,2.0,5,2.0,bar,cfd_std,0,0,0,,0.0,0.0,0.0,,,,0.0,,0.0,0.0,0.0,0.0,,
60,pct,1.0,2.0,5,2.0,bar,cfd_raw,0,0,0,,0.0,0.0,0.0,,,,0.0,,0.0,0.0,0.0,0.0,,
60,pct,1.0,2.0,5,2.0,tick,none,0,0,0,,0.0,0.0,0.0,,,,0.0,,0.0,0.0,0.0,0.0,,
60,pct,1.0,2.0,5,2.0,tick,exchange,0,0,0,,0.0,0.0,0.0,,,,0.0,,0.0,0.0,0.0,0.0,,
60,pct,1.0,2.0,5,2.0,tick,cfd_std,0,0,0,,0.0,0.0,0.0,,,,0.0,,0.0,0.0,0.0,0.0,,
60,pct,1.0,2.0,5,2.0,tick,cfd_raw,0,0,0,,0.0,0.0,0.0,,,,0.0,,0.0,0.0,0.0,0.0,,
60,pct,1.0,2.0,8,0.5,off,none,14,4,10,0.14285714285714285,-6826.170599999998,0.0,-6826.170599999998,0.0,0.2712529298081445,-0.638532938334737,9366.995599999995,12.571428571428571,0.07142857142857142,0.8571428571428571,0.0,0.07142857142857142,0.21428571428571427,-487.58361428571413
60,pct,1.0,2.0,8,0.5,off,exchange,14,4,10,0.14285714285714285,-6806.050600000002,1160.3534512,-7966.404051200004,0.09760957902994297,0.22909598928100844,-0.7418376184307807,10333.846938700008,12.571428571428571,0.07142857142857142,0.8571428571428571,0.0,0.07142857142857142,0.21428571428571427,-569.0288608000003
60,pct,1.0,2.0,8,0.5,off,cfd_std,14,4,10,0.14285714285714285,-6690.3606,364.5,-7054.8606,0.03096327487166892,0.261672049572747,-0.659169861473494,9555.185599999997,12.571428571428571,0.07142857142857142,0.8571428571428571,0.0,0.07142857142857142,0.21428571428571427,-503.9186142857143
60,pct,1.0,2.0,8,0.5,off,cfd_raw,14,4,10,0.14285714285714285,-6745.690600000016,300.0,-7045.690600000016,0.025364958205397393,0.262271180416688,-0.6583805120301539,9550.515600000013,12.571428571428571,0.07142857142857142,0.8571428571428571,0.0,0.07142857142857142,0.21428571428571427,-503.26361428571545
60,pct,1.0,2.0,8,0.5,bar,none,19,6,13,0.3684210526315789,-1816.8479540495464,0.0,-1816.8479540495464,0.0,0.7098749048472124,-0.12943459660330847,5072.654454049538,7.684210526315789,0.10526315789473684,0.3684210526315789,0.47368421052631576,0.05263157894736842,0.21052631578947367,-95.6235765289235
60,pct,1.0,2.0,8,0.5,bar,exchange,19,6,13,0.3157894736842105,-1806.7679540495446,1563.3564147010097,-3370.124368750555,0.1460843845406405,0.5387944479767875,-0.23376634843068617,6289.603545500548,7.684210526315789,0.10526315789473684,0.3684210526315789,0.47368421052631576,0.05263157894736842,0.21052631578947367,-177.374966776345
60,pct,1.0,2.0,8,0.5,bar,cfd_std,19,6,13,0.3157894736842105,-2283.619400165233,486.0,-2769.619400165233,0.04338492875894042,0.6087619343452733,-0.1944111957999515,5958.1959001652285,7.7894736842105265,0.10526315789473684,0.42105263157894735,0.42105263157894735,0.05263157894736842,0.21052631578947367,-145.76944211395963
60,pct,1.0,2.0,8,0.5,bar,cfd_raw,19,6,13,0.3157894736842105,-2316.8944001652562,402.0,-2718.8944001652562,0.03581578366996189,0.6138910529729535,-0.19100215262880654,5910.860900165251,7.7894736842105265,0.10526315789473684,0.42105263157894735,0.42105263157894735,0.05263157894736842,0.21052631578947367,-143.09970527185558
60,pct,1.0,2.0,8,0.5,tick,none,21,7,14,0.47619047619047616,-923.4356807741569,0.0,-923.4356807741569,0.0,0.8589329923089947,-0.06279688018662993,4271.673817447489,5.857142857142857,0.09523809523809523,0.38095238095238093,0.47619047619047616,0.047619047619047616,0.19047619047619047,-43.973127655912236
60,pct,1.0,2.0,8,0.5,tick,exchange,21,7,14,0.42857142857142855,-911.3756807741302,1725.3035212764303,-2636.679202050561,0.1418748682287519,0.6461991387197646,-0.16703468337902735,5556.158378800552,5.857142857142857,0.09523809523809523,0.38095238095238093,0.47619047619047616,0.047619047619047616,0.19047619047619047,-125.55615247859814
60,pct,1.0,2.0,8,0.5,tick,cfd_std,21,7,14,0.47619047619047616,-842.0306807741144,540.0,-1382.0306807741144,0.04457337353238247,0.7960235787661762,-0.09072336575714492,4609.03881744745,5.857142857142857,0.09523809523809523,0.38095238095238093,0.47619047619047616,0.047619047619047616,0.19047619047619047,-65.81098479876735
60,pct,1.0,2.0,8,0.5,tick,cfd_raw,21,7,14,0.47619047619047616,-875.1956807741517,446.0,-1321.1956807741517,0.036747739496320715,0.8042092457590039,-0.08701820636827266,4561.593817447487,5.857142857142857,0.09523809523809523,0.38095238095238093,0.47619047619047616,0.047619047619047616,0.19047619047619047,-62.91408003686437
60,pct,1.0,2.0,8,1.0,off,none,9,1,8,0.2222222222222222,-2933.8130999999994,0.0,-2933.8130999999994,0.0,0.4589394748365096,-0.4377179040762578,3847.963699999993,15.222222222222221,0.1111111111111111,0.7777777777777778,0.0,0.1111111111111111,0.1111111111111111,-325.97923333333324
60,pct,1.0,2.0,8,1.0,off,exchange,9,1,8,0.2222222222222222,-2919.7730999999912,741.30752145,-3661.0806214499908,0.09382756939027681,0.3880261699132513,-0.5406402863667897,4474.906436449994,15.222222222222221,0.1111111111111111,0.7777777777777778,0.0,0.1111111111111111,0.1111111111111111,-406.78673571666565
60,pct,1.0,2.0,8,1.0,off,cfd_std,9,1,8,0.2222222222222222,-2839.0430999999953,229.5,-3068.5430999999953,0.029263429532915736,0.4450894870827209,-0.4567225054923282,3944.0130999999965,15.222222222222221,0.1111111111111111,0.7777777777777778,0.0,0.1111111111111111,0.1111111111111111,-340.9492333333328
60,pct,1.0,2.0,8,1.0,off,cfd_raw,9,1,8,0.2222222222222222,-2877.653099999996,190.0,-3067.653099999996,0.02414113742442853,0.44507180611438385,-0.4566297205764908,3948.123099999997,15.222222222222221,0.1111111111111111,0.7777777777777778,0.0,0.1111111111111111,0.1111111111111111,-340.850344444444
60,pct,1.0,2.0,8,1.0,bar,none,10,1,9,0.4,-1658.6757596433454,0.0,-1658.6757596433454,0.0,0.41888550657473345,-0.22426201038292976,2683.9575563538383,6.9,0.0,0.3,0.6,0.1,0.1,-165.86757596433455
60,pct,1.0,2.0,8,1.0,bar,exchange,10,1,9,0.3,-1654.6357596433372,823.8156400529991,-2478.451399696336,0.20361807897892487,0.2674050654889375,-0.32894779570219457,3334.78494730519,6.9,0.0,0.3,0.6,0.1,0.1,-247.8451399696336
60,pct,1.0,2.0,8,1.0,bar,cfd_std,10,1,9,0.4,-2166.217205759036,270.0,-2436.217205759036,0.059243422504331976,0.30864754940060185,-0.3253078349688505,3407.499002469529,7.1,0.0,0.4,0.5,0.1,0.1,-243.6217205759036
60,pct,1.0,2.0,8,1.0,bar,cfd_raw,10,1,9,0.4,-2182.882205759044,220.0,-2402.882205759044,0.048096546787361846,0.31551715856575885,-0.3210694437801829,3384.164002469537,7.1,0.0,0.4,0.5,0.1,0.1,-240.2882205759044
60,pct,1.0,2.0,8,1.0,tick,none,10,1,9,0.6,-97.50639520854747,0.0,-97.50639520854747,0.0,0.9591895177004177,-0.023018306909998953,1525.1605704874673,5.2,0.0,0.3,0.6,0.1,0.1,-9.750639520854747
60,pct,1.0,2.0,8,1.0,tick,exchange,10,1,9,0.6,-93.46639520853932,823.6235353707817,-917.089930579321,0.1761026585361551,0.6619448590571109,-0.12767840494920987,2095.6315729458875,5.2,0.0,0.3,0.6,0.1,0.1,-91.7089930579321
60,pct,1.0,2.0,8,1.0,tick,cfd_std,10,1,9,0.6,-70.23639520852885,270.0,-340.23639520852885,0.05801808702659487,0.8622512883863097,-0.05403098089582403,1686.8905704874487,5.2,0.0,0.3,0.6,0.1,0.1,-34.02363952085288
60,pct,1.0,2.0,8,1.0,tick,cfd_raw,10,1,9,0.6,-81.34639520854398,220.0,-301.346395208544,0.04716140667289669,0.8775556586303578,-0.04906516669777881,1663.0005704874638,5.2,0.0,0.3,0.6,0.1,0.1,-30.1346395208544
60,pct,1.0,2.0,8,2.0,off,none,0,0,0,,0.0,0.0,0.0,,,,0.0,,0.0,0.0,0.0,0.0,,
60,pct,1.0,2.0,8,2.0,off,exchange,0,0,0,,0.0,0.0,0.0,,,,0.0,,0.0,0.0,0.0,0.0,,
60,pct,1.0,2.0,8,2.0,off,cfd_std,0,0,0,,0.0,0.0,0.0,,,,0.0,,0.0,0.0,0.0,0.0,,
60,pct,1.0,2.0,8,2.0,off,cfd_raw,0,0,0,,0.0,0.0,0.0,,,,0.0,,0.0,0.0,0.0,0.0,,
60,pct,1.0,2.0,8,2.0,bar,none,0,0,0,,0.0,0.0,0.0,,,,0.0,,0.0,0.0,0.0,0.0,,
60,pct,1.0,2.0,8,2.0,bar,exchange,0,0,0,,0.0,0.0,0.0,,,,0.0,,0.0,0.0,0.0,0.0,,
60,pct,1.0,2.0,8,2.0,bar,cfd_std,0,0,0,,0.0,0.0,0.0,,,,0.0,,0.0,0.0,0.0,0.0,,
60,pct,1.0,2.0,8,2.0,bar,cfd_raw,0,0,0,,0.0,0.0,0.0,,,,0.0,,0.0,0.0,0.0,0.0,,
60,pct,1.0,2.0,8,2.0,tick,none,0,0,0,,0.0,0.0,0.0,,,,0.0,,0.0,0.0,0.0,0.0,,
60,pct,1.0,2.0,8,2.0,tick,exchange,0,0,0,,0.0,0.0,0.0,,,,0.0,,0.0,0.0,0.0,0.0,,
60,pct,1.0,2.0,8,2.0,tick,cfd_std,0,0,0,,0.0,0.0,0.0,,,,0.0,,0.0,0.0,0.0,0.0,,
60,pct,1.0,2.0,8,2.0,tick,cfd_raw,0,0,0,,0.0,0.0,0.0,,,,0.0,,0.0,0.0,0.0,0.0,,
60,pct,1.0,2.5,3,0.5,off,none,14,5,9,0.2857142857142857,109.4323000000295,0.0,109.4323000000295,0.0,1.0139014887758577,2.6645352591003757e-15,3852.456999999995,25.357142857142858,0.2857142857142857,0.7142857142857143,0.0,0.0,0.14285714285714285,7.816592857144964
60,pct,1.0,2.5,3,0.5,off,exchange,14,5,9,0.2857142857142857,133.4423000000097,1155.9327295000003,-1022.4904294999905,0.07296960527970113,0.8822367810075021,-0.1023272197632626,4250.803530599995,23.857142857142858,0.2857142857142857,0.7142857142857143,0.0,0.0,0.14285714285714285,-73.03503067857075
60,pct,1.0,2.5,3,0.5,off,cfd_std,13,6,7,0.23076923076923078,-1735.3455000000104,310.5,-2045.8455000000104,0.022475509024133995,0.745705804516896,-0.2067454340040997,4753.477900000013,26.53846153846154,0.23076923076923078,0.7692307692307693,0.0,0.0,0.07692307692307693,-157.37273076923157
60,pct,1.0,2.5,3,0.5,off,cfd_raw,14,5,9,0.2857142857142857,205.47230000000854,276.0,-70.52769999999146,0.017462871641306884,0.991205741948728,-0.016338415761930118,3930.2969999999914,23.857142857142858,0.2857142857142857,0.7142857142857143,0.0,0.0,0.14285714285714285,-5.037692857142247
60,pct,1.0,2.5,3,0.5,bar,none,24,10,14,0.5833333333333334,4432.911789587815,0.0,4432.911789587815,0.0,1.6946601973069404,0.22642868728507395,3928.49417230548,11.5,0.16666666666666666,0.3333333333333333,0.5,0.0,0.08333333333333333,184.7046578994923
60,pct,1.0,2.5,3,0.5,bar,exchange,24,10,14,0.5,3494.292292364771,1975.4965923144555,1518.7957000503156,0.1100215220315903,1.1848440619919371,0.07644028661627932,4729.422857760452,10.875,0.16666666666666666,0.375,0.4583333333333333,0.0,0.08333333333333333,63.283154168763154
60,pct,1.0,2.5,3,0.5,bar,cfd_std,25,11,14,0.52,3831.391107249292,621.0,3210.391107249292,0.03424994560816295,1.4298287666083709,0.15944843693309182,4144.494172305451,10.16,0.16,0.36,0.48,0.0,0.08,128.41564428997168
60,pct,1.0,2.5,3,0.5,bar,cfd_raw,24,10,14,0.5,3560.6522923647426,496.0,3064.6522923647426,0.027651125771927926,1.411497766048363,0.1584164965681156,4116.49417230548,10.875,0.16666666666666666,0.375,0.4583333333333333,0.0,0.08333333333333333,127.69384551519761
60,pct,1.0,2.5,3,0.5,tick,none,29,14,15,0.6206896551724138,4110.404035566971,0.0,4110.404035566971,0.0,1.6483821481730614,0.17068484906760692,3780.4997815142997,7.655172413793103,0.10344827586206896,0.27586206896551724,0.6206896551724138,0.0,0.06896551724137931,141.73807019196454
60,pct,1.0,2.5,3,0.5,tick,exchange,29,14,15,0.5172413793103449,3043.327415480613,2393.953796715869,649.3736187647445,0.1374193101667443,1.0787968951696254,0.0232081842016198,4827.468058006081,7.137931034482759,0.10344827586206896,0.3103448275862069,0.5862068965517241,0.0,0.06896551724137931,22.39219375050843
60,pct,1.0,2.5,3,0.5,tick,cfd_std,30,15,15,0.5666666666666667,3068.396739912627,769.5,2298.896739912627,0.04405588526895413,1.3044885225735932,0.09233690021999785,4181.542957082289,6.533333333333333,0.1,0.3,0.6,0.0,0.06666666666666667,76.62989133042089
60,pct,1.0,2.5,3,0.5,tick,cfd_raw,29,14,15,0.5862068965517241,3103.7174154805834,614.0,2489.7174154805834,0.03529282021307759,1.3359582364942288,0.10386321973165849,4026.4197815143125,7.137931034482759,0.10344827586206896,0.3103448275862069,0.5862068965517241,0.0,0.06896551724137931,85.85232467174426
60,pct,1.0,2.5,3,1.0,off,none,12,7,5,0.25,-1007.941199999972,0.0,-1007.941199999972,0.0,0.8563609047037699,-0.124999999999997,4642.70199999999,19.416666666666668,0.25,0.75,0.0,0.0,0.25,-83.99509999999766
60,pct,1.0,2.5,3,1.0,off,exchange,12,7,5,0.25,-989.9611999999906,984.66892325,-1974.630123249991,0.0756481196635067,0.7448964924958082,-0.22763836473515378,5122.228138199993,19.416666666666668,0.25,0.75,0.0,0.0,0.25,-164.55251027083258
60,pct,1.0,2.5,3,1.0,off,cfd_std,12,7,5,0.25,-886.5761999999959,283.5,-1170.0761999999959,0.021876601583301094,0.8367141194307081,-0.14238572101031635,4750.971999999994,19.416666666666668,0.25,0.75,0.0,0.0,0.25,-97.50634999999966
60,pct,1.0,2.5,3,1.0,off,cfd_raw,12,7,5,0.25,-936.0211999999883,240.0,-1176.0211999999883,0.018480735396511346,0.835734222036146,-0.1429487556563396,4742.861999999994,19.416666666666668,0.25,0.75,0.0,0.0,0.25,-98.00176666666569
60,pct,1.0,2.5,3,1.0,bar,none,16,8,8,0.625,3981.4960619552876,0.0,3981.4960619552876,0.0,1.9917633628965703,0.3070096509450082,3002.997463664171,7.9375,0.1875,0.3125,0.5,0.0,0.1875,248.84350387220547
60,pct,1.0,2.5,3,1.0,bar,exchange,16,8,8,0.5625,3991.616061955283,1315.6884511109997,2675.927610844283,0.10956126161044827,1.584589283792411,0.20295956978138865,3732.920195128914,7.9375,0.1875,0.3125,0.5,0.0,0.1875,167.2454756777677
60,pct,1.0,2.5,3,1.0,bar,cfd_std,16,8,8,0.5625,4049.8060619553,391.5,3658.3060619553,0.03263135991816547,1.8798413897267972,0.2812119147122494,3205.3624636641616,7.9375,0.1875,0.3125,0.5,0.0,0.1875,228.64412887220624
60,pct,1.0,2.5,3,1.0,bar,cfd_raw,16,8,8,0.5625,4021.976061955269,328.0,3693.976061955269,0.027326635630309345,1.8923789052653084,0.2840683541799879,3176.9174636641837,7.9375,0.1875,0.3125,0.5,0.0,0.1875,230.8735038722043
60,pct,1.0,2.5,3,1.0,tick,none,16,8,8,0.5625,2871.1431671846804,0.0,2871.1431671846804,0.0,1.8618200195927177,0.21509158786756075,2375.3749970811186,4.4375,0.125,0.25,0.625,0.0,0.1875,179.44644794904252
60,pct,1.0,2.5,3,1.0,tick,exchange,16,8,8,0.4375,2877.1931671846833,1316.5418499353468,1560.6513172493364,0.13811565766245903,1.393428099453051,0.11064806580611146,3023.370997742255,4.4375,0.125,0.25,0.625,0.0,0.1875,97.54070732808353
60,pct,1.0,2.5,3,1.0,tick,cfd_std,16,8,8,0.5625,2911.980667184689,405.0,2506.980667184689,0.04253774099894421,1.7176153381567432,0.18601947206961564,2564.374997081104,4.4375,0.125,0.25,0.625,0.0,0.1875,156.68629169904307
60,pct,1.0,2.5,3,1.0,tick,cfd_raw,16,8,8,0.5625,2895.3431671846774,336.0,2559.3431671846774,0.03527070474886528,1.7376716881047756,0.19020991802687587,2535.3749970811186,4.4375,0.125,0.25,0.625,0.0,0.1875,159.95894794904234
60,pct,1.0,2.5,3,2.0,off,none,1,0,1,0.0,-755.9554000000062,0.0,-755.9554000000062,0.0,0.0,-1.0000000000000082,755.9554000000062,24.0,0.0,1.0,0.0,0.0,0.0,-755.9554000000062
60,pct,1.0,2.5,3,2.0,off,exchange,1,0,1,0.0,-753.9354000000021,79.9725077,-833.9079077000022,0.1060734218077567,0.0,-1.1031178660804621,833.907907700006,24.0,0.0,1.0,0.0,0.0,0.0,-833.9079077000022
60,pct,1.0,2.5,3,2.0,off,cfd_std,1,0,1,0.0,-742.3203999999969,27.0,-769.3203999999969,0.036372434328896405,0.0,-1.017679614432276,769.3203999999969,24.0,0.0,1.0,0.0,0.0,0.0,-769.3203999999969
60,pct,1.0,2.5,3,2.0,off,cfd_raw,1,0,1,0.0,-747.8754000000044,22.0,-769.8754000000044,0.029416664861552966,0.0,-1.018413784728576,769.8754000000044,24.0,0.0,1.0,0.0,0.0,0.0,-769.8754000000044
60,pct,1.0,2.5,3,2.0,bar,none,1,0,1,0.0,-755.9554000000062,0.0,-755.9554000000062,0.0,0.0,-1.0000000000000082,755.9554000000062,24.0,0.0,1.0,0.0,0.0,0.0,-755.9554000000062
60,pct,1.0,2.5,3,2.0,bar,exchange,1,0,1,0.0,-753.9354000000021,79.9725077,-833.9079077000022,0.1060734218077567,0.0,-1.1031178660804621,833.907907700006,24.0,0.0,1.0,0.0,0.0,0.0,-833.9079077000022
60,pct,1.0,2.5,3,2.0,bar,cfd_std,1,0,1,0.0,-742.3203999999969,27.0,-769.3203999999969,0.036372434328896405,0.0,-1.017679614432276,769.3203999999969,24.0,0.0,1.0,0.0,0.0,0.0,-769.3203999999969
60,pct,1.0,2.5,3,2.0,bar,cfd_raw,1,0,1,0.0,-747.8754000000044,22.0,-769.8754000000044,0.029416664861552966,0.0,-1.018413784728576,769.8754000000044,24.0,0.0,1.0,0.0,0.0,0.0,-769.8754000000044
60,pct,1.0,2.5,3,2.0,tick,none,1,0,1,0.0,-755.9554000000062,0.0,-755.9554000000062,0.0,0.0,-1.0000000000000082,755.9554000000062,24.0,0.0,1.0,0.0,0.0,0.0,-755.9554000000062
60,pct,1.0,2.5,3,2.0,tick,exchange,1,0,1,0.0,-753.9354000000021,79.9725077,-833.9079077000022,0.1060734218077567,0.0,-1.1031178660804621,833.907907700006,24.0,0.0,1.0,0.0,0.0,0.0,-833.9079077000022
60,pct,1.0,2.5,3,2.0,tick,cfd_std,1,0,1,0.0,-742.3203999999969,27.0,-769.3203999999969,0.036372434328896405,0.0,-1.017679614432276,769.3203999999969,24.0,0.0,1.0,0.0,0.0,0.0,-769.3203999999969
60,pct,1.0,2.5,3,2.0,tick,cfd_raw,1,0,1,0.0,-747.8754000000044,22.0,-769.8754000000044,0.029416664861552966,0.0,-1.018413784728576,769.8754000000044,24.0,0.0,1.0,0.0,0.0,0.0,-769.8754000000044
60,pct,1.0,2.5,5,0.5,off,none,13,4,9,0.23076923076923078,-1823.186600000001,0.0,-1823.186600000001,0.0,0.7648174875736565,-0.1923076923076924,5776.967850000001,16.23076923076923,0.23076923076923078,0.7692307692307693,0.0,0.0,0.15384615384615385,-140.24512307692314
60,pct,1.0,2.5,5,0.5,off,exchange,13,4,9,0.23076923076923078,-1801.0565999999817,1061.66027795,-2862.7168779499825,0.07765656601139931,0.6653220966221537,-0.2950122866024979,6656.465937324989,16.23076923076923,0.23076923076923078,0.7692307692307693,0.0,0.0,0.15384615384615385,-220.2089906115371
60,pct,1.0,2.5,5,0.5,off,cfd_std,13,4,9,0.23076923076923078,-1673.809099999984,310.5,-1984.309099999984,0.022808156205473853,0.749255836105886,-0.20835837615417446,5938.765349999987,16.23076923076923,0.23076923076923078,0.7692307692307693,0.0,0.0,0.15384615384615385,-152.6391615384603
60,pct,1.0,2.5,5,0.5,off,cfd_raw,13,4,9,0.23076923076923078,-1734.666600000026,262.0,-1996.666600000026,0.019206614910655225,0.7475098857154224,-0.2095277964112562,5938.84785000002,16.23076923076923,0.23076923076923078,0.7692307692307693,0.0,0.0,0.15384615384615385,-153.58973846154046
60,pct,1.0,2.5,5,0.5,bar,none,16,5,11,0.4375,-606.8608157621784,0.0,-606.8608157621784,0.0,0.89411422417663,-0.05633211005003162,4909.551560276363,9.0625,0.125,0.4375,0.4375,0.0,0.125,-37.92880098513615
60,pct,1.0,2.5,5,0.5,bar,exchange,16,5,11,0.375,-592.7008157621603,1308.4970858818656,-1901.1979016440257,0.12060175364624404,0.7085675785507052,-0.16031426670051768,5879.896920280473,9.0625,0.125,0.4375,0.4375,0.0,0.125,-118.8248688527516
60,pct,1.0,2.5,5,0.5,bar,cfd_std,17,6,11,0.4117647058823529,-301.3720008776727,432.0,-733.3720008776727,0.039182344409604164,0.8760914486060283,-0.06286785191480729,4982.73774539186,8.117647058823529,0.11764705882352941,0.4117647058823529,0.47058823529411764,0.0,0.11764705882352941,-43.13952946339251
60,pct,1.0,2.5,5,0.5,bar,cfd_raw,16,5,11,0.375,-550.2208157621935,336.0,-886.2208157621935,0.031019617165943605,0.8496993421366602,-0.07882840564867258,5133.311560276372,9.0625,0.125,0.4375,0.4375,0.0,0.125,-55.388800985137095
60,pct,1.0,2.5,5,0.5,tick,none,18,6,12,0.5,-524.515197663568,0.0,-524.515197663568,0.0,0.9062225226321785,-0.044367637634484466,4587.307514343935,5.722222222222222,0.1111111111111111,0.3888888888888889,0.5,0.0,0.1111111111111111,-29.139733203531552
60,pct,1.0,2.5,5,0.5,tick,exchange,18,6,12,0.3888888888888889,-510.3551976635499,1477.1112849515553,-1987.4664826151056,0.13861905329035687,0.6875864269434656,-0.148496117006944,5804.728803137143,5.722222222222222,0.1111111111111111,0.3888888888888889,0.5,0.0,0.1111111111111111,-110.41480458972809
60,pct,1.0,2.5,5,0.5,tick,cfd_std,19,7,12,0.47368421052631576,-519.6133732315502,486.0,-1005.6133732315502,0.045368357919051375,0.8291505678670045,-0.07443344926440074,5042.08068991192,4.842105263157895,0.10526315789473684,0.3684210526315789,0.5263157894736842,0.0,0.10526315789473684,-52.9270196437658
60,pct,1.0,2.5,5,0.5,tick,cfd_raw,18,6,12,0.5,-467.8751976635831,380.0,-847.8751976635831,0.035720920555735225,0.8525677883124592,-0.06741823795529006,4877.067514343944,5.722222222222222,0.1111111111111111,0.3888888888888889,0.5,0.0,0.1111111111111111,-47.10417764797684
60,pct,1.0,2.5,5,1.0,off,none,9,3,6,0.2222222222222222,-1421.9036499999784,0.0,-1421.9036499999784,0.0,0.7386473115086144,-0.2222222222222192,3457.9861499999824,19.77777777777778,0.2222222222222222,0.7777777777777778,0.0,0.0,0.2222222222222222,-157.98929444444204
60,pct,1.0,2.5,5,1.0,off,exchange,9,3,6,0.2222222222222222,-1407.8436499999807,737.997806525,-2145.8414565249805,0.0780690147824489,0.6425813478538509,-0.32496394374818105,4099.510590274993,19.77777777777778,0.2222222222222222,0.7777777777777778,0.0,0.0,0.2222222222222222,-238.4268285027756
60,pct,1.0,2.5,5,1.0,off,cfd_std,9,3,6,0.2222222222222222,-1326.998649999994,216.0,-1542.998649999994,0.022934072351254168,0.7225645846567945,-0.23960677538754288,3579.4186499999923,19.77777777777778,0.2222222222222222,0.7777777777777778,0.0,0.0,0.2222222222222222,-171.44429444444378
60,pct,1.0,2.5,5,1.0,off,cfd_raw,9,3,6,0.2222222222222222,-1365.6636500000022,182.0,-1547.6636500000022,0.019289947320054786,0.7213583172967015,-0.24018892047826534,3577.9461500000034,19.77777777777778,0.2222222222222222,0.7777777777777778,0.0,0.0,0.2222222222222222,-171.96262777777804
60,pct,1.0,2.5,5,1.0,bar,none,11,4,7,0.45454545454545453,-484.77833620566525,0.0,-484.77833620566525,0.0,0.8575428695141163,-0.0703853208508821,2869.7703307198535,6.2727272727272725,0.09090909090909091,0.36363636363636365,0.5454545454545454,0.0,0.18181818181818182,-44.07075783687866
60,pct,1.0,2.5,5,1.0,bar,exchange,11,4,7,0.36363636363636365,-478.6883362056542,903.8370949561648,-1382.5254311618191,0.14303062889906631,0.6483308000617277,-0.17475619205460521,3521.1445241732727,6.2727272727272725,0.09090909090909091,0.36363636363636365,0.5454545454545454,0.0,0.18181818181818182,-125.68413010561993
60,pct,1.0,2.5,5,1.0,bar,cfd_std,11,4,7,0.45454545454545453,-443.67083620565245,283.5,-727.1708362056524,0.04494475981418458,0.7944513665041745,-0.09869375908735342,3058.500330719835,6.2727272727272725,0.09090909090909091,0.36363636363636365,0.5454545454545454,0.0,0.18181818181818182,-66.10643965505932
60,pct,1.0,2.5,5,1.0,bar,cfd_raw,11,4,7,0.45454545454545453,-460.4183362056647,234.0,-694.4183362056647,0.037065104959299475,0.8026557392939747,-0.09483554748764873,3029.61033071985,6.2727272727272725,0.09090909090909091,0.36363636363636365,0.5454545454545454,0.0,0.18181818181818182,-63.12893965506043
60,pct,1.0,2.5,5,1.0,tick,none,11,4,7,0.45454545454545453,-290.66261055189534,0.0,-290.66261055189534,0.0,0.9103947162104423,-0.04777450481292054,2326.7451105518994,3.727272727272727,0.09090909090909091,0.36363636363636365,0.5454545454545454,0.0,0.18181818181818182,-26.42387368653594
60,pct,1.0,2.5,5,1.0,tick,exchange,11,4,7,0.36363636363636365,-284.5726105518843,904.0279301028854,-1188.6005406547697,0.14592935911169863,0.683839055877955,-0.15216758248637977,3142.2696744047716,3.727272727272727,0.09090909090909091,0.36363636363636365,0.5454545454545454,0.0,0.18181818181818182,-108.05459460497906
60,pct,1.0,2.5,5,1.0,tick,cfd_std,11,4,7,0.45454545454545453,-249.55511055188254,283.5,-533.0551105518825,0.045847620558113665,0.842223284798335,-0.07608294304939185,2569.475110551881,3.727272727272727,0.09090909090909091,0.36363636363636365,0.5454545454545454,0.0,0.18181818181818182,-48.4595555047166
60,pct,1.0,2.5,5,1.0,tick,cfd_raw,11,4,7,0.45454545454545453,-266.30261055189476,234.0,-500.30261055189476,0.03780901899826979,0.8510849485014991,-0.07222473144968716,2530.585110551896,3.727272727272727,0.09090909090909091,0.36363636363636365,0.5454545454545454,0.0,0.18181818181818182,-45.48205550471771
60,pct,1.0,2.5,5,2.0,off,none,0,0,0,,0.0,0.0,0.0,,,,0.0,,0.0,0.0,0.0,0.0,,
60,pct,1.0,2.5,5,2.0,off,exchange,0,0,0,,0.0,0.0,0.0,,,,0.0,,0.0,0.0,0.0,0.0,,
60,pct,1.0,2.5,5,2.0,off,cfd_std,0,0,0,,0.0,0.0,0.0,,,,0.0,,0.0,0.0,0.0,0.0,,
60,pct,1.0,2.5,5,2.0,off,cfd_raw,0,0,0,,0.0,0.0,0.0,,,,0.0,,0.0,0.0,0.0,0.0,,
60,pct,1.0,2.5,5,2.0,bar,none,0,0,0,,0.0,0.0,0.0,,,,0.0,,0.0,0.0,0.0,0.0,,
60,pct,1.0,2.5,5,2.0,bar,exchange,0,0,0,,0.0,0.0,0.0,,,,0.0,,0.0,0.0,0.0,0.0,,
60,pct,1.0,2.5,5,2.0,bar,cfd_std,0,0,0,,0.0,0.0,0.0,,,,0.0,,0.0,0.0,0.0,0.0,,
60,pct,1.0,2.5,5,2.0,bar,cfd_raw,0,0,0,,0.0,0.0,0.0,,,,0.0,,0.0,0.0,0.0,0.0,,
60,pct,1.0,2.5,5,2.0,tick,none,0,0,0,,0.0,0.0,0.0,,,,0.0,,0.0,0.0,0.0,0.0,,
60,pct,1.0,2.5,5,2.0,tick,exchange,0,0,0,,0.0,0.0,0.0,,,,0.0,,0.0,0.0,0.0,0.0,,
60,pct,1.0,2.5,5,2.0,tick,cfd_std,0,0,0,,0.0,0.0,0.0,,,,0.0,,0.0,0.0,0.0,0.0,,
60,pct,1.0,2.5,5,2.0,tick,cfd_raw,0,0,0,,0.0,0.0,0.0,,,,0.0,,0.0,0.0,0.0,0.0,,
60,pct,1.0,2.5,8,0.5,off,none,14,4,10,0.14285714285714285,-6416.581849999988,0.0,-6416.581849999988,0.0,0.3149797305338767,-0.6028186526204504,9366.995599999995,12.571428571428571,0.07142857142857142,0.8571428571428571,0.0,0.07142857142857142,0.21428571428571427,-458.32727499999913
60,pct,1.0,2.5,8,0.5,off,exchange,14,4,10,0.14285714285714285,-6396.461849999992,1160.558245575,-7557.020095574994,0.09437512711490353,0.2687118223829946,-0.7061411898593513,10333.846938700008,12.571428571428571,0.07142857142857142,0.8571428571428571,0.0,0.07142857142857142,0.21428571428571427,-539.7871496839282
60,pct,1.0,2.5,8,0.5,off,cfd_std,14,4,10,0.14285714285714285,-6280.77184999999,364.5,-6645.27184999999,0.029922179307268044,0.30453764812271233,-0.6234555757592075,9555.185599999997,12.571428571428571,0.07142857142857142,0.8571428571428571,0.0,0.07142857142857142,0.21428571428571427,-474.6622749999993
60,pct,1.0,2.5,8,0.5,off,cfd_raw,14,4,10,0.14285714285714285,-6336.101850000006,300.0,-6636.101850000006,0.024515954241412653,0.305157739337131,-0.6226662263158673,9550.515600000013,12.571428571428571,0.07142857142857142,0.8571428571428571,0.0,0.07142857142857142,0.21428571428571427,-474.00727500000045
60,pct,1.0,2.5,8,0.5,bar,none,19,6,13,0.3684210526315789,-1023.7194540495402,0.0,-1023.7194540495402,0.0,0.836526384415444,-0.07680301765593965,5072.654454049538,7.894736842105263,0.10526315789473684,0.3684210526315789,0.47368421052631576,0.05263157894736842,0.21052631578947367,-53.87997126576528
60,pct,1.0,2.5,8,0.5,bar,exchange,19,6,13,0.3157894736842105,-1013.6294540495292,1563.7529839510094,-2577.382438000538,0.13603916069607866,0.647282129669988,-0.18116039948646503,6289.603545500548,7.894736842105263,0.10526315789473684,0.3684210526315789,0.47368421052631576,0.05263157894736842,0.21052631578947367,-135.6517072631862
60,pct,1.0,2.5,8,0.5,bar,cfd_std,19,6,13,0.3157894736842105,-1490.4234001652221,486.0,-1976.4234001652221,0.04051606210217308,0.720809267891015,-0.14177498547919937,5958.1959001652285,8.0,0.10526315789473684,0.42105263157894735,0.42105263157894735,0.05263157894736842,0.21052631578947367,-104.02228421922221
60,pct,1.0,2.5,8,0.5,bar,cfd_raw,19,6,13,0.3157894736842105,-1523.7259001652565,402.0,-1925.7259001652565,0.03345185651929364,0.7265285479530483,-0.13836782916387785,5910.860900165251,8.0,0.10526315789473684,0.42105263157894735,0.42105263157894735,0.05263157894736842,0.21052631578947367,-101.35399474553981
60,pct,1.0,2.5,8,0.5,tick,none,21,7,14,0.47619047619047616,-130.30718077415077,0.0,-130.30718077415077,0.0,0.980093855527599,-0.015177832567581973,4271.673817447489,6.0476190476190474,0.09523809523809523,0.38095238095238093,0.47619047619047616,0.047619047619047616,0.19047619047619047,-6.205103846388131
60,pct,1.0,2.5,8,0.5,tick,exchange,21,7,14,0.42857142857142855,-118.23718077411468,1725.70009052643,-1843.937271300545,0.13321878560345524,0.7525726321861624,-0.11943882481044632,5556.158378800552,6.0476190476190474,0.09523809523809523,0.38095238095238093,0.47619047619047616,0.047619047619047616,0.19047619047619047,-87.80653672859738
60,pct,1.0,2.5,8,0.5,tick,cfd_std,21,7,14,0.47619047619047616,-48.83468077410362,540.0,-588.8346807741036,0.041834352826414394,0.9130928187387369,-0.04310012784789295,4609.03881744745,6.0476190476190474,0.09523809523809523,0.38095238095238093,0.47619047619047616,0.047619047619047616,0.19047619047619047,-28.039746703528742
60,pct,1.0,2.5,8,0.5,tick,cfd_raw,21,7,14,0.47619047619047616,-82.02718077415193,446.0,-528.0271807741519,0.034493507612428115,0.9217505465027398,-0.0393966756142896,4561.593817447487,6.0476190476190474,0.09523809523809523,0.38095238095238093,0.47619047619047616,0.047619047619047616,0.19047619047619047,-25.144151465435804
60,pct,1.0,2.5,8,1.0,off,none,9,1,8,0.2222222222222222,-2537.2993499999866,0.0,-2537.2993499999866,0.0,0.5320654479291895,-0.3821623485207005,3847.963699999993,20.444444444444443,0.1111111111111111,0.7777777777777778,0.0,0.1111111111111111,0.1111111111111111,-281.9221499999985
60,pct,1.0,2.5,8,1.0,off,exchange,9,1,8,0.2222222222222222,-2523.2693499999878,741.109269575,-3264.3786195749876,0.08931990128448454,0.454337532211079,-0.48505835483436033,4245.85668674999,20.444444444444443,0.1111111111111111,0.7777777777777778,0.0,0.1111111111111111,0.1111111111111111,-362.708735508332
60,pct,1.0,2.5,8,1.0,off,cfd_std,9,1,8,0.2222222222222222,-2442.5968500000017,229.5,-2672.0968500000017,0.027855324445437667,0.516782204037431,-0.40117640736416416,3928.6937000000034,20.444444444444443,0.1111111111111111,0.7777777777777778,0.0,0.1111111111111111,0.1111111111111111,-296.8996500000002
60,pct,1.0,2.5,8,1.0,off,cfd_raw,9,1,8,0.2222222222222222,-2481.179350000006,190.0,-2671.179350000006,0.022983342211858923,0.5167925824989601,-0.4010797694223533,3925.8036999999895,20.444444444444443,0.1111111111111111,0.7777777777777778,0.0,0.1111111111111111,0.1111111111111111,-296.7977055555562
60,pct,1.0,2.5,8,1.0,bar,none,10,1,9,0.4,-1658.6757596433454,0.0,-1658.6757596433454,0.0,0.41888550657473345,-0.22426201038292976,2683.9575563538383,6.9,0.0,0.3,0.6,0.1,0.1,-165.86757596433455
60,pct,1.0,2.5,8,1.0,bar,exchange,10,1,9,0.3,-1654.6357596433372,823.8156400529991,-2478.451399696336,0.20361807897892487,0.2674050654889375,-0.32894779570219457,3334.78494730519,6.9,0.0,0.3,0.6,0.1,0.1,-247.8451399696336
60,pct,1.0,2.5,8,1.0,bar,cfd_std,10,1,9,0.4,-2166.217205759036,270.0,-2436.217205759036,0.059243422504331976,0.30864754940060185,-0.3253078349688505,3407.499002469529,7.1,0.0,0.4,0.5,0.1,0.1,-243.6217205759036
60,pct,1.0,2.5,8,1.0,bar,cfd_raw,10,1,9,0.4,-2182.882205759044,220.0,-2402.882205759044,0.048096546787361846,0.31551715856575885,-0.3210694437801829,3384.164002469537,7.1,0.0,0.4,0.5,0.1,0.1,-240.2882205759044
60,pct,1.0,2.5,8,1.0,tick,none,10,1,9,0.6,-97.50639520854747,0.0,-97.50639520854747,0.0,0.9591895177004177,-0.023018306909998953,1525.1605704874673,5.2,0.0,0.3,0.6,0.1,0.1,-9.750639520854747
60,pct,1.0,2.5,8,1.0,tick,exchange,10,1,9,0.6,-93.46639520853932,823.6235353707817,-917.089930579321,0.1761026585361551,0.6619448590571109,-0.12767840494920987,2095.6315729458875,5.2,0.0,0.3,0.6,0.1,0.1,-91.7089930579321
60,pct,1.0,2.5,8,1.0,tick,cfd_std,10,1,9,0.6,-70.23639520852885,270.0,-340.23639520852885,0.05801808702659487,0.8622512883863097,-0.05403098089582403,1686.8905704874487,5.2,0.0,0.3,0.6,0.1,0.1,-34.02363952085288
60,pct,1.0,2.5,8,1.0,tick,cfd_raw,10,1,9,0.6,-81.34639520854398,220.0,-301.346395208544,0.04716140667289669,0.8775556586303578,-0.04906516669777881,1663.0005704874638,5.2,0.0,0.3,0.6,0.1,0.1,-30.1346395208544
60,pct,1.0,2.5,8,2.0,off,none,0,0,0,,0.0,0.0,0.0,,,,0.0,,0.0,0.0,0.0,0.0,,
60,pct,1.0,2.5,8,2.0,off,exchange,0,0,0,,0.0,0.0,0.0,,,,0.0,,0.0,0.0,0.0,0.0,,
60,pct,1.0,2.5,8,2.0,off,cfd_std,0,0,0,,0.0,0.0,0.0,,,,0.0,,0.0,0.0,0.0,0.0,,
60,pct,1.0,2.5,8,2.0,off,cfd_raw,0,0,0,,0.0,0.0,0.0,,,,0.0,,0.0,0.0,0.0,0.0,,
60,pct,1.0,2.5,8,2.0,bar,none,0,0,0,,0.0,0.0,0.0,,,,0.0,,0.0,0.0,0.0,0.0,,
60,pct,1.0,2.5,8,2.0,bar,exchange,0,0,0,,0.0,0.0,0.0,,,,0.0,,0.0,0.0,0.0,0.0,,
60,pct,1.0,2.5,8,2.0,bar,cfd_std,0,0,0,,0.0,0.0,0.0,,,,0.0,,0.0,0.0,0.0,0.0,,
60,pct,1.0,2.5,8,2.0,bar,cfd_raw,0,0,0,,0.0,0.0,0.0,,,,0.0,,0.0,0.0,0.0,0.0,,
60,pct,1.0,2.5,8,2.0,tick,none,0,0,0,,0.0,0.0,0.0,,,,0.0,,0.0,0.0,0.0,0.0,,
60,pct,1.0,2.5,8,2.0,tick,exchange,0,0,0,,0.0,0.0,0.0,,,,0.0,,0.0,0.0,0.0,0.0,,
60,pct,1.0,2.5,8,2.0,tick,cfd_std,0,0,0,,0.0,0.0,0.0,,,,0.0,,0.0,0.0,0.0,0.0,,
60,pct,1.0,2.5,8,2.0,tick,cfd_raw,0,0,0,,0.0,0.0,0.0,,,,0.0,,0.0,0.0,0.0,0.0,,
60,pct,1.0,3.0,3,0.5,off,none,12,5,7,0.3333333333333333,3237.39880000001,0.0,3237.39880000001,0.0,1.5106064838246671,0.33333333333333437,2320.7737999999954,31.25,0.3333333333333333,0.6666666666666666,0.0,0.0,0.0,269.7832333333342
60,pct,1.0,3.0,3,0.5,off,exchange,12,5,7,0.3333333333333333,3261.4388000000035,994.0017037000001,2267.437096300004,0.06247669093565586,1.3243366154034157,0.23157023429009696,2559.2071790000045,29.5,0.3333333333333333,0.6666666666666666,0.0,0.0,0.0,188.9530913583337
60,pct,1.0,3.0,3,0.5,off,cfd_std,13,6,7,0.23076923076923078,-518.8713000000134,310.5,-829.3713000000134,0.02065660501731171,0.896910931206546,-0.08999659515576158,4753.477900000013,26.76923076923077,0.23076923076923078,0.7692307692307693,0.0,0.0,0.0,-63.79779230769334
60,pct,1.0,3.0,3,0.5,off,cfd_raw,12,5,7,0.3333333333333333,3333.558799999999,232.0,3101.558799999999,0.01460420023849162,1.4807022661160067,0.3190531160957113,2362.6937999999936,29.5,0.3333333333333333,0.6666666666666666,0.0,0.0,0.0,258.4632333333332
60,pct,1.0,3.0,3,0.5,bar,none,24,10,14,0.5833333333333334,4878.838361223432,0.0,4878.838361223432,0.0,1.7645391966960997,0.25018345743616077,3944.613699470967,11.708333333333334,0.125,0.3333333333333333,0.5416666666666666,0.0,0.08333333333333333,203.284931717643
60,pct,1.0,3.0,3,0.5,bar,exchange,24,10,14,0.5,3938.298864000375,1978.4537636786376,1959.8451003217374,0.10752727087174267,1.2385216979521763,0.09993690766195518,5157.512576272289,11.083333333333334,0.125,0.375,0.5,0.0,0.08333333333333333,81.66021251340572
60,pct,1.0,3.0,3,0.5,bar,cfd_std,25,11,14,0.52,4264.357678884888,634.5,3629.8576788848877,0.03417835251594957,1.4859897741293682,0.18090892698434102,4144.494172305451,10.36,0.12,0.36,0.52,0.0,0.08,145.1943071553955
60,pct,1.0,3.0,3,0.5,bar,cfd_raw,24,10,14,0.5,3998.8988640003518,504.0,3494.8988640003518,0.027427028929098606,1.4692679422993884,0.181341581969947,4226.453699470992,11.083333333333334,0.125,0.375,0.5,0.0,0.08333333333333333,145.62078600001465
60,pct,1.0,3.0,3,0.5,tick,none,29,14,15,0.6206896551724138,5291.84693556698,0.0,5291.84693556698,0.0,1.8347449676957788,0.22240898699864184,3780.4997815142997,7.655172413793103,0.10344827586206896,0.27586206896551724,0.6206896551724138,0.0,0.06896551724137931,182.47748053679243
60,pct,1.0,3.0,3,0.5,tick,exchange,29,14,15,0.5172413793103449,4224.8003154806065,2394.5445331658684,1830.2557823147376,0.12872324983364508,1.2220885925224234,0.0749077736451706,4827.468058006081,7.137931034482759,0.10344827586206896,0.3103448275862069,0.5862068965517241,0.0,0.06896551724137931,63.112268355680605
60,pct,1.0,3.0,3,0.5,tick,cfd_std,30,15,15,0.5666666666666667,4250.042139912635,769.5,3480.5421399126353,0.0412642635075237,1.4609972755789848,0.14234547562687228,4181.542957082289,6.533333333333333,0.1,0.3,0.6,0.0,0.06666666666666667,116.01807133042118
60,pct,1.0,3.0,3,0.5,tick,cfd_raw,29,14,15,0.5862068965517241,4285.280315480588,614.0,3671.280315480588,0.03304829785975948,1.4953963260231102,0.15559261461709867,4026.4197815143125,7.137931034482759,0.10344827586206896,0.3103448275862069,0.5862068965517241,0.0,0.06896551724137931,126.59587294760648
60,pct,1.0,3.0,3,1.0,off,none,12,7,5,0.25,193.90630000001693,0.0,193.90630000001693,0.0,1.0276330856445224,1.7763568394002505e-15,4642.70199999999,20.083333333333332,0.25,0.75,0.0,0.0,0.16666666666666666,16.158858333334745
60,pct,1.0,3.0,3,1.0,off,exchange,12,7,5,0.25,213.94630000001052,984.86826195,-770.92196194999,0.06925769747393659,0.900404184971224,-0.10244036098404441,5122.228138199993,20.083333333333332,0.25,0.75,0.0,0.0,0.16666666666666666,-64.24349682916584
60,pct,1.0,3.0,3,1.0,off,cfd_std,12,7,5,0.25,329.17630000000645,283.5,45.67630000000645,0.02000027697032587,1.0063741958572,-0.015907824756794458,4750.971999999994,20.083333333333332,0.25,0.75,0.0,0.0,0.16666666666666666,3.8063583333338706
60,pct,1.0,3.0,3,1.0,off,cfd_raw,12,7,5,0.25,274.06630000000587,240.0,34.06630000000587,0.016905475646228903,1.0047583557778135,-0.017072965283882913,4742.861999999994,20.083333333333332,0.25,0.75,0.0,0.0,0.16666666666666666,2.8388583333338224
60,pct,1.0,3.0,3,1.0,bar,none,16,8,8,0.625,5168.106911955285,0.0,5168.106911955285,0.0,2.287339987545451,0.400759650945008,3002.997463664171,8.0,0.1875,0.3125,0.5,0.0,0.125,323.0066819972053
60,pct,1.0,3.0,3,1.0,bar,exchange,16,8,8,0.5625,5180.306911955282,1316.2827965359998,3864.0241154192827,0.09973809931342162,1.8441435713863972,0.2968284054197714,3732.920195128914,8.0,0.1875,0.3125,0.5,0.0,0.125,241.50150721370517
60,pct,1.0,3.0,3,1.0,bar,cfd_std,16,8,8,0.5625,5250.456911955305,391.5,4858.956911955305,0.029662884105034665,2.168604083320577,0.3760810210745148,3205.3624636641616,8.0,0.1875,0.3125,0.5,0.0,0.125,303.6848069972066
60,pct,1.0,3.0,3,1.0,bar,cfd_raw,16,8,8,0.5625,5216.906911955273,328.0,4888.906911955273,0.024852491322968295,2.1810464726523926,0.3784815283205897,3176.9174636641837,8.0,0.1875,0.3125,0.5,0.0,0.125,305.5566819972046
60,pct,1.0,3.0,3,1.0,tick,none,16,8,8,0.5625,3670.365617184667,0.0,3670.365617184667,0.0,2.1017195534753568,0.27759158786755966,2375.3749970811186,4.5,0.125,0.25,0.625,0.0,0.125,229.39785107404168
60,pct,1.0,3.0,3,1.0,tick,exchange,16,8,8,0.4375,3678.485617184677,1316.9424961603468,2361.5431210243305,0.1274444625920341,1.5953267149503787,0.17328172016389792,3023.370997742255,4.5,0.125,0.25,0.625,0.0,0.125,147.59644506402066
60,pct,1.0,3.0,3,1.0,tick,cfd_std,16,8,8,0.5625,3725.1756171846937,405.0,3320.1756171846937,0.03919044394326653,1.9503898372464956,0.24963313331530035,2564.374997081104,4.5,0.125,0.25,0.625,0.0,0.125,207.51097607404336
60,pct,1.0,3.0,3,1.0,tick,cfd_raw,16,8,8,0.5625,3702.8456171846774,336.0,3366.8456171846774,0.03251459178064714,1.9704156604949616,0.25336986543172585,2535.3749970811186,4.5,0.125,0.25,0.625,0.0,0.125,210.42785107404234
60,pct,1.0,3.0,3,2.0,off,none,1,0,1,0.0,-755.9554000000062,0.0,-755.9554000000062,0.0,0.0,-1.0000000000000082,755.9554000000062,24.0,0.0,1.0,0.0,0.0,0.0,-755.9554000000062
60,pct,1.0,3.0,3,2.0,off,exchange,1,0,1,0.0,-753.9354000000021,79.9725077,-833.9079077000022,0.1060734218077567,0.0,-1.1031178660804621,833.907907700006,24.0,0.0,1.0,0.0,0.0,0.0,-833.9079077000022
60,pct,1.0,3.0,3,2.0,off,cfd_std,1,0,1,0.0,-742.3203999999969,27.0,-769.3203999999969,0.036372434328896405,0.0,-1.017679614432276,769.3203999999969,24.0,0.0,1.0,0.0,0.0,0.0,-769.3203999999969
60,pct,1.0,3.0,3,2.0,off,cfd_raw,1,0,1,0.0,-747.8754000000044,22.0,-769.8754000000044,0.029416664861552966,0.0,-1.018413784728576,769.8754000000044,24.0,0.0,1.0,0.0,0.0,0.0,-769.8754000000044
60,pct,1.0,3.0,3,2.0,bar,none,1,0,1,0.0,-755.9554000000062,0.0,-755.9554000000062,0.0,0.0,-1.0000000000000082,755.9554000000062,24.0,0.0,1.0,0.0,0.0,0.0,-755.9554000000062
60,pct,1.0,3.0,3,2.0,bar,exchange,1,0,1,0.0,-753.9354000000021,79.9725077,-833.9079077000022,0.1060734218077567,0.0,-1.1031178660804621,833.907907700006,24.0,0.0,1.0,0.0,0.0,0.0,-833.9079077000022
60,pct,1.0,3.0,3,2.0,bar,cfd_std,1,0,1,0.0,-742.3203999999969,27.0,-769.3203999999969,0.036372434328896405,0.0,-1.017679614432276,769.3203999999969,24.0,0.0,1.0,0.0,0.0,0.0,-769.3203999999969
60,pct,1.0,3.0,3,2.0,bar,cfd_raw,1,0,1,0.0,-747.8754000000044,22.0,-769.8754000000044,0.029416664861552966,0.0,-1.018413784728576,769.8754000000044,24.0,0.0,1.0,0.0,0.0,0.0,-769.8754000000044
60,pct,1.0,3.0,3,2.0,tick,none,1,0,1,0.0,-755.9554000000062,0.0,-755.9554000000062,0.0,0.0,-1.0000000000000082,755.9554000000062,24.0,0.0,1.0,0.0,0.0,0.0,-755.9554000000062
60,pct,1.0,3.0,3,2.0,tick,exchange,1,0,1,0.0,-753.9354000000021,79.9725077,-833.9079077000022,0.1060734218077567,0.0,-1.1031178660804621,833.907907700006,24.0,0.0,1.0,0.0,0.0,0.0,-833.9079077000022
60,pct,1.0,3.0,3,2.0,tick,cfd_std,1,0,1,0.0,-742.3203999999969,27.0,-769.3203999999969,0.036372434328896405,0.0,-1.017679614432276,769.3203999999969,24.0,0.0,1.0,0.0,0.0,0.0,-769.3203999999969
60,pct,1.0,3.0,3,2.0,tick,cfd_raw,1,0,1,0.0,-747.8754000000044,22.0,-769.8754000000044,0.029416664861552966,0.0,-1.018413784728576,769.8754000000044,24.0,0.0,1.0,0.0,0.0,0.0,-769.8754000000044
60,pct,1.0,3.0,5,0.5,off,none,13,4,9,0.23076923076923078,-637.3798999999999,0.0,-637.3798999999999,0.0,0.9177809850883879,-0.07692307692307689,5381.917400000006,17.076923076923077,0.23076923076923078,0.7692307692307693,0.0,0.0,0.15384615384615385,-49.02922307692307
60,pct,1.0,3.0,5,0.5,off,exchange,13,4,9,0.23076923076923078,-615.2398999999859,1061.85814585,-1677.0980458499857,0.07147171471628845,0.8039318306090751,-0.1796459297300239,6261.227967099985,17.076923076923077,0.23076923076923078,0.7692307692307693,0.0,0.0,0.15384615384615385,-129.00754198846045
60,pct,1.0,3.0,5,0.5,off,cfd_std,13,4,9,0.23076923076923078,-487.93489999997837,310.5,-798.4348999999784,0.020980544426951516,0.899107003327064,-0.09296718817620385,5543.782399999982,17.076923076923077,0.23076923076923078,0.7692307692307693,0.0,0.0,0.15384615384615385,-61.418069230767564
60,pct,1.0,3.0,5,0.5,off,cfd_raw,13,4,9,0.23076923076923078,-548.8199000000168,262.0,-810.8199000000168,0.017670489519703472,0.8974671038143217,-0.09413928615650372,5543.8374000000185,17.076923076923077,0.23076923076923078,0.7692307692307693,0.0,0.0,0.15384615384615385,-62.37076153846283
60,pct,1.0,3.0,5,0.5,bar,none,16,5,11,0.4375,183.89543423782743,0.0,183.89543423782743,0.0,1.032086287693814,0.006167889949968877,4909.551560276363,9.0625,0.125,0.4375,0.4375,0.0,0.125,11.493464639864214
60,pct,1.0,3.0,5,0.5,bar,exchange,16,5,11,0.375,198.075434237835,1308.8924740068655,-1110.8170397690303,0.11244286688516607,0.8297241442318611,-0.09784393530790553,5879.896920280473,9.0625,0.125,0.4375,0.4375,0.0,0.125,-69.4260649855644
60,pct,1.0,3.0,5,0.5,bar,cfd_std,17,6,11,0.4117647058823529,489.5192491223279,432.0,57.51924912232789,0.03655977519841417,1.009718296890919,-0.004034270983038807,4982.73774539186,8.117647058823529,0.11764705882352941,0.4117647058823529,0.47058823529411764,0.0,0.11764705882352941,3.383485242489876
60,pct,1.0,3.0,5,0.5,bar,cfd_raw,16,5,11,0.375,240.61543423781404,336.0,-95.38456576218596,0.028908966812399378,0.9838230351520963,-0.01632207691385479,5133.311560276372,9.0625,0.125,0.4375,0.4375,0.0,0.125,-5.961535360136622
60,pct,1.0,3.0,5,0.5,tick,none,18,6,12,0.5,266.24105233643786,0.0,266.24105233643786,0.0,1.047600935818603,0.011187917921071508,4587.307514343935,5.722222222222222,0.1111111111111111,0.3888888888888889,0.5,0.0,0.1111111111111111,14.791169574246547
60,pct,1.0,3.0,5,0.5,tick,exchange,18,6,12,0.3888888888888889,280.4210523364454,1477.5066730765552,-1197.0856207401102,0.12907731128772082,0.811827872670372,-0.0929669335468444,5804.728803137143,5.722222222222222,0.1111111111111111,0.3888888888888889,0.5,0.0,0.1111111111111111,-66.5047567077839
60,pct,1.0,3.0,5,0.5,tick,cfd_std,19,7,12,0.47368421052631576,271.27787676845037,486.0,-214.72212323154963,0.0422491017548322,0.9635196251392191,-0.021792876851765758,5042.08068991192,4.842105263157895,0.10526315789473684,0.3684210526315789,0.5263157894736842,0.0,0.10526315789473684,-11.301164380607876
60,pct,1.0,3.0,5,0.5,tick,cfd_raw,18,6,12,0.5,322.9610523364245,380.0,-57.03894766357553,0.033249160559995446,0.9900818207331176,-0.011857056857674254,4877.067514343944,5.722222222222222,0.1111111111111111,0.3888888888888889,0.5,0.0,0.1111111111111111,-3.168830425754196
60,pct,1.0,3.0,5,1.0,off,none,9,3,6,0.2222222222222222,-618.1733999999851,0.0,-618.1733999999851,0.0,0.8863767738103357,-0.11111111111110904,3083.0969999999943,19.77777777777778,0.2222222222222222,0.7777777777777778,0.0,0.0,0.2222222222222222,-68.68593333333168
60,pct,1.0,3.0,5,1.0,off,exchange,9,3,6,0.2222222222222222,-604.1133999999875,738.0031679,-1342.1165678999878,0.07195203872204217,0.7764524991987708,-0.21385287084446222,3702.8085883999884,19.77777777777778,0.2222222222222222,0.7777777777777778,0.0,0.0,0.2222222222222222,-149.12406309999864
60,pct,1.0,3.0,5,1.0,off,cfd_std,9,3,6,0.2222222222222222,-523.2683999999863,216.0,-739.2683999999863,0.02113082924006672,0.867077501588155,-0.12849591284317835,3182.972399999984,19.77777777777778,0.2222222222222222,0.7777777777777778,0.0,0.0,0.2222222222222222,-82.14093333333182
60,pct,1.0,3.0,5,1.0,off,cfd_raw,9,3,6,0.2222222222222222,-561.9333999999944,182.0,-743.9333999999944,0.01777570042998833,0.8660620772509685,-0.1290779566659666,3181.4723999999987,19.77777777777778,0.2222222222222222,0.7777777777777778,0.0,0.0,0.2222222222222222,-82.65926666666604
60,pct,1.0,3.0,5,1.0,bar,none,11,4,7,0.45454545454545453,-77.56183620567026,0.0,-77.56183620567026,0.0,0.9772076518361821,-0.024930775396337215,2869.7703307198535,6.2727272727272725,0.09090909090909091,0.36363636363636365,0.5454545454545454,0.0,0.18181818181818182,-7.051076018697296
60,pct,1.0,3.0,5,1.0,bar,exchange,11,4,7,0.36363636363636365,-71.46183620566444,904.0407082061648,-975.5025444118291,0.13440162312042844,0.7518640947944315,-0.12932325820536847,3521.1445241732727,6.2727272727272725,0.09090909090909091,0.36363636363636365,0.5454545454545454,0.0,0.18181818181818182,-88.68204949198447
60,pct,1.0,3.0,5,1.0,bar,cfd_std,11,4,7,0.45454545454545453,-36.3868362056528,283.5,-319.8868362056528,0.04221874230173242,0.9095779165203218,-0.05323167911046379,3058.500330719835,6.2727272727272725,0.09090909090909091,0.36363636363636365,0.5454545454545454,0.0,0.18181818181818182,-29.080621473241163
60,pct,1.0,3.0,5,1.0,bar,cfd_raw,11,4,7,0.45454545454545453,-53.16183620566153,234.0,-287.16183620566153,0.0348189822727927,0.9183925059084166,-0.049376537130973,3029.61033071985,6.2727272727272725,0.09090909090909091,0.36363636363636365,0.5454545454545454,0.0,0.18181818181818182,-26.105621473241957
60,pct,1.0,3.0,5,1.0,tick,none,11,4,7,0.45454545454545453,116.55388944809965,0.0,116.55388944809965,0.0,1.0359311585378783,-0.0023199593583756502,2326.7451105518994,3.727272727272727,0.09090909090909091,0.36363636363636365,0.5454545454545454,0.0,0.18181818181818182,10.595808131645423
60,pct,1.0,3.0,5,1.0,tick,exchange,11,4,7,0.36363636363636365,122.65388944810547,904.2315433528854,-781.5776539047797,0.13695920905384235,0.7921048152753619,-0.10673464863714299,3142.2696744047716,3.727272727272727,0.09090909090909091,0.36363636363636365,0.5454545454545454,0.0,0.18181818181818182,-71.05251399134362
60,pct,1.0,3.0,5,1.0,tick,cfd_std,11,4,7,0.45454545454545453,157.72888944811712,283.5,-125.77111055188288,0.04301443322091103,0.9627735438656673,-0.030620863072502225,2569.475110551881,3.727272727272727,0.09090909090909091,0.36363636363636365,0.5454545454545454,0.0,0.18181818181818182,-11.433737322898445
60,pct,1.0,3.0,5,1.0,tick,cfd_raw,11,4,7,0.45454545454545453,140.95388944810838,234.0,-93.04611055189162,0.03547466922081246,0.9723048290128142,-0.02676572109301143,2530.585110551896,3.727272727272727,0.09090909090909091,0.36363636363636365,0.5454545454545454,0.0,0.18181818181818182,-8.458737322899237
60,pct,1.0,3.0,5,2.0,off,none,0,0,0,,0.0,0.0,0.0,,,,0.0,,0.0,0.0,0.0,0.0,,
60,pct,1.0,3.0,5,2.0,off,exchange,0,0,0,,0.0,0.0,0.0,,,,0.0,,0.0,0.0,0.0,0.0,,
60,pct,1.0,3.0,5,2.0,off,cfd_std,0,0,0,,0.0,0.0,0.0,,,,0.0,,0.0,0.0,0.0,0.0,,
60,pct,1.0,3.0,5,2.0,off,cfd_raw,0,0,0,,0.0,0.0,0.0,,,,0.0,,0.0,0.0,0.0,0.0,,
60,pct,1.0,3.0,5,2.0,bar,none,0,0,0,,0.0,0.0,0.0,,,,0.0,,0.0,0.0,0.0,0.0,,
60,pct,1.0,3.0,5,2.0,bar,exchange,0,0,0,,0.0,0.0,0.0,,,,0.0,,0.0,0.0,0.0,0.0,,
60,pct,1.0,3.0,5,2.0,bar,cfd_std,0,0,0,,0.0,0.0,0.0,,,,0.0,,0.0,0.0,0.0,0.0,,
60,pct,1.0,3.0,5,2.0,bar,cfd_raw,0,0,0,,0.0,0.0,0.0,,,,0.0,,0.0,0.0,0.0,0.0,,
60,pct,1.0,3.0,5,2.0,tick,none,0,0,0,,0.0,0.0,0.0,,,,0.0,,0.0,0.0,0.0,0.0,,
60,pct,1.0,3.0,5,2.0,tick,exchange,0,0,0,,0.0,0.0,0.0,,,,0.0,,0.0,0.0,0.0,0.0,,
60,pct,1.0,3.0,5,2.0,tick,cfd_std,0,0,0,,0.0,0.0,0.0,,,,0.0,,0.0,0.0,0.0,0.0,,
60,pct,1.0,3.0,5,2.0,tick,cfd_raw,0,0,0,,0.0,0.0,0.0,,,,0.0,,0.0,0.0,0.0,0.0,,
60,pct,1.0,3.0,8,0.5,off,none,14,4,10,0.14285714285714285,-6006.993099999992,0.0,-6006.993099999992,0.0,0.35870653125960733,-0.5671043669061652,9366.995599999995,12.642857142857142,0.07142857142857142,0.8571428571428571,0.0,0.07142857142857142,0.14285714285714285,-429.07093571428516
60,pct,1.0,3.0,8,0.5,off,exchange,14,4,10,0.14285714285714285,-5984.813099999999,1160.7640699499998,-7145.577169950001,0.09133446561912201,0.3085269007430339,-0.6702652284202429,10333.846938700008,12.642857142857142,0.07142857142857142,0.8571428571428571,0.0,0.07142857142857142,0.14285714285714285,-510.39836928214294
60,pct,1.0,3.0,8,0.5,off,cfd_std,14,4,10,0.14285714285714285,-5857.278099999996,364.5,-6221.778099999996,0.02891688281144072,0.3488584774324009,-0.5865288369615378,9555.185599999997,12.642857142857142,0.07142857142857142,0.8571428571428571,0.0,0.07142857142857142,0.14285714285714285,-444.41272142857116
60,pct,1.0,3.0,8,0.5,off,cfd_raw,14,4,10,0.14285714285714285,-5918.273100000006,300.0,-6218.273100000006,0.023706498190589634,0.3489070789015834,-0.5862334498855019,9550.515600000013,12.642857142857142,0.07142857142857142,0.8571428571428571,0.0,0.07142857142857142,0.14285714285714285,-444.1623642857147
60,pct,1.0,3.0,8,0.5,bar,none,19,6,13,0.3684210526315789,-230.59095404953405,0.0,-230.59095404953405,0.0,0.9631778639836756,-0.024171438708570782,5072.654454049538,7.947368421052632,0.10526315789473684,0.3684210526315789,0.47368421052631576,0.05263157894736842,0.15789473684210525,-12.136366002607055
60,pct,1.0,3.0,8,0.5,bar,exchange,19,6,13,0.3157894736842105,-218.43095404953056,1564.1505832010093,-1782.58153725054,0.12726943708072092,0.756051583871125,-0.12842216316605945,6289.603545500548,7.947368421052632,0.10526315789473684,0.3684210526315789,0.47368421052631576,0.05263157894736842,0.15789473684210525,-93.82008090792316
60,pct,1.0,3.0,8,0.5,bar,cfd_std,19,6,13,0.3157894736842105,-683.322400165227,486.0,-1169.322400165227,0.03796179900088107,0.8348208299161637,-0.08824538867595429,5958.1959001652285,8.052631578947368,0.10526315789473684,0.42105263157894735,0.42105263157894735,0.05263157894736842,0.15789473684210525,-61.54328421922247
60,pct,1.0,3.0,8,0.5,bar,cfd_raw,19,6,13,0.3157894736842105,-722.3174001652515,402.0,-1124.3174001652515,0.031360486364227426,0.8403362015547179,-0.08520409148710058,5910.860900165251,8.052631578947368,0.10526315789473684,0.42105263157894735,0.42105263157894735,0.05263157894736842,0.15789473684210525,-59.174600008697446
60,pct,1.0,3.0,8,0.5,tick,none,21,7,14,0.47619047619047616,662.8213192258554,0.0,662.8213192258554,0.0,1.1012547187462034,0.03244121505146605,4271.673817447489,6.095238095238095,0.09523809523809523,0.38095238095238093,0.47619047619047616,0.047619047619047616,0.14285714285714285,31.562919963135972
60,pct,1.0,3.0,8,0.5,tick,exchange,21,7,14,0.42857142857142855,676.9613192258839,1726.09768977643,-1049.1363705505469,0.12554279601782228,0.859222407029065,-0.07172327766341266,5556.158378800552,6.095238095238095,0.09523809523809523,0.38095238095238093,0.47619047619047616,0.047619047619047616,0.14285714285714285,-49.95887478812128
60,pct,1.0,3.0,8,0.5,tick,cfd_std,21,7,14,0.47619047619047616,758.2663192258915,540.0,218.2663192258915,0.03937251021344395,1.0322143229458836,0.00533141211694778,4609.03881744745,6.095238095238095,0.09523809523809523,0.38095238095238093,0.47619047619047616,0.047619047619047616,0.14285714285714285,10.393634248851976
60,pct,1.0,3.0,8,0.5,tick,cfd_raw,21,7,14,0.47619047619047616,719.3813192258531,446.0,273.3813192258531,0.03248035275821288,1.0405129500993109,0.008703848950413672,4561.593817447487,6.095238095238095,0.09523809523809523,0.38095238095238093,0.47619047619047616,0.047619047619047616,0.14285714285714285,13.018158058373956
60,pct,1.0,3.0,8,1.0,off,none,9,1,8,0.2222222222222222,-2140.7855999999883,0.0,-2140.7855999999883,0.0,0.6051914210218667,-0.3266067929651453,3847.963699999993,20.444444444444443,0.1111111111111111,0.7777777777777778,0.0,0.1111111111111111,0.1111111111111111,-237.86506666666537
60,pct,1.0,3.0,8,1.0,off,exchange,9,1,8,0.2222222222222222,-2126.7655999999843,740.9110177,-2867.676617699984,0.08522340377466085,0.5206488945089066,-0.4294764233019308,4245.85668674999,20.444444444444443,0.1111111111111111,0.7777777777777778,0.0,0.1111111111111111,0.1111111111111111,-318.6307352999982
60,pct,1.0,3.0,8,1.0,off,cfd_std,9,1,8,0.2222222222222222,-2046.1505999999936,229.5,-2275.6505999999936,0.026576509265485944,0.5884749209921437,-0.3456303092359981,3928.6937000000034,20.444444444444443,0.1111111111111111,0.7777777777777778,0.0,0.1111111111111111,0.1111111111111111,-252.85006666666595
60,pct,1.0,3.0,8,1.0,off,cfd_raw,9,1,8,0.2222222222222222,-2084.705600000001,190.0,-2274.705600000001,0.02193151903957122,0.588513358883539,-0.3455298182682138,3925.8036999999895,20.444444444444443,0.1111111111111111,0.7777777777777778,0.0,0.1111111111111111,0.1111111111111111,-252.7450666666668
60,pct,1.0,3.0,8,1.0,bar,none,10,1,9,0.4,-1658.6757596433454,0.0,-1658.6757596433454,0.0,0.41888550657473345,-0.22426201038292976,2683.9575563538383,6.9,0.0,0.3,0.6,0.1,0.1,-165.86757596433455
60,pct,1.0,3.0,8,1.0,bar,exchange,10,1,9,0.3,-1654.6357596433372,823.8156400529991,-2478.451399696336,0.20361807897892487,0.2674050654889375,-0.32894779570219457,3334.78494730519,6.9,0.0,0.3,0.6,0.1,0.1,-247.8451399696336
60,pct,1.0,3.0,8,1.0,bar,cfd_std,10,1,9,0.4,-2166.217205759036,270.0,-2436.217205759036,0.059243422504331976,0.30864754940060185,-0.3253078349688505,3407.499002469529,7.1,0.0,0.4,0.5,0.1,0.1,-243.6217205759036
60,pct,1.0,3.0,8,1.0,bar,cfd_raw,10,1,9,0.4,-2182.882205759044,220.0,-2402.882205759044,0.048096546787361846,0.31551715856575885,-0.3210694437801829,3384.164002469537,7.1,0.0,0.4,0.5,0.1,0.1,-240.2882205759044
60,pct,1.0,3.0,8,1.0,tick,none,10,1,9,0.6,-97.50639520854747,0.0,-97.50639520854747,0.0,0.9591895177004177,-0.023018306909998953,1525.1605704874673,5.2,0.0,0.3,0.6,0.1,0.1,-9.750639520854747
60,pct,1.0,3.0,8,1.0,tick,exchange,10,1,9,0.6,-93.46639520853932,823.6235353707817,-917.089930579321,0.1761026585361551,0.6619448590571109,-0.12767840494920987,2095.6315729458875,5.2,0.0,0.3,0.6,0.1,0.1,-91.7089930579321
60,pct,1.0,3.0,8,1.0,tick,cfd_std,10,1,9,0.6,-70.23639520852885,270.0,-340.23639520852885,0.05801808702659487,0.8622512883863097,-0.05403098089582403,1686.8905704874487,5.2,0.0,0.3,0.6,0.1,0.1,-34.02363952085288
60,pct,1.0,3.0,8,1.0,tick,cfd_raw,10,1,9,0.6,-81.34639520854398,220.0,-301.346395208544,0.04716140667289669,0.8775556586303578,-0.04906516669777881,1663.0005704874638,5.2,0.0,0.3,0.6,0.1,0.1,-30.1346395208544
60,pct,1.0,3.0,8,2.0,off,none,0,0,0,,0.0,0.0,0.0,,,,0.0,,0.0,0.0,0.0,0.0,,
60,pct,1.0,3.0,8,2.0,off,exchange,0,0,0,,0.0,0.0,0.0,,,,0.0,,0.0,0.0,0.0,0.0,,
60,pct,1.0,3.0,8,2.0,off,cfd_std,0,0,0,,0.0,0.0,0.0,,,,0.0,,0.0,0.0,0.0,0.0,,
60,pct,1.0,3.0,8,2.0,off,cfd_raw,0,0,0,,0.0,0.0,0.0,,,,0.0,,0.0,0.0,0.0,0.0,,
60,pct,1.0,3.0,8,2.0,bar,none,0,0,0,,0.0,0.0,0.0,,,,0.0,,0.0,0.0,0.0,0.0,,
60,pct,1.0,3.0,8,2.0,bar,exchange,0,0,0,,0.0,0.0,0.0,,,,0.0,,0.0,0.0,0.0,0.0,,
60,pct,1.0,3.0,8,2.0,bar,cfd_std,0,0,0,,0.0,0.0,0.0,,,,0.0,,0.0,0.0,0.0,0.0,,
60,pct,1.0,3.0,8,2.0,bar,cfd_raw,0,0,0,,0.0,0.0,0.0,,,,0.0,,0.0,0.0,0.0,0.0,,
60,pct,1.0,3.0,8,2.0,tick,none,0,0,0,,0.0,0.0,0.0,,,,0.0,,0.0,0.0,0.0,0.0,,
60,pct,1.0,3.0,8,2.0,tick,exchange,0,0,0,,0.0,0.0,0.0,,,,0.0,,0.0,0.0,0.0,0.0,,
60,pct,1.0,3.0,8,2.0,tick,cfd_std,0,0,0,,0.0,0.0,0.0,,,,0.0,,0.0,0.0,0.0,0.0,,
60,pct,1.0,3.0,8,2.0,tick,cfd_raw,0,0,0,,0.0,0.0,0.0,,,,0.0,,0.0,0.0,0.0,0.0,,
60,atr,1.0,1.0,3,0.5,off,none,37,17,20,0.6216216216216216,2158.2215030665247,0.0,2158.2215030665247,0.0,1.3875380908772672,0.24324324324324478,2045.7741687300877,2.8378378378378377,0.6216216216216216,0.3783783783783784,0.0,0.0,0.32432432432432434,58.330310893689855
60,atr,1.0,1.0,3,0.5,off,exchange,37,17,20,0.6216216216216216,2208.2215030665247,3007.9288362224283,-799.7073331559038,0.22618838922737988,0.8805432250741217,-0.0013806418316131156,3052.17789707864,2.8378378378378377,0.6216216216216216,0.3783783783783784,0.0,0.0,0.32432432432432434,-21.61371170691632
60,atr,1.0,1.0,3,0.5,off,cfd_std,38,18,20,0.5789473684210527,1240.0674422575685,729.0,511.0674422575685,0.05338425248418554,1.0769700459438445,0.1278304913132321,2140.2741687300877,2.6578947368421053,0.5789473684210527,0.42105263157894735,0.0,0.0,0.34210526315789475,13.449143217304433
60,atr,1.0,1.0,3,0.5,off,cfd_raw,38,18,20,0.5789473684210527,1102.5674422575685,660.0,442.5674422575685,0.04827309431982028,1.066683634043288,0.12179017425838479,2137.7741687300877,2.6578947368421053,0.5789473684210527,0.42105263157894735,0.0,0.0,0.34210526315789475,11.646511638357065
60,atr,1.0,1.0,3,0.5,bar,none,37,17,20,0.6216216216216216,2158.2215030665247,0.0,2158.2215030665247,0.0,1.3875380908772672,0.24324324324324478,2045.7741687300877,2.8378378378378377,0.6216216216216216,0.3783783783783784,0.0,0.0,0.32432432432432434,58.330310893689855
60,atr,1.0,1.0,3,0.5,bar,exchange,37,17,20,0.6216216216216216,2208.2215030665247,3007.9288362224283,-799.7073331559038,0.22618838922737988,0.8805432250741217,-0.0013806418316131156,3052.17789707864,2.8378378378378377,0.6216216216216216,0.3783783783783784,0.0,0.0,0.32432432432432434,-21.61371170691632
60,atr,1.0,1.0,3,0.5,bar,cfd_std,38,18,20,0.5789473684210527,1240.0674422575685,729.0,511.0674422575685,0.05338425248418554,1.0769700459438445,0.1278304913132321,2140.2741687300877,2.6578947368421053,0.5789473684210527,0.42105263157894735,0.0,0.0,0.34210526315789475,13.449143217304433
60,atr,1.0,1.0,3,0.5,bar,cfd_raw,38,18,20,0.5789473684210527,1102.5674422575685,660.0,442.5674422575685,0.04827309431982028,1.066683634043288,0.12179017425838479,2137.7741687300877,2.6578947368421053,0.5789473684210527,0.42105263157894735,0.0,0.0,0.34210526315789475,11.646511638357065
60,atr,1.0,1.0,3,0.5,tick,none,37,17,20,0.6216216216216216,2158.2215030665247,0.0,2158.2215030665247,0.0,1.3875380908772672,0.24324324324324478,2045.7741687300877,2.8378378378378377,0.6216216216216216,0.3783783783783784,0.0,0.0,0.32432432432432434,58.330310893689855
60,atr,1.0,1.0,3,0.5,tick,exchange,37,17,20,0.6216216216216216,2208.2215030665247,3007.9288362224283,-799.7073331559038,0.22618838922737988,0.8805432250741217,-0.0013806418316131156,3052.17789707864,2.8378378378378377,0.6216216216216216,0.3783783783783784,0.0,0.0,0.32432432432432434,-21.61371170691632
60,atr,1.0,1.0,3,0.5,tick,cfd_std,38,18,20,0.5789473684210527,1240.0674422575685,729.0,511.0674422575685,0.05338425248418554,1.0769700459438445,0.1278304913132321,2140.2741687300877,2.6578947368421053,0.5789473684210527,0.42105263157894735,0.0,0.0,0.34210526315789475,13.449143217304433
60,atr,1.0,1.0,3,0.5,tick,cfd_raw,38,18,20,0.5789473684210527,1102.5674422575685,660.0,442.5674422575685,0.04827309431982028,1.066683634043288,0.12179017425838479,2137.7741687300877,2.6578947368421053,0.5789473684210527,0.42105263157894735,0.0,0.0,0.34210526315789475,11.646511638357065
60,atr,1.0,1.0,3,1.0,off,none,18,9,9,0.7777777777777778,3364.426345791813,0.0,3364.426345791813,0.0,3.571081433928196,0.5555555555555611,874.2199798836373,2.2777777777777777,0.7777777777777778,0.2222222222222222,0.0,0.0,0.3888888888888889,186.91257476621183
60,atr,1.0,1.0,3,1.0,off,exchange,18,9,9,0.7777777777777778,3386.426345791813,1455.834060270904,1930.592285520909,0.24281887004821506,2.1843972374243954,0.29121922792725363,1033.2320898936887,2.2777777777777777,0.7777777777777778,0.2222222222222222,0.0,0.0,0.3888888888888889,107.25512697338382
60,atr,1.0,1.0,3,1.0,off,cfd_std,18,9,9,0.7222222222222222,2703.662431381177,310.5,2393.162431381177,0.051330325826582764,2.323873921249419,0.41484344345935725,914.7199798836373,2.1666666666666665,0.7222222222222222,0.2777777777777778,0.0,0.0,0.3888888888888889,132.9534684100654
60,atr,1.0,1.0,3,1.0,off,cfd_raw,18,9,9,0.7222222222222222,2643.162431381177,292.0,2351.162431381177,0.04849245187963846,2.3067845875506583,0.4069696229103195,910.2199798836373,2.1666666666666665,0.7222222222222222,0.2777777777777778,0.0,0.0,0.3888888888888889,130.62013507673205
60,atr,1.0,1.0,3,1.0,bar,none,18,9,9,0.7777777777777778,3364.426345791813,0.0,3364.426345791813,0.0,3.571081433928196,0.5555555555555611,874.2199798836373,2.2777777777777777,0.7777777777777778,0.2222222222222222,0.0,0.0,0.3888888888888889,186.91257476621183
60,atr,1.0,1.0,3,1.0,bar,exchange,18,9,9,0.7777777777777778,3386.426345791813,1455.834060270904,1930.592285520909,0.24281887004821506,2.1843972374243954,0.29121922792725363,1033.2320898936887,2.2777777777777777,0.7777777777777778,0.2222222222222222,0.0,0.0,0.3888888888888889,107.25512697338382
60,atr,1.0,1.0,3,1.0,bar,cfd_std,18,9,9,0.7222222222222222,2703.662431381177,310.5,2393.162431381177,0.051330325826582764,2.323873921249419,0.41484344345935725,914.7199798836373,2.1666666666666665,0.7222222222222222,0.2777777777777778,0.0,0.0,0.3888888888888889,132.9534684100654
60,atr,1.0,1.0,3,1.0,bar,cfd_raw,18,9,9,0.7222222222222222,2643.162431381177,292.0,2351.162431381177,0.04849245187963846,2.3067845875506583,0.4069696229103195,910.2199798836373,2.1666666666666665,0.7222222222222222,0.2777777777777778,0.0,0.0,0.3888888888888889,130.62013507673205
60,atr,1.0,1.0,3,1.0,tick,none,18,9,9,0.7777777777777778,3364.426345791813,0.0,3364.426345791813,0.0,3.571081433928196,0.5555555555555611,874.2199798836373,2.2777777777777777,0.7777777777777778,0.2222222222222222,0.0,0.0,0.3888888888888889,186.91257476621183
60,atr,1.0,1.0,3,1.0,tick,exchange,18,9,9,0.7777777777777778,3386.426345791813,1455.834060270904,1930.592285520909,0.24281887004821506,2.1843972374243954,0.29121922792725363,1033.2320898936887,2.2777777777777777,0.7777777777777778,0.2222222222222222,0.0,0.0,0.3888888888888889,107.25512697338382
60,atr,1.0,1.0,3,1.0,tick,cfd_std,18,9,9,0.7222222222222222,2703.662431381177,310.5,2393.162431381177,0.051330325826582764,2.323873921249419,0.41484344345935725,914.7199798836373,2.1666666666666665,0.7222222222222222,0.2777777777777778,0.0,0.0,0.3888888888888889,132.9534684100654
60,atr,1.0,1.0,3,1.0,tick,cfd_raw,18,9,9,0.7222222222222222,2643.162431381177,292.0,2351.162431381177,0.04849245187963846,2.3067845875506583,0.4069696229103195,910.2199798836373,2.1666666666666665,0.7222222222222222,0.2777777777777778,0.0,0.0,0.3888888888888889,130.62013507673205
60,atr,1.0,1.0,3,2.0,off,none,1,0,1,1.0,499.32215713892947,0.0,499.32215713892947,0.0,inf,1.000000000000002,0.0,0.0,1.0,0.0,0.0,0.0,1.0,499.32215713892947
60,atr,1.0,1.0,3,2.0,off,exchange,1,0,1,1.0,499.32215713892947,77.34487892143054,421.9772782174989,0.15489975322667365,inf,0.845100246773328,0.0,0.0,1.0,0.0,0.0,0.0,1.0,421.9772782174989
60,atr,1.0,1.0,3,2.0,off,cfd_std,1,0,1,1.0,499.32215713892947,13.5,485.82215713892947,0.027036653204724124,inf,0.9729633467952777,0.0,0.0,1.0,0.0,0.0,0.0,1.0,485.82215713892947
60,atr,1.0,1.0,3,2.0,off,cfd_raw,1,0,1,1.0,499.32215713892947,14.0,485.32215713892947,0.028038010730825017,inf,0.9719619892691769,0.0,0.0,1.0,0.0,0.0,0.0,1.0,485.32215713892947
60,atr,1.0,1.0,3,2.0,bar,none,1,0,1,1.0,499.32215713892947,0.0,499.32215713892947,0.0,inf,1.000000000000002,0.0,0.0,1.0,0.0,0.0,0.0,1.0,499.32215713892947
60,atr,1.0,1.0,3,2.0,bar,exchange,1,0,1,1.0,499.32215713892947,77.34487892143054,421.9772782174989,0.15489975322667365,inf,0.845100246773328,0.0,0.0,1.0,0.0,0.0,0.0,1.0,421.9772782174989
60,atr,1.0,1.0,3,2.0,bar,cfd_std,1,0,1,1.0,499.32215713892947,13.5,485.82215713892947,0.027036653204724124,inf,0.9729633467952777,0.0,0.0,1.0,0.0,0.0,0.0,1.0,485.82215713892947
60,atr,1.0,1.0,3,2.0,bar,cfd_raw,1,0,1,1.0,499.32215713892947,14.0,485.32215713892947,0.028038010730825017,inf,0.9719619892691769,0.0,0.0,1.0,0.0,0.0,0.0,1.0,485.32215713892947
60,atr,1.0,1.0,3,2.0,tick,none,1,0,1,1.0,499.32215713892947,0.0,499.32215713892947,0.0,inf,1.000000000000002,0.0,0.0,1.0,0.0,0.0,0.0,1.0,499.32215713892947
60,atr,1.0,1.0,3,2.0,tick,exchange,1,0,1,1.0,499.32215713892947,77.34487892143054,421.9772782174989,0.15489975322667365,inf,0.845100246773328,0.0,0.0,1.0,0.0,0.0,0.0,1.0,421.9772782174989
60,atr,1.0,1.0,3,2.0,tick,cfd_std,1,0,1,1.0,499.32215713892947,13.5,485.82215713892947,0.027036653204724124,inf,0.9729633467952777,0.0,0.0,1.0,0.0,0.0,0.0,1.0,485.82215713892947
60,atr,1.0,1.0,3,2.0,tick,cfd_raw,1,0,1,1.0,499.32215713892947,14.0,485.32215713892947,0.028038010730825017,inf,0.9719619892691769,0.0,0.0,1.0,0.0,0.0,0.0,1.0,485.32215713892947
60,atr,1.0,1.0,5,0.5,off,none,22,8,14,0.7272727272727273,2780.708154535052,0.0,2780.708154535052,0.0,2.279372532141609,0.454545454545455,1147.4656120385189,1.1818181818181819,0.7272727272727273,0.2727272727272727,0.0,0.0,0.5454545454545454,126.39582520613872
60,atr,1.0,1.0,5,0.5,off,exchange,22,8,14,0.7272727272727273,2800.708154535052,1773.1027683705777,1027.6053861644743,0.24862289039178592,1.3881125883483496,0.18721476908921247,1701.1601054961648,1.1818181818181819,0.7272727272727273,0.2727272727272727,0.0,0.0,0.5454545454545454,46.709335734748834
60,atr,1.0,1.0,5,0.5,off,cfd_std,22,8,14,0.7272727272727273,2915.708154535052,378.0,2537.708154535052,0.052832436516636695,2.1123011826193614,0.4186337669925375,1268.9656120385189,1.1818181818181819,0.7272727272727273,0.2727272727272727,0.0,0.0,0.5454545454545454,115.35037066068418
60,atr,1.0,1.0,5,0.5,off,cfd_raw,22,8,14,0.7272727272727273,2860.708154535052,356.0,2504.708154535052,0.049834150411085076,2.1017000578365237,0.41312983053436586,1261.4656120385189,1.1818181818181819,0.7272727272727273,0.2727272727272727,0.0,0.0,0.5454545454545454,113.85037066068418
60,atr,1.0,1.0,5,0.5,bar,none,22,8,14,0.7272727272727273,2780.708154535052,0.0,2780.708154535052,0.0,2.279372532141609,0.454545454545455,1147.4656120385189,1.1818181818181819,0.7272727272727273,0.2727272727272727,0.0,0.0,0.5454545454545454,126.39582520613872
60,atr,1.0,1.0,5,0.5,bar,exchange,22,8,14,0.7272727272727273,2800.708154535052,1773.1027683705777,1027.6053861644743,0.24862289039178592,1.3881125883483496,0.18721476908921247,1701.1601054961648,1.1818181818181819,0.7272727272727273,0.2727272727272727,0.0,0.0,0.5454545454545454,46.709335734748834
60,atr,1.0,1.0,5,0.5,bar,cfd_std,22,8,14,0.7272727272727273,2915.708154535052,378.0,2537.708154535052,0.052832436516636695,2.1123011826193614,0.4186337669925375,1268.9656120385189,1.1818181818181819,0.7272727272727273,0.2727272727272727,0.0,0.0,0.5454545454545454,115.35037066068418
60,atr,1.0,1.0,5,0.5,bar,cfd_raw,22,8,14,0.7272727272727273,2860.708154535052,356.0,2504.708154535052,0.049834150411085076,2.1017000578365237,0.41312983053436586,1261.4656120385189,1.1818181818181819,0.7272727272727273,0.2727272727272727,0.0,0.0,0.5454545454545454,113.85037066068418
60,atr,1.0,1.0,5,0.5,tick,none,22,8,14,0.7272727272727273,2780.708154535052,0.0,2780.708154535052,0.0,2.279372532141609,0.454545454545455,1147.4656120385189,1.1818181818181819,0.7272727272727273,0.2727272727272727,0.0,0.0,0.5454545454545454,126.39582520613872
60,atr,1.0,1.0,5,0.5,tick,exchange,22,8,14,0.7272727272727273,2800.708154535052,1773.1027683705777,1027.6053861644743,0.24862289039178592,1.3881125883483496,0.18721476908921247,1701.1601054961648,1.1818181818181819,0.7272727272727273,0.2727272727272727,0.0,0.0,0.5454545454545454,46.709335734748834
60,atr,1.0,1.0,5,0.5,tick,cfd_std,22,8,14,0.7272727272727273,2915.708154535052,378.0,2537.708154535052,0.052832436516636695,2.1123011826193614,0.4186337669925375,1268.9656120385189,1.1818181818181819,0.7272727272727273,0.2727272727272727,0.0,0.0,0.5454545454545454,115.35037066068418
60,atr,1.0,1.0,5,0.5,tick,cfd_raw,22,8,14,0.7272727272727273,2860.708154535052,356.0,2504.708154535052,0.049834150411085076,2.1017000578365237,0.41312983053436586,1261.4656120385189,1.1818181818181819,0.7272727272727273,0.2727272727272727,0.0,0.0,0.5454545454545454,113.85037066068418
60,atr,1.0,1.0,5,1.0,off,none,12,4,8,0.8333333333333334,2469.480274679634,0.0,2469.480274679634,0.0,4.8319308359507,0.6666666666666673,644.44802904877,1.0,0.8333333333333334,0.16666666666666666,0.0,0.0,0.5833333333333334,205.7900228899695
60,atr,1.0,1.0,5,1.0,off,exchange,12,4,8,0.8333333333333334,2479.480274679634,966.7796157267267,1512.7006589529071,0.2565507078785416,2.8788752127962436,0.3855845522276662,805.1097000218724,1.0,0.8333333333333334,0.16666666666666666,0.0,0.0,0.5833333333333334,126.0583882460756
60,atr,1.0,1.0,5,1.0,off,cfd_std,12,4,8,0.8333333333333334,2536.980274679634,189.0,2347.980274679634,0.04940044673707641,4.36171078881473,0.6319261997931336,698.44802904877,1.0,0.8333333333333334,0.16666666666666666,0.0,0.0,0.5833333333333334,195.6650228899695
60,atr,1.0,1.0,5,1.0,off,cfd_raw,12,4,8,0.8333333333333334,2509.480274679634,184.0,2325.480274679634,0.04844175086397214,4.377858860156452,0.6248900069427187,688.44802904877,1.0,0.8333333333333334,0.16666666666666666,0.0,0.0,0.5833333333333334,193.7900228899695
60,atr,1.0,1.0,5,1.0,bar,none,12,4,8,0.8333333333333334,2469.480274679634,0.0,2469.480274679634,0.0,4.8319308359507,0.6666666666666673,644.44802904877,1.0,0.8333333333333334,0.16666666666666666,0.0,0.0,0.5833333333333334,205.7900228899695
60,atr,1.0,1.0,5,1.0,bar,exchange,12,4,8,0.8333333333333334,2479.480274679634,966.7796157267267,1512.7006589529071,0.2565507078785416,2.8788752127962436,0.3855845522276662,805.1097000218724,1.0,0.8333333333333334,0.16666666666666666,0.0,0.0,0.5833333333333334,126.0583882460756
60,atr,1.0,1.0,5,1.0,bar,cfd_std,12,4,8,0.8333333333333334,2536.980274679634,189.0,2347.980274679634,0.04940044673707641,4.36171078881473,0.6319261997931336,698.44802904877,1.0,0.8333333333333334,0.16666666666666666,0.0,0.0,0.5833333333333334,195.6650228899695
60,atr,1.0,1.0,5,1.0,bar,cfd_raw,12,4,8,0.8333333333333334,2509.480274679634,184.0,2325.480274679634,0.04844175086397214,4.377858860156452,0.6248900069427187,688.44802904877,1.0,0.8333333333333334,0.16666666666666666,0.0,0.0,0.5833333333333334,193.7900228899695
60,atr,1.0,1.0,5,1.0,tick,none,12,4,8,0.8333333333333334,2469.480274679634,0.0,2469.480274679634,0.0,4.8319308359507,0.6666666666666673,644.44802904877,1.0,0.8333333333333334,0.16666666666666666,0.0,0.0,0.5833333333333334,205.7900228899695
60,atr,1.0,1.0,5,1.0,tick,exchange,12,4,8,0.8333333333333334,2479.480274679634,966.7796157267267,1512.7006589529071,0.2565507078785416,2.8788752127962436,0.3855845522276662,805.1097000218724,1.0,0.8333333333333334,0.16666666666666666,0.0,0.0,0.5833333333333334,126.0583882460756
60,atr,1.0,1.0,5,1.0,tick,cfd_std,12,4,8,0.8333333333333334,2536.980274679634,189.0,2347.980274679634,0.04940044673707641,4.36171078881473,0.6319261997931336,698.44802904877,1.0,0.8333333333333334,0.16666666666666666,0.0,0.0,0.5833333333333334,195.6650228899695
60,atr,1.0,1.0,5,1.0,tick,cfd_raw,12,4,8,0.8333333333333334,2509.480274679634,184.0,2325.480274679634,0.04844175086397214,4.377858860156452,0.6248900069427187,688.44802904877,1.0,0.8333333333333334,0.16666666666666666,0.0,0.0,0.5833333333333334,193.7900228899695
60,atr,1.0,1.0,5,2.0,off,none,0,0,0,,0.0,0.0,0.0,,,,0.0,,0.0,0.0,0.0,0.0,,
60,atr,1.0,1.0,5,2.0,off,exchange,0,0,0,,0.0,0.0,0.0,,,,0.0,,0.0,0.0,0.0,0.0,,
60,atr,1.0,1.0,5,2.0,off,cfd_std,0,0,0,,0.0,0.0,0.0,,,,0.0,,0.0,0.0,0.0,0.0,,
60,atr,1.0,1.0,5,2.0,off,cfd_raw,0,0,0,,0.0,0.0,0.0,,,,0.0,,0.0,0.0,0.0,0.0,,
60,atr,1.0,1.0,5,2.0,bar,none,0,0,0,,0.0,0.0,0.0,,,,0.0,,0.0,0.0,0.0,0.0,,
60,atr,1.0,1.0,5,2.0,bar,exchange,0,0,0,,0.0,0.0,0.0,,,,0.0,,0.0,0.0,0.0,0.0,,
60,atr,1.0,1.0,5,2.0,bar,cfd_std,0,0,0,,0.0,0.0,0.0,,,,0.0,,0.0,0.0,0.0,0.0,,
60,atr,1.0,1.0,5,2.0,bar,cfd_raw,0,0,0,,0.0,0.0,0.0,,,,0.0,,0.0,0.0,0.0,0.0,,
60,atr,1.0,1.0,5,2.0,tick,none,0,0,0,,0.0,0.0,0.0,,,,0.0,,0.0,0.0,0.0,0.0,,
60,atr,1.0,1.0,5,2.0,tick,exchange,0,0,0,,0.0,0.0,0.0,,,,0.0,,0.0,0.0,0.0,0.0,,
60,atr,1.0,1.0,5,2.0,tick,cfd_std,0,0,0,,0.0,0.0,0.0,,,,0.0,,0.0,0.0,0.0,0.0,,
60,atr,1.0,1.0,5,2.0,tick,cfd_raw,0,0,0,,0.0,0.0,0.0,,,,0.0,,0.0,0.0,0.0,0.0,,
60,atr,1.0,1.0,8,0.5,off,none,25,8,17,0.56,871.9212499233254,0.0,871.9212499233254,0.0,1.2204795635264911,0.119999999999998,1328.9653678281175,1.04,0.56,0.44,0.0,0.0,0.48,34.87684999693302
60,atr,1.0,1.0,8,0.5,off,exchange,25,8,17,0.56,897.9212499233254,2024.8252931727707,-1126.9040432494455,0.23074308727795959,0.7669459048826355,-0.1295452961455049,2068.586844093006,1.04,0.56,0.44,0.0,0.0,0.48,-45.07616172997782
60,atr,1.0,1.0,8,0.5,off,cfd_std,25,8,17,0.56,1047.4212499233254,486.0,561.4212499233254,0.05560171826438003,1.135489285577855,0.08310529526344045,1423.4653678281175,1.04,0.56,0.44,0.0,0.0,0.48,22.456849996933016
60,atr,1.0,1.0,8,0.5,off,cfd_raw,25,8,17,0.56,975.9212499233254,438.0,537.9212499233254,0.050015775122809525,1.1301635077522423,0.07938209403528962,1414.9653678281175,1.04,0.56,0.44,0.0,0.0,0.48,21.516849996933015
60,atr,1.0,1.0,8,0.5,bar,none,25,8,17,0.56,871.9212499233254,0.0,871.9212499233254,0.0,1.2204795635264911,0.119999999999998,1328.9653678281175,1.04,0.56,0.44,0.0,0.0,0.48,34.87684999693302
60,atr,1.0,1.0,8,0.5,bar,exchange,25,8,17,0.56,897.9212499233254,2024.8252931727707,-1126.9040432494455,0.23074308727795959,0.7669459048826355,-0.1295452961455049,2068.586844093006,1.04,0.56,0.44,0.0,0.0,0.48,-45.07616172997782
60,atr,1.0,1.0,8,0.5,bar,cfd_std,25,8,17,0.56,1047.4212499233254,486.0,561.4212499233254,0.05560171826438003,1.135489285577855,0.08310529526344045,1423.4653678281175,1.04,0.56,0.44,0.0,0.0,0.48,22.456849996933016
60,atr,1.0,1.0,8,0.5,bar,cfd_raw,25,8,17,0.56,975.9212499233254,438.0,537.9212499233254,0.050015775122809525,1.1301635077522423,0.07938209403528962,1414.9653678281175,1.04,0.56,0.44,0.0,0.0,0.48,21.516849996933015
60,atr,1.0,1.0,8,0.5,tick,none,25,8,17,0.56,871.9212499233254,0.0,871.9212499233254,0.0,1.2204795635264911,0.119999999999998,1328.9653678281175,1.04,0.56,0.44,0.0,0.0,0.48,34.87684999693302
60,atr,1.0,1.0,8,0.5,tick,exchange,25,8,17,0.56,897.9212499233254,2024.8252931727707,-1126.9040432494455,0.23074308727795959,0.7669459048826355,-0.1295452961455049,2068.586844093006,1.04,0.56,0.44,0.0,0.0,0.48,-45.07616172997782
60,atr,1.0,1.0,8,0.5,tick,cfd_std,25,8,17,0.56,1047.4212499233254,486.0,561.4212499233254,0.05560171826438003,1.135489285577855,0.08310529526344045,1423.4653678281175,1.04,0.56,0.44,0.0,0.0,0.48,22.456849996933016
60,atr,1.0,1.0,8,0.5,tick,cfd_raw,25,8,17,0.56,975.9212499233254,438.0,537.9212499233254,0.050015775122809525,1.1301635077522423,0.07938209403528962,1414.9653678281175,1.04,0.56,0.44,0.0,0.0,0.48,21.516849996933015
60,atr,1.0,1.0,8,1.0,off,none,11,2,9,0.8181818181818182,2684.976922985443,0.0,2684.976922985443,0.0,7.4179188808487835,0.6363636363636355,221.8449876224331,0.45454545454545453,0.8181818181818182,0.18181818181818182,0.0,0.0,0.6363636363636364,244.0888111804948
60,atr,1.0,1.0,8,1.0,off,exchange,11,2,9,0.8181818181818182,2692.976922985443,885.9970899499439,1806.979833035499,0.2512975332296188,4.112531266069061,0.3546083771391726,302.4736901162396,0.45454545454545453,0.8181818181818182,0.18181818181818182,0.0,0.0,0.6363636363636364,164.2708939123181
60,atr,1.0,1.0,8,1.0,off,cfd_std,11,2,9,0.8181818181818182,2738.976922985443,175.5,2563.476922985443,0.04945487536085846,6.58666583209088,0.5992064404783192,248.8449876224331,0.45454545454545453,0.8181818181818182,0.18181818181818182,0.0,0.0,0.6363636363636364,233.04335663504025
60,atr,1.0,1.0,8,1.0,off,cfd_raw,11,2,9,0.8181818181818182,2716.976922985443,170.0,2546.976922985443,0.04805396205750187,6.605681736283711,0.593088793358421,243.8449876224331,0.45454545454545453,0.8181818181818182,0.18181818181818182,0.0,0.0,0.6363636363636364,231.54335663504025
60,atr,1.0,1.0,8,1.0,bar,none,11,2,9,0.8181818181818182,2684.976922985443,0.0,2684.976922985443,0.0,7.4179188808487835,0.6363636363636355,221.8449876224331,0.45454545454545453,0.8181818181818182,0.18181818181818182,0.0,0.0,0.6363636363636364,244.0888111804948
60,atr,1.0,1.0,8,1.0,bar,exchange,11,2,9,0.8181818181818182,2692.976922985443,885.9970899499439,1806.979833035499,0.2512975332296188,4.112531266069061,0.3546083771391726,302.4736901162396,0.45454545454545453,0.8181818181818182,0.18181818181818182,0.0,0.0,0.6363636363636364,164.2708939123181
60,atr,1.0,1.0,8,1.0,bar,cfd_std,11,2,9,0.8181818181818182,2738.976922985443,175.5,2563.476922985443,0.04945487536085846,6.58666583209088,0.5992064404783192,248.8449876224331,0.45454545454545453,0.8181818181818182,0.18181818181818182,0.0,0.0,0.6363636363636364,233.04335663504025
60,atr,1.0,1.0,8,1.0,bar,cfd_raw,11,2,9,0.8181818181818182,2716.976922985443,170.0,2546.976922985443,0.04805396205750187,6.605681736283711,0.593088793358421,243.8449876224331,0.45454545454545453,0.8181818181818182,0.18181818181818182,0.0,0.0,0.6363636363636364,231.54335663504025
60,atr,1.0,1.0,8,1.0,tick,none,11,2,9,0.8181818181818182,2684.976922985443,0.0,2684.976922985443,0.0,7.4179188808487835,0.6363636363636355,221.8449876224331,0.45454545454545453,0.8181818181818182,0.18181818181818182,0.0,0.0,0.6363636363636364,244.0888111804948
60,atr,1.0,1.0,8,1.0,tick,exchange,11,2,9,0.8181818181818182,2692.976922985443,885.9970899499439,1806.979833035499,0.2512975332296188,4.112531266069061,0.3546083771391726,302.4736901162396,0.45454545454545453,0.8181818181818182,0.18181818181818182,0.0,0.0,0.6363636363636364,164.2708939123181
60,atr,1.0,1.0,8,1.0,tick,cfd_std,11,2,9,0.8181818181818182,2738.976922985443,175.5,2563.476922985443,0.04945487536085846,6.58666583209088,0.5992064404783192,248.8449876224331,0.45454545454545453,0.8181818181818182,0.18181818181818182,0.0,0.0,0.6363636363636364,233.04335663504025
60,atr,1.0,1.0,8,1.0,tick,cfd_raw,11,2,9,0.8181818181818182,2716.976922985443,170.0,2546.976922985443,0.04805396205750187,6.605681736283711,0.593088793358421,243.8449876224331,0.45454545454545453,0.8181818181818182,0.18181818181818182,0.0,0.0,0.6363636363636364,231.54335663504025
60,atr,1.0,1.0,8,2.0,off,none,0,0,0,,0.0,0.0,0.0,,,,0.0,,0.0,0.0,0.0,0.0,,
60,atr,1.0,1.0,8,2.0,off,exchange,0,0,0,,0.0,0.0,0.0,,,,0.0,,0.0,0.0,0.0,0.0,,
60,atr,1.0,1.0,8,2.0,off,cfd_std,0,0,0,,0.0,0.0,0.0,,,,0.0,,0.0,0.0,0.0,0.0,,
60,atr,1.0,1.0,8,2.0,off,cfd_raw,0,0,0,,0.0,0.0,0.0,,,,0.0,,0.0,0.0,0.0,0.0,,
60,atr,1.0,1.0,8,2.0,bar,none,0,0,0,,0.0,0.0,0.0,,,,0.0,,0.0,0.0,0.0,0.0,,
60,atr,1.0,1.0,8,2.0,bar,exchange,0,0,0,,0.0,0.0,0.0,,,,0.0,,0.0,0.0,0.0,0.0,,
60,atr,1.0,1.0,8,2.0,bar,cfd_std,0,0,0,,0.0,0.0,0.0,,,,0.0,,0.0,0.0,0.0,0.0,,
60,atr,1.0,1.0,8,2.0,bar,cfd_raw,0,0,0,,0.0,0.0,0.0,,,,0.0,,0.0,0.0,0.0,0.0,,
60,atr,1.0,1.0,8,2.0,tick,none,0,0,0,,0.0,0.0,0.0,,,,0.0,,0.0,0.0,0.0,0.0,,
60,atr,1.0,1.0,8,2.0,tick,exchange,0,0,0,,0.0,0.0,0.0,,,,0.0,,0.0,0.0,0.0,0.0,,
60,atr,1.0,1.0,8,2.0,tick,cfd_std,0,0,0,,0.0,0.0,0.0,,,,0.0,,0.0,0.0,0.0,0.0,,
60,atr,1.0,1.0,8,2.0,tick,cfd_raw,0,0,0,,0.0,0.0,0.0,,,,0.0,,0.0,0.0,0.0,0.0,,
60,atr,1.0,1.5,3,0.5,off,none,36,17,19,0.5,1969.0280487650452,0.0,1969.0280487650452,0.0,1.281200347544255,0.2500000000000025,2801.9154021414724,3.4722222222222223,0.5,0.5,0.0,0.0,0.2777777777777778,54.69522357680681
60,atr,1.0,1.5,3,0.5,off,exchange,36,17,19,0.5,2021.0280487650452,2932.7419793499002,-911.7139305848552,0.18369271762557424,0.8921189211034277,0.005441794412453984,3994.2515865915775,3.4722222222222223,0.5,0.5,0.0,0.0,0.2777777777777778,-25.325386960690423
60,atr,1.0,1.5,3,0.5,off,cfd_std,37,18,19,0.4594594594594595,850.4299804876937,769.5,80.92998048769368,0.04793970868283943,1.009941658552255,0.11566219138424914,2922.251471617041,3.2972972972972974,0.4594594594594595,0.5405405405405406,0.0,0.0,0.2972972972972973,2.1872967699376673
60,atr,1.0,1.5,3,0.5,off,cfd_raw,37,18,19,0.4594594594594595,707.4299804876937,678.0,29.429980487693683,0.04212380604987242,1.003618147724414,0.11083575173651583,2929.751471617041,3.2972972972972974,0.4594594594594595,0.5405405405405406,0.0,0.0,0.2972972972972973,0.7954048780457752
60,atr,1.0,1.5,3,0.5,bar,none,37,17,20,0.5405405405405406,2899.9378117845336,0.0,2899.9378117845336,0.0,1.4429929812193139,0.31110788953088453,2801.9154021414724,3.324324324324324,0.5135135135135135,0.4594594594594595,0.02702702702702703,0.0,0.2702702702702703,78.37669761579821
60,atr,1.0,1.5,3,0.5,bar,exchange,37,17,20,0.5135135135135135,2951.9378117845336,3015.893402700249,-63.955590915716016,0.1886299142582115,0.9919978817140727,0.06604586560203266,3901.930284548187,3.324324324324324,0.5135135135135135,0.4594594594594595,0.02702702702702703,0.0,0.2702702702702703,-1.728529484208541
60,atr,1.0,1.5,3,0.5,bar,cfd_std,38,18,20,0.47368421052631576,1781.339743507182,783.0,998.339743507182,0.04864154870575504,1.1297726116404112,0.17791807438068466,2922.251471617041,3.1578947368421053,0.47368421052631576,0.5,0.02631578947368421,0.0,0.2894736842105263,26.272098513346894
60,atr,1.0,1.5,3,0.5,bar,cfd_raw,38,18,20,0.47368421052631576,1638.339743507182,692.0,946.339743507182,0.042900496891805084,1.1232053968073863,0.17303204710836567,2929.751471617041,3.1578947368421053,0.47368421052631576,0.5,0.02631578947368421,0.0,0.2894736842105263,24.903677460715315
60,atr,1.0,1.5,3,0.5,tick,none,37,17,20,0.5135135135135135,2624.5309659368068,0.0,2624.5309659368068,0.0,1.405528468160824,0.2858287416603874,2801.9154021414724,3.1621621621621623,0.4864864864864865,0.43243243243243246,0.08108108108108109,0.0,0.2702702702702703,70.93326934964342
60,atr,1.0,1.5,3,0.5,tick,exchange,37,17,20,0.5135135135135135,2672.5309659368068,3017.5896608490357,-345.0586949122286,0.19387906953283182,0.956445702243468,0.04025369969169085,3901.930284548187,3.1621621621621623,0.4864864864864865,0.43243243243243246,0.08108108108108109,0.0,0.2702702702702703,-9.325910673303476
60,atr,1.0,1.5,3,0.5,tick,cfd_std,38,18,20,0.4473684210526316,1037.4846107174963,810.0,227.48461071749625,0.053041244373985844,1.0296056463941807,0.1057559028483435,3377.1997585589997,2.973684210526316,0.42105263157894735,0.47368421052631576,0.10526315789473684,0.0,0.2894736842105263,5.986437124144638
60,atr,1.0,1.5,3,0.5,tick,cfd_raw,38,18,20,0.4473684210526316,910.9846107174963,708.0,202.98461071749625,0.04624538749402621,1.0264947129132993,0.10338428900174153,3373.6997585589997,2.973684210526316,0.42105263157894735,0.47368421052631576,0.10526315789473684,0.0,0.2894736842105263,5.341700282039375
60,atr,1.0,1.5,3,1.0,off,none,18,9,9,0.6111111111111112,3063.177501217593,0.0,3063.177501217593,0.0,2.295945426172395,0.5277777777777816,874.2199798836373,3.611111111111111,0.6111111111111112,0.3888888888888889,0.0,0.0,0.3888888888888889,170.17652784542184
60,atr,1.0,1.5,3,1.0,off,exchange,18,9,9,0.6111111111111112,3085.177501217593,1462.1162112230818,1623.061289994511,0.1875348903292043,1.5539460890548378,0.26238193516015795,1125.5533919370937,3.611111111111111,0.6111111111111112,0.3888888888888889,0.0,0.0,0.3888888888888889,90.17007166636172
60,atr,1.0,1.5,3,1.0,off,cfd_std,18,9,9,0.5555555555555556,2200.0976082043053,351.0,1849.0976082043053,0.04617396500298413,1.6339485646100607,0.35260660757900136,914.7199798836373,3.5555555555555554,0.5555555555555556,0.4444444444444444,0.0,0.0,0.3888888888888889,102.72764490023918
60,atr,1.0,1.5,3,1.0,off,cfd_raw,18,9,9,0.5555555555555556,2139.5976082043053,316.0,1823.5976082043053,0.04159982193422978,1.6278969594129518,0.34745479012525216,910.2199798836373,3.5555555555555554,0.5555555555555556,0.4444444444444444,0.0,0.0,0.3888888888888889,101.31097823357251
60,atr,1.0,1.5,3,1.0,bar,none,18,9,9,0.6666666666666666,3524.1757330763503,0.0,3524.1757330763503,0.0,2.847365639163126,0.5839439951468182,874.2199798836373,3.1666666666666665,0.6111111111111112,0.3333333333333333,0.05555555555555555,0.0,0.3888888888888889,195.7875407264639
60,atr,1.0,1.5,3,1.0,bar,exchange,18,9,9,0.6111111111111112,3544.1757330763503,1462.3457103390112,2081.830022737339,0.19902552607608495,1.8424266851608733,0.31827651909696963,1033.2320898936887,3.1666666666666665,0.6111111111111112,0.3333333333333333,0.05555555555555555,0.0,0.3888888888888889,115.65722348540771
60,atr,1.0,1.5,3,1.0,bar,cfd_std,18,9,9,0.5555555555555556,2647.5958400630625,351.0,2296.5958400630625,0.04899352197863035,1.9300609184145643,0.4071280378706022,914.7199798836373,3.111111111111111,0.5555555555555556,0.3888888888888889,0.05555555555555555,0.0,0.3888888888888889,127.58865778128126
60,atr,1.0,1.5,3,1.0,bar,cfd_raw,18,9,9,0.5555555555555556,2592.5958400630625,316.0,2276.5958400630625,0.04417595623292325,1.928731457069901,0.4026463188558083,910.2199798836373,3.111111111111111,0.5555555555555556,0.3888888888888889,0.05555555555555555,0.0,0.3888888888888889,126.47754667017014
60,atr,1.0,1.5,3,1.0,tick,none,18,9,9,0.6111111111111112,3248.7688872286235,0.0,3248.7688872286235,0.0,2.7720724202130294,0.5319813023019072,874.2199798836373,2.8333333333333335,0.5555555555555556,0.2777777777777778,0.16666666666666666,0.0,0.3888888888888889,180.4871604015902
60,atr,1.0,1.5,3,1.0,tick,exchange,18,9,9,0.6111111111111112,3264.7688872286235,1464.0419684877975,1800.726918740826,0.2114628276904147,1.7498679457713664,0.26525928917015595,1281.2740213469078,2.8333333333333335,0.5555555555555556,0.2777777777777778,0.16666666666666666,0.0,0.3888888888888889,100.04038437449033
60,atr,1.0,1.5,3,1.0,tick,cfd_std,18,9,9,0.5,1903.7407072733768,378.0,1525.7407072733768,0.05964028310287249,1.6201873563254818,0.25478567574677086,1084.2886063066398,2.7222222222222223,0.4444444444444444,0.3333333333333333,0.2222222222222222,0.0,0.3888888888888889,84.7633726262987
60,atr,1.0,1.5,3,1.0,tick,cfd_raw,18,9,9,0.5,1865.2407072733768,332.0,1533.2407072733768,0.05242796691400686,1.6305406392007873,0.25561216285293514,1066.7886063066398,2.7222222222222223,0.4444444444444444,0.3333333333333333,0.2222222222222222,0.0,0.3888888888888889,85.18003929296538
60,atr,1.0,1.5,3,2.0,off,none,1,0,1,0.0,-499.32215713892947,0.0,-499.32215713892947,0.0,0.0,-1.000000000000002,499.32215713892947,1.0,0.0,1.0,0.0,0.0,0.0,-499.32215713892947
60,atr,1.0,1.5,3,2.0,off,exchange,1,0,1,0.0,-497.32215713892947,79.84420107856945,-577.1663582174989,0.16054824811729548,0.0,-1.1558997532266757,577.1663582174951,1.0,0.0,1.0,0.0,0.0,0.0,-577.1663582174989
60,atr,1.0,1.5,3,2.0,off,cfd_std,1,0,1,0.0,-485.82215713892947,27.0,-512.8221571389295,0.05557589254266736,0.0,-1.0270366532047261,512.8221571389295,1.0,0.0,1.0,0.0,0.0,0.0,-512.8221571389295
60,atr,1.0,1.5,3,2.0,off,cfd_raw,1,0,1,0.0,-491.32215713892947,22.0,-513.3221571389295,0.04477713793351098,0.0,-1.028038010730827,513.3221571389295,1.0,0.0,1.0,0.0,0.0,0.0,-513.3221571389295
60,atr,1.0,1.5,3,2.0,bar,none,1,0,1,0.0,-499.32215713892947,0.0,-499.32215713892947,0.0,0.0,-1.000000000000002,499.32215713892947,1.0,0.0,1.0,0.0,0.0,0.0,-499.32215713892947
60,atr,1.0,1.5,3,2.0,bar,exchange,1,0,1,0.0,-497.32215713892947,79.84420107856945,-577.1663582174989,0.16054824811729548,0.0,-1.1558997532266757,577.1663582174951,1.0,0.0,1.0,0.0,0.0,0.0,-577.1663582174989
60,atr,1.0,1.5,3,2.0,bar,cfd_std,1,0,1,0.0,-485.82215713892947,27.0,-512.8221571389295,0.05557589254266736,0.0,-1.0270366532047261,512.8221571389295,1.0,0.0,1.0,0.0,0.0,0.0,-512.8221571389295
60,atr,1.0,1.5,3,2.0,bar,cfd_raw,1,0,1,0.0,-491.32215713892947,22.0,-513.3221571389295,0.04477713793351098,0.0,-1.028038010730827,513.3221571389295,1.0,0.0,1.0,0.0,0.0,0.0,-513.3221571389295
60,atr,1.0,1.5,3,2.0,tick,none,1,0,1,0.0,-499.32215713892947,0.0,-499.32215713892947,0.0,0.0,-1.000000000000002,499.32215713892947,1.0,0.0,1.0,0.0,0.0,0.0,-499.32215713892947
60,atr,1.0,1.5,3,2.0,tick,exchange,1,0,1,0.0,-497.32215713892947,79.84420107856945,-577.1663582174989,0.16054824811729548,0.0,-1.1558997532266757,577.1663582174951,1.0,0.0,1.0,0.0,0.0,0.0,-577.1663582174989
60,atr,1.0,1.5,3,2.0,tick,cfd_std,1,0,1,0.0,-485.82215713892947,27.0,-512.8221571389295,0.05557589254266736,0.0,-1.0270366532047261,512.8221571389295,1.0,0.0,1.0,0.0,0.0,0.0,-512.8221571389295
60,atr,1.0,1.5,3,2.0,tick,cfd_raw,1,0,1,0.0,-491.32215713892947,22.0,-513.3221571389295,0.04477713793351098,0.0,-1.028038010730827,513.3221571389295,1.0,0.0,1.0,0.0,0.0,0.0,-513.3221571389295
60,atr,1.0,1.5,5,0.5,off,none,22,8,14,0.5,1440.2572148555191,0.0,1440.2572148555191,0.0,1.3892045902640449,0.2500000000000013,1767.5176288473886,2.0,0.5,0.5,0.0,0.0,0.36363636363636365,65.46623703888723
60,atr,1.0,1.5,5,0.5,off,exchange,22,8,14,0.5,1468.2572148555191,1783.3585151188029,-315.10130026328375,0.2017080419304726,0.9312073930349952,-0.017696070685404595,2448.549133106688,2.0454545454545454,0.5,0.5,0.0,0.0,0.36363636363636365,-14.322786375603807
60,atr,1.0,1.5,5,0.5,off,cfd_std,22,8,14,0.5,1629.2572148555191,445.5,1183.7572148555191,0.050388596526279084,1.3032930639774487,0.21185507993754296,1875.5176288473886,2.0454545454545454,0.5,0.5,0.0,0.0,0.36363636363636365,53.80714612979632
60,atr,1.0,1.5,5,0.5,off,cfd_raw,22,8,14,0.5,1552.2572148555191,396.0,1156.2572148555191,0.04478986357891474,1.2975049305057456,0.20726097894622109,1873.5176288473886,2.0454545454545454,0.5,0.5,0.0,0.0,0.36363636363636365,52.55714612979632
60,atr,1.0,1.5,5,0.5,bar,none,22,8,14,0.5,1440.2572148555191,0.0,1440.2572148555191,0.0,1.3892045902640449,0.2500000000000013,1767.5176288473886,2.0,0.5,0.5,0.0,0.0,0.36363636363636365,65.46623703888723
60,atr,1.0,1.5,5,0.5,bar,exchange,22,8,14,0.5,1468.2572148555191,1783.3585151188029,-315.10130026328375,0.2017080419304726,0.9312073930349952,-0.017696070685404595,2448.549133106688,2.0454545454545454,0.5,0.5,0.0,0.0,0.36363636363636365,-14.322786375603807
60,atr,1.0,1.5,5,0.5,bar,cfd_std,22,8,14,0.5,1629.2572148555191,445.5,1183.7572148555191,0.050388596526279084,1.3032930639774487,0.21185507993754296,1875.5176288473886,2.0454545454545454,0.5,0.5,0.0,0.0,0.36363636363636365,53.80714612979632
60,atr,1.0,1.5,5,0.5,bar,cfd_raw,22,8,14,0.5,1552.2572148555191,396.0,1156.2572148555191,0.04478986357891474,1.2975049305057456,0.20726097894622109,1873.5176288473886,2.0454545454545454,0.5,0.5,0.0,0.0,0.36363636363636365,52.55714612979632
60,atr,1.0,1.5,5,0.5,tick,none,22,8,14,0.45454545454545453,1046.7005861964717,0.0,1046.7005861964717,0.0,1.2886530814347497,0.19570741882568662,1767.5176288473886,1.7727272727272727,0.45454545454545453,0.45454545454545453,0.09090909090909091,0.0,0.36363636363636365,47.5772993725669
60,atr,1.0,1.5,5,0.5,tick,exchange,22,8,14,0.45454545454545453,1070.7005861964717,1784.9956983761833,-714.2951121797116,0.2150854032640691,0.8444113055527852,-0.07284556610139824,2788.1408427857095,1.8181818181818181,0.45454545454545453,0.45454545454545453,0.09090909090909091,0.0,0.36363636363636365,-32.46795964453235
60,atr,1.0,1.5,5,0.5,tick,cfd_std,22,8,14,0.45454545454545453,1208.7005861964717,459.0,749.7005861964717,0.05530780840985637,1.1937634288251406,0.15141129116220453,1875.5176288473886,1.8181818181818181,0.45454545454545453,0.45454545454545453,0.09090909090909091,0.0,0.36363636363636365,34.0772993725669
60,atr,1.0,1.5,5,0.5,tick,cfd_raw,22,8,14,0.45454545454545453,1142.7005861964717,404.0,738.7005861964717,0.04868051110584308,1.1922620868414815,0.14932323771204048,1873.5176288473886,1.8181818181818181,0.45454545454545453,0.45454545454545453,0.09090909090909091,0.0,0.36363636363636365,33.5772993725669
60,atr,1.0,1.5,5,1.0,off,none,12,4,8,0.5833333333333334,1825.3166980357637,0.0,1825.3166980357637,0.0,2.19700816503502,0.4583333333333323,644.44802904877,2.25,0.5833333333333334,0.4166666666666667,0.0,0.0,0.5,152.10972483631363
60,atr,1.0,1.5,5,1.0,off,exchange,12,4,8,0.5833333333333334,1837.3166980357637,973.6833369677952,863.6333610679683,0.19956146742863531,1.4477576366528644,0.17590227189566768,812.1017930809903,2.25,0.5833333333333334,0.4166666666666667,0.0,0.0,0.5,71.96944675566402
60,atr,1.0,1.5,5,1.0,off,cfd_std,12,4,8,0.5833333333333334,1906.3166980357637,229.5,1676.8166980357637,0.046816527735197636,2.0268954628205127,0.4160381265887538,698.44802904877,2.25,0.5833333333333334,0.4166666666666667,0.0,0.0,0.5,139.73472483631363
60,atr,1.0,1.5,5,1.0,off,cfd_raw,12,4,8,0.5833333333333334,1873.3166980357637,208.0,1665.3166980357637,0.04252609120755764,2.028672310088602,0.4120797907228388,688.44802904877,2.25,0.5833333333333334,0.4166666666666667,0.0,0.0,0.5,138.77639150298032
60,atr,1.0,1.5,5,1.0,bar,none,12,4,8,0.5833333333333334,1825.3166980357637,0.0,1825.3166980357637,0.0,2.19700816503502,0.4583333333333323,644.44802904877,2.25,0.5833333333333334,0.4166666666666667,0.0,0.0,0.5,152.10972483631363
60,atr,1.0,1.5,5,1.0,bar,exchange,12,4,8,0.5833333333333334,1837.3166980357637,973.6833369677952,863.6333610679683,0.19956146742863531,1.4477576366528644,0.17590227189566768,812.1017930809903,2.25,0.5833333333333334,0.4166666666666667,0.0,0.0,0.5,71.96944675566402
60,atr,1.0,1.5,5,1.0,bar,cfd_std,12,4,8,0.5833333333333334,1906.3166980357637,229.5,1676.8166980357637,0.046816527735197636,2.0268954628205127,0.4160381265887538,698.44802904877,2.25,0.5833333333333334,0.4166666666666667,0.0,0.0,0.5,139.73472483631363
60,atr,1.0,1.5,5,1.0,bar,cfd_raw,12,4,8,0.5833333333333334,1873.3166980357637,208.0,1665.3166980357637,0.04252609120755764,2.028672310088602,0.4120797907228388,688.44802904877,2.25,0.5833333333333334,0.4166666666666667,0.0,0.0,0.5,138.77639150298032
60,atr,1.0,1.5,5,1.0,tick,none,12,4,8,0.5,1431.7600693767163,0.0,1431.7600693767163,0.0,1.9870539157749156,0.35879693451375544,806.0908386813389,1.8333333333333333,0.5,0.3333333333333333,0.16666666666666666,0.0,0.5,119.31333911472636
60,atr,1.0,1.5,5,1.0,tick,exchange,12,4,8,0.5,1439.7600693767163,975.3205202251758,464.4395491515406,0.22489209053135156,1.239492854527612,0.07479486363301267,1211.2956049974164,1.8333333333333333,0.5,0.3333333333333333,0.16666666666666666,0.0,0.5,38.70329576262838
60,atr,1.0,1.5,5,1.0,tick,cfd_std,12,4,8,0.5,1485.7600693767163,243.0,1242.7600693767163,0.05573601837444699,1.777191908499921,0.3052245138339666,900.5908386813389,1.8333333333333333,0.5,0.3333333333333333,0.16666666666666666,0.0,0.5,103.56333911472636
60,atr,1.0,1.5,5,1.0,tick,cfd_raw,12,4,8,0.5,1463.7600693767163,216.0,1247.7600693767163,0.04966844239620917,1.7924606339985214,0.3058605984601743,886.0908386813389,1.8333333333333333,0.5,0.3333333333333333,0.16666666666666666,0.0,0.5,103.98000578139302
60,atr,1.0,1.5,5,2.0,off,none,0,0,0,,0.0,0.0,0.0,,,,0.0,,0.0,0.0,0.0,0.0,,
60,atr,1.0,1.5,5,2.0,off,exchange,0,0,0,,0.0,0.0,0.0,,,,0.0,,0.0,0.0,0.0,0.0,,
60,atr,1.0,1.5,5,2.0,off,cfd_std,0,0,0,,0.0,0.0,0.0,,,,0.0,,0.0,0.0,0.0,0.0,,
60,atr,1.0,1.5,5,2.0,off,cfd_raw,0,0,0,,0.0,0.0,0.0,,,,0.0,,0.0,0.0,0.0,0.0,,
60,atr,1.0,1.5,5,2.0,bar,none,0,0,0,,0.0,0.0,0.0,,,,0.0,,0.0,0.0,0.0,0.0,,
60,atr,1.0,1.5,5,2.0,bar,exchange,0,0,0,,0.0,0.0,0.0,,,,0.0,,0.0,0.0,0.0,0.0,,
60,atr,1.0,1.5,5,2.0,bar,cfd_std,0,0,0,,0.0,0.0,0.0,,,,0.0,,0.0,0.0,0.0,0.0,,
60,atr,1.0,1.5,5,2.0,bar,cfd_raw,0,0,0,,0.0,0.0,0.0,,,,0.0,,0.0,0.0,0.0,0.0,,
60,atr,1.0,1.5,5,2.0,tick,none,0,0,0,,0.0,0.0,0.0,,,,0.0,,0.0,0.0,0.0,0.0,,
60,atr,1.0,1.5,5,2.0,tick,exchange,0,0,0,,0.0,0.0,0.0,,,,0.0,,0.0,0.0,0.0,0.0,,
60,atr,1.0,1.5,5,2.0,tick,cfd_std,0,0,0,,0.0,0.0,0.0,,,,0.0,,0.0,0.0,0.0,0.0,,
60,atr,1.0,1.5,5,2.0,tick,cfd_raw,0,0,0,,0.0,0.0,0.0,,,,0.0,,0.0,0.0,0.0,0.0,,
60,atr,1.0,1.5,8,0.5,off,none,25,8,17,0.36,-806.084710705356,0.0,-806.084710705356,0.0,0.8558291328188758,-0.09999999999999946,2636.275386185662,1.88,0.36,0.64,0.0,0.0,0.4,-32.24338842821424
60,atr,1.0,1.5,8,0.5,off,exchange,25,8,17,0.36,-776.084710705356,2034.928563048075,-2811.0132737534313,0.1963786936384281,0.5912657929731907,-0.35030862731427553,4349.02845001877,1.92,0.36,0.64,0.0,0.0,0.4,-112.44053095013726
60,atr,1.0,1.5,8,0.5,off,cfd_std,25,8,17,0.36,-603.584710705356,553.5,-1157.084710705356,0.053833156384251075,0.8030385529670729,-0.14197915907897152,2905.288705988103,1.92,0.36,0.64,0.0,0.0,0.4,-46.28338842821424
60,atr,1.0,1.5,8,0.5,off,cfd_raw,25,8,17,0.36,-686.084710705356,478.0,-1164.084710705356,0.046316628716300434,0.8011870718189201,-0.14363091594539792,2910.788705988103,1.92,0.36,0.64,0.0,0.0,0.4,-46.56338842821424
60,atr,1.0,1.5,8,0.5,bar,none,25,8,17,0.36,-806.084710705356,0.0,-806.084710705356,0.0,0.8558291328188758,-0.09999999999999946,2636.275386185662,1.88,0.36,0.64,0.0,0.0,0.4,-32.24338842821424
60,atr,1.0,1.5,8,0.5,bar,exchange,25,8,17,0.36,-776.084710705356,2034.928563048075,-2811.0132737534313,0.1963786936384281,0.5912657929731907,-0.35030862731427553,4349.02845001877,1.92,0.36,0.64,0.0,0.0,0.4,-112.44053095013726
60,atr,1.0,1.5,8,0.5,bar,cfd_std,25,8,17,0.36,-603.584710705356,553.5,-1157.084710705356,0.053833156384251075,0.8030385529670729,-0.14197915907897152,2905.288705988103,1.92,0.36,0.64,0.0,0.0,0.4,-46.28338842821424
60,atr,1.0,1.5,8,0.5,bar,cfd_raw,25,8,17,0.36,-686.084710705356,478.0,-1164.084710705356,0.046316628716300434,0.8011870718189201,-0.14363091594539792,2910.788705988103,1.92,0.36,0.64,0.0,0.0,0.4,-46.56338842821424
60,atr,1.0,1.5,8,0.5,tick,none,25,8,17,0.32,-1062.1047292441945,0.0,-1062.1047292441945,0.0,0.8047216965262312,-0.14739983116300123,2850.8087245269417,1.68,0.32,0.6,0.08,0.0,0.4,-42.48418916976778
60,atr,1.0,1.5,8,0.5,tick,exchange,25,8,17,0.32,-1036.1047292441945,2036.5744047704025,-3072.6791340145974,0.20777656387728308,0.5486963375521333,-0.3984562015323524,4610.694310279941,1.72,0.32,0.6,0.08,0.0,0.4,-122.90716536058389
60,atr,1.0,1.5,8,0.5,tick,cfd_std,25,8,17,0.32,-886.6047292441945,567.0,-1453.6047292441945,0.05832581901755019,0.7477663083148641,-0.1947448836347365,3201.8087245269417,1.72,0.32,0.6,0.08,0.0,0.4,-58.14418916976778
60,atr,1.0,1.5,8,0.5,tick,cfd_raw,25,8,17,0.32,-958.1047292441945,486.0,-1444.1047292441945,0.049796345952472065,0.7481034814107936,-0.1942105357855927,3190.8087245269417,1.72,0.32,0.6,0.08,0.0,0.4,-57.764189169767775
60,atr,1.0,1.5,8,1.0,off,none,11,2,9,0.6363636363636364,2727.5008176006086,0.0,2727.5008176006086,0.0,3.6687524742231443,0.590909090909084,800.1684227424848,1.3636363636363635,0.6363636363636364,0.36363636363636365,0.0,0.0,0.5454545454545454,247.9546197818735
60,atr,1.0,1.5,8,1.0,off,exchange,11,2,9,0.6363636363636364,2737.5008176006086,890.3328272083546,1847.167990392254,0.18651464800563114,2.3720378159339024,0.3084758170430275,1043.8215569538588,1.3636363636363635,0.6363636363636364,0.36363636363636365,0.0,0.0,0.5454545454545454,167.9243627629322
60,atr,1.0,1.5,8,1.0,off,cfd_std,11,2,9,0.6363636363636364,2795.0008176006086,202.5,2592.5008176006086,0.0423195047773339,3.3503801433773255,0.549944245472332,854.1684227424848,1.3636363636363635,0.6363636363636364,0.36363636363636365,0.0,0.0,0.5454545454545454,235.68189250914622
60,atr,1.0,1.5,8,1.0,off,cfd_raw,11,2,9,0.6363636363636364,2767.5008176006086,186.0,2581.5008176006086,0.038915979585165114,3.359661036275164,0.5453778629845002,850.1684227424848,1.3636363636363635,0.6363636363636364,0.36363636363636365,0.0,0.0,0.5454545454545454,234.68189250914622
60,atr,1.0,1.5,8,1.0,bar,none,11,2,9,0.6363636363636364,2727.5008176006086,0.0,2727.5008176006086,0.0,3.6687524742231443,0.590909090909084,800.1684227424848,1.3636363636363635,0.6363636363636364,0.36363636363636365,0.0,0.0,0.5454545454545454,247.9546197818735
60,atr,1.0,1.5,8,1.0,bar,exchange,11,2,9,0.6363636363636364,2737.5008176006086,890.3328272083546,1847.167990392254,0.18651464800563114,2.3720378159339024,0.3084758170430275,1043.8215569538588,1.3636363636363635,0.6363636363636364,0.36363636363636365,0.0,0.0,0.5454545454545454,167.9243627629322
60,atr,1.0,1.5,8,1.0,bar,cfd_std,11,2,9,0.6363636363636364,2795.0008176006086,202.5,2592.5008176006086,0.0423195047773339,3.3503801433773255,0.549944245472332,854.1684227424848,1.3636363636363635,0.6363636363636364,0.36363636363636365,0.0,0.0,0.5454545454545454,235.68189250914622
60,atr,1.0,1.5,8,1.0,bar,cfd_raw,11,2,9,0.6363636363636364,2767.5008176006086,186.0,2581.5008176006086,0.038915979585165114,3.359661036275164,0.5453778629845002,850.1684227424848,1.3636363636363635,0.6363636363636364,0.36363636363636365,0.0,0.0,0.5454545454545454,234.68189250914622
60,atr,1.0,1.5,8,1.0,tick,none,11,2,9,0.5454545454545454,2246.3325306586485,0.0,2246.3325306586485,0.0,3.051606275204061,0.43019624152904684,800.1684227424848,1.1818181818181819,0.5454545454545454,0.36363636363636365,0.09090909090909091,0.0,0.5454545454545454,204.21204824169533
60,atr,1.0,1.5,8,1.0,tick,exchange,11,2,9,0.5454545454545454,2254.3325306586485,892.0902430648838,1362.242287593765,0.2010951176802154,1.9077716347936813,0.14650797013926253,1043.8215569538588,1.1818181818181819,0.5454545454545454,0.36363636363636365,0.09090909090909091,0.0,0.5454545454545454,123.84020796306955
60,atr,1.0,1.5,8,1.0,tick,cfd_std,11,2,9,0.5454545454545454,2300.3325306586485,216.0,2084.3325306586485,0.04869075270871143,2.732736046263401,0.38021324786636157,854.1684227424848,1.1818181818181819,0.5454545454545454,0.36363636363636365,0.09090909090909091,0.0,0.5454545454545454,189.48477551442258
60,atr,1.0,1.5,8,1.0,tick,cfd_raw,11,2,9,0.5454545454545454,2278.3325306586485,194.0,2084.3325306586485,0.04373150937726859,2.753139795969876,0.3793209257668729,850.1684227424848,1.1818181818181819,0.5454545454545454,0.36363636363636365,0.09090909090909091,0.0,0.5454545454545454,189.48477551442258
60,atr,1.0,1.5,8,2.0,off,none,0,0,0,,0.0,0.0,0.0,,,,0.0,,0.0,0.0,0.0,0.0,,
60,atr,1.0,1.5,8,2.0,off,exchange,0,0,0,,0.0,0.0,0.0,,,,0.0,,0.0,0.0,0.0,0.0,,
60,atr,1.0,1.5,8,2.0,off,cfd_std,0,0,0,,0.0,0.0,0.0,,,,0.0,,0.0,0.0,0.0,0.0,,
60,atr,1.0,1.5,8,2.0,off,cfd_raw,0,0,0,,0.0,0.0,0.0,,,,0.0,,0.0,0.0,0.0,0.0,,
60,atr,1.0,1.5,8,2.0,bar,none,0,0,0,,0.0,0.0,0.0,,,,0.0,,0.0,0.0,0.0,0.0,,
60,atr,1.0,1.5,8,2.0,bar,exchange,0,0,0,,0.0,0.0,0.0,,,,0.0,,0.0,0.0,0.0,0.0,,
60,atr,1.0,1.5,8,2.0,bar,cfd_std,0,0,0,,0.0,0.0,0.0,,,,0.0,,0.0,0.0,0.0,0.0,,
60,atr,1.0,1.5,8,2.0,bar,cfd_raw,0,0,0,,0.0,0.0,0.0,,,,0.0,,0.0,0.0,0.0,0.0,,
60,atr,1.0,1.5,8,2.0,tick,none,0,0,0,,0.0,0.0,0.0,,,,0.0,,0.0,0.0,0.0,0.0,,
60,atr,1.0,1.5,8,2.0,tick,exchange,0,0,0,,0.0,0.0,0.0,,,,0.0,,0.0,0.0,0.0,0.0,,
60,atr,1.0,1.5,8,2.0,tick,cfd_std,0,0,0,,0.0,0.0,0.0,,,,0.0,,0.0,0.0,0.0,0.0,,
60,atr,1.0,1.5,8,2.0,tick,cfd_raw,0,0,0,,0.0,0.0,0.0,,,,0.0,,0.0,0.0,0.0,0.0,,
60,atr,1.0,2.0,3,0.5,off,none,32,16,16,0.40625,1716.1355610944302,0.0,1716.1355610944302,0.0,1.237292054085708,0.21875000000000142,2874.5421826462552,4.875,0.40625,0.59375,0.0,0.0,0.1875,53.62923628420094
60,atr,1.0,2.0,3,0.5,off,exchange,32,16,16,0.40625,1768.1355610944302,2610.5858028386447,-842.450241744215,0.16146154511614902,0.903876176534321,-0.020035671910910463,3592.617741003618,4.90625,0.40625,0.59375,0.0,0.0,0.1875,-26.326570054506718
60,atr,1.0,2.0,3,0.5,off,cfd_std,34,18,16,0.38235294117647056,1256.8616626824223,742.5,514.3616626824223,0.04395903394886336,1.0613508853242888,0.11624740103626537,3009.5421826462552,4.5,0.38235294117647056,0.6176470588235294,0.0,0.0,0.17647058823529413,15.128284196541832
60,atr,1.0,2.0,3,0.5,off,cfd_raw,34,18,16,0.38235294117647056,1102.8616626824223,644.0,458.8616626824223,0.038028368334470125,1.0547702764815994,0.11104857620687687,3008.5421826462552,4.5,0.38235294117647056,0.6176470588235294,0.0,0.0,0.17647058823529413,13.495931255365363
60,atr,1.0,2.0,3,0.5,bar,none,35,16,19,0.42857142857142855,2586.0673119407,0.0,2586.0673119407,0.0,1.369765944471878,0.2503233121031997,2801.9154021414724,4.085714285714285,0.4,0.5428571428571428,0.05714285714285714,0.0,0.17142857142857143,73.88763748402
60,atr,1.0,2.0,3,0.5,bar,exchange,35,16,19,0.4,2640.0673119407,2861.2781010472722,-221.2107891065724,0.17274433751518475,0.9745403593812607,0.0013771600499719293,3272.866103889086,4.114285714285714,0.4,0.5428571428571428,0.05714285714285714,0.0,0.17142857142857143,-6.320308260187783
60,atr,1.0,2.0,3,0.5,bar,cfd_std,37,18,19,0.3783783783783784,2140.2934135286923,810.0,1330.2934135286923,0.046827803543800034,1.1623388167841282,0.14862080750422757,2896.4154021414724,3.7837837837837838,0.3783783783783784,0.5675675675675675,0.05405405405405406,0.0,0.16216216216216217,35.95387604131601
60,atr,1.0,2.0,3,0.5,bar,cfd_raw,37,18,19,0.3783783783783784,1980.7934135286923,702.0,1278.7934135286923,0.04049396631238146,1.1563594458690178,0.14410224970828858,2893.9154021414724,3.7837837837837838,0.3783783783783784,0.5675675675675675,0.05405405405405406,0.0,0.16216216216216217,34.56198414942412
60,atr,1.0,2.0,3,0.5,tick,none,36,17,19,0.4444444444444444,1444.463141324959,0.0,1444.463141324959,0.0,1.2203415720092023,0.15059028582689582,2801.9154021414724,3.5833333333333335,0.3055555555555556,0.4722222222222222,0.2222222222222222,0.0,0.16666666666666666,40.12397614791553
60,atr,1.0,2.0,3,0.5,tick,exchange,36,17,19,0.3888888888888889,1488.463141324959,2949.436174423789,-1460.97303309883,0.20279973466097673,0.8226598309258738,-0.09854453226096924,3764.8039001207508,3.611111111111111,0.3055555555555556,0.4722222222222222,0.2222222222222222,0.0,0.16666666666666666,-40.58258425274528
60,atr,1.0,2.0,3,0.5,tick,cfd_std,37,18,19,0.40540540540540543,898.9279309915437,850.5,48.42793099154369,0.055830580922265685,1.0062396437919916,0.046281260989628904,2896.4154021414724,3.4324324324324325,0.2972972972972973,0.5135135135135135,0.1891891891891892,0.0,0.16216216216216217,1.3088629997714512
60,atr,1.0,2.0,3,0.5,tick,cfd_raw,37,18,19,0.40540540540540543,766.9279309915437,726.0,40.92793099154369,0.04752059405667121,1.0052883045443508,0.045542453383835384,2893.9154021414724,3.4324324324324325,0.2972972972972973,0.5135135135135135,0.1891891891891892,0.0,0.16216216216216217,1.1061602970687483
60,atr,1.0,2.0,3,1.0,off,none,18,9,9,0.5555555555555556,4282.590145199589,0.0,4282.590145199589,0.0,2.672773241678442,0.6666666666666707,874.2199798836373,4.555555555555555,0.5555555555555556,0.4444444444444444,0.0,0.0,0.3333333333333333,237.92167473331048
60,atr,1.0,2.0,3,1.0,off,exchange,18,9,9,0.5555555555555556,4306.590145199589,1464.5490035765424,2842.0411416230463,0.1556881801936172,1.885862565235869,0.4011736018268248,1033.2320898936887,4.611111111111111,0.5555555555555556,0.4444444444444444,0.0,0.0,0.3333333333333333,157.8911745346137
60,atr,1.0,2.0,3,1.0,off,cfd_std,18,9,9,0.5,3230.694273583649,364.5,2866.194273583649,0.04050762582805964,1.9166525012409936,0.4637177186901132,914.7199798836373,4.222222222222222,0.5,0.5,0.0,0.0,0.3333333333333333,159.23301519909162
60,atr,1.0,2.0,3,1.0,off,cfd_raw,18,9,9,0.5,3164.694273583649,324.0,2840.694273583649,0.036006778513830794,1.9119972606442603,0.45856590123636387,910.2199798836373,4.222222222222222,0.5,0.5,0.0,0.0,0.3333333333333333,157.81634853242497
60,atr,1.0,2.0,3,1.0,bar,none,18,9,9,0.6111111111111112,4743.588377058346,0.0,4743.588377058346,0.0,3.2543561230366667,0.7228328840357072,874.2199798836373,4.111111111111111,0.5555555555555556,0.3888888888888889,0.05555555555555555,0.0,0.3333333333333333,263.53268761435254
60,atr,1.0,2.0,3,1.0,bar,exchange,18,9,9,0.5555555555555556,4765.588377058346,1464.7785026924719,3300.8098743658747,0.16351690475385486,2.2005344759736962,0.45706818576363656,1033.2320898936887,4.166666666666667,0.5555555555555556,0.3888888888888889,0.05555555555555555,0.0,0.3333333333333333,183.3783263536597
60,atr,1.0,2.0,3,1.0,bar,cfd_std,18,9,9,0.5,3678.1925054424064,364.5,3313.6925054424064,0.042577638423526847,2.236772014538075,0.518239148981714,914.7199798836373,3.7777777777777777,0.5,0.4444444444444444,0.05555555555555555,0.0,0.3333333333333333,184.09402808013368
60,atr,1.0,2.0,3,1.0,bar,cfd_raw,18,9,9,0.5,3617.6925054424064,324.0,3293.6925054424064,0.0378711204252938,2.2373894559829743,0.5137574299669201,910.2199798836373,3.7777777777777777,0.5,0.4444444444444444,0.05555555555555555,0.0,0.3333333333333333,182.98291696902257
60,atr,1.0,2.0,3,1.0,tick,none,18,9,9,0.5,2222.093093808362,0.0,2222.093093808362,0.0,2.0842080272883092,0.31873003648108805,1073.8968426608335,3.3333333333333335,0.3333333333333333,0.3333333333333333,0.3333333333333333,0.0,0.3333333333333333,123.44961632268678
60,atr,1.0,2.0,3,1.0,tick,exchange,18,9,9,0.3888888888888889,2234.093093808362,1472.1083005126716,761.9847932956905,0.2328876545808613,1.267400219854021,0.050070127475719504,1960.6741052142024,3.388888888888889,0.3333333333333333,0.3333333333333333,0.3333333333333333,0.0,0.3333333333333333,42.33248851642725
60,atr,1.0,2.0,3,1.0,tick,cfd_std,18,9,9,0.4444444444444444,1870.191972141809,405.0,1465.191972141809,0.06071534356905618,1.5487322616414176,0.202786738647336,1276.3968426608335,3.111111111111111,0.3333333333333333,0.3888888888888889,0.2777777777777778,0.0,0.3333333333333333,81.39955400787828
60,atr,1.0,2.0,3,1.0,tick,cfd_raw,18,9,9,0.4444444444444444,1831.691972141809,348.0,1483.691972141809,0.05212724070055586,1.561549335327154,0.20511923858560163,1259.8968426608335,3.111111111111111,0.3333333333333333,0.3888888888888889,0.2777777777777778,0.0,0.3333333333333333,82.42733178565605
60,atr,1.0,2.0,3,2.0,off,none,1,0,1,0.0,-499.32215713892947,0.0,-499.32215713892947,0.0,0.0,-1.000000000000002,499.32215713892947,1.0,0.0,1.0,0.0,0.0,0.0,-499.32215713892947
60,atr,1.0,2.0,3,2.0,off,exchange,1,0,1,0.0,-497.32215713892947,79.84420107856945,-577.1663582174989,0.16054824811729548,0.0,-1.1558997532266757,577.1663582174951,1.0,0.0,1.0,0.0,0.0,0.0,-577.1663582174989
60,atr,1.0,2.0,3,2.0,off,cfd_std,1,0,1,0.0,-485.82215713892947,27.0,-512.8221571389295,0.05557589254266736,0.0,-1.0270366532047261,512.8221571389295,1.0,0.0,1.0,0.0,0.0,0.0,-512.8221571389295
60,atr,1.0,2.0,3,2.0,off,cfd_raw,1,0,1,0.0,-491.32215713892947,22.0,-513.3221571389295,0.04477713793351098,0.0,-1.028038010730827,513.3221571389295,1.0,0.0,1.0,0.0,0.0,0.0,-513.3221571389295
60,atr,1.0,2.0,3,2.0,bar,none,1,0,1,0.0,-499.32215713892947,0.0,-499.32215713892947,0.0,0.0,-1.000000000000002,499.32215713892947,1.0,0.0,1.0,0.0,0.0,0.0,-499.32215713892947
60,atr,1.0,2.0,3,2.0,bar,exchange,1,0,1,0.0,-497.32215713892947,79.84420107856945,-577.1663582174989,0.16054824811729548,0.0,-1.1558997532266757,577.1663582174951,1.0,0.0,1.0,0.0,0.0,0.0,-577.1663582174989
60,atr,1.0,2.0,3,2.0,bar,cfd_std,1,0,1,0.0,-485.82215713892947,27.0,-512.8221571389295,0.05557589254266736,0.0,-1.0270366532047261,512.8221571389295,1.0,0.0,1.0,0.0,0.0,0.0,-512.8221571389295
60,atr,1.0,2.0,3,2.0,bar,cfd_raw,1,0,1,0.0,-491.32215713892947,22.0,-513.3221571389295,0.04477713793351098,0.0,-1.028038010730827,513.3221571389295,1.0,0.0,1.0,0.0,0.0,0.0,-513.3221571389295
60,atr,1.0,2.0,3,2.0,tick,none,1,0,1,0.0,-499.32215713892947,0.0,-499.32215713892947,0.0,0.0,-1.000000000000002,499.32215713892947,1.0,0.0,1.0,0.0,0.0,0.0,-499.32215713892947
60,atr,1.0,2.0,3,2.0,tick,exchange,1,0,1,0.0,-497.32215713892947,79.84420107856945,-577.1663582174989,0.16054824811729548,0.0,-1.1558997532266757,577.1663582174951,1.0,0.0,1.0,0.0,0.0,0.0,-577.1663582174989
60,atr,1.0,2.0,3,2.0,tick,cfd_std,1,0,1,0.0,-485.82215713892947,27.0,-512.8221571389295,0.05557589254266736,0.0,-1.0270366532047261,512.8221571389295,1.0,0.0,1.0,0.0,0.0,0.0,-512.8221571389295
60,atr,1.0,2.0,3,2.0,tick,cfd_raw,1,0,1,0.0,-491.32215713892947,22.0,-513.3221571389295,0.04477713793351098,0.0,-1.028038010730827,513.3221571389295,1.0,0.0,1.0,0.0,0.0,0.0,-513.3221571389295
60,atr,1.0,2.0,5,0.5,off,none,21,8,13,0.38095238095238093,980.540547141718,0.0,980.540547141718,0.0,1.2325269642001038,0.14285714285714407,2060.2111619225616,3.0476190476190474,0.38095238095238093,0.6190476190476191,0.0,0.0,0.23809523809523808,46.692407006748475
60,atr,1.0,2.0,5,0.5,off,exchange,21,8,13,0.38095238095238093,1012.540547141718,1707.324082498102,-694.7835353563839,0.18143103663147914,0.867957602400106,-0.12546926268725406,2724.551062111321,3.0952380952380953,0.38095238095238093,0.6190476190476191,0.0,0.0,0.23809523809523808,-33.0849302550659
60,atr,1.0,2.0,5,0.5,off,cfd_std,22,8,14,0.3181818181818182,29.237360919389175,499.5,-470.2626390806108,0.05331218695292946,0.9073383470570284,-0.08624182035382706,2725.7869723482727,2.8636363636363638,0.3181818181818182,0.6818181818181818,0.0,0.0,0.22727272727272727,-21.37557450366413
60,atr,1.0,2.0,5,0.5,off,cfd_raw,21,8,13,0.38095238095238093,1108.540547141718,398.0,710.540547141718,0.04234799485802095,1.1603606960068407,0.09989423283969513,2138.2111619225616,3.0952380952380953,0.38095238095238093,0.6190476190476191,0.0,0.0,0.23809523809523808,33.83526414960562
60,atr,1.0,2.0,5,0.5,bar,none,22,8,14,0.3181818181818182,31.132433384816977,0.0,31.132433384816977,0.0,1.0067868701372098,-0.009131965619407505,2237.891899882845,2.772727272727273,0.3181818181818182,0.6363636363636364,0.045454545454545456,0.0,0.22727272727272727,1.4151106084007716
60,atr,1.0,2.0,5,0.5,bar,exchange,22,8,14,0.3181818181818182,63.13243338481698,1791.9811465549803,-1728.8487131701634,0.19483467218616618,0.7016729003746957,-0.2776405544582341,3758.6162399251043,2.8181818181818183,0.3181818181818182,0.6363636363636364,0.045454545454545456,0.0,0.22727272727272727,-78.58403241682561
60,atr,1.0,2.0,5,0.5,bar,cfd_std,22,8,14,0.3181818181818182,247.13243338481698,499.5,-252.36756661518302,0.054581545296582566,0.9480421142417487,-0.05203836441597131,2507.891899882845,2.8181818181818183,0.3181818181818182,0.6363636363636364,0.045454545454545456,0.0,0.22727272727272727,-11.471253027962865
60,atr,1.0,2.0,5,0.5,bar,cfd_raw,22,8,14,0.3181818181818182,159.13243338481698,428.0,-268.867566615183,0.04665640971022602,0.94441619086584,-0.05469260370080578,2511.891899882845,2.8181818181818183,0.3181818181818182,0.6363636363636364,0.045454545454545456,0.0,0.22727272727272727,-12.221253027962865
60,atr,1.0,2.0,5,0.5,tick,none,22,8,14,0.36363636363636365,-1176.9229664839077,0.0,-1176.9229664839077,0.0,0.7153585706719902,-0.16637946185573224,2796.3744763172,2.3181818181818183,0.18181818181818182,0.5454545454545454,0.2727272727272727,0.0,0.22727272727272727,-53.496498476541255
60,atr,1.0,2.0,5,0.5,tick,exchange,22,8,14,0.2727272727272727,-1154.9229664839077,1797.8405343168706,-2952.7635008007783,0.2538394267825904,0.4432349826402813,-0.43715838996615164,4272.2390922716295,2.3636363636363638,0.18181818181818182,0.5454545454545454,0.2727272727272727,0.0,0.22727272727272727,-134.21652276367175
60,atr,1.0,2.0,5,0.5,tick,cfd_std,22,8,14,0.36363636363636365,-1028.4229664839077,540.0,-1568.4229664839077,0.07686734484123481,0.6439251503425093,-0.22488904428847506,3120.3744763172,2.3636363636363638,0.18181818181818182,0.5454545454545454,0.2727272727272727,0.0,0.22727272727272727,-71.29195302199581
60,atr,1.0,2.0,5,0.5,tick,cfd_raw,22,8,14,0.36363636363636365,-1088.9229664839077,452.0,-1540.9229664839077,0.06408993192322833,0.6480911856999604,-0.2211864309807921,3096.3744763172,2.3636363636363638,0.18181818181818182,0.5454545454545454,0.2727272727272727,0.0,0.22727272727272727,-70.04195302199581
60,atr,1.0,2.0,5,1.0,off,none,12,4,8,0.5,2352.521308030933,0.0,2352.521308030933,0.0,2.3666242729057982,0.5000000000000006,754.6447545942792,2.9166666666666665,0.5,0.5,0.0,0.0,0.3333333333333333,196.0434423359111
60,atr,1.0,2.0,5,1.0,off,exchange,12,4,8,0.5,2368.521308030933,976.0003741155441,1392.520933915389,0.16829501316888537,1.6309516449890304,0.21784352534384843,998.9437169715675,3.0,0.5,0.5,0.0,0.0,0.3333333333333333,116.04341115961574
60,atr,1.0,2.0,5,1.0,off,cfd_std,12,4,8,0.5,2460.521308030933,243.0,2217.521308030933,0.041735781084026896,2.2032713282478547,0.46026265796298577,795.1447545942792,3.0,0.5,0.5,0.0,0.0,0.3333333333333333,184.7934423359111
60,atr,1.0,2.0,5,1.0,off,cfd_raw,12,4,8,0.5,2416.521308030933,216.0,2200.521308030933,0.03716869392325173,2.2028581694252307,0.4552622290680634,796.6447545942792,3.0,0.5,0.5,0.0,0.0,0.3333333333333333,183.37677566924444
60,atr,1.0,2.0,5,1.0,bar,none,12,4,8,0.5,2352.521308030933,0.0,2352.521308030933,0.0,2.3666242729057982,0.5000000000000006,754.6447545942792,2.9166666666666665,0.5,0.5,0.0,0.0,0.3333333333333333,196.0434423359111
60,atr,1.0,2.0,5,1.0,bar,exchange,12,4,8,0.5,2368.521308030933,976.0003741155441,1392.520933915389,0.16829501316888537,1.6309516449890304,0.21784352534384843,998.9437169715675,3.0,0.5,0.5,0.0,0.0,0.3333333333333333,116.04341115961574
60,atr,1.0,2.0,5,1.0,bar,cfd_std,12,4,8,0.5,2460.521308030933,243.0,2217.521308030933,0.041735781084026896,2.2032713282478547,0.46026265796298577,795.1447545942792,3.0,0.5,0.5,0.0,0.0,0.3333333333333333,184.7934423359111
60,atr,1.0,2.0,5,1.0,bar,cfd_raw,12,4,8,0.5,2416.521308030933,216.0,2200.521308030933,0.03716869392325173,2.2028581694252307,0.4552622290680634,796.6447545942792,3.0,0.5,0.5,0.0,0.0,0.3333333333333333,183.37677566924444
60,atr,1.0,2.0,5,1.0,tick,none,12,4,8,0.4166666666666667,1044.4084954635036,0.0,1044.4084954635036,0.0,1.6341084780532193,0.20301006095855365,1002.6021707371547,2.25,0.3333333333333333,0.4166666666666667,0.25,0.0,0.3333333333333333,87.0340412886253
60,atr,1.0,2.0,5,1.0,tick,exchange,12,4,8,0.3333333333333333,1054.4084954635036,979.9408631710852,74.46763229241844,0.2257663529481383,1.0331461791309606,-0.08159635551967585,1441.5333292756259,2.3333333333333335,0.3333333333333333,0.4166666666666667,0.25,0.0,0.3333333333333333,6.205636024368204
60,atr,1.0,2.0,5,1.0,tick,cfd_std,12,4,8,0.4166666666666667,1111.9084954635036,270.0,841.9084954635036,0.06204031437252076,1.465387027713842,0.14645063955904633,1110.6021707371547,2.3333333333333335,0.3333333333333333,0.4166666666666667,0.25,0.0,0.3333333333333333,70.1590412886253
60,atr,1.0,2.0,5,1.0,tick,cfd_raw,12,4,8,0.4166666666666667,1084.4084954635036,232.0,852.4084954635036,0.05337617053193975,1.4775263438337647,0.14830365040439858,1096.6021707371547,2.3333333333333335,0.3333333333333333,0.4166666666666667,0.25,0.0,0.3333333333333333,71.0340412886253
60,atr,1.0,2.0,5,2.0,off,none,0,0,0,,0.0,0.0,0.0,,,,0.0,,0.0,0.0,0.0,0.0,,
60,atr,1.0,2.0,5,2.0,off,exchange,0,0,0,,0.0,0.0,0.0,,,,0.0,,0.0,0.0,0.0,0.0,,
60,atr,1.0,2.0,5,2.0,off,cfd_std,0,0,0,,0.0,0.0,0.0,,,,0.0,,0.0,0.0,0.0,0.0,,
60,atr,1.0,2.0,5,2.0,off,cfd_raw,0,0,0,,0.0,0.0,0.0,,,,0.0,,0.0,0.0,0.0,0.0,,
60,atr,1.0,2.0,5,2.0,bar,none,0,0,0,,0.0,0.0,0.0,,,,0.0,,0.0,0.0,0.0,0.0,,
60,atr,1.0,2.0,5,2.0,bar,exchange,0,0,0,,0.0,0.0,0.0,,,,0.0,,0.0,0.0,0.0,0.0,,
60,atr,1.0,2.0,5,2.0,bar,cfd_std,0,0,0,,0.0,0.0,0.0,,,,0.0,,0.0,0.0,0.0,0.0,,
60,atr,1.0,2.0,5,2.0,bar,cfd_raw,0,0,0,,0.0,0.0,0.0,,,,0.0,,0.0,0.0,0.0,0.0,,
60,atr,1.0,2.0,5,2.0,tick,none,0,0,0,,0.0,0.0,0.0,,,,0.0,,0.0,0.0,0.0,0.0,,
60,atr,1.0,2.0,5,2.0,tick,exchange,0,0,0,,0.0,0.0,0.0,,,,0.0,,0.0,0.0,0.0,0.0,,
60,atr,1.0,2.0,5,2.0,tick,cfd_std,0,0,0,,0.0,0.0,0.0,,,,0.0,,0.0,0.0,0.0,0.0,,
60,atr,1.0,2.0,5,2.0,tick,cfd_raw,0,0,0,,0.0,0.0,0.0,,,,0.0,,0.0,0.0,0.0,0.0,,
60,atr,1.0,2.0,8,0.5,off,none,25,8,17,0.36,788.9457611925609,0.0,788.9457611925609,0.0,1.1411055104251686,0.08000000000000124,2491.4899952927663,2.24,0.36,0.64,0.0,0.0,0.36,31.557830447702436
60,atr,1.0,2.0,8,0.5,off,exchange,25,8,17,0.36,820.9457611925609,2034.6884540228607,-1213.7426928303003,0.170134438630307,0.823516252405967,-0.17009682565914885,3348.0902445174142,2.28,0.36,0.64,0.0,0.0,0.36,-48.54970771321201
60,atr,1.0,2.0,8,0.5,off,cfd_std,25,8,17,0.32,136.23341583514411,567.0,-430.7665841648559,0.04899026809809993,0.9302712476624555,-0.08261621304894635,3522.202340650183,2.16,0.32,0.68,0.0,0.0,0.36,-17.230663366594236
60,atr,1.0,2.0,8,0.5,off,cfd_raw,25,8,17,0.36,916.9457611925609,478.0,438.9457611925609,0.04008957919521234,1.074967131938781,0.0370966544603098,2639.4899952927663,2.28,0.36,0.64,0.0,0.0,0.36,17.557830447702436
60,atr,1.0,2.0,8,0.5,bar,none,25,8,17,0.32,151.62848830057192,0.0,151.62848830057192,0.0,1.0268399796489682,-0.008036129745079003,3128.8072681847552,2.08,0.32,0.64,0.04,0.0,0.36,6.065139532022877
60,atr,1.0,2.0,8,0.5,bar,exchange,25,8,17,0.32,181.62848830057192,2037.0091126593068,-1855.380624358735,0.17811734428546927,0.7356351759328229,-0.25872979167476723,3989.7281760458573,2.12,0.32,0.64,0.04,0.0,0.36,-74.2152249743494
60,atr,1.0,2.0,8,0.5,bar,cfd_std,25,8,17,0.32,354.1284883005719,567.0,-212.87151169942808,0.04993029062284118,0.9642824154748924,-0.0525171718236333,3304.3072681847552,2.12,0.32,0.64,0.04,0.0,0.36,-8.514860467977122
60,atr,1.0,2.0,8,0.5,bar,cfd_raw,25,8,17,0.32,271.6284883005719,486.0,-214.37151169942808,0.04265278501509917,0.9638822570872174,-0.05314964302356327,3292.8072681847552,2.12,0.32,0.64,0.04,0.0,0.36,-8.574860467977123
60,atr,1.0,2.0,8,0.5,tick,none,25,8,17,0.32,-112.35074684079154,0.0,-112.35074684079154,0.0,0.9793432204631146,-0.05773666138486047,2775.528999781629,1.84,0.28,0.6,0.12,0.0,0.36,-4.4940298736316615
60,atr,1.0,2.0,8,0.5,tick,exchange,25,8,17,0.28,-86.35074684079154,2038.522844773333,-2124.873591614125,0.18960346565588787,0.6884876408772987,-0.30915921671986213,4259.221143301242,1.88,0.28,0.6,0.12,0.0,0.36,-84.994943664565
60,atr,1.0,2.0,8,0.5,tick,cfd_std,25,8,17,0.32,63.149253159208456,580.5,-517.3507468407915,0.05439974326300808,0.9102278039233092,-0.10758359685617794,2964.528999781629,1.88,0.28,0.6,0.12,0.0,0.36,-20.694029873631663
60,atr,1.0,2.0,8,0.5,tick,cfd_raw,25,8,17,0.32,-8.350746840791544,494.0,-502.35074684079154,0.04612724328943932,0.9123744963385647,-0.10602996334053774,2947.528999781629,1.88,0.28,0.6,0.12,0.0,0.36,-20.094029873631662
60,atr,1.0,2.0,8,1.0,off,none,11,2,9,0.6363636363636364,3977.3388935891417,0.0,3977.3388935891417,0.0,4.891669965630883,0.909090909090908,800.1684227424848,1.5454545454545454,0.6363636363636364,0.36363636363636365,0.0,0.0,0.45454545454545453,361.5762630535583
60,atr,1.0,2.0,8,1.0,off,exchange,11,2,9,0.6363636363636364,3989.3388935891417,890.0649073760787,3099.273986213063,0.14771964882743704,3.3020760066990618,0.6271390026228651,1043.8215569538588,1.6363636363636365,0.6363636363636364,0.36363636363636365,0.0,0.0,0.45454545454545453,281.7521805648239
60,atr,1.0,2.0,8,1.0,off,cfd_std,11,2,9,0.6363636363636364,4058.3388935891417,202.5,3855.8388935891417,0.03348011836000574,4.495731654172261,0.8709164615169528,854.1684227424848,1.6363636363636365,0.6363636363636364,0.36363636363636365,0.0,0.0,0.45454545454545453,350.5308085081038
60,atr,1.0,2.0,8,1.0,off,cfd_raw,11,2,9,0.6363636363636364,4025.3388935891417,186.0,3839.3388935891417,0.030808138648758508,4.509407523906399,0.8652132502702036,850.1684227424848,1.6363636363636365,0.6363636363636364,0.36363636363636365,0.0,0.0,0.45454545454545453,349.0308085081038
60,atr,1.0,2.0,8,1.0,bar,none,11,2,9,0.6363636363636364,3977.3388935891417,0.0,3977.3388935891417,0.0,4.891669965630883,0.909090909090908,800.1684227424848,1.5454545454545454,0.6363636363636364,0.36363636363636365,0.0,0.0,0.45454545454545453,361.5762630535583
60,atr,1.0,2.0,8,1.0,bar,exchange,11,2,9,0.6363636363636364,3989.3388935891417,890.0649073760787,3099.273986213063,0.14771964882743704,3.3020760066990618,0.6271390026228651,1043.8215569538588,1.6363636363636365,0.6363636363636364,0.36363636363636365,0.0,0.0,0.45454545454545453,281.7521805648239
60,atr,1.0,2.0,8,1.0,bar,cfd_std,11,2,9,0.6363636363636364,4058.3388935891417,202.5,3855.8388935891417,0.03348011836000574,4.495731654172261,0.8709164615169528,854.1684227424848,1.6363636363636365,0.6363636363636364,0.36363636363636365,0.0,0.0,0.45454545454545453,350.5308085081038
60,atr,1.0,2.0,8,1.0,bar,cfd_raw,11,2,9,0.6363636363636364,4025.3388935891417,186.0,3839.3388935891417,0.030808138648758508,4.509407523906399,0.8652132502702036,850.1684227424848,1.6363636363636365,0.6363636363636364,0.36363636363636365,0.0,0.0,0.45454545454545453,349.0308085081038
60,atr,1.0,2.0,8,1.0,tick,none,11,2,9,0.5454545454545454,3360.081390044652,0.0,3360.081390044652,0.0,4.068808366938765,0.7029235142563242,800.1684227424848,1.2727272727272727,0.5454545454545454,0.36363636363636365,0.09090909090909091,0.0,0.45454545454545453,305.4619445495138
60,atr,1.0,2.0,8,1.0,tick,exchange,11,2,9,0.5454545454545454,3370.081390044652,891.7542786243065,2478.3271114203453,0.16062118466208353,2.6515087469949767,0.4197393375372809,1043.8215569538588,1.3636363636363635,0.5454545454545454,0.36363636363636365,0.09090909090909091,0.0,0.45454545454545453,225.30246467457684
60,atr,1.0,2.0,8,1.0,tick,cfd_std,11,2,9,0.5454545454545454,3427.581390044652,216.0,3211.581390044652,0.038825112654514674,3.669834471316631,0.6557309184564358,854.1684227424848,1.3636363636363635,0.5454545454545454,0.36363636363636365,0.09090909090909091,0.0,0.45454545454545453,291.9619445495138
60,atr,1.0,2.0,8,1.0,tick,cfd_raw,11,2,9,0.5454545454545454,3400.081390044652,194.0,3206.081390044652,0.034905210407270605,3.696646907981403,0.6537017675980299,850.1684227424848,1.3636363636363635,0.5454545454545454,0.36363636363636365,0.09090909090909091,0.0,0.45454545454545453,291.4619445495138
60,atr,1.0,2.0,8,2.0,off,none,0,0,0,,0.0,0.0,0.0,,,,0.0,,0.0,0.0,0.0,0.0,,
60,atr,1.0,2.0,8,2.0,off,exchange,0,0,0,,0.0,0.0,0.0,,,,0.0,,0.0,0.0,0.0,0.0,,
60,atr,1.0,2.0,8,2.0,off,cfd_std,0,0,0,,0.0,0.0,0.0,,,,0.0,,0.0,0.0,0.0,0.0,,
60,atr,1.0,2.0,8,2.0,off,cfd_raw,0,0,0,,0.0,0.0,0.0,,,,0.0,,0.0,0.0,0.0,0.0,,
60,atr,1.0,2.0,8,2.0,bar,none,0,0,0,,0.0,0.0,0.0,,,,0.0,,0.0,0.0,0.0,0.0,,
60,atr,1.0,2.0,8,2.0,bar,exchange,0,0,0,,0.0,0.0,0.0,,,,0.0,,0.0,0.0,0.0,0.0,,
60,atr,1.0,2.0,8,2.0,bar,cfd_std,0,0,0,,0.0,0.0,0.0,,,,0.0,,0.0,0.0,0.0,0.0,,
60,atr,1.0,2.0,8,2.0,bar,cfd_raw,0,0,0,,0.0,0.0,0.0,,,,0.0,,0.0,0.0,0.0,0.0,,
60,atr,1.0,2.0,8,2.0,tick,none,0,0,0,,0.0,0.0,0.0,,,,0.0,,0.0,0.0,0.0,0.0,,
60,atr,1.0,2.0,8,2.0,tick,exchange,0,0,0,,0.0,0.0,0.0,,,,0.0,,0.0,0.0,0.0,0.0,,
60,atr,1.0,2.0,8,2.0,tick,cfd_std,0,0,0,,0.0,0.0,0.0,,,,0.0,,0.0,0.0,0.0,0.0,,
60,atr,1.0,2.0,8,2.0,tick,cfd_raw,0,0,0,,0.0,0.0,0.0,,,,0.0,,0.0,0.0,0.0,0.0,,
60,atr,1.0,2.5,3,0.5,off,none,31,16,15,0.41935483870967744,4230.004989449531,0.0,4230.004989449531,0.0,1.6081637184882878,0.4677419354838722,2801.9154021414724,5.645161290322581,0.41935483870967744,0.5806451612903226,0.0,0.0,0.1935483870967742,136.45177385321068
60,atr,1.0,2.5,3,0.5,off,exchange,31,16,15,0.41935483870967744,4280.004989449531,2527.3622767999186,1752.6427126496123,0.13939646049934662,1.2084921305823675,0.23071863675737053,3416.899858436722,5.645161290322581,0.41935483870967744,0.5806451612903226,0.0,0.0,0.1935483870967742,56.536861698374594
60,atr,1.0,2.5,3,0.5,off,cfd_std,33,18,15,0.3939393939393939,3754.8541279025812,715.5,3039.3541279025812,0.03793314860959525,1.3755238441378117,0.3485207384430241,2896.4154021414724,5.242424242424242,0.3939393939393939,0.6060606060606061,0.0,0.0,0.18181818181818182,92.10164023947216
60,atr,1.0,2.5,3,0.5,off,cfd_raw,33,18,15,0.3939393939393939,3606.3541279025812,622.0,2984.3541279025812,0.032908955044444695,1.3690247472078123,0.3432191127864676,2893.9154021414724,5.212121212121212,0.3939393939393939,0.6060606060606061,0.0,0.0,0.18181818181818182,90.43497357280549
60,atr,1.0,2.5,3,0.5,bar,none,34,16,18,0.4411764705882353,5256.573917349393,0.0,5256.573917349393,0.0,1.7825774791187416,0.492979880106236,2801.9154021414724,4.764705882352941,0.4117647058823529,0.5294117647058824,0.058823529411764705,0.0,0.17647058823529413,154.60511521615862
60,atr,1.0,2.5,3,0.5,bar,exchange,34,16,18,0.4117647058823529,5308.573917349393,2777.9762564200196,2530.5976609293734,0.14869342374658365,1.3037661353914347,0.24534911301107876,3272.866103889086,4.764705882352941,0.4117647058823529,0.5294117647058824,0.058823529411764705,0.0,0.17647058823529413,74.42934296851098
60,atr,1.0,2.5,3,0.5,bar,cfd_std,36,18,18,0.3888888888888889,4794.923055802443,783.0,4011.923055802443,0.04030793060231295,1.5075649733796528,0.3763261836400899,2896.4154021414724,4.444444444444445,0.3888888888888889,0.5555555555555556,0.05555555555555555,0.0,0.16666666666666666,111.44230710562341
60,atr,1.0,2.5,3,0.5,bar,cfd_raw,36,18,18,0.3888888888888889,4640.923055802443,680.0,3960.923055802443,0.034946243492433145,1.5021610051887135,0.3717322880590649,2893.9154021414724,4.416666666666667,0.3888888888888889,0.5555555555555556,0.05555555555555555,0.0,0.16666666666666666,110.02564043895674
60,atr,1.0,2.5,3,0.5,tick,none,36,17,19,0.4444444444444444,2109.616527960665,0.0,2109.616527960665,0.0,1.3218055267793607,0.20651079654489563,2801.9154021414724,3.75,0.25,0.4722222222222222,0.2777777777777778,0.0,0.16666666666666666,58.60045911001847
60,atr,1.0,2.5,3,0.5,tick,exchange,36,17,19,0.3888888888888889,2149.616527960665,2953.855657932392,-804.2391299717269,0.1942719847768727,0.9023774566306002,-0.04329934966070258,4234.150009430974,3.75,0.25,0.4722222222222222,0.2777777777777778,0.0,0.16666666666666666,-22.33997583254797
60,atr,1.0,2.5,3,0.5,tick,cfd_std,37,18,19,0.40540540540540543,1537.0813176272495,877.5,659.5813176272495,0.05528694335023469,1.084983033335971,0.0964385034597323,2896.4154021414724,3.5675675675675675,0.24324324324324326,0.5135135135135135,0.24324324324324326,0.0,0.16216216216216217,17.82652209803377
60,atr,1.0,2.5,3,0.5,tick,cfd_raw,37,18,19,0.40540540540540543,1416.0813176272495,742.0,674.0813176272495,0.04658831573716495,1.0870981554383172,0.0974319526697505,2893.9154021414724,3.5675675675675675,0.24324324324324326,0.5135135135135135,0.24324324324324326,0.0,0.16216216216216217,18.21841398992566
60,atr,1.0,2.5,3,1.0,off,none,18,9,9,0.5555555555555556,5993.281119321109,0.0,5993.281119321109,0.0,3.340966552098051,0.9444444444444487,874.2199798836373,4.722222222222222,0.5555555555555556,0.4444444444444444,0.0,0.0,0.3333333333333333,332.96006218450606
60,atr,1.0,2.5,3,1.0,off,exchange,18,9,9,0.5555555555555556,6017.281119321109,1464.7361567649332,4552.544962556176,0.13174897332695615,2.4190256079750143,0.6789236018268253,1033.2320898937032,4.722222222222222,0.5555555555555556,0.4444444444444444,0.0,0.0,0.3333333333333333,252.91916458645423
60,atr,1.0,2.5,3,1.0,off,cfd_std,18,9,9,0.5,4739.069269102518,364.5,4374.569269102518,0.034692212592193995,2.3990537554738363,0.7137177186901141,914.7199798836373,4.333333333333333,0.5,0.5,0.0,0.0,0.3333333333333333,243.031626061251
60,atr,1.0,2.5,3,1.0,off,cfd_raw,18,9,9,0.5,4673.069269102518,324.0,4349.069269102518,0.030837522304172436,2.3962569983886146,0.7085659012363649,910.2199798836373,4.333333333333333,0.5,0.5,0.0,0.0,0.3333333333333333,241.61495939458433
60,atr,1.0,2.5,3,1.0,bar,none,18,9,9,0.6111111111111112,6454.279351179866,0.0,6454.279351179866,0.0,4.0673496556934685,1.0006106618134853,874.2199798836373,4.277777777777778,0.5555555555555556,0.3888888888888889,0.05555555555555555,0.0,0.3333333333333333,358.57107506554814
60,atr,1.0,2.5,3,1.0,bar,exchange,18,9,9,0.5555555555555556,6476.279351179866,1464.9656558808626,5011.3136952990035,0.13731493763276384,2.822660222828312,0.734818185763637,1033.2320898937032,4.277777777777778,0.5555555555555556,0.3888888888888889,0.05555555555555555,0.0,0.3333333333333333,278.4063164055002
60,atr,1.0,2.5,3,1.0,bar,cfd_std,18,9,9,0.5,5186.567500961275,364.5,4822.067500961275,0.03619947511651928,2.7997439797469195,0.768239148981715,914.7199798836373,3.888888888888889,0.5,0.4444444444444444,0.05555555555555555,0.0,0.3333333333333333,267.89263894229305
60,atr,1.0,2.5,3,1.0,bar,cfd_raw,18,9,9,0.5,5126.067500961275,324.0,4802.067500961275,0.032194896704373,2.804062669113632,0.763757429966921,910.2199798836373,3.888888888888889,0.5,0.4444444444444444,0.05555555555555555,0.0,0.3333333333333333,266.78152783118196
60,atr,1.0,2.5,3,1.0,tick,none,18,9,9,0.5,3235.516172526477,0.0,3235.516172526477,0.0,2.5786794065689524,0.48539670314775507,933.7624582780554,3.388888888888889,0.3333333333333333,0.3333333333333333,0.3333333333333333,0.0,0.3333333333333333,179.75089847369316
60,atr,1.0,2.5,3,1.0,tick,exchange,18,9,9,0.3888888888888889,3247.516172526477,1472.1497101597652,1775.3664623667116,0.20071487182464728,1.6230221213536644,0.2167367941423865,1716.8179069784092,3.388888888888889,0.3333333333333333,0.3333333333333333,0.3333333333333333,0.0,0.3333333333333333,98.63147013148398
60,atr,1.0,2.5,3,1.0,tick,cfd_std,18,9,9,0.4444444444444444,2883.615050859924,405.0,2478.615050859924,0.05270764308959638,1.9282715633560585,0.3694534053140031,1041.7624582780554,3.111111111111111,0.3333333333333333,0.3888888888888889,0.2777777777777778,0.0,0.3333333333333333,137.70083615888467
60,atr,1.0,2.5,3,1.0,tick,cfd_raw,18,9,9,0.4444444444444444,2845.115050859924,348.0,2497.115050859924,0.04525713607855128,1.9451107934631309,0.3717859052522687,1027.7624582780554,3.111111111111111,0.3333333333333333,0.3888888888888889,0.2777777777777778,0.0,0.3333333333333333,138.72861393666244
60,atr,1.0,2.5,3,2.0,off,none,1,0,1,0.0,-499.32215713892947,0.0,-499.32215713892947,0.0,0.0,-1.000000000000002,499.32215713892947,1.0,0.0,1.0,0.0,0.0,0.0,-499.32215713892947
60,atr,1.0,2.5,3,2.0,off,exchange,1,0,1,0.0,-497.32215713892947,79.84420107856945,-577.1663582174989,0.16054824811729548,0.0,-1.1558997532266757,577.1663582174951,1.0,0.0,1.0,0.0,0.0,0.0,-577.1663582174989
60,atr,1.0,2.5,3,2.0,off,cfd_std,1,0,1,0.0,-485.82215713892947,27.0,-512.8221571389295,0.05557589254266736,0.0,-1.0270366532047261,512.8221571389295,1.0,0.0,1.0,0.0,0.0,0.0,-512.8221571389295
60,atr,1.0,2.5,3,2.0,off,cfd_raw,1,0,1,0.0,-491.32215713892947,22.0,-513.3221571389295,0.04477713793351098,0.0,-1.028038010730827,513.3221571389295,1.0,0.0,1.0,0.0,0.0,0.0,-513.3221571389295
60,atr,1.0,2.5,3,2.0,bar,none,1,0,1,0.0,-499.32215713892947,0.0,-499.32215713892947,0.0,0.0,-1.000000000000002,499.32215713892947,1.0,0.0,1.0,0.0,0.0,0.0,-499.32215713892947
60,atr,1.0,2.5,3,2.0,bar,exchange,1,0,1,0.0,-497.32215713892947,79.84420107856945,-577.1663582174989,0.16054824811729548,0.0,-1.1558997532266757,577.1663582174951,1.0,0.0,1.0,0.0,0.0,0.0,-577.1663582174989
60,atr,1.0,2.5,3,2.0,bar,cfd_std,1,0,1,0.0,-485.82215713892947,27.0,-512.8221571389295,0.05557589254266736,0.0,-1.0270366532047261,512.8221571389295,1.0,0.0,1.0,0.0,0.0,0.0,-512.8221571389295
60,atr,1.0,2.5,3,2.0,bar,cfd_raw,1,0,1,0.0,-491.32215713892947,22.0,-513.3221571389295,0.04477713793351098,0.0,-1.028038010730827,513.3221571389295,1.0,0.0,1.0,0.0,0.0,0.0,-513.3221571389295
60,atr,1.0,2.5,3,2.0,tick,none,1,0,1,0.0,-499.32215713892947,0.0,-499.32215713892947,0.0,0.0,-1.000000000000002,499.32215713892947,1.0,0.0,1.0,0.0,0.0,0.0,-499.32215713892947
60,atr,1.0,2.5,3,2.0,tick,exchange,1,0,1,0.0,-497.32215713892947,79.84420107856945,-577.1663582174989,0.16054824811729548,0.0,-1.1558997532266757,577.1663582174951,1.0,0.0,1.0,0.0,0.0,0.0,-577.1663582174989
60,atr,1.0,2.5,3,2.0,tick,cfd_std,1,0,1,0.0,-485.82215713892947,27.0,-512.8221571389295,0.05557589254266736,0.0,-1.0270366532047261,512.8221571389295,1.0,0.0,1.0,0.0,0.0,0.0,-512.8221571389295
60,atr,1.0,2.5,3,2.0,tick,cfd_raw,1,0,1,0.0,-491.32215713892947,22.0,-513.3221571389295,0.04477713793351098,0.0,-1.028038010730827,513.3221571389295,1.0,0.0,1.0,0.0,0.0,0.0,-513.3221571389295
60,atr,1.0,2.5,5,0.5,off,none,21,8,13,0.38095238095238093,2279.898094771852,0.0,2279.898094771852,0.0,1.5406587052501342,0.3333333333333379,2060.2111619225616,3.238095238095238,0.38095238095238093,0.6190476190476191,0.0,0.0,0.23809523809523808,108.56657594151676
60,atr,1.0,2.5,5,0.5,off,exchange,21,8,13,0.38095238095238093,2311.898094771852,1707.3901323936357,604.5079623782162,0.1594249828046473,1.11488568260286,0.0650069277889398,2457.567574638975,3.238095238095238,0.38095238095238093,0.6190476190476191,0.0,0.0,0.23809523809523808,28.786093446581724
60,atr,1.0,2.5,5,0.5,off,cfd_std,22,8,14,0.3181818181818182,1183.809517656613,499.5,684.309517656613,0.04746333850381251,1.1348379517340308,0.07284908873708408,2141.2111619225616,3.0,0.3181818181818182,0.6818181818181818,0.0,0.0,0.22727272727272727,31.104978075300593
60,atr,1.0,2.5,5,0.5,off,cfd_raw,21,8,13,0.38095238095238093,2407.898094771852,398.0,2009.898094771852,0.03720433752163704,1.4536105063630558,0.29037042331588897,2138.2111619225616,3.238095238095238,0.38095238095238093,0.6190476190476191,0.0,0.0,0.23809523809523808,95.7094330843739
60,atr,1.0,2.5,5,0.5,bar,none,22,8,14,0.3181818181818182,1185.7045901220408,0.0,1185.7045901220408,0.0,1.2584835876715148,0.14995894347150365,2060.2111619225616,2.9545454545454546,0.3181818181818182,0.6363636363636364,0.045454545454545456,0.0,0.22727272727272727,53.89566318736549
60,atr,1.0,2.5,5,0.5,bar,exchange,22,8,14,0.3181818181818182,1217.7045901220408,1792.1195891459602,-574.4149990239198,0.1731179144203853,0.900879955929833,-0.11856100900368646,3171.5184799676063,2.9545454545454546,0.3181818181818182,0.6363636363636364,0.045454545454545456,0.0,0.22727272727272727,-26.109772682905444
60,atr,1.0,2.5,5,0.5,bar,cfd_std,22,8,14,0.3181818181818182,1401.7045901220408,499.5,902.2045901220408,0.048466832637925505,1.1857474938354886,0.10705254467493987,2141.2111619225616,2.9545454545454546,0.3181818181818182,0.6363636363636364,0.045454545454545456,0.0,0.22727272727272727,41.00929955100185
60,atr,1.0,2.5,5,0.5,bar,cfd_raw,22,8,14,0.3181818181818182,1313.7045901220408,428.0,885.7045901220408,0.041440675489086705,1.1831044015697683,0.10439830539010542,2138.2111619225616,2.9545454545454546,0.3181818181818182,0.6363636363636364,0.045454545454545456,0.0,0.22727272727272727,40.25929955100185
60,atr,1.0,2.5,5,0.5,tick,none,22,8,14,0.36363636363636365,-517.3027265474375,0.0,-517.3027265474375,0.0,0.8748891884405652,-0.07547037094663972,2501.119913293078,2.3636363636363638,0.18181818181818182,0.5454545454545454,0.2727272727272727,0.0,0.22727272727272727,-23.513760297610794
60,atr,1.0,2.5,5,0.5,tick,exchange,22,8,14,0.2727272727272727,-495.3027265474375,1797.9343913558553,-2293.237117903293,0.2322249567859175,0.5675934752603395,-0.34624929905705915,3977.056811955117,2.3636363636363638,0.18181818181818182,0.5454545454545454,0.2727272727272727,0.0,0.22727272727272727,-104.23805081378605
60,atr,1.0,2.5,5,0.5,tick,cfd_std,22,8,14,0.36363636363636365,-368.8027265474375,540.0,-908.8027265474375,0.07026940474969114,0.7936769601447834,-0.1339799533793826,2825.119913293078,2.3636363636363638,0.18181818181818182,0.5454545454545454,0.2727272727272727,0.0,0.22727272727272727,-41.30921484306534
60,atr,1.0,2.5,5,0.5,tick,cfd_raw,22,8,14,0.36363636363636365,-429.3027265474375,452.0,-881.3027265474375,0.05860836229949362,0.7987321856546943,-0.13027734007169964,2801.119913293078,2.3636363636363638,0.18181818181818182,0.5454545454545454,0.2727272727272727,0.0,0.22727272727272727,-40.05921484306534
60,atr,1.0,2.5,5,1.0,off,none,12,4,8,0.5,3371.0042481656274,0.0,3371.0042481656274,0.0,2.958280341132252,0.7500000000000036,754.6447545942792,3.1666666666666665,0.5,0.5,0.0,0.0,0.3333333333333333,280.91702068046897
60,atr,1.0,2.5,5,1.0,off,exchange,12,4,8,0.5,3387.0042481656274,976.0707720982233,2410.9334760674037,0.1431645356353529,2.092394667566469,0.4678435253438514,998.9437169715675,3.1666666666666665,0.5,0.5,0.0,0.0,0.3333333333333333,200.911123005617
60,atr,1.0,2.5,5,1.0,off,cfd_std,12,4,8,0.5,3479.0042481656274,243.0,3236.0042481656274,0.035522030538522875,2.755920502682105,0.7102626579629887,795.1447545942792,3.1666666666666665,0.5,0.5,0.0,0.0,0.3333333333333333,269.66702068046897
60,atr,1.0,2.5,5,1.0,off,cfd_raw,12,4,8,0.5,3435.0042481656274,216.0,3219.0042481656274,0.031625992636047144,2.7595855778307774,0.7052622290680661,796.6447545942792,3.1666666666666665,0.5,0.5,0.0,0.0,0.3333333333333333,268.2503540138023
60,atr,1.0,2.5,5,1.0,bar,none,12,4,8,0.5,3371.0042481656274,0.0,3371.0042481656274,0.0,2.958280341132252,0.7500000000000036,754.6447545942792,3.1666666666666665,0.5,0.5,0.0,0.0,0.3333333333333333,280.91702068046897
60,atr,1.0,2.5,5,1.0,bar,exchange,12,4,8,0.5,3387.0042481656274,976.0707720982233,2410.9334760674037,0.1431645356353529,2.092394667566469,0.4678435253438514,998.9437169715675,3.1666666666666665,0.5,0.5,0.0,0.0,0.3333333333333333,200.911123005617
60,atr,1.0,2.5,5,1.0,bar,cfd_std,12,4,8,0.5,3479.0042481656274,243.0,3236.0042481656274,0.035522030538522875,2.755920502682105,0.7102626579629887,795.1447545942792,3.1666666666666665,0.5,0.5,0.0,0.0,0.3333333333333333,269.66702068046897
60,atr,1.0,2.5,5,1.0,bar,cfd_raw,12,4,8,0.5,3435.0042481656274,216.0,3219.0042481656274,0.031625992636047144,2.7595855778307774,0.7052622290680661,796.6447545942792,3.1666666666666665,0.5,0.5,0.0,0.0,0.3333333333333333,268.2503540138023
60,atr,1.0,2.5,5,1.0,tick,none,12,4,8,0.4166666666666667,1704.0287353999738,0.0,1704.0287353999738,0.0,2.034594292038855,0.36967672762522324,1002.6021707371547,2.3333333333333335,0.3333333333333333,0.4166666666666667,0.25,0.0,0.3333333333333333,142.00239461666447
60,atr,1.0,2.5,5,1.0,tick,exchange,12,4,8,0.3333333333333333,1714.0287353999738,980.0347202100698,733.9940151899041,0.1960018819025146,1.3267070049038532,0.08507031114699375,1441.5333292756259,2.3333333333333335,0.3333333333333333,0.4166666666666667,0.25,0.0,0.3333333333333333,61.16616793249201
60,atr,1.0,2.5,5,1.0,tick,cfd_std,12,4,8,0.4166666666666667,1771.5287353999738,270.0,1501.5287353999738,0.053874696775925345,1.8300094356572627,0.31311730622571593,1110.6021707371547,2.3333333333333335,0.3333333333333333,0.4166666666666667,0.25,0.0,0.3333333333333333,125.12739461666449
60,atr,1.0,2.5,5,1.0,tick,cfd_raw,12,4,8,0.4166666666666667,1744.0287353999738,232.0,1512.0287353999738,0.046343191265142185,1.8470511000650327,0.3149703170710681,1096.6021707371547,2.3333333333333335,0.3333333333333333,0.4166666666666667,0.25,0.0,0.3333333333333333,126.00239461666449
60,atr,1.0,2.5,5,2.0,off,none,0,0,0,,0.0,0.0,0.0,,,,0.0,,0.0,0.0,0.0,0.0,,
60,atr,1.0,2.5,5,2.0,off,exchange,0,0,0,,0.0,0.0,0.0,,,,0.0,,0.0,0.0,0.0,0.0,,
60,atr,1.0,2.5,5,2.0,off,cfd_std,0,0,0,,0.0,0.0,0.0,,,,0.0,,0.0,0.0,0.0,0.0,,
60,atr,1.0,2.5,5,2.0,off,cfd_raw,0,0,0,,0.0,0.0,0.0,,,,0.0,,0.0,0.0,0.0,0.0,,
60,atr,1.0,2.5,5,2.0,bar,none,0,0,0,,0.0,0.0,0.0,,,,0.0,,0.0,0.0,0.0,0.0,,
60,atr,1.0,2.5,5,2.0,bar,exchange,0,0,0,,0.0,0.0,0.0,,,,0.0,,0.0,0.0,0.0,0.0,,
60,atr,1.0,2.5,5,2.0,bar,cfd_std,0,0,0,,0.0,0.0,0.0,,,,0.0,,0.0,0.0,0.0,0.0,,
60,atr,1.0,2.5,5,2.0,bar,cfd_raw,0,0,0,,0.0,0.0,0.0,,,,0.0,,0.0,0.0,0.0,0.0,,
60,atr,1.0,2.5,5,2.0,tick,none,0,0,0,,0.0,0.0,0.0,,,,0.0,,0.0,0.0,0.0,0.0,,
60,atr,1.0,2.5,5,2.0,tick,exchange,0,0,0,,0.0,0.0,0.0,,,,0.0,,0.0,0.0,0.0,0.0,,
60,atr,1.0,2.5,5,2.0,tick,cfd_std,0,0,0,,0.0,0.0,0.0,,,,0.0,,0.0,0.0,0.0,0.0,,
60,atr,1.0,2.5,5,2.0,tick,cfd_raw,0,0,0,,0.0,0.0,0.0,,,,0.0,,0.0,0.0,0.0,0.0,,
60,atr,1.0,2.5,8,0.5,off,none,25,8,17,0.32,1172.9373290879885,0.0,1172.9373290879885,0.0,1.1975577460020916,0.12000000000000476,2346.704604399856,2.4,0.32,0.68,0.0,0.0,0.36,46.91749316351954
60,atr,1.0,2.5,8,0.5,off,exchange,25,8,17,0.32,1204.9373290879885,2037.0538644496478,-832.1165353616595,0.1563199387537785,0.8860412658404284,-0.1303681477075734,3562.7964624705783,2.4,0.32,0.68,0.0,0.0,0.36,-33.284661414466385
60,atr,1.0,2.5,8,0.5,off,cfd_std,25,8,17,0.28,375.4395928376616,580.5,-205.06040716233838,0.04652204389443786,0.9686320462766485,-0.06417685655408102,3522.202340650183,2.28,0.28,0.72,0.0,0.0,0.36,-8.202416286493536
60,atr,1.0,2.5,8,0.5,off,cfd_raw,25,8,17,0.32,1300.9373290879885,486.0,814.9373290879885,0.03743266795171094,1.1311203182429386,0.07617182867949128,2494.704604399856,2.4,0.32,0.68,0.0,0.0,0.36,32.59749316351954
60,atr,1.0,2.5,8,0.5,bar,none,25,8,17,0.28,521.637526848077,0.0,521.637526848077,0.0,1.088947426384597,0.027085102575186256,3128.8072681847552,2.16,0.28,0.64,0.08,0.0,0.36,20.865501073923078
60,atr,1.0,2.5,8,0.5,bar,exchange,25,8,17,0.28,549.637526848077,2039.382514350768,-1489.744987502691,0.16668760946049413,0.7963142901799263,-0.22411364283519802,4220.424914611605,2.16,0.28,0.64,0.08,0.0,0.36,-59.58979950010764
60,atr,1.0,2.5,8,0.5,bar,cfd_std,25,8,17,0.28,593.3346653030894,580.5,12.834665303089423,0.04734886885747328,1.002031006195135,-0.03407781532876795,3304.3072681847552,2.24,0.28,0.68,0.04,0.0,0.36,0.513386612123577
60,atr,1.0,2.5,8,0.5,bar,cfd_raw,25,8,17,0.28,510.8346653030894,494.0,16.834665303089423,0.04013140820804227,1.0026741373664592,-0.03407446880438275,3292.8072681847552,2.24,0.28,0.68,0.04,0.0,0.36,0.673386612123577
60,atr,1.0,2.5,8,0.5,tick,none,25,8,17,0.32,520.0611324976926,0.0,520.0611324976926,0.0,1.0956183066137604,0.0034515369516963544,2775.528999781629,1.92,0.24,0.6,0.16,0.0,0.36,20.802445299907703
60,atr,1.0,2.5,8,0.5,tick,exchange,25,8,17,0.28,544.0611324976926,2040.628955827796,-1496.5678233301032,0.1792869122602026,0.7805990083021617,-0.2484430683809932,4227.247750439026,1.92,0.24,0.6,0.16,0.0,0.36,-59.86271293320413
60,atr,1.0,2.5,8,0.5,tick,cfd_std,25,8,17,0.32,682.0611324976926,594.0,88.0611324976926,0.05261331335987326,1.0152806220955377,-0.04951668552989551,2964.528999781629,1.92,0.24,0.6,0.16,0.0,0.36,3.522445299907704
60,atr,1.0,2.5,8,0.5,tick,cfd_raw,25,8,17,0.32,616.0611324976926,502.0,114.0611324976926,0.04429183222984367,1.0198957884429534,-0.046691416565624984,2947.528999781629,1.92,0.24,0.6,0.16,0.0,0.36,4.562445299907704
60,atr,1.0,2.5,8,1.0,off,none,11,2,9,0.5454545454545454,4016.1380655751564,0.0,4016.1380655751564,0.0,3.935720807522515,0.9090909090909122,800.1684227424848,1.9090909090909092,0.5454545454545454,0.45454545454545453,0.0,0.0,0.45454545454545453,365.1034605068324
60,atr,1.0,2.5,8,1.0,off,exchange,11,2,9,0.5454545454545454,4028.1380655751564,892.4025069958041,3135.7355585793525,0.1321649550746873,2.770757811157285,0.6265223616037147,1043.8215569538588,1.9090909090909092,0.5454545454545454,0.45454545454545453,0.0,0.0,0.45454545454545453,285.0668689617593
60,atr,1.0,2.5,8,1.0,off,cfd_std,11,2,9,0.5454545454545454,4097.138065575156,216.0,3881.1380655751564,0.03198963480306167,3.6537251151173455,0.8673695444598271,854.1684227424848,1.9090909090909092,0.5454545454545454,0.45454545454545453,0.0,0.0,0.45454545454545453,352.83073323410514
60,atr,1.0,2.5,8,1.0,off,cfd_raw,11,2,9,0.5454545454545454,4064.1380655751564,194.0,3870.1380655751564,0.02873143125830539,3.6616731677625958,0.8631113734956124,850.1684227424848,1.9090909090909092,0.5454545454545454,0.45454545454545453,0.0,0.0,0.45454545454545453,351.83073323410514
60,atr,1.0,2.5,8,1.0,bar,none,11,2,9,0.5454545454545454,4146.940927120144,0.0,4146.940927120144,0.0,4.3518172587421065,0.9434573461824183,800.1684227424848,1.7272727272727273,0.5454545454545454,0.36363636363636365,0.09090909090909091,0.0,0.45454545454545453,376.9946297381949
60,atr,1.0,2.5,8,1.0,bar,exchange,11,2,9,0.5454545454545454,4156.940927120144,892.3381055650316,3264.6028215551123,0.13472540186809598,2.988215222493899,0.6603802499855207,1043.8215569538588,1.7272727272727273,0.5454545454545454,0.36363636363636365,0.09090909090909091,0.0,0.45454545454545453,296.78207468682837
60,atr,1.0,2.5,8,1.0,bar,cfd_std,11,2,9,0.5454545454545454,4097.138065575156,216.0,3881.1380655751564,0.03198963480306167,3.6537251151173455,0.8673695444598271,854.1684227424848,1.9090909090909092,0.5454545454545454,0.45454545454545453,0.0,0.0,0.45454545454545453,352.83073323410514
60,atr,1.0,2.5,8,1.0,bar,cfd_raw,11,2,9,0.5454545454545454,4064.1380655751564,194.0,3870.1380655751564,0.02873143125830539,3.6616731677625958,0.8631113734956124,850.1684227424848,1.9090909090909092,0.5454545454545454,0.45454545454545453,0.0,0.0,0.45454545454545453,351.83073323410514
60,atr,1.0,2.5,8,1.0,tick,none,11,2,9,0.5454545454545454,3792.0862643666333,0.0,3792.0862643666333,0.0,4.463364337161858,0.7965330559303155,800.1684227424848,1.4545454545454546,0.45454545454545453,0.36363636363636365,0.18181818181818182,0.0,0.45454545454545453,344.7351149424212
60,atr,1.0,2.5,8,1.0,tick,exchange,11,2,9,0.5454545454545454,3800.0862643666333,893.7601861762614,2906.3260781903723,0.14941039481399412,2.9367188930117445,0.5122987655801633,1043.8215569538588,1.4545454545454546,0.45454545454545453,0.36363636363636365,0.18181818181818182,0.0,0.45454545454545453,264.2114616536702
60,atr,1.0,2.5,8,1.0,tick,cfd_std,11,2,9,0.5454545454545454,3846.0862643666333,229.5,3616.5862643666333,0.038365644543321906,4.0065209329669305,0.7422466260161671,854.1684227424848,1.4545454545454546,0.45454545454545453,0.36363636363636365,0.18181818181818182,0.0,0.45454545454545453,328.78056948787577
60,atr,1.0,2.5,8,1.0,tick,cfd_raw,11,2,9,0.5454545454545454,3824.0862643666333,202.0,3622.0862643666333,0.03376845402070163,4.046550145475302,0.74310755572283,850.1684227424848,1.4545454545454546,0.45454545454545453,0.36363636363636365,0.18181818181818182,0.0,0.45454545454545453,329.28056948787577
60,atr,1.0,2.5,8,2.0,off,none,0,0,0,,0.0,0.0,0.0,,,,0.0,,0.0,0.0,0.0,0.0,,
60,atr,1.0,2.5,8,2.0,off,exchange,0,0,0,,0.0,0.0,0.0,,,,0.0,,0.0,0.0,0.0,0.0,,
60,atr,1.0,2.5,8,2.0,off,cfd_std,0,0,0,,0.0,0.0,0.0,,,,0.0,,0.0,0.0,0.0,0.0,,
60,atr,1.0,2.5,8,2.0,off,cfd_raw,0,0,0,,0.0,0.0,0.0,,,,0.0,,0.0,0.0,0.0,0.0,,
60,atr,1.0,2.5,8,2.0,bar,none,0,0,0,,0.0,0.0,0.0,,,,0.0,,0.0,0.0,0.0,0.0,,
60,atr,1.0,2.5,8,2.0,bar,exchange,0,0,0,,0.0,0.0,0.0,,,,0.0,,0.0,0.0,0.0,0.0,,
60,atr,1.0,2.5,8,2.0,bar,cfd_std,0,0,0,,0.0,0.0,0.0,,,,0.0,,0.0,0.0,0.0,0.0,,
60,atr,1.0,2.5,8,2.0,bar,cfd_raw,0,0,0,,0.0,0.0,0.0,,,,0.0,,0.0,0.0,0.0,0.0,,
60,atr,1.0,2.5,8,2.0,tick,none,0,0,0,,0.0,0.0,0.0,,,,0.0,,0.0,0.0,0.0,0.0,,
60,atr,1.0,2.5,8,2.0,tick,exchange,0,0,0,,0.0,0.0,0.0,,,,0.0,,0.0,0.0,0.0,0.0,,
60,atr,1.0,2.5,8,2.0,tick,cfd_std,0,0,0,,0.0,0.0,0.0,,,,0.0,,0.0,0.0,0.0,0.0,,
60,atr,1.0,2.5,8,2.0,tick,cfd_raw,0,0,0,,0.0,0.0,0.0,,,,0.0,,0.0,0.0,0.0,0.0,,
60,atr,1.0,3.0,3,0.5,off,none,31,16,15,0.3225806451612903,2250.203629599244,0.0,2250.203629599244,0.0,1.2801153679276824,0.290322580645161,2801.9154021414724,5.774193548387097,0.3225806451612903,0.6774193548387096,0.0,0.0,0.12903225806451613,72.58721385804013
60,atr,1.0,3.0,3,0.5,off,exchange,31,16,15,0.3225806451612903,2304.203629599244,2533.4658578049466,-229.26222820570342,0.1384523559118529,0.9764260809330476,0.053514952848669056,3272.866103889086,5.774193548387097,0.3225806451612903,0.6774193548387096,0.0,0.0,0.12903225806451613,-7.395555748571078
60,atr,1.0,3.0,3,0.5,off,cfd_std,33,18,15,0.30303030303030304,1799.6758049173222,756.0,1043.6758049173222,0.03982831423559239,1.1132965040023781,0.1805143663461542,2896.4154021414724,5.333333333333333,0.30303030303030304,0.696969696969697,0.0,0.0,0.12121212121212122,31.62653954294916
60,atr,1.0,3.0,3,0.5,off,cfd_raw,33,18,15,0.30303030303030304,1640.1758049173222,646.0,994.1758049173222,0.03392505916959008,1.1079816282362593,0.17578961001638715,2893.9154021414724,5.333333333333333,0.30303030303030304,0.696969696969697,0.0,0.0,0.12121212121212122,30.12653954294916
60,atr,1.0,3.0,3,0.5,bar,none,34,16,18,0.4117647058823529,5807.756274847052,0.0,5807.756274847052,0.0,1.8453848436430687,0.5281779118718412,2801.9154021414724,5.117647058823529,0.35294117647058826,0.5294117647058824,0.11764705882352941,0.0,0.11764705882352941,170.81636102491328
60,atr,1.0,3.0,3,0.5,bar,exchange,34,16,18,0.38235294117647056,5859.756274847052,2782.015238968845,3077.7410358782067,0.14237782013155698,1.3593080934463566,0.28011308598498746,3272.866103889086,5.117647058823529,0.35294117647058826,0.5294117647058824,0.11764705882352941,0.0,0.11764705882352941,90.52179517288843
60,atr,1.0,3.0,3,0.5,bar,cfd_std,36,18,18,0.3611111111111111,5343.72845016513,810.0,4533.72845016513,0.03994049047190567,1.560812841538062,0.4068145930206302,2896.4154021414724,4.75,0.3333333333333333,0.5555555555555556,0.1111111111111111,0.0,0.1111111111111111,125.93690139347584
60,atr,1.0,3.0,3,0.5,bar,cfd_raw,36,18,18,0.3611111111111111,5189.72845016513,696.0,4493.72845016513,0.03426348254149742,1.5573471921527244,0.4033427692149569,2893.9154021414724,4.75,0.3333333333333333,0.5555555555555556,0.1111111111111111,0.0,0.1111111111111111,124.82579028236472
60,atr,1.0,3.0,3,0.5,tick,none,36,17,19,0.4166666666666667,2624.422330467307,0.0,2624.422330467307,0.0,1.396431749374434,0.24259556849103195,2801.9154021414724,3.888888888888889,0.2222222222222222,0.4722222222222222,0.3055555555555556,0.0,0.1111111111111111,72.90062029075852
60,atr,1.0,3.0,3,0.5,tick,exchange,36,17,19,0.3611111111111111,2666.422330467307,2956.3463152330596,-289.9239847657525,0.18651268153609002,0.9654226805240077,-0.007303954286410286,3817.2017507016863,3.888888888888889,0.2222222222222222,0.4722222222222222,0.3055555555555556,0.0,0.1111111111111111,-8.053444021270902
60,atr,1.0,3.0,3,0.5,tick,cfd_std,37,18,19,0.3783783783783784,2065.3871201338916,891.0,1174.3871201338916,0.05390479450564856,1.1495486378197781,0.13120756512366744,2896.4154021414724,3.7027027027027026,0.21621621621621623,0.5135135135135135,0.2702702702702703,0.0,0.10810810810810811,31.740192436051125
60,atr,1.0,3.0,3,0.5,tick,cfd_raw,37,18,19,0.3783783783783784,1938.8871201338916,750.0,1188.8871201338916,0.0452389286410884,1.1519174218221295,0.13233971462742775,2893.9154021414724,3.7027027027027026,0.21621621621621623,0.5135135135135135,0.2702702702702703,0.0,0.10810810810810811,32.13208432794302
60,atr,1.0,3.0,3,1.0,off,none,18,9,9,0.4444444444444444,5171.325686490993,0.0,5171.325686490993,0.0,2.619412029993408,0.7777777777777799,1320.067298587237,5.722222222222222,0.4444444444444444,0.5555555555555556,0.0,0.0,0.2222222222222222,287.2958714717218
60,atr,1.0,3.0,3,1.0,off,exchange,18,9,9,0.4444444444444444,5199.325686490993,1468.9398548064507,3730.3858316845417,0.12709294975680951,1.9320585855384533,0.5121154996894773,1726.1833776489366,5.722222222222222,0.4444444444444444,0.5555555555555556,0.0,0.0,0.2222222222222222,207.24365731580787
60,atr,1.0,3.0,3,1.0,off,cfd_std,18,9,9,0.3888888888888889,3741.797857669735,391.5,3350.297857669735,0.03651462119565131,1.8846915178326393,0.5185040651499685,1401.067298587237,5.333333333333333,0.3888888888888889,0.6111111111111112,0.0,0.0,0.2222222222222222,186.12765875942972
60,atr,1.0,3.0,3,1.0,off,cfd_raw,18,9,9,0.3888888888888889,3664.797857669735,340.0,3324.797857669735,0.031678792021774524,1.8805155300635923,0.5136656291796514,1398.067298587237,5.333333333333333,0.3888888888888889,0.6111111111111112,0.0,0.0,0.2222222222222222,184.71099209276306
60,atr,1.0,3.0,3,1.0,bar,none,18,9,9,0.5555555555555556,6322.440078106927,0.0,6322.440078106927,0.0,3.80108219116805,0.9559847218151845,874.2199798836373,4.833333333333333,0.4444444444444444,0.3888888888888889,0.16666666666666666,0.0,0.2222222222222222,351.2466710059404
60,atr,1.0,3.0,3,1.0,bar,exchange,18,9,9,0.5,6344.440078106927,1469.3461492449733,4875.093928861954,0.13551448475278197,2.6334978305013204,0.6893168013810205,1206.5899018784112,4.833333333333333,0.4444444444444444,0.3888888888888889,0.16666666666666666,0.0,0.2222222222222222,270.8385516034419
60,atr,1.0,3.0,3,1.0,bar,cfd_std,18,9,9,0.4444444444444444,4852.4122492856695,391.5,4460.9122492856695,0.0389902956148837,2.560162260426501,0.690327078853908,914.7199798836373,4.444444444444445,0.3888888888888889,0.4444444444444444,0.16666666666666666,0.0,0.2222222222222222,247.8284582936483
60,atr,1.0,3.0,3,1.0,bar,cfd_raw,18,9,9,0.4444444444444444,4791.9122492856695,340.0,4451.9122492856695,0.03387986189304921,2.5693641791323785,0.6880895033898174,910.2199798836373,4.444444444444445,0.3888888888888889,0.4444444444444444,0.16666666666666666,0.0,0.2222222222222222,247.3284582936483
60,atr,1.0,3.0,3,1.0,tick,none,18,9,9,0.4444444444444444,3220.740224797206,0.0,3220.740224797206,0.0,2.523488570465605,0.47423291370669596,933.7624582780554,3.611111111111111,0.2777777777777778,0.3333333333333333,0.3888888888888889,0.0,0.2222222222222222,178.93001248873367
60,atr,1.0,3.0,3,1.0,tick,exchange,18,9,9,0.3333333333333333,3234.740224797206,1474.7052193200825,1760.0350054771231,0.1979243657311115,1.5874313728554532,0.20538036266875043,1472.9617087426159,3.611111111111111,0.2777777777777778,0.3333333333333333,0.3888888888888889,0.0,0.2222222222222222,97.77972252650684
60,atr,1.0,3.0,3,1.0,tick,cfd_std,18,9,9,0.3888888888888889,2882.339103130653,418.5,2463.839103130653,0.05357338228974925,1.8921496923097716,0.3575898098454268,1041.7624582780554,3.3333333333333335,0.2777777777777778,0.3888888888888889,0.3333333333333333,0.0,0.2222222222222222,136.87995017392515
60,atr,1.0,3.0,3,1.0,tick,cfd_raw,18,9,9,0.3888888888888889,2838.339103130653,356.0,2482.339103130653,0.0455725784830364,1.9097189196358157,0.3602074159430512,1027.7624582780554,3.3333333333333335,0.2777777777777778,0.3888888888888889,0.3333333333333333,0.0,0.2222222222222222,137.90772795170292
60,atr,1.0,3.0,3,2.0,off,none,1,0,1,0.0,-499.32215713892947,0.0,-499.32215713892947,0.0,0.0,-1.000000000000002,499.32215713892947,1.0,0.0,1.0,0.0,0.0,0.0,-499.32215713892947
60,atr,1.0,3.0,3,2.0,off,exchange,1,0,1,0.0,-497.32215713892947,79.84420107856945,-577.1663582174989,0.16054824811729548,0.0,-1.1558997532266757,577.1663582174951,1.0,0.0,1.0,0.0,0.0,0.0,-577.1663582174989
60,atr,1.0,3.0,3,2.0,off,cfd_std,1,0,1,0.0,-485.82215713892947,27.0,-512.8221571389295,0.05557589254266736,0.0,-1.0270366532047261,512.8221571389295,1.0,0.0,1.0,0.0,0.0,0.0,-512.8221571389295
60,atr,1.0,3.0,3,2.0,off,cfd_raw,1,0,1,0.0,-491.32215713892947,22.0,-513.3221571389295,0.04477713793351098,0.0,-1.028038010730827,513.3221571389295,1.0,0.0,1.0,0.0,0.0,0.0,-513.3221571389295
60,atr,1.0,3.0,3,2.0,bar,none,1,0,1,0.0,-499.32215713892947,0.0,-499.32215713892947,0.0,0.0,-1.000000000000002,499.32215713892947,1.0,0.0,1.0,0.0,0.0,0.0,-499.32215713892947
60,atr,1.0,3.0,3,2.0,bar,exchange,1,0,1,0.0,-497.32215713892947,79.84420107856945,-577.1663582174989,0.16054824811729548,0.0,-1.1558997532266757,577.1663582174951,1.0,0.0,1.0,0.0,0.0,0.0,-577.1663582174989
60,atr,1.0,3.0,3,2.0,bar,cfd_std,1,0,1,0.0,-485.82215713892947,27.0,-512.8221571389295,0.05557589254266736,0.0,-1.0270366532047261,512.8221571389295,1.0,0.0,1.0,0.0,0.0,0.0,-512.8221571389295
60,atr,1.0,3.0,3,2.0,bar,cfd_raw,1,0,1,0.0,-491.32215713892947,22.0,-513.3221571389295,0.04477713793351098,0.0,-1.028038010730827,513.3221571389295,1.0,0.0,1.0,0.0,0.0,0.0,-513.3221571389295
60,atr,1.0,3.0,3,2.0,tick,none,1,0,1,0.0,-499.32215713892947,0.0,-499.32215713892947,0.0,0.0,-1.000000000000002,499.32215713892947,1.0,0.0,1.0,0.0,0.0,0.0,-499.32215713892947
60,atr,1.0,3.0,3,2.0,tick,exchange,1,0,1,0.0,-497.32215713892947,79.84420107856945,-577.1663582174989,0.16054824811729548,0.0,-1.1558997532266757,577.1663582174951,1.0,0.0,1.0,0.0,0.0,0.0,-577.1663582174989
60,atr,1.0,3.0,3,2.0,tick,cfd_std,1,0,1,0.0,-485.82215713892947,27.0,-512.8221571389295,0.05557589254266736,0.0,-1.0270366532047261,512.8221571389295,1.0,0.0,1.0,0.0,0.0,0.0,-512.8221571389295
60,atr,1.0,3.0,3,2.0,tick,cfd_raw,1,0,1,0.0,-491.32215713892947,22.0,-513.3221571389295,0.04477713793351098,0.0,-1.028038010730827,513.3221571389295,1.0,0.0,1.0,0.0,0.0,0.0,-513.3221571389295
60,atr,1.0,3.0,5,0.5,off,none,21,8,13,0.23809523809523808,-712.6706774759805,0.0,-712.6706774759805,0.0,0.8652763654566064,-0.04761904761904939,2831.3391207749955,4.0,0.23809523809523808,0.7619047619047619,0.0,0.0,0.19047619047619047,-33.93669892742764
60,atr,1.0,3.0,5,0.5,off,exchange,21,8,13,0.23809523809523808,-678.6706774759805,1712.593087185833,-2391.263764661814,0.17381311405197716,0.6363674562708258,-0.31637179748628297,4270.192709163457,4.0,0.23809523809523808,0.7619047619047619,0.0,0.0,0.19047619047619047,-113.869703079134
60,atr,1.0,3.0,5,0.5,off,cfd_std,22,8,14,0.18181818181818182,-1940.0446454841149,540.0,-2480.044645484115,0.057052171077728066,0.5992515985291194,-0.31687687914513224,4585.21308878313,3.727272727272727,0.18181818181818182,0.8181818181818182,0.0,0.0,0.18181818181818182,-112.72930206745977
60,atr,1.0,3.0,5,0.5,off,cfd_raw,21,8,13,0.23809523809523808,-576.6706774759805,422.0,-998.6706774759805,0.04301263000887516,0.8199253756070718,-0.09266933099547262,3091.3391207749955,4.0,0.23809523809523808,0.7619047619047619,0.0,0.0,0.19047619047619047,-47.55574654647526
60,atr,1.0,3.0,5,0.5,bar,none,22,8,14,0.22727272727272727,-983.1512618524866,0.0,-983.1512618524866,0.0,0.7994202635083046,-0.10778293146428827,3270.0824624369125,3.3181818181818183,0.18181818181818182,0.6363636363636364,0.18181818181818182,0.0,0.18181818181818182,-44.68869372056758
60,atr,1.0,3.0,5,0.5,bar,exchange,22,8,14,0.22727272727272727,-955.1512618524866,1797.709923031902,-2752.8611848843884,0.20410094105963877,0.5612295350025557,-0.3775427432776079,4798.136018050078,3.3181818181818183,0.18181818181818182,0.6363636363636364,0.18181818181818182,0.0,0.18181818181818182,-125.13005385838129
60,atr,1.0,3.0,5,0.5,bar,cfd_std,22,8,14,0.22727272727272727,-794.1512618524866,540.0,-1334.1512618524866,0.06179235387296757,0.7446868364683559,-0.15932434155666783,3594.0824624369125,3.3181818181818183,0.18181818181818182,0.6363636363636364,0.18181818181818182,0.0,0.18181818181818182,-60.64323917511303
60,atr,1.0,3.0,5,0.5,bar,cfd_raw,22,8,14,0.22727272727272727,-871.1512618524866,452.0,-1323.1512618524866,0.051527909137631556,0.7453298109757196,-0.1584606132765403,3576.0824624369125,3.3181818181818183,0.18181818181818182,0.6363636363636364,0.18181818181818182,0.0,0.18181818181818182,-60.14323917511303
60,atr,1.0,3.0,5,0.5,tick,none,22,8,14,0.3181818181818182,-1778.2992745756346,0.0,-1778.2992745756346,0.0,0.5765252719014466,-0.222288578331268,3109.8533602781536,2.409090909090909,0.09090909090909091,0.5454545454545454,0.36363636363636365,0.0,0.18181818181818182,-80.83178520798339
60,atr,1.0,3.0,5,0.5,tick,exchange,22,8,14,0.22727272727272727,-1758.2992745756346,1802.0951390273049,-3560.3944136029395,0.2727013846222812,0.34671405732493815,-0.4937904820823966,4724.394122262602,2.409090909090909,0.09090909090909091,0.5454545454545454,0.36363636363636365,0.0,0.18181818181818182,-161.83610970922453
60,atr,1.0,3.0,5,0.5,tick,cfd_std,22,8,14,0.3181818181818182,-1643.2992745756346,567.0,-2210.2992745756346,0.08670640282425487,0.5084186712732829,-0.2854989068854732,3514.8533602781536,2.409090909090909,0.09090909090909091,0.5454545454545454,0.36363636363636365,0.0,0.18181818181818182,-100.46814884434703
60,atr,1.0,3.0,5,0.5,tick,cfd_raw,22,8,14,0.3181818181818182,-1698.2992745756346,468.0,-2166.2992745756346,0.07120784604532156,0.5148596608346572,-0.27988117478756475,3469.8533602781536,2.409090909090909,0.09090909090909091,0.5454545454545454,0.36363636363636365,0.0,0.18181818181818182,-98.46814884434703
60,atr,1.0,3.0,5,1.0,off,none,12,4,8,0.25,97.56086842236982,0.0,97.56086842236982,0.0,1.0349130928260915,-6.254256372055049e-15,2021.1075748766452,4.5,0.25,0.75,0.0,0.0,0.25,8.130072368530818
60,atr,1.0,3.0,5,1.0,off,exchange,12,4,8,0.25,115.56086842236982,981.2780749775659,-865.7172065551963,0.17274973377262817,0.7541442026668881,-0.2829025772211208,2744.6461510568333,4.5,0.25,0.75,0.0,0.0,0.25,-72.14310054626635
60,atr,1.0,3.0,5,1.0,off,cfd_std,12,4,8,0.25,219.06086842236982,283.5,-64.43913157763018,0.05021391896968554,0.978203455133914,-0.04590161648774216,2169.6075748766452,4.5,0.25,0.75,0.0,0.0,0.25,-5.3699276314691815
60,atr,1.0,3.0,5,1.0,off,cfd_raw,12,4,8,0.25,169.56086842236982,240.0,-70.43913157763018,0.04238526667376071,0.9760768502289535,-0.048390674310148686,2163.1075748766452,4.5,0.25,0.75,0.0,0.0,0.25,-5.8699276314691815
60,atr,1.0,3.0,5,1.0,bar,none,12,4,8,0.3333333333333333,1066.0591795885703,0.0,1066.0591795885703,0.0,1.523655492433359,0.23580656261771737,1220.8720209958556,3.8333333333333335,0.25,0.5,0.25,0.0,0.25,88.83826496571419
60,atr,1.0,3.0,5,1.0,bar,exchange,12,4,8,0.3333333333333333,1078.0591795885703,981.5930613758636,96.46611821270653,0.19105823448809936,1.0359156581432907,-0.048602154158338906,1948.8087149529892,3.8333333333333335,0.25,0.5,0.25,0.0,0.25,8.038843184392212
60,atr,1.0,3.0,5,1.0,bar,cfd_std,12,4,8,0.3333333333333333,1147.0591795885703,283.5,863.5591795885703,0.055180717558715245,1.3905205938370966,0.18023836653837366,1396.3720209958556,3.8333333333333335,0.25,0.5,0.25,0.0,0.25,71.96326496571419
60,atr,1.0,3.0,5,1.0,bar,cfd_raw,12,4,8,0.3333333333333333,1114.0591795885703,240.0,874.0591795885703,0.04671383497034095,1.3995146568887782,0.18168754484588148,1378.8720209958556,3.8333333333333335,0.25,0.5,0.25,0.0,0.25,72.83826496571419
60,atr,1.0,3.0,5,1.0,tick,none,12,4,8,0.3333333333333333,443.0321873717767,0.0,443.0321873717767,0.0,1.2588412348002065,0.10051001408673806,1014.1724192290858,2.4166666666666665,0.16666666666666666,0.4166666666666667,0.4166666666666667,0.0,0.25,36.919348947648054
60,atr,1.0,3.0,5,1.0,tick,exchange,12,4,8,0.25,451.0321873717767,984.1954678815194,-533.1632805097427,0.2545621537623135,0.7772167704318987,-0.1854218577327915,1673.6497280223848,2.4166666666666665,0.16666666666666666,0.4166666666666667,0.4166666666666667,0.0,0.25,-44.430273375811886
60,atr,1.0,3.0,5,1.0,tick,cfd_std,12,4,8,0.3333333333333333,497.0321873717767,297.0,200.03218737177667,0.076819048791341,1.1052469633396116,0.035332558131216496,1176.1724192290858,2.4166666666666665,0.16666666666666666,0.4166666666666667,0.4166666666666667,0.0,0.25,16.669348947648057
60,atr,1.0,3.0,5,1.0,tick,cfd_raw,12,4,8,0.3333333333333333,475.0321873717767,248.0,227.03218737177667,0.06414519899074937,1.121303915198867,0.04069662009198197,1152.1724192290858,2.4166666666666665,0.16666666666666666,0.4166666666666667,0.4166666666666667,0.0,0.25,18.919348947648057
60,atr,1.0,3.0,5,2.0,off,none,0,0,0,,0.0,0.0,0.0,,,,0.0,,0.0,0.0,0.0,0.0,,
60,atr,1.0,3.0,5,2.0,off,exchange,0,0,0,,0.0,0.0,0.0,,,,0.0,,0.0,0.0,0.0,0.0,,
60,atr,1.0,3.0,5,2.0,off,cfd_std,0,0,0,,0.0,0.0,0.0,,,,0.0,,0.0,0.0,0.0,0.0,,
60,atr,1.0,3.0,5,2.0,off,cfd_raw,0,0,0,,0.0,0.0,0.0,,,,0.0,,0.0,0.0,0.0,0.0,,
60,atr,1.0,3.0,5,2.0,bar,none,0,0,0,,0.0,0.0,0.0,,,,0.0,,0.0,0.0,0.0,0.0,,
60,atr,1.0,3.0,5,2.0,bar,exchange,0,0,0,,0.0,0.0,0.0,,,,0.0,,0.0,0.0,0.0,0.0,,
60,atr,1.0,3.0,5,2.0,bar,cfd_std,0,0,0,,0.0,0.0,0.0,,,,0.0,,0.0,0.0,0.0,0.0,,
60,atr,1.0,3.0,5,2.0,bar,cfd_raw,0,0,0,,0.0,0.0,0.0,,,,0.0,,0.0,0.0,0.0,0.0,,
60,atr,1.0,3.0,5,2.0,tick,none,0,0,0,,0.0,0.0,0.0,,,,0.0,,0.0,0.0,0.0,0.0,,
60,atr,1.0,3.0,5,2.0,tick,exchange,0,0,0,,0.0,0.0,0.0,,,,0.0,,0.0,0.0,0.0,0.0,,
60,atr,1.0,3.0,5,2.0,tick,cfd_std,0,0,0,,0.0,0.0,0.0,,,,0.0,,0.0,0.0,0.0,0.0,,
60,atr,1.0,3.0,5,2.0,tick,cfd_raw,0,0,0,,0.0,0.0,0.0,,,,0.0,,0.0,0.0,0.0,0.0,,
60,atr,1.0,3.0,8,0.5,off,none,22,7,15,0.22727272727272727,-1158.5454407415527,0.0,-1158.5454407415527,0.0,0.803955933663032,-0.09090909090909319,3772.3023888551834,5.045454545454546,0.22727272727272727,0.7727272727272727,0.0,0.0,0.22727272727272727,-52.661156397343305
60,atr,1.0,3.0,8,0.5,off,exchange,22,7,15,0.22727272727272727,-1124.5454407415527,1804.0693927490772,-2928.6148334906297,0.16951254571576355,0.597596637962971,-0.35025305457082306,5373.464048048219,5.045454545454546,0.22727272727272727,0.7727272727272727,0.0,0.0,0.22727272727272727,-133.1188560677559
60,atr,1.0,3.0,8,0.5,off,cfd_std,22,7,15,0.18181818181818182,-2087.328567884775,540.0,-2627.328567884775,0.05436397797584592,0.595558431635801,-0.31743948292677754,5227.585515998406,4.909090909090909,0.18181818181818182,0.8181818181818182,0.0,0.0,0.22727272727272727,-119.42402581294432
60,atr,1.0,3.0,8,0.5,off,cfd_raw,22,7,15,0.22727272727272727,-1022.5454407415527,444.0,-1466.5454407415527,0.04193153453227208,0.7626802231474711,-0.1355308276994969,4060.3023888551834,5.045454545454546,0.22727272727272727,0.7727272727272727,0.0,0.0,0.22727272727272727,-66.6611563973433
60,atr,1.0,3.0,8,0.5,bar,none,24,8,16,0.20833333333333334,-1760.3266407892224,0.0,-1760.3266407892224,0.0,0.6946791757622696,-0.1841725343264884,4374.083588902853,3.5833333333333335,0.16666666666666666,0.625,0.20833333333333334,0.0,0.25,-73.3469433662176
60,atr,1.0,3.0,8,0.5,bar,exchange,24,8,16,0.20833333333333334,-1734.3266407892224,1966.2912748838041,-3700.617915673027,0.20153303864515779,0.49319532773503094,-0.43870361258903007,6145.467130230623,3.5833333333333335,0.16666666666666666,0.625,0.20833333333333334,0.0,0.25,-154.1924131530428
60,atr,1.0,3.0,8,0.5,bar,cfd_std,24,8,16,0.20833333333333334,-1702.12950233421,594.0,-2296.12950233421,0.06065264402667334,0.6332530764163078,-0.2507632684156673,4896.386450447841,3.6666666666666665,0.16666666666666666,0.6666666666666666,0.16666666666666666,0.0,0.25,-95.67206259725874
60,atr,1.0,3.0,8,0.5,bar,cfd_raw,24,8,16,0.20833333333333334,-1779.12950233421,496.0,-2275.12950233421,0.05041945490607868,0.6345937168944135,-0.24898204721963882,4868.886450447841,3.6666666666666665,0.16666666666666666,0.6666666666666666,0.16666666666666666,0.0,0.25,-94.79706259725874
60,atr,1.0,3.0,8,0.5,tick,none,25,8,17,0.28,-1415.4714484262076,0.0,-1415.4714484262076,0.0,0.742804125029888,-0.1783593247109134,4029.2283965398383,2.72,0.12,0.6,0.28,0.0,0.24,-56.618857937048304
60,atr,1.0,3.0,8,0.5,tick,exchange,25,8,17,0.24,-1391.4714484262076,2047.123621350873,-3438.595069777082,0.21378806060565142,0.5064952040544407,-0.43090661213348036,5883.444284334662,2.72,0.12,0.6,0.28,0.0,0.24,-137.54380279108327
60,atr,1.0,3.0,8,0.5,tick,cfd_std,25,8,17,0.28,-1253.4714484262076,634.5,-1887.9714484262076,0.0669058087309619,0.6775166054287228,-0.23539780419786482,4488.228396539838,2.72,0.12,0.6,0.28,0.0,0.24,-75.51885793704831
60,atr,1.0,3.0,8,0.5,tick,cfd_raw,25,8,17,0.28,-1319.4714484262076,526.0,-1845.4714484262076,0.05520871380936774,0.6828801602608395,-0.23091428237955888,4439.228396539838,2.72,0.12,0.6,0.28,0.0,0.24,-73.8188579370483
60,atr,1.0,3.0,8,1.0,off,none,11,2,9,0.2727272727272727,51.53398576453037,0.0,51.53398576453037,0.0,1.019606721137601,0.09090909090908474,1561.2054151246703,6.7272727272727275,0.2727272727272727,0.7272727272727273,0.0,0.0,0.18181818181818182,4.684907796775488
60,atr,1.0,3.0,8,1.0,off,exchange,11,2,9,0.2727272727272727,69.53398576453037,898.9795283285014,-829.4455425639712,0.16954515997758896,0.746367103722355,-0.19182232577997474,2156.3726980376377,6.7272727272727275,0.2727272727272727,0.7272727272727273,0.0,0.0,0.18181818181818182,-75.4041402330883
60,atr,1.0,3.0,8,1.0,off,cfd_std,11,2,9,0.2727272727272727,173.03398576453037,256.5,-83.46601423546963,0.048692041255968654,0.9697957200149032,0.049006114119103265,1642.2054151246703,6.7272727272727275,0.2727272727272727,0.7272727272727273,0.0,0.0,0.18181818181818182,-7.587819475951784
60,atr,1.0,3.0,8,1.0,off,cfd_raw,11,2,9,0.2727272727272727,123.53398576453037,218.0,-94.46601423546963,0.04125427111783807,0.9657282782939631,0.0448219332936983,1639.2054151246703,6.7272727272727275,0.2727272727272727,0.7272727272727273,0.0,0.0,0.18181818181818182,-8.587819475951784
60,atr,1.0,3.0,8,1.0,bar,none,11,2,9,0.36363636363636365,1251.1157098533731,0.0,1251.1157098533731,0.0,1.8063319312018629,0.3437056745264769,1114.5605064302363,4.7272727272727275,0.2727272727272727,0.36363636363636365,0.36363636363636365,0.0,0.18181818181818182,113.73779180485211
60,atr,1.0,3.0,8,1.0,bar,exchange,11,2,9,0.36363636363636365,1261.1157098533731,898.6601196178659,362.4555902355071,0.20628772279383173,1.1708997501077858,0.05917357390283681,1522.7116888566234,4.7272727272727275,0.2727272727272727,0.36363636363636365,0.36363636363636365,0.0,0.18181818181818182,32.95050820322792
60,atr,1.0,3.0,8,1.0,bar,cfd_std,11,2,9,0.36363636363636365,1201.3128483083856,256.5,944.8128483083856,0.057188772930196766,1.5160327037372365,0.2583672887007957,1222.5605064302363,4.909090909090909,0.2727272727272727,0.45454545454545453,0.2727272727272727,0.0,0.18181818181818182,85.89207711894414
60,atr,1.0,3.0,8,1.0,bar,cfd_raw,11,2,9,0.36363636363636365,1168.3128483083856,218.0,950.3128483083856,0.04860488303619062,1.5243346608813169,0.25787787422302516,1208.5605064302363,4.909090909090909,0.2727272727272727,0.45454545454545453,0.2727272727272727,0.0,0.18181818181818182,86.39207711894414
60,atr,1.0,3.0,8,1.0,tick,none,11,2,9,0.45454545454545453,1656.1466784262448,0.0,1656.1466784262448,0.0,2.42837508554816,0.33787200669711337,864.7164067379927,3.272727272727273,0.18181818181818182,0.36363636363636365,0.45454545454545453,0.0,0.18181818181818182,150.55878894784044
60,atr,1.0,3.0,8,1.0,tick,exchange,11,2,9,0.45454545454545453,1664.1466784262448,900.15464819683,763.9920302294147,0.22644996951078328,1.4638141559855053,0.05217707523360315,1190.37159494136,3.272727272727273,0.18181818181818182,0.36363636363636365,0.45454545454545453,0.0,0.18181818181818182,69.45382092994679
60,atr,1.0,3.0,8,1.0,tick,cfd_std,11,2,9,0.45454545454545453,1710.1466784262448,270.0,1440.1466784262448,0.0679233194989203,2.1125445500809326,0.27433499267987493,945.7164067379927,3.272727272727273,0.18181818181818182,0.36363636363636365,0.45454545454545453,0.0,0.18181818181818182,130.9224253114768
60,atr,1.0,3.0,8,1.0,tick,cfd_raw,11,2,9,0.45454545454545453,1688.1466784262448,226.0,1462.1466784262448,0.05685433409909625,2.1463662910550485,0.2789646788729821,936.7164067379927,3.272727272727273,0.18181818181818182,0.36363636363636365,0.45454545454545453,0.0,0.18181818181818182,132.9224253114768
60,atr,1.0,3.0,8,2.0,off,none,0,0,0,,0.0,0.0,0.0,,,,0.0,,0.0,0.0,0.0,0.0,,
60,atr,1.0,3.0,8,2.0,off,exchange,0,0,0,,0.0,0.0,0.0,,,,0.0,,0.0,0.0,0.0,0.0,,
60,atr,1.0,3.0,8,2.0,off,cfd_std,0,0,0,,0.0,0.0,0.0,,,,0.0,,0.0,0.0,0.0,0.0,,
60,atr,1.0,3.0,8,2.0,off,cfd_raw,0,0,0,,0.0,0.0,0.0,,,,0.0,,0.0,0.0,0.0,0.0,,
60,atr,1.0,3.0,8,2.0,bar,none,0,0,0,,0.0,0.0,0.0,,,,0.0,,0.0,0.0,0.0,0.0,,
60,atr,1.0,3.0,8,2.0,bar,exchange,0,0,0,,0.0,0.0,0.0,,,,0.0,,0.0,0.0,0.0,0.0,,
60,atr,1.0,3.0,8,2.0,bar,cfd_std,0,0,0,,0.0,0.0,0.0,,,,0.0,,0.0,0.0,0.0,0.0,,
60,atr,1.0,3.0,8,2.0,bar,cfd_raw,0,0,0,,0.0,0.0,0.0,,,,0.0,,0.0,0.0,0.0,0.0,,
60,atr,1.0,3.0,8,2.0,tick,none,0,0,0,,0.0,0.0,0.0,,,,0.0,,0.0,0.0,0.0,0.0,,
60,atr,1.0,3.0,8,2.0,tick,exchange,0,0,0,,0.0,0.0,0.0,,,,0.0,,0.0,0.0,0.0,0.0,,
60,atr,1.0,3.0,8,2.0,tick,cfd_std,0,0,0,,0.0,0.0,0.0,,,,0.0,,0.0,0.0,0.0,0.0,,
60,atr,1.0,3.0,8,2.0,tick,cfd_raw,0,0,0,,0.0,0.0,0.0,,,,0.0,,0.0,0.0,0.0,0.0,,
60,atr,1.5,1.0,3,0.5,off,none,33,17,16,0.6060606060606061,2866.4841355027456,0.0,2866.4841355027456,0.0,1.3835132974586928,0.21212121212121335,2198.811673842676,5.121212121212121,0.6060606060606061,0.3939393939393939,0.0,0.0,0.21212121212121213,86.86315562129532
60,atr,1.5,1.0,3,0.5,off,exchange,33,17,16,0.6060606060606061,2918.4841355027456,2685.8486685195967,232.6354669831486,0.15072918233104354,1.0272937501017754,0.05024344371983474,3063.275256898414,5.121212121212121,0.6060606060606061,0.3939393939393939,0.0,0.0,0.21212121212121213,7.049559605549958
60,atr,1.5,1.0,3,0.5,off,cfd_std,34,17,17,0.5882352941176471,2874.752005498027,648.0,2226.752005498027,0.03578172627074576,1.27849977588401,0.15856137585977007,2320.311673842676,4.882352941176471,0.5882352941176471,0.4117647058823529,0.0,0.0,0.23529411764705882,65.49270604405962
60,atr,1.5,1.0,3,0.5,off,cfd_raw,34,17,17,0.5882352941176471,2731.752005498027,588.0,2143.752005498027,0.03246860346789893,1.2680686785092903,0.15342212991679405,2336.811673842676,4.882352941176471,0.5882352941176471,0.4117647058823529,0.0,0.0,0.23529411764705882,63.05152957347138
60,atr,1.5,1.0,3,0.5,bar,none,34,17,17,0.6470588235294118,4025.3869349124725,0.0,4025.3869349124725,0.0,1.592814593122653,0.26492141005181746,2198.811673842676,4.911764705882353,0.6176470588235294,0.35294117647058826,0.029411764705882353,0.0,0.20588235294117646,118.39373337977861
60,atr,1.5,1.0,3,0.5,bar,exchange,34,17,17,0.6176470588235294,4077.3869349124725,2769.114088388141,1308.2728465243313,0.15721115030256502,1.1669407573434618,0.10263907632467989,3063.275256898414,4.911764705882353,0.6176470588235294,0.35294117647058826,0.029411764705882353,0.0,0.20588235294117646,38.47861313306856
60,atr,1.5,1.0,3,0.5,bar,cfd_std,35,17,18,0.6,4033.6548049077537,661.5,3372.1548049077537,0.03689811066344347,1.4606747438617895,0.21081935074470595,2320.311673842676,4.685714285714286,0.6,0.37142857142857144,0.02857142857142857,0.0,0.22857142857142856,96.34728014022153
60,atr,1.5,1.0,3,0.5,bar,cfd_raw,35,17,18,0.6,3890.6548049077537,602.0,3288.6548049077537,0.03359984897928648,1.449513327633388,0.20569187812615802,2336.811673842676,4.685714285714286,0.6,0.37142857142857144,0.02857142857142857,0.0,0.22857142857142856,93.96156585450724
60,atr,1.5,1.0,3,0.5,tick,none,34,17,17,0.6176470588235294,4738.849254270142,0.0,4738.849254270142,0.0,1.827447815325306,0.28372532867932626,1472.3126305312762,4.382352941176471,0.5882352941176471,0.29411764705882354,0.11764705882352941,0.0,0.20588235294117646,139.3779192432395
60,atr,1.5,1.0,3,0.5,tick,exchange,34,17,17,0.6176470588235294,4784.849254270142,2770.316911954325,2014.532342315818,0.17097572683839476,1.2971484418738415,0.1210250519347079,2214.378855968869,4.382352941176471,0.5882352941176471,0.29411764705882354,0.11764705882352941,0.0,0.20588235294117646,59.25095124458288
60,atr,1.5,1.0,3,0.5,tick,cfd_std,35,17,18,0.5714285714285714,4265.168837323465,688.5,3576.6688373234647,0.042694593345716514,1.564544281696667,0.19424854851692847,1938.2877959375182,4.142857142857143,0.5428571428571428,0.3142857142857143,0.14285714285714285,0.0,0.22857142857142856,102.19053820924185
60,atr,1.5,1.0,3,0.5,tick,cfd_raw,35,17,18,0.5714285714285714,4144.168837323465,618.0,3526.1688373234647,0.03834897446655574,1.558335884829439,0.19111278686425948,1938.2877959375182,4.142857142857143,0.5428571428571428,0.3142857142857143,0.14285714285714285,0.0,0.22857142857142856,100.7476810663847
60,atr,1.5,1.0,3,1.0,off,none,17,9,8,0.6470588235294118,2224.078421606944,0.0,2224.078421606944,0.0,1.6892639691718252,0.2941176470588254,1467.8917226173216,4.529411764705882,0.6470588235294118,0.35294117647058826,0.0,0.0,0.29411764705882354,130.82814244746731
60,atr,1.5,1.0,3,1.0,off,exchange,17,9,8,0.6470588235294118,2248.078421606944,1378.257857736555,869.8205638703885,0.15868370239411145,1.2345075612656744,0.12380820844511416,1966.8429864242353,4.529411764705882,0.6470588235294118,0.35294117647058826,0.0,0.0,0.29411764705882354,51.165915521787554
60,atr,1.5,1.0,3,1.0,off,cfd_std,18,9,9,0.6111111111111112,2043.3462916022254,337.5,1705.8462916022254,0.03750277708358349,1.465189325169083,0.20152355150982348,1535.3917226173216,4.111111111111111,0.6111111111111112,0.3888888888888889,0.0,0.0,0.3333333333333333,94.76923842234585
60,atr,1.5,1.0,3,1.0,off,cfd_raw,18,9,9,0.6111111111111112,1977.3462916022254,308.0,1669.3462916022254,0.03426664111994158,1.456168656352769,0.1966673515368502,1531.8917226173216,4.111111111111111,0.6111111111111112,0.3888888888888889,0.0,0.0,0.3333333333333333,92.74146064456808
60,atr,1.5,1.0,3,1.0,bar,none,17,9,8,0.7058823529411765,2913.06968985594,0.0,2913.06968985594,0.0,2.145630736889294,0.35337223186834105,1311.329969825485,4.0588235294117645,0.6470588235294118,0.29411764705882354,0.058823529411764705,0.0,0.29411764705882354,171.35704057976116
60,atr,1.5,1.0,3,1.0,bar,exchange,17,9,8,0.6470588235294118,2935.06968985594,1378.6013533706796,1556.46833648526,0.1721401271176299,1.5149624886737916,0.1828612480867848,1646.6426445088,4.0588235294117645,0.6470588235294118,0.29411764705882354,0.058823529411764705,0.0,0.29411764705882354,91.55696096972117
60,atr,1.5,1.0,3,1.0,bar,cfd_std,18,9,9,0.6111111111111112,2718.837559851221,337.5,2381.337559851221,0.04049740849371429,1.7960339898832431,0.2563896902227422,1351.829969825485,3.6666666666666665,0.6111111111111112,0.3333333333333333,0.05555555555555555,0.0,0.3333333333333333,132.29653110284562
60,atr,1.5,1.0,3,1.0,bar,cfd_raw,18,9,9,0.6111111111111112,2658.337559851221,308.0,2350.337559851221,0.03703095160306571,1.7891004522756457,0.25198022254240576,1347.329969825485,3.6666666666666665,0.6111111111111112,0.3333333333333333,0.05555555555555555,0.0,0.3333333333333333,130.5743088806234
60,atr,1.5,1.0,3,1.0,tick,none,17,9,8,0.6470588235294118,2776.059844366493,0.0,2776.059844366493,0.0,2.1914380546155314,0.33630052711507036,1311.329969825485,3.3529411764705883,0.5882352941176471,0.23529411764705882,0.17647058823529413,0.0,0.29411764705882354,163.29763790391135
60,atr,1.5,1.0,3,1.0,tick,exchange,17,9,8,0.6470588235294118,2794.059844366493,1380.2284130192866,1413.831431347206,0.1853632103862812,1.5023946836975448,0.1650549681384455,1907.3702575667703,3.3529411764705883,0.5882352941176471,0.23529411764705882,0.17647058823529413,0.0,0.29411764705882354,83.16655478512976
60,atr,1.5,1.0,3,1.0,tick,cfd_std,18,9,9,0.5555555555555556,2113.3794274198153,364.5,1748.8794274198153,0.04946225749853401,1.6149499344294165,0.17334663399203964,1830.96249045257,2.9444444444444446,0.5,0.2777777777777778,0.2222222222222222,0.0,0.3333333333333333,97.15996818998974
60,atr,1.5,1.0,3,1.0,tick,cfd_raw,18,9,9,0.5555555555555556,2069.3794274198153,324.0,1745.3794274198153,0.044032177419479276,1.6188327795169153,0.17247597039234197,1819.96249045257,2.9444444444444446,0.5,0.2777777777777778,0.2222222222222222,0.0,0.3333333333333333,96.9655237455453
60,atr,1.5,1.0,3,2.0,off,none,1,0,1,0.0,-748.9832357083942,0.0,-748.9832357083942,0.0,0.0,-1.000000000000002,748.9832357083942,24.0,0.0,1.0,0.0,0.0,0.0,-748.9832357083942
60,atr,1.5,1.0,3,2.0,off,exchange,1,0,1,0.0,-746.9832357083942,79.9690316178542,-826.9522673262484,0.1070559924173082,0.0,-1.1040998354844513,826.9522673262545,24.0,0.0,1.0,0.0,0.0,0.0,-826.9522673262484
60,atr,1.5,1.0,3,2.0,off,cfd_std,1,0,1,0.0,-735.4832357083942,27.0,-762.4832357083942,0.03671055802379296,0.0,-1.018024435469818,762.4832357083942,24.0,0.0,1.0,0.0,0.0,0.0,-762.4832357083942
60,atr,1.5,1.0,3,2.0,off,cfd_raw,1,0,1,0.0,-740.9832357083942,22.0,-762.9832357083942,0.029690280346177572,0.0,-1.0186920071538854,762.9832357083942,24.0,0.0,1.0,0.0,0.0,0.0,-762.9832357083942
60,atr,1.5,1.0,3,2.0,bar,none,1,0,1,0.0,-748.9832357083942,0.0,-748.9832357083942,0.0,0.0,-1.000000000000002,748.9832357083942,24.0,0.0,1.0,0.0,0.0,0.0,-748.9832357083942
60,atr,1.5,1.0,3,2.0,bar,exchange,1,0,1,0.0,-746.9832357083942,79.9690316178542,-826.9522673262484,0.1070559924173082,0.0,-1.1040998354844513,826.9522673262545,24.0,0.0,1.0,0.0,0.0,0.0,-826.9522673262484
60,atr,1.5,1.0,3,2.0,bar,cfd_std,1,0,1,0.0,-735.4832357083942,27.0,-762.4832357083942,0.03671055802379296,0.0,-1.018024435469818,762.4832357083942,24.0,0.0,1.0,0.0,0.0,0.0,-762.4832357083942
60,atr,1.5,1.0,3,2.0,bar,cfd_raw,1,0,1,0.0,-740.9832357083942,22.0,-762.9832357083942,0.029690280346177572,0.0,-1.0186920071538854,762.9832357083942,24.0,0.0,1.0,0.0,0.0,0.0,-762.9832357083942
60,atr,1.5,1.0,3,2.0,tick,none,1,0,1,0.0,-748.9832357083942,0.0,-748.9832357083942,0.0,0.0,-1.000000000000002,748.9832357083942,24.0,0.0,1.0,0.0,0.0,0.0,-748.9832357083942
60,atr,1.5,1.0,3,2.0,tick,exchange,1,0,1,0.0,-746.9832357083942,79.9690316178542,-826.9522673262484,0.1070559924173082,0.0,-1.1040998354844513,826.9522673262545,24.0,0.0,1.0,0.0,0.0,0.0,-826.9522673262484
60,atr,1.5,1.0,3,2.0,tick,cfd_std,1,0,1,0.0,-735.4832357083942,27.0,-762.4832357083942,0.03671055802379296,0.0,-1.018024435469818,762.4832357083942,24.0,0.0,1.0,0.0,0.0,0.0,-762.4832357083942
60,atr,1.5,1.0,3,2.0,tick,cfd_raw,1,0,1,0.0,-740.9832357083942,22.0,-762.9832357083942,0.029690280346177572,0.0,-1.0186920071538854,762.9832357083942,24.0,0.0,1.0,0.0,0.0,0.0,-762.9832357083942
60,atr,1.5,1.0,5,0.5,off,none,21,8,13,0.6190476190476191,2206.46444538013,0.0,2206.46444538013,0.0,1.5468389317145126,0.23809523809523836,2338.164060770301,2.4761904761904763,0.6190476190476191,0.38095238095238093,0.0,0.0,0.2857142857142857,105.06973549429192
60,atr,1.5,1.0,5,0.5,off,exchange,21,8,13,0.6190476190476191,2236.46444538013,1696.7740826703246,539.6903627098058,0.1650180835973915,1.1155614531595928,0.061296872083448965,3126.7951244927826,2.5238095238095237,0.6190476190476191,0.38095238095238093,0.0,0.0,0.2857142857142857,25.699541081419323
60,atr,1.5,1.0,5,0.5,off,cfd_std,21,8,13,0.6190476190476191,2408.96444538013,391.5,2017.4644453801302,0.03794762065292863,1.4838109250519977,0.21900132323338872,2473.164060770301,2.5238095238095237,0.6190476190476191,0.38095238095238093,0.0,0.0,0.2857142857142857,96.06973549429192
60,atr,1.5,1.0,5,0.5,off,cfd_raw,21,8,13,0.6190476190476191,2326.46444538013,358.0,1968.4644453801302,0.03475609252999004,1.4728539378939742,0.21340619996038668,2478.164060770301,2.5238095238095237,0.6190476190476191,0.38095238095238093,0.0,0.0,0.2857142857142857,93.73640216095858
60,atr,1.5,1.0,5,0.5,bar,none,21,8,13,0.6190476190476191,2206.46444538013,0.0,2206.46444538013,0.0,1.5468389317145126,0.23809523809523836,2338.164060770301,2.4761904761904763,0.6190476190476191,0.38095238095238093,0.0,0.0,0.2857142857142857,105.06973549429192
60,atr,1.5,1.0,5,0.5,bar,exchange,21,8,13,0.6190476190476191,2236.46444538013,1696.7740826703246,539.6903627098058,0.1650180835973915,1.1155614531595928,0.061296872083448965,3126.7951244927826,2.5238095238095237,0.6190476190476191,0.38095238095238093,0.0,0.0,0.2857142857142857,25.699541081419323
60,atr,1.5,1.0,5,0.5,bar,cfd_std,21,8,13,0.6190476190476191,2408.96444538013,391.5,2017.4644453801302,0.03794762065292863,1.4838109250519977,0.21900132323338872,2473.164060770301,2.5238095238095237,0.6190476190476191,0.38095238095238093,0.0,0.0,0.2857142857142857,96.06973549429192
60,atr,1.5,1.0,5,0.5,bar,cfd_raw,21,8,13,0.6190476190476191,2326.46444538013,358.0,1968.4644453801302,0.03475609252999004,1.4728539378939742,0.21340619996038668,2478.164060770301,2.5238095238095237,0.6190476190476191,0.38095238095238093,0.0,0.0,0.2857142857142857,93.73640216095858
60,atr,1.5,1.0,5,0.5,tick,none,21,8,13,0.5714285714285714,1647.8693884311797,0.0,1647.8693884311797,0.0,1.3994232466577894,0.18124803792987051,2428.8422363383143,2.3333333333333335,0.5714285714285714,0.38095238095238093,0.047619047619047616,0.0,0.2857142857142857,78.46997087767522
60,atr,1.5,1.0,5,0.5,tick,exchange,21,8,13,0.5714285714285714,1675.8693884311797,1698.4927851418502,-22.62339671067025,0.17151098564041964,0.9953293585593194,0.004071226349821145,3300.381230973013,2.380952380952381,0.5714285714285714,0.38095238095238093,0.047619047619047616,0.0,0.2857142857142857,-1.077304605270012
60,atr,1.5,1.0,5,0.5,tick,cfd_std,21,8,13,0.5714285714285714,1836.8693884311797,405.0,1431.8693884311797,0.040801467097383616,1.3339541924847844,0.15940638231132956,2590.8422363383143,2.380952380952381,0.5714285714285714,0.38095238095238093,0.047619047619047616,0.0,0.2857142857142857,68.18425659196093
60,atr,1.5,1.0,5,0.5,tick,cfd_raw,21,8,13,0.5714285714285714,1759.8693884311797,366.0,1393.8693884311797,0.036913343856976755,1.3260038758755892,0.15493070897623884,2590.8422363383143,2.380952380952381,0.5714285714285714,0.38095238095238093,0.047619047619047616,0.0,0.2857142857142857,66.37473278243712
60,atr,1.5,1.0,5,1.0,off,none,11,4,7,0.7272727272727273,2322.0764043503004,0.0,2322.0764043503004,0.0,2.601267959314778,0.45454545454545553,966.672043573155,2.3636363636363638,0.7272727272727273,0.2727272727272727,0.0,0.0,0.45454545454545453,211.0978549409364
60,atr,1.5,1.0,5,1.0,off,exchange,11,4,7,0.7272727272727273,2334.0764043503004,888.2125655939248,1445.8638387563756,0.16981819097969267,1.8558013186286395,0.2679471951713067,1125.2825250328024,2.3636363636363638,0.7272727272727273,0.2727272727272727,0.0,0.0,0.45454545454545453,131.4421671596705
60,atr,1.5,1.0,5,1.0,off,cfd_std,11,4,7,0.7272727272727273,2403.0764043503004,189.0,2214.0764043503004,0.03582005710330852,2.4588861228221592,0.4333374725968275,1007.172043573155,2.3636363636363638,0.7272727272727273,0.2727272727272727,0.0,0.0,0.45454545454545453,201.2796731227546
60,atr,1.5,1.0,5,1.0,off,cfd_raw,11,4,7,0.7272727272727273,2370.0764043503004,178.0,2192.0764043503004,0.033876541145138134,2.4534883907154095,0.42788080236894,1002.672043573155,2.3636363636363638,0.7272727272727273,0.2727272727272727,0.0,0.0,0.45454545454545453,199.2796731227546
60,atr,1.5,1.0,5,1.0,bar,none,11,4,7,0.7272727272727273,2322.0764043503004,0.0,2322.0764043503004,0.0,2.601267959314778,0.45454545454545553,966.672043573155,2.3636363636363638,0.7272727272727273,0.2727272727272727,0.0,0.0,0.45454545454545453,211.0978549409364
60,atr,1.5,1.0,5,1.0,bar,exchange,11,4,7,0.7272727272727273,2334.0764043503004,888.2125655939248,1445.8638387563756,0.16981819097969267,1.8558013186286395,0.2679471951713067,1125.2825250328024,2.3636363636363638,0.7272727272727273,0.2727272727272727,0.0,0.0,0.45454545454545453,131.4421671596705
60,atr,1.5,1.0,5,1.0,bar,cfd_std,11,4,7,0.7272727272727273,2403.0764043503004,189.0,2214.0764043503004,0.03582005710330852,2.4588861228221592,0.4333374725968275,1007.172043573155,2.3636363636363638,0.7272727272727273,0.2727272727272727,0.0,0.0,0.45454545454545453,201.2796731227546
60,atr,1.5,1.0,5,1.0,bar,cfd_raw,11,4,7,0.7272727272727273,2370.0764043503004,178.0,2192.0764043503004,0.033876541145138134,2.4534883907154095,0.42788080236894,1002.672043573155,2.3636363636363638,0.7272727272727273,0.2727272727272727,0.0,0.0,0.45454545454545453,199.2796731227546
60,atr,1.5,1.0,5,1.0,tick,none,11,4,7,0.6363636363636364,1763.48134740135,0.0,1763.48134740135,0.0,2.144503351168968,0.3460189815024805,966.672043573155,2.090909090909091,0.6363636363636364,0.2727272727272727,0.09090909090909091,0.0,0.45454545454545453,160.31648612739545
60,atr,1.5,1.0,5,1.0,tick,exchange,11,4,7,0.6363636363636364,1773.48134740135,889.9312680654504,883.5500793358997,0.1834480603346746,1.474243781380054,0.1586982351343809,1135.1044621122855,2.090909090909091,0.6363636363636364,0.2727272727272727,0.09090909090909091,0.0,0.45454545454545453,80.3227344850818
60,atr,1.5,1.0,5,1.0,tick,cfd_std,11,4,7,0.6363636363636364,1830.98134740135,202.5,1628.48134740135,0.04144804280501328,1.995814062753919,0.3195653126547145,1007.172043573155,2.090909090909091,0.6363636363636364,0.2727272727272727,0.09090909090909091,0.0,0.45454545454545453,148.04375885466817
60,atr,1.5,1.0,5,1.0,tick,cfd_raw,11,4,7,0.6363636363636364,1803.48134740135,186.0,1617.48134740135,0.038199805085490667,1.9979360069829466,0.3162457741264758,1002.672043573155,2.090909090909091,0.6363636363636364,0.2727272727272727,0.09090909090909091,0.0,0.45454545454545453,147.04375885466817
60,atr,1.5,1.0,5,2.0,off,none,0,0,0,,0.0,0.0,0.0,,,,0.0,,0.0,0.0,0.0,0.0,,
60,atr,1.5,1.0,5,2.0,off,exchange,0,0,0,,0.0,0.0,0.0,,,,0.0,,0.0,0.0,0.0,0.0,,
60,atr,1.5,1.0,5,2.0,off,cfd_std,0,0,0,,0.0,0.0,0.0,,,,0.0,,0.0,0.0,0.0,0.0,,
60,atr,1.5,1.0,5,2.0,off,cfd_raw,0,0,0,,0.0,0.0,0.0,,,,0.0,,0.0,0.0,0.0,0.0,,
60,atr,1.5,1.0,5,2.0,bar,none,0,0,0,,0.0,0.0,0.0,,,,0.0,,0.0,0.0,0.0,0.0,,
60,atr,1.5,1.0,5,2.0,bar,exchange,0,0,0,,0.0,0.0,0.0,,,,0.0,,0.0,0.0,0.0,0.0,,
60,atr,1.5,1.0,5,2.0,bar,cfd_std,0,0,0,,0.0,0.0,0.0,,,,0.0,,0.0,0.0,0.0,0.0,,
60,atr,1.5,1.0,5,2.0,bar,cfd_raw,0,0,0,,0.0,0.0,0.0,,,,0.0,,0.0,0.0,0.0,0.0,,
60,atr,1.5,1.0,5,2.0,tick,none,0,0,0,,0.0,0.0,0.0,,,,0.0,,0.0,0.0,0.0,0.0,,
60,atr,1.5,1.0,5,2.0,tick,exchange,0,0,0,,0.0,0.0,0.0,,,,0.0,,0.0,0.0,0.0,0.0,,
60,atr,1.5,1.0,5,2.0,tick,cfd_std,0,0,0,,0.0,0.0,0.0,,,,0.0,,0.0,0.0,0.0,0.0,,
60,atr,1.5,1.0,5,2.0,tick,cfd_raw,0,0,0,,0.0,0.0,0.0,,,,0.0,,0.0,0.0,0.0,0.0,,
60,atr,1.5,1.0,8,0.5,off,none,25,8,17,0.44,-1400.3993135750788,0.0,-1400.3993135750788,0.0,0.8077992292377608,-0.12000000000000074,3350.5919729702728,2.68,0.44,0.56,0.0,0.0,0.32,-56.01597254300315
60,atr,1.5,1.0,8,0.5,off,exchange,25,8,17,0.44,-1366.3993135750788,2031.6903815746327,-3398.0896951497116,0.1543620020233082,0.5958954296577825,-0.2861658639407199,4936.104871415053,2.72,0.44,0.56,0.0,0.0,0.32,-135.92358780598846
60,atr,1.5,1.0,8,0.5,off,cfd_std,25,8,17,0.44,-1170.8993135750788,526.5,-1697.3993135750788,0.04017748112599794,0.7741506849911144,-0.1429472476569401,3580.0919729702728,2.72,0.44,0.56,0.0,0.0,0.32,-67.89597254300315
60,atr,1.5,1.0,8,0.5,off,cfd_raw,25,8,17,0.44,-1264.3993135750788,462.0,-1726.3993135750788,0.03518162351814205,0.770001332523959,-0.14610128713651313,3606.5919729702728,2.72,0.44,0.56,0.0,0.0,0.32,-69.05597254300315
60,atr,1.5,1.0,8,0.5,bar,none,25,8,17,0.44,-1400.3993135750788,0.0,-1400.3993135750788,0.0,0.8077992292377608,-0.12000000000000074,3350.5919729702728,2.68,0.44,0.56,0.0,0.0,0.32,-56.01597254300315
60,atr,1.5,1.0,8,0.5,bar,exchange,25,8,17,0.44,-1366.3993135750788,2031.6903815746327,-3398.0896951497116,0.1543620020233082,0.5958954296577825,-0.2861658639407199,4936.104871415053,2.72,0.44,0.56,0.0,0.0,0.32,-135.92358780598846
60,atr,1.5,1.0,8,0.5,bar,cfd_std,25,8,17,0.44,-1170.8993135750788,526.5,-1697.3993135750788,0.04017748112599794,0.7741506849911144,-0.1429472476569401,3580.0919729702728,2.72,0.44,0.56,0.0,0.0,0.32,-67.89597254300315
60,atr,1.5,1.0,8,0.5,bar,cfd_raw,25,8,17,0.44,-1264.3993135750788,462.0,-1726.3993135750788,0.03518162351814205,0.770001332523959,-0.14610128713651313,3606.5919729702728,2.72,0.44,0.56,0.0,0.0,0.32,-69.05597254300315
60,atr,1.5,1.0,8,0.5,tick,none,25,8,17,0.4,-1463.2735982618324,0.0,-1463.2735982618324,0.0,0.7891759605859547,-0.13826655410866834,3413.4662576570263,2.44,0.4,0.52,0.08,0.0,0.32,-58.53094393047329
60,atr,1.5,1.0,8,0.5,tick,exchange,25,8,17,0.4,-1433.2735982618324,2033.2396504300343,-3466.5132486918665,0.16386265025284316,0.5744930150335393,-0.3049242467527708,5004.5284249572,2.48,0.4,0.52,0.08,0.0,0.32,-138.66052994767466
60,atr,1.5,1.0,8,0.5,tick,cfd_std,25,8,17,0.4,-1260.7735982618324,540.0,-1800.7735982618324,0.04372223732431276,0.7502648725208022,-0.1647910640274498,3683.4662576570263,2.48,0.4,0.52,0.08,0.0,0.32,-72.0309439304733
60,atr,1.5,1.0,8,0.5,tick,cfd_raw,25,8,17,0.4,-1343.2735982618324,470.0,-1813.2735982618324,0.03796999607405424,0.747831921681552,-0.16648770036330937,3693.4662576570263,2.48,0.4,0.52,0.08,0.0,0.32,-72.5309439304733
60,atr,1.5,1.0,8,1.0,off,none,11,2,9,0.7272727272727273,3060.5123778838606,0.0,3060.5123778838606,0.0,3.7547093820177295,0.4545454545454533,483.47650329714816,1.8181818181818181,0.7272727272727273,0.2727272727272727,0.0,0.0,0.45454545454545453,278.2283979894419
60,atr,1.5,1.0,8,1.0,off,exchange,11,2,9,0.7272727272727273,3072.5123778838606,888.1643214282129,2184.3480564556476,0.1680050225187854,2.6156007454695587,0.2672646184499547,597.6645358323585,1.8181818181818181,0.7272727272727273,0.2727272727272727,0.0,0.0,0.45454545454545453,198.5770960414225
60,atr,1.5,1.0,8,1.0,off,cfd_std,11,2,9,0.7272727272727273,3141.5123778838606,189.0,2952.5123778838606,0.035596341933623224,3.5343214969106946,0.4338318027631237,510.47650329714816,1.8181818181818181,0.7272727272727273,0.2727272727272727,0.0,0.0,0.45454545454545453,268.41021617126006
60,atr,1.5,1.0,8,1.0,off,cfd_raw,11,2,9,0.7272727272727273,3108.5123778838606,178.0,2930.5123778838606,0.03359419576433052,3.5241039243054813,0.4281001886256597,505.47650329714816,1.8181818181818181,0.7272727272727273,0.2727272727272727,0.0,0.0,0.45454545454545453,266.41021617126006
60,atr,1.5,1.0,8,1.0,bar,none,11,2,9,0.7272727272727273,3060.5123778838606,0.0,3060.5123778838606,0.0,3.7547093820177295,0.4545454545454533,483.47650329714816,1.8181818181818181,0.7272727272727273,0.2727272727272727,0.0,0.0,0.45454545454545453,278.2283979894419
60,atr,1.5,1.0,8,1.0,bar,exchange,11,2,9,0.7272727272727273,3072.5123778838606,888.1643214282129,2184.3480564556476,0.1680050225187854,2.6156007454695587,0.2672646184499547,597.6645358323585,1.8181818181818181,0.7272727272727273,0.2727272727272727,0.0,0.0,0.45454545454545453,198.5770960414225
60,atr,1.5,1.0,8,1.0,bar,cfd_std,11,2,9,0.7272727272727273,3141.5123778838606,189.0,2952.5123778838606,0.035596341933623224,3.5343214969106946,0.4338318027631237,510.47650329714816,1.8181818181818181,0.7272727272727273,0.2727272727272727,0.0,0.0,0.45454545454545453,268.41021617126006
60,atr,1.5,1.0,8,1.0,bar,cfd_raw,11,2,9,0.7272727272727273,3108.5123778838606,178.0,2930.5123778838606,0.03359419576433052,3.5241039243054813,0.4281001886256597,505.47650329714816,1.8181818181818181,0.7272727272727273,0.2727272727272727,0.0,0.0,0.45454545454545453,266.41021617126006
60,atr,1.5,1.0,8,1.0,tick,none,11,2,9,0.6363636363636364,2579.3440909419005,0.0,2579.3440909419005,0.0,3.1786627037694304,0.3474035549587619,483.47650329714816,1.6363636363636365,0.6363636363636364,0.2727272727272727,0.09090909090909091,0.0,0.45454545454545453,234.48582644926367
60,atr,1.5,1.0,8,1.0,tick,exchange,11,2,9,0.6363636363636364,2589.3440909419005,889.9217372847421,1699.4223536571585,0.17981241647244045,2.128147161004345,0.1592860538474447,597.6645358323585,1.6363636363636365,0.6363636363636364,0.2727272727272727,0.09090909090909091,0.0,0.45454545454545453,154.49294124155986
60,atr,1.5,1.0,8,1.0,tick,cfd_std,11,2,9,0.6363636363636364,2646.8440909419005,202.5,2444.3440909419005,0.040821120727263745,2.9324228289093126,0.32067780435914345,510.47650329714816,1.6363636363636365,0.6363636363636364,0.2727272727272727,0.09090909090909091,0.0,0.45454545454545453,222.21309917653642
60,atr,1.5,1.0,8,1.0,tick,cfd_raw,11,2,9,0.6363636363636364,2619.3440909419005,186.0,2433.3440909419005,0.03753657295130759,2.937512204115861,0.31739556381390827,505.47650329714816,1.6363636363636365,0.6363636363636364,0.2727272727272727,0.09090909090909091,0.0,0.45454545454545453,221.21309917653642
60,atr,1.5,1.0,8,2.0,off,none,0,0,0,,0.0,0.0,0.0,,,,0.0,,0.0,0.0,0.0,0.0,,
60,atr,1.5,1.0,8,2.0,off,exchange,0,0,0,,0.0,0.0,0.0,,,,0.0,,0.0,0.0,0.0,0.0,,
60,atr,1.5,1.0,8,2.0,off,cfd_std,0,0,0,,0.0,0.0,0.0,,,,0.0,,0.0,0.0,0.0,0.0,,
60,atr,1.5,1.0,8,2.0,off,cfd_raw,0,0,0,,0.0,0.0,0.0,,,,0.0,,0.0,0.0,0.0,0.0,,
60,atr,1.5,1.0,8,2.0,bar,none,0,0,0,,0.0,0.0,0.0,,,,0.0,,0.0,0.0,0.0,0.0,,
60,atr,1.5,1.0,8,2.0,bar,exchange,0,0,0,,0.0,0.0,0.0,,,,0.0,,0.0,0.0,0.0,0.0,,
60,atr,1.5,1.0,8,2.0,bar,cfd_std,0,0,0,,0.0,0.0,0.0,,,,0.0,,0.0,0.0,0.0,0.0,,
60,atr,1.5,1.0,8,2.0,bar,cfd_raw,0,0,0,,0.0,0.0,0.0,,,,0.0,,0.0,0.0,0.0,0.0,,
60,atr,1.5,1.0,8,2.0,tick,none,0,0,0,,0.0,0.0,0.0,,,,0.0,,0.0,0.0,0.0,0.0,,
60,atr,1.5,1.0,8,2.0,tick,exchange,0,0,0,,0.0,0.0,0.0,,,,0.0,,0.0,0.0,0.0,0.0,,
60,atr,1.5,1.0,8,2.0,tick,cfd_std,0,0,0,,0.0,0.0,0.0,,,,0.0,,0.0,0.0,0.0,0.0,,
60,atr,1.5,1.0,8,2.0,tick,cfd_raw,0,0,0,,0.0,0.0,0.0,,,,0.0,,0.0,0.0,0.0,0.0,,
60,atr,1.5,1.5,3,0.5,off,none,30,16,14,0.4666666666666667,2264.392068461195,0.0,2264.392068461195,0.0,1.2567224792594605,0.1666666666666657,2159.4580597311433,6.633333333333334,0.4666666666666667,0.5333333333333333,0.0,0.0,0.13333333333333333,75.47973561537316
60,atr,1.5,1.5,3,0.5,off,exchange,30,16,14,0.4666666666666667,2316.392068461195,2450.052980874961,-133.66091241376625,0.12313575415525974,0.986785515758522,0.005102389345845623,2394.8016974282655,6.633333333333334,0.4666666666666667,0.5333333333333333,0.0,0.0,0.13333333333333333,-4.455363747125542
60,atr,1.5,1.5,3,0.5,off,cfd_std,30,16,14,0.4666666666666667,2615.392068461195,621.0,1994.3920684611949,0.03128279156194979,1.2203775232051486,0.1488261585777814,2199.9580597311433,6.633333333333334,0.4666666666666667,0.5333333333333333,0.0,0.0,0.13333333333333333,66.47973561537316
60,atr,1.5,1.5,3,0.5,off,cfd_raw,30,16,14,0.4666666666666667,2472.392068461195,548.0,1924.3920684611949,0.02757486660588103,1.2125838959383175,0.14393919713015355,2201.4580597311433,6.633333333333334,0.4666666666666667,0.5333333333333333,0.0,0.0,0.13333333333333333,64.14640228203983
60,atr,1.5,1.5,3,0.5,bar,none,31,15,16,0.5161290322580645,3981.713244903978,0.0,3981.713244903978,0.0,1.509630134299229,0.2690605574970314,2159.4580597311433,6.225806451612903,0.4838709677419355,0.45161290322580644,0.06451612903225806,0.0,0.12903225806451613,128.442362738838
60,atr,1.5,1.5,3,0.5,bar,exchange,31,15,16,0.4838709677419355,4031.713244903978,2533.3641737304847,1498.3490711734926,0.1292163070472933,1.1645311455151577,0.10675210171757657,2394.801697428251,6.225806451612903,0.4838709677419355,0.45161290322580644,0.06451612903225806,0.0,0.12903225806451613,48.33384100559653
60,atr,1.5,1.5,3,0.5,bar,cfd_std,33,16,17,0.45454545454545453,3728.1720582421403,688.5,3039.6720582421403,0.034109236312512475,1.3490074532203242,0.17159061370552645,2199.9580597311433,5.666666666666667,0.45454545454545453,0.48484848484848486,0.06060606060606061,0.0,0.12121212121212122,92.11127449218607
60,atr,1.5,1.5,3,0.5,bar,cfd_raw,33,16,17,0.45454545454545453,3579.6720582421403,606.0,2973.6720582421403,0.029997551940713883,1.341723769184542,0.1673413236167631,2201.4580597311433,5.666666666666667,0.45454545454545453,0.48484848484848486,0.06060606060606061,0.0,0.12121212121212122,90.11127449218607
60,atr,1.5,1.5,3,0.5,tick,none,33,17,16,0.5454545454545454,3423.2188650136522,0.0,3423.2188650136522,0.0,1.5508097662324611,0.19887698394157408,1378.976406803151,4.757575757575758,0.3333333333333333,0.3333333333333333,0.3333333333333333,0.0,0.12121212121212122,103.7339050004137
60,atr,1.5,1.5,3,0.5,tick,exchange,33,17,16,0.48484848484848486,3459.2188650136522,2706.9495507110773,752.2693143025748,0.17079637553067392,1.1003281093598671,0.03284176147853222,2353.126797583842,4.757575757575758,0.3333333333333333,0.3333333333333333,0.3333333333333333,0.0,0.12121212121212122,22.79603982735075
60,atr,1.5,1.5,3,0.5,tick,cfd_std,34,17,17,0.5,2967.0293009694287,769.5,2197.5293009694287,0.047209079440086954,1.3084078217356632,0.09354379585445742,2066.361943718279,4.588235294117647,0.3235294117647059,0.38235294117647056,0.29411764705882354,0.0,0.11764705882352941,64.63321473439497
60,atr,1.5,1.5,3,0.5,tick,cfd_raw,34,17,17,0.5,2857.0293009694287,660.0,2197.0293009694287,0.040436640605234164,1.3091620359797775,0.09331077849273965,2056.861943718279,4.588235294117647,0.3235294117647059,0.38235294117647056,0.29411764705882354,0.0,0.11764705882352941,64.61850885204203
60,atr,1.5,1.5,3,1.0,off,none,17,9,8,0.5882352941176471,4152.615754700775,0.0,4152.615754700775,0.0,2.1712376863168457,0.4705882352941175,1311.329969825485,5.823529411764706,0.5882352941176471,0.4117647058823529,0.0,0.0,0.29411764705882354,244.27151498239854
60,atr,1.5,1.5,3,1.0,off,exchange,17,9,8,0.5882352941176471,4176.615754700775,1380.8583370831852,2795.7574176175885,0.12276912116845878,1.6802735550983912,0.29982128752482967,1526.7470429056702,5.823529411764706,0.5882352941176471,0.4117647058823529,0.0,0.0,0.29411764705882354,164.45631868338756
60,atr,1.5,1.5,3,1.0,off,cfd_std,18,9,9,0.5555555555555556,4033.3487566170515,351.0,3682.3487566170515,0.030384690935897928,1.9263163103499565,0.3681902181764876,1351.829969825485,5.111111111111111,0.5555555555555556,0.4444444444444444,0.0,0.0,0.2777777777777778,204.57493092316952
60,atr,1.5,1.5,3,1.0,off,cfd_raw,18,9,9,0.5555555555555556,3961.8487566170515,316.0,3645.8487566170515,0.027367908677209972,1.9187523450136441,0.36333401820351435,1347.329969825485,5.111111111111111,0.5555555555555556,0.4444444444444444,0.0,0.0,0.2777777777777778,202.54715314539175
60,atr,1.5,1.5,3,1.0,bar,none,17,9,8,0.6470588235294118,4841.607022949771,0.0,4841.607022949771,0.0,2.691973599875043,0.529842820103633,1311.329969825485,5.352941176470588,0.5882352941176471,0.35294117647058826,0.058823529411764705,0.0,0.29411764705882354,284.8004131146924
60,atr,1.5,1.5,3,1.0,bar,exchange,17,9,8,0.5882352941176471,4863.607022949771,1381.20183271731,3482.4051902324595,0.1306640229194237,2.017322946113767,0.35887432716650036,1470.123524840572,5.352941176470588,0.5882352941176471,0.35294117647058826,0.058823529411764705,0.0,0.29411764705882354,204.84736413132114
60,atr,1.5,1.5,3,1.0,bar,cfd_std,18,9,9,0.5555555555555556,4708.840024866047,351.0,4357.840024866047,0.03224205442817897,2.3206498852417567,0.42305635688940635,1351.829969825485,4.666666666666667,0.5555555555555556,0.3888888888888889,0.05555555555555555,0.0,0.2777777777777778,242.1022236036693
60,atr,1.5,1.5,3,1.0,bar,cfd_raw,18,9,9,0.5555555555555556,4642.840024866047,316.0,4326.840024866047,0.029056394346531733,2.316241400614171,0.41864688920906995,1347.329969825485,4.666666666666667,0.5555555555555556,0.3888888888888889,0.05555555555555555,0.0,0.2777777777777778,240.38000138144707
60,atr,1.5,1.5,3,1.0,tick,none,17,9,8,0.5882352941176471,2541.297358316864,0.0,2541.297358316864,0.0,2.0815465674299607,0.30460263816562855,1311.329969825485,3.764705882352941,0.35294117647058826,0.23529411764705882,0.4117647058823529,0.0,0.29411764705882354,149.488079900992
60,atr,1.5,1.5,3,1.0,tick,exchange,17,9,8,0.47058823529411764,2551.297358316864,1388.1748489837018,1163.1225093331618,0.19166606722327764,1.3897633121928021,0.13128060941052408,1973.318273011566,3.764705882352941,0.35294117647058826,0.23529411764705882,0.4117647058823529,0.0,0.29411764705882354,68.41897113724481
60,atr,1.5,1.5,3,1.0,tick,cfd_std,18,9,9,0.5,1909.6077942726406,405.0,1504.6077942726406,0.05240671295962076,1.4773191594896427,0.12151401823140771,2054.642279023392,3.5,0.3333333333333333,0.3333333333333333,0.3333333333333333,0.0,0.2777777777777778,83.58932190403559
60,atr,1.5,1.5,3,1.0,tick,cfd_raw,18,9,9,0.5,1871.1077942726406,348.0,1523.1077942726406,0.04499892779639305,1.4867395527183445,0.12265422238318512,2043.642279023392,3.5,0.3333333333333333,0.3333333333333333,0.3333333333333333,0.0,0.2777777777777778,84.61709968181337
60,atr,1.5,1.5,3,2.0,off,none,1,0,1,0.0,-748.9832357083942,0.0,-748.9832357083942,0.0,0.0,-1.000000000000002,748.9832357083942,24.0,0.0,1.0,0.0,0.0,0.0,-748.9832357083942
60,atr,1.5,1.5,3,2.0,off,exchange,1,0,1,0.0,-746.9832357083942,79.9690316178542,-826.9522673262484,0.1070559924173082,0.0,-1.1040998354844513,826.9522673262545,24.0,0.0,1.0,0.0,0.0,0.0,-826.9522673262484
60,atr,1.5,1.5,3,2.0,off,cfd_std,1,0,1,0.0,-735.4832357083942,27.0,-762.4832357083942,0.03671055802379296,0.0,-1.018024435469818,762.4832357083942,24.0,0.0,1.0,0.0,0.0,0.0,-762.4832357083942
60,atr,1.5,1.5,3,2.0,off,cfd_raw,1,0,1,0.0,-740.9832357083942,22.0,-762.9832357083942,0.029690280346177572,0.0,-1.0186920071538854,762.9832357083942,24.0,0.0,1.0,0.0,0.0,0.0,-762.9832357083942
60,atr,1.5,1.5,3,2.0,bar,none,1,0,1,0.0,-748.9832357083942,0.0,-748.9832357083942,0.0,0.0,-1.000000000000002,748.9832357083942,24.0,0.0,1.0,0.0,0.0,0.0,-748.9832357083942
60,atr,1.5,1.5,3,2.0,bar,exchange,1,0,1,0.0,-746.9832357083942,79.9690316178542,-826.9522673262484,0.1070559924173082,0.0,-1.1040998354844513,826.9522673262545,24.0,0.0,1.0,0.0,0.0,0.0,-826.9522673262484
60,atr,1.5,1.5,3,2.0,bar,cfd_std,1,0,1,0.0,-735.4832357083942,27.0,-762.4832357083942,0.03671055802379296,0.0,-1.018024435469818,762.4832357083942,24.0,0.0,1.0,0.0,0.0,0.0,-762.4832357083942
60,atr,1.5,1.5,3,2.0,bar,cfd_raw,1,0,1,0.0,-740.9832357083942,22.0,-762.9832357083942,0.029690280346177572,0.0,-1.0186920071538854,762.9832357083942,24.0,0.0,1.0,0.0,0.0,0.0,-762.9832357083942
60,atr,1.5,1.5,3,2.0,tick,none,1,0,1,0.0,-748.9832357083942,0.0,-748.9832357083942,0.0,0.0,-1.000000000000002,748.9832357083942,24.0,0.0,1.0,0.0,0.0,0.0,-748.9832357083942
60,atr,1.5,1.5,3,2.0,tick,exchange,1,0,1,0.0,-746.9832357083942,79.9690316178542,-826.9522673262484,0.1070559924173082,0.0,-1.1040998354844513,826.9522673262545,24.0,0.0,1.0,0.0,0.0,0.0,-826.9522673262484
60,atr,1.5,1.5,3,2.0,tick,cfd_std,1,0,1,0.0,-735.4832357083942,27.0,-762.4832357083942,0.03671055802379296,0.0,-1.018024435469818,762.4832357083942,24.0,0.0,1.0,0.0,0.0,0.0,-762.4832357083942
60,atr,1.5,1.5,3,2.0,tick,cfd_raw,1,0,1,0.0,-740.9832357083942,22.0,-762.9832357083942,0.029690280346177572,0.0,-1.0186920071538854,762.9832357083942,24.0,0.0,1.0,0.0,0.0,0.0,-762.9832357083942
60,atr,1.5,1.5,5,0.5,off,none,20,8,12,0.45,1568.886805439106,0.0,1568.886805439106,0.0,1.2972703547564854,0.12500000000000075,1972.6488458390086,4.25,0.45,0.55,0.0,0.0,0.15,78.4443402719553
60,atr,1.5,1.5,5,0.5,off,exchange,20,8,12,0.45,1602.886805439106,1622.857086744346,-19.970281305239837,0.13387509929913485,0.9967571420885957,-0.051724469992425616,2711.1280841475673,4.25,0.45,0.55,0.0,0.0,0.15,-0.9985140652619918
60,atr,1.5,1.5,5,0.5,off,cfd_std,20,8,12,0.45,1798.386805439106,418.5,1379.886805439106,0.034556296504758846,1.253044309799415,0.10456768670605872,2053.6488458390086,4.3,0.45,0.55,0.0,0.0,0.15,68.9943402719553
60,atr,1.5,1.5,5,0.5,off,cfd_raw,20,8,12,0.45,1704.886805439106,368.0,1336.886805439106,0.03037262724834106,1.245406464159873,0.09953980800552006,2056.6488458390086,4.3,0.45,0.55,0.0,0.0,0.15,66.8443402719553
60,atr,1.5,1.5,5,0.5,bar,none,21,8,13,0.42857142857142855,918.729365480438,0.0,918.729365480438,0.0,1.1721815182204185,0.04587116918053039,2172.0686312495964,3.8095238095238093,0.38095238095238093,0.5238095238095238,0.09523809523809523,0.0,0.14285714285714285,43.74901740383038
60,atr,1.5,1.5,5,0.5,bar,exchange,21,8,13,0.38095238095238093,950.729365480438,1707.8752654643254,-757.1458999838873,0.1474038668654867,0.8806023683751462,-0.1319915551638099,3448.3037028262042,3.8095238095238093,0.38095238095238093,0.5238095238095238,0.09523809523809523,0.0,0.14285714285714285,-36.054566665899394
60,atr,1.5,1.5,5,0.5,bar,cfd_std,21,8,13,0.42857142857142855,1134.729365480438,459.0,675.729365480438,0.03969432164144963,1.12200983755918,0.020405126724928547,2388.0686312495964,3.857142857142857,0.38095238095238093,0.5238095238095238,0.09523809523809523,0.0,0.14285714285714285,32.17758883240181
60,atr,1.5,1.5,5,0.5,bar,cfd_raw,21,8,13,0.42857142857142855,1046.729365480438,398.0,648.729365480438,0.03438633039357543,1.1173572072757478,0.017406055434566314,2396.0686312495964,3.857142857142857,0.38095238095238093,0.5238095238095238,0.09523809523809523,0.0,0.14285714285714285,30.891874546687525
60,atr,1.5,1.5,5,0.5,tick,none,21,8,13,0.47619047619047616,-402.0360371847928,0.0,-402.0360371847928,0.0,0.917759241368571,-0.0750345041100525,3221.6117816223705,3.2857142857142856,0.23809523809523808,0.47619047619047616,0.2857142857142857,0.0,0.14285714285714285,-19.144573199275847
60,atr,1.5,1.5,5,0.5,tick,exchange,21,8,13,0.38095238095238093,-378.0360371847928,1713.8039093971975,-2091.8399465819907,0.18296158959163555,0.6400010096104454,-0.25425890473834,4534.210064793355,3.2857142857142856,0.23809523809523808,0.47619047619047616,0.2857142857142857,0.0,0.14285714285714285,-99.61142602771385
60,atr,1.5,1.5,5,0.5,tick,cfd_std,21,8,13,0.47619047619047616,-240.0360371847928,499.5,-739.5360371847928,0.05358858591061641,0.8543510904511715,-0.10984966741039068,3491.6117816223705,3.2857142857142856,0.23809523809523808,0.47619047619047616,0.2857142857142857,0.0,0.14285714285714285,-35.216001770704416
60,atr,1.5,1.5,5,0.5,tick,cfd_raw,21,8,13,0.47619047619047616,-306.0360371847928,422.0,-728.0360371847928,0.04516743375053907,0.856304670315213,-0.10903983761586034,3477.6117816223705,3.2857142857142856,0.23809523809523808,0.47619047619047616,0.2857142857142857,0.0,0.14285714285714285,-34.66838272308537
60,atr,1.5,1.5,5,1.0,off,none,11,4,7,0.6363636363636364,3471.2713847513223,0.0,3471.2713847513223,0.0,2.989363551026637,0.5909090909090915,966.672043573155,4.545454545454546,0.6363636363636364,0.36363636363636365,0.0,0.0,0.2727272727272727,315.5701258864838
60,atr,1.5,1.5,5,1.0,off,exchange,11,4,7,0.6363636363636364,3487.2713847513223,890.508427282844,2596.7629574684784,0.12777949965879484,2.2568972164734564,0.40451810676998223,1125.2825250328024,4.545454545454546,0.6363636363636364,0.36363636363636365,0.0,0.0,0.2727272727272727,236.06935976986168
60,atr,1.5,1.5,5,1.0,off,cfd_std,11,4,7,0.6363636363636364,3579.2713847513223,202.5,3376.7713847513223,0.02886629250698616,2.8493579257173933,0.5715613742023281,1007.172043573155,4.545454545454546,0.6363636363636364,0.36363636363636365,0.0,0.0,0.2727272727272727,306.97921679557476
60,atr,1.5,1.5,5,1.0,off,cfd_raw,11,4,7,0.6363636363636364,3535.2713847513223,186.0,3349.2713847513223,0.026597636839156974,2.843383086271117,0.5653468181351625,1002.672043573155,4.545454545454546,0.6363636363636364,0.36363636363636365,0.0,0.0,0.2727272727272727,304.47921679557476
60,atr,1.5,1.5,5,1.0,bar,none,11,4,7,0.6363636363636364,2879.289654113032,0.0,2879.289654113032,0.0,2.6501025865918875,0.4633845498674973,966.672043573155,3.6363636363636362,0.5454545454545454,0.36363636363636365,0.09090909090909091,0.0,0.2727272727272727,261.7536049193666
60,atr,1.5,1.5,5,1.0,bar,exchange,11,4,7,0.5454545454545454,2893.289654113032,892.8064181481631,2000.483235964869,0.14004541309832957,1.9488784238609922,0.27606769372232154,1125.2825250328024,3.6363636363636362,0.5454545454545454,0.36363636363636365,0.09090909090909091,0.0,0.2727272727272727,181.86211236044264
60,atr,1.5,1.5,5,1.0,bar,cfd_std,11,4,7,0.6363636363636364,2973.789654113032,216.0,2757.789654113032,0.03369934175925861,2.5103599187455674,0.43822050061207474,1007.172043573155,3.6363636363636362,0.5454545454545454,0.36363636363636365,0.09090909090909091,0.0,0.2727272727272727,250.70815037391202
60,atr,1.5,1.5,5,1.0,bar,cfd_raw,11,4,7,0.6363636363636364,2935.289654113032,194.0,2741.289654113032,0.0303451174735642,2.508760086139499,0.4343755615091776,1002.672043573155,3.6363636363636362,0.5454545454545454,0.36363636363636365,0.09090909090909091,0.0,0.2727272727272727,249.20815037391202
60,atr,1.5,1.5,5,1.0,tick,none,11,4,7,0.5454545454545454,1366.579522268963,0.0,1366.579522268963,0.0,1.7444891028938092,0.21108375835528156,966.672043573155,2.8181818181818183,0.36363636363636365,0.36363636363636365,0.2727272727272727,0.0,0.2727272727272727,124.23450202445119
60,atr,1.5,1.5,5,1.0,tick,exchange,11,4,7,0.45454545454545453,1376.579522268963,896.7702197164457,479.80930255251724,0.17793882658553062,1.211485571248974,0.02242025731106216,1125.2825250328024,2.8181818181818183,0.36363636363636365,0.36363636363636365,0.2727272727272727,0.0,0.2727272727272727,43.619027504774294
60,atr,1.5,1.5,5,1.0,tick,cfd_std,11,4,7,0.5454545454545454,1434.079522268963,243.0,1191.079522268963,0.04810674267760742,1.6128233023664251,0.17664139279906124,1007.172043573155,2.8181818181818183,0.36363636363636365,0.36363636363636365,0.2727272727272727,0.0,0.2727272727272727,108.27995656990574
60,atr,1.5,1.5,5,1.0,tick,cfd_raw,11,4,7,0.5454545454545454,1406.579522268963,210.0,1196.579522268963,0.041619044543054824,1.6201199296737117,0.17657650848537798,1002.672043573155,2.8181818181818183,0.36363636363636365,0.36363636363636365,0.2727272727272727,0.0,0.2727272727272727,108.77995656990574
60,atr,1.5,1.5,5,2.0,off,none,0,0,0,,0.0,0.0,0.0,,,,0.0,,0.0,0.0,0.0,0.0,,
60,atr,1.5,1.5,5,2.0,off,exchange,0,0,0,,0.0,0.0,0.0,,,,0.0,,0.0,0.0,0.0,0.0,,
60,atr,1.5,1.5,5,2.0,off,cfd_std,0,0,0,,0.0,0.0,0.0,,,,0.0,,0.0,0.0,0.0,0.0,,
60,atr,1.5,1.5,5,2.0,off,cfd_raw,0,0,0,,0.0,0.0,0.0,,,,0.0,,0.0,0.0,0.0,0.0,,
60,atr,1.5,1.5,5,2.0,bar,none,0,0,0,,0.0,0.0,0.0,,,,0.0,,0.0,0.0,0.0,0.0,,
60,atr,1.5,1.5,5,2.0,bar,exchange,0,0,0,,0.0,0.0,0.0,,,,0.0,,0.0,0.0,0.0,0.0,,
60,atr,1.5,1.5,5,2.0,bar,cfd_std,0,0,0,,0.0,0.0,0.0,,,,0.0,,0.0,0.0,0.0,0.0,,
60,atr,1.5,1.5,5,2.0,bar,cfd_raw,0,0,0,,0.0,0.0,0.0,,,,0.0,,0.0,0.0,0.0,0.0,,
60,atr,1.5,1.5,5,2.0,tick,none,0,0,0,,0.0,0.0,0.0,,,,0.0,,0.0,0.0,0.0,0.0,,
60,atr,1.5,1.5,5,2.0,tick,exchange,0,0,0,,0.0,0.0,0.0,,,,0.0,,0.0,0.0,0.0,0.0,,
60,atr,1.5,1.5,5,2.0,tick,cfd_std,0,0,0,,0.0,0.0,0.0,,,,0.0,,0.0,0.0,0.0,0.0,,
60,atr,1.5,1.5,5,2.0,tick,cfd_raw,0,0,0,,0.0,0.0,0.0,,,,0.0,,0.0,0.0,0.0,0.0,,
60,atr,1.5,1.5,8,0.5,off,none,24,8,16,0.375,-406.61118252364395,0.0,-406.61118252364395,0.0,0.9479047182708003,-0.06250000000000036,3590.469638276263,3.7083333333333335,0.375,0.625,0.0,0.0,0.2916666666666667,-16.94213260515183
60,atr,1.5,1.5,8,0.5,off,exchange,24,8,16,0.375,-372.61118252364395,1953.6803106239254,-2326.291493147569,0.12861894956659867,0.7417119246500331,-0.22812747181664328,5096.729594142656,3.7083333333333335,0.375,0.625,0.0,0.0,0.2916666666666667,-96.92881221448204
60,atr,1.5,1.5,8,0.5,off,cfd_std,24,8,16,0.375,-177.11118252364395,526.5,-703.611182523644,0.03484637165350471,0.9125747289147653,-0.08663454161869182,3819.969638276263,3.7083333333333335,0.375,0.625,0.0,0.0,0.2916666666666667,-29.31713260515183
60,atr,1.5,1.5,8,0.5,off,cfd_raw,24,8,16,0.375,-270.61118252364395,456.0,-726.611182523644,0.03010362562606045,0.9096158533121531,-0.08925025915127556,3840.469638276263,3.7083333333333335,0.375,0.625,0.0,0.0,0.2916666666666667,-30.275465938485166
60,atr,1.5,1.5,8,0.5,bar,none,25,8,17,0.36,-752.9602032226685,0.0,-752.9602032226685,0.0,0.9003956524269829,-0.09805406300817943,4201.081946423132,3.28,0.32,0.56,0.12,0.0,0.28,-30.11840812890674
60,atr,1.5,1.5,8,0.5,bar,exchange,25,8,17,0.32,-722.9602032226685,2038.5475851342749,-2761.5077883569434,0.14203864879748795,0.6892910553263971,-0.2652240560289733,5531.945889352035,3.28,0.32,0.56,0.12,0.0,0.28,-110.46031153427774
60,atr,1.5,1.5,8,0.5,bar,cfd_std,25,8,17,0.36,-840.7686224823119,567.0,-1407.768622482312,0.038937303977806606,0.8269134068439898,-0.14968300286985115,4524.127078234931,3.36,0.32,0.6,0.08,0.0,0.28,-56.31074489929247
60,atr,1.5,1.5,8,0.5,bar,cfd_raw,25,8,17,0.36,-928.7686224823119,486.0,-1414.768622482312,0.033274290725957216,0.8257528155028829,-0.1506910086246049,4528.627078234931,3.36,0.32,0.6,0.08,0.0,0.28,-56.590744899292474
60,atr,1.5,1.5,8,0.5,tick,none,25,8,17,0.4,-353.4737963073276,0.0,-353.4737963073276,0.0,0.9490725632902496,-0.08055200734597326,3537.3322520599468,2.92,0.28,0.52,0.2,0.0,0.28,-14.138951852293102
60,atr,1.5,1.5,8,0.5,tick,exchange,25,8,17,0.36,-327.4737963073276,2039.6615398189715,-2367.1353361262986,0.15092958311262422,0.709891584578027,-0.24817594476526503,5137.573437121391,2.92,0.28,0.52,0.2,0.0,0.28,-94.68541344505195
60,atr,1.5,1.5,8,0.5,tick,cfd_std,25,8,17,0.4,-177.97379630732758,580.5,-758.4737963073276,0.04321288140276741,0.8948132344936233,-0.11338448359273592,3874.8322520599468,2.92,0.28,0.52,0.2,0.0,0.28,-30.338951852293103
60,atr,1.5,1.5,8,0.5,tick,cfd_raw,25,8,17,0.4,-249.47379630732758,494.0,-743.4737963073276,0.036668661343985616,0.8966066904218674,-0.11251120772089941,3857.3322520599468,2.92,0.28,0.52,0.2,0.0,0.28,-29.738951852293102
60,atr,1.5,1.5,8,1.0,off,none,11,2,9,0.6363636363636364,3848.7323753732344,0.0,3848.7323753732344,0.0,3.36114544517357,0.5909090909090928,519.0166731439385,3.6363636363636362,0.6363636363636364,0.36363636363636365,0.0,0.0,0.36363636363636365,349.88476139756676
60,atr,1.5,1.5,8,1.0,off,exchange,11,2,9,0.6363636363636364,3862.7323753732344,890.3062102380458,2972.4261651351885,0.1252050053230229,2.5245750343284357,0.4035304966419243,597.640651480513,3.6363636363636362,0.6363636363636364,0.36363636363636365,0.0,0.0,0.36363636363636365,270.2205604668353
60,atr,1.5,1.5,8,1.0,off,cfd_std,11,2,9,0.6363636363636364,3943.2323753732344,202.5,3740.7323753732344,0.02843187594926355,3.203635600423352,0.5696910929972078,532.5166731439385,3.6363636363636362,0.6363636363636364,0.36363636363636365,0.0,0.0,0.36363636363636365,340.06657957938495
60,atr,1.5,1.5,8,1.0,off,cfd_raw,11,2,9,0.6363636363636364,3904.7323753732344,186.0,3718.7323753732344,0.026135386943209996,3.1952016912434957,0.5641649532088219,533.0166731439385,3.6363636363636362,0.6363636363636364,0.36363636363636365,0.0,0.0,0.36363636363636365,338.06657957938495
60,atr,1.5,1.5,8,1.0,bar,none,11,2,9,0.6363636363636364,3560.5590639945876,0.0,3560.5590639945876,0.0,3.6847439438877836,0.5165985382315349,737.2115329199005,2.5454545454545454,0.5454545454545454,0.2727272727272727,0.18181818181818182,0.0,0.36363636363636365,323.6871876358716
60,atr,1.5,1.5,8,1.0,bar,exchange,11,2,9,0.5454545454545454,3570.5590639945876,892.4532968937351,2678.1057671008525,0.1435967257467664,2.5847096986453004,0.32797019100031816,982.8341886863636,2.5454545454545454,0.5454545454545454,0.2727272727272727,0.18181818181818182,0.0,0.36363636363636365,243.46416064553205
60,atr,1.5,1.5,8,1.0,bar,cfd_std,11,2,9,0.6363636363636364,3337.750644734944,216.0,3121.750644734944,0.033145071594394254,2.8389984008669154,0.43635021940695445,804.7115329199005,2.727272727272727,0.5454545454545454,0.36363636363636365,0.09090909090909091,0.0,0.36363636363636365,283.7955131577222
60,atr,1.5,1.5,8,1.0,bar,cfd_raw,11,2,9,0.6363636363636364,3304.750644734944,194.0,3110.750644734944,0.029769184672742987,2.8363045218260896,0.4331936965828371,795.2115329199005,2.727272727272727,0.5454545454545454,0.36363636363636365,0.09090909090909091,0.0,0.36363636363636365,282.7955131577222
60,atr,1.5,1.5,8,1.0,tick,none,11,2,9,0.6363636363636364,3413.6214686547173,0.0,3413.6214686547173,0.0,3.883341468345481,0.46393181308891907,597.339073807525,2.090909090909091,0.45454545454545453,0.2727272727272727,0.2727272727272727,0.0,0.36363636363636365,310.3292244231561
60,atr,1.5,1.5,8,1.0,tick,exchange,11,2,9,0.6363636363636364,3421.6214686547173,893.8394635795593,2527.782005075158,0.1546048623897243,2.67804671188803,0.2745394929745604,842.8917933444318,2.090909090909091,0.45454545454545453,0.2727272727272727,0.2727272727272727,0.0,0.36363636363636365,229.79836409774163
60,atr,1.5,1.5,8,1.0,tick,cfd_std,11,2,9,0.6363636363636364,3467.6214686547173,229.5,3238.1214686547173,0.039695960364457036,3.5599586703026334,0.428520772439666,664.839073807525,2.090909090909091,0.45454545454545453,0.2727272727272727,0.2727272727272727,0.0,0.36363636363636365,294.3746789686107
60,atr,1.5,1.5,8,1.0,tick,cfd_raw,11,2,9,0.6363636363636364,3445.6214686547173,202.0,3243.6214686547173,0.03493936380662449,3.5826829031064396,0.42877698339613385,655.339073807525,2.090909090909091,0.45454545454545453,0.2727272727272727,0.2727272727272727,0.0,0.36363636363636365,294.8746789686107
60,atr,1.5,1.5,8,2.0,off,none,0,0,0,,0.0,0.0,0.0,,,,0.0,,0.0,0.0,0.0,0.0,,
60,atr,1.5,1.5,8,2.0,off,exchange,0,0,0,,0.0,0.0,0.0,,,,0.0,,0.0,0.0,0.0,0.0,,
60,atr,1.5,1.5,8,2.0,off,cfd_std,0,0,0,,0.0,0.0,0.0,,,,0.0,,0.0,0.0,0.0,0.0,,
60,atr,1.5,1.5,8,2.0,off,cfd_raw,0,0,0,,0.0,0.0,0.0,,,,0.0,,0.0,0.0,0.0,0.0,,
60,atr,1.5,1.5,8,2.0,bar,none,0,0,0,,0.0,0.0,0.0,,,,0.0,,0.0,0.0,0.0,0.0,,
60,atr,1.5,1.5,8,2.0,bar,exchange,0,0,0,,0.0,0.0,0.0,,,,0.0,,0.0,0.0,0.0,0.0,,
60,atr,1.5,1.5,8,2.0,bar,cfd_std,0,0,0,,0.0,0.0,0.0,,,,0.0,,0.0,0.0,0.0,0.0,,
60,atr,1.5,1.5,8,2.0,bar,cfd_raw,0,0,0,,0.0,0.0,0.0,,,,0.0,,0.0,0.0,0.0,0.0,,
60,atr,1.5,1.5,8,2.0,tick,none,0,0,0,,0.0,0.0,0.0,,,,0.0,,0.0,0.0,0.0,0.0,,
60,atr,1.5,1.5,8,2.0,tick,exchange,0,0,0,,0.0,0.0,0.0,,,,0.0,,0.0,0.0,0.0,0.0,,
60,atr,1.5,1.5,8,2.0,tick,cfd_std,0,0,0,,0.0,0.0,0.0,,,,0.0,,0.0,0.0,0.0,0.0,,
60,atr,1.5,1.5,8,2.0,tick,cfd_raw,0,0,0,,0.0,0.0,0.0,,,,0.0,,0.0,0.0,0.0,0.0,,
60,atr,1.5,2.0,3,0.5,off,none,29,16,13,0.41379310344827586,3634.998617168414,0.0,3634.998617168414,0.0,1.3892117511542292,0.24137931034482743,2159.4580597311433,7.551724137931035,0.41379310344827586,0.5862068965517241,0.0,0.0,0.06896551724137931,125.34477990235911
60,atr,1.5,2.0,3,0.5,off,exchange,29,16,13,0.41379310344827586,3688.998617168414,2370.1758587683576,1318.8227584000565,0.1062679485114853,1.123099952602423,0.08104355707488049,2394.8016974282655,7.551724137931035,0.41379310344827586,0.5862068965517241,0.0,0.0,0.06896551724137931,45.47664684138126
60,atr,1.5,2.0,3,0.5,off,cfd_std,29,16,13,0.41379310344827586,3999.498617168414,621.0,3378.498617168414,0.02791479228181655,1.3525738542007664,0.2236860432821932,2199.9580597311433,7.551724137931035,0.41379310344827586,0.5862068965517241,0.0,0.0,0.06896551724137931,116.4999523161522
60,atr,1.5,2.0,3,0.5,off,cfd_raw,29,16,13,0.41379310344827586,3850.998617168414,542.0,3308.998617168414,0.02433355490845251,1.3452128856766281,0.21882383319414278,2201.4580597311433,7.551724137931035,0.41379310344827586,0.5862068965517241,0.0,0.0,0.06896551724137931,114.10340059201428
60,atr,1.5,2.0,3,0.5,bar,none,30,15,15,0.5,6499.811275890388,0.0,6499.811275890388,0.0,1.8625981361202923,0.43240108896983526,2159.4580597311433,7.033333333333333,0.43333333333333335,0.43333333333333335,0.13333333333333333,0.0,0.06666666666666667,216.66037586301294
60,atr,1.5,2.0,3,0.5,bar,exchange,30,15,15,0.4666666666666667,6547.811275890388,2454.271171579008,4093.5401043113798,0.11378104820467984,1.4636044861466433,0.2706371895196423,2394.8016974282655,7.033333333333333,0.43333333333333335,0.43333333333333335,0.13333333333333333,0.0,0.06666666666666667,136.45133681037933
60,atr,1.5,2.0,3,0.5,bar,cfd_std,32,16,16,0.4375,6232.77008922855,688.5,5544.27008922855,0.03106786282903605,1.6565007465967707,0.3205902005546014,2199.9580597311433,6.40625,0.40625,0.46875,0.125,0.0,0.0625,173.2584402883922
60,atr,1.5,2.0,3,0.5,bar,cfd_raw,32,16,16,0.4375,6089.77008922855,600.0,5489.77008922855,0.027060958184336677,1.6510495507687977,0.31708594829573367,2201.4580597311433,6.40625,0.40625,0.46875,0.125,0.0,0.0625,171.5553152883922
60,atr,1.5,2.0,3,0.5,tick,none,33,17,16,0.5151515151515151,4435.029798521544,0.0,4435.029798521544,0.0,1.7062788052433207,0.25571707885762573,1724.1396029196621,5.03030303030303,0.2727272727272727,0.3333333333333333,0.3939393939393939,0.0,0.06060606060606061,134.39484237944072
60,atr,1.5,2.0,3,0.5,tick,exchange,33,17,16,0.45454545454545453,4471.029798521544,2711.90704934592,1759.122749175624,0.15961883286559114,1.230111877522748,0.0894011408635233,2694.2860759281175,5.03030303030303,0.2727272727272727,0.3333333333333333,0.3939393939393939,0.0,0.06060606060606061,53.30674997501891
60,atr,1.5,2.0,3,0.5,tick,cfd_std,34,17,17,0.47058823529411764,3978.8402344773203,796.5,3182.3402344773203,0.04566894018463369,1.4409537028919155,0.14718391825445754,2594.156165047607,4.852941176470588,0.2647058823529412,0.38235294117647056,0.35294117647058826,0.0,0.058823529411764705,93.59824219050942
60,atr,1.5,2.0,3,0.5,tick,cfd_raw,34,17,17,0.47058823529411764,3868.8402344773203,676.0,3192.8402344773203,0.03871099809061399,1.4438847524337401,0.1475735029373222,2573.656165047607,4.852941176470588,0.2647058823529412,0.38235294117647056,0.35294117647058826,0.0,0.058823529411764705,93.90706571992119
60,atr,1.5,2.0,3,1.0,off,none,17,9,8,0.47058823529411764,3869.4250080624915,0.0,3869.4250080624915,0.0,1.8607835007969182,0.41176470588235464,1685.3339497971465,7.0,0.47058823529411764,0.5294117647058824,0.0,0.0,0.17647058823529413,227.61323576838186
60,atr,1.5,2.0,3,1.0,off,exchange,17,9,8,0.47058823529411764,3897.4250080624915,1385.157929825539,2512.2670782369532,0.10771143207301256,1.4812378456517044,0.240888117388666,2046.0693378932629,7.0,0.47058823529411764,0.5294117647058824,0.0,0.0,0.17647058823529413,147.7804163668796
60,atr,1.5,2.0,3,1.0,off,cfd_std,18,9,9,0.4444444444444444,3777.158009978768,378.0,3399.158009978768,0.028764575041735033,1.6864208260181182,0.3121218565571355,2061.10094788087,6.222222222222222,0.4444444444444444,0.5555555555555556,0.0,0.0,0.16666666666666666,188.8421116654871
60,atr,1.5,2.0,3,1.0,off,cfd_raw,18,9,9,0.4444444444444444,3694.658009978768,332.0,3362.658009978768,0.025253554685522508,1.679873827391042,0.30747457757311714,2058.10094788087,6.222222222222222,0.4444444444444444,0.5555555555555556,0.0,0.0,0.16666666666666666,186.81433388770932
60,atr,1.5,2.0,3,1.0,bar,none,17,9,8,0.5882352941176471,5565.113236937614,0.0,5565.113236937614,0.0,2.846133978977298,0.596381372261698,1311.329969825485,6.0,0.47058823529411764,0.35294117647058826,0.17647058823529413,0.0,0.17647058823529413,327.3596021728008
60,atr,1.5,2.0,3,1.0,bar,exchange,17,9,8,0.5294117647058824,5587.113236937614,1385.675902675616,4201.437334261998,0.11945429617152419,2.148527603404816,0.4247851146611266,1470.123524840572,6.0,0.47058823529411764,0.35294117647058826,0.17647058823529413,0.0,0.17647058823529413,247.14337260364695
60,atr,1.5,2.0,3,1.0,bar,cfd_std,18,9,9,0.5,5432.34623885389,378.0,5054.34623885389,0.031722539461573634,2.4525137043278713,0.48222608791531624,1396.7752516154578,5.277777777777778,0.4444444444444444,0.3888888888888889,0.16666666666666666,0.0,0.16666666666666666,280.79701326966057
60,atr,1.5,2.0,3,1.0,bar,cfd_raw,18,9,9,0.5,5366.34623885389,332.0,5034.34623885389,0.02788786908874811,2.4540788804769234,0.4793127159354489,1388.2752516154578,5.277777777777778,0.4444444444444444,0.3888888888888889,0.16666666666666666,0.0,0.16666666666666666,279.6859021585494
60,atr,1.5,2.0,3,1.0,tick,none,17,9,8,0.5294117647058824,3033.2329499466723,0.0,3033.2329499466723,0.0,2.2563943803654225,0.35554584561900116,1311.329969825485,4.0,0.29411764705882354,0.23529411764705882,0.47058823529411764,0.0,0.17647058823529413,178.4254676439219
60,atr,1.5,2.0,3,1.0,tick,exchange,17,9,8,0.4117647058823529,3045.2329499466723,1390.751062967566,1654.4818869791059,0.17681199045175108,1.5284657976475315,0.1820878342526658,1607.533975657876,4.0,0.29411764705882354,0.23529411764705882,0.47058823529411764,0.0,0.17647058823529413,97.3224639399474
60,atr,1.5,2.0,3,1.0,tick,cfd_std,18,9,9,0.4444444444444444,2415.043385902449,418.5,1996.5433859024488,0.05004454887104191,1.6155041571252873,0.1691605101412481,1688.7880714267667,3.7222222222222223,0.2777777777777778,0.3333333333333333,0.3888888888888889,0.0,0.16666666666666666,110.9190769945805
60,atr,1.5,2.0,3,1.0,tick,cfd_raw,18,9,9,0.4444444444444444,2371.043385902449,356.0,2015.0433859024488,0.04257075124991857,1.6266163655779966,0.1704907850659314,1677.7880714267667,3.7222222222222223,0.2777777777777778,0.3333333333333333,0.3888888888888889,0.0,0.16666666666666666,111.94685477235826
60,atr,1.5,2.0,3,2.0,off,none,1,0,1,0.0,-748.9832357083942,0.0,-748.9832357083942,0.0,0.0,-1.000000000000002,748.9832357083942,24.0,0.0,1.0,0.0,0.0,0.0,-748.9832357083942
60,atr,1.5,2.0,3,2.0,off,exchange,1,0,1,0.0,-746.9832357083942,79.9690316178542,-826.9522673262484,0.1070559924173082,0.0,-1.1040998354844513,826.9522673262545,24.0,0.0,1.0,0.0,0.0,0.0,-826.9522673262484
60,atr,1.5,2.0,3,2.0,off,cfd_std,1,0,1,0.0,-735.4832357083942,27.0,-762.4832357083942,0.03671055802379296,0.0,-1.018024435469818,762.4832357083942,24.0,0.0,1.0,0.0,0.0,0.0,-762.4832357083942
60,atr,1.5,2.0,3,2.0,off,cfd_raw,1,0,1,0.0,-740.9832357083942,22.0,-762.9832357083942,0.029690280346177572,0.0,-1.0186920071538854,762.9832357083942,24.0,0.0,1.0,0.0,0.0,0.0,-762.9832357083942
60,atr,1.5,2.0,3,2.0,bar,none,1,0,1,0.0,-748.9832357083942,0.0,-748.9832357083942,0.0,0.0,-1.000000000000002,748.9832357083942,24.0,0.0,1.0,0.0,0.0,0.0,-748.9832357083942
60,atr,1.5,2.0,3,2.0,bar,exchange,1,0,1,0.0,-746.9832357083942,79.9690316178542,-826.9522673262484,0.1070559924173082,0.0,-1.1040998354844513,826.9522673262545,24.0,0.0,1.0,0.0,0.0,0.0,-826.9522673262484
60,atr,1.5,2.0,3,2.0,bar,cfd_std,1,0,1,0.0,-735.4832357083942,27.0,-762.4832357083942,0.03671055802379296,0.0,-1.018024435469818,762.4832357083942,24.0,0.0,1.0,0.0,0.0,0.0,-762.4832357083942
60,atr,1.5,2.0,3,2.0,bar,cfd_raw,1,0,1,0.0,-740.9832357083942,22.0,-762.9832357083942,0.029690280346177572,0.0,-1.0186920071538854,762.9832357083942,24.0,0.0,1.0,0.0,0.0,0.0,-762.9832357083942
60,atr,1.5,2.0,3,2.0,tick,none,1,0,1,0.0,-748.9832357083942,0.0,-748.9832357083942,0.0,0.0,-1.000000000000002,748.9832357083942,24.0,0.0,1.0,0.0,0.0,0.0,-748.9832357083942
60,atr,1.5,2.0,3,2.0,tick,exchange,1,0,1,0.0,-746.9832357083942,79.9690316178542,-826.9522673262484,0.1070559924173082,0.0,-1.1040998354844513,826.9522673262545,24.0,0.0,1.0,0.0,0.0,0.0,-826.9522673262484
60,atr,1.5,2.0,3,2.0,tick,cfd_std,1,0,1,0.0,-735.4832357083942,27.0,-762.4832357083942,0.03671055802379296,0.0,-1.018024435469818,762.4832357083942,24.0,0.0,1.0,0.0,0.0,0.0,-762.4832357083942
60,atr,1.5,2.0,3,2.0,tick,cfd_raw,1,0,1,0.0,-740.9832357083942,22.0,-762.9832357083942,0.029690280346177572,0.0,-1.0186920071538854,762.9832357083942,24.0,0.0,1.0,0.0,0.0,0.0,-762.9832357083942
60,atr,1.5,2.0,5,0.5,off,none,20,8,12,0.3,-977.3537042352691,0.0,-977.3537042352691,0.0,0.8580895407690147,-0.09999999999999944,3959.375766610712,5.3,0.3,0.7,0.0,0.0,0.1,-48.86768521176346
60,atr,1.5,2.0,5,0.5,off,exchange,20,8,12,0.3,-941.3537042352691,1628.1581732557377,-2569.511877491006,0.12735031944024416,0.6791655808860851,-0.2770270776850775,5004.618451473492,5.3,0.3,0.7,0.0,0.0,0.1,-128.4755938745503
60,atr,1.5,2.0,5,0.5,off,cfd_std,20,8,12,0.3,-734.3537042352691,459.0,-1193.353704235269,0.03609660576806536,0.8319957310419047,-0.12289802307422999,4121.375766610712,5.3,0.3,0.7,0.0,0.0,0.1,-59.667685211763455
60,atr,1.5,2.0,5,0.5,off,cfd_raw,20,8,12,0.3,-833.3537042352691,392.0,-1225.353704235269,0.030747806195233915,0.8273934650699297,-0.1269213533457622,4127.375766610712,5.3,0.3,0.7,0.0,0.0,0.1,-61.26768521176346
60,atr,1.5,2.0,5,0.5,bar,none,21,8,13,0.3333333333333333,-333.5266094094404,0.0,-333.5266094094404,0.0,0.9409709439318817,-0.054773949822243984,3497.9172305138054,4.333333333333333,0.23809523809523808,0.5238095238095238,0.23809523809523808,0.0,0.09523809523809523,-15.88221949568764
60,atr,1.5,2.0,5,0.5,bar,exchange,21,8,13,0.2857142857142857,-305.5266094094404,1713.7044775451152,-2019.2310869545556,0.15637566403617095,0.7039368406215369,-0.2335184806884525,4781.372360929934,4.333333333333333,0.23809523809523808,0.5238095238095238,0.23809523809523808,0.0,0.09523809523809523,-96.15386128355027
60,atr,1.5,2.0,5,0.5,bar,cfd_std,21,8,13,0.3333333333333333,-144.52660940944043,499.5,-644.0266094094404,0.04577153922189736,0.8909669641006901,-0.08627079381778067,3767.9172305138054,4.333333333333333,0.23809523809523808,0.5238095238095238,0.23809523809523808,0.0,0.09523809523809523,-30.667933781401924
60,atr,1.5,2.0,5,0.5,bar,cfd_raw,21,8,13,0.3333333333333333,-221.52660940944043,422.0,-643.5266094094404,0.038592048783185104,0.8906721773017814,-0.08681287188816944,3753.9172305138054,4.333333333333333,0.23809523809523808,0.5238095238095238,0.23809523809523808,0.0,0.09523809523809523,-30.644124257592402
60,atr,1.5,2.0,5,0.5,tick,none,21,8,13,0.42857142857142855,-993.9086665287177,0.0,-993.9086665287177,0.0,0.7993349602949997,-0.12201864895010976,3682.717947095385,3.380952380952381,0.14285714285714285,0.47619047619047616,0.38095238095238093,0.0,0.09523809523809523,-47.32898412041513
60,atr,1.5,2.0,5,0.5,tick,exchange,21,8,13,0.3333333333333333,-971.9086665287177,1718.1812424874972,-2690.0899090162156,0.1930055368452104,0.5484329762209378,-0.3017598897084163,5133.956234942598,3.380952380952381,0.14285714285714285,0.47619047619047616,0.38095238095238093,0.0,0.09523809523809523,-128.09951947696266
60,atr,1.5,2.0,5,0.5,tick,cfd_std,21,8,13,0.42857142857142855,-845.4086665287177,526.5,-1371.9086665287177,0.05952691808336935,0.7345929210938884,-0.16011687303369143,4033.717947095385,3.380952380952381,0.14285714285714285,0.47619047619047616,0.38095238095238093,0.0,0.09523809523809523,-65.32898412041513
60,atr,1.5,2.0,5,0.5,tick,cfd_raw,21,8,13,0.42857142857142855,-905.9086665287177,438.0,-1343.9086665287177,0.049367475867023745,0.7392024977453879,-0.15796949995709897,3998.717947095385,3.380952380952381,0.14285714285714285,0.47619047619047616,0.38095238095238093,0.0,0.09523809523809523,-63.9956507870818
60,atr,1.5,2.0,5,1.0,off,none,11,4,7,0.36363636363636365,381.58325145712297,0.0,381.58325145712297,0.0,1.1137564471184789,0.09090909090909109,2125.7279521485616,6.2727272727272725,0.36363636363636365,0.6363636363636364,0.0,0.0,0.18181818181818182,34.68938649610209
60,atr,1.5,2.0,5,1.0,off,exchange,11,4,7,0.36363636363636365,399.58325145712297,895.5377899824258,-495.95453852530295,0.12633922459547875,0.8733716908667264,-0.09598663448938471,2602.8090147137555,6.2727272727272725,0.36363636363636365,0.6363636363636364,0.0,0.0,0.18181818181818182,-45.086776229573
60,atr,1.5,2.0,5,1.0,off,cfd_std,11,4,7,0.36363636363636365,503.08325145712297,243.0,260.08325145712297,0.03433726702895832,1.074824982227308,0.06707826551089414,2220.2279521485616,6.2727272727272725,0.36363636363636365,0.6363636363636364,0.0,0.0,0.18181818181818182,23.64393195064754
60,atr,1.5,2.0,5,1.0,off,cfd_raw,11,4,7,0.36363636363636365,453.58325145712297,210.0,243.58325145712297,0.029651137084429856,1.070229529520076,0.06269016113283109,2217.7279521485616,6.2727272727272725,0.36363636363636365,0.6363636363636364,0.0,0.0,0.18181818181818182,22.14393195064754
60,atr,1.5,2.0,5,1.0,bar,none,11,4,7,0.45454545454545453,1083.5860556033294,0.0,1083.5860556033294,0.0,1.5261895020114171,0.18033477722583716,1203.3451449810964,4.454545454545454,0.2727272727272727,0.36363636363636365,0.36363636363636365,0.0,0.18181818181818182,98.50782323666631
60,atr,1.5,2.0,5,1.0,bar,exchange,11,4,7,0.36363636363636365,1093.5860556033294,898.3639064171429,195.22214918618624,0.1726228199882607,1.0754583517819916,-0.008620073188359868,1850.0526839795057,4.454545454545454,0.2727272727272727,0.36363636363636365,0.36363636363636365,0.0,0.18181818181818182,17.747468107835115
60,atr,1.5,2.0,5,1.0,bar,cfd_std,11,4,7,0.45454545454545453,1151.0860556033294,256.5,894.5860556033294,0.049178429632510436,1.4076848860781912,0.14365737957599356,1365.3451449810964,4.454545454545454,0.2727272727272727,0.36363636363636365,0.36363636363636365,0.0,0.18181818181818182,81.32600505484812
60,atr,1.5,2.0,5,1.0,bar,cfd_raw,11,4,7,0.45454545454545453,1123.5860556033294,218.0,905.5860556033294,0.04184099364084069,1.4163025236889186,0.14450306389304574,1347.3451449810964,4.454545454545454,0.2727272727272727,0.36363636363636365,0.36363636363636365,0.0,0.18181818181818182,82.32600505484812
60,atr,1.5,2.0,5,1.0,tick,none,11,4,7,0.45454545454545453,435.39309420900827,0.0,435.39309420900827,0.0,1.2291371707561969,0.07593220911517329,966.672043573155,2.909090909090909,0.18181818181818182,0.36363636363636365,0.45454545454545453,0.0,0.18181818181818182,39.58119038263712
60,atr,1.5,2.0,5,1.0,tick,exchange,11,4,7,0.36363636363636365,443.39309420900827,900.9778959073876,-457.58480169837935,0.2127116873107115,0.8105479530865214,-0.11369525944999158,1598.0712492110179,2.909090909090909,0.18181818181818182,0.36363636363636365,0.45454545454545453,0.0,0.18181818181818182,-41.598618336216305
60,atr,1.5,2.0,5,1.0,tick,cfd_std,11,4,7,0.45454545454545453,489.39309420900827,270.0,219.39309420900827,0.06374424481973708,1.107802367629736,0.035222182063669887,1007.172043573155,2.909090909090909,0.18181818181818182,0.36363636363636365,0.45454545454545453,0.0,0.18181818181818182,19.944826746273478
60,atr,1.5,2.0,5,1.0,tick,cfd_raw,11,4,7,0.45454545454545453,467.39309420900827,226.0,241.39309420900827,0.05335629381207622,1.1197302221704561,0.03771078947028716,1002.672043573155,2.909090909090909,0.18181818181818182,0.36363636363636365,0.45454545454545453,0.0,0.18181818181818182,21.944826746273478
60,atr,1.5,2.0,5,2.0,off,none,0,0,0,,0.0,0.0,0.0,,,,0.0,,0.0,0.0,0.0,0.0,,
60,atr,1.5,2.0,5,2.0,off,exchange,0,0,0,,0.0,0.0,0.0,,,,0.0,,0.0,0.0,0.0,0.0,,
60,atr,1.5,2.0,5,2.0,off,cfd_std,0,0,0,,0.0,0.0,0.0,,,,0.0,,0.0,0.0,0.0,0.0,,
60,atr,1.5,2.0,5,2.0,off,cfd_raw,0,0,0,,0.0,0.0,0.0,,,,0.0,,0.0,0.0,0.0,0.0,,
60,atr,1.5,2.0,5,2.0,bar,none,0,0,0,,0.0,0.0,0.0,,,,0.0,,0.0,0.0,0.0,0.0,,
60,atr,1.5,2.0,5,2.0,bar,exchange,0,0,0,,0.0,0.0,0.0,,,,0.0,,0.0,0.0,0.0,0.0,,
60,atr,1.5,2.0,5,2.0,bar,cfd_std,0,0,0,,0.0,0.0,0.0,,,,0.0,,0.0,0.0,0.0,0.0,,
60,atr,1.5,2.0,5,2.0,bar,cfd_raw,0,0,0,,0.0,0.0,0.0,,,,0.0,,0.0,0.0,0.0,0.0,,
60,atr,1.5,2.0,5,2.0,tick,none,0,0,0,,0.0,0.0,0.0,,,,0.0,,0.0,0.0,0.0,0.0,,
60,atr,1.5,2.0,5,2.0,tick,exchange,0,0,0,,0.0,0.0,0.0,,,,0.0,,0.0,0.0,0.0,0.0,,
60,atr,1.5,2.0,5,2.0,tick,cfd_std,0,0,0,,0.0,0.0,0.0,,,,0.0,,0.0,0.0,0.0,0.0,,
60,atr,1.5,2.0,5,2.0,tick,cfd_raw,0,0,0,,0.0,0.0,0.0,,,,0.0,,0.0,0.0,0.0,0.0,,
60,atr,1.5,2.0,8,0.5,off,none,20,6,14,0.25,-3037.411529107252,0.0,-3037.411529107252,0.0,0.6087720391335237,-0.250000000000001,5651.168477220883,7.05,0.25,0.75,0.0,0.0,0.15,-151.8705764553626
60,atr,1.5,2.0,8,0.5,off,exchange,20,6,14,0.25,-3003.411529107252,1641.364934740188,-4644.77646384744,0.13160222089071247,0.48210989267663673,-0.42460073883599403,7089.625678405035,7.05,0.25,0.75,0.0,0.0,0.15,-232.238823192372
60,atr,1.5,2.0,8,0.5,off,cfd_std,20,6,14,0.25,-2807.911529107252,472.5,-3280.411529107252,0.03820136665494005,0.5896043130985478,-0.2749363569603286,5880.668477220883,7.05,0.25,0.75,0.0,0.0,0.15,-164.0205764553626
60,atr,1.5,2.0,8,0.5,off,cfd_raw,20,6,14,0.25,-2901.411529107252,400.0,-3301.411529107252,0.032210871842038365,0.586796180926334,-0.27785737318988124,5895.168477220883,7.05,0.25,0.75,0.0,0.0,0.15,-165.0705764553626
60,atr,1.5,2.0,8,0.5,bar,none,24,8,16,0.2916666666666667,-1850.263788192242,0.0,-1850.263788192242,0.0,0.7449221687694482,-0.16039710419505726,5304.1369978503935,4.791666666666667,0.20833333333333334,0.5416666666666666,0.25,0.0,0.16666666666666666,-77.09432450801008
60,atr,1.5,2.0,8,0.5,bar,exchange,24,8,16,0.25,-1822.263788192242,1965.4815322800607,-3787.745320472303,0.15543324513856532,0.563062854891789,-0.32977632589842293,6909.663038443643,4.791666666666667,0.20833333333333334,0.5416666666666666,0.25,0.0,0.16666666666666666,-157.82272168634594
60,atr,1.5,2.0,8,0.5,bar,cfd_std,24,8,16,0.2916666666666667,-1951.5722074518853,580.5,-2532.0722074518853,0.0451172015143842,0.6781822220914512,-0.21609682406600536,5945.445417110037,4.875,0.20833333333333334,0.5833333333333334,0.20833333333333334,0.0,0.16666666666666666,-105.50300864382855
60,atr,1.5,2.0,8,0.5,bar,cfd_raw,24,8,16,0.2916666666666667,-2034.0722074518853,488.0,-2522.0722074518853,0.037814831203571396,0.6784519302725445,-0.21596167323845575,5927.945417110037,4.875,0.20833333333333334,0.5833333333333334,0.20833333333333334,0.0,0.16666666666666666,-105.0863419771619
60,atr,1.5,2.0,8,0.5,tick,none,25,8,17,0.36,-1379.1174251712655,0.0,-1379.1174251712655,0.0,0.8031317783131604,-0.14175924845437918,4832.990634829417,3.76,0.16,0.52,0.32,0.0,0.16,-55.164697006850616
60,atr,1.5,2.0,8,0.5,tick,exchange,25,8,17,0.32,-1353.1174251712655,2046.2507331618006,-3399.3681583330667,0.1621762926141051,0.5907351653287595,-0.3098216406002559,6521.285876304406,3.76,0.16,0.52,0.32,0.0,0.16,-135.97472633332268
60,atr,1.5,2.0,8,0.5,tick,cfd_std,25,8,17,0.36,-1203.6174251712655,621.0,-1824.6174251712655,0.049533591655326094,0.750130520075179,-0.17730522937138155,5237.990634829417,3.76,0.16,0.52,0.32,0.0,0.16,-72.98469700685062
60,atr,1.5,2.0,8,0.5,tick,cfd_raw,25,8,17,0.36,-1275.1174251712655,518.0,-1793.1174251712655,0.041191379603613895,0.7536006704321581,-0.17532645159685484,5198.990634829417,3.76,0.16,0.52,0.32,0.0,0.16,-71.72469700685062
60,atr,1.5,2.0,8,1.0,off,none,11,2,9,0.36363636363636365,3.369546305431868,0.0,3.369546305431868,0.0,1.0009571034718574,0.09090909090909212,1475.3711178652738,10.0,0.36363636363636365,0.6363636363636364,0.0,0.0,0.09090909090909091,0.3063223914028971
60,atr,1.5,2.0,8,1.0,off,exchange,11,2,9,0.36363636363636365,23.369546305431868,896.7817005591152,-873.4121542536836,0.12737467605042824,0.7858951361248058,-0.09655535555325706,2200.339309727351,10.0,0.36363636363636365,0.6363636363636364,0.0,0.0,0.09090909090909091,-79.40110493215306
60,atr,1.5,2.0,8,1.0,off,cfd_std,11,2,9,0.36363636363636365,138.36954630543187,243.0,-104.63045369456813,0.03462770504044273,0.9711647954783607,0.06957001822460951,1556.3711178652738,10.0,0.36363636363636365,0.6363636363636364,0.0,0.0,0.09090909090909091,-9.511859426778921
60,atr,1.5,2.0,8,1.0,off,cfd_raw,11,2,9,0.36363636363636365,83.36954630543187,210.0,-126.63045369456813,0.029878342616072837,0.9650825490512092,0.06409320519543008,1565.3711178652738,10.0,0.36363636363636365,0.6363636363636364,0.0,0.0,0.09090909090909091,-11.511859426778921
60,atr,1.5,2.0,8,1.0,bar,none,11,2,9,0.45454545454545453,1203.1501058647555,0.0,1203.1501058647555,0.0,1.7333547507043134,0.2076731813699995,1051.603616607652,5.545454545454546,0.2727272727272727,0.2727272727272727,0.45454545454545453,0.0,0.09090909090909091,109.3772823513414
60,atr,1.5,2.0,8,1.0,bar,exchange,11,2,9,0.36363636363636365,1213.1501058647555,898.6841024198603,314.466003444895,0.2003141854615946,1.1449916273141323,0.01808998270277251,1497.9277685917332,5.545454545454546,0.2727272727272727,0.2727272727272727,0.45454545454545453,0.0,0.09090909090909091,28.587818494990458
60,atr,1.5,2.0,8,1.0,bar,cfd_std,11,2,9,0.45454545454545453,980.341686605112,256.5,723.841686605112,0.05356940163978135,1.3503726077611684,0.12125780647669225,1173.103616607652,5.7272727272727275,0.2727272727272727,0.36363636363636365,0.36363636363636365,0.0,0.09090909090909091,65.80378969137382
60,atr,1.5,2.0,8,1.0,bar,cfd_raw,11,2,9,0.45454545454545453,947.341686605112,218.0,729.341686605112,0.0455287702045705,1.3553569830364418,0.12061378797687095,1153.603616607652,5.7272727272727275,0.2727272727272727,0.36363636363636365,0.36363636363636365,0.0,0.09090909090909091,66.30378969137382
60,atr,1.5,2.0,8,1.0,tick,none,11,2,9,0.5454545454545454,1748.0535335500026,0.0,1748.0535335500026,0.0,2.4001682777938336,0.23391535602436084,661.8870578030328,3.909090909090909,0.18181818181818182,0.2727272727272727,0.5454545454545454,0.0,0.09090909090909091,158.91395759545478
60,atr,1.5,2.0,8,1.0,tick,exchange,11,2,9,0.5454545454545454,1756.0535335500026,900.108694769268,855.9448387807345,0.21204110122605466,1.5178337665786021,0.04357200244049078,989.4418313319329,3.909090909090909,0.18181818181818182,0.2727272727272727,0.5454545454545454,0.0,0.09090909090909091,77.81316716188495
60,atr,1.5,2.0,8,1.0,tick,cfd_std,11,2,9,0.5454545454545454,1802.0535335500026,270.0,1532.0535335500026,0.06360464870935435,2.1294501724157495,0.1923372593063812,756.3870578030328,3.909090909090909,0.18181818181818182,0.2727272727272727,0.5454545454545454,0.0,0.09090909090909091,139.27759395909115
60,atr,1.5,2.0,8,1.0,tick,cfd_raw,11,2,9,0.5454545454545454,1780.0535335500026,226.0,1554.0535335500026,0.05323944669745957,2.1576166083388277,0.195105974587145,741.8870578030328,3.909090909090909,0.18181818181818182,0.2727272727272727,0.5454545454545454,0.0,0.09090909090909091,141.27759395909115
60,atr,1.5,2.0,8,2.0,off,none,0,0,0,,0.0,0.0,0.0,,,,0.0,,0.0,0.0,0.0,0.0,,
60,atr,1.5,2.0,8,2.0,off,exchange,0,0,0,,0.0,0.0,0.0,,,,0.0,,0.0,0.0,0.0,0.0,,
60,atr,1.5,2.0,8,2.0,off,cfd_std,0,0,0,,0.0,0.0,0.0,,,,0.0,,0.0,0.0,0.0,0.0,,
60,atr,1.5,2.0,8,2.0,off,cfd_raw,0,0,0,,0.0,0.0,0.0,,,,0.0,,0.0,0.0,0.0,0.0,,
60,atr,1.5,2.0,8,2.0,bar,none,0,0,0,,0.0,0.0,0.0,,,,0.0,,0.0,0.0,0.0,0.0,,
60,atr,1.5,2.0,8,2.0,bar,exchange,0,0,0,,0.0,0.0,0.0,,,,0.0,,0.0,0.0,0.0,0.0,,
60,atr,1.5,2.0,8,2.0,bar,cfd_std,0,0,0,,0.0,0.0,0.0,,,,0.0,,0.0,0.0,0.0,0.0,,
60,atr,1.5,2.0,8,2.0,bar,cfd_raw,0,0,0,,0.0,0.0,0.0,,,,0.0,,0.0,0.0,0.0,0.0,,
60,atr,1.5,2.0,8,2.0,tick,none,0,0,0,,0.0,0.0,0.0,,,,0.0,,0.0,0.0,0.0,0.0,,
60,atr,1.5,2.0,8,2.0,tick,exchange,0,0,0,,0.0,0.0,0.0,,,,0.0,,0.0,0.0,0.0,0.0,,
60,atr,1.5,2.0,8,2.0,tick,cfd_std,0,0,0,,0.0,0.0,0.0,,,,0.0,,0.0,0.0,0.0,0.0,,
60,atr,1.5,2.0,8,2.0,tick,cfd_raw,0,0,0,,0.0,0.0,0.0,,,,0.0,,0.0,0.0,0.0,0.0,,
60,atr,1.5,2.5,3,0.5,off,none,24,12,12,0.3333333333333333,3152.52955101883,0.0,3152.52955101883,0.0,1.365718672736319,0.1666666666666638,2579.712213040417,10.75,0.3333333333333333,0.6666666666666666,0.0,0.0,0.041666666666666664,131.3553979591179
60,atr,1.5,2.5,3,0.5,off,exchange,24,12,12,0.3333333333333333,3198.52955101883,1969.3861257474264,1229.1434252714034,0.09663934972690405,1.123978826497689,0.007923505041704304,2894.7384932218847,10.75,0.3333333333333333,0.6666666666666666,0.0,0.0,0.041666666666666664,51.21430938630848
60,atr,1.5,2.5,3,0.5,off,cfd_std,24,12,12,0.3333333333333333,3463.02955101883,540.0,2923.02955101883,0.026603319598855354,1.3303009558758407,0.14705602473126358,2647.212213040417,10.75,0.3333333333333333,0.6666666666666666,0.0,0.0,0.041666666666666664,121.79289795911791
60,atr,1.5,2.5,3,0.5,off,cfd_raw,24,12,12,0.3333333333333333,3336.52955101883,464.0,2872.52955101883,0.02281587341099281,1.324502808116751,0.14314712083850875,2643.712213040417,10.75,0.3333333333333333,0.6666666666666666,0.0,0.0,0.041666666666666664,119.68873129245124
60,atr,1.5,2.5,3,0.5,bar,none,29,14,15,0.4827586206896552,3722.009874646101,0.0,3722.009874646101,0.0,1.4939526155782485,0.18833795339158216,3200.446384292911,8.448275862068966,0.20689655172413793,0.4482758620689655,0.3448275862068966,0.0,0.034482758620689655,128.34516809124486
60,atr,1.5,2.5,3,0.5,bar,exchange,29,14,15,0.4482758620689655,3758.009874646101,2385.7430010705175,1372.2668735755824,0.1270341951102755,1.155412934176466,0.024842500373911072,4078.911257029409,8.448275862068966,0.20689655172413793,0.4482758620689655,0.3448275862068966,0.0,0.034482758620689655,47.31954736467525
60,atr,1.5,2.5,3,0.5,bar,cfd_std,31,15,16,0.41935483870967744,3373.968687984263,756.0,2617.968687984263,0.039166190163087734,1.3099954314216649,0.07648400491141877,3416.446384292911,7.709677419354839,0.1935483870967742,0.4838709677419355,0.3225806451612903,0.0,0.03225806451612903,84.45060283820203
60,atr,1.5,2.5,3,0.5,bar,cfd_raw,31,15,16,0.41935483870967744,3263.968687984263,634.0,2629.968687984263,0.032771018336261636,1.3118964738082084,0.07824363926340934,3394.446384292911,7.709677419354839,0.1935483870967742,0.4838709677419355,0.3225806451612903,0.0,0.03225806451612903,84.83769961239558
60,atr,1.5,2.5,3,0.5,tick,none,32,16,16,0.5,3185.2897940123657,0.0,3185.2897940123657,0.0,1.5072576222190783,0.15605892507185543,2082.503986830954,5.84375,0.125,0.34375,0.53125,0.0,0.03125,99.54030606288643
60,atr,1.5,2.5,3,0.5,tick,exchange,32,16,16,0.4375,3213.2897940123657,2639.64782686331,573.641967149056,0.16778680332890092,1.0750384418303793,-0.01201290788472803,3456.7610742367688,5.84375,0.125,0.34375,0.53125,0.0,0.03125,17.926311473408
60,atr,1.5,2.5,3,0.5,tick,cfd_std,33,16,17,0.45454545454545453,2675.1002299681422,837.0,1838.1002299681422,0.0518683849074212,1.2546921582770536,0.03947719272984707,3087.520548958899,5.636363636363637,0.12121212121212122,0.3939393939393939,0.48484848484848486,0.0,0.030303030303030304,55.700006968731586
60,atr,1.5,2.5,3,0.5,tick,cfd_raw,33,16,17,0.45454545454545453,2587.1002299681422,694.0,1893.1002299681422,0.04288981553819451,1.2631883417897447,0.043392795796331984,3042.020548958899,5.636363636363637,0.12121212121212122,0.3939393939393939,0.48484848484848486,0.0,0.030303030303030304,57.36667363539825
60,atr,1.5,2.5,3,1.0,off,none,16,8,8,0.375,3905.2855082331807,0.0,3905.2855082331807,0.0,1.8271684763626328,0.3124999999999999,2534.7959982623433,7.9375,0.375,0.625,0.0,0.0,0.1875,244.0803442645738
60,atr,1.5,2.5,3,1.0,off,exchange,16,8,8,0.375,3931.2855082331807,1306.86881241427,2624.4166958189103,0.09795277714894557,1.4749541548503617,0.14001016857047532,3253.9088885347883,7.9375,0.375,0.625,0.0,0.0,0.1875,164.0260434886819
60,atr,1.5,2.5,3,1.0,off,cfd_std,17,8,9,0.35294117647058826,3799.518510149457,378.0,3421.518510149457,0.027817451554029687,1.6590569756282565,0.209321636263595,2978.062996346067,7.0588235294117645,0.35294117647058826,0.6470588235294118,0.0,0.0,0.17647058823529413,201.26579471467394
60,atr,1.5,2.5,3,1.0,off,cfd_raw,17,8,9,0.35294117647058826,3722.518510149457,326.0,3396.518510149457,0.02395193388329194,1.6549352951120426,0.20653028135087453,2977.562996346067,7.0588235294117645,0.35294117647058826,0.6470588235294118,0.0,0.0,0.17647058823529413,199.79520647937983
60,atr,1.5,2.5,3,1.0,bar,none,16,8,8,0.5625,5092.488497878716,0.0,5092.488497878716,0.0,2.689348563670628,0.47467059053243543,2365.455541226518,6.6875,0.3125,0.375,0.3125,0.0,0.1875,318.28053111741974
60,atr,1.5,2.5,3,1.0,bar,exchange,16,8,8,0.5,5108.488497878716,1308.77619731025,3799.7123005684657,0.11768060960107725,2.0387098783103164,0.30036603004239903,3092.295756392996,6.6875,0.3125,0.375,0.3125,0.0,0.1875,237.4820187855291
60,atr,1.5,2.5,3,1.0,bar,cfd_std,17,8,9,0.47058823529411764,4919.221499794992,391.5,4527.721499794992,0.03433399446219767,2.3011727366986747,0.3500430242624136,2862.7225393102417,5.882352941176471,0.29411764705882354,0.4117647058823529,0.29411764705882354,0.0,0.17647058823529413,266.3365588114701
60,atr,1.5,2.5,3,1.0,bar,cfd_raw,17,8,9,0.47058823529411764,4869.721499794992,334.0,4535.721499794992,0.029277204423535163,2.310060239734025,0.35210379217742643,2840.2225393102417,5.882352941176471,0.29411764705882354,0.4117647058823529,0.29411764705882354,0.0,0.17647058823529413,266.80714704676427
60,atr,1.5,2.5,3,1.0,tick,none,17,9,8,0.5294117647058824,3374.7489203413134,0.0,3374.7489203413134,0.0,2.397853593386438,0.34906269749183205,1458.1231887717731,4.294117647058823,0.17647058823529413,0.23529411764705882,0.5882352941176471,0.0,0.17647058823529413,198.51464237301843
60,atr,1.5,2.5,3,1.0,tick,exchange,17,9,8,0.4117647058823529,3382.7489203413134,1394.7737235665336,1987.9751967747795,0.17002755710730988,1.6349884555009093,0.1740797870768893,2187.2956551217794,4.294117647058823,0.17647058823529413,0.23529411764705882,0.5882352941176471,0.0,0.17647058823529413,116.93971745733997
60,atr,1.5,2.5,3,1.0,tick,cfd_std,18,9,9,0.4444444444444444,2729.55935629709,445.5,2284.05935629709,0.05134224457608365,1.7041409862908217,0.15343502503187062,2314.639750899718,4.0,0.16666666666666666,0.3333333333333333,0.5,0.0,0.16666666666666666,126.89218646094943
60,atr,1.5,2.5,3,1.0,tick,cfd_raw,18,9,9,0.4444444444444444,2696.55935629709,372.0,2324.55935629709,0.042817358585949,1.7228662894327011,0.15867743442543483,2281.639750899718,4.0,0.16666666666666666,0.3333333333333333,0.5,0.0,0.16666666666666666,129.14218646094943
60,atr,1.5,2.5,3,2.0,off,none,1,0,1,0.0,-748.9832357083942,0.0,-748.9832357083942,0.0,0.0,-1.000000000000002,748.9832357083942,24.0,0.0,1.0,0.0,0.0,0.0,-748.9832357083942
60,atr,1.5,2.5,3,2.0,off,exchange,1,0,1,0.0,-746.9832357083942,79.9690316178542,-826.9522673262484,0.1070559924173082,0.0,-1.1040998354844513,826.9522673262545,24.0,0.0,1.0,0.0,0.0,0.0,-826.9522673262484
60,atr,1.5,2.5,3,2.0,off,cfd_std,1,0,1,0.0,-735.4832357083942,27.0,-762.4832357083942,0.03671055802379296,0.0,-1.018024435469818,762.4832357083942,24.0,0.0,1.0,0.0,0.0,0.0,-762.4832357083942
60,atr,1.5,2.5,3,2.0,off,cfd_raw,1,0,1,0.0,-740.9832357083942,22.0,-762.9832357083942,0.029690280346177572,0.0,-1.0186920071538854,762.9832357083942,24.0,0.0,1.0,0.0,0.0,0.0,-762.9832357083942
60,atr,1.5,2.5,3,2.0,bar,none,1,0,1,0.0,-748.9832357083942,0.0,-748.9832357083942,0.0,0.0,-1.000000000000002,748.9832357083942,24.0,0.0,1.0,0.0,0.0,0.0,-748.9832357083942
60,atr,1.5,2.5,3,2.0,bar,exchange,1,0,1,0.0,-746.9832357083942,79.9690316178542,-826.9522673262484,0.1070559924173082,0.0,-1.1040998354844513,826.9522673262545,24.0,0.0,1.0,0.0,0.0,0.0,-826.9522673262484
60,atr,1.5,2.5,3,2.0,bar,cfd_std,1,0,1,0.0,-735.4832357083942,27.0,-762.4832357083942,0.03671055802379296,0.0,-1.018024435469818,762.4832357083942,24.0,0.0,1.0,0.0,0.0,0.0,-762.4832357083942
60,atr,1.5,2.5,3,2.0,bar,cfd_raw,1,0,1,0.0,-740.9832357083942,22.0,-762.9832357083942,0.029690280346177572,0.0,-1.0186920071538854,762.9832357083942,24.0,0.0,1.0,0.0,0.0,0.0,-762.9832357083942
60,atr,1.5,2.5,3,2.0,tick,none,1,0,1,0.0,-748.9832357083942,0.0,-748.9832357083942,0.0,0.0,-1.000000000000002,748.9832357083942,24.0,0.0,1.0,0.0,0.0,0.0,-748.9832357083942
60,atr,1.5,2.5,3,2.0,tick,exchange,1,0,1,0.0,-746.9832357083942,79.9690316178542,-826.9522673262484,0.1070559924173082,0.0,-1.1040998354844513,826.9522673262545,24.0,0.0,1.0,0.0,0.0,0.0,-826.9522673262484
60,atr,1.5,2.5,3,2.0,tick,cfd_std,1,0,1,0.0,-735.4832357083942,27.0,-762.4832357083942,0.03671055802379296,0.0,-1.018024435469818,762.4832357083942,24.0,0.0,1.0,0.0,0.0,0.0,-762.4832357083942
60,atr,1.5,2.5,3,2.0,tick,cfd_raw,1,0,1,0.0,-740.9832357083942,22.0,-762.9832357083942,0.029690280346177572,0.0,-1.0186920071538854,762.9832357083942,24.0,0.0,1.0,0.0,0.0,0.0,-762.9832357083942
60,atr,1.5,2.5,5,0.5,off,none,19,8,11,0.2631578947368421,29.358152947519557,0.0,29.358152947519557,0.0,1.0043219773104122,-0.07894736842105139,4112.953638872801,6.368421052631579,0.2631578947368421,0.7368421052631579,0.0,0.0,0.10526315789473684,1.5451659446062924
60,atr,1.5,2.5,5,0.5,off,exchange,19,8,11,0.2631578947368421,63.35815294751956,1549.457620705522,-1486.0994677580022,0.1139233577521507,0.8122293159117655,-0.2528379867328558,4985.385472042966,6.368421052631579,0.2631578947368421,0.7368421052631579,0.0,0.0,0.10526315789473684,-78.21576146094749
60,atr,1.5,2.5,5,0.5,off,cfd_std,19,8,11,0.2631578947368421,258.85815294751956,445.5,-186.64184705248044,0.032950263674721064,0.9733702028313324,-0.1039763077102912,4274.953638872801,6.368421052631579,0.2631578947368421,0.7368421052631579,0.0,0.0,0.10526315789473684,-9.823255108025286
60,atr,1.5,2.5,5,0.5,off,cfd_raw,19,8,11,0.2631578947368421,165.35815294751956,378.0,-212.64184705248044,0.027878414201440844,0.9696432342257826,-0.10684858941218364,4274.953638872801,6.368421052631579,0.2631578947368421,0.7368421052631579,0.0,0.0,0.10526315789473684,-11.191676160656865
60,atr,1.5,2.5,5,0.5,bar,none,21,8,13,0.3333333333333333,-259.6040258318244,0.0,-259.6040258318244,0.0,0.9540540989414015,-0.11579540039072278,4373.2798100146465,5.0,0.14285714285714285,0.5238095238095238,0.3333333333333333,0.0,0.09523809523809523,-12.362096468182115
60,atr,1.5,2.5,5,0.5,bar,exchange,21,8,13,0.2857142857142857,-235.6040258318244,1717.75985905799,-1953.3638848898147,0.1557519517575208,0.713594403873556,-0.29586303141145875,5664.620014971719,5.0,0.14285714285714285,0.5238095238095238,0.3333333333333333,0.0,0.09523809523809523,-93.01732785189594
60,atr,1.5,2.5,5,0.5,bar,cfd_std,21,8,13,0.3333333333333333,-97.6040258318244,526.5,-624.1040258318244,0.04803912086830862,0.8943398368029797,-0.1561295915331529,4697.2798100146465,5.0,0.14285714285714285,0.5238095238095238,0.3333333333333333,0.0,0.09523809523809523,-29.71923932532497
60,atr,1.5,2.5,5,0.5,bar,cfd_raw,21,8,13,0.3333333333333333,-163.6040258318244,438.0,-601.6040258318244,0.03984419808574301,0.897794345550008,-0.15307126891406664,4661.2798100146465,5.0,0.14285714285714285,0.5238095238095238,0.3333333333333333,0.0,0.09523809523809523,-28.6478107538964
60,atr,1.5,2.5,5,0.5,tick,none,21,8,13,0.42857142857142855,-544.8849437499011,0.0,-544.8849437499011,0.0,0.8899905368024361,-0.11567574982058228,3878.6437777881656,3.761904761904762,0.09523809523809523,0.47619047619047616,0.42857142857142855,0.0,0.09523809523809523,-25.946902083328627
60,atr,1.5,2.5,5,0.5,tick,exchange,21,8,13,0.3333333333333333,-524.8849437499011,1720.6036801795794,-2245.488623929482,0.1840363136544075,0.6230651579937712,-0.2963045487850287,5333.98202855073,3.761904761904762,0.09523809523809523,0.47619047619047616,0.42857142857142855,0.0,0.09523809523809523,-106.92802971092772
60,atr,1.5,2.5,5,0.5,tick,cfd_std,21,8,13,0.42857142857142855,-409.88494374990114,540.0,-949.8849437499011,0.05818801351210635,0.8162369009188848,-0.15946212643247765,4256.643777788166,3.761904761904762,0.09523809523809523,0.47619047619047616,0.42857142857142855,0.0,0.09523809523809523,-45.23261636904291
60,atr,1.5,2.5,5,0.5,tick,cfd_raw,21,8,13,0.42857142857142855,-464.88494374990114,446.0,-910.8849437499011,0.04788869987406095,0.8232346259177645,-0.15499735788138702,4210.643777788166,3.761904761904762,0.09523809523809523,0.47619047619047616,0.42857142857142855,0.0,0.09523809523809523,-43.375473511900054
60,atr,1.5,2.5,5,1.0,off,none,11,4,7,0.2727272727272727,524.4580170109111,0.0,524.4580170109111,0.0,1.1464794010975954,-0.045454545454544124,2803.8291173236066,7.0,0.2727272727272727,0.7272727272727273,0.0,0.0,0.18181818181818182,47.67800154644647
60,atr,1.5,2.5,5,1.0,off,exchange,11,4,7,0.2727272727272727,542.4580170109111,897.7729883544046,-355.31497134349297,0.11690816057589164,0.9158382497898266,-0.2332686946152834,3283.2502304714,7.0,0.2727272727272727,0.7272727272727273,0.0,0.0,0.18181818181818182,-32.301361031226634
60,atr,1.5,2.5,5,1.0,off,cfd_std,11,4,7,0.2727272727272727,645.9580170109111,256.5,389.45801701091114,0.033552212838574895,1.1048220242814273,-0.07471497099340407,2911.8291173236066,7.0,0.2727272727272727,0.7272727272727273,0.0,0.0,0.18181818181818182,35.40527427371919
60,atr,1.5,2.5,5,1.0,off,cfd_raw,11,4,7,0.2727272727272727,596.4580170109111,218.0,378.45801701091114,0.02845469610712909,1.1020536643601562,-0.0768910160549007,2903.8291173236066,7.0,0.2727272727272727,0.7272727272727273,0.0,0.0,0.18181818181818182,34.40527427371919
60,atr,1.5,2.5,5,1.0,bar,none,11,4,7,0.45454545454545453,1370.80158927296,0.0,1370.80158927296,0.0,1.6656613952219834,0.14143386045127432,1526.1009756738786,4.909090909090909,0.18181818181818182,0.36363636363636365,0.45454545454545453,0.0,0.18181818181818182,124.61832629754181
60,atr,1.5,2.5,5,1.0,bar,exchange,11,4,7,0.36363636363636365,1378.80158927296,900.5279344050637,478.27365486789597,0.16404801449355413,1.1848649953272525,-0.049195469764018854,2176.971892587637,4.909090909090909,0.18181818181818182,0.36363636363636365,0.45454545454545453,0.0,0.18181818181818182,43.479423169808726
60,atr,1.5,2.5,5,1.0,bar,cfd_std,11,4,7,0.45454545454545453,1424.80158927296,270.0,1154.80158927296,0.049185552408789954,1.5262715100652289,0.09389726252010472,1715.1009756738786,4.909090909090909,0.18181818181818182,0.36363636363636365,0.45454545454545453,0.0,0.18181818181818182,104.98196266117817
60,atr,1.5,2.5,5,1.0,bar,cfd_raw,11,4,7,0.45454545454545453,1402.80158927296,226.0,1176.80158927296,0.04117012905328344,1.540981686350143,0.0991670654702897,1686.1009756738786,4.909090909090909,0.18181818181818182,0.36363636363636365,0.45454545454545453,0.0,0.18181818181818182,106.98196266117817
60,atr,1.5,2.5,5,1.0,tick,none,11,4,7,0.45454545454545453,545.1030182717805,0.0,545.1030182717805,0.0,1.2868749298938122,0.04258683472608842,983.0757555059245,3.1818181818181817,0.09090909090909091,0.36363636363636365,0.5454545454545454,0.0,0.18181818181818182,49.55481984288913
60,atr,1.5,2.5,5,1.0,tick,exchange,11,4,7,0.36363636363636365,551.1030182717805,903.2306767001119,-352.1276584283314,0.20795540342012847,0.8542099619207395,-0.1487123358689799,1798.0970428191504,3.1818181818181817,0.09090909090909091,0.36363636363636365,0.5454545454545454,0.0,0.18181818181818182,-32.01160531166649
60,atr,1.5,2.5,5,1.0,tick,cfd_std,11,4,7,0.45454545454545453,585.6030182717805,283.5,302.10301827178046,0.06544492907591101,1.1484432349851517,-0.008982392606741023,1226.0757555059245,3.1818181818181817,0.09090909090909091,0.36363636363636365,0.5454545454545454,0.0,0.18181818181818182,27.46391075198004
60,atr,1.5,2.5,5,1.0,tick,cfd_raw,11,4,7,0.45454545454545453,569.1030182717805,234.0,335.10301827178046,0.05394953941083198,1.1662100523593746,-0.0020696665669909142,1187.0757555059245,3.1818181818181817,0.09090909090909091,0.36363636363636365,0.5454545454545454,0.0,0.18181818181818182,30.46391075198004
60,atr,1.5,2.5,5,2.0,off,none,0,0,0,,0.0,0.0,0.0,,,,0.0,,0.0,0.0,0.0,0.0,,
60,atr,1.5,2.5,5,2.0,off,exchange,0,0,0,,0.0,0.0,0.0,,,,0.0,,0.0,0.0,0.0,0.0,,
60,atr,1.5,2.5,5,2.0,off,cfd_std,0,0,0,,0.0,0.0,0.0,,,,0.0,,0.0,0.0,0.0,0.0,,
60,atr,1.5,2.5,5,2.0,off,cfd_raw,0,0,0,,0.0,0.0,0.0,,,,0.0,,0.0,0.0,0.0,0.0,,
60,atr,1.5,2.5,5,2.0,bar,none,0,0,0,,0.0,0.0,0.0,,,,0.0,,0.0,0.0,0.0,0.0,,
60,atr,1.5,2.5,5,2.0,bar,exchange,0,0,0,,0.0,0.0,0.0,,,,0.0,,0.0,0.0,0.0,0.0,,
60,atr,1.5,2.5,5,2.0,bar,cfd_std,0,0,0,,0.0,0.0,0.0,,,,0.0,,0.0,0.0,0.0,0.0,,
60,atr,1.5,2.5,5,2.0,bar,cfd_raw,0,0,0,,0.0,0.0,0.0,,,,0.0,,0.0,0.0,0.0,0.0,,
60,atr,1.5,2.5,5,2.0,tick,none,0,0,0,,0.0,0.0,0.0,,,,0.0,,0.0,0.0,0.0,0.0,,
60,atr,1.5,2.5,5,2.0,tick,exchange,0,0,0,,0.0,0.0,0.0,,,,0.0,,0.0,0.0,0.0,0.0,,
60,atr,1.5,2.5,5,2.0,tick,cfd_std,0,0,0,,0.0,0.0,0.0,,,,0.0,,0.0,0.0,0.0,0.0,,
60,atr,1.5,2.5,5,2.0,tick,cfd_raw,0,0,0,,0.0,0.0,0.0,,,,0.0,,0.0,0.0,0.0,0.0,,
60,atr,1.5,2.5,8,0.5,off,none,19,6,13,0.21052631578947367,-3188.21924549283,0.0,-3188.21924549283,0.0,0.5842953529820643,-0.3274259670534377,5593.741783116551,8.105263157894736,0.15789473684210525,0.7894736842105263,0.0,0.05263157894736842,0.15789473684210525,-167.80101292067525
60,atr,1.5,2.5,8,0.5,off,exchange,19,6,13,0.21052631578947367,-3158.21924549283,1564.9008029308093,-4723.120048423639,0.12902516198102762,0.46777246364621955,-0.4990800104485159,6955.328124778549,8.105263157894736,0.15789473684210525,0.7894736842105263,0.0,0.05263157894736842,0.15789473684210525,-248.5852657065073
60,atr,1.5,2.5,8,0.5,off,cfd_std,19,6,13,0.21052631578947367,-2985.71924549283,472.5,-3458.21924549283,0.0393679523706799,0.5621916375607027,-0.3566143204503519,5823.241783116551,8.105263157894736,0.15789473684210525,0.7894736842105263,0.0,0.05263157894736842,0.15789473684210525,-182.01153923646473
60,atr,1.5,2.5,8,0.5,off,cfd_raw,19,6,13,0.21052631578947367,-3068.21924549283,394.0,-3462.21924549283,0.0326628110490429,0.5614909377066994,-0.35750583475218284,5831.741783116551,8.105263157894736,0.15789473684210525,0.7894736842105263,0.0,0.05263157894736842,0.15789473684210525,-182.2220655522542
60,atr,1.5,2.5,8,0.5,bar,none,24,8,16,0.2916666666666667,-2754.85697946696,0.0,-2754.85697946696,0.0,0.6202147238911588,-0.28103055905020646,6339.809577351247,5.458333333333333,0.08333333333333333,0.5416666666666666,0.3333333333333333,0.041666666666666664,0.16666666666666666,-114.78570747779001
60,atr,1.5,2.5,8,0.5,bar,exchange,24,8,16,0.25,-2732.85697946696,1971.8628364331307,-4704.719815900091,0.16803852451801596,0.4572848301645877,-0.4518210568897678,7953.140537485437,5.458333333333333,0.08333333333333333,0.5416666666666666,0.3333333333333333,0.041666666666666664,0.16666666666666666,-196.02999232917045
60,atr,1.5,2.5,8,0.5,bar,cfd_std,24,8,16,0.2916666666666667,-2896.6653987266036,621.0,-3517.6653987266036,0.052091213428647566,0.5529166748434854,-0.3460572156048478,7035.11799661089,5.541666666666667,0.08333333333333333,0.5833333333333334,0.2916666666666667,0.041666666666666664,0.16666666666666666,-146.56939161360847
60,atr,1.5,2.5,8,0.5,bar,cfd_raw,24,8,16,0.2916666666666667,-2962.6653987266036,512.0,-3474.6653987266036,0.04275075626919412,0.5570023932668734,-0.34212220168394175,6995.61799661089,5.541666666666667,0.08333333333333333,0.5833333333333334,0.2916666666666667,0.041666666666666664,0.16666666666666666,-144.77772494694182
60,atr,1.5,2.5,8,0.5,tick,none,25,8,17,0.36,-1443.9638676379109,0.0,-1443.9638676379109,0.0,0.7938749858326064,-0.1652749481461887,5028.9164655221975,4.16,0.08,0.52,0.36,0.04,0.16,-57.75855470551644
60,atr,1.5,2.5,8,0.5,tick,exchange,25,8,17,0.32,-1421.9638676379109,2050.9270806892746,-3472.8909483271864,0.1634387129607232,0.5818834343334714,-0.33432416332777914,6721.3116699125385,4.16,0.08,0.52,0.36,0.04,0.16,-138.91563793308745
60,atr,1.5,2.5,8,0.5,tick,cfd_std,25,8,17,0.36,-1295.4638676379109,648.0,-1943.4638676379109,0.052068684458401106,0.7338552733520098,-0.20712946479992947,5460.9164655221975,4.16,0.08,0.52,0.36,0.04,0.16,-77.73855470551644
60,atr,1.5,2.5,8,0.5,tick,cfd_raw,25,8,17,0.36,-1355.9638676379109,534.0,-1889.9638676379109,0.04273846202755473,0.7402926192360504,-0.20258054283636118,5410.9164655221975,4.16,0.08,0.52,0.36,0.04,0.16,-75.59855470551643
60,atr,1.5,2.5,8,1.0,off,none,11,2,9,0.2727272727272727,-768.4381456140691,0.0,-768.4381456140691,0.0,0.7948972068807089,-0.15646303400139103,1949.338458136539,11.363636363636363,0.18181818181818182,0.7272727272727273,0.0,0.09090909090909091,0.09090909090909091,-69.85801323764264
60,atr,1.5,2.5,8,1.0,off,exchange,11,2,9,0.2727272727272727,-750.4381456140691,901.3747382299787,-1651.812883844048,0.1342377779587337,0.6232660095605098,-0.345416981822722,2503.472036522784,11.363636363636363,0.18181818181818182,0.7272727272727273,0.0,0.09090909090909091,0.09090909090909091,-150.16480762218617
60,atr,1.5,2.5,8,1.0,off,cfd_std,11,2,9,0.2727272727272727,-646.9381456140691,270.0,-916.9381456140691,0.04055721370660457,0.7629487031247634,-0.18671008776507067,2043.838458136539,11.363636363636363,0.18181818181818182,0.7272727272727273,0.0,0.09090909090909091,0.09090909090909091,-83.35801323764264
60,atr,1.5,2.5,8,1.0,off,cfd_raw,11,2,9,0.2727272727272727,-696.4381456140691,226.0,-922.4381456140691,0.03380823401467884,0.761434303706438,-0.18855772331754023,2047.338458136539,11.363636363636363,0.18181818181818182,0.7272727272727273,0.0,0.09090909090909091,0.09090909090909091,-83.85801323764264
60,atr,1.5,2.5,8,1.0,bar,none,11,2,9,0.45454545454545453,-341.36739165075414,0.0,-341.36739165075414,0.0,0.7919267120683267,-0.14643617467760012,1366.649188361247,6.545454545454546,0.0,0.2727272727272727,0.6363636363636364,0.09090909090909091,0.09090909090909091,-31.033399240977648
60,atr,1.5,2.5,8,1.0,bar,exchange,11,2,9,0.36363636363636365,-337.36739165075414,904.74544441981,-1242.1128360705643,0.30817099878826637,0.4272959256748334,-0.3390530667328903,2098.4463836794166,6.545454545454546,0.0,0.2727272727272727,0.6363636363636364,0.09090909090909091,0.09090909090909091,-112.91934873368767
60,atr,1.5,2.5,8,1.0,bar,cfd_std,11,2,9,0.45454545454545453,-604.6758109103976,297.0,-901.6758109103976,0.0927208318861904,0.5635475117417602,-0.25320122960805624,1872.9576076208905,6.7272727272727275,0.0,0.36363636363636365,0.5454545454545454,0.09090909090909091,0.09090909090909091,-81.9705282645816
60,atr,1.5,2.5,8,1.0,bar,cfd_raw,11,2,9,0.45454545454545453,-621.1758109103976,242.0,-863.1758109103976,0.07516313035318196,0.5794350472095953,-0.2455546377223725,1844.4576076208905,6.7272727272727275,0.0,0.36363636363636365,0.5454545454545454,0.09090909090909091,0.09090909090909091,-78.4705282645816
60,atr,1.5,2.5,8,1.0,tick,none,11,2,9,0.5454545454545454,1043.282784842566,0.0,1043.282784842566,0.0,1.8356560208647552,0.08956149308842885,661.8870578030328,4.363636363636363,0.0,0.2727272727272727,0.6363636363636364,0.09090909090909091,0.09090909090909091,94.84388953114235
60,atr,1.5,2.5,8,1.0,tick,exchange,11,2,9,0.5454545454545454,1047.282784842566,904.4650801436218,142.8177046989441,0.2557730248449444,1.0864025654546998,-0.10297918557660846,1035.7239376676152,4.363636363636363,0.0,0.2727272727272727,0.6363636363636364,0.09090909090909091,0.09090909090909091,12.983427699904011
60,atr,1.5,2.5,8,1.0,tick,cfd_std,11,2,9,0.5454545454545454,1070.282784842566,297.0,773.2827848425659,0.08453826469826604,1.5700743189063386,0.033645815150589134,756.3870578030328,4.363636363636363,0.0,0.2727272727272727,0.6363636363636364,0.09090909090909091,0.09090909090909091,70.2984349856878
60,atr,1.5,2.5,8,1.0,tick,cfd_raw,11,2,9,0.5454545454545454,1059.282784842566,242.0,817.2827848425659,0.06866802768374874,1.6087950672342277,0.04225576722462923,741.8870578030328,4.363636363636363,0.0,0.2727272727272727,0.6363636363636364,0.09090909090909091,0.09090909090909091,74.2984349856878
60,atr,1.5,2.5,8,2.0,off,none,0,0,0,,0.0,0.0,0.0,,,,0.0,,0.0,0.0,0.0,0.0,,
60,atr,1.5,2.5,8,2.0,off,exchange,0,0,0,,0.0,0.0,0.0,,,,0.0,,0.0,0.0,0.0,0.0,,
60,atr,1.5,2.5,8,2.0,off,cfd_std,0,0,0,,0.0,0.0,0.0,,,,0.0,,0.0,0.0,0.0,0.0,,
60,atr,1.5,2.5,8,2.0,off,cfd_raw,0,0,0,,0.0,0.0,0.0,,,,0.0,,0.0,0.0,0.0,0.0,,
60,atr,1.5,2.5,8,2.0,bar,none,0,0,0,,0.0,0.0,0.0,,,,0.0,,0.0,0.0,0.0,0.0,,
60,atr,1.5,2.5,8,2.0,bar,exchange,0,0,0,,0.0,0.0,0.0,,,,0.0,,0.0,0.0,0.0,0.0,,
60,atr,1.5,2.5,8,2.0,bar,cfd_std,0,0,0,,0.0,0.0,0.0,,,,0.0,,0.0,0.0,0.0,0.0,,
60,atr,1.5,2.5,8,2.0,bar,cfd_raw,0,0,0,,0.0,0.0,0.0,,,,0.0,,0.0,0.0,0.0,0.0,,
60,atr,1.5,2.5,8,2.0,tick,none,0,0,0,,0.0,0.0,0.0,,,,0.0,,0.0,0.0,0.0,0.0,,
60,atr,1.5,2.5,8,2.0,tick,exchange,0,0,0,,0.0,0.0,0.0,,,,0.0,,0.0,0.0,0.0,0.0,,
60,atr,1.5,2.5,8,2.0,tick,cfd_std,0,0,0,,0.0,0.0,0.0,,,,0.0,,0.0,0.0,0.0,0.0,,
60,atr,1.5,2.5,8,2.0,tick,cfd_raw,0,0,0,,0.0,0.0,0.0,,,,0.0,,0.0,0.0,0.0,0.0,,
60,atr,1.5,3.0,3,0.5,off,none,20,9,11,0.3,2901.124129133197,0.0,2901.124129133197,0.0,1.3670277405940516,0.19999999999999912,3516.6604686288338,15.2,0.3,0.7,0.0,0.0,0.05,145.05620645665985
60,atr,1.5,3.0,3,0.5,off,exchange,20,9,11,0.3,2939.124129133197,1643.0063643425553,1296.117764790642,0.08788071211521871,1.1434375350698769,0.04740651294344232,4309.106179006136,15.2,0.3,0.7,0.0,0.0,0.05,64.8058882395321
60,atr,1.5,3.0,3,0.5,off,cfd_std,20,9,11,0.3,3157.624129133197,459.0,2698.624129133197,0.024657044225641266,1.3328810208142592,0.18030467422323657,3651.6604686288338,15.3,0.3,0.7,0.0,0.0,0.05,134.93120645665985
60,atr,1.5,3.0,3,0.5,off,cfd_raw,20,9,11,0.3,3053.124129133197,392.0,2661.124129133197,0.021014406188355216,1.3281945908777373,0.1768872837792021,3656.6604686288338,15.3,0.3,0.7,0.0,0.0,0.05,133.05620645665985
60,atr,1.5,3.0,3,0.5,bar,none,28,13,15,0.5,3614.646700533689,0.0,3614.646700533689,0.0,1.5270364507732654,0.1892889116488636,3200.446384292911,8.964285714285714,0.14285714285714285,0.42857142857142855,0.42857142857142855,0.0,0.03571428571428571,129.0945250190603
60,atr,1.5,3.0,3,0.5,bar,exchange,28,13,15,0.4642857142857143,3644.646700533689,2309.842074124097,1334.804626409591,0.13338178763954406,1.1653244700336487,0.023619701005273632,4078.911257029409,8.964285714285714,0.14285714285714285,0.42857142857142855,0.42857142857142855,0.0,0.03571428571428571,47.671593800342535
60,atr,1.5,3.0,3,0.5,bar,cfd_std,30,14,16,0.43333333333333335,3226.105513871851,756.0,2470.105513871851,0.04240505442588044,1.3185191604443374,0.07152139320659975,3416.446384292911,8.166666666666666,0.13333333333333333,0.4666666666666667,0.4,0.0,0.03333333333333333,82.33685046239503
60,atr,1.5,3.0,3,0.5,bar,cfd_raw,30,14,16,0.43333333333333335,3132.605513871851,628.0,2504.605513871851,0.03512782950016264,1.3235311316478389,0.07449962561510866,3394.446384292911,8.166666666666666,0.13333333333333333,0.4666666666666667,0.4,0.0,0.03333333333333333,83.48685046239504
60,atr,1.5,3.0,3,0.5,tick,none,32,16,16,0.5,3394.4038405631145,0.0,3394.4038405631145,0.0,1.5405590487408785,0.1695175743572214,2082.503986830954,5.875,0.09375,0.34375,0.5625,0.0,0.03125,106.07512001759733
60,atr,1.5,3.0,3,0.5,tick,exchange,32,16,16,0.4375,3420.4038405631145,2642.4901279167075,777.9137126464068,0.1657849107278219,1.101759348545543,0.0012238311032317095,3456.7610742367688,5.875,0.09375,0.34375,0.5625,0.0,0.03125,24.309803520200212
60,atr,1.5,3.0,3,0.5,tick,cfd_std,33,16,17,0.45454545454545453,2870.714276518891,850.5,2020.214276518891,0.05207372961430217,1.2799263750038432,0.05133886665523904,3087.520548958899,5.666666666666667,0.09090909090909091,0.3939393939393939,0.5151515151515151,0.0,0.030303030303030304,61.218614439966395
60,atr,1.5,3.0,3,0.5,tick,cfd_raw,33,16,17,0.45454545454545453,2788.214276518891,702.0,2086.214276518891,0.04285161873095502,1.2900360305087166,0.05573893314880761,3042.020548958899,5.666666666666667,0.09090909090909091,0.3939393939393939,0.5151515151515151,0.0,0.030303030303030304,63.218614439966395
60,atr,1.5,3.0,3,1.0,off,none,14,8,6,0.42857142857142855,6364.537125634466,0.0,6364.537125634466,0.0,2.5961905389439046,0.714285714285715,1596.721608239488,14.642857142857142,0.42857142857142855,0.5714285714285714,0.0,0.0,0.21428571428571427,454.6097946881761
60,atr,1.5,3.0,3,1.0,off,exchange,14,8,6,0.42857142857142855,6386.537125634466,1139.997858831322,5246.539266803144,0.07951330918881566,2.1335057297453273,0.5494370308340553,2152.8513151418156,14.642857142857142,0.42857142857142855,0.5714285714285714,0.0,0.0,0.21428571428571427,374.75280477165313
60,atr,1.5,3.0,3,1.0,off,cfd_std,14,8,6,0.42857142857142855,6513.037125634466,297.0,6216.037125634466,0.020731977722385126,2.507894406793231,0.6913667754781507,1704.721608239488,14.785714285714286,0.42857142857142855,0.5714285714285714,0.0,0.0,0.21428571428571427,444.0026518310333
60,atr,1.5,3.0,3,1.0,off,cfd_raw,14,8,6,0.42857142857142855,6452.537125634466,260.0,6192.537125634466,0.018142240817816676,2.5047489137935437,0.6882964980582414,1702.721608239488,14.785714285714286,0.42857142857142855,0.5714285714285714,0.0,0.0,0.21428571428571427,442.32408040246185
60,atr,1.5,3.0,3,1.0,bar,none,16,8,8,0.5625,3922.8941394867434,0.0,3922.8941394867434,0.0,2.3013550413976187,0.37081364539570505,2365.455541226518,7.375,0.1875,0.375,0.4375,0.0,0.1875,245.18088371792146
60,atr,1.5,3.0,3,1.0,bar,exchange,16,8,8,0.5,3934.8941394867434,1314.237812890295,2620.6563265964487,0.13211299240940938,1.7163967686934904,0.19558894105122487,3092.295756392996,7.375,0.1875,0.375,0.4375,0.0,0.1875,163.79102041227804
60,atr,1.5,3.0,3,1.0,bar,cfd_std,17,8,9,0.47058823529411764,3722.62714140302,418.5,3304.12714140302,0.04100489449345932,1.9495372352682023,0.24737763701537124,2862.7225393102417,6.529411764705882,0.17647058823529413,0.4117647058823529,0.4117647058823529,0.0,0.17647058823529413,194.36042008253057
60,atr,1.5,3.0,3,1.0,bar,cfd_raw,17,8,9,0.47058823529411764,3684.12714140302,350.0,3334.12714140302,0.03423786950768899,1.9630016751177475,0.25144190181738263,2840.2225393102417,6.529411764705882,0.17647058823529413,0.4117647058823529,0.4117647058823529,0.0,0.17647058823529413,196.12512596488352
60,atr,1.5,3.0,3,1.0,tick,none,17,9,8,0.5294117647058824,3208.3493231639295,0.0,3208.3493231639295,0.0,2.328929273283556,0.3449848608525221,1458.1231887717731,4.352941176470588,0.11764705882352941,0.23529411764705882,0.6470588235294118,0.0,0.17647058823529413,188.72643077434878
60,atr,1.5,3.0,3,1.0,tick,exchange,17,9,8,0.4117647058823529,3214.3493231639295,1397.4282677980673,1816.9210553658622,0.1739214973180863,1.5803512521613003,0.1695989428189322,2187.295655121794,4.352941176470588,0.11764705882352941,0.23529411764705882,0.6470588235294118,0.0,0.17647058823529413,106.87770913916836
60,atr,1.5,3.0,3,1.0,tick,cfd_std,18,9,9,0.4444444444444444,2549.659759119706,459.0,2090.659759119706,0.05401801322330776,1.6445188128436716,0.1474036494506458,2314.639750899718,4.055555555555555,0.1111111111111111,0.3333333333333333,0.5555555555555556,0.0,0.16666666666666666,116.14776439553923
60,atr,1.5,3.0,3,1.0,tick,cfd_raw,18,9,9,0.4444444444444444,2522.159759119706,380.0,2142.159759119706,0.04463412364839439,1.6661456384205169,0.15353424179386344,2281.639750899718,4.055555555555555,0.1111111111111111,0.3333333333333333,0.5555555555555556,0.0,0.16666666666666666,119.00887550665033
60,atr,1.5,3.0,3,2.0,off,none,1,0,1,0.0,-748.9832357083942,0.0,-748.9832357083942,0.0,0.0,-1.000000000000002,748.9832357083942,24.0,0.0,1.0,0.0,0.0,0.0,-748.9832357083942
60,atr,1.5,3.0,3,2.0,off,exchange,1,0,1,0.0,-746.9832357083942,79.9690316178542,-826.9522673262484,0.1070559924173082,0.0,-1.1040998354844513,826.9522673262545,24.0,0.0,1.0,0.0,0.0,0.0,-826.9522673262484
60,atr,1.5,3.0,3,2.0,off,cfd_std,1,0,1,0.0,-735.4832357083942,27.0,-762.4832357083942,0.03671055802379296,0.0,-1.018024435469818,762.4832357083942,24.0,0.0,1.0,0.0,0.0,0.0,-762.4832357083942
60,atr,1.5,3.0,3,2.0,off,cfd_raw,1,0,1,0.0,-740.9832357083942,22.0,-762.9832357083942,0.029690280346177572,0.0,-1.0186920071538854,762.9832357083942,24.0,0.0,1.0,0.0,0.0,0.0,-762.9832357083942
60,atr,1.5,3.0,3,2.0,bar,none,1,0,1,0.0,-748.9832357083942,0.0,-748.9832357083942,0.0,0.0,-1.000000000000002,748.9832357083942,24.0,0.0,1.0,0.0,0.0,0.0,-748.9832357083942
60,atr,1.5,3.0,3,2.0,bar,exchange,1,0,1,0.0,-746.9832357083942,79.9690316178542,-826.9522673262484,0.1070559924173082,0.0,-1.1040998354844513,826.9522673262545,24.0,0.0,1.0,0.0,0.0,0.0,-826.9522673262484
60,atr,1.5,3.0,3,2.0,bar,cfd_std,1,0,1,0.0,-735.4832357083942,27.0,-762.4832357083942,0.03671055802379296,0.0,-1.018024435469818,762.4832357083942,24.0,0.0,1.0,0.0,0.0,0.0,-762.4832357083942
60,atr,1.5,3.0,3,2.0,bar,cfd_raw,1,0,1,0.0,-740.9832357083942,22.0,-762.9832357083942,0.029690280346177572,0.0,-1.0186920071538854,762.9832357083942,24.0,0.0,1.0,0.0,0.0,0.0,-762.9832357083942
60,atr,1.5,3.0,3,2.0,tick,none,1,0,1,0.0,-748.9832357083942,0.0,-748.9832357083942,0.0,0.0,-1.000000000000002,748.9832357083942,24.0,0.0,1.0,0.0,0.0,0.0,-748.9832357083942
60,atr,1.5,3.0,3,2.0,tick,exchange,1,0,1,0.0,-746.9832357083942,79.9690316178542,-826.9522673262484,0.1070559924173082,0.0,-1.1040998354844513,826.9522673262545,24.0,0.0,1.0,0.0,0.0,0.0,-826.9522673262484
60,atr,1.5,3.0,3,2.0,tick,cfd_std,1,0,1,0.0,-735.4832357083942,27.0,-762.4832357083942,0.03671055802379296,0.0,-1.018024435469818,762.4832357083942,24.0,0.0,1.0,0.0,0.0,0.0,-762.4832357083942
60,atr,1.5,3.0,3,2.0,tick,cfd_raw,1,0,1,0.0,-740.9832357083942,22.0,-762.9832357083942,0.029690280346177572,0.0,-1.0186920071538854,762.9832357083942,24.0,0.0,1.0,0.0,0.0,0.0,-762.9832357083942
60,atr,1.5,3.0,5,0.5,off,none,18,8,10,0.2777777777777778,1861.9179685935524,0.0,1861.9179685935524,0.0,1.2943919129011978,0.11111111111111244,3440.6835526716313,7.888888888888889,0.2777777777777778,0.7222222222222222,0.0,0.0,0.1111111111111111,103.43988714408624
60,atr,1.5,3.0,5,0.5,off,exchange,18,8,10,0.2777777777777778,1893.9179685935524,1467.2100641760742,426.7079044174782,0.10119273049133719,1.0579302773814598,-0.06291089224548212,4232.803024623601,7.888888888888889,0.2777777777777778,0.7222222222222222,0.0,0.0,0.1111111111111111,23.7059946898599
60,atr,1.5,3.0,5,0.5,off,cfd_std,18,8,10,0.2777777777777778,2077.9179685935524,418.5,1659.4179685935524,0.029001748017187082,1.2542341974718771,0.0862937728359254,3589.1835526716313,7.888888888888889,0.2777777777777778,0.7222222222222222,0.0,0.0,0.1111111111111111,92.18988714408624
60,atr,1.5,3.0,5,0.5,off,cfd_raw,18,8,10,0.2777777777777778,1989.9179685935524,356.0,1633.9179685935524,0.024614253366271276,1.2505001253391705,0.08332125687804753,3588.6835526716313,7.888888888888889,0.2777777777777778,0.7222222222222222,0.0,0.0,0.1111111111111111,90.77322047741957
60,atr,1.5,3.0,5,0.5,bar,none,21,8,13,0.3333333333333333,-634.4687690152059,0.0,-634.4687690152059,0.0,0.8877088319700092,-0.14796094586896266,4373.2798100146465,5.428571428571429,0.09523809523809523,0.5238095238095238,0.38095238095238093,0.0,0.09523809523809523,-30.212798524533614
60,atr,1.5,3.0,5,0.5,bar,exchange,21,8,13,0.2857142857142857,-612.4687690152059,1720.5942409830532,-2333.063009998258,0.16152852646996008,0.6579222604922896,-0.3284053729102682,5664.620014971719,5.428571428571429,0.09523809523809523,0.5238095238095238,0.38095238095238093,0.0,0.09523809523809523,-111.09823857134563
60,atr,1.5,3.0,5,0.5,bar,cfd_std,21,8,13,0.3333333333333333,-485.9687690152059,540.0,-1025.968769015206,0.051080963973989896,0.8263045532758603,-0.19040746669797656,4697.2798100146465,5.428571428571429,0.09523809523809523,0.5238095238095238,0.38095238095238093,0.0,0.09523809523809523,-48.85565566739076
60,atr,1.5,3.0,5,0.5,bar,cfd_raw,21,8,13,0.3333333333333333,-546.4687690152059,446.0,-992.4687690152059,0.042036002242642714,0.8313908888523079,-0.18648856531768945,4661.2798100146465,5.428571428571429,0.09523809523809523,0.5238095238095238,0.38095238095238093,0.0,0.09523809523809523,-47.26041757215266
60,atr,1.5,3.0,5,0.5,tick,none,21,8,13,0.42857142857142855,100.06460972166678,0.0,100.06460972166678,0.0,1.0202025292253385,-0.06805670220153537,3878.6437777881656,3.761904761904762,0.09523809523809523,0.47619047619047616,0.42857142857142855,0.0,0.09523809523809523,4.764981415317466
60,atr,1.5,3.0,5,0.5,tick,exchange,21,8,13,0.3333333333333333,120.06460972166678,1720.926154956315,-1600.8615452346494,0.17219229123482252,0.731274303865803,-0.2487093106897913,5333.98202855073,3.761904761904762,0.09523809523809523,0.47619047619047616,0.42857142857142855,0.0,0.09523809523809523,-76.23150215403092
60,atr,1.5,3.0,5,0.5,tick,cfd_std,21,8,13,0.42857142857142855,235.06460972166678,540.0,-304.9353902783332,0.05440690176229445,0.9410077265612394,-0.11184307881343074,4256.643777788166,3.761904761904762,0.09523809523809523,0.47619047619047616,0.42857142857142855,0.0,0.09523809523809523,-14.52073287039682
60,atr,1.5,3.0,5,0.5,tick,cfd_raw,21,8,13,0.42857142857142855,180.06460972166678,446.0,-265.9353902783332,0.044787159401453724,0.9483928578830898,-0.10737831026234004,4210.643777788166,3.761904761904762,0.09523809523809523,0.47619047619047616,0.42857142857142855,0.0,0.09523809523809523,-12.663590013253962
60,atr,1.5,3.0,5,1.0,off,none,11,4,7,0.2727272727272727,1345.4339477397443,0.0,1345.4339477397443,0.0,1.3757752813171145,0.09090909090909234,2803.8291173236066,9.0,0.2727272727272727,0.7272727272727273,0.0,0.0,0.18181818181818182,122.31217706724948
60,atr,1.5,3.0,5,1.0,off,exchange,11,4,7,0.2727272727272727,1363.4339477397443,897.6681361437957,465.7658115959489,0.10560457180448647,1.110323710097995,-0.09688233097891961,3283.2502304714,9.0,0.2727272727272727,0.7272727272727273,0.0,0.0,0.18181818181818182,42.34234650872263
60,atr,1.5,3.0,5,1.0,off,cfd_std,11,4,7,0.2727272727272727,1466.9339477397443,256.5,1210.4339477397443,0.030298458523517827,1.3257864291377126,0.06164866537023241,2911.8291173236066,9.0,0.2727272727272727,0.7272727272727273,0.0,0.0,0.18181818181818182,110.03944979452221
60,atr,1.5,3.0,5,1.0,off,cfd_raw,11,4,7,0.2727272727272727,1417.4339477397443,218.0,1199.4339477397443,0.02570064551299098,1.323435160633101,0.05947262030873582,2903.8291173236066,9.0,0.2727272727272727,0.7272727272727273,0.0,0.0,0.18181818181818182,109.03944979452221
60,atr,1.5,3.0,5,1.0,bar,none,11,4,7,0.45454545454545453,656.6230473735486,0.0,656.6230473735486,0.0,1.3188562205281715,0.03457236453827192,1526.1009756738786,5.7272727272727275,0.09090909090909091,0.36363636363636365,0.5454545454545454,0.0,0.18181818181818182,59.69300430668624
60,atr,1.5,3.0,5,1.0,bar,exchange,11,4,7,0.36363636363636365,662.6230473735486,903.192659430769,-240.56961205722018,0.18922010630593306,0.9070136944483784,-0.15675357626174488,2176.971892587637,5.7272727272727275,0.09090909090909091,0.36363636363636365,0.5454545454545454,0.0,0.18181818181818182,-21.86996473247456
60,atr,1.5,3.0,5,1.0,bar,cfd_std,11,4,7,0.45454545454545453,697.1230473735486,283.5,413.6230473735486,0.05953708117952,1.1884982041599932,-0.016996862794557487,1715.1009756738786,5.7272727272727275,0.09090909090909091,0.36363636363636365,0.5454545454545454,0.0,0.18181818181818182,37.60209521577715
60,atr,1.5,3.0,5,1.0,bar,cfd_raw,11,4,7,0.45454545454545453,680.6230473735486,234.0,446.6230473735486,0.04908502261600934,1.2053148904058282,-0.01008413675480742,1686.1009756738786,5.7272727272727275,0.09090909090909091,0.36363636363636365,0.5454545454545454,0.0,0.18181818181818182,40.60209521577715
60,atr,1.5,3.0,5,1.0,tick,none,11,4,7,0.45454545454545453,850.7387730273185,0.0,850.7387730273185,0.0,1.447723857123237,0.08804138018063364,983.0757555059245,3.1818181818181817,0.09090909090909091,0.36363636363636365,0.5454545454545454,0.0,0.18181818181818182,77.33988845702896
60,atr,1.5,3.0,5,1.0,tick,exchange,11,4,7,0.36363636363636365,856.7387730273185,903.3834945774896,-46.64472155017097,0.1943168819591925,0.9806878682539504,-0.10328051768716189,1798.0970428191504,3.1818181818181817,0.09090909090909091,0.36363636363636365,0.5454545454545454,0.0,0.18181818181818182,-4.240429231833724
60,atr,1.5,3.0,5,1.0,tick,cfd_std,11,4,7,0.45454545454545453,891.2387730273185,283.5,607.7387730273185,0.061131783066516995,1.2986223375395816,0.03647215284780419,1226.0757555059245,3.1818181818181817,0.09090909090909091,0.36363636363636365,0.5454545454545454,0.0,0.18181818181818182,55.24897936611987
60,atr,1.5,3.0,5,1.0,tick,cfd_raw,11,4,7,0.45454545454545453,874.7387730273185,234.0,640.7387730273185,0.05039820849963246,1.3178044338806254,0.043384878887554296,1187.0757555059245,3.1818181818181817,0.09090909090909091,0.36363636363636365,0.5454545454545454,0.0,0.18181818181818182,58.24897936611987
60,atr,1.5,3.0,5,2.0,off,none,0,0,0,,0.0,0.0,0.0,,,,0.0,,0.0,0.0,0.0,0.0,,
60,atr,1.5,3.0,5,2.0,off,exchange,0,0,0,,0.0,0.0,0.0,,,,0.0,,0.0,0.0,0.0,0.0,,
60,atr,1.5,3.0,5,2.0,off,cfd_std,0,0,0,,0.0,0.0,0.0,,,,0.0,,0.0,0.0,0.0,0.0,,
60,atr,1.5,3.0,5,2.0,off,cfd_raw,0,0,0,,0.0,0.0,0.0,,,,0.0,,0.0,0.0,0.0,0.0,,
60,atr,1.5,3.0,5,2.0,bar,none,0,0,0,,0.0,0.0,0.0,,,,0.0,,0.0,0.0,0.0,0.0,,
60,atr,1.5,3.0,5,2.0,bar,exchange,0,0,0,,0.0,0.0,0.0,,,,0.0,,0.0,0.0,0.0,0.0,,
60,atr,1.5,3.0,5,2.0,bar,cfd_std,0,0,0,,0.0,0.0,0.0,,,,0.0,,0.0,0.0,0.0,0.0,,
60,atr,1.5,3.0,5,2.0,bar,cfd_raw,0,0,0,,0.0,0.0,0.0,,,,0.0,,0.0,0.0,0.0,0.0,,
60,atr,1.5,3.0,5,2.0,tick,none,0,0,0,,0.0,0.0,0.0,,,,0.0,,0.0,0.0,0.0,0.0,,
60,atr,1.5,3.0,5,2.0,tick,exchange,0,0,0,,0.0,0.0,0.0,,,,0.0,,0.0,0.0,0.0,0.0,,
60,atr,1.5,3.0,5,2.0,tick,cfd_std,0,0,0,,0.0,0.0,0.0,,,,0.0,,0.0,0.0,0.0,0.0,,
60,atr,1.5,3.0,5,2.0,tick,cfd_raw,0,0,0,,0.0,0.0,0.0,,,,0.0,,0.0,0.0,0.0,0.0,,
60,atr,1.5,3.0,8,0.5,off,none,19,6,13,0.21052631578947367,-2472.470346697868,0.0,-2472.470346697868,0.0,0.677620221950115,-0.2484785986323845,5178.603391846336,8.526315789473685,0.15789473684210525,0.7894736842105263,0.0,0.05263157894736842,0.15789473684210525,-130.1300182472562
60,atr,1.5,3.0,8,0.5,off,exchange,19,6,13,0.21052631578947367,-2442.470346697868,1565.0476728138406,-4007.518019511709,0.12184672092439626,0.548410495488048,-0.4201457999221994,6540.186298137603,8.526315789473685,0.15789473684210525,0.7894736842105263,0.0,0.05263157894736842,0.15789473684210525,-210.92200102693207
60,atr,1.5,3.0,8,0.5,off,cfd_std,19,6,13,0.21052631578947367,-2269.970346697868,472.5,-2742.470346697868,0.03715236843694119,0.652804994046866,-0.27766695202929864,5408.103391846336,8.526315789473685,0.15789473684210525,0.7894736842105263,0.0,0.05263157894736842,0.15789473684210525,-144.34054456304568
60,atr,1.5,3.0,8,0.5,off,cfd_raw,19,6,13,0.21052631578947367,-2352.470346697868,394.0,-2746.470346697868,0.030833288081649642,0.6521444625684285,-0.2785584663311295,5416.603391846336,8.526315789473685,0.15789473684210525,0.7894736842105263,0.0,0.05263157894736842,0.15789473684210525,-144.55107087883516
60,atr,1.5,3.0,8,0.5,bar,none,24,8,16,0.2916666666666667,-2114.9326732261834,0.0,-2114.9326732261834,0.0,0.7084348497074314,-0.23936389238354008,6339.809577351247,5.458333333333333,0.08333333333333333,0.5416666666666666,0.3333333333333333,0.041666666666666664,0.16666666666666666,-88.12219471775764
60,atr,1.5,3.0,8,0.5,bar,exchange,24,8,16,0.25,-2092.9326732261834,1972.182798586251,-4065.1154718124344,0.159374589141041,0.5310666904691826,-0.4101752235564348,7953.140537485437,5.458333333333333,0.08333333333333333,0.5416666666666666,0.3333333333333333,0.041666666666666664,0.16666666666666666,-169.3798113255181
60,atr,1.5,3.0,8,0.5,bar,cfd_std,24,8,16,0.2916666666666667,-2256.741092485827,621.0,-2877.741092485827,0.049437477041357945,0.6342488807963796,-0.30439054893818146,7035.11799661089,5.541666666666667,0.08333333333333333,0.5833333333333334,0.2916666666666667,0.041666666666666664,0.16666666666666666,-119.90587885357611
60,atr,1.5,3.0,8,0.5,bar,cfd_raw,24,8,16,0.2916666666666667,-2322.741092485827,512.0,-2834.741092485827,0.04058235481045545,0.6385886479488097,-0.30045553501727534,6995.61799661089,5.541666666666667,0.08333333333333333,0.5833333333333334,0.2916666666666667,0.041666666666666664,0.16666666666666666,-118.11421218690946
60,atr,1.5,3.0,8,0.5,tick,none,25,8,17,0.36,-804.0395613971341,0.0,-804.0395613971341,0.0,0.8852238136296022,-0.12527494814618897,5028.9164655221975,4.16,0.08,0.52,0.36,0.04,0.16,-32.161582455885366
60,atr,1.5,3.0,8,0.5,tick,exchange,25,8,17,0.32,-782.0395613971341,2051.247042842395,-2833.28660423953,0.1555327154324668,0.658888205204304,-0.2943441633277793,6721.3116699125385,4.16,0.08,0.52,0.36,0.04,0.16,-113.3314641695812
60,atr,1.5,3.0,8,0.5,tick,cfd_std,25,8,17,0.36,-655.5395613971341,648.0,-1303.539561397134,0.04952226075575977,0.8214887418182152,-0.16712946479992977,5460.9164655221975,4.16,0.08,0.52,0.36,0.04,0.16,-52.14158245588536
60,atr,1.5,3.0,8,0.5,tick,cfd_raw,25,8,17,0.36,-716.0395613971341,534.0,-1250.039561397134,0.040656210746626405,0.8282271392058362,-0.16258054283636145,5410.9164655221975,4.16,0.08,0.52,0.36,0.04,0.16,-50.00158245588536
60,atr,1.5,3.0,8,1.0,off,none,11,2,9,0.2727272727272727,-353.29975434385415,0.0,-353.29975434385415,0.0,0.9057012371940777,-0.0655539430922995,1745.2046332327445,12.090909090909092,0.18181818181818182,0.7272727272727273,0.0,0.09090909090909091,0.09090909090909091,-32.118159485804924
60,atr,1.5,3.0,8,1.0,off,exchange,11,2,9,0.2727272727272727,-335.29975434385415,901.3713028592474,-1236.6710572031016,0.12642130268614543,0.7179486691271418,-0.2545078909136306,2299.440278531445,12.090909090909092,0.18181818181818182,0.7272727272727273,0.0,0.09090909090909091,0.09090909090909091,-112.42464156391833
60,atr,1.5,3.0,8,1.0,off,cfd_std,11,2,9,0.2727272727272727,-231.79975434385415,270.0,-501.79975434385415,0.03817657129635378,0.8702722936025047,-0.09580099685597916,1839.7046332327445,12.090909090909092,0.18181818181818182,0.7272727272727273,0.0,0.09090909090909091,0.09090909090909091,-45.618159485804924
60,atr,1.5,3.0,8,1.0,off,cfd_raw,11,2,9,0.2727272727272727,-281.29975434385415,226.0,-507.29975434385415,0.031831432229893486,0.8687995290524023,-0.09764863240844877,1843.2046332327445,12.090909090909092,0.18181818181818182,0.7272727272727273,0.0,0.09090909090909091,0.09090909090909091,-46.118159485804924
60,atr,1.5,3.0,8,1.0,bar,none,11,2,9,0.45454545454545453,-341.36739165075414,0.0,-341.36739165075414,0.0,0.7919267120683267,-0.14643617467760012,1366.649188361247,6.545454545454546,0.0,0.2727272727272727,0.6363636363636364,0.09090909090909091,0.09090909090909091,-31.033399240977648
60,atr,1.5,3.0,8,1.0,bar,exchange,11,2,9,0.36363636363636365,-337.36739165075414,904.74544441981,-1242.1128360705643,0.30817099878826637,0.4272959256748334,-0.3390530667328903,2098.4463836794166,6.545454545454546,0.0,0.2727272727272727,0.6363636363636364,0.09090909090909091,0.09090909090909091,-112.91934873368767
60,atr,1.5,3.0,8,1.0,bar,cfd_std,11,2,9,0.45454545454545453,-604.6758109103976,297.0,-901.6758109103976,0.0927208318861904,0.5635475117417602,-0.25320122960805624,1872.9576076208905,6.7272727272727275,0.0,0.36363636363636365,0.5454545454545454,0.09090909090909091,0.09090909090909091,-81.9705282645816
60,atr,1.5,3.0,8,1.0,bar,cfd_raw,11,2,9,0.45454545454545453,-621.1758109103976,242.0,-863.1758109103976,0.07516313035318196,0.5794350472095953,-0.2455546377223725,1844.4576076208905,6.7272727272727275,0.0,0.36363636363636365,0.5454545454545454,0.09090909090909091,0.09090909090909091,-78.4705282645816
60,atr,1.5,3.0,8,1.0,tick,none,11,2,9,0.5454545454545454,1043.282784842566,0.0,1043.282784842566,0.0,1.8356560208647552,0.08956149308842885,661.8870578030328,4.363636363636363,0.0,0.2727272727272727,0.6363636363636364,0.09090909090909091,0.09090909090909091,94.84388953114235
60,atr,1.5,3.0,8,1.0,tick,exchange,11,2,9,0.5454545454545454,1047.282784842566,904.4650801436218,142.8177046989441,0.2557730248449444,1.0864025654546998,-0.10297918557660846,1035.7239376676152,4.363636363636363,0.0,0.2727272727272727,0.6363636363636364,0.09090909090909091,0.09090909090909091,12.983427699904011
60,atr,1.5,3.0,8,1.0,tick,cfd_std,11,2,9,0.5454545454545454,1070.282784842566,297.0,773.2827848425659,0.08453826469826604,1.5700743189063386,0.033645815150589134,756.3870578030328,4.363636363636363,0.0,0.2727272727272727,0.6363636363636364,0.09090909090909091,0.09090909090909091,70.2984349856878
60,atr,1.5,3.0,8,1.0,tick,cfd_raw,11,2,9,0.5454545454545454,1059.282784842566,242.0,817.2827848425659,0.06866802768374874,1.6087950672342277,0.04225576722462923,741.8870578030328,4.363636363636363,0.0,0.2727272727272727,0.6363636363636364,0.09090909090909091,0.09090909090909091,74.2984349856878
60,atr,1.5,3.0,8,2.0,off,none,0,0,0,,0.0,0.0,0.0,,,,0.0,,0.0,0.0,0.0,0.0,,
60,atr,1.5,3.0,8,2.0,off,exchange,0,0,0,,0.0,0.0,0.0,,,,0.0,,0.0,0.0,0.0,0.0,,
60,atr,1.5,3.0,8,2.0,off,cfd_std,0,0,0,,0.0,0.0,0.0,,,,0.0,,0.0,0.0,0.0,0.0,,
60,atr,1.5,3.0,8,2.0,off,cfd_raw,0,0,0,,0.0,0.0,0.0,,,,0.0,,0.0,0.0,0.0,0.0,,
60,atr,1.5,3.0,8,2.0,bar,none,0,0,0,,0.0,0.0,0.0,,,,0.0,,0.0,0.0,0.0,0.0,,
60,atr,1.5,3.0,8,2.0,bar,exchange,0,0,0,,0.0,0.0,0.0,,,,0.0,,0.0,0.0,0.0,0.0,,
60,atr,1.5,3.0,8,2.0,bar,cfd_std,0,0,0,,0.0,0.0,0.0,,,,0.0,,0.0,0.0,0.0,0.0,,
60,atr,1.5,3.0,8,2.0,bar,cfd_raw,0,0,0,,0.0,0.0,0.0,,,,0.0,,0.0,0.0,0.0,0.0,,
60,atr,1.5,3.0,8,2.0,tick,none,0,0,0,,0.0,0.0,0.0,,,,0.0,,0.0,0.0,0.0,0.0,,
60,atr,1.5,3.0,8,2.0,tick,exchange,0,0,0,,0.0,0.0,0.0,,,,0.0,,0.0,0.0,0.0,0.0,,
60,atr,1.5,3.0,8,2.0,tick,cfd_std,0,0,0,,0.0,0.0,0.0,,,,0.0,,0.0,0.0,0.0,0.0,,
60,atr,1.5,3.0,8,2.0,tick,cfd_raw,0,0,0,,0.0,0.0,0.0,,,,0.0,,0.0,0.0,0.0,0.0,,
60,atr,2.0,1.0,3,0.5,off,none,26,13,13,0.6153846153846154,2892.781917031971,0.0,2892.781917031971,0.0,1.3666265244986815,0.23076923076923087,2175.6076650455216,9.26923076923077,0.6153846153846154,0.38461538461538464,0.0,0.0,0.11538461538461539,111.26084296276811
60,atr,2.0,1.0,3,0.5,off,exchange,26,13,13,0.6153846153846154,2938.781917031971,2111.4368464527824,827.3450705791881,0.11301186544150146,1.0951495693216924,0.10983811514804408,3098.633249649458,9.307692307692308,0.6153846153846154,0.38461538461538464,0.0,0.0,0.11538461538461539,31.820964253045698
60,atr,2.0,1.0,3,0.5,off,cfd_std,26,13,13,0.6153846153846154,3203.281917031971,486.0,2717.281917031971,0.02593269664078217,1.3380221402174632,0.22106260676759693,2270.1076650455216,9.23076923076923,0.6153846153846154,0.38461538461538464,0.0,0.0,0.11538461538461539,104.51084296276811
60,atr,2.0,1.0,3,0.5,off,cfd_raw,26,13,13,0.6153846153846154,3076.781917031971,444.0,2632.781917031971,0.0237264151882967,1.3275309525667072,0.21585835158494568,2291.6076650455216,9.23076923076923,0.6153846153846154,0.38461538461538464,0.0,0.0,0.11538461538461539,101.26084296276811
60,atr,2.0,1.0,3,0.5,bar,none,28,13,15,0.6428571428571429,4599.18779301297,0.0,4599.18779301297,0.0,1.7183135338897733,0.2490098652036772,2175.6076650455216,7.857142857142857,0.5714285714285714,0.32142857142857145,0.10714285714285714,0.0,0.10714285714285714,164.25670689332037
60,atr,2.0,1.0,3,0.5,bar,exchange,28,13,15,0.6071428571428571,4643.18779301297,2280.950570101284,2362.2372229116863,0.13096338851685815,1.3243486328682506,0.12478167576751296,2959.889496403208,7.892857142857143,0.5714285714285714,0.32142857142857145,0.10714285714285714,0.0,0.10714285714285714,84.3656151039888
60,atr,2.0,1.0,3,0.5,bar,cfd_std,28,13,15,0.6071428571428571,4896.18779301297,540.0,4356.18779301297,0.030882371141447963,1.6613565842939986,0.23599025763987766,2270.1076650455216,7.892857142857143,0.5714285714285714,0.32142857142857145,0.10714285714285714,0.0,0.10714285714285714,155.57813546474895
60,atr,2.0,1.0,3,0.5,bar,cfd_raw,28,13,15,0.6071428571428571,4775.18779301297,488.0,4287.18779301297,0.027961283279713277,1.6519698047277966,0.2319437248723024,2291.6076650455216,7.892857142857143,0.5714285714285714,0.32142857142857145,0.10714285714285714,0.0,0.10714285714285714,153.11384975046323
60,atr,2.0,1.0,3,0.5,tick,none,31,16,15,0.6451612903225806,4584.562723194555,0.0,4584.562723194555,0.0,1.9204587218686169,0.21397921428258215,1982.9579246198991,5.548387096774194,0.41935483870967744,0.22580645161290322,0.3548387096774194,0.0,0.0967741935483871,147.88912010305015
60,atr,2.0,1.0,3,0.5,tick,exchange,31,16,15,0.5806451612903226,4618.562723194555,2538.283114869198,2080.279608325356,0.17438010065236303,1.3506445465641221,0.08747719019184964,2783.7716663805477,5.580645161290323,0.41935483870967744,0.22580645161290322,0.3548387096774194,0.0,0.0967741935483871,67.10579381694697
60,atr,2.0,1.0,3,0.5,tick,cfd_std,32,17,15,0.625,4220.117052947884,688.5,3531.617052947884,0.044405393425842314,1.5919197497255178,0.15492605770195492,2556.532441602525,5.40625,0.40625,0.25,0.34375,0.0,0.09375,110.36303290462138
60,atr,2.0,1.0,3,0.5,tick,cfd_raw,32,17,15,0.625,4121.117052947884,600.0,3521.117052947884,0.03875249686657437,1.5922942358912926,0.1541995605315341,2558.532441602525,5.40625,0.40625,0.25,0.34375,0.0,0.09375,110.03490790462138
60,atr,2.0,1.0,3,1.0,off,none,17,9,8,0.6470588235294118,3222.6150608909375,0.0,3222.6150608909375,0.0,1.7721174541482245,0.29411764705882487,1957.1889634897525,6.117647058823529,0.6470588235294118,0.35294117647058826,0.0,0.0,0.29411764705882354,189.56559181711395
60,atr,2.0,1.0,3,1.0,off,exchange,17,9,8,0.6470588235294118,3246.6150608909375,1378.1359850660326,1868.4790758249048,0.11902966168381869,1.4012506780072396,0.1663138833767542,2279.37645900801,6.176470588235294,0.6470588235294118,0.35294117647058826,0.0,0.0,0.29411764705882354,109.91053387205322
60,atr,2.0,1.0,3,1.0,off,cfd_std,17,9,8,0.6470588235294118,3384.6150608909375,310.5,3074.1150608909375,0.026711771312145142,1.717959832165798,0.2811354986008946,2024.6889634897525,6.176470588235294,0.6470588235294118,0.35294117647058826,0.0,0.0,0.29411764705882354,180.8302976994669
60,atr,2.0,1.0,3,1.0,off,cfd_raw,17,9,8,0.6470588235294118,3318.6150608909375,286.0,3032.6150608909375,0.024650733719913605,1.7095933082767096,0.2767695165537558,2021.1889634897525,6.176470588235294,0.6470588235294118,0.35294117647058826,0.0,0.0,0.29411764705882354,178.38912122887868
60,atr,2.0,1.0,3,1.0,bar,none,17,9,8,0.7058823529411765,4139.599365530172,0.0,4139.599365530172,0.0,2.269128756086929,0.35326446801890254,1748.4399597673037,5.647058823529412,0.6470588235294118,0.29411764705882354,0.058823529411764705,0.0,0.29411764705882354,243.50584503118657
60,atr,2.0,1.0,3,1.0,bar,exchange,17,9,8,0.6470588235294118,4161.599365530172,1378.593477218352,2783.00588831182,0.1291648877951226,1.7436994506879369,0.22530219251977163,1907.014959787426,5.705882352941177,0.6470588235294118,0.29411764705882354,0.058823529411764705,0.0,0.29411764705882354,163.7062287242247
60,atr,2.0,1.0,3,1.0,bar,cfd_std,17,9,8,0.6470588235294118,4288.099365530172,310.5,3977.599365530172,0.028935862685998022,2.1774132713273744,0.33941154993174155,1788.9399597673037,5.705882352941177,0.6470588235294118,0.29411764705882354,0.058823529411764705,0.0,0.29411764705882354,233.97643326648068
60,atr,2.0,1.0,3,1.0,bar,cfd_raw,17,9,8,0.6470588235294118,4227.599365530172,286.0,3941.599365530172,0.026721158524886712,2.1714381154597286,0.3354003258816967,1784.4399597673037,5.705882352941177,0.6470588235294118,0.29411764705882354,0.058823529411764705,0.0,0.29411764705882354,231.85878620765718
60,atr,2.0,1.0,3,1.0,tick,none,17,9,8,0.5882352941176471,1325.3945007724105,0.0,1325.3945007724105,0.0,1.4332940975177186,0.125510802153635,2083.2684376130637,3.7058823529411766,0.35294117647058826,0.23529411764705882,0.4117647058823529,0.0,0.29411764705882354,77.9643823983771
60,atr,2.0,1.0,3,1.0,tick,exchange,17,9,8,0.47058823529411764,1335.3945007724105,1388.0716298293057,-52.67712905689518,0.18643961750668764,0.9857370538703176,-0.004480719412693405,2804.3551759840193,3.764705882352941,0.35294117647058826,0.23529411764705882,0.4117647058823529,0.0,0.29411764705882354,-3.098654650405599
60,atr,2.0,1.0,3,1.0,tick,cfd_std,17,9,8,0.5882352941176471,1392.8945007724105,378.0,1014.8945007724105,0.050692979626177845,1.3150985471600443,0.09753746877753733,2245.2684376130637,3.764705882352941,0.35294117647058826,0.23529411764705882,0.4117647058823529,0.0,0.29411764705882354,59.69967651602415
60,atr,2.0,1.0,3,1.0,tick,cfd_raw,17,9,8,0.5882352941176471,1365.3945007724105,326.0,1039.3945007724105,0.04375161324377583,1.3251278158730229,0.09927900651187421,2233.2684376130637,3.764705882352941,0.35294117647058826,0.23529411764705882,0.4117647058823529,0.0,0.29411764705882354,61.14085298661239
60,atr,2.0,1.0,3,2.0,off,none,1,0,1,0.0,-998.6443142778589,0.0,-998.6443142778589,0.0,0.0,-1.000000000000002,998.6443142778589,31.0,0.0,1.0,0.0,0.0,0.0,-998.6443142778589
60,atr,2.0,1.0,3,2.0,off,exchange,1,0,1,0.0,-996.6443142778589,80.09386215713891,-1076.738176434998,0.08036353693059768,0.0,-1.078199876613339,1076.7381764349993,31.0,0.0,1.0,0.0,0.0,0.0,-1076.738176434998
60,atr,2.0,1.0,3,2.0,off,cfd_std,1,0,1,0.0,-985.1443142778589,27.0,-1012.1443142778589,0.027407152037203637,0.0,-1.013518326602364,1012.1443142778589,31.0,0.0,1.0,0.0,0.0,0.0,-1012.1443142778589
60,atr,2.0,1.0,3,2.0,off,cfd_raw,1,0,1,0.0,-990.6443142778589,22.0,-1012.6443142778589,0.022207768906478954,0.0,-1.0140190053654146,1012.6443142778589,31.0,0.0,1.0,0.0,0.0,0.0,-1012.6443142778589
60,atr,2.0,1.0,3,2.0,bar,none,1,0,1,0.0,-998.6443142778589,0.0,-998.6443142778589,0.0,0.0,-1.000000000000002,998.6443142778589,31.0,0.0,1.0,0.0,0.0,0.0,-998.6443142778589
60,atr,2.0,1.0,3,2.0,bar,exchange,1,0,1,0.0,-996.6443142778589,80.09386215713891,-1076.738176434998,0.08036353693059768,0.0,-1.078199876613339,1076.7381764349993,31.0,0.0,1.0,0.0,0.0,0.0,-1076.738176434998
60,atr,2.0,1.0,3,2.0,bar,cfd_std,1,0,1,0.0,-985.1443142778589,27.0,-1012.1443142778589,0.027407152037203637,0.0,-1.013518326602364,1012.1443142778589,31.0,0.0,1.0,0.0,0.0,0.0,-1012.1443142778589
60,atr,2.0,1.0,3,2.0,bar,cfd_raw,1,0,1,0.0,-990.6443142778589,22.0,-1012.6443142778589,0.022207768906478954,0.0,-1.0140190053654146,1012.6443142778589,31.0,0.0,1.0,0.0,0.0,0.0,-1012.6443142778589
60,atr,2.0,1.0,3,2.0,tick,none,1,0,1,0.0,-64.45456213952275,0.0,-64.45456213952275,0.0,0.0,-0.06454206088994893,64.45456213952275,25.0,0.0,0.0,1.0,0.0,0.0,-64.45456213952275
60,atr,2.0,1.0,3,2.0,tick,exchange,1,0,1,0.0,-64.45456213952275,79.62776728106975,-144.0823294205925,1.2354093277168192,0.0,-0.14427792494345876,144.08232942059112,25.0,0.0,0.0,1.0,0.0,0.0,-144.0823294205925
60,atr,2.0,1.0,3,2.0,tick,cfd_std,1,0,1,0.0,-64.45456213952275,27.0,-91.45456213952275,0.41889975051810846,0.0,-0.09157871409467311,91.45456213952275,25.0,0.0,0.0,1.0,0.0,0.0,-91.45456213952275
60,atr,2.0,1.0,3,2.0,tick,cfd_raw,1,0,1,0.0,-64.45456213952275,22.0,-86.45456213952275,0.3413257226443847,0.0,-0.08657192646416864,86.45456213952275,25.0,0.0,0.0,1.0,0.0,0.0,-86.45456213952275
60,atr,2.0,1.0,5,0.5,off,none,18,6,12,0.6111111111111112,2178.514489476802,0.0,2178.514489476802,0.0,1.4746611115958044,0.2222222222222232,1819.7165947320318,4.888888888888889,0.6111111111111112,0.3888888888888889,0.0,0.0,0.1111111111111111,121.02858274871122
60,atr,2.0,1.0,5,0.5,off,exchange,17,6,11,0.6470588235294118,2652.2044647216535,1372.2848246158906,1279.919640105763,0.1256203341792438,1.2767411182452861,0.15981138445262158,1975.2399130293925,5.235294117647059,0.6470588235294118,0.35294117647058826,0.0,0.0,0.11764705882352941,75.28939059445665
60,atr,2.0,1.0,5,0.5,off,cfd_std,18,7,11,0.6111111111111112,2230.758794474983,337.5,1893.258794474983,0.02842607280469722,1.3778905351890396,0.21177071939363476,2616.3578281434166,4.888888888888889,0.6111111111111112,0.3888888888888889,0.0,0.0,0.1111111111111111,105.18104413749906
60,atr,2.0,1.0,5,0.5,off,cfd_raw,18,7,11,0.6111111111111112,2142.758794474983,308.0,1834.758794474983,0.025989581101591133,1.3663603058362566,0.2060206705853599,2617.8578281434166,4.888888888888889,0.6111111111111112,0.3888888888888889,0.0,0.0,0.1111111111111111,101.93104413749906
60,atr,2.0,1.0,5,0.5,bar,none,19,6,13,0.5263157894736842,917.0155348549742,0.0,917.0155348549742,0.0,1.1739414522238503,0.0999762304308688,1932.8490516015736,4.526315789473684,0.5263157894736842,0.42105263157894735,0.05263157894736842,0.0,0.10526315789473684,48.263975518682855
60,atr,2.0,1.0,5,0.5,bar,exchange,18,6,12,0.5555555555555556,1390.705510099826,1457.0979340932015,-66.39242399337536,0.13218367756862093,0.9878636456781785,0.02666248304834133,2599.999833810609,4.833333333333333,0.5555555555555556,0.3888888888888889,0.05555555555555555,0.0,0.1111111111111111,-3.6884679996319645
60,atr,2.0,1.0,5,0.5,bar,cfd_std,19,7,12,0.5263157894736842,969.2598398531554,378.0,591.2598398531554,0.03163413228306684,1.103133982322437,0.08648275175658489,2616.3578281434166,4.526315789473684,0.5263157894736842,0.42105263157894735,0.05263157894736842,0.0,0.10526315789473684,31.118938939639758
60,atr,2.0,1.0,5,0.5,bar,cfd_raw,19,7,12,0.5263157894736842,881.2598398531554,338.0,543.2598398531554,0.02831266885054324,1.0948688618132734,0.08199284131635792,2617.8578281434166,4.526315789473684,0.5263157894736842,0.42105263157894735,0.05263157894736842,0.0,0.10526315789473684,28.592623150166077
60,atr,2.0,1.0,5,0.5,tick,none,20,7,13,0.55,-600.6411626439658,0.0,-600.6411626439658,0.0,0.8867672055910018,-0.03141495450500703,2976.2339058886428,3.85,0.35,0.4,0.25,0.0,0.1,-30.03205813219829
60,atr,2.0,1.0,5,0.5,tick,exchange,19,7,12,0.47368421052631576,-449.78037764996407,1550.5702742296921,-2000.3506518796569,0.16766908062969807,0.6392575129823528,-0.15362925360829718,3998.879456145194,4.105263157894737,0.3157894736842105,0.3684210526315789,0.3157894736842105,0.0,0.10526315789473684,-105.28161325682404
60,atr,2.0,1.0,5,0.5,tick,cfd_std,20,8,12,0.55,-917.2260478966346,459.0,-1376.2260478966346,0.045321526489408355,0.7612969715427724,-0.09266074161442156,3833.014354306026,3.85,0.3,0.4,0.3,0.0,0.1,-68.81130239483173
60,atr,2.0,1.0,5,0.5,tick,cfd_raw,20,8,12,0.55,-983.2260478966346,392.0,-1375.2260478966346,0.038663971615461354,0.7612011951562208,-0.09257736623281668,3829.514354306026,3.85,0.3,0.4,0.3,0.0,0.1,-68.76130239483173
60,atr,2.0,1.0,5,1.0,off,none,11,4,7,0.6363636363636364,2310.056544243853,0.0,2310.056544243853,0.0,1.992909034017774,0.27272727272727715,1288.89605809754,3.3636363636363638,0.6363636363636364,0.36363636363636365,0.0,0.0,0.2727272727272727,210.0051403858048
60,atr,2.0,1.0,5,1.0,off,exchange,11,4,7,0.6363636363636364,2326.056544243853,890.5879134560113,1435.4686307878414,0.1277531024392001,1.5421509664791861,0.13290562553203608,1447.4563500437362,3.4545454545454546,0.6363636363636364,0.36363636363636365,0.0,0.0,0.2727272727272727,130.49714825344014
60,atr,2.0,1.0,5,1.0,off,cfd_std,11,4,7,0.6363636363636364,2418.056544243853,202.5,2215.556544243853,0.028857809342195253,1.920252043810919,0.2582164851972046,1329.39605809754,3.4545454545454546,0.6363636363636364,0.36363636363636365,0.0,0.0,0.2727272727272727,201.4142312948957
60,atr,2.0,1.0,5,1.0,off,cfd_raw,11,4,7,0.6363636363636364,2374.056544243853,186.0,2188.056544243853,0.026589795799090935,1.9122398284822417,0.25355556814683033,1324.89605809754,3.4545454545454546,0.6363636363636364,0.36363636363636365,0.0,0.0,0.2727272727272727,198.9142312948957
60,atr,2.0,1.0,5,1.0,bar,none,11,4,7,0.6363636363636364,2310.056544243853,0.0,2310.056544243853,0.0,1.992909034017774,0.27272727272727715,1288.89605809754,3.3636363636363638,0.6363636363636364,0.36363636363636365,0.0,0.0,0.2727272727272727,210.0051403858048
60,atr,2.0,1.0,5,1.0,bar,exchange,11,4,7,0.6363636363636364,2326.056544243853,890.5879134560113,1435.4686307878414,0.1277531024392001,1.5421509664791861,0.13290562553203608,1447.4563500437362,3.4545454545454546,0.6363636363636364,0.36363636363636365,0.0,0.0,0.2727272727272727,130.49714825344014
60,atr,2.0,1.0,5,1.0,bar,cfd_std,11,4,7,0.6363636363636364,2418.056544243853,202.5,2215.556544243853,0.028857809342195253,1.920252043810919,0.2582164851972046,1329.39605809754,3.4545454545454546,0.6363636363636364,0.36363636363636365,0.0,0.0,0.2727272727272727,201.4142312948957
60,atr,2.0,1.0,5,1.0,bar,cfd_raw,11,4,7,0.6363636363636364,2374.056544243853,186.0,2188.056544243853,0.026589795799090935,1.9122398284822417,0.25355556814683033,1324.89605809754,3.4545454545454546,0.6363636363636364,0.36363636363636365,0.0,0.0,0.2727272727272727,198.9142312948957
60,atr,2.0,1.0,5,1.0,tick,none,11,4,7,0.5454545454545454,836.9053033865202,0.0,836.9053033865202,0.0,1.3462246163580092,0.08363048691493498,1288.89605809754,2.8181818181818183,0.45454545454545453,0.36363636363636365,0.18181818181818182,0.0,0.2727272727272727,76.08230030786548
60,atr,2.0,1.0,5,1.0,tick,exchange,11,4,7,0.45454545454545453,848.9053033865202,894.6099217256973,-45.70461833917716,0.1576302438937184,0.9839659625357069,-0.05721244318704153,1447.4563500437362,2.909090909090909,0.45454545454545453,0.36363636363636365,0.18181818181818182,0.0,0.2727272727272727,-4.15496530356156
60,atr,2.0,1.0,5,1.0,tick,cfd_std,11,4,7,0.5454545454545454,917.9053033865202,229.5,688.4053033865202,0.04027467663313723,1.2726106904969032,0.062160962159264095,1329.39605809754,2.909090909090909,0.45454545454545453,0.36363636363636365,0.18181818181818182,0.0,0.2727272727272727,62.582300307865474
60,atr,2.0,1.0,5,1.0,tick,cfd_raw,11,4,7,0.5454545454545454,884.9053033865202,202.0,682.9053033865202,0.035517296749236454,1.2719403222572634,0.060335086200800234,1324.89605809754,2.909090909090909,0.45454545454545453,0.36363636363636365,0.18181818181818182,0.0,0.2727272727272727,62.082300307865474
60,atr,2.0,1.0,5,2.0,off,none,0,0,0,,0.0,0.0,0.0,,,,0.0,,0.0,0.0,0.0,0.0,,
60,atr,2.0,1.0,5,2.0,off,exchange,0,0,0,,0.0,0.0,0.0,,,,0.0,,0.0,0.0,0.0,0.0,,
60,atr,2.0,1.0,5,2.0,off,cfd_std,0,0,0,,0.0,0.0,0.0,,,,0.0,,0.0,0.0,0.0,0.0,,
60,atr,2.0,1.0,5,2.0,off,cfd_raw,0,0,0,,0.0,0.0,0.0,,,,0.0,,0.0,0.0,0.0,0.0,,
60,atr,2.0,1.0,5,2.0,bar,none,0,0,0,,0.0,0.0,0.0,,,,0.0,,0.0,0.0,0.0,0.0,,
60,atr,2.0,1.0,5,2.0,bar,exchange,0,0,0,,0.0,0.0,0.0,,,,0.0,,0.0,0.0,0.0,0.0,,
60,atr,2.0,1.0,5,2.0,bar,cfd_std,0,0,0,,0.0,0.0,0.0,,,,0.0,,0.0,0.0,0.0,0.0,,
60,atr,2.0,1.0,5,2.0,bar,cfd_raw,0,0,0,,0.0,0.0,0.0,,,,0.0,,0.0,0.0,0.0,0.0,,
60,atr,2.0,1.0,5,2.0,tick,none,0,0,0,,0.0,0.0,0.0,,,,0.0,,0.0,0.0,0.0,0.0,,
60,atr,2.0,1.0,5,2.0,tick,exchange,0,0,0,,0.0,0.0,0.0,,,,0.0,,0.0,0.0,0.0,0.0,,
60,atr,2.0,1.0,5,2.0,tick,cfd_std,0,0,0,,0.0,0.0,0.0,,,,0.0,,0.0,0.0,0.0,0.0,,
60,atr,2.0,1.0,5,2.0,tick,cfd_raw,0,0,0,,0.0,0.0,0.0,,,,0.0,,0.0,0.0,0.0,0.0,,
60,atr,2.0,1.0,8,0.5,off,none,22,6,16,0.5454545454545454,1173.4468614964135,0.0,1173.4468614964135,0.0,1.1687761672491712,0.0909090909090919,2857.9355055441847,5.318181818181818,0.5454545454545454,0.45454545454545453,0.0,0.0,0.2727272727272727,53.33849370438243
60,atr,2.0,1.0,8,0.5,off,exchange,21,6,15,0.5714285714285714,1647.1368367412651,1704.498770997887,-57.36193425662236,0.11645042785772097,0.9920705616504752,0.017389124413229727,3499.3146252146253,5.619047619047619,0.5714285714285714,0.42857142857142855,0.0,0.0,0.2857142857142857,-2.731520678886779
60,atr,2.0,1.0,8,0.5,off,cfd_std,22,7,15,0.5454545454545454,1225.6911664945947,432.0,793.6911664945947,0.027799306861208538,1.1068637439648474,0.0770704512472578,2952.4355055441847,5.318181818181818,0.5454545454545454,0.45454545454545453,0.0,0.0,0.2727272727272727,36.076871204299756
60,atr,2.0,1.0,8,0.5,off,cfd_raw,22,7,15,0.5454545454545454,1137.6911664945947,388.0,749.6911664945947,0.02496789597719656,1.1010211291623635,0.07337097762041442,2961.9355055441847,5.318181818181818,0.5454545454545454,0.45454545454545453,0.0,0.0,0.2727272727272727,34.076871204299756
60,atr,2.0,1.0,8,0.5,bar,none,22,6,16,0.5,1249.2149009765126,0.0,1249.2149009765126,0.0,1.1983582461538647,0.0768646461551778,2782.1674660640856,4.318181818181818,0.5,0.4090909090909091,0.09090909090909091,0.0,0.2727272727272727,56.78249549893239
60,atr,2.0,1.0,8,0.5,bar,exchange,21,6,15,0.5238095238095238,1718.9048762213642,1706.463886978147,12.440989243217018,0.1273189024535434,1.001867034495165,0.002233721159346048,3429.511701714786,4.571428571428571,0.5238095238095238,0.38095238095238093,0.09523809523809523,0.0,0.2857142857142857,0.5924280592008104
60,atr,2.0,1.0,8,0.5,bar,cfd_std,22,7,15,0.5,1274.4592059746938,445.5,828.9592059746938,0.03114098767593283,1.121678107355698,0.06022578999891856,2917.1674660640856,4.318181818181818,0.5,0.4090909090909091,0.09090909090909091,0.0,0.2727272727272727,37.679963907940625
60,atr,2.0,1.0,8,0.5,bar,cfd_raw,22,7,15,0.5,1197.4592059746938,396.0,801.4592059746938,0.027680877934162514,1.1179271544668123,0.057667145314248366,2910.1674660640856,4.318181818181818,0.5,0.4090909090909091,0.09090909090909091,0.0,0.2727272727272727,36.429963907940625
60,atr,2.0,1.0,8,0.5,tick,none,23,7,16,0.5217391304347826,1033.4990450585028,0.0,1033.4990450585028,0.0,1.166799275361619,0.04141425718901603,2537.6054391064536,3.782608695652174,0.43478260869565216,0.391304347826087,0.17391304347826086,0.0,0.2608695652173913,44.93474108950012
60,atr,2.0,1.0,8,0.5,tick,exchange,22,7,15,0.5,1184.3598300525045,1792.898830808803,-608.5390007562987,0.14156205745853787,0.9074450290012142,-0.07117173854015549,3186.5527525547805,4.0,0.4090909090909091,0.36363636363636365,0.22727272727272727,0.0,0.2727272727272727,-27.660863670740852
60,atr,2.0,1.0,8,0.5,tick,cfd_std,23,8,15,0.5217391304347826,716.9141598058341,499.5,217.41415980583406,0.03687722508410566,1.032396610622147,-0.01306774049217249,2672.6054391064536,3.782608695652174,0.391304347826087,0.391304347826087,0.21739130434782608,0.0,0.2608695652173913,9.452789556775395
60,atr,2.0,1.0,8,0.5,tick,cfd_raw,23,8,15,0.5217391304347826,650.9141598058341,434.0,216.91415980583406,0.03201547272626417,1.0324017706781157,-0.013239312483585631,2665.6054391064536,3.782608695652174,0.391304347826087,0.391304347826087,0.21739130434782608,0.0,0.2608695652173913,9.431050426340612
60,atr,2.0,1.0,8,1.0,off,none,11,2,9,0.7272727272727273,4080.683170511853,0.0,4080.683170511853,0.0,3.754709382017774,0.4545454545454595,644.6353377295309,2.1818181818181817,0.7272727272727273,0.2727272727272727,0.0,0.0,0.36363636363636365,370.9711973192594
60,atr,2.0,1.0,8,1.0,off,exchange,11,2,9,0.7272727272727273,4094.683170511853,888.0112352376174,3206.6719352742357,0.12597013432405546,2.8615769672061204,0.3143027839001151,725.4422953983885,2.272727272727273,0.7272727272727273,0.2727272727272727,0.0,0.0,0.36363636363636365,291.515630479476
60,atr,2.0,1.0,8,1.0,off,cfd_std,11,2,9,0.7272727272727273,4175.183170511853,189.0,3986.183170511853,0.026680297147000646,3.5962734376850487,0.44040541464011085,671.6353377295309,2.272727272727273,0.7272727272727273,0.2727272727272727,0.0,0.0,0.36363636363636365,362.38028822835025
60,atr,2.0,1.0,8,1.0,off,cfd_raw,11,2,9,0.7272727272727273,4136.683170511853,178.0,3958.683170511853,0.025186139990468186,3.58509707117309,0.43553828965755415,666.6353377295309,2.272727272727273,0.7272727272727273,0.2727272727272727,0.0,0.0,0.36363636363636365,359.88028822835025
60,atr,2.0,1.0,8,1.0,bar,none,11,2,9,0.7272727272727273,4080.683170511853,0.0,4080.683170511853,0.0,3.754709382017774,0.4545454545454595,644.6353377295309,2.1818181818181817,0.7272727272727273,0.2727272727272727,0.0,0.0,0.36363636363636365,370.9711973192594
60,atr,2.0,1.0,8,1.0,bar,exchange,11,2,9,0.7272727272727273,4094.683170511853,888.0112352376174,3206.6719352742357,0.12597013432405546,2.8615769672061204,0.3143027839001151,725.4422953983885,2.272727272727273,0.7272727272727273,0.2727272727272727,0.0,0.0,0.36363636363636365,291.515630479476
60,atr,2.0,1.0,8,1.0,bar,cfd_std,11,2,9,0.7272727272727273,4175.183170511853,189.0,3986.183170511853,0.026680297147000646,3.5962734376850487,0.44040541464011085,671.6353377295309,2.272727272727273,0.7272727272727273,0.2727272727272727,0.0,0.0,0.36363636363636365,362.38028822835025
60,atr,2.0,1.0,8,1.0,bar,cfd_raw,11,2,9,0.7272727272727273,4136.683170511853,178.0,3958.683170511853,0.025186139990468186,3.58509707117309,0.43553828965755415,666.6353377295309,2.272727272727273,0.7272727272727273,0.2727272727272727,0.0,0.0,0.36363636363636365,359.88028822835025
60,atr,2.0,1.0,8,1.0,tick,none,11,2,9,0.6363636363636364,3463.425666967363,0.0,3463.425666967363,0.0,3.2283601447536925,0.35146175712816774,644.6353377295309,1.9090909090909092,0.6363636363636364,0.2727272727272727,0.09090909090909091,0.0,0.36363636363636365,314.8568788152148
60,atr,2.0,1.0,8,1.0,tick,exchange,11,2,9,0.6363636363636364,3475.425666967363,889.7006064858452,2585.725060481518,0.13529669076672257,2.377653127848535,0.21060295135732307,725.4422953983885,2.0,0.6363636363636364,0.2727272727272727,0.09090909090909091,0.0,0.36363636363636365,235.06591458922892
60,atr,2.0,1.0,8,1.0,tick,cfd_std,11,2,9,0.6363636363636364,3544.425666967363,202.5,3341.925666967363,0.030686826200213645,3.0436804764152923,0.33281264310985237,671.6353377295309,2.0,0.6363636363636364,0.2727272727272727,0.09090909090909091,0.0,0.36363636363636365,303.81142426976027
60,atr,2.0,1.0,8,1.0,tick,cfd_raw,11,2,9,0.6363636363636364,3511.425666967363,186.0,3325.425666967363,0.02823348162281079,3.044844581504258,0.3297825483214673,666.6353377295309,2.0,0.6363636363636364,0.2727272727272727,0.09090909090909091,0.0,0.36363636363636365,302.31142426976027
60,atr,2.0,1.0,8,2.0,off,none,0,0,0,,0.0,0.0,0.0,,,,0.0,,0.0,0.0,0.0,0.0,,
60,atr,2.0,1.0,8,2.0,off,exchange,0,0,0,,0.0,0.0,0.0,,,,0.0,,0.0,0.0,0.0,0.0,,
60,atr,2.0,1.0,8,2.0,off,cfd_std,0,0,0,,0.0,0.0,0.0,,,,0.0,,0.0,0.0,0.0,0.0,,
60,atr,2.0,1.0,8,2.0,off,cfd_raw,0,0,0,,0.0,0.0,0.0,,,,0.0,,0.0,0.0,0.0,0.0,,
60,atr,2.0,1.0,8,2.0,bar,none,0,0,0,,0.0,0.0,0.0,,,,0.0,,0.0,0.0,0.0,0.0,,
60,atr,2.0,1.0,8,2.0,bar,exchange,0,0,0,,0.0,0.0,0.0,,,,0.0,,0.0,0.0,0.0,0.0,,
60,atr,2.0,1.0,8,2.0,bar,cfd_std,0,0,0,,0.0,0.0,0.0,,,,0.0,,0.0,0.0,0.0,0.0,,
60,atr,2.0,1.0,8,2.0,bar,cfd_raw,0,0,0,,0.0,0.0,0.0,,,,0.0,,0.0,0.0,0.0,0.0,,
60,atr,2.0,1.0,8,2.0,tick,none,0,0,0,,0.0,0.0,0.0,,,,0.0,,0.0,0.0,0.0,0.0,,
60,atr,2.0,1.0,8,2.0,tick,exchange,0,0,0,,0.0,0.0,0.0,,,,0.0,,0.0,0.0,0.0,0.0,,
60,atr,2.0,1.0,8,2.0,tick,cfd_std,0,0,0,,0.0,0.0,0.0,,,,0.0,,0.0,0.0,0.0,0.0,,
60,atr,2.0,1.0,8,2.0,tick,cfd_raw,0,0,0,,0.0,0.0,0.0,,,,0.0,,0.0,0.0,0.0,0.0,,
60,atr,2.0,1.5,3,0.5,off,none,24,13,11,0.5,3680.780066949301,0.0,3680.780066949301,0.0,1.4070498056219891,0.25000000000000105,2123.136179563473,11.791666666666666,0.5,0.5,0.0,0.0,0.08333333333333333,153.36583612288754
60,atr,2.0,1.5,3,0.5,off,exchange,24,13,11,0.5,3724.780066949301,1952.4003026211515,1772.3797643281491,0.08969979965055311,1.177070059212803,0.13005352090755115,2280.0940037763503,11.791666666666666,0.5,0.5,0.0,0.0,0.08333333333333333,73.84915684700621
60,atr,2.0,1.5,3,0.5,off,cfd_std,24,13,11,0.5,3977.780066949301,486.0,3491.780066949301,0.022328465413390133,1.378796930166654,0.23838149134267664,2150.136179563473,11.708333333333334,0.5,0.5,0.0,0.0,0.08333333333333333,145.49083612288754
60,atr,2.0,1.5,3,0.5,off,cfd_raw,24,13,11,0.5,3856.780066949301,432.0,3424.780066949301,0.01984752481190234,1.3715084535260667,0.23404062506373055,2151.136179563473,11.708333333333334,0.5,0.5,0.0,0.0,0.08333333333333333,142.69916945622086
60,atr,2.0,1.5,3,0.5,bar,none,27,13,14,0.5925925925925926,7375.991108934526,0.0,7375.991108934526,0.0,2.125124275497525,0.39150528761919584,2123.136179563473,8.962962962962964,0.48148148148148145,0.3333333333333333,0.18518518518518517,0.0,0.07407407407407407,273.18485588646394
60,atr,2.0,1.5,3,0.5,bar,exchange,27,13,14,0.5555555555555556,7415.991108934526,2204.276918754526,5211.7141901800005,0.10754975352323898,1.6932296798084627,0.2675893816826984,2280.0940037763357,8.962962962962964,0.48148148148148145,0.3333333333333333,0.18518518518518517,0.0,0.07407407407407407,193.02645148814815
60,atr,2.0,1.5,3,0.5,bar,cfd_std,27,13,14,0.5555555555555556,7645.991108934526,553.5,7092.491108934526,0.02694556232693289,2.048146202447686,0.37562233356180336,2150.136179563473,8.962962962962964,0.48148148148148145,0.3333333333333333,0.18518518518518517,0.0,0.07407407407407407,262.68485588646394
60,atr,2.0,1.5,3,0.5,bar,cfd_raw,27,13,14,0.5555555555555556,7535.991108934526,490.0,7045.991108934526,0.023879822141619374,2.043742265090521,0.3727974444718568,2151.136179563473,8.962962962962964,0.48148148148148145,0.3333333333333333,0.18518518518518517,0.0,0.07407407407407407,260.9626336642417
60,atr,2.0,1.5,3,0.5,tick,none,31,16,15,0.6129032258064516,5901.958556890633,0.0,5901.958556890633,0.0,2.1697968875344653,0.2639705412698884,2342.7771527932928,6.064516129032258,0.2903225806451613,0.22580645161290322,0.4838709677419355,0.0,0.06451612903225806,190.38575989969783
60,atr,2.0,1.5,3,0.5,tick,exchange,31,16,15,0.5483870967741935,5929.958556890633,2547.240245553757,3382.7183113368765,0.1592370665084167,1.5564339843728225,0.1366566434398983,3147.772804168024,6.064516129032258,0.2903225806451613,0.22580645161290322,0.4838709677419355,0.0,0.06451612903225806,109.11994552699602
60,atr,2.0,1.5,3,0.5,tick,cfd_std,32,17,15,0.59375,5571.36066822632,742.5,4828.86066822632,0.04371449472103778,1.7971144864901438,0.19828283189777093,2531.7771527932928,5.8125,0.28125,0.25,0.46875,0.0,0.0625,150.9018958820725
60,atr,2.0,1.5,3,0.5,tick,cfd_raw,32,17,15,0.59375,5488.86066822632,632.0,4856.86066822632,0.037220888446490456,1.8052590832929214,0.19962283702566513,2514.7771527932928,5.8125,0.28125,0.25,0.46875,0.0,0.0625,151.7768958820725
60,atr,2.0,1.5,3,1.0,off,none,17,9,8,0.5294117647058824,3754.983001161003,0.0,3754.983001161003,0.0,1.69024661000121,0.3235294117647073,1748.4399597673037,7.882352941176471,0.5294117647058824,0.47058823529411764,0.0,0.0,0.17647058823529413,220.88135300947076
60,atr,2.0,1.5,3,1.0,off,exchange,17,9,8,0.5294117647058824,3782.983001161003,1382.3930755088643,2400.589925652139,0.09443154186082979,1.3945811991990495,0.19565077048051246,1927.9406938742177,7.882352941176471,0.5294117647058824,0.47058823529411764,0.0,0.0,0.17647058823529413,141.21117209718463
60,atr,2.0,1.5,3,1.0,off,cfd_std,17,9,8,0.5294117647058824,3943.983001161003,337.5,3606.483001161003,0.023018525931006343,1.6468958136699996,0.310140034961996,1788.9399597673037,7.882352941176471,0.5294117647058824,0.47058823529411764,0.0,0.0,0.17647058823529413,212.1460588918237
60,atr,2.0,1.5,3,1.0,off,cfd_raw,17,9,8,0.5294117647058824,3866.983001161003,302.0,3564.983001161003,0.020612782416877688,1.6402558476790863,0.30593996075902724,1784.4399597673037,7.882352941176471,0.5294117647058824,0.47058823529411764,0.0,0.0,0.17647058823529413,209.70488242123545
60,atr,2.0,1.5,3,1.0,bar,none,17,9,8,0.6470588235294118,5425.677355825246,0.0,5425.677355825246,0.0,2.588908908147395,0.445588046326492,1748.4399597673037,6.588235294117647,0.47058823529411764,0.29411764705882354,0.23529411764705882,0.0,0.17647058823529413,319.1574915191321
60,atr,2.0,1.5,3,1.0,bar,exchange,17,9,8,0.5882352941176471,5445.677355825246,1385.3095106262306,4060.3678451990163,0.11296554603814182,2.020933871290592,0.3167067922838513,1907.014959787426,6.588235294117647,0.47058823529411764,0.29411764705882354,0.23529411764705882,0.0,0.17647058823529413,238.845167364648
60,atr,2.0,1.5,3,1.0,bar,cfd_std,17,9,8,0.5882352941176471,5560.677355825246,351.0,5209.677355825246,0.028515453206841034,2.4641300139043114,0.42594995738331404,1788.9399597673037,6.588235294117647,0.47058823529411764,0.29411764705882354,0.23529411764705882,0.0,0.17647058823529413,306.45160916619096
60,atr,2.0,1.5,3,1.0,bar,cfd_raw,17,9,8,0.5882352941176471,5505.677355825246,310.0,5195.677355825246,0.025229681144007407,2.467827044770528,0.424295654793128,1784.4399597673037,6.588235294117647,0.47058823529411764,0.29411764705882354,0.23529411764705882,0.0,0.17647058823529413,305.62807975442627
60,atr,2.0,1.5,3,1.0,tick,none,17,9,8,0.5294117647058824,2324.0416317612544,0.0,2324.0416317612544,0.0,1.7440677032532885,0.20783585480248623,1748.4399597673037,4.0,0.29411764705882354,0.23529411764705882,0.47058823529411764,0.0,0.17647058823529413,136.7083312800738
60,atr,2.0,1.5,3,1.0,tick,exchange,17,9,8,0.4117647058823529,2336.0416317612544,1390.6685486367169,945.3730831245371,0.16217903985807167,1.2462014653452802,0.07774234627773478,2316.6427795124473,4.0,0.29411764705882354,0.23529411764705882,0.47058823529411764,0.0,0.17647058823529413,55.610181360266886
60,atr,2.0,1.5,3,1.0,tick,cfd_std,17,9,8,0.5294117647058824,2405.0416317612544,391.5,2013.5416317612544,0.04553439100839898,1.6078749030806931,0.17949203588240892,1788.9399597673037,4.0,0.29411764705882354,0.23529411764705882,0.47058823529411764,0.0,0.17647058823529413,118.44362539772085
60,atr,2.0,1.5,3,1.0,tick,cfd_raw,17,9,8,0.5294117647058824,2372.0416317612544,334.0,2038.0416317612544,0.03889647253099635,1.6207055108431943,0.18138451217170046,1784.4399597673037,4.0,0.29411764705882354,0.23529411764705882,0.47058823529411764,0.0,0.17647058823529413,119.88480186830908
60,atr,2.0,1.5,3,2.0,off,none,1,0,1,0.0,-998.6443142778589,0.0,-998.6443142778589,0.0,0.0,-1.000000000000002,998.6443142778589,31.0,0.0,1.0,0.0,0.0,0.0,-998.6443142778589
60,atr,2.0,1.5,3,2.0,off,exchange,1,0,1,0.0,-996.6443142778589,80.09386215713891,-1076.738176434998,0.08036353693059768,0.0,-1.078199876613339,1076.7381764349993,31.0,0.0,1.0,0.0,0.0,0.0,-1076.738176434998
60,atr,2.0,1.5,3,2.0,off,cfd_std,1,0,1,0.0,-985.1443142778589,27.0,-1012.1443142778589,0.027407152037203637,0.0,-1.013518326602364,1012.1443142778589,31.0,0.0,1.0,0.0,0.0,0.0,-1012.1443142778589
60,atr,2.0,1.5,3,2.0,off,cfd_raw,1,0,1,0.0,-990.6443142778589,22.0,-1012.6443142778589,0.022207768906478954,0.0,-1.0140190053654146,1012.6443142778589,31.0,0.0,1.0,0.0,0.0,0.0,-1012.6443142778589
60,atr,2.0,1.5,3,2.0,bar,none,1,0,1,0.0,-998.6443142778589,0.0,-998.6443142778589,0.0,0.0,-1.000000000000002,998.6443142778589,31.0,0.0,1.0,0.0,0.0,0.0,-998.6443142778589
60,atr,2.0,1.5,3,2.0,bar,exchange,1,0,1,0.0,-996.6443142778589,80.09386215713891,-1076.738176434998,0.08036353693059768,0.0,-1.078199876613339,1076.7381764349993,31.0,0.0,1.0,0.0,0.0,0.0,-1076.738176434998
60,atr,2.0,1.5,3,2.0,bar,cfd_std,1,0,1,0.0,-985.1443142778589,27.0,-1012.1443142778589,0.027407152037203637,0.0,-1.013518326602364,1012.1443142778589,31.0,0.0,1.0,0.0,0.0,0.0,-1012.1443142778589
60,atr,2.0,1.5,3,2.0,bar,cfd_raw,1,0,1,0.0,-990.6443142778589,22.0,-1012.6443142778589,0.022207768906478954,0.0,-1.0140190053654146,1012.6443142778589,31.0,0.0,1.0,0.0,0.0,0.0,-1012.6443142778589
60,atr,2.0,1.5,3,2.0,tick,none,1,0,1,0.0,-64.45456213952275,0.0,-64.45456213952275,0.0,0.0,-0.06454206088994893,64.45456213952275,25.0,0.0,0.0,1.0,0.0,0.0,-64.45456213952275
60,atr,2.0,1.5,3,2.0,tick,exchange,1,0,1,0.0,-64.45456213952275,79.62776728106975,-144.0823294205925,1.2354093277168192,0.0,-0.14427792494345876,144.08232942059112,25.0,0.0,0.0,1.0,0.0,0.0,-144.0823294205925
60,atr,2.0,1.5,3,2.0,tick,cfd_std,1,0,1,0.0,-64.45456213952275,27.0,-91.45456213952275,0.41889975051810846,0.0,-0.09157871409467311,91.45456213952275,25.0,0.0,0.0,1.0,0.0,0.0,-91.45456213952275
60,atr,2.0,1.5,3,2.0,tick,cfd_raw,1,0,1,0.0,-64.45456213952275,22.0,-86.45456213952275,0.3413257226443847,0.0,-0.08657192646416864,86.45456213952275,25.0,0.0,0.0,1.0,0.0,0.0,-86.45456213952275
60,atr,2.0,1.5,5,0.5,off,none,17,6,11,0.4117647058823529,-851.5298398636514,0.0,-851.5298398636514,0.0,0.8768767309023425,0.029411764705881152,3609.906733146883,7.235294117647059,0.4117647058823529,0.5882352941176471,0.0,0.0,0.058823529411764705,-50.08999058021479
60,atr,2.0,1.5,5,0.5,off,exchange,17,6,11,0.4117647058823529,-819.5298398636514,1379.4740064043813,-2199.0038462680327,0.10630455829126395,0.7150307030451972,-0.10476575789524906,4550.669967705428,7.235294117647059,0.4117647058823529,0.5882352941176471,0.0,0.0,0.058823529411764705,-129.35316742753133
60,atr,2.0,1.5,5,0.5,off,cfd_std,18,7,11,0.3888888888888889,-1155.1277285279648,391.5,-1546.6277285279648,0.028126402316171882,0.8025804292704041,-0.04148561198753171,4424.8828822067735,6.666666666666667,0.3888888888888889,0.6111111111111112,0.0,0.0,0.05555555555555555,-85.92376269599805
60,atr,2.0,1.5,5,0.5,off,cfd_raw,18,7,11,0.3888888888888889,-1248.6277285279648,340.0,-1588.6277285279648,0.02439758421215426,0.797219331820965,-0.04586747530191366,4448.3828822067735,6.666666666666667,0.3888888888888889,0.6111111111111112,0.0,0.0,0.05555555555555555,-88.25709602933138
60,atr,2.0,1.5,5,0.5,bar,none,18,6,12,0.4444444444444444,328.7880449469376,0.0,328.7880449469376,0.0,1.063933207717025,0.1048505716833142,2919.068619772326,5.944444444444445,0.3333333333333333,0.3888888888888889,0.2777777777777778,0.0,0.05555555555555555,18.26600249705209
60,atr,2.0,1.5,5,0.5,bar,exchange,18,6,12,0.3888888888888889,352.7880449469376,1465.1279475816755,-1112.3399026347379,0.1380353723217393,0.8143526286625402,-0.030758488321454003,3951.7295353938825,5.944444444444445,0.3333333333333333,0.3888888888888889,0.2777777777777778,0.0,0.05555555555555555,-61.79666125748544
60,atr,2.0,1.5,5,0.5,bar,cfd_std,19,7,12,0.42105263157894735,-28.80984371737577,432.0,-460.80984371737577,0.03730623706366077,0.9244737644764098,0.0256823330372558,3815.0447688322165,5.473684210526316,0.3157894736842105,0.42105263157894735,0.2631578947368421,0.0,0.05263157894736842,-24.253149669335567
60,atr,2.0,1.5,5,0.5,bar,cfd_raw,19,7,12,0.42105263157894735,-100.30984371737577,370.0,-470.30984371737577,0.031936932306324314,0.9227077006884896,0.02425805329017606,3811.5447688322165,5.473684210526316,0.3157894736842105,0.42105263157894735,0.2631578947368421,0.0,0.05263157894736842,-24.753149669335567
60,atr,2.0,1.5,5,0.5,tick,none,19,7,12,0.5263157894736842,-1076.8604851064447,0.0,-1076.8604851064447,0.0,0.7813631573561358,-0.060988297981664295,3542.6264209260407,4.526315789473684,0.15789473684210525,0.3684210526315789,0.47368421052631576,0.0,0.05263157894736842,-56.676867637181296
60,atr,2.0,1.5,5,0.5,tick,exchange,19,7,12,0.42105263157894735,-1058.8604851064447,1557.206801456514,-2616.0672865629595,0.177604852443584,0.5403669461680788,-0.19621604389276803,4837.001789414644,4.526315789473684,0.15789473684210525,0.3684210526315789,0.47368421052631576,0.0,0.05263157894736842,-137.6877519243663
60,atr,2.0,1.5,5,0.5,tick,cfd_std,20,8,12,0.5,-1474.958373770758,499.5,-1974.458373770758,0.05150014756333359,0.6628879690968256,-0.13732012070075156,4636.2676543374255,4.15,0.15,0.4,0.45,0.0,0.05,-98.7229186885379
60,atr,2.0,1.5,5,0.5,tick,cfd_raw,20,8,12,0.5,-1529.958373770758,416.0,-1945.958373770758,0.04279394536001581,0.6671003198801222,-0.13520596298676188,4600.7676543374255,4.15,0.15,0.4,0.45,0.0,0.05,-97.2979186885379
60,atr,2.0,1.5,5,1.0,off,none,11,4,7,0.36363636363636365,-736.5460535122984,0.0,-736.5460535122984,0.0,0.8353173353388573,-0.09090909090909043,2984.9930840147717,6.636363636363637,0.36363636363636365,0.6363636363636364,0.0,0.0,0.18181818181818182,-66.95873213748168
60,atr,2.0,1.5,5,1.0,off,exchange,11,4,7,0.36363636363636365,-718.5460535122984,895.509670831288,-1614.0557243435867,0.10912215172722109,0.6794148568763618,-0.23109224859431085,3461.9165953422926,6.636363636363637,0.36363636363636365,0.6363636363636364,0.0,0.0,0.18181818181818182,-146.7323385766897
60,atr,2.0,1.5,5,1.0,off,cfd_std,11,4,7,0.36363636363636365,-615.0460535122984,243.0,-858.0460535122984,0.029652268990145957,0.8132253292826906,-0.1087822099577381,3079.4930840147717,6.636363636363637,0.36363636363636365,0.6363636363636364,0.0,0.0,0.18181818181818182,-78.00418668293622
60,atr,2.0,1.5,5,1.0,off,cfd_raw,11,4,7,0.36363636363636365,-664.5460535122984,210.0,-874.5460535122984,0.025608230889308015,0.8093224092298019,-0.11207328824128547,3076.9930840147717,6.636363636363637,0.36363636363636365,0.6363636363636364,0.0,0.0,0.18181818181818182,-79.50418668293622
60,atr,2.0,1.5,5,1.0,bar,none,11,4,7,0.45454545454545453,501.9475406186684,0.0,501.9475406186684,0.0,1.1900635277360918,0.04434199201028972,1784.9836599657574,4.7272727272727275,0.2727272727272727,0.36363636363636365,0.36363636363636365,0.0,0.18181818181818182,45.63159460169713
60,atr,2.0,1.5,5,1.0,bar,exchange,11,4,7,0.36363636363636365,511.9475406186684,898.4434241539221,-386.4958835352538,0.15528314832117207,0.8780334935593815,-0.0973968730730853,2431.7707167009503,4.7272727272727275,0.2727272727272727,0.36363636363636365,0.36363636363636365,0.0,0.18181818181818182,-35.1359894122958
60,atr,2.0,1.5,5,1.0,bar,cfd_std,11,4,7,0.45454545454545453,569.4475406186684,256.5,312.9475406186684,0.044244430655391166,1.1127354510595224,0.016833943772907034,1946.9836599657574,4.7272727272727275,0.2727272727272727,0.36363636363636365,0.36363636363636365,0.0,0.18181818181818182,28.449776419878948
60,atr,2.0,1.5,5,1.0,bar,cfd_raw,11,4,7,0.45454545454545453,541.9475406186684,218.0,323.9475406186684,0.037639162421401626,1.117502310071445,0.017468207010696138,1928.9836599657574,4.7272727272727275,0.2727272727272727,0.36363636363636365,0.36363636363636365,0.0,0.18181818181818182,29.449776419878948
60,atr,2.0,1.5,5,1.0,tick,none,11,4,7,0.45454545454545453,-146.24542077565275,0.0,-146.24542077565275,0.0,0.9410723723130542,-0.03395993407270816,1368.788439797805,3.1818181818181817,0.18181818181818182,0.36363636363636365,0.45454545454545453,0.0,0.18181818181818182,-13.295038252332068
60,atr,2.0,1.5,5,1.0,tick,exchange,11,4,7,0.36363636363636365,-138.24542077565275,901.0574136441668,-1039.3028344198194,0.18704556588775226,0.6532218046984063,-0.17620326276930912,2179.7892819324625,3.1818181818181817,0.18181818181818182,0.36363636363636365,0.45454545454545453,0.0,0.18181818181818182,-94.48207585634722
60,atr,2.0,1.5,5,1.0,tick,cfd_std,11,4,7,0.45454545454545453,-92.24542077565275,270.0,-362.24542077565275,0.05604781895689145,0.8615682669580241,-0.0644924543613357,1584.788439797805,3.1818181818181817,0.18181818181818182,0.36363636363636365,0.45454545454545453,0.0,0.18181818181818182,-32.9314018886957
60,atr,2.0,1.5,5,1.0,tick,cfd_raw,11,4,7,0.45454545454545453,-114.24542077565275,226.0,-340.24542077565275,0.04691410031206469,0.8690245548020797,-0.06262599880637279,1556.788439797805,3.1818181818181817,0.18181818181818182,0.36363636363636365,0.45454545454545453,0.0,0.18181818181818182,-30.931401888695703
60,atr,2.0,1.5,5,2.0,off,none,0,0,0,,0.0,0.0,0.0,,,,0.0,,0.0,0.0,0.0,0.0,,
60,atr,2.0,1.5,5,2.0,off,exchange,0,0,0,,0.0,0.0,0.0,,,,0.0,,0.0,0.0,0.0,0.0,,
60,atr,2.0,1.5,5,2.0,off,cfd_std,0,0,0,,0.0,0.0,0.0,,,,0.0,,0.0,0.0,0.0,0.0,,
60,atr,2.0,1.5,5,2.0,off,cfd_raw,0,0,0,,0.0,0.0,0.0,,,,0.0,,0.0,0.0,0.0,0.0,,
60,atr,2.0,1.5,5,2.0,bar,none,0,0,0,,0.0,0.0,0.0,,,,0.0,,0.0,0.0,0.0,0.0,,
60,atr,2.0,1.5,5,2.0,bar,exchange,0,0,0,,0.0,0.0,0.0,,,,0.0,,0.0,0.0,0.0,0.0,,
60,atr,2.0,1.5,5,2.0,bar,cfd_std,0,0,0,,0.0,0.0,0.0,,,,0.0,,0.0,0.0,0.0,0.0,,
60,atr,2.0,1.5,5,2.0,bar,cfd_raw,0,0,0,,0.0,0.0,0.0,,,,0.0,,0.0,0.0,0.0,0.0,,
60,atr,2.0,1.5,5,2.0,tick,none,0,0,0,,0.0,0.0,0.0,,,,0.0,,0.0,0.0,0.0,0.0,,
60,atr,2.0,1.5,5,2.0,tick,exchange,0,0,0,,0.0,0.0,0.0,,,,0.0,,0.0,0.0,0.0,0.0,,
60,atr,2.0,1.5,5,2.0,tick,cfd_std,0,0,0,,0.0,0.0,0.0,,,,0.0,,0.0,0.0,0.0,0.0,,
60,atr,2.0,1.5,5,2.0,tick,cfd_raw,0,0,0,,0.0,0.0,0.0,,,,0.0,,0.0,0.0,0.0,0.0,,
60,atr,2.0,1.5,8,0.5,off,none,17,5,12,0.35294117647058826,-2534.858127757063,0.0,-2534.858127757063,0.0,0.6792137041999246,-0.11764705882353103,5148.6150758706935,10.588235294117647,0.35294117647058826,0.6470588235294118,0.0,0.0,0.17647058823529413,-149.1093016327684
60,atr,2.0,1.5,8,0.5,off,exchange,17,5,12,0.35294117647058826,-2506.858127757063,1394.7188297770365,-3901.5769575340996,0.1051731203635993,0.556109650489178,-0.24880522859901255,6346.426172091684,10.588235294117647,0.35294117647058826,0.6470588235294118,0.0,0.0,0.17647058823529413,-229.50452691377058
60,atr,2.0,1.5,8,0.5,off,cfd_std,17,5,12,0.35294117647058826,-2345.858127757063,378.0,-2723.858127757063,0.0286034871499316,0.662785136162401,-0.13395173588609505,5324.1150758706935,10.529411764705882,0.35294117647058826,0.6470588235294118,0.0,0.0,0.17647058823529413,-160.22694869159193
60,atr,2.0,1.5,8,0.5,off,cfd_raw,17,5,12,0.35294117647058826,-2422.858127757063,326.0,-2748.858127757063,0.02462761699708701,0.6594582491728238,-0.13714426677379574,5342.6150758706935,10.529411764705882,0.35294117647058826,0.6470588235294118,0.0,0.0,0.17647058823529413,-161.69753692688604
60,atr,2.0,1.5,8,0.5,bar,none,20,6,14,0.4,264.42051194020314,0.0,264.42051194020314,0.0,1.0475852580584104,0.05771629808581795,3618.2064249346586,6.9,0.3,0.35,0.35,0.0,0.15,13.221025597010158
60,atr,2.0,1.5,8,0.5,bar,exchange,20,6,14,0.35,284.42051194020314,1637.8843844369455,-1353.463872496743,0.14395227586500217,0.7941717715657927,-0.07089081092153617,4434.3115322379745,6.9,0.3,0.35,0.35,0.0,0.15,-67.67319362483715
60,atr,2.0,1.5,8,0.5,bar,cfd_std,21,7,14,0.38095238095238093,-583.491353698395,486.0,-1069.491353698395,0.03794809636858443,0.8482179102234704,-0.0477518762064763,4310.484918916671,6.523809523809524,0.2857142857142857,0.42857142857142855,0.2857142857142857,0.0,0.14285714285714285,-50.92815969992357
60,atr,2.0,1.5,8,0.5,bar,cfd_raw,21,7,14,0.38095238095238093,-649.491353698395,414.0,-1063.491353698395,0.03229841481410875,0.8484996553788124,-0.04810712852819354,4296.984918916671,6.523809523809524,0.2857142857142857,0.42857142857142855,0.2857142857142857,0.0,0.14285714285714285,-50.642445414209284
60,atr,2.0,1.5,8,0.5,tick,none,22,7,15,0.5,-144.4646708976652,0.0,-144.4646708976652,0.0,0.9751647586503898,-0.021396984843130927,3295.3465280422097,5.2727272727272725,0.18181818181818182,0.36363636363636365,0.45454545454545453,0.0,0.13636363636363635,-6.566575949893873
60,atr,2.0,1.5,8,0.5,tick,exchange,22,7,15,0.45454545454545453,-126.4646708976652,1803.881529902731,-1930.3462008003962,0.15708628643954148,0.7128077581653731,-0.14880984966726832,4657.038641079387,5.2727272727272725,0.18181818181818182,0.36363636363636365,0.45454545454545453,0.0,0.13636363636363635,-87.74300912729073
60,atr,2.0,1.5,8,0.5,tick,cfd_std,23,8,15,0.4782608695652174,-542.5625595619786,567.0,-1109.5625595619786,0.04567216139910733,0.8368905276407104,-0.09237890070655104,4388.987761453594,4.913043478260869,0.17391304347826086,0.391304347826087,0.43478260869565216,0.0,0.13043478260869565,-48.2418504157382
60,atr,2.0,1.5,8,0.5,tick,cfd_raw,23,8,15,0.4782608695652174,-597.5625595619786,474.0,-1071.5625595619786,0.03811341907261911,0.841977214387303,-0.09010817079628862,4353.487761453594,4.913043478260869,0.17391304347826086,0.391304347826087,0.43478260869565216,0.0,0.13043478260869565,-46.58967650269472
60,atr,2.0,1.5,8,1.0,off,none,11,2,9,0.36363636363636365,-1170.1525804412813,0.0,-1170.1525804412813,0.0,0.7507178276038914,-0.09090909090908948,2581.4674984559388,10.272727272727273,0.36363636363636365,0.6363636363636364,0.0,0.0,0.09090909090909091,-106.37750731284376
60,atr,2.0,1.5,8,1.0,off,exchange,11,2,9,0.36363636363636365,-1150.1525804412813,897.1485516333727,-2047.301132074654,0.10922155867602674,0.6102795227271843,-0.23156424393766956,3374.2282875483215,10.272727272727273,0.36363636363636365,0.6363636363636364,0.0,0.0,0.09090909090909091,-186.11828473405947
60,atr,2.0,1.5,8,1.0,off,cfd_std,11,2,9,0.36363636363636365,-1035.1525804412813,243.0,-1278.1525804412813,0.02966661886701352,0.7338340227212333,-0.1069133954224514,2689.4674984559388,10.272727272727273,0.36363636363636365,0.6363636363636364,0.0,0.0,0.09090909090909091,-116.19568913102557
60,atr,2.0,1.5,8,1.0,off,cfd_raw,11,2,9,0.36363636363636365,-1090.1525804412813,210.0,-1300.1525804412813,0.025603435066769157,0.7291398734525771,-0.11102100519433605,2705.4674984559388,10.272727272727273,0.36363636363636365,0.6363636363636364,0.0,0.0,0.09090909090909091,-118.19568913102557
60,atr,2.0,1.5,8,1.0,bar,none,11,2,9,0.45454545454545453,832.8131115932629,0.0,832.8131115932629,0.0,1.4141394910663725,0.08757306784568387,1311.018117067928,5.7272727272727275,0.2727272727272727,0.2727272727272727,0.45454545454545453,0.0,0.09090909090909091,75.7102828721148
60,atr,2.0,1.5,8,1.0,bar,exchange,11,2,9,0.36363636363636365,842.8131115932629,898.869270916996,-56.056159323733254,0.1850778240555703,0.9779252441953697,-0.05464842206382723,1868.4499313603592,5.7272727272727275,0.2727272727272727,0.2727272727272727,0.45454545454545453,0.0,0.09090909090909091,-5.09601448397575
60,atr,2.0,1.5,8,1.0,bar,cfd_std,11,2,9,0.45454545454545453,436.99913461897813,256.5,180.49913461897813,0.048110073887436114,1.0691763090272,3.426394843116091e-05,1437.6406488627545,5.909090909090909,0.2727272727272727,0.36363636363636365,0.36363636363636365,0.0,0.09090909090909091,16.40901223808892
60,atr,2.0,1.5,8,1.0,bar,cfd_raw,11,2,9,0.45454545454545453,403.99913461897813,218.0,185.99913461897813,0.04088887371329853,1.071654918178973,-0.0004487499264348135,1424.6406488627545,5.909090909090909,0.2727272727272727,0.36363636363636365,0.36363636363636365,0.0,0.09090909090909091,16.90901223808892
60,atr,2.0,1.5,8,1.0,tick,none,11,2,9,0.5454545454545454,1377.71653927851,0.0,1377.71653927851,0.0,1.8510745209107295,0.10725469883645493,921.3015582633088,4.090909090909091,0.18181818181818182,0.2727272727272727,0.5454545454545454,0.0,0.09090909090909091,125.24695811622819
60,atr,2.0,1.5,8,1.0,tick,exchange,11,2,9,0.5454545454545454,1385.71653927851,900.2938632664037,485.42267601210597,0.19506683512495582,1.2398978429867131,-0.03553690726053857,1248.9860390424437,4.090909090909091,0.18181818181818182,0.2727272727272727,0.5454545454545454,0.0,0.09090909090909091,44.129334182918726
60,atr,2.0,1.5,8,1.0,tick,cfd_std,11,2,9,0.5454545454545454,1431.71653927851,270.0,1161.71653927851,0.05850094911527037,1.672758181524554,0.0760711262979702,1015.8015582633088,4.090909090909091,0.18181818181818182,0.2727272727272727,0.5454545454545454,0.0,0.09090909090909091,105.61059447986455
60,atr,2.0,1.5,8,1.0,tick,cfd_raw,11,2,9,0.5454545454545454,1409.71653927851,226.0,1183.71653927851,0.04896746111130039,1.691101640738608,0.07814766275854303,1001.3015582633088,4.090909090909091,0.18181818181818182,0.2727272727272727,0.5454545454545454,0.0,0.09090909090909091,107.61059447986455
60,atr,2.0,1.5,8,2.0,off,none,0,0,0,,0.0,0.0,0.0,,,,0.0,,0.0,0.0,0.0,0.0,,
60,atr,2.0,1.5,8,2.0,off,exchange,0,0,0,,0.0,0.0,0.0,,,,0.0,,0.0,0.0,0.0,0.0,,
60,atr,2.0,1.5,8,2.0,off,cfd_std,0,0,0,,0.0,0.0,0.0,,,,0.0,,0.0,0.0,0.0,0.0,,
60,atr,2.0,1.5,8,2.0,off,cfd_raw,0,0,0,,0.0,0.0,0.0,,,,0.0,,0.0,0.0,0.0,0.0,,
60,atr,2.0,1.5,8,2.0,bar,none,0,0,0,,0.0,0.0,0.0,,,,0.0,,0.0,0.0,0.0,0.0,,
60,atr,2.0,1.5,8,2.0,bar,exchange,0,0,0,,0.0,0.0,0.0,,,,0.0,,0.0,0.0,0.0,0.0,,
60,atr,2.0,1.5,8,2.0,bar,cfd_std,0,0,0,,0.0,0.0,0.0,,,,0.0,,0.0,0.0,0.0,0.0,,
60,atr,2.0,1.5,8,2.0,bar,cfd_raw,0,0,0,,0.0,0.0,0.0,,,,0.0,,0.0,0.0,0.0,0.0,,
60,atr,2.0,1.5,8,2.0,tick,none,0,0,0,,0.0,0.0,0.0,,,,0.0,,0.0,0.0,0.0,0.0,,
60,atr,2.0,1.5,8,2.0,tick,exchange,0,0,0,,0.0,0.0,0.0,,,,0.0,,0.0,0.0,0.0,0.0,,
60,atr,2.0,1.5,8,2.0,tick,cfd_std,0,0,0,,0.0,0.0,0.0,,,,0.0,,0.0,0.0,0.0,0.0,,
60,atr,2.0,1.5,8,2.0,tick,cfd_raw,0,0,0,,0.0,0.0,0.0,,,,0.0,,0.0,0.0,0.0,0.0,,
60,atr,2.0,2.0,3,0.5,off,none,18,9,9,0.5,6986.858475733723,0.0,6986.858475733723,0.0,2.0554243892994775,0.5000000000000001,1219.9023026488576,17.333333333333332,0.5,0.5,0.0,0.0,0.0,388.15880420742906
60,atr,2.0,2.0,3,0.5,off,exchange,18,9,9,0.5,7022.858475733723,1469.0360542212045,5553.822421512519,0.07262833585802139,1.7557931527103243,0.38053898084299814,1298.1067938001797,17.333333333333332,0.5,0.5,0.0,0.0,0.0,308.5456900840288
60,atr,2.0,2.0,3,0.5,off,cfd_std,18,9,9,0.5,7229.858475733723,364.5,6865.358475733723,0.018020679849333733,2.0183798364985717,0.48900823796036935,1233.4023026488576,17.166666666666668,0.5,0.5,0.0,0.0,0.0,381.40880420742906
60,atr,2.0,2.0,3,0.5,off,cfd_raw,18,9,9,0.5,7130.858475733723,324.0,6806.858475733723,0.016018382088296652,2.009028641573251,0.4844703979069574,1233.9023026488576,17.22222222222222,0.5,0.5,0.0,0.0,0.0,378.15880420742906
60,atr,2.0,2.0,3,0.5,bar,none,26,12,14,0.5769230769230769,5166.831153403822,0.0,5166.831153403822,0.0,1.788141833719111,0.21876802885245744,3730.2399548773537,10.653846153846153,0.23076923076923078,0.34615384615384615,0.4230769230769231,0.0,0.038461538461538464,198.72427513091623
60,atr,2.0,2.0,3,0.5,bar,exchange,26,12,14,0.5384615384615384,5194.831153403822,2135.6929182068593,3059.138235196963,0.116868940392392,1.406907466888965,0.09330388170667156,4530.49592725774,10.653846153846153,0.23076923076923078,0.34615384615384615,0.4230769230769231,0.0,0.038461538461538464,117.65916289219088
60,atr,2.0,2.0,3,0.5,bar,cfd_std,26,12,14,0.5384615384615384,5355.831153403822,621.0,4734.831153403822,0.034025055861434166,1.6997252751462035,0.19138043488648976,3932.7399548773537,10.653846153846153,0.23076923076923078,0.34615384615384615,0.4230769230769231,0.0,0.038461538461538464,182.1088905155316
60,atr,2.0,2.0,3,0.5,bar,cfd_raw,26,12,14,0.5384615384615384,5278.831153403822,524.0,4754.831153403822,0.02869305983702063,1.7043463668132763,0.19325510978910687,3910.2399548773537,10.653846153846153,0.23076923076923078,0.34615384615384615,0.4230769230769231,0.0,0.038461538461538464,182.8781212847624
60,atr,2.0,2.0,3,0.5,tick,none,31,16,15,0.6129032258064516,6434.672599329453,0.0,6434.672599329453,0.0,2.2753834013644,0.2612742993343497,2538.702983486073,6.645161290322581,0.16129032258064516,0.22580645161290322,0.6129032258064516,0.0,0.06451612903225806,207.5700838493372
60,atr,2.0,2.0,3,0.5,tick,exchange,31,16,15,0.5483870967741935,6454.672599329453,2556.139037241992,3898.533562087462,0.15471833047734143,1.6412820588381132,0.13290029349535704,3490.412045374702,6.645161290322581,0.16129032258064516,0.22580645161290322,0.6129032258064516,0.0,0.06451612903225806,125.75914716411168
60,atr,2.0,2.0,3,0.5,tick,cfd_std,31,16,15,0.5806451612903226,4717.976208570457,783.0,3934.976208570457,0.048537585340061855,1.6495583027450824,0.13125552339689403,3439.985314286081,6.709677419354839,0.12903225806451613,0.25806451612903225,0.6129032258064516,0.0,0.03225806451612903,126.9347164054986
60,atr,2.0,2.0,3,0.5,tick,cfd_raw,31,16,15,0.5806451612903226,4657.476208570457,650.0,4007.476208570457,0.04025184415102263,1.6644326116133221,0.135444456641251,3397.985314286081,6.709677419354839,0.12903225806451613,0.25806451612903225,0.6129032258064516,0.0,0.03225806451612903,129.27342608291798
60,atr,2.0,2.0,3,1.0,off,none,16,8,8,0.4375,4567.396612233977,0.0,4567.396612233977,0.0,1.795514354562707,0.31249999999999867,2673.3190107294213,8.9375,0.4375,0.5625,0.0,0.0,0.1875,285.46228826462357
60,atr,2.0,2.0,3,1.0,off,exchange,16,8,8,0.4375,4593.396612233977,1304.0746656173949,3289.3219466165815,0.08125950016542861,1.508830910065202,0.1834288515193063,3229.2578448326676,8.9375,0.4375,0.5625,0.0,0.0,0.1875,205.58262166353634
60,atr,2.0,2.0,3,1.0,off,cfd_std,16,8,8,0.4375,4742.896612233977,337.5,4405.396612233977,0.021045380764097725,1.7479529259593187,0.29547414957458856,2781.3190107294213,8.875,0.4375,0.5625,0.0,0.0,0.1875,275.33728826462357
60,atr,2.0,2.0,3,1.0,off,cfd_raw,16,8,8,0.4375,4671.396612233977,296.0,4375.396612233977,0.018451250315367092,1.7436802023332616,0.2927083514306258,2779.3190107294213,8.9375,0.4375,0.5625,0.0,0.0,0.1875,273.46228826462357
60,atr,2.0,2.0,3,1.0,bar,none,16,8,8,0.625,5460.111692559149,0.0,5460.111692559149,0.0,2.598992999182389,0.39326133610018293,2550.61510917735,7.3125,0.3125,0.3125,0.375,0.0,0.1875,341.2569807849468
60,atr,2.0,2.0,3,1.0,bar,exchange,16,8,8,0.5625,5474.111692559149,1308.4472151899174,4165.6644773692315,0.1064509568701584,2.0474095263085252,0.26233344483780496,3233.365245455978,7.3125,0.3125,0.3125,0.375,0.0,0.1875,260.35402983557697
60,atr,2.0,2.0,3,1.0,bar,cfd_std,16,8,8,0.5625,5554.611692559149,364.5,5190.111692559149,0.02962680084775508,2.4586312713002596,0.363696603000333,2707.3914223388856,7.3125,0.3125,0.3125,0.375,0.0,0.1875,324.3819807849468
60,atr,2.0,2.0,3,1.0,bar,cfd_raw,16,8,8,0.5625,5516.111692559149,312.0,5204.111692559149,0.025370908060691384,2.4702098231293195,0.36603923853854936,2678.8914223388856,7.3125,0.3125,0.3125,0.375,0.0,0.1875,325.2569807849468
60,atr,2.0,2.0,3,1.0,tick,none,17,9,8,0.5294117647058824,2970.0134854450735,0.0,2970.0134854450735,0.0,1.9508827563780187,0.22503231723652004,2167.314506957191,4.294117647058823,0.17647058823529413,0.23529411764705882,0.5882352941176471,0.0,0.17647058823529413,174.7066756144161
60,atr,2.0,2.0,3,1.0,tick,exchange,17,9,8,0.4117647058823529,2978.0134854450735,1394.728762771688,1583.2847226733852,0.15132349149158397,1.4123314125811983,0.09379145795472468,2896.4044589763507,4.294117647058823,0.17647058823529413,0.23529411764705882,0.5882352941176471,0.0,0.17647058823529413,93.1343954513756
60,atr,2.0,2.0,3,1.0,tick,cfd_std,17,9,8,0.5294117647058824,3024.0134854450735,418.5,2605.5134854450735,0.04540587595209334,1.7865872909987872,0.18906297417790202,2383.314506957191,4.294117647058823,0.17647058823529413,0.23529411764705882,0.5882352941176471,0.0,0.17647058823529413,153.26549914382784
60,atr,2.0,2.0,3,1.0,tick,cfd_raw,17,9,8,0.5294117647058824,3002.0134854450735,350.0,2652.0134854450735,0.037973850855992045,1.807696643480077,0.19406214548659903,2349.314506957191,4.294117647058823,0.17647058823529413,0.23529411764705882,0.5882352941176471,0.0,0.17647058823529413,156.0007932614749
60,atr,2.0,2.0,3,2.0,off,none,1,0,1,0.0,-998.6443142778589,0.0,-998.6443142778589,0.0,0.0,-1.000000000000002,998.6443142778589,31.0,0.0,1.0,0.0,0.0,0.0,-998.6443142778589
60,atr,2.0,2.0,3,2.0,off,exchange,1,0,1,0.0,-996.6443142778589,80.09386215713891,-1076.738176434998,0.08036353693059768,0.0,-1.078199876613339,1076.7381764349993,31.0,0.0,1.0,0.0,0.0,0.0,-1076.738176434998
60,atr,2.0,2.0,3,2.0,off,cfd_std,1,0,1,0.0,-985.1443142778589,27.0,-1012.1443142778589,0.027407152037203637,0.0,-1.013518326602364,1012.1443142778589,31.0,0.0,1.0,0.0,0.0,0.0,-1012.1443142778589
60,atr,2.0,2.0,3,2.0,off,cfd_raw,1,0,1,0.0,-990.6443142778589,22.0,-1012.6443142778589,0.022207768906478954,0.0,-1.0140190053654146,1012.6443142778589,31.0,0.0,1.0,0.0,0.0,0.0,-1012.6443142778589
60,atr,2.0,2.0,3,2.0,bar,none,1,0,1,0.0,-998.6443142778589,0.0,-998.6443142778589,0.0,0.0,-1.000000000000002,998.6443142778589,31.0,0.0,1.0,0.0,0.0,0.0,-998.6443142778589
60,atr,2.0,2.0,3,2.0,bar,exchange,1,0,1,0.0,-996.6443142778589,80.09386215713891,-1076.738176434998,0.08036353693059768,0.0,-1.078199876613339,1076.7381764349993,31.0,0.0,1.0,0.0,0.0,0.0,-1076.738176434998
60,atr,2.0,2.0,3,2.0,bar,cfd_std,1,0,1,0.0,-985.1443142778589,27.0,-1012.1443142778589,0.027407152037203637,0.0,-1.013518326602364,1012.1443142778589,31.0,0.0,1.0,0.0,0.0,0.0,-1012.1443142778589
60,atr,2.0,2.0,3,2.0,bar,cfd_raw,1,0,1,0.0,-990.6443142778589,22.0,-1012.6443142778589,0.022207768906478954,0.0,-1.0140190053654146,1012.6443142778589,31.0,0.0,1.0,0.0,0.0,0.0,-1012.6443142778589
60,atr,2.0,2.0,3,2.0,tick,none,1,0,1,0.0,-64.45456213952275,0.0,-64.45456213952275,0.0,0.0,-0.06454206088994893,64.45456213952275,25.0,0.0,0.0,1.0,0.0,0.0,-64.45456213952275
60,atr,2.0,2.0,3,2.0,tick,exchange,1,0,1,0.0,-64.45456213952275,79.62776728106975,-144.0823294205925,1.2354093277168192,0.0,-0.14427792494345876,144.08232942059112,25.0,0.0,0.0,1.0,0.0,0.0,-144.0823294205925
60,atr,2.0,2.0,3,2.0,tick,cfd_std,1,0,1,0.0,-64.45456213952275,27.0,-91.45456213952275,0.41889975051810846,0.0,-0.09157871409467311,91.45456213952275,25.0,0.0,0.0,1.0,0.0,0.0,-91.45456213952275
60,atr,2.0,2.0,3,2.0,tick,cfd_raw,1,0,1,0.0,-64.45456213952275,22.0,-86.45456213952275,0.3413257226443847,0.0,-0.08657192646416864,86.45456213952275,25.0,0.0,0.0,1.0,0.0,0.0,-86.45456213952275
60,atr,2.0,2.0,5,0.5,off,none,16,6,10,0.3125,-408.029674375779,0.0,-408.029674375779,0.0,0.9420162191932921,-0.06249999999999975,4375.79370322758,8.3125,0.3125,0.6875,0.0,0.0,0.0625,-25.501854648486187
60,atr,2.0,2.0,5,0.5,off,exchange,16,6,10,0.3125,-378.029674375779,1301.5135092211108,-1679.5431835968902,0.09530781639092266,0.787801565707414,-0.1973785041759898,5134.778507285242,8.3125,0.3125,0.6875,0.0,0.0,0.0625,-104.97144897480564
60,atr,2.0,2.0,5,0.5,off,cfd_std,17,7,10,0.29411764705882354,-650.7797814577498,391.5,-1042.2797814577498,0.026744676674588325,0.8692017003035023,-0.13531373821847592,5266.934936638965,7.823529411764706,0.29411764705882354,0.7058823529411765,0.0,0.0,0.058823529411764705,-61.310575379867636
60,atr,2.0,2.0,5,0.5,off,cfd_raw,17,7,10,0.29411764705882354,-738.7797814577498,334.0,-1072.7797814577498,0.022765338202287207,0.8653826256656544,-0.13807282698094953,5271.934936638965,7.882352941176471,0.29411764705882354,0.7058823529411765,0.0,0.0,0.058823529411764705,-63.104693026926455
60,atr,2.0,2.0,5,0.5,bar,none,18,6,12,0.4444444444444444,-68.92047919234028,0.0,-68.92047919234028,0.0,0.9865983347634434,-0.009129158328034749,4330.827338637784,6.555555555555555,0.16666666666666666,0.3888888888888889,0.4444444444444444,0.0,0.05555555555555555,-3.828915510685571
60,atr,2.0,2.0,5,0.5,bar,exchange,18,6,12,0.3333333333333333,-50.92047919234028,1471.4741295612057,-1522.3946087535458,0.14411466354079858,0.7486970205661829,-0.14646057314153996,5465.353443763641,6.555555555555555,0.16666666666666666,0.3888888888888889,0.4444444444444444,0.0,0.05555555555555555,-84.57747826408587
60,atr,2.0,2.0,5,0.5,bar,cfd_std,19,7,12,0.3684210526315789,-392.67058627431106,472.5,-865.1705862743111,0.04212742182052628,0.8584843542370919,-0.09295070288760704,5397.468572049169,6.2631578947368425,0.15789473684210525,0.42105263157894735,0.42105263157894735,0.0,0.05263157894736842,-45.535294014437426
60,atr,2.0,2.0,5,0.5,bar,cfd_raw,19,7,12,0.3684210526315789,-447.67058627431106,394.0,-841.6705862743111,0.03505970528556835,0.8618423754345115,-0.09003518153127738,5360.968572049169,6.2631578947368425,0.15789473684210525,0.42105263157894735,0.42105263157894735,0.0,0.05263157894736842,-44.29845190917427
60,atr,2.0,2.0,5,0.5,tick,none,19,7,12,0.5263157894736842,-487.20135941945773,0.0,-487.20135941945773,0.0,0.9010826672270926,-0.04257247370324011,3738.552251618821,4.7368421052631575,0.10526315789473684,0.3684210526315789,0.5263157894736842,0.0,0.05263157894736842,-25.642176811550407
60,atr,2.0,2.0,5,0.5,tick,exchange,19,7,12,0.42105263157894735,-471.20135941945773,1559.6995568500504,-2030.900916269509,0.16671514911004967,0.6431784476761638,-0.1785425376010124,5037.0275830227765,4.7368421052631575,0.10526315789473684,0.3684210526315789,0.5263157894736842,0.0,0.05263157894736842,-106.88952190892152
60,atr,2.0,2.0,5,0.5,tick,cfd_std,20,8,12,0.5,-824.4514665014285,513.0,-1337.4514665014285,0.04956757248382364,0.7716482727130548,-0.12430450775229647,4859.193485030206,4.55,0.1,0.4,0.5,0.0,0.05,-66.87257332507143
60,atr,2.0,2.0,5,0.5,tick,cfd_raw,20,8,12,0.5,-873.9514665014285,424.0,-1297.9514665014285,0.04085956087503826,0.777956387025803,-0.12036540110213947,4812.693485030206,4.55,0.1,0.4,0.5,0.0,0.05,-64.89757332507142
60,atr,2.0,2.0,5,1.0,off,none,11,4,7,0.2727272727272727,-395.3572182905773,0.0,-395.3572182905773,0.0,0.9171835208780733,-0.18181818181818155,3738.4388230981567,8.0,0.2727272727272727,0.7272727272727273,0.0,0.0,0.18181818181818182,-35.94156529914339
60,atr,2.0,2.0,5,1.0,off,exchange,11,4,7,0.2727272727272727,-377.3572182905773,897.7475907533512,-1275.1048090439288,0.09815274555463617,0.7645363676701105,-0.3226958391432814,4217.740057295217,8.0,0.2727272727272727,0.7272727272727273,0.0,0.0,0.18181818181818182,-115.91861900399353
60,atr,2.0,2.0,5,1.0,off,cfd_std,11,4,7,0.2727272727272727,-273.8572182905773,256.5,-530.3572182905773,0.028149897186655466,0.891959970096172,-0.20376350097232648,3846.4388230981567,7.909090909090909,0.2727272727272727,0.7272727272727273,0.0,0.0,0.18181818181818182,-48.214292571870665
60,atr,2.0,2.0,5,1.0,off,cfd_raw,11,4,7,0.2727272727272727,-323.3572182905773,218.0,-541.3572182905773,0.02388142418209296,0.8895616570003244,-0.20539553476844913,3838.4388230981567,8.0,0.2727272727272727,0.7272727272727273,0.0,0.0,0.18181818181818182,-49.214292571870665
60,atr,2.0,2.0,5,1.0,bar,none,11,4,7,0.45454545454545453,992.4868624091032,0.0,992.4868624091032,0.0,1.3758073086057943,0.0378935771566405,2107.7394906585396,5.181818181818182,0.18181818181818182,0.36363636363636365,0.45454545454545453,0.0,0.18181818181818182,90.22607840082756
60,atr,2.0,2.0,5,1.0,bar,exchange,11,4,7,0.36363636363636365,1000.4868624091032,900.6076688327009,99.87919357640203,0.1435373361014084,1.0315188772392418,-0.10510114777755662,2758.6899253090814,5.181818181818182,0.18181818181818182,0.36363636363636365,0.45454545454545453,0.0,0.18181818181818182,9.079926688763821
60,atr,2.0,2.0,5,1.0,bar,cfd_std,11,4,7,0.45454545454545453,1046.4868624091032,270.0,776.4868624091032,0.04303214605935085,1.2797197143726704,0.002241128708263318,2296.7394906585396,5.181818181818182,0.18181818181818182,0.36363636363636365,0.45454545454545453,0.0,0.18181818181818182,70.58971476446392
60,atr,2.0,2.0,5,1.0,bar,cfd_raw,11,4,7,0.45454545454545453,1024.4868624091032,226.0,798.4868624091032,0.036019500034864045,1.2896272980359302,0.006193480920902045,2267.7394906585396,5.181818181818182,0.18181818181818182,0.36363636363636365,0.45454545454545453,0.0,0.18181818181818182,72.58971476446392
60,atr,2.0,2.0,5,1.0,tick,none,11,4,7,0.45454545454545453,65.34308820562728,0.0,65.34308820562728,0.0,1.026329119594133,-0.047605328500886064,1564.7142704905855,3.4545454545454546,0.09090909090909091,0.36363636363636365,0.5454545454545454,0.0,0.18181818181818182,5.940280745966117
60,atr,2.0,2.0,5,1.0,tick,exchange,11,4,7,0.36363636363636365,71.34308820562728,903.3611337293503,-832.018045523723,0.17970528553801787,0.7223853272312661,-0.19110811553809637,2379.815075540595,3.4545454545454546,0.09090909090909091,0.36363636363636365,0.5454545454545454,0.0,0.18181818181818182,-75.63800413852027
60,atr,2.0,2.0,5,1.0,tick,cfd_std,11,4,7,0.45454545454545453,105.84308820562728,283.5,-177.65691179437272,0.05652586047402344,0.9321085850197353,-0.08628224900050808,1807.7142704905855,3.4545454545454546,0.09090909090909091,0.36363636363636365,0.5454545454545454,0.0,0.18181818181818182,-16.150628344942973
60,atr,2.0,2.0,5,1.0,tick,cfd_raw,11,4,7,0.45454545454545453,89.34308820562728,234.0,-144.65691179437272,0.04660515756414589,0.944315184668666,-0.08109770447069559,1768.7142704905855,3.4545454545454546,0.09090909090909091,0.36363636363636365,0.5454545454545454,0.0,0.18181818181818182,-13.150628344942975
60,atr,2.0,2.0,5,2.0,off,none,0,0,0,,0.0,0.0,0.0,,,,0.0,,0.0,0.0,0.0,0.0,,
60,atr,2.0,2.0,5,2.0,off,exchange,0,0,0,,0.0,0.0,0.0,,,,0.0,,0.0,0.0,0.0,0.0,,
60,atr,2.0,2.0,5,2.0,off,cfd_std,0,0,0,,0.0,0.0,0.0,,,,0.0,,0.0,0.0,0.0,0.0,,
60,atr,2.0,2.0,5,2.0,off,cfd_raw,0,0,0,,0.0,0.0,0.0,,,,0.0,,0.0,0.0,0.0,0.0,,
60,atr,2.0,2.0,5,2.0,bar,none,0,0,0,,0.0,0.0,0.0,,,,0.0,,0.0,0.0,0.0,0.0,,
60,atr,2.0,2.0,5,2.0,bar,exchange,0,0,0,,0.0,0.0,0.0,,,,0.0,,0.0,0.0,0.0,0.0,,
60,atr,2.0,2.0,5,2.0,bar,cfd_std,0,0,0,,0.0,0.0,0.0,,,,0.0,,0.0,0.0,0.0,0.0,,
60,atr,2.0,2.0,5,2.0,bar,cfd_raw,0,0,0,,0.0,0.0,0.0,,,,0.0,,0.0,0.0,0.0,0.0,,
60,atr,2.0,2.0,5,2.0,tick,none,0,0,0,,0.0,0.0,0.0,,,,0.0,,0.0,0.0,0.0,0.0,,
60,atr,2.0,2.0,5,2.0,tick,exchange,0,0,0,,0.0,0.0,0.0,,,,0.0,,0.0,0.0,0.0,0.0,,
60,atr,2.0,2.0,5,2.0,tick,cfd_std,0,0,0,,0.0,0.0,0.0,,,,0.0,,0.0,0.0,0.0,0.0,,
60,atr,2.0,2.0,5,2.0,tick,cfd_raw,0,0,0,,0.0,0.0,0.0,,,,0.0,,0.0,0.0,0.0,0.0,,
60,atr,2.0,2.0,8,0.5,off,none,17,5,12,0.23529411764705882,-3927.285831058369,0.0,-3927.285831058369,0.0,0.5458253726998862,-0.3553423547359709,6433.011871190334,11.411764705882353,0.17647058823529413,0.7647058823529411,0.0,0.058823529411764705,0.17647058823529413,-231.01681359166875
60,atr,2.0,2.0,8,0.5,off,exchange,17,5,12,0.23529411764705882,-3901.285831058369,1401.5615360719253,-5302.847367130294,0.10499468548405869,0.4528923043577101,-0.4871192797113782,7635.2088442421955,11.411764705882353,0.17647058823529413,0.7647058823529411,0.0,0.058823529411764705,0.17647058823529413,-311.93219806648784
60,atr,2.0,2.0,8,0.5,off,cfd_std,17,5,12,0.23529411764705882,-3751.785831058369,418.5,-4170.285831058369,0.03159592071004898,0.528759073304723,-0.3777598256125391,6635.511871190334,11.294117647058824,0.17647058823529413,0.7647058823529411,0.0,0.058823529411764705,0.17647058823529413,-245.31093123872756
60,atr,2.0,2.0,8,0.5,off,cfd_raw,17,5,12,0.23529411764705882,-3823.285831058369,350.0,-4173.285831058369,0.026325922476552768,0.5281801545990997,-0.3784312266945109,6643.011871190334,11.352941176470589,0.17647058823529413,0.7647058823529411,0.0,0.058823529411764705,0.17647058823529413,-245.48740182696287
60,atr,2.0,2.0,8,0.5,bar,none,20,6,14,0.4,-1127.2735825527197,0.0,-1127.2735825527197,0.0,0.7971352376008914,-0.11163117597135355,4455.763511747966,7.55,0.1,0.35,0.5,0.05,0.15,-56.36367912763599
60,atr,2.0,2.0,8,0.5,bar,exchange,20,6,14,0.3,-1115.2735825527197,1646.6501993621223,-2761.923781914842,0.16502355210993092,0.5841740792072584,-0.2420197364574565,5754.010066145493,7.55,0.1,0.35,0.5,0.05,0.15,-138.0961890957421
60,atr,2.0,2.0,8,0.5,bar,cfd_std,21,7,14,0.3333333333333333,-1954.8376666089753,540.0,-2494.8376666089753,0.04722087563556224,0.6465490263031601,-0.22003943174240245,6053.218722133635,7.333333333333333,0.09523809523809523,0.42857142857142855,0.42857142857142855,0.047619047619047616,0.14285714285714285,-118.80179364804644
60,atr,2.0,2.0,8,0.5,bar,cfd_raw,21,7,14,0.3333333333333333,-1998.8376666089753,446.0,-2444.8376666089753,0.03888872345836482,0.6520800113925539,-0.21591147236002617,6006.718722133635,7.333333333333333,0.09523809523809523,0.42857142857142855,0.42857142857142855,0.047619047619047616,0.14285714285714285,-116.42084126709406
60,atr,2.0,2.0,8,0.5,tick,none,22,7,15,0.5,-70.35079286640394,0.0,-70.35079286640394,0.0,0.9879058394753744,-0.0300751379895593,3491.27235873499,5.545454545454546,0.09090909090909091,0.36363636363636365,0.5,0.045454545454545456,0.13636363636363635,-3.1977633121092697
60,atr,2.0,2.0,8,0.5,tick,exchange,22,7,15,0.45454545454545453,-56.350792866403935,1808.6273575904538,-1864.9781504568573,0.15654375782681498,0.7225330586916391,-0.1583347269918616,4857.064434687505,5.545454545454546,0.09090909090909091,0.36363636363636365,0.5,0.045454545454545456,0.13636363636363635,-84.77173411167533
60,atr,2.0,2.0,8,0.5,tick,cfd_std,23,8,15,0.4782608695652174,-421.1008999483747,594.0,-1015.1008999483747,0.04738343600585031,0.8507767130792675,-0.10582257089286784,4611.913592146375,5.3478260869565215,0.08695652173913043,0.391304347826087,0.4782608695652174,0.043478260869565216,0.13043478260869565,-44.134821736885854
60,atr,2.0,2.0,8,0.5,tick,cfd_raw,23,8,15,0.4782608695652174,-465.1008999483747,490.0,-955.1008999483747,0.03898472230596828,0.8591517560927748,-0.10145661474153896,4565.413592146375,5.3478260869565215,0.08695652173913043,0.391304347826087,0.4782608695652174,0.043478260869565216,0.13043478260869565,-41.52612608471195
60,atr,2.0,2.0,8,1.0,off,none,11,2,9,0.2727272727272727,-1878.9253825123888,0.0,-1878.9253825123888,0.0,0.6238739127388717,-0.2764381845919529,2871.296377387116,12.272727272727273,0.18181818181818182,0.7272727272727273,0.0,0.09090909090909091,0.09090909090909091,-170.81139841021715
60,atr,2.0,2.0,8,1.0,off,exchange,11,2,9,0.2727272727272727,-1860.9253825123888,901.7781164676134,-2762.703498980002,0.1113030364419923,0.509622624351936,-0.41822182727613305,3576.529313980005,12.272727272727273,0.18181818181818182,0.7272727272727273,0.0,0.09090909090909091,0.09090909090909091,-251.15486354363657
60,atr,2.0,2.0,8,1.0,off,cfd_std,11,2,9,0.2727272727272727,-1757.4253825123888,270.0,-2027.4253825123888,0.03356326981395516,0.6037837530088666,-0.29912347491471253,2965.796377387116,12.181818181818182,0.18181818181818182,0.7272727272727273,0.0,0.09090909090909091,0.09090909090909091,-184.31139841021715
60,atr,2.0,2.0,8,1.0,off,cfd_raw,11,2,9,0.2727272727272727,-1806.9253825123888,226.0,-2032.9253825123888,0.02799798931865088,0.6025924004684953,-0.3005092015790648,2969.296377387116,12.272727272727273,0.18181818181818182,0.7272727272727273,0.0,0.09090909090909091,0.09090909090909091,-184.81139841021715
60,atr,2.0,2.0,8,1.0,bar,none,11,2,9,0.45454545454545453,-711.7043859222467,0.0,-711.7043859222467,0.0,0.6460851923768766,-0.1780089491900158,1736.9861826327397,6.7272727272727275,0.0,0.2727272727272727,0.6363636363636364,0.09090909090909091,0.09090909090909091,-64.70039872020425
60,atr,2.0,2.0,8,1.0,bar,exchange,11,2,9,0.36363636363636365,-707.7043859222467,904.9306129169457,-1612.6349988391926,0.2737078022988838,0.3649489328052577,-0.32250570914057436,2468.9685464480426,6.7272727272727275,0.0,0.2727272727272727,0.6363636363636364,0.09090909090909091,0.09090909090909091,-146.60318171265388
60,atr,2.0,2.0,8,1.0,bar,cfd_std,11,2,9,0.45454545454545453,-1148.0183628965315,297.0,-1445.0183628965315,0.07927385743692077,0.44619658685499913,-0.28081001311513015,2416.3001596070244,6.909090909090909,0.0,0.36363636363636365,0.5454545454545454,0.09090909090909091,0.09090909090909091,-131.3653057178665
60,atr,2.0,2.0,8,1.0,bar,cfd_raw,11,2,9,0.45454545454545453,-1164.5183628965315,242.0,-1406.5183628965315,0.0643102843386545,0.4581482412967598,-0.2750750692008674,2387.8001596070244,6.909090909090909,0.0,0.36363636363636365,0.5454545454545454,0.09090909090909091,0.09090909090909091,-127.86530571786649
60,atr,2.0,2.0,8,1.0,tick,none,11,2,9,0.5454545454545454,672.9457905710733,0.0,672.9457905710733,0.0,1.4157074405226326,-0.001010698365494056,921.3015582633088,4.545454545454546,0.0,0.2727272727272727,0.6363636363636364,0.09090909090909091,0.09090909090909091,61.176890051915755
60,atr,2.0,2.0,8,1.0,tick,exchange,11,2,9,0.5454545454545454,676.9457905710733,904.6502486407575,-227.70445806968416,0.23157333170116787,0.8874675390565946,-0.14545029827336295,1406.2461004362412,4.545454545454546,0.0,0.2727272727272727,0.6363636363636364,0.09090909090909091,0.09090909090909091,-20.700405279062196
60,atr,2.0,2.0,8,1.0,tick,cfd_std,11,2,9,0.5454545454545454,699.9457905710733,297.0,402.9457905710733,0.07647663664352994,1.2333487284995768,-0.04294745681887379,1015.8015582633088,4.545454545454546,0.0,0.2727272727272727,0.6363636363636364,0.09090909090909091,0.09090909090909091,36.63143550646121
60,atr,2.0,2.0,8,1.0,tick,cfd_raw,11,2,9,0.5454545454545454,688.9457905710733,242.0,446.9457905710733,0.06213829179977916,1.2609450480206623,-0.03648999276334375,1001.3015582633088,4.545454545454546,0.0,0.2727272727272727,0.6363636363636364,0.09090909090909091,0.09090909090909091,40.63143550646121
60,atr,2.0,2.0,8,2.0,off,none,0,0,0,,0.0,0.0,0.0,,,,0.0,,0.0,0.0,0.0,0.0,,
60,atr,2.0,2.0,8,2.0,off,exchange,0,0,0,,0.0,0.0,0.0,,,,0.0,,0.0,0.0,0.0,0.0,,
60,atr,2.0,2.0,8,2.0,off,cfd_std,0,0,0,,0.0,0.0,0.0,,,,0.0,,0.0,0.0,0.0,0.0,,
60,atr,2.0,2.0,8,2.0,off,cfd_raw,0,0,0,,0.0,0.0,0.0,,,,0.0,,0.0,0.0,0.0,0.0,,
60,atr,2.0,2.0,8,2.0,bar,none,0,0,0,,0.0,0.0,0.0,,,,0.0,,0.0,0.0,0.0,0.0,,
60,atr,2.0,2.0,8,2.0,bar,exchange,0,0,0,,0.0,0.0,0.0,,,,0.0,,0.0,0.0,0.0,0.0,,
60,atr,2.0,2.0,8,2.0,bar,cfd_std,0,0,0,,0.0,0.0,0.0,,,,0.0,,0.0,0.0,0.0,0.0,,
60,atr,2.0,2.0,8,2.0,bar,cfd_raw,0,0,0,,0.0,0.0,0.0,,,,0.0,,0.0,0.0,0.0,0.0,,
60,atr,2.0,2.0,8,2.0,tick,none,0,0,0,,0.0,0.0,0.0,,,,0.0,,0.0,0.0,0.0,0.0,,
60,atr,2.0,2.0,8,2.0,tick,exchange,0,0,0,,0.0,0.0,0.0,,,,0.0,,0.0,0.0,0.0,0.0,,
60,atr,2.0,2.0,8,2.0,tick,cfd_std,0,0,0,,0.0,0.0,0.0,,,,0.0,,0.0,0.0,0.0,0.0,,
60,atr,2.0,2.0,8,2.0,tick,cfd_raw,0,0,0,,0.0,0.0,0.0,,,,0.0,,0.0,0.0,0.0,0.0,,
60,atr,2.0,2.5,3,0.5,off,none,14,6,8,0.2857142857142857,110.84800503939914,0.0,110.84800503939914,0.0,1.0158251393084015,5.868321701590113e-16,2882.3349400148727,25.714285714285715,0.2857142857142857,0.7142857142857143,0.0,0.0,0.07142857142857142,7.917714645671367
60,atr,2.0,2.5,3,0.5,off,exchange,14,6,8,0.2857142857142857,136.84800503939914,1157.2353373043804,-1020.3873322649813,0.08203880182577467,0.8694268221633429,-0.12652454472751276,3281.912688309705,25.714285714285715,0.2857142857142857,0.7142857142857143,0.0,0.0,0.07142857142857142,-72.88480944749867
60,atr,2.0,2.5,3,0.5,off,cfd_std,14,6,8,0.2857142857142857,286.34800503939914,324.0,-37.65199496060086,0.02310086105238853,0.9947262801627796,-0.01696514495653318,2949.8349400148727,25.5,0.2857142857142857,0.7142857142857143,0.0,0.0,0.07142857142857142,-2.68942821147149
60,atr,2.0,2.5,3,0.5,off,cfd_raw,14,6,8,0.2857142857142857,214.84800503939914,276.0,-61.15199496060086,0.0196246414352832,0.991440751178124,-0.019497673204630837,2952.3349400148727,25.571428571428573,0.2857142857142857,0.7142857142857143,0.0,0.0,0.07142857142857142,-4.367999640042918
60,atr,2.0,2.5,3,0.5,bar,none,25,11,14,0.6,4632.438918361397,0.0,4632.438918361397,0.0,1.8194044451926585,0.20721508983833842,3730.2399548773537,11.48,0.12,0.32,0.56,0.0,0.04,185.29755673445587
60,atr,2.0,2.5,3,0.5,bar,exchange,25,11,14,0.56,4652.438918361397,2062.4615691229674,2589.9773492384297,0.1294598584790279,1.3962272204533661,0.07959239967256045,4530.495927257725,11.48,0.12,0.32,0.56,0.0,0.04,103.5990939695372
60,atr,2.0,2.5,3,0.5,bar,cfd_std,25,11,14,0.56,4767.438918361397,634.5,4132.938918361397,0.039942632602807726,1.7063754530953963,0.1755665155167181,3932.7399548773537,11.48,0.12,0.32,0.56,0.0,0.04,165.31755673445588
60,atr,2.0,2.5,3,0.5,bar,cfd_raw,25,11,14,0.56,4712.438918361397,526.0,4186.438918361397,0.0330666160122795,1.7175428546774785,0.17907180572428807,3910.2399548773537,11.48,0.12,0.32,0.56,0.0,0.04,167.45755673445586
60,atr,2.0,2.5,3,0.5,tick,none,30,15,15,0.6,5424.69707925203,0.0,5424.69707925203,0.0,2.075201341716897,0.22588841688363,2538.702983486073,7.033333333333333,0.1,0.23333333333333334,0.6666666666666666,0.0,0.03333333333333333,180.82323597506766
60,atr,2.0,2.5,3,0.5,tick,exchange,30,15,15,0.5333333333333333,5442.69707925203,2478.0228517056685,2964.674227546361,0.15977691758928714,1.4876685969601438,0.09690189940985257,3490.4120453747164,7.033333333333333,0.1,0.23333333333333334,0.6666666666666666,0.0,0.03333333333333333,98.82247425154537
60,atr,2.0,2.5,3,0.5,tick,cfd_std,31,16,15,0.5806451612903226,5175.294753752416,796.5,4378.794753752416,0.04801331860604678,1.7228207586418405,0.15219070269202992,3439.985314286081,6.741935483870968,0.0967741935483871,0.25806451612903225,0.6451612903225806,0.0,0.03225806451612903,141.25144366943277
60,atr,2.0,2.5,3,0.5,tick,cfd_raw,31,16,15,0.5806451612903226,5120.294753752416,658.0,4462.294753752416,0.03961195456633314,1.7398407383388503,0.15674970207610406,3397.985314286081,6.741935483870968,0.0967741935483871,0.25806451612903225,0.6451612903225806,0.0,0.03225806451612903,143.94499205652954
60,atr,2.0,2.5,3,1.0,off,none,13,7,6,0.3076923076923077,1322.0092887789942,0.0,1322.0092887789942,0.0,1.2157325671719492,0.07692307692307716,2401.140577524362,17.307692307692307,0.3076923076923077,0.6923076923076923,0.0,0.0,0.23076923076923078,101.69302221376878
60,atr,2.0,2.5,3,1.0,off,exchange,13,7,6,0.3076923076923077,1342.0092887789942,1062.9141757940995,279.0951129848943,0.07832817709298817,1.040745720905749,-0.04910660483066236,2957.2155008442205,17.307692307692307,0.3076923076923077,0.6923076923076923,0.0,0.0,0.23076923076923078,21.468854844991867
60,atr,2.0,2.5,3,1.0,off,cfd_std,13,7,6,0.3076923076923077,1457.0092887789942,297.0,1160.0092887789942,0.02196094144918379,1.184817842494596,0.0571320420183642,2509.140577524362,17.23076923076923,0.3076923076923077,0.6923076923076923,0.0,0.0,0.23076923076923078,89.23148375223033
60,atr,2.0,2.5,3,1.0,off,cfd_raw,13,7,6,0.3076923076923077,1402.0092887789942,254.0,1148.0092887789942,0.01875090842037047,1.183095564490045,0.055743833543717175,2507.140577524362,17.307692307692307,0.3076923076923077,0.6923076923076923,0.0,0.0,0.23076923076923078,88.3084068291534
60,atr,2.0,2.5,3,1.0,bar,none,16,8,8,0.625,4365.337192273684,0.0,4365.337192273684,0.0,2.2783884291283685,0.3231811272476358,2550.61510917735,8.0,0.1875,0.3125,0.5,0.0,0.1875,272.83357451710526
60,atr,2.0,2.5,3,1.0,bar,exchange,16,8,8,0.5625,4375.337192273684,1314.1623603078588,3061.174831965826,0.11741166510230171,1.7696980153144266,0.19154359684442504,3233.365245455978,8.0,0.1875,0.3125,0.5,0.0,0.1875,191.32342699786412
60,atr,2.0,2.5,3,1.0,bar,cfd_std,16,8,8,0.5625,4432.837192273684,391.5,4041.337192273684,0.03501389572172304,2.1357791808161566,0.28969762253784687,2707.3914223388856,8.0,0.1875,0.3125,0.5,0.0,0.1875,252.58357451710526
60,atr,2.0,2.5,3,1.0,bar,cfd_raw,16,8,8,0.5625,4405.337192273684,328.0,4077.337192273684,0.029320335609886384,2.151885575565624,0.29363679465789017,2678.8914223388856,8.0,0.1875,0.3125,0.5,0.0,0.1875,254.83357451710526
60,atr,2.0,2.5,3,1.0,tick,none,17,9,8,0.5294117647058824,2878.7209602751536,0.0,2878.7209602751536,0.0,1.9216544419627142,0.2293268809335083,2167.314506957191,4.352941176470588,0.11764705882352941,0.23529411764705882,0.6470588235294118,0.0,0.17647058823529413,169.33652707500903
60,atr,2.0,2.5,3,1.0,tick,exchange,17,9,8,0.4117647058823529,2884.7209602751536,1397.5355349448662,1487.1854253302874,0.15317847931207515,1.3873044806250598,0.09777273652596298,2896.4044589763653,4.352941176470588,0.11764705882352941,0.23529411764705882,0.6470588235294118,0.0,0.17647058823529413,87.48149560766397
60,atr,2.0,2.5,3,1.0,tick,cfd_std,17,9,8,0.5294117647058824,2919.2209602751536,432.0,2487.2209602751536,0.04740961208309632,1.7508755599182941,0.1916262935692826,2383.314506957191,4.352941176470588,0.11764705882352941,0.23529411764705882,0.6470588235294118,0.0,0.17647058823529413,146.30711531030315
60,atr,2.0,2.5,3,1.0,tick,cfd_raw,17,9,8,0.5294117647058824,2902.7209602751536,358.0,2544.7209602751536,0.039264821090505116,1.7750196556269393,0.19733078663211606,2349.314506957191,4.352941176470588,0.11764705882352941,0.23529411764705882,0.6470588235294118,0.0,0.17647058823529413,149.68946825147964
60,atr,2.0,2.5,3,2.0,off,none,1,0,1,0.0,-998.6443142778589,0.0,-998.6443142778589,0.0,0.0,-1.000000000000002,998.6443142778589,31.0,0.0,1.0,0.0,0.0,0.0,-998.6443142778589
60,atr,2.0,2.5,3,2.0,off,exchange,1,0,1,0.0,-996.6443142778589,80.09386215713891,-1076.738176434998,0.08036353693059768,0.0,-1.078199876613339,1076.7381764349993,31.0,0.0,1.0,0.0,0.0,0.0,-1076.738176434998
60,atr,2.0,2.5,3,2.0,off,cfd_std,1,0,1,0.0,-985.1443142778589,27.0,-1012.1443142778589,0.027407152037203637,0.0,-1.013518326602364,1012.1443142778589,31.0,0.0,1.0,0.0,0.0,0.0,-1012.1443142778589
60,atr,2.0,2.5,3,2.0,off,cfd_raw,1,0,1,0.0,-990.6443142778589,22.0,-1012.6443142778589,0.022207768906478954,0.0,-1.0140190053654146,1012.6443142778589,31.0,0.0,1.0,0.0,0.0,0.0,-1012.6443142778589
60,atr,2.0,2.5,3,2.0,bar,none,1,0,1,0.0,-998.6443142778589,0.0,-998.6443142778589,0.0,0.0,-1.000000000000002,998.6443142778589,31.0,0.0,1.0,0.0,0.0,0.0,-998.6443142778589
60,atr,2.0,2.5,3,2.0,bar,exchange,1,0,1,0.0,-996.6443142778589,80.09386215713891,-1076.738176434998,0.08036353693059768,0.0,-1.078199876613339,1076.7381764349993,31.0,0.0,1.0,0.0,0.0,0.0,-1076.738176434998
60,atr,2.0,2.5,3,2.0,bar,cfd_std,1,0,1,0.0,-985.1443142778589,27.0,-1012.1443142778589,0.027407152037203637,0.0,-1.013518326602364,1012.1443142778589,31.0,0.0,1.0,0.0,0.0,0.0,-1012.1443142778589
60,atr,2.0,2.5,3,2.0,bar,cfd_raw,1,0,1,0.0,-990.6443142778589,22.0,-1012.6443142778589,0.022207768906478954,0.0,-1.0140190053654146,1012.6443142778589,31.0,0.0,1.0,0.0,0.0,0.0,-1012.6443142778589
60,atr,2.0,2.5,3,2.0,tick,none,1,0,1,0.0,-64.45456213952275,0.0,-64.45456213952275,0.0,0.0,-0.06454206088994893,64.45456213952275,25.0,0.0,0.0,1.0,0.0,0.0,-64.45456213952275
60,atr,2.0,2.5,3,2.0,tick,exchange,1,0,1,0.0,-64.45456213952275,79.62776728106975,-144.0823294205925,1.2354093277168192,0.0,-0.14427792494345876,144.08232942059112,25.0,0.0,0.0,1.0,0.0,0.0,-144.0823294205925
60,atr,2.0,2.5,3,2.0,tick,cfd_std,1,0,1,0.0,-64.45456213952275,27.0,-91.45456213952275,0.41889975051810846,0.0,-0.09157871409467311,91.45456213952275,25.0,0.0,0.0,1.0,0.0,0.0,-91.45456213952275
60,atr,2.0,2.5,3,2.0,tick,cfd_raw,1,0,1,0.0,-64.45456213952275,22.0,-86.45456213952275,0.3413257226443847,0.0,-0.08657192646416864,86.45456213952275,25.0,0.0,0.0,1.0,0.0,0.0,-86.45456213952275
60,atr,2.0,2.5,5,0.5,off,none,16,6,10,0.25,-1591.262229935266,0.0,-1591.262229935266,0.0,0.7972533099087061,-0.12499999999999806,5080.934561277783,11.5,0.25,0.75,0.0,0.0,0.0625,-99.45388937095413
60,atr,2.0,2.5,5,0.5,off,exchange,16,6,10,0.25,-1561.262229935266,1305.0762383983642,-2866.3384683336308,0.09261255386604376,0.6745421432456765,-0.26015760522765463,6196.110713510483,11.5,0.25,0.75,0.0,0.0,0.0625,-179.14615427085192
60,atr,2.0,2.5,5,0.5,off,cfd_std,17,7,10,0.23529411764705882,-1759.6645554348797,405.0,-2164.6645554348797,0.0267756812250767,0.753838184847058,-0.195115773293877,6026.075794689168,10.588235294117647,0.23529411764705882,0.7647058823529411,0.0,0.0,0.058823529411764705,-127.33320914322822
60,atr,2.0,2.5,5,0.5,off,cfd_raw,17,7,10,0.23529411764705882,-1847.6645554348797,342.0,-2189.6645554348797,0.022544992709392257,0.751023542334999,-0.19747621160079434,6039.075794689168,10.647058823529411,0.23529411764705882,0.7647058823529411,0.0,0.0,0.058823529411764705,-128.80379737852235
60,atr,2.0,2.5,5,0.5,bar,none,18,6,12,0.4444444444444444,-492.24551278108265,0.0,-492.24551278108265,0.0,0.9042823025347975,-0.030329566177049835,4330.827338637784,7.277777777777778,0.1111111111111111,0.3888888888888889,0.5,0.0,0.05555555555555555,-27.34697293228237
60,atr,2.0,2.5,5,0.5,bar,exchange,18,6,12,0.3333333333333333,-476.24551278108265,1474.3857265442687,-1950.631239325351,0.15067638214259038,0.6780076338942842,-0.16800109417522022,5465.353443763641,7.277777777777778,0.1111111111111111,0.3888888888888889,0.5,0.0,0.05555555555555555,-108.36840218474173
60,atr,2.0,2.5,5,0.5,bar,cfd_std,19,7,12,0.3684210526315789,-755.1478382806963,486.0,-1241.1478382806963,0.0447782022124539,0.7969858885541895,-0.11478630993213146,5397.468572049169,6.7368421052631575,0.10526315789473684,0.42105263157894735,0.47368421052631576,0.0,0.05263157894736842,-65.32357043582613
60,atr,2.0,2.5,5,0.5,bar,cfd_raw,19,7,12,0.3684210526315789,-804.6478382806963,402.0,-1206.6478382806963,0.03694515022776869,0.801932487908505,-0.11115741407638541,5360.968572049169,6.7368421052631575,0.10526315789473684,0.42105263157894735,0.47368421052631576,0.0,0.05263157894736842,-63.50778096214191
60,atr,2.0,2.5,5,0.5,tick,none,19,7,12,0.5263157894736842,298.38359696028056,0.0,298.38359696028056,0.0,1.0605813366154544,0.010059105244127698,3738.552251618821,4.947368421052632,0.10526315789473684,0.3684210526315789,0.5263157894736842,0.0,0.05263157894736842,15.704399840014766
60,atr,2.0,2.5,5,0.5,tick,exchange,19,7,12,0.42105263157894735,314.38359696028056,1560.0923493282403,-1245.7087523679609,0.15383916673208636,0.781133718931102,-0.12593727444311822,5037.0275830227765,4.947368421052632,0.10526315789473684,0.3684210526315789,0.5263157894736842,0.0,0.05263157894736842,-65.56361854568215
60,atr,2.0,2.5,5,0.5,tick,cfd_std,20,8,12,0.5,35.4812714606669,513.0,-477.5187285393331,0.04576499406862288,0.9184701432500869,-0.07430450775229688,4859.193485030206,4.55,0.1,0.4,0.5,0.0,0.05,-23.875936426966653
60,atr,2.0,2.5,5,0.5,tick,cfd_raw,20,8,12,0.5,-14.018728539333097,424.0,-438.0187285393331,0.037732689058663976,0.9250671049377558,-0.07036540110213996,4812.693485030206,4.55,0.1,0.4,0.5,0.0,0.05,-21.900936426966656
60,atr,2.0,2.5,5,1.0,off,none,11,4,7,0.18181818181818182,-2141.188333649581,0.0,-2141.188333649581,0.0,0.6166494022695782,-0.36363636363636304,4178.76003201984,12.0,0.18181818181818182,0.8181818181818182,0.0,0.0,0.18181818181818182,-194.65348487723466
60,atr,2.0,2.5,5,1.0,off,exchange,11,4,7,0.18181818181818182,-2123.188333649581,901.0290206507048,-3024.2173543002855,0.09989538770738944,0.5205305635224222,-0.504874531582069,4979.324966821354,12.0,0.18181818181818182,0.8181818181818182,0.0,0.0,0.18181818181818182,-274.92885039093505
60,atr,2.0,2.5,5,1.0,off,cfd_std,11,4,7,0.18181818181818182,-2019.6883336495812,270.0,-2289.688333649581,0.030126444205739265,0.6006792033331074,-0.38709391881613037,4327.26003201984,11.909090909090908,0.18181818181818182,0.8181818181818182,0.0,0.0,0.18181818181818182,-208.15348487723466
60,atr,2.0,2.5,5,1.0,off,cfd_raw,11,4,7,0.18181818181818182,-2069.188333649581,226.0,-2295.188333649581,0.025139809744141036,0.5992657339733457,-0.3881098564536662,4326.76003201984,12.0,0.18181818181818182,0.8181818181818182,0.0,0.0,0.18181818181818182,-208.65348487723466
60,atr,2.0,2.5,5,1.0,bar,none,11,4,7,0.45454545454545453,278.7417022259033,0.0,278.7417022259033,0.0,1.1055461516693963,-0.04225254477811268,2107.7394906585396,6.0,0.09090909090909091,0.36363636363636365,0.5454545454545454,0.0,0.18181818181818182,25.34015474780939
60,atr,2.0,2.5,5,1.0,bar,exchange,11,4,7,0.36363636363636365,284.7417022259033,903.3740557524666,-618.6323535265635,0.16251727627009555,0.8047781874398922,-0.18578109128721618,2758.6899253090814,6.0,0.09090909090909091,0.36363636363636365,0.5454545454545454,0.0,0.18181818181818182,-56.23930486605123
60,atr,2.0,2.5,5,1.0,bar,cfd_std,11,4,7,0.45454545454545453,319.2417022259033,283.5,35.74170222590328,0.05110747289279705,1.0128755027571288,-0.08092946527773473,2296.7394906585396,6.0,0.09090909090909091,0.36363636363636365,0.5454545454545454,0.0,0.18181818181818182,3.2492456569002983
60,atr,2.0,2.5,5,1.0,bar,cfd_raw,11,4,7,0.45454545454545453,302.7417022259033,234.0,68.74170222590328,0.04214216179985695,1.0249340025683207,-0.0757449207479222,2267.7394906585396,6.0,0.09090909090909091,0.36363636363636365,0.5454545454545454,0.0,0.18181818181818182,6.249245656900299
60,atr,2.0,2.5,5,1.0,tick,none,11,4,7,0.45454545454545453,472.8574278796732,0.0,472.8574278796732,0.0,1.1905315483473868,-0.00215078304634142,1564.7142704905855,3.4545454545454546,0.09090909090909091,0.36363636363636365,0.5454545454545454,0.0,0.18181818181818182,42.98703889815211
60,atr,2.0,2.5,5,1.0,tick,exchange,11,4,7,0.36363636363636365,478.8574278796732,903.5648908991873,-424.7074630195141,0.16626709852499078,0.8582903051166579,-0.145676297356279,2379.815075540595,3.4545454545454546,0.09090909090909091,0.36363636363636365,0.5454545454545454,0.0,0.18181818181818182,-38.60976936541037
60,atr,2.0,2.5,5,1.0,tick,cfd_std,11,4,7,0.45454545454545453,513.3574278796732,283.5,229.8574278796732,0.05227812903662764,1.0878397911168096,-0.040827703545963434,1807.7142704905855,3.4545454545454546,0.09090909090909091,0.36363636363636365,0.5454545454545454,0.0,0.18181818181818182,20.896129807243017
60,atr,2.0,2.5,5,1.0,tick,cfd_raw,11,4,7,0.45454545454545453,496.8574278796732,234.0,262.8574278796732,0.04310648254024628,1.1011853989441964,-0.03564315901615094,1768.7142704905855,3.4545454545454546,0.09090909090909091,0.36363636363636365,0.5454545454545454,0.0,0.18181818181818182,23.896129807243017
60,atr,2.0,2.5,5,2.0,off,none,0,0,0,,0.0,0.0,0.0,,,,0.0,,0.0,0.0,0.0,0.0,,
60,atr,2.0,2.5,5,2.0,off,exchange,0,0,0,,0.0,0.0,0.0,,,,0.0,,0.0,0.0,0.0,0.0,,
60,atr,2.0,2.5,5,2.0,off,cfd_std,0,0,0,,0.0,0.0,0.0,,,,0.0,,0.0,0.0,0.0,0.0,,
60,atr,2.0,2.5,5,2.0,off,cfd_raw,0,0,0,,0.0,0.0,0.0,,,,0.0,,0.0,0.0,0.0,0.0,,
60,atr,2.0,2.5,5,2.0,bar,none,0,0,0,,0.0,0.0,0.0,,,,0.0,,0.0,0.0,0.0,0.0,,
60,atr,2.0,2.5,5,2.0,bar,exchange,0,0,0,,0.0,0.0,0.0,,,,0.0,,0.0,0.0,0.0,0.0,,
60,atr,2.0,2.5,5,2.0,bar,cfd_std,0,0,0,,0.0,0.0,0.0,,,,0.0,,0.0,0.0,0.0,0.0,,
60,atr,2.0,2.5,5,2.0,bar,cfd_raw,0,0,0,,0.0,0.0,0.0,,,,0.0,,0.0,0.0,0.0,0.0,,
60,atr,2.0,2.5,5,2.0,tick,none,0,0,0,,0.0,0.0,0.0,,,,0.0,,0.0,0.0,0.0,0.0,,
60,atr,2.0,2.5,5,2.0,tick,exchange,0,0,0,,0.0,0.0,0.0,,,,0.0,,0.0,0.0,0.0,0.0,,
60,atr,2.0,2.5,5,2.0,tick,cfd_std,0,0,0,,0.0,0.0,0.0,,,,0.0,,0.0,0.0,0.0,0.0,,
60,atr,2.0,2.5,5,2.0,tick,cfd_raw,0,0,0,,0.0,0.0,0.0,,,,0.0,,0.0,0.0,0.0,0.0,,
60,atr,2.0,2.5,8,0.5,off,none,17,5,12,0.23529411764705882,-2972.953965998415,0.0,-2972.953965998415,0.0,0.6561899699763265,-0.26710706061832257,5879.494016163371,11.529411764705882,0.17647058823529413,0.7647058823529411,0.0,0.058823529411764705,0.17647058823529413,-174.8796450587303
60,atr,2.0,2.5,8,0.5,off,exchange,17,5,12,0.23529411764705882,-2946.953965998415,1401.7573625826335,-4348.711328581047,0.09800297318911387,0.5513328464362268,-0.39889869147608265,7081.686408720925,11.529411764705882,0.17647058823529413,0.7647058823529411,0.0,0.058823529411764705,0.17647058823529413,-255.8065487400616
60,atr,2.0,2.5,8,0.5,off,cfd_std,17,5,12,0.23529411764705882,-2797.453965998415,418.5,-3215.953965998415,0.029472427456793834,0.6365982600377703,-0.2895245314948907,6081.994016163371,11.411764705882353,0.17647058823529413,0.7647058823529411,0.0,0.058823529411764705,0.17647058823529413,-189.1737627057891
60,atr,2.0,2.5,8,0.5,off,cfd_raw,17,5,12,0.23529411764705882,-2868.953965998415,350.0,-3218.953965998415,0.024562760723516135,0.6360742052971677,-0.29019593257686255,6089.494016163371,11.470588235294118,0.17647058823529413,0.7647058823529411,0.0,0.058823529411764705,0.17647058823529413,-189.3502332940244
60,atr,2.0,2.5,8,0.5,bar,none,20,6,14,0.4,-348.3889558140363,0.0,-348.3889558140363,0.0,0.9373037354573306,-0.061631175971353744,4455.763511747966,7.75,0.1,0.35,0.5,0.05,0.15,-17.419447790701817
60,atr,2.0,2.5,8,0.5,bar,exchange,20,6,14,0.3,-336.3889558140363,1647.039641675492,-1983.4285974895283,0.15311103214362162,0.7013816860992694,-0.19204473645745668,5754.010066145493,7.75,0.1,0.35,0.5,0.05,0.15,-99.17142987447642
60,atr,2.0,2.5,8,0.5,bar,cfd_std,21,7,14,0.3333333333333333,-1101.6052582879347,540.0,-1641.6052582879347,0.043942263492043825,0.767428965526091,-0.17242038412335492,6053.218722133635,7.333333333333333,0.09523809523809523,0.42857142857142855,0.42857142857142855,0.047619047619047616,0.14285714285714285,-78.17167896609213
60,atr,2.0,2.5,8,0.5,bar,cfd_raw,21,7,14,0.3333333333333333,-1145.6052582879347,446.0,-1591.6052582879347,0.03619585573899047,0.7735018194074413,-0.16829242474097866,6006.718722133635,7.333333333333333,0.09523809523809523,0.42857142857142855,0.42857142857142855,0.047619047619047616,0.14285714285714285,-75.79072658513975
60,atr,2.0,2.5,8,0.5,tick,none,22,7,15,0.5,708.5338338722795,0.0,708.5338338722795,0.0,1.1218056197355524,0.01537940746498596,3491.27235873499,5.7272727272727275,0.09090909090909091,0.36363636363636365,0.5,0.045454545454545456,0.13636363636363635,32.206083357830884
60,atr,2.0,2.5,8,0.5,tick,exchange,22,7,15,0.45454545454545453,722.5338338722795,1809.0167999038235,-1086.4829660315436,0.1466883934784111,0.8383556904971997,-0.11290290881004358,4857.064434687505,5.7272727272727275,0.09090909090909091,0.36363636363636365,0.5,0.045454545454545456,0.13636363636363635,-49.38558936507016
60,atr,2.0,2.5,8,0.5,tick,cfd_std,23,8,15,0.4782608695652174,432.13150837266585,594.0,-161.86849162733415,0.044363919832806166,0.9762047808540409,-0.06234431002330274,4611.913592146375,5.3478260869565215,0.08695652173913043,0.391304347826087,0.4782608695652174,0.043478260869565216,0.13043478260869565,-7.0377605055362675
60,atr,2.0,2.5,8,0.5,tick,cfd_raw,23,8,15,0.4782608695652174,388.13150837266585,490.0,-101.86849162733415,0.03650652327693259,0.9849775053547082,-0.05797835387197388,4565.413592146375,5.3478260869565215,0.08695652173913043,0.391304347826087,0.4782608695652174,0.043478260869565216,0.13043478260869565,-4.4290648533623544
60,atr,2.0,2.5,8,1.0,off,none,11,2,9,0.2727272727272727,-1325.4075274854258,0.0,-1325.4075274854258,0.0,0.7346779430522422,-0.1855290936828598,2599.117944182057,12.454545454545455,0.18181818181818182,0.7272727272727273,0.0,0.09090909090909091,0.09090909090909091,-120.49159340776599
60,atr,2.0,2.5,8,1.0,off,exchange,11,2,9,0.2727272727272727,-1307.4075274854258,901.7735359733048,-2209.181063458731,0.10418471712434671,0.6078723566860283,-0.3273127363670399,3153.696725363712,12.454545454545455,0.18181818181818182,0.7272727272727273,0.0,0.09090909090909091,0.09090909090909091,-200.8346421326119
60,atr,2.0,2.5,8,1.0,off,cfd_std,11,2,9,0.2727272727272727,-1203.9075274854258,270.0,-1473.9075274854258,0.031402556535453145,0.7119567930886908,-0.20821438400561953,2693.617944182057,12.363636363636363,0.18181818181818182,0.7272727272727273,0.0,0.09090909090909091,0.09090909090909091,-133.99159340776598
60,atr,2.0,2.5,8,1.0,off,cfd_raw,11,2,9,0.2727272727272727,-1253.4075274854258,226.0,-1479.4075274854258,0.026201300414921875,0.7107971599527024,-0.2096001106699716,2697.117944182057,12.454545454545455,0.18181818181818182,0.7272727272727273,0.0,0.09090909090909091,0.09090909090909091,-134.49159340776598
60,atr,2.0,2.5,8,1.0,bar,none,11,2,9,0.45454545454545453,-711.7043859222467,0.0,-711.7043859222467,0.0,0.6460851923768766,-0.1780089491900158,1736.9861826327397,6.7272727272727275,0.0,0.2727272727272727,0.6363636363636364,0.09090909090909091,0.09090909090909091,-64.70039872020425
60,atr,2.0,2.5,8,1.0,bar,exchange,11,2,9,0.36363636363636365,-707.7043859222467,904.9306129169457,-1612.6349988391926,0.2737078022988838,0.3649489328052577,-0.32250570914057436,2468.9685464480426,6.7272727272727275,0.0,0.2727272727272727,0.6363636363636364,0.09090909090909091,0.09090909090909091,-146.60318171265388
60,atr,2.0,2.5,8,1.0,bar,cfd_std,11,2,9,0.45454545454545453,-1148.0183628965315,297.0,-1445.0183628965315,0.07927385743692077,0.44619658685499913,-0.28081001311513015,2416.3001596070244,6.909090909090909,0.0,0.36363636363636365,0.5454545454545454,0.09090909090909091,0.09090909090909091,-131.3653057178665
60,atr,2.0,2.5,8,1.0,bar,cfd_raw,11,2,9,0.45454545454545453,-1164.5183628965315,242.0,-1406.5183628965315,0.0643102843386545,0.4581482412967598,-0.2750750692008674,2387.8001596070244,6.909090909090909,0.0,0.36363636363636365,0.5454545454545454,0.09090909090909091,0.09090909090909091,-127.86530571786649
60,atr,2.0,2.5,8,1.0,tick,none,11,2,9,0.5454545454545454,672.9457905710733,0.0,672.9457905710733,0.0,1.4157074405226326,-0.001010698365494056,921.3015582633088,4.545454545454546,0.0,0.2727272727272727,0.6363636363636364,0.09090909090909091,0.09090909090909091,61.176890051915755
60,atr,2.0,2.5,8,1.0,tick,exchange,11,2,9,0.5454545454545454,676.9457905710733,904.6502486407575,-227.70445806968416,0.23157333170116787,0.8874675390565946,-0.14545029827336295,1406.2461004362412,4.545454545454546,0.0,0.2727272727272727,0.6363636363636364,0.09090909090909091,0.09090909090909091,-20.700405279062196
60,atr,2.0,2.5,8,1.0,tick,cfd_std,11,2,9,0.5454545454545454,699.9457905710733,297.0,402.9457905710733,0.07647663664352994,1.2333487284995768,-0.04294745681887379,1015.8015582633088,4.545454545454546,0.0,0.2727272727272727,0.6363636363636364,0.09090909090909091,0.09090909090909091,36.63143550646121
60,atr,2.0,2.5,8,1.0,tick,cfd_raw,11,2,9,0.5454545454545454,688.9457905710733,242.0,446.9457905710733,0.06213829179977916,1.2609450480206623,-0.03648999276334375,1001.3015582633088,4.545454545454546,0.0,0.2727272727272727,0.6363636363636364,0.09090909090909091,0.09090909090909091,40.63143550646121
60,atr,2.0,2.5,8,2.0,off,none,0,0,0,,0.0,0.0,0.0,,,,0.0,,0.0,0.0,0.0,0.0,,
60,atr,2.0,2.5,8,2.0,off,exchange,0,0,0,,0.0,0.0,0.0,,,,0.0,,0.0,0.0,0.0,0.0,,
60,atr,2.0,2.5,8,2.0,off,cfd_std,0,0,0,,0.0,0.0,0.0,,,,0.0,,0.0,0.0,0.0,0.0,,
60,atr,2.0,2.5,8,2.0,off,cfd_raw,0,0,0,,0.0,0.0,0.0,,,,0.0,,0.0,0.0,0.0,0.0,,
60,atr,2.0,2.5,8,2.0,bar,none,0,0,0,,0.0,0.0,0.0,,,,0.0,,0.0,0.0,0.0,0.0,,
60,atr,2.0,2.5,8,2.0,bar,exchange,0,0,0,,0.0,0.0,0.0,,,,0.0,,0.0,0.0,0.0,0.0,,
60,atr,2.0,2.5,8,2.0,bar,cfd_std,0,0,0,,0.0,0.0,0.0,,,,0.0,,0.0,0.0,0.0,0.0,,
60,atr,2.0,2.5,8,2.0,bar,cfd_raw,0,0,0,,0.0,0.0,0.0,,,,0.0,,0.0,0.0,0.0,0.0,,
60,atr,2.0,2.5,8,2.0,tick,none,0,0,0,,0.0,0.0,0.0,,,,0.0,,0.0,0.0,0.0,0.0,,
60,atr,2.0,2.5,8,2.0,tick,exchange,0,0,0,,0.0,0.0,0.0,,,,0.0,,0.0,0.0,0.0,0.0,,
60,atr,2.0,2.5,8,2.0,tick,cfd_std,0,0,0,,0.0,0.0,0.0,,,,0.0,,0.0,0.0,0.0,0.0,,
60,atr,2.0,2.5,8,2.0,tick,cfd_raw,0,0,0,,0.0,0.0,0.0,,,,0.0,,0.0,0.0,0.0,0.0,,
60,atr,2.0,3.0,3,0.5,off,none,13,6,7,0.3076923076923077,2158.109610007872,0.0,2158.109610007872,0.0,1.338242082180128,0.23076923076922887,2258.153258285034,28.307692307692307,0.3076923076923077,0.6923076923076923,0.0,0.0,0.0,166.0084315390671
60,atr,2.0,3.0,3,0.5,off,exchange,13,6,7,0.3076923076923077,2184.109610007872,1074.9760003555832,1109.133609652289,0.07210321645551292,1.1559962047628811,0.10461198191491894,2577.2385557389935,28.307692307692307,0.3076923076923077,0.6923076923076923,0.0,0.0,0.0,85.31796997325299
60,atr,2.0,3.0,3,0.5,off,cfd_std,13,6,7,0.3076923076923077,2333.609610007872,297.0,2036.609610007872,0.01999818269867148,1.3132344436469332,0.21563950840097576,2312.153258285034,28.076923076923077,0.3076923076923077,0.6923076923076923,0.0,0.0,0.0,156.66227769291325
60,atr,2.0,3.0,3,0.5,off,cfd_raw,13,6,7,0.3076923076923077,2262.109610007872,254.0,2008.109610007872,0.01707121243021282,1.3086374786232955,0.21237216400055628,2314.153258285034,28.153846153846153,0.3076923076923077,0.6923076923076923,0.0,0.0,0.0,154.46997000060554
60,atr,2.0,3.0,3,0.5,bar,none,25,11,14,0.6,5809.353123417546,0.0,5809.353123417546,0.0,2.0275817678144348,0.26721508983833736,3730.2399548773537,11.48,0.12,0.32,0.56,0.0,0.04,232.37412493670183
60,atr,2.0,3.0,3,0.5,bar,exchange,25,11,14,0.56,5829.353123417546,2063.0500262254955,3766.3030971920507,0.12058839805921331,1.5761872041174871,0.13956239967255937,4530.49592725774,11.48,0.12,0.32,0.56,0.0,0.04,150.65212388768202
60,atr,2.0,3.0,3,0.5,bar,cfd_std,25,11,14,0.56,5944.353123417546,634.5,5309.853123417546,0.03718747436054249,1.9075260922102255,0.23556651551671698,3932.7399548773537,11.48,0.12,0.32,0.56,0.0,0.04,212.39412493670184
60,atr,2.0,3.0,3,0.5,bar,cfd_raw,25,11,14,0.56,5889.353123417546,526.0,5363.353123417546,0.030788687999436917,1.9192623577861023,0.239071805724287,3910.2399548773537,11.48,0.12,0.32,0.56,0.0,0.04,214.53412493670186
60,atr,2.0,3.0,3,0.5,tick,none,30,15,15,0.6,6610.160066567187,0.0,6610.160066567187,0.0,2.3101658707764114,0.27588841688363047,2538.702983486073,7.066666666666666,0.1,0.23333333333333334,0.6666666666666666,0.0,0.03333333333333333,220.3386688855729
60,atr,2.0,3.0,3,0.5,tick,exchange,30,15,15,0.5333333333333333,6628.160066567187,2478.615583199326,4149.54448336786,0.14846694777537395,1.6825716355022569,0.146876899409853,3490.4120453747164,7.066666666666666,0.1,0.23333333333333334,0.6666666666666666,0.0,0.03333333333333333,138.31814944559534
60,atr,2.0,3.0,3,0.5,tick,cfd_std,31,16,15,0.5806451612903226,6435.10552264993,796.5,5638.60552264993,0.04462445430171537,1.9307814937138157,0.2005777994662239,3439.985314286081,6.774193548387097,0.0967741935483871,0.25806451612903225,0.6451612903225806,0.0,0.03225806451612903,181.8905007306429
60,atr,2.0,3.0,3,0.5,tick,cfd_raw,31,16,15,0.5806451612903226,6380.10552264993,658.0,5722.10552264993,0.036819515145720044,1.9487151809436531,0.20513679885029804,3397.985314286081,6.774193548387097,0.0967741935483871,0.25806451612903225,0.6451612903225806,0.0,0.03225806451612903,184.58404911773968
60,atr,2.0,3.0,3,1.0,off,none,13,7,6,0.3076923076923077,2812.011255140809,0.0,2812.011255140809,0.0,1.4588790806063368,0.2307692307692294,2128.9621443193173,18.0,0.3076923076923077,0.6923076923076923,0.0,0.0,0.15384615384615385,216.30855808775456
60,atr,2.0,3.0,3,1.0,off,exchange,13,7,6,0.3076923076923077,2834.011255140809,1063.201479154717,1770.809775986092,0.0705882756613073,1.2585244870031314,0.10491975097317997,2685.1731568557734,18.0,0.3076923076923077,0.6923076923076923,0.0,0.0,0.15384615384615385,136.21613661431476
60,atr,2.0,3.0,3,1.0,off,cfd_std,13,7,6,0.3076923076923077,2960.511255140809,297.0,2663.511255140809,0.01976375019741035,1.4243624670914035,0.21245491282201956,2236.9621443193173,17.923076923076923,0.3076923076923077,0.6923076923076923,0.0,0.0,0.15384615384615385,204.88548116467763
60,atr,2.0,3.0,3,1.0,off,cfd_raw,13,7,6,0.3076923076923077,2900.011255140809,254.0,2646.011255140809,0.01688379364754766,1.4220113279068474,0.2104650789202416,2234.9621443193173,18.0,0.3076923076923077,0.6923076923076923,0.0,0.0,0.15384615384615385,203.5393273185238
60,atr,2.0,3.0,3,1.0,bar,none,16,8,8,0.625,5529.095060072301,0.0,5529.095060072301,0.0,2.619194769388642,0.41693112724763537,2550.61510917735,8.0625,0.1875,0.3125,0.5,0.0,0.125,345.5684412545188
60,atr,2.0,3.0,3,1.0,bar,exchange,16,8,8,0.5625,5541.095060072301,1314.745239241758,4226.349820830543,0.10638360101835675,2.0626681740450383,0.2854243859350479,3233.365245455978,8.0625,0.1875,0.3125,0.5,0.0,0.125,264.1468638019089
60,atr,2.0,3.0,3,1.0,bar,cfd_std,16,8,8,0.5625,5610.095060072301,391.5,5218.595060072301,0.031678517294123576,2.4666362494255254,0.38464745506581766,2707.3914223388856,8.0625,0.1875,0.3125,0.5,0.0,0.125,326.1621912545188
60,atr,2.0,3.0,3,1.0,bar,cfd_raw,16,8,8,0.5625,5577.095060072301,328.0,5249.095060072301,0.026540366979495612,2.48291804168847,0.3880978065263172,2678.8914223388856,8.0625,0.1875,0.3125,0.5,0.0,0.125,328.0684412545188
60,atr,2.0,3.0,3,1.0,tick,none,17,9,8,0.5294117647058824,3637.846870868467,0.0,3637.846870868467,0.0,2.1646970213450674,0.28815041034527317,2167.314506957191,4.411764705882353,0.11764705882352941,0.23529411764705882,0.6470588235294118,0.0,0.11764705882352941,213.99099240402745
60,atr,2.0,3.0,3,1.0,tick,exchange,17,9,8,0.4117647058823529,3645.846870868467,1397.916097900163,2247.9307729683037,0.1414221770202236,1.585423744528844,0.15673406743478502,2896.4044589763653,4.411764705882353,0.11764705882352941,0.23529411764705882,0.6470588235294118,0.0,0.11764705882352941,132.23122193931198
60,atr,2.0,3.0,3,1.0,tick,cfd_std,17,9,8,0.5294117647058824,3691.846870868467,432.0,3259.846870868467,0.04370389651031822,1.9841262129523356,0.25157907712502037,2383.314506957191,4.411764705882353,0.11764705882352941,0.23529411764705882,0.6470588235294118,0.0,0.11764705882352941,191.7556982863804
60,atr,2.0,3.0,3,1.0,tick,cfd_raw,17,9,8,0.5294117647058824,3669.846870868467,358.0,3311.846870868467,0.036217580904384074,2.008655354130498,0.25682350368475376,2349.314506957191,4.411764705882353,0.11764705882352941,0.23529411764705882,0.6470588235294118,0.0,0.11764705882352941,194.81452181579218
60,atr,2.0,3.0,3,2.0,off,none,1,0,1,0.0,-998.6443142778589,0.0,-998.6443142778589,0.0,0.0,-1.000000000000002,998.6443142778589,31.0,0.0,1.0,0.0,0.0,0.0,-998.6443142778589
60,atr,2.0,3.0,3,2.0,off,exchange,1,0,1,0.0,-996.6443142778589,80.09386215713891,-1076.738176434998,0.08036353693059768,0.0,-1.078199876613339,1076.7381764349993,31.0,0.0,1.0,0.0,0.0,0.0,-1076.738176434998
60,atr,2.0,3.0,3,2.0,off,cfd_std,1,0,1,0.0,-985.1443142778589,27.0,-1012.1443142778589,0.027407152037203637,0.0,-1.013518326602364,1012.1443142778589,31.0,0.0,1.0,0.0,0.0,0.0,-1012.1443142778589
60,atr,2.0,3.0,3,2.0,off,cfd_raw,1,0,1,0.0,-990.6443142778589,22.0,-1012.6443142778589,0.022207768906478954,0.0,-1.0140190053654146,1012.6443142778589,31.0,0.0,1.0,0.0,0.0,0.0,-1012.6443142778589
60,atr,2.0,3.0,3,2.0,bar,none,1,0,1,0.0,-998.6443142778589,0.0,-998.6443142778589,0.0,0.0,-1.000000000000002,998.6443142778589,31.0,0.0,1.0,0.0,0.0,0.0,-998.6443142778589
60,atr,2.0,3.0,3,2.0,bar,exchange,1,0,1,0.0,-996.6443142778589,80.09386215713891,-1076.738176434998,0.08036353693059768,0.0,-1.078199876613339,1076.7381764349993,31.0,0.0,1.0,0.0,0.0,0.0,-1076.738176434998
60,atr,2.0,3.0,3,2.0,bar,cfd_std,1,0,1,0.0,-985.1443142778589,27.0,-1012.1443142778589,0.027407152037203637,0.0,-1.013518326602364,1012.1443142778589,31.0,0.0,1.0,0.0,0.0,0.0,-1012.1443142778589
60,atr,2.0,3.0,3,2.0,bar,cfd_raw,1,0,1,0.0,-990.6443142778589,22.0,-1012.6443142778589,0.022207768906478954,0.0,-1.0140190053654146,1012.6443142778589,31.0,0.0,1.0,0.0,0.0,0.0,-1012.6443142778589
60,atr,2.0,3.0,3,2.0,tick,none,1,0,1,0.0,-64.45456213952275,0.0,-64.45456213952275,0.0,0.0,-0.06454206088994893,64.45456213952275,25.0,0.0,0.0,1.0,0.0,0.0,-64.45456213952275
60,atr,2.0,3.0,3,2.0,tick,exchange,1,0,1,0.0,-64.45456213952275,79.62776728106975,-144.0823294205925,1.2354093277168192,0.0,-0.14427792494345876,144.08232942059112,25.0,0.0,0.0,1.0,0.0,0.0,-144.0823294205925
60,atr,2.0,3.0,3,2.0,tick,cfd_std,1,0,1,0.0,-64.45456213952275,27.0,-91.45456213952275,0.41889975051810846,0.0,-0.09157871409467311,91.45456213952275,25.0,0.0,0.0,1.0,0.0,0.0,-91.45456213952275
60,atr,2.0,3.0,3,2.0,tick,cfd_raw,1,0,1,0.0,-64.45456213952275,22.0,-86.45456213952275,0.3413257226443847,0.0,-0.08657192646416864,86.45456213952275,25.0,0.0,0.0,1.0,0.0,0.0,-86.45456213952275
60,atr,2.0,3.0,5,0.5,off,none,15,5,10,0.26666666666666666,284.0792665347399,0.0,284.0792665347399,0.0,1.0393209179225213,0.0666666666666659,3903.5275310762663,14.733333333333333,0.26666666666666666,0.7333333333333333,0.0,0.0,0.06666666666666667,18.93861776898266
60,atr,2.0,3.0,5,0.5,off,exchange,15,5,10,0.26666666666666666,312.0792665347399,1222.7782997247775,-910.6990331900377,0.08306156819339024,0.8876036007220727,-0.0689176154108881,4938.056777402235,14.733333333333333,0.26666666666666666,0.7333333333333333,0.0,0.0,0.06666666666666667,-60.71326887933584
60,atr,2.0,3.0,5,0.5,off,cfd_std,16,6,10,0.25,176.52472261748335,378.0,-201.47527738251665,0.023862014662681306,0.9752981287066702,-0.01845810547106283,4835.168764487651,13.5625,0.25,0.75,0.0,0.0,0.0625,-12.59220483640729
60,atr,2.0,3.0,5,0.5,off,cfd_raw,16,6,10,0.25,94.02472261748335,320.0,-225.97527738251665,0.0201516709063286,0.9722960051494425,-0.020915982147952122,4847.668764487651,13.625,0.25,0.75,0.0,0.0,0.0625,-14.12345483640729
60,atr,2.0,3.0,5,0.5,bar,none,18,6,12,0.4444444444444444,205.68895348740625,0.0,205.68895348740625,0.0,1.0399964499637757,0.025225989378504635,4330.827338637784,7.277777777777778,0.1111111111111111,0.3888888888888889,0.5,0.0,0.05555555555555555,11.42716408263368
60,atr,2.0,3.0,5,0.5,bar,exchange,18,6,12,0.3333333333333333,221.68895348740625,1474.734693777403,-1253.0457402899963,0.14067802493865023,0.7931586685271125,-0.11247331639744347,5465.353443763641,7.277777777777778,0.1111111111111111,0.3888888888888889,0.5,0.0,0.05555555555555555,-69.61365223833313
60,atr,2.0,3.0,5,0.5,bar,cfd_std,19,7,12,0.3684210526315789,17.134409570149728,486.0,-468.8655904298503,0.04180365612304366,0.9233078217656259,-0.06215473098476401,5397.468572049169,6.7368421052631575,0.10526315789473684,0.42105263157894735,0.47368421052631576,0.0,0.05263157894736842,-24.677136338413174
60,atr,2.0,3.0,5,0.5,bar,cfd_raw,19,7,12,0.3684210526315789,-32.36559042985027,402.0,-434.3655904298503,0.03449673312411339,0.9287002312479342,-0.05852583512901797,5360.968572049169,6.7368421052631575,0.10526315789473684,0.42105263157894735,0.47368421052631576,0.0,0.05263157894736842,-22.86134686472896
60,atr,2.0,3.0,5,0.5,tick,none,19,7,12,0.5263157894736842,1083.9685533400334,0.0,1083.9685533400334,0.0,1.220080006003819,0.06269068419149647,3738.552251618821,4.947368421052632,0.10526315789473684,0.3684210526315789,0.5263157894736842,0.0,0.05263157894736842,57.050976491580705
60,atr,2.0,3.0,5,0.5,tick,exchange,19,7,12,0.42105263157894735,1099.9685533400334,1560.4851418064302,-460.51658846639793,0.14281465428253434,0.9190889901860428,-0.07333201128522318,5037.0275830227765,4.947368421052632,0.10526315789473684,0.3684210526315789,0.5263157894736842,0.0,0.05263157894736842,-24.237715182441995
60,atr,2.0,3.0,5,0.5,tick,cfd_std,20,8,12,0.5,895.4140094227769,513.0,382.41400942277687,0.042504276688482966,1.0652920137871216,-0.024304507752296513,4859.193485030206,4.55,0.1,0.4,0.5,0.0,0.05,19.120700471138843
60,atr,2.0,3.0,5,0.5,tick,cfd_raw,20,8,12,0.5,845.9140094227769,424.0,421.91400942277687,0.03505037829249478,1.072177822849711,-0.02036540110213956,4812.693485030206,4.55,0.1,0.4,0.5,0.0,0.05,21.095700471138844
60,atr,2.0,3.0,5,1.0,off,none,10,3,7,0.2,-828.4453969790484,0.0,-828.4453969790484,0.0,0.8330275020590932,-0.1999999999999992,3273.5314350233675,16.8,0.2,0.8,0.0,0.0,0.2,-82.84453969790484
60,atr,2.0,3.0,5,1.0,off,exchange,10,3,7,0.2,-812.4453969790484,818.4497826972181,-1630.8951796762667,0.09007127287442976,0.7089191014253239,-0.34243623949235624,3993.313374701567,16.8,0.2,0.8,0.0,0.0,0.2,-163.08951796762668
60,atr,2.0,3.0,5,1.0,off,cfd_std,10,3,7,0.2,-720.4453969790484,243.0,-963.4453969790484,0.0268784778177201,0.8109619250807804,-0.22363946485184893,3408.5314350233675,16.7,0.2,0.8,0.0,0.0,0.2,-96.34453969790484
60,atr,2.0,3.0,5,1.0,off,cfd_raw,10,3,7,0.2,-764.4453969790484,204.0,-968.4453969790484,0.022509871567799895,0.8097195275793161,-0.22467685381440144,3407.5314350233675,16.8,0.2,0.8,0.0,0.0,0.2,-96.84453969790484
60,atr,2.0,3.0,5,1.0,bar,none,11,4,7,0.45454545454545453,686.2560418999637,0.0,686.2560418999637,0.0,1.259852342523587,0.003202000676433624,2107.7394906585396,6.0,0.09090909090909091,0.36363636363636365,0.5454545454545454,0.0,0.18181818181818182,62.3869128999967
60,atr,2.0,3.0,5,1.0,bar,exchange,11,4,7,0.36363636363636365,692.2560418999637,903.5778129223036,-211.32177102234027,0.15145077914122299,0.9333131884596433,-0.1403492731053972,2758.6899253090814,6.0,0.09090909090909091,0.36363636363636365,0.5454545454545454,0.0,0.18181818181818182,-19.211070092940023
60,atr,2.0,3.0,5,1.0,bar,cfd_std,11,4,7,0.45454545454545453,726.7560418999637,283.5,443.25604189996375,0.04760986448385829,1.1596774645349939,-0.03547491982318843,2296.7394906585396,6.0,0.09090909090909091,0.36363636363636365,0.5454545454545454,0.0,0.18181818181818182,40.296003809087615
60,atr,2.0,3.0,5,1.0,bar,cfd_raw,11,4,7,0.45454545454545453,710.2560418999637,234.0,476.25604189996375,0.03926076786636954,1.17274767699071,-0.0302903752933759,2267.7394906585396,6.0,0.09090909090909091,0.36363636363636365,0.5454545454545454,0.0,0.18181818181818182,43.296003809087615
60,atr,2.0,3.0,5,1.0,tick,none,11,4,7,0.45454545454545453,880.3717675537337,0.0,880.3717675537337,0.0,1.3547339771006464,0.04330376240820488,1564.7142704905855,3.4545454545454546,0.09090909090909091,0.36363636363636365,0.5454545454545454,0.0,0.18181818181818182,80.03379705033943
60,atr,2.0,3.0,5,1.0,tick,exchange,11,4,7,0.36363636363636365,886.3717675537337,903.7686480690243,-17.39688051529083,0.15470372063791735,0.9941952830020545,-0.10024447917445999,2379.815075540595,3.4545454545454546,0.09090909090909091,0.36363636363636365,0.5454545454545454,0.0,0.18181818181818182,-1.5815345922991666
60,atr,2.0,3.0,5,1.0,tick,cfd_std,11,4,7,0.45454545454545453,920.8717675537337,283.5,637.3717675537337,0.04862418255736089,1.2435709972138895,0.004626841908582868,1807.7142704905855,3.4545454545454546,0.09090909090909091,0.36363636363636365,0.5454545454545454,0.0,0.18181818181818182,57.94288795943033
60,atr,2.0,3.0,5,1.0,tick,cfd_raw,11,4,7,0.45454545454545453,904.3717675537337,234.0,670.3717675537337,0.0400964219113172,1.2580556132197325,0.009811386438395358,1768.7142704905855,3.4545454545454546,0.09090909090909091,0.36363636363636365,0.5454545454545454,0.0,0.18181818181818182,60.94288795943033
60,atr,2.0,3.0,5,2.0,off,none,0,0,0,,0.0,0.0,0.0,,,,0.0,,0.0,0.0,0.0,0.0,,
60,atr,2.0,3.0,5,2.0,off,exchange,0,0,0,,0.0,0.0,0.0,,,,0.0,,0.0,0.0,0.0,0.0,,
60,atr,2.0,3.0,5,2.0,off,cfd_std,0,0,0,,0.0,0.0,0.0,,,,0.0,,0.0,0.0,0.0,0.0,,
60,atr,2.0,3.0,5,2.0,off,cfd_raw,0,0,0,,0.0,0.0,0.0,,,,0.0,,0.0,0.0,0.0,0.0,,
60,atr,2.0,3.0,5,2.0,bar,none,0,0,0,,0.0,0.0,0.0,,,,0.0,,0.0,0.0,0.0,0.0,,
60,atr,2.0,3.0,5,2.0,bar,exchange,0,0,0,,0.0,0.0,0.0,,,,0.0,,0.0,0.0,0.0,0.0,,
60,atr,2.0,3.0,5,2.0,bar,cfd_std,0,0,0,,0.0,0.0,0.0,,,,0.0,,0.0,0.0,0.0,0.0,,
60,atr,2.0,3.0,5,2.0,bar,cfd_raw,0,0,0,,0.0,0.0,0.0,,,,0.0,,0.0,0.0,0.0,0.0,,
60,atr,2.0,3.0,5,2.0,tick,none,0,0,0,,0.0,0.0,0.0,,,,0.0,,0.0,0.0,0.0,0.0,,
60,atr,2.0,3.0,5,2.0,tick,exchange,0,0,0,,0.0,0.0,0.0,,,,0.0,,0.0,0.0,0.0,0.0,,
60,atr,2.0,3.0,5,2.0,tick,cfd_std,0,0,0,,0.0,0.0,0.0,,,,0.0,,0.0,0.0,0.0,0.0,,
60,atr,2.0,3.0,5,2.0,tick,cfd_raw,0,0,0,,0.0,0.0,0.0,,,,0.0,,0.0,0.0,0.0,0.0,,
60,atr,2.0,3.0,8,0.5,off,none,16,5,11,0.25,-1246.0391655301646,0.0,-1246.0391655301646,0.0,0.8417627647196462,-0.12755125190696942,4553.393225728112,14.375,0.1875,0.75,0.0,0.0625,0.125,-77.87744784563529
60,atr,2.0,3.0,8,0.5,off,exchange,16,5,11,0.25,-1220.0391655301646,1318.8777976256372,-2538.9169631558025,0.09102638539109362,0.7127548857748235,-0.26088075554799883,5674.50464632365,14.375,0.1875,0.75,0.0,0.0625,0.125,-158.68231019723765
60,atr,2.0,3.0,8,0.5,off,cfd_std,16,5,11,0.25,-1070.5391655301646,391.5,-1462.0391655301646,0.027171533806252094,0.8186843056983,-0.1492251534094729,4742.393225728112,14.25,0.1875,0.75,0.0,0.0625,0.125,-91.37744784563529
60,atr,2.0,3.0,8,0.5,off,cfd_raw,16,5,11,0.25,-1142.0391655301646,328.0,-1470.0391655301646,0.022703735934366885,0.8175790655074252,-0.15032688317822251,4749.393225728112,14.3125,0.1875,0.75,0.0,0.0625,0.125,-91.87744784563529
60,atr,2.0,3.0,8,0.5,bar,none,20,6,14,0.4,430.49567092464713,0.0,430.49567092464713,0.0,1.0774722333137696,-0.011631175971353953,4455.763511747966,7.8,0.1,0.35,0.5,0.05,0.1,21.524783546232356
60,atr,2.0,3.0,8,0.5,bar,exchange,20,6,14,0.3,444.49567092464713,1647.430083988861,-1202.9344130642144,0.14278245150753424,0.8188902556829766,-0.1419450526920469,5754.010066145493,7.8,0.1,0.35,0.5,0.05,0.1,-60.14672065321072
60,atr,2.0,3.0,8,0.5,bar,cfd_std,21,7,14,0.3333333333333333,-234.87284996689414,540.0,-774.8728499668941,0.04104720532692249,0.8902214893667588,-0.12399939704265513,6053.218722133635,7.380952380952381,0.09523809523809523,0.42857142857142855,0.42857142857142855,0.047619047619047616,0.09523809523809523,-36.898707141280674
60,atr,2.0,3.0,8,0.5,bar,cfd_raw,21,7,14,0.3333333333333333,-284.37284996689414,446.0,-730.3728499668941,0.03383123137876591,0.8960620915203235,-0.12019815373724832,6006.718722133635,7.380952380952381,0.09523809523809523,0.42857142857142855,0.42857142857142855,0.047619047619047616,0.09523809523809523,-34.779659522233054
60,atr,2.0,3.0,8,0.5,tick,none,22,7,15,0.5,1487.418460610963,0.0,1487.418460610963,0.0,1.2557053999957302,0.06083395291953124,3491.27235873499,5.7727272727272725,0.09090909090909091,0.36363636363636365,0.5,0.045454545454545456,0.09090909090909091,67.60993002777104
60,atr,2.0,3.0,8,0.5,tick,exchange,22,7,15,0.45454545454545453,1503.418460610963,1809.4072422171926,-305.9887816062295,0.13798298831877565,0.9544757286908941,-0.06735774175058014,4857.064434687505,5.7727272727272725,0.09090909090909091,0.36363636363636365,0.5,0.045454545454545456,0.09090909090909091,-13.908580982101341
60,atr,2.0,3.0,8,0.5,tick,cfd_std,23,8,15,0.4782608695652174,1298.8639166937064,594.0,704.8639166937064,0.041666692627625956,1.1036173945725056,-0.01813384355831593,4611.913592146375,5.391304347826087,0.08695652173913043,0.391304347826087,0.4782608695652174,0.043478260869565216,0.08695652173913043,30.64625724755245
60,atr,2.0,3.0,8,0.5,tick,cfd_raw,23,8,15,0.4782608695652174,1249.3639166937064,490.0,759.3639166937064,0.03430533865740789,1.1119830105474742,-0.014066193390307003,4565.413592146375,5.391304347826087,0.08695652173913043,0.391304347826087,0.4782608695652174,0.043478260869565216,0.08695652173913043,33.01582246494376
60,atr,2.0,3.0,8,1.0,off,none,11,2,9,0.2727272727272727,-771.889672458492,0.0,-771.889672458492,0.0,0.8454819733656069,-0.09462000277377149,2326.939510977012,16.90909090909091,0.18181818181818182,0.7272727272727273,0.0,0.09090909090909091,0.09090909090909091,-70.17178840531746
60,atr,2.0,3.0,8,1.0,off,exchange,11,2,9,0.2727272727272727,-753.889672458492,901.7689554789964,-1655.6586279374887,0.09792210375595302,0.7061220890201156,-0.23640364545795156,2881.654381375265,16.90909090909091,0.18181818181818182,0.7272727272727273,0.0,0.09090909090909091,0.09090909090909091,-150.5144207215899
60,atr,2.0,3.0,8,1.0,off,cfd_std,11,2,9,0.2727272727272727,-650.389672458492,270.0,-920.389672458492,0.02950321847145695,0.8201298331685093,-0.11730529309653118,2421.439510977012,16.818181818181817,0.18181818181818182,0.7272727272727273,0.0,0.09090909090909091,0.09090909090909091,-83.67178840531746
60,atr,2.0,3.0,8,1.0,off,cfd_raw,11,2,9,0.2727272727272727,-699.889672458492,226.0,-925.889672458492,0.024621300612024267,0.8190019194369038,-0.11869101976088335,2424.939510977012,16.90909090909091,0.18181818181818182,0.7272727272727273,0.0,0.09090909090909091,0.09090909090909091,-84.17178840531746
60,atr,2.0,3.0,8,1.0,bar,none,11,2,9,0.45454545454545453,-711.7043859222467,0.0,-711.7043859222467,0.0,0.6460851923768766,-0.1780089491900158,1736.9861826327397,6.7272727272727275,0.0,0.2727272727272727,0.6363636363636364,0.09090909090909091,0.09090909090909091,-64.70039872020425
60,atr,2.0,3.0,8,1.0,bar,exchange,11,2,9,0.36363636363636365,-707.7043859222467,904.9306129169457,-1612.6349988391926,0.2737078022988838,0.3649489328052577,-0.32250570914057436,2468.9685464480426,6.7272727272727275,0.0,0.2727272727272727,0.6363636363636364,0.09090909090909091,0.09090909090909091,-146.60318171265388
60,atr,2.0,3.0,8,1.0,bar,cfd_std,11,2,9,0.45454545454545453,-1148.0183628965315,297.0,-1445.0183628965315,0.07927385743692077,0.44619658685499913,-0.28081001311513015,2416.3001596070244,6.909090909090909,0.0,0.36363636363636365,0.5454545454545454,0.09090909090909091,0.09090909090909091,-131.3653057178665
60,atr,2.0,3.0,8,1.0,bar,cfd_raw,11,2,9,0.45454545454545453,-1164.5183628965315,242.0,-1406.5183628965315,0.0643102843386545,0.4581482412967598,-0.2750750692008674,2387.8001596070244,6.909090909090909,0.0,0.36363636363636365,0.5454545454545454,0.09090909090909091,0.09090909090909091,-127.86530571786649
60,atr,2.0,3.0,8,1.0,tick,none,11,2,9,0.5454545454545454,672.9457905710733,0.0,672.9457905710733,0.0,1.4157074405226326,-0.001010698365494056,921.3015582633088,4.545454545454546,0.0,0.2727272727272727,0.6363636363636364,0.09090909090909091,0.09090909090909091,61.176890051915755
60,atr,2.0,3.0,8,1.0,tick,exchange,11,2,9,0.5454545454545454,676.9457905710733,904.6502486407575,-227.70445806968416,0.23157333170116787,0.8874675390565946,-0.14545029827336295,1406.2461004362412,4.545454545454546,0.0,0.2727272727272727,0.6363636363636364,0.09090909090909091,0.09090909090909091,-20.700405279062196
60,atr,2.0,3.0,8,1.0,tick,cfd_std,11,2,9,0.5454545454545454,699.9457905710733,297.0,402.9457905710733,0.07647663664352994,1.2333487284995768,-0.04294745681887379,1015.8015582633088,4.545454545454546,0.0,0.2727272727272727,0.6363636363636364,0.09090909090909091,0.09090909090909091,36.63143550646121
60,atr,2.0,3.0,8,1.0,tick,cfd_raw,11,2,9,0.5454545454545454,688.9457905710733,242.0,446.9457905710733,0.06213829179977916,1.2609450480206623,-0.03648999276334375,1001.3015582633088,4.545454545454546,0.0,0.2727272727272727,0.6363636363636364,0.09090909090909091,0.09090909090909091,40.63143550646121
60,atr,2.0,3.0,8,2.0,off,none,0,0,0,,0.0,0.0,0.0,,,,0.0,,0.0,0.0,0.0,0.0,,
60,atr,2.0,3.0,8,2.0,off,exchange,0,0,0,,0.0,0.0,0.0,,,,0.0,,0.0,0.0,0.0,0.0,,
60,atr,2.0,3.0,8,2.0,off,cfd_std,0,0,0,,0.0,0.0,0.0,,,,0.0,,0.0,0.0,0.0,0.0,,
60,atr,2.0,3.0,8,2.0,off,cfd_raw,0,0,0,,0.0,0.0,0.0,,,,0.0,,0.0,0.0,0.0,0.0,,
60,atr,2.0,3.0,8,2.0,bar,none,0,0,0,,0.0,0.0,0.0,,,,0.0,,0.0,0.0,0.0,0.0,,
60,atr,2.0,3.0,8,2.0,bar,exchange,0,0,0,,0.0,0.0,0.0,,,,0.0,,0.0,0.0,0.0,0.0,,
60,atr,2.0,3.0,8,2.0,bar,cfd_std,0,0,0,,0.0,0.0,0.0,,,,0.0,,0.0,0.0,0.0,0.0,,
60,atr,2.0,3.0,8,2.0,bar,cfd_raw,0,0,0,,0.0,0.0,0.0,,,,0.0,,0.0,0.0,0.0,0.0,,
60,atr,2.0,3.0,8,2.0,tick,none,0,0,0,,0.0,0.0,0.0,,,,0.0,,0.0,0.0,0.0,0.0,,
60,atr,2.0,3.0,8,2.0,tick,exchange,0,0,0,,0.0,0.0,0.0,,,,0.0,,0.0,0.0,0.0,0.0,,
60,atr,2.0,3.0,8,2.0,tick,cfd_std,0,0,0,,0.0,0.0,0.0,,,,0.0,,0.0,0.0,0.0,0.0,,
60,atr,2.0,3.0,8,2.0,tick,cfd_raw,0,0,0,,0.0,0.0,0.0,,,,0.0,,0.0,0.0,0.0,0.0,,
60,atr,3.0,1.0,3,0.5,off,none,19,9,10,0.5263157894736842,1221.9538236103108,0.0,1221.9538236103108,0.0,1.123735624332204,0.052631578947367905,3184.704269345195,17.42105263157895,0.5263157894736842,0.47368421052631576,0.0,0.0,0.05263157894736842,64.31335913738478
60,atr,3.0,1.0,3,0.5,off,exchange,19,9,10,0.5263157894736842,1257.9538236103108,1546.5038763653852,-288.55005275507483,0.07373785840775501,0.9727770388697798,-0.02800442781918286,3738.95492847258,17.42105263157895,0.5263157894736842,0.47368421052631576,0.0,0.0,0.05263157894736842,-15.186844881846044
60,atr,3.0,1.0,3,0.5,off,cfd_std,20,10,10,0.5,-14.522085364573286,405.0,-419.5220853645733,0.018265134435268535,0.9630830995396998,-0.007405232633769137,3211.704269345195,15.75,0.5,0.5,0.0,0.0,0.05,-20.976104268228664
60,atr,3.0,1.0,3,0.5,off,cfd_raw,20,10,10,0.5,-119.02208536457329,360.0,-479.0220853645733,0.016231648873650282,0.9578657860040716,-0.010436425903691182,3212.704269345195,15.75,0.5,0.5,0.0,0.0,0.05,-23.951104268228665
60,atr,3.0,1.0,3,0.5,bar,none,22,9,13,0.5909090909090909,4282.685876861127,0.0,4282.685876861127,0.0,1.578361625292037,0.17376335390831177,3184.704269345195,11.954545454545455,0.5,0.3181818181818182,0.18181818181818182,0.0,0.045454545454545456,194.66753985732396
60,atr,3.0,1.0,3,0.5,bar,exchange,22,9,13,0.5454545454545454,4316.685876861127,1800.7576565404693,2515.9282203206576,0.09428839193313988,1.3065304351506806,0.09006593622666466,3738.9549284725654,11.954545454545455,0.5,0.3181818181818182,0.18181818181818182,0.0,0.045454545454545456,114.36037365093898
60,atr,3.0,1.0,3,0.5,bar,cfd_std,23,10,13,0.5217391304347826,3032.7099678862432,472.5,2560.2099678862432,0.023237744918239243,1.2863038720114062,0.1127684632292286,3211.704269345195,10.73913043478261,0.4782608695652174,0.34782608695652173,0.17391304347826086,0.0,0.043478260869565216,111.31347686461928
60,atr,3.0,1.0,3,0.5,bar,cfd_raw,23,10,13,0.5217391304347826,2933.7099678862432,418.0,2515.7099678862432,0.020568539697547426,1.281674003947668,0.11061224986010477,3212.704269345195,10.73913043478261,0.4782608695652174,0.34782608695652173,0.17391304347826086,0.0,0.043478260869565216,109.37869425592362
60,atr,3.0,1.0,3,0.5,tick,none,27,13,14,0.7037037037037037,7082.522937199436,0.0,7082.522937199436,0.0,2.817156837089708,0.23066962100739985,1507.8164275574527,8.037037037037036,0.3333333333333333,0.14814814814814814,0.5185185185185185,0.0,0.037037037037037035,262.3156643407198
60,atr,3.0,1.0,3,0.5,tick,exchange,27,13,14,0.6296296296296297,7106.522937199436,2220.5464466368953,4885.97649056254,0.1491732030362172,2.067734392481135,0.14565725230037782,2069.424158187787,8.037037037037036,0.3333333333333333,0.14814814814814814,0.5185185185185185,0.0,0.037037037037037035,180.96209224305701
60,atr,3.0,1.0,3,0.5,tick,cfd_std,28,14,14,0.7142857142857143,6009.657046904031,634.5,5375.157046904031,0.039045921172885564,2.0072967671023925,0.17286916608331496,1629.3164275574527,7.214285714285714,0.32142857142857145,0.17857142857142858,0.5,0.0,0.03571428571428571,191.96989453228682
60,atr,3.0,1.0,3,0.5,tick,cfd_raw,28,14,14,0.7142857142857143,5938.157046904031,544.0,5394.157046904031,0.03351074968722903,2.0132308151407776,0.17345487639019677,1621.8164275574527,7.214285714285714,0.32142857142857145,0.17857142857142858,0.5,0.0,0.03571428571428571,192.64846596085823
60,atr,3.0,1.0,3,1.0,off,none,15,7,8,0.6,4267.409347512614,0.0,4267.409347512614,0.0,1.7724764763476326,0.20000000000000184,2459.755717208871,13.2,0.6,0.4,0.0,0.0,0.13333333333333333,284.4939565008409
60,atr,3.0,1.0,3,1.0,off,exchange,15,7,8,0.6,4293.409347512614,1216.8512680620408,3076.558079450573,0.07941828202767506,1.5122787521960892,0.1143849994056299,2934.2509698762733,13.2,0.6,0.4,0.0,0.0,0.13333333333333333,205.10387196337155
60,atr,3.0,1.0,3,1.0,off,cfd_std,15,7,8,0.6,4442.909347512614,283.5,4159.409347512614,0.018461172052690326,1.7402634957831014,0.19196126888429538,2527.255717208871,13.333333333333334,0.6,0.4,0.0,0.0,0.13333333333333333,277.2939565008409
60,atr,3.0,1.0,3,1.0,off,cfd_raw,15,7,8,0.6,4371.409347512614,258.0,4113.409347512614,0.016818714381172436,1.7324025975626378,0.1887584760168138,2535.755717208871,13.2,0.6,0.4,0.0,0.0,0.13333333333333333,274.22728983417426
60,atr,3.0,1.0,3,1.0,bar,none,16,8,8,0.625,4069.509047201107,0.0,4069.509047201107,0.0,2.029121608572503,0.2027542183291952,1867.257764525697,7.8125,0.4375,0.25,0.3125,0.0,0.125,254.3443154500692
60,atr,3.0,1.0,3,1.0,bar,exchange,16,8,8,0.5625,4087.509047201107,1305.9544888377684,2781.5545583633384,0.1089729040189263,1.6157653520178936,0.11738425959137593,2589.3885010068625,7.8125,0.4375,0.25,0.3125,0.0,0.125,173.84715989770865
60,atr,3.0,1.0,3,1.0,bar,cfd_std,16,8,8,0.5625,4191.009047201107,337.5,3853.509047201107,0.028081209782639838,1.940375719137269,0.18884390532777748,2015.757764525697,7.8125,0.4375,0.25,0.3125,0.0,0.125,240.8443154500692
60,atr,3.0,1.0,3,1.0,bar,cfd_raw,16,8,8,0.5625,4141.509047201107,296.0,3845.509047201107,0.024662118639289177,1.942679266100442,0.188131365208272,2009.257764525697,7.8125,0.4375,0.25,0.3125,0.0,0.125,240.3443154500692
60,atr,3.0,1.0,3,1.0,tick,none,16,8,8,0.625,2471.712831745288,0.0,2471.712831745288,0.0,1.7595173305663703,0.14162269597979377,1726.355702441666,5.25,0.3125,0.1875,0.5,0.0,0.125,154.4820519840805
60,atr,3.0,1.0,3,1.0,tick,exchange,16,8,8,0.5,2483.712831745288,1309.854946893196,1173.857884852092,0.14579289357008784,1.3081371096187724,0.05566727079033509,2286.3385006888857,5.25,0.3125,0.1875,0.5,0.0,0.125,73.36611780325575
60,atr,3.0,1.0,3,1.0,tick,cfd_std,16,8,8,0.625,2552.712831745288,364.5,2188.212831745288,0.04046693462332527,1.6456199172912649,0.12361248321318202,1834.355702441666,5.25,0.3125,0.1875,0.5,0.0,0.125,136.7633019840805
60,atr,3.0,1.0,3,1.0,tick,cfd_raw,16,8,8,0.625,2519.712831745288,312.0,2207.712831745288,0.03468071672905266,1.6550453645951528,0.12457027262764447,1832.355702441666,5.25,0.3125,0.1875,0.5,0.0,0.125,137.9820519840805
60,atr,3.0,1.0,3,2.0,off,none,1,0,1,0.0,-1497.9664714167884,0.0,-1497.9664714167884,0.0,0.0,-1.000000000000002,1497.9664714167884,57.0,0.0,1.0,0.0,0.0,0.0,-1497.9664714167884
60,atr,3.0,1.0,3,2.0,off,exchange,1,0,1,0.0,-1495.9664714167884,80.34352323570839,-1576.3099946524967,0.05370676734460316,0.0,-1.0522999177422265,1576.3099946525035,57.0,0.0,1.0,0.0,0.0,0.0,-1576.3099946524967
60,atr,3.0,1.0,3,2.0,off,cfd_std,1,0,1,0.0,-1484.4664714167884,27.0,-1511.4664714167884,0.018188352866084577,0.0,-1.0090122177349101,1511.4664714167884,42.0,0.0,1.0,0.0,0.0,0.0,-1511.4664714167884
60,atr,3.0,1.0,3,2.0,off,cfd_raw,1,0,1,0.0,-1489.9664714167884,22.0,-1511.9664714167884,0.014765432928890343,0.0,-1.0093460035769437,1511.9664714167884,42.0,0.0,1.0,0.0,0.0,0.0,-1511.9664714167884
60,atr,3.0,1.0,3,2.0,bar,none,1,0,1,0.0,-1497.9664714167884,0.0,-1497.9664714167884,0.0,0.0,-1.000000000000002,1497.9664714167884,57.0,0.0,1.0,0.0,0.0,0.0,-1497.9664714167884
60,atr,3.0,1.0,3,2.0,bar,exchange,1,0,1,0.0,-1495.9664714167884,80.34352323570839,-1576.3099946524967,0.05370676734460316,0.0,-1.0522999177422265,1576.3099946525035,57.0,0.0,1.0,0.0,0.0,0.0,-1576.3099946524967
60,atr,3.0,1.0,3,2.0,bar,cfd_std,1,0,1,0.0,-1484.4664714167884,27.0,-1511.4664714167884,0.018188352866084577,0.0,-1.0090122177349101,1511.4664714167884,42.0,0.0,1.0,0.0,0.0,0.0,-1511.4664714167884
60,atr,3.0,1.0,3,2.0,bar,cfd_raw,1,0,1,0.0,-1489.9664714167884,22.0,-1511.9664714167884,0.014765432928890343,0.0,-1.0093460035769437,1511.9664714167884,42.0,0.0,1.0,0.0,0.0,0.0,-1511.9664714167884
60,atr,3.0,1.0,3,2.0,tick,none,1,0,1,0.0,-64.45456213952275,0.0,-64.45456213952275,0.0,0.0,-0.043028040593299295,64.45456213952275,25.0,0.0,0.0,1.0,0.0,0.0,-64.45456213952275
60,atr,3.0,1.0,3,2.0,tick,exchange,1,0,1,0.0,-64.45456213952275,79.62776728106975,-144.0823294205925,1.2354093277168192,0.0,-0.09618528329563918,144.08232942059112,25.0,0.0,0.0,1.0,0.0,0.0,-144.0823294205925
60,atr,3.0,1.0,3,2.0,tick,cfd_std,1,0,1,0.0,-64.45456213952275,27.0,-91.45456213952275,0.41889975051810846,0.0,-0.06105247606311541,91.45456213952275,25.0,0.0,0.0,1.0,0.0,0.0,-91.45456213952275
60,atr,3.0,1.0,3,2.0,tick,cfd_raw,1,0,1,0.0,-64.45456213952275,22.0,-86.45456213952275,0.3413257226443847,0.0,-0.0577146176427791,86.45456213952275,25.0,0.0,0.0,1.0,0.0,0.0,-86.45456213952275
60,atr,3.0,1.0,5,0.5,off,none,14,6,8,0.5,-930.765626554421,0.0,-930.765626554421,0.0,0.8666844837061418,-7.137148015447435e-16,3947.279966580114,10.857142857142858,0.5,0.5,0.0,0.0,0.0,-66.4832590396015
60,atr,3.0,1.0,5,0.5,off,exchange,14,6,8,0.5,-902.765626554421,1136.228970690741,-2038.9945972451624,0.0871837014705222,0.7296937070190883,-0.0928751024820368,4429.094815742443,10.857142857142858,0.5,0.5,0.0,0.0,0.0,-145.64247123179732
60,atr,3.0,1.0,5,0.5,off,cfd_std,14,6,8,0.5,-741.765626554421,283.5,-1025.265626554421,0.021753167719238173,0.855110196463144,-0.007227474126881421,4014.779966580114,10.857142857142858,0.5,0.5,0.0,0.0,0.0,-73.2332590396015
60,atr,3.0,1.0,5,0.5,off,cfd_raw,14,6,8,0.5,-818.765626554421,252.0,-1070.765626554421,0.019336149083767264,0.8487549775066265,-0.011329523860844681,4023.279966580114,10.857142857142858,0.5,0.5,0.0,0.0,0.0,-76.4832590396015
60,atr,3.0,1.0,5,0.5,bar,none,14,5,9,0.5,467.9467956014414,0.0,467.9467956014414,0.0,1.0933393029150646,0.0737867419131454,3359.264330010905,9.428571428571429,0.42857142857142855,0.35714285714285715,0.21428571428571427,0.0,0.0,33.42477111438867
60,atr,3.0,1.0,5,0.5,bar,exchange,14,5,9,0.5,489.9467956014414,1138.8515603502972,-648.9047647488568,0.10849577159589002,0.8836948644865948,-0.019724430355385902,3848.106117225587,9.428571428571429,0.42857142857142855,0.35714285714285715,0.21428571428571427,0.0,0.0,-46.35034033920406
60,atr,3.0,1.0,5,0.5,bar,cfd_std,14,5,9,0.5,616.4467956014414,297.0,319.4467956014414,0.028263542698258468,1.0622109692394037,0.06250576244459106,3467.264330010905,9.428571428571429,0.42857142857142855,0.35714285714285715,0.21428571428571427,0.0,0.0,22.817628257245815
60,atr,3.0,1.0,5,0.5,bar,cfd_raw,14,5,9,0.5,555.9467956014414,260.0,295.9467956014414,0.024755452268853152,1.0577187431324786,0.06005535542236363,3459.264330010905,9.428571428571429,0.42857142857142855,0.35714285714285715,0.21428571428571427,0.0,0.0,21.139056828674388
60,atr,3.0,1.0,5,0.5,tick,none,16,6,10,0.625,-5.762127230205806,0.0,-5.762127230205806,0.0,0.9984626002192163,-0.018229578075523806,2471.528063049802,6.625,0.1875,0.25,0.5625,0.0,0.0,-0.3601329518878629
60,atr,3.0,1.0,5,0.5,tick,exchange,16,6,10,0.4375,8.237872769794194,1313.4571314119776,-1305.2192586421831,0.17540413540982908,0.6952631574067011,-0.11145856284996883,3526.1537614938716,6.625,0.1875,0.25,0.5625,0.0,0.0,-81.57620366513645
60,atr,3.0,1.0,5,0.5,tick,cfd_std,16,6,10,0.625,88.7378727697942,391.5,-302.7621272302058,0.05236283768861589,0.9214822263557647,-0.03863636005262383,2741.528063049802,6.625,0.1875,0.25,0.5625,0.0,0.0,-18.922632951887863
60,atr,3.0,1.0,5,0.5,tick,cfd_raw,16,6,10,0.625,50.237872769794194,328.0,-277.7621272302058,0.04383751149711477,0.9278159197157536,-0.037226463390597556,2709.528063049802,6.625,0.1875,0.25,0.5625,0.0,0.0,-17.360132951887863
60,atr,3.0,1.0,5,1.0,off,none,11,4,7,0.45454545454545453,-437.1864148930763,0.0,-437.1864148930763,0.0,0.9196491288123236,-0.0909090909090914,3435.714223468138,11.363636363636363,0.45454545454545453,0.5454545454545454,0.0,0.0,0.09090909090909091,-39.74421953573421
60,atr,3.0,1.0,5,1.0,off,exchange,11,4,7,0.45454545454545453,-417.1864148930763,894.7232416532911,-1311.9096565463676,0.08566250977456553,0.7785246042022823,-0.18418391074045176,3832.712266882416,11.363636363636363,0.45454545454545453,0.5454545454545454,0.0,0.0,0.09090909090909091,-119.26451423148796
60,atr,3.0,1.0,5,1.0,off,cfd_std,11,4,7,0.45454545454545453,-302.1864148930763,229.5,-531.6864148930763,0.021972767754345365,0.9039491260310176,-0.10088845076905181,3503.214223468138,11.545454545454545,0.45454545454545453,0.5454545454545454,0.0,0.0,0.09090909090909091,-48.3351286266433
60,atr,3.0,1.0,5,1.0,off,cfd_raw,11,4,7,0.45454545454545453,-357.1864148930763,202.0,-559.1864148930763,0.019339865300120974,0.8989355178419136,-0.10387126522588032,3505.714223468138,11.363636363636363,0.45454545454545453,0.5454545454545454,0.0,0.0,0.09090909090909091,-50.8351286266433
60,atr,3.0,1.0,5,1.0,bar,none,11,4,7,0.45454545454545453,429.9198473739816,0.0,429.9198473739816,0.0,1.1584681140418989,-0.013402038517364696,1857.0113532104442,6.7272727272727275,0.2727272727272727,0.2727272727272727,0.45454545454545453,0.0,0.09090909090909091,39.08362248854378
60,atr,3.0,1.0,5,1.0,bar,exchange,11,4,7,0.36363636363636365,439.9198473739816,899.1480842958428,-459.22823692186125,0.15349409679454606,0.8583329088743631,-0.10796404264726171,2504.5030700875504,6.7272727272727275,0.2727272727272727,0.2727272727272727,0.45454545454545453,0.0,0.09090909090909091,-41.748021538351026
60,atr,3.0,1.0,5,1.0,bar,cfd_std,11,4,7,0.45454545454545453,497.4198473739816,256.5,240.9198473739816,0.04370147193495543,1.0845934201553844,-0.03174073734228651,2019.0113532104442,6.7272727272727275,0.2727272727272727,0.2727272727272727,0.45454545454545453,0.0,0.09090909090909091,21.9018043067256
60,atr,3.0,1.0,5,1.0,bar,cfd_raw,11,4,7,0.45454545454545453,469.9198473739816,218.0,251.9198473739816,0.03717682898103775,1.0890499035694892,-0.0313178951837604,2001.0113532104442,6.7272727272727275,0.2727272727272727,0.2727272727272727,0.45454545454545453,0.0,0.09090909090909091,22.9018043067256
60,atr,3.0,1.0,5,1.0,tick,none,11,4,7,0.5454545454545454,236.85074847548094,0.0,236.85074847548094,0.0,1.099632321071364,-0.032968365308086243,1477.8309992483264,5.181818181818182,0.18181818181818182,0.2727272727272727,0.5454545454545454,0.0,0.09090909090909091,21.53188622504372
60,atr,3.0,1.0,5,1.0,tick,exchange,11,4,7,0.45454545454545453,244.85074847548094,901.9896357173353,-657.1388872418543,0.18071066506160482,0.7663955801137039,-0.12788299599209943,1995.805857658488,5.181818181818182,0.18181818181818182,0.2727272727272727,0.5454545454545454,0.0,0.09090909090909091,-59.73989884016857
60,atr,3.0,1.0,5,1.0,tick,cfd_std,11,4,7,0.5454545454545454,290.85074847548094,270.0,20.85074847548094,0.05409361442144514,1.0083898055345544,-0.053323378833837934,1626.3309992483264,5.181818181818182,0.18181818181818182,0.2727272727272727,0.5454545454545454,0.0,0.09090909090909091,1.8955225886800855
60,atr,3.0,1.0,5,1.0,tick,cfd_raw,11,4,7,0.5454545454545454,268.85074847548094,226.0,42.85074847548094,0.04527835873795038,1.0173397191640328,-0.05207907513052931,1601.8309992483264,5.181818181818182,0.18181818181818182,0.2727272727272727,0.5454545454545454,0.0,0.09090909090909091,3.8955225886800857
60,atr,3.0,1.0,5,2.0,off,none,0,0,0,,0.0,0.0,0.0,,,,0.0,,0.0,0.0,0.0,0.0,,
60,atr,3.0,1.0,5,2.0,off,exchange,0,0,0,,0.0,0.0,0.0,,,,0.0,,0.0,0.0,0.0,0.0,,
60,atr,3.0,1.0,5,2.0,off,cfd_std,0,0,0,,0.0,0.0,0.0,,,,0.0,,0.0,0.0,0.0,0.0,,
60,atr,3.0,1.0,5,2.0,off,cfd_raw,0,0,0,,0.0,0.0,0.0,,,,0.0,,0.0,0.0,0.0,0.0,,
60,atr,3.0,1.0,5,2.0,bar,none,0,0,0,,0.0,0.0,0.0,,,,0.0,,0.0,0.0,0.0,0.0,,
60,atr,3.0,1.0,5,2.0,bar,exchange,0,0,0,,0.0,0.0,0.0,,,,0.0,,0.0,0.0,0.0,0.0,,
60,atr,3.0,1.0,5,2.0,bar,cfd_std,0,0,0,,0.0,0.0,0.0,,,,0.0,,0.0,0.0,0.0,0.0,,
60,atr,3.0,1.0,5,2.0,bar,cfd_raw,0,0,0,,0.0,0.0,0.0,,,,0.0,,0.0,0.0,0.0,0.0,,
60,atr,3.0,1.0,5,2.0,tick,none,0,0,0,,0.0,0.0,0.0,,,,0.0,,0.0,0.0,0.0,0.0,,
60,atr,3.0,1.0,5,2.0,tick,exchange,0,0,0,,0.0,0.0,0.0,,,,0.0,,0.0,0.0,0.0,0.0,,
60,atr,3.0,1.0,5,2.0,tick,cfd_std,0,0,0,,0.0,0.0,0.0,,,,0.0,,0.0,0.0,0.0,0.0,,
60,atr,3.0,1.0,5,2.0,tick,cfd_raw,0,0,0,,0.0,0.0,0.0,,,,0.0,,0.0,0.0,0.0,0.0,,
60,atr,3.0,1.0,8,0.5,off,none,17,6,11,0.5294117647058824,291.41313501463446,0.0,291.41313501463446,0.0,1.0345621953227586,0.058823529411763324,4129.330688109272,11.352941176470589,0.5294117647058824,0.47058823529411764,0.0,0.0,0.11764705882352941,17.14194911850791
60,atr,3.0,1.0,8,0.5,off,exchange,17,6,11,0.5294117647058824,321.41313501463446,1385.9407476874899,-1064.5276126728554,0.08078212252210945,0.8827310976162375,-0.027804286964793246,4768.473446395132,11.352941176470589,0.5294117647058824,0.47058823529411764,0.0,0.0,0.11764705882352941,-62.61927133369738
60,atr,3.0,1.0,8,0.5,off,cfd_std,17,6,11,0.5294117647058824,493.91313501463446,337.5,156.41313501463446,0.019658635215444042,1.0182873944394377,0.05093643059958353,4210.330688109272,11.352941176470589,0.5294117647058824,0.47058823529411764,0.0,0.0,0.11764705882352941,9.200772647919674
60,atr,3.0,1.0,8,0.5,off,cfd_raw,17,6,11,0.5294117647058824,411.41313501463446,302.0,109.41313501463446,0.01759647528845142,1.0127945272916608,0.047609687836810695,4225.330688109272,11.352941176470589,0.5294117647058824,0.47058823529411764,0.0,0.0,0.11764705882352941,6.436066765566733
60,atr,3.0,1.0,8,0.5,bar,none,18,6,12,0.4444444444444444,1340.5715990861354,0.0,1340.5715990861354,0.0,1.230279079187827,0.07708901575220518,1923.935140903035,9.88888888888889,0.3888888888888889,0.2777777777777778,0.3333333333333333,0.0,0.1111111111111111,74.47619994922974
60,atr,3.0,1.0,8,0.5,bar,exchange,18,6,12,0.4444444444444444,1360.5715990861354,1471.1677039080732,-110.59610482193784,0.11327489396312226,0.9833352383837721,-0.00730051662760512,2715.633458940327,9.88888888888889,0.3888888888888889,0.2777777777777778,0.3333333333333333,0.0,0.1111111111111111,-6.144228045663214
60,atr,3.0,1.0,8,0.5,bar,cfd_std,17,6,11,0.47058823529411764,2645.3086822208716,351.0,2294.3086822208716,0.026486152802598056,1.4136535749249841,0.13609108638029688,2072.435140903035,8.882352941176471,0.47058823529411764,0.29411764705882354,0.23529411764705882,0.0,0.11764705882352941,134.95933424828655
60,atr,3.0,1.0,8,0.5,bar,cfd_raw,17,6,11,0.47058823529411764,2584.8086822208716,310.0,2274.8086822208716,0.02342149021107469,1.4118456525937881,0.13432951950953365,2059.935140903035,8.882352941176471,0.47058823529411764,0.29411764705882354,0.23529411764705882,0.0,0.11764705882352941,133.81227542475716
60,atr,3.0,1.0,8,0.5,tick,none,19,7,12,0.5789473684210527,573.6020413804799,0.0,573.6020413804799,0.0,1.1148907976732545,-0.006769624245664775,2510.5418116149376,6.684210526315789,0.21052631578947367,0.2631578947368421,0.5263157894736842,0.0,0.10526315789473684,30.189581125288417
60,atr,3.0,1.0,8,0.5,tick,exchange,19,7,12,0.47368421052631576,587.6020413804799,1559.4746776221036,-971.8726362416237,0.14772268957603277,0.8284509948540625,-0.09285173668823091,3416.7218507992075,6.684210526315789,0.21052631578947367,0.2631578947368421,0.5263157894736842,0.0,0.10526315789473684,-51.15119138113809
60,atr,3.0,1.0,8,0.5,tick,cfd_std,19,7,12,0.5789473684210527,668.1020413804799,459.0,209.10204138047993,0.04352661763812402,1.0405662245516771,-0.026089738221802477,2605.0418116149376,6.684210526315789,0.21052631578947367,0.2631578947368421,0.5263157894736842,0.0,0.10526315789473684,11.005370598972627
60,atr,3.0,1.0,8,0.5,tick,cfd_raw,19,7,12,0.5789473684210527,629.6020413804799,386.0,243.60204138047993,0.036585002375953114,1.0474249047712383,-0.0245892677041063,2596.5418116149376,6.684210526315789,0.21052631578947367,0.2631578947368421,0.5263157894736842,0.0,0.10526315789473684,12.821160072656838
60,atr,3.0,1.0,8,1.0,off,none,9,1,8,0.4444444444444444,-759.6989695573429,0.0,-759.6989695573429,0.0,0.8313703548359004,-0.11111111111111144,3209.047233859863,7.333333333333333,0.4444444444444444,0.5555555555555556,0.0,0.0,0.1111111111111111,-84.41099661748255
60,atr,3.0,1.0,8,1.0,off,exchange,9,1,8,0.4444444444444444,-743.6989695573429,733.8346795500839,-1477.5336491074272,0.08894354618560045,0.6988949086881847,-0.2090184205855767,3766.6496975421032,7.333333333333333,0.4444444444444444,0.5555555555555556,0.0,0.0,0.1111111111111111,-164.1704054563808
60,atr,3.0,1.0,8,1.0,off,cfd_std,9,1,8,0.4444444444444444,-651.6989695573429,189.0,-840.6989695573429,0.022907516771195586,0.8166867423933547,-0.12170525772077097,3290.047233859863,7.333333333333333,0.4444444444444444,0.5555555555555556,0.0,0.0,0.1111111111111111,-93.41099661748255
60,atr,3.0,1.0,8,1.0,off,cfd_raw,9,1,8,0.4444444444444444,-695.6989695573429,166.0,-861.6989695573429,0.020119829545071254,0.8119847317726964,-0.12478737395162949,3299.047233859863,7.333333333333333,0.4444444444444444,0.5555555555555556,0.0,0.0,0.1111111111111111,-95.74432995081588
60,atr,3.0,1.0,8,1.0,bar,none,10,1,9,0.4,-724.3961765649146,0.0,-724.3961765649146,0.0,0.7367385139587658,-0.1357797502465003,2258.522891290064,6.1,0.2,0.3,0.5,0.0,0.1,-72.43961765649146
60,atr,3.0,1.0,8,1.0,bar,exchange,10,1,9,0.3,-716.3961765649146,819.3445202614599,-1535.7406968263745,0.1714522928046436,0.531846716461249,-0.23058580098078582,2905.1755849088804,6.1,0.2,0.3,0.5,0.0,0.1,-153.57406968263746
60,atr,3.0,1.0,8,1.0,bar,cfd_std,9,1,8,0.4444444444444444,473.53362689675123,202.5,271.03362689675123,0.03686938517882284,1.1024928856987346,-0.042670882702101495,2178.3146374057687,4.444444444444445,0.3333333333333333,0.3333333333333333,0.3333333333333333,0.0,0.1111111111111111,30.114847432972358
60,atr,3.0,1.0,8,1.0,bar,cfd_raw,9,1,8,0.4444444444444444,446.03362689675123,174.0,272.03362689675123,0.031712116817229186,1.103418557609746,-0.04320758497194884,2165.3146374057687,4.444444444444445,0.3333333333333333,0.3333333333333333,0.3333333333333333,0.0,0.1111111111111111,30.22595854408347
60,atr,3.0,1.0,8,1.0,tick,none,10,1,9,0.6,709.9431878698815,0.0,709.9431878698815,0.0,1.3104839141205638,-0.012418509413920087,1440.13055918389,4.6,0.2,0.3,0.5,0.0,0.1,70.99431878698815
60,atr,3.0,1.0,8,1.0,tick,exchange,10,1,9,0.6,717.9431878698815,819.2158305792426,-101.27264270936098,0.15506396872247444,0.9612004673143619,-0.1072074795936591,1792.915625549591,4.6,0.2,0.3,0.5,0.0,0.1,-10.127264270936099
60,atr,3.0,1.0,8,1.0,tick,cfd_std,10,1,9,0.6,763.9431878698815,243.0,520.9431878698815,0.04599586945593876,1.2200328602550894,-0.031979808259300004,1534.63055918389,4.6,0.2,0.3,0.5,0.0,0.1,52.094318786988154
60,atr,3.0,1.0,8,1.0,tick,cfd_raw,10,1,9,0.6,741.9431878698815,204.0,537.9431878698815,0.038613816333380686,1.2280802347861342,-0.031069358252937117,1520.13055918389,4.6,0.2,0.3,0.5,0.0,0.1,53.79431878698815
60,atr,3.0,1.0,8,2.0,off,none,0,0,0,,0.0,0.0,0.0,,,,0.0,,0.0,0.0,0.0,0.0,,
60,atr,3.0,1.0,8,2.0,off,exchange,0,0,0,,0.0,0.0,0.0,,,,0.0,,0.0,0.0,0.0,0.0,,
60,atr,3.0,1.0,8,2.0,off,cfd_std,0,0,0,,0.0,0.0,0.0,,,,0.0,,0.0,0.0,0.0,0.0,,
60,atr,3.0,1.0,8,2.0,off,cfd_raw,0,0,0,,0.0,0.0,0.0,,,,0.0,,0.0,0.0,0.0,0.0,,
60,atr,3.0,1.0,8,2.0,bar,none,0,0,0,,0.0,0.0,0.0,,,,0.0,,0.0,0.0,0.0,0.0,,
60,atr,3.0,1.0,8,2.0,bar,exchange,0,0,0,,0.0,0.0,0.0,,,,0.0,,0.0,0.0,0.0,0.0,,
60,atr,3.0,1.0,8,2.0,bar,cfd_std,0,0,0,,0.0,0.0,0.0,,,,0.0,,0.0,0.0,0.0,0.0,,
60,atr,3.0,1.0,8,2.0,bar,cfd_raw,0,0,0,,0.0,0.0,0.0,,,,0.0,,0.0,0.0,0.0,0.0,,
60,atr,3.0,1.0,8,2.0,tick,none,0,0,0,,0.0,0.0,0.0,,,,0.0,,0.0,0.0,0.0,0.0,,
60,atr,3.0,1.0,8,2.0,tick,exchange,0,0,0,,0.0,0.0,0.0,,,,0.0,,0.0,0.0,0.0,0.0,,
60,atr,3.0,1.0,8,2.0,tick,cfd_std,0,0,0,,0.0,0.0,0.0,,,,0.0,,0.0,0.0,0.0,0.0,,
60,atr,3.0,1.0,8,2.0,tick,cfd_raw,0,0,0,,0.0,0.0,0.0,,,,0.0,,0.0,0.0,0.0,0.0,,
60,atr,3.0,1.5,3,0.5,off,none,14,5,9,0.6428571428571429,8304.412888531864,0.0,8304.412888531864,0.0,2.286816752532357,0.6071428571428573,1829.853453973279,26.428571428571427,0.6428571428571429,0.35714285714285715,0.0,0.0,0.07142857142857142,593.1723491808474
60,atr,3.0,1.5,3,0.5,off,exchange,14,5,9,0.6428571428571429,8330.412888531864,1139.6214597480298,7190.791428783833,0.05371184475052418,2.0482454508607875,0.5314748265565008,1908.3629207002668,26.428571428571427,0.6428571428571429,0.35714285714285715,0.0,0.0,0.07142857142857142,513.6279591988452
60,atr,3.0,1.5,3,0.5,off,cfd_std,14,5,9,0.5,5113.591943547581,283.5,4830.091943547581,0.013657165445123935,1.6029045423474084,0.2419823411640834,2917.557416533411,26.857142857142858,0.5,0.5,0.0,0.0,0.07142857142857142,345.0065673962558
60,atr,3.0,1.5,3,0.5,off,cfd_raw,14,5,9,0.5,5042.091943547581,252.0,4790.091943547581,0.012136487009208786,1.5976505381224178,0.2396104200137663,2925.557416533411,26.857142857142858,0.5,0.5,0.0,0.0,0.07142857142857142,342.1494245391129
60,atr,3.0,1.5,3,0.5,bar,none,22,9,13,0.5909090909090909,2095.2634820588137,0.0,2095.2634820588137,0.0,1.2829579445566894,0.06383871303005234,5113.924490376085,12.636363636363637,0.18181818181818182,0.3181818181818182,0.5,0.0,0.045454545454545456,95.23924918449153
60,atr,3.0,1.5,3,0.5,bar,exchange,22,9,13,0.5454545454545454,2115.2634820588137,1816.4781455168,298.78533654201294,0.10750312413220371,1.0364027870458055,-0.021676961709037396,5752.135320340472,12.636363636363637,0.18181818181818182,0.3181818181818182,0.5,0.0,0.045454545454545456,13.581151661000588
60,atr,3.0,1.5,3,0.5,bar,cfd_std,22,9,13,0.5454545454545454,2230.2634820588137,540.0,1690.2634820588137,0.032045613838385834,1.2231268977527747,0.044206073995510305,5262.424490376085,12.636363636363637,0.18181818181818182,0.3181818181818182,0.5,0.0,0.045454545454545456,76.83015827540062
60,atr,3.0,1.5,3,0.5,bar,cfd_raw,22,9,13,0.5454545454545454,2175.2634820588137,452.0,1723.2634820588137,0.02678839174979326,1.227828997544177,0.04590889395877466,5249.924490376085,12.636363636363637,0.18181818181818182,0.3181818181818182,0.5,0.0,0.045454545454545456,78.33015827540062
60,atr,3.0,1.5,3,0.5,tick,none,26,12,14,0.6923076923076923,6012.529965903275,0.0,6012.529965903275,0.0,2.5426296579094623,0.1842483430241558,1976.5002940961567,9.23076923076923,0.11538461538461539,0.15384615384615385,0.7307692307692307,0.0,0.0,231.25115253474135
60,atr,3.0,1.5,3,0.5,tick,exchange,26,12,14,0.6153846153846154,6026.529965903275,2151.0326870419785,3875.4972788612968,0.15580758257225233,1.8469139670647154,0.09795371163651419,2863.454529382536,9.23076923076923,0.11538461538461539,0.15384615384615385,0.7307692307692307,0.0,0.0,149.0575876485114
60,atr,3.0,1.5,3,0.5,tick,cfd_std,27,13,14,0.7037037037037037,4872.1640756078705,688.5,4183.6640756078705,0.04555799955404223,1.784012683020956,0.12057694168453148,2219.5002940961567,8.333333333333334,0.1111111111111111,0.18518518518518517,0.7037037037037037,0.0,0.0,154.95052131881002
60,atr,3.0,1.5,3,0.5,tick,cfd_raw,27,13,14,0.7037037037037037,4828.1640756078705,570.0,4258.1640756078705,0.03768942939828491,1.799847505331281,0.12361517994879606,2186.5002940961567,8.333333333333334,0.1111111111111111,0.18518518518518517,0.7037037037037037,0.0,0.0,157.70978057806929
60,atr,3.0,1.5,3,1.0,off,none,12,7,5,0.6666666666666666,8928.515337085933,0.0,8928.515337085933,0.0,3.1151160523820103,0.6666666666666673,1902.7867693561711,24.0,0.6666666666666666,0.3333333333333333,0.0,0.0,0.16666666666666666,744.0429447571611
60,atr,3.0,1.5,3,1.0,off,exchange,12,7,5,0.6666666666666666,8948.515337085933,971.0481675932374,7977.4671694926965,0.05587450337143592,2.7564854316060123,0.5866412781572933,2064.2412389780948,24.0,0.6666666666666666,0.3333333333333333,0.0,0.0,0.16666666666666666,664.7889307910581
60,atr,3.0,1.5,3,1.0,off,cfd_std,12,7,5,0.5,5697.19439210165,243.0,5454.19439210165,0.01435185829049362,1.9437619811492808,0.23980572194338237,4802.054415114588,24.5,0.5,0.5,0.0,0.0,0.16666666666666666,454.51619934180417
60,atr,3.0,1.5,3,1.0,off,cfd_raw,12,7,5,0.5,5642.19439210165,216.0,5426.19439210165,0.012757207369327662,1.9393233620721142,0.23799937963996842,4799.054415114588,24.5,0.5,0.5,0.0,0.0,0.16666666666666666,452.18286600847085
60,atr,3.0,1.5,3,1.0,bar,none,16,8,8,0.625,3345.5628165727976,0.0,3345.5628165727976,0.0,1.8460457876951382,0.13780820378533704,2942.786864140464,9.125,0.1875,0.25,0.5625,0.0,0.125,209.09767603579985
60,atr,3.0,1.5,3,1.0,bar,exchange,16,8,8,0.5625,3355.5628165727976,1315.3133254858585,2040.2494910869393,0.1168931875594692,1.4516592861017585,0.05117094746779465,3672.7025919025036,9.125,0.1875,0.25,0.5625,0.0,0.125,127.51559319293371
60,atr,3.0,1.5,3,1.0,bar,cfd_std,16,8,8,0.5625,3413.0628165727976,391.5,3021.5628165727976,0.03482858503872383,1.7373550371230748,0.11588396344582691,3145.286864140464,9.125,0.1875,0.25,0.5625,0.0,0.125,188.84767603579985
60,atr,3.0,1.5,3,1.0,bar,cfd_raw,16,8,8,0.5625,3385.5628165727976,328.0,3057.5628165727976,0.029165233924998202,1.749523934700058,0.11843635668628502,3116.786864140464,9.125,0.1875,0.25,0.5625,0.0,0.125,191.09767603579985
60,atr,3.0,1.5,3,1.0,tick,none,16,8,8,0.625,2646.829204962545,0.0,2646.829204962545,0.0,1.813327756525328,0.13601217282260178,2298.207381914617,5.625,0.125,0.1875,0.6875,0.0,0.125,165.42682531015907
60,atr,3.0,1.5,3,1.0,tick,exchange,16,8,8,0.5,2652.829204962545,1316.5321517236976,1336.297053238848,0.14382874662884518,1.3507773103462042,0.04903254721616414,2866.100180152789,5.625,0.125,0.1875,0.6875,0.0,0.125,83.518565827428
60,atr,3.0,1.5,3,1.0,tick,cfd_std,16,8,8,0.625,2687.329204962545,405.0,2282.329204962545,0.044301172441968406,1.6733884250939612,0.11137424907471823,2460.207381914617,5.625,0.125,0.1875,0.6875,0.0,0.125,142.64557531015907
60,atr,3.0,1.5,3,1.0,tick,cfd_raw,16,8,8,0.625,2670.829204962545,336.0,2334.829204962545,0.036731466868490256,1.6927617694838657,0.11503221703710624,2436.207381914617,5.625,0.125,0.1875,0.6875,0.0,0.125,145.92682531015907
60,atr,3.0,1.5,3,2.0,off,none,1,0,1,0.0,-1497.9664714167884,0.0,-1497.9664714167884,0.0,0.0,-1.000000000000002,1497.9664714167884,57.0,0.0,1.0,0.0,0.0,0.0,-1497.9664714167884
60,atr,3.0,1.5,3,2.0,off,exchange,1,0,1,0.0,-1495.9664714167884,80.34352323570839,-1576.3099946524967,0.05370676734460316,0.0,-1.0522999177422265,1576.3099946525035,57.0,0.0,1.0,0.0,0.0,0.0,-1576.3099946524967
60,atr,3.0,1.5,3,2.0,off,cfd_std,1,0,1,0.0,-1484.4664714167884,27.0,-1511.4664714167884,0.018188352866084577,0.0,-1.0090122177349101,1511.4664714167884,42.0,0.0,1.0,0.0,0.0,0.0,-1511.4664714167884
60,atr,3.0,1.5,3,2.0,off,cfd_raw,1,0,1,0.0,-1489.9664714167884,22.0,-1511.9664714167884,0.014765432928890343,0.0,-1.0093460035769437,1511.9664714167884,42.0,0.0,1.0,0.0,0.0,0.0,-1511.9664714167884
60,atr,3.0,1.5,3,2.0,bar,none,1,0,1,0.0,-1497.9664714167884,0.0,-1497.9664714167884,0.0,0.0,-1.000000000000002,1497.9664714167884,57.0,0.0,1.0,0.0,0.0,0.0,-1497.9664714167884
60,atr,3.0,1.5,3,2.0,bar,exchange,1,0,1,0.0,-1495.9664714167884,80.34352323570839,-1576.3099946524967,0.05370676734460316,0.0,-1.0522999177422265,1576.3099946525035,57.0,0.0,1.0,0.0,0.0,0.0,-1576.3099946524967
60,atr,3.0,1.5,3,2.0,bar,cfd_std,1,0,1,0.0,-1484.4664714167884,27.0,-1511.4664714167884,0.018188352866084577,0.0,-1.0090122177349101,1511.4664714167884,42.0,0.0,1.0,0.0,0.0,0.0,-1511.4664714167884
60,atr,3.0,1.5,3,2.0,bar,cfd_raw,1,0,1,0.0,-1489.9664714167884,22.0,-1511.9664714167884,0.014765432928890343,0.0,-1.0093460035769437,1511.9664714167884,42.0,0.0,1.0,0.0,0.0,0.0,-1511.9664714167884
60,atr,3.0,1.5,3,2.0,tick,none,1,0,1,0.0,-64.45456213952275,0.0,-64.45456213952275,0.0,0.0,-0.043028040593299295,64.45456213952275,25.0,0.0,0.0,1.0,0.0,0.0,-64.45456213952275
60,atr,3.0,1.5,3,2.0,tick,exchange,1,0,1,0.0,-64.45456213952275,79.62776728106975,-144.0823294205925,1.2354093277168192,0.0,-0.09618528329563918,144.08232942059112,25.0,0.0,0.0,1.0,0.0,0.0,-144.0823294205925
60,atr,3.0,1.5,3,2.0,tick,cfd_std,1,0,1,0.0,-64.45456213952275,27.0,-91.45456213952275,0.41889975051810846,0.0,-0.06105247606311541,91.45456213952275,25.0,0.0,0.0,1.0,0.0,0.0,-91.45456213952275
60,atr,3.0,1.5,3,2.0,tick,cfd_raw,1,0,1,0.0,-64.45456213952275,22.0,-86.45456213952275,0.3413257226443847,0.0,-0.0577146176427791,86.45456213952275,25.0,0.0,0.0,1.0,0.0,0.0,-86.45456213952275
60,atr,3.0,1.5,5,0.5,off,none,13,6,7,0.46153846153846156,1133.5207286511722,0.0,1133.5207286511722,0.0,1.1623565555695623,0.15384615384615394,3532.0889655052742,14.153846153846153,0.46153846153846156,0.5384615384615384,0.0,0.0,0.0,87.19390220393633
60,atr,3.0,1.5,5,0.5,off,exchange,13,6,7,0.46153846153846156,1159.5207286511722,1057.6057168623486,101.915011788823,0.07006391214291827,1.0135107121288907,0.06303746438515813,4013.6962191670755,14.153846153846153,0.46153846153846156,0.5384615384615384,0.0,0.0,0.0,7.839616291447923
60,atr,3.0,1.5,5,0.5,off,cfd_std,12,5,7,0.3333333333333333,-1059.4508293966355,270.0,-1329.4508293966355,0.019864576052132647,0.8237210016383988,-0.17758728654582948,5319.018542794249,14.5,0.3333333333333333,0.6666666666666666,0.0,0.0,0.0,-110.7875691163863
60,atr,3.0,1.5,5,0.5,off,cfd_raw,12,5,7,0.3333333333333333,-1125.4508293966355,232.0,-1357.4508293966355,0.01704123803990858,0.8201037454589661,-0.17996650701107456,5328.518542794249,14.5,0.3333333333333333,0.6666666666666666,0.0,0.0,0.0,-113.12090244971962
60,atr,3.0,1.5,5,0.5,bar,none,14,5,9,0.5,-702.0539952608378,0.0,-702.0539952608378,0.0,0.8599643567552174,-0.06589147149097678,4191.66858798328,11.142857142857142,0.14285714285714285,0.35714285714285715,0.5,0.0,0.0,-50.146713947202706
60,atr,3.0,1.5,5,0.5,bar,exchange,14,5,9,0.42857142857142855,-688.0539952608378,1147.9348556963228,-1835.988850957161,0.12318568229695567,0.6747960438412777,-0.1611585687062337,5001.918305877756,11.142857142857142,0.14285714285714285,0.35714285714285715,0.5,0.0,0.0,-131.14206078265437
60,atr,3.0,1.5,5,0.5,bar,cfd_std,14,5,9,0.42857142857142855,-607.5539952608378,351.0,-958.5539952608378,0.037806018606082,0.8137709389902209,-0.08839443833723538,4394.16858798328,11.142857142857142,0.14285714285714285,0.35714285714285715,0.5,0.0,0.0,-68.46814251863127
60,atr,3.0,1.5,5,0.5,bar,cfd_raw,14,5,9,0.42857142857142855,-646.0539952608378,292.0,-938.0539952608378,0.03139536474701918,0.8173100390502364,-0.08627292457595367,4371.66858798328,11.142857142857142,0.14285714285714285,0.35714285714285715,0.5,0.0,0.0,-67.00385680434556
60,atr,3.0,1.5,5,0.5,tick,none,16,6,10,0.625,976.6894766466576,0.0,976.6894766466576,0.0,1.2605916404307964,0.017182949478228807,2667.4538937425823,7.125,0.125,0.25,0.625,0.0,0.0,61.0430922904161
60,atr,3.0,1.5,5,0.5,tick,exchange,16,6,10,0.4375,988.6894766466576,1316.1462830446085,-327.45680639795114,0.15541434350680328,0.9235468273957232,-0.0766441203689955,3726.1795551019895,7.125,0.125,0.25,0.625,0.0,0.0,-20.466050399871946
60,atr,3.0,1.5,5,0.5,tick,cfd_std,16,6,10,0.625,1057.6894766466576,405.0,652.6894766466576,0.047953804406875945,1.169267289327606,-0.006956682595576982,2964.4538937425823,7.125,0.125,0.25,0.625,0.0,0.0,40.7930922904161
60,atr,3.0,1.5,5,0.5,tick,cfd_raw,16,6,10,0.625,1024.6894766466576,336.0,688.6894766466576,0.03973214789277642,1.178974783095526,-0.00402599515341133,2921.4538937425823,7.125,0.125,0.25,0.625,0.0,0.0,43.0430922904161
60,atr,3.0,1.5,5,1.0,off,none,10,4,6,0.5,2730.2386932964146,0.0,2730.2386932964146,0.0,1.5717260428833617,0.2500000000000012,3222.246704050878,16.6,0.5,0.5,0.0,0.0,0.1,273.02386932964146
60,atr,3.0,1.5,5,1.0,off,exchange,10,4,6,0.5,2748.2386932964146,813.867925170847,1934.3707681255676,0.06625915125792545,1.373494377526443,0.15927024217353683,3463.574953705436,16.6,0.5,0.5,0.0,0.0,0.1,193.43707681255677
60,atr,3.0,1.5,5,1.0,off,cfd_std,10,4,6,0.4,1721.5700846713444,216.0,1505.5700846713444,0.017937862561086725,1.2828955871691747,-0.011935132527671356,3741.8141475009033,16.8,0.4,0.6,0.0,0.0,0.1,150.55700846713444
60,atr,3.0,1.5,5,1.0,off,cfd_raw,10,4,6,0.4,1672.0700846713444,188.0,1484.0700846713444,0.015605456271159402,1.2789868054766558,-0.013924468272899082,3738.3141475009033,16.8,0.4,0.6,0.0,0.0,0.1,148.40700846713443
60,atr,3.0,1.5,5,1.0,bar,none,11,4,7,0.45454545454545453,2.956839144200785,0.0,2.956839144200785,0.0,1.0010898885584576,-0.08628324486114726,2179.7671839032264,8.0,0.09090909090909091,0.2727272727272727,0.6363636363636364,0.0,0.09090909090909091,0.26880355856370775
60,atr,3.0,1.5,5,1.0,bar,exchange,11,4,7,0.36363636363636365,8.956839144200785,903.9768373094688,-895.0199981652677,0.16657319751304472,0.7238957245111196,-0.1820307941839542,2831.422278695696,8.0,0.09090909090909091,0.2727272727272727,0.6363636363636364,0.0,0.09090909090909091,-81.3654543786607
60,atr,3.0,1.5,5,1.0,bar,cfd_std,11,4,7,0.45454545454545453,43.456839144200785,283.5,-240.04316085579921,0.0523506599230742,0.9157144079948718,-0.11206785852756201,2368.7671839032264,8.0,0.09090909090909091,0.2727272727272727,0.6363636363636364,0.0,0.09090909090909091,-21.822105532345383
60,atr,3.0,1.5,5,1.0,bar,cfd_raw,11,4,7,0.45454545454545453,26.956839144200785,234.0,-207.04316085579921,0.04316622796873482,0.9268133348717035,-0.10861149550768698,2339.7671839032264,8.0,0.09090909090909091,0.2727272727272727,0.6363636363636364,0.0,0.09090909090909091,-18.822105532345383
60,atr,3.0,1.5,5,1.0,tick,none,11,4,7,0.5454545454545454,652.1964272937912,0.0,652.1964272937912,0.0,1.2743493286974281,-0.02691377977535605,1477.8309992483264,5.454545454545454,0.09090909090909091,0.2727272727272727,0.6363636363636364,0.0,0.09090909090909091,59.290584299435565
60,atr,3.0,1.5,5,1.0,tick,exchange,11,4,7,0.45454545454545453,658.1964272937912,904.3952343874373,-246.19880709364566,0.16733518228012284,0.9124794915893601,-0.1226756251106846,2195.831651266606,5.454545454545454,0.09090909090909091,0.2727272727272727,0.6363636363636364,0.0,0.09090909090909091,-22.381709735785968
60,atr,3.0,1.5,5,1.0,tick,cfd_std,11,4,7,0.5454545454545454,692.6964272937912,283.5,409.1964272937912,0.052566265836067556,1.16465013016038,-0.05269839344177081,1676.1821761809115,5.454545454545454,0.09090909090909091,0.2727272727272727,0.6363636363636364,0.0,0.09090909090909091,37.19967520852647
60,atr,3.0,1.5,5,1.0,tick,cfd_raw,11,4,7,0.5454545454545454,676.1964272937912,234.0,442.1964272937912,0.04334382673188337,1.1789364745635729,-0.0492420304218957,1642.1821761809115,5.454545454545454,0.09090909090909091,0.2727272727272727,0.6363636363636364,0.0,0.09090909090909091,40.19967520852647
60,atr,3.0,1.5,5,2.0,off,none,0,0,0,,0.0,0.0,0.0,,,,0.0,,0.0,0.0,0.0,0.0,,
60,atr,3.0,1.5,5,2.0,off,exchange,0,0,0,,0.0,0.0,0.0,,,,0.0,,0.0,0.0,0.0,0.0,,
60,atr,3.0,1.5,5,2.0,off,cfd_std,0,0,0,,0.0,0.0,0.0,,,,0.0,,0.0,0.0,0.0,0.0,,
60,atr,3.0,1.5,5,2.0,off,cfd_raw,0,0,0,,0.0,0.0,0.0,,,,0.0,,0.0,0.0,0.0,0.0,,
60,atr,3.0,1.5,5,2.0,bar,none,0,0,0,,0.0,0.0,0.0,,,,0.0,,0.0,0.0,0.0,0.0,,
60,atr,3.0,1.5,5,2.0,bar,exchange,0,0,0,,0.0,0.0,0.0,,,,0.0,,0.0,0.0,0.0,0.0,,
60,atr,3.0,1.5,5,2.0,bar,cfd_std,0,0,0,,0.0,0.0,0.0,,,,0.0,,0.0,0.0,0.0,0.0,,
60,atr,3.0,1.5,5,2.0,bar,cfd_raw,0,0,0,,0.0,0.0,0.0,,,,0.0,,0.0,0.0,0.0,0.0,,
60,atr,3.0,1.5,5,2.0,tick,none,0,0,0,,0.0,0.0,0.0,,,,0.0,,0.0,0.0,0.0,0.0,,
60,atr,3.0,1.5,5,2.0,tick,exchange,0,0,0,,0.0,0.0,0.0,,,,0.0,,0.0,0.0,0.0,0.0,,
60,atr,3.0,1.5,5,2.0,tick,cfd_std,0,0,0,,0.0,0.0,0.0,,,,0.0,,0.0,0.0,0.0,0.0,,
60,atr,3.0,1.5,5,2.0,tick,cfd_raw,0,0,0,,0.0,0.0,0.0,,,,0.0,,0.0,0.0,0.0,0.0,,
60,atr,3.0,1.5,8,0.5,off,none,13,5,8,0.3076923076923077,-4488.903835117439,0.0,-4488.903835117439,0.0,0.5066022259705044,-0.2969651297698182,7195.036880265907,16.307692307692307,0.23076923076923078,0.6923076923076923,0.0,0.07692307692307693,0.15384615384615385,-345.30029500903373
60,atr,3.0,1.5,8,0.5,off,exchange,13,5,8,0.3076923076923077,-4468.903835117439,1076.4581229872956,-5545.361958104734,0.07860239796183562,0.4356513558246564,-0.3865090796911874,8078.0302367306285,16.307692307692307,0.23076923076923078,0.6923076923076923,0.0,0.07692307692307693,0.15384615384615385,-426.5663044695949
60,atr,3.0,1.5,8,0.5,off,cfd_std,12,4,8,0.16666666666666666,-6722.375393165246,310.5,-7032.875393165246,0.025587900592132697,0.2748497938732467,-0.6717735790840781,9698.508438313715,16.666666666666668,0.08333333333333333,0.8333333333333334,0.0,0.08333333333333333,0.16666666666666666,-586.0729494304372
60,atr,3.0,1.5,8,0.5,off,cfd_raw,12,4,8,0.16666666666666666,-6771.875393165246,256.0,-7027.875393165246,0.021010918196204036,0.27532797709266066,-0.6715554268258596,9698.008438313715,16.666666666666668,0.08333333333333333,0.8333333333333334,0.0,0.08333333333333333,0.16666666666666666,-585.6562827637705
60,atr,3.0,1.5,8,0.5,bar,none,18,6,12,0.4444444444444444,1029.2786918923375,0.0,1029.2786918923375,0.0,1.1768061844352034,-0.0020572613271809936,2678.459278913113,10.833333333333334,0.16666666666666666,0.2777777777777778,0.5,0.05555555555555555,0.1111111111111111,57.182149549574305
60,atr,3.0,1.5,8,0.5,bar,exchange,18,6,12,0.3888888888888889,1041.2786918923375,1479.8942822253434,-438.6155903330058,0.11681873681001283,0.9345628029228987,-0.08776175776532383,3809.760292153049,10.833333333333334,0.16666666666666666,0.2777777777777778,0.5,0.05555555555555555,0.1111111111111111,-24.3675327962781
60,atr,3.0,1.5,8,0.5,bar,cfd_std,17,6,11,0.4117647058823529,1325.4869457766326,418.5,906.9869457766326,0.03366830742628932,1.156172891655473,-0.010060234074214284,2733.251025028818,11.647058823529411,0.17647058823529413,0.29411764705882354,0.47058823529411764,0.058823529411764705,0.11764705882352941,53.35217328097839
60,atr,3.0,1.5,8,0.5,bar,cfd_raw,17,6,11,0.4117647058823529,1292.4869457766326,350.0,942.4869457766326,0.028132589380773232,1.1630718054205567,-0.007451294093951373,2701.251025028818,11.647058823529411,0.17647058823529413,0.29411764705882354,0.47058823529411764,0.058823529411764705,0.11764705882352941,55.440408575096036
60,atr,3.0,1.5,8,0.5,tick,none,19,7,12,0.5789473684210527,1037.1582327810902,0.0,1037.1582327810902,0.0,1.2077397360560673,0.004075310167618868,2510.5418116149376,7.2105263157894735,0.10526315789473684,0.2631578947368421,0.5789473684210527,0.05263157894736842,0.10526315789473684,54.58727540953106
60,atr,3.0,1.5,8,0.5,tick,exchange,19,7,12,0.47368421052631576,1047.1582327810902,1564.4152264665113,-517.256993685421,0.14200877750063798,0.908696963611751,-0.08266918585107468,3554.003960893431,7.2105263157894735,0.10526315789473684,0.2631578947368421,0.5789473684210527,0.05263157894736842,0.10526315789473684,-27.22405229923268
60,atr,3.0,1.5,8,0.5,tick,cfd_std,19,7,12,0.5789473684210527,1104.6582327810902,486.0,618.6582327810902,0.044254928608937115,1.120020965008543,-0.019395156266899378,2725.446357577108,7.2105263157894735,0.10526315789473684,0.2631578947368421,0.5789473684210527,0.05263157894736842,0.10526315789473684,32.56095962005738
60,atr,3.0,1.5,8,0.5,tick,cfd_raw,19,7,12,0.5789473684210527,1077.1582327810902,402.0,675.1582327810902,0.03655101136053504,1.1314410778896142,-0.01620380141430744,2682.446357577108,7.2105263157894735,0.10526315789473684,0.2631578947368421,0.5789473684210527,0.05263157894736842,0.10526315789473684,35.5346438305837
60,atr,3.0,1.5,8,1.0,off,none,9,2,7,0.4444444444444444,-806.2298133998411,0.0,-806.2298133998411,0.0,0.834708742936383,0.015494812554706602,2573.5705817097623,17.666666666666668,0.3333333333333333,0.5555555555555556,0.0,0.1111111111111111,0.1111111111111111,-89.58109037776012
60,atr,3.0,1.5,8,1.0,off,exchange,9,2,7,0.4444444444444444,-792.2298133998411,738.055787921428,-1530.285601321269,0.08249168201382613,0.7101495072562627,-0.08048085869369481,2975.292247065925,17.666666666666668,0.3333333333333333,0.5555555555555556,0.0,0.1111111111111111,0.1111111111111111,-170.031733480141
60,atr,3.0,1.5,8,1.0,off,cfd_std,8,1,7,0.25,-3080.201371447649,202.5,-3282.701371447649,0.027202399753340812,0.3948043737228725,-0.49970110387706046,4158.17137144765,18.375,0.125,0.75,0.0,0.125,0.125,-410.3376714309561
60,atr,3.0,1.5,8,1.0,off,cfd_raw,8,1,7,0.25,-3113.201371447649,168.0,-3281.201371447649,0.022501417887134986,0.39480197796717953,-0.49991720557557806,4161.67137144765,18.375,0.125,0.75,0.0,0.125,0.125,-410.1501714309561
60,atr,3.0,1.5,8,1.0,bar,none,10,1,9,0.4,-1555.996925272353,0.0,-1555.996925272353,0.0,0.4345165310434479,-0.24322992317327502,2581.278721982846,6.8,0.0,0.3,0.6,0.1,0.1,-155.5996925272353
60,atr,3.0,1.5,8,1.0,bar,exchange,10,1,9,0.3,-1551.996925272353,823.7643206358138,-2375.761245908167,0.20890504154174755,0.2757758972758629,-0.3392585304763585,3232.0947935170116,6.8,0.0,0.3,0.6,0.1,0.1,-237.5761245908167
60,atr,3.0,1.5,8,1.0,bar,cfd_std,9,1,8,0.4444444444444444,-1313.788671388058,243.0,-1556.788671388058,0.06558634658866759,0.4112916349879914,-0.2716772333077903,2528.070468098551,7.888888888888889,0.0,0.3333333333333333,0.5555555555555556,0.1111111111111111,0.1111111111111111,-172.97651904311755
60,atr,3.0,1.5,8,1.0,bar,cfd_raw,9,1,8,0.4444444444444444,-1324.788671388058,198.0,-1522.788671388058,0.05328253477298765,0.4210840412049983,-0.2674668506404222,2504.070468098551,7.888888888888889,0.0,0.3333333333333333,0.5555555555555556,0.1111111111111111,0.1111111111111111,-169.19874126533978
60,atr,3.0,1.5,8,1.0,tick,none,10,1,9,0.6,5.172439162444789,0.0,5.172439162444789,0.0,1.0022620953114922,-0.09181313402868266,1440.13055918389,5.1,0.0,0.3,0.6,0.1,0.1,0.5172439162444789
60,atr,3.0,1.5,8,1.0,tick,exchange,10,1,9,0.6,9.172439162444789,823.5722159535964,-814.3997767911513,0.18004284688605166,0.6879874967865935,-0.18781063300306364,1992.9414191577089,5.1,0.0,0.3,0.6,0.1,0.1,-81.43997767911513
60,atr,3.0,1.5,8,1.0,tick,cfd_std,10,1,9,0.6,32.17243916244479,270.0,-237.8275608375552,0.05932354888529496,0.8995478208045035,-0.11926010254498565,1584.481736116475,5.1,0.0,0.3,0.6,0.1,0.1,-23.782756083755523
60,atr,3.0,1.5,8,1.0,tick,cfd_raw,10,1,9,0.6,21.17243916244479,220.0,-198.8275608375552,0.04822116148159201,0.9156999516299239,-0.11513697230232078,1560.481736116475,5.1,0.0,0.3,0.6,0.1,0.1,-19.88275608375552
60,atr,3.0,1.5,8,2.0,off,none,0,0,0,,0.0,0.0,0.0,,,,0.0,,0.0,0.0,0.0,0.0,,
60,atr,3.0,1.5,8,2.0,off,exchange,0,0,0,,0.0,0.0,0.0,,,,0.0,,0.0,0.0,0.0,0.0,,
60,atr,3.0,1.5,8,2.0,off,cfd_std,0,0,0,,0.0,0.0,0.0,,,,0.0,,0.0,0.0,0.0,0.0,,
60,atr,3.0,1.5,8,2.0,off,cfd_raw,0,0,0,,0.0,0.0,0.0,,,,0.0,,0.0,0.0,0.0,0.0,,
60,atr,3.0,1.5,8,2.0,bar,none,0,0,0,,0.0,0.0,0.0,,,,0.0,,0.0,0.0,0.0,0.0,,
60,atr,3.0,1.5,8,2.0,bar,exchange,0,0,0,,0.0,0.0,0.0,,,,0.0,,0.0,0.0,0.0,0.0,,
60,atr,3.0,1.5,8,2.0,bar,cfd_std,0,0,0,,0.0,0.0,0.0,,,,0.0,,0.0,0.0,0.0,0.0,,
60,atr,3.0,1.5,8,2.0,bar,cfd_raw,0,0,0,,0.0,0.0,0.0,,,,0.0,,0.0,0.0,0.0,0.0,,
60,atr,3.0,1.5,8,2.0,tick,none,0,0,0,,0.0,0.0,0.0,,,,0.0,,0.0,0.0,0.0,0.0,,
60,atr,3.0,1.5,8,2.0,tick,exchange,0,0,0,,0.0,0.0,0.0,,,,0.0,,0.0,0.0,0.0,0.0,,
60,atr,3.0,1.5,8,2.0,tick,cfd_std,0,0,0,,0.0,0.0,0.0,,,,0.0,,0.0,0.0,0.0,0.0,,
60,atr,3.0,1.5,8,2.0,tick,cfd_raw,0,0,0,,0.0,0.0,0.0,,,,0.0,,0.0,0.0,0.0,0.0,,
60,atr,3.0,2.0,3,0.5,off,none,11,5,6,0.2727272727272727,-826.2688203561556,0.0,-826.2688203561556,0.0,0.9033424094017526,-0.18181818181818243,4771.077657784612,37.81818181818182,0.2727272727272727,0.7272727272727273,0.0,0.0,0.0,-75.11534730510506
60,atr,3.0,2.0,3,0.5,off,exchange,11,5,6,0.2727272727272727,-804.2688203561556,911.6505271614783,-1715.9193475176342,0.056065160015895545,0.8134199172711393,-0.2611504051623195,5170.608443463803,37.81818181818182,0.2727272727272727,0.7272727272727273,0.0,0.0,0.0,-155.99266795614855
60,atr,3.0,2.0,3,0.5,off,cfd_std,11,5,6,0.2727272727272727,-677.7688203561556,256.5,-934.2688203561556,0.015830349625741234,0.8920720366006128,-0.19221087334380663,4838.577657784612,37.81818181818182,0.2727272727272727,0.7272727272727273,0.0,0.0,0.0,-84.93352912328687
60,atr,3.0,2.0,3,0.5,off,cfd_raw,11,5,6,0.2727272727272727,-738.2688203561556,218.0,-956.2688203561556,0.013431458244490286,0.8895815903737887,-0.19389086497989047,4841.077657784612,37.81818181818182,0.2727272727272727,0.7272727272727273,0.0,0.0,0.0,-86.93352912328687
60,atr,3.0,2.0,3,0.5,bar,none,22,9,13,0.5909090909090909,3086.3282585938723,0.0,3086.3282585938723,0.0,1.416797747756688,0.10917298629787547,5124.900168224762,12.909090909090908,0.13636363636363635,0.3181818181818182,0.5454545454545454,0.0,0.0,140.28764811790327
60,atr,3.0,2.0,3,0.5,bar,exchange,22,9,13,0.5454545454545454,3106.3282585938723,1819.5997741950637,1286.7284843988077,0.10172155706180346,1.1567697516399225,0.023551192668824075,6175.118637610809,12.909090909090908,0.13636363636363635,0.3181818181818182,0.5454545454545454,0.0,0.0,58.487658381763985
60,atr,3.0,2.0,3,0.5,bar,cfd_std,22,9,13,0.5454545454545454,3221.3282585938723,553.5,2667.8282585938723,0.0310222289473263,1.3521724567770823,0.0891320547397855,5381.400168224762,12.909090909090908,0.13636363636363635,0.3181818181818182,0.5454545454545454,0.0,0.0,121.26492084517601
60,atr,3.0,2.0,3,0.5,bar,cfd_raw,22,9,13,0.5454545454545454,3166.3282585938723,460.0,2706.3282585938723,0.02575004731847714,1.3577978995088322,0.09100121610153238,5354.900168224762,12.909090909090908,0.13636363636363635,0.3181818181818182,0.5454545454545454,0.0,0.0,123.01492084517601
60,atr,3.0,2.0,3,0.5,tick,none,26,12,14,0.6923076923076923,7790.724446875989,0.0,7790.724446875989,0.0,2.998859491180211,0.2419406507164633,1976.5002940961567,9.26923076923077,0.11538461538461539,0.15384615384615385,0.7307692307692307,0.0,0.0,299.6432479567688
60,atr,3.0,2.0,3,0.5,tick,exchange,26,12,14,0.6153846153846154,7804.724446875989,2151.9217842824646,5652.8026625935245,0.1380862682465645,2.235309221896221,0.15561717317497553,2863.454529382536,9.26923076923077,0.11538461538461539,0.15384615384615385,0.7307692307692307,0.0,0.0,217.41548702282788
60,atr,3.0,2.0,3,0.5,tick,cfd_std,27,13,14,0.7037037037037037,6650.358556580584,688.5,5961.858556580584,0.04076183884412356,2.117243793541681,0.1761324972400868,2219.5002940961567,8.37037037037037,0.1111111111111111,0.18518518518518517,0.7037037037037037,0.0,0.0,220.80957616965128
60,atr,3.0,2.0,3,0.5,tick,cfd_raw,27,13,14,0.7037037037037037,6606.358556580584,570.0,6036.358556580584,0.033724222028775806,2.133861036596358,0.1791707355043514,2186.5002940961567,8.37037037037037,0.1111111111111111,0.18518518518518517,0.7037037037037037,0.0,0.0,223.56883542891052
60,atr,3.0,2.0,3,1.0,off,none,10,5,5,0.3,1121.672524627822,0.0,1121.672524627822,0.0,1.162513002159672,-0.09999999999999916,4721.054415114588,32.1,0.3,0.7,0.0,0.0,0.1,112.1672524627822
60,atr,3.0,2.0,3,1.0,off,exchange,10,5,5,0.3,1139.672524627822,817.6535444578569,322.0189801699653,0.05480336739192263,1.0431524501632046,-0.1810928243190316,5120.140838357067,32.1,0.3,0.7,0.0,0.0,0.1,32.20189801699653
60,atr,3.0,2.0,3,1.0,off,cfd_std,10,5,5,0.3,1243.172524627822,229.5,1013.672524627822,0.015417928324733014,1.1446027958249914,-0.1120622853902297,4802.054415114588,32.1,0.3,0.7,0.0,0.0,0.1,101.3672524627822
60,atr,3.0,2.0,3,1.0,off,cfd_raw,10,5,5,0.3,1193.672524627822,196.0,997.672524627822,0.013152801455210996,1.142360974045016,-0.11323641518052203,4799.054415114588,32.1,0.3,0.7,0.0,0.0,0.1,99.7672524627822
60,atr,3.0,2.0,3,1.0,bar,none,16,8,8,0.625,5091.199618270723,0.0,5091.199618270723,0.0,2.28749278597182,0.2315582037853367,2942.786864140464,9.1875,0.1875,0.25,0.5625,0.0,0.0625,318.19997614192016
60,atr,3.0,2.0,3,1.0,bar,exchange,16,8,8,0.5625,5103.199618270723,1316.1871438867074,3787.012474384015,0.10124591621393793,1.838348132476438,0.14499251519487638,3672.7025919025036,9.1875,0.1875,0.25,0.5625,0.0,0.0625,236.68827964900095
60,atr,3.0,2.0,3,1.0,bar,cfd_std,16,8,8,0.5625,5172.199618270723,391.5,4780.699618270723,0.03011560808951996,2.1666389740996963,0.21043385179780733,3145.286864140464,9.1875,0.1875,0.25,0.5625,0.0,0.0625,298.79372614192016
60,atr,3.0,2.0,3,1.0,bar,cfd_raw,16,8,8,0.5625,5139.199618270723,328.0,4811.199618270723,0.02523095645814188,2.1794064373649578,0.21266036459856955,3116.786864140464,9.1875,0.1875,0.25,0.5625,0.0,0.0625,300.69997614192016
60,atr,3.0,2.0,3,1.0,tick,none,16,8,8,0.625,3785.5180708525004,0.0,3785.5180708525004,0.0,2.163228407061543,0.19851217282260117,2298.207381914617,5.6875,0.125,0.1875,0.6875,0.0,0.0625,236.59487942828127
60,atr,3.0,2.0,3,1.0,tick,exchange,16,8,8,0.5,3793.5180708525004,1317.1024961566422,2476.415574695858,0.1279465843480991,1.650057853892459,0.11161973994324571,2866.100180152789,5.6875,0.125,0.1875,0.6875,0.0,0.0625,154.77597341849113
60,atr,3.0,2.0,3,1.0,tick,cfd_std,16,8,8,0.625,3839.5180708525004,405.0,3434.5180708525004,0.039342698698232065,2.013335284699242,0.17467413742669846,2460.207381914617,5.6875,0.125,0.1875,0.6875,0.0,0.0625,214.65737942828127
60,atr,3.0,2.0,3,1.0,tick,cfd_raw,16,8,8,0.625,3817.5180708525004,336.0,3481.5180708525004,0.03263986854964438,2.0329931688911365,0.17800622494939056,2436.207381914617,5.6875,0.125,0.1875,0.6875,0.0,0.0625,217.59487942828127
60,atr,3.0,2.0,3,2.0,off,none,1,0,1,0.0,-1497.9664714167884,0.0,-1497.9664714167884,0.0,0.0,-1.000000000000002,1497.9664714167884,57.0,0.0,1.0,0.0,0.0,0.0,-1497.9664714167884
60,atr,3.0,2.0,3,2.0,off,exchange,1,0,1,0.0,-1495.9664714167884,80.34352323570839,-1576.3099946524967,0.05370676734460316,0.0,-1.0522999177422265,1576.3099946525035,57.0,0.0,1.0,0.0,0.0,0.0,-1576.3099946524967
60,atr,3.0,2.0,3,2.0,off,cfd_std,1,0,1,0.0,-1484.4664714167884,27.0,-1511.4664714167884,0.018188352866084577,0.0,-1.0090122177349101,1511.4664714167884,42.0,0.0,1.0,0.0,0.0,0.0,-1511.4664714167884
60,atr,3.0,2.0,3,2.0,off,cfd_raw,1,0,1,0.0,-1489.9664714167884,22.0,-1511.9664714167884,0.014765432928890343,0.0,-1.0093460035769437,1511.9664714167884,42.0,0.0,1.0,0.0,0.0,0.0,-1511.9664714167884
60,atr,3.0,2.0,3,2.0,bar,none,1,0,1,0.0,-1497.9664714167884,0.0,-1497.9664714167884,0.0,0.0,-1.000000000000002,1497.9664714167884,57.0,0.0,1.0,0.0,0.0,0.0,-1497.9664714167884
60,atr,3.0,2.0,3,2.0,bar,exchange,1,0,1,0.0,-1495.9664714167884,80.34352323570839,-1576.3099946524967,0.05370676734460316,0.0,-1.0522999177422265,1576.3099946525035,57.0,0.0,1.0,0.0,0.0,0.0,-1576.3099946524967
60,atr,3.0,2.0,3,2.0,bar,cfd_std,1,0,1,0.0,-1484.4664714167884,27.0,-1511.4664714167884,0.018188352866084577,0.0,-1.0090122177349101,1511.4664714167884,42.0,0.0,1.0,0.0,0.0,0.0,-1511.4664714167884
60,atr,3.0,2.0,3,2.0,bar,cfd_raw,1,0,1,0.0,-1489.9664714167884,22.0,-1511.9664714167884,0.014765432928890343,0.0,-1.0093460035769437,1511.9664714167884,42.0,0.0,1.0,0.0,0.0,0.0,-1511.9664714167884
60,atr,3.0,2.0,3,2.0,tick,none,1,0,1,0.0,-64.45456213952275,0.0,-64.45456213952275,0.0,0.0,-0.043028040593299295,64.45456213952275,25.0,0.0,0.0,1.0,0.0,0.0,-64.45456213952275
60,atr,3.0,2.0,3,2.0,tick,exchange,1,0,1,0.0,-64.45456213952275,79.62776728106975,-144.0823294205925,1.2354093277168192,0.0,-0.09618528329563918,144.08232942059112,25.0,0.0,0.0,1.0,0.0,0.0,-144.0823294205925
60,atr,3.0,2.0,3,2.0,tick,cfd_std,1,0,1,0.0,-64.45456213952275,27.0,-91.45456213952275,0.41889975051810846,0.0,-0.06105247606311541,91.45456213952275,25.0,0.0,0.0,1.0,0.0,0.0,-91.45456213952275
60,atr,3.0,2.0,3,2.0,tick,cfd_raw,1,0,1,0.0,-64.45456213952275,22.0,-86.45456213952275,0.3413257226443847,0.0,-0.0577146176427791,86.45456213952275,25.0,0.0,0.0,1.0,0.0,0.0,-86.45456213952275
60,atr,3.0,2.0,5,0.5,off,none,11,4,7,0.2727272727272727,-1866.8804622258758,0.0,-1866.8804622258758,0.0,0.7580272633629025,-0.1818181818181811,6054.487259836882,21.181818181818183,0.2727272727272727,0.7272727272727273,0.0,0.0,0.0,-169.7164056568978
60,atr,3.0,2.0,5,0.5,off,exchange,11,4,7,0.2727272727272727,-1844.8804622258758,901.5850699705288,-2746.4655321964046,0.06651986203961685,0.671334260450128,-0.27344339219367486,6773.823276408599,21.181818181818183,0.2727272727272727,0.7272727272727273,0.0,0.0,0.0,-249.6786847451277
60,atr,3.0,2.0,5,0.5,off,cfd_std,11,4,7,0.2727272727272727,-1718.3804622258758,256.5,-1974.8804622258758,0.01900545940120824,0.7475626954129387,-0.1934283209483549,6162.487259836882,21.181818181818183,0.2727272727272727,0.7272727272727273,0.0,0.0,0.0,-179.53458747507963
60,atr,3.0,2.0,5,0.5,off,cfd_raw,11,4,7,0.2727272727272727,-1778.8804622258758,218.0,-1996.8804622258758,0.016119941753424644,0.7448810067749584,-0.19556453223578438,6172.487259836882,21.181818181818183,0.2727272727272727,0.7272727272727273,0.0,0.0,0.0,-181.53458747507963
60,atr,3.0,2.0,5,0.5,bar,none,14,5,9,0.5,344.84770414191007,0.0,344.84770414191007,0.0,1.0687852649468323,0.005537099937594293,4191.66858798328,11.142857142857142,0.14285714285714285,0.35714285714285715,0.5,0.0,0.0,24.63197886727929
60,atr,3.0,2.0,5,0.5,bar,exchange,14,5,9,0.42857142857142855,358.84770414191007,1148.4583065460245,-789.6106024041144,0.11079475636720175,0.8601383164212464,-0.08976571156337686,5001.918305877756,11.142857142857142,0.14285714285714285,0.35714285714285715,0.5,0.0,0.0,-56.4007573145796
60,atr,3.0,2.0,5,0.5,bar,cfd_std,14,5,9,0.42857142857142855,439.34770414191007,351.0,88.34770414191007,0.03397496086854126,1.0171643017149394,-0.016965866908664307,4394.16858798328,11.142857142857142,0.14285714285714285,0.35714285714285715,0.5,0.0,0.0,6.310550295850719
60,atr,3.0,2.0,5,0.5,bar,cfd_raw,14,5,9,0.42857142857142855,400.84770414191007,292.0,108.84770414191007,0.028219001061471894,1.0211985481855206,-0.014844353147382559,4371.66858798328,11.142857142857142,0.14285714285714285,0.35714285714285715,0.5,0.0,0.0,7.7748360101364336
60,atr,3.0,2.0,5,0.5,tick,none,16,6,10,0.625,2155.0669112162723,0.0,2155.0669112162723,0.0,1.574995876437756,0.07968294947822847,2667.4538937425823,7.125,0.125,0.25,0.625,0.0,0.0,134.69168195101702
60,atr,3.0,2.0,5,0.5,tick,exchange,16,6,10,0.4375,2167.0669112162723,1316.7354717618935,850.331439454379,0.1364916254429991,1.1985316384978195,-0.01417537036899584,3726.1795551019895,7.125,0.125,0.25,0.625,0.0,0.0,53.14571496589869
60,atr,3.0,2.0,5,0.5,tick,cfd_std,16,6,10,0.625,2236.0669112162723,405.0,1831.0669112162723,0.042082269881356056,1.474865527526868,0.05554331740442267,2964.4538937425823,7.125,0.125,0.25,0.625,0.0,0.0,114.44168195101702
60,atr,3.0,2.0,5,0.5,tick,cfd_raw,16,6,10,0.625,2203.0669112162723,336.0,1867.0669112162723,0.034872839184209296,1.48520836573086,0.05847400484658831,2921.4538937425823,7.125,0.125,0.25,0.625,0.0,0.0,116.69168195101702
60,atr,3.0,2.0,5,1.0,off,none,9,3,6,0.3333333333333333,1159.7329557479388,0.0,1159.7329557479388,0.0,1.2105157561659383,1.7763568394002505e-15,3820.9713308544306,25.77777777777778,0.3333333333333333,0.6666666666666666,0.0,0.0,0.1111111111111111,128.85921730532652
60,atr,3.0,2.0,5,1.0,off,exchange,9,3,6,0.3333333333333333,1175.7329557479388,737.8819178740337,437.85103787390517,0.060612547318931266,1.0730695407590691,-0.09223474279874713,4382.671326585158,25.77777777777778,0.3333333333333333,0.6666666666666666,0.0,0.0,0.1111111111111111,48.65011531932279
60,atr,3.0,2.0,5,1.0,off,cfd_std,9,3,6,0.3333333333333333,1267.7329557479388,202.5,1065.2329557479388,0.016665639734994506,1.190101090606564,-0.012890601906518424,3915.4713308544306,25.77777777777778,0.3333333333333333,0.6666666666666666,0.0,0.0,0.1111111111111111,118.35921730532654
60,atr,3.0,2.0,5,1.0,off,cfd_raw,9,3,6,0.3333333333333333,1223.7329557479388,174.0,1049.7329557479388,0.014307153073790964,1.1874185828072101,-0.01453960590996961,3918.9713308544306,25.77777777777778,0.3333333333333333,0.6666666666666666,0.0,0.0,0.1111111111111111,116.63699508310431
60,atr,3.0,2.0,5,1.0,bar,none,11,4,7,0.45454545454545453,614.2283486552769,0.0,614.2283486552769,0.0,1.2264040811258492,-0.04082869940660203,2179.7671839032264,8.0,0.09090909090909091,0.2727272727272727,0.6363636363636364,0.0,0.09090909090909091,55.83894078684336
60,atr,3.0,2.0,5,1.0,bar,exchange,11,4,7,0.36363636363636365,620.2283486552769,904.2824730642243,-284.05412440894725,0.14976086647854434,0.9123722839932805,-0.1365989760021363,2831.422278695696,8.0,0.09090909090909091,0.2727272727272727,0.6363636363636364,0.0,0.09090909090909091,-25.823102218995203
60,atr,3.0,2.0,5,1.0,bar,cfd_std,11,4,7,0.45454545454545453,654.7283486552769,283.5,371.22834865527693,0.04704085617783353,1.1303482299764103,-0.06661331307301678,2368.7671839032264,8.0,0.09090909090909091,0.2727272727272727,0.6363636363636364,0.0,0.09090909090909091,33.748031695934266
60,atr,3.0,2.0,5,1.0,bar,cfd_raw,11,4,7,0.45454545454545453,638.2283486552769,234.0,404.22834865527693,0.03879197144300095,1.1428886840121355,-0.06315695005314176,2339.7671839032264,8.0,0.09090909090909091,0.2727272727272727,0.6363636363636364,0.0,0.09090909090909091,36.748031695934266
60,atr,3.0,2.0,5,1.0,tick,none,11,4,7,0.5454545454545454,1263.4679368048673,0.0,1263.4679368048673,0.0,1.5314834086587148,0.018540765679189185,1477.8309992483264,5.454545454545454,0.09090909090909091,0.2727272727272727,0.6363636363636364,0.0,0.09090909090909091,114.86072152771521
60,atr,3.0,2.0,5,1.0,tick,exchange,11,4,7,0.45454545454545453,1269.4679368048673,904.7008701421928,364.7670666626748,0.150383353688942,1.1296699992280306,-0.07724380692886669,2195.831651266606,5.454545454545454,0.09090909090909091,0.2727272727272727,0.6363636363636364,0.0,0.09090909090909091,33.16064242387952
60,atr,3.0,2.0,5,1.0,tick,cfd_std,11,4,7,0.5454545454545454,1303.9679368048673,283.5,1020.4679368048673,0.047214870663201805,1.4106100821324674,-0.007243847987225579,1676.1821761809115,5.454545454545454,0.09090909090909091,0.2727272727272727,0.6363636363636364,0.0,0.09090909090909091,92.76981243680612
60,atr,3.0,2.0,5,1.0,tick,cfd_raw,11,4,7,0.5454545454545454,1287.4679368048673,234.0,1053.4679368048673,0.038935340163717476,1.4262898274218385,-0.003787484967350485,1642.1821761809115,5.454545454545454,0.09090909090909091,0.2727272727272727,0.6363636363636364,0.0,0.09090909090909091,95.76981243680612
60,atr,3.0,2.0,5,2.0,off,none,0,0,0,,0.0,0.0,0.0,,,,0.0,,0.0,0.0,0.0,0.0,,
60,atr,3.0,2.0,5,2.0,off,exchange,0,0,0,,0.0,0.0,0.0,,,,0.0,,0.0,0.0,0.0,0.0,,
60,atr,3.0,2.0,5,2.0,off,cfd_std,0,0,0,,0.0,0.0,0.0,,,,0.0,,0.0,0.0,0.0,0.0,,
60,atr,3.0,2.0,5,2.0,off,cfd_raw,0,0,0,,0.0,0.0,0.0,,,,0.0,,0.0,0.0,0.0,0.0,,
60,atr,3.0,2.0,5,2.0,bar,none,0,0,0,,0.0,0.0,0.0,,,,0.0,,0.0,0.0,0.0,0.0,,
60,atr,3.0,2.0,5,2.0,bar,exchange,0,0,0,,0.0,0.0,0.0,,,,0.0,,0.0,0.0,0.0,0.0,,
60,atr,3.0,2.0,5,2.0,bar,cfd_std,0,0,0,,0.0,0.0,0.0,,,,0.0,,0.0,0.0,0.0,0.0,,
60,atr,3.0,2.0,5,2.0,bar,cfd_raw,0,0,0,,0.0,0.0,0.0,,,,0.0,,0.0,0.0,0.0,0.0,,
60,atr,3.0,2.0,5,2.0,tick,none,0,0,0,,0.0,0.0,0.0,,,,0.0,,0.0,0.0,0.0,0.0,,
60,atr,3.0,2.0,5,2.0,tick,exchange,0,0,0,,0.0,0.0,0.0,,,,0.0,,0.0,0.0,0.0,0.0,,
60,atr,3.0,2.0,5,2.0,tick,cfd_std,0,0,0,,0.0,0.0,0.0,,,,0.0,,0.0,0.0,0.0,0.0,,
60,atr,3.0,2.0,5,2.0,tick,cfd_raw,0,0,0,,0.0,0.0,0.0,,,,0.0,,0.0,0.0,0.0,0.0,,
60,atr,3.0,2.0,8,0.5,off,none,12,4,8,0.16666666666666666,-6242.654378115767,0.0,-6242.654378115767,0.0,0.3463194908738679,-0.6133788905839687,9550.008438313715,16.75,0.08333333333333333,0.8333333333333334,0.0,0.08333333333333333,0.08333333333333333,-520.2211981763139
60,atr,3.0,2.0,8,0.5,off,exchange,12,4,8,0.16666666666666666,-6222.654378115767,999.2265963244215,-7221.880974440189,0.07781312897601277,0.3027368739237859,-0.7027695692621259,10357.468657608042,16.75,0.08333333333333333,0.8333333333333334,0.0,0.08333333333333333,0.08333333333333333,-601.8234145366824
60,atr,3.0,2.0,8,0.5,off,cfd_std,12,4,8,0.16666666666666666,-6107.654378115767,310.5,-6418.154378115767,0.02435415888725787,0.33823284075714066,-0.6291713163788176,9698.508438313715,16.75,0.08333333333333333,0.8333333333333334,0.0,0.08333333333333333,0.08333333333333333,-534.8461981763139
60,atr,3.0,2.0,8,0.5,off,cfd_raw,12,4,8,0.16666666666666666,-6162.654378115767,256.0,-6418.654378115767,0.020010376476847443,0.3381471650655895,-0.6293343328770634,9698.008438313715,16.75,0.08333333333333333,0.8333333333333334,0.0,0.08333333333333333,0.08333333333333333,-534.8878648429805
60,atr,3.0,2.0,8,0.5,bar,none,18,6,12,0.4444444444444444,1755.4481213407562,0.0,1755.4481213407562,0.0,1.3015452343014888,0.02695533622504144,3232.138461946248,11.166666666666666,0.1111111111111111,0.2777777777777778,0.5555555555555556,0.05555555555555555,0.05555555555555555,97.52489563004201
60,atr,3.0,2.0,8,0.5,bar,exchange,18,6,12,0.3888888888888889,1767.4481213407562,1482.814046123101,284.6340752176558,0.11070349206058518,1.0424646466869432,-0.058889703954685374,4367.7183147777105,11.166666666666666,0.1111111111111111,0.2777777777777778,0.5555555555555556,0.05555555555555555,0.05555555555555555,15.813004178758653
60,atr,3.0,2.0,8,0.5,bar,cfd_std,17,6,11,0.4117647058823529,2051.6563752250513,432.0,1619.6563752250513,0.03283608775826021,1.2788865052412919,0.019948909387389274,3313.9302080619527,12.0,0.11764705882352941,0.29411764705882354,0.5294117647058824,0.058823529411764705,0.058823529411764705,95.27390442500302
60,atr,3.0,2.0,8,0.5,bar,cfd_raw,17,6,11,0.4117647058823529,2018.6563752250513,358.0,1660.6563752250513,0.027188654994864146,1.287331548202989,0.022847140191225534,3270.9302080619527,12.0,0.11764705882352941,0.29411764705882354,0.5294117647058824,0.058823529411764705,0.058823529411764705,97.68566913088537
60,atr,3.0,2.0,8,0.5,tick,none,19,7,12,0.5789473684210527,2205.485172889108,0.0,2205.485172889108,0.0,1.4417521774503017,0.056706889114986725,2510.5418116149376,7.2631578947368425,0.10526315789473684,0.2631578947368421,0.5789473684210527,0.05263157894736842,0.05263157894736842,116.07816699416358
60,atr,3.0,2.0,8,0.5,tick,exchange,19,7,12,0.47368421052631576,2217.485172889108,1565.0003899365652,652.484782952543,0.12841919613271113,1.115172617495677,-0.029976425313945357,3554.003960893431,7.2631578947368425,0.10526315789473684,0.2631578947368421,0.5789473684210527,0.05263157894736842,0.05263157894736842,34.341304365923314
60,atr,3.0,2.0,8,0.5,tick,cfd_std,19,7,12,0.5789473684210527,2286.485172889108,486.0,1800.485172889108,0.03995509697991203,1.3492978133699045,0.03382732544168601,2725.446357577108,7.2631578947368425,0.10526315789473684,0.2631578947368421,0.5789473684210527,0.05263157894736842,0.05263157894736842,94.76237752047938
60,atr,3.0,2.0,8,0.5,tick,cfd_raw,19,7,12,0.5789473684210527,2253.485172889108,402.0,1851.485172889108,0.03301941718467174,1.3604506247650086,0.03677794213230045,2682.446357577108,7.2631578947368425,0.10526315789473684,0.2631578947368421,0.5789473684210527,0.05263157894736842,0.05263157894736842,97.44658804679516
60,atr,3.0,2.0,8,1.0,off,none,8,1,7,0.25,-2739.192238714808,0.0,-2739.192238714808,0.0,0.48605120906361293,-0.420068335875953,3776.513731026891,24.25,0.125,0.75,0.0,0.125,0.125,-342.399029839351
60,atr,3.0,2.0,8,1.0,off,exchange,8,1,7,0.25,-2727.192238714808,660.3116461846627,-3387.503884899471,0.08345481709586858,0.41704411582622686,-0.5167633717010991,4201.329699899477,24.25,0.125,0.75,0.0,0.125,0.125,-423.43798561243386
60,atr,3.0,2.0,8,1.0,off,cfd_std,8,1,7,0.25,-2658.192238714808,202.5,-2860.692238714808,0.02574303520722141,0.47260556624081707,-0.4372011038770611,3844.013731026891,24.25,0.125,0.75,0.0,0.125,0.125,-357.586529839351
60,atr,3.0,2.0,8,1.0,off,cfd_raw,8,1,7,0.25,-2691.192238714808,168.0,-2859.192238714808,0.021297620130107314,0.47263904539989876,-0.43741720557557867,3840.513731026891,24.25,0.125,0.75,0.0,0.125,0.125,-357.399029839351
60,atr,3.0,2.0,8,1.0,bar,none,10,1,9,0.4,-1555.996925272353,0.0,-1555.996925272353,0.0,0.4345165310434479,-0.24322992317327502,2581.278721982846,6.8,0.0,0.3,0.6,0.1,0.1,-155.5996925272353
60,atr,3.0,2.0,8,1.0,bar,exchange,10,1,9,0.3,-1551.996925272353,823.7643206358138,-2375.761245908167,0.20890504154174755,0.2757758972758629,-0.3392585304763585,3232.0947935170116,6.8,0.0,0.3,0.6,0.1,0.1,-237.5761245908167
60,atr,3.0,2.0,8,1.0,bar,cfd_std,9,1,8,0.4444444444444444,-1313.788671388058,243.0,-1556.788671388058,0.06558634658866759,0.4112916349879914,-0.2716772333077903,2528.070468098551,7.888888888888889,0.0,0.3333333333333333,0.5555555555555556,0.1111111111111111,0.1111111111111111,-172.97651904311755
60,atr,3.0,2.0,8,1.0,bar,cfd_raw,9,1,8,0.4444444444444444,-1324.788671388058,198.0,-1522.788671388058,0.05328253477298765,0.4210840412049983,-0.2674668506404222,2504.070468098551,7.888888888888889,0.0,0.3333333333333333,0.5555555555555556,0.1111111111111111,0.1111111111111111,-169.19874126533978
60,atr,3.0,2.0,8,1.0,tick,none,10,1,9,0.6,5.172439162444789,0.0,5.172439162444789,0.0,1.0022620953114922,-0.09181313402868266,1440.13055918389,5.1,0.0,0.3,0.6,0.1,0.1,0.5172439162444789
60,atr,3.0,2.0,8,1.0,tick,exchange,10,1,9,0.6,9.172439162444789,823.5722159535964,-814.3997767911513,0.18004284688605166,0.6879874967865935,-0.18781063300306364,1992.9414191577089,5.1,0.0,0.3,0.6,0.1,0.1,-81.43997767911513
60,atr,3.0,2.0,8,1.0,tick,cfd_std,10,1,9,0.6,32.17243916244479,270.0,-237.8275608375552,0.05932354888529496,0.8995478208045035,-0.11926010254498565,1584.481736116475,5.1,0.0,0.3,0.6,0.1,0.1,-23.782756083755523
60,atr,3.0,2.0,8,1.0,tick,cfd_raw,10,1,9,0.6,21.17243916244479,220.0,-198.8275608375552,0.04822116148159201,0.9156999516299239,-0.11513697230232078,1560.481736116475,5.1,0.0,0.3,0.6,0.1,0.1,-19.88275608375552
60,atr,3.0,2.0,8,2.0,off,none,0,0,0,,0.0,0.0,0.0,,,,0.0,,0.0,0.0,0.0,0.0,,
60,atr,3.0,2.0,8,2.0,off,exchange,0,0,0,,0.0,0.0,0.0,,,,0.0,,0.0,0.0,0.0,0.0,,
60,atr,3.0,2.0,8,2.0,off,cfd_std,0,0,0,,0.0,0.0,0.0,,,,0.0,,0.0,0.0,0.0,0.0,,
60,atr,3.0,2.0,8,2.0,off,cfd_raw,0,0,0,,0.0,0.0,0.0,,,,0.0,,0.0,0.0,0.0,0.0,,
60,atr,3.0,2.0,8,2.0,bar,none,0,0,0,,0.0,0.0,0.0,,,,0.0,,0.0,0.0,0.0,0.0,,
60,atr,3.0,2.0,8,2.0,bar,exchange,0,0,0,,0.0,0.0,0.0,,,,0.0,,0.0,0.0,0.0,0.0,,
60,atr,3.0,2.0,8,2.0,bar,cfd_std,0,0,0,,0.0,0.0,0.0,,,,0.0,,0.0,0.0,0.0,0.0,,
60,atr,3.0,2.0,8,2.0,bar,cfd_raw,0,0,0,,0.0,0.0,0.0,,,,0.0,,0.0,0.0,0.0,0.0,,
60,atr,3.0,2.0,8,2.0,tick,none,0,0,0,,0.0,0.0,0.0,,,,0.0,,0.0,0.0,0.0,0.0,,
60,atr,3.0,2.0,8,2.0,tick,exchange,0,0,0,,0.0,0.0,0.0,,,,0.0,,0.0,0.0,0.0,0.0,,
60,atr,3.0,2.0,8,2.0,tick,cfd_std,0,0,0,,0.0,0.0,0.0,,,,0.0,,0.0,0.0,0.0,0.0,,
60,atr,3.0,2.0,8,2.0,tick,cfd_raw,0,0,0,,0.0,0.0,0.0,,,,0.0,,0.0,0.0,0.0,0.0,,
60,atr,3.0,2.5,3,0.5,off,none,10,4,6,0.3,2246.557079025588,0.0,2246.557079025588,0.0,1.3033378942477973,0.05000000000000036,3628.7873282797955,41.9,0.3,0.7,0.0,0.0,0.0,224.6557079025588
60,atr,3.0,2.5,3,0.5,off,exchange,10,4,6,0.3,2266.557079025588,827.927974440099,1438.629104585489,0.04855655109793003,1.1804504730786818,-0.02966690424103944,3946.3494325570064,41.9,0.3,0.7,0.0,0.0,0.0,143.8629104585489
60,atr,3.0,2.5,3,0.5,off,cfd_std,10,4,6,0.3,2381.557079025588,229.5,2152.057079025588,0.013496190406720576,1.2869171959113153,0.03982524152827997,3682.7873282797955,41.9,0.3,0.7,0.0,0.0,0.0,215.2057079025588
60,atr,3.0,2.5,3,0.5,off,cfd_raw,10,4,6,0.3,2326.557079025588,196.0,2130.557079025588,0.01151126552778543,1.2839182822644855,0.038023813773271645,3684.7873282797955,41.9,0.3,0.7,0.0,0.0,0.0,213.0557079025588
60,atr,3.0,2.5,3,0.5,bar,none,22,9,13,0.5909090909090909,4700.48932512496,0.0,4700.48932512496,0.0,1.6347845076463206,0.1773548044796947,5124.900168224762,12.954545454545455,0.13636363636363635,0.3181818181818182,0.5454545454545454,0.0,0.0,213.65860568749815
60,atr,3.0,2.5,3,0.5,bar,exchange,22,9,13,0.5454545454545454,4720.48932512496,1820.406854728329,2900.0824703966296,0.09334363831441037,1.3533342225122147,0.09169891994155238,6175.118637610809,12.954545454545455,0.13636363636363635,0.3181818181818182,0.5454545454545454,0.0,0.0,131.82193047257408
60,atr,3.0,2.5,3,0.5,bar,cfd_std,22,9,13,0.5454545454545454,4835.48932512496,553.5,4281.98932512496,0.028448506485850816,1.5652532900739704,0.1573138729216047,5381.400168224762,12.954545454545455,0.13636363636363635,0.3181818181818182,0.5454545454545454,0.0,0.0,194.6358784147709
60,atr,3.0,2.5,3,0.5,bar,cfd_raw,22,9,13,0.5454545454545454,4780.48932512496,460.0,4320.48932512496,0.023616138064389655,1.5712026988859167,0.15918303428335162,5354.900168224762,12.954545454545455,0.13636363636363635,0.3181818181818182,0.5454545454545454,0.0,0.0,196.3858784147709
60,atr,3.0,2.5,3,0.5,tick,none,26,12,14,0.6923076923076923,9568.918927848703,0.0,9568.918927848703,0.0,3.45508932445096,0.2996329584087708,1976.5002940961567,9.307692307692308,0.11538461538461539,0.15384615384615385,0.7307692307692307,0.0,0.0,368.03534337879626
60,atr,3.0,2.5,3,0.5,tick,exchange,26,12,14,0.6153846153846154,9582.918927848703,2152.810881522951,7430.108046325752,0.12399492541188223,2.6237044767277258,0.2132806347134368,2863.454529382536,9.307692307692308,0.11538461538461539,0.15384615384615385,0.7307692307692307,0.0,0.0,285.7733863971443
60,atr,3.0,2.5,3,0.5,tick,cfd_std,27,13,14,0.7037037037037037,8428.553037553298,688.5,7740.053037553298,0.03687933283263628,2.450474904062406,0.23168805279564214,2219.5002940961567,8.407407407407407,0.1111111111111111,0.18518518518518517,0.7037037037037037,0.0,0.0,286.6686310204925
60,atr,3.0,2.5,3,0.5,tick,cfd_raw,27,13,14,0.7037037037037037,8384.553037553298,570.0,7814.553037553298,0.030513930351887306,2.4678745678614353,0.2347262910599068,2186.5002940961567,8.407407407407407,0.1111111111111111,0.18518518518518517,0.7037037037037037,0.0,0.0,289.4278902797518
60,atr,3.0,2.5,3,1.0,off,none,9,4,5,0.3333333333333333,4063.4363925451325,0.0,4063.4363925451325,0.0,1.6810745142236219,0.16666666666666807,3785.220652352713,39.22222222222222,0.3333333333333333,0.6666666666666666,0.0,0.0,0.1111111111111111,451.4929325050147
60,atr,3.0,2.5,3,1.0,off,exchange,9,4,5,0.3333333333333333,4079.4363925451325,735.4821099579702,3343.9542825871627,0.045991016409936004,1.5187612859425366,0.08609185834768358,4103.820722476579,39.22222222222222,0.3333333333333333,0.6666666666666666,0.0,0.0,0.1111111111111111,371.5504758430181
60,atr,3.0,2.5,3,1.0,off,cfd_std,9,4,5,0.3333333333333333,4171.436392545133,202.5,3968.9363925451325,0.01268092656078429,1.6548628272669539,0.15486697611892622,3852.720652352713,39.22222222222222,0.3333333333333333,0.6666666666666666,0.0,0.0,0.1111111111111111,440.9929325050147
60,atr,3.0,2.5,3,1.0,off,cfd_raw,9,4,5,0.3333333333333333,4127.436392545133,174.0,3953.4363925451325,0.01088870298422089,1.652574555075354,0.15362175223248054,3849.220652352713,39.22222222222222,0.3333333333333333,0.6666666666666666,0.0,0.0,0.1111111111111111,439.2707102827925
60,atr,3.0,2.5,3,1.0,bar,none,16,8,8,0.625,6836.836419968662,0.0,6836.836419968662,0.0,2.7289397842485057,0.3253082037853371,2942.786864140464,9.3125,0.1875,0.25,0.5625,0.0,0.0625,427.3022762480414
60,atr,3.0,2.5,3,1.0,bar,exchange,16,8,8,0.5625,6848.836419968662,1317.0599622875563,5531.776457681106,0.08931920651239196,2.224594451152002,0.23869564019487688,3672.7025919025036,9.3125,0.1875,0.25,0.5625,0.0,0.0625,345.7360286050691
60,atr,3.0,2.5,3,1.0,bar,cfd_std,16,8,8,0.5625,6917.836419968662,391.5,6526.336419968662,0.026550400400043986,2.592628492391208,0.3041838517978077,3145.286864140464,9.3125,0.1875,0.25,0.5625,0.0,0.0625,407.8960262480414
60,atr,3.0,2.5,3,1.0,bar,cfd_raw,16,8,8,0.5625,6884.836419968662,328.0,6556.836419968662,0.022244013617405946,2.607327838382137,0.30641036459856996,3116.786864140464,9.3125,0.1875,0.25,0.5625,0.0,0.0625,409.8022762480414
60,atr,3.0,2.5,3,1.0,tick,none,16,8,8,0.625,4924.20693674247,0.0,4924.20693674247,0.0,2.5131290575977627,0.2610121728226014,2298.207381914617,5.8125,0.125,0.1875,0.6875,0.0,0.0625,307.7629335464044
60,atr,3.0,2.5,3,1.0,tick,exchange,16,8,8,0.5,4932.20693674247,1317.6718405895872,3614.5350961528834,0.11525315861824229,1.9488136609351967,0.174088489943246,2866.100180152789,5.8125,0.125,0.1875,0.6875,0.0,0.0625,225.9084435095552
60,atr,3.0,2.5,3,1.0,tick,cfd_std,16,8,8,0.625,4978.20693674247,405.0,4573.20693674247,0.03542424433954849,2.3492990450570557,0.23717413742669868,2460.207381914617,5.8125,0.125,0.1875,0.6875,0.0,0.0625,285.8254335464044
60,atr,3.0,2.5,3,1.0,tick,cfd_raw,16,8,8,0.625,4956.20693674247,336.0,4620.20693674247,0.029389002711329118,2.370850906814269,0.24050622494939078,2436.207381914617,5.8125,0.125,0.1875,0.6875,0.0,0.0625,288.7629335464044
60,atr,3.0,2.5,3,2.0,off,none,1,0,1,0.0,-1497.9664714167884,0.0,-1497.9664714167884,0.0,0.0,-1.000000000000002,1497.9664714167884,57.0,0.0,1.0,0.0,0.0,0.0,-1497.9664714167884
60,atr,3.0,2.5,3,2.0,off,exchange,1,0,1,0.0,-1495.9664714167884,80.34352323570839,-1576.3099946524967,0.05370676734460316,0.0,-1.0522999177422265,1576.3099946525035,57.0,0.0,1.0,0.0,0.0,0.0,-1576.3099946524967
60,atr,3.0,2.5,3,2.0,off,cfd_std,1,0,1,0.0,-1484.4664714167884,27.0,-1511.4664714167884,0.018188352866084577,0.0,-1.0090122177349101,1511.4664714167884,42.0,0.0,1.0,0.0,0.0,0.0,-1511.4664714167884
60,atr,3.0,2.5,3,2.0,off,cfd_raw,1,0,1,0.0,-1489.9664714167884,22.0,-1511.9664714167884,0.014765432928890343,0.0,-1.0093460035769437,1511.9664714167884,42.0,0.0,1.0,0.0,0.0,0.0,-1511.9664714167884
60,atr,3.0,2.5,3,2.0,bar,none,1,0,1,0.0,-1497.9664714167884,0.0,-1497.9664714167884,0.0,0.0,-1.000000000000002,1497.9664714167884,57.0,0.0,1.0,0.0,0.0,0.0,-1497.9664714167884
60,atr,3.0,2.5,3,2.0,bar,exchange,1,0,1,0.0,-1495.9664714167884,80.34352323570839,-1576.3099946524967,0.05370676734460316,0.0,-1.0522999177422265,1576.3099946525035,57.0,0.0,1.0,0.0,0.0,0.0,-1576.3099946524967
60,atr,3.0,2.5,3,2.0,bar,cfd_std,1,0,1,0.0,-1484.4664714167884,27.0,-1511.4664714167884,0.018188352866084577,0.0,-1.0090122177349101,1511.4664714167884,42.0,0.0,1.0,0.0,0.0,0.0,-1511.4664714167884
60,atr,3.0,2.5,3,2.0,bar,cfd_raw,1,0,1,0.0,-1489.9664714167884,22.0,-1511.9664714167884,0.014765432928890343,0.0,-1.0093460035769437,1511.9664714167884,42.0,0.0,1.0,0.0,0.0,0.0,-1511.9664714167884
60,atr,3.0,2.5,3,2.0,tick,none,1,0,1,0.0,-64.45456213952275,0.0,-64.45456213952275,0.0,0.0,-0.043028040593299295,64.45456213952275,25.0,0.0,0.0,1.0,0.0,0.0,-64.45456213952275
60,atr,3.0,2.5,3,2.0,tick,exchange,1,0,1,0.0,-64.45456213952275,79.62776728106975,-144.0823294205925,1.2354093277168192,0.0,-0.09618528329563918,144.08232942059112,25.0,0.0,0.0,1.0,0.0,0.0,-144.0823294205925
60,atr,3.0,2.5,3,2.0,tick,cfd_std,1,0,1,0.0,-64.45456213952275,27.0,-91.45456213952275,0.41889975051810846,0.0,-0.06105247606311541,91.45456213952275,25.0,0.0,0.0,1.0,0.0,0.0,-91.45456213952275
60,atr,3.0,2.5,3,2.0,tick,cfd_raw,1,0,1,0.0,-64.45456213952275,22.0,-86.45456213952275,0.3413257226443847,0.0,-0.0577146176427791,86.45456213952275,25.0,0.0,0.0,1.0,0.0,0.0,-86.45456213952275
60,atr,3.0,2.5,5,0.5,off,none,11,4,7,0.2727272727272727,-404.7877617482591,0.0,-404.7877617482591,0.0,0.947534079203631,-0.045454545454542666,5639.296258762028,21.181818181818183,0.2727272727272727,0.7272727272727273,0.0,0.0,0.0,-36.798887431659914
60,atr,3.0,2.5,5,0.5,off,exchange,11,4,7,0.2727272727272727,-382.7877617482591,901.9009253196928,-1284.6886870679518,0.0600638024458465,0.8462630779535493,-0.13710248310276363,6358.424679833217,21.181818181818183,0.2727272727272727,0.7272727272727273,0.0,0.0,0.0,-116.78988064254108
60,atr,3.0,2.5,5,0.5,off,cfd_std,11,4,7,0.2727272727272727,-256.2877617482591,256.5,-512.7877617482591,0.017147768233281045,0.9344533692661763,-0.057064684584716516,5747.296258762028,21.181818181818183,0.2727272727272727,0.7272727272727273,0.0,0.0,0.0,-46.617069249841734
60,atr,3.0,2.5,5,0.5,off,cfd_raw,11,4,7,0.2727272727272727,-316.7877617482591,218.0,-534.7877617482591,0.014547187331162741,0.9316761729371578,-0.05920089587214586,5757.296258762028,21.181818181818183,0.2727272727272727,0.7272727272727273,0.0,0.0,0.0,-48.617069249841734
60,atr,3.0,2.5,5,0.5,bar,none,14,5,9,0.5,1391.7494035446725,0.0,1391.7494035446725,0.0,1.27760617313845,0.07696567136616651,4191.66858798328,11.142857142857142,0.14285714285714285,0.35714285714285715,0.5,0.0,0.0,99.41067168176232
60,atr,3.0,2.5,5,0.5,bar,exchange,14,5,9,0.42857142857142855,1405.7494035446725,1148.9817573957257,256.76764614894637,0.10067713367495505,1.0454805890012175,-0.01837285442051893,5001.918305877756,11.142857142857142,0.14285714285714285,0.35714285714285715,0.5,0.0,0.0,18.34054615349617
60,atr,3.0,2.5,5,0.5,bar,cfd_std,14,5,9,0.42857142857142855,1486.2494035446725,351.0,1135.2494035446725,0.030848899959655986,1.2205576644396607,0.054462704519907916,4394.16858798328,11.142857142857142,0.14285714285714285,0.35714285714285715,0.5,0.0,0.0,81.08924311033375
60,atr,3.0,2.5,5,0.5,bar,cfd_raw,14,5,9,0.42857142857142855,1447.7494035446725,292.0,1155.7494035446725,0.025626310031027322,1.2250870573208077,0.05658421828118966,4371.66858798328,11.142857142857142,0.14285714285714285,0.35714285714285715,0.5,0.0,0.0,82.55352882461946
60,atr,3.0,2.5,5,0.5,tick,none,16,6,10,0.625,3333.444345785887,0.0,3333.444345785887,0.0,1.8894001124447155,0.14218294947822813,2667.4538937425823,7.1875,0.125,0.25,0.625,0.0,0.0,208.34027161161794
60,atr,3.0,2.5,5,0.5,tick,exchange,16,6,10,0.4375,3345.444345785887,1317.3246604791784,2028.119685306709,0.12168850369182338,1.4735164495999162,0.04829337963100386,3726.1795551019895,7.1875,0.125,0.25,0.625,0.0,0.0,126.75748033166931
60,atr,3.0,2.5,5,0.5,tick,cfd_std,16,6,10,0.625,3414.444345785887,405.0,3009.444345785887,0.037491727482153195,1.7804637657261302,0.11804331740442235,2964.4538937425823,7.1875,0.125,0.25,0.625,0.0,0.0,188.09027161161794
60,atr,3.0,2.5,5,0.5,tick,cfd_raw,16,6,10,0.625,3381.444345785887,336.0,3045.444345785887,0.031072606941175033,1.7914419483661939,0.12097400484658802,2921.4538937425823,7.1875,0.125,0.25,0.625,0.0,0.0,190.34027161161794
60,atr,3.0,2.5,5,1.0,off,none,9,3,6,0.3333333333333333,2826.9181601313758,0.0,2826.9181601313758,0.0,1.513144695207423,0.16666666666666816,3398.9621981215896,25.88888888888889,0.3333333333333333,0.6666666666666666,0.0,0.0,0.1111111111111111,314.1020177923751
60,atr,3.0,2.5,5,1.0,off,exchange,9,3,6,0.3333333333333333,2842.9181601313758,738.2935013434926,2104.624658787883,0.053341306847278294,1.3512243753825026,0.07440414609014152,3960.451189285959,25.88888888888889,0.3333333333333333,0.6666666666666666,0.0,0.0,0.1111111111111111,233.8471843097648
60,atr,3.0,2.5,5,1.0,off,cfd_std,9,3,6,0.3333333333333333,2934.9181601313758,202.5,2732.4181601313758,0.01465486820998836,1.4876263632582052,0.15377606476014793,3493.4621981215896,25.88888888888889,0.3333333333333333,0.6666666666666666,0.0,0.0,0.1111111111111111,303.6020177923751
60,atr,3.0,2.5,5,1.0,off,cfd_raw,9,3,6,0.3333333333333333,2890.9181601313758,174.0,2716.9181601313758,0.012582314838098551,1.4850766553405839,0.15212706075669674,3496.9621981215896,25.88888888888889,0.3333333333333333,0.6666666666666666,0.0,0.0,0.1111111111111111,301.87979557015285
60,atr,3.0,2.5,5,1.0,bar,none,11,4,7,0.45454545454545453,1225.499858166353,0.0,1225.499858166353,0.0,1.4517182736932408,0.0046258460479431385,2179.7671839032264,8.090909090909092,0.09090909090909091,0.2727272727272727,0.6363636363636364,0.0,0.09090909090909091,111.409078015123
60,atr,3.0,2.5,5,1.0,bar,exchange,11,4,7,0.36363636363636365,1231.499858166353,904.5881088189799,326.91174934737364,0.13603958892496654,1.1008488434754413,-0.09116715782031835,2831.422278695696,8.090909090909092,0.09090909090909091,0.2727272727272727,0.6363636363636364,0.0,0.09090909090909091,29.71924994067033
60,atr,3.0,2.5,5,1.0,bar,cfd_std,11,4,7,0.45454545454545453,1265.999858166353,283.5,982.4998581663531,0.04270898476331967,1.3449820519579487,-0.021158767618471606,2368.7671839032264,8.090909090909092,0.09090909090909091,0.2727272727272727,0.6363636363636364,0.0,0.09090909090909091,89.31816892421392
60,atr,3.0,2.5,5,1.0,bar,cfd_raw,11,4,7,0.45454545454545453,1249.499858166353,234.0,1015.4998581663531,0.03522267600911929,1.3589640331525676,-0.01770240459859657,2339.7671839032264,8.090909090909092,0.09090909090909091,0.2727272727272727,0.6363636363636364,0.0,0.09090909090909091,92.31816892421392
60,atr,3.0,2.5,5,1.0,tick,none,11,4,7,0.5454545454545454,1874.7394463159435,0.0,1874.7394463159435,0.0,1.7886174886200015,0.06399531113373436,1477.8309992483264,5.545454545454546,0.09090909090909091,0.2727272727272727,0.6363636363636364,0.0,0.09090909090909091,170.43085875599488
60,atr,3.0,2.5,5,1.0,tick,exchange,11,4,7,0.45454545454545453,1880.7394463159435,905.0065058969484,975.7329404189957,0.13655867201878058,1.3468605068667012,-0.031811988747048735,2195.831651266606,5.545454545454546,0.09090909090909091,0.2727272727272727,0.6363636363636364,0.0,0.09090909090909091,88.70299458354506
60,atr,3.0,2.5,5,1.0,tick,cfd_std,11,4,7,0.5454545454545454,1915.2394463159435,283.5,1631.7394463159435,0.042852376968652094,1.6565700341045548,0.038210697467319595,1676.1821761809115,5.545454545454546,0.09090909090909091,0.2727272727272727,0.6363636363636364,0.0,0.09090909090909091,148.33994966508578
60,atr,3.0,2.5,5,1.0,tick,cfd_raw,11,4,7,0.5454545454545454,1898.7394463159435,234.0,1664.7394463159435,0.03534083526381472,1.673643180280104,0.04166706048719471,1642.1821761809115,5.545454545454546,0.09090909090909091,0.2727272727272727,0.6363636363636364,0.0,0.09090909090909091,151.33994966508578
60,atr,3.0,2.5,5,2.0,off,none,0,0,0,,0.0,0.0,0.0,,,,0.0,,0.0,0.0,0.0,0.0,,
60,atr,3.0,2.5,5,2.0,off,exchange,0,0,0,,0.0,0.0,0.0,,,,0.0,,0.0,0.0,0.0,0.0,,
60,atr,3.0,2.5,5,2.0,off,cfd_std,0,0,0,,0.0,0.0,0.0,,,,0.0,,0.0,0.0,0.0,0.0,,
60,atr,3.0,2.5,5,2.0,off,cfd_raw,0,0,0,,0.0,0.0,0.0,,,,0.0,,0.0,0.0,0.0,0.0,,
60,atr,3.0,2.5,5,2.0,bar,none,0,0,0,,0.0,0.0,0.0,,,,0.0,,0.0,0.0,0.0,0.0,,
60,atr,3.0,2.5,5,2.0,bar,exchange,0,0,0,,0.0,0.0,0.0,,,,0.0,,0.0,0.0,0.0,0.0,,
60,atr,3.0,2.5,5,2.0,bar,cfd_std,0,0,0,,0.0,0.0,0.0,,,,0.0,,0.0,0.0,0.0,0.0,,
60,atr,3.0,2.5,5,2.0,bar,cfd_raw,0,0,0,,0.0,0.0,0.0,,,,0.0,,0.0,0.0,0.0,0.0,,
60,atr,3.0,2.5,5,2.0,tick,none,0,0,0,,0.0,0.0,0.0,,,,0.0,,0.0,0.0,0.0,0.0,,
60,atr,3.0,2.5,5,2.0,tick,exchange,0,0,0,,0.0,0.0,0.0,,,,0.0,,0.0,0.0,0.0,0.0,,
60,atr,3.0,2.5,5,2.0,tick,cfd_std,0,0,0,,0.0,0.0,0.0,,,,0.0,,0.0,0.0,0.0,0.0,,
60,atr,3.0,2.5,5,2.0,tick,cfd_raw,0,0,0,,0.0,0.0,0.0,,,,0.0,,0.0,0.0,0.0,0.0,,
60,atr,3.0,2.5,8,0.5,off,none,12,4,8,0.16666666666666666,-5641.433363066273,0.0,-5641.433363066273,0.0,0.4092745153571398,-0.5717122239173016,9550.008438313715,16.75,0.08333333333333333,0.8333333333333334,0.0,0.08333333333333333,0.08333333333333333,-470.1194469221894
60,atr,3.0,2.5,8,0.5,off,exchange,12,4,8,0.16666666666666666,-5621.433363066273,999.5272068319463,-6620.960569898219,0.07435529084298435,0.3607549500007592,-0.6611237359287923,10357.468657608042,16.75,0.08333333333333333,0.8333333333333334,0.0,0.08333333333333333,0.08333333333333333,-551.7467141581849
60,atr,3.0,2.5,8,0.5,off,cfd_std,12,4,8,0.16666666666666666,-5506.433363066273,310.5,-5816.933363066273,0.023257410410908456,0.40022392102205906,-0.5875046497121507,9698.508438313715,16.75,0.08333333333333333,0.8333333333333334,0.0,0.08333333333333333,0.08333333333333333,-484.7444469221894
60,atr,3.0,2.5,8,0.5,off,cfd_raw,12,4,8,0.16666666666666666,-5561.433363066273,256.0,-5817.433363066273,0.01911220305885707,0.4001414414032201,-0.5876676662103962,9698.008438313715,16.75,0.08333333333333333,0.8333333333333334,0.0,0.08333333333333333,0.08333333333333333,-484.7861135888561
60,atr,3.0,2.5,8,0.5,bar,none,18,6,12,0.4444444444444444,3035.296733822339,0.0,3035.296733822339,0.0,1.521393514082284,0.08251089178059778,3232.138461946248,11.166666666666666,0.1111111111111111,0.2777777777777778,0.5555555555555556,0.05555555555555555,0.05555555555555555,168.62759632346328
60,atr,3.0,2.5,8,0.5,bar,exchange,18,6,12,0.3888888888888889,3047.296733822339,1483.4539704293416,1563.8427633929978,0.10109188156575526,1.2333101908850348,-0.0033619261769068255,4367.7183147777105,11.166666666666666,0.1111111111111111,0.2777777777777778,0.5555555555555556,0.05555555555555555,0.05555555555555555,86.88015352183321
60,atr,3.0,2.5,8,0.5,bar,cfd_std,17,6,11,0.4117647058823529,3331.504987706634,432.0,2899.504987706634,0.02992496869885578,1.4992619578574735,0.07877243879915478,3313.9302080619527,12.0,0.11764705882352941,0.29411764705882354,0.5294117647058824,0.058823529411764705,0.058823529411764705,170.55911692391965
60,atr,3.0,2.5,8,0.5,bar,cfd_raw,17,6,11,0.4117647058823529,3298.504987706634,358.0,2940.504987706634,0.024780050531455464,1.5087746406910085,0.08167066960299106,3270.9302080619527,12.0,0.11764705882352941,0.29411764705882354,0.5294117647058824,0.058823529411764705,0.058823529411764705,172.970881629802
60,atr,3.0,2.5,8,0.5,tick,none,19,7,12,0.5789473684210527,3373.8121129971405,0.0,3373.8121129971405,0.0,1.675764618844539,0.10933846806235528,2510.5418116149376,7.2631578947368425,0.10526315789473684,0.2631578947368421,0.5789473684210527,0.05263157894736842,0.05263157894736842,177.56905857879687
60,atr,3.0,2.5,8,0.5,tick,exchange,19,7,12,0.47368421052631576,3385.8121129971405,1565.5845534066193,1820.2275595905212,0.11722850730110262,1.3212954201432412,0.02262883784394949,3554.003960893431,7.2631578947368425,0.10526315789473684,0.2631578947368421,0.5789473684210527,0.05263157894736842,0.05263157894736842,95.80145050476428
60,atr,3.0,2.5,8,0.5,tick,cfd_std,19,7,12,0.5789473684210527,3454.8121129971405,486.0,2968.8121129971405,0.03645369578284567,1.5759556340650054,0.08645890438905457,2725.446357577108,7.2631578947368425,0.10526315789473684,0.2631578947368421,0.5789473684210527,0.05263157894736842,0.05263157894736842,156.25326910511265
60,atr,3.0,2.5,8,0.5,tick,cfd_raw,19,7,12,0.5789473684210527,3421.8121129971405,402.0,3019.8121129971405,0.03012819872141261,1.5879027165549726,0.089409521079669,2682.446357577108,7.2631578947368425,0.10526315789473684,0.2631578947368421,0.5789473684210527,0.05263157894736842,0.05263157894736842,158.93747963142846
60,atr,3.0,2.5,8,1.0,off,none,8,1,7,0.25,-2317.183105981967,0.0,-2317.183105981967,0.0,0.5652318815504477,-0.3575683358759536,3776.513731026891,24.25,0.125,0.75,0.0,0.125,0.125,-289.64788824774587
60,atr,3.0,2.5,8,1.0,off,exchange,8,1,7,0.25,-2305.183105981967,660.1006416182963,-2965.2837476002633,0.07920370262852713,0.48970402170926786,-0.4542321217010997,4095.512427957714,24.25,0.125,0.75,0.0,0.125,0.125,-370.6604684500329
60,atr,3.0,2.5,8,1.0,off,cfd_std,8,1,7,0.25,-2236.183105981967,202.5,-2438.683105981967,0.02443228292768955,0.5504067587587615,-0.3747011038770617,3844.013731026891,24.25,0.125,0.75,0.0,0.125,0.125,-304.83538824774587
60,atr,3.0,2.5,8,1.0,off,cfd_raw,8,1,7,0.25,-2269.183105981967,168.0,-2437.183105981967,0.020216084837305037,0.5504761128326179,-0.3749172055755793,3840.513731026891,24.25,0.125,0.75,0.0,0.125,0.125,-304.64788824774587
60,atr,3.0,2.5,8,1.0,bar,none,10,1,9,0.4,-1555.996925272353,0.0,-1555.996925272353,0.0,0.4345165310434479,-0.24322992317327502,2581.278721982846,6.8,0.0,0.3,0.6,0.1,0.1,-155.5996925272353
60,atr,3.0,2.5,8,1.0,bar,exchange,10,1,9,0.3,-1551.996925272353,823.7643206358138,-2375.761245908167,0.20890504154174755,0.2757758972758629,-0.3392585304763585,3232.0947935170116,6.8,0.0,0.3,0.6,0.1,0.1,-237.5761245908167
60,atr,3.0,2.5,8,1.0,bar,cfd_std,9,1,8,0.4444444444444444,-1313.788671388058,243.0,-1556.788671388058,0.06558634658866759,0.4112916349879914,-0.2716772333077903,2528.070468098551,7.888888888888889,0.0,0.3333333333333333,0.5555555555555556,0.1111111111111111,0.1111111111111111,-172.97651904311755
60,atr,3.0,2.5,8,1.0,bar,cfd_raw,9,1,8,0.4444444444444444,-1324.788671388058,198.0,-1522.788671388058,0.05328253477298765,0.4210840412049983,-0.2674668506404222,2504.070468098551,7.888888888888889,0.0,0.3333333333333333,0.5555555555555556,0.1111111111111111,0.1111111111111111,-169.19874126533978
60,atr,3.0,2.5,8,1.0,tick,none,10,1,9,0.6,5.172439162444789,0.0,5.172439162444789,0.0,1.0022620953114922,-0.09181313402868266,1440.13055918389,5.1,0.0,0.3,0.6,0.1,0.1,0.5172439162444789
60,atr,3.0,2.5,8,1.0,tick,exchange,10,1,9,0.6,9.172439162444789,823.5722159535964,-814.3997767911513,0.18004284688605166,0.6879874967865935,-0.18781063300306364,1992.9414191577089,5.1,0.0,0.3,0.6,0.1,0.1,-81.43997767911513
60,atr,3.0,2.5,8,1.0,tick,cfd_std,10,1,9,0.6,32.17243916244479,270.0,-237.8275608375552,0.05932354888529496,0.8995478208045035,-0.11926010254498565,1584.481736116475,5.1,0.0,0.3,0.6,0.1,0.1,-23.782756083755523
60,atr,3.0,2.5,8,1.0,tick,cfd_raw,10,1,9,0.6,21.17243916244479,220.0,-198.8275608375552,0.04822116148159201,0.9156999516299239,-0.11513697230232078,1560.481736116475,5.1,0.0,0.3,0.6,0.1,0.1,-19.88275608375552
60,atr,3.0,2.5,8,2.0,off,none,0,0,0,,0.0,0.0,0.0,,,,0.0,,0.0,0.0,0.0,0.0,,
60,atr,3.0,2.5,8,2.0,off,exchange,0,0,0,,0.0,0.0,0.0,,,,0.0,,0.0,0.0,0.0,0.0,,
60,atr,3.0,2.5,8,2.0,off,cfd_std,0,0,0,,0.0,0.0,0.0,,,,0.0,,0.0,0.0,0.0,0.0,,
60,atr,3.0,2.5,8,2.0,off,cfd_raw,0,0,0,,0.0,0.0,0.0,,,,0.0,,0.0,0.0,0.0,0.0,,
60,atr,3.0,2.5,8,2.0,bar,none,0,0,0,,0.0,0.0,0.0,,,,0.0,,0.0,0.0,0.0,0.0,,
60,atr,3.0,2.5,8,2.0,bar,exchange,0,0,0,,0.0,0.0,0.0,,,,0.0,,0.0,0.0,0.0,0.0,,
60,atr,3.0,2.5,8,2.0,bar,cfd_std,0,0,0,,0.0,0.0,0.0,,,,0.0,,0.0,0.0,0.0,0.0,,
60,atr,3.0,2.5,8,2.0,bar,cfd_raw,0,0,0,,0.0,0.0,0.0,,,,0.0,,0.0,0.0,0.0,0.0,,
60,atr,3.0,2.5,8,2.0,tick,none,0,0,0,,0.0,0.0,0.0,,,,0.0,,0.0,0.0,0.0,0.0,,
60,atr,3.0,2.5,8,2.0,tick,exchange,0,0,0,,0.0,0.0,0.0,,,,0.0,,0.0,0.0,0.0,0.0,,
60,atr,3.0,2.5,8,2.0,tick,cfd_std,0,0,0,,0.0,0.0,0.0,,,,0.0,,0.0,0.0,0.0,0.0,,
60,atr,3.0,2.5,8,2.0,tick,cfd_raw,0,0,0,,0.0,0.0,0.0,,,,0.0,,0.0,0.0,0.0,0.0,,
60,atr,3.0,3.0,3,0.5,off,none,10,5,5,0.3,3111.1801279264037,0.0,3111.1801279264037,0.0,1.4293098896732683,0.20000000000000107,2501.4501766743633,40.5,0.3,0.7,0.0,0.0,0.0,311.11801279264034
60,atr,3.0,3.0,3,0.5,off,exchange,10,5,5,0.3,3131.1801279264037,831.4603297086167,2299.7197982177877,0.047249992810131945,1.2941941680804907,0.11621976944958227,2739.765932375769,40.5,0.3,0.7,0.0,0.0,0.0,229.97197982177877
60,atr,3.0,3.0,3,0.5,off,cfd_std,10,5,5,0.3,3246.1801279264037,229.5,3016.6801279264037,0.013076143207785811,1.4109116043005232,0.18962834122746955,2541.9501766743633,40.5,0.3,0.7,0.0,0.0,0.0,301.66801279264035
60,atr,3.0,3.0,3,0.5,off,cfd_raw,10,5,5,0.3,3191.1801279264037,196.0,2995.1801279264037,0.011153444444079216,1.4077886092053749,0.18763296472403235,2543.4501766743633,40.5,0.3,0.7,0.0,0.0,0.0,299.5180127926404
60,atr,3.0,3.0,3,0.5,bar,none,21,9,12,0.5238095238095238,4880.1862811034225,0.0,4880.1862811034225,0.0,1.5828474434666302,0.18606201054495483,5124.900168224762,12.952380952380953,0.14285714285714285,0.38095238095238093,0.47619047619047616,0.0,0.0,232.38982290968679
60,atr,3.0,3.0,3,0.5,bar,exchange,21,9,12,0.5238095238095238,4902.1862811034225,1735.9850254941703,3166.2012556092513,0.08030943687678814,1.3449539134266502,0.09948142509215208,6175.118637610809,12.952380952380953,0.14285714285714285,0.38095238095238093,0.47619047619047616,0.0,0.0,150.7714883623453
60,atr,3.0,3.0,3,0.5,bar,cfd_std,21,9,12,0.5238095238095238,5028.6862811034225,526.5,4502.1862811034225,0.024421692702042766,1.5274964363798365,0.16671065994980833,5381.400168224762,12.952380952380953,0.14285714285714285,0.38095238095238093,0.47619047619047616,0.0,0.0,214.38982290968679
60,atr,3.0,3.0,3,0.5,bar,cfd_raw,21,9,12,0.5238095238095238,4968.1862811034225,438.0,4530.1862811034225,0.02029073924602892,1.5311504344509093,0.1682168441465165,5354.900168224762,12.952380952380953,0.14285714285714285,0.38095238095238093,0.47619047619047616,0.0,0.0,215.72315624302013
60,atr,3.0,3.0,3,0.5,tick,none,26,12,14,0.6923076923076923,11347.113408821417,0.0,11347.113408821417,0.0,3.9113191577217084,0.3573252661010783,1976.5002940961567,9.461538461538462,0.11538461538461539,0.15384615384615385,0.7307692307692307,0.0,0.0,436.4274388008237
60,atr,3.0,3.0,3,0.5,tick,exchange,26,12,14,0.6153846153846154,11361.113408821417,2153.6999787634372,9207.413430057979,0.11252184563486622,3.0120997315592306,0.27094409625189814,2863.454529382536,9.461538461538462,0.11538461538461539,0.15384615384615385,0.7307692307692307,0.0,0.0,354.13128577146074
60,atr,3.0,3.0,3,0.5,tick,cfd_std,27,13,14,0.7037037037037037,10206.747518526012,688.5,9518.247518526012,0.03367211292862742,2.783706014583131,0.2872436083511975,2219.5002940961567,8.555555555555555,0.1111111111111111,0.18518518518518517,0.7037037037037037,0.0,0.0,352.52768587133374
60,atr,3.0,3.0,3,0.5,tick,cfd_raw,27,13,14,0.7037037037037037,10162.747518526012,570.0,9592.747518526012,0.027861706001014203,2.8018880991265123,0.29028184661546214,2186.5002940961567,8.555555555555555,0.1111111111111111,0.18518518518518517,0.7037037037037037,0.0,0.0,355.28694513059304
60,atr,3.0,3.0,3,1.0,off,none,8,4,4,0.375,7036.319504294865,0.0,7036.319504294865,0.0,2.4074718895564304,0.5000000000000006,2818.2676457584166,47.625,0.375,0.625,0.0,0.0,0.0,879.5399380368581
60,atr,3.0,3.0,3,1.0,off,exchange,8,4,4,0.375,7052.319504294865,654.8289120734057,6397.490592221458,0.03844959171101024,2.1851340551751677,0.41978900526252605,3055.8995993789867,47.625,0.375,0.625,0.0,0.0,0.0,799.6863240276823
60,atr,3.0,3.0,3,1.0,off,cfd_std,8,4,4,0.375,7144.319504294865,175.5,6968.819504294865,0.010318769571211635,2.375399260023786,0.49021569355594047,2858.7676457584166,47.625,0.375,0.625,0.0,0.0,0.0,871.1024380368581
60,atr,3.0,3.0,3,1.0,off,cfd_raw,8,4,4,0.375,7100.319504294865,152.0,6948.319504294865,0.008931277590167775,2.3706769745561327,0.48816845642032813,2860.2676457584166,47.625,0.375,0.625,0.0,0.0,0.0,868.5399380368581
60,atr,3.0,3.0,3,1.0,bar,none,15,7,8,0.6,8577.461062588322,0.0,8577.461062588322,0.0,3.169119277980237,0.4467511526456337,2942.786864140464,9.4,0.2,0.26666666666666666,0.5333333333333333,0.0,0.06666666666666667,571.8307375058881
60,atr,3.0,3.0,3,1.0,bar,exchange,15,7,8,0.6,8589.461062588322,1232.6165946088663,7356.844467979456,0.07476672690757467,2.658094423528459,0.35847225401165317,3672.702591902518,9.4,0.2,0.26666666666666666,0.5333333333333333,0.0,0.06666666666666667,490.456297865297
60,atr,3.0,3.0,3,1.0,bar,cfd_std,15,7,8,0.6,8658.461062588322,364.5,8293.961062588322,0.022109447558150648,3.0349024325206644,0.42553434018755093,3145.286864140464,9.4,0.2,0.26666666666666666,0.5333333333333333,0.0,0.06666666666666667,552.9307375058881
60,atr,3.0,3.0,3,1.0,bar,cfd_raw,15,7,8,0.6,8625.461062588322,306.0,8319.461062588322,0.018561017703138817,3.0479419680890434,0.42766561501541056,3116.786864140464,9.4,0.2,0.26666666666666666,0.5333333333333333,0.0,0.06666666666666667,554.6307375058881
60,atr,3.0,3.0,3,1.0,tick,none,15,7,8,0.6,5939.733860742839,0.0,5939.733860742839,0.0,2.8251840376620976,0.33907742373812594,2298.207381914617,5.666666666666667,0.13333333333333333,0.2,0.6666666666666666,0.0,0.06666666666666667,395.98225738285595
60,atr,3.0,3.0,3,1.0,tick,exchange,15,7,8,0.4666666666666667,5947.733860742839,1232.8659240515876,4714.867936691252,0.09903830295207239,2.237650483073021,0.2504862101772642,2866.100180152789,5.666666666666667,0.13333333333333333,0.2,0.6666666666666666,0.0,0.06666666666666667,314.32452911275016
60,atr,3.0,3.0,3,1.0,tick,cfd_std,15,7,8,0.6,5993.733860742839,378.0,5615.733860742839,0.030365409397361917,2.656890764053694,0.31496601564444493,2460.207381914617,5.666666666666667,0.13333333333333333,0.2,0.6666666666666666,0.0,0.06666666666666667,374.3822573828559
60,atr,3.0,3.0,3,1.0,tick,cfd_raw,15,7,8,0.6,5971.733860742839,314.0,5657.733860742839,0.02522417606024244,2.6786931190968493,0.3182765701756964,2436.207381914617,5.666666666666667,0.13333333333333333,0.2,0.6666666666666666,0.0,0.06666666666666667,377.18225738285594
60,atr,3.0,3.0,3,2.0,off,none,1,0,1,0.0,-1497.9664714167884,0.0,-1497.9664714167884,0.0,0.0,-1.000000000000002,1497.9664714167884,57.0,0.0,1.0,0.0,0.0,0.0,-1497.9664714167884
60,atr,3.0,3.0,3,2.0,off,exchange,1,0,1,0.0,-1495.9664714167884,80.34352323570839,-1576.3099946524967,0.05370676734460316,0.0,-1.0522999177422265,1576.3099946525035,57.0,0.0,1.0,0.0,0.0,0.0,-1576.3099946524967
60,atr,3.0,3.0,3,2.0,off,cfd_std,1,0,1,0.0,-1484.4664714167884,27.0,-1511.4664714167884,0.018188352866084577,0.0,-1.0090122177349101,1511.4664714167884,42.0,0.0,1.0,0.0,0.0,0.0,-1511.4664714167884
60,atr,3.0,3.0,3,2.0,off,cfd_raw,1,0,1,0.0,-1489.9664714167884,22.0,-1511.9664714167884,0.014765432928890343,0.0,-1.0093460035769437,1511.9664714167884,42.0,0.0,1.0,0.0,0.0,0.0,-1511.9664714167884
60,atr,3.0,3.0,3,2.0,bar,none,1,0,1,0.0,-1497.9664714167884,0.0,-1497.9664714167884,0.0,0.0,-1.000000000000002,1497.9664714167884,57.0,0.0,1.0,0.0,0.0,0.0,-1497.9664714167884
60,atr,3.0,3.0,3,2.0,bar,exchange,1,0,1,0.0,-1495.9664714167884,80.34352323570839,-1576.3099946524967,0.05370676734460316,0.0,-1.0522999177422265,1576.3099946525035,57.0,0.0,1.0,0.0,0.0,0.0,-1576.3099946524967
60,atr,3.0,3.0,3,2.0,bar,cfd_std,1,0,1,0.0,-1484.4664714167884,27.0,-1511.4664714167884,0.018188352866084577,0.0,-1.0090122177349101,1511.4664714167884,42.0,0.0,1.0,0.0,0.0,0.0,-1511.4664714167884
60,atr,3.0,3.0,3,2.0,bar,cfd_raw,1,0,1,0.0,-1489.9664714167884,22.0,-1511.9664714167884,0.014765432928890343,0.0,-1.0093460035769437,1511.9664714167884,42.0,0.0,1.0,0.0,0.0,0.0,-1511.9664714167884
60,atr,3.0,3.0,3,2.0,tick,none,1,0,1,0.0,-64.45456213952275,0.0,-64.45456213952275,0.0,0.0,-0.043028040593299295,64.45456213952275,25.0,0.0,0.0,1.0,0.0,0.0,-64.45456213952275
60,atr,3.0,3.0,3,2.0,tick,exchange,1,0,1,0.0,-64.45456213952275,79.62776728106975,-144.0823294205925,1.2354093277168192,0.0,-0.09618528329563918,144.08232942059112,25.0,0.0,0.0,1.0,0.0,0.0,-144.0823294205925
60,atr,3.0,3.0,3,2.0,tick,cfd_std,1,0,1,0.0,-64.45456213952275,27.0,-91.45456213952275,0.41889975051810846,0.0,-0.06105247606311541,91.45456213952275,25.0,0.0,0.0,1.0,0.0,0.0,-91.45456213952275
60,atr,3.0,3.0,3,2.0,tick,cfd_raw,1,0,1,0.0,-64.45456213952275,22.0,-86.45456213952275,0.3413257226443847,0.0,-0.0577146176427791,86.45456213952275,25.0,0.0,0.0,1.0,0.0,0.0,-86.45456213952275
60,atr,3.0,3.0,5,0.5,off,none,11,4,7,0.2727272727272727,1057.3049387293286,0.0,1057.3049387293286,0.0,1.1370408950443556,0.09090909090909284,5224.105257687188,22.272727272727273,0.2727272727272727,0.7272727272727273,0.0,0.0,0.0,96.11863079357532
60,atr,3.0,3.0,5,0.5,off,exchange,11,4,7,0.2727272727272727,1079.3049387293286,902.2167806688567,177.08815806047141,0.05475344838660239,1.0211918954569672,-0.0007615740118554532,5943.026083257835,22.272727272727273,0.2727272727272727,0.7272727272727273,0.0,0.0,0.0,16.098923460042855
60,atr,3.0,3.0,5,0.5,off,cfd_std,11,4,7,0.2727272727272727,1205.8049387293286,256.5,949.3049387293286,0.015620901162506305,1.12134404311941,0.079298951778919,5332.105257687188,22.272727272727273,0.2727272727272727,0.7272727272727273,0.0,0.0,0.0,86.30044897539351
60,atr,3.0,3.0,5,0.5,off,cfd_raw,11,4,7,0.2727272727272727,1145.3049387293286,218.0,927.3049387293286,0.013254046196574172,1.1184713390993533,0.07716274049148962,5342.105257687188,22.272727272727273,0.2727272727272727,0.7272727272727273,0.0,0.0,0.0,84.30044897539351
60,atr,3.0,3.0,5,0.5,bar,none,14,5,9,0.5,2438.6511029474204,0.0,2438.6511029474204,0.0,1.4864270813300648,0.14839424279473765,4191.66858798328,11.214285714285714,0.14285714285714285,0.35714285714285715,0.5,0.0,0.0,174.1893644962443
60,atr,3.0,3.0,5,0.5,bar,exchange,14,5,9,0.42857142857142855,2452.6511029474204,1149.5052082454272,1303.1458947019933,0.0922597728617986,1.2308228615811863,0.053020002722337915,5001.918305877756,11.214285714285714,0.14285714285714285,0.35714285714285715,0.5,0.0,0.0,93.08184962157095
60,atr,3.0,3.0,5,0.5,bar,cfd_std,14,5,9,0.42857142857142855,2533.1511029474204,351.0,2182.1511029474204,0.028249630839130947,1.4239510271643794,0.12589127594847907,4394.16858798328,11.214285714285714,0.14285714285714285,0.35714285714285715,0.5,0.0,0.0,155.86793592481575
60,atr,3.0,3.0,5,0.5,bar,cfd_raw,14,5,9,0.42857142857142855,2494.6511029474204,292.0,2202.6511029474204,0.02346994990764849,1.428975566456092,0.12801278970976077,4371.66858798328,11.214285714285714,0.14285714285714285,0.35714285714285715,0.5,0.0,0.0,157.33222163910145
60,atr,3.0,3.0,5,0.5,tick,none,16,6,10,0.625,4511.821780355502,0.0,4511.821780355502,0.0,2.203804348451675,0.2046829494782278,2667.4538937425823,7.1875,0.125,0.25,0.625,0.0,0.0,281.98886127221886
60,atr,3.0,3.0,5,0.5,tick,exchange,16,6,10,0.4375,4523.821780355502,1317.9138491964632,3205.9079311590394,0.10979174861001127,1.7485012607020125,0.11076212963100349,3726.1795551019895,7.1875,0.125,0.25,0.625,0.0,0.0,200.36924569743996
60,atr,3.0,3.0,5,0.5,tick,cfd_std,16,6,10,0.625,4592.821780355502,405.0,4187.821780355502,0.033804198142982154,2.086062003925392,0.18054331740442198,2964.4538937425823,7.1875,0.125,0.25,0.625,0.0,0.0,261.73886127221886
60,atr,3.0,3.0,5,0.5,tick,cfd_raw,16,6,10,0.625,4559.821780355502,336.0,4223.821780355502,0.028019238837347648,2.097675531001528,0.18347400484658768,2921.4538937425823,7.1875,0.125,0.25,0.625,0.0,0.0,263.98886127221886
60,atr,3.0,3.0,5,1.0,off,none,9,3,6,0.3333333333333333,4494.103364514813,0.0,4494.103364514813,0.0,1.8157736342489075,0.3333333333333352,2976.953065388734,25.88888888888889,0.3333333333333333,0.6666666666666666,0.0,0.0,0.1111111111111111,499.34481827942363
60,atr,3.0,3.0,5,1.0,off,exchange,9,3,6,0.3333333333333333,4510.103364514813,738.7050848129514,3771.3982797018607,0.04763344159385749,1.629379210005936,0.2410430349790308,3538.2310519867315,25.88888888888889,0.3333333333333333,0.6666666666666666,0.0,0.0,0.1111111111111111,419.0442533002067
60,atr,3.0,3.0,5,1.0,off,cfd_std,9,3,6,0.3333333333333333,4602.103364514813,202.5,4399.603364514813,0.013077070886448305,1.7851516359098463,0.320442731426815,3071.453065388734,25.88888888888889,0.3333333333333333,0.6666666666666666,0.0,0.0,0.1111111111111111,488.84481827942363
60,atr,3.0,3.0,5,1.0,off,cfd_raw,9,3,6,0.3333333333333333,4558.103364514813,174.0,4384.103364514813,0.01122861788883469,1.7827347278739576,0.3187937274233638,3074.953065388734,25.88888888888889,0.3333333333333333,0.6666666666666666,0.0,0.0,0.1111111111111111,487.1225960572014
60,atr,3.0,3.0,5,1.0,bar,none,11,4,7,0.45454545454545453,1836.7713676774292,0.0,1836.7713676774292,0.0,1.6770324662606324,0.05008039150248835,2179.7671839032264,8.090909090909092,0.09090909090909091,0.2727272727272727,0.6363636363636364,0.0,0.09090909090909091,166.97921524340265
60,atr,3.0,3.0,5,1.0,bar,exchange,11,4,7,0.36363636363636365,1842.7713676774292,904.8937445737354,937.8776231036941,0.1246286682368035,1.2893254029576022,-0.04573533963850043,2831.422278695696,8.090909090909092,0.09090909090909091,0.2727272727272727,0.6363636363636364,0.0,0.09090909090909091,85.26160210033582
60,atr,3.0,3.0,5,1.0,bar,cfd_std,11,4,7,0.45454545454545453,1877.2713676774292,283.5,1593.7713676774292,0.039107660891493715,1.559615873939487,0.024295777836073607,2368.7671839032264,8.090909090909092,0.09090909090909091,0.2727272727272727,0.6363636363636364,0.0,0.09090909090909091,144.88830615249356
60,atr,3.0,3.0,5,1.0,bar,cfd_raw,11,4,7,0.45454545454545453,1860.7713676774292,234.0,1626.7713676774292,0.032254867302787836,1.5750393822929996,0.02775214085594864,2339.7671839032264,8.090909090909092,0.09090909090909091,0.2727272727272727,0.6363636363636364,0.0,0.09090909090909091,147.88830615249356
60,atr,3.0,3.0,5,1.0,tick,none,11,4,7,0.5454545454545454,2486.0109558270196,0.0,2486.0109558270196,0.0,2.0457515685812884,0.10944985658827956,1477.8309992483264,5.545454545454546,0.09090909090909091,0.2727272727272727,0.6363636363636364,0.0,0.09090909090909091,226.0009959842745
60,atr,3.0,3.0,5,1.0,tick,exchange,11,4,7,0.45454545454545453,2492.0109558270196,905.3121416517039,1586.698814175316,0.12506890106771804,1.5640510145053719,0.013619829434769177,2195.831651266606,5.545454545454546,0.09090909090909091,0.2727272727272727,0.6363636363636364,0.0,0.09090909090909091,144.24534674321055
60,atr,3.0,3.0,5,1.0,tick,cfd_std,11,4,7,0.5454545454545454,2526.5109558270196,283.5,2243.0109558270196,0.039227856277258596,1.9025299860766423,0.08366524292186481,1676.1821761809115,5.545454545454546,0.09090909090909091,0.2727272727272727,0.6363636363636364,0.0,0.09090909090909091,203.91008689336542
60,atr,3.0,3.0,5,1.0,tick,cfd_raw,11,4,7,0.5454545454545454,2510.0109558270196,234.0,2276.0109558270196,0.03235392559291397,1.9209965331383694,0.08712160594173991,1642.1821761809115,5.545454545454546,0.09090909090909091,0.2727272727272727,0.6363636363636364,0.0,0.09090909090909091,206.91008689336542
60,atr,3.0,3.0,5,2.0,off,none,0,0,0,,0.0,0.0,0.0,,,,0.0,,0.0,0.0,0.0,0.0,,
60,atr,3.0,3.0,5,2.0,off,exchange,0,0,0,,0.0,0.0,0.0,,,,0.0,,0.0,0.0,0.0,0.0,,
60,atr,3.0,3.0,5,2.0,off,cfd_std,0,0,0,,0.0,0.0,0.0,,,,0.0,,0.0,0.0,0.0,0.0,,
60,atr,3.0,3.0,5,2.0,off,cfd_raw,0,0,0,,0.0,0.0,0.0,,,,0.0,,0.0,0.0,0.0,0.0,,
60,atr,3.0,3.0,5,2.0,bar,none,0,0,0,,0.0,0.0,0.0,,,,0.0,,0.0,0.0,0.0,0.0,,
60,atr,3.0,3.0,5,2.0,bar,exchange,0,0,0,,0.0,0.0,0.0,,,,0.0,,0.0,0.0,0.0,0.0,,
60,atr,3.0,3.0,5,2.0,bar,cfd_std,0,0,0,,0.0,0.0,0.0,,,,0.0,,0.0,0.0,0.0,0.0,,
60,atr,3.0,3.0,5,2.0,bar,cfd_raw,0,0,0,,0.0,0.0,0.0,,,,0.0,,0.0,0.0,0.0,0.0,,
60,atr,3.0,3.0,5,2.0,tick,none,0,0,0,,0.0,0.0,0.0,,,,0.0,,0.0,0.0,0.0,0.0,,
60,atr,3.0,3.0,5,2.0,tick,exchange,0,0,0,,0.0,0.0,0.0,,,,0.0,,0.0,0.0,0.0,0.0,,
60,atr,3.0,3.0,5,2.0,tick,cfd_std,0,0,0,,0.0,0.0,0.0,,,,0.0,,0.0,0.0,0.0,0.0,,
60,atr,3.0,3.0,5,2.0,tick,cfd_raw,0,0,0,,0.0,0.0,0.0,,,,0.0,,0.0,0.0,0.0,0.0,,
60,atr,3.0,3.0,8,0.5,off,none,12,4,8,0.16666666666666666,-5040.212348016779,0.0,-5040.212348016779,0.0,0.4722295398404118,-0.5300455572506345,9550.008438313715,17.083333333333332,0.08333333333333333,0.8333333333333334,0.0,0.08333333333333333,0.08333333333333333,-420.01769566806496
60,atr,3.0,3.0,8,0.5,off,exchange,12,4,8,0.16666666666666666,-5020.212348016779,999.827817339471,-6020.04016535625,0.07119351563905481,0.4187730260777325,-0.6194779025954584,10357.468657608042,17.083333333333332,0.08333333333333333,0.8333333333333334,0.0,0.08333333333333333,0.08333333333333333,-501.6700137796875
60,atr,3.0,3.0,8,0.5,off,cfd_std,12,4,8,0.16666666666666666,-4905.212348016779,310.5,-5215.712348016779,0.022255185654534125,0.46221500128697746,-0.5458379830454835,9698.508438313715,17.083333333333332,0.08333333333333333,0.8333333333333334,0.0,0.08333333333333333,0.08333333333333333,-434.64269566806496
60,atr,3.0,3.0,8,0.5,off,cfd_raw,12,4,8,0.16666666666666666,-4960.212348016779,256.0,-5216.212348016779,0.01829119572773948,0.4621357177408507,-0.5460009995437293,9698.008438313715,17.083333333333332,0.08333333333333333,0.8333333333333334,0.0,0.08333333333333333,0.08333333333333333,-434.6843623347316
60,atr,3.0,3.0,8,0.5,bar,none,18,6,12,0.4444444444444444,4315.145346303907,0.0,4315.145346303907,0.0,1.7412417938630769,0.1380664473361535,3232.138461946248,11.444444444444445,0.1111111111111111,0.2777777777777778,0.5555555555555556,0.05555555555555555,0.05555555555555555,239.73029701688372
60,atr,3.0,3.0,8,0.5,bar,exchange,18,6,12,0.3888888888888889,4327.145346303907,1484.0938947355826,2843.0514515683244,0.09302236475250615,1.424155735083124,0.052165851600871144,4367.7183147777105,11.444444444444445,0.1111111111111111,0.2777777777777778,0.5555555555555556,0.05555555555555555,0.05555555555555555,157.9473028649069
60,atr,3.0,3.0,8,0.5,bar,cfd_std,17,6,11,0.4117647058823529,4611.353600188202,432.0,4179.353600188202,0.027487990974255746,1.719637410473653,0.1375959682109197,3313.9302080619527,12.294117647058824,0.11764705882352941,0.29411764705882354,0.5294117647058824,0.058823529411764705,0.058823529411764705,245.84432942283541
60,atr,3.0,3.0,8,0.5,bar,cfd_raw,17,6,11,0.4117647058823529,4578.353600188202,358.0,4220.353600188202,0.022763467192119535,1.7302177331790256,0.14049419901475596,3270.9302080619527,12.294117647058824,0.11764705882352941,0.29411764705882354,0.5294117647058824,0.058823529411764705,0.058823529411764705,248.25609412871776
60,atr,3.0,3.0,8,0.5,tick,none,19,7,12,0.5789473684210527,3416.56130597656,0.0,3416.56130597656,0.0,1.6843271561560746,0.11270286191762888,2510.5418116149376,7.315789473684211,0.05263157894736842,0.2631578947368421,0.631578947368421,0.05263157894736842,0.05263157894736842,179.8190161040295
60,atr,3.0,3.0,8,0.5,tick,exchange,19,7,12,0.47368421052631576,3426.56130597656,1567.603928003109,1858.9573779734515,0.11702265123241196,1.3281317704686997,0.025816554743825246,3554.003960893431,7.315789473684211,0.05263157894736842,0.2631578947368421,0.631578947368421,0.05263157894736842,0.05263157894736842,97.83986199860271
60,atr,3.0,3.0,8,0.5,tick,cfd_std,19,7,12,0.5789473684210527,3484.06130597656,499.5,2984.56130597656,0.03738428062539209,1.5790110097786663,0.08864149272189312,2725.446357577108,7.315789473684211,0.05263157894736842,0.2631578947368421,0.631578947368421,0.05263157894736842,0.05263157894736842,157.0821739987663
60,atr,3.0,3.0,8,0.5,tick,cfd_raw,19,7,12,0.5789473684210527,3456.56130597656,410.0,3046.56130597656,0.03064794826163577,1.593110299884601,0.09207358573646258,2682.446357577108,7.315789473684211,0.05263157894736842,0.2631578947368421,0.631578947368421,0.05263157894736842,0.05263157894736842,160.34533189350316
60,atr,3.0,3.0,8,1.0,off,none,8,1,7,0.25,-1895.1739732491114,0.0,-1895.1739732491114,0.0,0.6444125540372851,-0.29506833587595205,3776.513731026891,24.25,0.125,0.75,0.0,0.125,0.125,-236.89674665613893
60,atr,3.0,3.0,8,1.0,off,exchange,8,1,7,0.25,-1883.1739732491114,659.8896370519299,-2543.0636103010415,0.07536235593743741,0.5623639275923114,-0.39170087170109813,4095.5124279576994,24.25,0.125,0.75,0.0,0.125,0.125,-317.8829512876302
60,atr,3.0,3.0,8,1.0,off,cfd_std,8,1,7,0.25,-1814.1739732491114,202.5,-2016.6739732491114,0.023248542183170202,0.6282079512767088,-0.3122011038770601,3844.013731026891,24.25,0.125,0.75,0.0,0.125,0.125,-252.08424665613893
60,atr,3.0,3.0,8,1.0,off,cfd_raw,8,1,7,0.25,-1847.1739732491114,168.0,-2015.1739732491114,0.01923908598186796,0.6283131802653398,-0.3124172055755777,3840.513731026891,24.25,0.125,0.75,0.0,0.125,0.125,-251.89674665613893
60,atr,3.0,3.0,8,1.0,bar,none,10,1,9,0.4,-1555.996925272353,0.0,-1555.996925272353,0.0,0.4345165310434479,-0.24322992317327502,2581.278721982846,6.8,0.0,0.3,0.6,0.1,0.1,-155.5996925272353
60,atr,3.0,3.0,8,1.0,bar,exchange,10,1,9,0.3,-1551.996925272353,823.7643206358138,-2375.761245908167,0.20890504154174755,0.2757758972758629,-0.3392585304763585,3232.0947935170116,6.8,0.0,0.3,0.6,0.1,0.1,-237.5761245908167
60,atr,3.0,3.0,8,1.0,bar,cfd_std,9,1,8,0.4444444444444444,-1313.788671388058,243.0,-1556.788671388058,0.06558634658866759,0.4112916349879914,-0.2716772333077903,2528.070468098551,7.888888888888889,0.0,0.3333333333333333,0.5555555555555556,0.1111111111111111,0.1111111111111111,-172.97651904311755
60,atr,3.0,3.0,8,1.0,bar,cfd_raw,9,1,8,0.4444444444444444,-1324.788671388058,198.0,-1522.788671388058,0.05328253477298765,0.4210840412049983,-0.2674668506404222,2504.070468098551,7.888888888888889,0.0,0.3333333333333333,0.5555555555555556,0.1111111111111111,0.1111111111111111,-169.19874126533978
60,atr,3.0,3.0,8,1.0,tick,none,10,1,9,0.6,5.172439162444789,0.0,5.172439162444789,0.0,1.0022620953114922,-0.09181313402868266,1440.13055918389,5.1,0.0,0.3,0.6,0.1,0.1,0.5172439162444789
60,atr,3.0,3.0,8,1.0,tick,exchange,10,1,9,0.6,9.172439162444789,823.5722159535964,-814.3997767911513,0.18004284688605166,0.6879874967865935,-0.18781063300306364,1992.9414191577089,5.1,0.0,0.3,0.6,0.1,0.1,-81.43997767911513
60,atr,3.0,3.0,8,1.0,tick,cfd_std,10,1,9,0.6,32.17243916244479,270.0,-237.8275608375552,0.05932354888529496,0.8995478208045035,-0.11926010254498565,1584.481736116475,5.1,0.0,0.3,0.6,0.1,0.1,-23.782756083755523
60,atr,3.0,3.0,8,1.0,tick,cfd_raw,10,1,9,0.6,21.17243916244479,220.0,-198.8275608375552,0.04822116148159201,0.9156999516299239,-0.11513697230232078,1560.481736116475,5.1,0.0,0.3,0.6,0.1,0.1,-19.88275608375552
60,atr,3.0,3.0,8,2.0,off,none,0,0,0,,0.0,0.0,0.0,,,,0.0,,0.0,0.0,0.0,0.0,,
60,atr,3.0,3.0,8,2.0,off,exchange,0,0,0,,0.0,0.0,0.0,,,,0.0,,0.0,0.0,0.0,0.0,,
60,atr,3.0,3.0,8,2.0,off,cfd_std,0,0,0,,0.0,0.0,0.0,,,,0.0,,0.0,0.0,0.0,0.0,,
60,atr,3.0,3.0,8,2.0,off,cfd_raw,0,0,0,,0.0,0.0,0.0,,,,0.0,,0.0,0.0,0.0,0.0,,
60,atr,3.0,3.0,8,2.0,bar,none,0,0,0,,0.0,0.0,0.0,,,,0.0,,0.0,0.0,0.0,0.0,,
60,atr,3.0,3.0,8,2.0,bar,exchange,0,0,0,,0.0,0.0,0.0,,,,0.0,,0.0,0.0,0.0,0.0,,
60,atr,3.0,3.0,8,2.0,bar,cfd_std,0,0,0,,0.0,0.0,0.0,,,,0.0,,0.0,0.0,0.0,0.0,,
60,atr,3.0,3.0,8,2.0,bar,cfd_raw,0,0,0,,0.0,0.0,0.0,,,,0.0,,0.0,0.0,0.0,0.0,,
60,atr,3.0,3.0,8,2.0,tick,none,0,0,0,,0.0,0.0,0.0,,,,0.0,,0.0,0.0,0.0,0.0,,
60,atr,3.0,3.0,8,2.0,tick,exchange,0,0,0,,0.0,0.0,0.0,,,,0.0,,0.0,0.0,0.0,0.0,,
60,atr,3.0,3.0,8,2.0,tick,cfd_std,0,0,0,,0.0,0.0,0.0,,,,0.0,,0.0,0.0,0.0,0.0,,
60,atr,3.0,3.0,8,2.0,tick,cfd_raw,0,0,0,,0.0,0.0,0.0,,,,0.0,,0.0,0.0,0.0,0.0,,
