tf,sl_mode,sl_value,tp_r,barsN,buf_atr,trail,cost_preset,n_trades,n_long,n_short,win_rate,gross_pnl,total_cost,net_pnl,cost_to_gross_ratio,profit_factor_net,expectancy_R,max_drawdown_net,avg_bars_held,exit_tp,exit_sl,exit_trail,exit_end,same_bar_exit_share,avg_net_per_trade
1,pct,0.1,1.0,3,0.5,off,none,22,12,10,0.6818181818181818,679.8273199999967,0.0,679.8273199999967,0.0,2.1415923306885665,0.3636363636363618,171.0917199999967,8.318181818181818,0.6818181818181818,0.3181818181818182,0.0,0.0,0.045454545454545456,30.901241818181667
1,pct,0.1,1.0,3,0.5,off,exchange,22,12,10,0.36363636363636365,721.8133200000011,1928.50180413,-1206.6884841299993,1.02315971124034,0.0002813806860054285,-0.6447296098895153,1206.7306060550036,8.318181818181818,0.6818181818181818,0.3181818181818182,0.0,0.0,0.045454545454545456,-54.84947655136361
1,pct,0.1,1.0,3,0.5,off,cfd_std,22,13,9,0.5454545454545454,464.48916999997164,432.0,32.48916999997164,0.22757541286828803,1.032920716479254,0.0188050372041168,424.76893000000564,8.545454545454545,0.5454545454545454,0.45454545454545453,0.0,0.0,0.0,1.4767804545441654
1,pct,0.1,1.0,3,0.5,off,cfd_raw,21,12,9,0.6190476190476191,590.2100899999787,358.0,232.21008999997866,0.1961591565918981,1.2926700910603983,0.1316762124148333,339.5237100000086,9.142857142857142,0.6190476190476191,0.38095238095238093,0.0,0.0,0.0,11.057623333332318
1,pct,0.1,1.0,3,0.5,bar,none,26,15,11,0.7307692307692307,977.2954453815037,0.0,977.2954453815037,0.0,3.6986152624095485,0.4412451660049761,167.88177000000724,5.576923076923077,0.5769230769230769,0.15384615384615385,0.2692307692307692,0.0,0.038461538461538464,37.58828636082706
1,pct,0.1,1.0,3,0.5,bar,exchange,26,15,11,0.3076923076923077,1013.2874453815311,2287.614669632174,-1274.3272242506432,1.3287805941119086,0.0002664314827400814,-0.5757550640565069,1274.3693461756484,5.653846153846154,0.5769230769230769,0.15384615384615385,0.2692307692307692,0.0,0.038461538461538464,-49.01258554810166
1,pct,0.1,1.0,3,0.5,bar,cfd_std,25,15,10,0.6,760.6997546154744,513.0,247.69975461547438,0.29072032317785595,1.3234437964023267,0.11669508798819629,224.24086118621926,6.44,0.48,0.28,0.24,0.0,0.04,9.907990184618974
1,pct,0.1,1.0,3,0.5,bar,cfd_raw,26,15,11,0.6538461538461539,990.6348069881496,460.0,530.6348069881496,0.25759631283579015,1.9002489001383471,0.240144082653036,195.88177000000724,5.730769230769231,0.5384615384615384,0.19230769230769232,0.2692307692307692,0.0,0.038461538461538464,20.409031038005757
1,pct,0.1,1.0,3,0.5,tick,none,27,16,11,0.7407407407407407,867.0829123726435,0.0,867.0829123726435,0.0,3.346168916185312,0.3766784074408948,167.88177000000724,5.2592592592592595,0.48148148148148145,0.14814814814814814,0.37037037037037035,0.0,0.037037037037037035,32.11418193972754
1,pct,0.1,1.0,3,0.5,tick,exchange,26,15,11,0.2692307692307692,966.7791926821228,2289.6884777081364,-1322.9092850260135,1.3740718629786999,0.0002247750128733663,-0.5982567010230612,1322.9514069510187,5.576923076923077,0.5384615384615384,0.15384615384615385,0.3076923076923077,0.0,0.038461538461538464,-50.881126347154364
1,pct,0.1,1.0,3,0.5,tick,cfd_std,26,15,11,0.6153846153846154,976.124990103679,540.0,436.124990103679,0.31514965880626566,1.7096672159350776,0.19655539422741894,194.88177000000724,5.6923076923076925,0.46153846153846156,0.19230769230769232,0.34615384615384615,0.0,0.038461538461538464,16.77403808091073
1,pct,0.1,1.0,3,0.5,tick,cfd_raw,26,15,11,0.6153846153846154,953.0140411651664,468.0,485.0140411651664,0.26814448926198753,1.8192360611608038,0.21886915978397697,195.88177000000724,5.653846153846154,0.5,0.19230769230769232,0.3076923076923077,0.0,0.038461538461538464,18.654386198660248
1,pct,0.1,1.0,3,1.0,off,none,12,7,5,0.5833333333333334,169.12369000000763,0.0,169.12369000000763,0.0,1.3971507637541531,0.16666666666667398,171.80931999998575,6.416666666666667,0.5833333333333334,0.4166666666666667,0.0,0.0,0.0,14.09364083333397
1,pct,0.1,1.0,3,1.0,off,exchange,12,7,5,0.3333333333333333,193.11568999999145,1054.638305165,-861.5226151650086,1.0291033992140788,0.00019715128099749953,-0.8429610459057177,861.5647370900115,6.416666666666667,0.5833333333333334,0.4166666666666667,0.0,0.0,0.0,-71.79355126375071
1,pct,0.1,1.0,3,1.0,off,cfd_std,13,8,5,0.46153846153846156,89.89826999999059,270.0,-180.1017300000094,0.24690398632795535,0.739293622203251,-0.1623057937388628,312.0700399999914,5.615384615384615,0.46153846153846156,0.5384615384615384,0.0,0.0,0.0,-13.853979230769955
1,pct,0.1,1.0,3,1.0,off,cfd_raw,12,7,5,0.5833333333333334,265.0916900000011,208.0,57.09169000000111,0.20061249115412114,1.1151351934332991,0.056954040674589416,219.84131999999227,6.416666666666667,0.5833333333333334,0.4166666666666667,0.0,0.0,0.0,4.757640833333426
1,pct,0.1,1.0,3,1.0,bar,none,13,8,5,0.6923076923076923,189.82996227469994,0.0,189.82996227469994,0.0,1.558412764497309,0.17198975369089645,86.19322000000102,3.6153846153846154,0.46153846153846156,0.3076923076923077,0.23076923076923078,0.0,0.0,14.602304790361533
1,pct,0.1,1.0,3,1.0,bar,exchange,13,8,5,0.3076923076923077,209.8219622746983,1146.8388783011374,-937.016916026439,1.3125913939355747,0.00018126992401945014,-0.8458669631746608,937.0590379514324,3.6153846153846154,0.46153846153846156,0.3076923076923077,0.23076923076923078,0.0,0.0,-72.07822430972608
1,pct,0.1,1.0,3,1.0,bar,cfd_std,13,8,5,0.38461538461538464,156.31126227468485,283.5,-127.18873772531515,0.3259665422634075,0.7697864179065078,-0.11568075540319125,173.72939772529935,4.0,0.38461538461538464,0.38461538461538464,0.23076923076923078,0.0,0.0,-9.783749055793473
1,pct,0.1,1.0,3,1.0,bar,cfd_raw,13,8,5,0.46153846153846156,269.7979622746934,238.0,31.79796227469342,0.2687075912116263,1.0719837410419413,0.029508974878866792,165.71289772530145,3.6153846153846154,0.46153846153846156,0.3076923076923077,0.23076923076923078,0.0,0.0,2.44599709805334
1,pct,0.1,1.0,3,1.0,tick,none,13,8,5,0.6923076923076923,208.60996227468422,0.0,208.60996227468422,0.0,1.6136568976762173,0.1888120752596296,86.19322000000102,3.6153846153846154,0.46153846153846156,0.3076923076923077,0.23076923076923078,0.0,0.0,16.04692017497571
1,pct,0.1,1.0,3,1.0,tick,exchange,13,8,5,0.3076923076923077,228.6019622746826,1146.8482683011375,-918.2463060264547,1.2849823807267986,0.00018497472265677922,-0.829053052766712,918.2884279514547,3.6153846153846154,0.46153846153846156,0.3076923076923077,0.23076923076923078,0.0,0.0,-70.63433123280421
1,pct,0.1,1.0,3,1.0,tick,cfd_std,13,8,5,0.5384615384615384,273.1944112131896,283.5,-10.305588786810404,0.3354475358136782,0.9766271468666786,-0.00928255475918162,154.94939772531507,3.6923076923076925,0.38461538461538464,0.3076923076923077,0.3076923076923077,0.0,0.0,-0.7927375989854156
1,pct,0.1,1.0,3,1.0,tick,cfd_raw,13,8,5,0.5384615384615384,288.5779622746777,238.0,50.5779622746777,0.26312846232442916,1.1168324299095893,0.046331296447599965,146.93289772531716,3.6153846153846154,0.46153846153846156,0.3076923076923077,0.23076923076923078,0.0,0.0,3.8906124826675157
1,pct,0.1,1.0,3,2.0,off,none,1,1,0,0.0,-84.47551000000385,0.0,-84.47551000000385,0.0,0.0,-1.0000000000000455,84.47551000000385,1.0,0.0,1.0,0.0,0.0,0.0,-84.47551000000385
1,pct,0.1,1.0,3,2.0,off,exchange,1,1,0,0.0,-82.47750999999698,88.43427124499999,-170.91178124499697,1.0722228549940853,0.0,-2.0232110021590515,170.91178124499856,1.0,0.0,1.0,0.0,0.0,0.0,-170.91178124499697
1,pct,0.1,1.0,3,2.0,off,cfd_std,1,1,0,0.0,-70.98901000000478,27.0,-97.98901000000478,0.3803405625743785,0.0,-1.1599694396636941,97.98901000000478,1.0,0.0,1.0,0.0,0.0,0.0,-97.98901000000478
1,pct,0.1,1.0,3,2.0,off,cfd_raw,1,1,0,0.0,-76.48351000000548,22.0,-98.48351000000548,0.2876437025444887,0.0,-1.1658232072230814,98.48351000000548,1.0,0.0,1.0,0.0,0.0,0.0,-98.48351000000548
1,pct,0.1,1.0,3,2.0,bar,none,1,1,0,0.0,-84.47551000000385,0.0,-84.47551000000385,0.0,0.0,-1.0000000000000455,84.47551000000385,1.0,0.0,1.0,0.0,0.0,0.0,-84.47551000000385
1,pct,0.1,1.0,3,2.0,bar,exchange,1,1,0,0.0,-82.47750999999698,88.43427124499999,-170.91178124499697,1.0722228549940853,0.0,-2.0232110021590515,170.91178124499856,1.0,0.0,1.0,0.0,0.0,0.0,-170.91178124499697
1,pct,0.1,1.0,3,2.0,bar,cfd_std,1,1,0,0.0,-70.98901000000478,27.0,-97.98901000000478,0.3803405625743785,0.0,-1.1599694396636941,97.98901000000478,1.0,0.0,1.0,0.0,0.0,0.0,-97.98901000000478
1,pct,0.1,1.0,3,2.0,bar,cfd_raw,1,1,0,0.0,-76.48351000000548,22.0,-98.48351000000548,0.2876437025444887,0.0,-1.1658232072230814,98.48351000000548,1.0,0.0,1.0,0.0,0.0,0.0,-98.48351000000548
1,pct,0.1,1.0,3,2.0,tick,none,1,1,0,0.0,-84.47551000000385,0.0,-84.47551000000385,0.0,0.0,-1.0000000000000455,84.47551000000385,1.0,0.0,1.0,0.0,0.0,0.0,-84.47551000000385
1,pct,0.1,1.0,3,2.0,tick,exchange,1,1,0,0.0,-82.47750999999698,88.43427124499999,-170.91178124499697,1.0722228549940853,0.0,-2.0232110021590515,170.91178124499856,1.0,0.0,1.0,0.0,0.0,0.0,-170.91178124499697
1,pct,0.1,1.0,3,2.0,tick,cfd_std,1,1,0,0.0,-70.98901000000478,27.0,-97.98901000000478,0.3803405625743785,0.0,-1.1599694396636941,97.98901000000478,1.0,0.0,1.0,0.0,0.0,0.0,-97.98901000000478
1,pct,0.1,1.0,3,2.0,tick,cfd_raw,1,1,0,0.0,-76.48351000000548,22.0,-98.48351000000548,0.2876437025444887,0.0,-1.1658232072230814,98.48351000000548,1.0,0.0,1.0,0.0,0.0,0.0,-98.48351000000548
1,pct,0.1,1.0,5,0.5,off,none,18,10,8,0.6111111111111112,336.6993500000244,0.0,336.6993500000244,0.0,1.563646794097455,0.2222222222222381,342.88642999999865,7.277777777777778,0.6111111111111112,0.3888888888888889,0.0,0.0,0.0,18.7055194444458
1,pct,0.1,1.0,5,0.5,off,exchange,18,10,8,0.3888888888888889,372.68334999999206,1581.0747190749998,-1208.3913690750078,1.0270581293827614,0.00024628402154761947,-0.7866801077342988,1208.4765565700072,7.277777777777778,0.6111111111111112,0.3888888888888889,0.0,0.0,0.0,-67.13285383750043
1,pct,0.1,1.0,5,0.5,off,cfd_std,18,10,8,0.5555555555555556,409.8641500000085,351.0,58.86415000000852,0.22504235845366202,1.0744248057812098,0.03981462673152399,411.70292999999947,7.333333333333333,0.5555555555555556,0.4444444444444444,0.0,0.0,0.0,3.270230555556029
1,pct,0.1,1.0,5,0.5,off,cfd_raw,18,10,8,0.6111111111111112,480.6353500000114,308.0,172.63535000001139,0.19700238232806194,1.2482537501217463,0.11519300928533292,418.9184300000052,6.888888888888889,0.6111111111111112,0.3888888888888889,0.0,0.0,0.0,9.59085277777841
1,pct,0.1,1.0,5,0.5,bar,none,21,10,11,0.7619047619047619,761.1234799019003,0.0,761.1234799019003,0.0,3.166797630969822,0.42617741813048926,85.87099999999919,5.0,0.5714285714285714,0.19047619047619047,0.23809523809523808,0.0,0.047619047619047616,36.243975233423825
1,pct,0.1,1.0,5,0.5,bar,exchange,21,10,11,0.3333333333333333,791.113479901891,1848.229026948311,-1057.11554704642,1.2507856085268876,0.00028148474224672814,-0.5903782816867823,1057.2007345414168,5.0,0.5714285714285714,0.19047619047619047,0.23809523809523808,0.0,0.047619047619047616,-50.33883557363905
1,pct,0.1,1.0,5,0.5,bar,cfd_std,20,10,10,0.6,633.3914275292191,405.0,228.39142752921907,0.2710393079003108,1.373307555143598,0.13474922180397628,242.15146247077791,5.65,0.5,0.3,0.2,0.0,0.05,11.419571376460954
1,pct,0.1,1.0,5,0.5,bar,cfd_raw,21,10,11,0.6666666666666666,881.0834799018921,366.0,515.0834799018921,0.24084516355769872,2.1742226244398135,0.288897644165512,126.32751711065066,4.666666666666667,0.5714285714285714,0.19047619047619047,0.23809523809523808,0.0,0.047619047619047616,24.527784757232958
1,pct,0.1,1.0,5,0.5,tick,none,21,10,11,0.8095238095238095,822.2683347113198,0.0,822.2683347113198,0.0,3.4181205004738278,0.4601348583686431,85.87099999999919,4.9523809523809526,0.5714285714285714,0.19047619047619047,0.23809523809523808,0.0,0.047619047619047616,39.155634986253325
1,pct,0.1,1.0,5,0.5,tick,exchange,21,10,11,0.3333333333333333,852.2583347113105,1848.2492599573957,-995.9909252460851,1.2188762497970327,0.0002987544860885176,-0.5564320659324823,996.0761127410806,4.9523809523809526,0.5714285714285714,0.19047619047619047,0.23809523809523808,0.0,0.047619047619047616,-47.42813929743262
1,pct,0.1,1.0,5,0.5,tick,cfd_std,21,10,11,0.7619047619047619,894.732255582363,432.0,462.732255582363,0.2939975388994987,2.113111991008366,0.2592560789005236,116.84949322334433,4.761904761904762,0.47619047619047616,0.19047619047619047,0.3333333333333333,0.0,0.047619047619047616,22.034869313445856
1,pct,0.1,1.0,5,0.5,tick,cfd_raw,21,10,11,0.7619047619047619,942.2283347113116,366.0,576.2283347113116,0.23486392865858105,2.4005265541700385,0.32285508440366584,106.09249322334654,4.619047619047619,0.5714285714285714,0.19047619047619047,0.23809523809523808,0.0,0.047619047619047616,27.439444510062458
1,pct,0.1,1.0,5,1.0,off,none,9,3,6,0.6666666666666666,253.10085000003164,0.0,253.10085000003164,0.0,1.9877823712389227,0.33333333333337456,85.93999999998778,5.333333333333333,0.6666666666666666,0.3333333333333333,0.0,0.0,0.0,28.122316666670184
1,pct,0.1,1.0,5,1.0,off,exchange,9,3,6,0.5555555555555556,271.0908499999932,789.3438029950001,-518.2529529950068,1.023052293572665,0.0004100961100909749,-0.6741987482363273,518.2951180150121,5.333333333333333,0.6666666666666666,0.3333333333333333,0.0,0.0,0.0,-57.583661443889646
1,pct,0.1,1.0,5,1.0,off,cfd_std,9,3,6,0.5555555555555556,204.80615000001853,175.5,29.306150000018533,0.22491763689150643,1.0740540992926797,0.03893010637505635,114.2159999999858,5.888888888888889,0.5555555555555556,0.4444444444444444,0.0,0.0,0.0,3.256238888890948
1,pct,0.1,1.0,5,1.0,off,cfd_raw,9,3,6,0.6666666666666666,325.0608500000235,150.0,175.0608500000235,0.189984130372278,1.5869809819555714,0.2315157355015845,119.9479999999894,5.333333333333333,0.6666666666666666,0.3333333333333333,0.0,0.0,0.0,19.451205555558165
1,pct,0.1,1.0,5,1.0,bar,none,9,3,6,0.7777777777777778,288.1282233361708,0.0,288.1282233361708,0.0,2.6913742395427813,0.37825447178059846,85.87099999999919,3.2222222222222223,0.5555555555555556,0.2222222222222222,0.2222222222222222,0.0,0.0,32.014247037352305
1,pct,0.1,1.0,5,1.0,bar,exchange,9,3,6,0.4444444444444444,302.1222233361477,791.427271330545,-489.30504799439717,1.2466850994087675,0.000347073514835069,-0.6371678677399432,489.34721301439276,3.2222222222222223,0.5555555555555556,0.2222222222222222,0.2222222222222222,0.0,0.0,-54.36722755493302
1,pct,0.1,1.0,5,1.0,bar,cfd_std,9,3,6,0.4444444444444444,212.86052333615953,189.0,23.86052333615953,0.29368195788382095,1.0755742306786158,0.03132236667479265,100.61999999999534,3.7777777777777777,0.4444444444444444,0.3333333333333333,0.2222222222222222,0.0,0.0,2.6511692595732814
1,pct,0.1,1.0,5,1.0,bar,cfd_raw,9,3,6,0.5555555555555556,344.1042233361659,158.0,186.1042233361659,0.24203159853131892,1.895902733288735,0.24530864986141113,99.86299999999756,3.2222222222222223,0.5555555555555556,0.2222222222222222,0.2222222222222222,0.0,0.0,20.678247037351767
1,pct,0.1,1.0,5,1.0,tick,none,9,3,6,0.7777777777777778,313.92822333615914,0.0,313.92822333615914,0.0,2.8428257526049725,0.41168305662547094,85.87099999999919,3.111111111111111,0.5555555555555556,0.2222222222222222,0.2222222222222222,0.0,0.0,34.88091370401768
1,pct,0.1,1.0,5,1.0,tick,exchange,9,3,6,0.4444444444444444,327.9222233361361,791.432221330545,-463.5099979944088,1.198004668264641,0.00036638161730111814,-0.6037456628856991,463.5521630144067,3.111111111111111,0.5555555555555556,0.2222222222222222,0.2222222222222222,0.0,0.0,-51.50111088826765
1,pct,0.1,1.0,5,1.0,tick,cfd_std,9,3,6,0.7777777777777778,336.76367227466835,189.0,147.76367227466835,0.3019209011537589,1.7439739146081377,0.19413833240617562,100.61999999999534,3.2222222222222223,0.4444444444444444,0.2222222222222222,0.3333333333333333,0.0,0.0,16.418185808296485
1,pct,0.1,1.0,5,1.0,tick,cfd_raw,9,3,6,0.7777777777777778,369.90422333615425,158.0,211.90422333615425,0.23282978913821262,2.068326531031205,0.2787372347062836,99.86299999999756,3.111111111111111,0.5555555555555556,0.2222222222222222,0.2222222222222222,0.0,0.0,23.544913704017137
1,pct,0.1,1.0,5,2.0,off,none,2,1,1,0.5,0.995310000012978,0.0,0.995310000012978,0.0,1.011781528411132,7.632783294297951e-14,84.48054999999295,8.0,0.5,0.5,0.0,0.0,0.0,0.497655000006489
1,pct,0.1,1.0,5,2.0,off,exchange,2,1,1,0.5,4.991309999997611,175.870431795,-170.8791217950024,1.0347972859335002,0.0002500378261564992,-1.0113547996453505,170.92185872500704,8.0,0.5,0.5,0.0,0.0,0.0,-85.4395608975012
1,pct,0.1,1.0,5,2.0,off,cfd_std,2,1,1,0.5,27.968310000011115,40.5,-12.531689999988885,0.23829639611710007,0.8721178479714874,-0.0800589177117993,97.99404999999388,8.0,0.5,0.5,0.0,0.0,0.0,-6.265844999994442
1,pct,0.1,1.0,5,2.0,off,cfd_raw,2,1,1,0.5,16.97931000000972,36.0,-19.02068999999028,0.21181901877075562,0.8068740985628143,-0.11805108278507631,98.48854999999458,8.0,0.5,0.5,0.0,0.0,0.0,-9.51034499999514
1,pct,0.1,1.0,5,2.0,bar,none,2,1,1,0.5,-63.95933887679712,0.0,-63.95933887679712,0.0,0.2429104820363686,-0.37995902513760627,84.48054999999295,3.0,0.0,0.5,0.5,0.0,0.0,-31.97966943839856
1,pct,0.1,1.0,5,2.0,bar,exchange,2,1,1,0.0,-61.9613388768048,177.9049081194384,-239.8662469962432,1.727169048775387,0.0,-1.4149022176019572,239.86624699624372,3.0,0.0,0.5,0.5,0.0,0.0,-119.9331234981216
1,pct,0.1,1.0,5,2.0,bar,cfd_std,2,1,1,0.0,-50.47283887679805,54.0,-104.47283887679805,0.5900655184418914,0.0,-0.6178783024878586,104.47283887679805,3.0,0.0,0.5,0.5,0.0,0.0,-52.236419438399025
1,pct,0.1,1.0,5,2.0,bar,cfd_raw,2,1,1,0.0,-55.96733887679875,44.0,-99.96733887679875,0.4535626053560264,0.0,-0.5915569877084573,99.96733887679875,3.0,0.0,0.5,0.5,0.0,0.0,-49.983669438399374
1,pct,0.1,1.0,5,2.0,tick,none,2,1,1,0.5,-56.00933887680003,0.0,-56.00933887680003,0.0,0.3370149830131941,-0.33345466706506344,84.48054999999295,2.5,0.0,0.5,0.5,0.0,0.0,-28.004669438400015
1,pct,0.1,1.0,5,2.0,tick,exchange,2,1,1,0.0,-54.01133887680771,177.9009331194384,-231.9122719962461,1.60337902310416,0.0,-1.368374607350378,231.912271996247,2.5,0.0,0.5,0.5,0.0,0.0,-115.95613599812305
1,pct,0.1,1.0,5,2.0,tick,cfd_std,2,1,1,0.5,-42.52283887680096,54.0,-96.52283887680096,0.5429031140140628,0.015013269919888071,-0.5713739444153157,97.99404999999388,2.5,0.0,0.5,0.5,0.0,0.0,-48.26141943840048
1,pct,0.1,1.0,5,2.0,tick,cfd_raw,2,1,1,0.5,-48.01733887680166,44.0,-92.01733887680166,0.419208271142679,0.06570521266881553,-0.5450526296359145,98.48854999999458,2.5,0.0,0.5,0.5,0.0,0.0,-46.00866943840083
1,pct,0.1,1.0,8,0.5,off,none,12,5,7,0.6666666666666666,337.84434000001056,0.0,337.84434000001056,0.0,1.9892120932026534,0.3333333333333437,171.60549999999057,5.583333333333333,0.6666666666666666,0.3333333333333333,0.0,0.0,0.0,28.15369500000088
1,pct,0.1,1.0,8,0.5,off,exchange,12,5,7,0.4166666666666667,361.8403399999952,1052.81269444,-690.9723544400047,1.0232432365049915,0.00030756606208320224,-0.6743917142485527,691.0573420699948,5.583333333333333,0.6666666666666666,0.3333333333333333,0.0,0.0,0.0,-57.58102953666705
1,pct,0.1,1.0,8,0.5,off,cfd_std,12,5,7,0.6666666666666666,499.8173400000087,216.0,283.8173400000087,0.2009536403859092,1.7175644286969038,0.28060053241674504,212.10549999999057,5.833333333333333,0.6666666666666666,0.3333333333333333,0.0,0.0,0.0,23.651445000000724
1,pct,0.1,1.0,8,0.5,off,cfd_raw,12,5,7,0.6666666666666666,433.8283400000073,200.0,233.8283400000073,0.1899541277877296,1.5882048974977572,0.2315539251305688,219.60549999999057,5.583333333333333,0.6666666666666666,0.3333333333333333,0.0,0.0,0.0,19.485695000000607
1,pct,0.1,1.0,8,0.5,bar,none,13,5,8,0.8461538461538461,561.7054689111101,0.0,561.7054689111101,0.0,4.305642800972817,0.5084031082624745,85.442670000004,3.6153846153846154,0.6153846153846154,0.15384615384615385,0.23076923076923078,0.0,0.07692307692307693,43.20811299316232
1,pct,0.1,1.0,8,0.5,bar,exchange,13,5,8,0.3076923076923077,579.7034689111024,1142.6174568977576,-562.913987986655,1.253488641409318,0.00030130085705016733,-0.5076785903749478,562.9560481716471,3.6153846153846154,0.6153846153846154,0.15384615384615385,0.23076923076923078,0.0,0.07692307692307693,-43.30107599897346
1,pct,0.1,1.0,8,0.5,bar,cfd_std,13,5,8,0.6923076923076923,683.1919689111091,243.0,440.19196891110914,0.2507640541029289,2.935896664167051,0.3992413550992356,98.92917000000307,3.8461538461538463,0.6153846153846154,0.15384615384615385,0.23076923076923078,0.0,0.07692307692307693,33.860920685469935
1,pct,0.1,1.0,8,0.5,bar,cfd_raw,13,5,8,0.6923076923076923,633.6974689111084,222.0,411.69746891110844,0.23578294957772442,2.88519959420241,0.3732314804068073,99.43467000000237,3.6153846153846154,0.6153846153846154,0.15384615384615385,0.23076923076923078,0.0,0.07692307692307693,31.669036070085266
1,pct,0.1,1.0,8,0.5,tick,none,13,5,8,0.8461538461538461,591.8048872312793,0.0,591.8048872312793,0.0,4.482778205540655,0.535379790056301,85.442670000004,3.6153846153846154,0.6153846153846154,0.15384615384615385,0.23076923076923078,0.0,0.07692307692307693,45.52345286394456
1,pct,0.1,1.0,8,0.5,tick,exchange,13,5,8,0.3076923076923077,609.8028872312716,1142.6202571885974,-532.8173699573256,1.2134243864945429,0.0003183146610227758,-0.48070440859002894,532.8594301423291,3.6153846153846154,0.6153846153846154,0.15384615384615385,0.23076923076923078,0.0,0.07692307692307693,-40.98595153517889
1,pct,0.1,1.0,8,0.5,tick,cfd_std,13,5,8,0.7692307692307693,654.9468591638142,256.5,398.4468591638142,0.2726422480134385,2.9471937206887966,0.3615852715610078,98.92917000000307,3.769230769230769,0.5384615384615384,0.15384615384615385,0.3076923076923077,0.0,0.07692307692307693,30.64975839721648
1,pct,0.1,1.0,8,0.5,tick,cfd_raw,13,5,8,0.7692307692307693,663.7968872312777,222.0,441.79688723127765,0.22847890144277122,3.202089651414158,0.4002081622006337,99.43467000000237,3.6153846153846154,0.6153846153846154,0.15384615384615385,0.23076923076923078,0.0,0.07692307692307693,33.98437594086751
1,pct,0.1,1.0,8,1.0,off,none,5,3,2,0.6,83.53111000001081,0.0,83.53111000001081,0.0,1.4903200209861995,0.2000000000000255,85.87983999999415,4.6,0.6,0.4,0.0,0.0,0.0,16.706222000002164
1,pct,0.1,1.0,8,1.0,off,exchange,5,3,2,0.4,93.52511000000231,438.123971305,-344.5988613049977,1.027847443937679,0.0002461405182017169,-0.8091065793165978,344.59886130499945,4.6,0.6,0.4,0.0,0.0,0.0,-68.91977226099954
1,pct,0.1,1.0,8,1.0,off,cfd_std,5,3,2,0.6,150.99061000000802,94.5,56.49061000000802,0.21586905259916284,1.2861915849842849,0.13650571789611896,111.85300999999163,4.6,0.6,0.4,0.0,0.0,0.0,11.298122000001603
1,pct,0.1,1.0,8,1.0,off,cfd_raw,5,3,2,0.6,123.50711000000592,86.0,37.50711000000592,0.1989543836695157,1.1890704332305257,0.09165594785901743,118.83650999999372,4.6,0.6,0.4,0.0,0.0,0.0,7.501422000001185
1,pct,0.1,1.0,8,1.0,bar,none,5,3,2,0.8,183.51313221296004,0.0,183.51313221296004,0.0,3.172253047748569,0.43284165926010154,84.48054999999295,2.8,0.6,0.2,0.2,0.0,0.0,36.702626442592006
1,pct,0.1,1.0,8,1.0,bar,exchange,5,3,2,0.4,191.50913221295923,438.1729633161065,-246.66383110314723,1.2291855167089287,0.0003438341710799853,-0.5810320272404634,246.663831103142,2.8,0.6,0.2,0.2,0.0,0.0,-49.332766220629445
1,pct,0.1,1.0,8,1.0,bar,cfd_std,5,3,2,0.6,237.48613221295818,94.5,142.98613221295818,0.2490287665882155,2.2894194593922297,0.33793954034606805,97.99404999999388,2.8,0.6,0.2,0.2,0.0,0.0,28.597226442591637
1,pct,0.1,1.0,8,1.0,bar,cfd_raw,5,3,2,0.6,215.49713221295679,86.0,129.49713221295679,0.23339488214280207,2.217234265128589,0.30588555567605774,98.48854999999458,2.8,0.6,0.2,0.2,0.0,0.0,25.899426442591356
1,pct,0.1,1.0,8,1.0,tick,none,5,3,2,0.8,201.3631322129513,0.0,201.3631322129513,0.0,3.3835442857908493,0.47441136875185475,84.48054999999295,2.8,0.6,0.2,0.2,0.0,0.0,40.272626442590266
1,pct,0.1,1.0,8,1.0,tick,exchange,5,3,2,0.4,209.3591322129505,438.1818883161065,-228.82275610315597,1.170594502326599,0.00037063263177538377,-0.539483102603456,228.82275610315264,2.8,0.6,0.2,0.2,0.0,0.0,-45.76455122063119
1,pct,0.1,1.0,8,1.0,tick,cfd_std,5,3,2,0.8,255.33613221294945,94.5,160.83613221294945,0.23784101833827945,2.641284672007734,0.3795092498378213,97.99404999999388,2.8,0.6,0.2,0.2,0.0,0.0,32.16722644258989
1,pct,0.1,1.0,8,1.0,tick,cfd_raw,5,3,2,0.8,233.34713221294805,86.0,147.34713221294805,0.2226109387634733,2.496083881963499,0.34745526516781106,98.48854999999458,2.8,0.6,0.2,0.2,0.0,0.0,29.46942644258961
1,pct,0.1,1.0,8,2.0,off,none,1,1,0,0.0,-84.48054999999295,0.0,-84.48054999999295,0.0,0.0,-0.9999999999999164,84.48054999999295,1.0,0.0,1.0,0.0,0.0,0.0,-84.48054999999295
1,pct,0.1,1.0,8,2.0,off,exchange,1,1,0,0.0,-82.48255000000063,88.439308725,-170.92185872500062,1.0722184113488165,0.0,-2.0232095875914706,170.92185872500704,1.0,0.0,1.0,0.0,0.0,0.0,-170.92185872500062
1,pct,0.1,1.0,8,2.0,off,cfd_std,1,1,0,0.0,-70.99404999999388,27.0,-97.99404999999388,0.38031356148863643,0.0,-1.1599598960943538,97.99404999999388,1.0,0.0,1.0,0.0,0.0,0.0,-97.99404999999388
1,pct,0.1,1.0,8,2.0,off,cfd_raw,1,1,0,0.0,-76.48854999999458,22.0,-98.48854999999458,0.28762474906376917,0.0,-1.1658133144255638,98.48854999999458,1.0,0.0,1.0,0.0,0.0,0.0,-98.48854999999458
1,pct,0.1,1.0,8,2.0,bar,none,1,1,0,0.0,-84.48054999999295,0.0,-84.48054999999295,0.0,0.0,-0.9999999999999164,84.48054999999295,1.0,0.0,1.0,0.0,0.0,0.0,-84.48054999999295
1,pct,0.1,1.0,8,2.0,bar,exchange,1,1,0,0.0,-82.48255000000063,88.439308725,-170.92185872500062,1.0722184113488165,0.0,-2.0232095875914706,170.92185872500704,1.0,0.0,1.0,0.0,0.0,0.0,-170.92185872500062
1,pct,0.1,1.0,8,2.0,bar,cfd_std,1,1,0,0.0,-70.99404999999388,27.0,-97.99404999999388,0.38031356148863643,0.0,-1.1599598960943538,97.99404999999388,1.0,0.0,1.0,0.0,0.0,0.0,-97.99404999999388
1,pct,0.1,1.0,8,2.0,bar,cfd_raw,1,1,0,0.0,-76.48854999999458,22.0,-98.48854999999458,0.28762474906376917,0.0,-1.1658133144255638,98.48854999999458,1.0,0.0,1.0,0.0,0.0,0.0,-98.48854999999458
1,pct,0.1,1.0,8,2.0,tick,none,1,1,0,0.0,-84.48054999999295,0.0,-84.48054999999295,0.0,0.0,-0.9999999999999164,84.48054999999295,1.0,0.0,1.0,0.0,0.0,0.0,-84.48054999999295
1,pct,0.1,1.0,8,2.0,tick,exchange,1,1,0,0.0,-82.48255000000063,88.439308725,-170.92185872500062,1.0722184113488165,0.0,-2.0232095875914706,170.92185872500704,1.0,0.0,1.0,0.0,0.0,0.0,-170.92185872500062
1,pct,0.1,1.0,8,2.0,tick,cfd_std,1,1,0,0.0,-70.99404999999388,27.0,-97.99404999999388,0.38031356148863643,0.0,-1.1599598960943538,97.99404999999388,1.0,0.0,1.0,0.0,0.0,0.0,-97.99404999999388
1,pct,0.1,1.0,8,2.0,tick,cfd_raw,1,1,0,0.0,-76.48854999999458,22.0,-98.48854999999458,0.28762474906376917,0.0,-1.1658133144255638,98.48854999999458,1.0,0.0,1.0,0.0,0.0,0.0,-98.48854999999458
1,pct,0.1,1.5,3,0.5,off,none,21,12,9,0.5714285714285714,640.4475450000027,0.0,640.4475450000027,0.0,1.8368403846122434,0.3585955216050364,251.82675000000745,10.666666666666666,0.5238095238095238,0.42857142857142855,0.0,0.047619047619047616,0.0,30.49750214285727
1,pct,0.1,1.5,3,0.5,off,exchange,21,12,9,0.5238095238095238,680.4345449999964,1846.7463421775,-1166.3117971775036,0.8490447986542449,0.2862696670836683,-0.6535997942121113,1166.3117971775064,10.666666666666666,0.5238095238095238,0.42857142857142855,0.0,0.047619047619047616,0.0,-55.53865700845255
1,pct,0.1,1.5,3,0.5,off,cfd_std,20,11,9,0.5,696.2701899999811,405.0,291.2701899999811,0.1904814267557392,1.2957175813353032,0.17051532347635076,292.3132500000065,11.15,0.5,0.5,0.0,0.0,0.0,14.563509499999054
1,pct,0.1,1.5,3,0.5,off,cfd_raw,20,11,9,0.55,878.2521849999757,352.0,526.2521849999757,0.16688385233053787,1.648949278100687,0.30869479581061005,293.8187500000058,11.65,0.55,0.4,0.0,0.05,0.0,26.312609249998786
1,pct,0.1,1.5,3,0.5,bar,none,26,15,11,0.6923076923076923,1183.151947594466,0.0,1183.151947594466,0.0,3.6522600205906355,0.5330629026327732,251.82675000000745,7.0,0.46153846153846156,0.19230769230769232,0.3076923076923077,0.038461538461538464,0.0,45.50584413824869
1,pct,0.1,1.5,3,0.5,bar,exchange,25,15,10,0.44,1086.6128625944839,2206.0456089707804,-1119.4327463762968,1.126222515090738,0.29475912040613994,-0.5271342804892647,1119.4327463762893,7.32,0.44,0.2,0.32,0.04,0.0,-44.77730985505187
1,pct,0.1,1.5,3,0.5,bar,cfd_std,23,14,9,0.5217391304347826,791.6080546154699,499.5,292.1080546154699,0.25795905975062045,1.3383811481436343,0.14843258837788983,292.3132500000065,8.304347826086957,0.391304347826087,0.34782608695652173,0.2608695652173913,0.0,0.0,12.700350200672604
1,pct,0.1,1.5,3,0.5,bar,cfd_raw,25,15,10,0.56,1115.2083519881126,462.0,653.2083519881126,0.22403396072997978,1.9241794228198448,0.30610044242298123,293.8187500000058,7.4,0.44,0.24,0.28,0.04,0.0,26.128334079524503
1,pct,0.1,1.5,3,0.5,tick,none,27,16,11,0.7407407407407407,1067.2904347996955,0.0,1067.2904347996955,0.0,3.8878941182418285,0.46321978230187344,167.88177000000724,5.925925925925926,0.3333333333333333,0.14814814814814814,0.5185185185185185,0.0,0.0,39.52927536295169
1,pct,0.1,1.5,3,0.5,tick,exchange,26,15,11,0.3076923076923077,1070.469112445484,2301.7421780574005,-1231.2730656119165,1.3003879341042566,0.21642915643422544,-0.5571248261901928,1231.2730656119238,6.269230769230769,0.3076923076923077,0.15384615384615385,0.5384615384615384,0.0,0.0,-47.3566563696891
1,pct,0.1,1.5,3,0.5,tick,cfd_std,26,15,11,0.5384615384615384,958.178757906513,621.0,337.17875790651306,0.36625815237182735,1.521195099437168,0.15144726506883094,208.8016273031244,6.461538461538462,0.23076923076923078,0.19230769230769232,0.5769230769230769,0.0,0.0,12.968413765635118
1,pct,0.1,1.5,3,0.5,tick,cfd_raw,26,15,11,0.5769230769230769,1024.0170769155957,516.0,508.0170769155957,0.2840892326684433,1.8453539012654134,0.22893055473002158,204.8016273031244,6.384615384615385,0.2692307692307692,0.19230769230769232,0.5384615384615384,0.0,0.0,19.539118342907525
1,pct,0.1,1.5,3,1.0,off,none,12,7,5,0.5833333333333334,342.8080300000147,0.0,342.8080300000147,0.0,1.805011237252193,0.33587549614215867,171.4098299999896,7.333333333333333,0.5,0.4166666666666667,0.0,0.08333333333333333,0.0,28.567335833334557
1,pct,0.1,1.5,3,1.0,off,exchange,12,7,5,0.5,364.80203000002075,1056.68106033,-691.8790303299793,0.8831440420628233,0.2695838217800333,-0.6777492837042391,691.8790303299756,7.416666666666667,0.5,0.4166666666666667,0.0,0.08333333333333333,0.0,-57.656585860831605
1,pct,0.1,1.5,3,1.0,off,cfd_std,13,8,5,0.46153846153846156,345.25845999998273,270.0,75.25845999998273,0.20016269817182078,1.108940433304866,0.06846346127859694,269.1713749999908,6.076923076923077,0.46153846153846156,0.5384615384615384,0.0,0.0,0.0,5.78911230769098
1,pct,0.1,1.5,3,1.0,off,cfd_raw,12,7,5,0.5,430.78402999999525,216.0,214.78402999999525,0.17962322382256987,1.4168163636417916,0.21034410453453253,199.42582999999286,7.5,0.5,0.4166666666666667,0.0,0.08333333333333333,0.0,17.89866916666627
1,pct,0.1,1.5,3,1.0,bar,none,13,8,5,0.6923076923076923,320.80722727470857,0.0,320.80722727470857,0.0,1.9437016607207227,0.28972098089903753,86.19322000000102,4.384615384615385,0.38461538461538464,0.3076923076923077,0.23076923076923078,0.07692307692307693,0.0,24.67747902113143
1,pct,0.1,1.5,3,1.0,bar,exchange,13,8,5,0.38461538461538464,338.80022727472533,1148.8602794286373,-810.0600521539122,1.1457673637564398,0.2079793852188939,-0.7318070058970052,810.0600521539163,4.461538461538462,0.38461538461538464,0.3076923076923077,0.23076923076923078,0.07692307692307693,0.0,-62.31231170414709
1,pct,0.1,1.5,3,1.0,bar,cfd_std,13,8,5,0.38461538461538464,368.9576272746781,283.5,85.45762727467809,0.2619258180387441,1.1546796268597486,0.07662088217437399,132.8903960223979,4.3076923076923075,0.38461538461538464,0.38461538461538464,0.23076923076923078,0.0,0.0,6.573663636513699
1,pct,0.1,1.5,3,1.0,bar,cfd_raw,13,8,5,0.38461538461538464,392.7792272746883,246.0,146.7792272746883,0.24387767229294566,1.3182770482891826,0.13263466223819315,123.3848960223986,4.461538461538462,0.38461538461538464,0.3076923076923077,0.23076923076923078,0.07692307692307693,0.0,11.290709790360639
1,pct,0.1,1.5,3,1.0,tick,none,13,8,5,0.6923076923076923,364.38802621320065,0.0,364.38802621320065,0.0,2.071900993021218,0.3291883795190509,86.19322000000102,3.8461538461538463,0.38461538461538464,0.3076923076923077,0.3076923076923077,0.0,0.0,28.029848170246204
1,pct,0.1,1.5,3,1.0,tick,exchange,13,8,5,0.38461538461538464,382.3810262132174,1148.857269029168,-766.4762428159509,1.09803974140582,0.21723653572019683,-0.6923366958992504,766.4762428159447,3.923076923076923,0.38461538461538464,0.3076923076923077,0.3076923076923077,0.0,0.0,-58.95971098584237
1,pct,0.1,1.5,3,1.0,tick,cfd_std,13,8,5,0.5384615384615384,485.84077621318283,283.5,202.34077621318283,0.2680126286178518,1.4589045170680341,0.18301908281838358,126.20633170290967,4.0,0.38461538461538464,0.3076923076923077,0.3076923076923077,0.0,0.0,15.564675093321757
1,pct,0.1,1.5,3,1.0,tick,cfd_raw,13,8,5,0.5384615384615384,436.3600262131804,246.0,190.3600262131804,0.23377736513511502,1.4397216380398494,0.17210206085820656,121.70083170291036,3.923076923076923,0.38461538461538464,0.3076923076923077,0.3076923076923077,0.0,0.0,14.643078939475414
1,pct,0.1,1.5,3,2.0,off,none,1,1,0,0.0,-84.47551000000385,0.0,-84.47551000000385,0.0,0.0,-1.0000000000000455,84.47551000000385,1.0,0.0,1.0,0.0,0.0,0.0,-84.47551000000385
1,pct,0.1,1.5,3,2.0,off,exchange,1,1,0,0.0,-82.47750999999698,88.43427124499999,-170.91178124499697,1.0722228549940853,0.0,-2.0232110021590515,170.91178124499856,1.0,0.0,1.0,0.0,0.0,0.0,-170.91178124499697
1,pct,0.1,1.5,3,2.0,off,cfd_std,1,1,0,0.0,-70.98901000000478,27.0,-97.98901000000478,0.3803405625743785,0.0,-1.1599694396636941,97.98901000000478,1.0,0.0,1.0,0.0,0.0,0.0,-97.98901000000478
1,pct,0.1,1.5,3,2.0,off,cfd_raw,1,1,0,0.0,-76.48351000000548,22.0,-98.48351000000548,0.2876437025444887,0.0,-1.1658232072230814,98.48351000000548,1.0,0.0,1.0,0.0,0.0,0.0,-98.48351000000548
1,pct,0.1,1.5,3,2.0,bar,none,1,1,0,0.0,-84.47551000000385,0.0,-84.47551000000385,0.0,0.0,-1.0000000000000455,84.47551000000385,1.0,0.0,1.0,0.0,0.0,0.0,-84.47551000000385
1,pct,0.1,1.5,3,2.0,bar,exchange,1,1,0,0.0,-82.47750999999698,88.43427124499999,-170.91178124499697,1.0722228549940853,0.0,-2.0232110021590515,170.91178124499856,1.0,0.0,1.0,0.0,0.0,0.0,-170.91178124499697
1,pct,0.1,1.5,3,2.0,bar,cfd_std,1,1,0,0.0,-70.98901000000478,27.0,-97.98901000000478,0.3803405625743785,0.0,-1.1599694396636941,97.98901000000478,1.0,0.0,1.0,0.0,0.0,0.0,-97.98901000000478
1,pct,0.1,1.5,3,2.0,bar,cfd_raw,1,1,0,0.0,-76.48351000000548,22.0,-98.48351000000548,0.2876437025444887,0.0,-1.1658232072230814,98.48351000000548,1.0,0.0,1.0,0.0,0.0,0.0,-98.48351000000548
1,pct,0.1,1.5,3,2.0,tick,none,1,1,0,0.0,-84.47551000000385,0.0,-84.47551000000385,0.0,0.0,-1.0000000000000455,84.47551000000385,1.0,0.0,1.0,0.0,0.0,0.0,-84.47551000000385
1,pct,0.1,1.5,3,2.0,tick,exchange,1,1,0,0.0,-82.47750999999698,88.43427124499999,-170.91178124499697,1.0722228549940853,0.0,-2.0232110021590515,170.91178124499856,1.0,0.0,1.0,0.0,0.0,0.0,-170.91178124499697
1,pct,0.1,1.5,3,2.0,tick,cfd_std,1,1,0,0.0,-70.98901000000478,27.0,-97.98901000000478,0.3803405625743785,0.0,-1.1599694396636941,97.98901000000478,1.0,0.0,1.0,0.0,0.0,0.0,-97.98901000000478
1,pct,0.1,1.5,3,2.0,tick,cfd_raw,1,1,0,0.0,-76.48351000000548,22.0,-98.48351000000548,0.2876437025444887,0.0,-1.1658232072230814,98.48351000000548,1.0,0.0,1.0,0.0,0.0,0.0,-98.48351000000548
1,pct,0.1,1.5,5,0.5,off,none,18,10,8,0.5555555555555556,470.06718000001274,0.0,470.06718000001274,0.0,1.6899524432377557,0.3072503307614379,342.87231999999494,8.777777777777779,0.5,0.4444444444444444,0.0,0.05555555555555555,0.0,26.11484333333404
1,pct,0.1,1.5,5,0.5,off,exchange,18,10,8,0.5,504.05617999998503,1585.180377915,-1081.124197915015,0.8640093485938465,0.26158932725376516,-0.7056806393106616,1124.254366270019,8.777777777777779,0.5,0.4444444444444444,0.0,0.05555555555555555,0.0,-60.06245543972305
1,pct,0.1,1.5,5,0.5,off,cfd_std,17,9,8,0.5294117647058824,697.2902199999953,337.5,359.7902199999953,0.18309840388537188,1.4560134029505636,0.2478529354984405,297.5641800000012,9.235294117647058,0.5294117647058824,0.47058823529411764,0.0,0.0,0.0,21.164130588235018
1,pct,0.1,1.5,5,0.5,off,cfd_raw,17,9,8,0.5294117647058824,683.8798200000019,302.0,381.8798200000019,0.17131466225127182,1.5356641120165353,0.26365709420681915,299.0476800000033,9.352941176470589,0.5294117647058824,0.4117647058823529,0.0,0.058823529411764705,0.0,22.463518823529526
1,pct,0.1,1.5,5,0.5,bar,none,21,10,11,0.7142857142857143,937.3654949018965,0.0,937.3654949018965,0.0,3.1538159687279053,0.5228681778307601,168.0798700000014,6.380952380952381,0.47619047619047616,0.23809523809523808,0.23809523809523808,0.047619047619047616,0.0,44.63645213818555
1,pct,0.1,1.5,5,0.5,bar,exchange,21,10,11,0.47619047619047616,967.3574949018948,1852.3122501958112,-884.9547552939162,1.0189944076684099,0.32492130595209795,-0.49602008796873037,928.0849236489157,6.619047619047619,0.47619047619047616,0.23809523809523808,0.23809523809523808,0.047619047619047616,0.0,-42.140702633043624
1,pct,0.1,1.5,5,0.5,bar,cfd_std,20,10,10,0.55,861.9106225292053,418.5,443.4106225292053,0.22456169872229237,1.6251943281526464,0.2595780732853842,211.12234727035684,7.0,0.45,0.35,0.2,0.0,0.0,22.170531126460265
1,pct,0.1,1.5,5,0.5,bar,cfd_raw,21,10,11,0.5714285714285714,1057.3334949018608,382.0,675.3334949018608,0.20673540595516257,2.214571541775115,0.3764502888547263,196.0798700000014,6.428571428571429,0.47619047619047616,0.23809523809523808,0.23809523809523808,0.047619047619047616,0.0,32.158737852469564
1,pct,0.1,1.5,5,0.5,tick,none,21,10,11,0.8095238095238095,959.5284221383627,0.0,959.5284221383627,0.0,3.821773927576416,0.5363018271445965,85.87099999999919,5.619047619047619,0.38095238095238093,0.19047619047619047,0.42857142857142855,0.0,0.0,45.691829625636316
1,pct,0.1,1.5,5,0.5,tick,exchange,21,10,11,0.3333333333333333,932.3829472617363,1858.291955778053,-925.9090085163164,1.163993441799293,0.2431636513456199,-0.5176506258654661,969.0391768713162,5.714285714285714,0.3333333333333333,0.19047619047619047,0.47619047619047616,0.0,0.0,-44.09090516744364
1,pct,0.1,1.5,5,0.5,tick,cfd_std,21,10,11,0.7142857142857143,1057.5801972617191,472.5,585.0801972617191,0.28947806999467823,2.361822537575241,0.3274302382023341,116.84949322334433,5.571428571428571,0.3333333333333333,0.19047619047619047,0.47619047619047616,0.0,0.0,27.860961774367578
1,pct,0.1,1.5,5,0.5,tick,cfd_raw,21,10,11,0.7142857142857143,998.3619472617138,406.0,592.3619472617138,0.25147373094485276,2.409188518759961,0.33137716547055146,107.06274730311998,5.523809523809524,0.3333333333333333,0.19047619047619047,0.47619047619047616,0.0,0.0,28.207711774367322
1,pct,0.1,1.5,5,1.0,off,none,9,3,6,0.6666666666666666,383.9681950000231,0.0,383.9681950000231,0.0,2.498521297488351,0.5033895504117784,85.87983999999415,6.555555555555555,0.5555555555555556,0.3333333333333333,0.0,0.1111111111111111,0.0,42.66313277778035
1,pct,0.1,1.5,5,1.0,off,exchange,9,3,6,0.5555555555555556,399.95719500000996,791.3224112275,-391.36521622749,0.8788331199504947,0.35214956316954815,-0.5093925175484826,391.3652162274957,6.666666666666667,0.5555555555555556,0.3333333333333333,0.0,0.1111111111111111,0.0,-43.485024025276665
1,pct,0.1,1.5,5,1.0,off,cfd_std,9,3,6,0.5555555555555556,417.3290949999937,175.5,241.82909499999369,0.17677123709372136,1.611081148938946,0.3166816121286691,100.61999999999534,6.444444444444445,0.5555555555555556,0.4444444444444444,0.0,0.0,0.0,26.869899444443742
1,pct,0.1,1.5,5,1.0,off,cfd_raw,9,3,6,0.5555555555555556,447.92419500001415,158.0,289.92419500001415,0.17316909778818043,1.9126601558936212,0.38046467573003,99.88783999999578,6.666666666666667,0.5555555555555556,0.3333333333333333,0.0,0.1111111111111111,0.0,32.21379944444602
1,pct,0.1,1.5,5,1.0,bar,none,9,3,6,0.7777777777777778,376.25763833617384,0.0,376.25763833617384,0.0,3.2087127374901563,0.4927551333034617,85.87099999999919,4.111111111111111,0.4444444444444444,0.2222222222222222,0.2222222222222222,0.1111111111111111,0.0,41.80640425957487
1,pct,0.1,1.5,5,1.0,bar,exchange,9,3,6,0.4444444444444444,388.25163833616534,793.4272480280449,-405.1756096918796,1.100522967446082,0.29547842597847884,-0.5279436698232991,405.17560969188344,4.222222222222222,0.4444444444444444,0.2222222222222222,0.2222222222222222,0.1111111111111111,0.0,-45.01951218798662
1,pct,0.1,1.5,5,1.0,bar,cfd_std,9,3,6,0.4444444444444444,382.65228833614674,189.0,193.65228833614674,0.23237369071305033,1.6133613460178777,0.253527091280049,100.61999999999534,4.0,0.4444444444444444,0.3333333333333333,0.2222222222222222,0.0,0.0,21.516920926238527
1,pct,0.1,1.5,5,1.0,bar,cfd_raw,9,3,6,0.4444444444444444,424.2336383361544,166.0,258.2336383361544,0.22648612263159507,2.1368010822446846,0.33870723418299964,99.86299999999756,4.222222222222222,0.4444444444444444,0.2222222222222222,0.2222222222222222,0.1111111111111111,0.0,28.69262648179493
1,pct,0.1,1.5,5,1.0,tick,none,9,3,6,0.7777777777777778,426.85843727467,0.0,426.85843727467,0.0,3.5057502398697853,0.5588932738890723,85.87099999999919,3.2222222222222223,0.4444444444444444,0.2222222222222222,0.3333333333333333,0.0,0.0,47.428715252741114
1,pct,0.1,1.5,5,1.0,tick,exchange,9,3,6,0.4444444444444444,438.8524372746615,793.4197976285757,-354.5673603539142,1.0283378957153633,0.3239887567545941,-0.4617955544504466,377.8319643344148,3.3333333333333335,0.4444444444444444,0.2222222222222222,0.3333333333333333,0.0,0.0,-39.39637337265713
1,pct,0.1,1.5,5,1.0,tick,cfd_std,9,3,6,0.7777777777777778,506.55543727465556,189.0,317.55543727465556,0.23750177170952702,2.5988568647317387,0.416343057011432,100.61999999999534,3.4444444444444446,0.4444444444444444,0.2222222222222222,0.3333333333333333,0.0,0.0,35.28393747496173
1,pct,0.1,1.5,5,1.0,tick,cfd_raw,9,3,6,0.7777777777777778,474.83443727465055,166.0,308.83443727465055,0.21185966479333582,2.557005414248907,0.40484537476861027,99.86299999999756,3.3333333333333335,0.4444444444444444,0.2222222222222222,0.3333333333333333,0.0,0.0,34.31493747496117
1,pct,0.1,1.5,5,2.0,off,none,2,1,1,0.5,43.73324000000139,0.0,43.73324000000139,0.0,1.5176722926165258,0.2500000000000086,84.48054999999295,9.5,0.5,0.5,0.0,0.0,0.0,21.866620000000694
1,pct,0.1,1.5,5,2.0,off,exchange,2,1,1,0.5,47.72823999999673,175.84906333,-128.12082333000325,0.8267727768532934,0.25041288290610475,-0.761235652174947,170.9218587249925,9.5,0.5,0.5,0.0,0.0,0.0,-64.06041166500162
1,pct,0.1,1.5,5,2.0,off,cfd_std,2,1,1,0.5,70.69948999999906,40.5,30.19948999999906,0.19042013687776757,1.3081767719570825,0.16990159745580435,97.99404999999388,9.5,0.5,0.5,0.0,0.0,0.0,15.09974499999953
1,pct,0.1,1.5,5,2.0,off,cfd_raw,2,1,1,0.5,59.713240000011865,36.0,23.713240000011865,0.16926015539774786,1.240771541463583,0.13192551879578018,98.48854999999458,9.5,0.5,0.5,0.0,0.0,0.0,11.856620000005933
1,pct,0.1,1.5,5,2.0,bar,none,2,1,1,0.5,-63.95933887679712,0.0,-63.95933887679712,0.0,0.2429104820363686,-0.37995902513760627,84.48054999999295,3.0,0.0,0.5,0.5,0.0,0.0,-31.97966943839856
1,pct,0.1,1.5,5,2.0,bar,exchange,2,1,1,0.0,-61.9613388768048,177.9049081194384,-239.8662469962432,1.727169048775387,0.0,-1.4149022176019572,239.86624699624372,3.0,0.0,0.5,0.5,0.0,0.0,-119.9331234981216
1,pct,0.1,1.5,5,2.0,bar,cfd_std,2,1,1,0.0,-50.47283887679805,54.0,-104.47283887679805,0.5900655184418914,0.0,-0.6178783024878586,104.47283887679805,3.0,0.0,0.5,0.5,0.0,0.0,-52.236419438399025
1,pct,0.1,1.5,5,2.0,bar,cfd_raw,2,1,1,0.0,-55.96733887679875,44.0,-99.96733887679875,0.4535626053560264,0.0,-0.5915569877084573,99.96733887679875,3.0,0.0,0.5,0.5,0.0,0.0,-49.983669438399374
1,pct,0.1,1.5,5,2.0,tick,none,2,1,1,0.5,-56.00933887680003,0.0,-56.00933887680003,0.0,0.3370149830131941,-0.33345466706506344,84.48054999999295,2.5,0.0,0.5,0.5,0.0,0.0,-28.004669438400015
1,pct,0.1,1.5,5,2.0,tick,exchange,2,1,1,0.0,-54.01133887680771,177.9009331194384,-231.9122719962461,1.60337902310416,0.0,-1.368374607350378,231.912271996247,2.5,0.0,0.5,0.5,0.0,0.0,-115.95613599812305
1,pct,0.1,1.5,5,2.0,tick,cfd_std,2,1,1,0.5,-42.52283887680096,54.0,-96.52283887680096,0.5429031140140628,0.015013269919888071,-0.5713739444153157,97.99404999999388,2.5,0.0,0.5,0.5,0.0,0.0,-48.26141943840048
1,pct,0.1,1.5,5,2.0,tick,cfd_raw,2,1,1,0.5,-48.01733887680166,44.0,-92.01733887680166,0.419208271142679,0.06570521266881553,-0.5450526296359145,98.48854999999458,2.5,0.0,0.5,0.5,0.0,0.0,-46.00866943840083
1,pct,0.1,1.5,8,0.5,off,none,12,5,7,0.6666666666666666,677.5308700000023,0.0,677.5308700000023,0.0,2.983818139803959,0.6666666666666691,171.60549999999057,6.583333333333333,0.6666666666666666,0.3333333333333333,0.0,0.0,0.0,56.46090583333353
1,pct,0.1,1.5,8,0.5,off,exchange,12,5,7,0.6666666666666666,701.5248699999938,1052.769951675,-351.2450816750062,0.7692412388955996,0.49172838891422854,-0.3410186677721238,562.746356207499,6.666666666666667,0.6666666666666666,0.3333333333333333,0.0,0.0,0.0,-29.270423472917184
1,pct,0.1,1.5,8,0.5,off,cfd_std,11,5,6,0.7272727272727273,911.7025300000096,189.0,722.7025300000096,0.14079935968325127,3.4389542386697154,0.7749427359066453,99.39333999999508,10.0,0.7272727272727273,0.2727272727272727,0.0,0.0,0.0,65.70023000000087
1,pct,0.1,1.5,8,0.5,off,cfd_raw,11,5,6,0.7272727272727273,851.2245299999922,178.0,673.2245299999922,0.13537700385060344,3.260575983981282,0.7219792601620573,99.88783999999578,9.909090909090908,0.7272727272727273,0.2727272727272727,0.0,0.0,0.0,61.2022299999993
1,pct,0.1,1.5,8,0.5,bar,none,13,5,8,0.8461538461538461,901.3714089111018,0.0,901.3714089111018,0.0,6.304580556507333,0.8160954159547747,85.442670000004,5.076923076923077,0.6153846153846154,0.15384615384615385,0.23076923076923078,0.0,0.0,69.3362622239309
1,pct,0.1,1.5,8,0.5,bar,exchange,13,5,8,0.6153846153846154,921.3654089111078,1142.5737254277572,-221.20831651664966,0.9117163442242615,0.6056895944230839,-0.19815777163532686,389.71775488163985,5.153846153846154,0.6153846153846154,0.15384615384615385,0.23076923076923078,0.0,0.0,-17.016024347434588
1,pct,0.1,1.5,8,0.5,bar,cfd_std,13,5,8,0.6923076923076923,1036.3309089111135,243.0,793.3309089111135,0.18378774995663413,4.4889474788482,0.7190104769539526,98.92917000000307,5.923076923076923,0.6153846153846154,0.15384615384615385,0.23076923076923078,0.0,0.0,61.02545453162411
1,pct,0.1,1.5,8,0.5,bar,cfd_raw,13,5,8,0.6923076923076923,981.3474089110969,222.0,759.3474089110969,0.17220063544944064,4.477119815489898,0.6880804187138632,99.43467000000237,5.846153846153846,0.6153846153846154,0.15384615384615385,0.23076923076923078,0.0,0.0,58.41133914700745
1,pct,0.1,1.5,8,0.5,tick,none,13,5,8,0.8461538461538461,791.8525742871861,0.0,791.8525742871861,0.0,5.660061022191083,0.717637574702497,85.442670000004,4.6923076923076925,0.46153846153846156,0.15384615384615385,0.38461538461538464,0.0,0.0,60.9117364836297
1,pct,0.1,1.5,8,0.5,tick,exchange,13,5,8,0.46153846153846156,807.8465742871922,1146.5587477170018,-338.7121734298097,1.006024195413806,0.428664754349028,-0.30378601871110367,507.2216117948119,4.769230769230769,0.46153846153846156,0.15384615384615385,0.38461538461538464,0.0,0.0,-26.054782571523823
1,pct,0.1,1.5,8,0.5,tick,cfd_std,13,5,8,0.7692307692307693,899.8120742871833,270.0,629.8120742871833,0.22772155451717488,4.077866189834341,0.5720607021307218,98.92917000000307,5.384615384615385,0.46153846153846156,0.15384615384615385,0.38461538461538464,0.0,0.0,48.447082637475646
1,pct,0.1,1.5,8,0.5,tick,cfd_raw,13,5,8,0.7692307692307693,855.8285742871813,238.0,617.8285742871813,0.20452445663774102,4.079500895336878,0.5608866168269544,99.43467000000237,5.3076923076923075,0.46153846153846156,0.15384615384615385,0.38461538461538464,0.0,0.0,47.52527494516779
1,pct,0.1,1.5,8,1.0,off,none,5,3,2,0.6,210.47686000000976,0.0,210.47686000000976,0.0,2.2354800314792995,0.5000000000000231,85.87983999999415,6.0,0.6,0.4,0.0,0.0,0.0,42.09537200000195
1,pct,0.1,1.5,8,1.0,off,exchange,5,3,2,0.6,220.46985999999742,438.10260305500003,-217.63274305500258,0.7919444687264563,0.3685244484673648,-0.5090589226781352,301.8044983949949,6.2,0.6,0.4,0.0,0.0,0.0,-43.526548611000514
1,pct,0.1,1.5,8,1.0,off,cfd_std,5,3,2,0.6,277.9296100000065,94.5,183.4296100000065,0.16734419224189598,1.9292873774764272,0.43648992413475884,99.39333999999508,6.4,0.6,0.4,0.0,0.0,0.0,36.6859220000013
1,pct,0.1,1.5,8,1.0,off,cfd_raw,5,3,2,0.6,250.44886000000406,86.0,164.44886000000406,0.15379067915466474,1.828973951991021,0.391646588593024,99.88783999999578,6.2,0.6,0.4,0.0,0.0,0.0,32.88977200000081
1,pct,0.1,1.5,8,1.0,bar,none,5,3,2,0.8,310.458882212959,0.0,310.458882212959,0.0,4.674915494903678,0.7328416592600991,84.48054999999295,4.2,0.6,0.2,0.2,0.0,0.0,62.0917764425918
1,pct,0.1,1.5,8,1.0,bar,exchange,5,3,2,0.6,318.45388221295434,438.15159506610644,-119.6977128531521,0.9063599303866227,0.514817485338713,-0.28098437060200093,203.869468193152,4.4,0.6,0.2,0.2,0.0,0.0,-23.93954257063042
1,pct,0.1,1.5,8,1.0,bar,cfd_std,5,3,2,0.6,364.42513221295667,94.5,269.92513221295667,0.186606498386802,3.4341291890883445,0.6379237465847079,97.99404999999388,4.6,0.6,0.2,0.2,0.0,0.0,53.985026442591334
1,pct,0.1,1.5,8,1.0,bar,cfd_raw,5,3,2,0.6,342.4388822129549,86.0,256.4388822129549,0.17359149298303161,3.410448702659774,0.6058761964100643,98.48854999999458,4.4,0.6,0.2,0.2,0.0,0.0,51.28777644259098
1,pct,0.1,1.5,8,1.0,tick,none,5,3,2,0.8,328.30888221295027,0.0,328.30888221295027,0.0,4.886206732945959,0.7744113687518522,84.48054999999295,4.2,0.6,0.2,0.2,0.0,0.0,65.66177644259005
1,pct,0.1,1.5,8,1.0,tick,exchange,5,3,2,0.6,336.3038822129456,438.1605200661065,-101.85663785316083,0.8741025988317966,0.5549497799138543,-0.2394354459649935,186.02839319316263,4.4,0.6,0.2,0.2,0.0,0.0,-20.371327570632168
1,pct,0.1,1.5,8,1.0,tick,cfd_std,5,3,2,0.8,382.27513221294794,94.5,287.77513221294794,0.18025296109573008,3.9366592381166603,0.6794934560764612,97.99404999999388,4.6,0.6,0.2,0.2,0.0,0.0,57.555026442589586
1,pct,0.1,1.5,8,1.0,tick,cfd_raw,5,3,2,0.8,360.2888822129462,86.0,274.2888822129462,0.16755445125977925,3.7849824392070075,0.6474459059018176,98.48854999999458,4.4,0.6,0.2,0.2,0.0,0.0,54.85777644258924
1,pct,0.1,1.5,8,2.0,off,none,1,1,0,0.0,-84.48054999999295,0.0,-84.48054999999295,0.0,0.0,-0.9999999999999164,84.48054999999295,1.0,0.0,1.0,0.0,0.0,0.0,-84.48054999999295
1,pct,0.1,1.5,8,2.0,off,exchange,1,1,0,0.0,-82.48255000000063,88.439308725,-170.92185872500062,1.0722184113488165,0.0,-2.0232095875914706,170.92185872500704,1.0,0.0,1.0,0.0,0.0,0.0,-170.92185872500062
1,pct,0.1,1.5,8,2.0,off,cfd_std,1,1,0,0.0,-70.99404999999388,27.0,-97.99404999999388,0.38031356148863643,0.0,-1.1599598960943538,97.99404999999388,1.0,0.0,1.0,0.0,0.0,0.0,-97.99404999999388
1,pct,0.1,1.5,8,2.0,off,cfd_raw,1,1,0,0.0,-76.48854999999458,22.0,-98.48854999999458,0.28762474906376917,0.0,-1.1658133144255638,98.48854999999458,1.0,0.0,1.0,0.0,0.0,0.0,-98.48854999999458
1,pct,0.1,1.5,8,2.0,bar,none,1,1,0,0.0,-84.48054999999295,0.0,-84.48054999999295,0.0,0.0,-0.9999999999999164,84.48054999999295,1.0,0.0,1.0,0.0,0.0,0.0,-84.48054999999295
1,pct,0.1,1.5,8,2.0,bar,exchange,1,1,0,0.0,-82.48255000000063,88.439308725,-170.92185872500062,1.0722184113488165,0.0,-2.0232095875914706,170.92185872500704,1.0,0.0,1.0,0.0,0.0,0.0,-170.92185872500062
1,pct,0.1,1.5,8,2.0,bar,cfd_std,1,1,0,0.0,-70.99404999999388,27.0,-97.99404999999388,0.38031356148863643,0.0,-1.1599598960943538,97.99404999999388,1.0,0.0,1.0,0.0,0.0,0.0,-97.99404999999388
1,pct,0.1,1.5,8,2.0,bar,cfd_raw,1,1,0,0.0,-76.48854999999458,22.0,-98.48854999999458,0.28762474906376917,0.0,-1.1658133144255638,98.48854999999458,1.0,0.0,1.0,0.0,0.0,0.0,-98.48854999999458
1,pct,0.1,1.5,8,2.0,tick,none,1,1,0,0.0,-84.48054999999295,0.0,-84.48054999999295,0.0,0.0,-0.9999999999999164,84.48054999999295,1.0,0.0,1.0,0.0,0.0,0.0,-84.48054999999295
1,pct,0.1,1.5,8,2.0,tick,exchange,1,1,0,0.0,-82.48255000000063,88.439308725,-170.92185872500062,1.0722184113488165,0.0,-2.0232095875914706,170.92185872500704,1.0,0.0,1.0,0.0,0.0,0.0,-170.92185872500062
1,pct,0.1,1.5,8,2.0,tick,cfd_std,1,1,0,0.0,-70.99404999999388,27.0,-97.99404999999388,0.38031356148863643,0.0,-1.1599598960943538,97.99404999999388,1.0,0.0,1.0,0.0,0.0,0.0,-97.99404999999388
1,pct,0.1,1.5,8,2.0,tick,cfd_raw,1,1,0,0.0,-76.48854999999458,22.0,-98.48854999999458,0.28762474906376917,0.0,-1.1658133144255638,98.48854999999458,1.0,0.0,1.0,0.0,0.0,0.0,-98.48854999999458
1,pct,0.1,2.0,3,0.5,off,none,19,10,9,0.5263157894736842,767.7104200000031,0.0,767.7104200000031,0.0,2.003328831810699,0.4752897870371456,251.82675000000745,13.789473684210526,0.47368421052631576,0.47368421052631576,0.0,0.05263157894736842,0.0,40.40581157894753
1,pct,0.1,2.0,3,0.5,off,exchange,19,10,9,0.47368421052631576,803.6884199999913,1672.0868381300002,-868.3984181300086,0.7276158955251117,0.46847978708635724,-0.5380760966104838,868.3984181300038,13.631578947368421,0.47368421052631576,0.47368421052631576,0.0,0.05263157894736842,0.0,-45.7051799015794
1,pct,0.1,2.0,3,0.5,off,cfd_std,19,10,9,0.3684210526315789,423.88303999998607,418.5,5.383039999986067,0.19536910700249635,1.0045499140627832,0.004963997338666324,396.26609999999346,13.0,0.3684210526315789,0.631578947368421,0.0,0.0,0.0,0.2833178947361088
1,pct,0.1,2.0,3,0.5,off,cfd_raw,18,9,9,0.3888888888888889,476.4471099999937,340.0,136.4471099999937,0.1685052664512067,1.1350858512280273,0.0904253268342769,398.25509999999485,14.444444444444445,0.3888888888888889,0.5555555555555556,0.0,0.05555555555555555,0.0,7.58039499999965
1,pct,0.1,2.0,3,0.5,bar,none,24,14,10,0.6666666666666666,1145.7229888493894,0.0,1145.7229888493894,0.0,3.568355893911271,0.5599912362713543,251.82675000000745,8.541666666666666,0.3333333333333333,0.20833333333333334,0.4166666666666667,0.041666666666666664,0.0,47.73845786872456
1,pct,0.1,2.0,3,0.5,bar,exchange,24,14,10,0.375,1171.7129888493946,2123.2956271277267,-951.5826382783321,1.0388446709646433,0.41838333483250184,-0.4662485996643073,951.5826382783271,8.5,0.3333333333333333,0.20833333333333334,0.4166666666666667,0.041666666666666664,0.0,-39.649276594930505
1,pct,0.1,2.0,3,0.5,bar,cfd_std,23,14,9,0.5217391304347826,942.4898348086863,526.5,415.9898348086863,0.2522475232144024,1.4818871499587511,0.2126778850700093,292.3132500000065,9.0,0.30434782608695654,0.34782608695652173,0.34782608695652173,0.0,0.0,18.086514556899402
1,pct,0.1,2.0,3,0.5,bar,cfd_raw,24,14,10,0.5416666666666666,1100.0712133628258,472.0,628.0712133628258,0.2305756825889426,1.888614619958165,0.3072644801705059,293.8187500000058,8.625,0.2916666666666667,0.25,0.4166666666666667,0.041666666666666664,0.0,26.16963389011774
1,pct,0.1,2.0,3,0.5,tick,none,27,16,11,0.7407407407407407,827.9809865869029,0.0,827.9809865869029,0.0,3.2403662051268536,0.3594557754062092,167.88177000000724,6.444444444444445,0.1111111111111111,0.14814814814814814,0.7407407407407407,0.0,0.0,30.665962466181586
1,pct,0.1,2.0,3,0.5,tick,exchange,26,15,11,0.15384615384615385,870.2941391093336,2311.6245603863504,-1441.3304212770172,1.4724963841985432,0.1570832711094092,-0.651826691914909,1464.4677828050044,6.730769230769231,0.11538461538461539,0.15384615384615385,0.7307692307692307,0.0,0.0,-55.43578543373143
1,pct,0.1,2.0,3,0.5,tick,cfd_std,26,15,11,0.5384615384615384,885.8846153794293,661.5,224.3846153794293,0.40752049179211497,1.3468432075939898,0.10101671674310365,208.8016273031244,6.846153846153846,0.11538461538461539,0.19230769230769232,0.6923076923076923,0.0,0.0,8.630177514593434
1,pct,0.1,2.0,3,0.5,tick,cfd_raw,26,15,11,0.5384615384615384,841.9121153794258,548.0,293.9121153794258,0.33532698757928725,1.4783590668710158,0.13227909516163658,204.8016273031244,6.846153846153846,0.11538461538461539,0.19230769230769232,0.6923076923076923,0.0,0.0,11.304312129977916
1,pct,0.1,2.0,3,1.0,off,none,11,6,5,0.45454545454545453,169.5284399999946,0.0,169.5284399999946,0.0,1.3314538328834646,0.184591450336879,257.55113999999594,11.636363636363637,0.36363636363636365,0.5454545454545454,0.0,0.09090909090909091,0.0,15.411676363635872
1,pct,0.1,2.0,3,1.0,off,exchange,11,6,5,0.36363636363636365,189.52444000000833,970.84324617,-781.3188061699918,0.8168843089320235,0.30272566507982746,-0.8324376000287548,781.3188061699911,11.454545454545455,0.36363636363636365,0.5454545454545454,0.0,0.09090909090909091,0.0,-71.02898237909017
1,pct,0.1,2.0,3,1.0,off,cfd_std,12,7,5,0.3333333333333333,158.4923699999781,270.0,-111.50763000002189,0.20668068681278104,0.8588395421898285,-0.1056232237583941,397.7713599999988,9.25,0.3333333333333333,0.6666666666666666,0.0,0.0,0.0,-9.292302500001824
1,pct,0.1,2.0,3,1.0,off,cfd_raw,11,6,5,0.36363636363636365,249.51243999999133,210.0,39.51243999999133,0.17849812898261055,1.0642567258537798,0.045514436117176024,299.55913999999757,11.545454545454545,0.36363636363636365,0.5454545454545454,0.0,0.09090909090909091,0.0,3.5920399999992116
1,pct,0.1,2.0,3,1.0,bar,none,13,8,5,0.6923076923076923,325.9766435296333,0.0,325.9766435296333,0.0,1.9589082592321454,0.29587773437196363,86.19322000000102,5.384615384615385,0.23076923076923078,0.3076923076923077,0.38461538461538464,0.07692307692307693,0.0,25.07512642535641
1,pct,0.1,2.0,3,1.0,bar,exchange,13,8,5,0.3076923076923077,339.9686435296462,1152.8121124255833,-812.8434688959371,1.14837039542203,0.24144642346864387,-0.732784108755668,812.8434688959387,5.384615384615385,0.23076923076923078,0.3076923076923077,0.38461538461538464,0.07692307692307693,0.0,-62.526420684302856
1,pct,0.1,2.0,3,1.0,bar,cfd_std,13,8,5,0.38461538461538464,347.1202935296169,310.5,36.6202935296169,0.2927780858049853,1.0662832975744696,0.0343320192126693,191.91971154382918,5.230769230769231,0.23076923076923078,0.38461538461538464,0.38461538461538464,0.0,0.0,2.816945656124377
1,pct,0.1,2.0,3,1.0,bar,cfd_raw,13,8,5,0.38461538461538464,381.9446435296268,262.0,119.94464352962677,0.2625598186161173,1.2600887592170278,0.11008290226838001,172.90871154383058,5.461538461538462,0.23076923076923078,0.3076923076923077,0.38461538461538464,0.07692307692307693,0.0,9.22651104074052
1,pct,0.1,2.0,3,1.0,tick,none,13,8,5,0.6923076923076923,405.96227353430004,0.0,405.96227353430004,0.0,2.194197758506927,0.3680113434959391,86.19322000000102,4.615384615384615,0.23076923076923078,0.3076923076923077,0.46153846153846156,0.0,0.0,31.227867194946157
1,pct,0.1,2.0,3,1.0,tick,exchange,13,8,5,0.3076923076923077,419.95427353431296,1152.817444441647,-732.8631709073343,1.0636285001536847,0.26820153195344165,-0.6606550825967946,756.0005324353115,4.615384615384615,0.23076923076923078,0.3076923076923077,0.46153846153846156,0.0,0.0,-56.374090069794946
1,pct,0.1,2.0,3,1.0,tick,cfd_std,13,8,5,0.5384615384615384,500.4082735342963,310.5,189.9082735342963,0.2895500482472813,1.4307078690933797,0.17339643036064098,163.27971154384431,4.6923076923076925,0.23076923076923078,0.3076923076923077,0.46153846153846156,0.0,0.0,14.608328733407408
1,pct,0.1,2.0,3,1.0,tick,cfd_raw,13,8,5,0.5384615384615384,461.9302735342935,262.0,199.93027353429352,0.24307571152588525,1.4618284054752229,0.18221651139235553,144.2687115438457,4.6923076923076925,0.23076923076923078,0.3076923076923077,0.46153846153846156,0.0,0.0,15.37925181033027
1,pct,0.1,2.0,3,2.0,off,none,1,1,0,0.0,-84.47551000000385,0.0,-84.47551000000385,0.0,0.0,-1.0000000000000455,84.47551000000385,1.0,0.0,1.0,0.0,0.0,0.0,-84.47551000000385
1,pct,0.1,2.0,3,2.0,off,exchange,1,1,0,0.0,-82.47750999999698,88.43427124499999,-170.91178124499697,1.0722228549940853,0.0,-2.0232110021590515,170.91178124499856,1.0,0.0,1.0,0.0,0.0,0.0,-170.91178124499697
1,pct,0.1,2.0,3,2.0,off,cfd_std,1,1,0,0.0,-70.98901000000478,27.0,-97.98901000000478,0.3803405625743785,0.0,-1.1599694396636941,97.98901000000478,1.0,0.0,1.0,0.0,0.0,0.0,-97.98901000000478
1,pct,0.1,2.0,3,2.0,off,cfd_raw,1,1,0,0.0,-76.48351000000548,22.0,-98.48351000000548,0.2876437025444887,0.0,-1.1658232072230814,98.48351000000548,1.0,0.0,1.0,0.0,0.0,0.0,-98.48351000000548
1,pct,0.1,2.0,3,2.0,bar,none,1,1,0,0.0,-84.47551000000385,0.0,-84.47551000000385,0.0,0.0,-1.0000000000000455,84.47551000000385,1.0,0.0,1.0,0.0,0.0,0.0,-84.47551000000385
1,pct,0.1,2.0,3,2.0,bar,exchange,1,1,0,0.0,-82.47750999999698,88.43427124499999,-170.91178124499697,1.0722228549940853,0.0,-2.0232110021590515,170.91178124499856,1.0,0.0,1.0,0.0,0.0,0.0,-170.91178124499697
1,pct,0.1,2.0,3,2.0,bar,cfd_std,1,1,0,0.0,-70.98901000000478,27.0,-97.98901000000478,0.3803405625743785,0.0,-1.1599694396636941,97.98901000000478,1.0,0.0,1.0,0.0,0.0,0.0,-97.98901000000478
1,pct,0.1,2.0,3,2.0,bar,cfd_raw,1,1,0,0.0,-76.48351000000548,22.0,-98.48351000000548,0.2876437025444887,0.0,-1.1658232072230814,98.48351000000548,1.0,0.0,1.0,0.0,0.0,0.0,-98.48351000000548
1,pct,0.1,2.0,3,2.0,tick,none,1,1,0,0.0,-84.47551000000385,0.0,-84.47551000000385,0.0,0.0,-1.0000000000000455,84.47551000000385,1.0,0.0,1.0,0.0,0.0,0.0,-84.47551000000385
1,pct,0.1,2.0,3,2.0,tick,exchange,1,1,0,0.0,-82.47750999999698,88.43427124499999,-170.91178124499697,1.0722228549940853,0.0,-2.0232110021590515,170.91178124499856,1.0,0.0,1.0,0.0,0.0,0.0,-170.91178124499697
1,pct,0.1,2.0,3,2.0,tick,cfd_std,1,1,0,0.0,-70.98901000000478,27.0,-97.98901000000478,0.3803405625743785,0.0,-1.1599694396636941,97.98901000000478,1.0,0.0,1.0,0.0,0.0,0.0,-97.98901000000478
1,pct,0.1,2.0,3,2.0,tick,cfd_raw,1,1,0,0.0,-76.48351000000548,22.0,-98.48351000000548,0.2876437025444887,0.0,-1.1658232072230814,98.48351000000548,1.0,0.0,1.0,0.0,0.0,0.0,-98.48351000000548
1,pct,0.1,2.0,5,0.5,off,none,17,9,8,0.5294117647058824,685.0046100000181,0.0,685.0046100000181,0.0,2.0072559584119656,0.4723827031591733,257.0236799999984,10.529411764705882,0.47058823529411764,0.47058823529411764,0.0,0.058823529411764705,0.0,40.29438882353048
1,pct,0.1,2.0,5,0.5,off,exchange,17,9,8,0.47058823529411764,716.9886099999858,1497.223616745,-780.2350067450143,0.7320868833506624,0.4661980842525231,-0.5412574490619729,866.4522778850078,10.470588235294118,0.47058823529411764,0.47058823529411764,0.0,0.058823529411764705,0.0,-45.89617686735378
1,pct,0.1,2.0,5,0.5,off,cfd_std,17,9,8,0.47058823529411764,826.3317599999864,351.0,475.3317599999864,0.16599122896671312,1.5358151652500986,0.32667051955127335,297.5641800000012,9.882352941176471,0.47058823529411764,0.5294117647058824,0.0,0.0,0.0,27.960691764705082
1,pct,0.1,2.0,5,0.5,off,cfd_raw,17,9,8,0.47058823529411764,812.9406099999906,310.0,502.94060999999056,0.15157851592809832,1.6197421408063848,0.34631152310086843,299.0476800000033,10.0,0.47058823529411764,0.47058823529411764,0.0,0.058823529411764705,0.0,29.584741764705328
1,pct,0.1,2.0,5,0.5,bar,none,21,10,11,0.7142857142857143,1119.9398062351684,0.0,1119.9398062351684,0.0,3.5733230546701464,0.6246819996928635,168.0798700000014,7.428571428571429,0.38095238095238093,0.23809523809523808,0.3333333333333333,0.047619047619047616,0.0,53.33046696357945
1,pct,0.1,2.0,5,0.5,bar,exchange,21,10,11,0.42857142857142855,1145.9298062351445,1856.224076445296,-710.2942702101518,0.9298057624087699,0.49137781165673833,-0.3986289725539545,796.511541350148,7.380952380952381,0.38095238095238093,0.23809523809523808,0.3333333333333333,0.047619047619047616,0.0,-33.823536676673896
1,pct,0.1,2.0,5,0.5,bar,cfd_std,20,10,10,0.5,977.3391628007521,445.5,531.8391628007521,0.22510699371783782,1.7253320605779683,0.3111556875505285,211.12234727035684,7.4,0.35,0.35,0.3,0.0,0.0,26.591958140037605
1,pct,0.1,2.0,5,0.5,bar,cfd_raw,21,10,11,0.5238095238095238,1141.6775413548894,406.0,735.6775413548894,0.2101322503609415,2.2793834342785613,0.41009882914886253,196.0798700000014,7.0476190476190474,0.3333333333333333,0.23809523809523808,0.38095238095238093,0.047619047619047616,0.0,35.03226387404235
1,pct,0.1,2.0,5,0.5,tick,none,21,10,11,0.8095238095238095,1025.0060185949987,0.0,1025.0060185949987,0.0,4.014329948074434,0.5733521784557611,85.87099999999919,6.238095238095238,0.23809523809523808,0.19047619047619047,0.5714285714285714,0.0,0.0,48.80981040928565
1,pct,0.1,2.0,5,0.5,tick,exchange,21,10,11,0.2857142857142857,1042.9980185949971,1862.2455765475381,-819.247557952541,1.0908858466808753,0.3490102651491193,-0.4577798567665311,928.6021906205133,6.238095238095238,0.23809523809523808,0.19047619047619047,0.5714285714285714,0.0,0.0,-39.01178847393052
1,pct,0.1,2.0,5,0.5,tick,cfd_std,21,10,11,0.7142857142857143,1145.189518594998,499.5,645.6895185949979,0.2904310692517549,2.5028957445733533,0.3615647120871649,116.84949322334433,5.9523809523809526,0.23809523809523808,0.19047619047619047,0.5714285714285714,0.0,0.0,30.74711993309514
1,pct,0.1,2.0,5,0.5,tick,cfd_raw,21,10,11,0.7142857142857143,1096.9740185949922,422.0,674.9740185949922,0.2463377948607103,2.605716980745046,0.37780794628137765,107.06274730311998,5.9523809523809526,0.23809523809523808,0.19047619047619047,0.5714285714285714,0.0,0.0,32.141619933094866
1,pct,0.1,2.0,5,1.0,off,none,8,2,6,0.625,424.95871000000625,0.0,424.95871000000625,0.0,2.658942634006538,0.6288132442132259,171.68184000000474,10.75,0.5,0.375,0.0,0.125,0.0,53.11983875000078
1,pct,0.1,2.0,5,1.0,off,exchange,8,2,6,0.5,438.95270999999775,703.5499967149999,-264.59728671500227,0.7490363607675063,0.5619539900683196,-0.3857179023996873,347.4435189200012,10.75,0.5,0.375,0.0,0.125,0.0,-33.074660839375284
1,pct,0.1,2.0,5,1.0,off,cfd_std,8,2,6,0.5,444.8533599999937,162.0,282.8533599999937,0.15880160233561588,1.7149193362695287,0.41880010312057314,199.91733999999997,10.25,0.5,0.5,0.0,0.0,0.0,35.35666999999921
1,pct,0.1,2.0,5,1.0,off,cfd_raw,8,2,6,0.5,480.93471000000136,144.0,336.93471000000136,0.15234169980901005,2.0609296949387623,0.4992756195392185,199.66584000000148,10.875,0.5,0.375,0.0,0.125,0.0,42.11683875000017
1,pct,0.1,2.0,5,1.0,bar,none,9,3,6,0.7777777777777778,469.0582395176316,0.0,469.0582395176316,0.0,3.753472096483145,0.6152688133692872,85.87099999999919,5.0,0.3333333333333333,0.2222222222222222,0.3333333333333333,0.1111111111111111,0.0,52.11758216862573
1,pct,0.1,2.0,5,1.0,bar,exchange,9,3,6,0.4444444444444444,479.0542395176162,795.424888132454,-316.37064861483793,0.9798801309331175,0.4498929797234478,-0.41060364188420045,398.94797980484145,5.0,0.3333333333333333,0.2222222222222222,0.3333333333333333,0.1111111111111111,0.0,-35.15229429053755
1,pct,0.1,2.0,5,1.0,bar,cfd_std,9,3,6,0.4444444444444444,461.96638951762,202.5,259.46638951762,0.22685029446616728,1.8218165418457406,0.3410976163178309,100.61999999999534,4.777777777777778,0.3333333333333333,0.3333333333333333,0.3333333333333333,0.0,0.0,28.829598835291108
1,pct,0.1,2.0,5,1.0,bar,cfd_raw,9,3,6,0.4444444444444444,509.04223951762833,174.0,335.04223951762833,0.2127801793436603,2.4749293815297553,0.4405138594174011,99.86299999999756,5.111111111111111,0.3333333333333333,0.2222222222222222,0.3333333333333333,0.1111111111111111,0.0,37.2269155019587
1,pct,0.1,2.0,5,1.0,tick,none,9,3,6,0.7777777777777778,529.5190384561283,0.0,529.5190384561283,0.0,4.108389905792772,0.6941740537240599,85.87099999999919,4.111111111111111,0.3333333333333333,0.2222222222222222,0.4444444444444444,0.0,0.0,58.83544871734759
1,pct,0.1,2.0,5,1.0,tick,exchange,9,3,6,0.4444444444444444,539.515038456113,795.412507732985,-255.89746927687193,0.9119421766909234,0.5121108548273016,-0.3316820431923012,363.2879998048593,4.111111111111111,0.3333333333333333,0.2222222222222222,0.4444444444444444,0.0,0.0,-28.433052141874658
1,pct,0.1,2.0,5,1.0,tick,cfd_std,9,3,6,0.7777777777777778,595.7295384561294,202.5,393.2295384561294,0.22882451227075726,2.9798676803385797,0.5166806818183761,100.61999999999534,4.222222222222222,0.3333333333333333,0.2222222222222222,0.4444444444444444,0.0,0.0,43.692170939569934
1,pct,0.1,2.0,5,1.0,tick,cfd_raw,9,3,6,0.7777777777777778,569.5030384561251,174.0,395.50303845612507,0.1981311589393953,2.993949825227687,0.519419099772174,99.86299999999756,4.222222222222222,0.3333333333333333,0.2222222222222222,0.4444444444444444,0.0,0.0,43.944782050680566
1,pct,0.1,2.0,5,2.0,off,none,2,1,1,0.5,86.47117000000435,0.0,86.47117000000435,0.0,2.0235630568220917,0.5000000000000258,84.48054999999295,10.0,0.5,0.5,0.0,0.0,0.0,43.235585000002175
1,pct,0.1,2.0,5,2.0,off,exchange,2,1,1,0.5,90.46516999999585,175.827694865,-85.36252486500413,0.688358881134182,0.500575727986053,-0.5111165047045435,170.92185872500704,10.0,0.5,0.5,0.0,0.0,0.0,-42.681262432502066
1,pct,0.1,2.0,5,2.0,off,cfd_std,2,1,1,0.5,113.43067000000156,40.5,72.93067000000156,0.15856313144097317,1.7442356959428262,0.41986211262349327,97.99404999999388,10.5,0.5,0.5,0.0,0.0,0.0,36.46533500000078
1,pct,0.1,2.0,5,2.0,off,cfd_raw,2,1,1,0.5,102.44716999999946,36.0,66.44716999999946,0.14094197078453666,1.674668984364204,0.3819021203765516,98.48854999999458,10.0,0.5,0.5,0.0,0.0,0.0,33.22358499999973
1,pct,0.1,2.0,5,2.0,bar,none,2,1,1,0.5,-63.95933887679712,0.0,-63.95933887679712,0.0,0.2429104820363686,-0.37995902513760627,84.48054999999295,3.0,0.0,0.5,0.5,0.0,0.0,-31.97966943839856
1,pct,0.1,2.0,5,2.0,bar,exchange,2,1,1,0.0,-61.9613388768048,177.9049081194384,-239.8662469962432,1.727169048775387,0.0,-1.4149022176019572,239.86624699624372,3.0,0.0,0.5,0.5,0.0,0.0,-119.9331234981216
1,pct,0.1,2.0,5,2.0,bar,cfd_std,2,1,1,0.0,-50.47283887679805,54.0,-104.47283887679805,0.5900655184418914,0.0,-0.6178783024878586,104.47283887679805,3.0,0.0,0.5,0.5,0.0,0.0,-52.236419438399025
1,pct,0.1,2.0,5,2.0,bar,cfd_raw,2,1,1,0.0,-55.96733887679875,44.0,-99.96733887679875,0.4535626053560264,0.0,-0.5915569877084573,99.96733887679875,3.0,0.0,0.5,0.5,0.0,0.0,-49.983669438399374
1,pct,0.1,2.0,5,2.0,tick,none,2,1,1,0.5,-56.00933887680003,0.0,-56.00933887680003,0.0,0.3370149830131941,-0.33345466706506344,84.48054999999295,2.5,0.0,0.5,0.5,0.0,0.0,-28.004669438400015
1,pct,0.1,2.0,5,2.0,tick,exchange,2,1,1,0.0,-54.01133887680771,177.9009331194384,-231.9122719962461,1.60337902310416,0.0,-1.368374607350378,231.912271996247,2.5,0.0,0.5,0.5,0.0,0.0,-115.95613599812305
1,pct,0.1,2.0,5,2.0,tick,cfd_std,2,1,1,0.5,-42.52283887680096,54.0,-96.52283887680096,0.5429031140140628,0.015013269919888071,-0.5713739444153157,97.99404999999388,2.5,0.0,0.5,0.5,0.0,0.0,-48.26141943840048
1,pct,0.1,2.0,5,2.0,tick,cfd_raw,2,1,1,0.5,-48.01733887680166,44.0,-92.01733887680166,0.419208271142679,0.06570521266881553,-0.5450526296359145,98.48854999999458,2.5,0.0,0.5,0.5,0.0,0.0,-46.00866943840083
1,pct,0.1,2.0,8,0.5,off,none,11,5,6,0.7272727272727273,1102.943060000005,0.0,1102.943060000005,0.0,5.311688296457609,1.1818181818181872,85.87983999999415,10.636363636363637,0.7272727272727273,0.2727272727272727,0.0,0.0,0.0,100.26755090909137
1,pct,0.1,2.0,8,0.5,off,exchange,11,5,6,0.7272727272727273,1124.9330600000103,962.95968708,161.97337292001032,0.5927572125722108,1.3129517142817912,0.17564070680376934,261.1186887449876,10.636363636363637,0.7272727272727273,0.2727272727272727,0.0,0.0,0.0,14.724852083637302
1,pct,0.1,2.0,8,0.5,off,cfd_std,10,5,5,0.7,922.1077200000145,189.0,733.1077200000145,0.13971634064068045,3.4740693533970366,0.86433198362745,198.32250999999815,14.3,0.6,0.3,0.0,0.1,0.0,73.31077200000145
1,pct,0.1,2.0,8,0.5,off,cfd_raw,11,5,6,0.7272727272727273,1051.5045600000158,186.0,865.5045600000158,0.12276201221669454,3.906220339835723,0.926475654884806,99.88783999999578,12.272727272727273,0.6363636363636364,0.2727272727272727,0.0,0.09090909090909091,0.0,78.68223272727415
1,pct,0.1,2.0,8,0.5,bar,none,13,5,8,0.8461538461538461,1127.5123568897543,0.0,1127.5123568897543,0.0,7.635422497818571,1.0200681944105776,85.442670000004,6.153846153846154,0.5384615384615384,0.15384615384615385,0.3076923076923077,0.0,0.0,86.73171976075034
1,pct,0.1,2.0,8,0.5,bar,exchange,13,5,8,0.5384615384615384,1145.508356889768,1144.5897534537683,0.9186034359999269,0.7747561762844271,1.0015456825929314,0.0021471248888208336,218.65296082163695,6.153846153846154,0.5384615384615384,0.15384615384615385,0.3076923076923077,0.0,0.0,0.07066180276922515
1,pct,0.1,2.0,8,0.5,bar,cfd_std,13,5,8,0.6923076923076923,1059.4482322639815,283.5,775.9482322639815,0.21073449991658874,4.412501136997123,0.7017362883220939,98.92917000000307,6.384615384615385,0.38461538461538464,0.15384615384615385,0.46153846153846156,0.0,0.0,59.68832555876781
1,pct,0.1,2.0,8,0.5,bar,cfd_raw,13,5,8,0.6923076923076923,1094.0209148791328,238.0,856.0209148791328,0.16977355180691905,4.9197964603162365,0.7737818626942826,99.43467000000237,6.230769230769231,0.46153846153846156,0.15384615384615385,0.38461538461538464,0.0,0.0,65.84776268301022
1,pct,0.1,2.0,8,0.5,tick,none,13,5,8,0.8461538461538461,950.7125672658294,0.0,950.7125672658294,0.0,6.594953810702543,0.8614797455710284,85.442670000004,5.538461538461538,0.38461538461538464,0.15384615384615385,0.46153846153846156,0.0,0.0,73.13173594352534
1,pct,0.1,2.0,8,0.5,tick,exchange,13,5,8,0.38461538461538464,964.7085672658577,1148.5656621205128,-183.8570948546549,0.8858595706961823,0.6974821796198919,-0.16360333588619225,421.6855901572999,5.538461538461538,0.38461538461538464,0.15384615384615385,0.46153846153846156,0.0,0.0,-14.142853450358068
1,pct,0.1,2.0,8,0.5,tick,cfd_std,13,5,8,0.7692307692307693,899.6224932081241,310.5,589.1224932081241,0.2619216677064024,3.8790178492027296,0.5346982485099229,98.92917000000307,5.615384615384615,0.23076923076923078,0.15384615384615385,0.6153846153846154,0.0,0.0,45.31711486216339
1,pct,0.1,2.0,8,0.5,tick,cfd_raw,13,5,8,0.7692307692307693,935.491125255212,254.0,681.491125255212,0.2042888488999078,4.396820117633567,0.6177633569181916,99.43467000000237,5.538461538461538,0.3076923076923077,0.15384615384615385,0.5384615384615384,0.0,0.0,52.42239425040092
1,pct,0.1,2.0,8,1.0,off,none,5,3,2,0.6,337.4226100000087,0.0,337.4226100000087,0.0,2.980640041972399,0.8000000000000206,85.87983999999415,6.6,0.6,0.4,0.0,0.0,0.0,67.48452200000175
1,pct,0.1,2.0,8,1.0,off,exchange,5,3,2,0.6,347.4146100000071,438.081234805,-90.66662480499292,0.6441012898838763,0.7369248942018546,-0.20901126603963843,259.01017192500876,6.6,0.6,0.4,0.0,0.0,0.0,-18.133324960998586
1,pct,0.1,2.0,8,1.0,off,cfd_std,5,3,2,0.6,259.9591100000107,108.0,151.9591100000107,0.19753668462001184,1.7698521673548608,0.3602324618511827,99.39333999999508,10.2,0.4,0.4,0.0,0.2,0.0,30.39182200000214
1,pct,0.1,2.0,8,1.0,off,cfd_raw,5,3,2,0.6,237.9921100000065,94.0,143.9921100000065,0.17192661828078942,1.7258530614455354,0.3415480138590678,99.88783999999578,10.2,0.4,0.4,0.0,0.2,0.0,28.798422000001302
1,pct,0.1,2.0,8,1.0,bar,none,5,3,2,0.8,437.40463221295795,0.0,437.40463221295795,0.0,6.177577942058787,1.0328416592600966,84.48054999999295,4.8,0.6,0.2,0.2,0.0,0.0,87.4809264425916
1,pct,0.1,2.0,8,1.0,bar,exchange,5,3,2,0.6,445.398632212964,438.1302268161064,7.268405396857531,0.7178182511395288,1.0294617426178512,0.019063286036495986,170.9218587249925,4.8,0.6,0.2,0.2,0.0,0.0,1.4536810793715063
1,pct,0.1,2.0,8,1.0,bar,cfd_std,5,3,2,0.6,380.3776902023383,108.0,272.3776902023383,0.20675167100465894,3.456245851367779,0.6422376385399856,97.99404999999388,5.0,0.4,0.2,0.4,0.0,0.0,54.475538040467654
1,pct,0.1,2.0,8,1.0,bar,cfd_raw,5,3,2,0.6,363.9051902023348,94.0,269.9051902023348,0.181859587340873,3.5370279652992904,0.636348975914962,98.48854999999458,5.0,0.4,0.2,0.4,0.0,0.0,53.981038040466956
1,pct,0.1,2.0,8,1.0,tick,none,5,3,2,0.8,455.2546322129492,0.0,455.2546322129492,0.0,6.388869180101067,1.07441136875185,84.48054999999295,4.8,0.6,0.2,0.2,0.0,0.0,91.05092644258984
1,pct,0.1,2.0,8,1.0,tick,exchange,5,3,2,0.6,463.2486322129553,438.1391518161064,25.109480396848824,0.697436444556393,1.1097128278765345,0.06061221067350344,170.9218587249925,4.8,0.6,0.2,0.2,0.0,0.0,5.021896079369765
1,pct,0.1,2.0,8,1.0,tick,cfd_std,5,3,2,0.8,432.49769020231906,108.0,324.49769020231906,0.18799420602199315,4.311401969837346,0.7652027313910252,97.99404999999388,4.8,0.4,0.2,0.4,0.0,0.0,64.89953804046381
1,pct,0.1,2.0,8,1.0,tick,cfd_raw,5,3,2,0.8,416.02519020231557,94.0,322.02519020231557,0.1652014440338702,4.269671349637428,0.7593140687660016,98.48854999999458,4.8,0.4,0.2,0.4,0.0,0.0,64.40503804046311
1,pct,0.1,2.0,8,2.0,off,none,1,1,0,0.0,-84.48054999999295,0.0,-84.48054999999295,0.0,0.0,-0.9999999999999164,84.48054999999295,1.0,0.0,1.0,0.0,0.0,0.0,-84.48054999999295
1,pct,0.1,2.0,8,2.0,off,exchange,1,1,0,0.0,-82.48255000000063,88.439308725,-170.92185872500062,1.0722184113488165,0.0,-2.0232095875914706,170.92185872500704,1.0,0.0,1.0,0.0,0.0,0.0,-170.92185872500062
1,pct,0.1,2.0,8,2.0,off,cfd_std,1,1,0,0.0,-70.99404999999388,27.0,-97.99404999999388,0.38031356148863643,0.0,-1.1599598960943538,97.99404999999388,1.0,0.0,1.0,0.0,0.0,0.0,-97.99404999999388
1,pct,0.1,2.0,8,2.0,off,cfd_raw,1,1,0,0.0,-76.48854999999458,22.0,-98.48854999999458,0.28762474906376917,0.0,-1.1658133144255638,98.48854999999458,1.0,0.0,1.0,0.0,0.0,0.0,-98.48854999999458
1,pct,0.1,2.0,8,2.0,bar,none,1,1,0,0.0,-84.48054999999295,0.0,-84.48054999999295,0.0,0.0,-0.9999999999999164,84.48054999999295,1.0,0.0,1.0,0.0,0.0,0.0,-84.48054999999295
1,pct,0.1,2.0,8,2.0,bar,exchange,1,1,0,0.0,-82.48255000000063,88.439308725,-170.92185872500062,1.0722184113488165,0.0,-2.0232095875914706,170.92185872500704,1.0,0.0,1.0,0.0,0.0,0.0,-170.92185872500062
1,pct,0.1,2.0,8,2.0,bar,cfd_std,1,1,0,0.0,-70.99404999999388,27.0,-97.99404999999388,0.38031356148863643,0.0,-1.1599598960943538,97.99404999999388,1.0,0.0,1.0,0.0,0.0,0.0,-97.99404999999388
1,pct,0.1,2.0,8,2.0,bar,cfd_raw,1,1,0,0.0,-76.48854999999458,22.0,-98.48854999999458,0.28762474906376917,0.0,-1.1658133144255638,98.48854999999458,1.0,0.0,1.0,0.0,0.0,0.0,-98.48854999999458
1,pct,0.1,2.0,8,2.0,tick,none,1,1,0,0.0,-84.48054999999295,0.0,-84.48054999999295,0.0,0.0,-0.9999999999999164,84.48054999999295,1.0,0.0,1.0,0.0,0.0,0.0,-84.48054999999295
1,pct,0.1,2.0,8,2.0,tick,exchange,1,1,0,0.0,-82.48255000000063,88.439308725,-170.92185872500062,1.0722184113488165,0.0,-2.0232095875914706,170.92185872500704,1.0,0.0,1.0,0.0,0.0,0.0,-170.92185872500062
1,pct,0.1,2.0,8,2.0,tick,cfd_std,1,1,0,0.0,-70.99404999999388,27.0,-97.99404999999388,0.38031356148863643,0.0,-1.1599598960943538,97.99404999999388,1.0,0.0,1.0,0.0,0.0,0.0,-97.99404999999388
1,pct,0.1,2.0,8,2.0,tick,cfd_raw,1,1,0,0.0,-76.48854999999458,22.0,-98.48854999999458,0.28762474906376917,0.0,-1.1658133144255638,98.48854999999458,1.0,0.0,1.0,0.0,0.0,0.0,-98.48854999999458
1,pct,0.1,2.5,3,0.5,off,none,17,8,9,0.4117647058823529,423.35738000001584,0.0,423.35738000001584,0.0,1.4977111622564743,0.2959121149238775,342.2390999999916,16.529411764705884,0.35294117647058826,0.5882352941176471,0.0,0.058823529411764705,0.0,24.90337529411858
1,pct,0.1,2.5,3,0.5,off,exchange,17,8,9,0.35294117647058826,455.34337999999116,1499.109127535,-1043.7657475350088,0.708273374270439,0.4223161572612542,-0.7205145659274687,1084.11029402251,16.352941176470587,0.35294117647058826,0.5882352941176471,0.0,0.058823529411764705,0.0,-61.39798514911816
1,pct,0.1,2.5,3,0.5,off,cfd_std,18,9,9,0.2777777777777778,197.2362699999794,418.5,-221.2637300000206,0.20339838804371682,0.8272930230835704,-0.14252373309713012,480.5272549999936,15.333333333333334,0.2777777777777778,0.7222222222222222,0.0,0.0,0.0,-12.292429444445588
1,pct,0.1,2.5,3,0.5,off,cfd_raw,17,8,9,0.29411764705882354,255.30309000000125,334.0,-78.69690999999875,0.17130892394191932,0.9290139823681318,-0.05276604596887742,398.25509999999485,17.058823529411764,0.29411764705882354,0.6470588235294118,0.0,0.058823529411764705,0.0,-4.629229999999927
1,pct,0.1,2.5,3,0.5,bar,none,24,14,10,0.6666666666666666,1261.3249394850864,0.0,1261.3249394850864,0.0,3.8274996434497224,0.6173841087719604,251.82675000000745,8.875,0.25,0.20833333333333334,0.5,0.041666666666666664,0.0,52.5552058118786
1,pct,0.1,2.5,3,0.5,bar,exchange,24,14,10,0.375,1283.3129394850985,2127.2577080529245,-843.9447685678263,0.9868971481510472,0.4841726591732921,-0.4127383200704293,884.2893150553282,8.833333333333334,0.25,0.20833333333333334,0.5,0.041666666666666664,0.0,-35.16436535699276
1,pct,0.1,2.5,3,0.5,bar,cfd_std,23,14,9,0.5217391304347826,948.8595004764211,553.5,395.3595004764211,0.2643764897064228,1.4579887462426038,0.20227505045296337,292.3132500000065,9.304347826086957,0.21739130434782608,0.34782608695652173,0.43478260869565216,0.0,0.0,17.18954349897483
1,pct,0.1,2.5,3,0.5,bar,cfd_raw,24,14,10,0.5416666666666666,1117.4711290305713,488.0,629.4711290305713,0.23638255697422622,1.8905952640357795,0.3080914410939195,293.8187500000058,8.916666666666666,0.20833333333333334,0.25,0.5,0.041666666666666664,0.0,26.22796370960714
1,pct,0.1,2.5,3,0.5,tick,none,27,16,11,0.7407407407407407,954.8808315869101,0.0,954.8808315869101,0.0,3.58373414325524,0.41501133096176795,167.88177000000724,6.518518518518518,0.1111111111111111,0.14814814814814814,0.7407407407407407,0.0,0.0,35.365956725441116
1,pct,0.1,2.5,3,0.5,tick,exchange,26,15,11,0.15384615384615385,997.192984109337,2311.6031523688507,-1314.4101682595137,1.362357782418276,0.23130858608520297,-0.5941252186206081,1379.567914084997,6.8076923076923075,0.11538461538461539,0.15384615384615385,0.7307692307692307,0.0,0.0,-50.55423724075053
1,pct,0.1,2.5,3,0.5,tick,cfd_std,26,15,11,0.5384615384615384,1012.7777103794215,661.5,351.2777103794215,0.37797314195332365,1.542988598475191,0.15870599300610103,208.8016273031244,6.884615384615385,0.11538461538461539,0.19230769230769232,0.6923076923076923,0.0,0.0,13.510681168439287
1,pct,0.1,2.5,3,0.5,tick,cfd_raw,26,15,11,0.5384615384615384,968.8079603794322,548.0,420.8079603794322,0.3111653388887867,1.684889437099712,0.1899696064513949,204.8016273031244,6.884615384615385,0.11538461538461539,0.19230769230769232,0.6923076923076923,0.0,0.0,16.184921553055084
1,pct,0.1,2.5,3,1.0,off,none,11,6,5,0.45454545454545453,339.13536000001477,0.0,339.13536000001477,0.0,1.6630611060794407,0.36640963215508243,257.55113999999594,12.0,0.36363636363636365,0.5454545454545454,0.0,0.09090909090909091,0.0,30.830487272728615
1,pct,0.1,2.5,3,1.0,off,exchange,11,6,5,0.36363636363636365,359.13136000001396,970.84319219,-611.7118321899861,0.7148656458380923,0.4540884494462402,-0.6506194175323878,652.0563786774874,11.818181818181818,0.36363636363636365,0.5454545454545454,0.0,0.09090909090909091,0.0,-55.610166562726015
1,pct,0.1,2.5,3,1.0,off,cfd_std,12,7,5,0.3333333333333333,328.0992899999692,270.0,58.09928999996919,0.18293055852337806,1.0735494277372764,0.06104346037131916,397.7713599999988,9.5,0.3333333333333333,0.6666666666666666,0.0,0.0,0.0,4.841607499997433
1,pct,0.1,2.5,3,1.0,off,cfd_raw,11,6,5,0.36363636363636365,419.11935999999696,210.0,209.11935999999696,0.15600741775155041,1.340078349660022,0.22733262922461162,299.55913999999757,11.818181818181818,0.36363636363636365,0.5454545454545454,0.0,0.09090909090909091,0.0,19.01085090909063
1,pct,0.1,2.5,3,1.0,bar,none,13,8,5,0.6923076923076923,452.8764885296405,0.0,452.8764885296405,0.0,2.3322028245979123,0.41126234975658565,86.19322000000102,5.538461538461538,0.23076923076923078,0.3076923076923077,0.38461538461538464,0.07692307692307693,0.0,34.8366529638185
1,pct,0.1,2.5,3,1.0,bar,exchange,13,8,5,0.3076923076923077,466.86748852964956,1152.7907044080832,-685.9232158784339,1.0194770646339846,0.35988966075202955,-0.6173811621670665,726.2677623659401,5.538461538461538,0.23076923076923078,0.3076923076923077,0.38461538461538464,0.07692307692307693,0.0,-52.76332429834107
1,pct,0.1,2.5,3,1.0,bar,cfd_std,13,8,5,0.38461538461538464,474.0133885296091,310.5,163.51338852960907,0.261490576275025,1.2959617617633918,0.14971057173866403,191.91971154382918,5.3076923076923075,0.23076923076923078,0.38461538461538464,0.38461538461538464,0.0,0.0,12.577952963816083
1,pct,0.1,2.5,3,1.0,bar,cfd_raw,13,8,5,0.38461538461538464,508.84048852963315,262.0,246.84048852963315,0.23293781855858056,1.5352505497282964,0.22546392484789674,172.90871154383058,5.538461538461538,0.23076923076923078,0.3076923076923077,0.38461538461538464,0.07692307692307693,0.0,18.987729886894858
1,pct,0.1,2.5,3,1.0,tick,none,13,8,5,0.6923076923076923,532.8621185343072,0.0,532.8621185343072,0.0,2.5674923238726937,0.4833959588805611,86.19322000000102,4.769230769230769,0.23076923076923078,0.3076923076923077,0.46153846153846156,0.0,0.0,40.98939373340825
1,pct,0.1,2.5,3,1.0,tick,exchange,13,8,5,0.3076923076923077,546.8531185343163,1152.796036424147,-605.9429178898308,0.9521320081548018,0.3949373953579279,-0.545252136008193,671.1006637153041,4.769230769230769,0.23076923076923078,0.3076923076923077,0.46153846153846156,0.0,0.0,-46.610993683833144
1,pct,0.1,2.5,3,1.0,tick,cfd_std,13,8,5,0.5384615384615384,627.3013685342885,310.5,316.8013685342885,0.25891256072509494,1.7184986721635802,0.2887749828866358,163.27971154384431,4.769230769230769,0.23076923076923078,0.3076923076923077,0.46153846153846156,0.0,0.0,24.369336041099114
1,pct,0.1,2.5,3,1.0,tick,cfd_raw,13,8,5,0.5384615384615384,588.8261185342999,262.0,326.8261185342999,0.21747262768220152,1.7549511263208568,0.29759753397187216,144.2687115438457,4.769230769230769,0.23076923076923078,0.3076923076923077,0.46153846153846156,0.0,0.0,25.140470656484606
1,pct,0.1,2.5,3,2.0,off,none,1,1,0,0.0,-84.47551000000385,0.0,-84.47551000000385,0.0,0.0,-1.0000000000000455,84.47551000000385,1.0,0.0,1.0,0.0,0.0,0.0,-84.47551000000385
1,pct,0.1,2.5,3,2.0,off,exchange,1,1,0,0.0,-82.47750999999698,88.43427124499999,-170.91178124499697,1.0722228549940853,0.0,-2.0232110021590515,170.91178124499856,1.0,0.0,1.0,0.0,0.0,0.0,-170.91178124499697
1,pct,0.1,2.5,3,2.0,off,cfd_std,1,1,0,0.0,-70.98901000000478,27.0,-97.98901000000478,0.3803405625743785,0.0,-1.1599694396636941,97.98901000000478,1.0,0.0,1.0,0.0,0.0,0.0,-97.98901000000478
1,pct,0.1,2.5,3,2.0,off,cfd_raw,1,1,0,0.0,-76.48351000000548,22.0,-98.48351000000548,0.2876437025444887,0.0,-1.1658232072230814,98.48351000000548,1.0,0.0,1.0,0.0,0.0,0.0,-98.48351000000548
1,pct,0.1,2.5,3,2.0,bar,none,1,1,0,0.0,-84.47551000000385,0.0,-84.47551000000385,0.0,0.0,-1.0000000000000455,84.47551000000385,1.0,0.0,1.0,0.0,0.0,0.0,-84.47551000000385
1,pct,0.1,2.5,3,2.0,bar,exchange,1,1,0,0.0,-82.47750999999698,88.43427124499999,-170.91178124499697,1.0722228549940853,0.0,-2.0232110021590515,170.91178124499856,1.0,0.0,1.0,0.0,0.0,0.0,-170.91178124499697
1,pct,0.1,2.5,3,2.0,bar,cfd_std,1,1,0,0.0,-70.98901000000478,27.0,-97.98901000000478,0.3803405625743785,0.0,-1.1599694396636941,97.98901000000478,1.0,0.0,1.0,0.0,0.0,0.0,-97.98901000000478
1,pct,0.1,2.5,3,2.0,bar,cfd_raw,1,1,0,0.0,-76.48351000000548,22.0,-98.48351000000548,0.2876437025444887,0.0,-1.1658232072230814,98.48351000000548,1.0,0.0,1.0,0.0,0.0,0.0,-98.48351000000548
1,pct,0.1,2.5,3,2.0,tick,none,1,1,0,0.0,-84.47551000000385,0.0,-84.47551000000385,0.0,0.0,-1.0000000000000455,84.47551000000385,1.0,0.0,1.0,0.0,0.0,0.0,-84.47551000000385
1,pct,0.1,2.5,3,2.0,tick,exchange,1,1,0,0.0,-82.47750999999698,88.43427124499999,-170.91178124499697,1.0722228549940853,0.0,-2.0232110021590515,170.91178124499856,1.0,0.0,1.0,0.0,0.0,0.0,-170.91178124499697
1,pct,0.1,2.5,3,2.0,tick,cfd_std,1,1,0,0.0,-70.98901000000478,27.0,-97.98901000000478,0.3803405625743785,0.0,-1.1599694396636941,97.98901000000478,1.0,0.0,1.0,0.0,0.0,0.0,-97.98901000000478
1,pct,0.1,2.5,3,2.0,tick,cfd_raw,1,1,0,0.0,-76.48351000000548,22.0,-98.48351000000548,0.2876437025444887,0.0,-1.1658232072230814,98.48351000000548,1.0,0.0,1.0,0.0,0.0,0.0,-98.48351000000548
1,pct,0.1,2.5,5,0.5,off,none,16,7,9,0.4375,512.62701500002,0.0,512.62701500002,0.0,1.6696429000640538,0.37690662210662307,256.6197000000102,14.375,0.375,0.5625,0.0,0.0625,0.0,32.03918843750125
1,pct,0.1,2.5,5,0.5,off,exchange,16,7,9,0.375,542.6150149999885,1411.7385216625,-869.1235066625114,0.6928217183373647,0.4683225365120537,-0.6391062116977391,1038.7724270750186,14.3125,0.375,0.5625,0.0,0.0625,0.0,-54.320219166406964
1,pct,0.1,2.5,5,0.5,off,cfd_std,15,6,9,0.4,711.6096149999939,324.0,387.60961499999394,0.16188543893614182,1.4365450686801404,0.30369598076263304,297.13320000001113,14.266666666666667,0.4,0.6,0.0,0.0,0.0,25.840640999999597
1,pct,0.1,2.5,5,0.5,off,cfd_raw,15,6,9,0.4,709.2019650000002,282.0,427.2019650000002,0.14513504361618157,1.5258918821242948,0.3353023506963229,298.6277000000118,14.4,0.4,0.5333333333333333,0.0,0.06666666666666667,0.0,28.480131000000014
1,pct,0.1,2.5,5,0.5,bar,none,21,10,11,0.7142857142857143,1216.0780418708746,0.0,1216.0780418708746,0.0,3.794223085921223,0.6789768463384377,168.0798700000014,7.714285714285714,0.2857142857142857,0.23809523809523808,0.42857142857142855,0.047619047619047616,0.0,57.908478184327365
1,pct,0.1,2.5,5,0.5,bar,exchange,21,10,11,0.38095238095238093,1238.066041870843,1860.1755475129944,-622.1095056421512,0.8906783487579448,0.5555672071645539,-0.3487651861728579,791.7584260546573,7.666666666666667,0.2857142857142857,0.23809523809523808,0.42857142857142855,0.047619047619047616,0.0,-29.624262173435774
1,pct,0.1,2.5,5,0.5,bar,cfd_std,19,9,10,0.5263157894736842,1131.1741131649178,432.0,699.1741131649178,0.20254172487720004,1.9858123999117143,0.43155092343834833,211.12234727035684,8.052631578947368,0.3157894736842105,0.3684210526315789,0.3157894736842105,0.0,0.0,36.79863753499567
1,pct,0.1,2.5,5,0.5,bar,cfd_raw,20,9,11,0.55,1301.028991719053,392.0,909.028991719053,0.18742815988240225,2.6348674430118897,0.5329087906011921,196.0798700000014,7.55,0.3,0.25,0.4,0.05,0.0,45.45144958595265
1,pct,0.1,2.5,5,0.5,tick,none,21,10,11,0.8095238095238095,1237.2127085950196,0.0,1237.2127085950196,0.0,4.638385777254452,0.6923997975033919,85.87099999999919,6.380952380952381,0.23809523809523808,0.19047619047619047,0.5714285714285714,0.0,0.0,58.91489088547713
1,pct,0.1,2.5,5,0.5,tick,exchange,21,10,11,0.2857142857142857,1255.2037085949996,1862.223756382538,-607.0200477875385,0.9702616906748787,0.5176502924879388,-0.3387208795741841,801.4821675380226,6.380952380952381,0.23809523809523808,0.19047619047619047,0.5714285714285714,0.0,0.0,-28.90571656131136
1,pct,0.1,2.5,5,0.5,tick,cfd_std,21,10,11,0.7142857142857143,1174.9565294573258,526.5,648.4565294573258,0.30092174139079547,2.509336191150881,0.3632296913664551,116.84949322334433,6.142857142857143,0.14285714285714285,0.19047619047619047,0.6666666666666666,0.0,0.0,30.878882355110754
1,pct,0.1,2.5,5,0.5,tick,cfd_raw,21,10,11,0.7142857142857143,1180.8799245859118,430.0,750.8799245859118,0.23928760523960566,2.7862919344924006,0.4200271440160102,107.06274730311998,6.095238095238095,0.19047619047619047,0.19047619047619047,0.6190476190476191,0.0,0.0,35.75618688504342
1,pct,0.1,2.5,5,1.0,off,none,8,2,6,0.5,295.4309750000102,0.0,295.4309750000102,0.0,1.864747946109685,0.44131324421323204,257.15770000001066,13.5,0.375,0.5,0.0,0.125,0.0,36.92887187500128
1,pct,0.1,2.5,5,1.0,off,exchange,8,2,6,0.375,309.4299750000064,705.6577994875,-396.22782448749365,0.7224929879075437,0.4900748866722582,-0.5762931001945126,562.9310822249972,13.5,0.375,0.5,0.0,0.125,0.0,-49.528478060936706
1,pct,0.1,2.5,5,1.0,off,cfd_std,8,2,6,0.375,315.35937499998545,175.5,139.85937499998545,0.1696354358082967,1.282769207658345,0.21160706206092333,298.87970000000496,12.75,0.375,0.625,0.0,0.0,0.0,17.48242187499818
1,pct,0.1,2.5,5,1.0,off,cfd_raw,8,2,6,0.375,351.4269750000094,152.0,199.4269750000094,0.15659263088986766,1.4781822301642362,0.30010566928166715,299.1337000000058,13.5,0.375,0.5,0.0,0.125,0.0,24.928371875001176
1,pct,0.1,2.5,5,1.0,bar,none,9,3,6,0.7777777777777778,595.9580845176388,0.0,595.9580845176388,0.0,4.498401303173739,0.7819354800359632,85.87099999999919,5.222222222222222,0.3333333333333333,0.2222222222222222,0.3333333333333333,0.1111111111111111,0.0,66.21756494640431
1,pct,0.1,2.5,5,1.0,bar,exchange,9,3,6,0.4444444444444444,605.9530845176196,795.403480114954,-189.4503955973345,0.8473853294044026,0.6705826122980743,-0.24391049681177593,356.1536533348408,5.222222222222222,0.3333333333333333,0.2222222222222222,0.3333333333333333,0.1111111111111111,0.0,-21.05004395525939
1,pct,0.1,2.5,5,1.0,bar,cfd_std,9,3,6,0.4444444444444444,588.8594845176121,202.5,386.35948451761215,0.19861659188553754,2.2237292701604607,0.5077555255220455,100.61999999999534,4.888888888888889,0.3333333333333333,0.3333333333333333,0.3333333333333333,0.0,0.0,42.92883161306801
1,pct,0.1,2.5,5,1.0,bar,cfd_raw,9,3,6,0.4444444444444444,635.9380845176347,174.0,461.9380845176347,0.18419692350048564,3.033552707514023,0.6071753364767029,99.86299999999756,5.222222222222222,0.3333333333333333,0.2222222222222222,0.3333333333333333,0.1111111111111111,0.0,51.326453835292746
1,pct,0.1,2.5,5,1.0,tick,none,9,3,6,0.7777777777777778,656.4188834561355,0.0,656.4188834561355,0.0,4.853319112483367,0.8608407203907361,85.87099999999919,4.333333333333333,0.3333333333333333,0.2222222222222222,0.4444444444444444,0.0,0.0,72.93543149512617
1,pct,0.1,2.5,5,1.0,tick,exchange,9,3,6,0.4444444444444444,666.4138834561163,795.3910997154849,-128.97721625936853,0.7960940639444247,0.754094544329185,-0.16498889811987666,320.49367333484406,4.333333333333333,0.3333333333333333,0.2222222222222222,0.4444444444444444,0.0,0.0,-14.330801806596504
1,pct,0.1,2.5,5,1.0,tick,cfd_std,9,3,6,0.7777777777777778,722.6226334561215,202.5,520.1226334561215,0.20012833247482706,3.618760523015113,0.6833385910225908,100.61999999999534,4.333333333333333,0.3333333333333333,0.2222222222222222,0.4444444444444444,0.0,0.0,57.79140371734684
1,pct,0.1,2.5,5,1.0,tick,cfd_raw,9,3,6,0.7777777777777778,696.3988834561314,174.0,522.3988834561314,0.1731167611486433,3.633702047985772,0.6860805768314758,99.86299999999756,4.333333333333333,0.3333333333333333,0.2222222222222222,0.4444444444444444,0.0,0.0,58.044320384014604
1,pct,0.1,2.5,5,2.0,off,none,2,1,1,0.0,-169.95640999999887,0.0,-169.95640999999887,0.0,0.0,-0.9999999999999927,169.95640999999887,20.0,0.0,1.0,0.0,0.0,0.0,-84.97820499999943
1,pct,0.1,2.5,5,2.0,off,exchange,2,1,1,0.0,-165.95640999999887,177.956905655,-343.9133156549989,1.072311130705956,0.0,-2.0235364487097556,343.9133156549942,20.0,0.0,1.0,0.0,0.0,0.0,-171.95665782749944
1,pct,0.1,2.5,5,2.0,off,cfd_std,2,1,1,0.0,-142.95640999999887,54.0,-196.95640999999887,0.37773752152841855,0.0,-1.1588706430340712,196.95640999999887,20.0,0.0,1.0,0.0,0.0,0.0,-98.47820499999943
1,pct,0.1,2.5,5,2.0,off,cfd_raw,2,1,1,0.0,-153.95640999999887,44.0,-197.95640999999887,0.2857951805968996,0.0,-1.1647543274205123,197.95640999999887,20.0,0.0,1.0,0.0,0.0,0.0,-98.97820499999943
1,pct,0.1,2.5,5,2.0,bar,none,2,1,1,0.5,-63.95933887679712,0.0,-63.95933887679712,0.0,0.2429104820363686,-0.37995902513760627,84.48054999999295,3.0,0.0,0.5,0.5,0.0,0.0,-31.97966943839856
1,pct,0.1,2.5,5,2.0,bar,exchange,2,1,1,0.0,-61.9613388768048,177.9049081194384,-239.8662469962432,1.727169048775387,0.0,-1.4149022176019572,239.86624699624372,3.0,0.0,0.5,0.5,0.0,0.0,-119.9331234981216
1,pct,0.1,2.5,5,2.0,bar,cfd_std,2,1,1,0.0,-50.47283887679805,54.0,-104.47283887679805,0.5900655184418914,0.0,-0.6178783024878586,104.47283887679805,3.0,0.0,0.5,0.5,0.0,0.0,-52.236419438399025
1,pct,0.1,2.5,5,2.0,bar,cfd_raw,2,1,1,0.0,-55.96733887679875,44.0,-99.96733887679875,0.4535626053560264,0.0,-0.5915569877084573,99.96733887679875,3.0,0.0,0.5,0.5,0.0,0.0,-49.983669438399374
1,pct,0.1,2.5,5,2.0,tick,none,2,1,1,0.5,-56.00933887680003,0.0,-56.00933887680003,0.0,0.3370149830131941,-0.33345466706506344,84.48054999999295,2.5,0.0,0.5,0.5,0.0,0.0,-28.004669438400015
1,pct,0.1,2.5,5,2.0,tick,exchange,2,1,1,0.0,-54.01133887680771,177.9009331194384,-231.9122719962461,1.60337902310416,0.0,-1.368374607350378,231.912271996247,2.5,0.0,0.5,0.5,0.0,0.0,-115.95613599812305
1,pct,0.1,2.5,5,2.0,tick,cfd_std,2,1,1,0.5,-42.52283887680096,54.0,-96.52283887680096,0.5429031140140628,0.015013269919888071,-0.5713739444153157,97.99404999999388,2.5,0.0,0.5,0.5,0.0,0.0,-48.26141943840048
1,pct,0.1,2.5,5,2.0,tick,cfd_raw,2,1,1,0.5,-48.01733887680166,44.0,-92.01733887680166,0.419208271142679,0.06570521266881553,-0.5450526296359145,98.48854999999458,2.5,0.0,0.5,0.5,0.0,0.0,-46.00866943840083
1,pct,0.1,2.5,8,0.5,off,none,10,4,6,0.7,1055.4572900000057,0.0,1055.4572900000057,0.0,5.12642441196869,1.2439753581236614,85.85688999999547,19.1,0.6,0.3,0.0,0.1,0.0,105.54572900000058
1,pct,0.1,2.5,8,0.5,off,exchange,10,4,6,0.6,1073.4492899999896,877.5141196800001,195.93517031998954,0.5578582618442365,1.344473906164317,0.23236188006917186,217.85093564250565,19.1,0.6,0.3,0.0,0.1,0.0,19.593517031998953
1,pct,0.1,2.5,8,0.5,off,cfd_std,10,4,6,0.7,1176.903290000002,189.0,987.903290000002,0.11757851636703322,4.334507692243923,1.1643432985570137,99.34338999999454,19.6,0.6,0.3,0.0,0.1,0.0,98.7903290000002
1,pct,0.1,2.5,8,0.5,off,cfd_raw,10,4,6,0.7,1127.4252899999992,172.0,955.4252899999992,0.108110179936762,4.208578835674129,1.1261656829787543,99.84888999999384,19.7,0.6,0.3,0.0,0.1,0.0,95.54252899999992
1,pct,0.1,2.5,8,0.5,bar,none,13,5,8,0.8461538461538461,900.7860721090692,0.0,900.7860721090692,0.0,6.301135843053618,0.8134355661201162,85.442670000004,6.769230769230769,0.23076923076923078,0.15384615384615385,0.6153846153846154,0.0,0.0,69.29123631608225
1,pct,0.1,2.5,8,0.5,bar,exchange,13,5,8,0.3076923076923077,910.7810721090646,1152.5631514346637,-241.7820793255992,0.9275210312046509,0.6234345005540199,-0.21897358366995273,290.6054091623955,6.769230769230769,0.23076923076923078,0.15384615384615385,0.6153846153846154,0.0,0.0,-18.598621486584555
1,pct,0.1,2.5,8,0.5,bar,cfd_std,13,5,8,0.6923076923076923,968.2523221090669,310.5,657.7523221090669,0.24758815603790368,3.892693679461945,0.59374211886369,98.92917000000307,7.230769230769231,0.23076923076923078,0.15384615384615385,0.6153846153846154,0.0,0.0,50.59633246992822
1,pct,0.1,2.5,8,0.5,bar,cfd_raw,13,5,8,0.6923076923076923,940.7660721090651,262.0,678.7660721090651,0.2098329125001719,4.108130654975341,0.6127636750981144,99.43467000000237,7.230769230769231,0.23076923076923078,0.15384615384615385,0.6153846153846154,0.0,0.0,52.212774777620396
1,pct,0.1,2.5,8,0.5,tick,none,13,5,8,0.8461538461538461,848.1091267164302,0.0,848.1091267164302,0.0,5.991131445816795,0.7676929564425212,85.442670000004,5.769230769230769,0.15384615384615385,0.15384615384615385,0.6923076923076923,0.0,0.0,65.23916359357155
1,pct,0.1,2.5,8,0.5,tick,exchange,13,5,8,0.38461538461538464,856.1091267164302,1154.5980096737767,-298.4888829573464,0.971920198046759,0.5088674366831839,-0.2683281478511177,438.2905805504124,5.769230769230769,0.15384615384615385,0.15384615384615385,0.6923076923076923,0.0,0.0,-22.960683304411262
1,pct,0.1,2.5,8,0.5,tick,cfd_std,13,5,8,0.7692307692307693,768.2985927073314,337.5,430.7985927073314,0.3201646732928296,3.1052953369031546,0.38969522332594814,98.92917000000307,5.846153846153846,0.07692307692307693,0.15384615384615385,0.7692307692307693,0.0,0.0,33.13835328517934
1,pct,0.1,2.5,8,0.5,tick,cfd_raw,13,5,8,0.7692307692307693,751.8123427073442,278.0,473.8123427073442,0.2623486017732365,3.3616672881670633,0.42859306233164646,99.43467000000237,5.846153846153846,0.07692307692307693,0.15384615384615385,0.7692307692307693,0.0,0.0,36.447103285180326
1,pct,0.1,2.5,8,1.0,off,none,5,3,2,0.6,290.8827350000065,0.0,290.8827350000065,0.0,2.707455207164227,0.6879507162473247,85.87983999999415,11.8,0.4,0.4,0.0,0.2,0.0,58.1765470000013
1,pct,0.1,2.5,8,1.0,off,exchange,5,3,2,0.4,298.8687349999964,439.9711212425,-141.1023862425036,0.6966004627844349,0.643533541884293,-0.33031447038241196,216.21584545499354,11.8,0.4,0.4,0.0,0.2,0.0,-28.22047724850072
1,pct,0.1,2.5,8,1.0,off,cfd_std,5,3,2,0.6,344.788235,108.0,236.788235,0.1710043137975769,2.1996117634465566,0.5602006360256724,99.39333999999508,11.8,0.4,0.4,0.0,0.2,0.0,47.357647
1,pct,0.1,2.5,8,1.0,off,cfd_raw,5,3,2,0.6,322.82673500000965,94.0,228.82673500000965,0.1488331995694975,2.1534978280430486,0.5415291541106393,99.88783999999578,11.8,0.4,0.4,0.0,0.2,0.0,45.76534700000193
1,pct,0.1,2.5,8,1.0,bar,none,5,3,2,0.8,275.34739453146176,0.0,275.34739453146176,0.0,4.259299265114689,0.6461341316001004,84.48054999999295,5.4,0.2,0.2,0.6,0.0,0.0,55.06947890629235
1,pct,0.1,2.5,8,1.0,bar,exchange,5,3,2,0.2,279.34039453146397,442.1137924929367,-162.77339796147263,0.9950671282135735,0.4410237880592586,-0.3866171856747065,215.41444143332774,5.4,0.2,0.2,0.6,0.0,0.0,-32.55467959229453
1,pct,0.1,2.5,8,1.0,bar,cfd_std,5,3,2,0.6,302.3001445314585,121.5,180.8001445314585,0.2734711113685574,2.6304184259811945,0.42287568468487535,97.99404999999388,5.4,0.2,0.2,0.6,0.0,0.0,36.1600289062917
1,pct,0.1,2.5,8,1.0,bar,cfd_raw,5,3,2,0.6,291.3193945314706,102.0,189.3193945314706,0.2295764230765894,2.77954561725844,0.44311501883019566,98.48854999999458,5.4,0.2,0.2,0.6,0.0,0.0,37.86387890629412
1,pct,0.1,2.5,8,1.0,tick,none,5,3,2,0.8,365.7845487106242,0.0,365.7845487106242,0.0,5.3298078517558745,0.8601815917254718,84.48054999999295,5.0,0.2,0.2,0.6,0.0,0.0,73.15690974212484
1,pct,0.1,2.5,8,1.0,tick,exchange,5,3,2,0.6,369.77754871062643,442.120693915847,-72.34314520522054,0.8267915323041638,0.6839054049504122,-0.1725856669121235,170.92185872500704,5.0,0.2,0.2,0.6,0.0,0.0,-14.468629041044107
1,pct,0.1,2.5,8,1.0,tick,cfd_std,5,3,2,0.8,392.73729871062096,121.5,271.23729871062096,0.22721942943607085,3.76789558866725,0.6369231448102467,97.99404999999388,5.0,0.2,0.2,0.6,0.0,0.0,54.24745974212419
1,pct,0.1,2.5,8,1.0,tick,cfd_raw,5,3,2,0.8,381.75654871063307,102.0,279.75654871063307,0.19074917063092578,3.8404981971066534,0.657162478955567,98.48854999999458,5.0,0.2,0.2,0.6,0.0,0.0,55.95130974212661
1,pct,0.1,2.5,8,2.0,off,none,1,1,0,0.0,-84.48054999999295,0.0,-84.48054999999295,0.0,0.0,-0.9999999999999164,84.48054999999295,1.0,0.0,1.0,0.0,0.0,0.0,-84.48054999999295
1,pct,0.1,2.5,8,2.0,off,exchange,1,1,0,0.0,-82.48255000000063,88.439308725,-170.92185872500062,1.0722184113488165,0.0,-2.0232095875914706,170.92185872500704,1.0,0.0,1.0,0.0,0.0,0.0,-170.92185872500062
1,pct,0.1,2.5,8,2.0,off,cfd_std,1,1,0,0.0,-70.99404999999388,27.0,-97.99404999999388,0.38031356148863643,0.0,-1.1599598960943538,97.99404999999388,1.0,0.0,1.0,0.0,0.0,0.0,-97.99404999999388
1,pct,0.1,2.5,8,2.0,off,cfd_raw,1,1,0,0.0,-76.48854999999458,22.0,-98.48854999999458,0.28762474906376917,0.0,-1.1658133144255638,98.48854999999458,1.0,0.0,1.0,0.0,0.0,0.0,-98.48854999999458
1,pct,0.1,2.5,8,2.0,bar,none,1,1,0,0.0,-84.48054999999295,0.0,-84.48054999999295,0.0,0.0,-0.9999999999999164,84.48054999999295,1.0,0.0,1.0,0.0,0.0,0.0,-84.48054999999295
1,pct,0.1,2.5,8,2.0,bar,exchange,1,1,0,0.0,-82.48255000000063,88.439308725,-170.92185872500062,1.0722184113488165,0.0,-2.0232095875914706,170.92185872500704,1.0,0.0,1.0,0.0,0.0,0.0,-170.92185872500062
1,pct,0.1,2.5,8,2.0,bar,cfd_std,1,1,0,0.0,-70.99404999999388,27.0,-97.99404999999388,0.38031356148863643,0.0,-1.1599598960943538,97.99404999999388,1.0,0.0,1.0,0.0,0.0,0.0,-97.99404999999388
1,pct,0.1,2.5,8,2.0,bar,cfd_raw,1,1,0,0.0,-76.48854999999458,22.0,-98.48854999999458,0.28762474906376917,0.0,-1.1658133144255638,98.48854999999458,1.0,0.0,1.0,0.0,0.0,0.0,-98.48854999999458
1,pct,0.1,2.5,8,2.0,tick,none,1,1,0,0.0,-84.48054999999295,0.0,-84.48054999999295,0.0,0.0,-0.9999999999999164,84.48054999999295,1.0,0.0,1.0,0.0,0.0,0.0,-84.48054999999295
1,pct,0.1,2.5,8,2.0,tick,exchange,1,1,0,0.0,-82.48255000000063,88.439308725,-170.92185872500062,1.0722184113488165,0.0,-2.0232095875914706,170.92185872500704,1.0,0.0,1.0,0.0,0.0,0.0,-170.92185872500062
1,pct,0.1,2.5,8,2.0,tick,cfd_std,1,1,0,0.0,-70.99404999999388,27.0,-97.99404999999388,0.38031356148863643,0.0,-1.1599598960943538,97.99404999999388,1.0,0.0,1.0,0.0,0.0,0.0,-97.99404999999388
1,pct,0.1,2.5,8,2.0,tick,cfd_raw,1,1,0,0.0,-76.48854999999458,22.0,-98.48854999999458,0.28762474906376917,0.0,-1.1658133144255638,98.48854999999458,1.0,0.0,1.0,0.0,0.0,0.0,-98.48854999999458
1,pct,0.1,3.0,3,0.5,off,none,16,8,8,0.375,423.32979000001797,0.0,423.32979000001797,0.0,1.4973174297093608,0.3144066221066214,342.2390999999916,18.75,0.3125,0.625,0.0,0.0625,0.0,26.458111875001123
1,pct,0.1,3.0,3,0.5,off,exchange,16,8,8,0.3125,453.3037900000054,1412.9102314450001,-959.6064414449947,0.6677986398421714,0.4692351411453865,-0.7028572115911416,1041.9713722300075,18.625,0.3125,0.625,0.0,0.0625,0.0,-59.97540259031217
1,pct,0.1,3.0,3,0.5,off,cfd_std,17,9,8,0.29411764705882354,479.6452200000058,391.5,88.14522000000579,0.17802863611756886,1.0744646113826324,0.06441141987028809,437.62469999998575,16.941176470588236,0.29411764705882354,0.7058823529411765,0.0,0.0,0.0,5.1850129411768116
1,pct,0.1,3.0,3,0.5,off,cfd_raw,16,8,8,0.3125,543.2257900000113,312.0,231.22579000001133,0.14958699247128973,1.228780463156153,0.17309481876800958,398.25509999999485,18.75,0.3125,0.625,0.0,0.0625,0.0,14.451611875000708
1,pct,0.1,3.0,3,0.5,bar,none,24,14,10,0.6666666666666666,1158.9463639660098,0.0,1158.9463639660098,0.0,3.5979986031426523,0.566285791193202,251.82675000000745,9.375,0.16666666666666666,0.20833333333333334,0.5833333333333334,0.041666666666666664,0.0,48.28943183191708
1,pct,0.1,3.0,3,0.5,bar,exchange,24,14,10,0.3333333333333333,1176.9323639660288,2131.194538445836,-954.2621744798073,1.0400533804981975,0.42847557561013955,-0.4677579361335713,1036.6271052648226,9.333333333333334,0.16666666666666666,0.20833333333333334,0.5833333333333334,0.041666666666666664,0.0,-39.760923936658635
1,pct,0.1,3.0,3,0.5,bar,cfd_std,23,14,9,0.5217391304347826,989.3974748055771,567.0,422.3974748055771,0.26568039126700754,1.4893098298362137,0.2154304728214834,292.3132500000065,9.956521739130435,0.17391304347826086,0.34782608695652173,0.4782608695652174,0.0,0.0,18.36510760024248
1,pct,0.1,3.0,3,0.5,bar,cfd_raw,24,14,10,0.5416666666666666,1163.5008533597138,496.0,667.5008533597138,0.23501764276735698,1.9444008967615904,0.32613984828804216,293.8187500000058,9.458333333333334,0.16666666666666666,0.25,0.5416666666666666,0.041666666666666664,0.0,27.81253555665474
1,pct,0.1,3.0,3,0.5,tick,none,27,16,11,0.7407407407407407,962.1178350952105,0.0,962.1178350952105,0.0,3.6033161606554414,0.4179126814789473,167.88177000000724,6.814814814814815,0.07407407407407407,0.14814814814814814,0.7777777777777778,0.0,0.0,35.633993892415205
1,pct,0.1,3.0,3,0.5,tick,exchange,26,15,11,0.15384615384615385,1002.4349876176566,2313.643572772097,-1311.20858515444,1.3593606977223145,0.23318093118967187,-0.5929564036201055,1418.3867152774328,7.115384615384615,0.07692307692307693,0.15384615384615385,0.7692307692307693,0.0,0.0,-50.431099429016925
1,pct,0.1,3.0,3,0.5,tick,cfd_std,26,15,11,0.5384615384615384,1006.5484638877533,675.0,331.5484638877533,0.3870645648385725,1.5124920551849508,0.14939688708755924,231.91131828450307,7.230769230769231,0.07692307692307693,0.19230769230769232,0.7307692307692307,0.0,0.0,12.75186399568282
1,pct,0.1,3.0,3,0.5,tick,cfd_raw,26,15,11,0.5384615384615384,968.0649638877512,556.0,412.0649638877512,0.3158411482465207,1.6706597016632605,0.18568059368998316,208.40581828450377,7.1923076923076925,0.07692307692307693,0.19230769230769232,0.7307692307692307,0.0,0.0,15.8486524572212
1,pct,0.1,3.0,3,1.0,off,none,11,6,5,0.45454545454545453,508.74228000000585,0.0,508.74228000000585,0.0,1.99466837927536,0.5482278139732547,257.55113999999594,13.454545454545455,0.36363636363636365,0.5454545454545454,0.0,0.09090909090909091,0.0,46.249298181818716
1,pct,0.1,3.0,3,1.0,off,exchange,11,6,5,0.36363636363636365,528.7382800000196,970.8431382099999,-442.1048582099804,0.6354996551840953,0.6054512338126528,-0.46880123503602067,524.4697889949894,13.272727272727273,0.36363636363636365,0.5454545454545454,0.0,0.09090909090909091,0.0,-40.191350746361856
1,pct,0.1,3.0,3,1.0,off,cfd_std,12,7,5,0.3333333333333333,497.70620999998937,270.0,227.70620999998937,0.16407620420858546,1.2882593132847613,0.227710144501061,397.7713599999988,10.916666666666666,0.3333333333333333,0.6666666666666666,0.0,0.0,0.0,18.975517499999114
1,pct,0.1,3.0,3,1.0,off,cfd_raw,11,6,5,0.36363636363636365,588.7262800000026,210.0,378.7262800000026,0.13855014112453282,1.615899973466264,0.4091508223320476,299.55913999999757,13.272727272727273,0.36363636363636365,0.5454545454545454,0.0,0.09090909090909091,0.0,34.429661818182055
1,pct,0.1,3.0,3,1.0,bar,none,13,8,5,0.6923076923076923,421.7963378587592,0.0,421.7963378587592,0.0,2.240775988448597,0.382270548569002,86.19322000000102,6.230769230769231,0.15384615384615385,0.3076923076923077,0.46153846153846156,0.07692307692307693,0.0,32.44587214298148
1,pct,0.1,3.0,3,1.0,bar,exchange,13,8,5,0.3076923076923077,433.7923378587875,1154.8502833884188,-721.0579455296313,1.05207177386203,0.3271015830258491,-0.6500787240385324,803.4228763146384,6.230769230769231,0.15384615384615385,0.3076923076923077,0.46153846153846156,0.07692307692307693,0.0,-55.46599580997164
1,pct,0.1,3.0,3,1.0,bar,cfd_std,13,8,5,0.38461538461538464,429.46698785875924,324.0,105.46698785875924,0.2834951020901502,1.1908968789360288,0.09607467687062463,191.91971154382918,6.076923076923077,0.15384615384615385,0.38461538461538464,0.46153846153846156,0.0,0.0,8.112845219904557
1,pct,0.1,3.0,3,1.0,bar,cfd_raw,13,8,5,0.38461538461538464,469.7803378587705,270.0,199.7803378587705,0.24868667236038527,1.4332050074150395,0.18186821629411726,172.90871154383058,6.230769230769231,0.15384615384615385,0.3076923076923077,0.46153846153846156,0.07692307692307693,0.0,15.367718296828501
1,pct,0.1,3.0,3,1.0,tick,none,13,8,5,0.6923076923076923,540.0991220426076,0.0,540.0991220426076,0.0,2.588781034502572,0.48942184072393335,86.19322000000102,5.384615384615385,0.15384615384615385,0.3076923076923077,0.5384615384615384,0.0,0.0,41.54608631096982
1,pct,0.1,3.0,3,1.0,tick,exchange,13,8,5,0.3076923076923077,552.0951220426359,1154.8364568273928,-602.7413347847571,0.9497054681040815,0.3981343272063601,-0.5429145060071876,709.9194649077544,5.384615384615385,0.15384615384615385,0.3076923076923077,0.5384615384615384,0.0,0.0,-46.36471806036593
1,pct,0.1,3.0,3,1.0,tick,cfd_std,13,8,5,0.5384615384615384,621.0721220426203,324.0,297.0721220426203,0.2715802981345318,1.6737531665723777,0.2701567710495522,163.27971154384431,5.461538461538462,0.15384615384615385,0.3076923076923077,0.5384615384615384,0.0,0.0,22.85170169558618
1,pct,0.1,3.0,3,1.0,tick,cfd_raw,13,8,5,0.5384615384615384,588.0831220426189,270.0,318.0831220426189,0.2242513141807559,1.734755264746467,0.2890195084490486,144.2687115438457,5.384615384615385,0.15384615384615385,0.3076923076923077,0.5384615384615384,0.0,0.0,24.46793246481684
1,pct,0.1,3.0,3,2.0,off,none,1,1,0,0.0,-84.47551000000385,0.0,-84.47551000000385,0.0,0.0,-1.0000000000000455,84.47551000000385,1.0,0.0,1.0,0.0,0.0,0.0,-84.47551000000385
1,pct,0.1,3.0,3,2.0,off,exchange,1,1,0,0.0,-82.47750999999698,88.43427124499999,-170.91178124499697,1.0722228549940853,0.0,-2.0232110021590515,170.91178124499856,1.0,0.0,1.0,0.0,0.0,0.0,-170.91178124499697
1,pct,0.1,3.0,3,2.0,off,cfd_std,1,1,0,0.0,-70.98901000000478,27.0,-97.98901000000478,0.3803405625743785,0.0,-1.1599694396636941,97.98901000000478,1.0,0.0,1.0,0.0,0.0,0.0,-97.98901000000478
1,pct,0.1,3.0,3,2.0,off,cfd_raw,1,1,0,0.0,-76.48351000000548,22.0,-98.48351000000548,0.2876437025444887,0.0,-1.1658232072230814,98.48351000000548,1.0,0.0,1.0,0.0,0.0,0.0,-98.48351000000548
1,pct,0.1,3.0,3,2.0,bar,none,1,1,0,0.0,-84.47551000000385,0.0,-84.47551000000385,0.0,0.0,-1.0000000000000455,84.47551000000385,1.0,0.0,1.0,0.0,0.0,0.0,-84.47551000000385
1,pct,0.1,3.0,3,2.0,bar,exchange,1,1,0,0.0,-82.47750999999698,88.43427124499999,-170.91178124499697,1.0722228549940853,0.0,-2.0232110021590515,170.91178124499856,1.0,0.0,1.0,0.0,0.0,0.0,-170.91178124499697
1,pct,0.1,3.0,3,2.0,bar,cfd_std,1,1,0,0.0,-70.98901000000478,27.0,-97.98901000000478,0.3803405625743785,0.0,-1.1599694396636941,97.98901000000478,1.0,0.0,1.0,0.0,0.0,0.0,-97.98901000000478
1,pct,0.1,3.0,3,2.0,bar,cfd_raw,1,1,0,0.0,-76.48351000000548,22.0,-98.48351000000548,0.2876437025444887,0.0,-1.1658232072230814,98.48351000000548,1.0,0.0,1.0,0.0,0.0,0.0,-98.48351000000548
1,pct,0.1,3.0,3,2.0,tick,none,1,1,0,0.0,-84.47551000000385,0.0,-84.47551000000385,0.0,0.0,-1.0000000000000455,84.47551000000385,1.0,0.0,1.0,0.0,0.0,0.0,-84.47551000000385
1,pct,0.1,3.0,3,2.0,tick,exchange,1,1,0,0.0,-82.47750999999698,88.43427124499999,-170.91178124499697,1.0722228549940853,0.0,-2.0232110021590515,170.91178124499856,1.0,0.0,1.0,0.0,0.0,0.0,-170.91178124499697
1,pct,0.1,3.0,3,2.0,tick,cfd_std,1,1,0,0.0,-70.98901000000478,27.0,-97.98901000000478,0.3803405625743785,0.0,-1.1599694396636941,97.98901000000478,1.0,0.0,1.0,0.0,0.0,0.0,-97.98901000000478
1,pct,0.1,3.0,3,2.0,tick,cfd_raw,1,1,0,0.0,-76.48351000000548,22.0,-98.48351000000548,0.2876437025444887,0.0,-1.1658232072230814,98.48351000000548,1.0,0.0,1.0,0.0,0.0,0.0,-98.48351000000548
1,pct,0.1,3.0,5,0.5,off,none,14,6,8,0.5,936.3029400000087,0.0,936.3029400000087,0.0,2.5684437610818383,0.7878932824075594,256.6197000000102,16.642857142857142,0.42857142857142855,0.5,0.0,0.07142857142857142,0.0,66.87878142857205
1,pct,0.1,3.0,5,0.5,off,exchange,14,6,8,0.42857142857142855,962.2889399999985,1235.13565433,-272.8467143300014,0.5803611631744633,0.7890733938030123,-0.22698294405863764,694.9732600400166,16.642857142857142,0.42857142857142855,0.5,0.0,0.07142857142857142,0.0,-19.48905102357153
1,pct,0.1,3.0,5,0.5,off,cfd_std,14,6,8,0.42857142857142855,1037.143590000007,297.0,740.143590000007,0.13585922623779173,1.9363319264006806,0.6225673268537589,297.13320000001113,16.142857142857142,0.42857142857142855,0.5714285714285714,0.0,0.0,0.0,52.86739928571478
1,pct,0.1,3.0,5,0.5,off,cfd_raw,14,6,8,0.42857142857142855,1040.2469400000118,260.0,780.2469400000118,0.12251500691031685,2.092169393988722,0.6568659612037749,298.6277000000118,16.357142857142858,0.42857142857142855,0.5,0.0,0.07142857142857142,0.0,55.73192428571513
1,pct,0.1,3.0,5,0.5,bar,none,20,9,11,0.7,1310.212991048189,0.0,1310.212991048189,0.0,4.01052009904598,0.767307660957849,168.0798700000014,8.7,0.25,0.25,0.45,0.05,0.0,65.51064955240945
1,pct,0.1,3.0,5,0.5,bar,exchange,20,9,11,0.4,1330.2049910481874,1773.5968096682539,-443.3918186200665,0.8133407216540315,0.6626063599418873,-0.2618537545870211,698.1482261150668,8.65,0.25,0.25,0.45,0.05,0.0,-22.169590931003324
1,pct,0.1,3.0,5,0.5,bar,cfd_std,19,9,10,0.5263157894736842,1214.8371124940604,445.5,769.3371124940604,0.20098740057072084,2.0847399108868685,0.47379598898813,211.12234727035684,8.842105263157896,0.2631578947368421,0.3684210526315789,0.3684210526315789,0.0,0.0,40.4914269733716
1,pct,0.1,3.0,5,0.5,bar,cfd_raw,20,9,11,0.55,1390.180991048197,400.0,990.180991048197,0.1834340686794763,2.7808174213372725,0.5795692949665862,196.0798700000014,8.35,0.25,0.25,0.45,0.05,0.0,49.50904955240985
1,pct,0.1,3.0,5,0.5,tick,none,21,10,11,0.8095238095238095,1089.016782965642,0.0,1089.016782965642,0.0,4.202572319866599,0.6088976244485812,85.87099999999919,6.857142857142857,0.09523809523809523,0.19047619047619047,0.7142857142857143,0.0,0.0,51.85794204598295
1,pct,0.1,3.0,5,0.5,tick,exchange,21,10,11,0.2857142857142857,1101.0127829656558,1868.2216114663436,-767.2088285006877,1.0584167858447884,0.39036123209310747,-0.4289481966968855,964.5206118475471,6.857142857142857,0.09523809523809523,0.19047619047619047,0.7142857142857143,0.0,0.0,-36.533753738127984
1,pct,0.1,3.0,5,0.5,tick,cfd_std,21,10,11,0.7142857142857143,1168.7272829656577,540.0,628.7272829656577,0.30974046289118656,2.4634147385919385,0.3517041316577844,116.84949322334433,6.571428571428571,0.09523809523809523,0.19047619047619047,0.7142857142857143,0.0,0.0,29.93939442693608
1,pct,0.1,3.0,5,0.5,tick,cfd_raw,21,10,11,0.7142857142857143,1137.0007829656533,446.0,691.0007829656533,0.2544033479101471,2.6438435559722504,0.38644611735734263,107.06274730311998,6.523809523809524,0.09523809523809523,0.19047619047619047,0.7142857142857143,0.0,0.0,32.904799188840634
1,pct,0.1,3.0,5,1.0,off,none,8,2,6,0.5,422.33082000000286,0.0,422.33082000000286,0.0,2.2361930199560454,0.628813244213221,257.15770000001066,15.375,0.375,0.5,0.0,0.125,0.0,52.79135250000036
1,pct,0.1,3.0,5,1.0,off,exchange,8,2,6,0.375,436.3288200000097,705.63639147,-269.30757146999025,0.6393966156695544,0.6534148148745464,-0.3887633119880348,520.434975850003,15.375,0.375,0.5,0.0,0.125,0.0,-33.66344643374878
1,pct,0.1,3.0,5,1.0,off,cfd_std,8,2,6,0.375,442.2524700000067,175.5,266.7524700000067,0.1511023146317465,1.5393230491900611,0.3990972099157077,298.87970000000496,14.75,0.375,0.625,0.0,0.0,0.0,33.34405875000084
1,pct,0.1,3.0,5,1.0,off,cfd_raw,8,2,6,0.375,478.3228200000158,152.0,326.3228200000158,0.13848808836618579,1.7824506881332518,0.4875998309733823,299.1337000000058,15.375,0.375,0.5,0.0,0.125,0.0,40.79035250000197
1,pct,0.1,3.0,5,1.0,bar,none,9,3,6,0.7777777777777778,564.8779338467575,0.0,564.8779338467575,0.0,4.315954177386608,0.7400584338761204,85.87099999999919,6.222222222222222,0.2222222222222222,0.2222222222222222,0.4444444444444444,0.1111111111111111,0.0,62.764214871861945
1,pct,0.1,3.0,5,1.0,bar,exchange,9,3,6,0.4444444444444444,572.8779338467575,797.4630590952895,-224.58512524853202,0.880609276574386,0.6094901515364156,-0.29114030840389366,313.6575469598465,6.222222222222222,0.2222222222222222,0.2222222222222222,0.4444444444444444,0.1111111111111111,0.0,-24.953902805392445
1,pct,0.1,3.0,5,1.0,bar,cfd_std,9,3,6,0.4444444444444444,544.3130838467623,216.0,328.3130838467623,0.22153712462513722,2.039876971006814,0.43028145515709965,100.61999999999534,6.0,0.2222222222222222,0.3333333333333333,0.4444444444444444,0.0,0.0,36.47923153852915
1,pct,0.1,3.0,5,1.0,bar,cfd_raw,9,3,6,0.4444444444444444,596.8779338467721,182.0,414.87793384677207,0.2009759405261554,2.826383608406982,0.544203757454577,99.86299999999756,6.222222222222222,0.2222222222222222,0.2222222222222222,0.4444444444444444,0.1111111111111111,0.0,46.097548205196894
1,pct,0.1,3.0,5,1.0,tick,none,9,3,6,0.7777777777777778,663.6558869644359,0.0,663.6558869644359,0.0,4.895801869513172,0.8695447719422741,85.87099999999919,5.222222222222222,0.2222222222222222,0.2222222222222222,0.5555555555555556,0.0,0.0,73.73954299604844
1,pct,0.1,3.0,5,1.0,tick,exchange,9,3,6,0.4444444444444444,671.6558869644359,797.4315201187308,-125.77563315429481,0.7939706125683893,0.7601986204998006,-0.16161232145175788,277.9975669598498,5.222222222222222,0.2222222222222222,0.2222222222222222,0.5555555555555556,0.0,0.0,-13.975070350477202
1,pct,0.1,3.0,5,1.0,tick,cfd_std,9,3,6,0.7777777777777778,716.3933869644534,216.0,500.3933869644534,0.2147925464997943,3.519425926637519,0.6564456183690256,100.61999999999534,5.333333333333333,0.2222222222222222,0.2222222222222222,0.5555555555555556,0.0,0.0,55.5992652182726
1,pct,0.1,3.0,5,1.0,tick,cfd_raw,9,3,6,0.7777777777777778,695.6558869644505,182.0,513.6558869644505,0.18121010750356814,3.5896237612686708,0.6736900955207308,99.86299999999756,5.222222222222222,0.2222222222222222,0.2222222222222222,0.5555555555555556,0.0,0.0,57.072876329383384
1,pct,0.1,3.0,5,2.0,off,none,2,1,1,0.0,-169.95640999999887,0.0,-169.95640999999887,0.0,0.0,-0.9999999999999927,169.95640999999887,20.0,0.0,1.0,0.0,0.0,0.0,-84.97820499999943
1,pct,0.1,3.0,5,2.0,off,exchange,2,1,1,0.0,-165.95640999999887,177.956905655,-343.9133156549989,1.072311130705956,0.0,-2.0235364487097556,343.9133156549942,20.0,0.0,1.0,0.0,0.0,0.0,-171.95665782749944
1,pct,0.1,3.0,5,2.0,off,cfd_std,2,1,1,0.0,-142.95640999999887,54.0,-196.95640999999887,0.37773752152841855,0.0,-1.1588706430340712,196.95640999999887,20.0,0.0,1.0,0.0,0.0,0.0,-98.47820499999943
1,pct,0.1,3.0,5,2.0,off,cfd_raw,2,1,1,0.0,-153.95640999999887,44.0,-197.95640999999887,0.2857951805968996,0.0,-1.1647543274205123,197.95640999999887,20.0,0.0,1.0,0.0,0.0,0.0,-98.97820499999943
1,pct,0.1,3.0,5,2.0,bar,none,2,1,1,0.5,-63.95933887679712,0.0,-63.95933887679712,0.0,0.2429104820363686,-0.37995902513760627,84.48054999999295,3.0,0.0,0.5,0.5,0.0,0.0,-31.97966943839856
1,pct,0.1,3.0,5,2.0,bar,exchange,2,1,1,0.0,-61.9613388768048,177.9049081194384,-239.8662469962432,1.727169048775387,0.0,-1.4149022176019572,239.86624699624372,3.0,0.0,0.5,0.5,0.0,0.0,-119.9331234981216
1,pct,0.1,3.0,5,2.0,bar,cfd_std,2,1,1,0.0,-50.47283887679805,54.0,-104.47283887679805,0.5900655184418914,0.0,-0.6178783024878586,104.47283887679805,3.0,0.0,0.5,0.5,0.0,0.0,-52.236419438399025
1,pct,0.1,3.0,5,2.0,bar,cfd_raw,2,1,1,0.0,-55.96733887679875,44.0,-99.96733887679875,0.4535626053560264,0.0,-0.5915569877084573,99.96733887679875,3.0,0.0,0.5,0.5,0.0,0.0,-49.983669438399374
1,pct,0.1,3.0,5,2.0,tick,none,2,1,1,0.5,-56.00933887680003,0.0,-56.00933887680003,0.0,0.3370149830131941,-0.33345466706506344,84.48054999999295,2.5,0.0,0.5,0.5,0.0,0.0,-28.004669438400015
1,pct,0.1,3.0,5,2.0,tick,exchange,2,1,1,0.0,-54.01133887680771,177.9009331194384,-231.9122719962461,1.60337902310416,0.0,-1.368374607350378,231.912271996247,2.5,0.0,0.5,0.5,0.0,0.0,-115.95613599812305
1,pct,0.1,3.0,5,2.0,tick,cfd_std,2,1,1,0.5,-42.52283887680096,54.0,-96.52283887680096,0.5429031140140628,0.015013269919888071,-0.5713739444153157,97.99404999999388,2.5,0.0,0.5,0.5,0.0,0.0,-48.26141943840048
1,pct,0.1,3.0,5,2.0,tick,cfd_raw,2,1,1,0.5,-48.01733887680166,44.0,-92.01733887680166,0.419208271142679,0.06570521266881553,-0.5450526296359145,98.48854999999458,2.5,0.0,0.5,0.5,0.0,0.0,-46.00866943840083
1,pct,0.1,3.0,8,0.5,off,none,10,4,6,0.7,1310.298769999994,0.0,1310.298769999994,0.0,6.122754736480616,1.5439753581236477,85.85688999999547,20.3,0.6,0.3,0.0,0.1,0.0,131.0298769999994
1,pct,0.1,3.0,8,0.5,off,exchange,10,4,6,0.6,1328.2887700000138,877.4716953150001,450.8170746850138,0.4800580465606081,1.7925821506608501,0.5324095192757966,174.9226272149972,20.6,0.6,0.3,0.0,0.1,0.0,45.08170746850138
1,pct,0.1,3.0,8,0.5,off,cfd_std,10,4,6,0.7,1431.7312700000039,189.0,1242.7312700000039,0.1014893432242814,5.19463830230494,1.4643273870414677,99.34338999999454,20.6,0.6,0.3,0.0,0.1,0.0,124.27312700000039
1,pct,0.1,3.0,8,0.5,off,cfd_raw,10,4,6,0.7,1382.2587700000004,172.0,1210.2587700000004,0.09318437608555487,5.064379199247497,1.4261562539325048,99.84888999999384,20.7,0.6,0.3,0.0,0.1,0.0,121.02587700000004
1,pct,0.1,3.0,8,0.5,bar,none,13,5,8,0.8461538461538461,1028.7081421090552,0.0,1028.7081421090552,0.0,7.05395861795153,0.928820181504719,85.442670000004,7.461538461538462,0.23076923076923078,0.15384615384615385,0.6153846153846154,0.0,0.0,79.1313955468504
1,pct,0.1,3.0,8,0.5,bar,exchange,13,5,8,0.3076923076923077,1038.7021421090758,1152.5414321746637,-113.83929006558796,0.8409343873101341,0.8227000560186464,-0.10357062388408832,217.15353486665117,7.6923076923076925,0.23076923076923078,0.15384615384615385,0.6153846153846154,0.0,0.0,-8.75686846658369
1,pct,0.1,3.0,8,0.5,bar,cfd_std,13,5,8,0.6923076923076923,1096.167642109067,310.5,785.667642109067,0.22467209561725512,4.45524560855874,0.7091207603974431,98.92917000000307,7.6923076923076925,0.23076923076923078,0.15384615384615385,0.6153846153846154,0.0,0.0,60.435972469928224
1,pct,0.1,3.0,8,0.5,bar,cfd_raw,13,5,8,0.6923076923076923,1068.6841421090649,262.0,806.6841421090649,0.19033358459684585,4.693878957710772,0.7281447504229591,99.43467000000237,7.6923076923076925,0.23076923076923078,0.15384615384615385,0.6153846153846154,0.0,0.0,62.05262631608191
1,pct,0.1,3.0,8,0.5,tick,none,13,5,8,0.8461538461538461,770.6062827073329,0.0,770.6062827073329,0.0,5.535026364892018,0.6966374485733705,85.442670000004,5.923076923076923,0.07692307692307693,0.15384615384615385,0.7692307692307693,0.0,0.0,59.277406362102525
1,pct,0.1,3.0,8,0.5,tick,exchange,13,5,8,0.38461538461538464,776.6002827073389,1156.514482311772,-379.9141996044332,1.0433649706564478,0.37489050565797816,-0.3429554628384076,408.010794652364,5.923076923076923,0.07692307692307693,0.15384615384615385,0.7692307692307693,0.0,0.0,-29.224169200341013
1,pct,0.1,3.0,8,0.5,tick,cfd_std,13,5,8,0.7692307692307693,811.0657827073446,337.5,473.5657827073446,0.3076818664368613,3.3142968684857967,0.42815069231191083,98.92917000000307,5.923076923076923,0.07692307692307693,0.15384615384615385,0.7692307692307693,0.0,0.0,36.4281371313342
1,pct,0.1,3.0,8,0.5,tick,cfd_raw,13,5,8,0.7692307692307693,794.5822827073425,278.0,516.5822827073425,0.2521704979867448,3.5748495105585407,0.46705100406690925,99.43467000000237,5.923076923076923,0.07692307692307693,0.15384615384615385,0.7692307692307693,0.0,0.0,39.73709866979558
1,pct,0.1,3.0,8,1.0,off,none,5,3,2,0.6,375.7253600000113,0.0,375.7253600000113,0.0,3.2054737019564215,0.8879507162473361,85.87983999999415,12.0,0.4,0.4,0.0,0.2,0.0,75.14507200000226
1,pct,0.1,3.0,8,1.0,off,exchange,5,3,2,0.4,383.70935999999347,439.92870093,-56.21934093000654,0.6140498060725815,0.8579732783223324,-0.1302191876769962,173.71973907999927,12.0,0.4,0.4,0.0,0.2,0.0,-11.243868186001308
1,pct,0.1,3.0,8,1.0,off,cfd_std,5,3,2,0.6,429.6173600000184,108.0,321.6173600000184,0.15075542286100538,2.6293713595384,0.7601688102002309,99.39333999999508,12.2,0.4,0.4,0.0,0.2,0.0,64.32347200000368
1,pct,0.1,3.0,8,1.0,off,cfd_raw,5,3,2,0.6,407.6613600000128,94.0,313.6613600000128,0.1312090238754931,2.581142594640562,0.7415102943622115,99.88783999999578,12.2,0.4,0.4,0.0,0.2,0.0,62.73227200000256
1,pct,0.1,3.0,8,1.0,bar,none,5,3,2,0.8,318.1213345314609,0.0,318.1213345314609,0.0,4.76561628127998,0.7461341316000984,84.48054999999295,5.6,0.2,0.2,0.6,0.0,0.0,63.62426690629218
1,pct,0.1,3.0,8,1.0,bar,exchange,5,3,2,0.2,322.11333453145926,442.09240602293664,-119.97907149147734,0.9076410998327248,0.5879827555707392,-0.2865695247157317,215.4144414333132,5.6,0.2,0.2,0.6,0.0,0.0,-23.995814298295468
1,pct,0.1,3.0,8,1.0,bar,cfd_std,5,3,2,0.6,345.0673345314717,121.5,223.56733453147172,0.2494582574915344,3.0160841276550543,0.5228599040483785,97.99404999999388,5.6,0.2,0.2,0.6,0.0,0.0,44.71346690629434
1,pct,0.1,3.0,8,1.0,bar,cfd_raw,5,3,2,0.6,334.0893345314689,102.0,232.08933453146892,0.20941701740979268,3.1815702458801605,0.543105667341879,98.48854999999458,5.6,0.2,0.2,0.6,0.0,0.0,46.41786690629378
1,pct,0.1,3.0,8,1.0,tick,none,5,3,2,0.8,408.55848871062335,0.0,408.55848871062335,0.0,5.836124867921166,0.9601815917254697,84.48054999999295,5.2,0.2,0.2,0.6,0.0,0.0,81.71169774212467
1,pct,0.1,3.0,8,1.0,tick,exchange,5,3,2,0.6,412.5504887106217,442.099307445847,-29.548818735225268,0.765519262316174,0.8708900219114238,-0.07253800595314878,170.92185872500704,5.2,0.2,0.2,0.6,0.0,0.0,-5.909763747045053
1,pct,0.1,3.0,8,1.0,tick,cfd_std,5,3,2,0.8,435.5044887106342,121.5,314.0044887106342,0.21039231043860707,4.204321983943451,0.7369073641737498,97.99404999999388,5.2,0.2,0.2,0.6,0.0,0.0,62.800897742126836
1,pct,0.1,3.0,8,1.0,tick,cfd_raw,5,3,2,0.8,424.5264887106314,102.0,322.5264887106314,0.17662227905411487,4.274761266265461,0.7571531274672503,98.48854999999458,5.2,0.2,0.2,0.6,0.0,0.0,64.50529774212627
1,pct,0.1,3.0,8,2.0,off,none,1,1,0,0.0,-84.48054999999295,0.0,-84.48054999999295,0.0,0.0,-0.9999999999999164,84.48054999999295,1.0,0.0,1.0,0.0,0.0,0.0,-84.48054999999295
1,pct,0.1,3.0,8,2.0,off,exchange,1,1,0,0.0,-82.48255000000063,88.439308725,-170.92185872500062,1.0722184113488165,0.0,-2.0232095875914706,170.92185872500704,1.0,0.0,1.0,0.0,0.0,0.0,-170.92185872500062
1,pct,0.1,3.0,8,2.0,off,cfd_std,1,1,0,0.0,-70.99404999999388,27.0,-97.99404999999388,0.38031356148863643,0.0,-1.1599598960943538,97.99404999999388,1.0,0.0,1.0,0.0,0.0,0.0,-97.99404999999388
1,pct,0.1,3.0,8,2.0,off,cfd_raw,1,1,0,0.0,-76.48854999999458,22.0,-98.48854999999458,0.28762474906376917,0.0,-1.1658133144255638,98.48854999999458,1.0,0.0,1.0,0.0,0.0,0.0,-98.48854999999458
1,pct,0.1,3.0,8,2.0,bar,none,1,1,0,0.0,-84.48054999999295,0.0,-84.48054999999295,0.0,0.0,-0.9999999999999164,84.48054999999295,1.0,0.0,1.0,0.0,0.0,0.0,-84.48054999999295
1,pct,0.1,3.0,8,2.0,bar,exchange,1,1,0,0.0,-82.48255000000063,88.439308725,-170.92185872500062,1.0722184113488165,0.0,-2.0232095875914706,170.92185872500704,1.0,0.0,1.0,0.0,0.0,0.0,-170.92185872500062
1,pct,0.1,3.0,8,2.0,bar,cfd_std,1,1,0,0.0,-70.99404999999388,27.0,-97.99404999999388,0.38031356148863643,0.0,-1.1599598960943538,97.99404999999388,1.0,0.0,1.0,0.0,0.0,0.0,-97.99404999999388
1,pct,0.1,3.0,8,2.0,bar,cfd_raw,1,1,0,0.0,-76.48854999999458,22.0,-98.48854999999458,0.28762474906376917,0.0,-1.1658133144255638,98.48854999999458,1.0,0.0,1.0,0.0,0.0,0.0,-98.48854999999458
1,pct,0.1,3.0,8,2.0,tick,none,1,1,0,0.0,-84.48054999999295,0.0,-84.48054999999295,0.0,0.0,-0.9999999999999164,84.48054999999295,1.0,0.0,1.0,0.0,0.0,0.0,-84.48054999999295
1,pct,0.1,3.0,8,2.0,tick,exchange,1,1,0,0.0,-82.48255000000063,88.439308725,-170.92185872500062,1.0722184113488165,0.0,-2.0232095875914706,170.92185872500704,1.0,0.0,1.0,0.0,0.0,0.0,-170.92185872500062
1,pct,0.1,3.0,8,2.0,tick,cfd_std,1,1,0,0.0,-70.99404999999388,27.0,-97.99404999999388,0.38031356148863643,0.0,-1.1599598960943538,97.99404999999388,1.0,0.0,1.0,0.0,0.0,0.0,-97.99404999999388
1,pct,0.1,3.0,8,2.0,tick,cfd_raw,1,1,0,0.0,-76.48854999999458,22.0,-98.48854999999458,0.28762474906376917,0.0,-1.1658133144255638,98.48854999999458,1.0,0.0,1.0,0.0,0.0,0.0,-98.48854999999458
1,pct,0.25,1.0,3,0.5,off,none,15,8,7,0.6,427.5956000000442,0.0,427.5956000000442,0.0,1.3356265104109146,0.13414682543216677,428.6128749999916,23.0,0.5333333333333333,0.4,0.0,0.06666666666666667,0.0,28.50637333333628
1,pct,0.25,1.0,3,0.5,off,exchange,15,8,7,0.5333333333333333,455.58560000002035,1317.256370175,-861.6707701749795,0.4420842838882538,0.5419324397271638,-0.2708239257701698,902.0153166624805,23.0,0.5333333333333333,0.4,0.0,0.06666666666666667,0.0,-57.444718011665294
1,pct,0.25,1.0,3,0.5,off,cfd_std,13,7,6,0.46153846153846156,158.71722500000033,270.0,-111.28277499999967,0.10586988624310065,0.9194899131671389,-0.038231377275312194,483.45177500000864,25.76923076923077,0.46153846153846156,0.46153846153846156,0.0,0.07692307692307693,0.0,-8.560213461538437
1,pct,0.25,1.0,3,0.5,off,cfd_raw,15,8,7,0.5333333333333333,539.555600000007,266.0,273.55560000000696,0.08891325721233084,1.19858959266283,0.08572645390884401,476.6928750000079,23.0,0.5333333333333333,0.4,0.0,0.06666666666666667,0.0,18.237040000000466
1,pct,0.25,1.0,3,0.5,bar,none,23,13,10,0.7391304347826086,1051.890194636915,0.0,1051.890194636915,0.0,2.5978664440031736,0.21482931737459066,419.22964999999385,9.869565217391305,0.2608695652173913,0.13043478260869565,0.5652173913043478,0.043478260869565216,0.0,45.73435628856153
1,pct,0.25,1.0,3,0.5,bar,exchange,23,13,10,0.391304347826087,1069.885194636896,2039.3196459705007,-969.4344513336046,0.8588440227149906,0.44964088726871765,-0.19776936355267374,1009.7789978211076,9.91304347826087,0.2608695652173913,0.13043478260869565,0.5652173913043478,0.043478260869565216,0.0,-42.149323971026284
1,pct,0.25,1.0,3,0.5,bar,cfd_std,19,11,8,0.5789473684210527,814.7914102049108,432.0,382.7914102049108,0.179383659130548,1.381252654745086,0.09526783176193798,446.16215000000375,13.526315789473685,0.3157894736842105,0.21052631578947367,0.42105263157894735,0.05263157894736842,0.0,20.146916326574253
1,pct,0.25,1.0,3,0.5,bar,cfd_raw,22,13,9,0.5454545454545454,831.544848910853,436.0,395.54484891085303,0.17499892978631407,1.3809700292551452,0.08485550691095199,447.18965000000026,10.545454545454545,0.2727272727272727,0.18181818181818182,0.5,0.045454545454545456,0.0,17.979311314129685
1,pct,0.25,1.0,3,0.5,tick,none,26,15,11,0.7692307692307693,860.8980405960319,0.0,860.8980405960319,0.0,2.2922304468951396,0.1554520005233799,419.704424999989,7.269230769230769,0.15384615384615385,0.11538461538461539,0.7307692307692307,0.0,0.0,33.111463099847384
1,pct,0.25,1.0,3,0.5,tick,exchange,25,14,11,0.2,903.214193118416,2221.1198402933555,-1317.905647174939,1.0095706788019352,0.283761841507567,-0.24764987487061063,1383.063393000426,7.64,0.16,0.12,0.72,0.0,0.0,-52.71622588699756
1,pct,0.25,1.0,3,0.5,tick,cfd_std,24,14,10,0.5833333333333334,606.831191520323,607.5,-0.6688084796769544,0.2735225691861074,0.9993568476315836,-0.00010877716750877971,460.6242823031207,8.291666666666666,0.125,0.16666666666666666,0.7083333333333334,0.0,0.0,-0.02786701998653977
1,pct,0.25,1.0,3,0.5,tick,cfd_raw,24,14,10,0.5833333333333334,691.6166255294229,496.0,195.6166255294229,0.2110859500862816,1.1933231008128298,0.038459288485297394,456.6242823031207,8.25,0.16666666666666666,0.16666666666666666,0.6666666666666666,0.0,0.0,8.15069273039262
1,pct,0.25,1.0,3,1.0,off,none,11,6,5,0.7272727272727273,851.841750000036,0.0,851.841750000036,0.0,2.33367430280954,0.36474567104386035,215.52580000000307,18.454545454545453,0.6363636363636364,0.2727272727272727,0.0,0.09090909090909091,0.0,77.44015909091236
1,pct,0.25,1.0,3,1.0,off,exchange,11,6,5,0.6363636363636364,871.8417500000214,964.9258338000001,-93.08408379997854,0.4514721316180284,0.9055727576771442,-0.039543840768834985,476.06789857499825,18.545454545454547,0.6363636363636364,0.2727272727272727,0.0,0.09090909090909091,0.0,-8.462189436361685
1,pct,0.25,1.0,3,1.0,off,cfd_std,10,6,4,0.5,330.95974999999453,202.5,128.45974999999453,0.10497616846575421,1.1379130333491712,0.06305891689057516,256.12885000000824,21.6,0.5,0.4,0.0,0.1,0.0,12.845974999999452
1,pct,0.25,1.0,3,1.0,off,cfd_raw,11,6,5,0.6363636363636364,931.8417500000069,186.0,745.8417500000069,0.08605861137397687,2.065232596506578,0.3193504910108725,248.88370000000577,18.545454545454547,0.6363636363636364,0.2727272727272727,0.0,0.09090909090909091,0.0,67.80379545454608
1,pct,0.25,1.0,3,1.0,bar,none,13,8,5,0.7692307692307693,365.3356385296647,0.0,365.3356385296647,0.0,1.5720209963204281,0.13373570913341232,320.5988266055647,8.538461538461538,0.3076923076923077,0.23076923076923078,0.38461538461538464,0.07692307692307693,0.0,28.102741425358825
1,pct,0.25,1.0,3,1.0,bar,exchange,13,8,5,0.38461538461538464,379.3306385296455,1150.8735533030833,-771.5429147734378,0.6997505861918176,0.3990165714763187,-0.2770228500988469,898.0698318734503,8.615384615384615,0.3076923076923077,0.23076923076923078,0.38461538461538464,0.07692307692307693,0.0,-59.34945498257214
1,pct,0.25,1.0,3,1.0,bar,cfd_std,13,8,5,0.46153846153846156,459.8018885296333,297.0,162.8018885296333,0.1793240203327546,1.2129756527424784,0.060814674657669016,449.5450265438267,9.076923076923077,0.3076923076923077,0.23076923076923078,0.38461538461538464,0.07692307692307693,0.0,12.523222194587175
1,pct,0.25,1.0,3,1.0,bar,cfd_raw,13,8,5,0.46153846153846156,421.3156385296461,254.0,167.3156385296461,0.1538735464568666,1.2243132425436165,0.06233625379027722,430.5175265438302,8.615384615384615,0.3076923076923077,0.23076923076923078,0.38461538461538464,0.07692307692307693,0.0,12.8704337330497
1,pct,0.25,1.0,3,1.0,tick,none,13,8,5,0.7692307692307693,445.32126853433147,0.0,445.32126853433147,0.0,1.6972577784496687,0.1625891527830025,292.88882660557283,7.769230769230769,0.3076923076923077,0.23076923076923078,0.46153846153846156,0.0,0.0,34.25548219494858
1,pct,0.25,1.0,3,1.0,tick,exchange,13,8,5,0.38461538461538464,459.31626853431226,1150.8788853191472,-691.5626167848349,0.6673012240213908,0.43019609089239413,-0.24817123963529752,842.9027332228288,7.846153846153846,0.3076923076923077,0.23076923076923078,0.46153846153846156,0.0,0.0,-53.19712436806422
1,pct,0.25,1.0,3,1.0,tick,cfd_std,13,8,5,0.6153846153846154,411.02958452521125,310.5,100.52958452521125,0.19316338065846192,1.1384404351765032,0.03785230565008014,420.9050265438418,7.923076923076923,0.23076923076923078,0.23076923076923078,0.5384615384615384,0.0,0.0,7.733044963477789
1,pct,0.25,1.0,3,1.0,tick,cfd_raw,13,8,5,0.6153846153846154,501.30126853431284,254.0,247.30126853431284,0.14676212827499194,1.3446016331227022,0.0911896974398674,401.8775265438453,7.846153846153846,0.3076923076923077,0.23076923076923078,0.46153846153846156,0.0,0.0,19.02317450263945
1,pct,0.25,1.0,3,2.0,off,none,1,1,0,1.0,211.18877500000235,0.0,211.18877500000235,0.0,inf,1.000000000000011,0.0,17.0,1.0,0.0,0.0,0.0,0.0,211.18877500000235
1,pct,0.25,1.0,3,2.0,off,exchange,1,1,0,1.0,213.193775000007,86.58310688750001,126.610668112507,0.4061239916010548,inf,0.5995141934627303,0.0,18.0,1.0,0.0,0.0,0.0,0.0,126.610668112507
1,pct,0.25,1.0,3,2.0,off,cfd_std,1,1,0,1.0,224.72252500000468,13.5,211.22252500000468,0.0600740846962258,inf,1.000159809630056,0.0,24.0,1.0,0.0,0.0,0.0,0.0,211.22252500000468
1,pct,0.25,1.0,3,2.0,off,cfd_raw,1,1,0,1.0,219.20877500000643,14.0,205.20877500000643,0.06386605645690775,inf,0.9716841011081504,0.0,18.0,1.0,0.0,0.0,0.0,0.0,205.20877500000643
1,pct,0.25,1.0,3,2.0,bar,none,1,1,0,1.0,211.18877500000235,0.0,211.18877500000235,0.0,inf,1.000000000000011,0.0,17.0,1.0,0.0,0.0,0.0,0.0,211.18877500000235
1,pct,0.25,1.0,3,2.0,bar,exchange,1,1,0,1.0,213.193775000007,86.58310688750001,126.610668112507,0.4061239916010548,inf,0.5995141934627303,0.0,18.0,1.0,0.0,0.0,0.0,0.0,126.610668112507
1,pct,0.25,1.0,3,2.0,bar,cfd_std,1,1,0,1.0,224.72252500000468,13.5,211.22252500000468,0.0600740846962258,inf,1.000159809630056,0.0,24.0,1.0,0.0,0.0,0.0,0.0,211.22252500000468
1,pct,0.25,1.0,3,2.0,bar,cfd_raw,1,1,0,1.0,219.20877500000643,14.0,205.20877500000643,0.06386605645690775,inf,0.9716841011081504,0.0,18.0,1.0,0.0,0.0,0.0,0.0,205.20877500000643
1,pct,0.25,1.0,3,2.0,tick,none,1,1,0,1.0,211.18877500000235,0.0,211.18877500000235,0.0,inf,1.000000000000011,0.0,17.0,1.0,0.0,0.0,0.0,0.0,211.18877500000235
1,pct,0.25,1.0,3,2.0,tick,exchange,1,1,0,1.0,213.193775000007,86.58310688750001,126.610668112507,0.4061239916010548,inf,0.5995141934627303,0.0,18.0,1.0,0.0,0.0,0.0,0.0,126.610668112507
1,pct,0.25,1.0,3,2.0,tick,cfd_std,1,1,0,1.0,95.9645909909159,27.0,68.9645909909159,0.28135377560829544,inf,0.3265542450867282,0.0,19.0,0.0,0.0,1.0,0.0,0.0,68.9645909909159
1,pct,0.25,1.0,3,2.0,tick,cfd_raw,1,1,0,1.0,219.20877500000643,14.0,205.20877500000643,0.06386605645690775,inf,0.9716841011081504,0.0,18.0,1.0,0.0,0.0,0.0,0.0,205.20877500000643
1,pct,0.25,1.0,5,0.5,off,none,13,7,6,0.6153846153846154,428.0874250000197,0.0,428.0874250000197,0.0,1.4023533002128707,0.15478479857556812,642.5592000000033,18.76923076923077,0.5384615384615384,0.38461538461538464,0.0,0.07692307692307693,0.0,32.92980192307844
1,pct,0.25,1.0,5,0.5,off,exchange,13,7,6,0.5384615384615384,452.0674250000011,1143.1880736125,-691.1206486124988,0.446555141863936,0.563937819995564,-0.25014452126868814,989.680405274994,18.76923076923077,0.5384615384615384,0.38461538461538464,0.0,0.07692307692307693,0.0,-53.163126816346065
1,pct,0.25,1.0,5,0.5,off,cfd_std,11,5,6,0.6363636363636364,989.2569000000076,202.5,786.7569000000076,0.09272960938854072,2.1196425201704896,0.33574182505286315,454.9271000000008,23.636363636363637,0.6363636363636364,0.2727272727272727,0.0,0.09090909090909091,0.0,71.52335454545523
1,pct,0.25,1.0,5,0.5,off,cfd_raw,11,5,6,0.6363636363636364,934.2844000000041,186.0,748.2844000000041,0.0860406653163831,2.070243583106634,0.31932429979364413,455.8996000000043,23.454545454545453,0.6363636363636364,0.2727272727272727,0.0,0.09090909090909091,0.0,68.02585454545492
1,pct,0.25,1.0,5,0.5,bar,none,16,8,8,0.8125,1113.2337856279337,0.0,1113.2337856279337,0.0,3.5592788692014805,0.32628669784907105,213.89489999999932,11.375,0.375,0.125,0.4375,0.0625,0.0,69.57711160174586
1,pct,0.25,1.0,5,0.5,bar,exchange,16,8,8,0.4375,1129.2237856279098,1414.8663881411157,-285.64260251320593,0.7105658155283058,0.729519056339544,-0.08419576542804505,455.29152292570507,11.375,0.375,0.125,0.4375,0.0625,0.0,-17.85266265707537
1,pct,0.25,1.0,5,0.5,bar,cfd_std,13,6,7,0.7692307692307693,1165.9703469219821,270.0,895.9703469219821,0.13779130411029375,2.8855096772294035,0.3233091137527265,227.42865000000165,16.846153846153847,0.46153846153846156,0.15384615384615385,0.3076923076923077,0.07692307692307693,0.0,68.92079591707555
1,pct,0.25,1.0,5,0.5,bar,cfd_raw,15,7,8,0.6666666666666666,1174.1927354761137,282.0,892.1927354761137,0.1401484795103008,2.741518700713558,0.2789670074370631,227.9149000000034,11.933333333333334,0.4,0.13333333333333333,0.4,0.06666666666666667,0.0,59.47951569840758
1,pct,0.25,1.0,5,0.5,tick,none,17,9,8,0.8823529411764706,1083.7099886127107,0.0,1083.7099886127107,0.0,3.5545212744384305,0.29949326775204055,213.89489999999932,9.294117647058824,0.29411764705882354,0.11764705882352941,0.5882352941176471,0.0,0.0,63.747646388982986
1,pct,0.25,1.0,5,0.5,tick,exchange,17,9,8,0.35294117647058826,1097.6949886126822,1504.8654780175293,-407.170489404847,0.7764325651814749,0.6153743706740177,-0.11255216520947599,601.6326091553201,9.294117647058824,0.29411764705882354,0.11764705882352941,0.5882352941176471,0.0,0.0,-23.951205259108647
1,pct,0.25,1.0,5,0.5,tick,cfd_std,17,9,8,0.7647058823529411,995.6758094750112,418.5,577.1758094750112,0.23376296161033663,2.188592583729678,0.15950659359050703,237.79083230311517,9.294117647058824,0.17647058823529413,0.11764705882352941,0.7058823529411765,0.0,0.0,33.95151820441242
1,pct,0.25,1.0,5,0.5,tick,cfd_raw,17,9,8,0.7647058823529411,1011.353204603598,342.0,669.353204603598,0.1871002113048873,2.4045267332507034,0.18475272614304478,233.2770823031169,9.235294117647058,0.23529411764705882,0.11764705882352941,0.6470588235294118,0.0,0.0,39.373717917858706
1,pct,0.25,1.0,5,1.0,off,none,8,3,5,0.75,634.5588500000158,0.0,634.5588500000158,0.0,2.4812669785714854,0.376525297685296,428.38925000000745,21.625,0.625,0.25,0.0,0.125,0.0,79.31985625000198
1,pct,0.25,1.0,5,1.0,off,exchange,8,3,5,0.625,648.5538500000112,701.640221875,-53.086371874988856,0.4685935102350533,0.9229983921417065,-0.0281214931183551,603.7444400249951,21.625,0.625,0.25,0.0,0.125,0.0,-6.635796484373607
1,pct,0.25,1.0,5,1.0,off,cfd_std,7,2,5,0.7142857142857143,930.2584500000085,121.5,808.7584500000085,0.09131423162362123,4.214641400809972,0.5458333309442833,227.15589999999793,30.0,0.7142857142857143,0.14285714285714285,0.0,0.14285714285714285,0.0,115.53692142857264
1,pct,0.25,1.0,5,1.0,off,cfd_raw,7,2,5,0.7142857142857143,897.2584500000085,114.0,783.2584500000085,0.08711615162107678,4.169808010654983,0.5286803878565663,227.66964999999618,30.0,0.7142857142857143,0.14285714285714285,0.0,0.14285714285714285,0.0,111.89406428571549
1,pct,0.25,1.0,5,1.0,bar,none,9,3,6,1.0,1020.3786200343166,0.0,1020.3786200343166,0.0,inf,0.5349612765257403,0.0,9.666666666666666,0.4444444444444444,0.0,0.4444444444444444,0.1111111111111111,0.0,113.37540222603518
1,pct,0.25,1.0,5,1.0,bar,exchange,9,3,6,0.5555555555555556,1028.378620034302,793.4889562721958,234.8896637621062,0.7715922334574873,1.8467982788791295,0.12459706249700034,186.85756813790067,9.666666666666666,0.4444444444444444,0.0,0.4444444444444444,0.1111111111111111,0.0,26.09885152912291
1,pct,0.25,1.0,5,1.0,bar,cfd_std,9,3,6,0.6666666666666666,1074.378620034302,189.0,885.378620034302,0.1759156376305829,21.211075165634593,0.46474673174416714,24.429999999993015,10.333333333333334,0.4444444444444444,0.0,0.4444444444444444,0.1111111111111111,0.0,98.37540222603356
1,pct,0.25,1.0,5,1.0,bar,cfd_raw,9,3,6,0.6666666666666666,1052.378620034302,166.0,886.378620034302,0.15773790614882435,31.769976845168635,0.46513595808450436,19.429999999993015,10.333333333333334,0.4444444444444444,0.0,0.4444444444444444,0.1111111111111111,0.0,98.48651333714467
1,pct,0.25,1.0,5,1.0,tick,none,9,3,6,1.0,1083.2288372929906,0.0,1083.2288372929906,0.0,inf,0.567760069221616,0.0,8.777777777777779,0.4444444444444444,0.0,0.5555555555555556,0.0,0.0,120.35875969922118
1,pct,0.25,1.0,5,1.0,tick,exchange,9,3,6,0.5555555555555556,1091.228837292976,793.4753811635665,297.75345612940964,0.7271393075827706,2.3269653795689234,0.15740301687600355,148.80697510857135,8.777777777777779,0.4444444444444444,0.0,0.5555555555555556,0.0,0.0,33.08371734771218
1,pct,0.25,1.0,5,1.0,tick,cfd_std,9,3,6,1.0,1003.4183032838773,202.5,800.9183032838773,0.20181015169573868,inf,0.42004680023845054,0.0,8.88888888888889,0.3333333333333333,0.0,0.6666666666666666,0.0,0.0,88.99092258709749
1,pct,0.25,1.0,5,1.0,tick,cfd_raw,9,3,6,1.0,986.9320532838901,174.0,812.9320532838901,0.1763039303678883,inf,0.426230259689256,0.0,8.88888888888889,0.3333333333333333,0.0,0.6666666666666666,0.0,0.0,90.32578369821002
1,pct,0.25,1.0,5,2.0,off,none,2,1,1,0.5,-2.488274999996065,0.0,-2.488274999996065,0.0,0.9883556597149368,9.325873406851315e-15,213.68965000000026,31.0,0.5,0.5,0.0,0.0,0.0,-1.2441374999980326
1,pct,0.25,1.0,5,2.0,off,exchange,2,1,1,0.5,1.5217249999986961,176.16985551250002,-174.64813051250133,0.4146236214627132,0.4202866361786828,-0.40515854262213913,301.26635232499393,31.0,0.5,0.5,0.0,0.0,0.0,-87.32406525625066
1,pct,0.25,1.0,5,2.0,off,cfd_std,2,1,1,0.5,24.57922500000859,40.5,-15.920774999991409,0.0953185584468384,0.929912562253538,-0.031428996147935706,227.15589999999793,34.0,0.5,0.5,0.0,0.0,0.0,-7.960387499995704
1,pct,0.25,1.0,5,2.0,off,cfd_raw,2,1,1,0.5,13.551724999997532,36.0,-22.448275000002468,0.0847276075083037,0.901399791320438,-0.046868094781146896,227.66964999999618,34.0,0.5,0.5,0.0,0.0,0.0,-11.224137500001234
1,pct,0.25,1.0,5,2.0,bar,none,2,1,1,1.0,231.72258612320002,0.0,231.72258612320002,0.0,inf,0.5480163899449506,0.0,11.5,0.5,0.0,0.5,0.0,0.0,115.86129306160001
1,pct,0.25,1.0,5,2.0,bar,exchange,2,1,1,0.5,233.72758612319012,176.0537525819384,57.67383354125171,0.7532433612228651,1.836526873142307,0.13843812678546444,68.94438827123668,11.5,0.5,0.0,0.5,0.0,0.0,28.836916770625855
1,pct,0.25,1.0,5,2.0,bar,cfd_std,2,1,1,0.5,245.25633612320235,40.5,204.75633612320235,0.16513334839861257,32.60410688119283,0.48492055827174196,6.478788876804174,14.5,0.5,0.0,0.5,0.0,0.0,102.37816806160117
1,pct,0.25,1.0,5,2.0,bar,cfd_raw,2,1,1,0.5,239.74258612318954,36.0,203.74258612318954,0.15016105641532426,138.77665582899147,0.48238276300066896,1.478788876804174,14.5,0.5,0.0,0.5,0.0,0.0,101.87129306159477
1,pct,0.25,1.0,5,2.0,tick,none,2,1,1,1.0,239.6725861231971,0.0,239.6725861231971,0.0,inf,0.5666181331739678,0.0,11.0,0.5,0.0,0.5,0.0,0.0,119.83629306159855
1,pct,0.25,1.0,5,2.0,tick,exchange,2,1,1,0.5,241.6775861231872,176.0497775819384,65.62780854124881,0.7284489240644881,2.076034822872559,0.15704917088609613,60.99041327123996,11.0,0.5,0.0,0.5,0.0,0.0,32.813904270624406
1,pct,0.25,1.0,5,2.0,tick,cfd_std,2,1,1,1.0,119.39580211410066,54.0,65.39580211410066,0.45227720777314157,inf,0.15477804259359343,0.0,11.5,0.0,0.0,1.0,0.0,0.0,32.69790105705033
1,pct,0.25,1.0,5,2.0,tick,cfd_raw,2,1,1,1.0,119.39580211410066,44.0,75.39580211410066,0.3685221692966339,inf,0.17831429631962764,0.0,11.5,0.0,0.0,1.0,0.0,0.0,37.69790105705033
1,pct,0.25,1.0,8,0.5,off,none,7,2,5,0.8571428571428571,883.9681750000018,0.0,883.9681750000018,0.0,5.138298463753488,0.5965573474992325,213.60667500000272,36.42857142857143,0.7142857142857143,0.14285714285714285,0.0,0.14285714285714285,0.0,126.28116785714312
1,pct,0.25,1.0,8,0.5,off,exchange,7,2,5,0.7142857142857143,895.9581749999925,611.6661172875,284.2920577124925,0.46367795428805075,1.8068572837812535,0.1926336058392704,301.1501458374987,36.42857142857143,0.7142857142857143,0.14285714285714285,0.0,0.14285714285714285,0.0,40.613151101784645
1,pct,0.25,1.0,8,0.5,off,cfd_std,7,2,5,0.8571428571428571,964.9006749999971,121.5,843.4006749999971,0.08900795524167221,4.714228259489746,0.5691609442601192,227.0729250000004,37.285714285714285,0.7142857142857143,0.14285714285714285,0.0,0.14285714285714285,0.0,120.48581071428531
1,pct,0.25,1.0,8,0.5,off,cfd_raw,7,2,5,0.8571428571428571,931.9281749999936,114.0,817.9281749999936,0.08487817032297745,4.593919437506605,0.5520314029070363,227.58667499999865,37.285714285714285,0.7142857142857143,0.14285714285714285,0.0,0.14285714285714285,0.0,116.84688214285623
1,pct,0.25,1.0,8,0.5,bar,none,12,4,8,0.9166666666666666,1058.0405032322597,0.0,1058.0405032322597,0.0,84.5155209800107,0.4142129989900932,12.668788876806502,9.75,0.25,0.0,0.75,0.0,0.0,88.17004193602163
1,pct,0.25,1.0,8,0.5,bar,exchange,12,4,8,0.3333333333333333,1064.035503232255,1064.088456769102,-0.05295353684716986,0.9767897475547278,0.9998677294644768,0.00017546142155376818,217.15353486665117,9.75,0.25,0.0,0.75,0.0,0.0,-0.0044127947372641545
1,pct,0.25,1.0,8,0.5,bar,cfd_std,12,4,8,0.8333333333333334,1198.8406172288087,283.5,915.3406172288087,0.23647847422397741,31.049787562431664,0.35821530810784036,30.46080160557176,11.583333333333334,0.25,0.0,0.75,0.0,0.0,76.27838476906739
1,pct,0.25,1.0,8,0.5,bar,cfd_raw,12,4,8,0.8333333333333334,1182.354367228807,240.0,942.354367228807,0.20298482980403765,47.05657126220269,0.3688009303618271,20.46080160557176,11.583333333333334,0.25,0.0,0.75,0.0,0.0,78.52953060240058
1,pct,0.25,1.0,8,0.5,tick,none,12,4,8,0.9166666666666666,1013.3135578396177,0.0,1013.3135578396177,0.0,215.74017683214618,0.39749269630172,4.718788876809413,8.583333333333334,0.16666666666666666,0.0,0.8333333333333334,0.0,0.0,84.4427964866348
1,pct,0.25,1.0,8,0.5,tick,exchange,12,4,8,0.4166666666666667,1017.3135578396177,1066.1193400082152,-48.80578216859732,1.0383424990245884,0.8636988480572714,-0.018108470804280297,317.033232111673,8.583333333333334,0.16666666666666666,0.0,0.8333333333333334,0.0,0.0,-4.0671485140497765
1,pct,0.25,1.0,8,0.5,tick,cfd_std,12,4,8,0.9166666666666666,957.1755965664488,310.5,646.6755965664488,0.3243918891307051,84.95131182946857,0.2535223634936137,7.702983818526263,9.833333333333334,0.08333333333333333,0.0,0.9166666666666666,0.0,0.0,53.889633047204065
1,pct,0.25,1.0,8,0.5,tick,cfd_raw,12,4,8,0.8333333333333334,901.0167738305317,256.0,645.0167738305317,0.2811782925245744,22.923110497444235,0.2529523972380008,26.718788876809413,8.666666666666666,0.08333333333333333,0.0,0.9166666666666666,0.0,0.0,53.75139781921098
1,pct,0.25,1.0,8,1.0,off,none,5,3,2,0.8,457.7448999999906,0.0,457.7448999999906,0.0,3.1320249315787048,0.435180286498915,214.6996000000072,17.2,0.6,0.2,0.0,0.2,0.0,91.54897999999812
1,pct,0.25,1.0,8,1.0,off,exchange,5,3,2,0.6,465.73489999999583,438.055554325,27.6793456749958,0.4915653420417693,1.0782625679740105,0.029691024172520692,302.4780877000012,17.2,0.6,0.2,0.0,0.2,0.0,5.53586913499916
1,pct,0.25,1.0,8,1.0,off,cfd_std,5,3,2,0.8,511.6774000000005,94.5,417.1774000000005,0.10337538687828428,2.827854693453037,0.39689014255137145,228.23334999999497,18.4,0.6,0.2,0.0,0.2,0.0,83.4354800000001
1,pct,0.25,1.0,8,1.0,off,cfd_raw,5,3,2,0.8,489.704899999997,86.0,403.704899999997,0.09522289964580503,2.7650647342860113,0.38420270646860055,228.71959999999672,18.4,0.6,0.2,0.0,0.2,0.0,80.7409799999994
1,pct,0.25,1.0,8,1.0,bar,none,5,3,2,1.0,571.0293195314589,0.0,571.0293195314589,0.0,inf,0.5384536526400374,0.0,8.8,0.4,0.0,0.6,0.0,0.0,114.20586390629178
1,pct,0.25,1.0,8,1.0,bar,exchange,5,3,2,0.4,575.0293195314589,440.2626369554366,134.7666825760223,0.7656351111177568,2.120466555227735,0.12711273126061634,75.78470887815638,8.8,0.4,0.0,0.6,0.0,0.0,26.953336515204462
1,pct,0.25,1.0,8,1.0,bar,cfd_std,5,3,2,0.8,598.0293195314589,108.0,490.0293195314589,0.18059315233008194,38.9931960291503,0.4619790255807043,12.897817787044914,10.0,0.4,0.0,0.6,0.0,0.0,98.00586390629178
1,pct,0.25,1.0,8,1.0,bar,cfd_raw,5,3,2,0.8,587.0293195314589,94.0,493.0293195314589,0.16012828809815954,63.4260185313712,0.46484823076569903,7.897817787044914,10.0,0.4,0.0,0.6,0.0,0.0,98.60586390629177
1,pct,0.25,1.0,8,1.0,tick,none,5,3,2,1.0,661.4664737106214,0.0,661.4664737106214,0.0,inf,0.624072636690186,0.0,8.4,0.4,0.0,0.6,0.0,0.0,132.29329474212426
1,pct,0.25,1.0,8,1.0,tick,exchange,5,3,2,0.8,665.4664737106214,440.26953837834697,225.19693533227436,0.6615953707230614,4.886482780935054,0.21272533876564953,57.94363387816702,8.4,0.4,0.0,0.6,0.0,0.0,45.03938706645487
1,pct,0.25,1.0,8,1.0,tick,cfd_std,5,3,2,1.0,554.6559397015226,121.5,433.1559397015226,0.21905471717364622,inf,0.40810030606798653,0.0,8.6,0.2,0.0,0.8,0.0,0.0,86.63118794030451
1,pct,0.25,1.0,8,1.0,tick,cfd_raw,5,3,2,1.0,549.1696897015354,102.0,447.1696897015354,0.18573494115349903,inf,0.4213991308518241,0.0,8.6,0.2,0.0,0.8,0.0,0.0,89.43393794030708
1,pct,0.25,1.0,8,2.0,off,none,1,1,0,1.0,211.2013750000042,0.0,211.2013750000042,0.0,inf,1.0000000000000198,0.0,18.0,1.0,0.0,0.0,0.0,0.0,211.2013750000042
1,pct,0.25,1.0,8,2.0,off,exchange,1,1,0,1.0,213.2063749999943,86.5881531875,126.6182218124943,0.406123659236279,inf,0.5995141926159064,0.0,18.0,1.0,0.0,0.0,0.0,0.0,126.6182218124943
1,pct,0.25,1.0,8,2.0,off,cfd_std,1,1,0,1.0,224.73512500000652,13.5,211.23512500000652,0.06007071658246395,inf,1.0001598000960292,0.0,24.0,1.0,0.0,0.0,0.0,0.0,211.23512500000652
1,pct,0.25,1.0,8,2.0,off,cfd_raw,1,1,0,1.0,219.2213749999937,14.0,205.2213749999937,0.06386238568205496,inf,0.9716857903978783,0.0,24.0,1.0,0.0,0.0,0.0,0.0,205.2213749999937
1,pct,0.25,1.0,8,2.0,bar,none,1,1,0,1.0,211.2013750000042,0.0,211.2013750000042,0.0,inf,1.0000000000000198,0.0,18.0,1.0,0.0,0.0,0.0,0.0,211.2013750000042
1,pct,0.25,1.0,8,2.0,bar,exchange,1,1,0,1.0,213.2063749999943,86.5881531875,126.6182218124943,0.406123659236279,inf,0.5995141926159064,0.0,18.0,1.0,0.0,0.0,0.0,0.0,126.6182218124943
1,pct,0.25,1.0,8,2.0,bar,cfd_std,1,1,0,1.0,224.73512500000652,13.5,211.23512500000652,0.06007071658246395,inf,1.0001598000960292,0.0,24.0,1.0,0.0,0.0,0.0,0.0,211.23512500000652
1,pct,0.25,1.0,8,2.0,bar,cfd_raw,1,1,0,1.0,219.2213749999937,14.0,205.2213749999937,0.06386238568205496,inf,0.9716857903978783,0.0,24.0,1.0,0.0,0.0,0.0,0.0,205.2213749999937
1,pct,0.25,1.0,8,2.0,tick,none,1,1,0,1.0,211.2013750000042,0.0,211.2013750000042,0.0,inf,1.0000000000000198,0.0,18.0,1.0,0.0,0.0,0.0,0.0,211.2013750000042
1,pct,0.25,1.0,8,2.0,tick,exchange,1,1,0,1.0,213.2063749999943,86.5881531875,126.6182218124943,0.406123659236279,inf,0.5995141926159064,0.0,18.0,1.0,0.0,0.0,0.0,0.0,126.6182218124943
1,pct,0.25,1.0,8,2.0,tick,cfd_std,1,1,0,1.0,90.92459099090775,27.0,63.924590990907745,0.29694936986518794,inf,0.30267128228169793,0.0,19.0,0.0,0.0,1.0,0.0,0.0,63.924590990907745
1,pct,0.25,1.0,8,2.0,tick,cfd_raw,1,1,0,1.0,90.92459099090775,22.0,68.92459099090775,0.24195874581607907,inf,0.32634537057776136,0.0,19.0,0.0,0.0,1.0,0.0,0.0,68.92459099090775
1,pct,0.25,1.5,3,0.5,off,none,11,7,4,0.45454545454545453,167.03390000000945,0.0,167.03390000000945,0.0,1.1310945515526027,0.07026573602229033,427.7292999999918,31.636363636363637,0.36363636363636365,0.5454545454545454,0.0,0.09090909090909091,0.0,15.184900000000859
1,pct,0.25,1.5,3,0.5,off,exchange,11,7,4,0.45454545454545453,186.9988999999914,970.0645250125001,-783.0656250125087,0.3577810732063589,0.5638498803177383,-0.3363337286627754,857.3735800125141,31.545454545454547,0.36363636363636365,0.5454545454545454,0.0,0.09090909090909091,0.0,-71.18778409204624
1,pct,0.25,1.5,3,0.5,off,cfd_std,11,7,4,0.45454545454545453,301.7976499999786,243.0,58.7976499999786,0.09038953705771088,1.0433840290070557,0.023808705591748473,454.79679999999644,31.363636363636363,0.36363636363636365,0.5454545454545454,0.0,0.09090909090909091,0.0,5.345240909088964
1,pct,0.25,1.5,3,0.5,off,cfd_raw,11,7,4,0.45454545454545453,246.89389999998093,210.0,36.89389999998093,0.07779649215616824,1.0271632537769833,0.014489565116990925,455.76929999999993,31.727272727272727,0.36363636363636365,0.5454545454545454,0.0,0.09090909090909091,0.0,3.3539909090891755
1,pct,0.25,1.5,3,0.5,bar,none,22,12,10,0.7272727272727273,1170.1174944554223,0.0,1170.1174944554223,0.0,2.777458796996161,0.2493140422307141,419.22964999999385,11.363636363636363,0.13636363636363635,0.13636363636363635,0.6818181818181818,0.045454545454545456,0.0,53.18715883888283
1,pct,0.25,1.5,3,0.5,bar,exchange,22,12,10,0.4090909090909091,1182.0999944553914,1956.5580208285808,-774.4580263731893,0.7868063707139799,0.5378694660843312,-0.1655591931899191,796.9975128335791,11.363636363636363,0.13636363636363635,0.13636363636363635,0.6818181818181818,0.045454545454545456,0.0,-35.2026375624177
1,pct,0.25,1.5,3,0.5,bar,cfd_std,19,11,8,0.5789473684210527,895.4353851752239,472.5,422.9353851752239,0.189843658468932,1.4212352578585135,0.10437405068083587,446.16215000000375,14.789473684210526,0.15789473684210525,0.21052631578947367,0.5789473684210527,0.05263157894736842,0.0,22.25975711448547
1,pct,0.25,1.5,3,0.5,bar,cfd_raw,21,12,9,0.5714285714285714,925.7221487293718,438.0,487.72214872937184,0.16939836958228988,1.4785069755416946,0.10888124747270184,447.18965000000026,12.095238095238095,0.14285714285714285,0.19047619047619047,0.6190476190476191,0.047619047619047616,0.0,23.224864225208183
1,pct,0.25,1.5,3,0.5,tick,none,26,15,11,0.7692307692307693,795.4923980846215,0.0,795.4923980846215,0.0,2.1940548689910853,0.1432626305954621,419.704424999989,7.6923076923076925,0.038461538461538464,0.11538461538461539,0.8461538461538461,0.0,0.0,30.595861464793135
1,pct,0.25,1.5,3,0.5,tick,exchange,25,14,11,0.2,831.8010506069986,2227.0557737135914,-1395.2547231065926,1.0462289018027937,0.24172517535841215,-0.26259540835953793,1476.860273904953,8.04,0.04,0.12,0.84,0.0,0.0,-55.810188924263706
1,pct,0.25,1.5,3,0.5,tick,cfd_std,24,14,10,0.5833333333333334,629.6328580180125,634.5,-4.8671419819875155,0.28277606706676595,0.9953195660816886,-0.0012822241153677139,460.6242823031207,8.666666666666666,0.041666666666666664,0.16666666666666666,0.7916666666666666,0.0,0.0,-0.20279758258281314
1,pct,0.25,1.5,3,0.5,tick,cfd_raw,24,14,10,0.5833333333333334,602.1809830180136,520.0,82.18098301801365,0.2300561152500051,1.0812174446925997,0.01575180012101309,456.6242823031207,8.666666666666666,0.041666666666666664,0.16666666666666666,0.7916666666666666,0.0,0.0,3.4242076257505687
1,pct,0.25,1.5,3,1.0,off,none,9,5,4,0.5555555555555556,591.1027250000043,0.0,591.1027250000043,0.0,1.6954912700716966,0.30810256624946325,215.52580000000307,28.555555555555557,0.4444444444444444,0.4444444444444444,0.0,0.1111111111111111,0.0,65.67808055555604
1,pct,0.25,1.5,3,1.0,off,exchange,9,5,4,0.5555555555555556,607.077724999981,792.53205715,-185.45433215001898,0.34594621061756936,0.8451535279579604,-0.09797288429506795,368.75323055624904,28.555555555555557,0.4444444444444444,0.4444444444444444,0.0,0.1111111111111111,0.0,-20.606036905557666
1,pct,0.25,1.5,3,1.0,off,cfd_std,9,5,4,0.5555555555555556,698.9339749999781,189.0,509.9339749999781,0.08250095850071903,1.5641023237110685,0.2655009857464218,229.0595500000054,28.11111111111111,0.4444444444444444,0.4444444444444444,0.0,0.1111111111111111,0.0,56.65933055555312
1,pct,0.25,1.5,3,1.0,off,cfd_raw,9,5,4,0.5555555555555556,655.0027249999839,166.0,489.0027249999839,0.07246072440492089,1.5397698319464963,0.2546187056652921,229.54580000000715,28.555555555555557,0.4444444444444444,0.4444444444444444,0.0,0.1111111111111111,0.0,54.33363611110932
1,pct,0.25,1.5,3,1.0,bar,none,13,8,5,0.7692307692307693,273.8193009999668,0.0,273.8193009999668,0.0,1.428730112397852,0.09973736181531477,320.5988266055647,10.153846153846153,0.07692307692307693,0.23076923076923078,0.6153846153846154,0.07692307692307693,0.0,21.0630231538436
1,pct,0.25,1.5,3,1.0,bar,exchange,13,8,5,0.38461538461538464,281.8068009999406,1156.8347485299894,-875.0279475300488,0.7477115016377943,0.3184082364166723,-0.3153930653862194,898.0698318734503,10.153846153846153,0.07692307692307693,0.23076923076923078,0.6153846153846154,0.07692307692307693,0.0,-67.30984211769606
1,pct,0.25,1.5,3,1.0,bar,cfd_std,13,8,5,0.46153846153846156,327.7349259999464,337.5,-9.765074000053573,0.22143448030341234,0.9872254368298592,-0.002787109057819187,449.5450265438267,10.153846153846153,0.07692307692307693,0.23076923076923078,0.6153846153846154,0.07692307692307693,0.0,-0.7511595384656595
1,pct,0.25,1.5,3,1.0,bar,cfd_raw,13,8,5,0.46153846153846156,305.76930099994934,278.0,27.769300999949337,0.18108864554253679,1.0372291676092467,0.010795129347798135,430.5175265438302,10.153846153846153,0.07692307692307693,0.23076923076923078,0.6153846153846154,0.07692307692307693,0.0,2.13610007691918
1,pct,0.25,1.5,3,1.0,tick,none,13,8,5,0.7692307692307693,379.91562602292106,0.0,379.91562602292106,0.0,1.5948494808498799,0.13821041292716685,292.88882660557283,8.615384615384615,0.07692307692307693,0.23076923076923078,0.6923076923076923,0.0,0.0,29.224278924840082
1,pct,0.25,1.5,3,1.0,tick,exchange,13,8,5,0.38461538461538464,387.90312602289487,1156.8148187393833,-768.9116927164883,0.6997159046606602,0.3664653385902786,-0.2769126501909269,850.5172435148415,8.615384615384615,0.07692307692307693,0.23076923076923078,0.6923076923076923,0.0,0.0,-59.14705328588372
1,pct,0.25,1.5,3,1.0,tick,cfd_std,13,8,5,0.6153846153846154,433.8312510229007,337.5,96.33125102290069,0.20702356412027983,1.1326588623209006,0.03568594205403288,420.9050265438418,8.615384615384615,0.07692307692307693,0.23076923076923078,0.6923076923076923,0.0,0.0,7.410096232530822
1,pct,0.25,1.5,3,1.0,tick,cfd_raw,13,8,5,0.6153846153846154,411.8656260229036,278.0,133.8656260229036,0.16938246508957294,1.1865348836254956,0.049268180459650195,401.8775265438453,8.615384615384615,0.07692307692307693,0.23076923076923078,0.6923076923076923,0.0,0.0,10.29735584791566
1,pct,0.25,1.5,3,2.0,off,none,1,1,0,0.0,-211.18877500000235,0.0,-211.18877500000235,0.0,0.0,-1.000000000000011,211.18877500000235,56.0,0.0,1.0,0.0,0.0,0.0,-211.18877500000235
1,pct,0.25,1.5,3,2.0,off,exchange,1,1,0,0.0,-209.193775000007,88.37091311249999,-297.564688112507,0.4224356729185514,0.0,-1.4089985990614653,297.564688112514,56.0,0.0,1.0,0.0,0.0,0.0,-297.564688112507
1,pct,0.25,1.5,3,2.0,off,cfd_std,1,1,0,0.0,-197.72252500000468,27.0,-224.72252500000468,0.1365550030275982,0.0,-1.0640836616434974,224.72252500000468,52.0,0.0,1.0,0.0,0.0,0.0,-224.72252500000468
1,pct,0.25,1.5,3,2.0,off,cfd_raw,1,1,0,0.0,-203.20877500000643,22.0,-225.20877500000643,0.10826304129828697,0.0,-1.0663861040910267,225.20877500000643,56.0,0.0,1.0,0.0,0.0,0.0,-225.20877500000643
1,pct,0.25,1.5,3,2.0,bar,none,1,1,0,1.0,142.44105015179957,0.0,142.44105015179957,0.0,inf,0.674472637817988,0.0,27.0,0.0,0.0,1.0,0.0,0.0,142.44105015179957
1,pct,0.25,1.5,3,2.0,bar,exchange,1,1,0,1.0,142.44105015179957,88.5467305250759,53.89431962672367,0.6216377261380168,inf,0.2551950009025038,0.0,27.0,0.0,0.0,1.0,0.0,0.0,53.89431962672367
1,pct,0.25,1.5,3,2.0,bar,cfd_std,1,1,0,1.0,142.44105015179957,27.0,115.44105015179957,0.18955209871891615,inf,0.546624933791105,0.0,27.0,0.0,0.0,1.0,0.0,0.0,115.44105015179957
1,pct,0.25,1.5,3,2.0,bar,cfd_raw,1,1,0,1.0,142.44105015179957,22.0,120.44105015179957,0.15444985821541315,inf,0.5703004345368241,0.0,27.0,0.0,0.0,1.0,0.0,0.0,120.44105015179957
1,pct,0.25,1.5,3,2.0,tick,none,1,1,0,1.0,95.9645909909159,0.0,95.9645909909159,0.0,inf,0.45440194911361126,0.0,19.0,0.0,0.0,1.0,0.0,0.0,95.9645909909159
1,pct,0.25,1.5,3,2.0,tick,exchange,1,1,0,1.0,95.9645909909159,88.52349229549546,7.441098695420436,0.9224599550877592,inf,0.03523434754247917,0.0,19.0,0.0,0.0,1.0,0.0,0.0,7.441098695420436
1,pct,0.25,1.5,3,2.0,tick,cfd_std,1,1,0,1.0,95.9645909909159,27.0,68.9645909909159,0.28135377560829544,inf,0.3265542450867282,0.0,19.0,0.0,0.0,1.0,0.0,0.0,68.9645909909159
1,pct,0.25,1.5,3,2.0,tick,cfd_raw,1,1,0,1.0,95.9645909909159,22.0,73.9645909909159,0.22925122456972222,inf,0.35022974583244726,0.0,19.0,0.0,0.0,1.0,0.0,0.0,73.9645909909159
1,pct,0.25,1.5,5,0.5,off,none,10,6,4,0.6,915.1813750000001,0.0,915.1813750000001,0.0,2.0774468029247113,0.4272923096245149,427.85959999999614,31.6,0.5,0.4,0.0,0.1,0.0,91.51813750000001
1,pct,0.25,1.5,5,0.5,off,exchange,10,6,4,0.6,933.1388749999896,880.2434481125,52.89542688748955,0.3364876788113005,1.0441989785841868,0.02198910689633398,602.8015051999973,31.6,0.5,0.4,0.0,0.1,0.0,5.289542688748955
1,pct,0.25,1.5,5,0.5,off,cfd_std,10,6,4,0.6,1036.3944999999949,202.5,833.8944999999949,0.07707060455209802,1.92292624111653,0.388881575532024,454.9271000000008,31.3,0.5,0.4,0.0,0.1,0.0,83.38944999999948
1,pct,0.25,1.5,5,0.5,off,cfd_raw,10,6,4,0.6,987.0113750000019,180.0,807.0113750000019,0.0686507293172206,1.8912543394197716,0.37632835387990615,455.8996000000043,31.1,0.5,0.4,0.0,0.1,0.0,80.70113750000019
1,pct,0.25,1.5,5,0.5,bar,none,15,7,8,0.8,1228.6034854464233,0.0,1228.6034854464233,0.0,3.824509082929706,0.3827012050586866,213.89489999999932,13.666666666666666,0.2,0.13333333333333333,0.6,0.06666666666666667,0.0,81.90689902976155
1,pct,0.25,1.5,5,0.5,bar,exchange,15,7,8,0.4666666666666667,1238.580985446417,1332.1011391991958,-93.5201537527791,0.6341708212197044,0.9036310890548169,-0.03097530200502067,370.2600183142349,13.666666666666666,0.2,0.13333333333333333,0.6,0.06666666666666667,0.0,-6.23467691685194
1,pct,0.25,1.5,5,0.5,bar,cfd_std,13,6,7,0.7692307692307693,1243.7567218922923,310.5,933.2567218922923,0.1524097362106009,2.9639763598342976,0.3347801682126026,227.42865000000165,18.615384615384617,0.23076923076923078,0.15384615384615385,0.5384615384615384,0.07692307692307693,0.0,71.78897860709941
1,pct,0.25,1.5,5,0.5,bar,cfd_raw,15,7,8,0.6666666666666666,1268.5134854464268,306.0,962.5134854464268,0.14526655753357703,2.8787815322206427,0.299365216697195,227.9149000000034,13.6,0.2,0.13333333333333333,0.6,0.06666666666666667,0.0,64.16756569642845
1,pct,0.25,1.5,5,0.5,tick,none,17,9,8,0.8823529411764706,978.0956009727088,0.0,978.0956009727088,0.0,3.305567031192464,0.2698415967823107,213.89489999999932,9.941176470588236,0.058823529411764705,0.11764705882352941,0.8235294117647058,0.0,0.0,57.53503535133581
1,pct,0.25,1.5,5,0.5,tick,exchange,17,9,8,0.35294117647058826,984.0781009726925,1512.8184607103294,-528.740359737637,0.8291404565614453,0.5005357733282868,-0.14663590821764366,700.4795637598581,9.941176470588236,0.058823529411764705,0.11764705882352941,0.8235294117647058,0.0,0.0,-31.102374102213943
1,pct,0.25,1.5,5,0.5,tick,cfd_std,17,9,8,0.7647058823529411,1018.4774759727006,445.5,572.9774759727006,0.24571491852392133,2.179946850518147,0.15784996260529444,237.79083230311517,9.823529411764707,0.058823529411764705,0.11764705882352941,0.8235294117647058,0.0,0.0,33.70455741015886
1,pct,0.25,1.5,5,0.5,tick,cfd_raw,17,9,8,0.7647058823529411,1002.0256009727018,366.0,636.0256009727018,0.20125704811626324,2.3345942821429233,0.17528212280885386,233.2770823031169,9.823529411764707,0.058823529411764705,0.11764705882352941,0.8235294117647058,0.0,0.0,37.413270645453046
1,pct,0.25,1.5,5,1.0,off,none,6,2,4,0.6666666666666666,696.0410249999986,0.0,696.0410249999986,0.0,2.638163632663202,0.5454871827075235,213.68965000000026,45.5,0.5,0.3333333333333333,0.0,0.16666666666666666,0.0,116.00683749999978
1,pct,0.25,1.5,5,1.0,off,exchange,6,2,4,0.6666666666666666,706.0185249999922,527.2243543625,178.7941706374922,0.3406280905164475,1.298563190266733,0.13947508092405625,363.43710561249463,45.5,0.5,0.3333333333333333,0.0,0.16666666666666666,0.0,29.79902843958203
1,pct,0.25,1.5,5,1.0,off,cfd_std,6,2,4,0.6666666666666666,763.3891499999881,121.5,641.8891499999881,0.07792601607828584,2.4204512028093097,0.502777416103204,227.15589999999793,45.0,0.5,0.3333333333333333,0.0,0.16666666666666666,0.0,106.98152499999803
1,pct,0.25,1.5,5,1.0,off,cfd_raw,6,2,4,0.6666666666666666,735.9510250000167,108.0,627.9510250000167,0.0695100089827207,2.3865389030397117,0.4919197370467261,227.66964999999618,44.833333333333336,0.5,0.3333333333333333,0.0,0.16666666666666666,0.0,104.65850416666945
1,pct,0.25,1.5,5,1.0,bar,none,9,3,6,1.0,923.8096825046086,0.0,923.8096825046086,0.0,inf,0.4831965838257186,0.0,11.88888888888889,0.1111111111111111,0.0,0.7777777777777778,0.1111111111111111,0.0,102.64552027828985
1,pct,0.25,1.5,5,1.0,bar,exchange,9,3,6,0.5555555555555556,925.8021825046017,799.4476251991018,126.35455730549984,0.8635188383725032,1.455519497712751,0.06651890302648583,186.85756813790067,11.88888888888889,0.1111111111111111,0.0,0.7777777777777778,0.1111111111111111,0.0,14.03939525616665
1,pct,0.25,1.5,5,1.0,bar,cfd_std,9,3,6,0.6666666666666666,937.2590575046052,229.5,707.7590575046052,0.24486293107801987,17.156445600448397,0.3702223683326007,24.429999999993015,11.88888888888889,0.1111111111111111,0.0,0.7777777777777778,0.1111111111111111,0.0,78.63989527828946
1,pct,0.25,1.5,5,1.0,bar,cfd_raw,9,3,6,0.6666666666666666,931.7796825046098,190.0,741.7796825046098,0.2039108638742614,26.75033189992793,0.3880322012591278,19.429999999993015,11.88888888888889,0.1111111111111111,0.0,0.7777777777777778,0.1111111111111111,0.0,82.41996472273442
1,pct,0.25,1.5,5,1.0,tick,none,9,3,6,1.0,1012.7705947815703,0.0,1012.7705947815703,0.0,inf,0.5298918238706113,0.0,9.88888888888889,0.1111111111111111,0.0,0.8888888888888888,0.0,0.0,112.53006608684115
1,pct,0.25,1.5,5,1.0,tick,exchange,9,3,6,0.5555555555555556,1014.7630947815633,799.4087882838024,215.3543064977608,0.7877787361353363,1.9597460690411033,0.11323458896991603,148.80697510857135,9.88888888888889,0.1111111111111111,0.0,0.8888888888888888,0.0,0.0,23.928256277528977
1,pct,0.25,1.5,5,1.0,tick,cfd_std,9,3,6,1.0,1026.2199697815668,229.5,796.7199697815668,0.22363626391800737,inf,0.41691760837749336,0.0,9.88888888888889,0.1111111111111111,0.0,0.8888888888888888,0.0,0.0,88.52444108684075
1,pct,0.25,1.5,5,1.0,tick,cfd_raw,9,3,6,1.0,1020.7405947815714,190.0,830.7405947815714,0.1861393589824437,inf,0.43472744130402036,0.0,9.88888888888889,0.1111111111111111,0.0,0.8888888888888888,0.0,0.0,92.30451053128571
1,pct,0.25,1.5,5,2.0,off,none,2,1,1,0.0,-424.89102500000445,0.0,-424.89102500000445,0.0,0.0,-1.0000000000000104,424.89102500000445,50.0,0.0,1.0,0.0,0.0,0.0,-212.44551250000222
1,pct,0.25,1.5,5,2.0,off,exchange,2,1,1,0.0,-420.8910249999899,177.95764913750003,-598.84867413749,0.422811698437866,0.0,-1.409414655123747,598.8486741374945,50.0,0.0,1.0,0.0,0.0,0.0,-299.424337068745
1,pct,0.25,1.5,5,2.0,off,cfd_std,2,1,1,0.0,-397.89102500000445,54.0,-451.89102500000445,0.1357155517644546,0.0,-1.0635488154436505,451.89102500000445,48.0,0.0,1.0,0.0,0.0,0.0,-225.94551250000222
1,pct,0.25,1.5,5,2.0,off,cfd_raw,2,1,1,0.0,-408.8910249999899,44.0,-452.8910249999899,0.10760813348740313,0.0,-1.065902061771152,452.8910249999899,48.0,0.0,1.0,0.0,0.0,0.0,-226.44551249999495
1,pct,0.25,1.5,5,2.0,bar,none,2,1,1,1.0,157.92226127498725,0.0,157.92226127498725,0.0,inf,0.3733008492714755,0.0,16.0,0.0,0.0,1.0,0.0,0.0,78.96113063749362
1,pct,0.25,1.5,5,2.0,bar,exchange,2,1,1,0.5,157.92226127498725,178.01484991951432,-20.09258864452707,1.1272308823487538,0.7085681786677351,-0.0456667877440427,68.94438827123668,16.0,0.0,0.0,1.0,0.0,0.0,-10.046294322263535
1,pct,0.25,1.5,5,2.0,bar,cfd_std,2,1,1,0.5,157.92226127498725,54.0,103.92226127498725,0.34194039246924635,17.040383974705087,0.24620507915089082,6.478788876804174,16.0,0.0,0.0,1.0,0.0,0.0,51.961130637493625
1,pct,0.25,1.5,5,2.0,bar,cfd_raw,2,1,1,0.5,157.92226127498725,44.0,113.92226127498725,0.27861809756753403,78.03754272292461,0.26974133287692503,1.478788876804174,16.0,0.0,0.0,1.0,0.0,0.0,56.961130637493625
1,pct,0.25,1.5,5,2.0,tick,none,2,1,1,1.0,119.39580211410066,0.0,119.39580211410066,0.0,inf,0.2818738127141781,0.0,11.5,0.0,0.0,1.0,0.0,0.0,59.69790105705033
1,pct,0.25,1.5,5,2.0,tick,exchange,2,1,1,0.5,119.39580211410066,177.98763668993388,-58.591834575833204,1.4907361359308084,0.039327142853500155,-0.13702950903983238,60.99041327123996,11.5,0.0,0.0,1.0,0.0,0.0,-29.295917287916602
1,pct,0.25,1.5,5,2.0,tick,cfd_std,2,1,1,1.0,119.39580211410066,54.0,65.39580211410066,0.45227720777314157,inf,0.15477804259359343,0.0,11.5,0.0,0.0,1.0,0.0,0.0,32.69790105705033
1,pct,0.25,1.5,5,2.0,tick,cfd_raw,2,1,1,1.0,119.39580211410066,44.0,75.39580211410066,0.3685221692966339,inf,0.17831429631962764,0.0,11.5,0.0,0.0,1.0,0.0,0.0,37.69790105705033
1,pct,0.25,1.5,8,0.5,off,none,7,2,5,0.7142857142857143,886.2371624999942,0.0,886.2371624999942,0.0,3.086206140632174,0.5965573474992273,213.60667500000272,45.857142857142854,0.5714285714285714,0.2857142857142857,0.0,0.14285714285714285,0.0,126.6053089285706
1,pct,0.25,1.5,8,0.5,off,exchange,7,2,5,0.5714285714285714,898.2071625000099,613.24158004375,284.96558245625994,0.35247349156751023,1.4384576736296306,0.19155369902758976,363.3208991249994,45.857142857142854,0.5714285714285714,0.2857142857142857,0.0,0.14285714285714285,0.0,40.709368922322845
1,pct,0.25,1.5,8,0.5,off,cfd_std,7,2,5,0.7142857142857143,967.0346624999802,135.0,832.0346624999802,0.07658919331730096,2.8415667062593672,0.5599384360155075,227.0729250000004,45.57142857142857,0.5714285714285714,0.2857142857142857,0.0,0.14285714285714285,0.0,118.86209464285432
1,pct,0.25,1.5,8,0.5,off,cfd_raw,7,2,5,0.7142857142857143,934.1171625000134,122.0,812.1171625000134,0.06964530651538058,2.7935130846283034,0.5465662128361756,227.58667499999865,45.57142857142857,0.5714285714285714,0.2857142857142857,0.0,0.14285714285714285,0.0,116.01673750000191
1,pct,0.25,1.5,8,0.5,bar,none,12,4,8,0.9166666666666666,1198.4446658840461,0.0,1198.4446658840461,0.0,95.598203311929,0.46842707554451374,12.668788876806502,11.25,0.16666666666666666,0.0,0.8333333333333334,0.0,0.0,99.87038882367051
1,pct,0.25,1.5,8,0.5,bar,exchange,12,4,8,0.3333333333333333,1202.4296658840467,1065.942454362928,136.48721152111864,0.8681958733519611,1.340925982188042,0.052864362840840416,217.15353486665117,11.25,0.16666666666666666,0.0,0.8333333333333334,0.0,0.0,11.373934293426553
1,pct,0.25,1.5,8,0.5,bar,cfd_std,12,4,8,0.8333333333333334,1325.6772798805905,297.0,1028.6772798805905,0.22403642614041938,34.77052558237434,0.40174959824526324,30.46080160557176,12.583333333333334,0.16666666666666666,0.0,0.8333333333333334,0.0,0.0,85.72310665671587
1,pct,0.25,1.5,8,0.5,bar,cfd_raw,12,4,8,0.8333333333333334,1314.7185298805998,248.0,1066.7185298805998,0.18863353209338496,53.13473794644084,0.4166862445950674,20.46080160557176,12.583333333333334,0.16666666666666666,0.0,0.8333333333333334,0.0,0.0,88.89321082338331
1,pct,0.25,1.5,8,0.5,tick,none,12,4,8,0.9166666666666666,999.9716238305264,0.0,999.9716238305264,0.0,212.9127704027845,0.3917019762250904,4.718788876809413,8.75,0.08333333333333333,0.0,0.9166666666666666,0.0,0.0,83.33096865254386
1,pct,0.25,1.5,8,0.5,tick,exchange,12,4,8,0.4166666666666667,1001.9641238305194,1068.0037329412105,-66.03960911069113,1.0559639471323983,0.815569500258387,-0.02543505872569558,317.033232111673,8.75,0.08333333333333333,0.0,0.9166666666666666,0.0,0.0,-5.503300759224261
1,pct,0.25,1.5,8,0.5,tick,cfd_std,12,4,8,0.9166666666666666,1064.0935715664527,310.5,753.5935715664527,0.29179764665142444,98.83138447649374,0.29518245489506195,7.702983818526263,9.916666666666666,0.08333333333333333,0.0,0.9166666666666666,0.0,0.0,62.799464297204395
1,pct,0.25,1.5,8,0.5,tick,cfd_raw,12,4,8,0.8333333333333334,1007.9416238305275,256.0,751.9416238305275,0.2516269249473413,26.557318779426744,0.29461516745120214,26.718788876809413,8.75,0.08333333333333333,0.0,0.9166666666666666,0.0,0.0,62.6618019858773
1,pct,0.25,1.5,8,1.0,off,none,5,3,2,0.6,247.44871249998687,0.0,247.44871249998687,0.0,1.581000577657706,0.23518028649891143,214.6996000000072,28.8,0.4,0.4,0.0,0.2,0.0,49.48974249999738
1,pct,0.25,1.5,8,1.0,off,exchange,5,3,2,0.4,255.42371250000724,439.73729716875,-184.3135846687428,0.40003550813988664,0.7169871474622622,-0.1719161381226997,364.6488409875019,28.8,0.4,0.4,0.0,0.2,0.0,-36.86271693374856
1,pct,0.25,1.5,8,1.0,off,cfd_std,5,3,2,0.6,301.2799624999898,108.0,193.27996249998978,0.09825176338887591,1.4266962783668093,0.18401038900760283,228.23334999999497,28.0,0.4,0.4,0.0,0.2,0.0,38.65599249999796
1,pct,0.25,1.5,8,1.0,off,cfd_raw,5,3,2,0.6,279.34871250001015,94.0,185.34871250001015,0.08551435399938252,1.4083101608089335,0.17657025992416364,228.71959999999672,28.0,0.4,0.4,0.0,0.2,0.0,37.06974250000203
1,pct,0.25,1.5,8,1.0,bar,none,5,3,2,1.0,604.1638446832512,0.0,604.1638446832512,0.0,inf,0.5685674363706521,0.0,10.8,0.2,0.0,0.8,0.0,0.0,120.83276893665024
1,pct,0.25,1.5,8,1.0,bar,exchange,5,3,2,0.4,606.1563446832442,442.1702681180125,163.98607656523174,0.7294657096249235,2.3634001431378113,0.1535184264077882,75.78470887815638,10.8,0.2,0.0,0.8,0.0,0.0,32.79721531304635
1,pct,0.25,1.5,8,1.0,bar,cfd_std,5,3,2,0.8,617.6132196832477,121.5,496.11321968324773,0.19672506372566492,39.46489599051118,0.4664770532958397,12.897817787044914,10.8,0.2,0.0,0.8,0.0,0.0,99.22264393664955
1,pct,0.25,1.5,8,1.0,bar,cfd_raw,5,3,2,0.8,612.1338446832524,102.0,510.1338446832524,0.16663022455943394,65.59174653535867,0.4797823072278848,7.897817787044914,10.8,0.2,0.0,0.8,0.0,0.0,102.02676893665048
1,pct,0.25,1.5,8,1.0,tick,none,5,3,2,1.0,648.12453970153,0.0,648.12453970153,0.0,inf,0.6101749085062748,0.0,8.8,0.2,0.0,0.8,0.0,0.0,129.624907940306
1,pct,0.25,1.5,8,1.0,tick,exchange,5,3,2,0.8,650.117039701523,442.1539313113425,207.96310839018057,0.6801143552772297,4.589058788191833,0.19514152775425286,57.94363387816702,8.8,0.2,0.0,0.8,0.0,0.0,41.59262167803611
1,pct,0.25,1.5,8,1.0,tick,cfd_std,5,3,2,1.0,661.5739147015265,121.5,540.0739147015265,0.18365294837057705,inf,0.5080845254314625,0.0,8.8,0.2,0.0,0.8,0.0,0.0,108.01478294030531
1,pct,0.25,1.5,8,1.0,tick,cfd_raw,5,3,2,1.0,656.0945397015312,102.0,554.0945397015312,0.15546539991995906,inf,0.5213897793635074,0.0,8.8,0.2,0.0,0.8,0.0,0.0,110.81890794030623
1,pct,0.25,1.5,8,2.0,off,none,1,1,0,0.0,-211.2013750000042,0.0,-211.2013750000042,0.0,0.0,-1.0000000000000198,211.2013750000042,56.0,0.0,1.0,0.0,0.0,0.0,-211.2013750000042
1,pct,0.25,1.5,8,2.0,off,exchange,1,1,0,0.0,-209.2063749999943,88.3759468125,-297.5823218124943,0.4224342915578094,0.0,-1.4089980323873093,297.5823218125006,56.0,0.0,1.0,0.0,0.0,0.0,-297.5823218124943
1,pct,0.25,1.5,8,2.0,off,cfd_std,1,1,0,0.0,-197.73512500000652,27.0,-224.73512500000652,0.13654630152330857,0.0,-1.0640798384954004,224.73512500000652,52.0,0.0,1.0,0.0,0.0,0.0,-224.73512500000652
1,pct,0.25,1.5,8,2.0,off,cfd_raw,1,1,0,0.0,-203.2213749999937,22.0,-225.2213749999937,0.10825632884336443,0.0,-1.066382143582132,225.2213749999937,52.0,0.0,1.0,0.0,0.0,0.0,-225.2213749999937
1,pct,0.25,1.5,8,2.0,bar,none,1,1,0,1.0,137.40105015179142,0.0,137.40105015179142,0.0,inf,0.6505689186530694,0.0,27.0,0.0,0.0,1.0,0.0,0.0,137.40105015179142
1,pct,0.25,1.5,8,2.0,bar,exchange,1,1,0,1.0,137.40105015179142,88.5492505250759,48.85179962671552,0.6444583242067848,inf,0.23130436355689216,0.0,27.0,0.0,0.0,1.0,0.0,0.0,48.85179962671552
1,pct,0.25,1.5,8,2.0,bar,cfd_std,1,1,0,1.0,137.40105015179142,27.0,110.40105015179142,0.19650504832511992,inf,0.522728841854327,0.0,27.0,0.0,0.0,1.0,0.0,0.0,110.40105015179142
1,pct,0.25,1.5,8,2.0,bar,cfd_raw,1,1,0,1.0,137.40105015179142,22.0,115.40105015179142,0.16011522456120883,inf,0.5464029301503904,0.0,27.0,0.0,0.0,1.0,0.0,0.0,115.40105015179142
1,pct,0.25,1.5,8,2.0,tick,none,1,1,0,1.0,90.92459099090775,0.0,90.92459099090775,0.0,inf,0.43051135908044036,0.0,19.0,0.0,0.0,1.0,0.0,0.0,90.92459099090775
1,pct,0.25,1.5,8,2.0,tick,exchange,1,1,0,1.0,90.92459099090775,88.52601229549546,2.398578695412283,0.9736201321416762,inf,0.011356832764049396,0.0,19.0,0.0,0.0,1.0,0.0,0.0,2.398578695412283
1,pct,0.25,1.5,8,2.0,tick,cfd_std,1,1,0,1.0,90.92459099090775,27.0,63.924590990907745,0.29694936986518794,inf,0.30267128228169793,0.0,19.0,0.0,0.0,1.0,0.0,0.0,63.924590990907745
1,pct,0.25,1.5,8,2.0,tick,cfd_raw,1,1,0,1.0,90.92459099090775,22.0,68.92459099090775,0.24195874581607907,inf,0.32634537057776136,0.0,19.0,0.0,0.0,1.0,0.0,0.0,68.92459099090775
1,pct,0.25,2.0,3,0.5,off,none,9,5,4,0.5555555555555556,1017.5732250000146,0.0,1017.5732250000146,0.0,2.1973613760487267,0.5303247884716907,215.52580000000307,43.333333333333336,0.4444444444444444,0.4444444444444444,0.0,0.1111111111111111,0.0,113.06369166666829
1,pct,0.25,2.0,3,0.5,off,exchange,9,5,4,0.5555555555555556,1033.5432249999867,792.4475649625,241.09566003748668,0.29163522769050204,1.2013188149791245,0.12430198582248381,303.6343545999989,43.22222222222222,0.4444444444444444,0.4444444444444444,0.0,0.1111111111111111,0.0,26.788406670831854
1,pct,0.25,2.0,3,0.5,off,cfd_std,8,5,3,0.625,1321.2041750000062,162.0,1159.2041750000062,0.06425091107147354,2.7020077694935862,0.681706405793371,229.0595500000054,48.125,0.5,0.375,0.0,0.125,0.0,144.90052187500078
1,pct,0.25,2.0,3,0.5,off,cfd_raw,8,5,3,0.625,1282.800424999994,144.0,1138.800424999994,0.05723646203899427,2.668476281965754,0.6697804387743449,229.54580000000715,48.625,0.5,0.375,0.0,0.125,0.0,142.35005312499925
1,pct,0.25,2.0,3,0.5,bar,none,22,12,10,0.7272727272727273,1144.646915085541,0.0,1144.646915085541,0.0,2.7387678915271723,0.24370114019107553,419.22964999999385,11.5,0.045454545454545456,0.13636363636363635,0.7727272727272727,0.045454545454545456,0.0,52.02940523116095
1,pct,0.25,2.0,3,0.5,bar,exchange,22,12,10,0.4090909090909091,1152.6419150855218,1960.5747498682658,-807.9328347827438,0.7978734293663041,0.5178945538796279,-0.17288246567436583,830.4723212431418,11.5,0.045454545454545456,0.13636363636363635,0.7727272727272727,0.045454545454545456,0.0,-36.724219762851995
1,pct,0.25,2.0,3,0.5,bar,cfd_std,19,11,8,0.5789473684210527,843.0491808053484,499.5,343.54918080534844,0.20500685559156248,1.3421681723407135,0.08453560990793836,446.16215000000375,14.894736842105264,0.05263157894736842,0.21052631578947367,0.6842105263157895,0.05263157894736842,0.0,18.081535831860446
1,pct,0.25,2.0,3,0.5,bar,cfd_raw,21,12,9,0.5714285714285714,884.3015693594789,454.0,430.3015693594789,0.17844505373954223,1.422171318365327,0.09584913408900646,447.18965000000026,12.238095238095237,0.047619047619047616,0.19047619047619047,0.7142857142857143,0.047619047619047616,0.0,20.490550921879947
1,pct,0.25,2.0,3,0.5,tick,none,26,15,11,0.7692307692307693,902.4272480846266,0.0,902.4272480846266,0.0,2.354566872141308,0.16249339982623223,419.704424999989,7.6923076923076925,0.038461538461538464,0.11538461538461539,0.8461538461538461,0.0,0.0,34.70874031094718
1,pct,0.25,2.0,3,0.5,tick,exchange,25,14,11,0.2,938.7334006070014,2227.002307538591,-1288.2689069315898,0.9961617899729833,0.299868430246387,-0.24258587616774027,1369.8744577299512,8.04,0.04,0.12,0.84,0.0,0.0,-51.53075627726359
1,pct,0.25,2.0,3,0.5,tick,cfd_std,24,14,10,0.5833333333333334,736.5508330180164,634.5,102.05083301801642,0.26991466742169845,1.0981360687683102,0.019547821585356468,460.6242823031207,8.666666666666666,0.041666666666666664,0.16666666666666666,0.7916666666666666,0.0,0.0,4.252118042417351
1,pct,0.25,2.0,3,0.5,tick,cfd_raw,24,14,10,0.5833333333333334,709.1058330180094,520.0,189.10583301800943,0.21966482200564355,1.186888644673691,0.03658318522761378,456.6242823031207,8.666666666666666,0.041666666666666664,0.16666666666666666,0.7916666666666666,0.0,0.0,7.879409709083727
1,pct,0.25,2.0,3,1.0,off,none,9,5,4,0.5555555555555556,1017.2825500000035,0.0,1017.2825500000035,0.0,2.1969343107346893,0.5303247884716851,215.52580000000307,36.44444444444444,0.4444444444444444,0.4444444444444444,0.0,0.1111111111111111,0.0,113.03139444444484
1,pct,0.25,2.0,3,1.0,off,exchange,9,5,4,0.5555555555555556,1033.2525499999902,792.425739925,240.82681007499016,0.29164543387391084,1.201080133750042,0.12430227800703829,303.6343545999989,36.44444444444444,0.4444444444444444,0.4444444444444444,0.0,0.1111111111111111,0.0,26.758534452776686
1,pct,0.25,2.0,3,1.0,off,cfd_std,8,5,3,0.625,1320.9135000000097,162.0,1158.9135000000097,0.06425524149241696,2.7014301595206094,0.6817086192486841,229.0595500000054,40.5,0.5,0.375,0.0,0.125,0.0,144.8641875000012
1,pct,0.25,2.0,3,1.0,off,cfd_raw,8,5,3,0.625,1282.5097499999974,144.0,1138.5097499999974,0.057240328108715204,2.667902872189082,0.6697808655636537,229.54580000000715,41.0,0.5,0.375,0.0,0.125,0.0,142.31371874999968
1,pct,0.25,2.0,3,1.0,bar,none,13,8,5,0.7692307692307693,380.7541509999719,0.0,380.7541509999719,0.0,1.5961623938050535,0.13819890027685508,320.5988266055647,10.153846153846153,0.07692307692307693,0.23076923076923078,0.6153846153846154,0.07692307692307693,0.0,29.288780846151685
1,pct,0.25,2.0,3,1.0,bar,exchange,13,8,5,0.38461538461538464,388.7391509999434,1156.7812823549893,-768.0421313550459,0.6993419753294673,0.40174346168685454,-0.27691319578660856,898.0698318734503,10.153846153846153,0.07692307692307693,0.23076923076923078,0.6153846153846154,0.07692307692307693,0.0,-59.08016395038814
1,pct,0.25,2.0,3,1.0,bar,cfd_std,13,8,5,0.46153846153846156,434.65290099995036,337.5,97.15290099995036,0.20691927624915277,1.1270943641573519,0.0356683599281331,449.5450265438267,10.153846153846153,0.07692307692307693,0.23076923076923078,0.6153846153846154,0.07692307692307693,0.0,7.473300076919259
1,pct,0.25,2.0,3,1.0,bar,cfd_raw,13,8,5,0.46153846153846156,412.6941509999451,278.0,134.69415099994512,0.16929700201238793,1.1805789466422396,0.04925307108306094,430.5175265438302,10.153846153846153,0.07692307692307693,0.23076923076923078,0.6153846153846154,0.07692307692307693,0.0,10.361088538457317
1,pct,0.25,2.0,3,1.0,tick,none,13,8,5,0.7692307692307693,486.85047602292616,0.0,486.85047602292616,0.0,1.7622817622570814,0.17667195138870714,292.88882660557283,8.615384615384615,0.07692307692307693,0.23076923076923078,0.6923076923076923,0.0,0.0,37.450036617148164
1,pct,0.25,2.0,3,1.0,tick,exchange,13,8,5,0.38461538461538464,494.83547602289764,1156.7613525643833,-661.9258765414855,0.6571776104368342,0.4546148926523528,-0.23843278059131603,842.9027332228288,8.615384615384615,0.07692307692307693,0.23076923076923078,0.6923076923076923,0.0,0.0,-50.91737511857581
1,pct,0.25,2.0,3,1.0,tick,cfd_std,13,8,5,0.6153846153846154,540.7492260229046,337.5,203.24922602290462,0.19428181965346408,1.279896822739199,0.07414141103998516,420.9050265438418,8.615384615384615,0.07692307692307693,0.23076923076923078,0.6923076923076923,0.0,0.0,15.63455584791574
1,pct,0.25,2.0,3,1.0,tick,cfd_raw,13,8,5,0.6153846153846154,518.7904760228994,278.0,240.79047602289938,0.15902244204920327,1.3355291777097011,0.08772612219491299,401.8775265438453,8.615384615384615,0.07692307692307693,0.23076923076923078,0.6923076923076923,0.0,0.0,18.5223443094538
1,pct,0.25,2.0,3,2.0,off,none,1,1,0,0.0,-211.18877500000235,0.0,-211.18877500000235,0.0,0.0,-1.000000000000011,211.18877500000235,56.0,0.0,1.0,0.0,0.0,0.0,-211.18877500000235
1,pct,0.25,2.0,3,2.0,off,exchange,1,1,0,0.0,-209.193775000007,88.37091311249999,-297.564688112507,0.4224356729185514,0.0,-1.4089985990614653,297.564688112514,56.0,0.0,1.0,0.0,0.0,0.0,-297.564688112507
1,pct,0.25,2.0,3,2.0,off,cfd_std,1,1,0,0.0,-197.72252500000468,27.0,-224.72252500000468,0.1365550030275982,0.0,-1.0640836616434974,224.72252500000468,52.0,0.0,1.0,0.0,0.0,0.0,-224.72252500000468
1,pct,0.25,2.0,3,2.0,off,cfd_raw,1,1,0,0.0,-203.20877500000643,22.0,-225.20877500000643,0.10826304129828697,0.0,-1.0663861040910267,225.20877500000643,56.0,0.0,1.0,0.0,0.0,0.0,-225.20877500000643
1,pct,0.25,2.0,3,2.0,bar,none,1,1,0,1.0,142.44105015179957,0.0,142.44105015179957,0.0,inf,0.674472637817988,0.0,27.0,0.0,0.0,1.0,0.0,0.0,142.44105015179957
1,pct,0.25,2.0,3,2.0,bar,exchange,1,1,0,1.0,142.44105015179957,88.5467305250759,53.89431962672367,0.6216377261380168,inf,0.2551950009025038,0.0,27.0,0.0,0.0,1.0,0.0,0.0,53.89431962672367
1,pct,0.25,2.0,3,2.0,bar,cfd_std,1,1,0,1.0,142.44105015179957,27.0,115.44105015179957,0.18955209871891615,inf,0.546624933791105,0.0,27.0,0.0,0.0,1.0,0.0,0.0,115.44105015179957
1,pct,0.25,2.0,3,2.0,bar,cfd_raw,1,1,0,1.0,142.44105015179957,22.0,120.44105015179957,0.15444985821541315,inf,0.5703004345368241,0.0,27.0,0.0,0.0,1.0,0.0,0.0,120.44105015179957
1,pct,0.25,2.0,3,2.0,tick,none,1,1,0,1.0,95.9645909909159,0.0,95.9645909909159,0.0,inf,0.45440194911361126,0.0,19.0,0.0,0.0,1.0,0.0,0.0,95.9645909909159
1,pct,0.25,2.0,3,2.0,tick,exchange,1,1,0,1.0,95.9645909909159,88.52349229549546,7.441098695420436,0.9224599550877592,inf,0.03523434754247917,0.0,19.0,0.0,0.0,1.0,0.0,0.0,7.441098695420436
1,pct,0.25,2.0,3,2.0,tick,cfd_std,1,1,0,1.0,95.9645909909159,27.0,68.9645909909159,0.28135377560829544,inf,0.3265542450867282,0.0,19.0,0.0,0.0,1.0,0.0,0.0,68.9645909909159
1,pct,0.25,2.0,3,2.0,tick,cfd_raw,1,1,0,1.0,95.9645909909159,22.0,73.9645909909159,0.22925122456972222,inf,0.35022974583244726,0.0,19.0,0.0,0.0,1.0,0.0,0.0,73.9645909909159
1,pct,0.25,2.0,5,0.5,off,none,7,4,3,0.5714285714285714,804.4839249999932,0.0,804.4839249999932,0.0,2.2592456717260885,0.5389890137493022,638.8617749999976,54.714285714285715,0.42857142857142855,0.42857142857142855,0.0,0.14285714285714285,0.0,114.92627499999902
1,pct,0.25,2.0,5,0.5,off,exchange,7,4,3,0.5714285714285714,816.4389250000095,616.9190337625,199.51989123750948,0.29628338454277575,1.2216628958901998,0.1328048936614119,900.1050466125016,54.714285714285715,0.42857142857142855,0.42857142857142855,0.0,0.14285714285714285,0.0,28.502841605358498
1,pct,0.25,2.0,5,0.5,off,cfd_std,7,4,3,0.5714285714285714,885.1801750000013,148.5,736.6801750000013,0.07132200951947072,2.0842093651821547,0.49326609065639776,679.4630250000046,54.714285714285715,0.42857142857142855,0.42857142857142855,0.0,0.14285714285714285,0.0,105.24002500000019
1,pct,0.25,2.0,5,0.5,off,cfd_raw,7,4,3,0.5714285714285714,852.3039250000147,130.0,722.3039250000147,0.06243553905805816,2.0607737210342845,0.4836941914215479,680.9217749999953,54.714285714285715,0.42857142857142855,0.42857142857142855,0.0,0.14285714285714285,0.0,103.1862750000021
1,pct,0.25,2.0,5,0.5,bar,none,15,7,8,0.8,1390.458098097908,0.0,1390.458098097908,0.0,4.1966062069925405,0.432977747687839,213.89489999999932,14.0,0.13333333333333333,0.13333333333333333,0.6666666666666666,0.06666666666666667,0.0,92.69720653986055
1,pct,0.25,2.0,5,0.5,bar,exchange,15,7,8,0.4666666666666667,1398.438098097904,1334.02221064287,64.41588745503384,0.5901716287695019,1.0663780872090858,0.01808360337721935,404.61558328838146,14.0,0.13333333333333333,0.13333333333333333,0.6666666666666666,0.06666666666666667,0.0,4.294392497002256
1,pct,0.25,2.0,5,0.5,bar,cfd_std,13,6,7,0.7692307692307693,1392.1282095437637,324.0,1068.1282095437637,0.14824013501255454,3.247804386088518,0.38311709146531486,227.42865000000165,18.923076923076923,0.15384615384615385,0.15384615384615385,0.6153846153846154,0.07692307692307693,0.0,82.16370842644336
1,pct,0.25,2.0,5,0.5,bar,cfd_raw,15,7,8,0.6666666666666666,1422.3780980979063,314.0,1108.3780980979063,0.1389173351532991,3.163502468184475,0.34467314156231743,227.9149000000034,13.866666666666667,0.13333333333333333,0.13333333333333333,0.6666666666666666,0.06666666666666667,0.0,73.8918732065271
1,pct,0.25,2.0,5,0.5,tick,none,17,9,8,0.8823529411764706,1085.0304509727139,0.0,1085.0304509727139,0.0,3.557633868422215,0.2992533614881944,213.89489999999932,9.941176470588236,0.058823529411764705,0.11764705882352941,0.8235294117647058,0.0,0.0,63.82532064545376
1,pct,0.25,2.0,5,0.5,tick,exchange,17,9,8,0.35294117647058826,1091.0104509726953,1512.7649945353294,-421.75454356263424,0.7832094976877226,0.6015978295087622,-0.1172101255826471,593.4937475848565,9.941176470588236,0.058823529411764705,0.11764705882352941,0.8235294117647058,0.0,0.0,-24.809090797802014
1,pct,0.25,2.0,5,0.5,tick,cfd_std,17,9,8,0.7647058823529411,1125.3954509727046,445.5,679.8954509727046,0.23203189038714622,2.400125711215707,0.1872570859474932,237.79083230311517,9.823529411764707,0.058823529411764705,0.11764705882352941,0.8235294117647058,0.0,0.0,39.99385005721791
1,pct,0.25,2.0,5,0.5,tick,cfd_raw,17,9,8,0.7647058823529411,1108.9504509726976,366.0,742.9504509726976,0.19008102167983504,2.5589583536688885,0.20469113707699596,233.2770823031169,9.823529411764707,0.058823529411764705,0.11764705882352941,0.8235294117647058,0.0,0.0,43.702967704276325
1,pct,0.25,2.0,5,1.0,off,none,6,2,4,0.6666666666666666,1015.5283749999944,0.0,1015.5283749999944,0.0,3.390091376959501,0.7954871827075203,213.68965000000026,57.0,0.5,0.3333333333333333,0.0,0.16666666666666666,0.0,169.25472916666573
1,pct,0.25,2.0,5,1.0,off,exchange,6,2,4,0.6666666666666666,1025.4983750000101,527.0646144375,498.4337605625101,0.28226323554883453,1.832320053610195,0.3895942087708149,301.26635232499393,57.0,0.5,0.3333333333333333,0.0,0.16666666666666666,0.0,83.07229342708501
1,pct,0.25,2.0,5,1.0,off,cfd_std,6,2,4,0.6666666666666666,1082.8258750000095,121.5,961.3258750000095,0.0646755495828108,3.1273400484110083,0.7527377988773605,227.15589999999793,57.333333333333336,0.5,0.3333333333333333,0.0,0.16666666666666666,0.0,160.22097916666826
1,pct,0.25,2.0,5,1.0,off,cfd_raw,6,2,4,0.6666666666666666,1055.4083750000136,108.0,947.4083750000136,0.057655643846247176,3.091912452890924,0.7418962601721398,227.66964999999618,57.333333333333336,0.5,0.3333333333333333,0.0,0.16666666666666666,0.0,157.9013958333356
1,pct,0.25,2.0,5,1.0,bar,none,9,3,6,1.0,1030.7445325046137,0.0,1030.7445325046137,0.0,inf,0.5387521393812768,0.0,11.88888888888889,0.1111111111111111,0.0,0.7777777777777778,0.1111111111111111,0.0,114.52717027829041
1,pct,0.25,2.0,5,1.0,bar,exchange,9,3,6,0.5555555555555556,1032.7345325046044,799.3941590241018,233.3403734805025,0.7740558041430049,1.841212948631159,0.12210093689259047,186.85756813790067,11.88888888888889,0.1111111111111111,0.0,0.7777777777777778,0.1111111111111111,0.0,25.92670816450028
1,pct,0.25,2.0,5,1.0,bar,cfd_std,9,3,6,0.6666666666666666,1044.177032504609,229.5,814.6770325046091,0.21979031606308289,19.597127112724806,0.4257691568678651,24.429999999993015,11.88888888888889,0.1111111111111111,0.0,0.7777777777777778,0.1111111111111111,0.0,90.5196702782899
1,pct,0.25,2.0,5,1.0,bar,cfd_raw,9,3,6,0.6666666666666666,1038.7045325046056,190.0,848.7045325046056,0.1829201606946464,30.462148819142065,0.44358256154339637,19.429999999993015,11.88888888888889,0.1111111111111111,0.0,0.7777777777777778,0.1111111111111111,0.0,94.30050361162284
1,pct,0.25,2.0,5,1.0,tick,none,9,3,6,1.0,1119.7054447815754,0.0,1119.7054447815754,0.0,inf,0.5854473794261694,0.0,9.88888888888889,0.1111111111111111,0.0,0.8888888888888888,0.0,0.0,124.41171608684171
1,pct,0.25,2.0,5,1.0,tick,exchange,9,3,6,0.5555555555555556,1121.695444781566,799.3553221088024,322.3401226727635,0.7126313348490644,2.4365380969645414,0.16881662283602067,148.80697510857135,9.88888888888889,0.1111111111111111,0.0,0.8888888888888888,0.0,0.0,35.815569185862614
1,pct,0.25,2.0,5,1.0,tick,cfd_std,9,3,6,1.0,1133.1379447815707,229.5,903.6379447815707,0.20253491735663265,inf,0.4724643969127578,0.0,9.88888888888889,0.1111111111111111,0.0,0.8888888888888888,0.0,0.0,100.40421608684119
1,pct,0.25,2.0,5,1.0,tick,cfd_raw,9,3,6,1.0,1127.6654447815672,190.0,937.6654447815672,0.1684896889225897,inf,0.4902778015882888,0.0,9.88888888888889,0.1111111111111111,0.0,0.8888888888888888,0.0,0.0,104.18504942017414
1,pct,0.25,2.0,5,2.0,off,none,2,1,1,0.0,-424.89102500000445,0.0,-424.89102500000445,0.0,0.0,-1.0000000000000104,424.89102500000445,50.0,0.0,1.0,0.0,0.0,0.0,-212.44551250000222
1,pct,0.25,2.0,5,2.0,off,exchange,2,1,1,0.0,-420.8910249999899,177.95764913750003,-598.84867413749,0.422811698437866,0.0,-1.409414655123747,598.8486741374945,50.0,0.0,1.0,0.0,0.0,0.0,-299.424337068745
1,pct,0.25,2.0,5,2.0,off,cfd_std,2,1,1,0.0,-397.89102500000445,54.0,-451.89102500000445,0.1357155517644546,0.0,-1.0635488154436505,451.89102500000445,48.0,0.0,1.0,0.0,0.0,0.0,-225.94551250000222
1,pct,0.25,2.0,5,2.0,off,cfd_raw,2,1,1,0.0,-408.8910249999899,44.0,-452.8910249999899,0.10760813348740313,0.0,-1.065902061771152,452.8910249999899,48.0,0.0,1.0,0.0,0.0,0.0,-226.44551249999495
1,pct,0.25,2.0,5,2.0,bar,none,2,1,1,1.0,157.92226127498725,0.0,157.92226127498725,0.0,inf,0.3733008492714755,0.0,16.0,0.0,0.0,1.0,0.0,0.0,78.96113063749362
1,pct,0.25,2.0,5,2.0,bar,exchange,2,1,1,0.5,157.92226127498725,178.01484991951432,-20.09258864452707,1.1272308823487538,0.7085681786677351,-0.0456667877440427,68.94438827123668,16.0,0.0,0.0,1.0,0.0,0.0,-10.046294322263535
1,pct,0.25,2.0,5,2.0,bar,cfd_std,2,1,1,0.5,157.92226127498725,54.0,103.92226127498725,0.34194039246924635,17.040383974705087,0.24620507915089082,6.478788876804174,16.0,0.0,0.0,1.0,0.0,0.0,51.961130637493625
1,pct,0.25,2.0,5,2.0,bar,cfd_raw,2,1,1,0.5,157.92226127498725,44.0,113.92226127498725,0.27861809756753403,78.03754272292461,0.26974133287692503,1.478788876804174,16.0,0.0,0.0,1.0,0.0,0.0,56.961130637493625
1,pct,0.25,2.0,5,2.0,tick,none,2,1,1,1.0,119.39580211410066,0.0,119.39580211410066,0.0,inf,0.2818738127141781,0.0,11.5,0.0,0.0,1.0,0.0,0.0,59.69790105705033
1,pct,0.25,2.0,5,2.0,tick,exchange,2,1,1,0.5,119.39580211410066,177.98763668993388,-58.591834575833204,1.4907361359308084,0.039327142853500155,-0.13702950903983238,60.99041327123996,11.5,0.0,0.0,1.0,0.0,0.0,-29.295917287916602
1,pct,0.25,2.0,5,2.0,tick,cfd_std,2,1,1,1.0,119.39580211410066,54.0,65.39580211410066,0.45227720777314157,inf,0.15477804259359343,0.0,11.5,0.0,0.0,1.0,0.0,0.0,32.69790105705033
1,pct,0.25,2.0,5,2.0,tick,cfd_raw,2,1,1,1.0,119.39580211410066,44.0,75.39580211410066,0.3685221692966339,inf,0.17831429631962764,0.0,11.5,0.0,0.0,1.0,0.0,0.0,37.69790105705033
1,pct,0.25,2.0,8,0.5,off,none,7,2,5,0.7142857142857143,1310.9089000000095,0.0,1310.9089000000095,0.0,4.08588526041347,0.8822716332135233,213.60667500000272,52.142857142857146,0.5714285714285714,0.2857142857142857,0.0,0.14285714285714285,0.0,187.27270000000135
1,pct,0.25,2.0,8,0.5,off,exchange,6,1,5,0.5,654.8236250000045,527.1209918125,127.70263318750449,0.2755299905404385,1.1426347145899105,0.09567909783050599,301.1501458374987,62.833333333333336,0.5,0.5,0.0,0.0,0.0,21.283772197917415
1,pct,0.25,2.0,8,0.5,off,cfd_std,6,1,5,0.5,723.6798750000016,121.5,602.1798750000016,0.06351561849712267,1.8913026593551825,0.46798446889328815,227.0729250000004,62.0,0.5,0.5,0.0,0.0,0.0,100.36331250000028
1,pct,0.25,2.0,8,0.5,off,cfd_raw,6,1,5,0.5,690.7486250000075,108.0,582.7486250000075,0.056455486946021746,1.8606137013495323,0.45277186251092055,227.58667499999865,62.0,0.5,0.5,0.0,0.0,0.0,97.12477083333458
1,pct,0.25,2.0,8,0.5,bar,none,12,4,8,0.9166666666666666,1249.7437285355409,0.0,1249.7437285355409,0.0,99.64745088802611,0.4884831741118176,12.668788876806502,11.416666666666666,0.08333333333333333,0.0,0.9166666666666666,0.0,0.0,104.14531071129507
1,pct,0.25,2.0,8,0.5,bar,exchange,12,4,8,0.3333333333333333,1251.7337285355316,1067.9188023316024,183.81492620392922,0.8362248819407837,1.4591440000750584,0.07137793560653552,217.15353486665117,11.416666666666666,0.08333333333333333,0.0,0.9166666666666666,0.0,0.0,15.317910516994102
1,pct,0.25,2.0,8,0.5,bar,cfd_std,12,4,8,0.8333333333333334,1363.5100925320876,310.5,1053.0100925320876,0.2277210867015955,35.569349361425715,0.41133119556969194,30.46080160557176,12.75,0.08333333333333333,0.0,0.9166666666666666,0.0,0.0,87.75084104434063
1,pct,0.25,2.0,8,0.5,bar,cfd_raw,12,4,8,0.8333333333333334,1358.037592532084,256.0,1102.037592532084,0.18850730009813915,54.8609197125485,0.43053523131473687,20.46080160557176,12.75,0.08333333333333333,0.0,0.9166666666666666,0.0,0.0,91.83646604434034
1,pct,0.25,2.0,8,0.5,tick,none,12,4,8,0.9166666666666666,1106.9064738305315,0.0,1106.9064738305315,0.0,235.5742737655517,0.4333686428917591,4.718788876809413,8.75,0.08333333333333333,0.0,0.9166666666666666,0.0,0.0,92.24220615254428
1,pct,0.25,2.0,8,0.5,tick,exchange,12,4,8,0.4166666666666667,1108.8964738305222,1067.9502667662105,40.946207064311594,0.9549474642692307,1.114351516205023,0.016251466673882914,317.033232111673,8.75,0.08333333333333333,0.0,0.9166666666666666,0.0,0.0,3.412183922025966
1,pct,0.25,2.0,8,0.5,tick,cfd_std,12,4,8,0.9166666666666666,1171.0115465664567,310.5,860.5115465664567,0.2651553700818941,112.71145712351891,0.3368425462965103,7.702983818526263,9.916666666666666,0.08333333333333333,0.0,0.9166666666666666,0.0,0.0,71.70929554720472
1,pct,0.25,2.0,8,0.5,tick,cfd_raw,12,4,8,0.8333333333333334,1114.8664738305233,256.0,858.8664738305233,0.2276964132961155,30.191527061409257,0.33627793766440356,26.718788876809413,8.75,0.08333333333333333,0.0,0.9166666666666666,0.0,0.0,71.57220615254361
1,pct,0.25,2.0,8,1.0,off,none,5,3,2,0.6,459.5552749999915,0.0,459.5552749999915,0.0,2.0790190724498325,0.43518028649891577,214.6996000000072,29.8,0.4,0.4,0.0,0.2,0.0,91.9110549999983
1,pct,0.25,2.0,8,1.0,off,exchange,4,2,2,0.25,-200.51999999998952,353.72298902499995,-554.2429890249896,0.33370760719460213,0.3818670168481787,-0.6567146151544653,594.1622860249918,40.25,0.25,0.75,0.0,0.0,0.0,-138.5607472562474
1,pct,0.25,2.0,8,1.0,off,cfd_std,4,2,2,0.25,-154.6062499999971,94.5,-249.1062499999971,0.09113264423874616,0.6319233267208794,-0.2978628759293598,448.5448000000033,39.0,0.25,0.75,0.0,0.0,0.0,-62.27656249999927
1,pct,0.25,2.0,8,1.0,off,cfd_raw,4,2,2,0.25,-176.56499999998778,80.0,-256.5649999999878,0.07633851474640754,0.6217330586715251,-0.3065967293482443,449.54479999998875,39.0,0.25,0.75,0.0,0.0,0.0,-64.14124999999694
1,pct,0.25,2.0,8,1.0,bar,none,5,3,2,1.0,711.0986946832563,0.0,711.0986946832563,0.0,inf,0.668567436370657,0.0,10.8,0.2,0.0,0.8,0.0,0.0,142.21973893665125
1,pct,0.25,2.0,8,1.0,bar,exchange,5,3,2,0.4,713.088694683247,442.11680194301255,270.97189274023447,0.620002539991747,3.252893203414127,0.25356608736677655,75.78470887815638,10.8,0.2,0.0,0.8,0.0,0.0,54.19437854804689
1,pct,0.25,2.0,8,1.0,bar,cfd_std,5,3,2,0.8,724.5311946832517,121.5,603.0311946832517,0.16769464295200842,47.75451340993206,0.5664612726593157,12.897817787044914,10.8,0.2,0.0,0.8,0.0,0.0,120.60623893665033
1,pct,0.25,2.0,8,1.0,bar,cfd_raw,5,3,2,0.8,719.0586946832482,102.0,617.0586946832482,0.14185211965892702,79.13027741605188,0.5797729557395681,7.897817787044914,10.8,0.2,0.0,0.8,0.0,0.0,123.41173893664964
1,pct,0.25,2.0,8,1.0,tick,none,5,3,2,1.0,755.0593897015351,0.0,755.0593897015351,0.0,inf,0.7101749085062796,0.0,8.8,0.2,0.0,0.8,0.0,0.0,151.01187794030702
1,pct,0.25,2.0,8,1.0,tick,exchange,5,3,2,0.8,757.0493897015258,442.10046513634245,314.94892456518335,0.5839783654150291,6.435436190064231,0.29518918871324124,57.94363387816702,8.8,0.2,0.0,0.8,0.0,0.0,62.98978491303667
1,pct,0.25,2.0,8,1.0,tick,cfd_std,5,3,2,1.0,768.4918897015305,121.5,646.9918897015305,0.15810186369980897,inf,0.6080687447949386,0.0,8.8,0.2,0.0,0.8,0.0,0.0,129.3983779403061
1,pct,0.25,2.0,8,1.0,tick,cfd_raw,5,3,2,1.0,763.019389701527,102.0,661.019389701527,0.13367943380822828,inf,0.6213804278751908,0.0,8.8,0.2,0.0,0.8,0.0,0.0,132.2038779403054
1,pct,0.25,2.0,8,2.0,off,none,1,1,0,0.0,-211.2013750000042,0.0,-211.2013750000042,0.0,0.0,-1.0000000000000198,211.2013750000042,56.0,0.0,1.0,0.0,0.0,0.0,-211.2013750000042
1,pct,0.25,2.0,8,2.0,off,exchange,1,1,0,0.0,-209.2063749999943,88.3759468125,-297.5823218124943,0.4224342915578094,0.0,-1.4089980323873093,297.5823218125006,56.0,0.0,1.0,0.0,0.0,0.0,-297.5823218124943
1,pct,0.25,2.0,8,2.0,off,cfd_std,1,1,0,0.0,-197.73512500000652,27.0,-224.73512500000652,0.13654630152330857,0.0,-1.0640798384954004,224.73512500000652,52.0,0.0,1.0,0.0,0.0,0.0,-224.73512500000652
1,pct,0.25,2.0,8,2.0,off,cfd_raw,1,1,0,0.0,-203.2213749999937,22.0,-225.2213749999937,0.10825632884336443,0.0,-1.066382143582132,225.2213749999937,52.0,0.0,1.0,0.0,0.0,0.0,-225.2213749999937
1,pct,0.25,2.0,8,2.0,bar,none,1,1,0,1.0,137.40105015179142,0.0,137.40105015179142,0.0,inf,0.6505689186530694,0.0,27.0,0.0,0.0,1.0,0.0,0.0,137.40105015179142
1,pct,0.25,2.0,8,2.0,bar,exchange,1,1,0,1.0,137.40105015179142,88.5492505250759,48.85179962671552,0.6444583242067848,inf,0.23130436355689216,0.0,27.0,0.0,0.0,1.0,0.0,0.0,48.85179962671552
1,pct,0.25,2.0,8,2.0,bar,cfd_std,1,1,0,1.0,137.40105015179142,27.0,110.40105015179142,0.19650504832511992,inf,0.522728841854327,0.0,27.0,0.0,0.0,1.0,0.0,0.0,110.40105015179142
1,pct,0.25,2.0,8,2.0,bar,cfd_raw,1,1,0,1.0,137.40105015179142,22.0,115.40105015179142,0.16011522456120883,inf,0.5464029301503904,0.0,27.0,0.0,0.0,1.0,0.0,0.0,115.40105015179142
1,pct,0.25,2.0,8,2.0,tick,none,1,1,0,1.0,90.92459099090775,0.0,90.92459099090775,0.0,inf,0.43051135908044036,0.0,19.0,0.0,0.0,1.0,0.0,0.0,90.92459099090775
1,pct,0.25,2.0,8,2.0,tick,exchange,1,1,0,1.0,90.92459099090775,88.52601229549546,2.398578695412283,0.9736201321416762,inf,0.011356832764049396,0.0,19.0,0.0,0.0,1.0,0.0,0.0,2.398578695412283
1,pct,0.25,2.0,8,2.0,tick,cfd_std,1,1,0,1.0,90.92459099090775,27.0,63.924590990907745,0.29694936986518794,inf,0.30267128228169793,0.0,19.0,0.0,0.0,1.0,0.0,0.0,63.924590990907745
1,pct,0.25,2.0,8,2.0,tick,cfd_raw,1,1,0,1.0,90.92459099090775,22.0,68.92459099090775,0.24195874581607907,inf,0.32634537057776136,0.0,19.0,0.0,0.0,1.0,0.0,0.0,68.92459099090775
1,pct,0.25,2.5,3,0.5,off,none,6,4,2,0.16666666666666666,-389.68898750000517,0.0,-389.68898750000517,0.0,0.5793033787146835,-0.3072485376990532,710.7687500000029,74.0,0.16666666666666666,0.6666666666666666,0.0,0.16666666666666666,0.0,-64.94816458333419
1,pct,0.25,2.5,3,0.5,off,exchange,6,4,2,0.16666666666666666,-379.7214874999918,532.97653619375,-912.6980236937418,0.3658272711467147,0.3307215540003384,-0.7161758764406102,1060.0701381249964,73.83333333333333,0.16666666666666666,0.6666666666666666,0.0,0.16666666666666666,0.0,-152.1163372822903
1,pct,0.25,2.5,3,0.5,off,cfd_std,7,4,3,0.14285714285714285,-444.45211250000284,175.5,-619.9521125000028,0.1132525130381749,0.4639287284021136,-0.41913576094089017,927.4137499999924,61.57142857142857,0.14285714285714285,0.7142857142857143,0.0,0.14285714285714285,0.0,-88.5645875000004
1,pct,0.25,2.5,3,0.5,off,cfd_raw,7,4,3,0.14285714285714285,-477.37648750000517,146.0,-623.3764875000052,0.09289732430175066,0.459780593233368,-0.4213650682689374,924.3862499999959,62.0,0.14285714285714285,0.7142857142857143,0.0,0.14285714285714285,0.0,-89.05378392857217
1,pct,0.25,2.5,3,0.5,bar,none,22,12,10,0.7272727272727273,1251.5817650855315,0.0,1251.5817650855315,0.0,2.901206527594577,0.26642841291834624,419.22964999999385,11.545454545454545,0.045454545454545456,0.13636363636363635,0.7727272727272727,0.045454545454545456,0.0,56.890080231160525
1,pct,0.25,2.5,3,0.5,bar,exchange,22,12,10,0.4090909090909091,1259.5742650855245,1960.521283693266,-700.9470186077411,0.7645794103592781,0.5817345693055036,-0.1501443609109594,790.5509223087865,11.545454545454545,0.045454545454545456,0.13636363636363635,0.7727272727272727,0.045454545454545456,0.0,-31.86122811853369
1,pct,0.25,2.5,3,0.5,bar,cfd_std,19,11,8,0.5789473684210527,949.9671558053524,499.5,450.4671558053524,0.19638897028912516,1.448656355518334,0.11084724658253729,446.16215000000375,14.947368421052632,0.05263157894736842,0.21052631578947367,0.6842105263157895,0.05263157894736842,0.0,23.708797673965915
1,pct,0.25,2.5,3,0.5,bar,cfd_raw,21,12,9,0.5714285714285714,991.2264193594747,454.0,537.2264193594747,0.17124803063366323,1.5270758971650433,0.11965643135369296,447.18965000000026,12.285714285714286,0.047619047619047616,0.19047619047619047,0.7142857142857143,0.047619047619047616,0.0,25.58221044568927
1,pct,0.25,2.5,3,0.5,tick,none,26,15,11,0.7692307692307693,1009.3620980846172,0.0,1009.3620980846172,0.0,2.51507887529151,0.18172416905699976,419.704424999989,7.730769230769231,0.038461538461538464,0.11538461538461539,0.8461538461538461,0.0,0.0,38.82161915710066
1,pct,0.25,2.5,3,0.5,tick,exchange,25,14,11,0.2,1045.6657506070042,2226.9488413635913,-1181.2830907565872,0.9506656569866803,0.3580116851343618,-0.2225763439759426,1262.8886415549496,8.08,0.04,0.12,0.84,0.0,0.0,-47.251323630263485
1,pct,0.25,2.5,3,0.5,tick,cfd_std,24,14,10,0.5833333333333334,843.4688080180204,634.5,208.96880801802035,0.2581723113313599,1.2009525714549318,0.04037786728608058,460.6242823031207,8.708333333333334,0.041666666666666664,0.16666666666666666,0.7916666666666666,0.0,0.0,8.707033667417514
1,pct,0.25,2.5,3,0.5,tick,cfd_raw,24,14,10,0.5833333333333334,816.0306830180052,520.0,296.0306830180052,0.2101716792214301,1.2925598446547821,0.05741457033421447,456.6242823031207,8.708333333333334,0.041666666666666664,0.16666666666666666,0.7916666666666666,0.0,0.0,12.334611792416885
1,pct,0.25,2.5,3,1.0,off,none,6,4,2,0.16666666666666666,-390.03723750000063,0.0,-390.03723750000063,0.0,0.5789548617124287,-0.30724853769904964,710.8291250000038,63.833333333333336,0.16666666666666666,0.6666666666666666,0.0,0.16666666666666666,0.0,-65.0062062500001
1,pct,0.25,2.5,3,1.0,off,exchange,6,4,2,0.16666666666666666,-380.0697375000018,532.95473994375,-913.0244774437517,0.3658694420074698,0.33052364714255417,-0.7161754392062806,1060.1546329374978,63.833333333333336,0.16666666666666666,0.6666666666666666,0.0,0.16666666666666666,0.0,-152.17074624062528
1,pct,0.25,2.5,3,1.0,off,cfd_std,5,2,3,0.2,-44.37251250000554,121.5,-165.87251250000554,0.10574604536716214,0.7637499838432417,-0.16145192883876672,473.0462750000006,81.2,0.2,0.6,0.0,0.2,0.0,-33.17450250000111
1,pct,0.25,2.5,3,1.0,off,cfd_raw,7,4,3,0.14285714285714285,-477.72473750000063,146.0,-623.7247375000006,0.09291077354431462,0.45950707822020714,-0.4213645840821972,924.4466249999969,53.42857142857143,0.14285714285714285,0.7142857142857143,0.0,0.14285714285714285,0.0,-89.10353392857152
1,pct,0.25,2.5,3,1.0,bar,none,13,8,5,0.7692307692307693,487.68900099996245,0.0,487.68900099996245,0.0,1.7635946752122322,0.17666043873839005,320.5988266055647,10.23076923076923,0.07692307692307693,0.23076923076923078,0.6153846153846154,0.07692307692307693,0.0,37.51453853845865
1,pct,0.25,2.5,3,1.0,bar,exchange,13,8,5,0.38461538461538464,495.67150099994615,1156.7278161799893,-661.0563151800432,0.6568465810760408,0.48507868695703676,-0.23843332618699764,898.0698318734503,10.23076923076923,0.07692307692307693,0.23076923076923078,0.6153846153846154,0.07692307692307693,0.0,-50.850485783080245
1,pct,0.25,2.5,3,1.0,bar,cfd_std,13,8,5,0.46153846153846156,541.5708759999543,337.5,204.0708759999543,0.194189971161534,1.2669632914848443,0.07412382891408532,449.5450265438267,10.23076923076923,0.07692307692307693,0.23076923076923078,0.6153846153846154,0.07692307692307693,0.0,15.697759692304176
1,pct,0.25,2.5,3,1.0,bar,cfd_raw,13,8,5,0.46153846153846156,519.6190009999409,278.0,241.6190009999409,0.15894711137270373,1.3239287256752323,0.08771101281832375,430.5175265438302,10.23076923076923,0.07692307692307693,0.23076923076923078,0.6153846153846154,0.07692307692307693,0.0,18.586076999995456
1,pct,0.25,2.5,3,1.0,tick,none,13,8,5,0.7692307692307693,593.7853260229167,0.0,593.7853260229167,0.0,1.9297140436642601,0.21513348985024222,292.88882660557283,8.692307692307692,0.07692307692307693,0.23076923076923078,0.6923076923076923,0.0,0.0,45.67579430945513
1,pct,0.25,2.5,3,1.0,tick,exchange,13,8,5,0.38461538461538464,601.7678260229004,1156.7078863893832,-554.9400603664827,0.6195117396289657,0.5427644467144269,-0.19995291099170515,842.9027332228288,8.692307692307692,0.07692307692307693,0.23076923076923078,0.6923076923076923,0.0,0.0,-42.6876969512679
1,pct,0.25,2.5,3,1.0,tick,cfd_std,13,8,5,0.6153846153846154,647.6672010229086,337.5,310.16720102290856,0.18301757910299818,1.4271347831574974,0.1125968800259374,420.9050265438418,8.692307692307692,0.07692307692307693,0.23076923076923078,0.6923076923076923,0.0,0.0,23.859015463300658
1,pct,0.25,2.5,3,1.0,tick,cfd_raw,13,8,5,0.6153846153846154,625.7153260228952,278.0,347.71532602289517,0.14985668396547974,1.4845234717939069,0.1261840639301758,401.8775265438453,8.692307692307692,0.07692307692307693,0.23076923076923078,0.6923076923076923,0.0,0.0,26.747332770991935
1,pct,0.25,2.5,3,2.0,off,none,1,1,0,0.0,-211.18877500000235,0.0,-211.18877500000235,0.0,0.0,-1.000000000000011,211.18877500000235,56.0,0.0,1.0,0.0,0.0,0.0,-211.18877500000235
1,pct,0.25,2.5,3,2.0,off,exchange,1,1,0,0.0,-209.193775000007,88.37091311249999,-297.564688112507,0.4224356729185514,0.0,-1.4089985990614653,297.564688112514,56.0,0.0,1.0,0.0,0.0,0.0,-297.564688112507
1,pct,0.25,2.5,3,2.0,off,cfd_std,1,1,0,0.0,-197.72252500000468,27.0,-224.72252500000468,0.1365550030275982,0.0,-1.0640836616434974,224.72252500000468,52.0,0.0,1.0,0.0,0.0,0.0,-224.72252500000468
1,pct,0.25,2.5,3,2.0,off,cfd_raw,1,1,0,0.0,-203.20877500000643,22.0,-225.20877500000643,0.10826304129828697,0.0,-1.0663861040910267,225.20877500000643,56.0,0.0,1.0,0.0,0.0,0.0,-225.20877500000643
1,pct,0.25,2.5,3,2.0,bar,none,1,1,0,1.0,142.44105015179957,0.0,142.44105015179957,0.0,inf,0.674472637817988,0.0,27.0,0.0,0.0,1.0,0.0,0.0,142.44105015179957
1,pct,0.25,2.5,3,2.0,bar,exchange,1,1,0,1.0,142.44105015179957,88.5467305250759,53.89431962672367,0.6216377261380168,inf,0.2551950009025038,0.0,27.0,0.0,0.0,1.0,0.0,0.0,53.89431962672367
1,pct,0.25,2.5,3,2.0,bar,cfd_std,1,1,0,1.0,142.44105015179957,27.0,115.44105015179957,0.18955209871891615,inf,0.546624933791105,0.0,27.0,0.0,0.0,1.0,0.0,0.0,115.44105015179957
1,pct,0.25,2.5,3,2.0,bar,cfd_raw,1,1,0,1.0,142.44105015179957,22.0,120.44105015179957,0.15444985821541315,inf,0.5703004345368241,0.0,27.0,0.0,0.0,1.0,0.0,0.0,120.44105015179957
1,pct,0.25,2.5,3,2.0,tick,none,1,1,0,1.0,95.9645909909159,0.0,95.9645909909159,0.0,inf,0.45440194911361126,0.0,19.0,0.0,0.0,1.0,0.0,0.0,95.9645909909159
1,pct,0.25,2.5,3,2.0,tick,exchange,1,1,0,1.0,95.9645909909159,88.52349229549546,7.441098695420436,0.9224599550877592,inf,0.03523434754247917,0.0,19.0,0.0,0.0,1.0,0.0,0.0,7.441098695420436
1,pct,0.25,2.5,3,2.0,tick,cfd_std,1,1,0,1.0,95.9645909909159,27.0,68.9645909909159,0.28135377560829544,inf,0.3265542450867282,0.0,19.0,0.0,0.0,1.0,0.0,0.0,68.9645909909159
1,pct,0.25,2.5,3,2.0,tick,cfd_raw,1,1,0,1.0,95.9645909909159,22.0,73.9645909909159,0.22925122456972222,inf,0.35022974583244726,0.0,19.0,0.0,0.0,1.0,0.0,0.0,73.9645909909159
1,pct,0.25,2.5,5,0.5,off,none,6,4,2,0.16666666666666666,-386.7743499999924,0.0,-386.7743499999924,0.0,0.5819136926914329,-0.30724853769904326,925.1064749999932,70.0,0.16666666666666666,0.6666666666666666,0.0,0.16666666666666666,0.0,-64.4623916666654
1,pct,0.25,2.5,5,0.5,off,exchange,6,4,2,0.16666666666666666,-376.8068499999936,532.7772869500001,-909.5841369499935,0.36555539649116336,0.33219072342040673,-0.7161844355039633,1362.0417817624984,70.0,0.16666666666666666,0.6666666666666666,0.0,0.16666666666666666,0.0,-151.59735615833225
1,pct,0.25,2.5,5,0.5,off,cfd_std,7,4,3,0.14285714285714285,-441.53747500000463,175.5,-617.0374750000046,0.11321317222679554,0.46590031479022437,-0.4191852278091191,1155.2852249999996,58.0,0.14285714285714285,0.7142857142857143,0.0,0.14285714285714285,0.0,-88.14821071428638
1,pct,0.25,2.5,5,0.5,off,cfd_raw,7,4,3,0.14285714285714285,-474.4618499999924,146.0,-620.4618499999924,0.09286550575031467,0.4617522507545549,-0.421403584597735,1152.7439749999903,57.857142857142854,0.14285714285714285,0.7142857142857143,0.0,0.14285714285714285,0.0,-88.63740714285606
1,pct,0.25,2.5,5,0.5,bar,none,15,7,8,0.8,1409.2864943939057,0.0,1409.2864943939057,0.0,4.239891918766117,0.4390334799479183,213.89489999999932,14.333333333333334,0.06666666666666667,0.13333333333333333,0.7333333333333333,0.06666666666666667,0.0,93.95243295959372
1,pct,0.25,2.5,5,0.5,bar,exchange,15,7,8,0.4666666666666667,1415.2739943939087,1336.0147926947222,79.2592016991864,0.5866834101890616,1.081673549963643,0.022905669284275443,404.61558328838146,14.333333333333334,0.06666666666666667,0.13333333333333333,0.7333333333333333,0.06666666666666667,0.0,5.283946779945761
1,pct,0.25,2.5,5,0.5,bar,cfd_std,13,6,7,0.7692307692307693,1397.5072308397794,337.5,1060.0072308397794,0.15403770964110905,3.2307143294950826,0.38047734304750275,227.42865000000165,19.307692307692307,0.07692307692307693,0.15384615384615385,0.6923076923076923,0.07692307692307693,0.0,81.5390177569061
1,pct,0.25,2.5,5,0.5,bar,cfd_raw,15,7,8,0.6666666666666666,1433.2364943939028,322.0,1111.2364943939028,0.14177555703091255,3.1690819247363957,0.34578456909813654,227.9149000000034,14.2,0.06666666666666667,0.13333333333333333,0.7333333333333333,0.06666666666666667,0.0,74.08243295959352
1,pct,0.25,2.5,5,0.5,tick,none,17,9,8,0.8823529411764706,1191.9653009727044,0.0,1191.9653009727044,0.0,3.809700705651932,0.3286651261940742,213.89489999999932,10.0,0.058823529411764705,0.11764705882352941,0.8235294117647058,0.0,0.0,70.11560593957086
1,pct,0.25,2.5,5,0.5,tick,exchange,17,9,8,0.35294117647058826,1197.942800972698,1512.7115283603293,-314.76872738763143,0.7420974557997974,0.7026598856892374,-0.08778434294765049,576.7333680752927,10.0,0.058823529411764705,0.11764705882352941,0.8235294117647058,0.0,0.0,-18.515807493390085
1,pct,0.25,2.5,5,0.5,tick,cfd_std,17,9,8,0.7647058823529411,1232.3134259727085,445.5,786.8134259727085,0.21979239918967217,2.6203045719132665,0.21666420928969202,237.79083230311517,9.882352941176471,0.058823529411764705,0.11764705882352941,0.8235294117647058,0.0,0.0,46.28314270427697
1,pct,0.25,2.5,5,0.5,tick,cfd_raw,17,9,8,0.7647058823529411,1215.8753009726934,366.0,849.8753009726934,0.1800809285783712,2.7833224251948536,0.23410015134513812,233.2770823031169,9.882352941176471,0.058823529411764705,0.11764705882352941,0.8235294117647058,0.0,0.0,49.99266476309961
1,pct,0.25,2.5,5,1.0,off,none,5,1,4,0.4,574.1969749999989,0.0,574.1969749999989,0.0,2.1549284775797126,0.53130175476114,283.481375000003,75.4,0.4,0.4,0.0,0.2,0.0,114.83939499999978
1,pct,0.25,2.5,5,1.0,off,exchange,5,1,4,0.4,582.1719750000047,441.0439976375,141.12797736250462,0.281185880781337,1.1858571329508651,0.12418014628130658,458.06946181249805,75.4,0.4,0.4,0.0,0.2,0.0,28.225595472500924
1,pct,0.25,2.5,5,1.0,off,cfd_std,6,1,5,0.3333333333333333,505.98447500000475,135.0,370.98447500000475,0.07961999323495367,1.5298152627527812,0.28202104209345835,473.05887500000244,60.666666666666664,0.3333333333333333,0.5,0.0,0.16666666666666666,0.0,61.83074583333413
1,pct,0.25,2.5,5,1.0,off,cfd_raw,6,1,5,0.3333333333333333,478.5394750000123,116.0,362.5394750000123,0.06818970629062261,1.5203453884710987,0.2755059718033503,469.0588749999879,60.666666666666664,0.3333333333333333,0.5,0.0,0.16666666666666666,0.0,60.423245833335386
1,pct,0.25,2.5,5,1.0,bar,none,9,3,6,1.0,1137.6793825046043,0.0,1137.6793825046043,0.0,inf,0.5943076949368273,0.0,12.0,0.1111111111111111,0.0,0.7777777777777778,0.1111111111111111,0.0,126.40882027828937
1,pct,0.25,2.5,5,1.0,bar,exchange,9,3,6,0.5555555555555556,1139.6668825046072,799.3406928491017,340.32618965550546,0.7013809957278199,2.2269063995495673,0.17768297075869516,186.85756813790067,12.0,0.1111111111111111,0.0,0.7777777777777778,0.1111111111111111,0.0,37.81402107283394
1,pct,0.25,2.5,5,1.0,bar,cfd_std,9,3,6,0.6666666666666666,1151.095007504613,229.5,921.595007504613,0.1993753760582445,22.03780862500121,0.4813159454031295,24.429999999993015,12.0,0.1111111111111111,0.0,0.7777777777777778,0.1111111111111111,0.0,102.39944527829033
1,pct,0.25,2.5,5,1.0,bar,cfd_raw,9,3,6,0.6666666666666666,1145.6293825046014,190.0,955.6293825046014,0.1658477016228561,34.1739657383562,0.49913292182766483,19.429999999993015,12.0,0.1111111111111111,0.0,0.7777777777777778,0.1111111111111111,0.0,106.18104250051127
1,pct,0.25,2.5,5,1.0,tick,none,9,3,6,1.0,1226.640294781566,0.0,1226.640294781566,0.0,inf,0.6410029349817201,0.0,10.0,0.1111111111111111,0.0,0.8888888888888888,0.0,0.0,136.29336608684065
1,pct,0.25,2.5,5,1.0,tick,exchange,9,3,6,0.5555555555555556,1228.6277947815688,799.3018559338025,429.32593884776634,0.6505646863344046,2.913330124887979,0.22439865670212533,148.80697510857135,10.0,0.1111111111111111,0.0,0.8888888888888888,0.0,0.0,47.70288209419626
1,pct,0.25,2.5,5,1.0,tick,cfd_std,9,3,6,1.0,1240.0559197815746,229.5,1010.5559197815746,0.18507229903021186,inf,0.5280111854480222,0.0,10.0,0.1111111111111111,0.0,0.8888888888888888,0.0,0.0,112.28399108684162
1,pct,0.25,2.5,5,1.0,tick,cfd_raw,9,3,6,1.0,1234.590294781563,190.0,1044.590294781563,0.15389720849345964,inf,0.5458281618725573,0.0,10.0,0.1111111111111111,0.0,0.8888888888888888,0.0,0.0,116.06558830906255
1,pct,0.25,2.5,5,2.0,off,none,2,1,1,0.0,-424.89102500000445,0.0,-424.89102500000445,0.0,0.0,-1.0000000000000104,424.89102500000445,50.0,0.0,1.0,0.0,0.0,0.0,-212.44551250000222
1,pct,0.25,2.5,5,2.0,off,exchange,2,1,1,0.0,-420.8910249999899,177.95764913750003,-598.84867413749,0.422811698437866,0.0,-1.409414655123747,598.8486741374945,50.0,0.0,1.0,0.0,0.0,0.0,-299.424337068745
1,pct,0.25,2.5,5,2.0,off,cfd_std,2,1,1,0.0,-397.89102500000445,54.0,-451.89102500000445,0.1357155517644546,0.0,-1.0635488154436505,451.89102500000445,48.0,0.0,1.0,0.0,0.0,0.0,-225.94551250000222
1,pct,0.25,2.5,5,2.0,off,cfd_raw,2,1,1,0.0,-408.8910249999899,44.0,-452.8910249999899,0.10760813348740313,0.0,-1.065902061771152,452.8910249999899,48.0,0.0,1.0,0.0,0.0,0.0,-226.44551249999495
1,pct,0.25,2.5,5,2.0,bar,none,2,1,1,1.0,157.92226127498725,0.0,157.92226127498725,0.0,inf,0.3733008492714755,0.0,16.0,0.0,0.0,1.0,0.0,0.0,78.96113063749362
1,pct,0.25,2.5,5,2.0,bar,exchange,2,1,1,0.5,157.92226127498725,178.01484991951432,-20.09258864452707,1.1272308823487538,0.7085681786677351,-0.0456667877440427,68.94438827123668,16.0,0.0,0.0,1.0,0.0,0.0,-10.046294322263535
1,pct,0.25,2.5,5,2.0,bar,cfd_std,2,1,1,0.5,157.92226127498725,54.0,103.92226127498725,0.34194039246924635,17.040383974705087,0.24620507915089082,6.478788876804174,16.0,0.0,0.0,1.0,0.0,0.0,51.961130637493625
1,pct,0.25,2.5,5,2.0,bar,cfd_raw,2,1,1,0.5,157.92226127498725,44.0,113.92226127498725,0.27861809756753403,78.03754272292461,0.26974133287692503,1.478788876804174,16.0,0.0,0.0,1.0,0.0,0.0,56.961130637493625
1,pct,0.25,2.5,5,2.0,tick,none,2,1,1,1.0,119.39580211410066,0.0,119.39580211410066,0.0,inf,0.2818738127141781,0.0,11.5,0.0,0.0,1.0,0.0,0.0,59.69790105705033
1,pct,0.25,2.5,5,2.0,tick,exchange,2,1,1,0.5,119.39580211410066,177.98763668993388,-58.591834575833204,1.4907361359308084,0.039327142853500155,-0.13702950903983238,60.99041327123996,11.5,0.0,0.0,1.0,0.0,0.0,-29.295917287916602
1,pct,0.25,2.5,5,2.0,tick,cfd_std,2,1,1,1.0,119.39580211410066,54.0,65.39580211410066,0.45227720777314157,inf,0.15477804259359343,0.0,11.5,0.0,0.0,1.0,0.0,0.0,32.69790105705033
1,pct,0.25,2.5,5,2.0,tick,cfd_raw,2,1,1,1.0,119.39580211410066,44.0,75.39580211410066,0.3685221692966339,inf,0.17831429631962764,0.0,11.5,0.0,0.0,1.0,0.0,0.0,37.69790105705033
1,pct,0.25,2.5,8,0.5,off,none,6,1,5,0.5,962.3486499999854,0.0,962.3486499999854,0.0,2.5151482565634855,0.7499999999999885,213.60667500000272,63.166666666666664,0.5,0.5,0.0,0.0,0.0,160.39144166666424
1,pct,0.25,2.5,8,0.5,off,exchange,6,1,5,0.5,974.3161500000133,526.9612455500001,447.35490445001324,0.23602933695379238,1.499663456609663,0.34579822592871934,301.1501458374987,63.166666666666664,0.5,0.5,0.0,0.0,0.0,74.55915074166887
1,pct,0.25,2.5,8,0.5,off,cfd_std,6,1,5,0.5,1043.1292749999993,121.5,921.6292749999993,0.054426590171101914,2.3641283241939726,0.7179448533639449,227.0729250000004,62.5,0.5,0.5,0.0,0.0,0.0,153.60487916666656
1,pct,0.25,2.5,8,0.5,off,cfd_raw,6,1,5,0.5,1010.2186500000098,108.0,902.2186500000098,0.04837665851310969,2.332412808014908,0.7027483866416832,227.58667499999865,62.333333333333336,0.5,0.5,0.0,0.0,0.0,150.36977500000162
1,pct,0.25,2.5,8,0.5,bar,none,12,4,8,0.9166666666666666,1356.6785785355314,0.0,1356.6785785355314,0.0,108.08826169005648,0.5301498407784805,12.668788876806502,11.5,0.08333333333333333,0.0,0.9166666666666666,0.0,0.0,113.05654821129428
1,pct,0.25,2.5,8,0.5,bar,exchange,12,4,8,0.3333333333333333,1358.6660785355343,1067.8653361566023,290.8007423789319,0.7715769617399789,1.726379619098665,0.113064461006114,217.15353486665117,11.5,0.08333333333333333,0.0,0.9166666666666666,0.0,0.0,24.233395198244324
1,pct,0.25,2.5,8,0.5,bar,cfd_std,12,4,8,0.8333333333333334,1470.4280675320915,310.5,1159.9280675320915,0.21116299862334031,39.079367790502346,0.4529912869711403,30.46080160557176,12.833333333333334,0.08333333333333333,0.0,0.9166666666666666,0.0,0.0,96.66067229434096
1,pct,0.25,2.5,8,0.5,bar,cfd_raw,12,4,8,0.8333333333333334,1464.9624425320799,256.0,1208.9624425320799,0.17474850724331392,60.086758468097486,0.4721980015279383,20.46080160557176,12.833333333333334,0.08333333333333333,0.0,0.9166666666666666,0.0,0.0,100.74687021100665
1,pct,0.25,2.5,8,0.5,tick,none,12,4,8,0.9166666666666666,1213.841323830522,0.0,1213.841323830522,0.0,258.2357771283159,0.47503530955842205,4.718788876809413,8.833333333333334,0.08333333333333333,0.0,0.9166666666666666,0.0,0.0,101.1534436525435
1,pct,0.25,2.5,8,0.5,tick,exchange,12,4,8,0.4166666666666667,1215.828823830525,1067.8968005912106,147.93202323931436,0.8715629508901327,1.413133532151659,0.05793799207346139,317.033232111673,8.833333333333334,0.08333333333333333,0.0,0.9166666666666666,0.0,0.0,12.327668603276196
1,pct,0.25,2.5,8,0.5,tick,cfd_std,12,4,8,0.9166666666666666,1277.9295215664606,310.5,967.4295215664606,0.24297114571654568,126.59152977054408,0.37850263769795855,7.702983818526263,10.0,0.08333333333333333,0.0,0.9166666666666666,0.0,0.0,80.61912679720506
1,pct,0.25,2.5,8,0.5,tick,cfd_raw,12,4,8,0.8333333333333334,1221.791323830519,256.0,965.7913238305191,0.20792234463520334,33.82573534339176,0.3779407078776049,26.718788876809413,8.833333333333334,0.08333333333333333,0.0,0.9166666666666666,0.0,0.0,80.48261031920993
1,pct,0.25,2.5,8,1.0,off,none,4,2,2,0.25,-101.57015000001411,0.0,-101.57015000001411,0.0,0.8403598522831597,-0.1250000000000166,421.5448000000033,40.5,0.25,0.75,0.0,0.0,0.0,-25.392537500003527
1,pct,0.25,2.5,8,1.0,off,exchange,4,2,2,0.25,-93.58764999998675,353.66952285,-447.25717284998683,0.3030817923455479,0.5011855522499953,-0.5316550389557297,594.1622860249918,40.5,0.25,0.75,0.0,0.0,0.0,-111.81429321249671
1,pct,0.25,2.5,8,1.0,off,cfd_std,4,2,2,0.25,-47.688274999993155,94.5,-142.18827499999315,0.08261442573324813,0.7899041584011045,-0.17288260172501496,448.5448000000033,39.25,0.25,0.75,0.0,0.0,0.0,-35.54706874999829
1,pct,0.25,2.5,8,1.0,off,cfd_raw,4,2,2,0.25,-69.64014999999199,80.0,-149.640149999992,0.0692707474439215,0.7793778502896581,-0.18160841870864014,449.54479999998875,39.25,0.25,0.75,0.0,0.0,0.0,-37.410037499998
1,pct,0.25,2.5,8,1.0,bar,none,5,3,2,1.0,818.0335446832469,0.0,818.0335446832469,0.0,inf,0.7685674363706481,0.0,11.0,0.2,0.0,0.8,0.0,0.0,163.60670893664937
1,pct,0.25,2.5,8,1.0,bar,exchange,5,3,2,0.4,820.0210446832498,442.0633357680125,377.9577089152373,0.5390877937026222,4.142386263690444,0.3536137483257649,75.78470887815638,11.0,0.2,0.0,0.8,0.0,0.0,75.59154178304746
1,pct,0.25,2.5,8,1.0,bar,cfd_std,5,3,2,0.8,831.4491696832556,121.5,709.9491696832556,0.1461304003061137,56.04413082935293,0.6664454920227916,12.897817787044914,11.0,0.2,0.0,0.8,0.0,0.0,141.9898339366511
1,pct,0.25,2.5,8,1.0,bar,cfd_raw,5,3,2,0.8,825.983544683244,102.0,723.983544683244,0.12348914292126235,92.66880829674511,0.6797636042512514,7.897817787044914,11.0,0.2,0.0,0.8,0.0,0.0,144.7967089366488
1,pct,0.25,2.5,8,1.0,tick,none,5,3,2,1.0,861.9942397015257,0.0,861.9942397015257,0.0,inf,0.8101749085062707,0.0,9.0,0.2,0.0,0.8,0.0,0.0,172.39884794030513
1,pct,0.25,2.5,8,1.0,tick,exchange,5,3,2,0.8,863.9817397015286,442.0469989613424,421.93474074018616,0.5116392843141016,8.281813591936631,0.3952368496722296,57.94363387816702,9.0,0.2,0.0,0.8,0.0,0.0,84.38694814803723
1,pct,0.25,2.5,8,1.0,tick,cfd_std,5,3,2,1.0,875.4098647015344,121.5,753.9098647015344,0.1387921302913632,inf,0.7080529641584142,0.0,9.0,0.2,0.0,0.8,0.0,0.0,150.78197294030687
1,pct,0.25,2.5,8,1.0,tick,cfd_raw,5,3,2,1.0,869.9442397015227,102.0,767.9442397015227,0.11724889406129768,inf,0.721371076386874,0.0,9.0,0.2,0.0,0.8,0.0,0.0,153.58884794030456
1,pct,0.25,2.5,8,2.0,off,none,1,1,0,0.0,-211.2013750000042,0.0,-211.2013750000042,0.0,0.0,-1.0000000000000198,211.2013750000042,56.0,0.0,1.0,0.0,0.0,0.0,-211.2013750000042
1,pct,0.25,2.5,8,2.0,off,exchange,1,1,0,0.0,-209.2063749999943,88.3759468125,-297.5823218124943,0.4224342915578094,0.0,-1.4089980323873093,297.5823218125006,56.0,0.0,1.0,0.0,0.0,0.0,-297.5823218124943
1,pct,0.25,2.5,8,2.0,off,cfd_std,1,1,0,0.0,-197.73512500000652,27.0,-224.73512500000652,0.13654630152330857,0.0,-1.0640798384954004,224.73512500000652,52.0,0.0,1.0,0.0,0.0,0.0,-224.73512500000652
1,pct,0.25,2.5,8,2.0,off,cfd_raw,1,1,0,0.0,-203.2213749999937,22.0,-225.2213749999937,0.10825632884336443,0.0,-1.066382143582132,225.2213749999937,52.0,0.0,1.0,0.0,0.0,0.0,-225.2213749999937
1,pct,0.25,2.5,8,2.0,bar,none,1,1,0,1.0,137.40105015179142,0.0,137.40105015179142,0.0,inf,0.6505689186530694,0.0,27.0,0.0,0.0,1.0,0.0,0.0,137.40105015179142
1,pct,0.25,2.5,8,2.0,bar,exchange,1,1,0,1.0,137.40105015179142,88.5492505250759,48.85179962671552,0.6444583242067848,inf,0.23130436355689216,0.0,27.0,0.0,0.0,1.0,0.0,0.0,48.85179962671552
1,pct,0.25,2.5,8,2.0,bar,cfd_std,1,1,0,1.0,137.40105015179142,27.0,110.40105015179142,0.19650504832511992,inf,0.522728841854327,0.0,27.0,0.0,0.0,1.0,0.0,0.0,110.40105015179142
1,pct,0.25,2.5,8,2.0,bar,cfd_raw,1,1,0,1.0,137.40105015179142,22.0,115.40105015179142,0.16011522456120883,inf,0.5464029301503904,0.0,27.0,0.0,0.0,1.0,0.0,0.0,115.40105015179142
1,pct,0.25,2.5,8,2.0,tick,none,1,1,0,1.0,90.92459099090775,0.0,90.92459099090775,0.0,inf,0.43051135908044036,0.0,19.0,0.0,0.0,1.0,0.0,0.0,90.92459099090775
1,pct,0.25,2.5,8,2.0,tick,exchange,1,1,0,1.0,90.92459099090775,88.52601229549546,2.398578695412283,0.9736201321416762,inf,0.011356832764049396,0.0,19.0,0.0,0.0,1.0,0.0,0.0,2.398578695412283
1,pct,0.25,2.5,8,2.0,tick,cfd_std,1,1,0,1.0,90.92459099090775,27.0,63.924590990907745,0.29694936986518794,inf,0.30267128228169793,0.0,19.0,0.0,0.0,1.0,0.0,0.0,63.924590990907745
1,pct,0.25,2.5,8,2.0,tick,cfd_raw,1,1,0,1.0,90.92459099090775,22.0,68.92459099090775,0.24195874581607907,inf,0.32634537057776136,0.0,19.0,0.0,0.0,1.0,0.0,0.0,68.92459099090775
1,pct,0.25,3.0,3,0.5,off,none,4,2,2,0.25,144.9320999999909,0.0,144.9320999999909,0.0,1.290448247859187,0.16412719345141566,283.4687750000012,115.5,0.25,0.5,0.0,0.25,0.0,36.233024999997724
1,pct,0.25,3.0,3,0.5,off,exchange,4,2,2,0.25,150.90709999999672,354.21454187499995,-203.30744187500318,0.31046498099663455,0.733082407834957,-0.24475963820199487,458.05182811251143,115.5,0.25,0.5,0.0,0.25,0.0,-50.826860468750795
1,pct,0.25,3.0,3,0.5,off,cfd_std,5,2,3,0.2,63.21959999999672,121.5,-58.28040000000328,0.09669169177633008,0.9169920004580466,-0.061467610478944314,473.0462750000006,89.8,0.2,0.6,0.0,0.2,0.0,-11.656080000000657
1,pct,0.25,3.0,3,0.5,off,cfd_raw,5,2,3,0.2,41.27459999998973,102.0,-60.72540000001027,0.0804671036477422,0.9130745936389135,-0.06367186699072899,469.0462750000006,90.6,0.2,0.6,0.0,0.2,0.0,-12.145080000002054
1,pct,0.25,3.0,3,0.5,bar,none,22,12,10,0.7272727272727273,1358.5166150855366,0.0,1358.5166150855366,0.0,3.063645163662004,0.28915568564562005,419.22964999999385,11.590909090909092,0.045454545454545456,0.13636363636363635,0.7727272727272727,0.045454545454545456,0.0,61.75075523116075
1,pct,0.25,3.0,3,0.5,bar,exchange,22,12,10,0.4090909090909091,1366.5066150855273,1960.467817518266,-593.9612024327383,0.7339511003536283,0.6455745847313793,-0.127406256147553,790.5509223087865,11.590909090909092,0.045454545454545456,0.13636363636363635,0.7727272727272727,0.045454545454545456,0.0,-26.99823647421538
1,pct,0.25,3.0,3,0.5,bar,cfd_std,19,11,8,0.5789473684210527,1056.8851308053418,499.5,557.3851308053418,0.18846639721293348,1.55514453869594,0.13715888325713263,446.16215000000375,15.0,0.05263157894736842,0.21052631578947367,0.6842105263157895,0.05263157894736842,0.0,29.33605951607062
1,pct,0.25,3.0,3,0.5,bar,cfd_raw,21,12,9,0.5714285714285714,1098.151269359485,454.0,644.151269359485,0.16460903987116945,1.631980475964774,0.14346372861838272,447.18965000000026,12.333333333333334,0.047619047619047616,0.19047619047619047,0.7142857142857143,0.047619047619047616,0.0,30.673869969499286
1,pct,0.25,3.0,3,0.5,tick,none,26,15,11,0.7692307692307693,1116.2969480846223,0.0,1116.2969480846223,0.0,2.675590878441733,0.2009549382877699,419.704424999989,7.769230769230769,0.038461538461538464,0.11538461538461539,0.8461538461538461,0.0,0.0,42.9344980032547
1,pct,0.25,3.0,3,0.5,tick,exchange,25,14,11,0.2,1152.598100607007,2226.8953751885915,-1074.2972745815844,0.9091418550091551,0.41615494002233666,-0.20256681178414493,1155.902825379948,8.12,0.04,0.12,0.84,0.0,0.0,-42.97189098326337
1,pct,0.25,3.0,3,0.5,tick,cfd_std,24,14,10,0.5833333333333334,950.3867830180097,634.5,315.88678301800974,0.2474090391270415,1.3037690741415395,0.061207912986801914,460.6242823031207,8.75,0.041666666666666664,0.16666666666666666,0.7916666666666666,0.0,0.0,13.161949292417072
1,pct,0.25,3.0,3,0.5,tick,cfd_raw,24,14,10,0.5833333333333334,922.9555330180156,520.0,402.95553301801556,0.2014650660261312,1.3982310446358879,0.07824595544081797,456.6242823031207,8.75,0.041666666666666664,0.16666666666666666,0.7916666666666666,0.0,0.0,16.78981387575065
1,pct,0.25,3.0,3,1.0,off,none,4,2,2,0.25,144.58664999999746,0.0,144.58664999999746,0.0,1.2897559557636398,0.16412719345142332,283.4687750000012,104.75,0.25,0.5,0.0,0.25,0.0,36.146662499999366
1,pct,0.25,3.0,3,1.0,off,exchange,4,2,2,0.25,150.56165000000328,354.16865459999997,-203.60700459999669,0.31051878112257436,0.7326891189296408,-0.24475964633404612,458.0518281124969,104.75,0.25,0.5,0.0,0.25,0.0,-50.90175114999917
1,pct,0.25,3.0,3,1.0,off,cfd_std,5,2,3,0.2,62.87414999998873,121.5,-58.62585000001127,0.09671828106061711,0.9164999806118818,-0.061467661118718556,473.0462750000006,81.2,0.2,0.6,0.0,0.2,0.0,-11.725170000002255
1,pct,0.25,3.0,3,1.0,off,cfd_raw,5,2,3,0.2,40.9291499999963,102.0,-61.0708500000037,0.08048903877385676,0.9125800990513626,-0.06367489787454197,469.0462750000006,82.0,0.2,0.6,0.0,0.2,0.0,-12.21417000000074
1,pct,0.25,3.0,3,1.0,bar,none,13,8,5,0.7692307692307693,594.6238509999675,0.0,594.6238509999675,0.0,1.9310269566194336,0.21512197719993034,320.5988266055647,10.307692307692308,0.07692307692307693,0.23076923076923078,0.6153846153846154,0.07692307692307693,0.0,45.74029623076673
1,pct,0.25,3.0,3,1.0,bar,exchange,13,8,5,0.38461538461538464,602.6038509999489,1156.6743500049895,-554.0704990050403,0.6192165178883772,0.568413912227219,-0.19995345658738672,898.0698318734503,10.307692307692308,0.07692307692307693,0.23076923076923078,0.6153846153846154,0.07692307692307693,0.0,-42.620807615772335
1,pct,0.25,3.0,3,1.0,bar,cfd_std,13,8,5,0.46153846153846156,648.4888509999437,337.5,310.9888509999437,0.1829360701673785,1.406832218812318,0.11257929790003238,449.5450265438267,10.307692307692308,0.07692307692307693,0.23076923076923078,0.6153846153846154,0.07692307692307693,0.0,23.922219307687975
1,pct,0.25,3.0,3,1.0,bar,cfd_raw,13,8,5,0.46153846153846156,626.5438509999512,278.0,348.54385099995125,0.14978978504261523,1.4672785047082446,0.1261689545535918,430.5175265438302,10.307692307692308,0.07692307692307693,0.23076923076923078,0.6153846153846154,0.07692307692307693,0.0,26.81106546153471
1,pct,0.25,3.0,3,1.0,tick,none,13,8,5,0.7692307692307693,700.7201760229218,0.0,700.7201760229218,0.0,2.0971463250714617,0.2535950283117825,292.88882660557283,8.76923076923077,0.07692307692307693,0.23076923076923078,0.6923076923076923,0.0,0.0,53.901552001763214
1,pct,0.25,3.0,3,1.0,tick,exchange,13,8,5,0.38461538461538464,708.7001760229032,1156.6544202143832,-447.9542441914799,0.5859264933238982,0.6309140007765012,-0.1614730413920942,842.9027332228288,8.76923076923077,0.07692307692307693,0.23076923076923078,0.6923076923076923,0.0,0.0,-34.45801878395999
1,pct,0.25,3.0,3,1.0,tick,cfd_std,13,8,5,0.6153846153846154,754.5851760228979,337.5,417.08517602289794,0.17298793400090046,1.5743727435757757,0.15105234901188444,420.9050265438418,8.76923076923077,0.07692307692307693,0.23076923076923078,0.6923076923076923,0.0,0.0,32.08347507868446
1,pct,0.25,3.0,3,1.0,tick,cfd_raw,13,8,5,0.6153846153846154,732.6401760229055,278.0,454.6401760229055,0.14168993914407615,1.6335177658781326,0.16464200566544385,401.8775265438453,8.76923076923077,0.07692307692307693,0.23076923076923078,0.6923076923076923,0.0,0.0,34.97232123253119
1,pct,0.25,3.0,3,2.0,off,none,1,1,0,0.0,-211.18877500000235,0.0,-211.18877500000235,0.0,0.0,-1.000000000000011,211.18877500000235,56.0,0.0,1.0,0.0,0.0,0.0,-211.18877500000235
1,pct,0.25,3.0,3,2.0,off,exchange,1,1,0,0.0,-209.193775000007,88.37091311249999,-297.564688112507,0.4224356729185514,0.0,-1.4089985990614653,297.564688112514,56.0,0.0,1.0,0.0,0.0,0.0,-297.564688112507
1,pct,0.25,3.0,3,2.0,off,cfd_std,1,1,0,0.0,-197.72252500000468,27.0,-224.72252500000468,0.1365550030275982,0.0,-1.0640836616434974,224.72252500000468,52.0,0.0,1.0,0.0,0.0,0.0,-224.72252500000468
1,pct,0.25,3.0,3,2.0,off,cfd_raw,1,1,0,0.0,-203.20877500000643,22.0,-225.20877500000643,0.10826304129828697,0.0,-1.0663861040910267,225.20877500000643,56.0,0.0,1.0,0.0,0.0,0.0,-225.20877500000643
1,pct,0.25,3.0,3,2.0,bar,none,1,1,0,1.0,142.44105015179957,0.0,142.44105015179957,0.0,inf,0.674472637817988,0.0,27.0,0.0,0.0,1.0,0.0,0.0,142.44105015179957
1,pct,0.25,3.0,3,2.0,bar,exchange,1,1,0,1.0,142.44105015179957,88.5467305250759,53.89431962672367,0.6216377261380168,inf,0.2551950009025038,0.0,27.0,0.0,0.0,1.0,0.0,0.0,53.89431962672367
1,pct,0.25,3.0,3,2.0,bar,cfd_std,1,1,0,1.0,142.44105015179957,27.0,115.44105015179957,0.18955209871891615,inf,0.546624933791105,0.0,27.0,0.0,0.0,1.0,0.0,0.0,115.44105015179957
1,pct,0.25,3.0,3,2.0,bar,cfd_raw,1,1,0,1.0,142.44105015179957,22.0,120.44105015179957,0.15444985821541315,inf,0.5703004345368241,0.0,27.0,0.0,0.0,1.0,0.0,0.0,120.44105015179957
1,pct,0.25,3.0,3,2.0,tick,none,1,1,0,1.0,95.9645909909159,0.0,95.9645909909159,0.0,inf,0.45440194911361126,0.0,19.0,0.0,0.0,1.0,0.0,0.0,95.9645909909159
1,pct,0.25,3.0,3,2.0,tick,exchange,1,1,0,1.0,95.9645909909159,88.52349229549546,7.441098695420436,0.9224599550877592,inf,0.03523434754247917,0.0,19.0,0.0,0.0,1.0,0.0,0.0,7.441098695420436
1,pct,0.25,3.0,3,2.0,tick,cfd_std,1,1,0,1.0,95.9645909909159,27.0,68.9645909909159,0.28135377560829544,inf,0.3265542450867282,0.0,19.0,0.0,0.0,1.0,0.0,0.0,68.9645909909159
1,pct,0.25,3.0,3,2.0,tick,cfd_raw,1,1,0,1.0,95.9645909909159,22.0,73.9645909909159,0.22925122456972222,inf,0.35022974583244726,0.0,19.0,0.0,0.0,1.0,0.0,0.0,73.9645909909159
1,pct,0.25,3.0,5,0.5,off,none,6,4,2,0.16666666666666666,-279.10792499998934,0.0,-279.10792499998934,0.0,0.6982964312297226,-0.22391520436570755,925.1064749999932,71.33333333333333,0.16666666666666666,0.6666666666666666,0.0,0.16666666666666666,0.0,-46.51798749999822
1,pct,0.25,3.0,5,0.5,off,exchange,6,4,2,0.16666666666666666,-269.14292499999283,532.7234549875001,-801.8663799874928,0.34037444427429275,0.411276224617817,-0.6328113714603205,1362.0417817624984,71.33333333333333,0.16666666666666666,0.6666666666666666,0.0,0.16666666666666666,0.0,-133.64439666458213
1,pct,0.25,3.0,5,0.5,off,cfd_std,7,4,3,0.14285714285714285,-333.8879250000027,175.5,-509.3879250000027,0.10586175380865867,0.5590803777482718,-0.3477678516732559,1155.2852249999996,59.0,0.14285714285714285,0.7142857142857143,0.0,0.14285714285714285,0.0,-72.76970357142896
1,pct,0.25,3.0,5,0.5,off,cfd_raw,7,4,3,0.14285714285714285,-366.8054249999841,146.0,-512.8054249999841,0.08691394348340405,0.5551436952858605,-0.3499816474166897,1152.7439749999903,59.0,0.14285714285714285,0.7142857142857143,0.0,0.14285714285714285,0.0,-73.25791785714058
1,pct,0.25,3.0,5,0.5,bar,none,15,7,8,0.8,1516.2213443939108,0.0,1516.2213443939108,0.0,4.485730758297808,0.4723668132812532,213.89489999999932,14.4,0.06666666666666667,0.13333333333333333,0.7333333333333333,0.06666666666666667,0.0,101.08142295959405
1,pct,0.25,3.0,5,0.5,bar,exchange,15,7,8,0.4666666666666667,1522.2063443939114,1335.9613265197222,186.2450178741892,0.5603476095875735,1.191918306603173,0.05625488960393825,404.61558328838146,14.4,0.06666666666666667,0.13333333333333333,0.7333333333333333,0.06666666666666667,0.0,12.416334524945945
1,pct,0.25,3.0,5,0.5,bar,cfd_std,13,6,7,0.7692307692307693,1504.4252058397688,337.5,1166.9252058397688,0.14687068149271842,3.455716057760768,0.41893281203344984,227.42865000000165,19.384615384615383,0.07692307692307693,0.15384615384615385,0.6923076923076923,0.07692307692307693,0.0,89.7634773722899
1,pct,0.25,3.0,5,0.5,bar,cfd_raw,15,7,8,0.6666666666666666,1540.1613443939132,322.0,1218.1613443939132,0.1354010560557355,3.3777942560990124,0.3791147852687021,227.9149000000034,14.266666666666667,0.06666666666666667,0.13333333333333333,0.7333333333333333,0.06666666666666667,0.0,81.21075629292754
1,pct,0.25,3.0,5,0.5,tick,none,17,9,8,0.8823529411764706,1298.9001509727095,0.0,1298.9001509727095,0.0,4.061767542881682,0.358076890899958,213.89489999999932,10.058823529411764,0.058823529411764705,0.11764705882352941,0.8235294117647058,0.0,0.0,76.40589123368879
1,pct,0.25,3.0,5,0.5,tick,exchange,17,9,8,0.35294117647058826,1304.8751509727008,1512.6580621853295,-207.78291121262865,0.705083754964081,0.8037219418697128,-0.058358560312653913,576.7333680752927,10.058823529411764,0.058823529411764705,0.11764705882352941,0.8235294117647058,0.0,0.0,-12.222524188978156
1,pct,0.25,3.0,5,0.5,tick,cfd_std,17,9,8,0.7647058823529411,1339.2314009726979,445.5,893.7314009726979,0.20877945482548993,2.8404834326107964,0.24607133263188682,237.79083230311517,9.941176470588236,0.058823529411764705,0.11764705882352941,0.8235294117647058,0.0,0.0,52.57243535133517
1,pct,0.25,3.0,5,0.5,tick,cfd_raw,17,9,8,0.7647058823529411,1322.8001509727037,366.0,956.8001509727037,0.1710804486802538,3.007686496720849,0.2635091656132843,233.2770823031169,9.941176470588236,0.058823529411764705,0.11764705882352941,0.8235294117647058,0.0,0.0,56.28236182192375
1,pct,0.25,3.0,5,1.0,off,none,3,1,2,0.3333333333333333,360.55112499999814,0.0,360.55112499999814,0.0,2.2718688308887818,0.5521695912685654,283.481375000003,147.0,0.3333333333333333,0.3333333333333333,0.0,0.3333333333333333,0.0,120.18370833333272
1,pct,0.25,3.0,5,1.0,off,exchange,3,1,2,0.3333333333333333,364.5311250000086,264.1300780625,100.40104693750862,0.28477517472636055,1.2191830176590268,0.1432564942020241,458.06946181249805,147.0,0.3333333333333333,0.3333333333333333,0.0,0.3333333333333333,0.0,33.467015645836206
1,pct,0.25,3.0,5,1.0,off,cfd_std,4,1,3,0.25,265.37237499999173,94.5,170.87237499999173,0.08960487450517218,1.3612074184212077,0.18886498864606976,473.05887500000244,107.0,0.25,0.5,0.0,0.25,0.0,42.718093749997934
1,pct,0.25,3.0,5,1.0,off,cfd_raw,4,1,3,0.25,248.9136250000156,80.0,168.9136250000156,0.07545949823442422,1.3601117770131095,0.18667487035654987,469.0588749999879,107.0,0.25,0.5,0.0,0.25,0.0,42.2284062500039
1,pct,0.25,3.0,5,1.0,bar,none,9,3,6,1.0,1244.6142325046094,0.0,1244.6142325046094,0.0,inf,0.6498632504923857,0.0,12.11111111111111,0.1111111111111111,0.0,0.7777777777777778,0.1111111111111111,0.0,138.29047027828994
1,pct,0.25,3.0,5,1.0,bar,exchange,9,3,6,0.5555555555555556,1246.59923250461,799.2872266741018,447.31200583050827,0.6411741687568752,2.612599850467975,0.2332650046247998,186.85756813790067,12.11111111111111,0.1111111111111111,0.0,0.7777777777777778,0.1111111111111111,0.0,49.701333981167586
1,pct,0.25,3.0,5,1.0,bar,cfd_std,9,3,6,0.6666666666666666,1258.0129825046024,229.5,1028.5129825046024,0.1824305497571925,24.47849013727729,0.5368627339383863,24.429999999993015,12.11111111111111,0.1111111111111111,0.0,0.7777777777777778,0.1111111111111111,0.0,114.27922027828916
1,pct,0.25,3.0,5,1.0,bar,cfd_raw,9,3,6,0.6666666666666666,1252.5542325046117,190.0,1062.5542325046117,0.15169003869802536,37.88578265757084,0.5546832821119408,19.429999999993015,12.11111111111111,0.1111111111111111,0.0,0.7777777777777778,0.1111111111111111,0.0,118.0615813894013
1,pct,0.25,3.0,5,1.0,tick,none,9,3,6,1.0,1333.575144781571,0.0,1333.575144781571,0.0,inf,0.6965584905372784,0.0,10.11111111111111,0.1111111111111111,0.0,0.8888888888888888,0.0,0.0,148.17501608684123
1,pct,0.25,3.0,5,1.0,tick,exchange,9,3,6,0.5555555555555556,1335.5601447815716,799.2483897588024,536.3117550227691,0.5984368378179764,3.3901221528114176,0.27998069056823,148.80697510857135,10.11111111111111,0.1111111111111111,0.0,0.8888888888888888,0.0,0.0,59.5901950025299
1,pct,0.25,3.0,5,1.0,tick,cfd_std,9,3,6,1.0,1346.973894781564,229.5,1117.473894781564,0.17038192120064624,inf,0.583557973983279,0.0,10.11111111111111,0.1111111111111111,0.0,0.8888888888888888,0.0,0.0,124.16376608684044
1,pct,0.25,3.0,5,1.0,tick,cfd_raw,9,3,6,1.0,1341.5151447815733,190.0,1151.5151447815733,0.14163090199845338,inf,0.6013785221568333,0.0,10.11111111111111,0.1111111111111111,0.0,0.8888888888888888,0.0,0.0,127.94612719795259
1,pct,0.25,3.0,5,2.0,off,none,2,1,1,0.0,-424.89102500000445,0.0,-424.89102500000445,0.0,0.0,-1.0000000000000104,424.89102500000445,50.0,0.0,1.0,0.0,0.0,0.0,-212.44551250000222
1,pct,0.25,3.0,5,2.0,off,exchange,2,1,1,0.0,-420.8910249999899,177.95764913750003,-598.84867413749,0.422811698437866,0.0,-1.409414655123747,598.8486741374945,50.0,0.0,1.0,0.0,0.0,0.0,-299.424337068745
1,pct,0.25,3.0,5,2.0,off,cfd_std,2,1,1,0.0,-397.89102500000445,54.0,-451.89102500000445,0.1357155517644546,0.0,-1.0635488154436505,451.89102500000445,48.0,0.0,1.0,0.0,0.0,0.0,-225.94551250000222
1,pct,0.25,3.0,5,2.0,off,cfd_raw,2,1,1,0.0,-408.8910249999899,44.0,-452.8910249999899,0.10760813348740313,0.0,-1.065902061771152,452.8910249999899,48.0,0.0,1.0,0.0,0.0,0.0,-226.44551249999495
1,pct,0.25,3.0,5,2.0,bar,none,2,1,1,1.0,157.92226127498725,0.0,157.92226127498725,0.0,inf,0.3733008492714755,0.0,16.0,0.0,0.0,1.0,0.0,0.0,78.96113063749362
1,pct,0.25,3.0,5,2.0,bar,exchange,2,1,1,0.5,157.92226127498725,178.01484991951432,-20.09258864452707,1.1272308823487538,0.7085681786677351,-0.0456667877440427,68.94438827123668,16.0,0.0,0.0,1.0,0.0,0.0,-10.046294322263535
1,pct,0.25,3.0,5,2.0,bar,cfd_std,2,1,1,0.5,157.92226127498725,54.0,103.92226127498725,0.34194039246924635,17.040383974705087,0.24620507915089082,6.478788876804174,16.0,0.0,0.0,1.0,0.0,0.0,51.961130637493625
1,pct,0.25,3.0,5,2.0,bar,cfd_raw,2,1,1,0.5,157.92226127498725,44.0,113.92226127498725,0.27861809756753403,78.03754272292461,0.26974133287692503,1.478788876804174,16.0,0.0,0.0,1.0,0.0,0.0,56.961130637493625
1,pct,0.25,3.0,5,2.0,tick,none,2,1,1,1.0,119.39580211410066,0.0,119.39580211410066,0.0,inf,0.2818738127141781,0.0,11.5,0.0,0.0,1.0,0.0,0.0,59.69790105705033
1,pct,0.25,3.0,5,2.0,tick,exchange,2,1,1,0.5,119.39580211410066,177.98763668993388,-58.591834575833204,1.4907361359308084,0.039327142853500155,-0.13702950903983238,60.99041327123996,11.5,0.0,0.0,1.0,0.0,0.0,-29.295917287916602
1,pct,0.25,3.0,5,2.0,tick,cfd_std,2,1,1,1.0,119.39580211410066,54.0,65.39580211410066,0.45227720777314157,inf,0.15477804259359343,0.0,11.5,0.0,0.0,1.0,0.0,0.0,32.69790105705033
1,pct,0.25,3.0,5,2.0,tick,cfd_raw,2,1,1,1.0,119.39580211410066,44.0,75.39580211410066,0.3685221692966339,inf,0.17831429631962764,0.0,11.5,0.0,0.0,1.0,0.0,0.0,37.69790105705033
1,pct,0.25,3.0,8,0.5,off,none,4,1,3,0.5,853.8462499999878,0.0,853.8462499999878,0.0,3.025517216675383,0.9999999999999858,211.2013750000042,105.75,0.5,0.5,0.0,0.0,0.0,213.46156249999694
1,pct,0.25,3.0,8,0.5,off,exchange,4,1,3,0.5,861.8162500000035,350.0279455,511.7883045000036,0.20627422876761484,1.861361140781795,0.5959749616190769,297.58232181248604,105.75,0.5,0.5,0.0,0.0,0.0,127.9470761250009
1,pct,0.25,3.0,8,0.5,off,cfd_std,4,1,3,0.5,907.6437500000029,81.0,826.6437500000029,0.04773879171998331,2.8429457882467855,0.96773677940138,224.73512500000652,104.5,0.5,0.5,0.0,0.0,0.0,206.66093750000073
1,pct,0.25,3.0,8,0.5,off,cfd_raw,4,1,3,0.5,885.726250000007,72.0,813.726250000007,0.04243241834404167,2.8101115839845714,0.9525329667983697,225.2213749999937,104.5,0.5,0.5,0.0,0.0,0.0,203.43156250000175
1,pct,0.25,3.0,8,0.5,bar,none,12,4,8,0.9166666666666666,1463.6134285355365,0.0,1463.6134285355365,0.0,116.529072492088,0.5718165074451491,12.668788876806502,11.583333333333334,0.08333333333333333,0.0,0.9166666666666666,0.0,0.0,121.96778571129471
1,pct,0.25,3.0,8,0.5,bar,exchange,12,4,8,0.3333333333333333,1465.598428535537,1067.8118699816023,397.7865585539347,0.7162023490460343,1.9936152381222723,0.15475098640569243,217.15353486665117,11.583333333333334,0.08333333333333333,0.0,0.9166666666666666,0.0,0.0,33.14887987949456
1,pct,0.25,3.0,8,0.5,bar,cfd_std,12,4,8,0.8333333333333334,1577.346042532081,310.5,1266.846042532081,0.1968496396019486,42.5893862195785,0.4946513783725828,30.46080160557176,12.916666666666666,0.08333333333333333,0.0,0.9166666666666666,0.0,0.0,105.57050354434007
1,pct,0.25,3.0,8,0.5,bar,cfd_raw,12,4,8,0.8333333333333334,1571.8872925320902,256.0,1315.8872925320902,0.1628615494356595,65.31259722364719,0.5138607717411453,20.46080160557176,12.916666666666666,0.08333333333333333,0.0,0.9166666666666666,0.0,0.0,109.65727437767418
1,pct,0.25,3.0,8,0.5,tick,none,12,4,8,0.9166666666666666,1320.7761738305271,0.0,1320.7761738305271,0.0,280.8972804910831,0.5167019762250907,4.718788876809413,8.916666666666666,0.08333333333333333,0.0,0.9166666666666666,0.0,0.0,110.06468115254393
1,pct,0.25,3.0,8,0.5,tick,exchange,12,4,8,0.4166666666666667,1322.7611738305277,1067.8433344162106,254.91783941431717,0.8015645812206436,1.711915548098295,0.0996245174730399,317.033232111673,8.916666666666666,0.08333333333333333,0.0,0.9166666666666666,0.0,0.0,21.243153284526432
1,pct,0.25,3.0,8,0.5,tick,cfd_std,12,4,8,0.9166666666666666,1384.84749656645,310.5,1074.34749656645,0.22421241383606827,140.47160241756737,0.4201627290994012,7.702983818526263,10.083333333333334,0.08333333333333333,0.0,0.9166666666666666,0.0,0.0,89.52895804720417
1,pct,0.25,3.0,8,0.5,tick,cfd_raw,12,4,8,0.8333333333333334,1328.7161738305294,256.0,1072.7161738305294,0.1913083602664785,37.45994362537477,0.419603478090812,26.718788876809413,8.916666666666666,0.08333333333333333,0.0,0.9166666666666666,0.0,0.0,89.39301448587746
1,pct,0.25,3.0,8,1.0,off,none,4,2,2,0.25,5.3646999999909895,0.0,5.3646999999909895,0.0,1.0084318227398008,-1.0602629885170245e-14,421.5448000000033,40.75,0.25,0.75,0.0,0.0,0.0,1.3411749999977474
1,pct,0.25,3.0,8,1.0,off,exchange,4,2,2,0.25,13.344700000016019,353.616056675,-340.271356674984,0.2775977242691141,0.6205040876518119,-0.4065954627569944,594.1622860249918,40.75,0.25,0.75,0.0,0.0,0.0,-85.067839168746
1,pct,0.25,3.0,8,1.0,off,cfd_std,4,2,2,0.25,59.22969999999623,94.5,-35.27030000000377,0.07555249259265817,0.9478849900813082,-0.04790232752068707,448.5448000000033,39.5,0.25,0.75,0.0,0.0,0.0,-8.817575000000943
1,pct,0.25,3.0,8,1.0,off,cfd_raw,4,2,2,0.25,37.28470000001835,80.0,-42.71529999998165,0.06340081160964016,0.9370226419078127,-0.056620108069019015,449.54479999998875,39.5,0.25,0.75,0.0,0.0,0.0,-10.678824999995413
1,pct,0.25,3.0,8,1.0,bar,none,5,3,2,1.0,924.968394683252,0.0,924.968394683252,0.0,inf,0.8685674363706528,0.0,11.2,0.2,0.0,0.8,0.0,0.0,184.99367893665038
1,pct,0.25,3.0,8,1.0,bar,exchange,5,3,2,0.4,926.9533946832526,442.00986959301247,484.9435250902401,0.4768415242106652,5.031879323966761,0.45366140928475324,75.78470887815638,11.2,0.2,0.0,0.8,0.0,0.0,96.98870501804802
1,pct,0.25,3.0,8,1.0,bar,cfd_std,5,3,2,0.8,938.367144683245,121.5,816.867144683245,0.129480236694576,64.33374824877268,0.7664297113862538,12.897817787044914,11.2,0.2,0.0,0.8,0.0,0.0,163.373428936649
1,pct,0.25,3.0,8,1.0,bar,cfd_raw,5,3,2,0.8,932.9083946832543,102.0,830.9083946832543,0.1093354937969355,106.20733917744018,0.7797542527629483,7.897817787044914,11.2,0.2,0.0,0.8,0.0,0.0,166.18167893665085
1,pct,0.25,3.0,8,1.0,tick,none,5,3,2,1.0,968.9290897015308,0.0,968.9290897015308,0.0,inf,0.9101749085062755,0.0,9.2,0.2,0.0,0.8,0.0,0.0,193.78581794030615
1,pct,0.25,3.0,8,1.0,tick,exchange,5,3,2,0.8,970.9140897015313,441.9935327863425,528.920556915189,0.4552344408991075,10.12819099380903,0.49528451063121787,57.94363387816702,9.2,0.2,0.0,0.8,0.0,0.0,105.7841113830378
1,pct,0.25,3.0,8,1.0,tick,cfd_std,5,3,2,1.0,982.3278397015238,121.5,860.8278397015238,0.12368579519940845,inf,0.8080371835218767,0.0,9.2,0.2,0.0,0.8,0.0,0.0,172.16556794030475
1,pct,0.25,3.0,8,1.0,tick,cfd_raw,5,3,2,1.0,976.8690897015331,102.0,874.8690897015331,0.10441521906601066,inf,0.821361724898571,0.0,9.2,0.2,0.0,0.8,0.0,0.0,174.97381794030662
1,pct,0.25,3.0,8,2.0,off,none,1,1,0,0.0,-211.2013750000042,0.0,-211.2013750000042,0.0,0.0,-1.0000000000000198,211.2013750000042,56.0,0.0,1.0,0.0,0.0,0.0,-211.2013750000042
1,pct,0.25,3.0,8,2.0,off,exchange,1,1,0,0.0,-209.2063749999943,88.3759468125,-297.5823218124943,0.4224342915578094,0.0,-1.4089980323873093,297.5823218125006,56.0,0.0,1.0,0.0,0.0,0.0,-297.5823218124943
1,pct,0.25,3.0,8,2.0,off,cfd_std,1,1,0,0.0,-197.73512500000652,27.0,-224.73512500000652,0.13654630152330857,0.0,-1.0640798384954004,224.73512500000652,52.0,0.0,1.0,0.0,0.0,0.0,-224.73512500000652
1,pct,0.25,3.0,8,2.0,off,cfd_raw,1,1,0,0.0,-203.2213749999937,22.0,-225.2213749999937,0.10825632884336443,0.0,-1.066382143582132,225.2213749999937,52.0,0.0,1.0,0.0,0.0,0.0,-225.2213749999937
1,pct,0.25,3.0,8,2.0,bar,none,1,1,0,1.0,137.40105015179142,0.0,137.40105015179142,0.0,inf,0.6505689186530694,0.0,27.0,0.0,0.0,1.0,0.0,0.0,137.40105015179142
1,pct,0.25,3.0,8,2.0,bar,exchange,1,1,0,1.0,137.40105015179142,88.5492505250759,48.85179962671552,0.6444583242067848,inf,0.23130436355689216,0.0,27.0,0.0,0.0,1.0,0.0,0.0,48.85179962671552
1,pct,0.25,3.0,8,2.0,bar,cfd_std,1,1,0,1.0,137.40105015179142,27.0,110.40105015179142,0.19650504832511992,inf,0.522728841854327,0.0,27.0,0.0,0.0,1.0,0.0,0.0,110.40105015179142
1,pct,0.25,3.0,8,2.0,bar,cfd_raw,1,1,0,1.0,137.40105015179142,22.0,115.40105015179142,0.16011522456120883,inf,0.5464029301503904,0.0,27.0,0.0,0.0,1.0,0.0,0.0,115.40105015179142
1,pct,0.25,3.0,8,2.0,tick,none,1,1,0,1.0,90.92459099090775,0.0,90.92459099090775,0.0,inf,0.43051135908044036,0.0,19.0,0.0,0.0,1.0,0.0,0.0,90.92459099090775
1,pct,0.25,3.0,8,2.0,tick,exchange,1,1,0,1.0,90.92459099090775,88.52601229549546,2.398578695412283,0.9736201321416762,inf,0.011356832764049396,0.0,19.0,0.0,0.0,1.0,0.0,0.0,2.398578695412283
1,pct,0.25,3.0,8,2.0,tick,cfd_std,1,1,0,1.0,90.92459099090775,27.0,63.924590990907745,0.29694936986518794,inf,0.30267128228169793,0.0,19.0,0.0,0.0,1.0,0.0,0.0,63.924590990907745
1,pct,0.25,3.0,8,2.0,tick,cfd_raw,1,1,0,1.0,90.92459099090775,22.0,68.92459099090775,0.24195874581607907,inf,0.32634537057776136,0.0,19.0,0.0,0.0,1.0,0.0,0.0,68.92459099090775
1,pct,0.5,1.0,3,0.5,off,none,7,4,3,0.42857142857142855,-687.083300000013,0.0,-687.083300000013,0.0,0.5957602925587544,-0.23050549312535087,851.6739000000089,62.57142857142857,0.2857142857142857,0.5714285714285714,0.0,0.14285714285714285,0.0,-98.154757142859
1,pct,0.5,1.0,3,0.5,off,exchange,7,4,3,0.42857142857142855,-675.1233000000066,617.2702933,-1292.3935933000066,0.2279178052212928,0.36870867584107725,-0.43430917682883124,1366.701548300014,62.57142857142857,0.2857142857142857,0.5714285714285714,0.0,0.14285714285714285,0.0,-184.62765618571524
1,pct,0.5,1.0,3,0.5,off,cfd_std,6,4,2,0.5,-201.18639999997686,135.0,-336.18639999997686,0.05920701284700093,0.7456333824218365,-0.128901961263422,892.4438999999838,72.0,0.3333333333333333,0.5,0.0,0.16666666666666666,0.0,-56.03106666666281
1,pct,0.5,1.0,3,0.5,off,cfd_raw,6,4,2,0.5,-228.54889999999432,116.0,-344.5488999999943,0.050752364425777734,0.739585414575036,-0.1321570823351392,899.8338999999978,72.0,0.3333333333333333,0.5,0.0,0.16666666666666666,0.0,-57.42481666666572
1,pct,0.5,1.0,3,0.5,bar,none,21,12,9,0.8095238095238095,1456.6597452602582,0.0,1456.6597452602582,0.0,4.204530502125474,0.1637456302400923,430.9661000000051,12.666666666666666,0.047619047619047616,0.047619047619047616,0.8571428571428571,0.047619047619047616,0.0,69.364749774298
1,pct,0.5,1.0,3,0.5,bar,exchange,21,12,9,0.47619047619047616,1460.6397452602541,1872.4583829031785,-411.8186376429243,0.7914744628874977,0.6832417163279546,-0.04490054367063262,1005.9312282837782,12.666666666666666,0.047619047619047616,0.047619047619047616,0.8571428571428571,0.047619047619047616,0.0,-19.610411316329728
1,pct,0.5,1.0,3,0.5,bar,cfd_std,16,9,7,0.75,1302.3081992154475,418.5,883.8081992154475,0.19538950766721322,2.6829849310684577,0.13093685096045538,471.46321170289593,19.3125,0.0625,0.0625,0.8125,0.0625,0.0,55.23801245096547
1,pct,0.5,1.0,3,0.5,bar,cfd_raw,18,10,8,0.7222222222222222,1360.0880877695745,388.0,972.0880877695745,0.17375380316214736,2.7874592843391377,0.127896643944155,493.40022881355253,15.722222222222221,0.05555555555555555,0.05555555555555555,0.8333333333333334,0.05555555555555555,0.0,54.00489376497636
1,pct,0.5,1.0,3,0.5,tick,none,25,15,10,0.8,1076.8800306623598,0.0,1076.8800306623598,0.0,3.1898570435810085,0.10166600927483263,430.9661000000051,8.84,0.04,0.04,0.92,0.0,0.0,43.07520122649439
1,pct,0.5,1.0,3,0.5,tick,exchange,24,14,10,0.20833333333333334,1109.181183184759,2139.13328922988,-1029.9521060451211,1.0358320989168814,0.34884105493631157,-0.10011632011986461,1177.8644842226786,9.25,0.041666666666666664,0.041666666666666664,0.9166666666666666,0.0,0.0,-42.91467108521338
1,pct,0.5,1.0,3,0.5,tick,cfd_std,21,12,9,0.6666666666666666,680.3439462533861,553.5,126.8439462533861,0.23512689555704733,1.127455980497232,0.014264174038241373,487.2627049262519,11.0,0.047619047619047616,0.09523809523809523,0.8571428571428571,0.0,0.0,6.040187916827909
1,pct,0.5,1.0,3,0.5,tick,cfd_raw,21,12,9,0.6666666666666666,663.9264462533756,454.0,209.92644625337562,0.19241197461662804,1.216164283070873,0.02355668977549073,472.7352049262554,11.0,0.047619047619047616,0.09523809523809523,0.8571428571428571,0.0,0.0,9.996497440636935
1,pct,0.5,1.0,3,1.0,off,none,7,4,3,0.42857142857142855,-687.434350000025,0.0,-687.434350000025,0.0,0.5955824859609495,-0.23050549312535493,852.0249500000209,53.857142857142854,0.2857142857142857,0.5714285714285714,0.0,0.14285714285714285,0.0,-98.20490714286072
1,pct,0.5,1.0,3,1.0,off,exchange,7,4,3,0.42857142857142855,-675.474350000004,617.2484380750001,-1292.7227880750042,0.22791895475936597,0.36859254679560033,-0.4343089885243971,1367.0307430750108,53.857142857142854,0.2857142857142857,0.5714285714285714,0.0,0.14285714285714285,0.0,-184.67468401071488
1,pct,0.5,1.0,3,1.0,off,cfd_std,6,4,2,0.5,-201.53744999997434,135.0,-336.53744999997434,0.059209857607967785,0.7453910313171423,-0.12890048191157563,892.7949499999813,61.833333333333336,0.3333333333333333,0.5,0.0,0.16666666666666666,0.0,-56.089574999995726
1,pct,0.5,1.0,3,1.0,off,cfd_raw,6,4,2,0.5,-228.8999499999918,116.0,-344.8999499999918,0.050754797121371584,0.7393438750071759,-0.1321567956074693,900.1849499999953,61.833333333333336,0.3333333333333333,0.5,0.0,0.16666666666666666,0.0,-57.483324999998636
1,pct,0.5,1.0,3,1.0,bar,none,12,7,5,0.8333333333333334,226.16086975125654,0.0,226.16086975125654,0.0,1.2661653956320549,0.04418600336715891,430.9661000000051,13.666666666666666,0.08333333333333333,0.16666666666666666,0.6666666666666666,0.08333333333333333,0.0,18.846739145938045
1,pct,0.5,1.0,3,1.0,bar,exchange,12,7,5,0.4166666666666667,232.15086975124723,1067.498200414365,-835.3473306631179,0.5549620039892174,0.3817306523128402,-0.16363406426287394,857.8868171235081,13.666666666666666,0.08333333333333333,0.16666666666666666,0.6666666666666666,0.08333333333333333,0.0,-69.61227755525982
1,pct,0.5,1.0,3,1.0,bar,cfd_std,12,7,5,0.5833333333333334,266.59336975126644,310.5,-43.90663024873356,0.1623958756951758,0.953338370534234,-0.008706813690111961,471.46321170289593,13.666666666666666,0.08333333333333333,0.16666666666666666,0.6666666666666666,0.08333333333333333,0.0,-3.6588858540611304
1,pct,0.5,1.0,3,1.0,bar,cfd_raw,12,7,5,0.5833333333333334,250.12086975126294,256.0,-5.879130248737056,0.13350564811717636,0.9936576083318343,-0.001255075190750459,466.9357117028994,13.666666666666666,0.08333333333333333,0.16666666666666666,0.6666666666666666,0.08333333333333333,0.0,-0.489927520728088
1,pct,0.5,1.0,3,1.0,tick,none,12,7,5,0.8333333333333334,286.1594611907931,0.0,286.1594611907931,0.0,1.3367768539512346,0.05604267839754872,430.9661000000051,11.75,0.08333333333333333,0.16666666666666666,0.75,0.0,0.0,23.846621765899425
1,pct,0.5,1.0,3,1.0,tick,exchange,12,7,5,0.4166666666666667,292.14946119078377,1067.4552217569671,-775.3057605661834,0.538153801802519,0.4157741595709808,-0.15176890890679293,856.9113113645435,11.75,0.08333333333333333,0.16666666666666666,0.75,0.0,0.0,-64.60881338051529
1,pct,0.5,1.0,3,1.0,tick,cfd_std,12,7,5,0.6666666666666666,326.591961190803,310.5,16.091961190802976,0.1574549230705696,1.0176192904441583,0.0031498613402778353,471.0332117029029,11.75,0.08333333333333333,0.16666666666666666,0.75,0.0,0.0,1.340996765900248
1,pct,0.5,1.0,3,1.0,tick,cfd_raw,12,7,5,0.6666666666666666,310.1194611907995,256.0,54.119461190799484,0.12945504485240428,1.059845811244191,0.010601599839639356,466.5057117029064,11.75,0.08333333333333333,0.16666666666666666,0.75,0.0,0.0,4.509955099233291
1,pct,0.5,1.0,3,2.0,off,none,1,1,0,0.0,-422.3775500000047,0.0,-422.3775500000047,0.0,0.0,-1.000000000000011,422.3775500000047,63.0,0.0,1.0,0.0,0.0,0.0,-422.3775500000047
1,pct,0.5,1.0,3,2.0,off,exchange,1,1,0,0.0,-420.38754999999946,88.26531622499999,-508.65286622499946,0.2099617750930067,0.0,-1.2042611313622125,508.6528662250057,63.0,0.0,1.0,0.0,0.0,0.0,-508.65286622499946
1,pct,0.5,1.0,3,2.0,off,cfd_std,1,1,0,0.0,-408.9450499999948,27.0,-435.9450499999948,0.06602354032650681,0.0,-1.032121735636742,435.9450499999948,63.0,0.0,1.0,0.0,0.0,0.0,-435.9450499999948
1,pct,0.5,1.0,3,2.0,off,cfd_raw,1,1,0,0.0,-414.4175499999983,22.0,-436.4175499999983,0.05308655485270856,0.0,-1.0332404030469855,436.4175499999983,63.0,0.0,1.0,0.0,0.0,0.0,-436.4175499999983
1,pct,0.5,1.0,3,2.0,bar,none,1,1,0,1.0,142.44105015179957,0.0,142.44105015179957,0.0,inf,0.337236318908994,0.0,27.0,0.0,0.0,1.0,0.0,0.0,142.44105015179957
1,pct,0.5,1.0,3,2.0,bar,exchange,1,1,0,1.0,142.44105015179957,88.5467305250759,53.89431962672367,0.6216377261380168,inf,0.1275975004512519,0.0,27.0,0.0,0.0,1.0,0.0,0.0,53.89431962672367
1,pct,0.5,1.0,3,2.0,bar,cfd_std,1,1,0,1.0,142.44105015179957,27.0,115.44105015179957,0.18955209871891615,inf,0.2733124668955525,0.0,27.0,0.0,0.0,1.0,0.0,0.0,115.44105015179957
1,pct,0.5,1.0,3,2.0,bar,cfd_raw,1,1,0,1.0,142.44105015179957,22.0,120.44105015179957,0.15444985821541315,inf,0.28515021726841205,0.0,27.0,0.0,0.0,1.0,0.0,0.0,120.44105015179957
1,pct,0.5,1.0,3,2.0,tick,none,1,1,0,1.0,95.9645909909159,0.0,95.9645909909159,0.0,inf,0.22720097455680563,0.0,19.0,0.0,0.0,1.0,0.0,0.0,95.9645909909159
1,pct,0.5,1.0,3,2.0,tick,exchange,1,1,0,1.0,95.9645909909159,88.52349229549546,7.441098695420436,0.9224599550877592,inf,0.017617173771239586,0.0,19.0,0.0,0.0,1.0,0.0,0.0,7.441098695420436
1,pct,0.5,1.0,3,2.0,tick,cfd_std,1,1,0,1.0,95.9645909909159,27.0,68.9645909909159,0.28135377560829544,inf,0.1632771225433641,0.0,19.0,0.0,0.0,1.0,0.0,0.0,68.9645909909159
1,pct,0.5,1.0,3,2.0,tick,cfd_raw,1,1,0,1.0,95.9645909909159,22.0,73.9645909909159,0.22925122456972222,inf,0.17511487291622363,0.0,19.0,0.0,0.0,1.0,0.0,0.0,73.9645909909159
1,pct,0.5,1.0,5,0.5,off,none,6,3,3,0.6666666666666666,593.1531499999983,0.0,593.1531499999983,0.0,1.6976691927022927,0.23107692468709498,850.1925499999925,68.16666666666667,0.5,0.3333333333333333,0.0,0.16666666666666666,0.0,98.85885833333305
1,pct,0.5,1.0,5,0.5,off,exchange,6,3,3,0.6666666666666666,603.1031500000099,527.306165875,75.79698412500997,0.2297101618657925,1.074032930874018,0.0282892776867712,1023.8279537250055,68.16666666666667,0.5,0.3333333333333333,0.0,0.16666666666666666,0.0,12.632830687501661
1,pct,0.5,1.0,5,0.5,off,cfd_std,6,3,3,0.6666666666666666,660.3156500000041,121.5,538.8156500000041,0.052666467487721545,1.614155625228004,0.20965468710097088,877.3275500000018,69.16666666666667,0.5,0.3333333333333333,0.0,0.16666666666666666,0.0,89.80260833333402
1,pct,0.5,1.0,5,0.5,off,cfd_raw,6,3,3,0.6666666666666666,632.9531500000012,108.0,524.9531500000012,0.046925953560902824,1.5977109839081227,0.20427141892258902,878.2725500000088,69.16666666666667,0.5,0.3333333333333333,0.0,0.16666666666666666,0.0,87.49219166666687
1,pct,0.5,1.0,5,0.5,bar,none,14,6,8,0.9285714285714286,1870.7216782726318,0.0,1870.7216782726318,0.0,167.69937648152165,0.3131544799635292,11.222127627333975,17.357142857142858,0.14285714285714285,0.0,0.7857142857142857,0.07142857142857142,0.0,133.6229770194737
1,pct,0.5,1.0,5,0.5,bar,exchange,14,6,8,0.5714285714285714,1874.7016782726278,1244.438018752783,630.2636595198449,0.6559527112598258,2.4830896792380415,0.10518297959334391,218.97833643018384,17.357142857142858,0.14285714285714285,0.0,0.7857142857142857,0.07142857142857142,0.0,45.01883282284606
1,pct,0.5,1.0,5,0.5,bar,cfd_std,12,5,7,0.9166666666666666,1845.3917897184874,297.0,1548.3917897184874,0.16094143349651893,64.3807527514912,0.3022100855372607,24.429999999993015,23.416666666666668,0.16666666666666666,0.0,0.75,0.08333333333333333,0.0,129.0326491432073
1,pct,0.5,1.0,5,0.5,bar,cfd_raw,14,6,8,0.7857142857142857,1886.64167827263,292.0,1594.64167827263,0.15295277958519654,27.335972185602202,0.2668267611070279,33.222127627333975,17.357142857142858,0.14285714285714285,0.0,0.7857142857142857,0.07142857142857142,0.0,113.90297701947358
1,pct,0.5,1.0,5,0.5,tick,none,16,8,8,0.875,1427.7339835504536,0.0,1427.7339835504536,0.0,35.94772203737234,0.20948987799489815,29.768592422246,13.125,0.0625,0.0,0.9375,0.0,0.0,89.23337397190335
1,pct,0.5,1.0,5,0.5,tick,exchange,16,8,8,0.375,1429.7239835504442,1423.4281513016183,6.295832248825832,0.9417752557378013,1.0099844349956992,0.0007155734623575313,327.1673380252905,13.125,0.0625,0.0,0.9375,0.0,0.0,0.3934895155516145
1,pct,0.5,1.0,5,0.5,tick,cfd_std,16,8,8,0.8125,1141.5808595561248,418.5,723.0808595561248,0.21394997172535782,2.5432693853215658,0.10526863764276483,448.16180730311316,12.5625,0.0625,0.0625,0.875,0.0,0.0,45.1925537222578
1,pct,0.5,1.0,5,0.5,tick,cfd_raw,16,8,8,0.75,1052.748125972692,344.0,708.7481259726919,0.18101960196992994,2.4402649470085365,0.10322373745098021,443.63430730311666,12.4375,0.0625,0.0625,0.875,0.0,0.0,44.296757873293245
1,pct,0.5,1.0,5,1.0,off,none,6,2,4,0.6666666666666666,590.6373500000045,0.0,590.6373500000045,0.0,1.6950456884797795,0.23107692468709742,427.3793000000005,62.833333333333336,0.5,0.3333333333333333,0.0,0.16666666666666666,0.0,98.43955833333409
1,pct,0.5,1.0,5,1.0,off,exchange,6,2,4,0.6666666666666666,600.6073499999911,527.065853575,73.54149642499104,0.2299417234147114,1.071836041400188,0.02813041670765948,681.3435535750177,62.833333333333336,0.5,0.3333333333333333,0.0,0.16666666666666666,0.0,12.25691607083184
1,pct,0.5,1.0,5,1.0,off,cfd_std,6,2,4,0.6666666666666666,657.9348500000197,121.5,536.4348500000197,0.05274584561890057,1.6118223451312936,0.2097020777081263,449.11014999999315,63.833333333333336,0.5,0.3333333333333333,0.0,0.16666666666666666,0.0,89.40580833333661
1,pct,0.5,1.0,5,1.0,off,cfd_raw,6,2,4,0.6666666666666666,630.5173499999946,108.0,522.5173499999946,0.04699572332390543,1.5952700331477379,0.2042813715296825,456.0826500000112,63.833333333333336,0.5,0.3333333333333333,0.0,0.16666666666666666,0.0,87.0862249999991
1,pct,0.5,1.0,5,1.0,bar,none,9,3,6,1.0,1030.7445325046137,0.0,1030.7445325046137,0.0,inf,0.2693760696906384,0.0,11.88888888888889,0.1111111111111111,0.0,0.7777777777777778,0.1111111111111111,0.0,114.52717027829041
1,pct,0.5,1.0,5,1.0,bar,exchange,9,3,6,0.5555555555555556,1032.7345325046044,799.3941590241018,233.3403734805025,0.7740558041430049,1.841212948631159,0.061050468446295234,186.85756813790067,11.88888888888889,0.1111111111111111,0.0,0.7777777777777778,0.1111111111111111,0.0,25.92670816450028
1,pct,0.5,1.0,5,1.0,bar,cfd_std,9,3,6,0.6666666666666666,1044.177032504609,229.5,814.6770325046091,0.21979031606308289,19.597127112724806,0.21288457843393255,24.429999999993015,11.88888888888889,0.1111111111111111,0.0,0.7777777777777778,0.1111111111111111,0.0,90.5196702782899
1,pct,0.5,1.0,5,1.0,bar,cfd_raw,9,3,6,0.6666666666666666,1038.7045325046056,190.0,848.7045325046056,0.1829201606946464,30.462148819142065,0.22179128077169818,19.429999999993015,11.88888888888889,0.1111111111111111,0.0,0.7777777777777778,0.1111111111111111,0.0,94.30050361162284
1,pct,0.5,1.0,5,1.0,tick,none,9,3,6,1.0,1119.7054447815754,0.0,1119.7054447815754,0.0,inf,0.2927236897130847,0.0,9.88888888888889,0.1111111111111111,0.0,0.8888888888888888,0.0,0.0,124.41171608684171
1,pct,0.5,1.0,5,1.0,tick,exchange,9,3,6,0.5555555555555556,1121.695444781566,799.3553221088024,322.3401226727635,0.7126313348490644,2.4365380969645414,0.08440831141801033,148.80697510857135,9.88888888888889,0.1111111111111111,0.0,0.8888888888888888,0.0,0.0,35.815569185862614
1,pct,0.5,1.0,5,1.0,tick,cfd_std,9,3,6,1.0,1133.1379447815707,229.5,903.6379447815707,0.20253491735663265,inf,0.2362321984563789,0.0,9.88888888888889,0.1111111111111111,0.0,0.8888888888888888,0.0,0.0,100.40421608684119
1,pct,0.5,1.0,5,1.0,tick,cfd_raw,9,3,6,1.0,1127.6654447815672,190.0,937.6654447815672,0.1684896889225897,inf,0.2451389007941444,0.0,9.88888888888889,0.1111111111111111,0.0,0.8888888888888888,0.0,0.0,104.18504942017414
1,pct,0.5,1.0,5,2.0,off,none,2,1,1,0.0,-849.7820499999943,0.0,-849.7820499999943,0.0,0.0,-0.9999999999999932,849.7820499999943,67.5,0.0,1.0,0.0,0.0,0.0,-424.89102499999717
1,pct,0.5,1.0,5,2.0,off,exchange,2,1,1,0.0,-845.7820500000089,177.95888827500002,-1023.740938275009,0.21040750187947138,0.0,-1.2047073905951176,1023.7409382750047,67.5,0.0,1.0,0.0,0.0,0.0,-511.8704691375045
1,pct,0.5,1.0,5,2.0,off,cfd_std,2,1,1,0.0,-822.7820499999943,54.0,-876.7820499999943,0.06563098939749643,0.0,-1.0317748729134872,876.7820499999943,67.5,0.0,1.0,0.0,0.0,0.0,-438.39102499999717
1,pct,0.5,1.0,5,2.0,off,cfd_raw,2,1,1,0.0,-833.7820500000089,44.0,-877.7820500000089,0.052771584612548966,0.0,-1.0329513065547382,877.7820500000089,67.5,0.0,1.0,0.0,0.0,0.0,-438.89102500000445
1,pct,0.5,1.0,5,2.0,bar,none,2,1,1,1.0,157.92226127498725,0.0,157.92226127498725,0.0,inf,0.18665042463573775,0.0,16.0,0.0,0.0,1.0,0.0,0.0,78.96113063749362
1,pct,0.5,1.0,5,2.0,bar,exchange,2,1,1,0.5,157.92226127498725,178.01484991951432,-20.09258864452707,1.1272308823487538,0.7085681786677351,-0.02283339387202135,68.94438827123668,16.0,0.0,0.0,1.0,0.0,0.0,-10.046294322263535
1,pct,0.5,1.0,5,2.0,bar,cfd_std,2,1,1,0.5,157.92226127498725,54.0,103.92226127498725,0.34194039246924635,17.040383974705087,0.12310253957544541,6.478788876804174,16.0,0.0,0.0,1.0,0.0,0.0,51.961130637493625
1,pct,0.5,1.0,5,2.0,bar,cfd_raw,2,1,1,0.5,157.92226127498725,44.0,113.92226127498725,0.27861809756753403,78.03754272292461,0.13487066643846252,1.478788876804174,16.0,0.0,0.0,1.0,0.0,0.0,56.961130637493625
1,pct,0.5,1.0,5,2.0,tick,none,2,1,1,1.0,119.39580211410066,0.0,119.39580211410066,0.0,inf,0.14093690635708905,0.0,11.5,0.0,0.0,1.0,0.0,0.0,59.69790105705033
1,pct,0.5,1.0,5,2.0,tick,exchange,2,1,1,0.5,119.39580211410066,177.98763668993388,-58.591834575833204,1.4907361359308084,0.039327142853500155,-0.06851475451991619,60.99041327123996,11.5,0.0,0.0,1.0,0.0,0.0,-29.295917287916602
1,pct,0.5,1.0,5,2.0,tick,cfd_std,2,1,1,1.0,119.39580211410066,54.0,65.39580211410066,0.45227720777314157,inf,0.07738902129679671,0.0,11.5,0.0,0.0,1.0,0.0,0.0,32.69790105705033
1,pct,0.5,1.0,5,2.0,tick,cfd_raw,2,1,1,1.0,119.39580211410066,44.0,75.39580211410066,0.3685221692966339,inf,0.08915714815981382,0.0,11.5,0.0,0.0,1.0,0.0,0.0,37.69790105705033
1,pct,0.5,1.0,8,0.5,off,none,6,2,4,0.6666666666666666,465.1246000000101,0.0,465.1246000000101,0.0,1.5474526671516824,0.1813251193745555,427.21335000000545,65.16666666666667,0.5,0.3333333333333333,0.0,0.16666666666666666,0.0,77.52076666666835
1,pct,0.5,1.0,8,0.5,off,exchange,5,1,4,0.4,-90.52225000000908,441.088208375,-531.6104583750091,0.24335499028581617,0.5634099014485153,-0.25396860919507763,875.2446556000068,84.2,0.4,0.4,0.0,0.2,0.0,-106.32209167500181
1,pct,0.5,1.0,8,0.5,off,cfd_std,5,1,4,0.4,-44.63724999999977,108.0,-152.63724999999977,0.059589003059150256,0.8488030671024758,-0.07596254253973651,581.8542000000016,80.2,0.4,0.4,0.0,0.2,0.0,-30.527449999999952
1,pct,0.5,1.0,8,0.5,off,cfd_raw,5,1,4,0.4,-66.58225000000675,94.0,-160.58225000000675,0.05186292881710953,0.8403002666962038,-0.0796312723654948,583.8267000000051,80.4,0.4,0.4,0.0,0.2,0.0,-32.11645000000135
1,pct,0.5,1.0,8,0.5,bar,none,12,4,8,0.9166666666666666,1249.7437285355409,0.0,1249.7437285355409,0.0,99.64745088802611,0.2442415870559088,12.668788876806502,11.416666666666666,0.08333333333333333,0.0,0.9166666666666666,0.0,0.0,104.14531071129507
1,pct,0.5,1.0,8,0.5,bar,exchange,12,4,8,0.3333333333333333,1251.7337285355316,1067.9188023316024,183.81492620392922,0.8362248819407837,1.4591440000750584,0.03568896780326776,217.15353486665117,11.416666666666666,0.08333333333333333,0.0,0.9166666666666666,0.0,0.0,15.317910516994102
1,pct,0.5,1.0,8,0.5,bar,cfd_std,12,4,8,0.8333333333333334,1363.5100925320876,310.5,1053.0100925320876,0.2277210867015955,35.569349361425715,0.20566559778484597,30.46080160557176,12.75,0.08333333333333333,0.0,0.9166666666666666,0.0,0.0,87.75084104434063
1,pct,0.5,1.0,8,0.5,bar,cfd_raw,12,4,8,0.8333333333333334,1358.037592532084,256.0,1102.037592532084,0.18850730009813915,54.8609197125485,0.21526761565736843,20.46080160557176,12.75,0.08333333333333333,0.0,0.9166666666666666,0.0,0.0,91.83646604434034
1,pct,0.5,1.0,8,0.5,tick,none,12,4,8,0.9166666666666666,1106.9064738305315,0.0,1106.9064738305315,0.0,235.5742737655517,0.21668432144587954,4.718788876809413,8.75,0.08333333333333333,0.0,0.9166666666666666,0.0,0.0,92.24220615254428
1,pct,0.5,1.0,8,0.5,tick,exchange,12,4,8,0.4166666666666667,1108.8964738305222,1067.9502667662105,40.946207064311594,0.9549474642692307,1.114351516205023,0.008125733336941457,317.033232111673,8.75,0.08333333333333333,0.0,0.9166666666666666,0.0,0.0,3.412183922025966
1,pct,0.5,1.0,8,0.5,tick,cfd_std,12,4,8,0.9166666666666666,1171.0115465664567,310.5,860.5115465664567,0.2651553700818941,112.71145712351891,0.16842127314825514,7.702983818526263,9.916666666666666,0.08333333333333333,0.0,0.9166666666666666,0.0,0.0,71.70929554720472
1,pct,0.5,1.0,8,0.5,tick,cfd_raw,12,4,8,0.8333333333333334,1114.8664738305233,256.0,858.8664738305233,0.2276964132961155,30.191527061409257,0.16813896883220178,26.718788876809413,8.75,0.08333333333333333,0.0,0.9166666666666666,0.0,0.0,71.57220615254361
1,pct,0.5,1.0,8,1.0,off,none,5,3,2,0.6,33.65430000000924,0.0,33.65430000000924,0.0,1.0395095362249518,0.01759014324946622,429.39919999999984,35.0,0.4,0.4,0.0,0.2,0.0,6.730860000001849
1,pct,0.5,1.0,8,1.0,off,exchange,4,2,2,0.25,-524.0025500000047,353.45881932500004,-877.4613693250049,0.25548875602849375,0.2806860905578081,-0.517337983265141,877.4613693249994,51.25,0.25,0.5,0.0,0.25,0.0,-219.3653423312512
1,pct,0.5,1.0,8,1.0,off,cfd_std,4,2,2,0.25,-489.6750500000053,94.5,-584.1750500000053,0.06887660472011699,0.422664613457597,-0.34495245283867293,584.1750500000053,48.75,0.25,0.5,0.0,0.25,0.0,-146.04376250000132
1,pct,0.5,1.0,8,1.0,off,cfd_raw,4,2,2,0.25,-506.0925500000012,80.0,-586.0925500000012,0.05807658973684314,0.41843894466511483,-0.34602660063081936,586.0925500000012,51.25,0.25,0.5,0.0,0.25,0.0,-146.5231375000003
1,pct,0.5,1.0,8,1.0,bar,none,5,3,2,1.0,711.0986946832563,0.0,711.0986946832563,0.0,inf,0.3342837181853285,0.0,10.8,0.2,0.0,0.8,0.0,0.0,142.21973893665125
1,pct,0.5,1.0,8,1.0,bar,exchange,5,3,2,0.4,713.088694683247,442.11680194301255,270.97189274023447,0.620002539991747,3.252893203414127,0.12678304368338827,75.78470887815638,10.8,0.2,0.0,0.8,0.0,0.0,54.19437854804689
1,pct,0.5,1.0,8,1.0,bar,cfd_std,5,3,2,0.8,724.5311946832517,121.5,603.0311946832517,0.16769464295200842,47.75451340993206,0.28323063632965784,12.897817787044914,10.8,0.2,0.0,0.8,0.0,0.0,120.60623893665033
1,pct,0.5,1.0,8,1.0,bar,cfd_raw,5,3,2,0.8,719.0586946832482,102.0,617.0586946832482,0.14185211965892702,79.13027741605188,0.28988647786978405,7.897817787044914,10.8,0.2,0.0,0.8,0.0,0.0,123.41173893664964
1,pct,0.5,1.0,8,1.0,tick,none,5,3,2,1.0,755.0593897015351,0.0,755.0593897015351,0.0,inf,0.3550874542531398,0.0,8.8,0.2,0.0,0.8,0.0,0.0,151.01187794030702
1,pct,0.5,1.0,8,1.0,tick,exchange,5,3,2,0.8,757.0493897015258,442.10046513634245,314.94892456518335,0.5839783654150291,6.435436190064231,0.14759459435662062,57.94363387816702,8.8,0.2,0.0,0.8,0.0,0.0,62.98978491303667
1,pct,0.5,1.0,8,1.0,tick,cfd_std,5,3,2,1.0,768.4918897015305,121.5,646.9918897015305,0.15810186369980897,inf,0.3040343723974693,0.0,8.8,0.2,0.0,0.8,0.0,0.0,129.3983779403061
1,pct,0.5,1.0,8,1.0,tick,cfd_raw,5,3,2,1.0,763.019389701527,102.0,661.019389701527,0.13367943380822828,inf,0.3106902139375954,0.0,8.8,0.2,0.0,0.8,0.0,0.0,132.2038779403054
1,pct,0.5,1.0,8,2.0,off,none,1,1,0,0.0,-422.40274999999383,0.0,-422.40274999999383,0.0,0.0,-0.9999999999999853,422.40274999999383,63.0,0.0,1.0,0.0,0.0,0.0,-422.40274999999383
1,pct,0.5,1.0,8,2.0,off,exchange,1,1,0,0.0,-420.41275000000314,88.27034362500001,-508.68309362500315,0.20996114800276477,0.0,-1.2042608473193015,508.6830936250044,63.0,0.0,1.0,0.0,0.0,0.0,-508.68309362500315
1,pct,0.5,1.0,8,2.0,off,cfd_std,1,1,0,0.0,-408.9702499999985,27.0,-435.9702499999985,0.06601947207651437,0.0,-1.0321198192956804,435.9702499999985,63.0,0.0,1.0,0.0,0.0,0.0,-435.9702499999985
1,pct,0.5,1.0,8,2.0,off,cfd_raw,1,1,0,0.0,-414.442750000002,22.0,-436.442750000002,0.05308332694925872,0.0,-1.0332384199676776,436.442750000002,63.0,0.0,1.0,0.0,0.0,0.0,-436.442750000002
1,pct,0.5,1.0,8,2.0,bar,none,1,1,0,1.0,137.40105015179142,0.0,137.40105015179142,0.0,inf,0.3252844593265347,0.0,27.0,0.0,0.0,1.0,0.0,0.0,137.40105015179142
1,pct,0.5,1.0,8,2.0,bar,exchange,1,1,0,1.0,137.40105015179142,88.5492505250759,48.85179962671552,0.6444583242067848,inf,0.11565218177844608,0.0,27.0,0.0,0.0,1.0,0.0,0.0,48.85179962671552
1,pct,0.5,1.0,8,2.0,bar,cfd_std,1,1,0,1.0,137.40105015179142,27.0,110.40105015179142,0.19650504832511992,inf,0.2613644209271635,0.0,27.0,0.0,0.0,1.0,0.0,0.0,110.40105015179142
1,pct,0.5,1.0,8,2.0,bar,cfd_raw,1,1,0,1.0,137.40105015179142,22.0,115.40105015179142,0.16011522456120883,inf,0.2732014650751952,0.0,27.0,0.0,0.0,1.0,0.0,0.0,115.40105015179142
1,pct,0.5,1.0,8,2.0,tick,none,1,1,0,1.0,90.92459099090775,0.0,90.92459099090775,0.0,inf,0.21525567954022018,0.0,19.0,0.0,0.0,1.0,0.0,0.0,90.92459099090775
1,pct,0.5,1.0,8,2.0,tick,exchange,1,1,0,1.0,90.92459099090775,88.52601229549546,2.398578695412283,0.9736201321416762,inf,0.005678416382024698,0.0,19.0,0.0,0.0,1.0,0.0,0.0,2.398578695412283
1,pct,0.5,1.0,8,2.0,tick,cfd_std,1,1,0,1.0,90.92459099090775,27.0,63.924590990907745,0.29694936986518794,inf,0.15133564114084896,0.0,19.0,0.0,0.0,1.0,0.0,0.0,63.924590990907745
1,pct,0.5,1.0,8,2.0,tick,cfd_raw,1,1,0,1.0,90.92459099090775,22.0,68.92459099090775,0.24195874581607907,inf,0.16317268528888068,0.0,19.0,0.0,0.0,1.0,0.0,0.0,68.92459099090775
1,pct,0.5,1.5,3,0.5,off,none,4,2,2,0.25,-281.78247500001453,0.0,-281.78247500001453,0.0,0.6956036623382068,-0.16793640327429532,494.65755000000354,118.0,0.25,0.5,0.0,0.25,0.0,-70.44561875000363
1,pct,0.5,1.5,3,0.5,off,exchange,4,2,2,0.25,-275.81747500000347,354.00117958749996,-629.8186545875034,0.22581778551697332,0.46993769131918744,-0.37226067549376923,669.1400062250032,118.0,0.25,0.5,0.0,0.25,0.0,-157.45466364687584
1,pct,0.5,1.5,3,0.5,off,cfd_std,4,2,2,0.25,-241.51872499998717,94.5,-336.01872499998717,0.060726029809444415,0.6570692135070759,-0.19993341729765599,535.2250499999936,118.0,0.25,0.5,0.0,0.25,0.0,-84.00468124999679
1,pct,0.5,1.5,3,0.5,off,cfd_raw,4,2,2,0.25,-257.9224749999994,80.0,-337.9224749999994,0.0512276768794432,0.653693141597239,-0.20098714328628894,530.6975499999971,118.0,0.25,0.5,0.0,0.25,0.0,-84.48061874999985
1,pct,0.5,1.5,3,0.5,bar,none,21,12,9,0.8095238095238095,1670.5294452602539,0.0,1670.5294452602539,0.0,4.675026085847367,0.18755515404961565,430.9661000000051,12.761904761904763,0.047619047619047616,0.047619047619047616,0.8571428571428571,0.047619047619047616,0.0,79.54902120286923
1,pct,0.5,1.5,3,0.5,bar,exchange,21,12,9,0.47619047619047616,1674.5044452602597,1872.3514505531787,-197.84700529291874,0.7258161747323247,0.847822142812832,-0.021079672013730642,1005.9312282837782,12.761904761904763,0.047619047619047616,0.047619047619047616,0.8571428571428571,0.047619047619047616,0.0,-9.421285966329464
1,pct,0.5,1.5,3,0.5,bar,cfd_std,16,9,7,0.75,1516.1441492154408,418.5,1097.6441492154408,0.17765333673666045,3.0901803857951315,0.16218191951153946,471.46321170289593,19.4375,0.0625,0.0625,0.8125,0.0625,0.0,68.60275932596505
1,pct,0.5,1.5,3,0.5,bar,cfd_raw,18,10,8,0.7222222222222222,1573.9377877695806,388.0,1185.9377877695806,0.15856835033302946,3.1806825287420244,0.15567182408629113,493.40022881355253,15.833333333333334,0.05555555555555555,0.05555555555555555,0.8333333333333334,0.05555555555555555,0.0,65.88543265386559
1,pct,0.5,1.5,3,0.5,tick,none,25,15,10,0.8,1290.7497306623554,0.0,1290.7497306623554,0.0,3.624765348701572,0.12166600927483222,430.9661000000051,8.92,0.04,0.04,0.92,0.0,0.0,51.62998922649422
1,pct,0.5,1.5,3,0.5,tick,exchange,24,14,10,0.20833333333333334,1323.0458831847645,2139.02635687988,-815.9804736951157,0.9385811700568654,0.48411874559475576,-0.07927305742007539,1177.8644842226786,9.333333333333334,0.041666666666666664,0.041666666666666664,0.9166666666666666,0.0,0.0,-33.99918640396316
1,pct,0.5,1.5,3,0.5,tick,cfd_std,21,12,9,0.6666666666666666,894.1798962533794,553.5,340.6798962533794,0.2155471232956153,1.3423237095283178,0.03806994055335307,487.2627049262519,11.095238095238095,0.047619047619047616,0.09523809523809523,0.8571428571428571,0.0,0.0,16.222852202541876
1,pct,0.5,1.5,3,0.5,tick,cfd_raw,21,12,9,0.6666666666666666,877.7761462533817,454.0,423.77614625338174,0.17642234244945607,1.4363683969900323,0.04736398704017887,472.7352049262554,11.095238095238095,0.047619047619047616,0.09523809523809523,0.8571428571428571,0.0,0.0,20.17981648825627
1,pct,0.5,1.5,3,1.0,off,none,4,2,2,0.25,-282.12792500000796,0.0,-282.12792500000796,0.0,0.6952304889716117,-0.1679364032742915,494.65755000000354,107.25,0.25,0.5,0.0,0.25,0.0,-70.53198125000199
1,pct,0.5,1.5,3,1.0,off,exchange,4,2,2,0.25,-276.1629249999969,353.9552923125,-630.1182173124969,0.22583828036403134,0.46968557603417926,-0.37226067955979486,669.1400062250032,107.25,0.25,0.5,0.0,0.25,0.0,-157.52955432812422
1,pct,0.5,1.5,3,1.0,off,cfd_std,4,2,2,0.25,-241.86417499999516,94.5,-336.36417499999516,0.06073951321458069,0.6567166574398606,-0.19993344894751489,535.2250499999936,107.25,0.25,0.5,0.0,0.25,0.0,-84.09104374999879
1,pct,0.5,1.5,3,1.0,off,cfd_raw,4,2,2,0.25,-258.26792499999283,80.0,-338.26792499999283,0.05123901133366897,0.6533391204442128,-0.20098903758867206,530.6975499999971,107.25,0.25,0.5,0.0,0.25,0.0,-84.56698124999821
1,pct,0.5,1.5,3,1.0,bar,none,12,7,5,0.8333333333333334,440.0305697512522,0.0,440.0305697512522,0.0,1.5178654946669432,0.0858526700338247,430.9661000000051,13.833333333333334,0.08333333333333333,0.16666666666666666,0.6666666666666666,0.08333333333333333,0.0,36.66921414593768
1,pct,0.5,1.5,3,1.0,bar,exchange,12,7,5,0.4166666666666667,446.01556975125277,1067.391268064365,-621.3756983131123,0.4993838277339541,0.5400984314396116,-0.12194753886329542,755.9081500815228,13.833333333333334,0.08333333333333333,0.16666666666666666,0.6666666666666666,0.08333333333333333,0.0,-51.781308192759354
1,pct,0.5,1.5,3,1.0,bar,cfd_std,12,7,5,0.5833333333333334,480.42931975125975,310.5,169.92931975125975,0.14606057553847174,1.1805918356449518,0.032953277711333474,471.46321170289593,13.833333333333334,0.08333333333333333,0.16666666666666666,0.6666666666666666,0.08333333333333333,0.0,14.160776645938313
1,pct,0.5,1.5,3,1.0,bar,cfd_raw,12,7,5,0.5833333333333334,463.97056975126907,256.0,207.97056975126907,0.12011045076944381,1.22435815384384,0.040407695022453734,466.9357117028994,13.833333333333334,0.08333333333333333,0.16666666666666666,0.6666666666666666,0.08333333333333333,0.0,17.330880812605756
1,pct,0.5,1.5,3,1.0,tick,none,12,7,5,0.8333333333333334,500.0291611907887,0.0,500.0291611907887,0.0,1.5884769529861227,0.09770934506421457,430.9661000000051,11.916666666666666,0.08333333333333333,0.16666666666666666,0.75,0.0,0.0,41.66909676589906
1,pct,0.5,1.5,3,1.0,tick,exchange,12,7,5,0.4166666666666667,506.0141611907893,1067.348289406967,-561.3341282161778,0.48572900936414765,0.5770108781610265,-0.11008238350721444,746.8157361475169,11.916666666666666,0.08333333333333333,0.16666666666666666,0.75,0.0,0.0,-46.77784401801481
1,pct,0.5,1.5,3,1.0,tick,cfd_std,12,7,5,0.6666666666666666,540.4279111907963,310.5,229.9279111907963,0.14205137392516604,1.251750958161931,0.04480995274172328,471.0332117029029,11.916666666666666,0.08333333333333333,0.16666666666666666,0.75,0.0,0.0,19.160659265899692
1,pct,0.5,1.5,3,1.0,tick,cfd_raw,12,7,5,0.6666666666666666,523.9691611908056,256.0,267.9691611908056,0.1168218882112047,1.296322828923794,0.052264370052843546,466.5057117029064,11.916666666666666,0.08333333333333333,0.16666666666666666,0.75,0.0,0.0,22.330763432567135
1,pct,0.5,1.5,3,2.0,off,none,1,1,0,0.0,-422.3775500000047,0.0,-422.3775500000047,0.0,0.0,-1.000000000000011,422.3775500000047,63.0,0.0,1.0,0.0,0.0,0.0,-422.3775500000047
1,pct,0.5,1.5,3,2.0,off,exchange,1,1,0,0.0,-420.38754999999946,88.26531622499999,-508.65286622499946,0.2099617750930067,0.0,-1.2042611313622125,508.6528662250057,63.0,0.0,1.0,0.0,0.0,0.0,-508.65286622499946
1,pct,0.5,1.5,3,2.0,off,cfd_std,1,1,0,0.0,-408.9450499999948,27.0,-435.9450499999948,0.06602354032650681,0.0,-1.032121735636742,435.9450499999948,63.0,0.0,1.0,0.0,0.0,0.0,-435.9450499999948
1,pct,0.5,1.5,3,2.0,off,cfd_raw,1,1,0,0.0,-414.4175499999983,22.0,-436.4175499999983,0.05308655485270856,0.0,-1.0332404030469855,436.4175499999983,63.0,0.0,1.0,0.0,0.0,0.0,-436.4175499999983
1,pct,0.5,1.5,3,2.0,bar,none,1,1,0,1.0,142.44105015179957,0.0,142.44105015179957,0.0,inf,0.337236318908994,0.0,27.0,0.0,0.0,1.0,0.0,0.0,142.44105015179957
1,pct,0.5,1.5,3,2.0,bar,exchange,1,1,0,1.0,142.44105015179957,88.5467305250759,53.89431962672367,0.6216377261380168,inf,0.1275975004512519,0.0,27.0,0.0,0.0,1.0,0.0,0.0,53.89431962672367
1,pct,0.5,1.5,3,2.0,bar,cfd_std,1,1,0,1.0,142.44105015179957,27.0,115.44105015179957,0.18955209871891615,inf,0.2733124668955525,0.0,27.0,0.0,0.0,1.0,0.0,0.0,115.44105015179957
1,pct,0.5,1.5,3,2.0,bar,cfd_raw,1,1,0,1.0,142.44105015179957,22.0,120.44105015179957,0.15444985821541315,inf,0.28515021726841205,0.0,27.0,0.0,0.0,1.0,0.0,0.0,120.44105015179957
1,pct,0.5,1.5,3,2.0,tick,none,1,1,0,1.0,95.9645909909159,0.0,95.9645909909159,0.0,inf,0.22720097455680563,0.0,19.0,0.0,0.0,1.0,0.0,0.0,95.9645909909159
1,pct,0.5,1.5,3,2.0,tick,exchange,1,1,0,1.0,95.9645909909159,88.52349229549546,7.441098695420436,0.9224599550877592,inf,0.017617173771239586,0.0,19.0,0.0,0.0,1.0,0.0,0.0,7.441098695420436
1,pct,0.5,1.5,3,2.0,tick,cfd_std,1,1,0,1.0,95.9645909909159,27.0,68.9645909909159,0.28135377560829544,inf,0.1632771225433641,0.0,19.0,0.0,0.0,1.0,0.0,0.0,68.9645909909159
1,pct,0.5,1.5,3,2.0,tick,cfd_raw,1,1,0,1.0,95.9645909909159,22.0,73.9645909909159,0.22925122456972222,inf,0.17511487291622363,0.0,19.0,0.0,0.0,1.0,0.0,0.0,73.9645909909159
1,pct,0.5,1.5,5,0.5,off,none,4,2,2,0.25,-276.6135999999824,0.0,-276.6135999999824,0.0,0.7001843082166364,-0.16793640327427656,922.6121499999863,117.25,0.25,0.5,0.0,0.25,0.0,-69.1533999999956
1,pct,0.5,1.5,5,0.5,off,exchange,4,2,2,0.25,-270.64860000000044,353.65854215,-624.3071421500005,0.22574683896631312,0.4729283725184825,-0.3722690898110711,1184.4825439250126,117.25,0.25,0.5,0.0,0.25,0.0,-156.07678553750011
1,pct,0.5,1.5,5,0.5,off,cfd_std,4,2,2,0.25,-236.3498499999987,94.5,-330.8498499999987,0.06076605938438738,0.6612738004917648,-0.19999016063594285,976.7471499999956,117.25,0.25,0.5,0.0,0.25,0.0,-82.71246249999967
1,pct,0.5,1.5,5,0.5,off,cfd_raw,4,2,2,0.25,-252.75359999999637,80.0,-332.75359999999637,0.05126132659058902,0.65790450760809,-0.20103473968353122,972.6921500000026,117.25,0.25,0.5,0.0,0.25,0.0,-83.18839999999909
1,pct,0.5,1.5,5,0.5,bar,none,14,6,8,0.9285714285714286,1996.4849245686346,0.0,1996.4849245686346,0.0,178.90609685330557,0.3342557651028582,11.222127627333975,17.785714285714285,0.07142857142857142,0.0,0.8571428571428571,0.07142857142857142,0.0,142.60606604061675
1,pct,0.5,1.5,5,0.5,bar,exchange,14,6,8,0.5714285714285714,1998.4699245686352,1246.3771346296348,752.0927899390002,0.6167392693234558,2.769768949454644,0.12563188292908617,218.97833643018384,17.785714285714285,0.07142857142857142,0.0,0.8571428571428571,0.07142857142857142,0.0,53.72091356707144
1,pct,0.5,1.5,5,0.5,bar,cfd_std,12,5,7,0.9166666666666666,1957.6887860144925,310.5,1647.1887860144925,0.15860539336904667,68.42483774109552,0.32161026751166716,24.429999999993015,23.916666666666668,0.08333333333333333,0.0,0.8333333333333334,0.08333333333333333,0.0,137.26573216787438
1,pct,0.5,1.5,5,0.5,bar,cfd_raw,14,6,8,0.7857142857142857,2004.424924568637,300.0,1704.424924568637,0.14801152584803373,29.14907450212302,0.28527764166401975,33.222127627333975,17.785714285714285,0.07142857142857142,0.0,0.8571428571428571,0.07142857142857142,0.0,121.74463746918835
1,pct,0.5,1.5,5,0.5,tick,none,16,8,8,0.875,1641.6036835504492,0.0,1641.6036835504492,0.0,41.1827720634488,0.24073987799489752,29.768592422246,13.25,0.0625,0.0,0.9375,0.0,0.0,102.60023022190308
1,pct,0.5,1.5,5,0.5,tick,exchange,16,8,8,0.375,1643.5886835504498,1423.3212189516184,220.26746459883134,0.824972417023718,1.3493177859630312,0.03198046751204141,327.1673380252905,13.25,0.0625,0.0,0.9375,0.0,0.0,13.766716537426959
1,pct,0.5,1.5,5,0.5,tick,cfd_std,16,8,8,0.8125,1355.416809556118,418.5,936.9168095561181,0.192865967625593,2.999658834378097,0.1365137061938489,448.16180730311316,12.6875,0.0625,0.0625,0.875,0.0,0.0,58.55730059725738
1,pct,0.5,1.5,5,0.5,tick,cfd_raw,16,8,8,0.75,1266.597825972698,344.0,922.597825972698,0.16270957745990822,2.8748343173551576,0.13447081511088335,443.63430730311666,12.5625,0.0625,0.0625,0.875,0.0,0.0,57.66236412329363
1,pct,0.5,1.5,5,1.0,off,none,3,1,2,0.3333333333333333,149.3497500000085,0.0,149.3497500000085,0.0,1.3019101636352,0.1094181289676242,494.68274999999267,149.33333333333334,0.3333333333333333,0.3333333333333333,0.0,0.3333333333333333,0.0,49.78325000000283
1,pct,0.5,1.5,5,1.0,off,exchange,3,1,2,0.3333333333333333,153.32474999999977,264.024474875,-110.69972487500024,0.23186273670145602,0.8345716540986556,-0.09495902994087024,669.1702336250019,149.33333333333334,0.3333333333333333,0.3333333333333333,0.0,0.3333333333333333,0.0,-36.89990829166675
1,pct,0.5,1.5,5,1.0,off,cfd_std,3,1,2,0.3333333333333333,176.18099999999686,67.5,108.68099999999686,0.0592790872601342,1.2030470793801542,0.07724787865218068,535.2502499999973,149.33333333333334,0.3333333333333333,0.3333333333333333,0.0,0.3333333333333333,0.0,36.22699999999895
1,pct,0.5,1.5,5,1.0,off,cfd_raw,3,1,2,0.3333333333333333,165.24975000000268,58.0,107.24975000000268,0.050935489543843956,1.2020824432342547,0.07620907867568205,530.7227500000008,149.33333333333334,0.3333333333333333,0.3333333333333333,0.0,0.3333333333333333,0.0,35.74991666666756
1,pct,0.5,1.5,5,1.0,bar,none,9,3,6,1.0,1244.6142325046094,0.0,1244.6142325046094,0.0,inf,0.32493162524619285,0.0,12.11111111111111,0.1111111111111111,0.0,0.7777777777777778,0.1111111111111111,0.0,138.29047027828994
1,pct,0.5,1.5,5,1.0,bar,exchange,9,3,6,0.5555555555555556,1246.59923250461,799.2872266741018,447.31200583050827,0.6411741687568752,2.612599850467975,0.1166325023123999,186.85756813790067,12.11111111111111,0.1111111111111111,0.0,0.7777777777777778,0.1111111111111111,0.0,49.701333981167586
1,pct,0.5,1.5,5,1.0,bar,cfd_std,9,3,6,0.6666666666666666,1258.0129825046024,229.5,1028.5129825046024,0.1824305497571925,24.47849013727729,0.2684313669691932,24.429999999993015,12.11111111111111,0.1111111111111111,0.0,0.7777777777777778,0.1111111111111111,0.0,114.27922027828916
1,pct,0.5,1.5,5,1.0,bar,cfd_raw,9,3,6,0.6666666666666666,1252.5542325046117,190.0,1062.5542325046117,0.15169003869802536,37.88578265757084,0.2773416410559704,19.429999999993015,12.11111111111111,0.1111111111111111,0.0,0.7777777777777778,0.1111111111111111,0.0,118.0615813894013
1,pct,0.5,1.5,5,1.0,tick,none,9,3,6,1.0,1333.575144781571,0.0,1333.575144781571,0.0,inf,0.3482792452686392,0.0,10.11111111111111,0.1111111111111111,0.0,0.8888888888888888,0.0,0.0,148.17501608684123
1,pct,0.5,1.5,5,1.0,tick,exchange,9,3,6,0.5555555555555556,1335.5601447815716,799.2483897588024,536.3117550227691,0.5984368378179764,3.3901221528114176,0.139990345284115,148.80697510857135,10.11111111111111,0.1111111111111111,0.0,0.8888888888888888,0.0,0.0,59.5901950025299
1,pct,0.5,1.5,5,1.0,tick,cfd_std,9,3,6,1.0,1346.973894781564,229.5,1117.473894781564,0.17038192120064624,inf,0.2917789869916395,0.0,10.11111111111111,0.1111111111111111,0.0,0.8888888888888888,0.0,0.0,124.16376608684044
1,pct,0.5,1.5,5,1.0,tick,cfd_raw,9,3,6,1.0,1341.5151447815733,190.0,1151.5151447815733,0.14163090199845338,inf,0.30068926107841665,0.0,10.11111111111111,0.1111111111111111,0.0,0.8888888888888888,0.0,0.0,127.94612719795259
1,pct,0.5,1.5,5,2.0,off,none,2,1,1,0.0,-849.7820499999943,0.0,-849.7820499999943,0.0,0.0,-0.9999999999999932,849.7820499999943,67.5,0.0,1.0,0.0,0.0,0.0,-424.89102499999717
1,pct,0.5,1.5,5,2.0,off,exchange,2,1,1,0.0,-845.7820500000089,177.95888827500002,-1023.740938275009,0.21040750187947138,0.0,-1.2047073905951176,1023.7409382750047,67.5,0.0,1.0,0.0,0.0,0.0,-511.8704691375045
1,pct,0.5,1.5,5,2.0,off,cfd_std,2,1,1,0.0,-822.7820499999943,54.0,-876.7820499999943,0.06563098939749643,0.0,-1.0317748729134872,876.7820499999943,67.5,0.0,1.0,0.0,0.0,0.0,-438.39102499999717
1,pct,0.5,1.5,5,2.0,off,cfd_raw,2,1,1,0.0,-833.7820500000089,44.0,-877.7820500000089,0.052771584612548966,0.0,-1.0329513065547382,877.7820500000089,67.5,0.0,1.0,0.0,0.0,0.0,-438.89102500000445
1,pct,0.5,1.5,5,2.0,bar,none,2,1,1,1.0,157.92226127498725,0.0,157.92226127498725,0.0,inf,0.18665042463573775,0.0,16.0,0.0,0.0,1.0,0.0,0.0,78.96113063749362
1,pct,0.5,1.5,5,2.0,bar,exchange,2,1,1,0.5,157.92226127498725,178.01484991951432,-20.09258864452707,1.1272308823487538,0.7085681786677351,-0.02283339387202135,68.94438827123668,16.0,0.0,0.0,1.0,0.0,0.0,-10.046294322263535
1,pct,0.5,1.5,5,2.0,bar,cfd_std,2,1,1,0.5,157.92226127498725,54.0,103.92226127498725,0.34194039246924635,17.040383974705087,0.12310253957544541,6.478788876804174,16.0,0.0,0.0,1.0,0.0,0.0,51.961130637493625
1,pct,0.5,1.5,5,2.0,bar,cfd_raw,2,1,1,0.5,157.92226127498725,44.0,113.92226127498725,0.27861809756753403,78.03754272292461,0.13487066643846252,1.478788876804174,16.0,0.0,0.0,1.0,0.0,0.0,56.961130637493625
1,pct,0.5,1.5,5,2.0,tick,none,2,1,1,1.0,119.39580211410066,0.0,119.39580211410066,0.0,inf,0.14093690635708905,0.0,11.5,0.0,0.0,1.0,0.0,0.0,59.69790105705033
1,pct,0.5,1.5,5,2.0,tick,exchange,2,1,1,0.5,119.39580211410066,177.98763668993388,-58.591834575833204,1.4907361359308084,0.039327142853500155,-0.06851475451991619,60.99041327123996,11.5,0.0,0.0,1.0,0.0,0.0,-29.295917287916602
1,pct,0.5,1.5,5,2.0,tick,cfd_std,2,1,1,1.0,119.39580211410066,54.0,65.39580211410066,0.45227720777314157,inf,0.07738902129679671,0.0,11.5,0.0,0.0,1.0,0.0,0.0,32.69790105705033
1,pct,0.5,1.5,5,2.0,tick,cfd_raw,2,1,1,1.0,119.39580211410066,44.0,75.39580211410066,0.3685221692966339,inf,0.08915714815981382,0.0,11.5,0.0,0.0,1.0,0.0,0.0,37.69790105705033
1,pct,0.5,1.5,8,0.5,off,none,3,1,2,0.3333333333333333,115.61392499999783,0.0,115.61392499999783,0.0,1.2188361439317874,0.08274834753372008,528.3127499999973,145.66666666666666,0.3333333333333333,0.3333333333333333,0.0,0.3333333333333333,0.0,38.53797499999928
1,pct,0.5,1.5,8,0.5,off,exchange,3,1,2,0.3333333333333333,119.5889249999891,263.9936027875,-144.40467778751085,0.22520546842624883,0.7945246373768492,-0.12164341424719059,702.7834186249966,145.66666666666666,0.3333333333333333,0.3333333333333333,0.0,0.3333333333333333,0.0,-48.13489259583695
1,pct,0.5,1.5,8,0.5,off,cfd_std,3,1,2,0.3333333333333333,142.44517500000075,67.5,74.94517500000075,0.05758375124740778,1.1317415659974142,0.05056953662582201,568.880250000002,145.66666666666666,0.3333333333333333,0.3333333333333333,0.0,0.3333333333333333,0.0,24.98172500000025
1,pct,0.5,1.5,8,0.5,off,cfd_raw,3,1,2,0.3333333333333333,131.513924999992,58.0,73.51392499999201,0.04947879105484014,1.130262366932723,0.04953155927947698,564.3527500000055,145.66666666666666,0.3333333333333333,0.3333333333333333,0.0,0.3333333333333333,0.0,24.504641666664003
1,pct,0.5,1.5,8,0.5,bar,none,12,4,8,0.9166666666666666,1463.6134285355365,0.0,1463.6134285355365,0.0,116.529072492088,0.28590825372257456,12.668788876806502,11.583333333333334,0.08333333333333333,0.0,0.9166666666666666,0.0,0.0,121.96778571129471
1,pct,0.5,1.5,8,0.5,bar,exchange,12,4,8,0.3333333333333333,1465.598428535537,1067.8118699816023,397.7865585539347,0.7162023490460343,1.9936152381222723,0.07737549320284622,217.15353486665117,11.583333333333334,0.08333333333333333,0.0,0.9166666666666666,0.0,0.0,33.14887987949456
1,pct,0.5,1.5,8,0.5,bar,cfd_std,12,4,8,0.8333333333333334,1577.346042532081,310.5,1266.846042532081,0.1968496396019486,42.5893862195785,0.2473256891862914,30.46080160557176,12.916666666666666,0.08333333333333333,0.0,0.9166666666666666,0.0,0.0,105.57050354434007
1,pct,0.5,1.5,8,0.5,bar,cfd_raw,12,4,8,0.8333333333333334,1571.8872925320902,256.0,1315.8872925320902,0.1628615494356595,65.31259722364719,0.25693038587057265,20.46080160557176,12.916666666666666,0.08333333333333333,0.0,0.9166666666666666,0.0,0.0,109.65727437767418
1,pct,0.5,1.5,8,0.5,tick,none,12,4,8,0.9166666666666666,1320.7761738305271,0.0,1320.7761738305271,0.0,280.8972804910831,0.25835098811254537,4.718788876809413,8.916666666666666,0.08333333333333333,0.0,0.9166666666666666,0.0,0.0,110.06468115254393
1,pct,0.5,1.5,8,0.5,tick,exchange,12,4,8,0.4166666666666667,1322.7611738305277,1067.8433344162106,254.91783941431717,0.8015645812206436,1.711915548098295,0.04981225873651995,317.033232111673,8.916666666666666,0.08333333333333333,0.0,0.9166666666666666,0.0,0.0,21.243153284526432
1,pct,0.5,1.5,8,0.5,tick,cfd_std,12,4,8,0.9166666666666666,1384.84749656645,310.5,1074.34749656645,0.22421241383606827,140.47160241756737,0.2100813645497006,7.702983818526263,10.083333333333334,0.08333333333333333,0.0,0.9166666666666666,0.0,0.0,89.52895804720417
1,pct,0.5,1.5,8,0.5,tick,cfd_raw,12,4,8,0.8333333333333334,1328.7161738305294,256.0,1072.7161738305294,0.1913083602664785,37.45994362537477,0.209801739045406,26.718788876809413,8.916666666666666,0.08333333333333333,0.0,0.9166666666666666,0.0,0.0,89.39301448587746
1,pct,0.5,1.5,8,1.0,off,none,4,2,2,0.25,-316.10284999999567,0.0,-316.10284999999567,0.0,0.669939536621636,-0.18793873934970617,528.3127499999973,51.75,0.25,0.5,0.0,0.25,0.0,-79.02571249999892
1,pct,0.5,1.5,8,1.0,off,exchange,4,2,2,0.25,-310.13784999999916,353.35188697500007,-663.4897369749992,0.2212146273924471,0.4560929822524347,-0.3922784070664056,702.7834186249966,51.75,0.25,0.5,0.0,0.25,0.0,-165.8724342437498
1,pct,0.5,1.5,8,1.0,off,cfd_std,4,2,2,0.25,-275.83910000001197,94.5,-370.33910000001197,0.05958931422977686,0.6339969201863883,-0.2199721786343366,568.880250000002,49.25,0.25,0.5,0.0,0.25,0.0,-92.58477500000299
1,pct,0.5,1.5,8,1.0,off,cfd_raw,4,2,2,0.25,-292.2428499999951,80.0,-372.2428499999951,0.05027206455837978,0.6306352218828544,-0.2210382899912067,564.3527500000055,51.75,0.25,0.5,0.0,0.25,0.0,-93.06071249999877
1,pct,0.5,1.5,8,1.0,bar,none,5,3,2,1.0,924.968394683252,0.0,924.968394683252,0.0,inf,0.4342837181853264,0.0,11.2,0.2,0.0,0.8,0.0,0.0,184.99367893665038
1,pct,0.5,1.5,8,1.0,bar,exchange,5,3,2,0.4,926.9533946832526,442.00986959301247,484.9435250902401,0.4768415242106652,5.031879323966761,0.22683070464237662,75.78470887815638,11.2,0.2,0.0,0.8,0.0,0.0,96.98870501804802
1,pct,0.5,1.5,8,1.0,bar,cfd_std,5,3,2,0.8,938.367144683245,121.5,816.867144683245,0.129480236694576,64.33374824877268,0.3832148556931269,12.897817787044914,11.2,0.2,0.0,0.8,0.0,0.0,163.373428936649
1,pct,0.5,1.5,8,1.0,bar,cfd_raw,5,3,2,0.8,932.9083946832543,102.0,830.9083946832543,0.1093354937969355,106.20733917744018,0.38987712638147415,7.897817787044914,11.2,0.2,0.0,0.8,0.0,0.0,166.18167893665085
1,pct,0.5,1.5,8,1.0,tick,none,5,3,2,1.0,968.9290897015308,0.0,968.9290897015308,0.0,inf,0.45508745425313774,0.0,9.2,0.2,0.0,0.8,0.0,0.0,193.78581794030615
1,pct,0.5,1.5,8,1.0,tick,exchange,5,3,2,0.8,970.9140897015313,441.9935327863425,528.920556915189,0.4552344408991075,10.12819099380903,0.24764225531560893,57.94363387816702,9.2,0.2,0.0,0.8,0.0,0.0,105.7841113830378
1,pct,0.5,1.5,8,1.0,tick,cfd_std,5,3,2,1.0,982.3278397015238,121.5,860.8278397015238,0.12368579519940845,inf,0.40401859176093835,0.0,9.2,0.2,0.0,0.8,0.0,0.0,172.16556794030475
1,pct,0.5,1.5,8,1.0,tick,cfd_raw,5,3,2,1.0,976.8690897015331,102.0,874.8690897015331,0.10441521906601066,inf,0.4106808624492855,0.0,9.2,0.2,0.0,0.8,0.0,0.0,174.97381794030662
1,pct,0.5,1.5,8,2.0,off,none,1,1,0,0.0,-422.40274999999383,0.0,-422.40274999999383,0.0,0.0,-0.9999999999999853,422.40274999999383,63.0,0.0,1.0,0.0,0.0,0.0,-422.40274999999383
1,pct,0.5,1.5,8,2.0,off,exchange,1,1,0,0.0,-420.41275000000314,88.27034362500001,-508.68309362500315,0.20996114800276477,0.0,-1.2042608473193015,508.6830936250044,63.0,0.0,1.0,0.0,0.0,0.0,-508.68309362500315
1,pct,0.5,1.5,8,2.0,off,cfd_std,1,1,0,0.0,-408.9702499999985,27.0,-435.9702499999985,0.06601947207651437,0.0,-1.0321198192956804,435.9702499999985,63.0,0.0,1.0,0.0,0.0,0.0,-435.9702499999985
1,pct,0.5,1.5,8,2.0,off,cfd_raw,1,1,0,0.0,-414.442750000002,22.0,-436.442750000002,0.05308332694925872,0.0,-1.0332384199676776,436.442750000002,63.0,0.0,1.0,0.0,0.0,0.0,-436.442750000002
1,pct,0.5,1.5,8,2.0,bar,none,1,1,0,1.0,137.40105015179142,0.0,137.40105015179142,0.0,inf,0.3252844593265347,0.0,27.0,0.0,0.0,1.0,0.0,0.0,137.40105015179142
1,pct,0.5,1.5,8,2.0,bar,exchange,1,1,0,1.0,137.40105015179142,88.5492505250759,48.85179962671552,0.6444583242067848,inf,0.11565218177844608,0.0,27.0,0.0,0.0,1.0,0.0,0.0,48.85179962671552
1,pct,0.5,1.5,8,2.0,bar,cfd_std,1,1,0,1.0,137.40105015179142,27.0,110.40105015179142,0.19650504832511992,inf,0.2613644209271635,0.0,27.0,0.0,0.0,1.0,0.0,0.0,110.40105015179142
1,pct,0.5,1.5,8,2.0,bar,cfd_raw,1,1,0,1.0,137.40105015179142,22.0,115.40105015179142,0.16011522456120883,inf,0.2732014650751952,0.0,27.0,0.0,0.0,1.0,0.0,0.0,115.40105015179142
1,pct,0.5,1.5,8,2.0,tick,none,1,1,0,1.0,90.92459099090775,0.0,90.92459099090775,0.0,inf,0.21525567954022018,0.0,19.0,0.0,0.0,1.0,0.0,0.0,90.92459099090775
1,pct,0.5,1.5,8,2.0,tick,exchange,1,1,0,1.0,90.92459099090775,88.52601229549546,2.398578695412283,0.9736201321416762,inf,0.005678416382024698,0.0,19.0,0.0,0.0,1.0,0.0,0.0,2.398578695412283
1,pct,0.5,1.5,8,2.0,tick,cfd_std,1,1,0,1.0,90.92459099090775,27.0,63.924590990907745,0.29694936986518794,inf,0.15133564114084896,0.0,19.0,0.0,0.0,1.0,0.0,0.0,63.924590990907745
1,pct,0.5,1.5,8,2.0,tick,cfd_raw,1,1,0,1.0,90.92459099090775,22.0,68.92459099090775,0.24195874581607907,inf,0.16317268528888068,0.0,19.0,0.0,0.0,1.0,0.0,0.0,68.92459099090775
1,pct,0.5,2.0,3,0.5,off,none,4,2,2,0.25,-67.14025000001129,0.0,-67.14025000001129,0.0,0.9274715497842809,-0.04293640327429345,494.65755000000354,118.25,0.25,0.5,0.0,0.25,0.0,-16.785062500002823
1,pct,0.5,2.0,3,0.5,off,exchange,4,2,2,0.25,-61.18025000000489,353.893860975,-415.0741109750048,0.19856265467388845,0.6506690617458056,-0.24720108877190067,669.1400062250032,118.25,0.25,0.5,0.0,0.25,0.0,-103.7685277437512
1,pct,0.5,2.0,3,0.5,off,cfd_std,4,2,2,0.25,-26.910249999986263,94.5,-121.41024999998626,0.05336637191770044,0.8760922846761012,-0.07495307209763716,535.2250499999936,118.25,0.25,0.5,0.0,0.25,0.0,-30.352562499996566
1,pct,0.5,2.0,3,0.5,off,cfd_raw,4,2,2,0.25,-43.30025000000023,80.0,-123.30025000000023,0.045037993910919685,0.8736404785808485,-0.07599879057516748,530.6975499999971,118.25,0.25,0.5,0.0,0.25,0.0,-30.825062500000058
1,pct,0.5,2.0,3,0.5,bar,none,21,12,9,0.8095238095238095,1884.3991452602495,0.0,1884.3991452602495,0.0,5.145521669569261,0.21136467785913893,430.9661000000051,12.80952380952381,0.047619047619047616,0.047619047619047616,0.8571428571428571,0.047619047619047616,0.0,89.73329263144045
1,pct,0.5,2.0,3,0.5,bar,exchange,21,12,9,0.47619047619047616,1888.3691452602507,1872.2445182031786,16.12462705707209,0.6702111659049947,1.0124025692976983,0.002741199643169738,1005.9312282837782,12.80952380952381,0.047619047619047616,0.047619047619047616,0.8571428571428571,0.047619047619047616,0.0,0.7678393836700995
1,pct,0.5,2.0,3,0.5,bar,cfd_std,16,9,7,0.75,1729.9800992154487,418.5,1311.4800992154487,0.16286914945582434,3.4973758405218334,0.19342698806262568,471.46321170289593,19.5,0.0625,0.0625,0.8125,0.0625,0.0,81.96750620096554
1,pct,0.5,2.0,3,0.5,bar,cfd_raw,18,10,8,0.7222222222222222,1787.7874877695722,388.0,1399.7874877695722,0.14582387226498608,3.5739057731448844,0.1834470042284254,493.40022881355253,15.88888888888889,0.05555555555555555,0.05555555555555555,0.8333333333333334,0.05555555555555555,0.0,77.76597154275402
1,pct,0.5,2.0,3,0.5,tick,none,25,15,10,0.8,1504.619430662351,0.0,1504.619430662351,0.0,4.059673653822136,0.14166600927483178,430.9661000000051,8.96,0.04,0.04,0.92,0.0,0.0,60.18477722649404
1,pct,0.5,2.0,3,0.5,tick,exchange,24,14,10,0.20833333333333334,1536.9105831847555,2138.9194245298804,-602.0088413451248,0.8580166998547328,0.6193964362531906,-0.058429794720287566,1177.8644842226786,9.375,0.041666666666666664,0.041666666666666664,0.9166666666666666,0.0,0.0,-25.08370172271353
1,pct,0.5,2.0,3,0.5,tick,cfd_std,21,12,9,0.6666666666666666,1108.0158462533873,553.5,554.5158462533873,0.19897761758976967,1.5571914385594186,0.06187570706846638,487.2627049262519,11.142857142857142,0.047619047619047616,0.09523809523809523,0.8571428571428571,0.0,0.0,26.405516488256538
1,pct,0.5,2.0,3,0.5,tick,cfd_raw,21,12,9,0.6666666666666666,1091.6258462533733,454.0,637.6258462533733,0.1628863222365027,1.6565725109091767,0.07117128430486538,472.7352049262554,11.142857142857142,0.047619047619047616,0.09523809523809523,0.8571428571428571,0.0,0.0,30.36313553587492
1,pct,0.5,2.0,3,1.0,off,none,4,2,2,0.25,-67.60085000000254,0.0,-67.60085000000254,0.0,0.9269739852954875,-0.042936403274288285,494.65755000000354,107.5,0.25,0.5,0.0,0.25,0.0,-16.900212500000634
1,pct,0.5,2.0,3,1.0,off,exchange,4,2,2,0.25,-61.640849999996135,353.848031275,-415.48888127499606,0.19858826238063812,0.6503199864982178,-0.2472010944016622,669.1400062250032,107.5,0.25,0.5,0.0,0.25,0.0,-103.87222031874902
1,pct,0.5,2.0,3,1.0,off,cfd_std,4,2,2,0.25,-27.37084999999206,94.5,-121.87084999999206,0.05338025674434868,0.8756222099198191,-0.0749531142974462,535.2250499999936,107.5,0.25,0.5,0.0,0.25,0.0,-30.467712499998015
1,pct,0.5,2.0,3,1.0,off,cfd_raw,4,2,2,0.25,-43.76084999999148,80.0,-123.76084999999148,0.0450496755733535,0.8731684503768136,-0.07600069112937233,530.6975499999971,107.5,0.25,0.5,0.0,0.25,0.0,-30.94021249999787
1,pct,0.5,2.0,3,1.0,bar,none,12,7,5,0.8333333333333334,653.9002697512478,0.0,653.9002697512478,0.0,1.7695655937018313,0.1275193367004905,430.9661000000051,13.916666666666666,0.08333333333333333,0.16666666666666666,0.6666666666666666,0.08333333333333333,0.0,54.49168914593732
1,pct,0.5,2.0,3,1.0,bar,exchange,12,7,5,0.4166666666666667,659.8802697512438,1067.2843357143652,-407.4040659631212,0.4539160624654973,0.6984662105663721,-0.08026101346371976,755.9081500815228,13.916666666666666,0.08333333333333333,0.16666666666666666,0.6666666666666666,0.08333333333333333,0.0,-33.9503388302601
1,pct,0.5,2.0,3,1.0,bar,cfd_std,12,7,5,0.5833333333333334,694.2652697512676,310.5,383.7652697512676,0.1327112349373707,1.4078453007556853,0.07461336911278181,471.46321170289593,13.916666666666666,0.08333333333333333,0.16666666666666666,0.6666666666666666,0.08333333333333333,0.0,31.98043914593897
1,pct,0.5,2.0,3,1.0,bar,cfd_raw,12,7,5,0.5833333333333334,677.8202697512606,256.0,421.82026975126064,0.10915814354146368,1.4550586993558297,0.0820704652356551,466.9357117028994,13.916666666666666,0.08333333333333333,0.16666666666666666,0.6666666666666666,0.08333333333333333,0.0,35.151689145938384
1,pct,0.5,2.0,3,1.0,tick,none,12,7,5,0.8333333333333334,713.8988611907844,0.0,713.8988611907844,0.0,1.840177052021011,0.13937601173088038,430.9661000000051,12.0,0.08333333333333333,0.16666666666666666,0.75,0.0,0.0,59.4915717658987
1,pct,0.5,2.0,3,1.0,tick,exchange,12,7,5,0.4166666666666667,719.8788611907803,1067.241357056967,-347.3624958661869,0.44260368704357594,0.7382475967510613,-0.06839585810763876,746.8157361475169,12.0,0.08333333333333333,0.16666666666666666,0.75,0.0,0.0,-28.946874655515575
1,pct,0.5,2.0,3,1.0,tick,cfd_std,12,7,5,0.6666666666666666,754.2638611908042,310.5,443.76386119080416,0.1293930685995545,1.4858826258797198,0.08647004414317157,471.0332117029029,12.0,0.08333333333333333,0.16666666666666666,0.75,0.0,0.0,36.98032176590035
1,pct,0.5,2.0,3,1.0,tick,cfd_raw,12,7,5,0.6666666666666666,737.8188611907972,256.0,481.8188611907972,0.1064351763140934,1.5327998466033808,0.09392714026604493,466.5057117029064,12.0,0.08333333333333333,0.16666666666666666,0.75,0.0,0.0,40.15157176589977
1,pct,0.5,2.0,3,2.0,off,none,1,1,0,0.0,-422.3775500000047,0.0,-422.3775500000047,0.0,0.0,-1.000000000000011,422.3775500000047,63.0,0.0,1.0,0.0,0.0,0.0,-422.3775500000047
1,pct,0.5,2.0,3,2.0,off,exchange,1,1,0,0.0,-420.38754999999946,88.26531622499999,-508.65286622499946,0.2099617750930067,0.0,-1.2042611313622125,508.6528662250057,63.0,0.0,1.0,0.0,0.0,0.0,-508.65286622499946
1,pct,0.5,2.0,3,2.0,off,cfd_std,1,1,0,0.0,-408.9450499999948,27.0,-435.9450499999948,0.06602354032650681,0.0,-1.032121735636742,435.9450499999948,63.0,0.0,1.0,0.0,0.0,0.0,-435.9450499999948
1,pct,0.5,2.0,3,2.0,off,cfd_raw,1,1,0,0.0,-414.4175499999983,22.0,-436.4175499999983,0.05308655485270856,0.0,-1.0332404030469855,436.4175499999983,63.0,0.0,1.0,0.0,0.0,0.0,-436.4175499999983
1,pct,0.5,2.0,3,2.0,bar,none,1,1,0,1.0,142.44105015179957,0.0,142.44105015179957,0.0,inf,0.337236318908994,0.0,27.0,0.0,0.0,1.0,0.0,0.0,142.44105015179957
1,pct,0.5,2.0,3,2.0,bar,exchange,1,1,0,1.0,142.44105015179957,88.5467305250759,53.89431962672367,0.6216377261380168,inf,0.1275975004512519,0.0,27.0,0.0,0.0,1.0,0.0,0.0,53.89431962672367
1,pct,0.5,2.0,3,2.0,bar,cfd_std,1,1,0,1.0,142.44105015179957,27.0,115.44105015179957,0.18955209871891615,inf,0.2733124668955525,0.0,27.0,0.0,0.0,1.0,0.0,0.0,115.44105015179957
1,pct,0.5,2.0,3,2.0,bar,cfd_raw,1,1,0,1.0,142.44105015179957,22.0,120.44105015179957,0.15444985821541315,inf,0.28515021726841205,0.0,27.0,0.0,0.0,1.0,0.0,0.0,120.44105015179957
1,pct,0.5,2.0,3,2.0,tick,none,1,1,0,1.0,95.9645909909159,0.0,95.9645909909159,0.0,inf,0.22720097455680563,0.0,19.0,0.0,0.0,1.0,0.0,0.0,95.9645909909159
1,pct,0.5,2.0,3,2.0,tick,exchange,1,1,0,1.0,95.9645909909159,88.52349229549546,7.441098695420436,0.9224599550877592,inf,0.017617173771239586,0.0,19.0,0.0,0.0,1.0,0.0,0.0,7.441098695420436
1,pct,0.5,2.0,3,2.0,tick,cfd_std,1,1,0,1.0,95.9645909909159,27.0,68.9645909909159,0.28135377560829544,inf,0.1632771225433641,0.0,19.0,0.0,0.0,1.0,0.0,0.0,68.9645909909159
1,pct,0.5,2.0,3,2.0,tick,cfd_raw,1,1,0,1.0,95.9645909909159,22.0,73.9645909909159,0.22925122456972222,inf,0.17511487291622363,0.0,19.0,0.0,0.0,1.0,0.0,0.0,73.9645909909159
1,pct,0.5,2.0,5,0.5,off,none,4,2,2,0.25,-61.14114999999583,0.0,-61.14114999999583,0.0,0.9337203583998284,-0.04293640327428437,922.4725499999913,118.25,0.25,0.5,0.0,0.25,0.0,-15.285287499998958
1,pct,0.5,2.0,5,0.5,off,exchange,4,2,2,0.25,-55.18114999998943,353.52302802500003,-408.70417802498935,0.19840736576265855,0.6549025000268276,-0.2472098771294985,1184.3150937249884,118.25,0.25,0.5,0.0,0.25,0.0,-102.17604450624734
1,pct,0.5,2.0,5,0.5,off,cfd_std,3,1,2,0.3333333333333333,393.4461500000034,67.5,325.9461500000034,0.049780719617545495,1.6089602947406472,0.24388866220174596,535.2502499999973,162.0,0.3333333333333333,0.3333333333333333,0.0,0.3333333333333333,0.0,108.6487166666678
1,pct,0.5,2.0,5,0.5,off,cfd_raw,4,2,2,0.25,-37.30115000001388,80.0,-117.30115000001388,0.04505001804957126,0.8793883682686217,-0.0760490262568502,972.5525500000076,118.25,0.25,0.5,0.0,0.25,0.0,-29.32528750000347
1,pct,0.5,2.0,5,0.5,bar,none,14,6,8,0.9285714285714286,2210.3546245686302,0.0,2210.3546245686302,0.0,197.96395353629933,0.36997005081714324,11.222127627333975,17.857142857142858,0.07142857142857142,0.0,0.8571428571428571,0.07142857142857142,0.0,157.8824731834736
1,pct,0.5,2.0,5,0.5,bar,exchange,14,6,8,0.5714285714285714,2212.334624568626,1246.270202279635,966.0644222889912,0.5576704762746723,3.2732711184195296,0.16136319041443667,218.97833643018384,17.857142857142858,0.07142857142857142,0.0,0.8571428571428571,0.07142857142857142,0.0,69.0046015920708
1,pct,0.5,2.0,5,0.5,bar,cfd_std,12,5,7,0.9166666666666666,2171.5247360145004,310.5,1861.0247360145004,0.14298708868031362,77.17784429042294,0.3632703589131155,24.429999999993015,24.0,0.08333333333333333,0.0,0.8333333333333334,0.08333333333333333,0.0,155.08539466787502
1,pct,0.5,2.0,5,0.5,bar,cfd_raw,14,6,8,0.7857142857142857,2218.2746245686285,300.0,1918.2746245686285,0.1338856037235952,32.68086463895167,0.3209885875610495,33.222127627333975,17.857142857142858,0.07142857142857142,0.0,0.8571428571428571,0.07142857142857142,0.0,137.0196160406163
1,pct,0.5,2.0,5,0.5,tick,none,16,8,8,0.875,1855.4733835504449,0.0,1855.4733835504449,0.0,46.41782208952527,0.2719898779948969,29.768592422246,13.3125,0.0625,0.0,0.9375,0.0,0.0,115.9670864719028
1,pct,0.5,2.0,5,0.5,tick,exchange,16,8,8,0.375,1857.4533835504408,1423.2142866016184,434.2390969488224,0.7339333122649325,1.68865113693034,0.06324536156172313,327.1673380252905,13.3125,0.0625,0.0,0.9375,0.0,0.0,27.1399435593014
1,pct,0.5,2.0,5,0.5,tick,cfd_std,16,8,8,0.8125,1569.252759556126,418.5,1150.752759556126,0.1755646951697802,3.4560482834346593,0.16775877474493514,448.16180730311316,12.75,0.0625,0.0625,0.875,0.0,0.0,71.92204747225787
1,pct,0.5,2.0,5,0.5,tick,cfd_raw,16,8,8,0.75,1480.4475259726896,344.0,1136.4475259726896,0.1477633980889974,3.3094036877017485,0.1657178927707844,443.63430730311666,12.625,0.0625,0.0625,0.875,0.0,0.0,71.0279703732931
1,pct,0.5,2.0,5,1.0,off,none,3,1,2,0.3333333333333333,364.02725000001374,0.0,364.02725000001374,0.0,1.7358802181802764,0.2760847956342949,494.68274999999267,149.66666666666666,0.3333333333333333,0.3333333333333333,0.0,0.3333333333333333,0.0,121.34241666667124
1,pct,0.5,2.0,5,1.0,off,exchange,3,1,2,0.3333333333333333,367.99725000000035,263.917138625,104.08011137500034,0.19500554342442977,1.1555360745967163,0.07178708632655455,669.1702336250019,149.66666666666666,0.3333333333333333,0.3333333333333333,0.0,0.3333333333333333,0.0,34.69337045833345
1,pct,0.5,2.0,5,1.0,off,cfd_std,3,1,2,0.3333333333333333,390.82474999999977,67.5,323.32474999999977,0.04987714520216059,1.6040627725068815,0.24388834322501116,535.2502499999973,149.66666666666666,0.3333333333333333,0.3333333333333333,0.0,0.3333333333333333,0.0,107.77491666666658
1,pct,0.5,2.0,5,1.0,off,cfd_raw,3,1,2,0.3333333333333333,379.90725000000384,58.0,321.90725000000384,0.04285652798207989,1.606545036933132,0.24286021817563055,530.7227500000008,149.66666666666666,0.3333333333333333,0.3333333333333333,0.0,0.3333333333333333,0.0,107.30241666666795
1,pct,0.5,2.0,5,1.0,bar,none,9,3,6,1.0,1458.483932504605,0.0,1458.483932504605,0.0,inf,0.3804871808017472,0.0,12.222222222222221,0.1111111111111111,0.0,0.7777777777777778,0.1111111111111111,0.0,162.05377027828945
1,pct,0.5,2.0,5,1.0,bar,exchange,9,3,6,0.5555555555555556,1460.463932504601,799.1802943241019,661.2836381804992,0.5472098807353356,3.383986752304738,0.17221453617850072,186.85756813790067,12.222222222222221,0.1111111111111111,0.0,0.7777777777777778,0.1111111111111111,0.0,73.47595979783324
1,pct,0.5,2.0,5,1.0,bar,cfd_std,9,3,6,0.6666666666666666,1471.8489325046103,229.5,1242.3489325046103,0.15592632839666862,29.359853161830106,0.3239781555044576,24.429999999993015,12.222222222222221,0.1111111111111111,0.0,0.7777777777777778,0.1111111111111111,0.0,138.03877027829003
1,pct,0.5,2.0,5,1.0,bar,cfd_raw,9,3,6,0.6666666666666666,1466.4039325046033,190.0,1276.4039325046033,0.12956866507816975,45.309416495999116,0.3328920013402389,19.429999999993015,12.222222222222221,0.1111111111111111,0.0,0.7777777777777778,0.1111111111111111,0.0,141.82265916717813
1,pct,0.5,2.0,5,1.0,tick,none,9,3,6,1.0,1547.4448447815666,0.0,1547.4448447815666,0.0,inf,0.4038348008241936,0.0,10.222222222222221,0.1111111111111111,0.0,0.8888888888888888,0.0,0.0,171.93831608684073
1,pct,0.5,2.0,5,1.0,tick,exchange,9,3,6,0.5555555555555556,1549.4248447815626,799.1414574088025,750.2833873727601,0.5157665182020914,4.343706208658228,0.19557237915021586,148.80697510857135,10.222222222222221,0.1111111111111111,0.0,0.8888888888888888,0.0,0.0,83.36482081919557
1,pct,0.5,2.0,5,1.0,tick,cfd_std,9,3,6,1.0,1560.8098447815719,229.5,1331.3098447815719,0.14703905204552156,inf,0.3473257755269039,0.0,10.222222222222221,0.1111111111111111,0.0,0.8888888888888888,0.0,0.0,147.9233160868413
1,pct,0.5,2.0,5,1.0,tick,cfd_raw,9,3,6,1.0,1555.364844781565,190.0,1365.364844781565,0.12215783366679062,inf,0.35623962136268517,0.0,10.222222222222221,0.1111111111111111,0.0,0.8888888888888888,0.0,0.0,151.70720497572944
1,pct,0.5,2.0,5,2.0,off,none,2,1,1,0.0,-849.7820499999943,0.0,-849.7820499999943,0.0,0.0,-0.9999999999999932,849.7820499999943,67.5,0.0,1.0,0.0,0.0,0.0,-424.89102499999717
1,pct,0.5,2.0,5,2.0,off,exchange,2,1,1,0.0,-845.7820500000089,177.95888827500002,-1023.740938275009,0.21040750187947138,0.0,-1.2047073905951176,1023.7409382750047,67.5,0.0,1.0,0.0,0.0,0.0,-511.8704691375045
1,pct,0.5,2.0,5,2.0,off,cfd_std,2,1,1,0.0,-822.7820499999943,54.0,-876.7820499999943,0.06563098939749643,0.0,-1.0317748729134872,876.7820499999943,67.5,0.0,1.0,0.0,0.0,0.0,-438.39102499999717
1,pct,0.5,2.0,5,2.0,off,cfd_raw,2,1,1,0.0,-833.7820500000089,44.0,-877.7820500000089,0.052771584612548966,0.0,-1.0329513065547382,877.7820500000089,67.5,0.0,1.0,0.0,0.0,0.0,-438.89102500000445
1,pct,0.5,2.0,5,2.0,bar,none,2,1,1,1.0,157.92226127498725,0.0,157.92226127498725,0.0,inf,0.18665042463573775,0.0,16.0,0.0,0.0,1.0,0.0,0.0,78.96113063749362
1,pct,0.5,2.0,5,2.0,bar,exchange,2,1,1,0.5,157.92226127498725,178.01484991951432,-20.09258864452707,1.1272308823487538,0.7085681786677351,-0.02283339387202135,68.94438827123668,16.0,0.0,0.0,1.0,0.0,0.0,-10.046294322263535
1,pct,0.5,2.0,5,2.0,bar,cfd_std,2,1,1,0.5,157.92226127498725,54.0,103.92226127498725,0.34194039246924635,17.040383974705087,0.12310253957544541,6.478788876804174,16.0,0.0,0.0,1.0,0.0,0.0,51.961130637493625
1,pct,0.5,2.0,5,2.0,bar,cfd_raw,2,1,1,0.5,157.92226127498725,44.0,113.92226127498725,0.27861809756753403,78.03754272292461,0.13487066643846252,1.478788876804174,16.0,0.0,0.0,1.0,0.0,0.0,56.961130637493625
1,pct,0.5,2.0,5,2.0,tick,none,2,1,1,1.0,119.39580211410066,0.0,119.39580211410066,0.0,inf,0.14093690635708905,0.0,11.5,0.0,0.0,1.0,0.0,0.0,59.69790105705033
1,pct,0.5,2.0,5,2.0,tick,exchange,2,1,1,0.5,119.39580211410066,177.98763668993388,-58.591834575833204,1.4907361359308084,0.039327142853500155,-0.06851475451991619,60.99041327123996,11.5,0.0,0.0,1.0,0.0,0.0,-29.295917287916602
1,pct,0.5,2.0,5,2.0,tick,cfd_std,2,1,1,1.0,119.39580211410066,54.0,65.39580211410066,0.45227720777314157,inf,0.07738902129679671,0.0,11.5,0.0,0.0,1.0,0.0,0.0,32.69790105705033
1,pct,0.5,2.0,5,2.0,tick,cfd_raw,2,1,1,1.0,119.39580211410066,44.0,75.39580211410066,0.3685221692966339,inf,0.08915714815981382,0.0,11.5,0.0,0.0,1.0,0.0,0.0,37.69790105705033
1,pct,0.5,2.0,8,0.5,off,none,3,1,2,0.3333333333333333,330.25615000000107,0.0,330.25615000000107,0.0,1.6251148585757258,0.24941501420038925,528.3127499999973,146.0,0.3333333333333333,0.3333333333333333,0.0,0.3333333333333333,0.0,110.0853833333337
1,pct,0.5,2.0,8,0.5,off,exchange,3,1,2,0.3333333333333333,334.2261499999877,263.886284175,70.3398658249877,0.19027448154629148,1.1000875432755761,0.0451027013819675,702.7834186249966,146.0,0.3333333333333333,0.3333333333333333,0.0,0.3333333333333333,0.0,23.446621941662567
1,pct,0.5,2.0,8,0.5,off,cfd_std,3,1,2,0.3333333333333333,357.05365000000165,67.5,289.55365000000165,0.048672707875096116,1.508988754663219,0.21720999689251377,568.880250000002,146.0,0.3333333333333333,0.3333333333333333,0.0,0.3333333333333333,0.0,96.51788333333388
1,pct,0.5,2.0,8,0.5,off,cfd_raw,3,1,2,0.3333333333333333,346.1361499999912,58.0,288.1361499999912,0.041821645607485115,1.510560372036795,0.21618269622763894,564.3527500000055,146.0,0.3333333333333333,0.3333333333333333,0.0,0.3333333333333333,0.0,96.04538333333039
1,pct,0.5,2.0,8,0.5,bar,none,12,4,8,0.9166666666666666,1677.4831285355322,0.0,1677.4831285355322,0.0,133.41069409614988,0.3275749203892404,12.668788876806502,11.666666666666666,0.08333333333333333,0.0,0.9166666666666666,0.0,0.0,139.79026071129434
1,pct,0.5,2.0,8,0.5,bar,exchange,12,4,8,0.3333333333333333,1679.463128535528,1067.7049376316022,611.7581909039257,0.6262931107975005,2.52808647616945,0.11906201860242188,217.15353486665117,11.666666666666666,0.08333333333333333,0.0,0.9166666666666666,0.0,0.0,50.979849241993804
1,pct,0.5,2.0,8,0.5,bar,cfd_std,12,4,8,0.8333333333333334,1791.1819925320888,310.5,1480.6819925320888,0.17334921928344332,49.60942307773177,0.28898578058773977,30.46080160557176,13.0,0.08333333333333333,0.0,0.9166666666666666,0.0,0.0,123.39016604434073
1,pct,0.5,2.0,8,0.5,bar,cfd_raw,12,4,8,0.8333333333333334,1785.7369925320818,256.0,1529.7369925320818,0.1433581770835163,75.76427473474516,0.29859315608377407,20.46080160557176,13.0,0.08333333333333333,0.0,0.9166666666666666,0.0,0.0,127.47808271100682
1,pct,0.5,2.0,8,0.5,tick,none,12,4,8,0.9166666666666666,1534.6458738305228,0.0,1534.6458738305228,0.0,326.22028721661445,0.30001765477921116,4.718788876809413,9.0,0.08333333333333333,0.0,0.9166666666666666,0.0,0.0,127.88715615254357
1,pct,0.5,2.0,8,0.5,tick,exchange,12,4,8,0.4166666666666667,1536.6258738305187,1067.7364020662105,468.88947176430815,0.6906161587172762,2.3094795799915264,0.09149878413609557,317.033232111673,9.0,0.08333333333333333,0.0,0.9166666666666666,0.0,0.0,39.07412264702568
1,pct,0.5,2.0,8,0.5,tick,cfd_std,12,4,8,0.9166666666666666,1598.6834465664579,310.5,1288.1834465664579,0.194222315034831,168.23174771161774,0.2517414559511489,7.702983818526263,10.166666666666666,0.08333333333333333,0.0,0.9166666666666666,0.0,0.0,107.34862054720482
1,pct,0.5,2.0,8,0.5,tick,cfd_raw,12,4,8,0.8333333333333334,1542.565873830521,256.0,1286.565873830521,0.16494808677048955,44.72836018933979,0.25146450925860736,26.718788876809413,9.0,0.08333333333333333,0.0,0.9166666666666666,0.0,0.0,107.21382281921008
1,pct,0.5,2.0,8,1.0,off,none,4,2,2,0.25,-102.23315000000002,0.0,-102.23315000000002,0.0,0.8932527154955096,-0.06293873934970871,528.3127499999973,52.0,0.25,0.5,0.0,0.25,0.0,-25.558287500000006
1,pct,0.5,2.0,8,1.0,off,exchange,4,2,2,0.25,-96.27315000000817,353.244954625,-449.5181046250083,0.1950346503398392,0.6314998739470493,-0.26721883086767867,702.7834186250111,52.0,0.25,0.5,0.0,0.25,0.0,-112.37952615625207
1,pct,0.5,2.0,8,1.0,off,cfd_std,4,2,2,0.25,-62.0031500000041,94.5,-156.5031500000041,0.05250902134158301,0.845329226915194,-0.09499190442999167,568.880250000002,49.5,0.25,0.5,0.0,0.25,0.0,-39.125787500001024
1,pct,0.5,2.0,8,1.0,off,cfd_raw,4,2,2,0.25,-78.39315000000352,80.0,-158.39315000000352,0.04431664631563188,0.8428314991005795,-0.09604997935160256,564.3527500000055,52.0,0.25,0.5,0.0,0.25,0.0,-39.59828750000088
1,pct,0.5,2.0,8,1.0,bar,none,5,3,2,1.0,1138.8380946832476,0.0,1138.8380946832476,0.0,inf,0.5342837181853243,0.0,11.4,0.2,0.0,0.8,0.0,0.0,227.7676189366495
1,pct,0.5,2.0,8,1.0,bar,exchange,5,3,2,0.4,1140.8180946832435,441.9029372430125,698.915157440231,0.3873561782570692,6.810865444519273,0.3268783656013582,75.78470887815638,11.4,0.2,0.0,0.8,0.0,0.0,139.78303148804622
1,pct,0.5,2.0,8,1.0,bar,cfd_std,5,3,2,0.8,1152.2030946832529,121.5,1030.7030946832529,0.1054501594038862,80.91298308761444,0.4831990750566028,12.897817787044914,11.4,0.2,0.0,0.8,0.0,0.0,206.14061893665058
1,pct,0.5,2.0,8,1.0,bar,cfd_raw,5,3,2,0.8,1146.7580946832459,102.0,1044.7580946832459,0.08894639634366316,133.28440093882662,0.48986777489315747,7.897817787044914,11.4,0.2,0.0,0.8,0.0,0.0,208.95161893664917
1,pct,0.5,2.0,8,1.0,tick,none,5,3,2,1.0,1182.7987897015264,0.0,1182.7987897015264,0.0,inf,0.5550874542531357,0.0,9.4,0.2,0.0,0.8,0.0,0.0,236.55975794030527
1,pct,0.5,2.0,8,1.0,tick,exchange,5,3,2,0.8,1184.7787897015223,441.8866004363424,742.8921892651799,0.37296970901012294,13.820945797553575,0.34768991627459045,57.94363387816702,9.4,0.2,0.0,0.8,0.0,0.0,148.57843785303598
1,pct,0.5,2.0,8,1.0,tick,cfd_std,5,3,2,1.0,1196.1637897015316,121.5,1074.6637897015316,0.10157471831705994,inf,0.5040028111244143,0.0,9.4,0.2,0.0,0.8,0.0,0.0,214.93275794030632
1,pct,0.5,2.0,8,1.0,tick,cfd_raw,5,3,2,1.0,1190.7187897015247,102.0,1088.7187897015247,0.08566254339999804,inf,0.5106715109609687,0.0,9.4,0.2,0.0,0.8,0.0,0.0,217.74375794030493
1,pct,0.5,2.0,8,2.0,off,none,1,1,0,0.0,-422.40274999999383,0.0,-422.40274999999383,0.0,0.0,-0.9999999999999853,422.40274999999383,63.0,0.0,1.0,0.0,0.0,0.0,-422.40274999999383
1,pct,0.5,2.0,8,2.0,off,exchange,1,1,0,0.0,-420.41275000000314,88.27034362500001,-508.68309362500315,0.20996114800276477,0.0,-1.2042608473193015,508.6830936250044,63.0,0.0,1.0,0.0,0.0,0.0,-508.68309362500315
1,pct,0.5,2.0,8,2.0,off,cfd_std,1,1,0,0.0,-408.9702499999985,27.0,-435.9702499999985,0.06601947207651437,0.0,-1.0321198192956804,435.9702499999985,63.0,0.0,1.0,0.0,0.0,0.0,-435.9702499999985
1,pct,0.5,2.0,8,2.0,off,cfd_raw,1,1,0,0.0,-414.442750000002,22.0,-436.442750000002,0.05308332694925872,0.0,-1.0332384199676776,436.442750000002,63.0,0.0,1.0,0.0,0.0,0.0,-436.442750000002
1,pct,0.5,2.0,8,2.0,bar,none,1,1,0,1.0,137.40105015179142,0.0,137.40105015179142,0.0,inf,0.3252844593265347,0.0,27.0,0.0,0.0,1.0,0.0,0.0,137.40105015179142
1,pct,0.5,2.0,8,2.0,bar,exchange,1,1,0,1.0,137.40105015179142,88.5492505250759,48.85179962671552,0.6444583242067848,inf,0.11565218177844608,0.0,27.0,0.0,0.0,1.0,0.0,0.0,48.85179962671552
1,pct,0.5,2.0,8,2.0,bar,cfd_std,1,1,0,1.0,137.40105015179142,27.0,110.40105015179142,0.19650504832511992,inf,0.2613644209271635,0.0,27.0,0.0,0.0,1.0,0.0,0.0,110.40105015179142
1,pct,0.5,2.0,8,2.0,bar,cfd_raw,1,1,0,1.0,137.40105015179142,22.0,115.40105015179142,0.16011522456120883,inf,0.2732014650751952,0.0,27.0,0.0,0.0,1.0,0.0,0.0,115.40105015179142
1,pct,0.5,2.0,8,2.0,tick,none,1,1,0,1.0,90.92459099090775,0.0,90.92459099090775,0.0,inf,0.21525567954022018,0.0,19.0,0.0,0.0,1.0,0.0,0.0,90.92459099090775
1,pct,0.5,2.0,8,2.0,tick,exchange,1,1,0,1.0,90.92459099090775,88.52601229549546,2.398578695412283,0.9736201321416762,inf,0.005678416382024698,0.0,19.0,0.0,0.0,1.0,0.0,0.0,2.398578695412283
1,pct,0.5,2.0,8,2.0,tick,cfd_std,1,1,0,1.0,90.92459099090775,27.0,63.924590990907745,0.29694936986518794,inf,0.15133564114084896,0.0,19.0,0.0,0.0,1.0,0.0,0.0,63.924590990907745
1,pct,0.5,2.0,8,2.0,tick,cfd_raw,1,1,0,1.0,90.92459099090775,22.0,68.92459099090775,0.24195874581607907,inf,0.16317268528888068,0.0,19.0,0.0,0.0,1.0,0.0,0.0,68.92459099090775
1,pct,0.5,2.5,3,0.5,off,none,4,2,2,0.25,147.50197499999194,0.0,147.50197499999194,0.0,1.1593394372303552,0.0820635967257085,494.65755000000354,118.75,0.25,0.5,0.0,0.25,0.0,36.875493749997986
1,pct,0.5,2.5,3,0.5,off,exchange,4,2,2,0.25,153.4569749999937,353.7865423625,-200.32956736250628,0.17716652618749754,0.8314004321724239,-0.12214150205003216,669.1400062250032,118.75,0.25,0.5,0.0,0.25,0.0,-50.08239184062657
1,pct,0.5,2.5,3,0.5,off,cfd_std,4,2,2,0.25,187.69822500001465,94.5,93.19822500001465,0.04759778451704776,1.0951153558451265,0.05002727310238168,535.2250499999936,118.75,0.25,0.5,0.0,0.25,0.0,23.29955625000366
1,pct,0.5,2.5,3,0.5,off,cfd_raw,4,2,2,0.25,171.32197499999893,80.0,91.32197499999893,0.04018282633468434,1.093587815564458,0.04898956213595404,530.6975499999971,118.75,0.25,0.5,0.0,0.25,0.0,22.830493749999732
1,pct,0.5,2.5,3,0.5,bar,none,21,12,9,0.8095238095238095,2098.268845260245,0.0,2098.268845260245,0.0,5.6160172532911545,0.2351742016686623,430.9661000000051,13.0,0.047619047619047616,0.047619047619047616,0.8571428571428571,0.047619047619047616,0.0,99.91756406001167
1,pct,0.5,2.5,3,0.5,bar,exchange,21,12,9,0.47619047619047616,2102.233845260256,1872.1375858531785,230.09625940707784,0.622514670292796,1.1769829957825755,0.02656207130007175,1005.9312282837782,13.0,0.047619047619047616,0.047619047619047616,0.8571428571428571,0.047619047619047616,0.0,10.956964733670373
1,pct,0.5,2.5,3,0.5,bar,cfd_std,16,9,7,0.75,1943.816049215442,418.5,1525.316049215442,0.15035657936265312,3.904571295248507,0.2246720566137098,471.46321170289593,19.75,0.0625,0.0625,0.8125,0.0625,0.0,95.33225307596513
1,pct,0.5,2.5,3,0.5,bar,cfd_raw,18,10,8,0.7222222222222222,2001.6371877695783,388.0,1613.6371877695783,0.13497559453106506,3.967129017547771,0.2112221843705615,493.40022881355253,16.11111111111111,0.05555555555555555,0.05555555555555555,0.8333333333333334,0.05555555555555555,0.0,89.64651043164324
1,pct,0.5,2.5,3,0.5,tick,none,25,15,10,0.8,1458.0681992563332,0.0,1458.0681992563332,0.0,3.9650107953056337,0.13731277631045974,430.9661000000051,9.0,0.0,0.04,0.96,0.0,0.0,58.322727970253325
1,pct,0.5,2.5,3,0.5,tick,exchange,24,14,10,0.20833333333333334,1488.3793517787417,2140.944690145583,-652.5653383668416,0.8758808234106334,0.587433478875312,-0.06335457066853596,1177.8644842226786,9.416666666666666,0.0,0.041666666666666664,0.9583333333333334,0.0,0.0,-27.190222431951735
1,pct,0.5,2.5,3,0.5,tick,cfd_std,21,12,9,0.6666666666666666,1048.0996148473641,567.0,481.09961484736414,0.20831774347880544,1.4834209667737652,0.05370248052133409,487.2627049262519,11.19047619047619,0.0,0.09523809523809523,0.9047619047619048,0.0,0.0,22.909505468922102
1,pct,0.5,2.5,3,0.5,tick,cfd_raw,21,12,9,0.6666666666666666,1037.1546148473572,462.0,575.1546148473572,0.16906055212412774,1.592244984813979,0.06421653441943599,472.7352049262554,11.19047619047619,0.0,0.09523809523809523,0.9047619047619048,0.0,0.0,27.388314992731292
1,pct,0.5,2.5,3,1.0,off,none,4,2,2,0.25,146.92622499998834,0.0,146.92622499998834,0.0,1.1587174816193475,0.08206359672570639,494.65755000000354,108.0,0.25,0.5,0.0,0.25,0.0,36.731556249997084
1,pct,0.5,2.5,3,1.0,off,exchange,4,2,2,0.25,152.88122500000463,353.7407702375,-200.85954523749535,0.17719469349157901,0.8309543969622563,-0.12214150924352973,669.1400062250032,108.0,0.25,0.5,0.0,0.25,0.0,-50.21488630937384
1,pct,0.5,2.5,3,1.0,off,cfd_std,4,2,2,0.25,187.12247500001104,94.5,92.62247500001104,0.047611591588624075,1.0945277623997776,0.05002722035262256,535.2250499999936,108.0,0.25,0.5,0.0,0.25,0.0,23.15561875000276
1,pct,0.5,2.5,3,1.0,off,cfd_raw,4,2,2,0.25,170.74622500000987,80.0,90.74622500000987,0.040194450199019606,1.0929977803094144,0.0489876553299273,530.6975499999971,108.0,0.25,0.5,0.0,0.25,0.0,22.686556250002468
1,pct,0.5,2.5,3,1.0,bar,none,12,7,5,0.8333333333333334,867.7699697512435,0.0,867.7699697512435,0.0,2.0212656927367196,0.16918600336715636,430.9661000000051,14.25,0.08333333333333333,0.16666666666666666,0.6666666666666666,0.08333333333333333,0.0,72.31416414593696
1,pct,0.5,2.5,3,1.0,bar,exchange,12,7,5,0.4166666666666667,873.7449697512493,1067.177403364365,-193.43243361311562,0.41602989301534665,0.8568339896931436,-0.03857448806414128,755.9081500815228,14.25,0.08333333333333333,0.16666666666666666,0.6666666666666666,0.08333333333333333,0.0,-16.119369467759636
1,pct,0.5,2.5,3,1.0,bar,cfd_std,12,7,5,0.5833333333333334,908.1012197512609,310.5,597.6012197512609,0.12159770122708102,1.6350987658664033,0.11627346051422731,471.46321170289593,14.25,0.08333333333333333,0.16666666666666666,0.6666666666666666,0.08333333333333333,0.0,49.80010164593841
1,pct,0.5,2.5,3,1.0,bar,cfd_raw,12,7,5,0.5833333333333334,891.6699697512668,256.0,635.6699697512668,0.10003630341869105,1.6857592448678353,0.1237332354488593,466.9357117028994,14.25,0.08333333333333333,0.16666666666666666,0.6666666666666666,0.08333333333333333,0.0,52.97249747927223
1,pct,0.5,2.5,3,1.0,tick,none,12,7,5,0.8333333333333334,667.3476297847665,0.0,667.3476297847665,0.0,1.785391593608291,0.13030677638843863,430.9661000000051,12.083333333333334,0.0,0.16666666666666666,0.8333333333333334,0.0,0.0,55.612302482063875
1,pct,0.5,2.5,3,1.0,tick,exchange,12,7,5,0.4166666666666667,671.3476297847665,1069.26662267267,-397.91899288790376,0.4525520020172729,0.7001511276366178,-0.07824541000413555,746.8157361475169,12.083333333333334,0.0,0.16666666666666666,0.8333333333333334,0.0,0.0,-33.15991607399198
1,pct,0.5,2.5,3,1.0,tick,cfd_std,12,7,5,0.6666666666666666,694.347629784781,324.0,370.347629784781,0.13847641403675276,1.405498271908151,0.07216689768569007,471.0332117029029,12.083333333333334,0.0,0.16666666666666666,0.8333333333333334,0.0,0.0,30.862302482065086
1,pct,0.5,2.5,3,1.0,tick,cfd_raw,12,7,5,0.6666666666666666,683.347629784781,264.0,419.347629784781,0.11230464910413324,1.4637185689879966,0.08175632796654354,466.5057117029064,12.083333333333334,0.0,0.16666666666666666,0.8333333333333334,0.0,0.0,34.94563581539842
1,pct,0.5,2.5,3,2.0,off,none,1,1,0,0.0,-422.3775500000047,0.0,-422.3775500000047,0.0,0.0,-1.000000000000011,422.3775500000047,63.0,0.0,1.0,0.0,0.0,0.0,-422.3775500000047
1,pct,0.5,2.5,3,2.0,off,exchange,1,1,0,0.0,-420.38754999999946,88.26531622499999,-508.65286622499946,0.2099617750930067,0.0,-1.2042611313622125,508.6528662250057,63.0,0.0,1.0,0.0,0.0,0.0,-508.65286622499946
1,pct,0.5,2.5,3,2.0,off,cfd_std,1,1,0,0.0,-408.9450499999948,27.0,-435.9450499999948,0.06602354032650681,0.0,-1.032121735636742,435.9450499999948,63.0,0.0,1.0,0.0,0.0,0.0,-435.9450499999948
1,pct,0.5,2.5,3,2.0,off,cfd_raw,1,1,0,0.0,-414.4175499999983,22.0,-436.4175499999983,0.05308655485270856,0.0,-1.0332404030469855,436.4175499999983,63.0,0.0,1.0,0.0,0.0,0.0,-436.4175499999983
1,pct,0.5,2.5,3,2.0,bar,none,1,1,0,1.0,142.44105015179957,0.0,142.44105015179957,0.0,inf,0.337236318908994,0.0,27.0,0.0,0.0,1.0,0.0,0.0,142.44105015179957
1,pct,0.5,2.5,3,2.0,bar,exchange,1,1,0,1.0,142.44105015179957,88.5467305250759,53.89431962672367,0.6216377261380168,inf,0.1275975004512519,0.0,27.0,0.0,0.0,1.0,0.0,0.0,53.89431962672367
1,pct,0.5,2.5,3,2.0,bar,cfd_std,1,1,0,1.0,142.44105015179957,27.0,115.44105015179957,0.18955209871891615,inf,0.2733124668955525,0.0,27.0,0.0,0.0,1.0,0.0,0.0,115.44105015179957
1,pct,0.5,2.5,3,2.0,bar,cfd_raw,1,1,0,1.0,142.44105015179957,22.0,120.44105015179957,0.15444985821541315,inf,0.28515021726841205,0.0,27.0,0.0,0.0,1.0,0.0,0.0,120.44105015179957
1,pct,0.5,2.5,3,2.0,tick,none,1,1,0,1.0,95.9645909909159,0.0,95.9645909909159,0.0,inf,0.22720097455680563,0.0,19.0,0.0,0.0,1.0,0.0,0.0,95.9645909909159
1,pct,0.5,2.5,3,2.0,tick,exchange,1,1,0,1.0,95.9645909909159,88.52349229549546,7.441098695420436,0.9224599550877592,inf,0.017617173771239586,0.0,19.0,0.0,0.0,1.0,0.0,0.0,7.441098695420436
1,pct,0.5,2.5,3,2.0,tick,cfd_std,1,1,0,1.0,95.9645909909159,27.0,68.9645909909159,0.28135377560829544,inf,0.1632771225433641,0.0,19.0,0.0,0.0,1.0,0.0,0.0,68.9645909909159
1,pct,0.5,2.5,3,2.0,tick,cfd_raw,1,1,0,1.0,95.9645909909159,22.0,73.9645909909159,0.22925122456972222,inf,0.17511487291622363,0.0,19.0,0.0,0.0,1.0,0.0,0.0,73.9645909909159
1,pct,0.5,2.5,5,0.5,off,none,3,1,2,0.3333333333333333,581.981500000009,0.0,581.981500000009,0.0,2.176474215039877,0.44275146230095785,494.68274999999267,162.0,0.3333333333333333,0.3333333333333333,0.0,0.3333333333333333,0.0,193.9938333333363
1,pct,0.5,2.5,5,0.5,off,exchange,3,1,2,0.3333333333333333,585.9464999999909,264.070304,321.87619599999095,0.1680550666568242,1.4810079406197376,0.23853325696769057,669.1702336250019,162.0,0.3333333333333333,0.3333333333333333,0.0,0.3333333333333333,0.0,107.29206533333031
1,pct,0.5,2.5,5,0.5,off,cfd_std,3,1,2,0.3333333333333333,608.7452500000072,67.5,541.2452500000072,0.04295954340687949,2.0112003684258157,0.41052920651876024,535.2502499999973,162.0,0.3333333333333333,0.3333333333333333,0.0,0.3333333333333333,0.0,180.41508333333573
1,pct,0.5,2.5,5,0.5,off,cfd_raw,3,1,2,0.3333333333333333,597.841499999995,58.0,539.841499999995,0.036912416382239605,2.017181758272081,0.40952577069827695,530.7227500000008,162.0,0.3333333333333333,0.3333333333333333,0.0,0.3333333333333333,0.0,179.947166666665
1,pct,0.5,2.5,5,0.5,bar,none,14,6,8,0.9285714285714286,2424.224324568626,0.0,2424.224324568626,0.0,217.0218102192931,0.40568433653142816,11.222127627333975,18.142857142857142,0.07142857142857142,0.0,0.8571428571428571,0.07142857142857142,0.0,173.15888032633043
1,pct,0.5,2.5,5,0.5,bar,exchange,14,6,8,0.5714285714285714,2426.1993245686317,1246.163269929635,1180.0360546389968,0.5089198281848603,3.7767732873844495,0.1970944978997897,218.97833643018384,18.142857142857142,0.07142857142857142,0.0,0.8571428571428571,0.07142857142857142,0.0,84.2882896170712
1,pct,0.5,2.5,5,0.5,bar,cfd_std,12,5,7,0.9166666666666666,2385.3606860144937,310.5,2074.8606860144937,0.13016899365386514,85.93085083974977,0.404930450314561,24.429999999993015,24.333333333333332,0.08333333333333333,0.0,0.8333333333333334,0.08333333333333333,0.0,172.90505716787447
1,pct,0.5,2.5,5,0.5,bar,cfd_raw,14,6,8,0.7857142857142857,2432.1243245686346,300.0,2132.1243245686346,0.12222107072746614,36.21265477578055,0.35669953345808164,33.222127627333975,18.142857142857142,0.07142857142857142,0.0,0.8571428571428571,0.07142857142857142,0.0,152.29459461204533
1,pct,0.5,2.5,5,0.5,tick,none,16,8,8,0.875,1808.922152144427,0.0,1808.922152144427,0.0,45.278352472342604,0.26518795148806557,29.768592422246,13.375,0.0,0.0,1.0,0.0,0.0,113.05763450902668
1,pct,0.5,2.5,5,0.5,tick,exchange,16,8,8,0.375,1808.922152144427,1425.2395522173215,383.68259992710546,0.7538441214013227,1.608474595025538,0.05585819763935053,327.1673380252905,13.375,0.0,0.0,1.0,0.0,0.0,23.98016249544409
1,pct,0.5,2.5,5,0.5,tick,cfd_std,16,8,8,0.8125,1509.3365281501028,432.0,1077.3365281501028,0.18590076701576239,3.2993562332756343,0.157031414901824,448.16180730311316,12.8125,0.0,0.0625,0.9375,0.0,0.0,67.33353300938143
1,pct,0.5,2.5,5,0.5,tick,cfd_raw,16,8,8,0.75,1425.9762945666735,352.0,1073.9762945666735,0.1548222614669471,3.1824543223442583,0.15658978354615835,443.63430730311666,12.6875,0.0,0.0625,0.9375,0.0,0.0,67.12351841041709
1,pct,0.5,2.5,5,1.0,off,none,3,1,2,0.3333333333333333,578.7047500000044,0.0,578.7047500000044,0.0,2.1698502727253235,0.4427514623009543,494.68274999999267,150.0,0.3333333333333333,0.3333333333333333,0.0,0.3333333333333333,0.0,192.9015833333348
1,pct,0.5,2.5,5,1.0,off,exchange,3,1,2,0.3333333333333333,582.6697500000009,263.809802375,318.8599476250009,0.16824011932934071,1.4765004950947769,0.2385332025939794,669.1702336250019,150.0,0.3333333333333333,0.3333333333333333,0.0,0.3333333333333333,0.0,106.28664920833364
1,pct,0.5,2.5,5,1.0,off,cfd_std,3,1,2,0.3333333333333333,605.4685000000027,67.5,537.9685000000027,0.04304932049039242,2.0050784656336087,0.41052880779784173,535.2502499999973,150.33333333333334,0.3333333333333333,0.3333333333333333,0.0,0.3333333333333333,0.0,179.32283333333422
1,pct,0.5,2.5,5,1.0,off,cfd_raw,3,1,2,0.3333333333333333,594.564750000005,58.0,536.564750000005,0.036989554118029365,2.011007630632009,0.40951135767557895,530.7227500000008,150.33333333333334,0.3333333333333333,0.3333333333333333,0.0,0.3333333333333333,0.0,178.85491666666834
1,pct,0.5,2.5,5,1.0,bar,none,9,3,6,1.0,1672.3536325046007,0.0,1672.3536325046007,0.0,inf,0.4360427363573016,0.0,12.666666666666666,0.1111111111111111,0.0,0.7777777777777778,0.1111111111111111,0.0,185.81707027828895
1,pct,0.5,2.5,5,1.0,bar,exchange,9,3,6,0.5555555555555556,1674.3286325046065,799.0733619741018,875.2552705305047,0.47725001320605637,4.155373654141554,0.2277965700446054,186.85756813790067,12.666666666666666,0.1111111111111111,0.0,0.7777777777777778,0.1111111111111111,0.0,97.25058561450052
1,pct,0.5,2.5,5,1.0,bar,cfd_std,9,3,6,0.6666666666666666,1685.6848825046036,229.5,1456.1848825046036,0.13614644254210023,34.24121618638259,0.3795249440397182,24.429999999993015,12.666666666666666,0.1111111111111111,0.0,0.7777777777777778,0.1111111111111111,0.0,161.79832027828928
1,pct,0.5,2.5,5,1.0,bar,cfd_raw,9,3,6,0.6666666666666666,1680.2536325046094,190.0,1490.2536325046094,0.11307816648893855,52.73305033442789,0.3884423616245111,19.429999999993015,12.666666666666666,0.1111111111111111,0.0,0.7777777777777778,0.1111111111111111,0.0,165.5837369449566
1,pct,0.5,2.5,5,1.0,tick,none,9,3,6,1.0,1500.8936133755487,0.0,1500.8936133755487,0.0,inf,0.3917424870342712,0.0,10.333333333333334,0.0,0.0,1.0,0.0,0.0,166.76595704172763
1,pct,0.5,2.5,5,1.0,tick,exchange,9,3,6,0.5555555555555556,1500.8936133755487,801.1667230245055,699.7268903510433,0.5337931455532419,4.118396577891288,0.18243964328822013,148.80697510857135,10.333333333333334,0.0,0.0,1.0,0.0,0.0,77.74743226122703
1,pct,0.5,2.5,5,1.0,tick,cfd_std,9,3,6,1.0,1500.8936133755487,243.0,1257.8936133755487,0.16190354721643907,inf,0.32825491358359526,0.0,10.333333333333334,0.0,0.0,1.0,0.0,0.0,139.76595704172763
1,pct,0.5,2.5,5,1.0,tick,cfd_raw,9,3,6,1.0,1500.8936133755487,198.0,1302.8936133755487,0.13192140884302442,inf,0.34001187163001667,0.0,10.333333333333334,0.0,0.0,1.0,0.0,0.0,144.76595704172763
1,pct,0.5,2.5,5,2.0,off,none,2,1,1,0.0,-849.7820499999943,0.0,-849.7820499999943,0.0,0.0,-0.9999999999999932,849.7820499999943,67.5,0.0,1.0,0.0,0.0,0.0,-424.89102499999717
1,pct,0.5,2.5,5,2.0,off,exchange,2,1,1,0.0,-845.7820500000089,177.95888827500002,-1023.740938275009,0.21040750187947138,0.0,-1.2047073905951176,1023.7409382750047,67.5,0.0,1.0,0.0,0.0,0.0,-511.8704691375045
1,pct,0.5,2.5,5,2.0,off,cfd_std,2,1,1,0.0,-822.7820499999943,54.0,-876.7820499999943,0.06563098939749643,0.0,-1.0317748729134872,876.7820499999943,67.5,0.0,1.0,0.0,0.0,0.0,-438.39102499999717
1,pct,0.5,2.5,5,2.0,off,cfd_raw,2,1,1,0.0,-833.7820500000089,44.0,-877.7820500000089,0.052771584612548966,0.0,-1.0329513065547382,877.7820500000089,67.5,0.0,1.0,0.0,0.0,0.0,-438.89102500000445
1,pct,0.5,2.5,5,2.0,bar,none,2,1,1,1.0,157.92226127498725,0.0,157.92226127498725,0.0,inf,0.18665042463573775,0.0,16.0,0.0,0.0,1.0,0.0,0.0,78.96113063749362
1,pct,0.5,2.5,5,2.0,bar,exchange,2,1,1,0.5,157.92226127498725,178.01484991951432,-20.09258864452707,1.1272308823487538,0.7085681786677351,-0.02283339387202135,68.94438827123668,16.0,0.0,0.0,1.0,0.0,0.0,-10.046294322263535
1,pct,0.5,2.5,5,2.0,bar,cfd_std,2,1,1,0.5,157.92226127498725,54.0,103.92226127498725,0.34194039246924635,17.040383974705087,0.12310253957544541,6.478788876804174,16.0,0.0,0.0,1.0,0.0,0.0,51.961130637493625
1,pct,0.5,2.5,5,2.0,bar,cfd_raw,2,1,1,0.5,157.92226127498725,44.0,113.92226127498725,0.27861809756753403,78.03754272292461,0.13487066643846252,1.478788876804174,16.0,0.0,0.0,1.0,0.0,0.0,56.961130637493625
1,pct,0.5,2.5,5,2.0,tick,none,2,1,1,1.0,119.39580211410066,0.0,119.39580211410066,0.0,inf,0.14093690635708905,0.0,11.5,0.0,0.0,1.0,0.0,0.0,59.69790105705033
1,pct,0.5,2.5,5,2.0,tick,exchange,2,1,1,0.5,119.39580211410066,177.98763668993388,-58.591834575833204,1.4907361359308084,0.039327142853500155,-0.06851475451991619,60.99041327123996,11.5,0.0,0.0,1.0,0.0,0.0,-29.295917287916602
1,pct,0.5,2.5,5,2.0,tick,cfd_std,2,1,1,1.0,119.39580211410066,54.0,65.39580211410066,0.45227720777314157,inf,0.07738902129679671,0.0,11.5,0.0,0.0,1.0,0.0,0.0,32.69790105705033
1,pct,0.5,2.5,5,2.0,tick,cfd_raw,2,1,1,1.0,119.39580211410066,44.0,75.39580211410066,0.3685221692966339,inf,0.08915714815981382,0.0,11.5,0.0,0.0,1.0,0.0,0.0,37.69790105705033
1,pct,0.5,2.5,8,0.5,off,none,3,1,2,0.3333333333333333,544.8983750000043,0.0,544.8983750000043,0.0,2.031393573219664,0.4160816808670585,528.3127499999973,146.66666666666666,0.3333333333333333,0.3333333333333333,0.0,0.3333333333333333,0.0,181.6327916666681
1,pct,0.5,2.5,8,0.5,off,exchange,3,1,2,0.3333333333333333,548.8633749999863,263.77896556250005,285.0844094374862,0.16470652750051112,1.4056504491743032,0.21184881701112554,702.7834186249966,146.66666666666666,0.3333333333333333,0.3333333333333333,0.0,0.3333333333333333,0.0,95.02813647916207
1,pct,0.5,2.5,8,0.5,off,cfd_std,3,1,2,0.3333333333333333,571.6621250000026,67.5,504.16212500000256,0.04215002270247039,1.8862359433290237,0.38385045715920557,568.880250000002,146.66666666666666,0.3333333333333333,0.3333333333333333,0.0,0.3333333333333333,0.0,168.05404166666753
1,pct,0.5,2.5,8,0.5,off,cfd_raw,3,1,2,0.3333333333333333,560.7583749999903,58.0,502.75837499999034,0.03621686439851786,1.8908583771408671,0.382833833175801,564.3527500000055,146.66666666666666,0.3333333333333333,0.3333333333333333,0.0,0.3333333333333333,0.0,167.58612499999677
1,pct,0.5,2.5,8,0.5,bar,none,12,4,8,0.9166666666666666,1891.3528285355278,0.0,1891.3528285355278,0.0,150.2923157002118,0.3692415870559062,12.668788876806502,12.0,0.08333333333333333,0.0,0.9166666666666666,0.0,0.0,157.612735711294
1,pct,0.5,2.5,8,0.5,bar,exchange,12,4,8,0.3333333333333333,1893.3278285355336,1067.5980052816024,825.7298232539313,0.5564274009330386,3.062557714216664,0.16074854400200037,217.15353486665117,12.0,0.08333333333333333,0.0,0.9166666666666666,0.0,0.0,68.81081860449427
1,pct,0.5,2.5,8,0.5,bar,cfd_std,12,4,8,0.8333333333333334,2005.017942532082,310.5,1694.517942532082,0.15486145705403417,56.629459935884555,0.33064587198918516,30.46080160557176,13.333333333333334,0.08333333333333333,0.0,0.9166666666666666,0.0,0.0,141.20982854434018
1,pct,0.5,2.5,8,0.5,bar,cfd_raw,12,4,8,0.8333333333333334,1999.586692532088,256.0,1743.586692532088,0.12802645714541427,86.21595224584384,0.34025592629697826,20.46080160557176,13.333333333333334,0.08333333333333333,0.0,0.9166666666666666,0.0,0.0,145.29889104434065
1,pct,0.5,2.5,8,0.5,tick,none,12,4,8,0.9166666666666666,1488.0946424245049,0.0,1488.0946424245049,0.0,316.35520687051235,0.2909484194367694,4.718788876809413,9.083333333333334,0.0,0.0,1.0,0.0,0.0,124.00788686870874
1,pct,0.5,2.5,8,0.5,tick,exchange,12,4,8,0.4166666666666667,1488.0946424245049,1069.7616676819137,418.3329747425913,0.7143496836112622,2.1682891620520124,0.08164923223959879,317.033232111673,9.083333333333334,0.0,0.0,1.0,0.0,0.0,34.861081228549274
1,pct,0.5,2.5,8,0.5,tick,cfd_std,12,4,8,0.9166666666666666,1538.7672151604347,324.0,1214.7672151604347,0.21055816422903134,158.7008655060169,0.2374383094936674,7.702983818526263,10.25,0.0,0.0,1.0,0.0,0.0,101.23060126336956
1,pct,0.5,2.5,8,0.5,tick,cfd_raw,12,4,8,0.8333333333333334,1488.0946424245049,264.0,1224.0946424245049,0.17629002998586474,42.605060820096824,0.23929369695910596,26.718788876809413,9.083333333333334,0.0,0.0,1.0,0.0,0.0,102.00788686870874
1,pct,0.5,2.5,8,1.0,off,none,4,2,2,0.25,111.63654999999562,0.0,111.63654999999562,0.0,1.1165658943693832,0.06206126065028868,528.3127499999973,53.0,0.25,0.5,0.0,0.25,0.0,27.909137499998906
1,pct,0.5,2.5,8,1.0,off,exchange,4,2,2,0.25,117.59154999999737,353.138022275,-235.54647227500263,0.17438437168473586,0.806906765641676,-0.14215925466894314,702.7834186250111,53.0,0.25,0.5,0.0,0.25,0.0,-58.88661806875066
1,pct,0.5,2.5,8,1.0,off,cfd_std,4,2,2,0.25,151.83279999998922,94.5,57.33279999998922,0.04693257854489831,1.0566615336439853,0.029988369774344714,568.880250000002,50.5,0.25,0.5,0.0,0.25,0.0,14.333199999997305
1,pct,0.5,2.5,8,1.0,off,cfd_raw,4,2,2,0.25,135.4565500000026,80.0,55.45655000000261,0.039622782198345745,1.0550277763183191,0.028938331288010016,564.3527500000055,53.0,0.25,0.5,0.0,0.25,0.0,13.864137500000652
1,pct,0.5,2.5,8,1.0,bar,none,5,3,2,1.0,1352.7077946832433,0.0,1352.7077946832433,0.0,inf,0.6342837181853221,0.0,12.2,0.2,0.0,0.8,0.0,0.0,270.54155893664864
1,pct,0.5,2.5,8,1.0,bar,exchange,5,3,2,0.4,1354.682794683249,441.79600489301254,912.8867897902367,0.3261250579301208,8.589851565071907,0.4269260265603466,75.78470887815638,12.2,0.2,0.0,0.8,0.0,0.0,182.57735795804734
1,pct,0.5,2.5,8,1.0,bar,cfd_std,5,3,2,0.8,1366.0390446832462,121.5,1244.5390446832462,0.0889432849470076,97.49221792645506,0.583183294420072,12.897817787044914,12.2,0.2,0.0,0.8,0.0,0.0,248.90780893664925
1,pct,0.5,2.5,8,1.0,bar,cfd_raw,5,3,2,0.8,1360.607794683252,102.0,1258.607794683252,0.07496649688365595,160.3614627002149,0.5898584234048474,7.897817787044914,12.2,0.2,0.0,0.8,0.0,0.0,251.7215589366504
1,pct,0.5,2.5,8,1.0,tick,none,5,3,2,1.0,1136.2475582955085,0.0,1136.2475582955085,0.0,inf,0.5333212894312755,0.0,9.6,0.0,0.0,1.0,0.0,0.0,227.2495116591017
1,pct,0.5,2.5,8,1.0,tick,exchange,5,3,2,0.8,1136.2475582955085,443.9118660520454,692.3356922434631,0.39068234981992844,12.948434123052394,0.32405099172299817,57.94363387816702,9.6,0.0,0.0,1.0,0.0,0.0,138.46713844869262
1,pct,0.5,2.5,8,1.0,tick,cfd_std,5,3,2,1.0,1136.2475582955085,135.0,1001.2475582955085,0.11881213650528259,inf,0.4696752596264586,0.0,9.6,0.0,0.0,1.0,0.0,0.0,200.2495116591017
1,pct,0.5,2.5,8,1.0,tick,cfd_raw,5,3,2,1.0,1136.2475582955085,110.0,1026.2475582955085,0.09680988900430433,inf,0.48146156144216545,0.0,9.6,0.0,0.0,1.0,0.0,0.0,205.2495116591017
1,pct,0.5,2.5,8,2.0,off,none,1,1,0,0.0,-422.40274999999383,0.0,-422.40274999999383,0.0,0.0,-0.9999999999999853,422.40274999999383,63.0,0.0,1.0,0.0,0.0,0.0,-422.40274999999383
1,pct,0.5,2.5,8,2.0,off,exchange,1,1,0,0.0,-420.41275000000314,88.27034362500001,-508.68309362500315,0.20996114800276477,0.0,-1.2042608473193015,508.6830936250044,63.0,0.0,1.0,0.0,0.0,0.0,-508.68309362500315
1,pct,0.5,2.5,8,2.0,off,cfd_std,1,1,0,0.0,-408.9702499999985,27.0,-435.9702499999985,0.06601947207651437,0.0,-1.0321198192956804,435.9702499999985,63.0,0.0,1.0,0.0,0.0,0.0,-435.9702499999985
1,pct,0.5,2.5,8,2.0,off,cfd_raw,1,1,0,0.0,-414.442750000002,22.0,-436.442750000002,0.05308332694925872,0.0,-1.0332384199676776,436.442750000002,63.0,0.0,1.0,0.0,0.0,0.0,-436.442750000002
1,pct,0.5,2.5,8,2.0,bar,none,1,1,0,1.0,137.40105015179142,0.0,137.40105015179142,0.0,inf,0.3252844593265347,0.0,27.0,0.0,0.0,1.0,0.0,0.0,137.40105015179142
1,pct,0.5,2.5,8,2.0,bar,exchange,1,1,0,1.0,137.40105015179142,88.5492505250759,48.85179962671552,0.6444583242067848,inf,0.11565218177844608,0.0,27.0,0.0,0.0,1.0,0.0,0.0,48.85179962671552
1,pct,0.5,2.5,8,2.0,bar,cfd_std,1,1,0,1.0,137.40105015179142,27.0,110.40105015179142,0.19650504832511992,inf,0.2613644209271635,0.0,27.0,0.0,0.0,1.0,0.0,0.0,110.40105015179142
1,pct,0.5,2.5,8,2.0,bar,cfd_raw,1,1,0,1.0,137.40105015179142,22.0,115.40105015179142,0.16011522456120883,inf,0.2732014650751952,0.0,27.0,0.0,0.0,1.0,0.0,0.0,115.40105015179142
1,pct,0.5,2.5,8,2.0,tick,none,1,1,0,1.0,90.92459099090775,0.0,90.92459099090775,0.0,inf,0.21525567954022018,0.0,19.0,0.0,0.0,1.0,0.0,0.0,90.92459099090775
1,pct,0.5,2.5,8,2.0,tick,exchange,1,1,0,1.0,90.92459099090775,88.52601229549546,2.398578695412283,0.9736201321416762,inf,0.005678416382024698,0.0,19.0,0.0,0.0,1.0,0.0,0.0,2.398578695412283
1,pct,0.5,2.5,8,2.0,tick,cfd_std,1,1,0,1.0,90.92459099090775,27.0,63.924590990907745,0.29694936986518794,inf,0.15133564114084896,0.0,19.0,0.0,0.0,1.0,0.0,0.0,63.924590990907745
1,pct,0.5,2.5,8,2.0,tick,cfd_raw,1,1,0,1.0,90.92459099090775,22.0,68.92459099090775,0.24195874581607907,inf,0.16317268528888068,0.0,19.0,0.0,0.0,1.0,0.0,0.0,68.92459099090775
1,pct,0.5,3.0,3,0.5,off,none,4,2,2,0.25,362.1441999999952,0.0,362.1441999999952,0.0,1.3912073246764294,0.2070635967257104,494.65755000000354,118.75,0.25,0.5,0.0,0.25,0.0,90.5360499999988
1,pct,0.5,3.0,3,0.5,off,exchange,4,2,2,0.25,368.0942000000068,353.67922375,14.414976250006816,0.15992350339863023,1.0121318025990544,0.002918084671844845,669.1400062250032,118.75,0.25,0.5,0.0,0.25,0.0,3.603744062501704
1,pct,0.5,3.0,3,0.5,off,cfd_std,4,2,2,0.25,402.30670000001555,94.5,307.80670000001555,0.04295464307873436,1.3141384270141518,0.17500761830240055,535.2250499999936,119.75,0.25,0.5,0.0,0.25,0.0,76.95167500000389
1,pct,0.5,3.0,3,0.5,off,cfd_raw,4,2,2,0.25,385.9441999999981,80.0,305.9441999999981,0.036272583934192595,1.3135351525480674,0.17397791484707545,530.6975499999971,119.75,0.25,0.5,0.0,0.25,0.0,76.48604999999952
1,pct,0.5,3.0,3,0.5,bar,none,21,12,9,0.8095238095238095,2312.1385452602553,0.0,2312.1385452602553,0.0,6.086512837013081,0.2589837254781872,430.9661000000051,13.142857142857142,0.047619047619047616,0.047619047619047616,0.8571428571428571,0.047619047619047616,0.0,110.10183548858359
1,pct,0.5,3.0,3,0.5,bar,exchange,21,12,9,0.47619047619047616,2316.0985452602617,1872.0306535031784,444.0678917570832,0.5811515027213368,1.3415634222674528,0.0503829429569737,1005.9312282837782,13.142857142857142,0.047619047619047616,0.047619047619047616,0.8571428571428571,0.047619047619047616,0.0,21.14609008367063
1,pct,0.5,3.0,3,0.5,bar,cfd_std,16,9,7,0.75,2157.65199921545,418.5,1739.15199921545,0.13962942237569478,4.311766749975209,0.25591712516479603,471.46321170289593,20.0625,0.0625,0.0625,0.8125,0.0625,0.0,108.69699995096562
1,pct,0.5,3.0,3,0.5,bar,cfd_raw,18,10,8,0.7222222222222222,2215.48688776957,388.0,1827.4868877695699,0.12562962757532836,4.360352261950632,0.2389973645126958,493.40022881355253,16.38888888888889,0.05555555555555555,0.05555555555555555,0.8333333333333334,0.05555555555555555,0.0,101.52704932053166
1,pct,0.5,3.0,3,0.5,tick,none,25,15,10,0.8,1458.0681992563332,0.0,1458.0681992563332,0.0,3.9650107953056337,0.13731277631045974,430.9661000000051,9.0,0.0,0.04,0.96,0.0,0.0,58.322727970253325
1,pct,0.5,3.0,3,0.5,tick,exchange,24,14,10,0.20833333333333334,1488.3793517787417,2140.944690145583,-652.5653383668416,0.8758808234106334,0.587433478875312,-0.06335457066853596,1177.8644842226786,9.416666666666666,0.0,0.041666666666666664,0.9583333333333334,0.0,0.0,-27.190222431951735
1,pct,0.5,3.0,3,0.5,tick,cfd_std,21,12,9,0.6666666666666666,1048.0996148473641,567.0,481.09961484736414,0.20831774347880544,1.4834209667737652,0.05370248052133409,487.2627049262519,11.19047619047619,0.0,0.09523809523809523,0.9047619047619048,0.0,0.0,22.909505468922102
1,pct,0.5,3.0,3,0.5,tick,cfd_raw,21,12,9,0.6666666666666666,1037.1546148473572,462.0,575.1546148473572,0.16906055212412774,1.592244984813979,0.06421653441943599,472.7352049262554,11.19047619047619,0.0,0.09523809523809523,0.9047619047619048,0.0,0.0,27.388314992731292
1,pct,0.5,3.0,3,1.0,off,none,4,2,2,0.25,361.45329999999376,0.0,361.45329999999376,0.0,1.3904609779432233,0.2070635967257095,494.65755000000354,109.0,0.25,0.5,0.0,0.25,0.0,90.36332499999844
1,pct,0.5,3.0,3,1.0,off,exchange,4,2,2,0.25,367.4033000000054,353.6335092,13.769790800005353,0.15995280265395145,1.0115888074262946,0.0029180759146029134,669.1400062249886,109.0,0.25,0.5,0.0,0.25,0.0,3.4424477000013383
1,pct,0.5,3.0,3,1.0,off,cfd_std,4,2,2,0.25,401.61580000001413,94.5,307.11580000001413,0.04296813705753573,1.3134333148797361,0.1750075550026912,535.2250499999936,109.0,0.25,0.5,0.0,0.25,0.0,76.77895000000353
1,pct,0.5,3.0,3,1.0,off,cfd_raw,4,2,2,0.25,385.25329999999667,80.0,305.25329999999667,0.036283950211889356,1.3128271102420002,0.17397600178921854,530.6975499999971,109.0,0.25,0.5,0.0,0.25,0.0,76.31332499999917
1,pct,0.5,3.0,3,1.0,bar,none,12,7,5,0.8333333333333334,1081.6396697512537,0.0,1081.6396697512537,0.0,2.272965791771625,0.21085267003382502,430.9661000000051,14.5,0.08333333333333333,0.16666666666666666,0.6666666666666666,0.08333333333333333,0.0,90.1366391459378
1,pct,0.5,3.0,3,1.0,bar,exchange,12,7,5,0.4166666666666667,1087.6096697512548,1067.0704710143652,20.539198736889773,0.38397494569888513,1.0152017688199149,0.003112037335437167,755.9081500815228,14.5,0.08333333333333333,0.16666666666666666,0.6666666666666666,0.08333333333333333,0.0,1.7115998947408144
1,pct,0.5,3.0,3,1.0,bar,cfd_std,12,7,5,0.5833333333333334,1121.9371697512688,310.5,811.4371697512688,0.1122016829724536,1.8623522309771368,0.1579335519156756,471.46321170289593,14.666666666666666,0.08333333333333333,0.16666666666666666,0.6666666666666666,0.08333333333333333,0.0,67.61976414593907
1,pct,0.5,3.0,3,1.0,bar,cfd_raw,12,7,5,0.5833333333333334,1105.5196697512583,256.0,849.5196697512583,0.09232142945617182,1.916459790379825,0.16539600566206067,466.9357117028994,14.666666666666666,0.08333333333333333,0.16666666666666666,0.6666666666666666,0.08333333333333333,0.0,70.79330581260486
1,pct,0.5,3.0,3,1.0,tick,none,12,7,5,0.8333333333333334,667.3476297847665,0.0,667.3476297847665,0.0,1.785391593608291,0.13030677638843863,430.9661000000051,12.083333333333334,0.0,0.16666666666666666,0.8333333333333334,0.0,0.0,55.612302482063875
1,pct,0.5,3.0,3,1.0,tick,exchange,12,7,5,0.4166666666666667,671.3476297847665,1069.26662267267,-397.91899288790376,0.4525520020172729,0.7001511276366178,-0.07824541000413555,746.8157361475169,12.083333333333334,0.0,0.16666666666666666,0.8333333333333334,0.0,0.0,-33.15991607399198
1,pct,0.5,3.0,3,1.0,tick,cfd_std,12,7,5,0.6666666666666666,694.347629784781,324.0,370.347629784781,0.13847641403675276,1.405498271908151,0.07216689768569007,471.0332117029029,12.083333333333334,0.0,0.16666666666666666,0.8333333333333334,0.0,0.0,30.862302482065086
1,pct,0.5,3.0,3,1.0,tick,cfd_raw,12,7,5,0.6666666666666666,683.347629784781,264.0,419.347629784781,0.11230464910413324,1.4637185689879966,0.08175632796654354,466.5057117029064,12.083333333333334,0.0,0.16666666666666666,0.8333333333333334,0.0,0.0,34.94563581539842
1,pct,0.5,3.0,3,2.0,off,none,1,1,0,0.0,-422.3775500000047,0.0,-422.3775500000047,0.0,0.0,-1.000000000000011,422.3775500000047,63.0,0.0,1.0,0.0,0.0,0.0,-422.3775500000047
1,pct,0.5,3.0,3,2.0,off,exchange,1,1,0,0.0,-420.38754999999946,88.26531622499999,-508.65286622499946,0.2099617750930067,0.0,-1.2042611313622125,508.6528662250057,63.0,0.0,1.0,0.0,0.0,0.0,-508.65286622499946
1,pct,0.5,3.0,3,2.0,off,cfd_std,1,1,0,0.0,-408.9450499999948,27.0,-435.9450499999948,0.06602354032650681,0.0,-1.032121735636742,435.9450499999948,63.0,0.0,1.0,0.0,0.0,0.0,-435.9450499999948
1,pct,0.5,3.0,3,2.0,off,cfd_raw,1,1,0,0.0,-414.4175499999983,22.0,-436.4175499999983,0.05308655485270856,0.0,-1.0332404030469855,436.4175499999983,63.0,0.0,1.0,0.0,0.0,0.0,-436.4175499999983
1,pct,0.5,3.0,3,2.0,bar,none,1,1,0,1.0,142.44105015179957,0.0,142.44105015179957,0.0,inf,0.337236318908994,0.0,27.0,0.0,0.0,1.0,0.0,0.0,142.44105015179957
1,pct,0.5,3.0,3,2.0,bar,exchange,1,1,0,1.0,142.44105015179957,88.5467305250759,53.89431962672367,0.6216377261380168,inf,0.1275975004512519,0.0,27.0,0.0,0.0,1.0,0.0,0.0,53.89431962672367
1,pct,0.5,3.0,3,2.0,bar,cfd_std,1,1,0,1.0,142.44105015179957,27.0,115.44105015179957,0.18955209871891615,inf,0.2733124668955525,0.0,27.0,0.0,0.0,1.0,0.0,0.0,115.44105015179957
1,pct,0.5,3.0,3,2.0,bar,cfd_raw,1,1,0,1.0,142.44105015179957,22.0,120.44105015179957,0.15444985821541315,inf,0.28515021726841205,0.0,27.0,0.0,0.0,1.0,0.0,0.0,120.44105015179957
1,pct,0.5,3.0,3,2.0,tick,none,1,1,0,1.0,95.9645909909159,0.0,95.9645909909159,0.0,inf,0.22720097455680563,0.0,19.0,0.0,0.0,1.0,0.0,0.0,95.9645909909159
1,pct,0.5,3.0,3,2.0,tick,exchange,1,1,0,1.0,95.9645909909159,88.52349229549546,7.441098695420436,0.9224599550877592,inf,0.017617173771239586,0.0,19.0,0.0,0.0,1.0,0.0,0.0,7.441098695420436
1,pct,0.5,3.0,3,2.0,tick,cfd_std,1,1,0,1.0,95.9645909909159,27.0,68.9645909909159,0.28135377560829544,inf,0.1632771225433641,0.0,19.0,0.0,0.0,1.0,0.0,0.0,68.9645909909159
1,pct,0.5,3.0,3,2.0,tick,cfd_raw,1,1,0,1.0,95.9645909909159,22.0,73.9645909909159,0.22925122456972222,inf,0.17511487291622363,0.0,19.0,0.0,0.0,1.0,0.0,0.0,73.9645909909159
1,pct,0.5,3.0,5,0.5,off,none,3,1,2,0.3333333333333333,797.3143500000006,0.0,797.3143500000006,0.0,2.6117690580478343,0.609418128967618,494.68274999999267,162.66666666666666,0.3333333333333333,0.3333333333333333,0.0,0.3333333333333333,0.0,265.7714500000002
1,pct,0.5,3.0,5,0.5,off,exchange,3,1,2,0.3333333333333333,801.2743499999924,263.962640075,537.3117099249924,0.14774084729950168,1.8029521979994376,0.40527938505497607,669.1702336250019,162.66666666666666,0.3333333333333333,0.3333333333333333,0.0,0.3333333333333333,0.0,179.1039033083308
1,pct,0.5,3.0,5,0.5,off,cfd_std,3,1,2,0.3333333333333333,824.0443499999965,67.5,756.5443499999965,0.037782426788781895,2.413440442110957,0.577169750835763,535.2502499999973,162.66666666666666,0.3333333333333333,0.3333333333333333,0.0,0.3333333333333333,0.0,252.18144999999882
1,pct,0.5,3.0,5,0.5,off,cfd_raw,3,1,2,0.3333333333333333,813.1543499999971,58.0,755.1543499999971,0.03246390063225408,2.422879177498978,0.5761769574540384,530.7227500000008,162.66666666666666,0.3333333333333333,0.3333333333333333,0.0,0.3333333333333333,0.0,251.71811666666568
1,pct,0.5,3.0,5,0.5,bar,none,14,6,8,0.9285714285714286,2638.094024568636,0.0,2638.094024568636,0.0,236.07966690228815,0.44139862224571563,11.222127627333975,18.357142857142858,0.07142857142857142,0.0,0.8571428571428571,0.07142857142857142,0.0,188.4352874691883
1,pct,0.5,3.0,5,0.5,bar,exchange,14,6,8,0.5714285714285714,2640.0640245686373,1246.0563375796348,1394.0076869890022,0.46800092492569756,4.2802754563493695,0.23282580538514264,218.97833643018384,18.357142857142858,0.07142857142857142,0.0,0.8571428571428571,0.07142857142857142,0.0,99.57197764207159
1,pct,0.5,3.0,5,0.5,bar,cfd_std,12,5,7,0.9166666666666666,2599.1966360145016,310.5,2288.6966360145016,0.11945998840476632,94.6838573890772,0.44659054171600926,24.429999999993015,24.75,0.08333333333333333,0.0,0.8333333333333334,0.08333333333333333,0.0,190.72471966787512
1,pct,0.5,3.0,5,0.5,bar,cfd_raw,14,6,8,0.7857142857142857,2645.974024568626,300.0,2345.974024568626,0.11242615232716302,39.7444449126092,0.3924104793551114,33.222127627333975,18.5,0.07142857142857142,0.0,0.8571428571428571,0.07142857142857142,0.0,167.5695731834733
1,pct,0.5,3.0,5,0.5,tick,none,16,8,8,0.875,1808.922152144427,0.0,1808.922152144427,0.0,45.278352472342604,0.26518795148806557,29.768592422246,13.375,0.0,0.0,1.0,0.0,0.0,113.05763450902668
1,pct,0.5,3.0,5,0.5,tick,exchange,16,8,8,0.375,1808.922152144427,1425.2395522173215,383.68259992710546,0.7538441214013227,1.608474595025538,0.05585819763935053,327.1673380252905,13.375,0.0,0.0,1.0,0.0,0.0,23.98016249544409
1,pct,0.5,3.0,5,0.5,tick,cfd_std,16,8,8,0.8125,1509.3365281501028,432.0,1077.3365281501028,0.18590076701576239,3.2993562332756343,0.157031414901824,448.16180730311316,12.8125,0.0,0.0625,0.9375,0.0,0.0,67.33353300938143
1,pct,0.5,3.0,5,0.5,tick,cfd_raw,16,8,8,0.75,1425.9762945666735,352.0,1073.9762945666735,0.1548222614669471,3.1824543223442583,0.15658978354615835,443.63430730311666,12.6875,0.0,0.0625,0.9375,0.0,0.0,67.12351841041709
1,pct,0.5,3.0,5,1.0,off,none,3,1,2,0.3333333333333333,793.3822500000097,0.0,793.3822500000097,0.0,2.6038203272704,0.6094181289676252,494.68274999999267,150.33333333333334,0.3333333333333333,0.3333333333333333,0.0,0.3333333333333333,0.0,264.4607500000032
1,pct,0.5,3.0,5,1.0,off,exchange,3,1,2,0.3333333333333333,797.3422500000015,263.702466125,533.6397838750016,0.14792077260535108,1.7974649155928377,0.4052793188614044,669.1702336250019,150.33333333333334,0.3333333333333333,0.3333333333333333,0.0,0.3333333333333333,0.0,177.87992795833387
1,pct,0.5,3.0,5,1.0,off,cfd_std,3,1,2,0.3333333333333333,820.1122500000056,67.5,752.6122500000056,0.03786576753700432,2.4060941587603355,0.5771692723706722,535.2502499999973,150.33333333333334,0.3333333333333333,0.3333333333333333,0.0,0.3333333333333333,0.0,250.87075000000186
1,pct,0.5,3.0,5,1.0,off,cfd_raw,3,1,2,0.3333333333333333,809.2222500000062,58.0,751.2222500000062,0.03253550752797303,2.4154702243308868,0.5761624971755275,530.7227500000008,150.33333333333334,0.3333333333333333,0.3333333333333333,0.0,0.3333333333333333,0.0,250.40741666666872
1,pct,0.5,3.0,5,1.0,bar,none,9,3,6,1.0,1886.2233325046109,0.0,1886.2233325046109,0.0,inf,0.49159829191285975,0.0,13.0,0.1111111111111111,0.0,0.7777777777777778,0.1111111111111111,0.0,209.5803702782901
1,pct,0.5,3.0,5,1.0,bar,exchange,9,3,6,0.5555555555555556,1888.193332504612,798.9664296241018,1089.2269028805101,0.4231380419950457,4.92676055597837,0.28337860391071,186.85756813790067,13.0,0.1111111111111111,0.0,0.7777777777777778,0.1111111111111111,0.0,121.02521143116779
1,pct,0.5,3.0,5,1.0,bar,cfd_std,9,3,6,0.6666666666666666,1899.5208325046115,229.5,1670.0208325046115,0.12081994367884503,39.122579210935406,0.4350717325749826,24.429999999993015,13.222222222222221,0.1111111111111111,0.0,0.7777777777777778,0.1111111111111111,0.0,185.55787027829015
1,pct,0.5,3.0,5,1.0,bar,cfd_raw,9,3,6,0.6666666666666666,1894.103332504601,190.0,1704.103332504601,0.10031131709628544,60.15668417285616,0.4439927219087797,19.429999999993015,13.222222222222221,0.1111111111111111,0.0,0.7777777777777778,0.1111111111111111,0.0,189.34481472273345
1,pct,0.5,3.0,5,1.0,tick,none,9,3,6,1.0,1500.8936133755487,0.0,1500.8936133755487,0.0,inf,0.3917424870342712,0.0,10.333333333333334,0.0,0.0,1.0,0.0,0.0,166.76595704172763
1,pct,0.5,3.0,5,1.0,tick,exchange,9,3,6,0.5555555555555556,1500.8936133755487,801.1667230245055,699.7268903510433,0.5337931455532419,4.118396577891288,0.18243964328822013,148.80697510857135,10.333333333333334,0.0,0.0,1.0,0.0,0.0,77.74743226122703
1,pct,0.5,3.0,5,1.0,tick,cfd_std,9,3,6,1.0,1500.8936133755487,243.0,1257.8936133755487,0.16190354721643907,inf,0.32825491358359526,0.0,10.333333333333334,0.0,0.0,1.0,0.0,0.0,139.76595704172763
1,pct,0.5,3.0,5,1.0,tick,cfd_raw,9,3,6,1.0,1500.8936133755487,198.0,1302.8936133755487,0.13192140884302442,inf,0.34001187163001667,0.0,10.333333333333334,0.0,0.0,1.0,0.0,0.0,144.76595704172763
1,pct,0.5,3.0,5,2.0,off,none,2,1,1,0.0,-849.7820499999943,0.0,-849.7820499999943,0.0,0.0,-0.9999999999999932,849.7820499999943,67.5,0.0,1.0,0.0,0.0,0.0,-424.89102499999717
1,pct,0.5,3.0,5,2.0,off,exchange,2,1,1,0.0,-845.7820500000089,177.95888827500002,-1023.740938275009,0.21040750187947138,0.0,-1.2047073905951176,1023.7409382750047,67.5,0.0,1.0,0.0,0.0,0.0,-511.8704691375045
1,pct,0.5,3.0,5,2.0,off,cfd_std,2,1,1,0.0,-822.7820499999943,54.0,-876.7820499999943,0.06563098939749643,0.0,-1.0317748729134872,876.7820499999943,67.5,0.0,1.0,0.0,0.0,0.0,-438.39102499999717
1,pct,0.5,3.0,5,2.0,off,cfd_raw,2,1,1,0.0,-833.7820500000089,44.0,-877.7820500000089,0.052771584612548966,0.0,-1.0329513065547382,877.7820500000089,67.5,0.0,1.0,0.0,0.0,0.0,-438.89102500000445
1,pct,0.5,3.0,5,2.0,bar,none,2,1,1,1.0,157.92226127498725,0.0,157.92226127498725,0.0,inf,0.18665042463573775,0.0,16.0,0.0,0.0,1.0,0.0,0.0,78.96113063749362
1,pct,0.5,3.0,5,2.0,bar,exchange,2,1,1,0.5,157.92226127498725,178.01484991951432,-20.09258864452707,1.1272308823487538,0.7085681786677351,-0.02283339387202135,68.94438827123668,16.0,0.0,0.0,1.0,0.0,0.0,-10.046294322263535
1,pct,0.5,3.0,5,2.0,bar,cfd_std,2,1,1,0.5,157.92226127498725,54.0,103.92226127498725,0.34194039246924635,17.040383974705087,0.12310253957544541,6.478788876804174,16.0,0.0,0.0,1.0,0.0,0.0,51.961130637493625
1,pct,0.5,3.0,5,2.0,bar,cfd_raw,2,1,1,0.5,157.92226127498725,44.0,113.92226127498725,0.27861809756753403,78.03754272292461,0.13487066643846252,1.478788876804174,16.0,0.0,0.0,1.0,0.0,0.0,56.961130637493625
1,pct,0.5,3.0,5,2.0,tick,none,2,1,1,1.0,119.39580211410066,0.0,119.39580211410066,0.0,inf,0.14093690635708905,0.0,11.5,0.0,0.0,1.0,0.0,0.0,59.69790105705033
1,pct,0.5,3.0,5,2.0,tick,exchange,2,1,1,0.5,119.39580211410066,177.98763668993388,-58.591834575833204,1.4907361359308084,0.039327142853500155,-0.06851475451991619,60.99041327123996,11.5,0.0,0.0,1.0,0.0,0.0,-29.295917287916602
1,pct,0.5,3.0,5,2.0,tick,cfd_std,2,1,1,1.0,119.39580211410066,54.0,65.39580211410066,0.45227720777314157,inf,0.07738902129679671,0.0,11.5,0.0,0.0,1.0,0.0,0.0,32.69790105705033
1,pct,0.5,3.0,5,2.0,tick,cfd_raw,2,1,1,1.0,119.39580211410066,44.0,75.39580211410066,0.3685221692966339,inf,0.08915714815981382,0.0,11.5,0.0,0.0,1.0,0.0,0.0,37.69790105705033
1,pct,0.5,3.0,8,0.5,off,none,3,1,2,0.3333333333333333,759.5406000000075,0.0,759.5406000000075,0.0,2.4376722878636023,0.5827483475337277,528.3127499999973,146.66666666666666,0.3333333333333333,0.3333333333333333,0.0,0.3333333333333333,0.0,253.18020000000251
1,pct,0.5,3.0,8,0.5,off,exchange,3,1,2,0.3333333333333333,763.5005999999994,263.67164694999997,499.8289530499993,0.1451819580759489,1.7112133550730506,0.37859493264029487,702.7834186249966,146.66666666666666,0.3333333333333333,0.3333333333333333,0.0,0.3333333333333333,0.0,166.60965101666645
1,pct,0.5,3.0,8,0.5,off,cfd_std,3,1,2,0.3333333333333333,786.2706000000035,67.5,718.7706000000035,0.03716896698520181,2.2634831319948283,0.5504909174258974,568.880250000002,148.0,0.3333333333333333,0.3333333333333333,0.0,0.3333333333333333,0.0,239.59020000000115
1,pct,0.5,3.0,8,0.5,off,cfd_raw,3,1,2,0.3333333333333333,775.3805999999895,58.0,717.3805999999895,0.03193681180644463,2.271156382244939,0.5494849701239629,564.3527500000055,148.0,0.3333333333333333,0.3333333333333333,0.0,0.3333333333333333,0.0,239.12686666666318
1,pct,0.5,3.0,8,0.5,bar,none,12,4,8,0.9166666666666666,2105.222528535538,0.0,2105.222528535538,0.0,167.17393730427483,0.41090825372257483,12.668788876806502,12.25,0.08333333333333333,0.0,0.9166666666666666,0.0,0.0,175.43521071129484
1,pct,0.5,3.0,8,0.5,bar,exchange,12,4,8,0.3333333333333333,2107.192528535539,1067.4910729316023,1039.701455603937,0.5005749132372905,3.597028952263878,0.20243506940157882,217.15353486665117,12.25,0.08333333333333333,0.0,0.9166666666666666,0.0,0.0,86.64178796699474
1,pct,0.5,3.0,8,0.5,bar,cfd_std,12,4,8,0.8333333333333334,2218.85389253209,310.5,1908.35389253209,0.13993710944422152,63.649496794037816,0.37230596339063343,30.46080160557176,13.75,0.08333333333333333,0.0,0.9166666666666666,0.0,0.0,159.02949104434083
1,pct,0.5,3.0,8,0.5,bar,cfd_raw,12,4,8,0.8333333333333334,2213.4363925320795,256.0,1957.4363925320795,0.11565726526577373,96.6676297569418,0.3819186965101797,20.46080160557176,13.75,0.08333333333333333,0.0,0.9166666666666666,0.0,0.0,163.1196993776733
1,pct,0.5,3.0,8,0.5,tick,none,12,4,8,0.9166666666666666,1488.0946424245049,0.0,1488.0946424245049,0.0,316.35520687051235,0.2909484194367694,4.718788876809413,9.083333333333334,0.0,0.0,1.0,0.0,0.0,124.00788686870874
1,pct,0.5,3.0,8,0.5,tick,exchange,12,4,8,0.4166666666666667,1488.0946424245049,1069.7616676819137,418.3329747425913,0.7143496836112622,2.1682891620520124,0.08164923223959879,317.033232111673,9.083333333333334,0.0,0.0,1.0,0.0,0.0,34.861081228549274
1,pct,0.5,3.0,8,0.5,tick,cfd_std,12,4,8,0.9166666666666666,1538.7672151604347,324.0,1214.7672151604347,0.21055816422903134,158.7008655060169,0.2374383094936674,7.702983818526263,10.25,0.0,0.0,1.0,0.0,0.0,101.23060126336956
1,pct,0.5,3.0,8,0.5,tick,cfd_raw,12,4,8,0.8333333333333334,1488.0946424245049,264.0,1224.0946424245049,0.17629002998586474,42.605060820096824,0.23929369695910596,26.718788876809413,9.083333333333334,0.0,0.0,1.0,0.0,0.0,102.00788686870874
1,pct,0.5,3.0,8,1.0,off,none,4,2,2,0.25,325.5062500000058,0.0,325.5062500000058,0.0,1.339879073243272,0.18706126065029466,528.3127499999973,53.75,0.25,0.5,0.0,0.25,0.0,81.37656250000146
1,pct,0.5,3.0,8,1.0,off,exchange,4,2,2,0.25,331.4562500000029,353.03108992500006,-21.574839924997235,0.15767917847583765,0.9823136573363024,-0.017099678470207838,702.7834186250111,53.75,0.25,0.5,0.0,0.25,0.0,-5.393709981249309
1,pct,0.5,3.0,8,1.0,off,cfd_std,4,2,2,0.25,365.6687499999971,94.5,271.1687499999971,0.042426858509098005,1.2679938403727908,0.1549686439786896,568.880250000002,51.75,0.25,0.5,0.0,0.25,0.0,67.79218749999927
1,pct,0.5,3.0,8,1.0,off,cfd_raw,4,2,2,0.25,349.3062499999942,80.0,269.3062499999942,0.03582800524244342,1.2672240535360444,0.15392664192761416,564.3527500000055,54.25,0.25,0.5,0.0,0.25,0.0,67.32656249999854
1,pct,0.5,3.0,8,1.0,bar,none,5,3,2,1.0,1566.5774946832535,0.0,1566.5774946832535,0.0,inf,0.734283718185327,0.0,12.8,0.2,0.0,0.8,0.0,0.0,313.31549893665067
1,pct,0.5,3.0,8,1.0,bar,exchange,5,3,2,0.4,1568.5474946832546,441.68907254301257,1126.858422140242,0.28159113704886907,10.368837685624538,0.5269736875193349,75.78470887815638,12.8,0.2,0.0,0.8,0.0,0.0,225.3716844280484
1,pct,0.5,3.0,8,1.0,bar,cfd_std,5,3,2,0.8,1579.874994683254,121.5,1458.374994683254,0.07690481867798615,114.07145276529681,0.6831675137835479,12.897817787044914,13.2,0.2,0.0,0.8,0.0,0.0,291.6749989366508
1,pct,0.5,3.0,8,1.0,bar,cfd_raw,5,3,2,0.8,1574.4574946832436,102.0,1472.4574946832436,0.06478421954510802,187.43852446160136,0.6898490719165308,7.897817787044914,13.2,0.2,0.0,0.8,0.0,0.0,294.4914989366487
1,pct,0.5,3.0,8,1.0,tick,none,5,3,2,1.0,1136.2475582955085,0.0,1136.2475582955085,0.0,inf,0.5333212894312755,0.0,9.6,0.0,0.0,1.0,0.0,0.0,227.2495116591017
1,pct,0.5,3.0,8,1.0,tick,exchange,5,3,2,0.8,1136.2475582955085,443.9118660520454,692.3356922434631,0.39068234981992844,12.948434123052394,0.32405099172299817,57.94363387816702,9.6,0.0,0.0,1.0,0.0,0.0,138.46713844869262
1,pct,0.5,3.0,8,1.0,tick,cfd_std,5,3,2,1.0,1136.2475582955085,135.0,1001.2475582955085,0.11881213650528259,inf,0.4696752596264586,0.0,9.6,0.0,0.0,1.0,0.0,0.0,200.2495116591017
1,pct,0.5,3.0,8,1.0,tick,cfd_raw,5,3,2,1.0,1136.2475582955085,110.0,1026.2475582955085,0.09680988900430433,inf,0.48146156144216545,0.0,9.6,0.0,0.0,1.0,0.0,0.0,205.2495116591017
1,pct,0.5,3.0,8,2.0,off,none,1,1,0,0.0,-422.40274999999383,0.0,-422.40274999999383,0.0,0.0,-0.9999999999999853,422.40274999999383,63.0,0.0,1.0,0.0,0.0,0.0,-422.40274999999383
1,pct,0.5,3.0,8,2.0,off,exchange,1,1,0,0.0,-420.41275000000314,88.27034362500001,-508.68309362500315,0.20996114800276477,0.0,-1.2042608473193015,508.6830936250044,63.0,0.0,1.0,0.0,0.0,0.0,-508.68309362500315
1,pct,0.5,3.0,8,2.0,off,cfd_std,1,1,0,0.0,-408.9702499999985,27.0,-435.9702499999985,0.06601947207651437,0.0,-1.0321198192956804,435.9702499999985,63.0,0.0,1.0,0.0,0.0,0.0,-435.9702499999985
1,pct,0.5,3.0,8,2.0,off,cfd_raw,1,1,0,0.0,-414.442750000002,22.0,-436.442750000002,0.05308332694925872,0.0,-1.0332384199676776,436.442750000002,63.0,0.0,1.0,0.0,0.0,0.0,-436.442750000002
1,pct,0.5,3.0,8,2.0,bar,none,1,1,0,1.0,137.40105015179142,0.0,137.40105015179142,0.0,inf,0.3252844593265347,0.0,27.0,0.0,0.0,1.0,0.0,0.0,137.40105015179142
1,pct,0.5,3.0,8,2.0,bar,exchange,1,1,0,1.0,137.40105015179142,88.5492505250759,48.85179962671552,0.6444583242067848,inf,0.11565218177844608,0.0,27.0,0.0,0.0,1.0,0.0,0.0,48.85179962671552
1,pct,0.5,3.0,8,2.0,bar,cfd_std,1,1,0,1.0,137.40105015179142,27.0,110.40105015179142,0.19650504832511992,inf,0.2613644209271635,0.0,27.0,0.0,0.0,1.0,0.0,0.0,110.40105015179142
1,pct,0.5,3.0,8,2.0,bar,cfd_raw,1,1,0,1.0,137.40105015179142,22.0,115.40105015179142,0.16011522456120883,inf,0.2732014650751952,0.0,27.0,0.0,0.0,1.0,0.0,0.0,115.40105015179142
1,pct,0.5,3.0,8,2.0,tick,none,1,1,0,1.0,90.92459099090775,0.0,90.92459099090775,0.0,inf,0.21525567954022018,0.0,19.0,0.0,0.0,1.0,0.0,0.0,90.92459099090775
1,pct,0.5,3.0,8,2.0,tick,exchange,1,1,0,1.0,90.92459099090775,88.52601229549546,2.398578695412283,0.9736201321416762,inf,0.005678416382024698,0.0,19.0,0.0,0.0,1.0,0.0,0.0,2.398578695412283
1,pct,0.5,3.0,8,2.0,tick,cfd_std,1,1,0,1.0,90.92459099090775,27.0,63.924590990907745,0.29694936986518794,inf,0.15133564114084896,0.0,19.0,0.0,0.0,1.0,0.0,0.0,63.924590990907745
1,pct,0.5,3.0,8,2.0,tick,cfd_raw,1,1,0,1.0,90.92459099090775,22.0,68.92459099090775,0.24195874581607907,inf,0.16317268528888068,0.0,19.0,0.0,0.0,1.0,0.0,0.0,68.92459099090775
1,pct,1.0,1.0,3,0.5,off,none,4,3,1,0.0,-2634.196699999986,0.0,-2634.196699999986,0.0,0.0,-0.7714682016371393,2634.196699999986,128.0,0.0,0.75,0.0,0.25,0.0,-658.5491749999965
1,pct,1.0,1.0,3,0.5,off,exchange,4,3,1,0.0,-2628.256699999998,355.12082165,-2983.3775216499985,0.13511649058100003,0.0,-0.8740670489750718,2983.3775216499926,128.0,0.0,0.75,0.0,0.25,0.0,-745.8443804124996
1,pct,1.0,1.0,3,0.5,off,cfd_std,4,3,1,0.0,-2594.101700000014,108.0,-2702.101700000014,0.04163290899504805,0.0,-0.7914633466815121,2702.101700000014,128.0,0.0,0.75,0.0,0.25,0.0,-675.5254250000035
1,pct,1.0,1.0,3,0.5,off,cfd_raw,4,3,1,0.0,-2610.436699999991,88.0,-2698.436699999991,0.03371083466609257,0.0,-0.7903691225462277,2698.436699999991,128.0,0.0,0.75,0.0,0.25,0.0,-674.6091749999978
1,pct,1.0,1.0,3,0.5,bar,none,15,9,6,0.8,1012.3727151486237,0.0,1012.3727151486237,0.0,2.157915011580833,0.08035404648461444,874.3065812459681,26.133333333333333,0.06666666666666667,0.06666666666666667,0.8,0.06666666666666667,0.0,67.49151434324158
1,pct,1.0,1.0,3,0.5,bar,exchange,15,9,6,0.5333333333333333,1016.3327151486155,1333.4167777399723,-317.08406259135666,0.4829495103681815,0.7811809780253035,-0.023814985427028482,1339.139917932218,26.133333333333333,0.06666666666666667,0.06666666666666667,0.8,0.06666666666666667,0.0,-21.138937506090443
1,pct,1.0,1.0,3,0.5,bar,cfd_std,12,7,5,0.6666666666666666,926.6110576579376,310.5,616.1110576579376,0.11813964591612806,1.6443484266782706,0.06161021081965892,931.7468635551777,34.083333333333336,0.08333333333333333,0.08333333333333333,0.75,0.08333333333333333,0.0,51.34258813816147
1,pct,1.0,1.0,3,0.5,bar,cfd_raw,12,7,5,0.6666666666666666,915.7210576579382,256.0,659.7210576579382,0.09740337956370033,1.7006220683609792,0.06590077418187061,922.1918635551701,34.083333333333336,0.08333333333333333,0.08333333333333333,0.75,0.08333333333333333,0.0,54.97675480482818
1,pct,1.0,1.0,3,0.5,tick,none,17,11,6,0.7647058823529411,698.9029100917833,0.0,698.9029100917833,0.0,1.7672384704016486,0.049051718518915335,861.9321999999956,21.176470588235293,0.058823529411764705,0.058823529411764705,0.8823529411764706,0.0,0.0,41.111935887751955
1,pct,1.0,1.0,3,0.5,tick,exchange,17,11,6,0.23529411764705882,702.8629100917751,1510.3324942516754,-807.4695841599004,0.5991554327595396,0.5444366370451568,-0.0551961330591349,1383.3252270374505,21.176470588235293,0.058823529411764705,0.058823529411764705,0.8823529411764706,0.0,0.0,-47.498210832935314
1,pct,1.0,1.0,3,0.5,tick,cfd_std,13,8,5,0.6153846153846154,627.0726231603912,337.5,289.57262316039123,0.14371731857056336,1.2980328207934104,0.027053722901059236,918.6168635551876,30.46153846153846,0.07692307692307693,0.07692307692307693,0.8461538461538461,0.0,0.0,22.27481716618394
1,pct,1.0,1.0,3,0.5,tick,cfd_raw,13,8,5,0.6153846153846154,616.1826231603918,278.0,338.1826231603918,0.11838048759293886,1.3552121316017003,0.03146849668788286,909.06186355518,30.46153846153846,0.07692307692307693,0.07692307692307693,0.8461538461538461,0.0,0.0,26.014047935414755
1,pct,1.0,1.0,3,1.0,off,none,4,3,1,0.0,-2634.4381999999896,0.0,-2634.4381999999896,0.0,0.0,-0.7714682016371404,2634.4381999999896,123.5,0.0,0.75,0.0,0.25,0.0,-658.6095499999974
1,pct,1.0,1.0,3,1.0,off,exchange,4,3,1,0.0,-2628.498200000002,355.1448509,-2983.6430509000015,0.13511321822476413,0.0,-0.8740668821324115,2983.6430509000056,123.5,0.0,0.75,0.0,0.25,0.0,-745.9107627250004
1,pct,1.0,1.0,3,1.0,off,cfd_std,4,3,1,0.0,-2594.343200000003,108.0,-2702.343200000003,0.041629033506438116,0.0,-0.7914622210452166,2702.343200000003,123.5,0.0,0.75,0.0,0.25,0.0,-675.5858000000007
1,pct,1.0,1.0,3,1.0,off,cfd_raw,4,3,1,0.0,-2610.678199999995,88.0,-2698.678199999995,0.033707716255492605,0.0,-0.7903679601729985,2698.678199999995,123.5,0.0,0.75,0.0,0.25,0.0,-674.6695499999987
1,pct,1.0,1.0,3,1.0,bar,none,8,5,3,0.75,-162.40368663254776,0.0,-162.40368663254776,0.0,0.8804389039496016,-0.023865141137811685,861.9321999999956,47.875,0.125,0.125,0.625,0.125,0.0,-20.30046082906847
1,pct,1.0,1.0,3,1.0,bar,exchange,8,5,3,0.375,-158.4436866325559,711.0346963523546,-869.4783829849106,0.2783720129394919,0.48857901700585604,-0.12761496418831933,1115.7275428429275,47.875,0.125,0.125,0.625,0.125,0.0,-108.68479787311382
1,pct,1.0,1.0,3,1.0,bar,cfd_std,8,5,3,0.625,-135.67368663255183,202.5,-338.17368663255183,0.07927929946236037,0.7628343903590874,-0.04969637418949943,902.4968117029057,47.875,0.125,0.125,0.625,0.125,0.0,-42.27171082906898
1,pct,1.0,1.0,3,1.0,bar,cfd_raw,8,5,3,0.625,-146.56368663255125,168.0,-314.56368663255125,0.0657724558502549,0.7779041160591412,-0.046215849365036143,897.9418117028981,47.875,0.125,0.125,0.625,0.125,0.0,-39.32046082906891
1,pct,1.0,1.0,3,1.0,tick,none,8,5,3,0.75,-189.1858941315004,0.0,-189.1858941315004,0.0,0.860721924922709,-0.027781666681522682,861.9321999999956,46.0,0.125,0.125,0.625,0.125,0.0,-23.64823676643755
1,pct,1.0,1.0,3,1.0,tick,exchange,8,5,3,0.375,-185.22589413150854,710.982988094426,-896.2088822259346,0.28130129947440313,0.47856519518624113,-0.13152384109576595,1134.3411339089216,46.0,0.125,0.125,0.625,0.125,0.0,-112.02611027824183
1,pct,1.0,1.0,3,1.0,tick,cfd_std,8,5,3,0.5,-162.45589413150446,202.5,-364.95589413150446,0.0801193757057953,0.7457783771949883,-0.053612899733210456,912.1816397703806,46.0,0.125,0.125,0.625,0.125,0.0,-45.61948676643806
1,pct,1.0,1.0,3,1.0,tick,cfd_raw,8,5,3,0.5,-173.34589413150388,168.0,-341.3458941315039,0.06646940799295648,0.75978923647296,-0.05013237490874714,902.626639770373,46.0,0.125,0.125,0.625,0.125,0.0,-42.668236766437985
1,pct,1.0,1.0,3,2.0,off,none,1,1,0,0.0,-844.7550999999949,0.0,-844.7550999999949,0.0,0.0,-0.9999999999999939,844.7550999999949,71.0,0.0,1.0,0.0,0.0,0.0,-844.7550999999949
1,pct,1.0,1.0,3,2.0,off,exchange,1,1,0,0.0,-842.7750999999989,88.05412245,-930.829222449999,0.10448116282742585,0.0,-1.1018923975126034,930.8292224500037,71.0,0.0,1.0,0.0,0.0,0.0,-930.829222449999
1,pct,1.0,1.0,3,2.0,off,cfd_std,1,1,0,0.0,-831.3901000000042,27.0,-858.3901000000042,0.0324757295041159,0.0,-1.0161407726333989,858.3901000000042,71.0,0.0,1.0,0.0,0.0,0.0,-858.3901000000042
1,pct,1.0,1.0,3,2.0,off,cfd_raw,1,1,0,0.0,-836.8350999999966,22.0,-858.8350999999966,0.026289528247560468,0.0,-1.0166675525249822,858.8350999999966,71.0,0.0,1.0,0.0,0.0,0.0,-858.8350999999966
1,pct,1.0,1.0,3,2.0,bar,none,1,1,0,1.0,142.44105015179957,0.0,142.44105015179957,0.0,inf,0.168618159454497,0.0,27.0,0.0,0.0,1.0,0.0,0.0,142.44105015179957
1,pct,1.0,1.0,3,2.0,bar,exchange,1,1,0,1.0,142.44105015179957,88.5467305250759,53.89431962672367,0.6216377261380168,inf,0.06379875022562595,0.0,27.0,0.0,0.0,1.0,0.0,0.0,53.89431962672367
1,pct,1.0,1.0,3,2.0,bar,cfd_std,1,1,0,1.0,142.44105015179957,27.0,115.44105015179957,0.18955209871891615,inf,0.13665623344777625,0.0,27.0,0.0,0.0,1.0,0.0,0.0,115.44105015179957
1,pct,1.0,1.0,3,2.0,bar,cfd_raw,1,1,0,1.0,142.44105015179957,22.0,120.44105015179957,0.15444985821541315,inf,0.14257510863420603,0.0,27.0,0.0,0.0,1.0,0.0,0.0,120.44105015179957
1,pct,1.0,1.0,3,2.0,tick,none,1,1,0,1.0,95.9645909909159,0.0,95.9645909909159,0.0,inf,0.11360048727840281,0.0,19.0,0.0,0.0,1.0,0.0,0.0,95.9645909909159
1,pct,1.0,1.0,3,2.0,tick,exchange,1,1,0,1.0,95.9645909909159,88.52349229549546,7.441098695420436,0.9224599550877592,inf,0.008808586885619793,0.0,19.0,0.0,0.0,1.0,0.0,0.0,7.441098695420436
1,pct,1.0,1.0,3,2.0,tick,cfd_std,1,1,0,1.0,95.9645909909159,27.0,68.9645909909159,0.28135377560829544,inf,0.08163856127168205,0.0,19.0,0.0,0.0,1.0,0.0,0.0,68.9645909909159
1,pct,1.0,1.0,3,2.0,tick,cfd_raw,1,1,0,1.0,95.9645909909159,22.0,73.9645909909159,0.22925122456972222,inf,0.08755743645811181,0.0,19.0,0.0,0.0,1.0,0.0,0.0,73.9645909909159
1,pct,1.0,1.0,5,0.5,off,none,4,2,2,0.25,-911.3337000000029,0.0,-911.3337000000029,0.0,0.48589629253715,-0.2714682016371443,1772.6650999999983,121.0,0.25,0.5,0.0,0.25,0.0,-227.83342500000072
1,pct,1.0,1.0,5,0.5,off,exchange,4,2,2,0.25,-905.3937000000005,353.09792174999995,-1258.4916217500006,0.13415490432905655,0.3813037452243327,-0.3734858168809637,2034.1025374500023,121.0,0.25,0.5,0.0,0.25,0.0,-314.62290543750015
1,pct,1.0,1.0,5,0.5,off,cfd_std,3,1,2,0.3333333333333333,-29.024099999995087,67.5,-96.52409999999509,0.0379551049025682,0.8992147500236285,-0.04474896891512616,957.7204999999958,164.33333333333334,0.3333333333333333,0.3333333333333333,0.0,0.3333333333333333,0.0,-32.17469999999836
1,pct,1.0,1.0,5,0.5,off,cfd_raw,4,2,2,0.25,-887.5737000000081,80.0,-967.5737000000081,0.03046369745892785,0.46919005010409,-0.2880480381557819,1822.8251000000018,121.0,0.25,0.5,0.0,0.25,0.0,-241.89342500000203
1,pct,1.0,1.0,5,0.5,bar,none,14,6,8,0.9285714285714286,2210.3546245686302,0.0,2210.3546245686302,0.0,197.96395353629933,0.18498502540857162,11.222127627333975,17.857142857142858,0.07142857142857142,0.0,0.8571428571428571,0.07142857142857142,0.0,157.8824731834736
1,pct,1.0,1.0,5,0.5,bar,exchange,14,6,8,0.5714285714285714,2212.334624568626,1246.270202279635,966.0644222889912,0.5576704762746723,3.2732711184195296,0.08068159520721833,218.97833643018384,17.857142857142858,0.07142857142857142,0.0,0.8571428571428571,0.07142857142857142,0.0,69.0046015920708
1,pct,1.0,1.0,5,0.5,bar,cfd_std,12,5,7,0.9166666666666666,2171.5247360145004,310.5,1861.0247360145004,0.14298708868031362,77.17784429042294,0.18163517945655774,24.429999999993015,24.0,0.08333333333333333,0.0,0.8333333333333334,0.08333333333333333,0.0,155.08539466787502
1,pct,1.0,1.0,5,0.5,bar,cfd_raw,14,6,8,0.7857142857142857,2218.2746245686285,300.0,1918.2746245686285,0.1338856037235952,32.68086463895167,0.16049429378052474,33.222127627333975,17.857142857142858,0.07142857142857142,0.0,0.8571428571428571,0.07142857142857142,0.0,137.0196160406163
1,pct,1.0,1.0,5,0.5,tick,none,16,8,8,0.875,1855.4733835504449,0.0,1855.4733835504449,0.0,46.41782208952527,0.13599493899744844,29.768592422246,13.3125,0.0625,0.0,0.9375,0.0,0.0,115.9670864719028
1,pct,1.0,1.0,5,0.5,tick,exchange,16,8,8,0.375,1857.4533835504408,1423.2142866016184,434.2390969488224,0.7339333122649325,1.68865113693034,0.03162268078086156,327.1673380252905,13.3125,0.0625,0.0,0.9375,0.0,0.0,27.1399435593014
1,pct,1.0,1.0,5,0.5,tick,cfd_std,15,7,8,0.8666666666666667,1922.4147095561202,391.5,1530.9147095561202,0.20365012713120373,45.637793783947906,0.11958417731170669,20.376522060207208,15.4,0.06666666666666667,0.0,0.9333333333333333,0.0,0.0,102.06098063707468
1,pct,1.0,1.0,5,0.5,tick,cfd_raw,15,7,8,0.8,1839.0819759726874,322.0,1517.0819759726874,0.17300186307177437,27.438655509339288,0.11853289197806813,33.08482806746906,15.266666666666667,0.06666666666666667,0.0,0.9333333333333333,0.0,0.0,101.13879839817916
1,pct,1.0,1.0,5,1.0,off,none,3,1,2,0.3333333333333333,-58.375499999994645,0.0,-58.375499999994645,0.0,0.9363467201258829,-0.02862426884952256,917.085500000001,152.33333333333334,0.3333333333333333,0.3333333333333333,0.0,0.3333333333333333,0.0,-19.458499999998214
1,pct,1.0,1.0,5,1.0,off,exchange,3,1,2,0.3333333333333333,-54.415500000002794,263.70593225,-318.12143225000284,0.1485001692199349,0.7085123155268019,-0.1306937338785993,1091.3717772500095,152.33333333333334,0.3333333333333333,0.3333333333333333,0.0,0.3333333333333333,0.0,-106.04047741666761
1,pct,1.0,1.0,5,1.0,off,cfd_std,3,1,2,0.3333333333333333,-31.64549999999872,67.5,-99.14549999999872,0.0380111336018141,0.8964776257791296,-0.044749128403493564,957.7204999999958,152.0,0.3333333333333333,0.3333333333333333,0.0,0.3333333333333333,0.0,-33.04849999999957
1,pct,1.0,1.0,5,1.0,off,cfd_raw,3,1,2,0.3333333333333333,-42.53549999999814,58.0,-100.53549999999814,0.032661418502299255,0.894524612986939,-0.045252340304382875,953.1655000000028,152.33333333333334,0.3333333333333333,0.3333333333333333,0.0,0.3333333333333333,0.0,-33.51183333333271
1,pct,1.0,1.0,5,1.0,bar,none,9,3,6,1.0,1458.483932504605,0.0,1458.483932504605,0.0,inf,0.1902435904008736,0.0,12.222222222222221,0.1111111111111111,0.0,0.7777777777777778,0.1111111111111111,0.0,162.05377027828945
1,pct,1.0,1.0,5,1.0,bar,exchange,9,3,6,0.5555555555555556,1460.463932504601,799.1802943241019,661.2836381804992,0.5472098807353356,3.383986752304738,0.08610726808925036,186.85756813790067,12.222222222222221,0.1111111111111111,0.0,0.7777777777777778,0.1111111111111111,0.0,73.47595979783324
1,pct,1.0,1.0,5,1.0,bar,cfd_std,9,3,6,0.6666666666666666,1471.8489325046103,229.5,1242.3489325046103,0.15592632839666862,29.359853161830106,0.1619890777522288,24.429999999993015,12.222222222222221,0.1111111111111111,0.0,0.7777777777777778,0.1111111111111111,0.0,138.03877027829003
1,pct,1.0,1.0,5,1.0,bar,cfd_raw,9,3,6,0.6666666666666666,1466.4039325046033,190.0,1276.4039325046033,0.12956866507816975,45.309416495999116,0.16644600067011944,19.429999999993015,12.222222222222221,0.1111111111111111,0.0,0.7777777777777778,0.1111111111111111,0.0,141.82265916717813
1,pct,1.0,1.0,5,1.0,tick,none,9,3,6,1.0,1547.4448447815666,0.0,1547.4448447815666,0.0,inf,0.2019174004120968,0.0,10.222222222222221,0.1111111111111111,0.0,0.8888888888888888,0.0,0.0,171.93831608684073
1,pct,1.0,1.0,5,1.0,tick,exchange,9,3,6,0.5555555555555556,1549.4248447815626,799.1414574088025,750.2833873727601,0.5157665182020914,4.343706208658228,0.09778618957510793,148.80697510857135,10.222222222222221,0.1111111111111111,0.0,0.8888888888888888,0.0,0.0,83.36482081919557
1,pct,1.0,1.0,5,1.0,tick,cfd_std,9,3,6,1.0,1560.8098447815719,229.5,1331.3098447815719,0.14703905204552156,inf,0.17366288776345196,0.0,10.222222222222221,0.1111111111111111,0.0,0.8888888888888888,0.0,0.0,147.9233160868413
1,pct,1.0,1.0,5,1.0,tick,cfd_raw,9,3,6,1.0,1555.364844781565,190.0,1365.364844781565,0.12215783366679062,inf,0.17811981068134258,0.0,10.222222222222221,0.1111111111111111,0.0,0.8888888888888888,0.0,0.0,151.70720497572944
1,pct,1.0,1.0,5,2.0,off,none,2,1,1,0.5,9.953099999998813,0.0,9.953099999998813,0.0,1.011781528410976,-7.771561172376096e-16,844.8055000000022,77.5,0.5,0.5,0.0,0.0,0.0,4.976549999999406
1,pct,1.0,1.0,5,2.0,off,exchange,2,1,1,0.5,13.913099999990663,175.10562794999998,-161.19252795000943,0.1030297285933491,0.826839415433689,-0.10070666253086707,930.884637250012,77.5,0.5,0.5,0.0,0.0,0.0,-80.59626397500472
1,pct,1.0,1.0,5,2.0,off,cfd_std,2,1,1,0.5,36.68310000000929,40.5,-3.81689999999071,0.023829639611709804,0.9955536813559114,-0.008148874512566684,858.440499999997,77.0,0.5,0.5,0.0,0.0,0.0,-1.908449999995355
1,pct,1.0,1.0,5,2.0,off,cfd_raw,2,1,1,0.5,25.79309999999532,36.0,-10.20690000000468,0.02118190187707538,0.9881161109367842,-0.011889838791929841,858.885500000004,77.5,0.5,0.5,0.0,0.0,0.0,-5.10345000000234
1,pct,1.0,1.0,5,2.0,bar,none,2,1,1,1.0,157.92226127498725,0.0,157.92226127498725,0.0,inf,0.09332521231786887,0.0,16.0,0.0,0.0,1.0,0.0,0.0,78.96113063749362
1,pct,1.0,1.0,5,2.0,bar,exchange,2,1,1,0.5,157.92226127498725,178.01484991951432,-20.09258864452707,1.1272308823487538,0.7085681786677351,-0.011416696936010676,68.94438827123668,16.0,0.0,0.0,1.0,0.0,0.0,-10.046294322263535
1,pct,1.0,1.0,5,2.0,bar,cfd_std,2,1,1,0.5,157.92226127498725,54.0,103.92226127498725,0.34194039246924635,17.040383974705087,0.061551269787722705,6.478788876804174,16.0,0.0,0.0,1.0,0.0,0.0,51.961130637493625
1,pct,1.0,1.0,5,2.0,bar,cfd_raw,2,1,1,0.5,157.92226127498725,44.0,113.92226127498725,0.27861809756753403,78.03754272292461,0.06743533321923126,1.478788876804174,16.0,0.0,0.0,1.0,0.0,0.0,56.961130637493625
1,pct,1.0,1.0,5,2.0,tick,none,2,1,1,1.0,119.39580211410066,0.0,119.39580211410066,0.0,inf,0.07046845317854453,0.0,11.5,0.0,0.0,1.0,0.0,0.0,59.69790105705033
1,pct,1.0,1.0,5,2.0,tick,exchange,2,1,1,0.5,119.39580211410066,177.98763668993388,-58.591834575833204,1.4907361359308084,0.039327142853500155,-0.034257377259958095,60.99041327123996,11.5,0.0,0.0,1.0,0.0,0.0,-29.295917287916602
1,pct,1.0,1.0,5,2.0,tick,cfd_std,2,1,1,1.0,119.39580211410066,54.0,65.39580211410066,0.45227720777314157,inf,0.03869451064839836,0.0,11.5,0.0,0.0,1.0,0.0,0.0,32.69790105705033
1,pct,1.0,1.0,5,2.0,tick,cfd_raw,2,1,1,1.0,119.39580211410066,44.0,75.39580211410066,0.3685221692966339,inf,0.04457857407990691,0.0,11.5,0.0,0.0,1.0,0.0,0.0,37.69790105705033
1,pct,1.0,1.0,8,0.5,off,none,3,1,2,0.3333333333333333,-92.14660000000731,0.0,-92.14660000000731,0.0,0.9030765775881358,-0.04195915956647536,950.7155000000057,148.66666666666666,0.3333333333333333,0.3333333333333333,0.0,0.3333333333333333,0.0,-30.71553333333577
1,pct,1.0,1.0,8,0.5,off,exchange,3,1,2,0.3333333333333333,-88.18660000001546,263.6750778,-351.8616778000155,0.14573445600923735,0.6872298834143705,-0.14403592635089282,1124.9849622500042,148.66666666666666,0.3333333333333333,0.3333333333333333,0.0,0.3333333333333333,0.0,-117.2872259333385
1,pct,1.0,1.0,8,0.5,off,cfd_std,3,1,2,0.3333333333333333,-65.41659999999683,67.5,-132.91659999999683,0.03730756756649195,0.8659237071046045,-0.05808830156974224,991.3505000000005,148.33333333333334,0.3333333333333333,0.3333333333333333,0.0,0.3333333333333333,0.0,-44.30553333333228
1,pct,1.0,1.0,8,0.5,off,cfd_raw,3,1,2,0.3333333333333333,-76.3066000000108,58.0,-134.3066000000108,0.03205687287194864,0.8638962176053602,-0.05859110127837869,986.7955000000075,148.66666666666666,0.3333333333333333,0.3333333333333333,0.0,0.3333333333333333,0.0,-44.76886666667027
1,pct,1.0,1.0,8,0.5,bar,none,12,4,8,0.9166666666666666,1677.4831285355322,0.0,1677.4831285355322,0.0,133.41069409614988,0.1637874601946202,12.668788876806502,11.666666666666666,0.08333333333333333,0.0,0.9166666666666666,0.0,0.0,139.79026071129434
1,pct,1.0,1.0,8,0.5,bar,exchange,12,4,8,0.3333333333333333,1679.463128535528,1067.7049376316022,611.7581909039257,0.6262931107975005,2.52808647616945,0.05953100930121094,217.15353486665117,11.666666666666666,0.08333333333333333,0.0,0.9166666666666666,0.0,0.0,50.979849241993804
1,pct,1.0,1.0,8,0.5,bar,cfd_std,12,4,8,0.8333333333333334,1791.1819925320888,310.5,1480.6819925320888,0.17334921928344332,49.60942307773177,0.14449289029386989,30.46080160557176,13.0,0.08333333333333333,0.0,0.9166666666666666,0.0,0.0,123.39016604434073
1,pct,1.0,1.0,8,0.5,bar,cfd_raw,12,4,8,0.8333333333333334,1785.7369925320818,256.0,1529.7369925320818,0.1433581770835163,75.76427473474516,0.14929657804188703,20.46080160557176,13.0,0.08333333333333333,0.0,0.9166666666666666,0.0,0.0,127.47808271100682
1,pct,1.0,1.0,8,0.5,tick,none,12,4,8,0.9166666666666666,1534.6458738305228,0.0,1534.6458738305228,0.0,326.22028721661445,0.15000882738960558,4.718788876809413,9.0,0.08333333333333333,0.0,0.9166666666666666,0.0,0.0,127.88715615254357
1,pct,1.0,1.0,8,0.5,tick,exchange,12,4,8,0.4166666666666667,1536.6258738305187,1067.7364020662105,468.88947176430815,0.6906161587172762,2.3094795799915264,0.04574939206804778,317.033232111673,9.0,0.08333333333333333,0.0,0.9166666666666666,0.0,0.0,39.07412264702568
1,pct,1.0,1.0,8,0.5,tick,cfd_std,12,4,8,0.9166666666666666,1598.6834465664579,310.5,1288.1834465664579,0.194222315034831,168.23174771161774,0.12587072797557444,7.702983818526263,10.166666666666666,0.08333333333333333,0.0,0.9166666666666666,0.0,0.0,107.34862054720482
1,pct,1.0,1.0,8,0.5,tick,cfd_raw,12,4,8,0.8333333333333334,1542.565873830521,256.0,1286.565873830521,0.16494808677048955,44.72836018933979,0.12573225462930368,26.718788876809413,9.0,0.08333333333333333,0.0,0.9166666666666666,0.0,0.0,107.21382281921008
1,pct,1.0,1.0,8,1.0,off,none,3,2,1,0.0,-1809.5139000000054,0.0,-1809.5139000000054,0.0,0.0,-0.7086258262331412,1809.5139000000054,120.33333333333333,0.0,0.6666666666666666,0.0,0.3333333333333333,0.0,-603.1713000000018
1,pct,1.0,1.0,8,1.0,off,exchange,3,2,1,0.0,-1805.5539000000135,265.70089305,-2071.2547930500136,0.1471575526213856,0.0,-0.8114800262257219,2071.254793050015,120.33333333333333,0.0,0.6666666666666666,0.0,0.3333333333333333,0.0,-690.4182643500045
1,pct,1.0,1.0,8,1.0,off,cfd_std,3,2,1,0.0,-1782.783899999995,81.0,-1863.783899999995,0.04543455883800624,0.0,-0.7299948335776366,1863.783899999995,120.0,0.0,0.6666666666666666,0.0,0.3333333333333333,0.0,-621.2612999999983
1,pct,1.0,1.0,8,1.0,off,cfd_raw,3,2,1,0.0,-1793.6739000000089,66.0,-1859.6739000000089,0.0367959861600259,0.0,-0.7283622508224771,1859.6739000000089,120.33333333333333,0.0,0.6666666666666666,0.0,0.3333333333333333,0.0,-619.891300000003
1,pct,1.0,1.0,8,1.0,bar,none,5,3,2,1.0,1138.8380946832476,0.0,1138.8380946832476,0.0,inf,0.26714185909266214,0.0,11.4,0.2,0.0,0.8,0.0,0.0,227.7676189366495
1,pct,1.0,1.0,8,1.0,bar,exchange,5,3,2,0.4,1140.8180946832435,441.9029372430125,698.915157440231,0.3873561782570692,6.810865444519273,0.1634391828006791,75.78470887815638,11.4,0.2,0.0,0.8,0.0,0.0,139.78303148804622
1,pct,1.0,1.0,8,1.0,bar,cfd_std,5,3,2,0.8,1152.2030946832529,121.5,1030.7030946832529,0.1054501594038862,80.91298308761444,0.2415995375283014,12.897817787044914,11.4,0.2,0.0,0.8,0.0,0.0,206.14061893665058
1,pct,1.0,1.0,8,1.0,bar,cfd_raw,5,3,2,0.8,1146.7580946832459,102.0,1044.7580946832459,0.08894639634366316,133.28440093882662,0.24493388744657874,7.897817787044914,11.4,0.2,0.0,0.8,0.0,0.0,208.95161893664917
1,pct,1.0,1.0,8,1.0,tick,none,5,3,2,1.0,1182.7987897015264,0.0,1182.7987897015264,0.0,inf,0.27754372712656783,0.0,9.4,0.2,0.0,0.8,0.0,0.0,236.55975794030527
1,pct,1.0,1.0,8,1.0,tick,exchange,5,3,2,0.8,1184.7787897015223,441.8866004363424,742.8921892651799,0.37296970901012294,13.820945797553575,0.17384495813729522,57.94363387816702,9.4,0.2,0.0,0.8,0.0,0.0,148.57843785303598
1,pct,1.0,1.0,8,1.0,tick,cfd_std,5,3,2,1.0,1196.1637897015316,121.5,1074.6637897015316,0.10157471831705994,inf,0.2520014055622071,0.0,9.4,0.2,0.0,0.8,0.0,0.0,214.93275794030632
1,pct,1.0,1.0,8,1.0,tick,cfd_raw,5,3,2,1.0,1190.7187897015247,102.0,1088.7187897015247,0.08566254339999804,inf,0.25533575548048437,0.0,9.4,0.2,0.0,0.8,0.0,0.0,217.74375794030493
1,pct,1.0,1.0,8,2.0,off,none,1,1,0,0.0,-844.8055000000022,0.0,-844.8055000000022,0.0,0.0,-1.0000000000000027,844.8055000000022,71.0,0.0,1.0,0.0,0.0,0.0,-844.8055000000022
1,pct,1.0,1.0,8,2.0,off,exchange,1,1,0,0.0,-842.8255000000063,88.05913724999999,-930.8846372500063,0.1044808649595905,0.0,-1.1018922547852805,930.884637250012,71.0,0.0,1.0,0.0,0.0,0.0,-930.8846372500063
1,pct,1.0,1.0,8,2.0,off,cfd_std,1,1,0,0.0,-831.440499999997,27.0,-858.440499999997,0.03247376090050953,0.0,-1.0161398096958376,858.440499999997,70.0,0.0,1.0,0.0,0.0,0.0,-858.440499999997
1,pct,1.0,1.0,8,2.0,off,cfd_raw,1,1,0,0.0,-836.885500000004,22.0,-858.885500000004,0.026287945005618926,0.0,-1.0166665581604333,858.885500000004,71.0,0.0,1.0,0.0,0.0,0.0,-858.885500000004
1,pct,1.0,1.0,8,2.0,bar,none,1,1,0,1.0,137.40105015179142,0.0,137.40105015179142,0.0,inf,0.16264222966326736,0.0,27.0,0.0,0.0,1.0,0.0,0.0,137.40105015179142
1,pct,1.0,1.0,8,2.0,bar,exchange,1,1,0,1.0,137.40105015179142,88.5492505250759,48.85179962671552,0.6444583242067848,inf,0.05782609088922304,0.0,27.0,0.0,0.0,1.0,0.0,0.0,48.85179962671552
1,pct,1.0,1.0,8,2.0,bar,cfd_std,1,1,0,1.0,137.40105015179142,27.0,110.40105015179142,0.19650504832511992,inf,0.13068221046358175,0.0,27.0,0.0,0.0,1.0,0.0,0.0,110.40105015179142
1,pct,1.0,1.0,8,2.0,bar,cfd_raw,1,1,0,1.0,137.40105015179142,22.0,115.40105015179142,0.16011522456120883,inf,0.1366007325375976,0.0,27.0,0.0,0.0,1.0,0.0,0.0,115.40105015179142
1,pct,1.0,1.0,8,2.0,tick,none,1,1,0,1.0,90.92459099090775,0.0,90.92459099090775,0.0,inf,0.10762783977011009,0.0,19.0,0.0,0.0,1.0,0.0,0.0,90.92459099090775
1,pct,1.0,1.0,8,2.0,tick,exchange,1,1,0,1.0,90.92459099090775,88.52601229549546,2.398578695412283,0.9736201321416762,inf,0.002839208191012349,0.0,19.0,0.0,0.0,1.0,0.0,0.0,2.398578695412283
1,pct,1.0,1.0,8,2.0,tick,cfd_std,1,1,0,1.0,90.92459099090775,27.0,63.924590990907745,0.29694936986518794,inf,0.07566782057042448,0.0,19.0,0.0,0.0,1.0,0.0,0.0,63.924590990907745
1,pct,1.0,1.0,8,2.0,tick,cfd_raw,1,1,0,1.0,90.92459099090775,22.0,68.92459099090775,0.24195874581607907,inf,0.08158634264444034,0.0,19.0,0.0,0.0,1.0,0.0,0.0,68.92459099090775
1,pct,1.0,1.5,3,0.5,off,none,4,3,1,0.0,-2634.196699999986,0.0,-2634.196699999986,0.0,0.0,-0.7714682016371393,2634.196699999986,128.0,0.0,0.75,0.0,0.25,0.0,-658.5491749999965
1,pct,1.0,1.5,3,0.5,off,exchange,4,3,1,0.0,-2628.256699999998,355.12082165,-2983.3775216499985,0.13511649058100003,0.0,-0.8740670489750718,2983.3775216499926,128.0,0.0,0.75,0.0,0.25,0.0,-745.8443804124996
1,pct,1.0,1.5,3,0.5,off,cfd_std,4,3,1,0.0,-2594.101700000014,108.0,-2702.101700000014,0.04163290899504805,0.0,-0.7914633466815121,2702.101700000014,128.0,0.0,0.75,0.0,0.25,0.0,-675.5254250000035
1,pct,1.0,1.5,3,0.5,off,cfd_raw,4,3,1,0.0,-2610.436699999991,88.0,-2698.436699999991,0.03371083466609257,0.0,-0.7903691225462277,2698.436699999991,128.0,0.0,0.75,0.0,0.25,0.0,-674.6091749999978
1,pct,1.0,1.5,3,0.5,bar,none,15,9,6,0.8,1440.1121151486295,0.0,1440.1121151486295,0.0,2.647147746613477,0.11368737981794823,874.3065812459681,26.6,0.06666666666666667,0.06666666666666667,0.8,0.06666666666666667,0.0,96.00747434324197
1,pct,1.0,1.5,3,0.5,bar,exchange,15,9,6,0.5333333333333333,1444.0621151486266,1333.2029130399721,110.85920210865433,0.4181003309980219,1.0765036942697865,0.009534234892634295,1339.139917932218,26.6,0.06666666666666667,0.06666666666666667,0.8,0.06666666666666667,0.0,7.390613473910289
1,pct,1.0,1.5,3,0.5,bar,cfd_std,12,7,5,0.6666666666666666,1354.2829576579388,310.5,1043.7829576579388,0.10160614739298697,2.0916212234806006,0.10327030222110578,931.7468635551777,34.833333333333336,0.08333333333333333,0.08333333333333333,0.75,0.08333333333333333,0.0,86.98191313816157
1,pct,1.0,1.5,3,0.5,bar,cfd_raw,12,7,5,0.6666666666666666,1343.420457657936,256.0,1087.420457657936,0.08377114222825006,2.15483773236987,0.10756354439507339,922.1918635551701,34.833333333333336,0.08333333333333333,0.08333333333333333,0.75,0.08333333333333333,0.0,90.61837147149465
1,pct,1.0,1.5,3,0.5,tick,none,17,11,6,0.7647058823529411,652.3516786857654,0.0,652.3516786857654,0.0,1.716135670479731,0.045850811927465304,861.9321999999956,21.235294117647058,0.0,0.058823529411764705,0.9411764705882353,0.0,0.0,38.3736281579862
1,pct,1.0,1.5,3,0.5,tick,exchange,17,11,6,0.23529411764705882,654.3316786857613,1512.3577598673783,-858.0260811816172,0.6117363486608319,0.5159133486709052,-0.05867244549319259,1383.3252270374505,21.235294117647058,0.0,0.058823529411764705,0.9411764705882353,0.0,0.0,-50.472122422448074
1,pct,1.0,1.5,3,0.5,tick,cfd_std,13,8,5,0.6153846153846154,567.1563917543681,351.0,216.1563917543681,0.1533793432925412,1.2224716496469257,0.020452270689913905,918.6168635551876,30.53846153846154,0.0,0.07692307692307693,0.9230769230769231,0.0,0.0,16.62741475033601
1,pct,1.0,1.5,3,0.5,tick,cfd_raw,13,8,5,0.6153846153846154,561.7113917543757,286.0,275.71139175437565,0.12467910644035043,1.2895951017728506,0.02585119870349761,909.06186355518,30.53846153846154,0.0,0.07692307692307693,0.9230769230769231,0.0,0.0,21.208568596490434
1,pct,1.0,1.5,3,1.0,off,none,4,3,1,0.0,-2634.4381999999896,0.0,-2634.4381999999896,0.0,0.0,-0.7714682016371404,2634.4381999999896,123.5,0.0,0.75,0.0,0.25,0.0,-658.6095499999974
1,pct,1.0,1.5,3,1.0,off,exchange,4,3,1,0.0,-2628.498200000002,355.1448509,-2983.6430509000015,0.13511321822476413,0.0,-0.8740668821324115,2983.6430509000056,123.5,0.0,0.75,0.0,0.25,0.0,-745.9107627250004
1,pct,1.0,1.5,3,1.0,off,cfd_std,4,3,1,0.0,-2594.343200000003,108.0,-2702.343200000003,0.041629033506438116,0.0,-0.7914622210452166,2702.343200000003,123.5,0.0,0.75,0.0,0.25,0.0,-675.5858000000007
1,pct,1.0,1.5,3,1.0,off,cfd_raw,4,3,1,0.0,-2610.678199999995,88.0,-2698.678199999995,0.033707716255492605,0.0,-0.7903679601729985,2698.678199999995,123.5,0.0,0.75,0.0,0.25,0.0,-674.6695499999987
1,pct,1.0,1.5,3,1.0,bar,none,8,5,3,0.75,265.3357133674581,0.0,265.3357133674581,0.0,1.1953393384677622,0.038634858862189175,861.9321999999956,48.75,0.125,0.125,0.625,0.125,0.0,33.16696417093226
1,pct,1.0,1.5,3,1.0,bar,exchange,8,5,3,0.375,269.2857133674552,710.8208316523546,-441.53511828489957,0.23837129052371434,0.7402921928380849,-0.06508517608895163,1115.7275428429275,48.75,0.125,0.125,0.625,0.125,0.0,-55.191889785612446
1,pct,1.0,1.5,3,1.0,bar,cfd_std,8,5,3,0.625,291.99821336744935,202.5,89.49821336744935,0.06790897926137911,1.0627662623500538,0.012793762912670911,902.4968117029057,49.0,0.125,0.125,0.625,0.125,0.0,11.187276670931169
1,pct,1.0,1.5,3,1.0,bar,cfd_raw,8,5,3,0.625,281.13571336744644,168.0,113.13571336744644,0.05633878174523371,1.0798788205167942,0.016278305954768035,897.9418117028981,49.0,0.125,0.125,0.625,0.125,0.0,14.141964170930805
1,pct,1.0,1.5,3,1.0,tick,none,8,5,3,0.75,-235.7371255375183,0.0,-235.7371255375183,0.0,0.8264510511217211,-0.034583593188353995,861.9321999999956,46.125,0.0,0.125,0.75,0.125,0.0,-29.467140692189787
1,pct,1.0,1.5,3,1.0,tick,exchange,8,5,3,0.375,-233.75712553752237,713.0082537101289,-946.7653792476515,0.28762542110329375,0.44915027007290087,-0.13891100501813855,1134.3411339089216,46.125,0.0,0.125,0.75,0.125,0.0,-118.34567240595644
1,pct,1.0,1.5,3,1.0,tick,cfd_std,8,5,3,0.5,-222.3721255375276,216.0,-438.3721255375276,0.08753578470357068,0.6946379687555446,-0.06434025957632158,912.1816397703806,46.125,0.0,0.125,0.75,0.125,0.0,-54.79651569219095
1,pct,1.0,1.5,3,1.0,tick,cfd_raw,8,5,3,0.5,-227.81712553752004,176.0,-403.81712553752004,0.0711684117622564,0.7158271954684992,-0.059260484133373176,902.626639770373,46.125,0.0,0.125,0.75,0.125,0.0,-50.477140692190005
1,pct,1.0,1.5,3,2.0,off,none,1,1,0,0.0,-844.7550999999949,0.0,-844.7550999999949,0.0,0.0,-0.9999999999999939,844.7550999999949,71.0,0.0,1.0,0.0,0.0,0.0,-844.7550999999949
1,pct,1.0,1.5,3,2.0,off,exchange,1,1,0,0.0,-842.7750999999989,88.05412245,-930.829222449999,0.10448116282742585,0.0,-1.1018923975126034,930.8292224500037,71.0,0.0,1.0,0.0,0.0,0.0,-930.829222449999
1,pct,1.0,1.5,3,2.0,off,cfd_std,1,1,0,0.0,-831.3901000000042,27.0,-858.3901000000042,0.0324757295041159,0.0,-1.0161407726333989,858.3901000000042,71.0,0.0,1.0,0.0,0.0,0.0,-858.3901000000042
1,pct,1.0,1.5,3,2.0,off,cfd_raw,1,1,0,0.0,-836.8350999999966,22.0,-858.8350999999966,0.026289528247560468,0.0,-1.0166675525249822,858.8350999999966,71.0,0.0,1.0,0.0,0.0,0.0,-858.8350999999966
1,pct,1.0,1.5,3,2.0,bar,none,1,1,0,1.0,142.44105015179957,0.0,142.44105015179957,0.0,inf,0.168618159454497,0.0,27.0,0.0,0.0,1.0,0.0,0.0,142.44105015179957
1,pct,1.0,1.5,3,2.0,bar,exchange,1,1,0,1.0,142.44105015179957,88.5467305250759,53.89431962672367,0.6216377261380168,inf,0.06379875022562595,0.0,27.0,0.0,0.0,1.0,0.0,0.0,53.89431962672367
1,pct,1.0,1.5,3,2.0,bar,cfd_std,1,1,0,1.0,142.44105015179957,27.0,115.44105015179957,0.18955209871891615,inf,0.13665623344777625,0.0,27.0,0.0,0.0,1.0,0.0,0.0,115.44105015179957
1,pct,1.0,1.5,3,2.0,bar,cfd_raw,1,1,0,1.0,142.44105015179957,22.0,120.44105015179957,0.15444985821541315,inf,0.14257510863420603,0.0,27.0,0.0,0.0,1.0,0.0,0.0,120.44105015179957
1,pct,1.0,1.5,3,2.0,tick,none,1,1,0,1.0,95.9645909909159,0.0,95.9645909909159,0.0,inf,0.11360048727840281,0.0,19.0,0.0,0.0,1.0,0.0,0.0,95.9645909909159
1,pct,1.0,1.5,3,2.0,tick,exchange,1,1,0,1.0,95.9645909909159,88.52349229549546,7.441098695420436,0.9224599550877592,inf,0.008808586885619793,0.0,19.0,0.0,0.0,1.0,0.0,0.0,7.441098695420436
1,pct,1.0,1.5,3,2.0,tick,cfd_std,1,1,0,1.0,95.9645909909159,27.0,68.9645909909159,0.28135377560829544,inf,0.08163856127168205,0.0,19.0,0.0,0.0,1.0,0.0,0.0,68.9645909909159
1,pct,1.0,1.5,3,2.0,tick,cfd_raw,1,1,0,1.0,95.9645909909159,22.0,73.9645909909159,0.22925122456972222,inf,0.08755743645811181,0.0,19.0,0.0,0.0,1.0,0.0,0.0,73.9645909909159
1,pct,1.0,1.5,5,0.5,off,none,3,1,2,0.3333333333333333,374.9115999999922,0.0,374.9115999999922,0.0,1.4088076847796545,0.138042397817139,917.085500000001,165.33333333333334,0.3333333333333333,0.3333333333333333,0.0,0.3333333333333333,0.0,124.97053333333072
1,pct,1.0,1.5,5,0.5,off,exchange,3,1,2,0.3333333333333333,378.86159999998927,263.7514337,115.11016629998926,0.11939464266588616,1.105472918302908,0.036052415485611444,1091.3717772500095,165.33333333333334,0.3333333333333333,0.3333333333333333,0.0,0.3333333333333333,0.0,38.37005543332975
1,pct,1.0,1.5,5,0.5,off,cfd_std,3,1,2,0.3333333333333333,401.574099999998,67.5,334.074099999998,0.03055660416264258,1.348822125035435,0.12189157540188239,957.7204999999958,165.0,0.3333333333333333,0.3333333333333333,0.0,0.3333333333333333,0.0,111.35803333333267
1,pct,1.0,1.5,5,0.5,off,cfd_raw,3,1,2,0.3333333333333333,390.7115999999951,58.0,332.7115999999951,0.02625571820117909,1.3490596334004894,0.12140602933482104,953.1655000000028,165.33333333333334,0.3333333333333333,0.3333333333333333,0.0,0.3333333333333333,0.0,110.90386666666502
1,pct,1.0,1.5,5,0.5,bar,none,14,6,8,0.9285714285714286,2638.094024568636,0.0,2638.094024568636,0.0,236.07966690228815,0.22069931112285782,11.222127627333975,18.357142857142858,0.07142857142857142,0.0,0.8571428571428571,0.07142857142857142,0.0,188.4352874691883
1,pct,1.0,1.5,5,0.5,bar,exchange,14,6,8,0.5714285714285714,2640.0640245686373,1246.0563375796348,1394.0076869890022,0.46800092492569756,4.2802754563493695,0.11641290269257132,218.97833643018384,18.357142857142858,0.07142857142857142,0.0,0.8571428571428571,0.07142857142857142,0.0,99.57197764207159
1,pct,1.0,1.5,5,0.5,bar,cfd_std,12,5,7,0.9166666666666666,2599.1966360145016,310.5,2288.6966360145016,0.11945998840476632,94.6838573890772,0.22329527085800463,24.429999999993015,24.75,0.08333333333333333,0.0,0.8333333333333334,0.08333333333333333,0.0,190.72471966787512
1,pct,1.0,1.5,5,0.5,bar,cfd_raw,14,6,8,0.7857142857142857,2645.974024568626,300.0,2345.974024568626,0.11242615232716302,39.7444449126092,0.1962052396775557,33.222127627333975,18.5,0.07142857142857142,0.0,0.8571428571428571,0.07142857142857142,0.0,167.5695731834733
1,pct,1.0,1.5,5,0.5,tick,none,16,8,8,0.875,1808.922152144427,0.0,1808.922152144427,0.0,45.278352472342604,0.13259397574403278,29.768592422246,13.375,0.0,0.0,1.0,0.0,0.0,113.05763450902668
1,pct,1.0,1.5,5,0.5,tick,exchange,16,8,8,0.375,1808.922152144427,1425.2395522173215,383.68259992710546,0.7538441214013227,1.608474595025538,0.027929098819675265,327.1673380252905,13.375,0.0,0.0,1.0,0.0,0.0,23.98016249544409
1,pct,1.0,1.5,5,0.5,tick,cfd_std,15,7,8,0.8666666666666667,1862.498478150097,405.0,1457.498478150097,0.2174498421079308,43.49715291255224,0.11386291872871408,20.376522060207208,15.466666666666667,0.0,0.0,1.0,0.0,0.0,97.16656521000647
1,pct,1.0,1.5,5,0.5,tick,cfd_raw,15,7,8,0.8,1784.6107445666712,330.0,1454.6107445666712,0.18264532860321836,26.34995009160541,0.11366456705826758,33.08482806746906,15.333333333333334,0.0,0.0,1.0,0.0,0.0,96.97404963777808
1,pct,1.0,1.5,5,1.0,off,none,3,1,2,0.3333333333333333,370.9795000000013,0.0,370.9795000000013,0.0,1.4045200801888165,0.13804239781714256,917.085500000001,153.0,0.3333333333333333,0.3333333333333333,0.0,0.3333333333333333,0.0,123.65983333333376
1,pct,1.0,1.5,5,1.0,off,exchange,3,1,2,0.3333333333333333,374.92949999999837,263.49125975,111.43824024999844,0.11948955622102037,1.1021084130751448,0.03605238238882561,1091.371777249995,153.0,0.3333333333333333,0.3333333333333333,0.0,0.3333333333333333,0.0,37.14608008333281
1,pct,1.0,1.5,5,1.0,off,cfd_std,3,1,2,0.3333333333333333,397.6420000000071,67.5,330.1420000000071,0.030611092643678284,1.3447164386687018,0.12189133616933691,957.7204999999958,152.66666666666666,0.3333333333333333,0.3333333333333333,0.0,0.3333333333333333,0.0,110.0473333333357
1,pct,1.0,1.5,5,1.0,off,cfd_raw,3,1,2,0.3333333333333333,386.7795000000042,58.0,328.7795000000042,0.026302536766297988,1.3449343267250056,0.12139879919556561,953.1655000000028,153.0,0.3333333333333333,0.3333333333333333,0.0,0.3333333333333333,0.0,109.59316666666807
1,pct,1.0,1.5,5,1.0,bar,none,9,3,6,1.0,1886.2233325046109,0.0,1886.2233325046109,0.0,inf,0.24579914595642988,0.0,13.0,0.1111111111111111,0.0,0.7777777777777778,0.1111111111111111,0.0,209.5803702782901
1,pct,1.0,1.5,5,1.0,bar,exchange,9,3,6,0.5555555555555556,1888.193332504612,798.9664296241018,1089.2269028805101,0.4231380419950457,4.92676055597837,0.141689301955355,186.85756813790067,13.0,0.1111111111111111,0.0,0.7777777777777778,0.1111111111111111,0.0,121.02521143116779
1,pct,1.0,1.5,5,1.0,bar,cfd_std,9,3,6,0.6666666666666666,1899.5208325046115,229.5,1670.0208325046115,0.12081994367884503,39.122579210935406,0.2175358662874913,24.429999999993015,13.222222222222221,0.1111111111111111,0.0,0.7777777777777778,0.1111111111111111,0.0,185.55787027829015
1,pct,1.0,1.5,5,1.0,bar,cfd_raw,9,3,6,0.6666666666666666,1894.103332504601,190.0,1704.103332504601,0.10031131709628544,60.15668417285616,0.22199636095438985,19.429999999993015,13.222222222222221,0.1111111111111111,0.0,0.7777777777777778,0.1111111111111111,0.0,189.34481472273345
1,pct,1.0,1.5,5,1.0,tick,none,9,3,6,1.0,1500.8936133755487,0.0,1500.8936133755487,0.0,inf,0.1958712435171356,0.0,10.333333333333334,0.0,0.0,1.0,0.0,0.0,166.76595704172763
1,pct,1.0,1.5,5,1.0,tick,exchange,9,3,6,0.5555555555555556,1500.8936133755487,801.1667230245055,699.7268903510433,0.5337931455532419,4.118396577891288,0.09121982164411006,148.80697510857135,10.333333333333334,0.0,0.0,1.0,0.0,0.0,77.74743226122703
1,pct,1.0,1.5,5,1.0,tick,cfd_std,9,3,6,1.0,1500.8936133755487,243.0,1257.8936133755487,0.16190354721643907,inf,0.16412745679179763,0.0,10.333333333333334,0.0,0.0,1.0,0.0,0.0,139.76595704172763
1,pct,1.0,1.5,5,1.0,tick,cfd_raw,9,3,6,1.0,1500.8936133755487,198.0,1302.8936133755487,0.13192140884302442,inf,0.17000593581500834,0.0,10.333333333333334,0.0,0.0,1.0,0.0,0.0,144.76595704172763
1,pct,1.0,1.5,5,2.0,off,none,2,1,1,0.5,437.3323999999993,0.0,437.3323999999993,0.0,1.517672292616464,0.24999999999999956,844.8055000000022,82.5,0.5,0.5,0.0,0.0,0.0,218.66619999999966
1,pct,1.0,1.5,5,2.0,off,exchange,2,1,1,0.5,441.2823999999964,174.89194329999998,266.3904566999963,0.0822272776853282,1.2861691406649052,0.14941248493954495,930.8846372499975,82.5,0.5,0.5,0.0,0.0,0.0,133.19522834999816
1,pct,1.0,1.5,5,2.0,off,cfd_std,2,1,1,0.5,463.99490000000515,40.5,423.49490000000515,0.019042013687775586,1.4933305220338586,0.2418116406551052,858.440499999997,82.0,0.5,0.5,0.0,0.0,0.0,211.74745000000257
1,pct,1.0,1.5,5,2.0,off,cfd_raw,2,1,1,0.5,453.13240000000224,36.0,417.13240000000224,0.016926015539774786,1.4856670650511625,0.23808676278891827,858.885500000004,82.5,0.5,0.5,0.0,0.0,0.0,208.56620000000112
1,pct,1.0,1.5,5,2.0,bar,none,2,1,1,1.0,157.92226127498725,0.0,157.92226127498725,0.0,inf,0.09332521231786887,0.0,16.0,0.0,0.0,1.0,0.0,0.0,78.96113063749362
1,pct,1.0,1.5,5,2.0,bar,exchange,2,1,1,0.5,157.92226127498725,178.01484991951432,-20.09258864452707,1.1272308823487538,0.7085681786677351,-0.011416696936010676,68.94438827123668,16.0,0.0,0.0,1.0,0.0,0.0,-10.046294322263535
1,pct,1.0,1.5,5,2.0,bar,cfd_std,2,1,1,0.5,157.92226127498725,54.0,103.92226127498725,0.34194039246924635,17.040383974705087,0.061551269787722705,6.478788876804174,16.0,0.0,0.0,1.0,0.0,0.0,51.961130637493625
1,pct,1.0,1.5,5,2.0,bar,cfd_raw,2,1,1,0.5,157.92226127498725,44.0,113.92226127498725,0.27861809756753403,78.03754272292461,0.06743533321923126,1.478788876804174,16.0,0.0,0.0,1.0,0.0,0.0,56.961130637493625
1,pct,1.0,1.5,5,2.0,tick,none,2,1,1,1.0,119.39580211410066,0.0,119.39580211410066,0.0,inf,0.07046845317854453,0.0,11.5,0.0,0.0,1.0,0.0,0.0,59.69790105705033
1,pct,1.0,1.5,5,2.0,tick,exchange,2,1,1,0.5,119.39580211410066,177.98763668993388,-58.591834575833204,1.4907361359308084,0.039327142853500155,-0.034257377259958095,60.99041327123996,11.5,0.0,0.0,1.0,0.0,0.0,-29.295917287916602
1,pct,1.0,1.5,5,2.0,tick,cfd_std,2,1,1,1.0,119.39580211410066,54.0,65.39580211410066,0.45227720777314157,inf,0.03869451064839836,0.0,11.5,0.0,0.0,1.0,0.0,0.0,32.69790105705033
1,pct,1.0,1.5,5,2.0,tick,cfd_raw,2,1,1,1.0,119.39580211410066,44.0,75.39580211410066,0.3685221692966339,inf,0.04457857407990691,0.0,11.5,0.0,0.0,1.0,0.0,0.0,37.69790105705033
1,pct,1.0,1.5,8,0.5,off,none,3,1,2,0.3333333333333333,337.13784999999916,0.0,337.13784999999916,0.0,1.3546148663822113,0.12470750710019385,950.7155000000057,149.33333333333334,0.3333333333333333,0.3333333333333333,0.0,0.3333333333333333,0.0,112.37928333333305
1,pct,1.0,1.5,8,0.5,off,exchange,3,1,2,0.3333333333333333,341.08784999999625,263.460440575,77.62740942499616,0.11769198767099563,1.0690030640673975,0.022710189278270832,1124.9849622500042,149.33333333333334,0.3333333333333333,0.3333333333333333,0.0,0.3333333333333333,0.0,25.875803141665386
1,pct,1.0,1.5,8,0.5,off,cfd_std,3,1,2,0.3333333333333333,363.800350000005,67.5,296.300350000005,0.030154102877802517,1.2988855606569067,0.10855215869694956,991.3505000000005,150.33333333333334,0.3333333333333333,0.3333333333333333,0.0,0.3333333333333333,0.0,98.766783333335
1,pct,1.0,1.5,8,0.5,off,cfd_raw,3,1,2,0.3333333333333333,352.9378499999875,58.0,294.9378499999875,0.025909873799482164,1.2988844699838875,0.10806003566978327,986.7955000000075,150.66666666666666,0.3333333333333333,0.3333333333333333,0.0,0.3333333333333333,0.0,98.3126166666625
1,pct,1.0,1.5,8,0.5,bar,none,12,4,8,0.9166666666666666,2105.222528535538,0.0,2105.222528535538,0.0,167.17393730427483,0.20545412686128742,12.668788876806502,12.25,0.08333333333333333,0.0,0.9166666666666666,0.0,0.0,175.43521071129484
1,pct,1.0,1.5,8,0.5,bar,exchange,12,4,8,0.3333333333333333,2107.192528535539,1067.4910729316023,1039.701455603937,0.5005749132372905,3.597028952263878,0.10121753470078941,217.15353486665117,12.25,0.08333333333333333,0.0,0.9166666666666666,0.0,0.0,86.64178796699474
1,pct,1.0,1.5,8,0.5,bar,cfd_std,12,4,8,0.8333333333333334,2218.85389253209,310.5,1908.35389253209,0.13993710944422152,63.649496794037816,0.18615298169531672,30.46080160557176,13.75,0.08333333333333333,0.0,0.9166666666666666,0.0,0.0,159.02949104434083
1,pct,1.0,1.5,8,0.5,bar,cfd_raw,12,4,8,0.8333333333333334,2213.4363925320795,256.0,1957.4363925320795,0.11565726526577373,96.6676297569418,0.19095934825508984,20.46080160557176,13.75,0.08333333333333333,0.0,0.9166666666666666,0.0,0.0,163.1196993776733
1,pct,1.0,1.5,8,0.5,tick,none,12,4,8,0.9166666666666666,1488.0946424245049,0.0,1488.0946424245049,0.0,316.35520687051235,0.1454742097183847,4.718788876809413,9.083333333333334,0.0,0.0,1.0,0.0,0.0,124.00788686870874
1,pct,1.0,1.5,8,0.5,tick,exchange,12,4,8,0.4166666666666667,1488.0946424245049,1069.7616676819137,418.3329747425913,0.7143496836112622,2.1682891620520124,0.040824616119799394,317.033232111673,9.083333333333334,0.0,0.0,1.0,0.0,0.0,34.861081228549274
1,pct,1.0,1.5,8,0.5,tick,cfd_std,12,4,8,0.9166666666666666,1538.7672151604347,324.0,1214.7672151604347,0.21055816422903134,158.7008655060169,0.1187191547468337,7.702983818526263,10.25,0.0,0.0,1.0,0.0,0.0,101.23060126336956
1,pct,1.0,1.5,8,0.5,tick,cfd_raw,12,4,8,0.8333333333333334,1488.0946424245049,264.0,1224.0946424245049,0.17629002998586474,42.605060820096824,0.11964684847955298,26.718788876809413,9.083333333333334,0.0,0.0,1.0,0.0,0.0,102.00788686870874
1,pct,1.0,1.5,8,1.0,off,none,3,2,1,0.0,-1809.5139000000054,0.0,-1809.5139000000054,0.0,0.0,-0.7086258262331412,1809.5139000000054,120.33333333333333,0.0,0.6666666666666666,0.0,0.3333333333333333,0.0,-603.1713000000018
1,pct,1.0,1.5,8,1.0,off,exchange,3,2,1,0.0,-1805.5539000000135,265.70089305,-2071.2547930500136,0.1471575526213856,0.0,-0.8114800262257219,2071.254793050015,120.33333333333333,0.0,0.6666666666666666,0.0,0.3333333333333333,0.0,-690.4182643500045
1,pct,1.0,1.5,8,1.0,off,cfd_std,3,2,1,0.0,-1782.783899999995,81.0,-1863.783899999995,0.04543455883800624,0.0,-0.7299948335776366,1863.783899999995,120.0,0.0,0.6666666666666666,0.0,0.3333333333333333,0.0,-621.2612999999983
1,pct,1.0,1.5,8,1.0,off,cfd_raw,3,2,1,0.0,-1793.6739000000089,66.0,-1859.6739000000089,0.0367959861600259,0.0,-0.7283622508224771,1859.6739000000089,120.33333333333333,0.0,0.6666666666666666,0.0,0.3333333333333333,0.0,-619.891300000003
1,pct,1.0,1.5,8,1.0,bar,none,5,3,2,1.0,1566.5774946832535,0.0,1566.5774946832535,0.0,inf,0.3671418590926635,0.0,12.8,0.2,0.0,0.8,0.0,0.0,313.31549893665067
1,pct,1.0,1.5,8,1.0,bar,exchange,5,3,2,0.4,1568.5474946832546,441.68907254301257,1126.858422140242,0.28159113704886907,10.368837685624538,0.26348684375966747,75.78470887815638,12.8,0.2,0.0,0.8,0.0,0.0,225.3716844280484
1,pct,1.0,1.5,8,1.0,bar,cfd_std,5,3,2,0.8,1579.874994683254,121.5,1458.374994683254,0.07690481867798615,114.07145276529681,0.34158375689177395,12.897817787044914,13.2,0.2,0.0,0.8,0.0,0.0,291.6749989366508
1,pct,1.0,1.5,8,1.0,bar,cfd_raw,5,3,2,0.8,1574.4574946832436,102.0,1472.4574946832436,0.06478421954510802,187.43852446160136,0.3449245359582654,7.897817787044914,13.2,0.2,0.0,0.8,0.0,0.0,294.4914989366487
1,pct,1.0,1.5,8,1.0,tick,none,5,3,2,1.0,1136.2475582955085,0.0,1136.2475582955085,0.0,inf,0.2666606447156378,0.0,9.6,0.0,0.0,1.0,0.0,0.0,227.2495116591017
1,pct,1.0,1.5,8,1.0,tick,exchange,5,3,2,0.8,1136.2475582955085,443.9118660520454,692.3356922434631,0.39068234981992844,12.948434123052394,0.16202549586149909,57.94363387816702,9.6,0.0,0.0,1.0,0.0,0.0,138.46713844869262
1,pct,1.0,1.5,8,1.0,tick,cfd_std,5,3,2,1.0,1136.2475582955085,135.0,1001.2475582955085,0.11881213650528259,inf,0.2348376298132293,0.0,9.6,0.0,0.0,1.0,0.0,0.0,200.2495116591017
1,pct,1.0,1.5,8,1.0,tick,cfd_raw,5,3,2,1.0,1136.2475582955085,110.0,1026.2475582955085,0.09680988900430433,inf,0.24073078072108273,0.0,9.6,0.0,0.0,1.0,0.0,0.0,205.2495116591017
1,pct,1.0,1.5,8,2.0,off,none,1,1,0,0.0,-844.8055000000022,0.0,-844.8055000000022,0.0,0.0,-1.0000000000000027,844.8055000000022,71.0,0.0,1.0,0.0,0.0,0.0,-844.8055000000022
1,pct,1.0,1.5,8,2.0,off,exchange,1,1,0,0.0,-842.8255000000063,88.05913724999999,-930.8846372500063,0.1044808649595905,0.0,-1.1018922547852805,930.884637250012,71.0,0.0,1.0,0.0,0.0,0.0,-930.8846372500063
1,pct,1.0,1.5,8,2.0,off,cfd_std,1,1,0,0.0,-831.440499999997,27.0,-858.440499999997,0.03247376090050953,0.0,-1.0161398096958376,858.440499999997,70.0,0.0,1.0,0.0,0.0,0.0,-858.440499999997
1,pct,1.0,1.5,8,2.0,off,cfd_raw,1,1,0,0.0,-836.885500000004,22.0,-858.885500000004,0.026287945005618926,0.0,-1.0166665581604333,858.885500000004,71.0,0.0,1.0,0.0,0.0,0.0,-858.885500000004
1,pct,1.0,1.5,8,2.0,bar,none,1,1,0,1.0,137.40105015179142,0.0,137.40105015179142,0.0,inf,0.16264222966326736,0.0,27.0,0.0,0.0,1.0,0.0,0.0,137.40105015179142
1,pct,1.0,1.5,8,2.0,bar,exchange,1,1,0,1.0,137.40105015179142,88.5492505250759,48.85179962671552,0.6444583242067848,inf,0.05782609088922304,0.0,27.0,0.0,0.0,1.0,0.0,0.0,48.85179962671552
1,pct,1.0,1.5,8,2.0,bar,cfd_std,1,1,0,1.0,137.40105015179142,27.0,110.40105015179142,0.19650504832511992,inf,0.13068221046358175,0.0,27.0,0.0,0.0,1.0,0.0,0.0,110.40105015179142
1,pct,1.0,1.5,8,2.0,bar,cfd_raw,1,1,0,1.0,137.40105015179142,22.0,115.40105015179142,0.16011522456120883,inf,0.1366007325375976,0.0,27.0,0.0,0.0,1.0,0.0,0.0,115.40105015179142
1,pct,1.0,1.5,8,2.0,tick,none,1,1,0,1.0,90.92459099090775,0.0,90.92459099090775,0.0,inf,0.10762783977011009,0.0,19.0,0.0,0.0,1.0,0.0,0.0,90.92459099090775
1,pct,1.0,1.5,8,2.0,tick,exchange,1,1,0,1.0,90.92459099090775,88.52601229549546,2.398578695412283,0.9736201321416762,inf,0.002839208191012349,0.0,19.0,0.0,0.0,1.0,0.0,0.0,2.398578695412283
1,pct,1.0,1.5,8,2.0,tick,cfd_std,1,1,0,1.0,90.92459099090775,27.0,63.924590990907745,0.29694936986518794,inf,0.07566782057042448,0.0,19.0,0.0,0.0,1.0,0.0,0.0,63.924590990907745
1,pct,1.0,1.5,8,2.0,tick,cfd_raw,1,1,0,1.0,90.92459099090775,22.0,68.92459099090775,0.24195874581607907,inf,0.08158634264444034,0.0,19.0,0.0,0.0,1.0,0.0,0.0,68.92459099090775
1,pct,1.0,2.0,3,0.5,off,none,4,3,1,0.0,-2634.196699999986,0.0,-2634.196699999986,0.0,0.0,-0.7714682016371393,2634.196699999986,128.0,0.0,0.75,0.0,0.25,0.0,-658.5491749999965
1,pct,1.0,2.0,3,0.5,off,exchange,4,3,1,0.0,-2628.256699999998,355.12082165,-2983.3775216499985,0.13511649058100003,0.0,-0.8740670489750718,2983.3775216499926,128.0,0.0,0.75,0.0,0.25,0.0,-745.8443804124996
1,pct,1.0,2.0,3,0.5,off,cfd_std,4,3,1,0.0,-2594.101700000014,108.0,-2702.101700000014,0.04163290899504805,0.0,-0.7914633466815121,2702.101700000014,128.0,0.0,0.75,0.0,0.25,0.0,-675.5254250000035
1,pct,1.0,2.0,3,0.5,off,cfd_raw,4,3,1,0.0,-2610.436699999991,88.0,-2698.436699999991,0.03371083466609257,0.0,-0.7903691225462277,2698.436699999991,128.0,0.0,0.75,0.0,0.25,0.0,-674.6091749999978
1,pct,1.0,2.0,3,0.5,bar,none,15,9,6,0.8,1397.508473725553,0.0,1397.508473725553,0.0,2.59841925441528,0.11036731769421301,874.3065812459681,26.933333333333334,0.0,0.06666666666666667,0.8666666666666667,0.06666666666666667,0.0,93.16723158170353
1,pct,1.0,2.0,3,0.5,bar,exchange,15,9,6,0.5333333333333333,1399.4884737255488,1335.2261998606837,64.26227386486502,0.42467113582930227,1.0443472554314475,0.005902979643621361,1339.139917932218,26.933333333333334,0.0,0.06666666666666667,0.8666666666666667,0.06666666666666667,0.0,4.2841515909910015
1,pct,1.0,2.0,3,0.5,bar,cfd_std,12,7,5,0.6666666666666666,1298.3818162348616,324.0,974.3818162348616,0.1079994124853771,2.0190393151869443,0.09650984427413727,931.7468635551777,35.083333333333336,0.0,0.08333333333333333,0.8333333333333334,0.08333333333333333,0.0,81.19848468623847
1,pct,1.0,2.0,3,0.5,bar,cfd_raw,12,7,5,0.6666666666666666,1292.9368162348692,264.0,1028.9368162348692,0.08784009238399462,2.0927282554273345,0.10186657471533904,922.1918635551701,35.083333333333336,0.0,0.08333333333333333,0.8333333333333334,0.08333333333333333,0.0,85.7447346862391
1,pct,1.0,2.0,3,0.5,tick,none,17,11,6,0.7647058823529411,652.3516786857654,0.0,652.3516786857654,0.0,1.716135670479731,0.045850811927465304,861.9321999999956,21.235294117647058,0.0,0.058823529411764705,0.9411764705882353,0.0,0.0,38.3736281579862
1,pct,1.0,2.0,3,0.5,tick,exchange,17,11,6,0.23529411764705882,654.3316786857613,1512.3577598673783,-858.0260811816172,0.6117363486608319,0.5159133486709052,-0.05867244549319259,1383.3252270374505,21.235294117647058,0.0,0.058823529411764705,0.9411764705882353,0.0,0.0,-50.472122422448074
1,pct,1.0,2.0,3,0.5,tick,cfd_std,13,8,5,0.6153846153846154,567.1563917543681,351.0,216.1563917543681,0.1533793432925412,1.2224716496469257,0.020452270689913905,918.6168635551876,30.53846153846154,0.0,0.07692307692307693,0.9230769230769231,0.0,0.0,16.62741475033601
1,pct,1.0,2.0,3,0.5,tick,cfd_raw,13,8,5,0.6153846153846154,561.7113917543757,286.0,275.71139175437565,0.12467910644035043,1.2895951017728506,0.02585119870349761,909.06186355518,30.53846153846154,0.0,0.07692307692307693,0.9230769230769231,0.0,0.0,21.208568596490434
1,pct,1.0,2.0,3,1.0,off,none,4,3,1,0.0,-2634.4381999999896,0.0,-2634.4381999999896,0.0,0.0,-0.7714682016371404,2634.4381999999896,123.5,0.0,0.75,0.0,0.25,0.0,-658.6095499999974
1,pct,1.0,2.0,3,1.0,off,exchange,4,3,1,0.0,-2628.498200000002,355.1448509,-2983.6430509000015,0.13511321822476413,0.0,-0.8740668821324115,2983.6430509000056,123.5,0.0,0.75,0.0,0.25,0.0,-745.9107627250004
1,pct,1.0,2.0,3,1.0,off,cfd_std,4,3,1,0.0,-2594.343200000003,108.0,-2702.343200000003,0.041629033506438116,0.0,-0.7914622210452166,2702.343200000003,123.5,0.0,0.75,0.0,0.25,0.0,-675.5858000000007
1,pct,1.0,2.0,3,1.0,off,cfd_raw,4,3,1,0.0,-2610.678199999995,88.0,-2698.678199999995,0.033707716255492605,0.0,-0.7903679601729985,2698.678199999995,123.5,0.0,0.75,0.0,0.25,0.0,-674.6695499999987
1,pct,1.0,2.0,3,1.0,bar,none,8,5,3,0.75,222.73207194438146,0.0,222.73207194438146,0.0,1.1639746683060175,0.03240974238018568,861.9321999999956,49.375,0.0,0.125,0.75,0.125,0.0,27.841508993047682
1,pct,1.0,2.0,3,1.0,bar,exchange,8,5,3,0.375,224.71207194437739,712.8441184730661,-488.1320465286889,0.24267723875096708,0.7128842120149896,-0.07189377968085088,1115.7275428429275,49.375,0.0,0.125,0.75,0.125,0.0,-61.01650581608611
1,pct,1.0,2.0,3,1.0,bar,cfd_std,8,5,3,0.625,236.09707194437215,216.0,20.097071944372146,0.07382012191976402,1.0140943382294059,0.002653075992218132,902.4968117029057,49.375,0.0,0.125,0.75,0.125,0.0,2.5121339930465183
1,pct,1.0,2.0,3,1.0,bar,cfd_raw,8,5,3,0.625,230.6520719443797,176.0,54.65207194437971,0.06003800531384253,1.0385867814483782,0.007732851435166471,897.9418117028981,49.375,0.0,0.125,0.75,0.125,0.0,6.831508993047464
1,pct,1.0,2.0,3,1.0,tick,none,8,5,3,0.75,-235.7371255375183,0.0,-235.7371255375183,0.0,0.8264510511217211,-0.034583593188353995,861.9321999999956,46.125,0.0,0.125,0.75,0.125,0.0,-29.467140692189787
1,pct,1.0,2.0,3,1.0,tick,exchange,8,5,3,0.375,-233.75712553752237,713.0082537101289,-946.7653792476515,0.28762542110329375,0.44915027007290087,-0.13891100501813855,1134.3411339089216,46.125,0.0,0.125,0.75,0.125,0.0,-118.34567240595644
1,pct,1.0,2.0,3,1.0,tick,cfd_std,8,5,3,0.5,-222.3721255375276,216.0,-438.3721255375276,0.08753578470357068,0.6946379687555446,-0.06434025957632158,912.1816397703806,46.125,0.0,0.125,0.75,0.125,0.0,-54.79651569219095
1,pct,1.0,2.0,3,1.0,tick,cfd_raw,8,5,3,0.5,-227.81712553752004,176.0,-403.81712553752004,0.0711684117622564,0.7158271954684992,-0.059260484133373176,902.626639770373,46.125,0.0,0.125,0.75,0.125,0.0,-50.477140692190005
1,pct,1.0,2.0,3,2.0,off,none,1,1,0,0.0,-844.7550999999949,0.0,-844.7550999999949,0.0,0.0,-0.9999999999999939,844.7550999999949,71.0,0.0,1.0,0.0,0.0,0.0,-844.7550999999949
1,pct,1.0,2.0,3,2.0,off,exchange,1,1,0,0.0,-842.7750999999989,88.05412245,-930.829222449999,0.10448116282742585,0.0,-1.1018923975126034,930.8292224500037,71.0,0.0,1.0,0.0,0.0,0.0,-930.829222449999
1,pct,1.0,2.0,3,2.0,off,cfd_std,1,1,0,0.0,-831.3901000000042,27.0,-858.3901000000042,0.0324757295041159,0.0,-1.0161407726333989,858.3901000000042,71.0,0.0,1.0,0.0,0.0,0.0,-858.3901000000042
1,pct,1.0,2.0,3,2.0,off,cfd_raw,1,1,0,0.0,-836.8350999999966,22.0,-858.8350999999966,0.026289528247560468,0.0,-1.0166675525249822,858.8350999999966,71.0,0.0,1.0,0.0,0.0,0.0,-858.8350999999966
1,pct,1.0,2.0,3,2.0,bar,none,1,1,0,1.0,142.44105015179957,0.0,142.44105015179957,0.0,inf,0.168618159454497,0.0,27.0,0.0,0.0,1.0,0.0,0.0,142.44105015179957
1,pct,1.0,2.0,3,2.0,bar,exchange,1,1,0,1.0,142.44105015179957,88.5467305250759,53.89431962672367,0.6216377261380168,inf,0.06379875022562595,0.0,27.0,0.0,0.0,1.0,0.0,0.0,53.89431962672367
1,pct,1.0,2.0,3,2.0,bar,cfd_std,1,1,0,1.0,142.44105015179957,27.0,115.44105015179957,0.18955209871891615,inf,0.13665623344777625,0.0,27.0,0.0,0.0,1.0,0.0,0.0,115.44105015179957
1,pct,1.0,2.0,3,2.0,bar,cfd_raw,1,1,0,1.0,142.44105015179957,22.0,120.44105015179957,0.15444985821541315,inf,0.14257510863420603,0.0,27.0,0.0,0.0,1.0,0.0,0.0,120.44105015179957
1,pct,1.0,2.0,3,2.0,tick,none,1,1,0,1.0,95.9645909909159,0.0,95.9645909909159,0.0,inf,0.11360048727840281,0.0,19.0,0.0,0.0,1.0,0.0,0.0,95.9645909909159
1,pct,1.0,2.0,3,2.0,tick,exchange,1,1,0,1.0,95.9645909909159,88.52349229549546,7.441098695420436,0.9224599550877592,inf,0.008808586885619793,0.0,19.0,0.0,0.0,1.0,0.0,0.0,7.441098695420436
1,pct,1.0,2.0,3,2.0,tick,cfd_std,1,1,0,1.0,95.9645909909159,27.0,68.9645909909159,0.28135377560829544,inf,0.08163856127168205,0.0,19.0,0.0,0.0,1.0,0.0,0.0,68.9645909909159
1,pct,1.0,2.0,3,2.0,tick,cfd_raw,1,1,0,1.0,95.9645909909159,22.0,73.9645909909159,0.22925122456972222,inf,0.08755743645811181,0.0,19.0,0.0,0.0,1.0,0.0,0.0,73.9645909909159
1,pct,1.0,2.0,5,0.5,off,none,3,1,2,0.3333333333333333,805.5773000000045,0.0,805.5773000000045,0.0,1.8784102463728884,0.3047090644838104,917.085500000001,167.66666666666666,0.3333333333333333,0.3333333333333333,0.0,0.3333333333333333,0.0,268.5257666666682
1,pct,1.0,2.0,5,0.5,off,exchange,3,1,2,0.3333333333333333,809.5172999999922,263.53610585,545.9811941499922,0.09983455715878023,1.500270581969541,0.20279854357289703,1091.3717772500095,167.66666666666666,0.3333333333333333,0.3333333333333333,0.0,0.3333333333333333,0.0,181.99373138333075
1,pct,1.0,2.0,5,0.5,off,cfd_std,3,1,2,0.3333333333333333,832.1723000000056,67.5,764.6723000000056,0.025571927524383996,1.798429500047257,0.2885321197188966,957.7204999999958,167.33333333333334,0.3333333333333333,0.3333333333333333,0.0,0.3333333333333333,0.0,254.89076666666855
1,pct,1.0,2.0,5,0.5,off,cfd_raw,3,1,2,0.3333333333333333,821.3372999999992,58.0,763.3372999999992,0.021972457675837487,1.8008444493637223,0.2880572160905824,953.1655000000028,167.66666666666666,0.3333333333333333,0.3333333333333333,0.0,0.3333333333333333,0.0,254.4457666666664
1,pct,1.0,2.0,5,0.5,bar,none,14,6,8,0.9285714285714286,2595.4903831455595,0.0,2595.4903831455595,0.0,232.28327081432118,0.2171421017045701,11.222127627333975,18.714285714285715,0.0,0.0,0.9285714285714286,0.07142857142857142,0.0,185.39217022468281
1,pct,1.0,2.0,5,0.5,bar,exchange,14,6,8,0.5714285714285714,2595.4903831455595,1248.0796244003463,1347.410758745213,0.4767420874812311,4.170627022208001,0.11252227206862889,218.97833643018384,18.714285714285715,0.0,0.0,0.9285714285714286,0.07142857142857142,0.0,96.24362562465807
1,pct,1.0,2.0,5,0.5,bar,cfd_std,12,5,7,0.9166666666666666,2543.2954945914244,324.0,2219.2954945914244,0.1273937694967096,91.84304112124678,0.21653481291103613,24.429999999993015,25.0,0.0,0.0,0.9166666666666666,0.08333333333333333,0.0,184.94129121595202
1,pct,1.0,2.0,5,0.5,bar,cfd_raw,14,6,8,0.7857142857142857,2595.4903831455595,308.0,2287.4903831455595,0.11764999610082444,38.77857052539323,0.19132212280921193,33.222127627333975,18.714285714285715,0.0,0.0,0.9285714285714286,0.07142857142857142,0.0,163.39217022468281
1,pct,1.0,2.0,5,0.5,tick,none,16,8,8,0.875,1808.922152144427,0.0,1808.922152144427,0.0,45.278352472342604,0.13259397574403278,29.768592422246,13.375,0.0,0.0,1.0,0.0,0.0,113.05763450902668
1,pct,1.0,2.0,5,0.5,tick,exchange,16,8,8,0.375,1808.922152144427,1425.2395522173215,383.68259992710546,0.7538441214013227,1.608474595025538,0.027929098819675265,327.1673380252905,13.375,0.0,0.0,1.0,0.0,0.0,23.98016249544409
1,pct,1.0,2.0,5,0.5,tick,cfd_std,15,7,8,0.8666666666666667,1862.498478150097,405.0,1457.498478150097,0.2174498421079308,43.49715291255224,0.11386291872871408,20.376522060207208,15.466666666666667,0.0,0.0,1.0,0.0,0.0,97.16656521000647
1,pct,1.0,2.0,5,0.5,tick,cfd_raw,15,7,8,0.8,1784.6107445666712,330.0,1454.6107445666712,0.18264532860321836,26.34995009160541,0.11366456705826758,33.08482806746906,15.333333333333334,0.0,0.0,1.0,0.0,0.0,96.97404963777808
1,pct,1.0,2.0,5,1.0,off,none,3,1,2,0.3333333333333333,800.3344999999972,0.0,800.3344999999972,0.0,1.87269344025175,0.3047090644838076,917.085500000001,156.33333333333334,0.3333333333333333,0.3333333333333333,0.0,0.3333333333333333,0.0,266.77816666666575
1,pct,1.0,2.0,5,1.0,off,exchange,3,1,2,0.3333333333333333,804.2744999999995,263.27658725,540.9979127499994,0.09993472624920463,1.4957045106234872,0.20279849865625033,1091.3717772500095,156.33333333333334,0.3333333333333333,0.3333333333333333,0.0,0.3333333333333333,0.0,180.33263758333314
1,pct,1.0,2.0,5,1.0,off,cfd_std,3,1,2,0.3333333333333333,826.9294999999984,67.5,759.4294999999984,0.025622819569229256,1.7929552515582592,0.2885318007421618,957.7204999999958,156.0,0.3333333333333333,0.3333333333333333,0.0,0.3333333333333333,0.0,253.14316666666613
1,pct,1.0,2.0,5,1.0,off,cfd_raw,3,1,2,0.3333333333333333,816.094499999992,58.0,758.094499999992,0.02201618531250933,1.7953440404630567,0.28804993869550843,953.1655000000028,156.33333333333334,0.3333333333333333,0.3333333333333333,0.0,0.3333333333333333,0.0,252.69816666666398
1,pct,1.0,2.0,5,1.0,bar,none,9,3,6,1.0,1843.6196910815343,0.0,1843.6196910815343,0.0,inf,0.24026570908353792,0.0,13.555555555555555,0.0,0.0,0.8888888888888888,0.1111111111111111,0.0,204.8466323423927
1,pct,1.0,2.0,5,1.0,bar,exchange,9,3,6,0.5555555555555556,1843.6196910815343,800.9897164448133,1042.6299746367208,0.4344658067602455,4.758774455585898,0.1356372098736668,186.85756813790067,13.555555555555555,0.0,0.0,0.8888888888888888,0.1111111111111111,0.0,115.84777495963564
1,pct,1.0,2.0,5,1.0,bar,cfd_std,9,3,6,0.6666666666666666,1843.6196910815343,243.0,1600.6196910815343,0.13180592568820274,37.538317230644644,0.20852192235819994,24.429999999993015,13.555555555555555,0.0,0.0,0.8888888888888888,0.1111111111111111,0.0,177.8466323423927
1,pct,1.0,2.0,5,1.0,bar,cfd_raw,9,3,6,0.6666666666666666,1843.6196910815343,198.0,1645.6196910815343,0.10739742093112815,58.12646790665237,0.21440040138141067,19.429999999993015,13.555555555555555,0.0,0.0,0.8888888888888888,0.1111111111111111,0.0,182.8466323423927
1,pct,1.0,2.0,5,1.0,tick,none,9,3,6,1.0,1500.8936133755487,0.0,1500.8936133755487,0.0,inf,0.1958712435171356,0.0,10.333333333333334,0.0,0.0,1.0,0.0,0.0,166.76595704172763
1,pct,1.0,2.0,5,1.0,tick,exchange,9,3,6,0.5555555555555556,1500.8936133755487,801.1667230245055,699.7268903510433,0.5337931455532419,4.118396577891288,0.09121982164411006,148.80697510857135,10.333333333333334,0.0,0.0,1.0,0.0,0.0,77.74743226122703
1,pct,1.0,2.0,5,1.0,tick,cfd_std,9,3,6,1.0,1500.8936133755487,243.0,1257.8936133755487,0.16190354721643907,inf,0.16412745679179763,0.0,10.333333333333334,0.0,0.0,1.0,0.0,0.0,139.76595704172763
1,pct,1.0,2.0,5,1.0,tick,cfd_raw,9,3,6,1.0,1500.8936133755487,198.0,1302.8936133755487,0.13192140884302442,inf,0.17000593581500834,0.0,10.333333333333334,0.0,0.0,1.0,0.0,0.0,144.76595704172763
1,pct,1.0,2.0,5,2.0,off,none,1,0,1,1.0,1709.517200000002,0.0,1709.517200000002,0.0,inf,2.000000000000002,0.0,192.0,1.0,0.0,0.0,0.0,0.0,1709.517200000002
1,pct,1.0,2.0,5,2.0,off,exchange,1,0,1,1.0,1711.477199999994,86.61912140000001,1624.8580785999939,0.05061073638608818,inf,1.9009555196051773,0.0,192.0,1.0,0.0,0.0,0.0,0.0,1624.8580785999939
1,pct,1.0,2.0,5,2.0,off,cfd_std,1,0,1,1.0,1722.747199999998,13.5,1709.247199999998,0.007836320964561728,inf,1.9996841213413916,0.0,192.0,1.0,0.0,0.0,0.0,0.0,1709.247199999998
1,pct,1.0,2.0,5,2.0,off,cfd_raw,1,0,1,1.0,1717.3571999999986,14.0,1703.3571999999986,0.008152060619654438,inf,1.9927932868999487,0.0,192.0,1.0,0.0,0.0,0.0,0.0,1703.3571999999986
1,pct,1.0,2.0,5,2.0,bar,none,2,1,1,1.0,157.92226127498725,0.0,157.92226127498725,0.0,inf,0.09332521231786887,0.0,16.0,0.0,0.0,1.0,0.0,0.0,78.96113063749362
1,pct,1.0,2.0,5,2.0,bar,exchange,2,1,1,0.5,157.92226127498725,178.01484991951432,-20.09258864452707,1.1272308823487538,0.7085681786677351,-0.011416696936010676,68.94438827123668,16.0,0.0,0.0,1.0,0.0,0.0,-10.046294322263535
1,pct,1.0,2.0,5,2.0,bar,cfd_std,2,1,1,0.5,157.92226127498725,54.0,103.92226127498725,0.34194039246924635,17.040383974705087,0.061551269787722705,6.478788876804174,16.0,0.0,0.0,1.0,0.0,0.0,51.961130637493625
1,pct,1.0,2.0,5,2.0,bar,cfd_raw,2,1,1,0.5,157.92226127498725,44.0,113.92226127498725,0.27861809756753403,78.03754272292461,0.06743533321923126,1.478788876804174,16.0,0.0,0.0,1.0,0.0,0.0,56.961130637493625
1,pct,1.0,2.0,5,2.0,tick,none,2,1,1,1.0,119.39580211410066,0.0,119.39580211410066,0.0,inf,0.07046845317854453,0.0,11.5,0.0,0.0,1.0,0.0,0.0,59.69790105705033
1,pct,1.0,2.0,5,2.0,tick,exchange,2,1,1,0.5,119.39580211410066,177.98763668993388,-58.591834575833204,1.4907361359308084,0.039327142853500155,-0.034257377259958095,60.99041327123996,11.5,0.0,0.0,1.0,0.0,0.0,-29.295917287916602
1,pct,1.0,2.0,5,2.0,tick,cfd_std,2,1,1,1.0,119.39580211410066,54.0,65.39580211410066,0.45227720777314157,inf,0.03869451064839836,0.0,11.5,0.0,0.0,1.0,0.0,0.0,32.69790105705033
1,pct,1.0,2.0,5,2.0,tick,cfd_raw,2,1,1,1.0,119.39580211410066,44.0,75.39580211410066,0.3685221692966339,inf,0.04457857407990691,0.0,11.5,0.0,0.0,1.0,0.0,0.0,37.69790105705033
1,pct,1.0,2.0,8,0.5,off,none,3,1,2,0.3333333333333333,766.4222999999911,0.0,766.4222999999911,0.0,1.8061531551762715,0.2913741737668573,950.7155000000057,152.66666666666666,0.3333333333333333,0.3333333333333333,0.0,0.3333333333333333,0.0,255.47409999999704
1,pct,1.0,2.0,8,0.5,off,exchange,3,1,2,0.3333333333333333,770.3622999999934,263.24580334999996,507.11649664999345,0.09867400761134464,1.4507762447204116,0.189456304907429,1124.9849622500042,152.66666666666666,0.3333333333333333,0.3333333333333333,0.0,0.3333333333333333,0.0,169.03883221666447
1,pct,1.0,2.0,8,0.5,off,cfd_std,3,1,2,0.3333333333333333,793.0172999999922,67.5,725.5172999999922,0.025302521634312052,1.7318474142091944,0.2751926189636357,991.3505000000005,152.33333333333334,0.3333333333333333,0.3333333333333333,0.0,0.3333333333333333,0.0,241.83909999999742
1,pct,1.0,2.0,8,0.5,off,cfd_raw,3,1,2,0.3333333333333333,782.1822999999858,58.0,724.1822999999858,0.02174097776598933,1.7338727223624149,0.27471117261794525,986.7955000000075,152.66666666666666,0.3333333333333333,0.3333333333333333,0.0,0.3333333333333333,0.0,241.3940999999953
1,pct,1.0,2.0,8,0.5,bar,none,12,4,8,0.9166666666666666,2062.6188871124614,0.0,2062.6188871124614,0.0,163.8110553557822,0.20130404920661846,12.668788876806502,12.666666666666666,0.0,0.0,1.0,0.0,0.0,171.88490725937177
1,pct,1.0,2.0,8,0.5,bar,exchange,12,4,8,0.3333333333333333,2062.6188871124614,1069.5143597523138,993.1045273601474,0.5122302010357839,3.4806363367842836,0.09667846563952325,217.15353486665117,12.666666666666666,0.0,0.0,1.0,0.0,0.0,82.75871061334561
1,pct,1.0,2.0,8,0.5,bar,cfd_std,12,4,8,0.8333333333333334,2162.9527511090128,324.0,1838.9527511090128,0.14979522776624463,61.37112138154104,0.17939252374834821,30.46080160557176,14.0,0.0,0.0,1.0,0.0,0.0,153.24606259241773
1,pct,1.0,2.0,8,0.5,bar,cfd_raw,12,4,8,0.8333333333333334,2162.9527511090128,264.0,1898.9527511090128,0.12205537077249562,93.80930374653072,0.18526237857535546,20.46080160557176,14.0,0.0,0.0,1.0,0.0,0.0,158.24606259241773
1,pct,1.0,2.0,8,0.5,tick,none,12,4,8,0.9166666666666666,1488.0946424245049,0.0,1488.0946424245049,0.0,316.35520687051235,0.1454742097183847,4.718788876809413,9.083333333333334,0.0,0.0,1.0,0.0,0.0,124.00788686870874
1,pct,1.0,2.0,8,0.5,tick,exchange,12,4,8,0.4166666666666667,1488.0946424245049,1069.7616676819137,418.3329747425913,0.7143496836112622,2.1682891620520124,0.040824616119799394,317.033232111673,9.083333333333334,0.0,0.0,1.0,0.0,0.0,34.861081228549274
1,pct,1.0,2.0,8,0.5,tick,cfd_std,12,4,8,0.9166666666666666,1538.7672151604347,324.0,1214.7672151604347,0.21055816422903134,158.7008655060169,0.1187191547468337,7.702983818526263,10.25,0.0,0.0,1.0,0.0,0.0,101.23060126336956
1,pct,1.0,2.0,8,0.5,tick,cfd_raw,12,4,8,0.8333333333333334,1488.0946424245049,264.0,1224.0946424245049,0.17629002998586474,42.605060820096824,0.11964684847955298,26.718788876809413,9.083333333333334,0.0,0.0,1.0,0.0,0.0,102.00788686870874
1,pct,1.0,2.0,8,1.0,off,none,3,2,1,0.0,-1809.5139000000054,0.0,-1809.5139000000054,0.0,0.0,-0.7086258262331412,1809.5139000000054,120.33333333333333,0.0,0.6666666666666666,0.0,0.3333333333333333,0.0,-603.1713000000018
1,pct,1.0,2.0,8,1.0,off,exchange,3,2,1,0.0,-1805.5539000000135,265.70089305,-2071.2547930500136,0.1471575526213856,0.0,-0.8114800262257219,2071.254793050015,120.33333333333333,0.0,0.6666666666666666,0.0,0.3333333333333333,0.0,-690.4182643500045
1,pct,1.0,2.0,8,1.0,off,cfd_std,3,2,1,0.0,-1782.783899999995,81.0,-1863.783899999995,0.04543455883800624,0.0,-0.7299948335776366,1863.783899999995,120.0,0.0,0.6666666666666666,0.0,0.3333333333333333,0.0,-621.2612999999983
1,pct,1.0,2.0,8,1.0,off,cfd_raw,3,2,1,0.0,-1793.6739000000089,66.0,-1859.6739000000089,0.0367959861600259,0.0,-0.7283622508224771,1859.6739000000089,120.33333333333333,0.0,0.6666666666666666,0.0,0.3333333333333333,0.0,-619.891300000003
1,pct,1.0,2.0,8,1.0,bar,none,5,3,2,1.0,1523.9738532601768,0.0,1523.9738532601768,0.0,inf,0.35718167272145795,0.0,13.8,0.0,0.0,1.0,0.0,0.0,304.79477065203537
1,pct,1.0,2.0,8,1.0,bar,exchange,5,3,2,0.4,1523.9738532601768,443.7123593637241,1080.2614938964527,0.2911548373448192,9.981425168854598,0.25259307801262865,75.78470887815638,13.8,0.0,0.0,1.0,0.0,0.0,216.05229877929054
1,pct,1.0,2.0,8,1.0,bar,cfd_std,5,3,2,0.8,1523.9738532601768,135.0,1388.9738532601768,0.08858419697372094,108.69060907770908,0.3253586578190495,12.897817787044914,13.8,0.0,0.0,1.0,0.0,0.0,277.79477065203537
1,pct,1.0,2.0,8,1.0,bar,cfd_raw,5,3,2,0.8,1523.9738532601768,110.0,1413.9738532601768,0.0721797160526615,180.03348638652704,0.33125180872690285,7.897817787044914,13.8,0.0,0.0,1.0,0.0,0.0,282.79477065203537
1,pct,1.0,2.0,8,1.0,tick,none,5,3,2,1.0,1136.2475582955085,0.0,1136.2475582955085,0.0,inf,0.2666606447156378,0.0,9.6,0.0,0.0,1.0,0.0,0.0,227.2495116591017
1,pct,1.0,2.0,8,1.0,tick,exchange,5,3,2,0.8,1136.2475582955085,443.9118660520454,692.3356922434631,0.39068234981992844,12.948434123052394,0.16202549586149909,57.94363387816702,9.6,0.0,0.0,1.0,0.0,0.0,138.46713844869262
1,pct,1.0,2.0,8,1.0,tick,cfd_std,5,3,2,1.0,1136.2475582955085,135.0,1001.2475582955085,0.11881213650528259,inf,0.2348376298132293,0.0,9.6,0.0,0.0,1.0,0.0,0.0,200.2495116591017
1,pct,1.0,2.0,8,1.0,tick,cfd_raw,5,3,2,1.0,1136.2475582955085,110.0,1026.2475582955085,0.09680988900430433,inf,0.24073078072108273,0.0,9.6,0.0,0.0,1.0,0.0,0.0,205.2495116591017
1,pct,1.0,2.0,8,2.0,off,none,1,1,0,0.0,-844.8055000000022,0.0,-844.8055000000022,0.0,0.0,-1.0000000000000027,844.8055000000022,71.0,0.0,1.0,0.0,0.0,0.0,-844.8055000000022
1,pct,1.0,2.0,8,2.0,off,exchange,1,1,0,0.0,-842.8255000000063,88.05913724999999,-930.8846372500063,0.1044808649595905,0.0,-1.1018922547852805,930.884637250012,71.0,0.0,1.0,0.0,0.0,0.0,-930.8846372500063
1,pct,1.0,2.0,8,2.0,off,cfd_std,1,1,0,0.0,-831.440499999997,27.0,-858.440499999997,0.03247376090050953,0.0,-1.0161398096958376,858.440499999997,70.0,0.0,1.0,0.0,0.0,0.0,-858.440499999997
1,pct,1.0,2.0,8,2.0,off,cfd_raw,1,1,0,0.0,-836.885500000004,22.0,-858.885500000004,0.026287945005618926,0.0,-1.0166665581604333,858.885500000004,71.0,0.0,1.0,0.0,0.0,0.0,-858.885500000004
1,pct,1.0,2.0,8,2.0,bar,none,1,1,0,1.0,137.40105015179142,0.0,137.40105015179142,0.0,inf,0.16264222966326736,0.0,27.0,0.0,0.0,1.0,0.0,0.0,137.40105015179142
1,pct,1.0,2.0,8,2.0,bar,exchange,1,1,0,1.0,137.40105015179142,88.5492505250759,48.85179962671552,0.6444583242067848,inf,0.05782609088922304,0.0,27.0,0.0,0.0,1.0,0.0,0.0,48.85179962671552
1,pct,1.0,2.0,8,2.0,bar,cfd_std,1,1,0,1.0,137.40105015179142,27.0,110.40105015179142,0.19650504832511992,inf,0.13068221046358175,0.0,27.0,0.0,0.0,1.0,0.0,0.0,110.40105015179142
1,pct,1.0,2.0,8,2.0,bar,cfd_raw,1,1,0,1.0,137.40105015179142,22.0,115.40105015179142,0.16011522456120883,inf,0.1366007325375976,0.0,27.0,0.0,0.0,1.0,0.0,0.0,115.40105015179142
1,pct,1.0,2.0,8,2.0,tick,none,1,1,0,1.0,90.92459099090775,0.0,90.92459099090775,0.0,inf,0.10762783977011009,0.0,19.0,0.0,0.0,1.0,0.0,0.0,90.92459099090775
1,pct,1.0,2.0,8,2.0,tick,exchange,1,1,0,1.0,90.92459099090775,88.52601229549546,2.398578695412283,0.9736201321416762,inf,0.002839208191012349,0.0,19.0,0.0,0.0,1.0,0.0,0.0,2.398578695412283
1,pct,1.0,2.0,8,2.0,tick,cfd_std,1,1,0,1.0,90.92459099090775,27.0,63.924590990907745,0.29694936986518794,inf,0.07566782057042448,0.0,19.0,0.0,0.0,1.0,0.0,0.0,63.924590990907745
1,pct,1.0,2.0,8,2.0,tick,cfd_raw,1,1,0,1.0,90.92459099090775,22.0,68.92459099090775,0.24195874581607907,inf,0.08158634264444034,0.0,19.0,0.0,0.0,1.0,0.0,0.0,68.92459099090775
1,pct,1.0,2.5,3,0.5,off,none,4,3,1,0.0,-2634.196699999986,0.0,-2634.196699999986,0.0,0.0,-0.7714682016371393,2634.196699999986,128.0,0.0,0.75,0.0,0.25,0.0,-658.5491749999965
1,pct,1.0,2.5,3,0.5,off,exchange,4,3,1,0.0,-2628.256699999998,355.12082165,-2983.3775216499985,0.13511649058100003,0.0,-0.8740670489750718,2983.3775216499926,128.0,0.0,0.75,0.0,0.25,0.0,-745.8443804124996
1,pct,1.0,2.5,3,0.5,off,cfd_std,4,3,1,0.0,-2594.101700000014,108.0,-2702.101700000014,0.04163290899504805,0.0,-0.7914633466815121,2702.101700000014,128.0,0.0,0.75,0.0,0.25,0.0,-675.5254250000035
1,pct,1.0,2.5,3,0.5,off,cfd_raw,4,3,1,0.0,-2610.436699999991,88.0,-2698.436699999991,0.03371083466609257,0.0,-0.7903691225462277,2698.436699999991,128.0,0.0,0.75,0.0,0.25,0.0,-674.6091749999978
1,pct,1.0,2.5,3,0.5,bar,none,15,9,6,0.8,1397.508473725553,0.0,1397.508473725553,0.0,2.59841925441528,0.11036731769421301,874.3065812459681,26.933333333333334,0.0,0.06666666666666667,0.8666666666666667,0.06666666666666667,0.0,93.16723158170353
1,pct,1.0,2.5,3,0.5,bar,exchange,15,9,6,0.5333333333333333,1399.4884737255488,1335.2261998606837,64.26227386486502,0.42467113582930227,1.0443472554314475,0.005902979643621361,1339.139917932218,26.933333333333334,0.0,0.06666666666666667,0.8666666666666667,0.06666666666666667,0.0,4.2841515909910015
1,pct,1.0,2.5,3,0.5,bar,cfd_std,12,7,5,0.6666666666666666,1298.3818162348616,324.0,974.3818162348616,0.1079994124853771,2.0190393151869443,0.09650984427413727,931.7468635551777,35.083333333333336,0.0,0.08333333333333333,0.8333333333333334,0.08333333333333333,0.0,81.19848468623847
1,pct,1.0,2.5,3,0.5,bar,cfd_raw,12,7,5,0.6666666666666666,1292.9368162348692,264.0,1028.9368162348692,0.08784009238399462,2.0927282554273345,0.10186657471533904,922.1918635551701,35.083333333333336,0.0,0.08333333333333333,0.8333333333333334,0.08333333333333333,0.0,85.7447346862391
1,pct,1.0,2.5,3,0.5,tick,none,17,11,6,0.7647058823529411,652.3516786857654,0.0,652.3516786857654,0.0,1.716135670479731,0.045850811927465304,861.9321999999956,21.235294117647058,0.0,0.058823529411764705,0.9411764705882353,0.0,0.0,38.3736281579862
1,pct,1.0,2.5,3,0.5,tick,exchange,17,11,6,0.23529411764705882,654.3316786857613,1512.3577598673783,-858.0260811816172,0.6117363486608319,0.5159133486709052,-0.05867244549319259,1383.3252270374505,21.235294117647058,0.0,0.058823529411764705,0.9411764705882353,0.0,0.0,-50.472122422448074
1,pct,1.0,2.5,3,0.5,tick,cfd_std,13,8,5,0.6153846153846154,567.1563917543681,351.0,216.1563917543681,0.1533793432925412,1.2224716496469257,0.020452270689913905,918.6168635551876,30.53846153846154,0.0,0.07692307692307693,0.9230769230769231,0.0,0.0,16.62741475033601
1,pct,1.0,2.5,3,0.5,tick,cfd_raw,13,8,5,0.6153846153846154,561.7113917543757,286.0,275.71139175437565,0.12467910644035043,1.2895951017728506,0.02585119870349761,909.06186355518,30.53846153846154,0.0,0.07692307692307693,0.9230769230769231,0.0,0.0,21.208568596490434
1,pct,1.0,2.5,3,1.0,off,none,4,3,1,0.0,-2634.4381999999896,0.0,-2634.4381999999896,0.0,0.0,-0.7714682016371404,2634.4381999999896,123.5,0.0,0.75,0.0,0.25,0.0,-658.6095499999974
1,pct,1.0,2.5,3,1.0,off,exchange,4,3,1,0.0,-2628.498200000002,355.1448509,-2983.6430509000015,0.13511321822476413,0.0,-0.8740668821324115,2983.6430509000056,123.5,0.0,0.75,0.0,0.25,0.0,-745.9107627250004
1,pct,1.0,2.5,3,1.0,off,cfd_std,4,3,1,0.0,-2594.343200000003,108.0,-2702.343200000003,0.041629033506438116,0.0,-0.7914622210452166,2702.343200000003,123.5,0.0,0.75,0.0,0.25,0.0,-675.5858000000007
1,pct,1.0,2.5,3,1.0,off,cfd_raw,4,3,1,0.0,-2610.678199999995,88.0,-2698.678199999995,0.033707716255492605,0.0,-0.7903679601729985,2698.678199999995,123.5,0.0,0.75,0.0,0.25,0.0,-674.6695499999987
1,pct,1.0,2.5,3,1.0,bar,none,8,5,3,0.75,222.73207194438146,0.0,222.73207194438146,0.0,1.1639746683060175,0.03240974238018568,861.9321999999956,49.375,0.0,0.125,0.75,0.125,0.0,27.841508993047682
1,pct,1.0,2.5,3,1.0,bar,exchange,8,5,3,0.375,224.71207194437739,712.8441184730661,-488.1320465286889,0.24267723875096708,0.7128842120149896,-0.07189377968085088,1115.7275428429275,49.375,0.0,0.125,0.75,0.125,0.0,-61.01650581608611
1,pct,1.0,2.5,3,1.0,bar,cfd_std,8,5,3,0.625,236.09707194437215,216.0,20.097071944372146,0.07382012191976402,1.0140943382294059,0.002653075992218132,902.4968117029057,49.375,0.0,0.125,0.75,0.125,0.0,2.5121339930465183
1,pct,1.0,2.5,3,1.0,bar,cfd_raw,8,5,3,0.625,230.6520719443797,176.0,54.65207194437971,0.06003800531384253,1.0385867814483782,0.007732851435166471,897.9418117028981,49.375,0.0,0.125,0.75,0.125,0.0,6.831508993047464
1,pct,1.0,2.5,3,1.0,tick,none,8,5,3,0.75,-235.7371255375183,0.0,-235.7371255375183,0.0,0.8264510511217211,-0.034583593188353995,861.9321999999956,46.125,0.0,0.125,0.75,0.125,0.0,-29.467140692189787
1,pct,1.0,2.5,3,1.0,tick,exchange,8,5,3,0.375,-233.75712553752237,713.0082537101289,-946.7653792476515,0.28762542110329375,0.44915027007290087,-0.13891100501813855,1134.3411339089216,46.125,0.0,0.125,0.75,0.125,0.0,-118.34567240595644
1,pct,1.0,2.5,3,1.0,tick,cfd_std,8,5,3,0.5,-222.3721255375276,216.0,-438.3721255375276,0.08753578470357068,0.6946379687555446,-0.06434025957632158,912.1816397703806,46.125,0.0,0.125,0.75,0.125,0.0,-54.79651569219095
1,pct,1.0,2.5,3,1.0,tick,cfd_raw,8,5,3,0.5,-227.81712553752004,176.0,-403.81712553752004,0.0711684117622564,0.7158271954684992,-0.059260484133373176,902.626639770373,46.125,0.0,0.125,0.75,0.125,0.0,-50.477140692190005
1,pct,1.0,2.5,3,2.0,off,none,1,1,0,0.0,-844.7550999999949,0.0,-844.7550999999949,0.0,0.0,-0.9999999999999939,844.7550999999949,71.0,0.0,1.0,0.0,0.0,0.0,-844.7550999999949
1,pct,1.0,2.5,3,2.0,off,exchange,1,1,0,0.0,-842.7750999999989,88.05412245,-930.829222449999,0.10448116282742585,0.0,-1.1018923975126034,930.8292224500037,71.0,0.0,1.0,0.0,0.0,0.0,-930.829222449999
1,pct,1.0,2.5,3,2.0,off,cfd_std,1,1,0,0.0,-831.3901000000042,27.0,-858.3901000000042,0.0324757295041159,0.0,-1.0161407726333989,858.3901000000042,71.0,0.0,1.0,0.0,0.0,0.0,-858.3901000000042
1,pct,1.0,2.5,3,2.0,off,cfd_raw,1,1,0,0.0,-836.8350999999966,22.0,-858.8350999999966,0.026289528247560468,0.0,-1.0166675525249822,858.8350999999966,71.0,0.0,1.0,0.0,0.0,0.0,-858.8350999999966
1,pct,1.0,2.5,3,2.0,bar,none,1,1,0,1.0,142.44105015179957,0.0,142.44105015179957,0.0,inf,0.168618159454497,0.0,27.0,0.0,0.0,1.0,0.0,0.0,142.44105015179957
1,pct,1.0,2.5,3,2.0,bar,exchange,1,1,0,1.0,142.44105015179957,88.5467305250759,53.89431962672367,0.6216377261380168,inf,0.06379875022562595,0.0,27.0,0.0,0.0,1.0,0.0,0.0,53.89431962672367
1,pct,1.0,2.5,3,2.0,bar,cfd_std,1,1,0,1.0,142.44105015179957,27.0,115.44105015179957,0.18955209871891615,inf,0.13665623344777625,0.0,27.0,0.0,0.0,1.0,0.0,0.0,115.44105015179957
1,pct,1.0,2.5,3,2.0,bar,cfd_raw,1,1,0,1.0,142.44105015179957,22.0,120.44105015179957,0.15444985821541315,inf,0.14257510863420603,0.0,27.0,0.0,0.0,1.0,0.0,0.0,120.44105015179957
1,pct,1.0,2.5,3,2.0,tick,none,1,1,0,1.0,95.9645909909159,0.0,95.9645909909159,0.0,inf,0.11360048727840281,0.0,19.0,0.0,0.0,1.0,0.0,0.0,95.9645909909159
1,pct,1.0,2.5,3,2.0,tick,exchange,1,1,0,1.0,95.9645909909159,88.52349229549546,7.441098695420436,0.9224599550877592,inf,0.008808586885619793,0.0,19.0,0.0,0.0,1.0,0.0,0.0,7.441098695420436
1,pct,1.0,2.5,3,2.0,tick,cfd_std,1,1,0,1.0,95.9645909909159,27.0,68.9645909909159,0.28135377560829544,inf,0.08163856127168205,0.0,19.0,0.0,0.0,1.0,0.0,0.0,68.9645909909159
1,pct,1.0,2.5,3,2.0,tick,cfd_raw,1,1,0,1.0,95.9645909909159,22.0,73.9645909909159,0.22925122456972222,inf,0.08755743645811181,0.0,19.0,0.0,0.0,1.0,0.0,0.0,73.9645909909159
1,pct,1.0,2.5,5,0.5,off,none,3,1,2,0.3333333333333333,1236.2430000000022,0.0,1236.2430000000022,0.0,2.3480128079661067,0.4713757311504762,917.085500000001,171.0,0.3333333333333333,0.3333333333333333,0.0,0.3333333333333333,0.0,412.08100000000076
1,pct,1.0,2.5,5,0.5,off,exchange,3,1,2,0.3333333333333333,1240.1729999999952,263.32077799999996,976.8522219999952,0.0857615132178905,1.8950682456361738,0.3695446716601825,1091.371777249995,171.0,0.3333333333333333,0.3333333333333333,0.0,0.3333333333333333,0.0,325.61740733333176
1,pct,1.0,2.5,5,0.5,off,cfd_std,3,1,2,0.3333333333333333,1262.7704999999987,67.5,1195.2704999999987,0.02198545605082914,2.248036875059064,0.45517266403590523,957.7204999999958,170.66666666666666,0.3333333333333333,0.3333333333333333,0.0,0.3333333333333333,0.0,398.4234999999996
1,pct,1.0,2.5,5,0.5,off,cfd_raw,3,1,2,0.3333333333333333,1251.9630000000034,58.0,1193.9630000000034,0.01889069906660399,2.2526292653269553,0.45470840284634373,953.1655000000028,171.0,0.3333333333333333,0.3333333333333333,0.0,0.3333333333333333,0.0,397.9876666666678
1,pct,1.0,2.5,5,0.5,bar,none,14,6,8,0.9285714285714286,2595.4903831455595,0.0,2595.4903831455595,0.0,232.28327081432118,0.2171421017045701,11.222127627333975,18.714285714285715,0.0,0.0,0.9285714285714286,0.07142857142857142,0.0,185.39217022468281
1,pct,1.0,2.5,5,0.5,bar,exchange,14,6,8,0.5714285714285714,2595.4903831455595,1248.0796244003463,1347.410758745213,0.4767420874812311,4.170627022208001,0.11252227206862889,218.97833643018384,18.714285714285715,0.0,0.0,0.9285714285714286,0.07142857142857142,0.0,96.24362562465807
1,pct,1.0,2.5,5,0.5,bar,cfd_std,12,5,7,0.9166666666666666,2543.2954945914244,324.0,2219.2954945914244,0.1273937694967096,91.84304112124678,0.21653481291103613,24.429999999993015,25.0,0.0,0.0,0.9166666666666666,0.08333333333333333,0.0,184.94129121595202
1,pct,1.0,2.5,5,0.5,bar,cfd_raw,14,6,8,0.7857142857142857,2595.4903831455595,308.0,2287.4903831455595,0.11764999610082444,38.77857052539323,0.19132212280921193,33.222127627333975,18.714285714285715,0.0,0.0,0.9285714285714286,0.07142857142857142,0.0,163.39217022468281
1,pct,1.0,2.5,5,0.5,tick,none,16,8,8,0.875,1808.922152144427,0.0,1808.922152144427,0.0,45.278352472342604,0.13259397574403278,29.768592422246,13.375,0.0,0.0,1.0,0.0,0.0,113.05763450902668
1,pct,1.0,2.5,5,0.5,tick,exchange,16,8,8,0.375,1808.922152144427,1425.2395522173215,383.68259992710546,0.7538441214013227,1.608474595025538,0.027929098819675265,327.1673380252905,13.375,0.0,0.0,1.0,0.0,0.0,23.98016249544409
1,pct,1.0,2.5,5,0.5,tick,cfd_std,15,7,8,0.8666666666666667,1862.498478150097,405.0,1457.498478150097,0.2174498421079308,43.49715291255224,0.11386291872871408,20.376522060207208,15.466666666666667,0.0,0.0,1.0,0.0,0.0,97.16656521000647
1,pct,1.0,2.5,5,0.5,tick,cfd_raw,15,7,8,0.8,1784.6107445666712,330.0,1454.6107445666712,0.18264532860321836,26.34995009160541,0.11366456705826758,33.08482806746906,15.333333333333334,0.0,0.0,1.0,0.0,0.0,96.97404963777808
1,pct,1.0,2.5,5,1.0,off,none,2,0,2,0.5,2074.4949999999953,0.0,2074.4949999999953,0.0,29.70081627006127,1.2070635967257102,72.27999999999884,248.0,0.5,0.0,0.0,0.5,0.0,1037.2474999999977
1,pct,1.0,2.5,5,1.0,off,exchange,2,0,2,0.5,2076.445000000007,175.00277749999998,1901.4422225000071,0.07879440951281047,12.847941352185734,1.1052630497781533,160.48713999999745,248.0,0.5,0.0,0.0,0.5,0.0,950.7211112500036
1,pct,1.0,2.5,5,1.0,off,cfd_std,2,0,2,0.5,2087.657500000001,40.5,2047.1575000000012,0.01814339328492856,21.620039282836675,1.1908283028204072,99.27999999999884,248.0,0.5,0.0,0.0,0.5,0.0,1023.5787500000006
1,pct,1.0,2.5,5,1.0,off,cfd_raw,2,0,2,0.5,2082.2949999999983,36.0,2046.2949999999983,0.016166297311679505,22.704444208740174,1.190384896373402,94.27999999999884,248.0,0.5,0.0,0.0,0.5,0.0,1023.1474999999991
1,pct,1.0,2.5,5,1.0,bar,none,9,3,6,1.0,1843.6196910815343,0.0,1843.6196910815343,0.0,inf,0.24026570908353792,0.0,13.555555555555555,0.0,0.0,0.8888888888888888,0.1111111111111111,0.0,204.8466323423927
1,pct,1.0,2.5,5,1.0,bar,exchange,9,3,6,0.5555555555555556,1843.6196910815343,800.9897164448133,1042.6299746367208,0.4344658067602455,4.758774455585898,0.1356372098736668,186.85756813790067,13.555555555555555,0.0,0.0,0.8888888888888888,0.1111111111111111,0.0,115.84777495963564
1,pct,1.0,2.5,5,1.0,bar,cfd_std,9,3,6,0.6666666666666666,1843.6196910815343,243.0,1600.6196910815343,0.13180592568820274,37.538317230644644,0.20852192235819994,24.429999999993015,13.555555555555555,0.0,0.0,0.8888888888888888,0.1111111111111111,0.0,177.8466323423927
1,pct,1.0,2.5,5,1.0,bar,cfd_raw,9,3,6,0.6666666666666666,1843.6196910815343,198.0,1645.6196910815343,0.10739742093112815,58.12646790665237,0.21440040138141067,19.429999999993015,13.555555555555555,0.0,0.0,0.8888888888888888,0.1111111111111111,0.0,182.8466323423927
1,pct,1.0,2.5,5,1.0,tick,none,9,3,6,1.0,1500.8936133755487,0.0,1500.8936133755487,0.0,inf,0.1958712435171356,0.0,10.333333333333334,0.0,0.0,1.0,0.0,0.0,166.76595704172763
1,pct,1.0,2.5,5,1.0,tick,exchange,9,3,6,0.5555555555555556,1500.8936133755487,801.1667230245055,699.7268903510433,0.5337931455532419,4.118396577891288,0.09121982164411006,148.80697510857135,10.333333333333334,0.0,0.0,1.0,0.0,0.0,77.74743226122703
1,pct,1.0,2.5,5,1.0,tick,cfd_std,9,3,6,1.0,1500.8936133755487,243.0,1257.8936133755487,0.16190354721643907,inf,0.16412745679179763,0.0,10.333333333333334,0.0,0.0,1.0,0.0,0.0,139.76595704172763
1,pct,1.0,2.5,5,1.0,tick,cfd_raw,9,3,6,1.0,1500.8936133755487,198.0,1302.8936133755487,0.13192140884302442,inf,0.17000593581500834,0.0,10.333333333333334,0.0,0.0,1.0,0.0,0.0,144.76595704172763
1,pct,1.0,2.5,5,2.0,off,none,1,0,1,1.0,1232.5800000000017,0.0,1232.5800000000017,0.0,inf,1.4420211741654332,0.0,322.0,0.0,0.0,0.0,1.0,0.0,1232.5800000000017
1,pct,1.0,2.5,5,2.0,off,exchange,1,0,1,1.0,1232.5800000000017,88.85956999999999,1143.7204300000017,0.07209233477745855,inf,1.3380625009213147,0.0,322.0,0.0,0.0,0.0,1.0,0.0,1143.7204300000017
1,pct,1.0,2.5,5,2.0,off,cfd_std,1,0,1,1.0,1232.5800000000017,27.0,1205.5800000000017,0.02190527186876305,inf,1.4104333083048264,0.0,322.0,0.0,0.0,0.0,1.0,0.0,1205.5800000000017
1,pct,1.0,2.5,5,2.0,off,cfd_raw,1,0,1,1.0,1232.5800000000017,22.0,1210.5800000000017,0.01784874004121434,inf,1.4162829130938277,0.0,322.0,0.0,0.0,0.0,1.0,0.0,1210.5800000000017
1,pct,1.0,2.5,5,2.0,bar,none,2,1,1,1.0,157.92226127498725,0.0,157.92226127498725,0.0,inf,0.09332521231786887,0.0,16.0,0.0,0.0,1.0,0.0,0.0,78.96113063749362
1,pct,1.0,2.5,5,2.0,bar,exchange,2,1,1,0.5,157.92226127498725,178.01484991951432,-20.09258864452707,1.1272308823487538,0.7085681786677351,-0.011416696936010676,68.94438827123668,16.0,0.0,0.0,1.0,0.0,0.0,-10.046294322263535
1,pct,1.0,2.5,5,2.0,bar,cfd_std,2,1,1,0.5,157.92226127498725,54.0,103.92226127498725,0.34194039246924635,17.040383974705087,0.061551269787722705,6.478788876804174,16.0,0.0,0.0,1.0,0.0,0.0,51.961130637493625
1,pct,1.0,2.5,5,2.0,bar,cfd_raw,2,1,1,0.5,157.92226127498725,44.0,113.92226127498725,0.27861809756753403,78.03754272292461,0.06743533321923126,1.478788876804174,16.0,0.0,0.0,1.0,0.0,0.0,56.961130637493625
1,pct,1.0,2.5,5,2.0,tick,none,2,1,1,1.0,119.39580211410066,0.0,119.39580211410066,0.0,inf,0.07046845317854453,0.0,11.5,0.0,0.0,1.0,0.0,0.0,59.69790105705033
1,pct,1.0,2.5,5,2.0,tick,exchange,2,1,1,0.5,119.39580211410066,177.98763668993388,-58.591834575833204,1.4907361359308084,0.039327142853500155,-0.034257377259958095,60.99041327123996,11.5,0.0,0.0,1.0,0.0,0.0,-29.295917287916602
1,pct,1.0,2.5,5,2.0,tick,cfd_std,2,1,1,1.0,119.39580211410066,54.0,65.39580211410066,0.45227720777314157,inf,0.03869451064839836,0.0,11.5,0.0,0.0,1.0,0.0,0.0,32.69790105705033
1,pct,1.0,2.5,5,2.0,tick,cfd_raw,2,1,1,1.0,119.39580211410066,44.0,75.39580211410066,0.3685221692966339,inf,0.04457857407990691,0.0,11.5,0.0,0.0,1.0,0.0,0.0,37.69790105705033
1,pct,1.0,2.5,8,0.5,off,none,2,0,2,0.5,2040.5122499999998,0.0,2040.5122499999998,0.0,20.26647389292732,1.1870612606502913,105.91000000000349,242.5,0.5,0.0,0.0,0.5,0.0,1020.2561249999999
1,pct,1.0,2.5,8,0.5,off,exchange,2,0,2,0.5,2042.4622499999969,174.972028875,1867.4902211249969,0.07761762258253141,10.621262721352801,1.0852497581975207,194.10032499999215,242.5,0.5,0.0,0.0,0.5,0.0,933.7451105624984
1,pct,1.0,2.5,8,0.5,off,cfd_std,2,0,2,0.5,2053.674749999991,40.5,2013.174749999991,0.01787688980519599,16.146902038973277,1.17081952369341,132.9100000000035,242.5,0.5,0.0,0.0,0.5,0.0,1006.5873749999955
1,pct,1.0,2.5,8,0.5,off,cfd_raw,2,0,2,0.5,2048.3122500000027,36.0,2012.3122500000027,0.01592827145402657,16.73225119224414,1.1703767434293861,127.91000000000349,242.5,0.5,0.0,0.0,0.5,0.0,1006.1561250000013
1,pct,1.0,2.5,8,0.5,bar,none,12,4,8,0.9166666666666666,2062.6188871124614,0.0,2062.6188871124614,0.0,163.8110553557822,0.20130404920661846,12.668788876806502,12.666666666666666,0.0,0.0,1.0,0.0,0.0,171.88490725937177
1,pct,1.0,2.5,8,0.5,bar,exchange,12,4,8,0.3333333333333333,2062.6188871124614,1069.5143597523138,993.1045273601474,0.5122302010357839,3.4806363367842836,0.09667846563952325,217.15353486665117,12.666666666666666,0.0,0.0,1.0,0.0,0.0,82.75871061334561
1,pct,1.0,2.5,8,0.5,bar,cfd_std,12,4,8,0.8333333333333334,2162.9527511090128,324.0,1838.9527511090128,0.14979522776624463,61.37112138154104,0.17939252374834821,30.46080160557176,14.0,0.0,0.0,1.0,0.0,0.0,153.24606259241773
1,pct,1.0,2.5,8,0.5,bar,cfd_raw,12,4,8,0.8333333333333334,2162.9527511090128,264.0,1898.9527511090128,0.12205537077249562,93.80930374653072,0.18526237857535546,20.46080160557176,14.0,0.0,0.0,1.0,0.0,0.0,158.24606259241773
1,pct,1.0,2.5,8,0.5,tick,none,12,4,8,0.9166666666666666,1488.0946424245049,0.0,1488.0946424245049,0.0,316.35520687051235,0.1454742097183847,4.718788876809413,9.083333333333334,0.0,0.0,1.0,0.0,0.0,124.00788686870874
1,pct,1.0,2.5,8,0.5,tick,exchange,12,4,8,0.4166666666666667,1488.0946424245049,1069.7616676819137,418.3329747425913,0.7143496836112622,2.1682891620520124,0.040824616119799394,317.033232111673,9.083333333333334,0.0,0.0,1.0,0.0,0.0,34.861081228549274
1,pct,1.0,2.5,8,0.5,tick,cfd_std,12,4,8,0.9166666666666666,1538.7672151604347,324.0,1214.7672151604347,0.21055816422903134,158.7008655060169,0.1187191547468337,7.702983818526263,10.25,0.0,0.0,1.0,0.0,0.0,101.23060126336956
1,pct,1.0,2.5,8,0.5,tick,cfd_raw,12,4,8,0.8333333333333334,1488.0946424245049,264.0,1224.0946424245049,0.17629002998586474,42.605060820096824,0.11964684847955298,26.718788876809413,9.083333333333334,0.0,0.0,1.0,0.0,0.0,102.00788686870874
1,pct,1.0,2.5,8,1.0,off,none,3,2,1,0.0,-1809.5139000000054,0.0,-1809.5139000000054,0.0,0.0,-0.7086258262331412,1809.5139000000054,120.33333333333333,0.0,0.6666666666666666,0.0,0.3333333333333333,0.0,-603.1713000000018
1,pct,1.0,2.5,8,1.0,off,exchange,3,2,1,0.0,-1805.5539000000135,265.70089305,-2071.2547930500136,0.1471575526213856,0.0,-0.8114800262257219,2071.254793050015,120.33333333333333,0.0,0.6666666666666666,0.0,0.3333333333333333,0.0,-690.4182643500045
1,pct,1.0,2.5,8,1.0,off,cfd_std,3,2,1,0.0,-1782.783899999995,81.0,-1863.783899999995,0.04543455883800624,0.0,-0.7299948335776366,1863.783899999995,120.0,0.0,0.6666666666666666,0.0,0.3333333333333333,0.0,-621.2612999999983
1,pct,1.0,2.5,8,1.0,off,cfd_raw,3,2,1,0.0,-1793.6739000000089,66.0,-1859.6739000000089,0.0367959861600259,0.0,-0.7283622508224771,1859.6739000000089,120.33333333333333,0.0,0.6666666666666666,0.0,0.3333333333333333,0.0,-619.891300000003
1,pct,1.0,2.5,8,1.0,bar,none,5,3,2,1.0,1523.9738532601768,0.0,1523.9738532601768,0.0,inf,0.35718167272145795,0.0,13.8,0.0,0.0,1.0,0.0,0.0,304.79477065203537
1,pct,1.0,2.5,8,1.0,bar,exchange,5,3,2,0.4,1523.9738532601768,443.7123593637241,1080.2614938964527,0.2911548373448192,9.981425168854598,0.25259307801262865,75.78470887815638,13.8,0.0,0.0,1.0,0.0,0.0,216.05229877929054
1,pct,1.0,2.5,8,1.0,bar,cfd_std,5,3,2,0.8,1523.9738532601768,135.0,1388.9738532601768,0.08858419697372094,108.69060907770908,0.3253586578190495,12.897817787044914,13.8,0.0,0.0,1.0,0.0,0.0,277.79477065203537
1,pct,1.0,2.5,8,1.0,bar,cfd_raw,5,3,2,0.8,1523.9738532601768,110.0,1413.9738532601768,0.0721797160526615,180.03348638652704,0.33125180872690285,7.897817787044914,13.8,0.0,0.0,1.0,0.0,0.0,282.79477065203537
1,pct,1.0,2.5,8,1.0,tick,none,5,3,2,1.0,1136.2475582955085,0.0,1136.2475582955085,0.0,inf,0.2666606447156378,0.0,9.6,0.0,0.0,1.0,0.0,0.0,227.2495116591017
1,pct,1.0,2.5,8,1.0,tick,exchange,5,3,2,0.8,1136.2475582955085,443.9118660520454,692.3356922434631,0.39068234981992844,12.948434123052394,0.16202549586149909,57.94363387816702,9.6,0.0,0.0,1.0,0.0,0.0,138.46713844869262
1,pct,1.0,2.5,8,1.0,tick,cfd_std,5,3,2,1.0,1136.2475582955085,135.0,1001.2475582955085,0.11881213650528259,inf,0.2348376298132293,0.0,9.6,0.0,0.0,1.0,0.0,0.0,200.2495116591017
1,pct,1.0,2.5,8,1.0,tick,cfd_raw,5,3,2,1.0,1136.2475582955085,110.0,1026.2475582955085,0.09680988900430433,inf,0.24073078072108273,0.0,9.6,0.0,0.0,1.0,0.0,0.0,205.2495116591017
1,pct,1.0,2.5,8,2.0,off,none,1,1,0,0.0,-844.8055000000022,0.0,-844.8055000000022,0.0,0.0,-1.0000000000000027,844.8055000000022,71.0,0.0,1.0,0.0,0.0,0.0,-844.8055000000022
1,pct,1.0,2.5,8,2.0,off,exchange,1,1,0,0.0,-842.8255000000063,88.05913724999999,-930.8846372500063,0.1044808649595905,0.0,-1.1018922547852805,930.884637250012,71.0,0.0,1.0,0.0,0.0,0.0,-930.8846372500063
1,pct,1.0,2.5,8,2.0,off,cfd_std,1,1,0,0.0,-831.440499999997,27.0,-858.440499999997,0.03247376090050953,0.0,-1.0161398096958376,858.440499999997,70.0,0.0,1.0,0.0,0.0,0.0,-858.440499999997
1,pct,1.0,2.5,8,2.0,off,cfd_raw,1,1,0,0.0,-836.885500000004,22.0,-858.885500000004,0.026287945005618926,0.0,-1.0166665581604333,858.885500000004,71.0,0.0,1.0,0.0,0.0,0.0,-858.885500000004
1,pct,1.0,2.5,8,2.0,bar,none,1,1,0,1.0,137.40105015179142,0.0,137.40105015179142,0.0,inf,0.16264222966326736,0.0,27.0,0.0,0.0,1.0,0.0,0.0,137.40105015179142
1,pct,1.0,2.5,8,2.0,bar,exchange,1,1,0,1.0,137.40105015179142,88.5492505250759,48.85179962671552,0.6444583242067848,inf,0.05782609088922304,0.0,27.0,0.0,0.0,1.0,0.0,0.0,48.85179962671552
1,pct,1.0,2.5,8,2.0,bar,cfd_std,1,1,0,1.0,137.40105015179142,27.0,110.40105015179142,0.19650504832511992,inf,0.13068221046358175,0.0,27.0,0.0,0.0,1.0,0.0,0.0,110.40105015179142
1,pct,1.0,2.5,8,2.0,bar,cfd_raw,1,1,0,1.0,137.40105015179142,22.0,115.40105015179142,0.16011522456120883,inf,0.1366007325375976,0.0,27.0,0.0,0.0,1.0,0.0,0.0,115.40105015179142
1,pct,1.0,2.5,8,2.0,tick,none,1,1,0,1.0,90.92459099090775,0.0,90.92459099090775,0.0,inf,0.10762783977011009,0.0,19.0,0.0,0.0,1.0,0.0,0.0,90.92459099090775
1,pct,1.0,2.5,8,2.0,tick,exchange,1,1,0,1.0,90.92459099090775,88.52601229549546,2.398578695412283,0.9736201321416762,inf,0.002839208191012349,0.0,19.0,0.0,0.0,1.0,0.0,0.0,2.398578695412283
1,pct,1.0,2.5,8,2.0,tick,cfd_std,1,1,0,1.0,90.92459099090775,27.0,63.924590990907745,0.29694936986518794,inf,0.07566782057042448,0.0,19.0,0.0,0.0,1.0,0.0,0.0,63.924590990907745
1,pct,1.0,2.5,8,2.0,tick,cfd_raw,1,1,0,1.0,90.92459099090775,22.0,68.92459099090775,0.24195874581607907,inf,0.08158634264444034,0.0,19.0,0.0,0.0,1.0,0.0,0.0,68.92459099090775
1,pct,1.0,3.0,3,0.5,off,none,4,3,1,0.0,-2634.196699999986,0.0,-2634.196699999986,0.0,0.0,-0.7714682016371393,2634.196699999986,128.0,0.0,0.75,0.0,0.25,0.0,-658.5491749999965
1,pct,1.0,3.0,3,0.5,off,exchange,4,3,1,0.0,-2628.256699999998,355.12082165,-2983.3775216499985,0.13511649058100003,0.0,-0.8740670489750718,2983.3775216499926,128.0,0.0,0.75,0.0,0.25,0.0,-745.8443804124996
1,pct,1.0,3.0,3,0.5,off,cfd_std,4,3,1,0.0,-2594.101700000014,108.0,-2702.101700000014,0.04163290899504805,0.0,-0.7914633466815121,2702.101700000014,128.0,0.0,0.75,0.0,0.25,0.0,-675.5254250000035
1,pct,1.0,3.0,3,0.5,off,cfd_raw,4,3,1,0.0,-2610.436699999991,88.0,-2698.436699999991,0.03371083466609257,0.0,-0.7903691225462277,2698.436699999991,128.0,0.0,0.75,0.0,0.25,0.0,-674.6091749999978
1,pct,1.0,3.0,3,0.5,bar,none,15,9,6,0.8,1397.508473725553,0.0,1397.508473725553,0.0,2.59841925441528,0.11036731769421301,874.3065812459681,26.933333333333334,0.0,0.06666666666666667,0.8666666666666667,0.06666666666666667,0.0,93.16723158170353
1,pct,1.0,3.0,3,0.5,bar,exchange,15,9,6,0.5333333333333333,1399.4884737255488,1335.2261998606837,64.26227386486502,0.42467113582930227,1.0443472554314475,0.005902979643621361,1339.139917932218,26.933333333333334,0.0,0.06666666666666667,0.8666666666666667,0.06666666666666667,0.0,4.2841515909910015
1,pct,1.0,3.0,3,0.5,bar,cfd_std,12,7,5,0.6666666666666666,1298.3818162348616,324.0,974.3818162348616,0.1079994124853771,2.0190393151869443,0.09650984427413727,931.7468635551777,35.083333333333336,0.0,0.08333333333333333,0.8333333333333334,0.08333333333333333,0.0,81.19848468623847
1,pct,1.0,3.0,3,0.5,bar,cfd_raw,12,7,5,0.6666666666666666,1292.9368162348692,264.0,1028.9368162348692,0.08784009238399462,2.0927282554273345,0.10186657471533904,922.1918635551701,35.083333333333336,0.0,0.08333333333333333,0.8333333333333334,0.08333333333333333,0.0,85.7447346862391
1,pct,1.0,3.0,3,0.5,tick,none,17,11,6,0.7647058823529411,652.3516786857654,0.0,652.3516786857654,0.0,1.716135670479731,0.045850811927465304,861.9321999999956,21.235294117647058,0.0,0.058823529411764705,0.9411764705882353,0.0,0.0,38.3736281579862
1,pct,1.0,3.0,3,0.5,tick,exchange,17,11,6,0.23529411764705882,654.3316786857613,1512.3577598673783,-858.0260811816172,0.6117363486608319,0.5159133486709052,-0.05867244549319259,1383.3252270374505,21.235294117647058,0.0,0.058823529411764705,0.9411764705882353,0.0,0.0,-50.472122422448074
1,pct,1.0,3.0,3,0.5,tick,cfd_std,13,8,5,0.6153846153846154,567.1563917543681,351.0,216.1563917543681,0.1533793432925412,1.2224716496469257,0.020452270689913905,918.6168635551876,30.53846153846154,0.0,0.07692307692307693,0.9230769230769231,0.0,0.0,16.62741475033601
1,pct,1.0,3.0,3,0.5,tick,cfd_raw,13,8,5,0.6153846153846154,561.7113917543757,286.0,275.71139175437565,0.12467910644035043,1.2895951017728506,0.02585119870349761,909.06186355518,30.53846153846154,0.0,0.07692307692307693,0.9230769230769231,0.0,0.0,21.208568596490434
1,pct,1.0,3.0,3,1.0,off,none,4,3,1,0.0,-2634.4381999999896,0.0,-2634.4381999999896,0.0,0.0,-0.7714682016371404,2634.4381999999896,123.5,0.0,0.75,0.0,0.25,0.0,-658.6095499999974
1,pct,1.0,3.0,3,1.0,off,exchange,4,3,1,0.0,-2628.498200000002,355.1448509,-2983.6430509000015,0.13511321822476413,0.0,-0.8740668821324115,2983.6430509000056,123.5,0.0,0.75,0.0,0.25,0.0,-745.9107627250004
1,pct,1.0,3.0,3,1.0,off,cfd_std,4,3,1,0.0,-2594.343200000003,108.0,-2702.343200000003,0.041629033506438116,0.0,-0.7914622210452166,2702.343200000003,123.5,0.0,0.75,0.0,0.25,0.0,-675.5858000000007
1,pct,1.0,3.0,3,1.0,off,cfd_raw,4,3,1,0.0,-2610.678199999995,88.0,-2698.678199999995,0.033707716255492605,0.0,-0.7903679601729985,2698.678199999995,123.5,0.0,0.75,0.0,0.25,0.0,-674.6695499999987
1,pct,1.0,3.0,3,1.0,bar,none,8,5,3,0.75,222.73207194438146,0.0,222.73207194438146,0.0,1.1639746683060175,0.03240974238018568,861.9321999999956,49.375,0.0,0.125,0.75,0.125,0.0,27.841508993047682
1,pct,1.0,3.0,3,1.0,bar,exchange,8,5,3,0.375,224.71207194437739,712.8441184730661,-488.1320465286889,0.24267723875096708,0.7128842120149896,-0.07189377968085088,1115.7275428429275,49.375,0.0,0.125,0.75,0.125,0.0,-61.01650581608611
1,pct,1.0,3.0,3,1.0,bar,cfd_std,8,5,3,0.625,236.09707194437215,216.0,20.097071944372146,0.07382012191976402,1.0140943382294059,0.002653075992218132,902.4968117029057,49.375,0.0,0.125,0.75,0.125,0.0,2.5121339930465183
1,pct,1.0,3.0,3,1.0,bar,cfd_raw,8,5,3,0.625,230.6520719443797,176.0,54.65207194437971,0.06003800531384253,1.0385867814483782,0.007732851435166471,897.9418117028981,49.375,0.0,0.125,0.75,0.125,0.0,6.831508993047464
1,pct,1.0,3.0,3,1.0,tick,none,8,5,3,0.75,-235.7371255375183,0.0,-235.7371255375183,0.0,0.8264510511217211,-0.034583593188353995,861.9321999999956,46.125,0.0,0.125,0.75,0.125,0.0,-29.467140692189787
1,pct,1.0,3.0,3,1.0,tick,exchange,8,5,3,0.375,-233.75712553752237,713.0082537101289,-946.7653792476515,0.28762542110329375,0.44915027007290087,-0.13891100501813855,1134.3411339089216,46.125,0.0,0.125,0.75,0.125,0.0,-118.34567240595644
1,pct,1.0,3.0,3,1.0,tick,cfd_std,8,5,3,0.5,-222.3721255375276,216.0,-438.3721255375276,0.08753578470357068,0.6946379687555446,-0.06434025957632158,912.1816397703806,46.125,0.0,0.125,0.75,0.125,0.0,-54.79651569219095
1,pct,1.0,3.0,3,1.0,tick,cfd_raw,8,5,3,0.5,-227.81712553752004,176.0,-403.81712553752004,0.0711684117622564,0.7158271954684992,-0.059260484133373176,902.626639770373,46.125,0.0,0.125,0.75,0.125,0.0,-50.477140692190005
1,pct,1.0,3.0,3,2.0,off,none,1,1,0,0.0,-844.7550999999949,0.0,-844.7550999999949,0.0,0.0,-0.9999999999999939,844.7550999999949,71.0,0.0,1.0,0.0,0.0,0.0,-844.7550999999949
1,pct,1.0,3.0,3,2.0,off,exchange,1,1,0,0.0,-842.7750999999989,88.05412245,-930.829222449999,0.10448116282742585,0.0,-1.1018923975126034,930.8292224500037,71.0,0.0,1.0,0.0,0.0,0.0,-930.829222449999
1,pct,1.0,3.0,3,2.0,off,cfd_std,1,1,0,0.0,-831.3901000000042,27.0,-858.3901000000042,0.0324757295041159,0.0,-1.0161407726333989,858.3901000000042,71.0,0.0,1.0,0.0,0.0,0.0,-858.3901000000042
1,pct,1.0,3.0,3,2.0,off,cfd_raw,1,1,0,0.0,-836.8350999999966,22.0,-858.8350999999966,0.026289528247560468,0.0,-1.0166675525249822,858.8350999999966,71.0,0.0,1.0,0.0,0.0,0.0,-858.8350999999966
1,pct,1.0,3.0,3,2.0,bar,none,1,1,0,1.0,142.44105015179957,0.0,142.44105015179957,0.0,inf,0.168618159454497,0.0,27.0,0.0,0.0,1.0,0.0,0.0,142.44105015179957
1,pct,1.0,3.0,3,2.0,bar,exchange,1,1,0,1.0,142.44105015179957,88.5467305250759,53.89431962672367,0.6216377261380168,inf,0.06379875022562595,0.0,27.0,0.0,0.0,1.0,0.0,0.0,53.89431962672367
1,pct,1.0,3.0,3,2.0,bar,cfd_std,1,1,0,1.0,142.44105015179957,27.0,115.44105015179957,0.18955209871891615,inf,0.13665623344777625,0.0,27.0,0.0,0.0,1.0,0.0,0.0,115.44105015179957
1,pct,1.0,3.0,3,2.0,bar,cfd_raw,1,1,0,1.0,142.44105015179957,22.0,120.44105015179957,0.15444985821541315,inf,0.14257510863420603,0.0,27.0,0.0,0.0,1.0,0.0,0.0,120.44105015179957
1,pct,1.0,3.0,3,2.0,tick,none,1,1,0,1.0,95.9645909909159,0.0,95.9645909909159,0.0,inf,0.11360048727840281,0.0,19.0,0.0,0.0,1.0,0.0,0.0,95.9645909909159
1,pct,1.0,3.0,3,2.0,tick,exchange,1,1,0,1.0,95.9645909909159,88.52349229549546,7.441098695420436,0.9224599550877592,inf,0.008808586885619793,0.0,19.0,0.0,0.0,1.0,0.0,0.0,7.441098695420436
1,pct,1.0,3.0,3,2.0,tick,cfd_std,1,1,0,1.0,95.9645909909159,27.0,68.9645909909159,0.28135377560829544,inf,0.08163856127168205,0.0,19.0,0.0,0.0,1.0,0.0,0.0,68.9645909909159
1,pct,1.0,3.0,3,2.0,tick,cfd_raw,1,1,0,1.0,95.9645909909159,22.0,73.9645909909159,0.22925122456972222,inf,0.08755743645811181,0.0,19.0,0.0,0.0,1.0,0.0,0.0,73.9645909909159
1,pct,1.0,3.0,5,0.5,off,none,2,0,2,0.5,2511.714200000002,0.0,2511.714200000002,0.0,35.74978140564531,1.4570635967257142,72.27999999999884,267.5,0.5,0.0,0.0,0.5,0.0,1255.857100000001
1,pct,1.0,3.0,5,0.5,off,exchange,2,0,2,0.5,2513.6542000000045,175.04631289999998,2338.6078871000045,0.06585109390356873,15.57193322218853,1.3553823270138425,160.48713999999745,267.5,0.5,0.0,0.0,0.5,0.0,1169.3039435500023
1,pct,1.0,3.0,5,0.5,off,cfd_std,2,0,2,0.5,2524.8092000000033,40.5,2484.3092000000033,0.015172123811123612,26.023259468171158,1.4407897173772977,99.27999999999884,267.5,0.5,0.0,0.0,0.5,0.0,1242.1546000000017
1,pct,1.0,3.0,5,0.5,off,cfd_raw,2,0,2,0.5,2519.474199999997,36.0,2483.474199999997,0.013513340031445569,27.341474331777977,1.4403726634833658,94.27999999999884,267.5,0.5,0.0,0.0,0.5,0.0,1241.7370999999985
1,pct,1.0,3.0,5,0.5,bar,none,14,6,8,0.9285714285714286,2595.4903831455595,0.0,2595.4903831455595,0.0,232.28327081432118,0.2171421017045701,11.222127627333975,18.714285714285715,0.0,0.0,0.9285714285714286,0.07142857142857142,0.0,185.39217022468281
1,pct,1.0,3.0,5,0.5,bar,exchange,14,6,8,0.5714285714285714,2595.4903831455595,1248.0796244003463,1347.410758745213,0.4767420874812311,4.170627022208001,0.11252227206862889,218.97833643018384,18.714285714285715,0.0,0.0,0.9285714285714286,0.07142857142857142,0.0,96.24362562465807
1,pct,1.0,3.0,5,0.5,bar,cfd_std,12,5,7,0.9166666666666666,2543.2954945914244,324.0,2219.2954945914244,0.1273937694967096,91.84304112124678,0.21653481291103613,24.429999999993015,25.0,0.0,0.0,0.9166666666666666,0.08333333333333333,0.0,184.94129121595202
1,pct,1.0,3.0,5,0.5,bar,cfd_raw,14,6,8,0.7857142857142857,2595.4903831455595,308.0,2287.4903831455595,0.11764999610082444,38.77857052539323,0.19132212280921193,33.222127627333975,18.714285714285715,0.0,0.0,0.9285714285714286,0.07142857142857142,0.0,163.39217022468281
1,pct,1.0,3.0,5,0.5,tick,none,16,8,8,0.875,1808.922152144427,0.0,1808.922152144427,0.0,45.278352472342604,0.13259397574403278,29.768592422246,13.375,0.0,0.0,1.0,0.0,0.0,113.05763450902668
1,pct,1.0,3.0,5,0.5,tick,exchange,16,8,8,0.375,1808.922152144427,1425.2395522173215,383.68259992710546,0.7538441214013227,1.608474595025538,0.027929098819675265,327.1673380252905,13.375,0.0,0.0,1.0,0.0,0.0,23.98016249544409
1,pct,1.0,3.0,5,0.5,tick,cfd_std,15,7,8,0.8666666666666667,1862.498478150097,405.0,1457.498478150097,0.2174498421079308,43.49715291255224,0.11386291872871408,20.376522060207208,15.466666666666667,0.0,0.0,1.0,0.0,0.0,97.16656521000647
1,pct,1.0,3.0,5,0.5,tick,cfd_raw,15,7,8,0.8,1784.6107445666712,330.0,1454.6107445666712,0.18264532860321836,26.34995009160541,0.11366456705826758,33.08482806746906,15.333333333333334,0.0,0.0,1.0,0.0,0.0,96.97404963777808
1,pct,1.0,3.0,5,1.0,off,none,1,0,1,1.0,1627.7200000000012,0.0,1627.7200000000012,0.0,inf,1.8955409858974521,0.0,530.0,0.0,0.0,0.0,1.0,0.0,1627.7200000000012
1,pct,1.0,3.0,5,1.0,off,exchange,1,0,1,1.0,1627.7200000000012,89.05714,1538.6628600000013,0.05471281301452335,inf,1.7918306063746796,0.0,530.0,0.0,0.0,0.0,1.0,0.0,1538.6628600000013
1,pct,1.0,3.0,5,1.0,off,cfd_std,1,0,1,1.0,1627.7200000000012,27.0,1600.7200000000012,0.01658761949229596,inf,1.8640984732913337,0.0,530.0,0.0,0.0,0.0,1.0,0.0,1600.7200000000012
1,pct,1.0,3.0,5,1.0,off,cfd_raw,1,0,1,1.0,1627.7200000000012,22.0,1605.7200000000012,0.013515838104833746,inf,1.8699211608109851,0.0,530.0,0.0,0.0,0.0,1.0,0.0,1605.7200000000012
1,pct,1.0,3.0,5,1.0,bar,none,9,3,6,1.0,1843.6196910815343,0.0,1843.6196910815343,0.0,inf,0.24026570908353792,0.0,13.555555555555555,0.0,0.0,0.8888888888888888,0.1111111111111111,0.0,204.8466323423927
1,pct,1.0,3.0,5,1.0,bar,exchange,9,3,6,0.5555555555555556,1843.6196910815343,800.9897164448133,1042.6299746367208,0.4344658067602455,4.758774455585898,0.1356372098736668,186.85756813790067,13.555555555555555,0.0,0.0,0.8888888888888888,0.1111111111111111,0.0,115.84777495963564
1,pct,1.0,3.0,5,1.0,bar,cfd_std,9,3,6,0.6666666666666666,1843.6196910815343,243.0,1600.6196910815343,0.13180592568820274,37.538317230644644,0.20852192235819994,24.429999999993015,13.555555555555555,0.0,0.0,0.8888888888888888,0.1111111111111111,0.0,177.8466323423927
1,pct,1.0,3.0,5,1.0,bar,cfd_raw,9,3,6,0.6666666666666666,1843.6196910815343,198.0,1645.6196910815343,0.10739742093112815,58.12646790665237,0.21440040138141067,19.429999999993015,13.555555555555555,0.0,0.0,0.8888888888888888,0.1111111111111111,0.0,182.8466323423927
1,pct,1.0,3.0,5,1.0,tick,none,9,3,6,1.0,1500.8936133755487,0.0,1500.8936133755487,0.0,inf,0.1958712435171356,0.0,10.333333333333334,0.0,0.0,1.0,0.0,0.0,166.76595704172763
1,pct,1.0,3.0,5,1.0,tick,exchange,9,3,6,0.5555555555555556,1500.8936133755487,801.1667230245055,699.7268903510433,0.5337931455532419,4.118396577891288,0.09121982164411006,148.80697510857135,10.333333333333334,0.0,0.0,1.0,0.0,0.0,77.74743226122703
1,pct,1.0,3.0,5,1.0,tick,cfd_std,9,3,6,1.0,1500.8936133755487,243.0,1257.8936133755487,0.16190354721643907,inf,0.16412745679179763,0.0,10.333333333333334,0.0,0.0,1.0,0.0,0.0,139.76595704172763
1,pct,1.0,3.0,5,1.0,tick,cfd_raw,9,3,6,1.0,1500.8936133755487,198.0,1302.8936133755487,0.13192140884302442,inf,0.17000593581500834,0.0,10.333333333333334,0.0,0.0,1.0,0.0,0.0,144.76595704172763
1,pct,1.0,3.0,5,2.0,off,none,1,0,1,1.0,1232.5800000000017,0.0,1232.5800000000017,0.0,inf,1.4420211741654332,0.0,322.0,0.0,0.0,0.0,1.0,0.0,1232.5800000000017
1,pct,1.0,3.0,5,2.0,off,exchange,1,0,1,1.0,1232.5800000000017,88.85956999999999,1143.7204300000017,0.07209233477745855,inf,1.3380625009213147,0.0,322.0,0.0,0.0,0.0,1.0,0.0,1143.7204300000017
1,pct,1.0,3.0,5,2.0,off,cfd_std,1,0,1,1.0,1232.5800000000017,27.0,1205.5800000000017,0.02190527186876305,inf,1.4104333083048264,0.0,322.0,0.0,0.0,0.0,1.0,0.0,1205.5800000000017
1,pct,1.0,3.0,5,2.0,off,cfd_raw,1,0,1,1.0,1232.5800000000017,22.0,1210.5800000000017,0.01784874004121434,inf,1.4162829130938277,0.0,322.0,0.0,0.0,0.0,1.0,0.0,1210.5800000000017
1,pct,1.0,3.0,5,2.0,bar,none,2,1,1,1.0,157.92226127498725,0.0,157.92226127498725,0.0,inf,0.09332521231786887,0.0,16.0,0.0,0.0,1.0,0.0,0.0,78.96113063749362
1,pct,1.0,3.0,5,2.0,bar,exchange,2,1,1,0.5,157.92226127498725,178.01484991951432,-20.09258864452707,1.1272308823487538,0.7085681786677351,-0.011416696936010676,68.94438827123668,16.0,0.0,0.0,1.0,0.0,0.0,-10.046294322263535
1,pct,1.0,3.0,5,2.0,bar,cfd_std,2,1,1,0.5,157.92226127498725,54.0,103.92226127498725,0.34194039246924635,17.040383974705087,0.061551269787722705,6.478788876804174,16.0,0.0,0.0,1.0,0.0,0.0,51.961130637493625
1,pct,1.0,3.0,5,2.0,bar,cfd_raw,2,1,1,0.5,157.92226127498725,44.0,113.92226127498725,0.27861809756753403,78.03754272292461,0.06743533321923126,1.478788876804174,16.0,0.0,0.0,1.0,0.0,0.0,56.961130637493625
1,pct,1.0,3.0,5,2.0,tick,none,2,1,1,1.0,119.39580211410066,0.0,119.39580211410066,0.0,inf,0.07046845317854453,0.0,11.5,0.0,0.0,1.0,0.0,0.0,59.69790105705033
1,pct,1.0,3.0,5,2.0,tick,exchange,2,1,1,0.5,119.39580211410066,177.98763668993388,-58.591834575833204,1.4907361359308084,0.039327142853500155,-0.034257377259958095,60.99041327123996,11.5,0.0,0.0,1.0,0.0,0.0,-29.295917287916602
1,pct,1.0,3.0,5,2.0,tick,cfd_std,2,1,1,1.0,119.39580211410066,54.0,65.39580211410066,0.45227720777314157,inf,0.03869451064839836,0.0,11.5,0.0,0.0,1.0,0.0,0.0,32.69790105705033
1,pct,1.0,3.0,5,2.0,tick,cfd_raw,2,1,1,1.0,119.39580211410066,44.0,75.39580211410066,0.3685221692966339,inf,0.04457857407990691,0.0,11.5,0.0,0.0,1.0,0.0,0.0,37.69790105705033
1,pct,1.0,3.0,8,0.5,off,none,1,0,1,1.0,1613.6100000000006,0.0,1613.6100000000006,0.0,inf,1.8794181806492183,0.0,519.0,0.0,0.0,0.0,1.0,0.0,1613.6100000000006
1,pct,1.0,3.0,8,0.5,off,exchange,1,0,1,1.0,1613.6100000000006,89.050085,1524.5599150000005,0.055186869813647635,inf,1.7756989741883273,0.0,519.0,0.0,0.0,0.0,1.0,0.0,1524.5599150000005
1,pct,1.0,3.0,8,0.5,off,cfd_std,1,0,1,1.0,1613.6100000000006,27.0,1586.6100000000006,0.01673266774499414,inf,1.8479705006785134,0.0,519.0,0.0,0.0,0.0,1.0,0.0,1586.6100000000006
1,pct,1.0,3.0,8,0.5,off,cfd_raw,1,0,1,1.0,1613.6100000000006,22.0,1591.6100000000006,0.013634025569995224,inf,1.8537941451175328,0.0,519.0,0.0,0.0,0.0,1.0,0.0,1591.6100000000006
1,pct,1.0,3.0,8,0.5,bar,none,12,4,8,0.9166666666666666,2062.6188871124614,0.0,2062.6188871124614,0.0,163.8110553557822,0.20130404920661846,12.668788876806502,12.666666666666666,0.0,0.0,1.0,0.0,0.0,171.88490725937177
1,pct,1.0,3.0,8,0.5,bar,exchange,12,4,8,0.3333333333333333,2062.6188871124614,1069.5143597523138,993.1045273601474,0.5122302010357839,3.4806363367842836,0.09667846563952325,217.15353486665117,12.666666666666666,0.0,0.0,1.0,0.0,0.0,82.75871061334561
1,pct,1.0,3.0,8,0.5,bar,cfd_std,12,4,8,0.8333333333333334,2162.9527511090128,324.0,1838.9527511090128,0.14979522776624463,61.37112138154104,0.17939252374834821,30.46080160557176,14.0,0.0,0.0,1.0,0.0,0.0,153.24606259241773
1,pct,1.0,3.0,8,0.5,bar,cfd_raw,12,4,8,0.8333333333333334,2162.9527511090128,264.0,1898.9527511090128,0.12205537077249562,93.80930374653072,0.18526237857535546,20.46080160557176,14.0,0.0,0.0,1.0,0.0,0.0,158.24606259241773
1,pct,1.0,3.0,8,0.5,tick,none,12,4,8,0.9166666666666666,1488.0946424245049,0.0,1488.0946424245049,0.0,316.35520687051235,0.1454742097183847,4.718788876809413,9.083333333333334,0.0,0.0,1.0,0.0,0.0,124.00788686870874
1,pct,1.0,3.0,8,0.5,tick,exchange,12,4,8,0.4166666666666667,1488.0946424245049,1069.7616676819137,418.3329747425913,0.7143496836112622,2.1682891620520124,0.040824616119799394,317.033232111673,9.083333333333334,0.0,0.0,1.0,0.0,0.0,34.861081228549274
1,pct,1.0,3.0,8,0.5,tick,cfd_std,12,4,8,0.9166666666666666,1538.7672151604347,324.0,1214.7672151604347,0.21055816422903134,158.7008655060169,0.1187191547468337,7.702983818526263,10.25,0.0,0.0,1.0,0.0,0.0,101.23060126336956
1,pct,1.0,3.0,8,0.5,tick,cfd_raw,12,4,8,0.8333333333333334,1488.0946424245049,264.0,1224.0946424245049,0.17629002998586474,42.605060820096824,0.11964684847955298,26.718788876809413,9.083333333333334,0.0,0.0,1.0,0.0,0.0,102.00788686870874
1,pct,1.0,3.0,8,1.0,off,none,3,2,1,0.0,-1809.5139000000054,0.0,-1809.5139000000054,0.0,0.0,-0.7086258262331412,1809.5139000000054,120.33333333333333,0.0,0.6666666666666666,0.0,0.3333333333333333,0.0,-603.1713000000018
1,pct,1.0,3.0,8,1.0,off,exchange,3,2,1,0.0,-1805.5539000000135,265.70089305,-2071.2547930500136,0.1471575526213856,0.0,-0.8114800262257219,2071.254793050015,120.33333333333333,0.0,0.6666666666666666,0.0,0.3333333333333333,0.0,-690.4182643500045
1,pct,1.0,3.0,8,1.0,off,cfd_std,3,2,1,0.0,-1782.783899999995,81.0,-1863.783899999995,0.04543455883800624,0.0,-0.7299948335776366,1863.783899999995,120.0,0.0,0.6666666666666666,0.0,0.3333333333333333,0.0,-621.2612999999983
1,pct,1.0,3.0,8,1.0,off,cfd_raw,3,2,1,0.0,-1793.6739000000089,66.0,-1859.6739000000089,0.0367959861600259,0.0,-0.7283622508224771,1859.6739000000089,120.33333333333333,0.0,0.6666666666666666,0.0,0.3333333333333333,0.0,-619.891300000003
1,pct,1.0,3.0,8,1.0,bar,none,5,3,2,1.0,1523.9738532601768,0.0,1523.9738532601768,0.0,inf,0.35718167272145795,0.0,13.8,0.0,0.0,1.0,0.0,0.0,304.79477065203537
1,pct,1.0,3.0,8,1.0,bar,exchange,5,3,2,0.4,1523.9738532601768,443.7123593637241,1080.2614938964527,0.2911548373448192,9.981425168854598,0.25259307801262865,75.78470887815638,13.8,0.0,0.0,1.0,0.0,0.0,216.05229877929054
1,pct,1.0,3.0,8,1.0,bar,cfd_std,5,3,2,0.8,1523.9738532601768,135.0,1388.9738532601768,0.08858419697372094,108.69060907770908,0.3253586578190495,12.897817787044914,13.8,0.0,0.0,1.0,0.0,0.0,277.79477065203537
1,pct,1.0,3.0,8,1.0,bar,cfd_raw,5,3,2,0.8,1523.9738532601768,110.0,1413.9738532601768,0.0721797160526615,180.03348638652704,0.33125180872690285,7.897817787044914,13.8,0.0,0.0,1.0,0.0,0.0,282.79477065203537
1,pct,1.0,3.0,8,1.0,tick,none,5,3,2,1.0,1136.2475582955085,0.0,1136.2475582955085,0.0,inf,0.2666606447156378,0.0,9.6,0.0,0.0,1.0,0.0,0.0,227.2495116591017
1,pct,1.0,3.0,8,1.0,tick,exchange,5,3,2,0.8,1136.2475582955085,443.9118660520454,692.3356922434631,0.39068234981992844,12.948434123052394,0.16202549586149909,57.94363387816702,9.6,0.0,0.0,1.0,0.0,0.0,138.46713844869262
1,pct,1.0,3.0,8,1.0,tick,cfd_std,5,3,2,1.0,1136.2475582955085,135.0,1001.2475582955085,0.11881213650528259,inf,0.2348376298132293,0.0,9.6,0.0,0.0,1.0,0.0,0.0,200.2495116591017
1,pct,1.0,3.0,8,1.0,tick,cfd_raw,5,3,2,1.0,1136.2475582955085,110.0,1026.2475582955085,0.09680988900430433,inf,0.24073078072108273,0.0,9.6,0.0,0.0,1.0,0.0,0.0,205.2495116591017
1,pct,1.0,3.0,8,2.0,off,none,1,1,0,0.0,-844.8055000000022,0.0,-844.8055000000022,0.0,0.0,-1.0000000000000027,844.8055000000022,71.0,0.0,1.0,0.0,0.0,0.0,-844.8055000000022
1,pct,1.0,3.0,8,2.0,off,exchange,1,1,0,0.0,-842.8255000000063,88.05913724999999,-930.8846372500063,0.1044808649595905,0.0,-1.1018922547852805,930.884637250012,71.0,0.0,1.0,0.0,0.0,0.0,-930.8846372500063
1,pct,1.0,3.0,8,2.0,off,cfd_std,1,1,0,0.0,-831.440499999997,27.0,-858.440499999997,0.03247376090050953,0.0,-1.0161398096958376,858.440499999997,70.0,0.0,1.0,0.0,0.0,0.0,-858.440499999997
1,pct,1.0,3.0,8,2.0,off,cfd_raw,1,1,0,0.0,-836.885500000004,22.0,-858.885500000004,0.026287945005618926,0.0,-1.0166665581604333,858.885500000004,71.0,0.0,1.0,0.0,0.0,0.0,-858.885500000004
1,pct,1.0,3.0,8,2.0,bar,none,1,1,0,1.0,137.40105015179142,0.0,137.40105015179142,0.0,inf,0.16264222966326736,0.0,27.0,0.0,0.0,1.0,0.0,0.0,137.40105015179142
1,pct,1.0,3.0,8,2.0,bar,exchange,1,1,0,1.0,137.40105015179142,88.5492505250759,48.85179962671552,0.6444583242067848,inf,0.05782609088922304,0.0,27.0,0.0,0.0,1.0,0.0,0.0,48.85179962671552
1,pct,1.0,3.0,8,2.0,bar,cfd_std,1,1,0,1.0,137.40105015179142,27.0,110.40105015179142,0.19650504832511992,inf,0.13068221046358175,0.0,27.0,0.0,0.0,1.0,0.0,0.0,110.40105015179142
1,pct,1.0,3.0,8,2.0,bar,cfd_raw,1,1,0,1.0,137.40105015179142,22.0,115.40105015179142,0.16011522456120883,inf,0.1366007325375976,0.0,27.0,0.0,0.0,1.0,0.0,0.0,115.40105015179142
1,pct,1.0,3.0,8,2.0,tick,none,1,1,0,1.0,90.92459099090775,0.0,90.92459099090775,0.0,inf,0.10762783977011009,0.0,19.0,0.0,0.0,1.0,0.0,0.0,90.92459099090775
1,pct,1.0,3.0,8,2.0,tick,exchange,1,1,0,1.0,90.92459099090775,88.52601229549546,2.398578695412283,0.9736201321416762,inf,0.002839208191012349,0.0,19.0,0.0,0.0,1.0,0.0,0.0,2.398578695412283
1,pct,1.0,3.0,8,2.0,tick,cfd_std,1,1,0,1.0,90.92459099090775,27.0,63.924590990907745,0.29694936986518794,inf,0.07566782057042448,0.0,19.0,0.0,0.0,1.0,0.0,0.0,63.924590990907745
1,pct,1.0,3.0,8,2.0,tick,cfd_raw,1,1,0,1.0,90.92459099090775,22.0,68.92459099090775,0.24195874581607907,inf,0.08158634264444034,0.0,19.0,0.0,0.0,1.0,0.0,0.0,68.92459099090775
1,atr,1.0,1.0,3,0.5,off,none,32,19,13,0.625,437.8280908988818,0.0,437.8280908988818,0.0,1.8354120492577,0.25000000000001293,130.40101335712825,2.34375,0.625,0.375,0.0,0.0,0.125,13.682127840590056
1,atr,1.0,1.0,3,0.5,off,exchange,32,19,13,0.03125,493.8280908988818,2816.641900340837,-2322.8138094419546,1.8802671805913873,0.006888377708851688,-1.9386564545970282,2322.8138094419555,2.25,0.625,0.375,0.0,0.0,0.125,-72.58793154506108
1,atr,1.0,1.0,3,0.5,off,cfd_std,34,20,14,0.5294117647058824,620.6301946918538,675.0,-54.36980530814617,0.4313288415294489,0.9398664243733266,-0.18212088865411996,359.48242348394706,2.3529411764705883,0.5294117647058824,0.47058823529411764,0.0,0.0,0.11764705882352941,-1.5991119208278286
1,atr,1.0,1.0,3,0.5,off,cfd_raw,33,20,13,0.6060606060606061,635.5031279366958,566.0,69.50312793669582,0.36274474385074224,1.0928675480567032,-0.061348719547274534,223.74457405834983,2.3636363636363638,0.6060606060606061,0.3939393939393939,0.0,0.0,0.12121212121212122,2.1061553920210856
1,atr,1.0,1.0,3,0.5,bar,none,32,19,13,0.625,437.8280908988818,0.0,437.8280908988818,0.0,1.8354120492577,0.25000000000001293,130.40101335712825,2.34375,0.625,0.375,0.0,0.0,0.125,13.682127840590056
1,atr,1.0,1.0,3,0.5,bar,exchange,32,19,13,0.03125,493.8280908988818,2816.641900340837,-2322.8138094419546,1.8802671805913873,0.006888377708851688,-1.9386564545970282,2322.8138094419555,2.25,0.625,0.375,0.0,0.0,0.125,-72.58793154506108
1,atr,1.0,1.0,3,0.5,bar,cfd_std,34,20,14,0.5294117647058824,644.3356668081979,675.0,-30.664333191802143,0.4379230760632197,0.9651717817959575,-0.163345657890631,335.77695136760303,2.264705882352941,0.5294117647058824,0.4411764705882353,0.029411764705882353,0.0,0.11764705882352941,-0.9018921527000631
1,atr,1.0,1.0,3,0.5,bar,cfd_raw,33,20,13,0.6060606060606061,635.5031279366958,566.0,69.50312793669582,0.36274474385074224,1.0928675480567032,-0.061348719547274534,223.74457405834983,2.3636363636363638,0.6060606060606061,0.3939393939393939,0.0,0.0,0.12121212121212122,2.1061553920210856
1,atr,1.0,1.0,3,0.5,tick,none,32,19,13,0.625,437.8280908988818,0.0,437.8280908988818,0.0,1.8354120492577,0.25000000000001293,130.40101335712825,2.34375,0.625,0.375,0.0,0.0,0.125,13.682127840590056
1,atr,1.0,1.0,3,0.5,tick,exchange,32,19,13,0.03125,493.8280908988818,2816.641900340837,-2322.8138094419546,1.8802671805913873,0.006888377708851688,-1.9386564545970282,2322.8138094419555,2.25,0.625,0.375,0.0,0.0,0.125,-72.58793154506108
1,atr,1.0,1.0,3,0.5,tick,cfd_std,34,20,14,0.5294117647058824,644.7656668081909,675.0,-30.234333191809128,0.4378009413254153,0.9656433917466445,-0.16300508887818757,335.34695136761,2.264705882352941,0.5294117647058824,0.4411764705882353,0.029411764705882353,0.0,0.11764705882352941,-0.8892450938767391
1,atr,1.0,1.0,3,0.5,tick,cfd_raw,33,20,13,0.6060606060606061,635.5031279366958,566.0,69.50312793669582,0.36274474385074224,1.0928675480567032,-0.061348719547274534,223.74457405834983,2.3636363636363638,0.6060606060606061,0.3939393939393939,0.0,0.0,0.12121212121212122,2.1061553920210856
1,atr,1.0,1.0,3,1.0,off,none,13,8,5,0.6153846153846154,128.62340354494518,0.0,128.62340354494518,0.0,1.4929086865452599,0.2307692307692881,117.58003950252896,2.230769230769231,0.6153846153846154,0.38461538461538464,0.0,0.0,0.15384615384615385,9.894107964995783
1,atr,1.0,1.0,3,1.0,off,exchange,13,8,5,0.0,150.62340354494518,1142.9303352328134,-992.3069316878683,1.740894883296208,0.0,-1.812338059024515,992.3069316878682,2.0,0.6153846153846154,0.38461538461538464,0.0,0.0,0.15384615384615385,-76.33130243752834
1,atr,1.0,1.0,3,1.0,off,cfd_std,13,8,5,0.46153846153846156,133.8559115541284,270.0,-136.1440884458716,0.42384929906863045,0.6909899861236657,-0.33320633393011756,236.44473955131252,2.230769230769231,0.46153846153846156,0.5384615384615384,0.0,0.0,0.15384615384615385,-10.47262218814397
1,atr,1.0,1.0,3,1.0,off,cfd_raw,13,8,5,0.6153846153846154,216.62340354494518,222.0,-5.376596455054823,0.32912348500813465,0.9841373876947601,-0.028268799569676088,151.58003950252896,2.1538461538461537,0.6153846153846154,0.38461538461538464,0.0,0.0,0.15384615384615385,-0.4135843426965249
1,atr,1.0,1.0,3,1.0,bar,none,13,8,5,0.6153846153846154,128.62340354494518,0.0,128.62340354494518,0.0,1.4929086865452599,0.2307692307692881,117.58003950252896,2.230769230769231,0.6153846153846154,0.38461538461538464,0.0,0.0,0.15384615384615385,9.894107964995783
1,atr,1.0,1.0,3,1.0,bar,exchange,13,8,5,0.0,150.62340354494518,1142.9303352328134,-992.3069316878683,1.740894883296208,0.0,-1.812338059024515,992.3069316878682,2.0,0.6153846153846154,0.38461538461538464,0.0,0.0,0.15384615384615385,-76.33130243752834
1,atr,1.0,1.0,3,1.0,bar,cfd_std,13,8,5,0.46153846153846156,157.56138367047242,270.0,-112.43861632952758,0.4401306777838367,0.7302828301372587,-0.2841018842409927,212.7392674349685,2.0,0.46153846153846156,0.46153846153846156,0.07692307692307693,0.0,0.15384615384615385,-8.649124333040582
1,atr,1.0,1.0,3,1.0,bar,cfd_raw,13,8,5,0.6153846153846154,216.62340354494518,222.0,-5.376596455054823,0.32912348500813465,0.9841373876947601,-0.028268799569676088,151.58003950252896,2.1538461538461537,0.6153846153846154,0.38461538461538464,0.0,0.0,0.15384615384615385,-0.4135843426965249
1,atr,1.0,1.0,3,1.0,tick,none,13,8,5,0.6153846153846154,128.62340354494518,0.0,128.62340354494518,0.0,1.4929086865452599,0.2307692307692881,117.58003950252896,2.230769230769231,0.6153846153846154,0.38461538461538464,0.0,0.0,0.15384615384615385,9.894107964995783
1,atr,1.0,1.0,3,1.0,tick,exchange,13,8,5,0.0,150.62340354494518,1142.9303352328134,-992.3069316878683,1.740894883296208,0.0,-1.812338059024515,992.3069316878682,2.0,0.6153846153846154,0.38461538461538464,0.0,0.0,0.15384615384615385,-76.33130243752834
1,atr,1.0,1.0,3,1.0,tick,cfd_std,13,8,5,0.46153846153846156,157.99138367046544,270.0,-112.00861632953456,0.4398223847858501,0.7310368813539055,-0.2832111652853713,212.30926743497548,2.0,0.46153846153846156,0.46153846153846156,0.07692307692307693,0.0,0.15384615384615385,-8.616047409964198
1,atr,1.0,1.0,3,1.0,tick,cfd_raw,13,8,5,0.6153846153846154,216.62340354494518,222.0,-5.376596455054823,0.32912348500813465,0.9841373876947601,-0.028268799569676088,151.58003950252896,2.1538461538461537,0.6153846153846154,0.38461538461538464,0.0,0.0,0.15384615384615385,-0.4135843426965249
1,atr,1.0,1.0,3,2.0,off,none,1,1,0,0.0,-104.7955697717407,0.0,-104.7955697717407,0.0,0.0,-0.9999999999999996,104.7955697717407,1.0,0.0,1.0,0.0,0.0,0.0,-104.7955697717407
1,atr,1.0,1.0,3,2.0,off,exchange,1,1,0,0.0,-102.7955697717407,88.42411221511412,-191.21968198685482,0.8601938041830145,0.0,-1.8246924216678029,191.219681986855,1.0,0.0,1.0,0.0,0.0,0.0,-191.21968198685482
1,atr,1.0,1.0,3,2.0,off,cfd_std,1,1,0,0.0,-91.2955697717407,27.0,-118.2955697717407,0.2957427185952837,0.0,-1.1288222396176177,118.2955697717407,1.0,0.0,1.0,0.0,0.0,0.0,-118.2955697717407
1,atr,1.0,1.0,3,2.0,off,cfd_raw,1,1,0,0.0,-96.7955697717407,22.0,-118.7955697717407,0.22728312929899053,0.0,-1.1335934336775295,118.7955697717407,1.0,0.0,1.0,0.0,0.0,0.0,-118.7955697717407
1,atr,1.0,1.0,3,2.0,bar,none,1,1,0,0.0,-104.7955697717407,0.0,-104.7955697717407,0.0,0.0,-0.9999999999999996,104.7955697717407,1.0,0.0,1.0,0.0,0.0,0.0,-104.7955697717407
1,atr,1.0,1.0,3,2.0,bar,exchange,1,1,0,0.0,-102.7955697717407,88.42411221511412,-191.21968198685482,0.8601938041830145,0.0,-1.8246924216678029,191.219681986855,1.0,0.0,1.0,0.0,0.0,0.0,-191.21968198685482
1,atr,1.0,1.0,3,2.0,bar,cfd_std,1,1,0,0.0,-91.2955697717407,27.0,-118.2955697717407,0.2957427185952837,0.0,-1.1288222396176177,118.2955697717407,1.0,0.0,1.0,0.0,0.0,0.0,-118.2955697717407
1,atr,1.0,1.0,3,2.0,bar,cfd_raw,1,1,0,0.0,-96.7955697717407,22.0,-118.7955697717407,0.22728312929899053,0.0,-1.1335934336775295,118.7955697717407,1.0,0.0,1.0,0.0,0.0,0.0,-118.7955697717407
1,atr,1.0,1.0,3,2.0,tick,none,1,1,0,0.0,-104.7955697717407,0.0,-104.7955697717407,0.0,0.0,-0.9999999999999996,104.7955697717407,1.0,0.0,1.0,0.0,0.0,0.0,-104.7955697717407
1,atr,1.0,1.0,3,2.0,tick,exchange,1,1,0,0.0,-102.7955697717407,88.42411221511412,-191.21968198685482,0.8601938041830145,0.0,-1.8246924216678029,191.219681986855,1.0,0.0,1.0,0.0,0.0,0.0,-191.21968198685482
1,atr,1.0,1.0,3,2.0,tick,cfd_std,1,1,0,0.0,-91.2955697717407,27.0,-118.2955697717407,0.2957427185952837,0.0,-1.1288222396176177,118.2955697717407,1.0,0.0,1.0,0.0,0.0,0.0,-118.2955697717407
1,atr,1.0,1.0,3,2.0,tick,cfd_raw,1,1,0,0.0,-96.7955697717407,22.0,-118.7955697717407,0.22728312929899053,0.0,-1.1335934336775295,118.7955697717407,1.0,0.0,1.0,0.0,0.0,0.0,-118.7955697717407
1,atr,1.0,1.0,5,0.5,off,none,25,13,12,0.68,505.25562311543035,0.0,505.25562311543035,0.0,2.443423955237466,0.35999999999998294,104.7955697717407,1.72,0.68,0.32,0.0,0.0,0.16,20.210224924617215
1,atr,1.0,1.0,5,0.5,off,exchange,25,13,12,0.04,547.2556231154304,2196.426934559786,-1649.1713114443548,1.7954420131291415,0.015579967468435934,-1.8219218573993148,1649.1713114443555,1.76,0.68,0.32,0.0,0.0,0.16,-65.9668524577742
1,atr,1.0,1.0,5,0.5,off,cfd_std,25,12,13,0.6,595.5327363395481,472.5,123.03273633954814,0.3845600637709966,1.2097487392040533,-0.04022331422501702,238.30833405820886,1.72,0.6,0.4,0.0,0.0,0.16,4.921309453581926
1,atr,1.0,1.0,5,0.5,off,cfd_raw,24,12,12,0.6666666666666666,580.1355019459006,400.0,180.13550194590061,0.3372478578952464,1.3760909765171487,0.05500228127220865,137.20556845185638,1.9166666666666667,0.6666666666666666,0.3333333333333333,0.0,0.0,0.16666666666666666,7.505645914412526
1,atr,1.0,1.0,5,0.5,bar,none,25,13,12,0.68,505.25562311543035,0.0,505.25562311543035,0.0,2.443423955237466,0.35999999999998294,104.7955697717407,1.72,0.68,0.32,0.0,0.0,0.16,20.210224924617215
1,atr,1.0,1.0,5,0.5,bar,exchange,25,13,12,0.04,547.2556231154304,2196.426934559786,-1649.1713114443548,1.7954420131291415,0.015579967468435934,-1.8219218573993148,1649.1713114443555,1.76,0.68,0.32,0.0,0.0,0.16,-65.9668524577742
1,atr,1.0,1.0,5,0.5,bar,cfd_std,25,12,13,0.6,595.5327363395481,472.5,123.03273633954814,0.3845600637709966,1.2097487392040533,-0.04022331422501702,238.30833405820886,1.72,0.6,0.4,0.0,0.0,0.16,4.921309453581926
1,atr,1.0,1.0,5,0.5,bar,cfd_raw,24,12,12,0.6666666666666666,580.1355019459006,400.0,180.13550194590061,0.3372478578952464,1.3760909765171487,0.05500228127220865,137.20556845185638,1.9166666666666667,0.6666666666666666,0.3333333333333333,0.0,0.0,0.16666666666666666,7.505645914412526
1,atr,1.0,1.0,5,0.5,tick,none,25,13,12,0.68,505.25562311543035,0.0,505.25562311543035,0.0,2.443423955237466,0.35999999999998294,104.7955697717407,1.72,0.68,0.32,0.0,0.0,0.16,20.210224924617215
1,atr,1.0,1.0,5,0.5,tick,exchange,25,13,12,0.04,547.2556231154304,2196.426934559786,-1649.1713114443548,1.7954420131291415,0.015579967468435934,-1.8219218573993148,1649.1713114443555,1.76,0.68,0.32,0.0,0.0,0.16,-65.9668524577742
1,atr,1.0,1.0,5,0.5,tick,cfd_std,25,12,13,0.6,595.5327363395481,472.5,123.03273633954814,0.3845600637709966,1.2097487392040533,-0.04022331422501702,238.30833405820886,1.72,0.6,0.4,0.0,0.0,0.16,4.921309453581926
1,atr,1.0,1.0,5,0.5,tick,cfd_raw,24,12,12,0.6666666666666666,580.1355019459006,400.0,180.13550194590061,0.3372478578952464,1.3760909765171487,0.05500228127220865,137.20556845185638,1.9166666666666667,0.6666666666666666,0.3333333333333333,0.0,0.0,0.16666666666666666,7.505645914412526
1,atr,1.0,1.0,5,1.0,off,none,9,3,6,0.6666666666666666,126.22173608424782,0.0,126.22173608424782,0.0,1.7841351631034208,0.3333333333333426,104.7955697717407,2.0,0.6666666666666666,0.3333333333333333,0.0,0.0,0.2222222222222222,14.024637342694202
1,atr,1.0,1.0,5,1.0,off,exchange,9,3,6,0.0,140.22173608424782,789.4126767008801,-649.1909406166322,1.7230048185677975,0.0,-1.7830664990569447,649.1909406166378,2.0,0.6666666666666666,0.3333333333333333,0.0,0.0,0.2222222222222222,-72.13232673518137
1,atr,1.0,1.0,5,1.0,off,cfd_std,9,3,6,0.5555555555555556,151.72441173192055,175.5,-23.775588268079446,0.3591450815179346,0.9140023934728025,-0.16447452574801613,173.33869698537455,1.4444444444444444,0.5555555555555556,0.4444444444444444,0.0,0.0,0.2222222222222222,-2.641732029786605
1,atr,1.0,1.0,5,1.0,off,cfd_raw,9,3,6,0.6666666666666666,182.22173608424782,150.0,32.22173608424782,0.30727601460026355,1.1471518021882456,0.04923063711245354,118.7955697717407,2.0,0.6666666666666666,0.3333333333333333,0.0,0.0,0.2222222222222222,3.580192898249758
1,atr,1.0,1.0,5,1.0,bar,none,9,3,6,0.6666666666666666,126.22173608424782,0.0,126.22173608424782,0.0,1.7841351631034208,0.3333333333333426,104.7955697717407,2.0,0.6666666666666666,0.3333333333333333,0.0,0.0,0.2222222222222222,14.024637342694202
1,atr,1.0,1.0,5,1.0,bar,exchange,9,3,6,0.0,140.22173608424782,789.4126767008801,-649.1909406166322,1.7230048185677975,0.0,-1.7830664990569447,649.1909406166378,2.0,0.6666666666666666,0.3333333333333333,0.0,0.0,0.2222222222222222,-72.13232673518137
1,atr,1.0,1.0,5,1.0,bar,cfd_std,9,3,6,0.5555555555555556,151.72441173192055,175.5,-23.775588268079446,0.3591450815179346,0.9140023934728025,-0.16447452574801613,173.33869698537455,1.4444444444444444,0.5555555555555556,0.4444444444444444,0.0,0.0,0.2222222222222222,-2.641732029786605
1,atr,1.0,1.0,5,1.0,bar,cfd_raw,9,3,6,0.6666666666666666,182.22173608424782,150.0,32.22173608424782,0.30727601460026355,1.1471518021882456,0.04923063711245354,118.7955697717407,2.0,0.6666666666666666,0.3333333333333333,0.0,0.0,0.2222222222222222,3.580192898249758
1,atr,1.0,1.0,5,1.0,tick,none,9,3,6,0.6666666666666666,126.22173608424782,0.0,126.22173608424782,0.0,1.7841351631034208,0.3333333333333426,104.7955697717407,2.0,0.6666666666666666,0.3333333333333333,0.0,0.0,0.2222222222222222,14.024637342694202
1,atr,1.0,1.0,5,1.0,tick,exchange,9,3,6,0.0,140.22173608424782,789.4126767008801,-649.1909406166322,1.7230048185677975,0.0,-1.7830664990569447,649.1909406166378,2.0,0.6666666666666666,0.3333333333333333,0.0,0.0,0.2222222222222222,-72.13232673518137
1,atr,1.0,1.0,5,1.0,tick,cfd_std,9,3,6,0.5555555555555556,151.72441173192055,175.5,-23.775588268079446,0.3591450815179346,0.9140023934728025,-0.16447452574801613,173.33869698537455,1.4444444444444444,0.5555555555555556,0.4444444444444444,0.0,0.0,0.2222222222222222,-2.641732029786605
1,atr,1.0,1.0,5,1.0,tick,cfd_raw,9,3,6,0.6666666666666666,182.22173608424782,150.0,32.22173608424782,0.30727601460026355,1.1471518021882456,0.04923063711245354,118.7955697717407,2.0,0.6666666666666666,0.3333333333333333,0.0,0.0,0.2222222222222222,3.580192898249758
1,atr,1.0,1.0,5,2.0,off,none,2,1,1,0.5,-75.06601684261113,0.0,-75.06601684261113,0.0,0.28369093267859186,-6.428191312579656e-14,104.7955697717407,1.5,0.5,0.5,0.0,0.0,0.0,-37.53300842130557
1,atr,1.0,1.0,5,2.0,off,exchange,2,1,1,0.0,-71.06601684261113,175.88814743864958,-246.95416428126072,1.3074743505698487,0.0,-1.849643724684055,246.95416428125463,1.5,0.5,0.5,0.0,0.0,0.0,-123.47708214063036
1,atr,1.0,1.0,5,2.0,off,cfd_std,2,1,1,0.5,-48.066016842611134,40.5,-88.56601684261113,0.3010590080639116,0.25131586065729045,-0.06441111980887337,118.2955697717407,1.5,0.5,0.5,0.0,0.0,0.0,-44.28300842130557
1,atr,1.0,1.0,5,2.0,off,cfd_raw,2,1,1,0.5,-59.066016842611134,36.0,-95.06601684261113,0.26760800716792144,0.1997511605417999,-0.16770640785070312,118.7955697717407,1.5,0.5,0.5,0.0,0.0,0.0,-47.53300842130557
1,atr,1.0,1.0,5,2.0,bar,none,2,1,1,0.5,-75.06601684261113,0.0,-75.06601684261113,0.0,0.28369093267859186,-6.428191312579656e-14,104.7955697717407,1.5,0.5,0.5,0.0,0.0,0.0,-37.53300842130557
1,atr,1.0,1.0,5,2.0,bar,exchange,2,1,1,0.0,-71.06601684261113,175.88814743864958,-246.95416428126072,1.3074743505698487,0.0,-1.849643724684055,246.95416428125463,1.5,0.5,0.5,0.0,0.0,0.0,-123.47708214063036
1,atr,1.0,1.0,5,2.0,bar,cfd_std,2,1,1,0.5,-48.066016842611134,40.5,-88.56601684261113,0.3010590080639116,0.25131586065729045,-0.06441111980887337,118.2955697717407,1.5,0.5,0.5,0.0,0.0,0.0,-44.28300842130557
1,atr,1.0,1.0,5,2.0,bar,cfd_raw,2,1,1,0.5,-59.066016842611134,36.0,-95.06601684261113,0.26760800716792144,0.1997511605417999,-0.16770640785070312,118.7955697717407,1.5,0.5,0.5,0.0,0.0,0.0,-47.53300842130557
1,atr,1.0,1.0,5,2.0,tick,none,2,1,1,0.5,-75.06601684261113,0.0,-75.06601684261113,0.0,0.28369093267859186,-6.428191312579656e-14,104.7955697717407,1.5,0.5,0.5,0.0,0.0,0.0,-37.53300842130557
1,atr,1.0,1.0,5,2.0,tick,exchange,2,1,1,0.0,-71.06601684261113,175.88814743864958,-246.95416428126072,1.3074743505698487,0.0,-1.849643724684055,246.95416428125463,1.5,0.5,0.5,0.0,0.0,0.0,-123.47708214063036
1,atr,1.0,1.0,5,2.0,tick,cfd_std,2,1,1,0.5,-48.066016842611134,40.5,-88.56601684261113,0.3010590080639116,0.25131586065729045,-0.06441111980887337,118.2955697717407,1.5,0.5,0.5,0.0,0.0,0.0,-44.28300842130557
1,atr,1.0,1.0,5,2.0,tick,cfd_raw,2,1,1,0.5,-59.066016842611134,36.0,-95.06601684261113,0.26760800716792144,0.1997511605417999,-0.16770640785070312,118.7955697717407,1.5,0.5,0.5,0.0,0.0,0.0,-47.53300842130557
1,atr,1.0,1.0,8,0.5,off,none,15,6,9,0.6666666666666666,230.70796480173885,0.0,230.70796480173885,0.0,1.881052266795267,0.33333333333337134,104.7955697717407,1.3333333333333333,0.6666666666666666,0.3333333333333333,0.0,0.0,0.3333333333333333,15.38053098678259
1,atr,1.0,1.0,8,0.5,off,exchange,15,6,9,0.06666666666666667,131.59456810397387,1320.0800375168612,-1188.4854694128874,1.7405705112608403,0.021489363369842123,-1.9197436416038545,1188.485469412888,1.3333333333333333,0.6,0.4,0.0,0.0,0.3333333333333333,-79.23236462752583
1,atr,1.0,1.0,8,0.5,off,cfd_std,16,6,10,0.625,320.3466148505104,297.0,23.346614850510377,0.34729934104121973,1.054368834131322,-0.0038642826275739894,149.4540800452378,1.25,0.625,0.375,0.0,0.0,0.3125,1.4591634281568986
1,atr,1.0,1.0,8,0.5,off,cfd_raw,16,6,10,0.625,259.8466148505104,272.0,-12.153385149489623,0.3243230102044862,0.971160306112695,-0.04364031769026436,160.94567708359682,1.3125,0.625,0.375,0.0,0.0,0.3125,-0.7595865718431014
1,atr,1.0,1.0,8,0.5,bar,none,15,6,9,0.6666666666666666,230.70796480173885,0.0,230.70796480173885,0.0,1.881052266795267,0.33333333333337134,104.7955697717407,1.3333333333333333,0.6666666666666666,0.3333333333333333,0.0,0.0,0.3333333333333333,15.38053098678259
1,atr,1.0,1.0,8,0.5,bar,exchange,15,6,9,0.06666666666666667,131.59456810397387,1320.0800375168612,-1188.4854694128874,1.7405705112608403,0.021489363369842123,-1.9197436416038545,1188.485469412888,1.3333333333333333,0.6,0.4,0.0,0.0,0.3333333333333333,-79.23236462752583
1,atr,1.0,1.0,8,0.5,bar,cfd_std,16,6,10,0.625,320.3466148505104,297.0,23.346614850510377,0.34729934104121973,1.054368834131322,-0.0038642826275739894,149.4540800452378,1.25,0.625,0.375,0.0,0.0,0.3125,1.4591634281568986
1,atr,1.0,1.0,8,0.5,bar,cfd_raw,16,6,10,0.625,259.8466148505104,272.0,-12.153385149489623,0.3243230102044862,0.971160306112695,-0.04364031769026436,160.94567708359682,1.3125,0.625,0.375,0.0,0.0,0.3125,-0.7595865718431014
1,atr,1.0,1.0,8,0.5,tick,none,15,6,9,0.6666666666666666,230.70796480173885,0.0,230.70796480173885,0.0,1.881052266795267,0.33333333333337134,104.7955697717407,1.3333333333333333,0.6666666666666666,0.3333333333333333,0.0,0.0,0.3333333333333333,15.38053098678259
1,atr,1.0,1.0,8,0.5,tick,exchange,15,6,9,0.06666666666666667,131.59456810397387,1320.0800375168612,-1188.4854694128874,1.7405705112608403,0.021489363369842123,-1.9197436416038545,1188.485469412888,1.3333333333333333,0.6,0.4,0.0,0.0,0.3333333333333333,-79.23236462752583
1,atr,1.0,1.0,8,0.5,tick,cfd_std,16,6,10,0.625,320.3466148505104,297.0,23.346614850510377,0.34729934104121973,1.054368834131322,-0.0038642826275739894,149.4540800452378,1.25,0.625,0.375,0.0,0.0,0.3125,1.4591634281568986
1,atr,1.0,1.0,8,0.5,tick,cfd_raw,16,6,10,0.625,259.8466148505104,272.0,-12.153385149489623,0.3243230102044862,0.971160306112695,-0.04364031769026436,160.94567708359682,1.3125,0.625,0.375,0.0,0.0,0.3125,-0.7595865718431014
1,atr,1.0,1.0,8,1.0,off,none,5,3,2,0.6,54.303181438168394,0.0,54.303181438168394,0.0,1.4209668447149988,0.20000000000007329,104.7955697717407,1.6,0.6,0.4,0.0,0.0,0.2,10.860636287633678
1,atr,1.0,1.0,8,1.0,off,exchange,5,3,2,0.0,-56.81021525959659,440.20564181753156,-497.01585707712815,1.4095788688659434,0.0,-1.9646250042382203,497.01585707713093,1.4,0.4,0.6,0.0,0.0,0.2,-99.40317141542563
1,atr,1.0,1.0,8,1.0,off,cfd_std,5,3,2,0.4,-10.810215259596589,108.0,-118.81021525959659,0.34582591265521356,0.5101680977107224,-0.494232810298354,191.3522681206232,1.0,0.4,0.6,0.0,0.0,0.2,-23.762043051919317
1,atr,1.0,1.0,8,1.0,off,cfd_raw,5,3,2,0.4,-32.81021525959659,94.0,-126.81021525959659,0.3009966276813896,0.4684191945880579,-0.4957304026171931,192.3522681206232,1.2,0.4,0.6,0.0,0.0,0.2,-25.36204305191932
1,atr,1.0,1.0,8,1.0,bar,none,5,3,2,0.6,54.303181438168394,0.0,54.303181438168394,0.0,1.4209668447149988,0.20000000000007329,104.7955697717407,1.6,0.6,0.4,0.0,0.0,0.2,10.860636287633678
1,atr,1.0,1.0,8,1.0,bar,exchange,5,3,2,0.0,-56.81021525959659,440.20564181753156,-497.01585707712815,1.4095788688659434,0.0,-1.9646250042382203,497.01585707713093,1.4,0.4,0.6,0.0,0.0,0.2,-99.40317141542563
1,atr,1.0,1.0,8,1.0,bar,cfd_std,5,3,2,0.4,-10.810215259596589,108.0,-118.81021525959659,0.34582591265521356,0.5101680977107224,-0.494232810298354,191.3522681206232,1.0,0.4,0.6,0.0,0.0,0.2,-23.762043051919317
1,atr,1.0,1.0,8,1.0,bar,cfd_raw,5,3,2,0.4,-32.81021525959659,94.0,-126.81021525959659,0.3009966276813896,0.4684191945880579,-0.4957304026171931,192.3522681206232,1.2,0.4,0.6,0.0,0.0,0.2,-25.36204305191932
1,atr,1.0,1.0,8,1.0,tick,none,5,3,2,0.6,54.303181438168394,0.0,54.303181438168394,0.0,1.4209668447149988,0.20000000000007329,104.7955697717407,1.6,0.6,0.4,0.0,0.0,0.2,10.860636287633678
1,atr,1.0,1.0,8,1.0,tick,exchange,5,3,2,0.0,-56.81021525959659,440.20564181753156,-497.01585707712815,1.4095788688659434,0.0,-1.9646250042382203,497.01585707713093,1.4,0.4,0.6,0.0,0.0,0.2,-99.40317141542563
1,atr,1.0,1.0,8,1.0,tick,cfd_std,5,3,2,0.4,-10.810215259596589,108.0,-118.81021525959659,0.34582591265521356,0.5101680977107224,-0.494232810298354,191.3522681206232,1.0,0.4,0.6,0.0,0.0,0.2,-23.762043051919317
1,atr,1.0,1.0,8,1.0,tick,cfd_raw,5,3,2,0.4,-32.81021525959659,94.0,-126.81021525959659,0.3009966276813896,0.4684191945880579,-0.4957304026171931,192.3522681206232,1.2,0.4,0.6,0.0,0.0,0.2,-25.36204305191932
1,atr,1.0,1.0,8,2.0,off,none,1,1,0,0.0,-104.7955697717407,0.0,-104.7955697717407,0.0,0.0,-0.9999999999999996,104.7955697717407,1.0,0.0,1.0,0.0,0.0,0.0,-104.7955697717407
1,atr,1.0,1.0,8,2.0,off,exchange,1,1,0,0.0,-102.7955697717407,88.42915221511413,-191.22472198685483,0.8602428335333182,0.0,-1.824740515303927,191.22472198685864,1.0,0.0,1.0,0.0,0.0,0.0,-191.22472198685483
1,atr,1.0,1.0,8,2.0,off,cfd_std,1,1,0,0.0,-91.2955697717407,27.0,-118.2955697717407,0.2957427185952837,0.0,-1.1288222396176177,118.2955697717407,1.0,0.0,1.0,0.0,0.0,0.0,-118.2955697717407
1,atr,1.0,1.0,8,2.0,off,cfd_raw,1,1,0,0.0,-96.7955697717407,22.0,-118.7955697717407,0.22728312929899053,0.0,-1.1335934336775295,118.7955697717407,1.0,0.0,1.0,0.0,0.0,0.0,-118.7955697717407
1,atr,1.0,1.0,8,2.0,bar,none,1,1,0,0.0,-104.7955697717407,0.0,-104.7955697717407,0.0,0.0,-0.9999999999999996,104.7955697717407,1.0,0.0,1.0,0.0,0.0,0.0,-104.7955697717407
1,atr,1.0,1.0,8,2.0,bar,exchange,1,1,0,0.0,-102.7955697717407,88.42915221511413,-191.22472198685483,0.8602428335333182,0.0,-1.824740515303927,191.22472198685864,1.0,0.0,1.0,0.0,0.0,0.0,-191.22472198685483
1,atr,1.0,1.0,8,2.0,bar,cfd_std,1,1,0,0.0,-91.2955697717407,27.0,-118.2955697717407,0.2957427185952837,0.0,-1.1288222396176177,118.2955697717407,1.0,0.0,1.0,0.0,0.0,0.0,-118.2955697717407
1,atr,1.0,1.0,8,2.0,bar,cfd_raw,1,1,0,0.0,-96.7955697717407,22.0,-118.7955697717407,0.22728312929899053,0.0,-1.1335934336775295,118.7955697717407,1.0,0.0,1.0,0.0,0.0,0.0,-118.7955697717407
1,atr,1.0,1.0,8,2.0,tick,none,1,1,0,0.0,-104.7955697717407,0.0,-104.7955697717407,0.0,0.0,-0.9999999999999996,104.7955697717407,1.0,0.0,1.0,0.0,0.0,0.0,-104.7955697717407
1,atr,1.0,1.0,8,2.0,tick,exchange,1,1,0,0.0,-102.7955697717407,88.42915221511413,-191.22472198685483,0.8602428335333182,0.0,-1.824740515303927,191.22472198685864,1.0,0.0,1.0,0.0,0.0,0.0,-191.22472198685483
1,atr,1.0,1.0,8,2.0,tick,cfd_std,1,1,0,0.0,-91.2955697717407,27.0,-118.2955697717407,0.2957427185952837,0.0,-1.1288222396176177,118.2955697717407,1.0,0.0,1.0,0.0,0.0,0.0,-118.2955697717407
1,atr,1.0,1.0,8,2.0,tick,cfd_raw,1,1,0,0.0,-96.7955697717407,22.0,-118.7955697717407,0.22728312929899053,0.0,-1.1335934336775295,118.7955697717407,1.0,0.0,1.0,0.0,0.0,0.0,-118.7955697717407
1,atr,1.0,1.5,3,0.5,off,none,31,18,13,0.5806451612903226,699.6597981402447,0.0,699.6597981402447,0.0,2.2466732334074586,0.4516129032258135,130.40101335712825,3.064516129032258,0.5806451612903226,0.41935483870967744,0.0,0.0,0.06451612903225806,22.569670907749828
1,atr,1.0,1.5,3,0.5,off,exchange,31,18,13,0.16129032258064516,757.6597981402447,2731.9252800752206,-1974.2654819349757,1.491141949062972,0.057342050824123234,-1.773582249908595,1974.26548193497,3.096774193548387,0.5806451612903226,0.41935483870967744,0.0,0.0,0.06451612903225806,-63.685983288225025
1,atr,1.0,1.5,3,0.5,off,cfd_std,33,19,14,0.42424242424242425,605.5663981062971,702.0,-96.43360189370287,0.4018775893139641,0.9110076766276101,-0.19453792970955092,415.01761572426767,3.484848484848485,0.42424242424242425,0.5757575757575758,0.0,0.0,0.06060606060606061,-2.9222303604152384
1,atr,1.0,1.5,3,0.5,off,cfd_raw,32,19,13,0.53125,813.7712058392353,568.0,245.77120583923534,0.30634561554327033,1.2890841336177128,0.047618452546313986,206.0520622082404,3.15625,0.53125,0.46875,0.0,0.0,0.0625,7.680350182476104
1,atr,1.0,1.5,3,0.5,bar,none,31,18,13,0.6129032258064516,736.8652702565887,0.0,736.8652702565887,0.0,2.4059996109159147,0.48393211181368245,130.40101335712825,2.967741935483871,0.5806451612903226,0.3870967741935484,0.03225806451612903,0.0,0.06451612903225806,23.769847427631895
1,atr,1.0,1.5,3,0.5,bar,exchange,31,18,13,0.16129032258064516,792.8652702565887,2731.942882811278,-1939.0776125546897,1.5202476437063255,0.05832193209286651,-1.7430156685544353,1939.0776125546836,3.0,0.5806451612903226,0.3870967741935484,0.03225806451612903,0.0,0.06451612903225806,-62.55089072757064
1,atr,1.0,1.5,3,0.5,bar,cfd_std,33,19,14,0.3939393939393939,589.1607084708812,715.5,-126.33929152911878,0.43789417437711414,0.8803918438725697,-0.21881222337946452,444.9233053596836,3.303030303030303,0.3939393939393939,0.5151515151515151,0.09090909090909091,0.0,0.06060606060606061,-3.828463379670266
1,atr,1.0,1.5,3,0.5,bar,cfd_raw,32,19,13,0.5,801.1846993915242,576.0,225.1846993915242,0.3294343266004021,1.2747789512113692,0.032022951003885344,212.8279616384243,3.0,0.5,0.40625,0.09375,0.0,0.0625,7.037021855985131
1,atr,1.0,1.5,3,0.5,tick,none,32,19,13,0.59375,609.9135881671828,0.0,609.9135881671828,0.0,2.137552810201905,0.41922804399218916,130.40101335712825,2.84375,0.53125,0.375,0.09375,0.0,0.0625,19.05979963022446
1,atr,1.0,1.5,3,0.5,tick,exchange,32,19,13,0.125,663.9135881671828,2822.607471015026,-2158.6938828478433,1.6679717807047418,0.03596814969942294,-1.7726977213808244,2158.693882847845,2.75,0.53125,0.375,0.09375,0.0,0.0625,-67.4591838389951
1,atr,1.0,1.5,3,0.5,tick,cfd_std,34,20,14,0.35294117647058826,553.2449903963134,756.0,-202.75500960368663,0.5127409067064858,0.7990241261400961,-0.21620418516433457,401.54437568437424,2.9411764705882355,0.35294117647058826,0.4411764705882353,0.20588235294117646,0.0,0.058823529411764705,-5.963382635402548
1,atr,1.0,1.5,3,0.5,tick,cfd_raw,33,20,13,0.45454545454545453,684.578622869245,606.0,78.57862286924501,0.3709702202740615,1.0926330509385747,-0.01618060713903396,212.3279616384243,2.757575757575758,0.45454545454545453,0.3939393939393939,0.15151515151515152,0.0,0.06060606060606061,2.3811703899771217
1,atr,1.0,1.5,3,1.0,off,none,13,8,5,0.5384615384615384,230.57126147294184,0.0,230.57126147294184,0.0,1.7735141031115604,0.34615384615385825,104.7955697717407,3.0,0.5384615384615384,0.46153846153846156,0.0,0.0,0.07692307692307693,17.736250882533987
1,atr,1.0,1.5,3,1.0,off,exchange,13,8,5,0.15384615384615385,254.57126147294184,1144.876655343258,-890.3053938703163,1.3781459165595293,0.03240814742607955,-1.6982913863346316,890.3053938703233,2.769230769230769,0.5384615384615384,0.46153846153846156,0.0,0.0,0.07692307692307693,-68.48503029771663
1,atr,1.0,1.5,3,1.0,off,cfd_std,13,8,5,0.46153846153846156,306.32460603253276,270.0,36.324606032532756,0.3335443471428965,1.082446965874894,-0.0841576649805617,236.44473955131252,2.5384615384615383,0.46153846153846156,0.5384615384615384,0.0,0.0,0.07692307692307693,2.794200464040981
1,atr,1.0,1.5,3,1.0,off,cfd_raw,13,8,5,0.5384615384615384,326.57126147294184,230.0,96.57126147294184,0.2729202936332103,1.2475660493191765,0.08137656002363575,139.19808411090344,2.923076923076923,0.5384615384615384,0.46153846153846156,0.0,0.0,0.07692307692307693,7.42855857484168
1,atr,1.0,1.5,3,1.0,bar,none,13,8,5,0.6153846153846154,267.77673358928587,0.0,267.77673358928587,0.0,2.026170000195598,0.42322272817108425,104.7955697717407,2.769230769230769,0.5384615384615384,0.38461538461538464,0.07692307692307693,0.0,0.07692307692307693,20.598210276098914
1,atr,1.0,1.5,3,1.0,bar,exchange,13,8,5,0.15384615384615385,289.77673358928587,1144.8942580793162,-855.1175244900303,1.4389019287763565,0.033696796865958376,-1.625401846182405,855.1175244900369,2.5384615384615383,0.5384615384615384,0.38461538461538464,0.07692307692307693,0.0,0.07692307692307693,-65.77827111461771
1,atr,1.0,1.5,3,1.0,bar,cfd_std,13,8,5,0.38461538461538464,265.33477547662915,283.5,-18.165224523370853,0.3930798193026055,0.9585103165804063,-0.19266250024542614,233.6883556703251,2.1538461538461537,0.38461538461538464,0.46153846153846156,0.15384615384615385,0.0,0.07692307692307693,-1.3973249633362195
1,atr,1.0,1.5,3,1.0,bar,cfd_raw,13,8,5,0.46153846153846156,296.58143091703823,238.0,58.58143091703823,0.31545034974211544,1.155459983812323,0.006436077451529043,125.94170022991602,2.5384615384615383,0.46153846153846156,0.38461538461538464,0.15384615384615385,0.0,0.07692307692307693,4.506263916695248
1,atr,1.0,1.5,3,1.0,tick,none,13,8,5,0.6153846153846154,268.2067335892789,0.0,268.2067335892789,0.0,2.0278178397750954,0.4241134471267055,104.7955697717407,2.769230769230769,0.5384615384615384,0.38461538461538464,0.07692307692307693,0.0,0.07692307692307693,20.631287199175297
1,atr,1.0,1.5,3,1.0,tick,exchange,13,8,5,0.15384615384615385,290.2067335892789,1144.8944730793162,-854.6877394900373,1.4381250023564098,0.03371317025044073,-1.6245115725862613,854.6877394900366,2.5384615384615383,0.5384615384615384,0.38461538461538464,0.07692307692307693,0.0,0.07692307692307693,-65.74521073000287
1,atr,1.0,1.5,3,1.0,tick,cfd_std,13,8,5,0.38461538461538464,266.26477547662216,283.5,-17.235224523377838,0.392573608122582,0.9605506567161298,-0.19076398875260717,232.7583556703321,2.1538461538461537,0.38461538461538464,0.46153846153846156,0.15384615384615385,0.0,0.07692307692307693,-1.3257865017982953
1,atr,1.0,1.5,3,1.0,tick,cfd_raw,13,8,5,0.46153846153846156,297.51143091703125,238.0,59.51143091703125,0.3150619910605992,1.1583186908798278,0.008334588944347883,125.01170022992301,2.5384615384615383,0.46153846153846156,0.38461538461538464,0.15384615384615385,0.0,0.07692307692307693,4.577802378233173
1,atr,1.0,1.5,3,2.0,off,none,1,1,0,0.0,-104.7955697717407,0.0,-104.7955697717407,0.0,0.0,-0.9999999999999996,104.7955697717407,1.0,0.0,1.0,0.0,0.0,0.0,-104.7955697717407
1,atr,1.0,1.5,3,2.0,off,exchange,1,1,0,0.0,-102.7955697717407,88.42411221511412,-191.21968198685482,0.8601938041830145,0.0,-1.8246924216678029,191.219681986855,1.0,0.0,1.0,0.0,0.0,0.0,-191.21968198685482
1,atr,1.0,1.5,3,2.0,off,cfd_std,1,1,0,0.0,-91.2955697717407,27.0,-118.2955697717407,0.2957427185952837,0.0,-1.1288222396176177,118.2955697717407,1.0,0.0,1.0,0.0,0.0,0.0,-118.2955697717407
1,atr,1.0,1.5,3,2.0,off,cfd_raw,1,1,0,0.0,-96.7955697717407,22.0,-118.7955697717407,0.22728312929899053,0.0,-1.1335934336775295,118.7955697717407,1.0,0.0,1.0,0.0,0.0,0.0,-118.7955697717407
1,atr,1.0,1.5,3,2.0,bar,none,1,1,0,0.0,-104.7955697717407,0.0,-104.7955697717407,0.0,0.0,-0.9999999999999996,104.7955697717407,1.0,0.0,1.0,0.0,0.0,0.0,-104.7955697717407
1,atr,1.0,1.5,3,2.0,bar,exchange,1,1,0,0.0,-102.7955697717407,88.42411221511412,-191.21968198685482,0.8601938041830145,0.0,-1.8246924216678029,191.219681986855,1.0,0.0,1.0,0.0,0.0,0.0,-191.21968198685482
1,atr,1.0,1.5,3,2.0,bar,cfd_std,1,1,0,0.0,-91.2955697717407,27.0,-118.2955697717407,0.2957427185952837,0.0,-1.1288222396176177,118.2955697717407,1.0,0.0,1.0,0.0,0.0,0.0,-118.2955697717407
1,atr,1.0,1.5,3,2.0,bar,cfd_raw,1,1,0,0.0,-96.7955697717407,22.0,-118.7955697717407,0.22728312929899053,0.0,-1.1335934336775295,118.7955697717407,1.0,0.0,1.0,0.0,0.0,0.0,-118.7955697717407
1,atr,1.0,1.5,3,2.0,tick,none,1,1,0,0.0,-104.7955697717407,0.0,-104.7955697717407,0.0,0.0,-0.9999999999999996,104.7955697717407,1.0,0.0,1.0,0.0,0.0,0.0,-104.7955697717407
1,atr,1.0,1.5,3,2.0,tick,exchange,1,1,0,0.0,-102.7955697717407,88.42411221511412,-191.21968198685482,0.8601938041830145,0.0,-1.8246924216678029,191.219681986855,1.0,0.0,1.0,0.0,0.0,0.0,-191.21968198685482
1,atr,1.0,1.5,3,2.0,tick,cfd_std,1,1,0,0.0,-91.2955697717407,27.0,-118.2955697717407,0.2957427185952837,0.0,-1.1288222396176177,118.2955697717407,1.0,0.0,1.0,0.0,0.0,0.0,-118.2955697717407
1,atr,1.0,1.5,3,2.0,tick,cfd_raw,1,1,0,0.0,-96.7955697717407,22.0,-118.7955697717407,0.22728312929899053,0.0,-1.1335934336775295,118.7955697717407,1.0,0.0,1.0,0.0,0.0,0.0,-118.7955697717407
1,atr,1.0,1.5,5,0.5,off,none,24,12,12,0.6666666666666666,809.9897447113472,0.0,809.9897447113472,0.0,3.313994238805202,0.6666666666666564,104.7955697717407,2.25,0.6666666666666666,0.3333333333333333,0.0,0.0,0.125,33.74957269630613
1,atr,1.0,1.5,5,0.5,off,exchange,24,12,12,0.20833333333333334,851.9897447113472,2109.7641598004034,-1257.7744150890562,1.3806733103244944,0.11406110044690733,-1.5602856276106476,1257.7744150890503,2.25,0.6666666666666666,0.3333333333333333,0.0,0.0,0.125,-52.407267295377345
1,atr,1.0,1.5,5,0.5,off,cfd_std,25,12,13,0.52,734.1285531724861,499.5,234.62855317248614,0.33067705337237974,1.3294399382731565,0.0545538637461094,250.14066626496788,2.72,0.52,0.48,0.0,0.0,0.12,9.385142126899446
1,atr,1.0,1.5,5,0.5,off,cfd_raw,24,12,12,0.625,885.4978789735178,408.0,477.4978789735178,0.26344938745298174,1.9016311954921852,0.286402248558801,118.7955697717407,2.25,0.625,0.375,0.0,0.0,0.125,19.89574495722991
1,atr,1.0,1.5,5,0.5,bar,none,24,12,12,0.6666666666666666,809.9897447113472,0.0,809.9897447113472,0.0,3.313994238805202,0.6666666666666564,104.7955697717407,2.25,0.6666666666666666,0.3333333333333333,0.0,0.0,0.125,33.74957269630613
1,atr,1.0,1.5,5,0.5,bar,exchange,24,12,12,0.20833333333333334,851.9897447113472,2109.7641598004034,-1257.7744150890562,1.3806733103244944,0.11406110044690733,-1.5602856276106476,1257.7744150890503,2.25,0.6666666666666666,0.3333333333333333,0.0,0.0,0.125,-52.407267295377345
1,atr,1.0,1.5,5,0.5,bar,cfd_std,25,12,13,0.52,734.1285531724861,499.5,234.62855317248614,0.33067705337237974,1.3294399382731565,0.0545538637461094,250.14066626496788,2.72,0.52,0.48,0.0,0.0,0.12,9.385142126899446
1,atr,1.0,1.5,5,0.5,bar,cfd_raw,24,12,12,0.625,902.9012030817103,408.0,494.90120308171026,0.2664435435580744,1.9662453090218175,0.30620100789545396,118.7955697717407,2.25,0.625,0.3333333333333333,0.041666666666666664,0.0,0.125,20.62088346173793
1,atr,1.0,1.5,5,0.5,tick,none,24,12,12,0.6666666666666666,809.9897447113472,0.0,809.9897447113472,0.0,3.313994238805202,0.6666666666666564,104.7955697717407,2.25,0.6666666666666666,0.3333333333333333,0.0,0.0,0.125,33.74957269630613
1,atr,1.0,1.5,5,0.5,tick,exchange,24,12,12,0.20833333333333334,851.9897447113472,2109.7641598004034,-1257.7744150890562,1.3806733103244944,0.11406110044690733,-1.5602856276106476,1257.7744150890503,2.25,0.6666666666666666,0.3333333333333333,0.0,0.0,0.125,-52.407267295377345
1,atr,1.0,1.5,5,0.5,tick,cfd_std,25,12,13,0.52,825.4645171873271,499.5,325.96451718732715,0.34244966880971606,1.5250138850800017,0.12677291606129792,220.39173658964864,2.6,0.52,0.4,0.08,0.0,0.12,13.038580687493086
1,atr,1.0,1.5,5,0.5,tick,cfd_raw,24,12,12,0.625,920.746808648837,408.0,512.746808648837,0.26724612067882747,2.037225858790855,0.3265029253707514,118.7955697717407,2.25,0.625,0.3333333333333333,0.041666666666666664,0.0,0.125,21.36445036036821
1,atr,1.0,1.5,5,1.0,off,none,9,3,6,0.6666666666666666,269.81728458929865,0.0,269.81728458929865,0.0,2.6762027446551313,0.6666666666666713,104.7955697717407,2.0,0.6666666666666666,0.3333333333333333,0.0,0.0,0.2222222222222222,29.97969828769985
1,atr,1.0,1.5,5,1.0,off,exchange,9,3,6,0.2222222222222222,283.81728458929865,789.3649558801487,-505.5476712908501,1.3117691347174527,0.05569923553384214,-1.449622054612505,505.54767129085667,2.0,0.6666666666666666,0.3333333333333333,0.0,0.0,0.2222222222222222,-56.17196347676112
1,atr,1.0,1.5,5,1.0,off,cfd_std,9,3,6,0.5555555555555556,278.07062914888957,175.5,102.57062914888957,0.28536275626486246,1.3710035902092037,0.11330325202976371,158.17245333027677,1.4444444444444444,0.5555555555555556,0.4444444444444444,0.0,0.0,0.2222222222222222,11.39673657209884
1,atr,1.0,1.5,5,1.0,off,cfd_raw,9,3,6,0.6666666666666666,325.81728458929865,150.0,175.81728458929865,0.23743343707173298,1.802930984709011,0.38256397044578233,118.7955697717407,2.0,0.6666666666666666,0.3333333333333333,0.0,0.0,0.2222222222222222,19.535253843255404
1,atr,1.0,1.5,5,1.0,bar,none,9,3,6,0.6666666666666666,269.81728458929865,0.0,269.81728458929865,0.0,2.6762027446551313,0.6666666666666713,104.7955697717407,2.0,0.6666666666666666,0.3333333333333333,0.0,0.0,0.2222222222222222,29.97969828769985
1,atr,1.0,1.5,5,1.0,bar,exchange,9,3,6,0.2222222222222222,283.81728458929865,789.3649558801487,-505.5476712908501,1.3117691347174527,0.05569923553384214,-1.449622054612505,505.54767129085667,2.0,0.6666666666666666,0.3333333333333333,0.0,0.0,0.2222222222222222,-56.17196347676112
1,atr,1.0,1.5,5,1.0,bar,cfd_std,9,3,6,0.5555555555555556,278.07062914888957,175.5,102.57062914888957,0.28536275626486246,1.3710035902092037,0.11330325202976371,158.17245333027677,1.4444444444444444,0.5555555555555556,0.4444444444444444,0.0,0.0,0.2222222222222222,11.39673657209884
1,atr,1.0,1.5,5,1.0,bar,cfd_raw,9,3,6,0.6666666666666666,325.81728458929865,150.0,175.81728458929865,0.23743343707173298,1.802930984709011,0.38256397044578233,118.7955697717407,2.0,0.6666666666666666,0.3333333333333333,0.0,0.0,0.2222222222222222,19.535253843255404
1,atr,1.0,1.5,5,1.0,tick,none,9,3,6,0.6666666666666666,269.81728458929865,0.0,269.81728458929865,0.0,2.6762027446551313,0.6666666666666713,104.7955697717407,2.0,0.6666666666666666,0.3333333333333333,0.0,0.0,0.2222222222222222,29.97969828769985
1,atr,1.0,1.5,5,1.0,tick,exchange,9,3,6,0.2222222222222222,283.81728458929865,789.3649558801487,-505.5476712908501,1.3117691347174527,0.05569923553384214,-1.449622054612505,505.54767129085667,2.0,0.6666666666666666,0.3333333333333333,0.0,0.0,0.2222222222222222,-56.17196347676112
1,atr,1.0,1.5,5,1.0,tick,cfd_std,9,3,6,0.5555555555555556,278.07062914888957,175.5,102.57062914888957,0.28536275626486246,1.3710035902092037,0.11330325202976371,158.17245333027677,1.4444444444444444,0.5555555555555556,0.4444444444444444,0.0,0.0,0.2222222222222222,11.39673657209884
1,atr,1.0,1.5,5,1.0,tick,cfd_raw,9,3,6,0.6666666666666666,325.81728458929865,150.0,175.81728458929865,0.23743343707173298,1.802930984709011,0.38256397044578233,118.7955697717407,2.0,0.6666666666666666,0.3333333333333333,0.0,0.0,0.2222222222222222,19.535253843255404
1,atr,1.0,1.5,5,2.0,off,none,2,1,1,0.5,-60.201240378039074,0.0,-60.201240378039074,0.0,0.4255363990179572,0.25000000000002576,104.7955697717407,1.5,0.5,0.5,0.0,0.0,0.0,-30.100620189019537
1,atr,1.0,1.5,5,2.0,off,exchange,2,1,1,0.0,-56.201240378039074,175.88071505041728,-232.08195542845635,1.1773266869645425,0.0,-1.5995187246839646,232.0819554284535,1.5,0.5,0.5,0.0,0.0,0.0,-116.04097771422818
1,atr,1.0,1.5,5,2.0,off,cfd_std,2,1,1,0.5,-33.201240378039074,40.5,-73.70124037803907,0.27110266642022524,0.3769737909859972,0.18558888019121667,118.2955697717407,1.5,0.5,0.5,0.0,0.0,0.0,-36.85062018901954
1,atr,1.0,1.5,5,2.0,off,cfd_raw,2,1,1,0.5,-44.201240378039074,36.0,-80.20124037803907,0.24098014792908912,0.32488020780453813,0.08229359214938703,118.7955697717407,1.5,0.5,0.5,0.0,0.0,0.0,-40.10062018901954
1,atr,1.0,1.5,5,2.0,bar,none,2,1,1,0.5,-60.201240378039074,0.0,-60.201240378039074,0.0,0.4255363990179572,0.25000000000002576,104.7955697717407,1.5,0.5,0.5,0.0,0.0,0.0,-30.100620189019537
1,atr,1.0,1.5,5,2.0,bar,exchange,2,1,1,0.0,-56.201240378039074,175.88071505041728,-232.08195542845635,1.1773266869645425,0.0,-1.5995187246839646,232.0819554284535,1.5,0.5,0.5,0.0,0.0,0.0,-116.04097771422818
1,atr,1.0,1.5,5,2.0,bar,cfd_std,2,1,1,0.5,-33.201240378039074,40.5,-73.70124037803907,0.27110266642022524,0.3769737909859972,0.18558888019121667,118.2955697717407,1.5,0.5,0.5,0.0,0.0,0.0,-36.85062018901954
1,atr,1.0,1.5,5,2.0,bar,cfd_raw,2,1,1,0.5,-44.201240378039074,36.0,-80.20124037803907,0.24098014792908912,0.32488020780453813,0.08229359214938703,118.7955697717407,1.5,0.5,0.5,0.0,0.0,0.0,-40.10062018901954
1,atr,1.0,1.5,5,2.0,tick,none,2,1,1,0.5,-60.201240378039074,0.0,-60.201240378039074,0.0,0.4255363990179572,0.25000000000002576,104.7955697717407,1.5,0.5,0.5,0.0,0.0,0.0,-30.100620189019537
1,atr,1.0,1.5,5,2.0,tick,exchange,2,1,1,0.0,-56.201240378039074,175.88071505041728,-232.08195542845635,1.1773266869645425,0.0,-1.5995187246839646,232.0819554284535,1.5,0.5,0.5,0.0,0.0,0.0,-116.04097771422818
1,atr,1.0,1.5,5,2.0,tick,cfd_std,2,1,1,0.5,-33.201240378039074,40.5,-73.70124037803907,0.27110266642022524,0.3769737909859972,0.18558888019121667,118.2955697717407,1.5,0.5,0.5,0.0,0.0,0.0,-36.85062018901954
1,atr,1.0,1.5,5,2.0,tick,cfd_raw,2,1,1,0.5,-44.201240378039074,36.0,-80.20124037803907,0.24098014792908912,0.32488020780453813,0.08229359214938703,118.7955697717407,1.5,0.5,0.5,0.0,0.0,0.0,-40.10062018901954
1,atr,1.0,1.5,8,0.5,off,none,15,6,9,0.6666666666666666,476.98946052760584,0.0,476.98946052760584,0.0,2.821578400192845,0.6666666666666805,104.7955697717407,1.9333333333333333,0.6666666666666666,0.3333333333333333,0.0,0.0,0.3333333333333333,31.799297368507055
1,atr,1.0,1.5,8,0.5,off,exchange,15,6,9,0.13333333333333333,348.0977146554069,1320.084701513102,-971.9869868576951,1.3540425106912684,0.09833237285299068,-1.619726974937204,971.9869868576934,1.9333333333333333,0.6,0.4,0.0,0.0,0.3333333333333333,-64.79913245717968
1,atr,1.0,1.5,8,0.5,off,cfd_std,16,6,10,0.625,566.9757847752044,297.0,269.9757847752044,0.26955909082763624,1.6287107898041018,0.30863571737240403,141.79706272670592,2.1875,0.625,0.375,0.0,0.0,0.3125,16.873486548450273
1,atr,1.0,1.5,8,0.5,off,cfd_raw,16,6,10,0.625,506.4757847752044,272.0,234.47578477520437,0.25062212455801347,1.5564054601846038,0.26885968230971363,142.79706272670592,1.8125,0.625,0.375,0.0,0.0,0.3125,14.654736548450273
1,atr,1.0,1.5,8,0.5,bar,none,15,6,9,0.6666666666666666,476.98946052760584,0.0,476.98946052760584,0.0,2.821578400192845,0.6666666666666805,104.7955697717407,1.9333333333333333,0.6666666666666666,0.3333333333333333,0.0,0.0,0.3333333333333333,31.799297368507055
1,atr,1.0,1.5,8,0.5,bar,exchange,15,6,9,0.13333333333333333,348.0977146554069,1320.084701513102,-971.9869868576951,1.3540425106912684,0.09833237285299068,-1.619726974937204,971.9869868576934,1.9333333333333333,0.6,0.4,0.0,0.0,0.3333333333333333,-64.79913245717968
1,atr,1.0,1.5,8,0.5,bar,cfd_std,16,6,10,0.625,566.9757847752044,297.0,269.9757847752044,0.26955909082763624,1.6287107898041018,0.30863571737240403,141.79706272670592,2.1875,0.625,0.375,0.0,0.0,0.3125,16.873486548450273
1,atr,1.0,1.5,8,0.5,bar,cfd_raw,16,6,10,0.625,506.4757847752044,272.0,234.47578477520437,0.25062212455801347,1.5564054601846038,0.26885968230971363,142.79706272670592,1.8125,0.625,0.375,0.0,0.0,0.3125,14.654736548450273
1,atr,1.0,1.5,8,0.5,tick,none,15,6,9,0.6666666666666666,476.98946052760584,0.0,476.98946052760584,0.0,2.821578400192845,0.6666666666666805,104.7955697717407,1.9333333333333333,0.6666666666666666,0.3333333333333333,0.0,0.0,0.3333333333333333,31.799297368507055
1,atr,1.0,1.5,8,0.5,tick,exchange,15,6,9,0.13333333333333333,348.0977146554069,1320.084701513102,-971.9869868576951,1.3540425106912684,0.09833237285299068,-1.619726974937204,971.9869868576934,1.9333333333333333,0.6,0.4,0.0,0.0,0.3333333333333333,-64.79913245717968
1,atr,1.0,1.5,8,0.5,tick,cfd_std,16,6,10,0.625,566.9757847752044,297.0,269.9757847752044,0.26955909082763624,1.6287107898041018,0.30863571737240403,141.79706272670592,2.1875,0.625,0.375,0.0,0.0,0.3125,16.873486548450273
1,atr,1.0,1.5,8,0.5,tick,cfd_raw,16,6,10,0.625,506.4757847752044,272.0,234.47578477520437,0.25062212455801347,1.5564054601846038,0.26885968230971363,142.79706272670592,1.8125,0.625,0.375,0.0,0.0,0.3125,14.654736548450273
1,atr,1.0,1.5,8,1.0,off,none,5,3,2,0.6,145.952941217256,0.0,145.952941217256,0.0,2.131450267072498,0.5000000000000757,104.7955697717407,1.6,0.6,0.4,0.0,0.0,0.2,29.190588243451202
1,atr,1.0,1.5,8,1.0,off,exchange,5,3,2,0.2,5.061195345057058,440.1998776362401,-435.13868229118304,1.1764788503720476,0.05352683586984754,-1.7646250042381937,435.13868229118816,1.6,0.4,0.6,0.0,0.0,0.2,-87.0277364582366
1,atr,1.0,1.5,8,1.0,off,cfd_std,5,3,2,0.4,51.06119534505706,108.0,-56.93880465494294,0.2886409612889015,0.7652521465661136,-0.2942328102983275,191.3522681206232,1.2,0.4,0.6,0.0,0.0,0.2,-11.387760930988588
1,atr,1.0,1.5,8,1.0,off,cfd_raw,5,3,2,0.4,29.061195345057058,94.0,-64.93880465494294,0.25122454038108094,0.7277804314873524,-0.29573040261716665,192.3522681206232,1.4,0.4,0.6,0.0,0.0,0.2,-12.987760930988589
1,atr,1.0,1.5,8,1.0,bar,none,5,3,2,0.6,145.952941217256,0.0,145.952941217256,0.0,2.131450267072498,0.5000000000000757,104.7955697717407,1.6,0.6,0.4,0.0,0.0,0.2,29.190588243451202
1,atr,1.0,1.5,8,1.0,bar,exchange,5,3,2,0.2,5.061195345057058,440.1998776362401,-435.13868229118304,1.1764788503720476,0.05352683586984754,-1.7646250042381937,435.13868229118816,1.6,0.4,0.6,0.0,0.0,0.2,-87.0277364582366
1,atr,1.0,1.5,8,1.0,bar,cfd_std,5,3,2,0.4,51.06119534505706,108.0,-56.93880465494294,0.2886409612889015,0.7652521465661136,-0.2942328102983275,191.3522681206232,1.2,0.4,0.6,0.0,0.0,0.2,-11.387760930988588
1,atr,1.0,1.5,8,1.0,bar,cfd_raw,5,3,2,0.4,29.061195345057058,94.0,-64.93880465494294,0.25122454038108094,0.7277804314873524,-0.29573040261716665,192.3522681206232,1.4,0.4,0.6,0.0,0.0,0.2,-12.987760930988589
1,atr,1.0,1.5,8,1.0,tick,none,5,3,2,0.6,145.952941217256,0.0,145.952941217256,0.0,2.131450267072498,0.5000000000000757,104.7955697717407,1.6,0.6,0.4,0.0,0.0,0.2,29.190588243451202
1,atr,1.0,1.5,8,1.0,tick,exchange,5,3,2,0.2,5.061195345057058,440.1998776362401,-435.13868229118304,1.1764788503720476,0.05352683586984754,-1.7646250042381937,435.13868229118816,1.6,0.4,0.6,0.0,0.0,0.2,-87.0277364582366
1,atr,1.0,1.5,8,1.0,tick,cfd_std,5,3,2,0.4,51.06119534505706,108.0,-56.93880465494294,0.2886409612889015,0.7652521465661136,-0.2942328102983275,191.3522681206232,1.2,0.4,0.6,0.0,0.0,0.2,-11.387760930988588
1,atr,1.0,1.5,8,1.0,tick,cfd_raw,5,3,2,0.4,29.061195345057058,94.0,-64.93880465494294,0.25122454038108094,0.7277804314873524,-0.29573040261716665,192.3522681206232,1.4,0.4,0.6,0.0,0.0,0.2,-12.987760930988589
1,atr,1.0,1.5,8,2.0,off,none,1,1,0,0.0,-104.7955697717407,0.0,-104.7955697717407,0.0,0.0,-0.9999999999999996,104.7955697717407,1.0,0.0,1.0,0.0,0.0,0.0,-104.7955697717407
1,atr,1.0,1.5,8,2.0,off,exchange,1,1,0,0.0,-102.7955697717407,88.42915221511413,-191.22472198685483,0.8602428335333182,0.0,-1.824740515303927,191.22472198685864,1.0,0.0,1.0,0.0,0.0,0.0,-191.22472198685483
1,atr,1.0,1.5,8,2.0,off,cfd_std,1,1,0,0.0,-91.2955697717407,27.0,-118.2955697717407,0.2957427185952837,0.0,-1.1288222396176177,118.2955697717407,1.0,0.0,1.0,0.0,0.0,0.0,-118.2955697717407
1,atr,1.0,1.5,8,2.0,off,cfd_raw,1,1,0,0.0,-96.7955697717407,22.0,-118.7955697717407,0.22728312929899053,0.0,-1.1335934336775295,118.7955697717407,1.0,0.0,1.0,0.0,0.0,0.0,-118.7955697717407
1,atr,1.0,1.5,8,2.0,bar,none,1,1,0,0.0,-104.7955697717407,0.0,-104.7955697717407,0.0,0.0,-0.9999999999999996,104.7955697717407,1.0,0.0,1.0,0.0,0.0,0.0,-104.7955697717407
1,atr,1.0,1.5,8,2.0,bar,exchange,1,1,0,0.0,-102.7955697717407,88.42915221511413,-191.22472198685483,0.8602428335333182,0.0,-1.824740515303927,191.22472198685864,1.0,0.0,1.0,0.0,0.0,0.0,-191.22472198685483
1,atr,1.0,1.5,8,2.0,bar,cfd_std,1,1,0,0.0,-91.2955697717407,27.0,-118.2955697717407,0.2957427185952837,0.0,-1.1288222396176177,118.2955697717407,1.0,0.0,1.0,0.0,0.0,0.0,-118.2955697717407
1,atr,1.0,1.5,8,2.0,bar,cfd_raw,1,1,0,0.0,-96.7955697717407,22.0,-118.7955697717407,0.22728312929899053,0.0,-1.1335934336775295,118.7955697717407,1.0,0.0,1.0,0.0,0.0,0.0,-118.7955697717407
1,atr,1.0,1.5,8,2.0,tick,none,1,1,0,0.0,-104.7955697717407,0.0,-104.7955697717407,0.0,0.0,-0.9999999999999996,104.7955697717407,1.0,0.0,1.0,0.0,0.0,0.0,-104.7955697717407
1,atr,1.0,1.5,8,2.0,tick,exchange,1,1,0,0.0,-102.7955697717407,88.42915221511413,-191.22472198685483,0.8602428335333182,0.0,-1.824740515303927,191.22472198685864,1.0,0.0,1.0,0.0,0.0,0.0,-191.22472198685483
1,atr,1.0,1.5,8,2.0,tick,cfd_std,1,1,0,0.0,-91.2955697717407,27.0,-118.2955697717407,0.2957427185952837,0.0,-1.1288222396176177,118.2955697717407,1.0,0.0,1.0,0.0,0.0,0.0,-118.2955697717407
1,atr,1.0,1.5,8,2.0,tick,cfd_raw,1,1,0,0.0,-96.7955697717407,22.0,-118.7955697717407,0.22728312929899053,0.0,-1.1335934336775295,118.7955697717407,1.0,0.0,1.0,0.0,0.0,0.0,-118.7955697717407
1,atr,1.0,2.0,3,0.5,off,none,29,16,13,0.5172413793103449,781.715018422401,0.0,781.715018422401,0.0,2.257733105687964,0.5517241379310643,192.4079049997672,4.482758620689655,0.5172413793103449,0.4827586206896552,0.0,0.0,0.06896551724137931,26.955690290427622
1,atr,1.0,2.0,3,0.5,off,exchange,29,16,13,0.20689655172413793,835.715018422401,2558.9279622410522,-1723.212943818651,1.2625652309653153,0.14865888538743985,-1.6781199197751209,1734.8928031517426,4.448275862068965,0.5172413793103449,0.4827586206896552,0.0,0.0,0.06896551724137931,-59.42113599374658
1,atr,1.0,2.0,3,0.5,off,cfd_std,31,17,14,0.3870967741935484,759.5301742216252,675.0,84.5301742216252,0.3551679609467446,1.0780166035070893,-0.08990286843269335,394.5871117468778,4.903225806451613,0.3870967741935484,0.6129032258064516,0.0,0.0,0.06451612903225806,2.726779813600813
1,atr,1.0,2.0,3,0.5,off,cfd_raw,30,17,13,0.5,972.9140808652883,540.0,432.91408086528827,0.2624455250182256,1.4962744950538072,0.21493770768443538,234.4079049997672,4.8,0.5,0.5,0.0,0.0,0.06666666666666667,14.430469362176275
1,atr,1.0,2.0,3,0.5,bar,none,31,18,13,0.5161290322580645,733.4695123316342,0.0,733.4695123316342,0.0,2.2233351507700543,0.4773631440703119,192.4079049997672,3.870967741935484,0.45161290322580644,0.41935483870967744,0.12903225806451613,0.0,0.06451612903225806,23.660306849407554
1,atr,1.0,2.0,3,0.5,bar,exchange,31,18,13,0.1935483870967742,783.4695123316342,2739.892619488007,-1956.4231071563727,1.4162576161543967,0.1333005523232586,-1.7606558532055903,1968.102966489474,3.838709677419355,0.45161290322580644,0.41935483870967744,0.12903225806451613,0.0,0.06451612903225806,-63.110422811495894
1,atr,1.0,2.0,3,0.5,bar,cfd_std,32,18,14,0.375,687.4712017372658,729.0,-41.5287982627342,0.415580701841936,0.9610872681918725,-0.1910922982792662,444.31779831538734,4.125,0.3125,0.53125,0.15625,0.0,0.0625,-1.2977749457104437
1,atr,1.0,2.0,3,0.5,bar,cfd_raw,32,19,13,0.4375,857.9508561921102,600.0,257.9508561921102,0.3128696231389575,1.2804517432626124,0.05650007615868961,276.4780134906905,3.90625,0.40625,0.4375,0.15625,0.0,0.0625,8.060964256003444
1,atr,1.0,2.0,3,0.5,tick,none,32,19,13,0.59375,556.5578199436568,0.0,556.5578199436568,0.0,2.038038706465432,0.4179412414372637,146.82575168661424,3.46875,0.375,0.375,0.25,0.0,0.0625,17.392431873239275
1,atr,1.0,2.0,3,0.5,tick,exchange,32,19,13,0.125,600.5578199436568,2832.489153173652,-2231.9313332299953,1.7389144296824217,0.05758297765369555,-1.7871825044439729,2243.611192563083,3.4375,0.375,0.375,0.25,0.0,0.0625,-69.74785416343735
1,atr,1.0,2.0,3,0.5,tick,cfd_std,33,19,14,0.36363636363636365,555.1853849644976,783.0,-227.81461503550236,0.5431580810348128,0.7637886585679338,-0.19975497027010453,383.43961939777364,3.6666666666666665,0.24242424242424243,0.42424242424242425,0.3333333333333333,0.0,0.06060606060606061,-6.903473182894011
1,atr,1.0,2.0,3,0.5,tick,cfd_raw,33,20,13,0.3939393939393939,659.4285821243102,638.0,21.428582124310196,0.39666644422607655,1.0246660397868375,-0.010282496998241185,263.2780134906934,3.515151515151515,0.3333333333333333,0.3939393939393939,0.2727272727272727,0.0,0.06060606060606061,0.6493509734639453
1,atr,1.0,2.0,3,1.0,off,none,13,8,5,0.5384615384615384,406.78928703944257,0.0,406.78928703944257,0.0,2.364685470815414,0.615384615384635,104.7955697717407,3.6923076923076925,0.5384615384615384,0.46153846153846156,0.0,0.0,0.07692307692307693,31.29148361841866
1,atr,1.0,2.0,3,1.0,off,exchange,13,8,5,0.3076923076923077,430.78928703944257,1144.8601105375221,-714.0708234980794,1.1369526983277058,0.16035615873342673,-1.4290413863346245,725.7506828311743,3.4615384615384617,0.5384615384615384,0.46153846153846156,0.0,0.0,0.07692307692307693,-54.92852488446765
1,atr,1.0,2.0,3,1.0,off,cfd_std,13,8,5,0.38461538461538464,339.7357905323588,283.5,56.235790532358806,0.3151387478907355,1.1133937030281806,-0.10897007656724603,236.44473955131252,3.4615384615384617,0.38461538461538464,0.6153846153846154,0.0,0.0,0.07692307692307693,4.325830040950677
1,atr,1.0,2.0,3,1.0,off,cfd_raw,13,8,5,0.5384615384615384,502.78928703944257,230.0,272.78928703944257,0.22572146819408095,1.6993112139046842,0.3506073292544124,121.94875302280707,3.6153846153846154,0.5384615384615384,0.46153846153846156,0.0,0.0,0.07692307692307693,20.983791310726353
1,atr,1.0,2.0,3,1.0,bar,none,13,8,5,0.6153846153846154,373.71738500458014,0.0,373.71738500458014,0.0,2.432154182713478,0.5508034709950095,104.7955697717407,3.0,0.46153846153846156,0.38461538461538464,0.15384615384615385,0.0,0.07692307692307693,28.74749115419847
1,atr,1.0,2.0,3,1.0,bar,exchange,13,8,5,0.3076923076923077,393.71738500458014,1146.8405745865045,-753.1231895819243,1.2748156914017048,0.153315903921989,-1.5057893567034775,764.803048915026,2.769230769230769,0.46153846153846156,0.38461538461538464,0.15384615384615385,0.0,0.07692307692307693,-57.93255304476341
1,atr,1.0,2.0,3,1.0,bar,cfd_std,13,8,5,0.3076923076923077,279.6638884974964,297.0,-17.336111502503627,0.3748761383126194,0.9648481366280532,-0.25593645029364015,233.6883556703251,2.6153846153846154,0.3076923076923077,0.5384615384615384,0.15384615384615385,0.0,0.07692307692307693,-1.333547038654125
1,atr,1.0,2.0,3,1.0,bar,cfd_raw,13,8,5,0.46153846153846156,453.71738500458014,238.0,215.71738500458014,0.26107574127476485,1.5724582116872636,0.2372053082207759,118.7955697717407,2.769230769230769,0.46153846153846156,0.38461538461538464,0.15384615384615385,0.0,0.07692307692307693,16.593645000352318
1,atr,1.0,2.0,3,1.0,tick,none,13,8,5,0.6153846153846154,374.64738500457315,0.0,374.64738500457315,0.0,2.4357181148273055,0.5527019824878283,104.7955697717407,3.0,0.46153846153846156,0.38461538461538464,0.15384615384615385,0.0,0.07692307692307693,28.819029615736397
1,atr,1.0,2.0,3,1.0,tick,exchange,13,8,5,0.3076923076923077,394.64738500457315,1146.8410395865046,-752.1936545819314,1.273499692284212,0.15347628843022426,-1.5038917944664048,763.8735139150231,2.769230769230769,0.46153846153846156,0.38461538461538464,0.15384615384615385,0.0,0.07692307692307693,-57.86105035245626
1,atr,1.0,2.0,3,1.0,tick,cfd_std,13,8,5,0.38461538461538464,336.3171907622018,297.0,39.31719076220179,0.37490060498399563,1.0899922918457885,-0.15162093800379067,232.7583556703321,2.4615384615384617,0.3076923076923077,0.46153846153846156,0.23076923076923078,0.0,0.07692307692307693,3.0243992894001375
1,atr,1.0,2.0,3,1.0,tick,cfd_raw,13,8,5,0.46153846153846156,454.64738500457315,238.0,216.64738500457315,0.2608096710951958,1.5763486081233866,0.2391038197135948,118.7955697717407,2.769230769230769,0.46153846153846156,0.38461538461538464,0.15384615384615385,0.0,0.07692307692307693,16.665183461890244
1,atr,1.0,2.0,3,2.0,off,none,1,1,0,0.0,-104.7955697717407,0.0,-104.7955697717407,0.0,0.0,-0.9999999999999996,104.7955697717407,1.0,0.0,1.0,0.0,0.0,0.0,-104.7955697717407
1,atr,1.0,2.0,3,2.0,off,exchange,1,1,0,0.0,-102.7955697717407,88.42411221511412,-191.21968198685482,0.8601938041830145,0.0,-1.8246924216678029,191.219681986855,1.0,0.0,1.0,0.0,0.0,0.0,-191.21968198685482
1,atr,1.0,2.0,3,2.0,off,cfd_std,1,1,0,0.0,-91.2955697717407,27.0,-118.2955697717407,0.2957427185952837,0.0,-1.1288222396176177,118.2955697717407,1.0,0.0,1.0,0.0,0.0,0.0,-118.2955697717407
1,atr,1.0,2.0,3,2.0,off,cfd_raw,1,1,0,0.0,-96.7955697717407,22.0,-118.7955697717407,0.22728312929899053,0.0,-1.1335934336775295,118.7955697717407,1.0,0.0,1.0,0.0,0.0,0.0,-118.7955697717407
1,atr,1.0,2.0,3,2.0,bar,none,1,1,0,0.0,-104.7955697717407,0.0,-104.7955697717407,0.0,0.0,-0.9999999999999996,104.7955697717407,1.0,0.0,1.0,0.0,0.0,0.0,-104.7955697717407
1,atr,1.0,2.0,3,2.0,bar,exchange,1,1,0,0.0,-102.7955697717407,88.42411221511412,-191.21968198685482,0.8601938041830145,0.0,-1.8246924216678029,191.219681986855,1.0,0.0,1.0,0.0,0.0,0.0,-191.21968198685482
1,atr,1.0,2.0,3,2.0,bar,cfd_std,1,1,0,0.0,-91.2955697717407,27.0,-118.2955697717407,0.2957427185952837,0.0,-1.1288222396176177,118.2955697717407,1.0,0.0,1.0,0.0,0.0,0.0,-118.2955697717407
1,atr,1.0,2.0,3,2.0,bar,cfd_raw,1,1,0,0.0,-96.7955697717407,22.0,-118.7955697717407,0.22728312929899053,0.0,-1.1335934336775295,118.7955697717407,1.0,0.0,1.0,0.0,0.0,0.0,-118.7955697717407
1,atr,1.0,2.0,3,2.0,tick,none,1,1,0,0.0,-104.7955697717407,0.0,-104.7955697717407,0.0,0.0,-0.9999999999999996,104.7955697717407,1.0,0.0,1.0,0.0,0.0,0.0,-104.7955697717407
1,atr,1.0,2.0,3,2.0,tick,exchange,1,1,0,0.0,-102.7955697717407,88.42411221511412,-191.21968198685482,0.8601938041830145,0.0,-1.8246924216678029,191.219681986855,1.0,0.0,1.0,0.0,0.0,0.0,-191.21968198685482
1,atr,1.0,2.0,3,2.0,tick,cfd_std,1,1,0,0.0,-91.2955697717407,27.0,-118.2955697717407,0.2957427185952837,0.0,-1.1288222396176177,118.2955697717407,1.0,0.0,1.0,0.0,0.0,0.0,-118.2955697717407
1,atr,1.0,2.0,3,2.0,tick,cfd_raw,1,1,0,0.0,-96.7955697717407,22.0,-118.7955697717407,0.22728312929899053,0.0,-1.1335934336775295,118.7955697717407,1.0,0.0,1.0,0.0,0.0,0.0,-118.7955697717407
1,atr,1.0,2.0,5,0.5,off,none,23,11,12,0.5652173913043478,732.3854115613067,0.0,732.3854115613067,0.0,2.6323403609514155,0.6956521739130773,120.06673692009645,3.4347826086956523,0.5652173913043478,0.43478260869565216,0.0,0.0,0.13043478260869565,31.84284398092638
1,atr,1.0,2.0,5,0.5,off,exchange,23,11,12,0.17391304347826086,772.3854115613067,2027.097236488576,-1254.7118249272694,1.2377485722166446,0.16347169529896563,-1.5881372362391077,1266.3916842603649,3.5217391304347827,0.5652173913043478,0.43478260869565216,0.0,0.0,0.13043478260869565,-54.55268804031606
1,atr,1.0,2.0,5,0.5,off,cfd_std,23,10,13,0.43478260869565216,660.6683630082989,486.0,174.6683630082989,0.32378372066251015,1.2264988107823416,0.04193172784470187,249.45733821789327,4.304347826086956,0.43478260869565216,0.5652173913043478,0.0,0.0,0.13043478260869565,7.594276652534735
1,atr,1.0,2.0,5,0.5,off,cfd_raw,23,11,12,0.5652173913043478,891.4571751623007,402.0,489.4571751623007,0.24178158464709845,1.8082182719948467,0.40503920975605245,148.06673692009645,4.0,0.5652173913043478,0.43478260869565216,0.0,0.0,0.13043478260869565,21.28074674618699
1,atr,1.0,2.0,5,0.5,bar,none,23,11,12,0.5652173913043478,757.7887356694991,0.0,757.7887356694991,0.0,2.7903255827232867,0.7258085897439449,120.06673692009645,3.4347826086956523,0.5652173913043478,0.391304347826087,0.043478260869565216,0.0,0.13043478260869565,32.947336333456484
1,atr,1.0,2.0,5,0.5,bar,exchange,23,11,12,0.17391304347826086,795.7887356694991,2027.1089381506301,-1231.320202481131,1.2556997983972742,0.1660614935577668,-1.5603689217287673,1243.0000618142221,3.5217391304347827,0.5652173913043478,0.391304347826087,0.043478260869565216,0.0,0.13043478260869565,-53.53566097744048
1,atr,1.0,2.0,5,0.5,bar,cfd_std,23,10,13,0.4782608695652174,656.1871516383108,499.5,156.68715163831075,0.3434167847650417,1.2166710493054969,0.020421583488657212,300.8465335187939,3.9130434782608696,0.391304347826087,0.5217391304347826,0.08695652173913043,0.0,0.13043478260869565,6.812484853839598
1,atr,1.0,2.0,5,0.5,bar,cfd_raw,23,11,12,0.5652173913043478,859.6668060931552,410.0,449.6668060931552,0.2568824723965385,1.7644834545030388,0.354601258844742,148.06673692009645,3.6956521739130435,0.5217391304347826,0.391304347826087,0.08695652173913043,0.0,0.13043478260869565,19.5507306997024
1,atr,1.0,2.0,5,0.5,tick,none,24,12,12,0.6666666666666666,773.9399118124275,0.0,773.9399118124275,0.0,3.2110063847210517,0.7437459909699351,104.7955697717407,3.2083333333333335,0.5,0.3333333333333333,0.16666666666666666,0.0,0.125,32.24749632551781
1,atr,1.0,2.0,5,0.5,tick,exchange,24,12,12,0.16666666666666666,807.9399118124275,2117.6558767043616,-1309.7159648919346,1.4269733477595359,0.07806891358189484,-1.4938536670410538,1321.3958242250228,3.2916666666666665,0.5,0.3333333333333333,0.16666666666666666,0.0,0.125,-54.57149853716394
1,atr,1.0,2.0,5,0.5,tick,cfd_std,24,11,13,0.5416666666666666,730.4642033964483,540.0,190.46420339644828,0.40637919222048374,1.3303983565582185,0.1252554085733408,268.7081855232973,3.5833333333333335,0.3333333333333333,0.375,0.2916666666666667,0.0,0.125,7.936008474852012
1,atr,1.0,2.0,5,0.5,tick,cfd_raw,24,12,12,0.5833333333333334,862.2074005562608,440.0,422.20740055626084,0.2996982890153475,1.838937761327331,0.3685629574396856,118.7955697717407,3.4583333333333335,0.4583333333333333,0.3333333333333333,0.20833333333333334,0.0,0.125,17.591975023177536
1,atr,1.0,2.0,5,1.0,off,none,9,3,6,0.6666666666666666,413.41283309436403,0.0,413.41283309436403,0.0,3.568270326206932,1.0000000000000573,104.7955697717407,2.2222222222222223,0.6666666666666666,0.3333333333333333,0.0,0.0,0.2222222222222222,45.934759232707115
1,atr,1.0,2.0,5,1.0,off,exchange,9,3,6,0.3333333333333333,427.41283309436403,789.3172350594173,-361.90440196505324,1.0589865008284938,0.2306654742076274,-1.116177610168008,408.5882146942604,2.2222222222222223,0.6666666666666666,0.3333333333333333,0.0,0.0,0.2222222222222222,-40.21160021833925
1,atr,1.0,2.0,5,1.0,off,cfd_std,9,3,6,0.4444444444444444,278.85933658728027,189.0,89.85933658728027,0.2810407294430566,1.270807046069587,0.02190754640459485,158.17245333027677,2.0,0.4444444444444444,0.5555555555555556,0.0,0.0,0.2222222222222222,9.98437073192003
1,atr,1.0,2.0,5,1.0,off,cfd_raw,9,3,6,0.6666666666666666,469.41283309436403,150.0,319.41283309436403,0.1934606296242393,2.458710167229843,0.7158973037791682,118.7955697717407,2.3333333333333335,0.6666666666666666,0.3333333333333333,0.0,0.0,0.2222222222222222,35.49031478826267
1,atr,1.0,2.0,5,1.0,bar,none,9,3,6,0.6666666666666666,413.41283309436403,0.0,413.41283309436403,0.0,3.568270326206932,1.0000000000000573,104.7955697717407,2.2222222222222223,0.6666666666666666,0.3333333333333333,0.0,0.0,0.2222222222222222,45.934759232707115
1,atr,1.0,2.0,5,1.0,bar,exchange,9,3,6,0.3333333333333333,427.41283309436403,789.3172350594173,-361.90440196505324,1.0589865008284938,0.2306654742076274,-1.116177610168008,408.5882146942604,2.2222222222222223,0.6666666666666666,0.3333333333333333,0.0,0.0,0.2222222222222222,-40.21160021833925
1,atr,1.0,2.0,5,1.0,bar,cfd_std,9,3,6,0.4444444444444444,278.85933658728027,189.0,89.85933658728027,0.2810407294430566,1.270807046069587,0.02190754640459485,158.17245333027677,2.0,0.4444444444444444,0.5555555555555556,0.0,0.0,0.2222222222222222,9.98437073192003
1,atr,1.0,2.0,5,1.0,bar,cfd_raw,9,3,6,0.6666666666666666,469.41283309436403,150.0,319.41283309436403,0.1934606296242393,2.458710167229843,0.7158973037791682,118.7955697717407,2.3333333333333335,0.6666666666666666,0.3333333333333333,0.0,0.0,0.2222222222222222,35.49031478826267
1,atr,1.0,2.0,5,1.0,tick,none,9,3,6,0.6666666666666666,413.41283309436403,0.0,413.41283309436403,0.0,3.568270326206932,1.0000000000000573,104.7955697717407,2.2222222222222223,0.6666666666666666,0.3333333333333333,0.0,0.0,0.2222222222222222,45.934759232707115
1,atr,1.0,2.0,5,1.0,tick,exchange,9,3,6,0.3333333333333333,427.41283309436403,789.3172350594173,-361.90440196505324,1.0589865008284938,0.2306654742076274,-1.116177610168008,408.5882146942604,2.2222222222222223,0.6666666666666666,0.3333333333333333,0.0,0.0,0.2222222222222222,-40.21160021833925
1,atr,1.0,2.0,5,1.0,tick,cfd_std,9,3,6,0.5555555555555556,334.58263885199267,189.0,145.58263885199267,0.2814515875820059,1.526580387918035,0.16984321422252788,158.17245333027677,1.7777777777777777,0.4444444444444444,0.4444444444444444,0.1111111111111111,0.0,0.2222222222222222,16.175848761332517
1,atr,1.0,2.0,5,1.0,tick,cfd_raw,9,3,6,0.6666666666666666,469.41283309436403,150.0,319.41283309436403,0.1934606296242393,2.458710167229843,0.7158973037791682,118.7955697717407,2.3333333333333335,0.6666666666666666,0.3333333333333333,0.0,0.0,0.2222222222222222,35.49031478826267
1,atr,1.0,2.0,5,2.0,off,none,2,1,1,0.5,-45.336463913467014,0.0,-45.336463913467014,0.0,0.5673818653573226,0.5000000000001159,104.7955697717407,1.5,0.5,0.5,0.0,0.0,0.0,-22.668231956733507
1,atr,1.0,2.0,5,2.0,off,exchange,2,1,1,0.0,-41.336463913467014,175.873282662185,-217.20974657565202,1.0707353199390297,0.0,-1.3493937246838748,217.2097465756524,1.5,0.5,0.5,0.0,0.0,0.0,-108.60487328782601
1,atr,1.0,2.0,5,2.0,off,cfd_std,2,1,1,0.5,-18.336463913467014,40.5,-58.836463913467014,0.24656832351747923,0.5026317213147039,0.4355888801913068,118.2955697717407,2.0,0.5,0.5,0.0,0.0,0.0,-29.418231956733507
1,atr,1.0,2.0,5,2.0,off,cfd_raw,2,1,1,0.5,-29.336463913467014,36.0,-65.33646391346701,0.2191718431266482,0.45000925506727635,0.33229359214947707,118.7955697717407,1.5,0.5,0.5,0.0,0.0,0.0,-32.66823195673351
1,atr,1.0,2.0,5,2.0,bar,none,2,1,1,0.5,-45.336463913467014,0.0,-45.336463913467014,0.0,0.5673818653573226,0.5000000000001159,104.7955697717407,1.5,0.5,0.5,0.0,0.0,0.0,-22.668231956733507
1,atr,1.0,2.0,5,2.0,bar,exchange,2,1,1,0.0,-41.336463913467014,175.873282662185,-217.20974657565202,1.0707353199390297,0.0,-1.3493937246838748,217.2097465756524,1.5,0.5,0.5,0.0,0.0,0.0,-108.60487328782601
1,atr,1.0,2.0,5,2.0,bar,cfd_std,2,1,1,0.5,-18.336463913467014,40.5,-58.836463913467014,0.24656832351747923,0.5026317213147039,0.4355888801913068,118.2955697717407,2.0,0.5,0.5,0.0,0.0,0.0,-29.418231956733507
1,atr,1.0,2.0,5,2.0,bar,cfd_raw,2,1,1,0.5,-29.336463913467014,36.0,-65.33646391346701,0.2191718431266482,0.45000925506727635,0.33229359214947707,118.7955697717407,1.5,0.5,0.5,0.0,0.0,0.0,-32.66823195673351
1,atr,1.0,2.0,5,2.0,tick,none,2,1,1,0.5,-45.336463913467014,0.0,-45.336463913467014,0.0,0.5673818653573226,0.5000000000001159,104.7955697717407,1.5,0.5,0.5,0.0,0.0,0.0,-22.668231956733507
1,atr,1.0,2.0,5,2.0,tick,exchange,2,1,1,0.0,-41.336463913467014,175.873282662185,-217.20974657565202,1.0707353199390297,0.0,-1.3493937246838748,217.2097465756524,1.5,0.5,0.5,0.0,0.0,0.0,-108.60487328782601
1,atr,1.0,2.0,5,2.0,tick,cfd_std,2,1,1,0.5,-18.336463913467014,40.5,-58.836463913467014,0.24656832351747923,0.5026317213147039,0.4355888801913068,118.2955697717407,2.0,0.5,0.5,0.0,0.0,0.0,-29.418231956733507
1,atr,1.0,2.0,5,2.0,tick,cfd_raw,2,1,1,0.5,-29.336463913467014,36.0,-65.33646391346701,0.2191718431266482,0.45000925506727635,0.33229359214947707,118.7955697717407,1.5,0.5,0.5,0.0,0.0,0.0,-32.66823195673351
1,atr,1.0,2.0,8,0.5,off,none,15,6,9,0.6666666666666666,723.2709562534728,0.0,723.2709562534728,0.0,3.7621045335904224,0.9999999999999893,104.7955697717407,3.3333333333333335,0.6666666666666666,0.3333333333333333,0.0,0.0,0.26666666666666666,48.21806375023152
1,atr,1.0,2.0,8,0.5,off,exchange,15,6,9,0.2,566.6008612068254,1320.088365509343,-753.4875043025174,1.106134970701954,0.22154429962354133,-1.3159228537795016,769.915007298041,3.2666666666666666,0.6,0.4,0.0,0.0,0.26666666666666666,-50.232500286834494
1,atr,1.0,2.0,8,0.5,off,cfd_std,16,6,10,0.5625,721.4403187435528,310.5,410.9403187435528,0.23890002407802452,1.85946815303296,0.4336357173723847,141.79706272670592,3.875,0.5625,0.4375,0.0,0.0,0.25,25.68376992147205
1,atr,1.0,2.0,8,0.5,off,cfd_raw,16,6,10,0.5625,655.4403187435528,280.0,375.4403187435528,0.21727206459888107,1.797734334612854,0.3938596823096943,142.79706272670592,3.9375,0.5625,0.4375,0.0,0.0,0.25,23.46501992147205
1,atr,1.0,2.0,8,0.5,bar,none,15,6,9,0.6666666666666666,723.2709562534728,0.0,723.2709562534728,0.0,3.7621045335904224,0.9999999999999893,104.7955697717407,3.3333333333333335,0.6666666666666666,0.3333333333333333,0.0,0.0,0.26666666666666666,48.21806375023152
1,atr,1.0,2.0,8,0.5,bar,exchange,15,6,9,0.2,566.6008612068254,1320.088365509343,-753.4875043025174,1.106134970701954,0.22154429962354133,-1.3159228537795016,769.915007298041,3.2666666666666666,0.6,0.4,0.0,0.0,0.26666666666666666,-50.232500286834494
1,atr,1.0,2.0,8,0.5,bar,cfd_std,16,6,10,0.5625,697.9051870664698,324.0,373.9051870664698,0.2628315675148093,1.8365242589579964,0.3670668006349479,141.79706272670592,3.4375,0.5,0.375,0.125,0.0,0.25,23.369074191654363
1,atr,1.0,2.0,8,0.5,bar,cfd_raw,16,6,10,0.5625,642.9051870664698,288.0,354.9051870664698,0.23573156203659193,1.8178015443194246,0.35670694829167765,142.79706272670592,3.5,0.5,0.375,0.125,0.0,0.25,22.181574191654363
1,atr,1.0,2.0,8,0.5,tick,none,15,6,9,0.6666666666666666,592.9184423379484,0.0,592.9184423379484,0.0,3.2643004028729172,0.921454435170378,104.7955697717407,3.0,0.6,0.3333333333333333,0.06666666666666667,0.0,0.26666666666666666,39.527896155863225
1,atr,1.0,2.0,8,0.5,tick,exchange,15,6,9,0.2,434.2483472913009,1322.0211892523853,-887.7728419610842,1.245930004576466,0.08280917000244148,-1.3968381915654884,904.2003449566109,2.933333333333333,0.5333333333333333,0.4,0.06666666666666667,0.0,0.26666666666666666,-59.18485613073894
1,atr,1.0,2.0,8,0.5,tick,cfd_std,16,6,10,0.5625,566.3020914711233,337.5,228.80209147112328,0.3065045603698959,1.5234371821760992,0.2999441466430235,196.16804150753887,3.125,0.4375,0.375,0.1875,0.0,0.25,14.300130716945205
1,atr,1.0,2.0,8,0.5,tick,cfd_raw,16,6,10,0.5625,516.8020914711233,296.0,220.80209147112328,0.27016529717182775,1.5206188016604987,0.2957982223090765,192.66804150753887,3.1875,0.4375,0.375,0.1875,0.0,0.25,13.800130716945205
1,atr,1.0,2.0,8,1.0,off,none,5,3,2,0.6,237.60270099632908,0.0,237.60270099632908,0.0,2.841933689429885,0.8000000000000297,104.7955697717407,2.2,0.6,0.4,0.0,0.0,0.2,47.52054019926582
1,atr,1.0,2.0,8,1.0,off,exchange,5,3,2,0.4,66.9326059496816,440.1941134549487,-373.2615075052671,1.0095299677957261,0.1723986641927355,-1.5646250042382646,389.6890105007915,1.8,0.4,0.6,0.0,0.0,0.2,-74.65230150105342
1,atr,1.0,2.0,8,1.0,off,cfd_std,5,3,2,0.4,112.9326059496816,108.0,4.9326059496816015,0.24768444917675375,1.0203361954213848,-0.09423281029839833,191.3522681206232,1.6,0.4,0.6,0.0,0.0,0.2,0.9865211899363203
1,atr,1.0,2.0,8,1.0,off,cfd_raw,5,3,2,0.4,90.9326059496816,94.0,-3.0673940503183985,0.21557720576495235,0.987141668386525,-0.09573040261723742,192.3522681206232,1.6,0.4,0.6,0.0,0.0,0.2,-0.6134788100636797
1,atr,1.0,2.0,8,1.0,bar,none,5,3,2,0.6,237.60270099632908,0.0,237.60270099632908,0.0,2.841933689429885,0.8000000000000297,104.7955697717407,2.2,0.6,0.4,0.0,0.0,0.2,47.52054019926582
1,atr,1.0,2.0,8,1.0,bar,exchange,5,3,2,0.4,66.9326059496816,440.1941134549487,-373.2615075052671,1.0095299677957261,0.1723986641927355,-1.5646250042382646,389.6890105007915,1.8,0.4,0.6,0.0,0.0,0.2,-74.65230150105342
1,atr,1.0,2.0,8,1.0,bar,cfd_std,5,3,2,0.4,112.9326059496816,108.0,4.9326059496816015,0.24768444917675375,1.0203361954213848,-0.09423281029839833,191.3522681206232,1.6,0.4,0.6,0.0,0.0,0.2,0.9865211899363203
1,atr,1.0,2.0,8,1.0,bar,cfd_raw,5,3,2,0.4,90.9326059496816,94.0,-3.0673940503183985,0.21557720576495235,0.987141668386525,-0.09573040261723742,192.3522681206232,1.6,0.4,0.6,0.0,0.0,0.2,-0.6134788100636797
1,atr,1.0,2.0,8,1.0,tick,none,5,3,2,0.6,237.60270099632908,0.0,237.60270099632908,0.0,2.841933689429885,0.8000000000000297,104.7955697717407,2.2,0.6,0.4,0.0,0.0,0.2,47.52054019926582
1,atr,1.0,2.0,8,1.0,tick,exchange,5,3,2,0.4,66.9326059496816,440.1941134549487,-373.2615075052671,1.0095299677957261,0.1723986641927355,-1.5646250042382646,389.6890105007915,1.8,0.4,0.6,0.0,0.0,0.2,-74.65230150105342
1,atr,1.0,2.0,8,1.0,tick,cfd_std,5,3,2,0.4,112.9326059496816,108.0,4.9326059496816015,0.24768444917675375,1.0203361954213848,-0.09423281029839833,191.3522681206232,1.6,0.4,0.6,0.0,0.0,0.2,0.9865211899363203
1,atr,1.0,2.0,8,1.0,tick,cfd_raw,5,3,2,0.4,90.9326059496816,94.0,-3.0673940503183985,0.21557720576495235,0.987141668386525,-0.09573040261723742,192.3522681206232,1.6,0.4,0.6,0.0,0.0,0.2,-0.6134788100636797
1,atr,1.0,2.0,8,2.0,off,none,1,1,0,0.0,-104.7955697717407,0.0,-104.7955697717407,0.0,0.0,-0.9999999999999996,104.7955697717407,1.0,0.0,1.0,0.0,0.0,0.0,-104.7955697717407
1,atr,1.0,2.0,8,2.0,off,exchange,1,1,0,0.0,-102.7955697717407,88.42915221511413,-191.22472198685483,0.8602428335333182,0.0,-1.824740515303927,191.22472198685864,1.0,0.0,1.0,0.0,0.0,0.0,-191.22472198685483
1,atr,1.0,2.0,8,2.0,off,cfd_std,1,1,0,0.0,-91.2955697717407,27.0,-118.2955697717407,0.2957427185952837,0.0,-1.1288222396176177,118.2955697717407,1.0,0.0,1.0,0.0,0.0,0.0,-118.2955697717407
1,atr,1.0,2.0,8,2.0,off,cfd_raw,1,1,0,0.0,-96.7955697717407,22.0,-118.7955697717407,0.22728312929899053,0.0,-1.1335934336775295,118.7955697717407,1.0,0.0,1.0,0.0,0.0,0.0,-118.7955697717407
1,atr,1.0,2.0,8,2.0,bar,none,1,1,0,0.0,-104.7955697717407,0.0,-104.7955697717407,0.0,0.0,-0.9999999999999996,104.7955697717407,1.0,0.0,1.0,0.0,0.0,0.0,-104.7955697717407
1,atr,1.0,2.0,8,2.0,bar,exchange,1,1,0,0.0,-102.7955697717407,88.42915221511413,-191.22472198685483,0.8602428335333182,0.0,-1.824740515303927,191.22472198685864,1.0,0.0,1.0,0.0,0.0,0.0,-191.22472198685483
1,atr,1.0,2.0,8,2.0,bar,cfd_std,1,1,0,0.0,-91.2955697717407,27.0,-118.2955697717407,0.2957427185952837,0.0,-1.1288222396176177,118.2955697717407,1.0,0.0,1.0,0.0,0.0,0.0,-118.2955697717407
1,atr,1.0,2.0,8,2.0,bar,cfd_raw,1,1,0,0.0,-96.7955697717407,22.0,-118.7955697717407,0.22728312929899053,0.0,-1.1335934336775295,118.7955697717407,1.0,0.0,1.0,0.0,0.0,0.0,-118.7955697717407
1,atr,1.0,2.0,8,2.0,tick,none,1,1,0,0.0,-104.7955697717407,0.0,-104.7955697717407,0.0,0.0,-0.9999999999999996,104.7955697717407,1.0,0.0,1.0,0.0,0.0,0.0,-104.7955697717407
1,atr,1.0,2.0,8,2.0,tick,exchange,1,1,0,0.0,-102.7955697717407,88.42915221511413,-191.22472198685483,0.8602428335333182,0.0,-1.824740515303927,191.22472198685864,1.0,0.0,1.0,0.0,0.0,0.0,-191.22472198685483
1,atr,1.0,2.0,8,2.0,tick,cfd_std,1,1,0,0.0,-91.2955697717407,27.0,-118.2955697717407,0.2957427185952837,0.0,-1.1288222396176177,118.2955697717407,1.0,0.0,1.0,0.0,0.0,0.0,-118.2955697717407
1,atr,1.0,2.0,8,2.0,tick,cfd_raw,1,1,0,0.0,-96.7955697717407,22.0,-118.7955697717407,0.22728312929899053,0.0,-1.1335934336775295,118.7955697717407,1.0,0.0,1.0,0.0,0.0,0.0,-118.7955697717407
1,atr,1.0,2.5,3,0.5,off,none,28,15,13,0.42857142857142855,537.1851957963809,0.0,537.1851957963809,0.0,1.6939083082357043,0.5000000000000503,205.52227340085665,6.571428571428571,0.42857142857142855,0.5714285714285714,0.0,0.0,0.07142857142857142,19.18518556415646
1,atr,1.0,2.5,3,0.5,off,exchange,28,15,13,0.2857142857142857,589.1851957963809,2475.086558417965,-1885.9013626215835,1.1913923755889722,0.1558443258523568,-1.6859544695200925,1885.9013626215892,6.5,0.42857142857142855,0.5714285714285714,0.0,0.0,0.07142857142857142,-67.35362009362798
1,atr,1.0,2.5,3,0.5,off,cfd_std,31,17,14,0.3225806451612903,611.0496796555235,702.0,-90.9503203444765,0.35969319139849587,0.9264933162171504,-0.14317559568010188,446.1556327964063,5.67741935483871,0.3225806451612903,0.6774193548387096,0.0,0.0,0.06451612903225806,-2.9338813014347256
1,atr,1.0,2.5,3,0.5,off,cfd_raw,29,16,13,0.3793103448275862,629.9955330157973,550.0,79.99553301579726,0.2719795642686611,1.0732487643261694,0.025832355233651513,234.4079049997672,6.275862068965517,0.3793103448275862,0.6206896551724138,0.0,0.0,0.06896551724137931,2.758466655717147
1,atr,1.0,2.5,3,0.5,bar,none,30,17,13,0.5,630.6263347140775,0.0,630.6263347140775,0.0,2.0221739378589993,0.46709409493700915,192.4079049997672,4.966666666666667,0.3333333333333333,0.43333333333333335,0.23333333333333334,0.0,0.06666666666666667,21.020877823802586
1,atr,1.0,2.5,3,0.5,bar,exchange,30,17,13,0.2,672.6263347140775,2658.1807405065247,-1985.554405792447,1.430268454351316,0.14494880081503517,-1.736716405033182,1985.5544057924417,4.9,0.3333333333333333,0.43333333333333335,0.23333333333333334,0.0,0.06666666666666667,-66.18514685974823
1,atr,1.0,2.5,3,0.5,bar,cfd_std,32,18,14,0.34375,671.3513062261336,756.0,-84.6486937738664,0.4349697171915233,0.9216307867460497,-0.19785037451596105,465.96822944314044,4.40625,0.25,0.53125,0.21875,0.0,0.0625,-2.645271680433325
1,atr,1.0,2.5,3,0.5,bar,cfd_raw,31,18,13,0.3870967741935484,714.1053892049385,610.0,104.10538920493855,0.33761509377238075,1.110267179614121,-0.01858059399533491,249.7141464643355,4.709677419354839,0.2903225806451613,0.45161290322580644,0.25806451612903225,0.0,0.06451612903225806,3.3582383614496307
1,atr,1.0,2.5,3,0.5,tick,none,31,18,13,0.6129032258064516,653.8670295528718,0.0,653.8670295528718,0.0,2.277854962952116,0.5065381339939622,132.80393623335112,4.225806451612903,0.2903225806451613,0.3548387096774194,0.3548387096774194,0.0,0.06451612903225806,21.09248482428619
1,atr,1.0,2.5,3,0.5,tick,exchange,31,18,13,0.16129032258064516,689.8670295528718,2748.8417501865856,-2058.9747206337133,1.6428166560975992,0.11051611992051566,-1.6646921837961657,2058.9747206337197,4.161290322580645,0.2903225806451613,0.3548387096774194,0.3548387096774194,0.0,0.06451612903225806,-66.41853937528107
1,atr,1.0,2.5,3,0.5,tick,cfd_std,33,19,14,0.36363636363636365,683.8453251731116,796.5,-112.65467482688837,0.5072507843448942,0.883193131154884,-0.1485486845309804,387.2400505255355,3.757575757575758,0.21212121212121213,0.42424242424242425,0.36363636363636365,0.0,0.06060606060606061,-3.413778025057223
1,atr,1.0,2.5,3,0.5,tick,cfd_raw,32,19,13,0.40625,731.1960840437241,640.0,91.19608404372411,0.3889698447061285,1.109961128713293,0.03044408915123109,223.87801349069923,4.03125,0.25,0.375,0.375,0.0,0.0625,2.8498776263663785
1,atr,1.0,2.5,3,1.0,off,none,13,8,5,0.46153846153846156,436.52355096428073,0.0,436.52355096428073,0.0,2.2841370906169383,0.6153846153846405,104.7955697717407,4.461538461538462,0.46153846153846156,0.5384615384615384,0.0,0.0,0.07692307692307693,33.57873468956006
1,atr,1.0,2.5,3,1.0,off,exchange,13,8,5,0.46153846153846156,460.52355096428073,1146.9178076126063,-686.3942566483261,1.0273412562238289,0.27912117439370016,-1.4328345217340706,686.3942566483311,4.3076923076923075,0.46153846153846156,0.5384615384615384,0.0,0.0,0.07692307692307693,-52.79955820371739
1,atr,1.0,2.5,3,1.0,off,cfd_std,13,8,5,0.38461538461538464,477.77823334769346,283.5,194.27823334769346,0.273214513211924,1.3917421287852552,0.08333761574046009,236.44473955131252,3.6153846153846154,0.38461538461538464,0.6153846153846154,0.0,0.0,0.07692307692307693,14.944479488284113
1,atr,1.0,2.5,3,1.0,off,cfd_raw,13,8,5,0.46153846153846156,532.5235509642807,238.0,294.52355096428073,0.21318634810477918,1.6604624902107548,0.3359036779438044,118.7955697717407,4.153846153846154,0.46153846153846156,0.5384615384615384,0.0,0.0,0.07692307692307693,22.655657766483134
1,atr,1.0,2.5,3,1.0,bar,none,13,8,5,0.5384615384615384,384.3695774504595,0.0,384.3695774504595,0.0,2.2693833536447996,0.5123419325334851,104.7955697717407,3.6153846153846154,0.38461538461538464,0.46153846153846156,0.15384615384615385,0.0,0.07692307692307693,29.566890573112268
1,atr,1.0,2.5,3,1.0,bar,exchange,13,8,5,0.38461538461538464,404.3695774504595,1148.8887306258496,-744.5191531753903,1.1605287798385375,0.25573504968171845,-1.5480247997952223,744.5191531753953,3.4615384615384617,0.38461538461538464,0.46153846153846156,0.15384615384615385,0.0,0.07692307692307693,-57.27070409041464
1,atr,1.0,2.5,3,1.0,bar,cfd_std,13,8,5,0.3076923076923077,398.6242598338722,297.0,101.6242598338722,0.3259359217759079,1.2060601707851035,-0.10209029644746373,233.6883556703251,2.769230769230769,0.3076923076923077,0.5384615384615384,0.15384615384615385,0.0,0.07692307692307693,7.817250756451708
1,atr,1.0,2.5,3,1.0,bar,cfd_raw,13,8,5,0.38461538461538464,464.3695774504595,246.0,218.36957745045947,0.24849236678016798,1.504691955054651,0.18404011844863824,118.7955697717407,3.3076923076923075,0.38461538461538464,0.46153846153846156,0.15384615384615385,0.0,0.07692307692307693,16.797659803881498
1,atr,1.0,2.5,3,1.0,tick,none,13,8,5,0.6153846153846154,454.5228797151649,0.0,454.5228797151649,0.0,2.7418157930091223,0.6414698564099948,104.7955697717407,3.3846153846153846,0.38461538461538464,0.38461538461538464,0.23076923076923078,0.0,0.07692307692307693,34.96329843962807
1,atr,1.0,2.5,3,1.0,tick,exchange,13,8,5,0.38461538461538464,472.5228797151649,1148.855583974717,-676.3327042595525,1.1741966948455187,0.2744418774423132,-1.4225119612523345,676.3327042595483,3.230769230769231,0.38461538461538464,0.38461538461538464,0.23076923076923078,0.0,0.07692307692307693,-52.02559263535019
1,atr,1.0,2.5,3,1.0,tick,cfd_std,13,8,5,0.38461538461538464,455.2775620985776,297.0,158.27756209857762,0.32595441701916855,1.362278186332391,0.0022252158423857332,232.7583556703321,2.6153846153846154,0.3076923076923077,0.46153846153846156,0.23076923076923078,0.0,0.07692307692307693,12.175197084505971
1,atr,1.0,2.5,3,1.0,tick,cfd_raw,13,8,5,0.46153846153846156,526.5228797151649,246.0,280.5228797151649,0.249893758955994,1.7462770495346005,0.29846439101453437,118.7955697717407,3.1538461538461537,0.38461538461538464,0.38461538461538464,0.23076923076923078,0.0,0.07692307692307693,21.578683055012682
1,atr,1.0,2.5,3,2.0,off,none,1,1,0,0.0,-104.7955697717407,0.0,-104.7955697717407,0.0,0.0,-0.9999999999999996,104.7955697717407,1.0,0.0,1.0,0.0,0.0,0.0,-104.7955697717407
1,atr,1.0,2.5,3,2.0,off,exchange,1,1,0,0.0,-102.7955697717407,88.42411221511412,-191.21968198685482,0.8601938041830145,0.0,-1.8246924216678029,191.219681986855,1.0,0.0,1.0,0.0,0.0,0.0,-191.21968198685482
1,atr,1.0,2.5,3,2.0,off,cfd_std,1,1,0,0.0,-91.2955697717407,27.0,-118.2955697717407,0.2957427185952837,0.0,-1.1288222396176177,118.2955697717407,1.0,0.0,1.0,0.0,0.0,0.0,-118.2955697717407
1,atr,1.0,2.5,3,2.0,off,cfd_raw,1,1,0,0.0,-96.7955697717407,22.0,-118.7955697717407,0.22728312929899053,0.0,-1.1335934336775295,118.7955697717407,1.0,0.0,1.0,0.0,0.0,0.0,-118.7955697717407
1,atr,1.0,2.5,3,2.0,bar,none,1,1,0,0.0,-104.7955697717407,0.0,-104.7955697717407,0.0,0.0,-0.9999999999999996,104.7955697717407,1.0,0.0,1.0,0.0,0.0,0.0,-104.7955697717407
1,atr,1.0,2.5,3,2.0,bar,exchange,1,1,0,0.0,-102.7955697717407,88.42411221511412,-191.21968198685482,0.8601938041830145,0.0,-1.8246924216678029,191.219681986855,1.0,0.0,1.0,0.0,0.0,0.0,-191.21968198685482
1,atr,1.0,2.5,3,2.0,bar,cfd_std,1,1,0,0.0,-91.2955697717407,27.0,-118.2955697717407,0.2957427185952837,0.0,-1.1288222396176177,118.2955697717407,1.0,0.0,1.0,0.0,0.0,0.0,-118.2955697717407
1,atr,1.0,2.5,3,2.0,bar,cfd_raw,1,1,0,0.0,-96.7955697717407,22.0,-118.7955697717407,0.22728312929899053,0.0,-1.1335934336775295,118.7955697717407,1.0,0.0,1.0,0.0,0.0,0.0,-118.7955697717407
1,atr,1.0,2.5,3,2.0,tick,none,1,1,0,0.0,-104.7955697717407,0.0,-104.7955697717407,0.0,0.0,-0.9999999999999996,104.7955697717407,1.0,0.0,1.0,0.0,0.0,0.0,-104.7955697717407
1,atr,1.0,2.5,3,2.0,tick,exchange,1,1,0,0.0,-102.7955697717407,88.42411221511412,-191.21968198685482,0.8601938041830145,0.0,-1.8246924216678029,191.219681986855,1.0,0.0,1.0,0.0,0.0,0.0,-191.21968198685482
1,atr,1.0,2.5,3,2.0,tick,cfd_std,1,1,0,0.0,-91.2955697717407,27.0,-118.2955697717407,0.2957427185952837,0.0,-1.1288222396176177,118.2955697717407,1.0,0.0,1.0,0.0,0.0,0.0,-118.2955697717407
1,atr,1.0,2.5,3,2.0,tick,cfd_raw,1,1,0,0.0,-96.7955697717407,22.0,-118.7955697717407,0.22728312929899053,0.0,-1.1335934336775295,118.7955697717407,1.0,0.0,1.0,0.0,0.0,0.0,-118.7955697717407
1,atr,1.0,2.5,5,0.5,off,none,22,10,12,0.5,784.8529125133937,0.0,784.8529125133937,0.0,2.5679412761461236,0.7500000000000195,120.06673692009645,5.045454545454546,0.5,0.5,0.0,0.0,0.13636363636363635,35.67513238697244
1,atr,1.0,2.5,5,0.5,off,exchange,22,10,12,0.3181818181818182,822.8529125133937,1941.4377256263347,-1118.5848131129412,1.085828458046434,0.26558400685584904,-1.479559460299451,1118.584813112946,5.136363636363637,0.5,0.5,0.0,0.0,0.13636363636363635,-50.84476423240642
1,atr,1.0,2.5,5,0.5,off,cfd_std,22,10,12,0.36363636363636365,723.9883248349943,486.0,237.98832483499427,0.3067699556935714,1.2944924990751099,-0.026812110508183832,370.08758766416577,5.045454545454546,0.36363636363636365,0.6363636363636364,0.0,0.0,0.13636363636363635,10.817651128863377
1,atr,1.0,2.5,5,0.5,off,cfd_raw,21,10,11,0.42857142857142855,765.8390837056068,390.0,375.83908370560675,0.23580747848660866,1.5308264887878897,0.18380561835368758,193.2368287935533,5.571428571428571,0.42857142857142855,0.5714285714285714,0.0,0.0,0.14285714285714285,17.897099224076513
1,atr,1.0,2.5,5,0.5,bar,none,22,10,12,0.5454545454545454,815.2871993281005,0.0,815.2871993281005,0.0,2.850194675594167,0.7891827852663535,120.06673692009645,4.590909090909091,0.45454545454545453,0.4090909090909091,0.13636363636363635,0.0,0.13636363636363635,37.05850906036821
1,atr,1.0,2.5,5,0.5,bar,exchange,22,10,12,0.2727272727272727,847.2871993281005,1943.511624288843,-1096.2244249607425,1.1428481672648032,0.2687478674299803,-1.4507874063971453,1096.2244249607465,4.681818181818182,0.45454545454545453,0.4090909090909091,0.13636363636363635,0.0,0.13636363636363635,-49.82838295276102
1,atr,1.0,2.5,5,0.5,bar,cfd_std,23,10,13,0.391304347826087,746.6062262037012,526.5,220.10622620370123,0.34079436541173275,1.296426008522585,-0.03228590556950025,359.5035794837895,4.217391304347826,0.30434782608695654,0.5217391304347826,0.17391304347826086,0.0,0.13043478260869565,9.569835921900053
1,atr,1.0,2.5,5,0.5,bar,cfd_raw,22,10,12,0.45454545454545453,822.3603091825062,420.0,402.36030918250617,0.2638755938769472,1.6552821797991741,0.22893682276961586,148.06673692009645,4.636363636363637,0.36363636363636365,0.4090909090909091,0.22727272727272727,0.0,0.13636363636363635,18.28910496284119
1,atr,1.0,2.5,5,0.5,tick,none,23,11,12,0.6956521739130435,862.8416507514485,0.0,862.8416507514485,0.0,3.6502664233903714,0.8773246178738328,104.7955697717407,4.130434782608695,0.391304347826087,0.30434782608695654,0.30434782608695654,0.0,0.13043478260869565,37.51485438049776
1,atr,1.0,2.5,5,0.5,tick,exchange,23,11,12,0.21739130434782608,830.6193774474959,2035.9735406229786,-1205.3541631754824,1.3928280168729645,0.14350970120790157,-1.383525733444232,1205.3541631754779,4.173913043478261,0.34782608695652173,0.30434782608695654,0.34782608695652173,0.0,0.13043478260869565,-52.406702746760104
1,atr,1.0,2.5,5,0.5,tick,cfd_std,24,11,13,0.5416666666666666,721.6417284312774,580.5,141.14172843127744,0.43977748559182395,1.2448386325823892,0.004093734888859409,286.45540056617756,3.75,0.20833333333333334,0.375,0.4166666666666667,0.0,0.125,5.880905351303227
1,atr,1.0,2.5,5,0.5,tick,cfd_raw,23,11,12,0.6086956521739131,807.4924873018899,458.0,349.4924873018899,0.3322142814149584,1.7534369629915865,0.2702245237834775,118.7955697717407,4.130434782608695,0.2608695652173913,0.30434782608695654,0.43478260869565216,0.0,0.13043478260869565,15.195325534864779
1,atr,1.0,2.5,5,1.0,off,none,9,3,6,0.5555555555555556,410.52461995773774,0.0,410.52461995773774,0.0,3.0240649176144503,0.9444444444444685,104.7955697717407,3.0,0.5555555555555556,0.4444444444444444,0.0,0.0,0.2222222222222222,45.61384666197086
1,atr,1.0,2.5,5,1.0,off,exchange,9,3,6,0.4444444444444444,424.52461995773774,791.3437561195067,-366.81913616176894,0.9625081743903151,0.3523494317115164,-1.177128805745027,366.8191361617646,3.0,0.5555555555555556,0.4444444444444444,0.0,0.0,0.2222222222222222,-40.757681795752106
1,atr,1.0,2.5,5,1.0,off,cfd_std,9,3,6,0.3333333333333333,280.2258670891897,202.5,77.7258670891897,0.2866948018367751,1.2072413028744706,-0.19521396576800693,201.40200625940633,2.888888888888889,0.3333333333333333,0.6666666666666666,0.0,0.0,0.2222222222222222,8.636207454354413
1,atr,1.0,2.5,5,1.0,off,cfd_raw,9,3,6,0.4444444444444444,362.471184705777,166.0,196.47118470577698,0.21293680386941,1.6167644345905734,0.22031508417882778,118.7955697717407,3.7777777777777777,0.4444444444444444,0.5555555555555556,0.0,0.0,0.2222222222222222,21.83013163397522
1,atr,1.0,2.5,5,1.0,bar,none,9,3,6,0.5555555555555556,410.52461995773774,0.0,410.52461995773774,0.0,3.0240649176144503,0.9444444444444685,104.7955697717407,3.0,0.5555555555555556,0.4444444444444444,0.0,0.0,0.2222222222222222,45.61384666197086
1,atr,1.0,2.5,5,1.0,bar,exchange,9,3,6,0.4444444444444444,424.52461995773774,791.3437561195067,-366.81913616176894,0.9625081743903151,0.3523494317115164,-1.177128805745027,366.8191361617646,3.0,0.5555555555555556,0.4444444444444444,0.0,0.0,0.2222222222222222,-40.757681795752106
1,atr,1.0,2.5,5,1.0,bar,cfd_std,9,3,6,0.3333333333333333,316.9766311415151,202.5,114.4766311415151,0.2849633559085275,1.3383885983874961,-0.05786180854687964,164.65124220708094,2.3333333333333335,0.3333333333333333,0.5555555555555556,0.1111111111111111,0.0,0.2222222222222222,12.719625682390566
1,atr,1.0,2.5,5,1.0,bar,cfd_raw,9,3,6,0.4444444444444444,404.72194875810237,166.0,238.72194875810237,0.2132673688591746,1.8639934290954134,0.37822291919867007,118.7955697717407,3.111111111111111,0.4444444444444444,0.4444444444444444,0.1111111111111111,0.0,0.2222222222222222,26.524660973122486
1,atr,1.0,2.5,5,1.0,tick,none,9,3,6,0.6666666666666666,479.74792222245014,0.0,479.74792222245014,0.0,3.980367937494844,1.1282202623320217,104.7955697717407,2.6666666666666665,0.5555555555555556,0.3333333333333333,0.1111111111111111,0.0,0.2222222222222222,53.30532469138335
1,atr,1.0,2.5,5,1.0,tick,exchange,9,3,6,0.4444444444444444,491.74792222245014,791.3101444683743,-299.5622222459242,0.9773041833649162,0.3998281604202838,-0.9985734066366272,339.73981355078286,2.6666666666666665,0.5555555555555556,0.3333333333333333,0.1111111111111111,0.0,0.2222222222222222,-33.28469136065824
1,atr,1.0,2.5,5,1.0,tick,cfd_std,9,3,6,0.5555555555555556,380.6499334062246,202.5,178.1499334062246,0.28219614896877343,1.6443780781855077,0.1197861571800942,158.17245333027677,2.0,0.3333333333333333,0.4444444444444444,0.2222222222222222,0.0,0.2222222222222222,19.794437045136064
1,atr,1.0,2.5,5,1.0,tick,cfd_raw,9,3,6,0.6666666666666666,473.89525102281186,166.0,307.89525102281186,0.2128658224366823,2.4061111094308285,0.5704724275466002,118.7955697717407,2.7777777777777777,0.4444444444444444,0.3333333333333333,0.2222222222222222,0.0,0.2222222222222222,34.21058344697909
1,atr,1.0,2.5,5,2.0,off,none,2,1,1,0.5,-30.471687448909506,0.0,-30.471687448909506,0.0,0.7092273316965491,0.7499999999999614,104.7955697717407,2.0,0.5,0.5,0.0,0.0,0.0,-15.235843724454753
1,atr,1.0,2.5,5,2.0,off,exchange,2,1,1,0.0,-26.471687448909506,175.86585027395273,-202.33753772286224,0.9818355751841998,0.0,-1.0992687246840294,202.33753772286582,2.0,0.5,0.5,0.0,0.0,0.0,-101.16876886143112
1,atr,1.0,2.5,5,2.0,off,cfd_std,2,1,1,0.0,-107.52512270087027,54.0,-161.52512270087027,0.5022082155648909,0.0,-1.2914579245854605,161.52512270087027,5.5,0.0,1.0,0.0,0.0,0.0,-80.76256135043513
1,atr,1.0,2.5,5,2.0,off,cfd_raw,2,1,1,0.0,-118.52512270087027,44.0,-162.52512270087027,0.3712293140674127,0.0,-1.3022526625330726,162.52512270087027,6.0,0.0,1.0,0.0,0.0,0.0,-81.26256135043513
1,atr,1.0,2.5,5,2.0,bar,none,2,1,1,0.5,-30.471687448909506,0.0,-30.471687448909506,0.0,0.7092273316965491,0.7499999999999614,104.7955697717407,2.0,0.5,0.5,0.0,0.0,0.0,-15.235843724454753
1,atr,1.0,2.5,5,2.0,bar,exchange,2,1,1,0.0,-26.471687448909506,175.86585027395273,-202.33753772286224,0.9818355751841998,0.0,-1.0992687246840294,202.33753772286582,2.0,0.5,0.5,0.0,0.0,0.0,-101.16876886143112
1,atr,1.0,2.5,5,2.0,bar,cfd_std,2,1,1,0.0,-70.77435864854488,54.0,-124.77435864854488,0.4829328797324134,0.0,-0.6733732170903879,124.77435864854488,3.0,0.0,0.5,0.5,0.0,0.0,-62.38717932427244
1,atr,1.0,2.5,5,2.0,bar,cfd_raw,2,1,1,0.0,-76.27435864854488,44.0,-120.27435864854488,0.37505290943334324,0.0,-0.5916674049437822,120.27435864854488,3.0,0.0,0.5,0.5,0.0,0.0,-60.13717932427244
1,atr,1.0,2.5,5,2.0,tick,none,2,1,1,0.5,-30.471687448909506,0.0,-30.471687448909506,0.0,0.7092273316965491,0.7499999999999614,104.7955697717407,2.0,0.5,0.5,0.0,0.0,0.0,-15.235843724454753
1,atr,1.0,2.5,5,2.0,tick,exchange,2,1,1,0.0,-26.471687448909506,175.86585027395273,-202.33753772286224,0.9818355751841998,0.0,-1.0992687246840294,202.33753772286582,2.0,0.5,0.5,0.0,0.0,0.0,-101.16876886143112
1,atr,1.0,2.5,5,2.0,tick,cfd_std,2,1,1,0.5,-62.824358648547786,54.0,-116.82435864854779,0.4508762746772992,0.01243673897536245,-0.539667876499704,118.2955697717407,2.5,0.0,0.5,0.5,0.0,0.0,-58.41217932427389
1,atr,1.0,2.5,5,2.0,tick,cfd_raw,2,1,1,0.5,-68.32435864854779,44.0,-112.32435864854779,0.35125034494903007,0.0544735054987909,-0.45796206435309844,118.7955697717407,2.5,0.0,0.5,0.5,0.0,0.0,-56.16217932427389
1,atr,1.0,2.5,8,0.5,off,none,15,6,9,0.6,846.2770433636178,0.0,846.2770433636178,0.0,3.848683212395757,1.1000000000000223,104.7955697717407,4.866666666666666,0.6,0.4,0.0,0.0,0.26666666666666666,56.418469557574525
1,atr,1.0,2.5,8,0.5,off,exchange,15,6,9,0.3333333333333333,659.8285991425364,1322.1556672098916,-662.3270680673551,0.9771342962822998,0.3422136969791822,-1.2531436416038626,705.5414684940915,4.8,0.5333333333333333,0.4666666666666667,0.0,0.0,0.26666666666666666,-44.155137871157
1,atr,1.0,2.5,8,0.5,off,cfd_std,16,6,10,0.5,859.1417543863936,324.0,535.1417543863936,0.22152491770207147,2.0336432718943196,0.4637964350799254,142.02693164453376,4.625,0.5,0.5,0.0,0.0,0.25,33.4463596491496
1,atr,1.0,2.5,8,0.5,off,cfd_raw,16,6,10,0.5,793.1417543863936,288.0,505.1417543863936,0.19691103795739687,1.9890702644787128,0.43719566317342784,142.79706272670592,4.6875,0.5,0.5,0.0,0.0,0.25,31.5713596491496
1,atr,1.0,2.5,8,0.5,bar,none,15,6,9,0.6666666666666666,832.2540857630374,0.0,832.2540857630374,0.0,4.178300972145804,1.07267673690307,104.7955697717407,4.333333333333333,0.5333333333333333,0.3333333333333333,0.13333333333333333,0.0,0.26666666666666666,55.48360571753583
1,atr,1.0,2.5,8,0.5,bar,exchange,15,6,9,0.26666666666666666,641.805641541956,1324.1656786886917,-682.3600371467356,1.0437768513423542,0.33448294211563556,-1.2918961845862418,723.946478391139,4.266666666666667,0.4666666666666667,0.4,0.13333333333333333,0.0,0.26666666666666666,-45.49066914311571
1,atr,1.0,2.5,8,0.5,bar,cfd_std,16,6,10,0.5,844.811539462331,337.5,507.311539462331,0.2446299221013993,2.103156875250026,0.4299200472740752,141.79706272670592,4.0625,0.4375,0.375,0.1875,0.0,0.25,31.706971216395686
1,atr,1.0,2.5,8,0.5,bar,cfd_raw,16,6,10,0.5,795.311539462331,296.0,499.311539462331,0.2154082402896162,2.129990007071126,0.4459107212431904,142.79706272670592,4.125,0.4375,0.375,0.1875,0.0,0.25,31.206971216395686
1,atr,1.0,2.5,8,0.5,tick,none,15,6,9,0.6666666666666666,658.8317139410938,0.0,658.8317139410938,0.0,3.516017058636185,0.9840150993118574,104.7955697717407,3.933333333333333,0.4666666666666667,0.3333333333333333,0.2,0.0,0.26666666666666666,43.92211426273958
1,atr,1.0,2.5,8,0.5,tick,exchange,15,6,9,0.2,408.1609964160598,1328.034606947809,-919.873610531749,1.2831445067115046,0.13375063241630933,-1.4864317401540343,961.4600517761573,3.8,0.3333333333333333,0.4,0.26666666666666666,0.0,0.26666666666666666,-61.324907368783265
1,atr,1.0,2.5,8,0.5,tick,cfd_std,16,6,10,0.5625,606.016894336426,364.5,241.51689433642605,0.31950132357276634,1.5525252055457575,0.2401087307026946,196.16804150753887,3.625,0.3125,0.375,0.3125,0.0,0.25,15.094805896026628
1,atr,1.0,2.5,8,0.5,tick,cfd_raw,16,6,10,0.5625,567.516894336426,312.0,255.51689433642605,0.2721704784639682,1.6024711924019062,0.2800511584391302,192.66804150753887,3.6875,0.3125,0.375,0.3125,0.0,0.25,15.969805896026628
1,atr,1.0,2.5,8,1.0,off,none,5,3,2,0.6,329.2524607754167,0.0,329.2524607754167,0.0,3.552417111787384,1.100000000000032,104.7955697717407,3.6,0.6,0.4,0.0,0.0,0.2,65.85049215508334
1,atr,1.0,2.5,8,1.0,off,exchange,5,3,2,0.4,128.80401655433525,440.18834927365725,-311.38433271932195,0.8840719611098162,0.30959371773868716,-1.364625004238238,352.97077396372333,3.0,0.4,0.6,0.0,0.0,0.2,-62.27686654386439
1,atr,1.0,2.5,8,1.0,off,cfd_std,5,3,2,0.4,174.80401655433525,108.0,66.80401655433525,0.21690663089427223,1.275420244276776,0.10576718970162817,191.3522681206232,2.8,0.4,0.6,0.0,0.0,0.2,13.36080331086705
1,atr,1.0,2.5,8,1.0,off,cfd_raw,5,3,2,0.4,152.80401655433525,94.0,58.80401655433525,0.18878910466723692,1.2465029052858194,0.10426959738278914,192.3522681206232,2.8,0.4,0.6,0.0,0.0,0.2,11.76080331086705
1,atr,1.0,2.5,8,1.0,bar,none,5,3,2,0.6,329.2524607754167,0.0,329.2524607754167,0.0,3.552417111787384,1.100000000000032,104.7955697717407,3.6,0.6,0.4,0.0,0.0,0.2,65.85049215508334
1,atr,1.0,2.5,8,1.0,bar,exchange,5,3,2,0.4,128.80401655433525,440.18834927365725,-311.38433271932195,0.8840719611098162,0.30959371773868716,-1.364625004238238,352.97077396372333,3.0,0.4,0.6,0.0,0.0,0.2,-62.27686654386439
1,atr,1.0,2.5,8,1.0,bar,cfd_std,5,3,2,0.4,174.80401655433525,108.0,66.80401655433525,0.21690663089427223,1.275420244276776,0.10576718970162817,191.3522681206232,2.8,0.4,0.6,0.0,0.0,0.2,13.36080331086705
1,atr,1.0,2.5,8,1.0,bar,cfd_raw,5,3,2,0.4,152.80401655433525,94.0,58.80401655433525,0.18878910466723692,1.2465029052858194,0.10426959738278914,192.3522681206232,2.8,0.4,0.6,0.0,0.0,0.2,11.76080331086705
1,atr,1.0,2.5,8,1.0,tick,none,5,3,2,0.6,329.2524607754167,0.0,329.2524607754167,0.0,3.552417111787384,1.100000000000032,104.7955697717407,3.6,0.6,0.4,0.0,0.0,0.2,65.85049215508334
1,atr,1.0,2.5,8,1.0,tick,exchange,5,3,2,0.4,128.80401655433525,440.18834927365725,-311.38433271932195,0.8840719611098162,0.30959371773868716,-1.364625004238238,352.97077396372333,3.0,0.4,0.6,0.0,0.0,0.2,-62.27686654386439
1,atr,1.0,2.5,8,1.0,tick,cfd_std,5,3,2,0.4,174.80401655433525,108.0,66.80401655433525,0.21690663089427223,1.275420244276776,0.10576718970162817,191.3522681206232,2.8,0.4,0.6,0.0,0.0,0.2,13.36080331086705
1,atr,1.0,2.5,8,1.0,tick,cfd_raw,5,3,2,0.4,152.80401655433525,94.0,58.80401655433525,0.18878910466723692,1.2465029052858194,0.10426959738278914,192.3522681206232,2.8,0.4,0.6,0.0,0.0,0.2,11.76080331086705
1,atr,1.0,2.5,8,2.0,off,none,1,1,0,0.0,-104.7955697717407,0.0,-104.7955697717407,0.0,0.0,-0.9999999999999996,104.7955697717407,1.0,0.0,1.0,0.0,0.0,0.0,-104.7955697717407
1,atr,1.0,2.5,8,2.0,off,exchange,1,1,0,0.0,-102.7955697717407,88.42915221511413,-191.22472198685483,0.8602428335333182,0.0,-1.824740515303927,191.22472198685864,1.0,0.0,1.0,0.0,0.0,0.0,-191.22472198685483
1,atr,1.0,2.5,8,2.0,off,cfd_std,1,1,0,0.0,-91.2955697717407,27.0,-118.2955697717407,0.2957427185952837,0.0,-1.1288222396176177,118.2955697717407,1.0,0.0,1.0,0.0,0.0,0.0,-118.2955697717407
1,atr,1.0,2.5,8,2.0,off,cfd_raw,1,1,0,0.0,-96.7955697717407,22.0,-118.7955697717407,0.22728312929899053,0.0,-1.1335934336775295,118.7955697717407,1.0,0.0,1.0,0.0,0.0,0.0,-118.7955697717407
1,atr,1.0,2.5,8,2.0,bar,none,1,1,0,0.0,-104.7955697717407,0.0,-104.7955697717407,0.0,0.0,-0.9999999999999996,104.7955697717407,1.0,0.0,1.0,0.0,0.0,0.0,-104.7955697717407
1,atr,1.0,2.5,8,2.0,bar,exchange,1,1,0,0.0,-102.7955697717407,88.42915221511413,-191.22472198685483,0.8602428335333182,0.0,-1.824740515303927,191.22472198685864,1.0,0.0,1.0,0.0,0.0,0.0,-191.22472198685483
1,atr,1.0,2.5,8,2.0,bar,cfd_std,1,1,0,0.0,-91.2955697717407,27.0,-118.2955697717407,0.2957427185952837,0.0,-1.1288222396176177,118.2955697717407,1.0,0.0,1.0,0.0,0.0,0.0,-118.2955697717407
1,atr,1.0,2.5,8,2.0,bar,cfd_raw,1,1,0,0.0,-96.7955697717407,22.0,-118.7955697717407,0.22728312929899053,0.0,-1.1335934336775295,118.7955697717407,1.0,0.0,1.0,0.0,0.0,0.0,-118.7955697717407
1,atr,1.0,2.5,8,2.0,tick,none,1,1,0,0.0,-104.7955697717407,0.0,-104.7955697717407,0.0,0.0,-0.9999999999999996,104.7955697717407,1.0,0.0,1.0,0.0,0.0,0.0,-104.7955697717407
1,atr,1.0,2.5,8,2.0,tick,exchange,1,1,0,0.0,-102.7955697717407,88.42915221511413,-191.22472198685483,0.8602428335333182,0.0,-1.824740515303927,191.22472198685864,1.0,0.0,1.0,0.0,0.0,0.0,-191.22472198685483
1,atr,1.0,2.5,8,2.0,tick,cfd_std,1,1,0,0.0,-91.2955697717407,27.0,-118.2955697717407,0.2957427185952837,0.0,-1.1288222396176177,118.2955697717407,1.0,0.0,1.0,0.0,0.0,0.0,-118.2955697717407
1,atr,1.0,2.5,8,2.0,tick,cfd_raw,1,1,0,0.0,-96.7955697717407,22.0,-118.7955697717407,0.22728312929899053,0.0,-1.1335934336775295,118.7955697717407,1.0,0.0,1.0,0.0,0.0,0.0,-118.7955697717407
1,atr,1.0,3.0,3,0.5,off,none,28,15,13,0.35714285714285715,467.84740659745876,0.0,467.84740659745876,0.0,1.5458841216841244,0.4285714285714631,205.52227340085665,7.0,0.35714285714285715,0.6428571428571429,0.0,0.0,0.07142857142857142,16.70883594990924
1,atr,1.0,3.0,3,0.5,off,exchange,28,15,13,0.2857142857142857,519.8474065974588,2478.8722331016133,-1959.0248265041537,1.144479798242868,0.19419698856094067,-1.7611975048768154,1959.0248265041591,6.892857142857143,0.35714285714285715,0.6428571428571429,0.0,0.0,0.07142857142857142,-69.96517237514834
1,atr,1.0,3.0,3,0.5,off,cfd_std,31,17,14,0.2903225806451613,615.7795209909964,715.5,-99.72047900900361,0.3502178871918756,0.9237387814505675,-0.11858310201380282,417.53809378789447,6.096774193548387,0.2903225806451613,0.7096774193548387,0.0,0.0,0.06451612903225806,-3.2167896454517293
1,atr,1.0,3.0,3,0.5,off,cfd_raw,29,16,13,0.3448275862068966,651.974705439352,558.0,93.97470543935196,0.2605272312667313,1.080809401396538,0.07270065262634773,234.4079049997672,6.655172413793103,0.3448275862068966,0.6551724137931034,0.0,0.0,0.06896551724137931,3.240507084115585
1,atr,1.0,3.0,3,0.5,bar,none,30,17,13,0.5,662.6441199567635,0.0,662.6441199567635,0.0,2.074071145161448,0.4757888188322871,192.4079049997672,5.233333333333333,0.26666666666666666,0.43333333333333335,0.3,0.0,0.06666666666666667,22.088137331892117
1,atr,1.0,3.0,3,0.5,bar,exchange,30,17,13,0.2,700.6441199567635,2662.032580803317,-1961.3884608465528,1.4110686596945856,0.17774113429644686,-1.7353630278323713,1961.3884608465596,5.2,0.26666666666666666,0.43333333333333335,0.3,0.0,0.06666666666666667,-65.37961536155176
1,atr,1.0,3.0,3,0.5,bar,cfd_std,32,18,14,0.34375,723.7439793266967,769.5,-45.75602067330328,0.4297814942964984,0.9576382908946278,-0.1589420199976888,422.53972185673774,4.71875,0.21875,0.53125,0.25,0.0,0.0625,-1.4298756460407276
1,atr,1.0,3.0,3,0.5,bar,cfd_raw,31,18,13,0.3870967741935484,789.2473933935835,618.0,171.24739339358348,0.3283857150588623,1.181383185154881,0.043957921683716976,237.07801349069632,5.0,0.25806451612903225,0.45161290322580644,0.2903225806451613,0.0,0.06451612903225806,5.524109464309144
1,atr,1.0,3.0,3,0.5,tick,none,31,18,13,0.6129032258064516,697.2671244750527,0.0,697.2671244750527,0.0,2.362671942830771,0.5359655700288024,132.80393623335112,4.387096774193548,0.22580645161290322,0.3548387096774194,0.41935483870967744,0.0,0.06451612903225806,22.49248788629202
1,atr,1.0,3.0,3,0.5,tick,exchange,31,18,13,0.16129032258064516,729.2671244750527,2752.732294159604,-2023.4651696845508,1.607294739058709,0.13291602374546518,-1.6423959124462977,2023.465169684554,4.290322580645161,0.22580645161290322,0.3548387096774194,0.41935483870967744,0.0,0.06451612903225806,-65.27306998982422
1,atr,1.0,3.0,3,0.5,tick,cfd_std,33,19,14,0.36363636363636365,729.7703079531784,810.0,-80.22969204682158,0.5011898010794712,0.9168132247436892,-0.11181169478426675,343.8115429391328,3.909090909090909,0.18181818181818182,0.42424242424242425,0.3939393939393939,0.0,0.06060606060606061,-2.4312027892976236
1,atr,1.0,3.0,3,0.5,tick,cfd_raw,32,19,13,0.40625,799.8703979118727,648.0,151.87039791187271,0.37805284694922475,1.183120147620809,0.09000494237333875,223.87801349069923,4.15625,0.21875,0.375,0.40625,0.0,0.0625,4.745949934746022
1,atr,1.0,3.0,3,1.0,off,none,13,8,5,0.38461538461538464,364.5738684912503,0.0,364.5738684912503,0.0,1.9189107391390205,0.5384615384615544,104.7955697717407,5.230769230769231,0.38461538461538464,0.6153846153846154,0.0,0.0,0.07692307692307693,28.044143730096177
1,atr,1.0,3.0,3,1.0,off,exchange,13,8,5,0.38461538461538464,388.5738684912503,1148.7971052045139,-760.2232367132635,0.995435155287368,0.30677161819075843,-1.5123104633864606,760.2232367132674,4.846153846153846,0.38461538461538464,0.6153846153846154,0.0,0.0,0.07692307692307693,-58.47871051640489
1,atr,1.0,3.0,3,1.0,off,cfd_std,13,8,5,0.3076923076923077,388.57921978658123,297.0,91.57921978658123,0.2869376949023516,1.1617309216839988,-0.05032643782451228,236.44473955131252,4.3076923076923075,0.3076923076923077,0.6923076923076923,0.0,0.0,0.07692307692307693,7.044555368198557
1,atr,1.0,3.0,3,1.0,off,cfd_raw,13,8,5,0.38461538461538464,460.5738684912503,246.0,214.57386849125032,0.21539925454583364,1.4152407571015633,0.24814834135828726,118.7955697717407,4.6923076923076925,0.38461538461538464,0.6153846153846154,0.0,0.0,0.07692307692307693,16.50568219163464
1,atr,1.0,3.0,3,1.0,bar,none,13,8,5,0.5384615384615384,391.0705526660313,0.0,391.0705526660313,0.0,2.2915133735289293,0.5292906046314944,104.7955697717407,4.153846153846154,0.3076923076923077,0.46153846153846156,0.23076923076923078,0.0,0.07692307692307693,30.08235020507933
1,atr,1.0,3.0,3,1.0,bar,exchange,13,8,5,0.3076923076923077,409.0705526660313,1150.8063535466013,-741.73580088057,1.1569718308257473,0.29300275950452925,-1.5363826391841777,741.735800880575,3.923076923076923,0.3076923076923077,0.46153846153846156,0.23076923076923078,0.0,0.07692307692307693,-57.05660006773615
1,atr,1.0,3.0,3,1.0,bar,cfd_std,13,8,5,0.3076923076923077,374.5759039613622,310.5,64.0759039613622,0.3499878330215632,1.1299246039781472,-0.16016203917169347,233.6883556703251,3.3076923076923075,0.23076923076923078,0.5384615384615384,0.23076923076923078,0.0,0.07692307692307693,4.928915689335554
1,atr,1.0,3.0,3,1.0,bar,cfd_raw,13,8,5,0.38461538461538464,463.0705526660313,254.0,209.0705526660313,0.2569105337506454,1.4832002113175022,0.1793242712217851,118.7955697717407,3.769230769230769,0.3076923076923077,0.46153846153846156,0.23076923076923078,0.0,0.07692307692307693,16.08235020507933
1,atr,1.0,3.0,3,1.0,tick,none,13,8,5,0.6153846153846154,487.7686859969108,0.0,487.7686859969108,0.0,2.8692198754376155,0.6943610913585245,104.7955697717407,3.6923076923076925,0.3076923076923077,0.38461538461538464,0.3076923076923077,0.0,0.07692307692307693,37.520668153608526
1,atr,1.0,3.0,3,1.0,tick,exchange,13,8,5,0.3076923076923077,503.7686859969108,1150.786479311002,-647.0177933140911,1.139771557369421,0.32208085376467255,-1.3749452090721945,647.0177933140949,3.4615384615384617,0.3076923076923077,0.38461538461538464,0.3076923076923077,0.0,0.07692307692307693,-49.77059948569932
1,atr,1.0,3.0,3,1.0,tick,cfd_std,13,8,5,0.38461538461538464,457.7740372922417,310.5,147.2740372922417,0.33983941595316774,1.3370924495971985,-0.019903964031323287,232.7583556703321,2.923076923076923,0.23076923076923078,0.46153846153846156,0.3076923076923077,0.0,0.07692307692307693,11.328772099403208
1,atr,1.0,3.0,3,1.0,tick,cfd_raw,13,8,5,0.46153846153846156,551.7686859969108,254.0,297.7686859969108,0.2515688016643742,1.7921561929465553,0.329691106638202,118.7955697717407,3.3846153846153846,0.3076923076923077,0.38461538461538464,0.3076923076923077,0.0,0.07692307692307693,22.905283538223905
1,atr,1.0,3.0,3,2.0,off,none,1,1,0,0.0,-104.7955697717407,0.0,-104.7955697717407,0.0,0.0,-0.9999999999999996,104.7955697717407,1.0,0.0,1.0,0.0,0.0,0.0,-104.7955697717407
1,atr,1.0,3.0,3,2.0,off,exchange,1,1,0,0.0,-102.7955697717407,88.42411221511412,-191.21968198685482,0.8601938041830145,0.0,-1.8246924216678029,191.219681986855,1.0,0.0,1.0,0.0,0.0,0.0,-191.21968198685482
1,atr,1.0,3.0,3,2.0,off,cfd_std,1,1,0,0.0,-91.2955697717407,27.0,-118.2955697717407,0.2957427185952837,0.0,-1.1288222396176177,118.2955697717407,1.0,0.0,1.0,0.0,0.0,0.0,-118.2955697717407
1,atr,1.0,3.0,3,2.0,off,cfd_raw,1,1,0,0.0,-96.7955697717407,22.0,-118.7955697717407,0.22728312929899053,0.0,-1.1335934336775295,118.7955697717407,1.0,0.0,1.0,0.0,0.0,0.0,-118.7955697717407
1,atr,1.0,3.0,3,2.0,bar,none,1,1,0,0.0,-104.7955697717407,0.0,-104.7955697717407,0.0,0.0,-0.9999999999999996,104.7955697717407,1.0,0.0,1.0,0.0,0.0,0.0,-104.7955697717407
1,atr,1.0,3.0,3,2.0,bar,exchange,1,1,0,0.0,-102.7955697717407,88.42411221511412,-191.21968198685482,0.8601938041830145,0.0,-1.8246924216678029,191.219681986855,1.0,0.0,1.0,0.0,0.0,0.0,-191.21968198685482
1,atr,1.0,3.0,3,2.0,bar,cfd_std,1,1,0,0.0,-91.2955697717407,27.0,-118.2955697717407,0.2957427185952837,0.0,-1.1288222396176177,118.2955697717407,1.0,0.0,1.0,0.0,0.0,0.0,-118.2955697717407
1,atr,1.0,3.0,3,2.0,bar,cfd_raw,1,1,0,0.0,-96.7955697717407,22.0,-118.7955697717407,0.22728312929899053,0.0,-1.1335934336775295,118.7955697717407,1.0,0.0,1.0,0.0,0.0,0.0,-118.7955697717407
1,atr,1.0,3.0,3,2.0,tick,none,1,1,0,0.0,-104.7955697717407,0.0,-104.7955697717407,0.0,0.0,-0.9999999999999996,104.7955697717407,1.0,0.0,1.0,0.0,0.0,0.0,-104.7955697717407
1,atr,1.0,3.0,3,2.0,tick,exchange,1,1,0,0.0,-102.7955697717407,88.42411221511412,-191.21968198685482,0.8601938041830145,0.0,-1.8246924216678029,191.219681986855,1.0,0.0,1.0,0.0,0.0,0.0,-191.21968198685482
1,atr,1.0,3.0,3,2.0,tick,cfd_std,1,1,0,0.0,-91.2955697717407,27.0,-118.2955697717407,0.2957427185952837,0.0,-1.1288222396176177,118.2955697717407,1.0,0.0,1.0,0.0,0.0,0.0,-118.2955697717407
1,atr,1.0,3.0,3,2.0,tick,cfd_raw,1,1,0,0.0,-96.7955697717407,22.0,-118.7955697717407,0.22728312929899053,0.0,-1.1335934336775295,118.7955697717407,1.0,0.0,1.0,0.0,0.0,0.0,-118.7955697717407
1,atr,1.0,3.0,5,0.5,off,none,21,10,11,0.38095238095238093,408.45793891897483,0.0,408.45793891897483,0.0,1.6435805843627886,0.5238095238095243,215.43412222494953,6.761904761904762,0.38095238095238093,0.6190476190476191,0.0,0.0,0.14285714285714285,19.450378043760708
1,atr,1.0,3.0,5,0.5,off,exchange,21,10,11,0.3333333333333333,444.45793891897483,1857.7391576604916,-1413.2812187415168,1.1125602077996795,0.2030196751956067,-1.6907777503851973,1416.0603231146088,6.761904761904762,0.38095238095238093,0.6190476190476191,0.0,0.0,0.14285714285714285,-67.29910565435794
1,atr,1.0,3.0,5,0.5,off,cfd_std,22,10,12,0.3181818181818182,493.35784896028053,499.5,-6.142151039719465,0.3226961727506009,0.993411610043573,-0.03235842641734299,355.7166027906351,6.045454545454546,0.3181818181818182,0.6818181818181818,0.0,0.0,0.13636363636363635,-0.27918868362361204
1,atr,1.0,3.0,5,0.5,off,cfd_raw,21,10,11,0.38095238095238093,552.4579389189748,398.0,154.45793891897483,0.2418295153832685,1.1854983422554388,0.2041719266428792,243.43412222494953,6.571428571428571,0.38095238095238093,0.6190476190476191,0.0,0.0,0.14285714285714285,7.355139948522611
1,atr,1.0,3.0,5,0.5,bar,none,22,10,12,0.5454545454545454,727.5309410773625,0.0,727.5309410773625,0.0,2.651042570790618,0.7197583877051272,120.06673692009645,5.0,0.3181818181818182,0.4090909090909091,0.2727272727272727,0.0,0.13636363636363635,33.06958823078921
1,atr,1.0,3.0,5,0.5,bar,exchange,22,10,12,0.3181818181818182,753.5309410773625,1949.4066393106093,-1195.875698233247,1.2132004753489307,0.2457977603032478,-1.5348722939359931,1198.6548026063392,5.0,0.3181818181818182,0.4090909090909091,0.2727272727272727,0.0,0.13636363636363635,-54.35798628332941
1,atr,1.0,3.0,5,0.5,bar,cfd_std,23,10,13,0.391304347826087,733.0275270104758,540.0,193.02752701047575,0.35263205648839735,1.259958022785539,0.03283815310538108,345.1325946102588,4.478260869565218,0.2608695652173913,0.5217391304347826,0.21739130434782608,0.0,0.13043478260869565,8.39250117436851
1,atr,1.0,3.0,5,0.5,bar,cfd_raw,22,10,12,0.45454545454545453,831.5309410773625,428.0,403.5309410773625,0.2673613449363541,1.657188665608777,0.32426755902740595,148.06673692009645,4.863636363636363,0.3181818181818182,0.4090909090909091,0.2727272727272727,0.0,0.13636363636363635,18.342315503516478
1,atr,1.0,3.0,5,0.5,tick,none,23,11,12,0.6956521739130435,864.4789611306915,0.0,864.4789611306915,0.0,3.655295513860213,0.8221844821104761,104.7955697717407,4.3478260869565215,0.2608695652173913,0.30434782608695654,0.43478260869565216,0.0,0.13043478260869565,37.586041788290935
1,atr,1.0,3.0,5,0.5,tick,exchange,23,11,12,0.2608695652173913,884.4789611306915,2039.935413565712,-1155.4564524350203,1.3459458758238536,0.2129223814921894,-1.3880754878671875,1158.2355568081111,4.3478260869565215,0.2608695652173913,0.30434782608695654,0.43478260869565216,0.0,0.13043478260869565,-50.23723706239219
1,atr,1.0,3.0,5,0.5,tick,cfd_std,24,11,13,0.5416666666666666,841.3788711719972,580.5,260.87887117199716,0.40320259954330023,1.452546718800381,0.10826040155550909,272.08441569264687,3.9166666666666665,0.20833333333333334,0.375,0.4166666666666667,0.0,0.125,10.869952965499882
1,atr,1.0,3.0,5,0.5,tick,cfd_raw,23,11,12,0.6086956521739131,944.4789611306915,458.0,486.47896113069146,0.30218761193513033,2.0487528183030794,0.4006593063921528,118.7955697717407,4.260869565217392,0.2608695652173913,0.30434782608695654,0.43478260869565216,0.0,0.13043478260869565,21.151259179595282
1,atr,1.0,3.0,5,1.0,off,none,9,3,6,0.4444444444444444,414.27570508315694,0.0,414.27570508315694,0.0,2.781437026291671,0.777777777777803,104.7955697717407,4.111111111111111,0.4444444444444444,0.5555555555555556,0.0,0.0,0.2222222222222222,46.03063389812855
1,atr,1.0,3.0,5,1.0,off,exchange,9,3,6,0.4444444444444444,428.27570508315694,793.366957530465,-365.0912524473081,0.9001432665124537,0.4571059495246687,-1.3514128906233502,391.8700832297036,4.111111111111111,0.4444444444444444,0.5555555555555556,0.0,0.0,0.2222222222222222,-40.56569471636757
1,atr,1.0,3.0,5,1.0,off,cfd_std,9,3,6,0.3333333333333333,370.78105637848785,202.5,168.28105637848785,0.2541156651262287,1.4486895634493415,-0.028547299101355363,201.40200625940633,3.2222222222222223,0.3333333333333333,0.6666666666666666,0.0,0.0,0.2222222222222222,18.697895153165316
1,atr,1.0,3.0,5,1.0,off,cfd_raw,9,3,6,0.4444444444444444,470.27570508315694,166.0,304.27570508315694,0.18706785505960688,1.9551855326077405,0.4425373064010282,118.7955697717407,4.0,0.4444444444444444,0.5555555555555556,0.0,0.0,0.2222222222222222,33.80841167590633
1,atr,1.0,3.0,5,1.0,bar,none,9,3,6,0.5555555555555556,464.52646913548233,0.0,464.52646913548233,0.0,3.2903175199997396,0.9655847805048671,104.7955697717407,3.4444444444444446,0.4444444444444444,0.4444444444444444,0.1111111111111111,0.0,0.2222222222222222,51.6140521261647
1,atr,1.0,3.0,5,1.0,bar,exchange,9,3,6,0.4444444444444444,476.52646913548233,793.3428321484389,-316.8163630129566,0.9075381822562762,0.49245708191569404,-1.1709905137176915,343.5951937953505,3.4444444444444446,0.4444444444444444,0.4444444444444444,0.1111111111111111,0.0,0.2222222222222222,-35.20181811255073
1,atr,1.0,3.0,5,1.0,bar,cfd_std,9,3,6,0.3333333333333333,407.53182043081324,202.5,205.03182043081324,0.2527544388380683,1.6060663180649697,0.10880485811977193,164.65124220708094,2.6666666666666665,0.3333333333333333,0.5555555555555556,0.1111111111111111,0.0,0.2222222222222222,22.78131338120147
1,atr,1.0,3.0,5,1.0,bar,cfd_raw,9,3,6,0.4444444444444444,512.5264691354823,166.0,346.52646913548233,0.18732293236915415,2.2541644951301514,0.6004451414208705,118.7955697717407,3.3333333333333335,0.4444444444444444,0.4444444444444444,0.1111111111111111,0.0,0.2222222222222222,38.502941015053594
1,atr,1.0,3.0,5,1.0,tick,none,9,3,6,0.6666666666666666,541.6997714001918,0.0,541.6997714001918,0.0,4.3652352738712255,1.1790728963014612,104.7955697717407,3.0,0.4444444444444444,0.3333333333333333,0.2222222222222222,0.0,0.2222222222222222,60.1888634889102
1,atr,1.0,3.0,5,1.0,tick,exchange,9,3,6,0.4444444444444444,551.6997714001918,793.3052454973065,-241.60547409711472,0.9122241617098218,0.5599211918160333,-0.9627079605512961,335.6412187953538,3.0,0.4444444444444444,0.3333333333333333,0.2222222222222222,0.0,0.2222222222222222,-26.84505267745719
1,atr,1.0,3.0,5,1.0,tick,cfd_std,9,3,6,0.5555555555555556,471.20512269552273,202.5,268.70512269552273,0.25057503291874533,1.9719211635421932,0.2864528238467458,158.17245333027677,2.3333333333333335,0.3333333333333333,0.4444444444444444,0.2222222222222222,0.0,0.2222222222222222,29.85612474394697
1,atr,1.0,3.0,5,1.0,tick,cfd_raw,9,3,6,0.6666666666666666,581.6997714001918,166.0,415.6997714001918,0.18701307036815437,2.898438072077827,0.7926946497688008,118.7955697717407,3.0,0.4444444444444444,0.3333333333333333,0.2222222222222222,0.0,0.2222222222222222,46.1888634889102
1,atr,1.0,3.0,5,2.0,off,none,2,1,1,0.0,-134.52512270087027,0.0,-134.52512270087027,0.0,0.0,-0.9999999999999353,134.52512270087027,6.0,0.0,1.0,0.0,0.0,0.0,-67.26256135043513
1,atr,1.0,3.0,5,2.0,off,exchange,2,1,1,0.0,-130.52512270087027,177.9188769915787,-308.443999692449,1.3631006300551247,0.0,-2.8837971066363854,308.4439996924484,6.0,0.0,1.0,0.0,0.0,0.0,-154.2219998462245
1,atr,1.0,3.0,5,2.0,off,cfd_std,2,1,1,0.0,-107.52512270087027,54.0,-161.52512270087027,0.5022082155648909,0.0,-1.2914579245854605,161.52512270087027,5.5,0.0,1.0,0.0,0.0,0.0,-80.76256135043513
1,atr,1.0,3.0,5,2.0,off,cfd_raw,2,1,1,0.0,-118.52512270087027,44.0,-162.52512270087027,0.3712293140674127,0.0,-1.3022526625330726,162.52512270087027,6.0,0.0,1.0,0.0,0.0,0.0,-81.26256135043513
1,atr,1.0,3.0,5,2.0,bar,none,2,1,1,0.5,-84.27435864854488,0.0,-84.27435864854488,0.0,0.19582136122637506,-0.15486848772814665,104.7955697717407,3.0,0.0,0.5,0.5,0.0,0.0,-42.13717932427244
1,atr,1.0,3.0,5,2.0,bar,exchange,2,1,1,0.0,-82.27435864854488,177.89475160955254,-260.1691102580974,1.4425834855445616,0.0,-2.071896410560921,260.1691102580953,3.0,0.0,0.5,0.5,0.0,0.0,-130.0845551290487
1,atr,1.0,3.0,5,2.0,bar,cfd_std,2,1,1,0.0,-70.77435864854488,54.0,-124.77435864854488,0.4829328797324134,0.0,-0.6733732170903879,124.77435864854488,3.0,0.0,0.5,0.5,0.0,0.0,-62.38717932427244
1,atr,1.0,3.0,5,2.0,bar,cfd_raw,2,1,1,0.0,-76.27435864854488,44.0,-120.27435864854488,0.37505290943334324,0.0,-0.5916674049437822,120.27435864854488,3.0,0.0,0.5,0.5,0.0,0.0,-60.13717932427244
1,atr,1.0,3.0,5,2.0,tick,none,2,1,1,0.5,-76.32435864854779,0.0,-76.32435864854779,0.0,0.2716833467789446,-0.021163147137462812,104.7955697717407,2.5,0.0,0.5,0.5,0.0,0.0,-38.16217932427389
1,atr,1.0,3.0,5,2.0,tick,exchange,2,1,1,0.0,-74.32435864854779,177.89077660955252,-252.2151352581003,1.3551850315575036,0.0,-1.9381242172999418,252.2151352580986,2.5,0.0,0.5,0.5,0.0,0.0,-126.10756762905015
1,atr,1.0,3.0,5,2.0,tick,cfd_std,2,1,1,0.5,-62.824358648547786,54.0,-116.82435864854779,0.4508762746772992,0.01243673897536245,-0.539667876499704,118.2955697717407,2.5,0.0,0.5,0.5,0.0,0.0,-58.41217932427389
1,atr,1.0,3.0,5,2.0,tick,cfd_raw,2,1,1,0.5,-68.32435864854779,44.0,-112.32435864854779,0.35125034494903007,0.0544735054987909,-0.45796206435309844,118.7955697717407,2.5,0.0,0.5,0.5,0.0,0.0,-56.16217932427389
1,atr,1.0,3.0,8,0.5,off,none,15,6,9,0.4666666666666667,528.0313147629931,0.0,528.0313147629931,0.0,2.2172069964972194,0.866666666666667,270.67448660277296,6.6,0.4666666666666667,0.5333333333333333,0.0,0.0,0.2,35.20208765086621
1,atr,1.0,3.0,8,0.5,off,exchange,15,6,9,0.3333333333333333,313.80452136746317,1325.8926783666284,-1012.0881569991654,1.0419349016484925,0.21087969905389464,-1.5220266659802193,1097.9580655112513,6.4,0.4,0.6,0.0,0.0,0.2,-67.47254379994436
1,atr,1.0,3.0,8,0.5,off,cfd_std,16,6,10,0.4375,646.0606616070727,337.5,308.5606616070727,0.23376049753442715,1.480727130404776,0.48039073576508645,384.23118495165545,6.3125,0.4375,0.5625,0.0,0.0,0.1875,19.285041350442043
1,atr,1.0,3.0,8,0.5,off,cfd_raw,16,6,10,0.4375,574.5606616070727,296.0,278.5606616070727,0.20423858148698595,1.4384280041714066,0.44702932283870606,386.23118495165545,5.9375,0.4375,0.5625,0.0,0.0,0.1875,17.410041350442043
1,atr,1.0,3.0,8,0.5,bar,none,15,6,9,0.6666666666666666,784.7528765204188,0.0,784.7528765204188,0.0,3.9968982706192637,1.0581700855103664,104.7955697717407,4.733333333333333,0.4,0.3333333333333333,0.26666666666666666,0.0,0.2,52.31685843469459
1,atr,1.0,3.0,8,0.5,bar,exchange,15,6,9,0.3333333333333333,562.5260831248888,1328.0535499310313,-765.5274668061425,1.1166217440252018,0.28167982213090415,-1.3484076464661021,832.2728462994273,4.533333333333333,0.3333333333333333,0.4,0.26666666666666666,0.0,0.2,-51.03516445374283
1,atr,1.0,3.0,8,0.5,bar,cfd_std,16,6,10,0.5,715.4290874540166,364.5,350.92908745401655,0.29154109996280936,1.763100788049118,0.39542426362219496,149.6915823466552,4.4375,0.3125,0.375,0.3125,0.0,0.1875,21.933067965876035
1,atr,1.0,3.0,8,0.5,bar,cfd_raw,16,6,10,0.5,799.2822233644983,304.0,495.28222336449835,0.22059266272251726,2.120871277448365,0.5600933636333659,146.1915823466552,4.375,0.375,0.375,0.25,0.0,0.1875,30.955138960281147
1,atr,1.0,3.0,8,0.5,tick,none,15,6,9,0.6666666666666666,692.774073328459,0.0,692.774073328459,0.0,3.6456397732412786,0.968955310759714,104.7955697717407,4.133333333333334,0.3333333333333333,0.3333333333333333,0.3333333333333333,0.0,0.2,46.18493822189727
1,atr,1.0,3.0,8,0.5,tick,exchange,15,6,9,0.26666666666666666,468.5472799329291,1329.9933111111152,-861.4460311781861,1.2141946783580817,0.20565525228169296,-1.444431282860247,928.191410671483,3.933333333333333,0.26666666666666666,0.4,0.3333333333333333,0.0,0.2,-57.42973541187907
1,atr,1.0,3.0,8,0.5,tick,cfd_std,16,6,10,0.5625,648.2674384412385,378.0,270.2674384412385,0.319502080265977,1.618298659343718,0.30799384772152516,196.16804150753887,3.8125,0.25,0.375,0.375,0.0,0.1875,16.891714902577405
1,atr,1.0,3.0,8,0.5,tick,cfd_raw,16,6,10,0.5625,699.3034201725386,312.0,387.3034201725386,0.2441072222810055,1.913204404658504,0.4506540384748151,192.66804150753887,3.8125,0.3125,0.375,0.3125,0.0,0.1875,24.206463760783663
1,atr,1.0,3.0,8,1.0,off,none,5,3,2,0.6,420.9022205545043,0.0,420.9022205545043,0.0,4.262900534144883,1.4000000000000439,104.7955697717407,3.8,0.6,0.4,0.0,0.0,0.2,84.18044411090086
1,atr,1.0,3.0,8,1.0,off,exchange,5,3,2,0.4,190.67542715897434,440.1825850923658,-249.5071579333915,0.7863471461923703,0.4467887712846064,-1.164625004238251,336.9475686849182,3.2,0.4,0.6,0.0,0.0,0.2,-49.9014315866783
1,atr,1.0,3.0,8,1.0,off,cfd_std,5,3,2,0.4,236.67542715897434,108.0,128.67542715897434,0.1929324209201862,1.5305042931321071,0.3057671897016151,191.3522681206232,3.0,0.4,0.6,0.0,0.0,0.2,25.735085431794868
1,atr,1.0,3.0,8,1.0,off,cfd_raw,5,3,2,0.4,214.67542715897434,94.0,120.67542715897434,0.16792266265275466,1.505864142185053,0.3042695973827761,192.3522681206232,3.0,0.4,0.6,0.0,0.0,0.2,24.13508543179487
1,atr,1.0,3.0,8,1.0,bar,none,5,3,2,0.6,420.9022205545043,0.0,420.9022205545043,0.0,4.262900534144883,1.4000000000000439,104.7955697717407,3.8,0.6,0.4,0.0,0.0,0.2,84.18044411090086
1,atr,1.0,3.0,8,1.0,bar,exchange,5,3,2,0.4,190.67542715897434,440.1825850923658,-249.5071579333915,0.7863471461923703,0.4467887712846064,-1.164625004238251,336.9475686849182,3.2,0.4,0.6,0.0,0.0,0.2,-49.9014315866783
1,atr,1.0,3.0,8,1.0,bar,cfd_std,5,3,2,0.4,236.67542715897434,108.0,128.67542715897434,0.1929324209201862,1.5305042931321071,0.3057671897016151,191.3522681206232,3.0,0.4,0.6,0.0,0.0,0.2,25.735085431794868
1,atr,1.0,3.0,8,1.0,bar,cfd_raw,5,3,2,0.4,214.67542715897434,94.0,120.67542715897434,0.16792266265275466,1.505864142185053,0.3042695973827761,192.3522681206232,3.0,0.4,0.6,0.0,0.0,0.2,24.13508543179487
1,atr,1.0,3.0,8,1.0,tick,none,5,3,2,0.6,420.9022205545043,0.0,420.9022205545043,0.0,4.262900534144883,1.4000000000000439,104.7955697717407,3.8,0.6,0.4,0.0,0.0,0.2,84.18044411090086
1,atr,1.0,3.0,8,1.0,tick,exchange,5,3,2,0.4,190.67542715897434,440.1825850923658,-249.5071579333915,0.7863471461923703,0.4467887712846064,-1.164625004238251,336.9475686849182,3.2,0.4,0.6,0.0,0.0,0.2,-49.9014315866783
1,atr,1.0,3.0,8,1.0,tick,cfd_std,5,3,2,0.4,236.67542715897434,108.0,128.67542715897434,0.1929324209201862,1.5305042931321071,0.3057671897016151,191.3522681206232,3.0,0.4,0.6,0.0,0.0,0.2,25.735085431794868
1,atr,1.0,3.0,8,1.0,tick,cfd_raw,5,3,2,0.4,214.67542715897434,94.0,120.67542715897434,0.16792266265275466,1.505864142185053,0.3042695973827761,192.3522681206232,3.0,0.4,0.6,0.0,0.0,0.2,24.13508543179487
1,atr,1.0,3.0,8,2.0,off,none,1,1,0,0.0,-104.7955697717407,0.0,-104.7955697717407,0.0,0.0,-0.9999999999999996,104.7955697717407,1.0,0.0,1.0,0.0,0.0,0.0,-104.7955697717407
1,atr,1.0,3.0,8,2.0,off,exchange,1,1,0,0.0,-102.7955697717407,88.42915221511413,-191.22472198685483,0.8602428335333182,0.0,-1.824740515303927,191.22472198685864,1.0,0.0,1.0,0.0,0.0,0.0,-191.22472198685483
1,atr,1.0,3.0,8,2.0,off,cfd_std,1,1,0,0.0,-91.2955697717407,27.0,-118.2955697717407,0.2957427185952837,0.0,-1.1288222396176177,118.2955697717407,1.0,0.0,1.0,0.0,0.0,0.0,-118.2955697717407
1,atr,1.0,3.0,8,2.0,off,cfd_raw,1,1,0,0.0,-96.7955697717407,22.0,-118.7955697717407,0.22728312929899053,0.0,-1.1335934336775295,118.7955697717407,1.0,0.0,1.0,0.0,0.0,0.0,-118.7955697717407
1,atr,1.0,3.0,8,2.0,bar,none,1,1,0,0.0,-104.7955697717407,0.0,-104.7955697717407,0.0,0.0,-0.9999999999999996,104.7955697717407,1.0,0.0,1.0,0.0,0.0,0.0,-104.7955697717407
1,atr,1.0,3.0,8,2.0,bar,exchange,1,1,0,0.0,-102.7955697717407,88.42915221511413,-191.22472198685483,0.8602428335333182,0.0,-1.824740515303927,191.22472198685864,1.0,0.0,1.0,0.0,0.0,0.0,-191.22472198685483
1,atr,1.0,3.0,8,2.0,bar,cfd_std,1,1,0,0.0,-91.2955697717407,27.0,-118.2955697717407,0.2957427185952837,0.0,-1.1288222396176177,118.2955697717407,1.0,0.0,1.0,0.0,0.0,0.0,-118.2955697717407
1,atr,1.0,3.0,8,2.0,bar,cfd_raw,1,1,0,0.0,-96.7955697717407,22.0,-118.7955697717407,0.22728312929899053,0.0,-1.1335934336775295,118.7955697717407,1.0,0.0,1.0,0.0,0.0,0.0,-118.7955697717407
1,atr,1.0,3.0,8,2.0,tick,none,1,1,0,0.0,-104.7955697717407,0.0,-104.7955697717407,0.0,0.0,-0.9999999999999996,104.7955697717407,1.0,0.0,1.0,0.0,0.0,0.0,-104.7955697717407
1,atr,1.0,3.0,8,2.0,tick,exchange,1,1,0,0.0,-102.7955697717407,88.42915221511413,-191.22472198685483,0.8602428335333182,0.0,-1.824740515303927,191.22472198685864,1.0,0.0,1.0,0.0,0.0,0.0,-191.22472198685483
1,atr,1.0,3.0,8,2.0,tick,cfd_std,1,1,0,0.0,-91.2955697717407,27.0,-118.2955697717407,0.2957427185952837,0.0,-1.1288222396176177,118.2955697717407,1.0,0.0,1.0,0.0,0.0,0.0,-118.2955697717407
1,atr,1.0,3.0,8,2.0,tick,cfd_raw,1,1,0,0.0,-96.7955697717407,22.0,-118.7955697717407,0.22728312929899053,0.0,-1.1335934336775295,118.7955697717407,1.0,0.0,1.0,0.0,0.0,0.0,-118.7955697717407
1,atr,1.5,1.0,3,0.5,off,none,27,15,12,0.7037037037037037,927.235550427431,0.0,927.235550427431,0.0,2.876425264761269,0.4074074074073924,195.60152003570693,4.518518518518518,0.7037037037037037,0.2962962962962963,0.0,0.0,0.037037037037037035,34.34205742323819
1,atr,1.5,1.0,3,0.5,off,exchange,27,15,12,0.2222222222222222,979.235550427431,2370.7839001240286,-1391.5483496965978,1.2248723057392368,0.10766074580855756,-0.9758517737982128,1391.5483496966044,4.62962962962963,0.7037037037037037,0.2962962962962963,0.0,0.0,0.037037037037037035,-51.53882776654066
1,atr,1.5,1.0,3,0.5,off,cfd_std,28,17,11,0.5357142857142857,711.030927875443,553.5,157.530927875443,0.2863249515032023,1.1637461283284414,-0.05966278389144527,329.11185749966535,5.107142857142857,0.5357142857142857,0.4642857142857143,0.0,0.0,0.03571428571428571,5.626104566980108
1,atr,1.5,1.0,3,0.5,off,cfd_raw,28,18,10,0.6071428571428571,884.8254049158131,480.0,404.8254049158131,0.2435090659282309,1.515584974915372,0.04607200323763656,315.8572038135171,4.571428571428571,0.6071428571428571,0.39285714285714285,0.0,0.0,0.03571428571428571,14.458050175564754
1,atr,1.5,1.0,3,0.5,bar,none,27,15,12,0.7407407407407407,1033.0268767941889,0.0,1033.0268767941889,0.0,3.659499429252994,0.47529351936306247,195.60152003570693,4.296296296296297,0.7037037037037037,0.2222222222222222,0.07407407407407407,0.0,0.037037037037037035,38.26025469608107
1,atr,1.5,1.0,3,0.5,bar,exchange,27,15,12,0.2222222222222222,1081.0268767941889,2370.834795787212,-1289.8079189930233,1.2927935976823453,0.11517495572481423,-0.9105597769877851,1289.8079189930286,4.444444444444445,0.7037037037037037,0.2222222222222222,0.07407407407407407,0.0,0.037037037037037035,-47.770663666408275
1,atr,1.5,1.0,3,0.5,bar,cfd_std,29,18,11,0.4827586206896552,686.7172348015447,594.0,92.71723480154469,0.32491291927058846,1.0956231103365204,-0.09525490017854679,389.90677293056797,4.689655172413793,0.4827586206896552,0.41379310344827586,0.10344827586206896,0.0,0.034482758620689655,3.197146027639472
1,atr,1.5,1.0,3,0.5,bar,cfd_raw,30,18,12,0.5666666666666667,926.3159629362781,524.0,402.3159629362781,0.27137115478731055,1.514346817078177,0.04103617478579944,267.12043135616113,3.8,0.5666666666666667,0.3333333333333333,0.1,0.0,0.03333333333333333,13.410532097875937
1,atr,1.5,1.0,3,0.5,tick,none,28,16,12,0.6785714285714286,898.8231005397538,0.0,898.8231005397538,0.0,3.1958495244370457,0.4124654197278272,195.60152003570693,4.071428571428571,0.6428571428571429,0.21428571428571427,0.14285714285714285,0.0,0.03571428571428571,32.10082501927692
1,atr,1.5,1.0,3,0.5,tick,exchange,27,15,12,0.18518518518518517,971.3113451253303,2372.8940520661695,-1401.58270694084,1.3618651982095626,0.098522138842618,-0.9515175311112517,1401.5827069408406,4.2592592592592595,0.6666666666666666,0.2222222222222222,0.1111111111111111,0.0,0.037037037037037035,-51.910470627438514
1,atr,1.5,1.0,3,0.5,tick,cfd_std,31,18,13,0.45161290322580644,744.5821224038227,648.0,96.58212240382272,0.372862672556884,1.1051569686344118,-0.07507503630261016,350.23905748609104,3.838709677419355,0.45161290322580644,0.3548387096774194,0.1935483870967742,0.0,0.03225806451612903,3.115552335607185
1,atr,1.5,1.0,3,0.5,tick,cfd_raw,30,18,12,0.5333333333333333,825.9775237109716,532.0,293.9775237109716,0.29034466835952466,1.368628947239897,0.009629214750446551,248.34482578904135,3.6333333333333333,0.5333333333333333,0.3333333333333333,0.13333333333333333,0.0,0.03333333333333333,9.79925079036572
1,atr,1.5,1.0,3,1.0,off,none,13,8,5,0.6923076923076923,468.51886821968947,0.0,468.51886821968947,0.0,2.847255425101856,0.3846153846153812,108.51175211952068,4.6923076923076925,0.6923076923076923,0.3076923076923077,0.0,0.0,0.0,36.03991293997611
1,atr,1.5,1.0,3,1.0,off,exchange,13,8,5,0.23076923076923078,494.51886821968947,1141.0347997306715,-646.515931510982,1.157496366336973,0.13679642707266612,-0.9690005857466801,646.5159315109777,4.615384615384615,0.6923076923076923,0.3076923076923077,0.0,0.0,0.0,-49.731994731614
1,atr,1.5,1.0,3,1.0,off,cfd_std,13,8,5,0.6153846153846154,567.2677156972786,243.0,324.2677156972786,0.23813556970761446,1.8968083707503527,0.11858928770285591,187.81997027607576,4.615384615384615,0.6153846153846154,0.38461538461538464,0.0,0.0,0.0,24.9436704382522
1,atr,1.5,1.0,3,1.0,off,cfd_raw,13,8,5,0.6153846153846154,499.91656317486195,222.0,277.91656317486195,0.2220492284162204,1.772138729246565,0.0751180719051823,191.67112279849243,4.615384615384615,0.6153846153846154,0.38461538461538464,0.0,0.0,0.0,21.378197167297074
1,atr,1.5,1.0,3,1.0,bar,none,13,8,5,0.7692307692307693,524.2918822456559,0.0,524.2918822456559,0.0,3.6489142159796826,0.4616356649345596,108.51175211952068,4.384615384615385,0.6923076923076923,0.23076923076923078,0.07692307692307693,0.0,0.0,40.33014478812738
1,atr,1.5,1.0,3,1.0,bar,exchange,13,8,5,0.23076923076923078,548.2918822456559,1141.0616862376844,-592.7698039920285,1.224123270614595,0.14737179667046021,-0.8947793538503217,592.7698039920215,4.384615384615385,0.6923076923076923,0.23076923076923078,0.07692307692307693,0.0,0.0,-45.59767723015604
1,atr,1.5,1.0,3,1.0,bar,cfd_std,13,8,5,0.5384615384615384,544.8454270509974,256.5,288.3454270509974,0.2807575638815274,1.8474372387955984,0.07189375650064088,166.49604448546597,4.230769230769231,0.5384615384615384,0.3076923076923077,0.15384615384615385,0.0,0.0,22.18041746546134
1,atr,1.5,1.0,3,1.0,bar,cfd_raw,13,8,5,0.5384615384615384,488.4942745285807,230.0,258.4942745285807,0.25757299332544953,1.787835431473516,0.05079877583147231,159.84719700788264,4.230769230769231,0.5384615384615384,0.3076923076923077,0.15384615384615385,0.0,0.0,19.884174963736978
1,atr,1.5,1.0,3,1.0,tick,none,13,8,5,0.7692307692307693,524.7218822456489,0.0,524.7218822456489,0.0,3.6510867331431642,0.46222947757164046,108.51175211952068,4.384615384615385,0.6923076923076923,0.23076923076923078,0.07692307692307693,0.0,0.0,40.363221711203764
1,atr,1.5,1.0,3,1.0,tick,exchange,13,8,5,0.23076923076923078,548.7218822456489,1141.0619012376844,-592.3400189920355,1.2235590721242684,0.1474629574048947,-0.8941858381195595,592.3400189920358,4.384615384615385,0.6923076923076923,0.23076923076923078,0.07692307692307693,0.0,0.0,-45.564616845541195
1,atr,1.5,1.0,3,1.0,tick,cfd_std,13,8,5,0.5384615384615384,545.7754270509904,256.5,289.2754270509904,0.2804720569581493,1.8525005634333427,0.07315943082918677,165.56604448547296,4.230769230769231,0.5384615384615384,0.3076923076923077,0.15384615384615385,0.0,0.0,22.251955926999262
1,atr,1.5,1.0,3,1.0,tick,cfd_raw,13,8,5,0.5384615384615384,489.42427452857373,230.0,259.42427452857373,0.2573050125223476,1.7929173511806438,0.05206445016001821,158.91719700788963,4.230769230769231,0.5384615384615384,0.3076923076923077,0.15384615384615385,0.0,0.0,19.9557134252749
1,atr,1.5,1.0,3,2.0,off,none,1,1,0,1.0,157.19335465761833,0.0,157.19335465761833,0.0,inf,1.000000000000046,0.0,17.0,1.0,0.0,0.0,0.0,0.0,157.19335465761833
1,atr,1.5,1.0,3,2.0,off,exchange,1,1,0,1.0,159.19335465761833,86.55610667732881,72.63724798028952,0.5437168333030452,inf,0.4620885414558618,0.0,17.0,1.0,0.0,0.0,0.0,0.0,72.63724798028952
1,atr,1.5,1.0,3,2.0,off,cfd_std,1,1,0,1.0,170.69335465761833,13.5,157.19335465761833,0.07908919493133573,inf,1.000000000000046,0.0,17.0,1.0,0.0,0.0,0.0,0.0,157.19335465761833
1,atr,1.5,1.0,3,2.0,off,cfd_raw,1,1,0,1.0,165.19335465761833,14.0,151.19335465761833,0.08474917183573494,inf,0.9618304475207516,0.0,17.0,1.0,0.0,0.0,0.0,0.0,151.19335465761833
1,atr,1.5,1.0,3,2.0,bar,none,1,1,0,1.0,157.19335465761833,0.0,157.19335465761833,0.0,inf,1.000000000000046,0.0,17.0,1.0,0.0,0.0,0.0,0.0,157.19335465761833
1,atr,1.5,1.0,3,2.0,bar,exchange,1,1,0,1.0,159.19335465761833,86.55610667732881,72.63724798028952,0.5437168333030452,inf,0.4620885414558618,0.0,17.0,1.0,0.0,0.0,0.0,0.0,72.63724798028952
1,atr,1.5,1.0,3,2.0,bar,cfd_std,1,1,0,1.0,170.69335465761833,13.5,157.19335465761833,0.07908919493133573,inf,1.000000000000046,0.0,17.0,1.0,0.0,0.0,0.0,0.0,157.19335465761833
1,atr,1.5,1.0,3,2.0,bar,cfd_raw,1,1,0,1.0,165.19335465761833,14.0,151.19335465761833,0.08474917183573494,inf,0.9618304475207516,0.0,17.0,1.0,0.0,0.0,0.0,0.0,151.19335465761833
1,atr,1.5,1.0,3,2.0,tick,none,1,1,0,1.0,157.19335465761833,0.0,157.19335465761833,0.0,inf,1.000000000000046,0.0,17.0,1.0,0.0,0.0,0.0,0.0,157.19335465761833
1,atr,1.5,1.0,3,2.0,tick,exchange,1,1,0,1.0,159.19335465761833,86.55610667732881,72.63724798028952,0.5437168333030452,inf,0.4620885414558618,0.0,17.0,1.0,0.0,0.0,0.0,0.0,72.63724798028952
1,atr,1.5,1.0,3,2.0,tick,cfd_std,1,1,0,1.0,170.69335465761833,13.5,157.19335465761833,0.07908919493133573,inf,1.000000000000046,0.0,17.0,1.0,0.0,0.0,0.0,0.0,157.19335465761833
1,atr,1.5,1.0,3,2.0,tick,cfd_raw,1,1,0,1.0,165.19335465761833,14.0,151.19335465761833,0.08474917183573494,inf,0.9618304475207516,0.0,17.0,1.0,0.0,0.0,0.0,0.0,151.19335465761833
1,atr,1.5,1.0,5,0.5,off,none,22,10,12,0.7272727272727273,816.8652622636582,0.0,816.8652622636582,0.0,3.4636657173263137,0.4545454545454517,101.370147025591,2.909090909090909,0.7272727272727273,0.2727272727272727,0.0,0.0,0.09090909090909091,37.130239193802645
1,atr,1.5,1.0,5,0.5,off,exchange,22,10,12,0.22727272727272727,856.8652622636582,1931.4552227534737,-1074.5899604898154,1.2876409248903895,0.12475804366380609,-1.0366153178823565,1074.589960489815,2.909090909090909,0.7272727272727273,0.2727272727272727,0.0,0.0,0.09090909090909091,-48.84499820408252
1,atr,1.5,1.0,5,0.5,off,cfd_std,21,11,10,0.6190476190476191,738.6561236113048,391.5,347.1561236113048,0.2630198679434417,1.5874917942383244,0.1058848169153645,207.10010538014467,4.285714285714286,0.6190476190476191,0.38095238095238093,0.0,0.0,0.09523809523809523,16.531243981490704
1,atr,1.5,1.0,5,0.5,off,cfd_raw,21,11,10,0.6666666666666666,824.325646016805,350.0,474.32564601680497,0.2376374443735325,1.9917878993738745,0.1575258053502562,184.0918010771711,3.4761904761904763,0.6666666666666666,0.3333333333333333,0.0,0.0,0.09523809523809523,22.58693552460976
1,atr,1.5,1.0,5,0.5,bar,none,22,10,12,0.7272727272727273,816.8652622636582,0.0,816.8652622636582,0.0,3.4636657173263137,0.4545454545454517,101.370147025591,2.909090909090909,0.7272727272727273,0.2727272727272727,0.0,0.0,0.09090909090909091,37.130239193802645
1,atr,1.5,1.0,5,0.5,bar,exchange,22,10,12,0.22727272727272727,856.8652622636582,1931.4552227534737,-1074.5899604898154,1.2876409248903895,0.12475804366380609,-1.0366153178823565,1074.589960489815,2.909090909090909,0.7272727272727273,0.2727272727272727,0.0,0.0,0.09090909090909091,-48.84499820408252
1,atr,1.5,1.0,5,0.5,bar,cfd_std,21,11,10,0.6190476190476191,738.6561236113048,391.5,347.1561236113048,0.2630198679434417,1.5874917942383244,0.1058848169153645,207.10010538014467,4.285714285714286,0.6190476190476191,0.38095238095238093,0.0,0.0,0.09523809523809523,16.531243981490704
1,atr,1.5,1.0,5,0.5,bar,cfd_raw,23,11,12,0.6521739130434783,877.2384926835512,386.0,491.23849268355116,0.25074460050927533,1.968743581774442,0.15501138757538133,167.17895441042492,2.782608695652174,0.6521739130434783,0.30434782608695654,0.043478260869565216,0.0,0.08695652173913043,21.358195334067442
1,atr,1.5,1.0,5,0.5,tick,none,22,10,12,0.7272727272727273,816.8652622636582,0.0,816.8652622636582,0.0,3.4636657173263137,0.4545454545454517,101.370147025591,2.909090909090909,0.7272727272727273,0.2727272727272727,0.0,0.0,0.09090909090909091,37.130239193802645
1,atr,1.5,1.0,5,0.5,tick,exchange,22,10,12,0.22727272727272727,856.8652622636582,1931.4552227534737,-1074.5899604898154,1.2876409248903895,0.12475804366380609,-1.0366153178823565,1074.589960489815,2.909090909090909,0.7272727272727273,0.2727272727272727,0.0,0.0,0.09090909090909091,-48.84499820408252
1,atr,1.5,1.0,5,0.5,tick,cfd_std,23,11,12,0.6086956521739131,907.505056006019,432.0,475.505056006019,0.29002339534810356,1.9245470702971907,0.16638446525108047,141.870147025591,3.4347826086956523,0.6086956521739131,0.30434782608695654,0.08695652173913043,0.0,0.08695652173913043,20.674132869826913
1,atr,1.5,1.0,5,0.5,tick,cfd_raw,23,11,12,0.6521739130434783,895.0840982506779,386.0,509.0840982506779,0.2514958868609824,2.0405554351455226,0.16913446060167517,149.370147025591,2.782608695652174,0.6521739130434783,0.30434782608695654,0.043478260869565216,0.0,0.08695652173913043,22.134091228290345
1,atr,1.5,1.0,5,1.0,off,none,9,3,6,0.8888888888888888,576.3216184864141,0.0,576.3216184864141,0.0,13.016831022120739,0.777777777777773,47.95953420877049,4.222222222222222,0.8888888888888888,0.1111111111111111,0.0,0.0,0.1111111111111111,64.03573538737935
1,atr,1.5,1.0,5,1.0,off,exchange,9,3,6,0.3333333333333333,592.3216184864141,785.5371945585002,-193.2155760720861,1.1413698862998534,0.34651022514160873,-0.6196349549053684,262.3455582104507,4.222222222222222,0.8888888888888888,0.1111111111111111,0.0,0.0,0.1111111111111111,-21.4683973413429
1,atr,1.5,1.0,5,1.0,off,cfd_std,9,3,6,0.7777777777777778,607.5704659640032,148.5,459.07046596400323,0.1960681964284873,4.561183187742682,0.438982964683036,77.16154094452213,4.0,0.7777777777777778,0.2222222222222222,0.0,0.0,0.1111111111111111,51.007829551555915
1,atr,1.5,1.0,5,1.0,off,cfd_raw,9,3,6,0.7777777777777778,567.7193134415866,142.0,425.71931344158656,0.1971563153567522,4.539970750318319,0.39629502635969993,74.5126934669388,3.888888888888889,0.7777777777777778,0.2222222222222222,0.0,0.0,0.1111111111111111,47.302145937954066
1,atr,1.5,1.0,5,1.0,bar,none,9,3,6,0.8888888888888888,576.3216184864141,0.0,576.3216184864141,0.0,13.016831022120739,0.777777777777773,47.95953420877049,4.222222222222222,0.8888888888888888,0.1111111111111111,0.0,0.0,0.1111111111111111,64.03573538737935
1,atr,1.5,1.0,5,1.0,bar,exchange,9,3,6,0.3333333333333333,592.3216184864141,785.5371945585002,-193.2155760720861,1.1413698862998534,0.34651022514160873,-0.6196349549053684,262.3455582104507,4.222222222222222,0.8888888888888888,0.1111111111111111,0.0,0.0,0.1111111111111111,-21.4683973413429
1,atr,1.5,1.0,5,1.0,bar,cfd_std,9,3,6,0.7777777777777778,607.5704659640032,148.5,459.07046596400323,0.1960681964284873,4.561183187742682,0.438982964683036,77.16154094452213,4.0,0.7777777777777778,0.2222222222222222,0.0,0.0,0.1111111111111111,51.007829551555915
1,atr,1.5,1.0,5,1.0,bar,cfd_raw,9,3,6,0.7777777777777778,567.7193134415866,142.0,425.71931344158656,0.1971563153567522,4.539970750318319,0.39629502635969993,74.5126934669388,3.888888888888889,0.7777777777777778,0.2222222222222222,0.0,0.0,0.1111111111111111,47.302145937954066
1,atr,1.5,1.0,5,1.0,tick,none,9,3,6,0.8888888888888888,576.3216184864141,0.0,576.3216184864141,0.0,13.016831022120739,0.777777777777773,47.95953420877049,4.222222222222222,0.8888888888888888,0.1111111111111111,0.0,0.0,0.1111111111111111,64.03573538737935
1,atr,1.5,1.0,5,1.0,tick,exchange,9,3,6,0.3333333333333333,592.3216184864141,785.5371945585002,-193.2155760720861,1.1413698862998534,0.34651022514160873,-0.6196349549053684,262.3455582104507,4.222222222222222,0.8888888888888888,0.1111111111111111,0.0,0.0,0.1111111111111111,-21.4683973413429
1,atr,1.5,1.0,5,1.0,tick,cfd_std,9,3,6,0.7777777777777778,607.5704659640032,148.5,459.07046596400323,0.1960681964284873,4.561183187742682,0.438982964683036,77.16154094452213,4.0,0.7777777777777778,0.2222222222222222,0.0,0.0,0.1111111111111111,51.007829551555915
1,atr,1.5,1.0,5,1.0,tick,cfd_raw,9,3,6,0.7777777777777778,567.7193134415866,142.0,425.71931344158656,0.1971563153567522,4.539970750318319,0.39629502635969993,74.5126934669388,3.888888888888889,0.7777777777777778,0.2222222222222222,0.0,0.0,0.1111111111111111,47.302145937954066
1,atr,1.5,1.0,5,2.0,off,none,2,1,1,1.0,201.78768405131996,0.0,201.78768405131996,0.0,inf,1.00000000000004,0.0,9.5,1.0,0.0,0.0,0.0,0.0,100.89384202565998
1,atr,1.5,1.0,5,2.0,off,exchange,2,1,1,0.5,205.78768405131996,174.01270951263197,31.774974538687985,0.845593410095602,1.777707442773993,-0.2270707385054446,40.85723344159487,9.5,1.0,0.0,0.0,0.0,0.0,15.887487269343993
1,atr,1.5,1.0,5,2.0,off,cfd_std,2,1,1,1.0,228.78768405131996,27.0,201.78768405131996,0.1180133454821089,inf,1.00000000000004,0.0,9.5,1.0,0.0,0.0,0.0,0.0,100.89384202565998
1,atr,1.5,1.0,5,2.0,off,cfd_raw,2,1,1,1.0,217.78768405131996,28.0,189.78768405131996,0.1285655803814968,inf,0.9136420964191436,0.0,9.5,1.0,0.0,0.0,0.0,0.0,94.89384202565998
1,atr,1.5,1.0,5,2.0,bar,none,2,1,1,1.0,201.78768405131996,0.0,201.78768405131996,0.0,inf,1.00000000000004,0.0,9.5,1.0,0.0,0.0,0.0,0.0,100.89384202565998
1,atr,1.5,1.0,5,2.0,bar,exchange,2,1,1,0.5,205.78768405131996,174.01270951263197,31.774974538687985,0.845593410095602,1.777707442773993,-0.2270707385054446,40.85723344159487,9.5,1.0,0.0,0.0,0.0,0.0,15.887487269343993
1,atr,1.5,1.0,5,2.0,bar,cfd_std,2,1,1,1.0,228.78768405131996,27.0,201.78768405131996,0.1180133454821089,inf,1.00000000000004,0.0,9.5,1.0,0.0,0.0,0.0,0.0,100.89384202565998
1,atr,1.5,1.0,5,2.0,bar,cfd_raw,2,1,1,1.0,217.78768405131996,28.0,189.78768405131996,0.1285655803814968,inf,0.9136420964191436,0.0,9.5,1.0,0.0,0.0,0.0,0.0,94.89384202565998
1,atr,1.5,1.0,5,2.0,tick,none,2,1,1,1.0,201.78768405131996,0.0,201.78768405131996,0.0,inf,1.00000000000004,0.0,9.5,1.0,0.0,0.0,0.0,0.0,100.89384202565998
1,atr,1.5,1.0,5,2.0,tick,exchange,2,1,1,0.5,205.78768405131996,174.01270951263197,31.774974538687985,0.845593410095602,1.777707442773993,-0.2270707385054446,40.85723344159487,9.5,1.0,0.0,0.0,0.0,0.0,15.887487269343993
1,atr,1.5,1.0,5,2.0,tick,cfd_std,2,1,1,1.0,228.78768405131996,27.0,201.78768405131996,0.1180133454821089,inf,1.00000000000004,0.0,9.5,1.0,0.0,0.0,0.0,0.0,100.89384202565998
1,atr,1.5,1.0,5,2.0,tick,cfd_raw,2,1,1,1.0,217.78768405131996,28.0,189.78768405131996,0.1285655803814968,inf,0.9136420964191436,0.0,9.5,1.0,0.0,0.0,0.0,0.0,94.89384202565998
1,atr,1.5,1.0,8,0.5,off,none,13,4,9,0.8461538461538461,693.6783853209345,0.0,693.6783853209345,0.0,6.958029394886791,0.6923076923076809,65.6240134058753,2.923076923076923,0.8461538461538461,0.15384615384615385,0.0,0.0,0.3076923076923077,53.359875793918036
1,atr,1.5,1.0,8,0.5,off,exchange,13,4,9,0.23076923076923078,711.6783853209345,1137.655918353694,-425.9775330327597,1.20958593222252,0.19393107746898477,-0.7172068360853885,518.4402072579687,3.0,0.8461538461538461,0.15384615384615385,0.0,0.0,0.3076923076923077,-32.76750254098152
1,atr,1.5,1.0,8,0.5,off,cfd_std,14,5,9,0.7857142857142857,791.063073493875,229.5,561.563073493875,0.21840127402115586,3.6629825854712053,0.42497399895646215,118.17316527427465,3.2857142857142856,0.7857142857142857,0.21428571428571427,0.0,0.0,0.2857142857142857,40.11164810670535
1,atr,1.5,1.0,8,0.5,off,cfd_raw,14,5,9,0.7857142857142857,740.2119209714583,220.0,520.2119209714583,0.2170333283594279,3.5660504809641753,0.3876962752533685,114.17316527427465,2.7142857142857144,0.7857142857142857,0.21428571428571427,0.0,0.0,0.2857142857142857,37.157994355104165
1,atr,1.5,1.0,8,0.5,bar,none,13,4,9,0.8461538461538461,693.6783853209345,0.0,693.6783853209345,0.0,6.958029394886791,0.6923076923076809,65.6240134058753,2.923076923076923,0.8461538461538461,0.15384615384615385,0.0,0.0,0.3076923076923077,53.359875793918036
1,atr,1.5,1.0,8,0.5,bar,exchange,13,4,9,0.23076923076923078,711.6783853209345,1137.655918353694,-425.9775330327597,1.20958593222252,0.19393107746898477,-0.7172068360853885,518.4402072579687,3.0,0.8461538461538461,0.15384615384615385,0.0,0.0,0.3076923076923077,-32.76750254098152
1,atr,1.5,1.0,8,0.5,bar,cfd_std,14,5,9,0.7857142857142857,791.063073493875,229.5,561.563073493875,0.21840127402115586,3.6629825854712053,0.42497399895646215,118.17316527427465,3.2857142857142856,0.7857142857142857,0.21428571428571427,0.0,0.0,0.2857142857142857,40.11164810670535
1,atr,1.5,1.0,8,0.5,bar,cfd_raw,14,5,9,0.7857142857142857,740.2119209714583,220.0,520.2119209714583,0.2170333283594279,3.5660504809641753,0.3876962752533685,114.17316527427465,2.7142857142857144,0.7857142857142857,0.21428571428571427,0.0,0.0,0.2857142857142857,37.157994355104165
1,atr,1.5,1.0,8,0.5,tick,none,13,4,9,0.8461538461538461,693.6783853209345,0.0,693.6783853209345,0.0,6.958029394886791,0.6923076923076809,65.6240134058753,2.923076923076923,0.8461538461538461,0.15384615384615385,0.0,0.0,0.3076923076923077,53.359875793918036
1,atr,1.5,1.0,8,0.5,tick,exchange,13,4,9,0.23076923076923078,711.6783853209345,1137.655918353694,-425.9775330327597,1.20958593222252,0.19393107746898477,-0.7172068360853885,518.4402072579687,3.0,0.8461538461538461,0.15384615384615385,0.0,0.0,0.3076923076923077,-32.76750254098152
1,atr,1.5,1.0,8,0.5,tick,cfd_std,14,5,9,0.7857142857142857,791.063073493875,229.5,561.563073493875,0.21840127402115586,3.6629825854712053,0.42497399895646215,118.17316527427465,3.2857142857142856,0.7857142857142857,0.21428571428571427,0.0,0.0,0.2857142857142857,40.11164810670535
1,atr,1.5,1.0,8,0.5,tick,cfd_raw,14,5,9,0.7857142857142857,740.2119209714583,220.0,520.2119209714583,0.2170333283594279,3.5660504809641753,0.3876962752533685,114.17316527427465,2.7142857142857144,0.7857142857142857,0.21428571428571427,0.0,0.0,0.2857142857142857,37.157994355104165
1,atr,1.5,1.0,8,1.0,off,none,5,3,2,1.0,468.44378651729494,0.0,468.44378651729494,0.0,inf,1.0000000000000415,0.0,5.6,1.0,0.0,0.0,0.0,0.0,93.68875730345898
1,atr,1.5,1.0,8,1.0,off,exchange,5,3,2,0.6,478.44378651729494,434.2886771859541,44.15510933134087,0.9077109775993617,1.7569844409745736,-0.14753335800136277,49.59883805384743,5.8,1.0,0.0,0.0,0.0,0.0,8.831021866268173
1,atr,1.5,1.0,8,1.0,off,cfd_std,5,3,2,0.8,459.1926339948841,81.0,378.1926339948841,0.15786623044915618,8.01005809073039,0.5027642581502707,53.94999999999709,5.2,0.8,0.2,0.0,0.0,0.0,75.63852679897681
1,atr,1.5,1.0,8,1.0,off,cfd_raw,5,3,2,0.8,435.8414814724674,78.0,357.8414814724674,0.15839371342592945,8.113981758430214,0.47501078525742224,50.30115252241376,5.2,0.8,0.2,0.0,0.0,0.0,71.56829629449348
1,atr,1.5,1.0,8,1.0,bar,none,5,3,2,1.0,468.44378651729494,0.0,468.44378651729494,0.0,inf,1.0000000000000415,0.0,5.6,1.0,0.0,0.0,0.0,0.0,93.68875730345898
1,atr,1.5,1.0,8,1.0,bar,exchange,5,3,2,0.6,478.44378651729494,434.2886771859541,44.15510933134087,0.9077109775993617,1.7569844409745736,-0.14753335800136277,49.59883805384743,5.8,1.0,0.0,0.0,0.0,0.0,8.831021866268173
1,atr,1.5,1.0,8,1.0,bar,cfd_std,5,3,2,0.8,459.1926339948841,81.0,378.1926339948841,0.15786623044915618,8.01005809073039,0.5027642581502707,53.94999999999709,5.2,0.8,0.2,0.0,0.0,0.0,75.63852679897681
1,atr,1.5,1.0,8,1.0,bar,cfd_raw,5,3,2,0.8,435.8414814724674,78.0,357.8414814724674,0.15839371342592945,8.113981758430214,0.47501078525742224,50.30115252241376,5.2,0.8,0.2,0.0,0.0,0.0,71.56829629449348
1,atr,1.5,1.0,8,1.0,tick,none,5,3,2,1.0,468.44378651729494,0.0,468.44378651729494,0.0,inf,1.0000000000000415,0.0,5.6,1.0,0.0,0.0,0.0,0.0,93.68875730345898
1,atr,1.5,1.0,8,1.0,tick,exchange,5,3,2,0.6,478.44378651729494,434.2886771859541,44.15510933134087,0.9077109775993617,1.7569844409745736,-0.14753335800136277,49.59883805384743,5.8,1.0,0.0,0.0,0.0,0.0,8.831021866268173
1,atr,1.5,1.0,8,1.0,tick,cfd_std,5,3,2,0.8,459.1926339948841,81.0,378.1926339948841,0.15786623044915618,8.01005809073039,0.5027642581502707,53.94999999999709,5.2,0.8,0.2,0.0,0.0,0.0,75.63852679897681
1,atr,1.5,1.0,8,1.0,tick,cfd_raw,5,3,2,0.8,435.8414814724674,78.0,357.8414814724674,0.15839371342592945,8.113981758430214,0.47501078525742224,50.30115252241376,5.2,0.8,0.2,0.0,0.0,0.0,71.56829629449348
1,atr,1.5,1.0,8,2.0,off,none,1,1,0,1.0,157.19335465761833,0.0,157.19335465761833,0.0,inf,1.000000000000046,0.0,17.0,1.0,0.0,0.0,0.0,0.0,157.19335465761833
1,atr,1.5,1.0,8,2.0,off,exchange,1,1,0,1.0,159.19335465761833,86.56114667732882,72.63220798028951,0.5437484929160412,inf,0.4620564790317791,0.0,17.0,1.0,0.0,0.0,0.0,0.0,72.63220798028951
1,atr,1.5,1.0,8,2.0,off,cfd_std,1,1,0,1.0,170.69335465761833,13.5,157.19335465761833,0.07908919493133573,inf,1.000000000000046,0.0,17.0,1.0,0.0,0.0,0.0,0.0,157.19335465761833
1,atr,1.5,1.0,8,2.0,off,cfd_raw,1,1,0,1.0,165.19335465761833,14.0,151.19335465761833,0.08474917183573494,inf,0.9618304475207516,0.0,17.0,1.0,0.0,0.0,0.0,0.0,151.19335465761833
1,atr,1.5,1.0,8,2.0,bar,none,1,1,0,1.0,157.19335465761833,0.0,157.19335465761833,0.0,inf,1.000000000000046,0.0,17.0,1.0,0.0,0.0,0.0,0.0,157.19335465761833
1,atr,1.5,1.0,8,2.0,bar,exchange,1,1,0,1.0,159.19335465761833,86.56114667732882,72.63220798028951,0.5437484929160412,inf,0.4620564790317791,0.0,17.0,1.0,0.0,0.0,0.0,0.0,72.63220798028951
1,atr,1.5,1.0,8,2.0,bar,cfd_std,1,1,0,1.0,170.69335465761833,13.5,157.19335465761833,0.07908919493133573,inf,1.000000000000046,0.0,17.0,1.0,0.0,0.0,0.0,0.0,157.19335465761833
1,atr,1.5,1.0,8,2.0,bar,cfd_raw,1,1,0,1.0,165.19335465761833,14.0,151.19335465761833,0.08474917183573494,inf,0.9618304475207516,0.0,17.0,1.0,0.0,0.0,0.0,0.0,151.19335465761833
1,atr,1.5,1.0,8,2.0,tick,none,1,1,0,1.0,157.19335465761833,0.0,157.19335465761833,0.0,inf,1.000000000000046,0.0,17.0,1.0,0.0,0.0,0.0,0.0,157.19335465761833
1,atr,1.5,1.0,8,2.0,tick,exchange,1,1,0,1.0,159.19335465761833,86.56114667732882,72.63220798028951,0.5437484929160412,inf,0.4620564790317791,0.0,17.0,1.0,0.0,0.0,0.0,0.0,72.63220798028951
1,atr,1.5,1.0,8,2.0,tick,cfd_std,1,1,0,1.0,170.69335465761833,13.5,157.19335465761833,0.07908919493133573,inf,1.000000000000046,0.0,17.0,1.0,0.0,0.0,0.0,0.0,157.19335465761833
1,atr,1.5,1.0,8,2.0,tick,cfd_raw,1,1,0,1.0,165.19335465761833,14.0,151.19335465761833,0.08474917183573494,inf,0.9618304475207516,0.0,17.0,1.0,0.0,0.0,0.0,0.0,151.19335465761833
1,atr,1.5,1.5,3,0.5,off,none,22,12,10,0.5909090909090909,873.6704814721161,0.0,873.6704814721161,0.0,2.476029178922312,0.47727272727273024,288.61185749966535,8.363636363636363,0.5909090909090909,0.4090909090909091,0.0,0.0,0.045454545454545456,39.712294612368915
1,atr,1.5,1.5,3,0.5,off,exchange,21,11,10,0.3333333333333333,793.4312394003791,1847.894938766982,-1054.4636993666027,0.9270133822985213,0.28080972483331473,-0.9087874655131243,1054.4636993666063,9.19047619047619,0.5714285714285714,0.42857142857142855,0.0,0.0,0.047619047619047616,-50.212557112695364
1,atr,1.5,1.5,3,0.5,off,cfd_std,25,14,11,0.44,757.9942661480163,526.5,231.49426614801632,0.2541848190531302,1.223738028180342,-0.05560833419814774,384.3849202445417,7.44,0.44,0.56,0.0,0.0,0.04,9.259770645920653
1,atr,1.5,1.5,3,0.5,off,cfd_raw,24,14,10,0.4583333333333333,653.33335676344,440.0,213.33335676343995,0.21462397091414198,1.216718077607124,-0.039366670612611676,342.8134016430122,7.791666666666667,0.4583333333333333,0.5416666666666666,0.0,0.0,0.041666666666666664,8.888889865143332
1,atr,1.5,1.5,3,0.5,bar,none,26,14,12,0.6153846153846154,1005.3746735189052,0.0,1005.3746735189052,0.0,3.031422803802576,0.4902042957523288,288.61185749966535,6.076923076923077,0.5,0.2692307692307692,0.23076923076923078,0.0,0.038461538461538464,38.668256673804045
1,atr,1.5,1.5,3,0.5,bar,exchange,25,13,12,0.28,921.1354314471682,2206.5931076758216,-1285.4576762286533,1.1402987849656572,0.2429612056577424,-0.9381396708257035,1285.4576762286597,6.8,0.48,0.28,0.24,0.0,0.04,-51.41830704914614
1,atr,1.5,1.5,3,0.5,bar,cfd_std,27,16,11,0.4074074074074074,704.476381605331,607.5,96.97638160533097,0.3200596782021196,1.0961513943757737,-0.12456212644015219,417.30105514578463,6.037037037037037,0.3333333333333333,0.4444444444444444,0.2222222222222222,0.0,0.037037037037037035,3.5917178372344805
1,atr,1.5,1.5,3,0.5,bar,cfd_raw,28,16,12,0.4642857142857143,799.9866973422613,528.0,271.9866973422613,0.25993609306092286,1.289495499377467,0.0051112739332520585,330.61185749966535,5.821428571428571,0.39285714285714285,0.39285714285714285,0.21428571428571427,0.0,0.03571428571428571,9.713810619366475
1,atr,1.5,1.5,3,0.5,tick,none,28,16,12,0.6785714285714286,867.5746823573136,0.0,867.5746823573136,0.0,3.1195087804529225,0.43663418904983387,195.60152003570693,5.214285714285714,0.39285714285714285,0.21428571428571427,0.39285714285714285,0.0,0.03571428571428571,30.98481008418977
1,atr,1.5,1.5,3,0.5,tick,exchange,26,14,12,0.23076923076923078,899.3217848305503,2299.1651542269765,-1399.8433693964264,1.4360981094404814,0.12748876383920224,-0.8899428304881947,1399.8433693964325,6.0,0.38461538461538464,0.19230769230769232,0.4230769230769231,0.0,0.038461538461538464,-53.84012959217024
1,atr,1.5,1.5,3,0.5,tick,cfd_std,30,17,13,0.4666666666666667,750.9408960861329,702.0,48.94089608613285,0.41346439300136945,1.056367347389142,-0.05881658498039254,306.68935703749594,4.8,0.26666666666666666,0.3333333333333333,0.4,0.0,0.03333333333333333,1.6313632028710952
1,atr,1.5,1.5,3,0.5,tick,cfd_raw,29,17,12,0.4827586206896552,766.3143685241957,566.0,200.31436852419574,0.3299855546991869,1.261080538800623,0.030004412627952025,236.08932743799232,5.137931034482759,0.3103448275862069,0.3103448275862069,0.3793103448275862,0.0,0.034482758620689655,6.907392018075715
1,atr,1.5,1.5,3,1.0,off,none,13,8,5,0.6923076923076923,829.5931601594493,0.0,829.5931601594493,0.0,4.270883137652755,0.7307692307692343,108.51175211952068,6.384615384615385,0.6923076923076923,0.3076923076923077,0.0,0.0,0.0,63.814858473803795
1,atr,1.5,1.5,3,1.0,off,exchange,13,8,5,0.46153846153846156,698.6462726862374,1143.1378295925986,-444.4915569063613,0.8716507008378179,0.43874081811065874,-0.8177216503719382,448.5873007479968,6.615384615384615,0.6153846153846154,0.38461538461538464,0.0,0.0,0.0,-34.19165822356626
1,atr,1.5,1.5,3,1.0,off,cfd_std,13,8,5,0.5384615384615384,753.2445439026196,256.5,496.7445439026196,0.19655752519049866,2.1344865457694526,0.21743229536304434,161.94597364394576,6.3076923076923075,0.5384615384615384,0.46153846153846156,0.0,0.0,0.0,38.21111876173997
1,atr,1.5,1.5,3,1.0,off,cfd_raw,13,8,5,0.5384615384615384,685.893391380203,230.0,455.89339138020296,0.1775633104331177,2.043927972251546,0.18070025308273535,165.79712616636243,6.384615384615385,0.5384615384615384,0.46153846153846156,0.0,0.0,0.0,35.068722413861764
1,atr,1.5,1.5,3,1.0,bar,none,13,8,5,0.7692307692307693,805.5477642947226,0.0,805.5477642947226,0.0,5.069921730146379,0.7005356473299922,108.51175211952068,5.461538461538462,0.6153846153846154,0.23076923076923078,0.15384615384615385,0.0,0.0,61.96521263805558
1,atr,1.5,1.5,3,1.0,bar,exchange,13,8,5,0.38461538461538464,670.6008768215106,1145.1228068946662,-474.52193007315566,0.9737334781591319,0.4224236092390478,-0.8560728613870755,478.2074369202892,5.769230769230769,0.5384615384615384,0.3076923076923077,0.15384615384615385,0.0,0.0,-36.50168692870428
1,atr,1.5,1.5,3,1.0,bar,cfd_std,13,8,5,0.46153846153846156,702.1991480378929,270.0,432.1991480378929,0.2308657528046541,2.037606972513408,0.13227522569928984,140.62204785333597,5.461538461538462,0.46153846153846156,0.38461538461538464,0.15384615384615385,0.0,0.0,33.24608831060714
1,atr,1.5,1.5,3,1.0,bar,cfd_raw,13,8,5,0.46153846153846156,645.8479955154762,238.0,407.8479955154762,0.20519682683777957,2.00731638127429,0.11791941854748576,133.97320037575264,5.538461538461538,0.46153846153846156,0.38461538461538464,0.15384615384615385,0.0,0.0,31.372922731959708
1,atr,1.5,1.5,3,1.0,tick,none,13,8,5,0.7692307692307693,666.6523232992186,0.0,666.6523232992186,0.0,4.368171196432472,0.6333772895044602,108.51175211952068,5.076923076923077,0.5384615384615384,0.23076923076923078,0.23076923076923078,0.0,0.0,51.28094794609373
1,atr,1.5,1.5,3,1.0,tick,exchange,13,8,5,0.38461538461538464,617.8549897538032,1147.0072843972046,-529.1522946434014,1.1450501993878925,0.2775596152539208,-0.8170900439171688,529.1522946433979,5.153846153846154,0.46153846153846156,0.23076923076923078,0.3076923076923077,0.0,0.0,-40.70402266487703
1,atr,1.5,1.5,3,1.0,tick,cfd_std,13,8,5,0.5384615384615384,626.4532609701855,283.5,342.9532609701855,0.284865233486351,2.0106902310677426,0.1458233566494439,139.69204785334296,4.846153846153846,0.38461538461538464,0.3076923076923077,0.3076923076923077,0.0,0.0,26.381020074629653
1,atr,1.5,1.5,3,1.0,tick,cfd_raw,13,8,5,0.5384615384615384,581.1021084477688,246.0,335.10210844776884,0.24960464213770214,2.0242228746261284,0.1435896086210586,133.04320037575962,4.923076923076923,0.38461538461538464,0.3076923076923077,0.3076923076923077,0.0,0.0,25.77708526521299
1,atr,1.5,1.5,3,2.0,off,none,1,1,0,1.0,235.79003198641294,0.0,235.79003198641294,0.0,inf,1.4999999999999762,0.0,24.0,1.0,0.0,0.0,0.0,0.0,235.79003198641294
1,atr,1.5,1.5,3,2.0,off,exchange,1,1,0,1.0,237.79003198641294,86.59540501599321,151.19462697041973,0.3641675148979381,inf,0.9618385414557922,0.0,24.0,1.0,0.0,0.0,0.0,0.0,151.19462697041973
1,atr,1.5,1.5,3,2.0,off,cfd_std,1,1,0,1.0,249.29003198641294,13.5,235.79003198641294,0.054153789834387726,inf,1.4999999999999762,0.0,24.0,1.0,0.0,0.0,0.0,0.0,235.79003198641294
1,atr,1.5,1.5,3,2.0,off,cfd_raw,1,1,0,1.0,243.79003198641294,14.0,229.79003198641294,0.05742646606970484,inf,1.461830447520682,0.0,24.0,1.0,0.0,0.0,0.0,0.0,229.79003198641294
1,atr,1.5,1.5,3,2.0,bar,none,1,1,0,1.0,235.79003198641294,0.0,235.79003198641294,0.0,inf,1.4999999999999762,0.0,24.0,1.0,0.0,0.0,0.0,0.0,235.79003198641294
1,atr,1.5,1.5,3,2.0,bar,exchange,1,1,0,1.0,237.79003198641294,86.59540501599321,151.19462697041973,0.3641675148979381,inf,0.9618385414557922,0.0,24.0,1.0,0.0,0.0,0.0,0.0,151.19462697041973
1,atr,1.5,1.5,3,2.0,bar,cfd_std,1,1,0,1.0,249.29003198641294,13.5,235.79003198641294,0.054153789834387726,inf,1.4999999999999762,0.0,24.0,1.0,0.0,0.0,0.0,0.0,235.79003198641294
1,atr,1.5,1.5,3,2.0,bar,cfd_raw,1,1,0,1.0,243.79003198641294,14.0,229.79003198641294,0.05742646606970484,inf,1.461830447520682,0.0,24.0,1.0,0.0,0.0,0.0,0.0,229.79003198641294
1,atr,1.5,1.5,3,2.0,tick,none,1,1,0,1.0,95.9645909909159,0.0,95.9645909909159,0.0,inf,0.6104875819969621,0.0,19.0,0.0,0.0,1.0,0.0,0.0,95.9645909909159
1,atr,1.5,1.5,3,2.0,tick,exchange,1,1,0,1.0,95.9645909909159,88.52349229549546,7.441098695420436,0.9224599550877592,inf,0.04733723452640971,0.0,19.0,0.0,0.0,1.0,0.0,0.0,7.441098695420436
1,atr,1.5,1.5,3,2.0,tick,cfd_std,1,1,0,1.0,95.9645909909159,27.0,68.9645909909159,0.28135377560829544,inf,0.4387245958401379,0.0,19.0,0.0,0.0,1.0,0.0,0.0,68.9645909909159
1,atr,1.5,1.5,3,2.0,tick,cfd_raw,1,1,0,1.0,95.9645909909159,22.0,73.9645909909159,0.22925122456972222,inf,0.47053255623954976,0.0,19.0,0.0,0.0,1.0,0.0,0.0,73.9645909909159
1,atr,1.5,1.5,5,0.5,off,none,19,9,10,0.631578947368421,804.706559229613,0.0,804.706559229613,0.0,2.875937748408269,0.5789473684210854,180.10010538014467,6.0,0.631578947368421,0.3684210526315789,0.0,0.0,0.10526315789473684,42.35297680155858
1,atr,1.5,1.5,5,0.5,off,exchange,18,8,10,0.2777777777777778,716.4673171578761,1583.6091095751062,-867.1417924172302,0.9881905703577826,0.2612420349014671,-0.941252869694066,867.1417924172274,6.888888888888889,0.6111111111111112,0.3888888888888889,0.0,0.0,0.1111111111111111,-48.17454402317946
1,atr,1.5,1.5,5,0.5,off,cfd_std,18,9,9,0.5,685.5522567877924,364.5,321.05225678779243,0.23588402149837845,1.477153268874008,0.0860397252475552,263.34150248199876,7.5,0.5,0.5,0.0,0.0,0.1111111111111111,17.83623648821069
1,atr,1.5,1.5,5,0.5,off,cfd_raw,19,9,10,0.5263157894736842,659.0058539037564,338.0,321.00585390375636,0.20900258995905804,1.4740896386146831,0.12468189546544893,208.10010538014467,6.7368421052631575,0.5263157894736842,0.47368421052631576,0.0,0.0,0.10526315789473684,16.895044942302967
1,atr,1.5,1.5,5,0.5,bar,none,21,9,12,0.6190476190476191,825.5557963893953,0.0,825.5557963893953,0.0,2.8943566901023265,0.5401846210886394,180.10010538014467,4.761904761904762,0.5714285714285714,0.3333333333333333,0.09523809523809523,0.0,0.09523809523809523,39.31218078044739
1,atr,1.5,1.5,5,0.5,bar,exchange,20,8,12,0.25,737.3165543176583,1763.2620810065025,-1025.945526688844,1.0770948629531372,0.23010995245606933,-1.0053610119411303,1025.94552668884,5.5,0.55,0.35,0.1,0.0,0.1,-51.2972763344422
1,atr,1.5,1.5,5,0.5,bar,cfd_std,19,9,10,0.47368421052631576,634.4149993624887,418.5,215.91499936248874,0.2913570739489048,1.339296932578964,-0.027499313150464142,297.85158336974564,6.2105263157894735,0.3684210526315789,0.42105263157894735,0.21052631578947367,0.0,0.10526315789473684,11.363947334867829
1,atr,1.5,1.5,5,0.5,bar,cfd_raw,21,9,12,0.5714285714285714,752.8225519363623,382.0,370.8225519363623,0.23333061122382867,1.57925664178254,0.15613998394232856,208.10010538014467,5.285714285714286,0.47619047619047616,0.38095238095238093,0.14285714285714285,0.0,0.09523809523809523,17.658216758874396
1,atr,1.5,1.5,5,0.5,tick,none,22,10,12,0.7272727272727273,860.5869095938397,0.0,860.5869095938397,0.0,3.5955302102953297,0.5617048367539714,97.42962431930937,4.318181818181818,0.5,0.2727272727272727,0.22727272727272727,0.0,0.09090909090909091,39.11758679971999
1,atr,1.5,1.5,5,0.5,tick,exchange,21,9,12,0.23809523809523808,856.4972214498994,1853.7409918876594,-997.2437704377602,1.296130326328984,0.1366559758670747,-0.877938897777042,997.2437704377662,4.857142857142857,0.47619047619047616,0.23809523809523808,0.2857142857142857,0.0,0.09523809523809523,-47.487798592274295
1,atr,1.5,1.5,5,0.5,tick,cfd_std,22,10,12,0.6363636363636364,784.2598119354225,513.0,271.2598119354225,0.38867332547794314,1.5844810257461708,0.07390077821740235,192.91988526144996,4.7272727272727275,0.2727272727272727,0.2727272727272727,0.45454545454545453,0.0,0.09090909090909091,12.329991451610113
1,atr,1.5,1.5,5,0.5,tick,cfd_raw,22,10,12,0.6363636363636364,869.1130499907304,412.0,457.11304999073036,0.2838579854992207,2.0215847210915925,0.25140982422682623,140.7402240055817,4.681818181818182,0.4090909090909091,0.2727272727272727,0.3181818181818182,0.0,0.09090909090909091,20.77786590866956
1,atr,1.5,1.5,5,1.0,off,none,9,3,6,0.8888888888888888,888.4621948340064,0.0,888.4621948340064,0.0,19.52524653318111,1.2222222222222372,47.95953420877049,5.444444444444445,0.8888888888888888,0.1111111111111111,0.0,0.0,0.1111111111111111,98.71802164822293
1,atr,1.5,1.5,5,1.0,off,exchange,9,3,6,0.4444444444444444,747.5153073607944,787.5934603979347,-40.078153037140254,0.8161658890843205,0.8838529208456882,-0.45659315936406525,196.00881032772304,5.888888888888889,0.7777777777777778,0.2222222222222222,0.0,0.0,0.1111111111111111,-4.453128115237806
1,atr,1.5,1.5,5,1.0,off,cfd_std,9,3,6,0.6666666666666666,744.6135785771767,162.0,582.6135785771767,0.1631436111046566,3.8394095045786614,0.526200642414429,76.27875498928188,7.0,0.6666666666666666,0.3333333333333333,0.0,0.0,0.1111111111111111,64.73484206413075
1,atr,1.5,1.5,5,1.0,off,cfd_raw,9,3,6,0.6666666666666666,704.76242605476,150.0,554.76242605476,0.155144384633545,3.8154892300282937,0.49324706583839717,76.77875498928188,5.666666666666667,0.6666666666666666,0.3333333333333333,0.0,0.0,0.1111111111111111,61.64026956164
1,atr,1.5,1.5,5,1.0,bar,none,9,3,6,0.8888888888888888,888.4621948340064,0.0,888.4621948340064,0.0,19.52524653318111,1.2222222222222372,47.95953420877049,5.444444444444445,0.8888888888888888,0.1111111111111111,0.0,0.0,0.1111111111111111,98.71802164822293
1,atr,1.5,1.5,5,1.0,bar,exchange,9,3,6,0.4444444444444444,747.5153073607944,787.5934603979347,-40.078153037140254,0.8161658890843205,0.8838529208456882,-0.45659315936406525,196.00881032772304,5.888888888888889,0.7777777777777778,0.2222222222222222,0.0,0.0,0.1111111111111111,-4.453128115237806
1,atr,1.5,1.5,5,1.0,bar,cfd_std,9,3,6,0.5555555555555556,684.74329560982,175.5,509.24329560982005,0.18807872909894402,3.4058691613333085,0.3433914428171523,76.27875498928188,5.888888888888889,0.5555555555555556,0.3333333333333333,0.1111111111111111,0.0,0.1111111111111111,56.582588401091115
1,atr,1.5,1.5,5,1.0,bar,cfd_raw,9,3,6,0.6666666666666666,704.76242605476,150.0,554.76242605476,0.155144384633545,3.8154892300282937,0.49324706583839717,76.77875498928188,5.666666666666667,0.6666666666666666,0.3333333333333333,0.0,0.0,0.1111111111111111,61.64026956164
1,atr,1.5,1.5,5,1.0,tick,none,9,3,6,0.8888888888888888,743.5967538385012,0.0,743.5967538385012,0.0,16.504670053749553,1.1198250175460513,47.95953420877049,4.888888888888889,0.7777777777777778,0.1111111111111111,0.1111111111111111,0.0,0.1111111111111111,82.62186153761124
1,atr,1.5,1.5,5,1.0,tick,exchange,9,3,6,0.4444444444444444,688.7994202930859,789.474952900473,-100.67553260738711,1.006061363735244,0.6080684251510456,-0.4056726377140417,196.00881032772304,5.0,0.6666666666666666,0.1111111111111111,0.2222222222222222,0.0,0.1111111111111111,-11.186170289709679
1,atr,1.5,1.5,5,1.0,tick,cfd_std,9,3,6,0.7777777777777778,610.9774085421086,189.0,421.9774085421086,0.24842386331137736,4.2734383157317195,0.3773784760896513,74.95953420877049,4.888888888888889,0.4444444444444444,0.2222222222222222,0.3333333333333333,0.0,0.1111111111111111,46.88637872690096
1,atr,1.5,1.5,5,1.0,tick,cfd_raw,9,3,6,0.7777777777777778,634.0465389870515,158.0,476.04653898705146,0.20087267418267604,4.958455185368653,0.5249355414609183,69.95953420877049,4.777777777777778,0.5555555555555556,0.2222222222222222,0.2222222222222222,0.0,0.1111111111111111,52.89405988745016
1,atr,1.5,1.5,5,2.0,off,none,2,1,1,1.0,302.6815260769654,0.0,302.6815260769654,0.0,inf,1.5000000000000138,0.0,13.0,1.0,0.0,0.0,0.0,0.0,151.3407630384827
1,atr,1.5,1.5,5,2.0,off,exchange,2,1,1,0.5,306.6815260769654,174.04085926894794,132.64066680801744,0.5674970432528443,8.150856526779027,0.2729292614945292,18.548920162400464,13.0,1.0,0.0,0.0,0.0,0.0,66.32033340400872
1,atr,1.5,1.5,5,2.0,off,cfd_std,2,1,1,1.0,329.6815260769654,27.0,302.6815260769654,0.08189721857116358,inf,1.5000000000000138,0.0,19.5,1.0,0.0,0.0,0.0,0.0,151.3407630384827
1,atr,1.5,1.5,5,2.0,off,cfd_raw,2,1,1,1.0,318.6815260769654,28.0,290.6815260769654,0.08786201178551425,inf,1.4136420964191174,0.0,13.5,1.0,0.0,0.0,0.0,0.0,145.3407630384827
1,atr,1.5,1.5,5,2.0,bar,none,2,1,1,1.0,302.6815260769654,0.0,302.6815260769654,0.0,inf,1.5000000000000138,0.0,13.0,1.0,0.0,0.0,0.0,0.0,151.3407630384827
1,atr,1.5,1.5,5,2.0,bar,exchange,2,1,1,0.5,306.6815260769654,174.04085926894794,132.64066680801744,0.5674970432528443,8.150856526779027,0.2729292614945292,18.548920162400464,13.0,1.0,0.0,0.0,0.0,0.0,66.32033340400872
1,atr,1.5,1.5,5,2.0,bar,cfd_std,2,1,1,0.5,269.81124310960877,40.5,229.31124310960877,0.15010493830143018,36.394152745215294,0.6773586018122688,6.478788876804174,14.5,0.5,0.0,0.5,0.0,0.0,114.65562155480438
1,atr,1.5,1.5,5,2.0,bar,cfd_raw,2,1,1,1.0,318.6815260769654,28.0,290.6815260769654,0.08786201178551425,inf,1.4136420964191174,0.0,13.5,1.0,0.0,0.0,0.0,0.0,145.3407630384827
1,atr,1.5,1.5,5,2.0,tick,none,2,1,1,1.0,157.8160850814602,0.0,157.8160850814602,0.0,inf,1.0392125789571771,0.0,10.5,0.5,0.0,0.5,0.0,0.0,78.9080425407301
1,atr,1.5,1.5,5,2.0,tick,exchange,2,1,1,0.5,159.8160850814602,175.9664265484502,-16.15034146699,1.101055794595131,0.12931096119946,-0.20034458840547092,18.548920162400464,10.5,0.5,0.0,0.5,0.0,0.0,-8.075170733495
1,atr,1.5,1.5,5,2.0,tick,cfd_std,2,1,1,1.0,119.39580211410066,54.0,65.39580211410066,0.45227720777314157,inf,0.21982658141814268,0.0,11.5,0.0,0.0,1.0,0.0,0.0,32.69790105705033
1,atr,1.5,1.5,5,2.0,tick,cfd_raw,2,1,1,1.0,165.8160850814602,36.0,129.8160850814602,0.2171080084438994,inf,0.9019619387372217,0.0,11.0,0.5,0.0,0.5,0.0,0.0,64.9080425407301
1,atr,1.5,1.5,8,0.5,off,none,13,4,9,0.7692307692307693,966.6505261501152,0.0,966.6505261501152,0.0,6.711045990405325,0.9230769230769299,65.6240134058753,5.846153846153846,0.7692307692307693,0.23076923076923078,0.0,0.0,0.23076923076923078,74.3577327807781
1,atr,1.5,1.5,8,0.5,off,exchange,13,4,9,0.46153846153846156,986.6505261501152,1139.6830060564569,-153.03247990634168,0.8652511745831033,0.6967642528190933,-0.4864760668546009,504.6650381066138,6.076923076923077,0.7692307692307693,0.23076923076923078,0.0,0.0,0.23076923076923078,-11.771729223564744
1,atr,1.5,1.5,8,0.5,off,cfd_std,14,5,9,0.6428571428571429,981.1129566711461,256.5,724.6129566711461,0.1871164323130953,3.1968243870154702,0.43604883149551893,213.79473153987783,6.0,0.6428571428571429,0.35714285714285715,0.0,0.0,0.21428571428571427,51.75806833365329
1,atr,1.5,1.5,8,0.5,off,cfd_raw,14,5,9,0.7142857142857143,1022.6014058870933,228.0,794.6014058870933,0.16453500985160255,3.9477614841911164,0.6019819895390756,117.13347050058655,5.785714285714286,0.7142857142857143,0.2857142857142857,0.0,0.0,0.21428571428571427,56.75724327764952
1,atr,1.5,1.5,8,0.5,bar,none,13,4,9,0.8461538461538461,978.9822541706671,0.0,978.9822541706671,0.0,9.408514912458724,0.9405205668484886,65.6240134058753,5.153846153846154,0.6923076923076923,0.15384615384615385,0.15384615384615385,0.0,0.23076923076923078,75.30632724389747
1,atr,1.5,1.5,8,0.5,bar,exchange,13,4,9,0.46153846153846156,994.9822541706671,1141.6798401924466,-146.69758602177944,0.9328690248610769,0.7056216893104295,-0.477804946071832,498.3301442220545,5.384615384615385,0.6923076923076923,0.15384615384615385,0.15384615384615385,0.0,0.23076923076923078,-11.284429693983034
1,atr,1.5,1.5,8,0.5,bar,cfd_std,14,5,9,0.6428571428571429,1006.1827076000045,270.0,736.1827076000045,0.21328064110385944,4.050418208431153,0.4697620598339166,125.28737447192543,5.285714285714286,0.5714285714285714,0.21428571428571427,0.21428571428571427,0.0,0.21428571428571427,52.58447911428603
1,atr,1.5,1.5,8,0.5,bar,cfd_raw,14,5,9,0.7142857142857143,1018.9331339076452,236.0,782.9331339076452,0.18260735913592568,4.63661681102281,0.585579906477724,88.04600479727378,5.071428571428571,0.6428571428571429,0.21428571428571427,0.14285714285714285,0.0,0.21428571428571427,55.92379527911752
1,atr,1.5,1.5,8,0.5,tick,none,13,4,9,0.8461538461538461,846.3662314953399,0.0,846.3662314953399,0.0,8.269470972136128,0.8874896255893799,65.6240134058753,4.769230769230769,0.6153846153846154,0.15384615384615385,0.23076923076923078,0.0,0.23076923076923078,65.10509473041076
1,atr,1.5,1.5,8,0.5,tick,exchange,13,4,9,0.46153846153846156,860.3662314953399,1143.5992827627888,-283.2330512674489,1.0499238158544582,0.41730538774818227,-0.5327479466702842,486.0746011927258,5.0,0.6153846153846154,0.15384615384615385,0.23076923076923078,0.0,0.23076923076923078,-21.78715778980376
1,atr,1.5,1.5,8,0.5,tick,cfd_std,14,5,9,0.7142857142857143,817.8841561443696,297.0,520.8841561443696,0.27560246479318434,3.383031549126094,0.3504874676882435,97.57737447193358,4.857142857142857,0.42857142857142855,0.21428571428571427,0.35714285714285715,0.0,0.21428571428571427,37.20601115316926
1,atr,1.5,1.5,8,0.5,tick,cfd_raw,14,5,9,0.7142857142857143,878.317111232318,244.0,634.317111232318,0.21184704434021676,4.0877286724372315,0.529066498645829,88.04600479727378,4.714285714285714,0.5714285714285714,0.21428571428571427,0.21428571428571427,0.0,0.21428571428571427,45.30836508802271
1,atr,1.5,1.5,8,1.0,off,none,5,3,2,1.0,702.6656797759206,0.0,702.6656797759206,0.0,inf,1.5000000000000246,0.0,8.0,1.0,0.0,0.0,0.0,0.0,140.53313595518412
1,atr,1.5,1.5,8,1.0,off,exchange,5,3,2,0.8,712.6656797759206,434.3060707789311,278.3596089969895,0.6094106719373487,9.84879760426834,0.3524166419986204,31.457337080777506,8.6,1.0,0.0,0.0,0.0,0.0,55.6719217993979
1,atr,1.5,1.5,8,1.0,off,cfd_std,5,3,2,0.8,675.2639509923029,81.0,594.2639509923029,0.1110861280097152,12.015087136095179,0.9027642581502431,53.94999999999709,8.4,0.8,0.2,0.0,0.0,0.0,118.85279019846057
1,atr,1.5,1.5,8,1.0,off,cfd_raw,5,3,2,0.8,651.9127984698862,78.0,573.9127984698862,0.1100893962783112,12.4095357599243,0.8750107852573947,50.30115252241376,8.2,0.8,0.2,0.0,0.0,0.0,114.78255969397723
1,atr,1.5,1.5,8,1.0,bar,none,5,3,2,1.0,702.6656797759206,0.0,702.6656797759206,0.0,inf,1.5000000000000246,0.0,8.0,1.0,0.0,0.0,0.0,0.0,140.53313595518412
1,atr,1.5,1.5,8,1.0,bar,exchange,5,3,2,0.8,712.6656797759206,434.3060707789311,278.3596089969895,0.6094106719373487,9.84879760426834,0.3524166419986204,31.457337080777506,8.6,1.0,0.0,0.0,0.0,0.0,55.6719217993979
1,atr,1.5,1.5,8,1.0,bar,cfd_std,5,3,2,0.8,675.2639509923029,81.0,594.2639509923029,0.1110861280097152,12.015087136095179,0.9027642581502431,53.94999999999709,8.4,0.8,0.2,0.0,0.0,0.0,118.85279019846057
1,atr,1.5,1.5,8,1.0,bar,cfd_raw,5,3,2,0.8,651.9127984698862,78.0,573.9127984698862,0.1100893962783112,12.4095357599243,0.8750107852573947,50.30115252241376,8.2,0.8,0.2,0.0,0.0,0.0,114.78255969397723
1,atr,1.5,1.5,8,1.0,tick,none,5,3,2,1.0,557.8002387804154,0.0,557.8002387804154,0.0,inf,1.31568503158289,0.0,7.0,0.8,0.0,0.2,0.0,0.0,111.56004775608308
1,atr,1.5,1.5,8,1.0,tick,exchange,5,3,2,0.8,565.8002387804154,436.2316380584333,129.56860072198208,0.770999388403816,5.118867416822229,0.1631071020386203,31.457337080777506,7.6,0.8,0.0,0.2,0.0,0.0,25.913720144396414
1,atr,1.5,1.5,8,1.0,tick,cfd_std,5,3,2,0.8,516.8985099967977,94.5,422.39850999679766,0.16555754499171896,8.829444114862287,0.6840966925017437,53.94999999999709,7.4,0.6,0.2,0.2,0.0,0.0,84.47970199935953
1,atr,1.5,1.5,8,1.0,tick,cfd_raw,5,3,2,0.8,499.047357474381,86.0,413.047357474381,0.15477378247670046,9.211488937362432,0.6703387221846364,50.30115252241376,7.2,0.6,0.2,0.2,0.0,0.0,82.6094714948762
1,atr,1.5,1.5,8,2.0,off,none,1,1,0,1.0,235.79003198641294,0.0,235.79003198641294,0.0,inf,1.4999999999999762,0.0,24.0,1.0,0.0,0.0,0.0,0.0,235.79003198641294
1,atr,1.5,1.5,8,2.0,off,exchange,1,1,0,1.0,237.79003198641294,86.60044501599322,151.18958697041973,0.3641887100672978,inf,0.9618064790317096,0.0,24.0,1.0,0.0,0.0,0.0,0.0,151.18958697041973
1,atr,1.5,1.5,8,2.0,off,cfd_std,1,1,0,1.0,249.29003198641294,13.5,235.79003198641294,0.054153789834387726,inf,1.4999999999999762,0.0,24.0,1.0,0.0,0.0,0.0,0.0,235.79003198641294
1,atr,1.5,1.5,8,2.0,off,cfd_raw,1,1,0,1.0,243.79003198641294,14.0,229.79003198641294,0.05742646606970484,inf,1.461830447520682,0.0,24.0,1.0,0.0,0.0,0.0,0.0,229.79003198641294
1,atr,1.5,1.5,8,2.0,bar,none,1,1,0,1.0,235.79003198641294,0.0,235.79003198641294,0.0,inf,1.4999999999999762,0.0,24.0,1.0,0.0,0.0,0.0,0.0,235.79003198641294
1,atr,1.5,1.5,8,2.0,bar,exchange,1,1,0,1.0,237.79003198641294,86.60044501599322,151.18958697041973,0.3641887100672978,inf,0.9618064790317096,0.0,24.0,1.0,0.0,0.0,0.0,0.0,151.18958697041973
1,atr,1.5,1.5,8,2.0,bar,cfd_std,1,1,0,1.0,249.29003198641294,13.5,235.79003198641294,0.054153789834387726,inf,1.4999999999999762,0.0,24.0,1.0,0.0,0.0,0.0,0.0,235.79003198641294
1,atr,1.5,1.5,8,2.0,bar,cfd_raw,1,1,0,1.0,243.79003198641294,14.0,229.79003198641294,0.05742646606970484,inf,1.461830447520682,0.0,24.0,1.0,0.0,0.0,0.0,0.0,229.79003198641294
1,atr,1.5,1.5,8,2.0,tick,none,1,1,0,1.0,90.92459099090775,0.0,90.92459099090775,0.0,inf,0.578425157914303,0.0,19.0,0.0,0.0,1.0,0.0,0.0,90.92459099090775
1,atr,1.5,1.5,8,2.0,tick,exchange,1,1,0,1.0,90.92459099090775,88.52601229549546,2.398578695412283,0.9736201321416762,inf,0.015258779231709377,0.0,19.0,0.0,0.0,1.0,0.0,0.0,2.398578695412283
1,atr,1.5,1.5,8,2.0,tick,cfd_std,1,1,0,1.0,90.92459099090775,27.0,63.924590990907745,0.29694936986518794,inf,0.40666217175747893,0.0,19.0,0.0,0.0,1.0,0.0,0.0,63.924590990907745
1,atr,1.5,1.5,8,2.0,tick,cfd_raw,1,1,0,1.0,90.92459099090775,22.0,68.92459099090775,0.24195874581607907,inf,0.4384701321568908,0.0,19.0,0.0,0.0,1.0,0.0,0.0,68.92459099090775
1,atr,1.5,2.0,3,0.5,off,none,19,11,8,0.3157894736842105,-117.75400441477541,0.0,-117.75400441477541,0.0,0.87809940664026,-0.052631578947358024,288.61185749966535,12.473684210526315,0.3157894736842105,0.6842105263157895,0.0,0.0,0.0,-6.197579179725022
1,atr,1.5,2.0,3,0.5,off,exchange,19,11,8,0.2631578947368421,-79.75400441477541,1681.3285029995054,-1761.0825074142808,0.9339605116268209,0.16094447034948575,-1.3843995705106351,1761.0825074142776,12.31578947368421,0.3157894736842105,0.6842105263157895,0.0,0.0,0.0,-92.68855302180425
1,atr,1.5,2.0,3,0.5,off,cfd_std,24,14,10,0.3333333333333333,245.74605932831764,540.0,-294.25394067168236,0.2713708199261659,0.774358203002099,-0.1722713185664709,426.61752654724114,8.833333333333334,0.3333333333333333,0.6666666666666666,0.0,0.0,0.041666666666666664,-12.260580861320099
1,atr,1.5,2.0,3,0.5,off,cfd_raw,23,14,9,0.30434782608695654,26.529095338541083,450.0,-423.4709046614589,0.23215233328931517,0.6762273314089927,-0.29275676286929214,485.153870798822,9.304347826086957,0.30434782608695654,0.6956521739130435,0.0,0.0,0.043478260869565216,-18.41177846354169
1,atr,1.5,2.0,3,0.5,bar,none,25,13,12,0.6,889.3997485362488,0.0,889.3997485362488,0.0,2.7071579592097748,0.4705938244279887,288.61185749966535,7.48,0.32,0.28,0.4,0.0,0.04,35.575989941449954
1,atr,1.5,2.0,3,0.5,bar,exchange,25,13,12,0.28,917.3997485362488,2214.369203393489,-1296.9694548572402,1.1465305897158404,0.28034678304893623,-0.9262027254339835,1296.9694548572443,7.56,0.32,0.28,0.4,0.0,0.04,-51.87877819428961
1,atr,1.5,2.0,3,0.5,bar,cfd_std,27,16,11,0.4074074074074074,747.720773026027,634.5,113.22077302602702,0.3268381384165898,1.112257593225741,-0.07279297458598642,355.44258250598796,6.703703703703703,0.25925925925925924,0.4444444444444444,0.2962962962962963,0.0,0.037037037037037035,4.193361963926926
1,atr,1.5,2.0,3,0.5,bar,cfd_raw,28,16,12,0.42857142857142855,834.2115346443898,552.0,282.21153464438976,0.26724850079070034,1.2978745458289365,0.02469470079282678,330.61185749966535,6.464285714285714,0.2857142857142857,0.39285714285714285,0.32142857142857145,0.0,0.03571428571428571,10.078983380156776
1,atr,1.5,2.0,3,0.5,tick,none,27,15,12,0.7037037037037037,950.5998111401132,0.0,950.5998111401132,0.0,3.551120268271269,0.5046645497458518,195.60152003570693,6.0,0.25925925925925924,0.18518518518518517,0.5555555555555556,0.0,0.037037037037037035,35.20740041259678
1,atr,1.5,2.0,3,0.5,tick,exchange,26,14,12,0.23076923076923078,1000.9209636625164,2305.0444361575956,-1304.123472495079,1.3538540279516758,0.20919858470014902,-0.8379556076549852,1304.1234724950773,6.269230769230769,0.2692307692307692,0.19230769230769232,0.5384615384615384,0.0,0.038461538461538464,-50.15859509596458
1,atr,1.5,2.0,3,0.5,tick,cfd_std,30,17,13,0.4666666666666667,903.9343149597262,715.5,188.43431495972618,0.3865807764032769,1.2170279529144015,0.023679429722762147,300.031412084616,5.033333333333333,0.23333333333333334,0.3333333333333333,0.43333333333333335,0.0,0.03333333333333333,6.281143831990873
1,atr,1.5,2.0,3,0.5,tick,cfd_raw,29,17,12,0.4827586206896552,834.0014847948623,590.0,244.00148479486234,0.33091898707966505,1.3180203177022718,0.039947259618452836,232.5213773388241,5.310344827586207,0.20689655172413793,0.3103448275862069,0.4827586206896552,0.0,0.034482758620689655,8.413844303271116
1,atr,1.5,2.0,3,1.0,off,none,13,8,5,0.38461538461538464,166.20102716780093,0.0,166.20102716780093,0.0,1.279273826092649,0.1538461538461481,157.19335465761833,9.76923076923077,0.38461538461538464,0.6153846153846154,0.0,0.0,0.0,12.784694397523149
1,atr,1.5,2.0,3,1.0,off,exchange,13,8,5,0.38461538461538464,192.20102716780093,1148.7560156195552,-956.5549884517541,0.85065434453728,0.26018983930714334,-1.2090479661951272,956.5549884517532,9.538461538461538,0.38461538461538464,0.6153846153846154,0.0,0.0,0.0,-73.58115295782724
1,atr,1.5,2.0,3,1.0,off,cfd_std,13,8,5,0.38461538461538464,337.5521796902176,283.5,54.0521796902176,0.2147585853245402,1.0764239690282378,0.006332042236778575,170.69335465761833,8.923076923076923,0.38461538461538464,0.6153846153846154,0.0,0.0,0.0,4.157859976170585
1,atr,1.5,2.0,3,1.0,off,cfd_raw,13,8,5,0.38461538461538464,270.20102716780093,246.0,24.20102716780093,0.18462396459211025,1.0342248524786444,-0.022743771561889108,171.19335465761833,9.076923076923077,0.38461538461538464,0.6153846153846154,0.0,0.0,0.0,1.8616174744462255
1,atr,1.5,2.0,3,1.0,bar,none,13,8,5,0.6923076923076923,589.7081748440396,0.0,589.7081748440396,0.0,3.2619676019323998,0.45244727927898815,108.51175211952068,6.615384615384615,0.3076923076923077,0.3076923076923077,0.38461538461538464,0.0,0.0,45.36216729569536
1,atr,1.5,2.0,3,1.0,bar,exchange,13,8,5,0.38461538461538464,605.7081748440396,1150.9617691933934,-545.2535943493535,1.0358574315653564,0.3985382855859639,-0.9257475092080956,545.4416811962874,6.615384615384615,0.3076923076923077,0.3076923076923077,0.38461538461538464,0.0,0.0,-41.9425841807195
1,atr,1.5,2.0,3,1.0,bar,cfd_std,13,8,5,0.46153846153846156,656.6559926310874,297.0,359.65599263108743,0.26424247301034326,1.863448175116552,0.12441115647333145,130.90490450548532,6.3076923076923075,0.3076923076923077,0.38461538461538464,0.3076923076923077,0.0,0.0,27.665845587006725
1,atr,1.5,2.0,3,1.0,bar,cfd_raw,13,8,5,0.46153846153846156,611.3048401086708,254.0,357.30484010867076,0.2257138084793101,1.8824832351944154,0.12536780628481026,122.75605702790199,6.3076923076923075,0.3076923076923077,0.38461538461538464,0.3076923076923077,0.0,0.0,27.48498770066698
1,atr,1.5,2.0,3,1.0,tick,none,13,8,5,0.7692307692307693,678.706100677111,0.0,678.706100677111,0.0,4.429071285359641,0.6032164999650799,108.51175211952068,5.538461538461538,0.3076923076923077,0.23076923076923078,0.46153846153846156,0.0,0.0,52.20816159054699
1,atr,1.5,2.0,3,1.0,tick,exchange,13,8,5,0.38461538461538464,692.706100677111,1150.917118602382,-458.2110179252709,1.0690689034394647,0.40726986917249536,-0.7773950463544949,500.139512545662,5.538461538461538,0.3076923076923077,0.23076923076923078,0.46153846153846156,0.0,0.0,-35.24700137886699
1,atr,1.5,2.0,3,1.0,tick,cfd_std,13,8,5,0.5384615384615384,714.3039184641675,297.0,417.3039184641675,0.27422351622596985,2.229803129980122,0.220814159810575,130.40490450548532,5.230769230769231,0.3076923076923077,0.3076923076923077,0.38461538461538464,0.0,0.0,32.10030142032058
1,atr,1.5,2.0,3,1.0,tick,cfd_raw,13,8,5,0.5384615384615384,674.4527659417508,254.0,420.45276594175084,0.23542295128180216,2.2850929007045884,0.22850998313941828,122.51175211952068,5.230769230769231,0.3076923076923077,0.3076923076923077,0.38461538461538464,0.0,0.0,32.34252045705776
1,atr,1.5,2.0,3,2.0,off,none,1,1,0,0.0,-157.19335465761833,0.0,-157.19335465761833,0.0,0.0,-1.000000000000046,157.19335465761833,49.0,0.0,1.0,0.0,0.0,0.0,-157.19335465761833
1,atr,1.5,2.0,3,2.0,off,exchange,1,1,0,0.0,-155.19335465761833,88.39791332267119,-243.5912679802895,0.5695985728106161,0.0,-1.5496282811119146,243.59126798028592,49.0,0.0,1.0,0.0,0.0,0.0,-243.5912679802895
1,atr,1.5,2.0,3,2.0,off,cfd_std,1,1,0,0.0,-143.69335465761833,27.0,-170.69335465761833,0.1879001298587089,0.0,-1.085881493078458,170.69335465761833,46.0,0.0,1.0,0.0,0.0,0.0,-170.69335465761833
1,atr,1.5,2.0,3,2.0,off,cfd_raw,1,1,0,0.0,-149.19335465761833,22.0,-171.19335465761833,0.14745965093745284,0.0,-1.0890622891183992,171.19335465761833,48.0,0.0,1.0,0.0,0.0,0.0,-171.19335465761833
1,atr,1.5,2.0,3,2.0,bar,none,1,1,0,1.0,142.44105015179957,0.0,142.44105015179957,0.0,inf,0.9061518564958163,0.0,27.0,0.0,0.0,1.0,0.0,0.0,142.44105015179957
1,atr,1.5,2.0,3,2.0,bar,exchange,1,1,0,1.0,142.44105015179957,88.5467305250759,53.89431962672367,0.6216377261380168,inf,0.3428536768880145,0.0,27.0,0.0,0.0,1.0,0.0,0.0,53.89431962672367
1,atr,1.5,2.0,3,2.0,bar,cfd_std,1,1,0,1.0,142.44105015179957,27.0,115.44105015179957,0.18955209871891615,inf,0.7343888703389921,0.0,27.0,0.0,0.0,1.0,0.0,0.0,115.44105015179957
1,atr,1.5,2.0,3,2.0,bar,cfd_raw,1,1,0,1.0,142.44105015179957,22.0,120.44105015179957,0.15444985821541315,inf,0.7661968307384041,0.0,27.0,0.0,0.0,1.0,0.0,0.0,120.44105015179957
1,atr,1.5,2.0,3,2.0,tick,none,1,1,0,1.0,95.9645909909159,0.0,95.9645909909159,0.0,inf,0.6104875819969621,0.0,19.0,0.0,0.0,1.0,0.0,0.0,95.9645909909159
1,atr,1.5,2.0,3,2.0,tick,exchange,1,1,0,1.0,95.9645909909159,88.52349229549546,7.441098695420436,0.9224599550877592,inf,0.04733723452640971,0.0,19.0,0.0,0.0,1.0,0.0,0.0,7.441098695420436
1,atr,1.5,2.0,3,2.0,tick,cfd_std,1,1,0,1.0,95.9645909909159,27.0,68.9645909909159,0.28135377560829544,inf,0.4387245958401379,0.0,19.0,0.0,0.0,1.0,0.0,0.0,68.9645909909159
1,atr,1.5,2.0,3,2.0,tick,cfd_raw,1,1,0,1.0,95.9645909909159,22.0,73.9645909909159,0.22925122456972222,inf,0.47053255623954976,0.0,19.0,0.0,0.0,1.0,0.0,0.0,73.9645909909159
1,atr,1.5,2.0,5,0.5,off,none,17,8,9,0.47058823529411764,377.05740958082606,0.0,377.05740958082606,0.0,1.5785236425148363,0.4117647058823533,180.10010538014467,9.823529411764707,0.47058823529411764,0.5294117647058824,0.0,0.0,0.11764705882352941,22.17984762240153
1,atr,1.5,2.0,5,0.5,off,exchange,17,8,9,0.4117647058823529,407.05740958082606,1499.7611805818065,-1092.7037710009802,0.8934736962387846,0.2405123529007987,-1.0436406268313154,1095.482875374073,9.823529411764707,0.47058823529411764,0.5294117647058824,0.0,0.0,0.11764705882352941,-64.27669241182237
1,atr,1.5,2.0,5,0.5,off,cfd_std,18,9,9,0.4444444444444444,549.7727214078914,378.0,171.77272140789137,0.22276465104303528,1.2036325188251187,0.16460186452094888,241.78502517170273,9.11111111111111,0.4444444444444444,0.5555555555555556,0.0,0.0,0.1111111111111111,9.542928967105077
1,atr,1.5,2.0,5,0.5,off,cfd_raw,18,9,9,0.4444444444444444,465.9215688854747,332.0,133.9215688854747,0.19486893183765655,1.159640663825491,0.1334499769401772,240.6361776941194,9.166666666666666,0.4444444444444444,0.5555555555555556,0.0,0.0,0.1111111111111111,7.44008716030415
1,atr,1.5,2.0,5,0.5,bar,none,20,8,12,0.6,706.3118051408965,0.0,706.3118051408965,0.0,2.52924853933359,0.4815378250003343,180.10010538014467,6.15,0.35,0.35,0.3,0.0,0.1,35.315590257044825
1,atr,1.5,2.0,5,0.5,bar,exchange,20,8,12,0.35,730.3118051408965,1771.13558463442,-1040.8237794935233,1.086553648476504,0.2724385763873347,-1.0310659016571133,1043.6028838666243,6.15,0.35,0.35,0.3,0.0,0.1,-52.04118897467616
1,atr,1.5,2.0,5,0.5,bar,cfd_std,19,9,10,0.47368421052631576,731.2009652098932,432.0,299.2009652098932,0.2817695545131181,1.4701756247603193,0.08841260507353182,276.2951060594496,6.631578947368421,0.3157894736842105,0.42105263157894735,0.2631578947368421,0.0,0.10526315789473684,15.747419221573326
1,atr,1.5,2.0,5,0.5,bar,cfd_raw,21,9,12,0.47619047619047616,774.0106526184827,406.0,368.0106526184827,0.2448216516309967,1.5665656898191573,0.14781599383882588,208.10010538014467,5.761904761904762,0.3333333333333333,0.38095238095238093,0.2857142857142857,0.0,0.09523809523809523,17.52431679135632
1,atr,1.5,2.0,5,0.5,tick,none,21,9,12,0.7619047619047619,895.1895226786291,0.0,895.1895226786291,0.0,4.036009054074177,0.5889427309133362,87.08976791618625,5.238095238095238,0.2857142857142857,0.23809523809523808,0.47619047619047616,0.0,0.09523809523809523,42.62807250850615
1,atr,1.5,2.0,5,0.5,tick,exchange,21,9,12,0.2857142857142857,913.1895226786291,1861.6383940407798,-948.4488713621507,1.2520231070960006,0.24787530371971417,-0.8907947647838833,951.2279757352517,5.238095238095238,0.2857142857142857,0.23809523809523808,0.47619047619047616,0.0,0.09523809523809523,-45.16423196962622
1,atr,1.5,2.0,5,0.5,tick,cfd_std,22,10,12,0.6363636363636364,989.739522678632,513.0,476.73952267863206,0.3363153331969136,2.0272262715248157,0.21026441458102407,155.2402240055817,4.954545454545454,0.2727272727272727,0.2727272727272727,0.45454545454545453,0.0,0.09090909090909091,21.669978303574183
1,atr,1.5,2.0,5,0.5,tick,cfd_raw,22,10,12,0.6363636363636364,938.8883701562154,436.0,502.8883701562154,0.28661482449050163,2.12388625828263,0.23375938983516445,140.7402240055817,4.909090909090909,0.2727272727272727,0.2727272727272727,0.45454545454545453,0.0,0.09090909090909091,22.85856227982797
1,atr,1.5,2.0,5,1.0,off,none,9,3,6,0.5555555555555556,431.78298467365676,0.0,431.78298467365676,0.0,2.4192519340914833,0.6666666666666606,157.19335465761833,10.444444444444445,0.5555555555555556,0.4444444444444444,0.0,0.0,0.1111111111111111,47.97588718596186
1,atr,1.5,2.0,5,1.0,off,exchange,9,3,6,0.5555555555555556,447.78298467365676,791.2937057216099,-343.51072104795304,0.7577637382750328,0.4752915203735356,-0.7415413754434235,349.35283704142785,10.444444444444445,0.5555555555555556,0.4444444444444444,0.0,0.0,0.1111111111111111,-38.16785789421701
1,atr,1.5,2.0,5,1.0,off,cfd_std,9,3,6,0.5555555555555556,535.6341371960734,175.5,360.1341371960734,0.16380476181858178,1.9581051458164818,0.516658254294599,170.69335465761833,9.88888888888889,0.5555555555555556,0.4444444444444444,0.0,0.0,0.1111111111111111,40.014904132897044
1,atr,1.5,2.0,5,1.0,off,cfd_raw,9,3,6,0.5555555555555556,495.78298467365676,158.0,337.78298467365676,0.14958600028078817,1.917308257157075,0.48759231732293995,171.19335465761833,9.666666666666666,0.5555555555555556,0.4444444444444444,0.0,0.0,0.1111111111111111,37.53144274151742
1,atr,1.5,2.0,5,1.0,bar,none,9,3,6,0.7777777777777778,708.1132765542279,0.0,708.1132765542279,0.0,7.394475494269077,0.8580824795667211,62.77875498928188,6.888888888888889,0.4444444444444444,0.2222222222222222,0.3333333333333333,0.0,0.1111111111111111,78.67925295046977
1,atr,1.5,2.0,5,1.0,bar,exchange,9,3,6,0.5555555555555556,718.1132765542279,793.5005383152143,-75.38726176098638,0.8481286261460569,0.825346341124773,-0.5678952839206389,264.8447166035039,6.888888888888889,0.4444444444444444,0.2222222222222222,0.3333333333333333,0.0,0.1111111111111111,-8.376362417887375
1,atr,1.5,2.0,5,1.0,bar,cfd_std,9,3,6,0.5555555555555556,734.5610943412757,189.0,545.5610943412757,0.1922807572057499,3.577448979327547,0.47698327017896397,76.27875498928188,6.555555555555555,0.4444444444444444,0.3333333333333333,0.2222222222222222,0.0,0.1111111111111111,60.61789937125286
1,atr,1.5,2.0,5,1.0,bar,cfd_raw,9,3,6,0.5555555555555556,705.7099418188591,166.0,539.7099418188591,0.171525022471136,3.718692082813075,0.47921254320996404,76.77875498928188,6.444444444444445,0.4444444444444444,0.3333333333333333,0.2222222222222222,0.0,0.1111111111111111,59.96777131320656
1,atr,1.5,2.0,5,1.0,tick,none,9,3,6,0.8888888888888888,777.5863713211293,0.0,777.5863713211293,0.0,17.213384557411526,1.0592288883146277,47.95953420877049,5.555555555555555,0.4444444444444444,0.1111111111111111,0.4444444444444444,0.0,0.1111111111111111,86.3984857023477
1,atr,1.5,2.0,5,1.0,tick,exchange,9,3,6,0.5555555555555556,785.5863713211293,793.43817530867,-7.8518039875407055,0.9000944742256968,0.9752815809940409,-0.37021162372160255,239.04966660351784,5.555555555555555,0.4444444444444444,0.1111111111111111,0.4444444444444444,0.0,0.1111111111111111,-0.8724226652823006
1,atr,1.5,2.0,5,1.0,tick,cfd_std,9,3,6,0.7777777777777778,772.6841891081858,189.0,583.6841891081858,0.20487732531907113,5.5278589569869645,0.5996006983118678,74.95953420877049,5.222222222222222,0.4444444444444444,0.2222222222222222,0.3333333333333333,0.0,0.1111111111111111,64.85379878979842
1,atr,1.5,2.0,5,1.0,tick,cfd_raw,9,3,6,0.7777777777777778,749.3330365857692,166.0,583.3330365857692,0.18406518629890553,5.850571308391737,0.6115643330901722,69.95953420877049,5.111111111111111,0.4444444444444444,0.2222222222222222,0.3333333333333333,0.0,0.1111111111111111,64.81478184286324
1,atr,1.5,2.0,5,2.0,off,none,2,1,1,0.5,-68.00469587021507,0.0,-68.00469587021507,0.0,0.56738186535725,0.5000000000000112,157.19335465761833,31.5,0.5,0.5,0.0,0.0,0.0,-34.00234793510754
1,atr,1.5,2.0,5,2.0,off,exchange,2,1,1,0.5,-64.00469587021507,175.83221899327748,-239.83691486349255,0.713656879959353,0.015432882164622738,-0.7326791497893158,243.59630798028957,31.5,0.5,0.5,0.0,0.0,0.0,-119.91845743174628
1,atr,1.5,2.0,5,2.0,off,cfd_std,2,1,1,0.5,-41.00469587021507,40.5,-81.50469587021507,0.16437888234498615,0.5225080904075056,0.4570592534608052,170.69335465761833,31.0,0.5,0.5,0.0,0.0,0.0,-40.75234793510754
1,atr,1.5,2.0,5,2.0,off,cfd_raw,2,1,1,0.5,-52.00469587021507,36.0,-88.00469587021507,0.14611456208443213,0.48593392514433825,0.38819572809958525,171.19335465761833,30.5,0.5,0.5,0.0,0.0,0.0,-44.00234793510754
1,atr,1.5,2.0,5,2.0,bar,none,2,1,1,1.0,157.92226127498725,0.0,157.92226127498725,0.0,inf,0.6671323910544807,0.0,16.0,0.0,0.0,1.0,0.0,0.0,78.96113063749362
1,atr,1.5,2.0,5,2.0,bar,exchange,2,1,1,0.5,157.92226127498725,178.01484991951432,-20.09258864452707,1.1272308823487538,0.7085681786677351,-0.6176298244759815,68.94438827123668,16.0,0.0,0.0,1.0,0.0,0.0,-10.046294322263535
1,atr,1.5,2.0,5,2.0,bar,cfd_std,2,1,1,0.5,157.92226127498725,54.0,103.92226127498725,0.34194039246924635,17.040383974705087,0.2785218249404472,6.478788876804174,16.0,0.0,0.0,1.0,0.0,0.0,51.961130637493625
1,atr,1.5,2.0,5,2.0,bar,cfd_raw,2,1,1,0.5,157.92226127498725,44.0,113.92226127498725,0.27861809756753403,78.03754272292461,0.35048674459119417,1.478788876804174,16.0,0.0,0.0,1.0,0.0,0.0,56.961130637493625
1,atr,1.5,2.0,5,2.0,tick,none,2,1,1,1.0,119.39580211410066,0.0,119.39580211410066,0.0,inf,0.6084371475321761,0.0,11.5,0.0,0.0,1.0,0.0,0.0,59.69790105705033
1,atr,1.5,2.0,5,2.0,tick,exchange,2,1,1,0.5,119.39580211410066,177.98763668993388,-58.591834575833204,1.4907361359308084,0.039327142853500155,-0.6762065834827975,60.99041327123996,11.5,0.0,0.0,1.0,0.0,0.0,-29.295917287916602
1,atr,1.5,2.0,5,2.0,tick,cfd_std,2,1,1,1.0,119.39580211410066,54.0,65.39580211410066,0.45227720777314157,inf,0.21982658141814268,0.0,11.5,0.0,0.0,1.0,0.0,0.0,32.69790105705033
1,atr,1.5,2.0,5,2.0,tick,cfd_raw,2,1,1,1.0,119.39580211410066,44.0,75.39580211410066,0.3685221692966339,inf,0.2917915010688896,0.0,11.5,0.0,0.0,1.0,0.0,0.0,37.69790105705033
1,atr,1.5,2.0,8,0.5,off,none,13,4,9,0.6153846153846154,764.8037813955452,0.0,764.8037813955452,0.0,3.1083244427126506,0.8461538461538104,157.19335465761833,9.0,0.6153846153846154,0.38461538461538464,0.0,0.0,0.15384615384615385,58.831060107349636
1,atr,1.5,2.0,8,0.5,off,exchange,13,4,9,0.5384615384615384,786.8037813955452,1143.3640196804715,-356.56023828492613,0.7641211932048442,0.5561081573717397,-0.5653984099914628,618.6649105712131,9.0,0.6153846153846154,0.38461538461538464,0.0,0.0,0.15384615384615385,-27.42771063730201
1,atr,1.5,2.0,8,0.5,off,cfd_std,14,5,9,0.5714285714285714,883.5190932226105,270.0,613.5190932226105,0.1730107029706818,2.2257168647450527,0.5555109991786559,177.99572225472366,8.214285714285714,0.5714285714285714,0.42857142857142855,0.0,0.0,0.14285714285714285,43.82279237304361
1,atr,1.5,2.0,8,0.5,off,cfd_raw,14,5,9,0.5714285714285714,821.6679407001939,244.0,577.6679407001939,0.15788299660690983,2.169628384500493,0.5232525928453433,171.19335465761833,8.214285714285714,0.5714285714285714,0.42857142857142855,0.0,0.0,0.14285714285714285,41.26199576429956
1,atr,1.5,2.0,8,0.5,bar,none,13,4,9,0.8461538461538461,985.0459249207925,0.0,985.0459249207925,0.0,9.460596005562767,0.9731905429989154,65.6240134058753,6.230769230769231,0.46153846153846156,0.15384615384615385,0.38461538461538464,0.0,0.15384615384615385,75.77276345544557
1,atr,1.5,2.0,8,0.5,bar,exchange,13,4,9,0.46153846153846156,997.0459249207925,1147.6018963482534,-150.55597142746103,0.9361294202519718,0.723938725114884,-0.45625978788813826,492.9490364132362,6.230769230769231,0.46153846153846156,0.15384615384615385,0.38461538461538464,0.0,0.15384615384615385,-11.581228571343157
1,atr,1.5,2.0,8,0.5,bar,cfd_std,14,5,9,0.6428571428571429,1039.0959249207954,297.0,742.0959249207954,0.2286636600087815,4.074919987133012,0.562402940341432,89.48836518677126,5.785714285714286,0.42857142857142855,0.21428571428571427,0.35714285714285715,0.0,0.14285714285714285,53.00685178005681
1,atr,1.5,2.0,8,0.5,bar,cfd_raw,14,5,9,0.6428571428571429,1004.7447723983787,260.0,744.7447723983787,0.20341072056673995,4.336827993338509,0.5745767254177271,79.6240134058753,5.714285714285714,0.42857142857142855,0.21428571428571427,0.35714285714285715,0.0,0.14285714285714285,53.196055171312764
1,atr,1.5,2.0,8,0.5,tick,none,13,4,9,0.8461538461538461,911.4471217288374,0.0,911.4471217288374,0.0,8.82845315359358,0.9231653534900338,65.6240134058753,5.538461538461538,0.38461538461538464,0.15384615384615385,0.46153846153846156,0.0,0.15384615384615385,70.11131705606441
1,atr,1.5,2.0,8,0.5,tick,exchange,13,4,9,0.38461538461538464,921.4471217288374,1149.5324675283373,-228.08534579949998,0.9993309351856592,0.5820600551873886,-0.5115148010972352,511.7037840373232,5.538461538461538,0.38461538461538464,0.15384615384615385,0.46153846153846156,0.0,0.15384615384615385,-17.54502659996154
1,atr,1.5,2.0,8,0.5,tick,cfd_std,14,5,9,0.7142857142857143,951.9971217288403,310.5,641.4971217288403,0.25624053095507904,3.934832748742137,0.48023492161099135,79.1240134058753,5.142857142857143,0.35714285714285715,0.21428571428571427,0.42857142857142855,0.0,0.14285714285714285,45.82122298063145
1,atr,1.5,2.0,8,0.5,tick,cfd_raw,14,5,9,0.7142857142857143,923.1459692064236,268.0,655.1459692064236,0.22396730139027932,4.18911938197654,0.5059232405981413,79.6240134058753,5.071428571428571,0.35714285714285715,0.21428571428571427,0.42857142857142855,0.0,0.14285714285714285,46.79614065760169
1,atr,1.5,2.0,8,1.0,off,none,5,3,2,0.6,356.40405149447906,0.0,356.40405149447906,0.0,2.841933689429602,0.7999999999999595,157.19335465761833,14.4,0.6,0.4,0.0,0.0,0.0,71.28081029889582
1,atr,1.5,2.0,8,1.0,off,exchange,5,3,2,0.6,366.40405149447906,438.03122261113805,-71.627171116659,0.5876513247530208,0.8052340061015704,-0.36059014694422525,243.59630798028957,14.4,0.6,0.4,0.0,0.0,0.0,-14.3254342233318
1,atr,1.5,2.0,8,1.0,off,cfd_std,5,3,2,0.6,419.75520401689573,94.5,325.25520401689573,0.1241718732497184,2.4478736952296023,0.6855879595345487,170.69335465761833,13.2,0.6,0.4,0.0,0.0,0.0,65.05104080337915
1,atr,1.5,2.0,8,1.0,off,cfd_raw,5,3,2,0.6,396.40405149447906,86.0,310.40405149447906,0.11445407724410397,2.4014074454775565,0.6648322379295709,171.19335465761833,13.0,0.6,0.4,0.0,0.0,0.0,62.08081029889581
1,atr,1.5,2.0,8,1.0,bar,none,5,3,2,1.0,701.4017910392577,0.0,701.4017910392577,0.0,inf,1.4525133932809213,0.0,10.0,0.6,0.0,0.4,0.0,0.0,140.28035820785152
1,atr,1.5,2.0,8,1.0,bar,exchange,5,3,2,0.8,707.4017910392577,438.2017214809105,269.2000695583472,0.6194523777458067,4.552168683410449,0.2780402006973156,75.78470887815638,10.0,0.6,0.0,0.4,0.0,0.0,53.84001391166944
1,atr,1.5,2.0,8,1.0,bar,cfd_std,5,3,2,0.8,700.8496088263055,94.5,606.3496088263055,0.12520708708541844,12.239103036632775,1.043229547401507,53.94999999999709,9.4,0.6,0.2,0.2,0.0,0.0,121.2699217652611
1,atr,1.5,2.0,8,1.0,bar,cfd_raw,5,3,2,0.8,682.9984563038888,86.0,596.9984563038888,0.1162789500691869,12.868484644320455,1.0294715770843996,50.30115252241376,9.2,0.6,0.2,0.2,0.0,0.0,119.39969126077776
1,atr,1.5,2.0,8,1.0,tick,none,5,3,2,1.0,672.7753318783653,0.0,672.7753318783653,0.0,inf,1.4917245234046113,0.0,8.4,0.6,0.0,0.4,0.0,0.0,134.55506637567305
1,atr,1.5,2.0,8,1.0,tick,exchange,5,3,2,0.8,678.7753318783653,438.18740825133006,240.58792362703525,0.6455558822957521,5.152102785491966,0.31723172525594395,57.94363387816702,8.4,0.6,0.0,0.4,0.0,0.0,48.11758472540705
1,atr,1.5,2.0,8,1.0,tick,cfd_std,5,3,2,0.8,654.3731496654218,94.5,559.8731496654218,0.13342310102344165,11.377630206959259,0.984096692501736,53.94999999999709,7.8,0.6,0.2,0.2,0.0,0.0,111.97462993308436
1,atr,1.5,2.0,8,1.0,tick,cfd_raw,5,3,2,0.8,636.5219971430051,86.0,550.5219971430051,0.12407586882835123,11.944520543494452,0.9703387221846288,50.30115252241376,7.6,0.6,0.2,0.2,0.0,0.0,110.10439942860103
1,atr,1.5,2.0,8,2.0,off,none,1,1,0,0.0,-157.19335465761833,0.0,-157.19335465761833,0.0,0.0,-1.000000000000046,157.19335465761833,48.0,0.0,1.0,0.0,0.0,0.0,-157.19335465761833
1,atr,1.5,2.0,8,2.0,off,exchange,1,1,0,0.0,-155.19335465761833,88.4029533226712,-243.5963079802895,0.569631048427959,0.0,-1.5496603435359975,243.59630798028957,48.0,0.0,1.0,0.0,0.0,0.0,-243.5963079802895
1,atr,1.5,2.0,8,2.0,off,cfd_std,1,1,0,0.0,-143.69335465761833,27.0,-170.69335465761833,0.1879001298587089,0.0,-1.085881493078458,170.69335465761833,46.0,0.0,1.0,0.0,0.0,0.0,-170.69335465761833
1,atr,1.5,2.0,8,2.0,off,cfd_raw,1,1,0,0.0,-149.19335465761833,22.0,-171.19335465761833,0.14745965093745284,0.0,-1.0890622891183992,171.19335465761833,46.0,0.0,1.0,0.0,0.0,0.0,-171.19335465761833
1,atr,1.5,2.0,8,2.0,bar,none,1,1,0,1.0,137.40105015179142,0.0,137.40105015179142,0.0,inf,0.8740894324131573,0.0,27.0,0.0,0.0,1.0,0.0,0.0,137.40105015179142
1,atr,1.5,2.0,8,2.0,bar,exchange,1,1,0,1.0,137.40105015179142,88.5492505250759,48.85179962671552,0.6444583242067848,inf,0.31077522159331417,0.0,27.0,0.0,0.0,1.0,0.0,0.0,48.85179962671552
1,atr,1.5,2.0,8,2.0,bar,cfd_std,1,1,0,1.0,137.40105015179142,27.0,110.40105015179142,0.19650504832511992,inf,0.7023264462563331,0.0,27.0,0.0,0.0,1.0,0.0,0.0,110.40105015179142
1,atr,1.5,2.0,8,2.0,bar,cfd_raw,1,1,0,1.0,137.40105015179142,22.0,115.40105015179142,0.16011522456120883,inf,0.734134406655745,0.0,27.0,0.0,0.0,1.0,0.0,0.0,115.40105015179142
1,atr,1.5,2.0,8,2.0,tick,none,1,1,0,1.0,90.92459099090775,0.0,90.92459099090775,0.0,inf,0.578425157914303,0.0,19.0,0.0,0.0,1.0,0.0,0.0,90.92459099090775
1,atr,1.5,2.0,8,2.0,tick,exchange,1,1,0,1.0,90.92459099090775,88.52601229549546,2.398578695412283,0.9736201321416762,inf,0.015258779231709377,0.0,19.0,0.0,0.0,1.0,0.0,0.0,2.398578695412283
1,atr,1.5,2.0,8,2.0,tick,cfd_std,1,1,0,1.0,90.92459099090775,27.0,63.924590990907745,0.29694936986518794,inf,0.40666217175747893,0.0,19.0,0.0,0.0,1.0,0.0,0.0,63.924590990907745
1,atr,1.5,2.0,8,2.0,tick,cfd_raw,1,1,0,1.0,90.92459099090775,22.0,68.92459099090775,0.24195874581607907,inf,0.4384701321568908,0.0,19.0,0.0,0.0,1.0,0.0,0.0,68.92459099090775
1,atr,1.5,2.5,3,0.5,off,none,19,11,8,0.3157894736842105,94.30345682533516,0.0,94.30345682533516,0.0,1.0976242583003024,0.10526315789473072,288.61185749966535,12.789473684210526,0.3157894736842105,0.6842105263157895,0.0,0.0,0.0,4.963339832912377
1,atr,1.5,2.5,3,0.5,off,exchange,19,11,8,0.2631578947368421,-51.318715371453436,1683.380023892484,-1734.6987392639373,0.8724093154035375,0.22525822364712075,-1.4127885609745399,1734.6987392639421,12.736842105263158,0.2631578947368421,0.7368421052631579,0.0,0.0,0.0,-91.29993364547039
1,atr,1.5,2.5,3,0.5,off,cfd_std,23,14,9,0.30434782608695654,410.96461601274495,526.5,-115.53538398725505,0.25385459894964013,0.9085613260183547,-0.1058068441379304,369.5256639254949,9.478260869565217,0.30434782608695654,0.6956521739130435,0.0,0.0,0.0,-5.023277564663263
1,atr,1.5,2.5,3,0.5,off,cfd_raw,22,14,8,0.2727272727272727,169.53119915613206,436.0,-266.46880084386794,0.21796830768099956,0.7897482656592527,-0.2522642090495423,493.9590807821078,9.954545454545455,0.2727272727272727,0.7272727272727273,0.0,0.0,0.0,-12.112218220175816
1,atr,1.5,2.5,3,0.5,bar,none,25,13,12,0.6,1172.4761006412882,0.0,1172.4761006412882,0.0,3.2505087397283408,0.63059382442798,288.61185749966535,7.88,0.32,0.28,0.4,0.0,0.0,46.89904402565153
1,atr,1.5,2.5,3,0.5,bar,exchange,25,13,12,0.36,1202.4761006412882,2214.291705128664,-1011.815604487376,0.9990300765066931,0.4380365005182406,-0.7643062068839569,1011.8156044873758,7.88,0.32,0.28,0.4,0.0,0.0,-40.47262417949504
1,atr,1.5,2.5,3,0.5,bar,cfd_std,27,16,11,0.4074074074074074,869.4104859404179,648.0,221.41048594041786,0.31410298824248223,1.219526926042975,0.003839725432103803,329.11185749966535,6.962962962962963,0.2222222222222222,0.4444444444444444,0.3333333333333333,0.0,0.0,8.200388368163624
1,atr,1.5,2.5,3,0.5,bar,cfd_raw,28,16,12,0.42857142857142855,988.4832722702558,560.0,428.48327227025584,0.2522789480005167,1.452264505359885,0.11628909371148165,330.61185749966535,6.75,0.25,0.39285714285714285,0.35714285714285715,0.0,0.0,15.302974009651994
1,atr,1.5,2.5,3,0.5,tick,none,27,15,12,0.7037037037037037,1100.470148366745,0.0,1100.470148366745,0.0,3.953326591511487,0.5807145292091003,195.60152003570693,6.2592592592592595,0.2222222222222222,0.18518518518518517,0.5925925925925926,0.0,0.0,40.75815364321278
1,atr,1.5,2.5,3,0.5,tick,exchange,26,14,12,0.2692307692307692,1150.7913008891483,2306.947853667411,-1156.1565527782634,1.245349542510274,0.3101623638248484,-0.7597969642813827,1191.6992399488518,6.538461538461538,0.23076923076923078,0.19230769230769232,0.5769230769230769,0.0,0.0,-44.4675597222409
1,atr,1.5,2.5,3,0.5,tick,cfd_std,30,17,13,0.4666666666666667,1040.296396605423,729.0,311.29639660542307,0.36684704268202817,1.35853352782026,0.10694603098425223,300.031412084616,5.233333333333333,0.2,0.3333333333333333,0.4666666666666667,0.0,0.0,10.376546553514101
1,atr,1.5,2.5,3,0.5,tick,cfd_raw,29,17,12,0.4827586206896552,948.1471135737229,598.0,350.1471135737229,0.3152247200647563,1.45636565037654,0.10869064372461291,232.5213773388241,5.551724137931035,0.1724137931034483,0.3103448275862069,0.5172413793103449,0.0,0.0,12.074038399093892
1,atr,1.5,2.5,3,1.0,off,none,13,8,5,0.38461538461538464,356.53091495232366,0.0,356.53091495232366,0.0,1.5990922826157992,0.34615384615383754,157.19335465761833,10.076923076923077,0.38461538461538464,0.6153846153846154,0.0,0.0,0.0,27.42545499633259
1,atr,1.5,2.5,3,1.0,off,exchange,13,8,5,0.38461538461538464,382.53091495232366,1148.725589213163,-766.1946742608392,0.7455539165393237,0.4074166023592777,-1.0167210431182072,766.1946742608416,9.846153846153847,0.38461538461538464,0.6153846153846154,0.0,0.0,0.0,-58.9380518662184
1,atr,1.5,2.5,3,1.0,off,cfd_std,13,8,5,0.38461538461538464,527.8820674747403,283.5,244.38206747474032,0.18769653386633717,1.345529961285287,0.19863973454446798,170.69335465761833,9.615384615384615,0.38461538461538464,0.6153846153846154,0.0,0.0,0.0,18.798620574980024
1,atr,1.5,2.5,3,1.0,off,cfd_raw,13,8,5,0.38461538461538464,460.53091495232366,246.0,214.53091495232366,0.16154792193857825,1.3033874911772618,0.16956392074580032,171.19335465761833,9.923076923076923,0.38461538461538464,0.6153846153846154,0.0,0.0,0.0,16.502378073255667
1,atr,1.5,2.5,3,1.0,bar,none,13,8,5,0.6923076923076923,751.4149554101168,0.0,751.4149554101168,0.0,3.8822328691554553,0.6062934331251382,108.51175211952068,6.769230769230769,0.3076923076923077,0.3076923076923077,0.38461538461538464,0.0,0.0,57.801150416162834
1,atr,1.5,2.5,3,1.0,bar,exchange,13,8,5,0.38461538461538464,767.4149554101168,1150.9170312333918,-383.50207582327494,0.904221352945327,0.5769641532005756,-0.771862893823484,519.5547475658532,6.769230769230769,0.3076923076923077,0.3076923076923077,0.38461538461538464,0.0,0.0,-29.500159678713455
1,atr,1.5,2.5,3,1.0,bar,cfd_std,13,8,5,0.46153846153846156,676.0581587179913,310.5,365.5581587179913,0.27156567089071015,1.8776178668258163,0.1440997688302603,130.90490450548532,6.538461538461538,0.23076923076923078,0.38461538461538464,0.38461538461538464,0.0,0.0,28.119858362922407
1,atr,1.5,2.5,3,1.0,bar,cfd_raw,13,8,5,0.46153846153846156,636.2070061955746,262.0,374.20700619557465,0.22778231292402526,1.9242287604037236,0.15452810830455513,122.75605702790199,6.615384615384615,0.23076923076923078,0.38461538461538464,0.38461538461538464,0.0,0.0,28.78515432273651
1,atr,1.5,2.5,3,1.0,tick,none,13,8,5,0.7692307692307693,840.4128812431882,0.0,840.4128812431882,0.0,5.246073044050019,0.7570626538112297,108.51175211952068,5.6923076923076925,0.3076923076923077,0.23076923076923078,0.46153846153846156,0.0,0.0,64.64714471101448
1,atr,1.5,2.5,3,1.0,tick,exchange,13,8,5,0.38461538461538464,854.4128812431882,1150.8723806423807,-296.4594993991923,0.9294217837105642,0.6165075238487655,-0.6235104309698835,474.2525789152278,5.6923076923076925,0.3076923076923077,0.23076923076923078,0.46153846153846156,0.0,0.0,-22.804576876860946
1,atr,1.5,2.5,3,1.0,tick,cfd_std,13,8,5,0.5384615384615384,772.0232387302531,310.5,461.52323873025307,0.2721828070397626,2.360118365621733,0.2734962442718207,130.40490450548532,5.384615384615385,0.23076923076923078,0.3076923076923077,0.46153846153846156,0.0,0.0,35.50178759463485
1,atr,1.5,2.5,3,1.0,tick,cfd_raw,13,8,5,0.5384615384615384,737.6720862078364,262.0,475.6720862078364,0.22939624016612292,2.4538679979422895,0.29066375726348,122.51175211952068,5.461538461538462,0.23076923076923078,0.3076923076923077,0.46153846153846156,0.0,0.0,36.59016047752588
1,atr,1.5,2.5,3,2.0,off,none,1,1,0,0.0,-157.19335465761833,0.0,-157.19335465761833,0.0,0.0,-1.000000000000046,157.19335465761833,49.0,0.0,1.0,0.0,0.0,0.0,-157.19335465761833
1,atr,1.5,2.5,3,2.0,off,exchange,1,1,0,0.0,-155.19335465761833,88.39791332267119,-243.5912679802895,0.5695985728106161,0.0,-1.5496282811119146,243.59126798028592,49.0,0.0,1.0,0.0,0.0,0.0,-243.5912679802895
1,atr,1.5,2.5,3,2.0,off,cfd_std,1,1,0,0.0,-143.69335465761833,27.0,-170.69335465761833,0.1879001298587089,0.0,-1.085881493078458,170.69335465761833,46.0,0.0,1.0,0.0,0.0,0.0,-170.69335465761833
1,atr,1.5,2.5,3,2.0,off,cfd_raw,1,1,0,0.0,-149.19335465761833,22.0,-171.19335465761833,0.14745965093745284,0.0,-1.0890622891183992,171.19335465761833,48.0,0.0,1.0,0.0,0.0,0.0,-171.19335465761833
1,atr,1.5,2.5,3,2.0,bar,none,1,1,0,1.0,142.44105015179957,0.0,142.44105015179957,0.0,inf,0.9061518564958163,0.0,27.0,0.0,0.0,1.0,0.0,0.0,142.44105015179957
1,atr,1.5,2.5,3,2.0,bar,exchange,1,1,0,1.0,142.44105015179957,88.5467305250759,53.89431962672367,0.6216377261380168,inf,0.3428536768880145,0.0,27.0,0.0,0.0,1.0,0.0,0.0,53.89431962672367
1,atr,1.5,2.5,3,2.0,bar,cfd_std,1,1,0,1.0,142.44105015179957,27.0,115.44105015179957,0.18955209871891615,inf,0.7343888703389921,0.0,27.0,0.0,0.0,1.0,0.0,0.0,115.44105015179957
1,atr,1.5,2.5,3,2.0,bar,cfd_raw,1,1,0,1.0,142.44105015179957,22.0,120.44105015179957,0.15444985821541315,inf,0.7661968307384041,0.0,27.0,0.0,0.0,1.0,0.0,0.0,120.44105015179957
1,atr,1.5,2.5,3,2.0,tick,none,1,1,0,1.0,95.9645909909159,0.0,95.9645909909159,0.0,inf,0.6104875819969621,0.0,19.0,0.0,0.0,1.0,0.0,0.0,95.9645909909159
1,atr,1.5,2.5,3,2.0,tick,exchange,1,1,0,1.0,95.9645909909159,88.52349229549546,7.441098695420436,0.9224599550877592,inf,0.04733723452640971,0.0,19.0,0.0,0.0,1.0,0.0,0.0,7.441098695420436
1,atr,1.5,2.5,3,2.0,tick,cfd_std,1,1,0,1.0,95.9645909909159,27.0,68.9645909909159,0.28135377560829544,inf,0.4387245958401379,0.0,19.0,0.0,0.0,1.0,0.0,0.0,68.9645909909159
1,atr,1.5,2.5,3,2.0,tick,cfd_raw,1,1,0,1.0,95.9645909909159,22.0,73.9645909909159,0.22925122456972222,inf,0.47053255623954976,0.0,19.0,0.0,0.0,1.0,0.0,0.0,73.9645909909159
1,atr,1.5,2.5,5,0.5,off,none,17,8,9,0.47058823529411764,634.2612608449854,0.0,634.2612608449854,0.0,1.973154553143551,0.6470588235294185,180.10010538014467,10.294117647058824,0.47058823529411764,0.5294117647058824,0.0,0.0,0.058823529411764705,37.30948593205796
1,atr,1.5,2.5,5,0.5,off,exchange,17,8,9,0.4117647058823529,482.6390886481968,1501.7895744061252,-1019.1504857579284,0.8095542655029468,0.3539601654004279,-1.0137863830114848,1044.1571512242954,10.411764705882353,0.4117647058823529,0.5882352941176471,0.0,0.0,0.058823529411764705,-59.95002857399579
1,atr,1.5,2.5,5,0.5,off,cfd_std,17,9,8,0.4117647058823529,716.3647379392205,364.5,351.8647379392205,0.20450455525829989,1.4381899973103927,0.2743404583411962,347.6515598406695,9.941176470588236,0.4117647058823529,0.5882352941176471,0.0,0.0,0.058823529411764705,20.69792576113062
1,atr,1.5,2.5,5,0.5,off,cfd_raw,17,9,8,0.4117647058823529,632.5135854168038,318.0,314.51358541680383,0.1777323162238145,1.3939560049496729,0.24033485481336764,347.5027123630862,9.941176470588236,0.4117647058823529,0.5882352941176471,0.0,0.0,0.058823529411764705,18.500799142164933
1,atr,1.5,2.5,5,0.5,bar,none,20,8,12,0.6,940.8607494550815,0.0,940.8607494550815,0.0,3.037074725847848,0.656537825000346,180.10010538014467,6.45,0.35,0.35,0.3,0.0,0.05,47.04303747275408
1,atr,1.5,2.5,5,0.5,bar,exchange,20,8,12,0.4,966.8607494550815,1771.0824948261154,-804.2217453710339,0.9488291737444857,0.4372200081914033,-0.8537077534695573,862.1328096814541,6.45,0.35,0.35,0.3,0.0,0.05,-40.211087268551694
1,atr,1.5,2.5,5,0.5,bar,cfd_std,19,9,10,0.47368421052631576,811.0712984127749,445.5,365.5712984127749,0.2761869038748412,1.5744724570159383,0.17099591562557684,241.23862874913902,7.0,0.2631578947368421,0.42105263157894735,0.3157894736842105,0.0,0.05263157894736842,19.240594653303944
1,atr,1.5,2.5,5,0.5,bar,cfd_raw,21,9,12,0.47619047619047616,879.7549824534944,414.0,465.75498245349445,0.23468132035863823,1.717046615479469,0.2461323272541969,208.10010538014467,6.142857142857143,0.2857142857142857,0.38095238095238093,0.3333333333333333,0.0,0.047619047619047616,22.17880868826164
1,atr,1.5,2.5,5,0.5,tick,none,21,9,12,0.7619047619047619,1100.6692334218533,0.0,1100.6692334218533,0.0,4.732887476397857,0.7317998737704796,87.08976791618625,5.523809523809524,0.2857142857142857,0.23809523809523808,0.47619047619047616,0.0,0.047619047619047616,52.41282063913587
1,atr,1.5,2.5,5,0.5,tick,exchange,21,9,12,0.3333333333333333,1120.6692334218533,1861.57076961569,-740.9015361938365,1.0986711910249123,0.4117389712152022,-0.745679861748126,849.8595535345376,5.523809523809524,0.2857142857142857,0.23809523809523808,0.47619047619047616,0.0,0.047619047619047616,-35.28102553303983
1,atr,1.5,2.5,5,0.5,tick,cfd_std,22,10,12,0.6363636363636364,1104.7317731218645,526.5,578.2317731218645,0.3209687841245457,2.24591069153197,0.3010825072103347,155.2402240055817,5.181818181818182,0.22727272727272727,0.2727272727272727,0.5,0.0,0.045454545454545456,26.283262414630205
1,atr,1.5,2.5,5,0.5,tick,cfd_raw,22,10,12,0.6363636363636364,1053.8806205994479,444.0,609.8806205994479,0.27136086989101227,2.362999204916352,0.3243756688841959,140.7402240055817,5.2272727272727275,0.22727272727272727,0.2727272727272727,0.5,0.0,0.045454545454545456,27.721846390883993
1,atr,1.5,2.5,5,1.0,off,none,9,3,6,0.5555555555555556,615.7869299365848,0.0,615.7869299365848,0.0,3.02406491761433,0.9444444444444345,157.19335465761833,10.777777777777779,0.5555555555555556,0.4444444444444444,0.0,0.0,0.1111111111111111,68.42076999295386
1,atr,1.5,2.5,5,1.0,off,exchange,9,3,6,0.5555555555555556,631.7869299365848,791.23781917926,-159.4508892426752,0.6441980004605189,0.7564406915324996,-0.4636802643323161,246.08023532621155,10.777777777777779,0.5555555555555556,0.4444444444444444,0.0,0.0,0.1111111111111111,-17.716765471408355
1,atr,1.5,2.5,5,1.0,off,cfd_std,9,3,6,0.5555555555555556,719.6380824590015,175.5,544.1380824590015,0.13979592835412277,2.4476314322705828,0.794436032072373,170.69335465761833,10.777777777777779,0.5555555555555556,0.4444444444444444,0.0,0.0,0.1111111111111111,60.45978693988905
1,atr,1.5,2.5,5,1.0,off,cfd_raw,9,3,6,0.5555555555555556,679.7869299365848,158.0,521.7869299365848,0.12739341151023093,2.4170028717399688,0.7653700951007137,171.19335465761833,10.777777777777779,0.5555555555555556,0.4444444444444444,0.0,0.0,0.1111111111111111,57.97632554850942
1,atr,1.5,2.5,5,1.0,bar,none,9,3,6,0.7777777777777778,869.8200571203051,0.0,869.8200571203051,0.0,8.854736274322027,1.0803047017889378,62.77875498928188,7.111111111111111,0.4444444444444444,0.2222222222222222,0.3333333333333333,0.0,0.1111111111111111,96.64667301336723
1,atr,1.5,2.5,5,1.0,bar,exchange,9,3,6,0.5555555555555556,879.8200571203051,793.455800355213,86.3642567650922,0.7231005497267352,1.2000846441125013,-0.34561750614286674,238.95778297305515,7.111111111111111,0.4444444444444444,0.2222222222222222,0.3333333333333333,0.0,0.1111111111111111,9.596028529454689
1,atr,1.5,2.5,5,1.0,bar,cfd_std,9,3,6,0.5555555555555556,753.9632604281796,202.5,551.4632604281796,0.20202728870632122,3.6053331743595995,0.5054223769167501,76.27875498928188,6.888888888888889,0.3333333333333333,0.3333333333333333,0.3333333333333333,0.0,0.1111111111111111,61.273695603131074
1,atr,1.5,2.5,5,1.0,bar,cfd_raw,9,3,6,0.5555555555555556,730.612107905763,174.0,556.612107905763,0.17528113130547274,3.803833714571787,0.5213329794607069,76.77875498928188,6.888888888888889,0.3333333333333333,0.3333333333333333,0.3333333333333333,0.0,0.1111111111111111,61.845789767307
1,atr,1.5,2.5,5,1.0,tick,none,9,3,6,0.8888888888888888,939.2931518872065,0.0,939.2931518872065,0.0,20.585118316587725,1.2814511105368445,47.95953420877049,5.777777777777778,0.4444444444444444,0.1111111111111111,0.4444444444444444,0.0,0.1111111111111111,104.36590576524516
1,atr,1.5,2.5,5,1.0,tick,exchange,9,3,6,0.5555555555555556,947.2931518872065,793.3934373486686,153.8997145385379,0.7605292786130317,1.484494726931235,-0.14793384594383044,213.16273297306907,5.777777777777778,0.4444444444444444,0.1111111111111111,0.4444444444444444,0.0,0.1111111111111111,17.099968282059766
1,atr,1.5,2.5,5,1.0,tick,cfd_std,9,3,6,0.7777777777777778,830.4035093742714,202.5,627.9035093742714,0.20658573326905127,5.87088494445561,0.6756970425336671,74.95953420877049,5.444444444444445,0.3333333333333333,0.2222222222222222,0.4444444444444444,0.0,0.1111111111111111,69.76705659714126
1,atr,1.5,2.5,5,1.0,tick,cfd_raw,9,3,6,0.7777777777777778,812.5523568518547,174.0,638.5523568518547,0.18029710532411494,6.309734828632694,0.7013420068249281,69.95953420877049,5.444444444444445,0.3333333333333333,0.2222222222222222,0.4444444444444444,0.0,0.1111111111111111,70.9502618724283
1,atr,1.5,2.5,5,2.0,off,none,2,1,1,0.5,-45.70753117336426,0.0,-45.70753117336426,0.0,0.7092273316965626,0.7500000000000197,157.19335465761833,32.0,0.5,0.5,0.0,0.0,0.0,-22.85376558668213
1,atr,1.5,2.5,5,2.0,off,exchange,2,1,1,0.5,-41.70753117336426,175.82107041092905,-217.5286015842933,0.6543903834560977,0.10701191086239885,-0.4825541497893073,243.59630798028957,32.0,0.5,0.5,0.0,0.0,0.0,-108.76430079214666
1,atr,1.5,2.5,5,2.0,off,cfd_std,2,1,1,0.5,-18.70753117336426,40.5,-59.20753117336426,0.15073739721882923,0.653135113009382,0.7070592534608137,170.69335465761833,31.0,0.5,0.5,0.0,0.0,0.0,-29.60376558668213
1,atr,1.5,2.5,5,2.0,off,cfd_raw,2,1,1,0.5,-29.70753117336426,36.0,-65.70753117336426,0.1339887975278482,0.6161794287822832,0.6381957280995938,171.19335465761833,31.0,0.5,0.5,0.0,0.0,0.0,-32.85376558668213
1,atr,1.5,2.5,5,2.0,bar,none,2,1,1,1.0,157.92226127498725,0.0,157.92226127498725,0.0,inf,0.6671323910544807,0.0,16.0,0.0,0.0,1.0,0.0,0.0,78.96113063749362
1,atr,1.5,2.5,5,2.0,bar,exchange,2,1,1,0.5,157.92226127498725,178.01484991951432,-20.09258864452707,1.1272308823487538,0.7085681786677351,-0.6176298244759815,68.94438827123668,16.0,0.0,0.0,1.0,0.0,0.0,-10.046294322263535
1,atr,1.5,2.5,5,2.0,bar,cfd_std,2,1,1,0.5,157.92226127498725,54.0,103.92226127498725,0.34194039246924635,17.040383974705087,0.2785218249404472,6.478788876804174,16.0,0.0,0.0,1.0,0.0,0.0,51.961130637493625
1,atr,1.5,2.5,5,2.0,bar,cfd_raw,2,1,1,0.5,157.92226127498725,44.0,113.92226127498725,0.27861809756753403,78.03754272292461,0.35048674459119417,1.478788876804174,16.0,0.0,0.0,1.0,0.0,0.0,56.961130637493625
1,atr,1.5,2.5,5,2.0,tick,none,2,1,1,1.0,119.39580211410066,0.0,119.39580211410066,0.0,inf,0.6084371475321761,0.0,11.5,0.0,0.0,1.0,0.0,0.0,59.69790105705033
1,atr,1.5,2.5,5,2.0,tick,exchange,2,1,1,0.5,119.39580211410066,177.98763668993388,-58.591834575833204,1.4907361359308084,0.039327142853500155,-0.6762065834827975,60.99041327123996,11.5,0.0,0.0,1.0,0.0,0.0,-29.295917287916602
1,atr,1.5,2.5,5,2.0,tick,cfd_std,2,1,1,1.0,119.39580211410066,54.0,65.39580211410066,0.45227720777314157,inf,0.21982658141814268,0.0,11.5,0.0,0.0,1.0,0.0,0.0,32.69790105705033
1,atr,1.5,2.5,5,2.0,tick,cfd_raw,2,1,1,1.0,119.39580211410066,44.0,75.39580211410066,0.3685221692966339,inf,0.2917915010688896,0.0,11.5,0.0,0.0,1.0,0.0,0.0,37.69790105705033
1,atr,1.5,2.5,8,0.5,off,none,13,4,9,0.6153846153846154,894.9368745094107,0.0,894.9368745094107,0.0,3.4670606149072123,0.9992591485765596,157.19335465761833,11.384615384615385,0.5384615384615384,0.38461538461538464,0.0,0.07692307692307693,0.07692307692307693,68.84129803918543
1,atr,1.5,2.5,8,0.5,off,exchange,13,4,9,0.46153846153846156,733.3147023126221,1147.3038343095184,-413.98913199689633,0.7431926320646973,0.5831991077371595,-0.6849405278347523,631.1798575330904,11.538461538461538,0.46153846153846156,0.46153846153846156,0.0,0.07692307692307693,0.07692307692307693,-31.8453178459151
1,atr,1.5,2.5,8,0.5,off,cfd_std,14,5,9,0.5,830.0300141396874,297.0,533.0300141396874,0.18737756948348913,1.940913827335736,0.4261275077725341,238.88163644402812,10.571428571428571,0.42857142857142855,0.5,0.0,0.07142857142857142,0.07142857142857142,38.0735724385491
1,atr,1.5,2.5,8,0.5,off,cfd_raw,14,5,9,0.5,768.1788616172707,260.0,508.17886161727074,0.16446472424122563,1.9068895685589997,0.402649831394242,236.7327889664448,10.571428571428571,0.42857142857142855,0.5,0.0,0.07142857142857142,0.07142857142857142,36.298490115519336
1,atr,1.5,2.5,8,0.5,bar,none,13,4,9,0.8461538461538461,919.0054493762291,0.0,919.0054493762291,0.0,8.89337191025703,0.9440621753840607,65.6240134058753,6.769230769230769,0.3076923076923077,0.15384615384615385,0.5384615384615384,0.0,0.07692307692307693,70.69272687509455
1,atr,1.5,2.5,8,0.5,bar,exchange,13,4,9,0.38461538461538464,929.0054493762291,1151.5829097335206,-222.57746035729167,0.9945783516035953,0.6216718105709992,-0.48930792755506164,443.2405568070244,6.769230769230769,0.3076923076923077,0.15384615384615385,0.5384615384615384,0.0,0.07692307692307693,-17.121343104407053
1,atr,1.5,2.5,8,0.5,bar,cfd_std,14,5,9,0.6428571428571429,959.555449376232,324.0,635.555449376232,0.26572396511872587,3.6334629912256444,0.5105945310109733,84.41080160556885,6.357142857142857,0.2857142857142857,0.21428571428571427,0.5,0.0,0.07142857142857142,45.396817812588
1,atr,1.5,2.5,8,0.5,bar,cfd_raw,14,5,9,0.6428571428571429,930.7042968538153,276.0,654.7042968538153,0.229205121536772,3.933401758652709,0.5328559839919412,79.6240134058753,6.285714285714286,0.2857142857142857,0.21428571428571427,0.5,0.0,0.07142857142857142,46.76459263241538
1,atr,1.5,2.5,8,0.5,tick,none,13,4,9,0.8461538461538461,888.9245667924843,0.0,888.9245667924843,0.0,8.635006093402048,0.92347812677681,65.6240134058753,5.923076923076923,0.23076923076923078,0.15384615384615385,0.6153846153846154,0.0,0.07692307692307693,68.3788128301911
1,atr,1.5,2.5,8,0.5,tick,exchange,13,4,9,0.46153846153846156,896.9245667924843,1153.4969227197294,-256.5723559272453,1.0246206139873102,0.5285255587411982,-0.5151035269608747,461.995304431126,5.923076923076923,0.23076923076923078,0.15384615384615385,0.6153846153846154,0.0,0.07692307692307693,-19.736335071326565
1,atr,1.5,2.5,8,0.5,tick,cfd_std,14,5,9,0.7142857142857143,915.9745667924872,337.5,578.4745667924872,0.2870558140569988,3.6465061890872175,0.45576471454633233,79.1240134058753,5.5,0.21428571428571427,0.21428571428571427,0.5714285714285714,0.0,0.07142857142857142,41.319611913749085
1,atr,1.5,2.5,8,0.5,tick,cfd_raw,14,5,9,0.7142857142857143,892.6234142700705,284.0,608.6234142700705,0.24355089832467294,3.962656900910973,0.49154070143815537,79.6240134058753,5.5,0.21428571428571427,0.21428571428571427,0.5714285714285714,0.0,0.07142857142857142,43.47310101929075
1,atr,1.5,2.5,8,1.0,off,none,5,3,2,0.6,342.12226108144387,0.0,342.12226108144387,0.0,2.7681238918225457,0.6980737862990561,157.19335465761833,19.8,0.4,0.4,0.0,0.2,0.0,68.42445221628877
1,atr,1.5,2.5,8,1.0,off,exchange,5,3,2,0.4,350.12226108144387,439.9223643622792,-89.80010328083536,0.6033679346076323,0.7856568807729545,-0.4728540823242309,243.59630798028957,19.8,0.4,0.4,0.0,0.2,0.0,-17.96002065616707
1,atr,1.5,2.5,8,1.0,off,cfd_std,5,3,2,0.6,391.97341360386054,108.0,283.97341360386054,0.14728743132799113,2.2641077855905043,0.5121523688399668,170.69335465761833,18.4,0.4,0.4,0.0,0.2,0.0,56.79468272077211
1,atr,1.5,2.5,8,1.0,off,cfd_raw,5,3,2,0.6,374.12226108144387,94.0,280.12226108144387,0.12892407944600634,2.2646916830933366,0.5205300971213025,171.19335465761833,18.4,0.4,0.4,0.0,0.2,0.0,56.02445221628877
1,atr,1.5,2.5,8,1.0,bar,none,5,3,2,1.0,558.6084441364219,0.0,558.6084441364219,0.0,inf,1.0767796374822516,0.0,10.8,0.2,0.0,0.8,0.0,0.0,111.72168882728438
1,atr,1.5,2.5,8,1.0,bar,exchange,5,3,2,0.4,560.6084441364219,442.193042068286,118.41540206813596,0.788773424113248,1.9845200245716965,-0.11721755518691049,75.78470887815638,10.8,0.2,0.0,0.8,0.0,0.0,23.68308041362719
1,atr,1.5,2.5,8,1.0,bar,cfd_std,5,3,2,0.8,531.0562619234697,121.5,409.5562619234697,0.20770783716457958,8.591404298859905,0.5355398133064598,53.94999999999709,10.0,0.2,0.2,0.6,0.0,0.0,81.91125238469394
1,atr,1.5,2.5,8,1.0,bar,cfd_raw,5,3,2,0.8,524.205109401053,102.0,422.20510940105305,0.17561759279074135,9.3935474284197,0.5755416859989879,50.30115252241376,10.0,0.2,0.2,0.6,0.0,0.0,84.44102188021061
1,atr,1.5,2.5,8,1.0,tick,none,5,3,2,1.0,602.5691391547007,0.0,602.5691391547007,0.0,inf,1.2925377339502253,0.0,8.8,0.2,0.0,0.8,0.0,0.0,120.51382783094013
1,atr,1.5,2.5,8,1.0,tick,exchange,5,3,2,0.8,604.5691391547007,442.1767052616159,162.3924338930848,0.7313914598417323,3.8025931931461607,0.09851844526030044,57.94363387816702,8.8,0.2,0.0,0.8,0.0,0.0,32.47848677861696
1,atr,1.5,2.5,8,1.0,tick,cfd_std,5,3,2,0.8,557.1669569417572,121.5,435.66695694175723,0.1988325479225376,9.07538381727119,0.6529539247509725,53.94999999999709,8.0,0.2,0.2,0.6,0.0,0.0,87.13339138835144
1,atr,1.5,2.5,8,1.0,tick,cfd_raw,5,3,2,0.8,550.3158044193406,102.0,448.31580441934057,0.16806221203393173,9.912634839123715,0.6929557974435007,50.30115252241376,8.0,0.2,0.2,0.6,0.0,0.0,89.66316088386812
1,atr,1.5,2.5,8,2.0,off,none,1,1,0,0.0,-157.19335465761833,0.0,-157.19335465761833,0.0,0.0,-1.000000000000046,157.19335465761833,48.0,0.0,1.0,0.0,0.0,0.0,-157.19335465761833
1,atr,1.5,2.5,8,2.0,off,exchange,1,1,0,0.0,-155.19335465761833,88.4029533226712,-243.5963079802895,0.569631048427959,0.0,-1.5496603435359975,243.59630798028957,48.0,0.0,1.0,0.0,0.0,0.0,-243.5963079802895
1,atr,1.5,2.5,8,2.0,off,cfd_std,1,1,0,0.0,-143.69335465761833,27.0,-170.69335465761833,0.1879001298587089,0.0,-1.085881493078458,170.69335465761833,46.0,0.0,1.0,0.0,0.0,0.0,-170.69335465761833
1,atr,1.5,2.5,8,2.0,off,cfd_raw,1,1,0,0.0,-149.19335465761833,22.0,-171.19335465761833,0.14745965093745284,0.0,-1.0890622891183992,171.19335465761833,46.0,0.0,1.0,0.0,0.0,0.0,-171.19335465761833
1,atr,1.5,2.5,8,2.0,bar,none,1,1,0,1.0,137.40105015179142,0.0,137.40105015179142,0.0,inf,0.8740894324131573,0.0,27.0,0.0,0.0,1.0,0.0,0.0,137.40105015179142
1,atr,1.5,2.5,8,2.0,bar,exchange,1,1,0,1.0,137.40105015179142,88.5492505250759,48.85179962671552,0.6444583242067848,inf,0.31077522159331417,0.0,27.0,0.0,0.0,1.0,0.0,0.0,48.85179962671552
1,atr,1.5,2.5,8,2.0,bar,cfd_std,1,1,0,1.0,137.40105015179142,27.0,110.40105015179142,0.19650504832511992,inf,0.7023264462563331,0.0,27.0,0.0,0.0,1.0,0.0,0.0,110.40105015179142
1,atr,1.5,2.5,8,2.0,bar,cfd_raw,1,1,0,1.0,137.40105015179142,22.0,115.40105015179142,0.16011522456120883,inf,0.734134406655745,0.0,27.0,0.0,0.0,1.0,0.0,0.0,115.40105015179142
1,atr,1.5,2.5,8,2.0,tick,none,1,1,0,1.0,90.92459099090775,0.0,90.92459099090775,0.0,inf,0.578425157914303,0.0,19.0,0.0,0.0,1.0,0.0,0.0,90.92459099090775
1,atr,1.5,2.5,8,2.0,tick,exchange,1,1,0,1.0,90.92459099090775,88.52601229549546,2.398578695412283,0.9736201321416762,inf,0.015258779231709377,0.0,19.0,0.0,0.0,1.0,0.0,0.0,2.398578695412283
1,atr,1.5,2.5,8,2.0,tick,cfd_std,1,1,0,1.0,90.92459099090775,27.0,63.924590990907745,0.29694936986518794,inf,0.40666217175747893,0.0,19.0,0.0,0.0,1.0,0.0,0.0,63.924590990907745
1,atr,1.5,2.5,8,2.0,tick,cfd_raw,1,1,0,1.0,90.92459099090775,22.0,68.92459099090775,0.24195874581607907,inf,0.4384701321568908,0.0,19.0,0.0,0.0,1.0,0.0,0.0,68.92459099090775
1,atr,1.5,3.0,3,0.5,off,none,18,11,7,0.2777777777777778,189.51734444739122,0.0,189.51734444739122,0.0,1.2047868699440505,0.11111111111111444,296.42882664327044,13.61111111111111,0.2777777777777778,0.7222222222222222,0.0,0.0,0.0,10.528741358188402
1,atr,1.5,3.0,3,0.5,off,exchange,18,11,7,0.2777777777777778,225.51734444739122,1595.3613644000743,-1369.844019952683,0.7880696511762674,0.3350485339329028,-1.2454559195511297,1369.8440199526813,13.38888888888889,0.2777777777777778,0.7222222222222222,0.0,0.0,0.0,-76.10244555292684
1,atr,1.5,3.0,3,0.5,off,cfd_std,22,14,8,0.2727272727272727,498.84428132996254,513.0,-14.155718670037459,0.23729109873518273,0.9887966776949628,-0.08788897341691579,436.2884596915537,10.227272727272727,0.2727272727272727,0.7272727272727273,0.0,0.0,0.0,-0.6434417577289754
1,atr,1.5,3.0,3,0.5,off,cfd_raw,21,14,7,0.23809523809523808,240.69441160649876,422.0,-181.30558839350124,0.20372163609415647,0.856944549288009,-0.2575917987965774,573.2517594841629,10.761904761904763,0.23809523809523808,0.7619047619047619,0.0,0.0,0.0,-8.633599447309583
1,atr,1.5,3.0,3,0.5,bar,none,24,13,11,0.5833333333333334,1153.8613272907096,0.0,1153.8613272907096,0.0,3.214778621143726,0.617626274077215,288.61185749966535,8.5,0.25,0.2916666666666667,0.4583333333333333,0.0,0.0,48.07755530377957
1,atr,1.5,3.0,3,0.5,bar,exchange,24,13,11,0.3333333333333333,1179.8613272907096,2128.6806624265673,-948.8193351358577,0.9703048341475503,0.47302469779654854,-0.7537862733800371,948.8193351358641,8.5,0.25,0.2916666666666667,0.4583333333333333,0.0,0.0,-39.534138963994074
1,atr,1.5,3.0,3,0.5,bar,cfd_std,26,16,10,0.38461538461538464,933.5183023575519,634.5,299.0183023575519,0.2982898838095525,1.2964745254423353,0.003987407179506041,384.3089526952681,7.423076923076923,0.19230769230769232,0.46153846153846156,0.34615384615384615,0.0,0.0,11.500703936828918
1,atr,1.5,3.0,3,0.5,bar,cfd_raw,27,16,11,0.4074074074074074,1022.036149787571,554.0,468.03614978757105,0.2458596654604697,1.4940126055626066,0.08946350039871209,330.61185749966535,7.37037037037037,0.18518518518518517,0.4074074074074074,0.4074074074074074,0.0,0.0,17.334672214354484
1,atr,1.5,3.0,3,0.5,tick,none,27,15,12,0.7037037037037037,1120.1988296454947,0.0,1120.1988296454947,0.0,4.006272361210429,0.5930540836637809,195.60152003570693,6.444444444444445,0.14814814814814814,0.18518518518518517,0.6666666666666666,0.0,0.0,41.48884554242573
1,atr,1.5,3.0,3,0.5,tick,exchange,26,14,12,0.23076923076923078,1166.519982167898,2310.9781047570536,-1144.4581225891561,1.23702193740759,0.3212688428944214,-0.752288849708098,1216.09818232627,6.730769230769231,0.15384615384615385,0.19230769230769232,0.6538461538461539,0.0,0.0,-44.01762009958293
1,atr,1.5,3.0,3,0.5,tick,cfd_std,30,17,13,0.4666666666666667,1041.6731134249567,769.5,272.1731134249567,0.38695935206270937,1.3134735499613344,0.04542448174901338,300.031412084616,5.466666666666667,0.1,0.3333333333333333,0.5666666666666667,0.0,0.0,9.072437114165222
1,atr,1.5,3.0,3,0.5,tick,cfd_raw,29,17,12,0.4827586206896552,943.8073775264056,622.0,321.8073775264056,0.32862765201626426,1.419428941286661,0.05280919748525727,252.74529219788383,5.793103448275862,0.06896551724137931,0.3103448275862069,0.6206896551724138,0.0,0.0,11.096806121600194
1,atr,1.5,3.0,3,1.0,off,none,13,8,5,0.38461538461538464,546.8608027368609,0.0,546.8608027368609,0.0,1.9189107391389737,0.538461538461531,157.19335465761833,11.076923076923077,0.38461538461538464,0.6153846153846154,0.0,0.0,0.0,42.06621559514315
1,atr,1.5,3.0,3,1.0,off,exchange,13,8,5,0.38461538461538464,572.8608027368609,1148.6951628067707,-575.83436006991,0.6635645479873978,0.554643365411423,-0.824394120041283,575.8343600699154,10.846153846153847,0.38461538461538464,0.6153846153846154,0.0,0.0,0.0,-44.29495077460846
1,atr,1.5,3.0,3,1.0,off,cfd_std,13,8,5,0.3076923076923077,511.21998220228124,297.0,214.21998220228124,0.1891417706745354,1.2773019049039926,0.06318745135372571,304.81595680456667,10.461538461538462,0.3076923076923077,0.6923076923076923,0.0,0.0,0.0,16.47846016940625
1,atr,1.5,3.0,3,1.0,off,cfd_raw,13,8,5,0.3076923076923077,443.8688296798646,254.0,189.86882967986458,0.15938736375389448,1.2456683339824897,0.042287354068671984,303.16710932698334,10.76923076923077,0.3076923076923077,0.6923076923076923,0.0,0.0,0.0,14.605294590758813
1,atr,1.5,3.0,3,1.0,bar,none,13,8,5,0.6923076923076923,739.649597735377,0.0,739.649597735377,0.0,3.8371040087789705,0.6107691998292659,108.51175211952068,7.153846153846154,0.23076923076923078,0.3076923076923077,0.46153846153846156,0.0,0.0,56.89612290272131
1,atr,1.5,3.0,3,1.0,bar,exchange,13,8,5,0.38461538461538464,753.649597735377,1152.9610293425108,-399.3114316071338,0.9157306643605388,0.559525071033886,-0.7708693236863375,493.66781393541896,7.153846153846154,0.23076923076923078,0.3076923076923077,0.46153846153846156,0.0,0.0,-30.716263969779522
1,atr,1.5,3.0,3,1.0,bar,cfd_std,13,8,5,0.46153846153846156,718.9604519111454,324.0,394.96045191114536,0.27312451215585243,1.9482057533674746,0.12921257137856632,150.63702156824002,6.923076923076923,0.15384615384615385,0.38461538461538464,0.46153846153846156,0.0,0.0,30.381573223934257
1,atr,1.5,3.0,3,1.0,bar,cfd_raw,13,8,5,0.46153846153846156,684.6092993887287,270.0,414.6092993887287,0.22525842880729316,2.0240156717579723,0.15599234388008895,132.98817409065668,7.0,0.15384615384615385,0.38461538461538464,0.46153846153846156,0.0,0.0,31.893023029902206
1,atr,1.5,3.0,3,1.0,tick,none,13,8,5,0.7692307692307693,866.96467774763,0.0,866.96467774763,0.0,5.380222424580502,0.7945318926196744,108.51175211952068,6.0,0.23076923076923078,0.23076923076923078,0.5384615384615384,0.0,0.0,66.68959059597154
1,atr,1.5,3.0,3,1.0,tick,exchange,13,8,5,0.38461538461538464,878.96467774763,1152.89722017441,-273.93254242677995,0.9129553405282146,0.6456478230363797,-0.5895068919923678,448.3656452847936,6.0,0.23076923076923078,0.23076923076923078,0.5384615384615384,0.0,0.0,-21.071734032829227
1,atr,1.5,3.0,3,1.0,tick,cfd_std,13,8,5,0.5384615384615384,824.7855319234077,324.0,500.7855319234077,0.2714614325780115,2.4758251417211405,0.27326587678817,139.84702156824642,5.769230769230769,0.15384615384615385,0.3076923076923077,0.5384615384615384,0.0,0.0,38.52196399410828
1,atr,1.5,3.0,3,1.0,tick,cfd_raw,13,8,5,0.5384615384615384,795.934379400991,270.0,525.934379400991,0.22492673680559888,2.6074921892613308,0.30678482280705704,122.51175211952068,5.846153846153846,0.15384615384615385,0.3076923076923077,0.5384615384615384,0.0,0.0,40.45649072315315
1,atr,1.5,3.0,3,2.0,off,none,1,1,0,0.0,-157.19335465761833,0.0,-157.19335465761833,0.0,0.0,-1.000000000000046,157.19335465761833,49.0,0.0,1.0,0.0,0.0,0.0,-157.19335465761833
1,atr,1.5,3.0,3,2.0,off,exchange,1,1,0,0.0,-155.19335465761833,88.39791332267119,-243.5912679802895,0.5695985728106161,0.0,-1.5496282811119146,243.59126798028592,49.0,0.0,1.0,0.0,0.0,0.0,-243.5912679802895
1,atr,1.5,3.0,3,2.0,off,cfd_std,1,1,0,0.0,-143.69335465761833,27.0,-170.69335465761833,0.1879001298587089,0.0,-1.085881493078458,170.69335465761833,46.0,0.0,1.0,0.0,0.0,0.0,-170.69335465761833
1,atr,1.5,3.0,3,2.0,off,cfd_raw,1,1,0,0.0,-149.19335465761833,22.0,-171.19335465761833,0.14745965093745284,0.0,-1.0890622891183992,171.19335465761833,48.0,0.0,1.0,0.0,0.0,0.0,-171.19335465761833
1,atr,1.5,3.0,3,2.0,bar,none,1,1,0,1.0,142.44105015179957,0.0,142.44105015179957,0.0,inf,0.9061518564958163,0.0,27.0,0.0,0.0,1.0,0.0,0.0,142.44105015179957
1,atr,1.5,3.0,3,2.0,bar,exchange,1,1,0,1.0,142.44105015179957,88.5467305250759,53.89431962672367,0.6216377261380168,inf,0.3428536768880145,0.0,27.0,0.0,0.0,1.0,0.0,0.0,53.89431962672367
1,atr,1.5,3.0,3,2.0,bar,cfd_std,1,1,0,1.0,142.44105015179957,27.0,115.44105015179957,0.18955209871891615,inf,0.7343888703389921,0.0,27.0,0.0,0.0,1.0,0.0,0.0,115.44105015179957
1,atr,1.5,3.0,3,2.0,bar,cfd_raw,1,1,0,1.0,142.44105015179957,22.0,120.44105015179957,0.15444985821541315,inf,0.7661968307384041,0.0,27.0,0.0,0.0,1.0,0.0,0.0,120.44105015179957
1,atr,1.5,3.0,3,2.0,tick,none,1,1,0,1.0,95.9645909909159,0.0,95.9645909909159,0.0,inf,0.6104875819969621,0.0,19.0,0.0,0.0,1.0,0.0,0.0,95.9645909909159
1,atr,1.5,3.0,3,2.0,tick,exchange,1,1,0,1.0,95.9645909909159,88.52349229549546,7.441098695420436,0.9224599550877592,inf,0.04733723452640971,0.0,19.0,0.0,0.0,1.0,0.0,0.0,7.441098695420436
1,atr,1.5,3.0,3,2.0,tick,cfd_std,1,1,0,1.0,95.9645909909159,27.0,68.9645909909159,0.28135377560829544,inf,0.4387245958401379,0.0,19.0,0.0,0.0,1.0,0.0,0.0,68.9645909909159
1,atr,1.5,3.0,3,2.0,tick,cfd_raw,1,1,0,1.0,95.9645909909159,22.0,73.9645909909159,0.22925122456972222,inf,0.47053255623954976,0.0,19.0,0.0,0.0,1.0,0.0,0.0,73.9645909909159
1,atr,1.5,3.0,5,0.5,off,none,16,8,8,0.4375,774.6215384910756,0.0,774.6215384910756,0.0,2.2673550809894305,0.7500000000000282,191.66234210498806,11.4375,0.4375,0.5625,0.0,0.0,0.0625,48.41384615569223
1,atr,1.5,3.0,5,0.5,off,exchange,16,8,8,0.4375,804.6215384910756,1413.7487878450565,-609.1272493539808,0.7086304474714965,0.5644530999495246,-0.7380682752874475,789.1138933083857,11.375,0.4375,0.5625,0.0,0.0,0.0625,-38.0704530846238
1,atr,1.5,3.0,5,0.5,off,cfd_std,17,9,8,0.4117647058823529,947.3368503181409,364.5,582.8368503181409,0.18104348114114624,1.7258279967724965,0.480222811282387,326.0950825303735,10.647058823529411,0.4117647058823529,0.5882352941176471,0.0,0.0,0.058823529411764705,34.284520606949464
1,atr,1.5,3.0,5,0.5,off,cfd_raw,17,9,8,0.4117647058823529,863.4856977957243,318.0,545.4856977957243,0.15741174300105704,1.683268946796047,0.44621720775455853,325.94623505279014,10.647058823529411,0.4117647058823529,0.5882352941176471,0.0,0.0,0.058823529411764705,32.08739398798378
1,atr,1.5,3.0,5,0.5,bar,none,20,8,12,0.6,1001.937555528435,0.0,1001.937555528435,0.0,3.1693132298555855,0.7344470733580304,180.10010538014467,7.0,0.3,0.35,0.35,0.0,0.05,50.09687777642175
1,atr,1.5,3.0,5,0.5,bar,exchange,20,8,12,0.4,1025.937555528435,1773.1191410869314,-747.1815855584963,0.9207781472174719,0.47713569171628833,-0.7780494328804106,814.6786205020617,7.0,0.3,0.35,0.35,0.0,0.05,-37.35907927792481
1,atr,1.5,3.0,5,0.5,bar,cfd_std,19,9,10,0.47368421052631576,975.0787223331863,445.5,529.5787223331863,0.2506970096134414,1.832199877624407,0.3025748629940118,219.682151438843,7.421052631578948,0.2631578947368421,0.42105263157894735,0.3157894736842105,0.0,0.05263157894736842,27.872564333325595
1,atr,1.5,3.0,5,0.5,bar,cfd_raw,21,9,12,0.47619047619047616,1001.0094393947365,422.0,579.0094393947365,0.22383125612830726,1.8914059419431244,0.31847653233469075,208.10010538014467,6.761904761904762,0.23809523809523808,0.38095238095238093,0.38095238095238093,0.0,0.047619047619047616,27.571878066416026
1,atr,1.5,3.0,5,0.5,tick,none,21,9,12,0.7619047619047619,1121.2445363649895,0.0,1121.2445363649895,0.0,4.802668013863001,0.7476650152122297,87.08976791618625,5.761904761904762,0.19047619047619047,0.23809523809523808,0.5714285714285714,0.0,0.047619047619047616,53.39259696976141
1,atr,1.5,3.0,5,0.5,tick,exchange,21,9,12,0.2857142857142857,1137.2445363649895,1865.6005973945,-728.3560610295104,1.0903828694318805,0.42634082283681635,-0.7363841008478508,856.1816628054803,5.761904761904762,0.19047619047619047,0.23809523809523808,0.5714285714285714,0.0,0.047619047619047616,-34.683621953786215
1,atr,1.5,3.0,5,0.5,tick,cfd_std,22,10,12,0.6363636363636364,1138.0275727537082,553.5,584.5275727537082,0.3307158419855342,2.2594761931831635,0.2654918005280967,191.64485078390862,5.454545454545454,0.13636363636363635,0.2727272727272727,0.5909090909090909,0.0,0.045454545454545456,26.569435125168557
1,atr,1.5,3.0,5,0.5,tick,cfd_raw,22,10,12,0.6363636363636364,1098.1764202312916,460.0,638.1764202312916,0.2737291346611084,2.4262364206894453,0.3100446148437518,149.4960033063253,5.5,0.13636363636363635,0.2727272727272727,0.5909090909090909,0.0,0.045454545454545456,29.008019101422345
1,atr,1.5,3.0,5,1.0,off,none,9,3,6,0.5555555555555556,799.7908751995274,0.0,799.7908751995274,0.0,3.628877901137225,1.2222222222222143,157.19335465761833,12.222222222222221,0.5555555555555556,0.4444444444444444,0.0,0.0,0.1111111111111111,88.86565279994748
1,atr,1.5,3.0,5,1.0,off,exchange,9,3,6,0.5555555555555556,815.7908751995274,791.1819326369102,24.608942562617216,0.5602253914844384,1.0375898626914857,-0.18581915322120313,243.59630798028957,12.222222222222221,0.5555555555555556,0.4444444444444444,0.0,0.0,0.1111111111111111,2.734326951401913
1,atr,1.5,3.0,5,1.0,off,cfd_std,9,3,6,0.4444444444444444,696.6500546649477,189.0,507.6500546649477,0.14439502861374298,2.150795620941134,0.59878273413019,194.15752747301303,12.11111111111111,0.4444444444444444,0.5555555555555556,0.0,0.0,0.1111111111111111,56.40556162943863
1,atr,1.5,3.0,5,1.0,off,cfd_raw,9,3,6,0.4444444444444444,656.798902142531,166.0,490.798902142531,0.1272264161606302,2.1309231050227555,0.5815261654559734,186.0086799954297,12.0,0.4444444444444444,0.5555555555555556,0.0,0.0,0.1111111111111111,54.53321134917011
1,atr,1.5,3.0,5,1.0,bar,none,9,3,6,0.7777777777777778,858.0546994455653,0.0,858.0546994455653,0.0,8.748491562037392,1.0867696981393444,62.77875498928188,7.666666666666667,0.3333333333333333,0.2222222222222222,0.4444444444444444,0.0,0.1111111111111111,95.33941104950726
1,atr,1.5,3.0,5,1.0,bar,exchange,9,3,6,0.5555555555555556,866.0546994455653,795.499798464332,70.55490098123337,0.7341733595812022,1.163458272924417,-0.34418234927809965,213.07084934262093,7.666666666666667,0.3333333333333333,0.2222222222222222,0.4444444444444444,0.0,0.1111111111111111,7.8394334423592635
1,atr,1.5,3.0,5,1.0,bar,cfd_std,9,3,6,0.5555555555555556,796.8755536213284,216.0,580.8755536213284,0.20664870549759248,3.744288620150501,0.48394011884301463,76.27875498928188,7.444444444444445,0.2222222222222222,0.3333333333333333,0.4444444444444444,0.0,0.1111111111111111,64.5417281801476
1,atr,1.5,3.0,5,1.0,bar,cfd_raw,9,3,6,0.5555555555555556,779.0244010989118,182.0,597.0244010989118,0.17481454789612152,4.007403397172537,0.5234694579818558,76.77875498928188,7.444444444444445,0.2222222222222222,0.3333333333333333,0.4444444444444444,0.0,0.1111111111111111,66.33604456654575
1,atr,1.5,3.0,5,1.0,tick,none,9,3,6,0.8888888888888888,965.8449483916484,0.0,965.8449483916484,0.0,21.138747473803065,1.3355733443712643,47.95953420877049,6.222222222222222,0.3333333333333333,0.1111111111111111,0.5555555555555556,0.0,0.1111111111111111,107.31610537684982
1,atr,1.5,3.0,5,1.0,tick,exchange,9,3,6,0.5555555555555556,971.8449483916484,795.4182768806979,176.42667151095034,0.744938267593672,1.55541228450869,-0.09881762297630815,187.27579934263485,6.222222222222222,0.3333333333333333,0.1111111111111111,0.5555555555555556,0.0,0.1111111111111111,19.602963501216706
1,atr,1.5,3.0,5,1.0,tick,cfd_std,9,3,6,0.7777777777777778,883.1758025674208,216.0,667.1758025674208,0.20910074780337,6.175534972354619,0.6753857610804386,74.95953420877049,6.0,0.2222222222222222,0.2222222222222222,0.5555555555555556,0.0,0.1111111111111111,74.13064472971342
1,atr,1.5,3.0,5,1.0,tick,cfd_raw,9,3,6,0.7777777777777778,870.8246500450041,182.0,688.8246500450041,0.17784795740566905,6.727762486378586,0.7246494619665841,69.95953420877049,6.0,0.2222222222222222,0.2222222222222222,0.5555555555555556,0.0,0.1111111111111111,76.53607222722268
1,atr,1.5,3.0,5,2.0,off,none,2,1,1,0.5,-23.410366476513445,0.0,-23.410366476513445,0.0,0.8510727980358751,1.000000000000028,157.19335465761833,33.0,0.5,0.5,0.0,0.0,0.0,-11.705183238256723
1,atr,1.5,3.0,5,2.0,off,exchange,2,1,1,0.5,-19.410366476513445,175.80992182858063,-195.22028830509407,0.6042069266298573,0.19859093956017496,-0.23242914978929874,243.59630798028957,33.0,0.5,0.5,0.0,0.0,0.0,-97.61014415254704
1,atr,1.5,3.0,5,2.0,off,cfd_std,2,1,1,0.5,3.5896335234865546,40.5,-36.910366476513445,0.1391865730556919,0.7837621356112584,0.9570592534608221,170.69335465761833,32.5,0.5,0.5,0.0,0.0,0.0,-18.455183238256723
1,atr,1.5,3.0,5,2.0,off,cfd_raw,2,1,1,0.5,-7.410366476513445,36.0,-43.410366476513445,0.12372139827172612,0.746424932420228,0.8881957280996022,171.19335465761833,32.0,0.5,0.5,0.0,0.0,0.0,-21.705183238256723
1,atr,1.5,3.0,5,2.0,bar,none,2,1,1,1.0,157.92226127498725,0.0,157.92226127498725,0.0,inf,0.6671323910544807,0.0,16.0,0.0,0.0,1.0,0.0,0.0,78.96113063749362
1,atr,1.5,3.0,5,2.0,bar,exchange,2,1,1,0.5,157.92226127498725,178.01484991951432,-20.09258864452707,1.1272308823487538,0.7085681786677351,-0.6176298244759815,68.94438827123668,16.0,0.0,0.0,1.0,0.0,0.0,-10.046294322263535
1,atr,1.5,3.0,5,2.0,bar,cfd_std,2,1,1,0.5,157.92226127498725,54.0,103.92226127498725,0.34194039246924635,17.040383974705087,0.2785218249404472,6.478788876804174,16.0,0.0,0.0,1.0,0.0,0.0,51.961130637493625
1,atr,1.5,3.0,5,2.0,bar,cfd_raw,2,1,1,0.5,157.92226127498725,44.0,113.92226127498725,0.27861809756753403,78.03754272292461,0.35048674459119417,1.478788876804174,16.0,0.0,0.0,1.0,0.0,0.0,56.961130637493625
1,atr,1.5,3.0,5,2.0,tick,none,2,1,1,1.0,119.39580211410066,0.0,119.39580211410066,0.0,inf,0.6084371475321761,0.0,11.5,0.0,0.0,1.0,0.0,0.0,59.69790105705033
1,atr,1.5,3.0,5,2.0,tick,exchange,2,1,1,0.5,119.39580211410066,177.98763668993388,-58.591834575833204,1.4907361359308084,0.039327142853500155,-0.6762065834827975,60.99041327123996,11.5,0.0,0.0,1.0,0.0,0.0,-29.295917287916602
1,atr,1.5,3.0,5,2.0,tick,cfd_std,2,1,1,1.0,119.39580211410066,54.0,65.39580211410066,0.45227720777314157,inf,0.21982658141814268,0.0,11.5,0.0,0.0,1.0,0.0,0.0,32.69790105705033
1,atr,1.5,3.0,5,2.0,tick,cfd_raw,2,1,1,1.0,119.39580211410066,44.0,75.39580211410066,0.3685221692966339,inf,0.2917915010688896,0.0,11.5,0.0,0.0,1.0,0.0,0.0,37.69790105705033
1,atr,1.5,3.0,8,0.5,off,none,13,4,9,0.5384615384615384,929.2152006065444,0.0,929.2152006065444,0.0,3.23789833882861,0.9607976101150256,157.19335465761833,12.23076923076923,0.46153846153846156,0.46153846153846156,0.0,0.07692307692307693,0.07692307692307693,71.47809235434957
1,atr,1.5,3.0,8,0.5,off,exchange,13,4,9,0.46153846153846156,951.2152006065444,1147.2239532939425,-196.0087526873981,0.6512209837621183,0.8026599813928295,-0.45409437398860686,583.4723779268825,12.307692307692308,0.46153846153846156,0.46153846153846156,0.0,0.07692307692307693,0.07692307692307693,-15.077596360569085
1,atr,1.5,3.0,8,0.5,off,cfd_std,14,5,9,0.5,1047.9305124336097,297.0,750.9305124336097,0.1647313536289761,2.3255555668051553,0.6404132220582406,238.88163644402812,11.285714285714286,0.42857142857142855,0.5,0.0,0.07142857142857142,0.07142857142857142,53.637893745257834
1,atr,1.5,3.0,8,0.5,off,cfd_raw,14,5,9,0.5,986.079359911193,260.0,726.079359911193,0.1445418801567016,2.2957520416214767,0.6169355456799485,236.7327889664448,11.357142857142858,0.42857142857142855,0.5,0.0,0.07142857142857142,0.07142857142857142,51.86281142222807
1,atr,1.5,3.0,8,0.5,bar,none,13,4,9,0.8461538461538461,1050.8081506251328,0.0,1050.8081506251328,0.0,10.025430202664591,1.0979083292302163,65.6240134058753,7.3076923076923075,0.3076923076923077,0.15384615384615385,0.5384615384615384,0.0,0.07692307692307693,80.8313962019333
1,atr,1.5,3.0,8,0.5,bar,exchange,13,4,9,0.38461538461538464,1060.8081506251328,1151.5460776164673,-90.73792699133449,0.8929045554662292,0.8457673316243864,-0.33542331217044463,395.5330772008165,7.3076923076923075,0.3076923076923077,0.15384615384615385,0.5384615384615384,0.0,0.07692307692307693,-6.979840537794961
1,atr,1.5,3.0,8,0.5,bar,cfd_std,14,5,9,0.6428571428571429,1091.3581506251357,324.0,767.3581506251357,0.23980227448387037,4.179595568993986,0.6534516738681176,84.41080160556885,6.857142857142857,0.2857142857142857,0.21428571428571427,0.5,0.0,0.07142857142857142,54.81129647322398
1,atr,1.5,3.0,8,0.5,bar,cfd_raw,14,5,9,0.6428571428571429,1062.506998102719,276.0,786.5069981027191,0.20659235058900932,4.523943591808021,0.6757131268490858,79.6240134058753,6.857142857142857,0.2857142857142857,0.21428571428571427,0.5,0.0,0.07142857142857142,56.179071293051365
1,atr,1.5,3.0,8,0.5,tick,none,13,4,9,0.8461538461538461,939.0086107319948,0.0,939.0086107319948,0.0,9.065179805486716,0.9449244883853283,65.6240134058753,6.076923076923077,0.15384615384615385,0.15384615384615385,0.6923076923076923,0.0,0.07692307692307693,72.23143159476884
1,atr,1.5,3.0,8,0.5,tick,exchange,13,4,9,0.38461538461538464,945.0086107319948,1155.4738806977598,-210.46526996576497,0.9843340378267253,0.6223343578252587,-0.500786898133227,470.96557327522896,6.076923076923077,0.15384615384615385,0.15384615384615385,0.6923076923076923,0.0,0.07692307692307693,-16.18963615121269
1,atr,1.5,3.0,8,0.5,tick,cfd_std,14,5,9,0.7142857142857143,952.5586107319978,351.0,601.5586107319978,0.2895290499647915,3.752115093371148,0.4309462017758746,84.81483430461958,5.571428571428571,0.14285714285714285,0.21428571428571427,0.6428571428571429,0.0,0.07142857142857142,42.968472195142695
1,atr,1.5,3.0,8,0.5,tick,cfd_raw,14,5,9,0.7142857142857143,934.7074582095811,292.0,642.7074582095811,0.24168889503976582,4.128571201315353,0.48494674072237653,79.6240134058753,5.571428571428571,0.14285714285714285,0.21428571428571427,0.6428571428571429,0.0,0.07142857142857142,45.907675586398646
1,atr,1.5,3.0,8,1.0,off,none,5,3,2,0.6,441.839614733748,0.0,441.839614733748,0.0,3.2834736818789874,0.8980737862990671,157.19335465761833,20.0,0.4,0.4,0.0,0.2,0.0,88.3679229467496
1,atr,1.5,3.0,8,1.0,off,exchange,5,3,2,0.4,449.839614733748,439.8725056854531,9.967109048294915,0.5307158684496472,1.0237904096435888,-0.27275408232421994,243.59630798028957,20.0,0.4,0.4,0.0,0.2,0.0,1.993421809658983
1,atr,1.5,3.0,8,1.0,off,cfd_std,5,3,2,0.6,491.6907672561647,108.0,383.6907672561647,0.12965536648666295,2.7079996327554734,0.7121523688399779,170.69335465761833,18.6,0.4,0.4,0.0,0.2,0.0,76.73815345123293
1,atr,1.5,3.0,8,1.0,off,cfd_raw,5,3,2,0.6,473.839614733748,94.0,379.839614733748,0.11341307080906887,2.7148940602170875,0.7205300971213136,171.19335465761833,18.6,0.4,0.4,0.0,0.2,0.0,75.96792294674961
1,atr,1.5,3.0,8,1.0,bar,none,5,3,2,1.0,613.6582740270678,0.0,613.6582740270678,0.0,inf,1.1767796374822703,0.0,10.8,0.2,0.0,0.8,0.0,0.0,122.73165480541357
1,atr,1.5,3.0,8,1.0,bar,exchange,5,3,2,0.4,615.6582740270678,442.1655171533406,173.4927568737272,0.7181995853984097,2.442439837024336,-0.01716755518689178,75.78470887815638,10.8,0.2,0.0,0.8,0.0,0.0,34.698551374745435
1,atr,1.5,3.0,8,1.0,bar,cfd_std,5,3,2,0.8,586.1060918141156,121.5,464.60609181411564,0.18984194299714532,9.611790395072116,0.6355398133064786,53.94999999999709,10.0,0.2,0.2,0.6,0.0,0.0,92.92121836282313
1,atr,1.5,3.0,8,1.0,bar,cfd_raw,5,3,2,0.8,579.254939291699,102.0,477.254939291699,0.16041336464827105,10.487952370058286,0.6755416859990067,50.30115252241376,10.0,0.2,0.2,0.6,0.0,0.0,95.4509878583398
1,atr,1.5,3.0,8,1.0,tick,none,5,3,2,1.0,657.6189690453466,0.0,657.6189690453466,0.0,inf,1.392537733950244,0.0,8.8,0.2,0.0,0.8,0.0,0.0,131.52379380906933
1,atr,1.5,3.0,8,1.0,tick,exchange,5,3,2,0.8,659.6189690453466,442.1491803466705,217.46978869867604,0.6703099836358317,4.753126515260616,0.19856844526031917,57.94363387816702,8.8,0.2,0.0,0.8,0.0,0.0,43.49395773973521
1,atr,1.5,3.0,8,1.0,tick,cfd_std,5,3,2,0.8,612.2167868324032,121.5,490.71678683240316,0.18240044749175613,10.095769913483403,0.7529539247509912,53.94999999999709,8.0,0.2,0.2,0.6,0.0,0.0,98.14335736648063
1,atr,1.5,3.0,8,1.0,tick,cfd_raw,5,3,2,0.8,605.3656343099865,102.0,503.3656343099865,0.15408601223106685,11.007039780762302,0.7929557974435193,50.30115252241376,8.0,0.2,0.2,0.6,0.0,0.0,100.6731268619973
1,atr,1.5,3.0,8,2.0,off,none,1,1,0,0.0,-157.19335465761833,0.0,-157.19335465761833,0.0,0.0,-1.000000000000046,157.19335465761833,48.0,0.0,1.0,0.0,0.0,0.0,-157.19335465761833
1,atr,1.5,3.0,8,2.0,off,exchange,1,1,0,0.0,-155.19335465761833,88.4029533226712,-243.5963079802895,0.569631048427959,0.0,-1.5496603435359975,243.59630798028957,48.0,0.0,1.0,0.0,0.0,0.0,-243.5963079802895
1,atr,1.5,3.0,8,2.0,off,cfd_std,1,1,0,0.0,-143.69335465761833,27.0,-170.69335465761833,0.1879001298587089,0.0,-1.085881493078458,170.69335465761833,46.0,0.0,1.0,0.0,0.0,0.0,-170.69335465761833
1,atr,1.5,3.0,8,2.0,off,cfd_raw,1,1,0,0.0,-149.19335465761833,22.0,-171.19335465761833,0.14745965093745284,0.0,-1.0890622891183992,171.19335465761833,46.0,0.0,1.0,0.0,0.0,0.0,-171.19335465761833
1,atr,1.5,3.0,8,2.0,bar,none,1,1,0,1.0,137.40105015179142,0.0,137.40105015179142,0.0,inf,0.8740894324131573,0.0,27.0,0.0,0.0,1.0,0.0,0.0,137.40105015179142
1,atr,1.5,3.0,8,2.0,bar,exchange,1,1,0,1.0,137.40105015179142,88.5492505250759,48.85179962671552,0.6444583242067848,inf,0.31077522159331417,0.0,27.0,0.0,0.0,1.0,0.0,0.0,48.85179962671552
1,atr,1.5,3.0,8,2.0,bar,cfd_std,1,1,0,1.0,137.40105015179142,27.0,110.40105015179142,0.19650504832511992,inf,0.7023264462563331,0.0,27.0,0.0,0.0,1.0,0.0,0.0,110.40105015179142
1,atr,1.5,3.0,8,2.0,bar,cfd_raw,1,1,0,1.0,137.40105015179142,22.0,115.40105015179142,0.16011522456120883,inf,0.734134406655745,0.0,27.0,0.0,0.0,1.0,0.0,0.0,115.40105015179142
1,atr,1.5,3.0,8,2.0,tick,none,1,1,0,1.0,90.92459099090775,0.0,90.92459099090775,0.0,inf,0.578425157914303,0.0,19.0,0.0,0.0,1.0,0.0,0.0,90.92459099090775
1,atr,1.5,3.0,8,2.0,tick,exchange,1,1,0,1.0,90.92459099090775,88.52601229549546,2.398578695412283,0.9736201321416762,inf,0.015258779231709377,0.0,19.0,0.0,0.0,1.0,0.0,0.0,2.398578695412283
1,atr,1.5,3.0,8,2.0,tick,cfd_std,1,1,0,1.0,90.92459099090775,27.0,63.924590990907745,0.29694936986518794,inf,0.40666217175747893,0.0,19.0,0.0,0.0,1.0,0.0,0.0,63.924590990907745
1,atr,1.5,3.0,8,2.0,tick,cfd_raw,1,1,0,1.0,90.92459099090775,22.0,68.92459099090775,0.24195874581607907,inf,0.4384701321568908,0.0,19.0,0.0,0.0,1.0,0.0,0.0,68.92459099090775
1,atr,2.0,1.0,3,0.5,off,none,23,13,10,0.6086956521739131,474.5691666857456,0.0,474.5691666857456,0.0,1.5315046982583103,0.21739130434782053,384.8158099995635,8.521739130434783,0.6086956521739131,0.391304347826087,0.0,0.0,0.043478260869565216,20.633442029815026
1,atr,2.0,1.0,3,0.5,off,exchange,23,13,10,0.2608695652173913,518.5691666857456,2021.9157380716542,-1503.3465713859089,0.8913689766234383,0.17055388765810658,-0.7961310602178593,1515.0264307190082,8.217391304347826,0.6086956521739131,0.391304347826087,0.0,0.0,0.043478260869565216,-65.362894408083
1,atr,2.0,1.0,3,0.5,off,cfd_std,22,12,10,0.5,372.1365757924941,445.5,-73.36342420750589,0.20269506417336486,0.939362712705714,-0.08855442653558018,426.2130025675142,9.818181818181818,0.5,0.5,0.0,0.0,0.045454545454545456,-3.3347011003411766
1,atr,2.0,1.0,3,0.5,off,cfd_raw,23,13,10,0.6086956521739131,650.5691666857456,394.0,256.5691666857456,0.1718777956031779,1.2518152493046688,0.10413171594394975,426.8158099995635,8.869565217391305,0.6086956521739131,0.391304347826087,0.0,0.0,0.043478260869565216,11.155181160249809
1,atr,2.0,1.0,3,0.5,bar,none,26,15,11,0.6923076923076923,924.8734929274069,0.0,924.8734929274069,0.0,2.7789385608375854,0.3765652864512941,384.8158099995635,6.076923076923077,0.5769230769230769,0.19230769230769232,0.23076923076923078,0.0,0.038461538461538464,35.57205742028488
1,atr,2.0,1.0,3,0.5,bar,exchange,26,15,11,0.23076923076923078,962.8734929274069,2288.870108639344,-1325.996615711937,1.1544340448117991,0.18905266157507394,-0.6600980652491035,1337.6764750450384,6.076923076923077,0.5769230769230769,0.19230769230769232,0.23076923076923078,0.0,0.038461538461538464,-50.9998698350745
1,atr,2.0,1.0,3,0.5,bar,cfd_std,24,14,10,0.5,625.9734179344814,513.0,112.9734179344814,0.2681770075727685,1.1178834061369862,-0.024032957432170748,426.2130025675142,7.75,0.4166666666666667,0.3333333333333333,0.25,0.0,0.041666666666666664,4.7072257472700585
1,atr,2.0,1.0,3,0.5,bar,cfd_raw,27,15,12,0.5555555555555556,907.8080736542033,482.0,425.8080736542033,0.22837684302334652,1.4972958548164919,0.12496608040167415,426.8158099995635,6.074074074074074,0.5185185185185185,0.25925925925925924,0.2222222222222222,0.0,0.037037037037037035,15.770669394600123
1,atr,2.0,1.0,3,0.5,tick,none,27,16,11,0.7407407407407407,971.467696147869,0.0,971.467696147869,0.0,3.408706888952035,0.38485870271872574,260.80202671427105,5.296296296296297,0.5185185185185185,0.14814814814814814,0.3333333333333333,0.0,0.037037037037037035,35.980285042513664
1,atr,2.0,1.0,3,0.5,tick,exchange,26,15,11,0.19230769230769232,1036.854971421184,2290.919132018788,-1254.0641605976039,1.2699793028091833,0.172479076523852,-0.6324845489490225,1265.744019930702,5.576923076923077,0.5384615384615384,0.15384615384615385,0.3076923076923077,0.0,0.038461538461538464,-48.23323694606169
1,atr,2.0,1.0,3,0.5,tick,cfd_std,26,14,12,0.5384615384615384,866.1859429026663,567.0,299.1859429026663,0.31506216244249613,1.3970486799768405,0.06610088641682112,301.7218840173882,6.153846153846154,0.38461538461538464,0.23076923076923078,0.38461538461538464,0.0,0.038461538461538464,11.50715165010255
1,atr,2.0,1.0,3,0.5,tick,cfd_raw,27,15,12,0.5555555555555556,969.2104573445831,490.0,479.2104573445831,0.2529515114487081,1.6742273661313578,0.1463078051441479,297.7218840173882,5.592592592592593,0.48148148148148145,0.2222222222222222,0.2962962962962963,0.0,0.037037037037037035,17.74853545720678
1,atr,2.0,1.0,3,1.0,off,none,13,8,5,0.6923076923076923,624.6918242929096,0.0,624.6918242929096,0.0,2.847255425101854,0.38461538461537714,144.68233615935605,6.076923076923077,0.6923076923076923,0.3076923076923077,0.0,0.0,0.0,48.05321725330074
1,atr,2.0,1.0,3,1.0,off,exchange,13,8,5,0.38461538461538464,650.6918242929096,1141.0444029742284,-490.3525786813187,0.8703368137297236,0.3477059616404441,-0.6305869777715534,520.7379420291254,5.461538461538462,0.6923076923076923,0.3076923076923077,0.0,0.0,0.0,-37.719429129332205
1,atr,2.0,1.0,3,1.0,off,cfd_std,13,8,5,0.6153846153846154,632.7818109881482,243.0,389.7818109881482,0.18113541950658751,1.7964841945452332,0.16227683936355503,163.81619636024698,6.384615384615385,0.6153846153846154,0.38461538461538464,0.0,0.0,0.0,29.983216229857554
1,atr,2.0,1.0,3,1.0,off,cfd_raw,13,8,5,0.6923076923076923,728.6918242929096,214.0,514.6918242929096,0.15957791103020144,2.305751241407156,0.2805911699629613,164.81619636024698,5.846153846153846,0.6923076923076923,0.3076923076923077,0.0,0.0,0.0,39.59167879176228
1,atr,2.0,1.0,3,1.0,bar,none,13,8,5,0.7692307692307693,628.7550060772919,0.0,628.7550060772919,0.0,3.382525073866468,0.39078635088210617,144.68233615935605,4.769230769230769,0.6153846153846154,0.23076923076923078,0.15384615384615385,0.0,0.0,48.365769698253224
1,atr,2.0,1.0,3,1.0,bar,exchange,13,8,5,0.38461538461538464,650.7550060772919,1143.0434345651206,-492.28842848782864,0.9798406142979497,0.3468128581312176,-0.6305186552636689,522.6737918356375,4.6923076923076925,0.6153846153846154,0.23076923076923078,0.15384615384615385,0.0,0.0,-37.86834065290989
1,atr,2.0,1.0,3,1.0,bar,cfd_std,13,8,5,0.5384615384615384,609.8449927725305,256.5,353.34499277253053,0.21427487000342924,1.7861081437270472,0.12725519096189974,159.07952872730675,5.461538461538462,0.5384615384615384,0.3076923076923077,0.15384615384615385,0.0,0.0,27.180384059425425
1,atr,2.0,1.0,3,1.0,bar,cfd_raw,13,8,5,0.6153846153846154,716.7550060772919,222.0,494.7550060772919,0.18553176818134726,2.439155467898479,0.2623516979076847,158.68233615935605,4.923076923076923,0.6153846153846154,0.23076923076923078,0.15384615384615385,0.0,0.0,38.05807739056092
1,atr,2.0,1.0,3,1.0,tick,none,13,8,5,0.7692307692307693,629.6850060772849,0.0,629.6850060772849,0.0,3.3860490988002856,0.39173560662851564,144.68233615935605,4.769230769230769,0.6153846153846154,0.23076923076923078,0.15384615384615385,0.0,0.0,48.43730815979115
1,atr,2.0,1.0,3,1.0,tick,exchange,13,8,5,0.38461538461538464,651.6850060772849,1143.0438995651207,-491.3588934878356,0.9790604908541326,0.34724112541747176,-0.6295698741451327,521.7442568356491,4.6923076923076925,0.6153846153846154,0.23076923076923078,0.15384615384615385,0.0,0.0,-37.79683796060274
1,atr,2.0,1.0,3,1.0,tick,cfd_std,13,8,5,0.6153846153846154,708.350798363419,256.5,451.850798363419,0.22204785977513325,2.286036392923682,0.2178744855683546,158.18233615935605,5.153846153846154,0.5384615384615384,0.23076923076923078,0.23076923076923078,0.0,0.0,34.757753720263004
1,atr,2.0,1.0,3,1.0,tick,cfd_raw,13,8,5,0.6153846153846154,717.6850060772849,222.0,495.6850060772849,0.18538767974557954,2.4457717862589456,0.26330095365409417,158.68233615935605,4.923076923076923,0.6153846153846154,0.23076923076923078,0.15384615384615385,0.0,0.0,38.12961585209884
1,atr,2.0,1.0,3,2.0,off,none,1,1,0,1.0,209.5911395434814,0.0,209.5911395434814,0.0,inf,0.9999999999999996,0.0,17.0,1.0,0.0,0.0,0.0,0.0,209.5911395434814
1,atr,2.0,1.0,3,2.0,off,exchange,1,1,0,1.0,211.5911395434814,86.58230556977173,125.00883397370967,0.40919627237972933,inf,0.5964414060918616,0.0,17.0,1.0,0.0,0.0,0.0,0.0,125.00883397370967
1,atr,2.0,1.0,3,2.0,off,cfd_std,1,1,0,1.0,223.0911395434814,13.5,209.5911395434814,0.060513384922527565,inf,0.9999999999999996,0.0,18.0,1.0,0.0,0.0,0.0,0.0,209.5911395434814
1,atr,2.0,1.0,3,2.0,off,cfd_raw,1,1,0,1.0,217.5911395434814,14.0,203.5911395434814,0.06434085519002657,inf,0.9713728356405289,0.0,18.0,1.0,0.0,0.0,0.0,0.0,203.5911395434814
1,atr,2.0,1.0,3,2.0,bar,none,1,1,0,1.0,209.5911395434814,0.0,209.5911395434814,0.0,inf,0.9999999999999996,0.0,17.0,1.0,0.0,0.0,0.0,0.0,209.5911395434814
1,atr,2.0,1.0,3,2.0,bar,exchange,1,1,0,1.0,211.5911395434814,86.58230556977173,125.00883397370967,0.40919627237972933,inf,0.5964414060918616,0.0,17.0,1.0,0.0,0.0,0.0,0.0,125.00883397370967
1,atr,2.0,1.0,3,2.0,bar,cfd_std,1,1,0,1.0,223.0911395434814,13.5,209.5911395434814,0.060513384922527565,inf,0.9999999999999996,0.0,18.0,1.0,0.0,0.0,0.0,0.0,209.5911395434814
1,atr,2.0,1.0,3,2.0,bar,cfd_raw,1,1,0,1.0,217.5911395434814,14.0,203.5911395434814,0.06434085519002657,inf,0.9713728356405289,0.0,18.0,1.0,0.0,0.0,0.0,0.0,203.5911395434814
1,atr,2.0,1.0,3,2.0,tick,none,1,1,0,1.0,209.5911395434814,0.0,209.5911395434814,0.0,inf,0.9999999999999996,0.0,17.0,1.0,0.0,0.0,0.0,0.0,209.5911395434814
1,atr,2.0,1.0,3,2.0,tick,exchange,1,1,0,1.0,211.5911395434814,86.58230556977173,125.00883397370967,0.40919627237972933,inf,0.5964414060918616,0.0,17.0,1.0,0.0,0.0,0.0,0.0,125.00883397370967
1,atr,2.0,1.0,3,2.0,tick,cfd_std,1,1,0,1.0,223.0911395434814,13.5,209.5911395434814,0.060513384922527565,inf,0.9999999999999996,0.0,18.0,1.0,0.0,0.0,0.0,0.0,209.5911395434814
1,atr,2.0,1.0,3,2.0,tick,cfd_raw,1,1,0,1.0,217.5911395434814,14.0,203.5911395434814,0.06434085519002657,inf,0.9713728356405289,0.0,18.0,1.0,0.0,0.0,0.0,0.0,203.5911395434814
1,atr,2.0,1.0,5,0.5,off,none,20,10,10,0.65,485.6873137689545,0.0,485.6873137689545,0.0,1.7188760786402562,0.30000000000000565,289.4038466835045,6.1,0.65,0.35,0.0,0.0,0.1,24.284365688447725
1,atr,2.0,1.0,5,0.5,off,exchange,20,10,10,0.2,521.6873137689545,1757.640974176565,-1235.9536604076106,0.9506270365602137,0.15890927119220144,-0.8039919022024564,1247.6335197407025,6.15,0.65,0.35,0.0,0.0,0.1,-61.79768302038053
1,atr,2.0,1.0,5,0.5,off,cfd_std,18,8,10,0.5555555555555556,484.1384924167651,351.0,133.13849241676508,0.21316643000629182,1.1670011229976067,0.011181755766976047,268.03066640815814,7.277777777777778,0.5555555555555556,0.4444444444444444,0.0,0.0,0.1111111111111111,7.396582912042504
1,atr,2.0,1.0,5,0.5,off,cfd_raw,20,10,10,0.65,629.6873137689545,336.0,293.6873137689545,0.17825614273540397,1.375741638097306,0.1761451293385722,337.4038466835045,6.8,0.65,0.35,0.0,0.0,0.1,14.684365688447723
1,atr,2.0,1.0,5,0.5,bar,none,21,10,11,0.7142857142857143,786.5025047368399,0.0,786.5025047368399,0.0,2.766596367037415,0.4221248315575695,240.13347384020744,4.809523809523809,0.6666666666666666,0.23809523809523808,0.09523809523809523,0.0,0.09523809523809523,37.4525002255638
1,atr,2.0,1.0,5,0.5,bar,exchange,21,10,11,0.19047619047619047,820.5025047368399,1845.5308201766177,-1025.028315439778,1.0888613361675512,0.18554171306968045,-0.6918051620323284,1036.7081747728662,4.857142857142857,0.6666666666666666,0.23809523809523808,0.09523809523809523,0.0,0.09523809523809523,-48.810872163798955
1,atr,2.0,1.0,5,0.5,bar,cfd_std,18,8,10,0.6111111111111112,514.1672391777392,364.5,149.66723917773925,0.2328196283958096,1.2094093926112357,0.02521694131728363,268.03066640815814,6.777777777777778,0.5,0.3888888888888889,0.1111111111111111,0.0,0.1111111111111111,8.314846620985513
1,atr,2.0,1.0,5,0.5,bar,cfd_raw,22,10,12,0.6363636363636364,815.5029450492584,380.0,435.5029450492584,0.21582058465454237,1.6745621235742867,0.18720491836315192,268.13347384020744,4.818181818181818,0.5909090909090909,0.2727272727272727,0.13636363636363635,0.0,0.09090909090909091,19.795588411329927
1,atr,2.0,1.0,5,0.5,tick,none,21,10,11,0.8095238095238095,992.0120362861489,0.0,992.0120362861489,0.0,4.200328901178828,0.5006687441838704,129.90616575907916,4.476190476190476,0.6666666666666666,0.19047619047619047,0.14285714285714285,0.0,0.09523809523809523,47.23866839457852
1,atr,2.0,1.0,5,0.5,tick,exchange,21,10,11,0.19047619047619047,1024.012036286149,1845.4974810164101,-821.4854447302611,1.130850134315454,0.22133867650488817,-0.6140162275503531,833.1653040633537,4.523809523809524,0.6666666666666666,0.19047619047619047,0.14285714285714285,0.0,0.09523809523809523,-39.118354510964814
1,atr,2.0,1.0,5,0.5,tick,cfd_std,21,9,12,0.6666666666666666,769.2108319242543,445.5,323.7108319242543,0.3077726491342239,1.6366752407307004,0.14466366460654698,188.07713426633563,4.9523809523809526,0.42857142857142855,0.23809523809523808,0.3333333333333333,0.0,0.09523809523809523,15.414801520202586
1,atr,2.0,1.0,5,0.5,tick,cfd_raw,22,10,12,0.6818181818181818,1015.4018949187448,380.0,635.4018949187448,0.2227238210621847,2.324664995148834,0.2607990782131564,173.57713426633563,4.5,0.5909090909090909,0.22727272727272727,0.18181818181818182,0.0,0.09090909090909091,28.8819043144884
1,atr,2.0,1.0,5,1.0,off,none,9,3,6,0.8888888888888888,768.4288246485521,0.0,768.4288246485521,0.0,13.016831022120739,0.7777777777777861,63.94604561169399,4.555555555555555,0.8888888888888888,0.1111111111111111,0.0,0.0,0.1111111111111111,85.38098051650579
1,atr,2.0,1.0,5,1.0,off,exchange,9,3,6,0.4444444444444444,784.4288246485521,785.5297160780002,-1.1008914294480974,0.8610234648925476,0.9953076192837926,-0.27026788284568093,234.11556428058248,4.555555555555555,0.8888888888888888,0.1111111111111111,0.0,0.0,0.1111111111111111,-0.12232126993867748
1,atr,2.0,1.0,5,1.0,off,cfd_std,9,3,6,0.7777777777777778,709.0188113437907,148.5,560.5188113437907,0.15194599602681397,3.979089431597165,0.4907209298037815,97.20500665238069,6.111111111111111,0.7777777777777778,0.2222222222222222,0.0,0.0,0.1111111111111111,62.27986792708786
1,atr,2.0,1.0,5,1.0,off,cfd_raw,9,3,6,0.8888888888888888,832.4288246485521,134.0,698.4288246485521,0.13953668798136337,9.12636369338117,0.6766972707079016,85.94604561169399,4.777777777777778,0.8888888888888888,0.1111111111111111,0.0,0.0,0.1111111111111111,77.60320273872802
1,atr,2.0,1.0,5,1.0,bar,none,9,3,6,0.8888888888888888,768.4288246485521,0.0,768.4288246485521,0.0,13.016831022120739,0.7777777777777861,63.94604561169399,4.555555555555555,0.8888888888888888,0.1111111111111111,0.0,0.0,0.1111111111111111,85.38098051650579
1,atr,2.0,1.0,5,1.0,bar,exchange,9,3,6,0.4444444444444444,784.4288246485521,785.5297160780002,-1.1008914294480974,0.8610234648925476,0.9953076192837926,-0.27026788284568093,234.11556428058248,4.555555555555555,0.8888888888888888,0.1111111111111111,0.0,0.0,0.1111111111111111,-0.12232126993867748
1,atr,2.0,1.0,5,1.0,bar,cfd_std,9,3,6,0.7777777777777778,709.0188113437907,148.5,560.5188113437907,0.15194599602681397,3.979089431597165,0.4907209298037815,97.20500665238069,6.111111111111111,0.7777777777777778,0.2222222222222222,0.0,0.0,0.1111111111111111,62.27986792708786
1,atr,2.0,1.0,5,1.0,bar,cfd_raw,9,3,6,0.8888888888888888,832.4288246485521,134.0,698.4288246485521,0.13953668798136337,9.12636369338117,0.6766972707079016,85.94604561169399,4.777777777777778,0.8888888888888888,0.1111111111111111,0.0,0.0,0.1111111111111111,77.60320273872802
1,atr,2.0,1.0,5,1.0,tick,none,9,3,6,0.8888888888888888,768.4288246485521,0.0,768.4288246485521,0.0,13.016831022120739,0.7777777777777861,63.94604561169399,4.555555555555555,0.8888888888888888,0.1111111111111111,0.0,0.0,0.1111111111111111,85.38098051650579
1,atr,2.0,1.0,5,1.0,tick,exchange,9,3,6,0.4444444444444444,784.4288246485521,785.5297160780002,-1.1008914294480974,0.8610234648925476,0.9953076192837926,-0.27026788284568093,234.11556428058248,4.555555555555555,0.8888888888888888,0.1111111111111111,0.0,0.0,0.1111111111111111,-0.12232126993867748
1,atr,2.0,1.0,5,1.0,tick,cfd_std,9,3,6,0.8888888888888888,674.4280683821125,162.0,512.4280683821125,0.20191440793367965,6.6344183514035455,0.5430217224703039,90.94604561169399,5.111111111111111,0.6666666666666666,0.1111111111111111,0.2222222222222222,0.0,0.1111111111111111,56.93645204245695
1,atr,2.0,1.0,5,1.0,tick,cfd_raw,9,3,6,0.8888888888888888,832.4288246485521,134.0,698.4288246485521,0.13953668798136337,9.12636369338117,0.6766972707079016,85.94604561169399,4.777777777777778,0.8888888888888888,0.1111111111111111,0.0,0.0,0.1111111111111111,77.60320273872802
1,atr,2.0,1.0,5,2.0,off,none,2,1,1,1.0,269.0502454017551,0.0,269.0502454017551,0.0,inf,1.0000000000000577,0.0,10.0,1.0,0.0,0.0,0.0,0.0,134.52512270087755
1,atr,2.0,1.0,5,2.0,off,exchange,2,1,1,0.5,273.0502454017551,174.03147601684262,99.01876938491247,0.6373606284835223,4.810609031619005,0.07969694612094413,25.98502458879375,10.0,1.0,0.0,0.0,0.0,0.0,49.50938469245624
1,atr,2.0,1.0,5,2.0,off,cfd_std,2,1,1,1.0,296.0502454017551,27.0,269.0502454017551,0.09120073507576269,inf,1.0000000000000577,0.0,13.5,1.0,0.0,0.0,0.0,0.0,134.52512270087755
1,atr,2.0,1.0,5,2.0,off,cfd_raw,2,1,1,1.0,285.0502454017551,28.0,257.0502454017551,0.09822829642028998,inf,0.9352315723143854,0.0,10.0,1.0,0.0,0.0,0.0,0.0,128.52512270087755
1,atr,2.0,1.0,5,2.0,bar,none,2,1,1,1.0,269.0502454017551,0.0,269.0502454017551,0.0,inf,1.0000000000000577,0.0,10.0,1.0,0.0,0.0,0.0,0.0,134.52512270087755
1,atr,2.0,1.0,5,2.0,bar,exchange,2,1,1,0.5,273.0502454017551,174.03147601684262,99.01876938491247,0.6373606284835223,4.810609031619005,0.07969694612094413,25.98502458879375,10.0,1.0,0.0,0.0,0.0,0.0,49.50938469245624
1,atr,2.0,1.0,5,2.0,bar,cfd_std,2,1,1,1.0,296.0502454017551,27.0,269.0502454017551,0.09120073507576269,inf,1.0000000000000577,0.0,13.5,1.0,0.0,0.0,0.0,0.0,134.52512270087755
1,atr,2.0,1.0,5,2.0,bar,cfd_raw,2,1,1,1.0,285.0502454017551,28.0,257.0502454017551,0.09822829642028998,inf,0.9352315723143854,0.0,10.0,1.0,0.0,0.0,0.0,0.0,128.52512270087755
1,atr,2.0,1.0,5,2.0,tick,none,2,1,1,1.0,269.0502454017551,0.0,269.0502454017551,0.0,inf,1.0000000000000577,0.0,10.0,1.0,0.0,0.0,0.0,0.0,134.52512270087755
1,atr,2.0,1.0,5,2.0,tick,exchange,2,1,1,0.5,273.0502454017551,174.03147601684262,99.01876938491247,0.6373606284835223,4.810609031619005,0.07969694612094413,25.98502458879375,10.0,1.0,0.0,0.0,0.0,0.0,49.50938469245624
1,atr,2.0,1.0,5,2.0,tick,cfd_std,2,1,1,1.0,163.88369684918143,40.5,123.38369684918143,0.24712647309433872,inf,0.6524983144091124,0.0,11.0,0.5,0.0,0.5,0.0,0.0,61.69184842459072
1,atr,2.0,1.0,5,2.0,tick,cfd_raw,2,1,1,1.0,285.0502454017551,28.0,257.0502454017551,0.09822829642028998,inf,0.9352315723143854,0.0,10.0,1.0,0.0,0.0,0.0,0.0,128.52512270087755
1,atr,2.0,1.0,8,0.5,off,none,12,4,8,0.9166666666666666,990.7080133489799,0.0,990.7080133489799,0.0,12.322547516504876,0.833333333333326,87.49868454116222,4.583333333333333,0.9166666666666666,0.08333333333333333,0.0,0.0,0.08333333333333333,82.55900111241499
1,atr,2.0,1.0,8,0.5,off,exchange,12,4,8,0.4166666666666667,1012.7080133489799,1048.1717827217983,-35.463769372818476,0.8855005631290422,0.8816305702853834,-0.19996794472962112,299.60243500639626,4.583333333333333,0.9166666666666666,0.08333333333333333,0.0,0.0,0.08333333333333333,-2.95531411440154
1,atr,2.0,1.0,8,0.5,off,cfd_std,12,4,8,0.8333333333333334,998.3218320738524,189.0,809.3218320738524,0.14997555369535384,5.376089887164388,0.6182683083092043,100.99868454116222,6.5,0.8333333333333334,0.16666666666666666,0.0,0.0,0.08333333333333333,67.44348600615437
1,atr,2.0,1.0,8,0.5,off,cfd_raw,12,4,8,0.8333333333333334,937.8218320738524,184.0,753.8218320738524,0.1506091424708495,5.054074622818267,0.5656853049007636,101.49868454116222,5.916666666666667,0.8333333333333334,0.16666666666666666,0.0,0.0,0.08333333333333333,62.818486006154366
1,atr,2.0,1.0,8,0.5,bar,none,12,4,8,0.9166666666666666,990.7080133489799,0.0,990.7080133489799,0.0,12.322547516504876,0.833333333333326,87.49868454116222,4.583333333333333,0.9166666666666666,0.08333333333333333,0.0,0.0,0.08333333333333333,82.55900111241499
1,atr,2.0,1.0,8,0.5,bar,exchange,12,4,8,0.4166666666666667,1012.7080133489799,1048.1717827217983,-35.463769372818476,0.8855005631290422,0.8816305702853834,-0.19996794472962112,299.60243500639626,4.583333333333333,0.9166666666666666,0.08333333333333333,0.0,0.0,0.08333333333333333,-2.95531411440154
1,atr,2.0,1.0,8,0.5,bar,cfd_std,12,4,8,0.8333333333333334,1010.0082457155513,202.5,807.5082457155513,0.17486961843042997,7.810871143156955,0.6155556971509124,100.99868454116222,5.75,0.75,0.08333333333333333,0.16666666666666666,0.0,0.08333333333333333,67.29235380962928
1,atr,2.0,1.0,8,0.5,bar,cfd_raw,12,4,8,0.8333333333333334,960.5082457155513,192.0,768.5082457155513,0.17150427605016091,7.737655662655137,0.582583482222085,101.49868454116222,5.166666666666667,0.75,0.08333333333333333,0.16666666666666666,0.0,0.08333333333333333,64.04235380962928
1,atr,2.0,1.0,8,0.5,tick,none,12,4,8,0.9166666666666666,990.7080133489799,0.0,990.7080133489799,0.0,12.322547516504876,0.833333333333326,87.49868454116222,4.583333333333333,0.9166666666666666,0.08333333333333333,0.0,0.0,0.08333333333333333,82.55900111241499
1,atr,2.0,1.0,8,0.5,tick,exchange,12,4,8,0.4166666666666667,1012.7080133489799,1048.1717827217983,-35.463769372818476,0.8855005631290422,0.8816305702853834,-0.19996794472962112,299.60243500639626,4.583333333333333,0.9166666666666666,0.08333333333333333,0.0,0.0,0.08333333333333333,-2.95531411440154
1,atr,2.0,1.0,8,0.5,tick,cfd_std,12,4,8,0.8333333333333334,890.0911154831556,216.0,674.0911154831556,0.20807474816601268,7.20129502753004,0.5721495374097504,100.99868454116222,5.333333333333333,0.6666666666666666,0.08333333333333333,0.25,0.0,0.08333333333333333,56.1742596235963
1,atr,2.0,1.0,8,0.5,tick,cfd_raw,12,4,8,0.8333333333333334,972.7576640357292,192.0,780.7576640357292,0.16964801956394077,8.492755886985142,0.5970942700794138,101.49868454116222,5.166666666666667,0.75,0.08333333333333333,0.16666666666666666,0.0,0.08333333333333333,65.0631386696441
1,atr,2.0,1.0,8,1.0,off,none,5,3,2,1.0,624.5917153563641,0.0,624.5917153563641,0.0,inf,0.9999999999999863,0.0,6.4,1.0,0.0,0.0,0.0,0.0,124.91834307127283
1,atr,2.0,1.0,8,1.0,off,exchange,5,3,2,0.8,634.5917153563641,434.30027291460544,200.2914424417587,0.6843774704350148,6.340463696261806,0.1393249814989332,37.504504071795964,6.4,1.0,0.0,0.0,0.0,0.0,40.05828848835174
1,atr,2.0,1.0,8,1.0,off,cfd_std,5,3,2,1.0,692.0917153563641,67.5,624.5917153563641,0.09753042624595448,inf,0.9999999999999863,0.0,8.0,1.0,0.0,0.0,0.0,0.0,124.91834307127283
1,atr,2.0,1.0,8,1.0,off,cfd_raw,5,3,2,1.0,664.5917153563641,70.0,594.5917153563641,0.1053278251632507,inf,0.9393148906316282,0.0,6.6,1.0,0.0,0.0,0.0,0.0,118.91834307127283
1,atr,2.0,1.0,8,1.0,bar,none,5,3,2,1.0,624.5917153563641,0.0,624.5917153563641,0.0,inf,0.9999999999999863,0.0,6.4,1.0,0.0,0.0,0.0,0.0,124.91834307127283
1,atr,2.0,1.0,8,1.0,bar,exchange,5,3,2,0.8,634.5917153563641,434.30027291460544,200.2914424417587,0.6843774704350148,6.340463696261806,0.1393249814989332,37.504504071795964,6.4,1.0,0.0,0.0,0.0,0.0,40.05828848835174
1,atr,2.0,1.0,8,1.0,bar,cfd_std,5,3,2,1.0,692.0917153563641,67.5,624.5917153563641,0.09753042624595448,inf,0.9999999999999863,0.0,8.0,1.0,0.0,0.0,0.0,0.0,124.91834307127283
1,atr,2.0,1.0,8,1.0,bar,cfd_raw,5,3,2,1.0,664.5917153563641,70.0,594.5917153563641,0.1053278251632507,inf,0.9393148906316282,0.0,6.6,1.0,0.0,0.0,0.0,0.0,118.91834307127283
1,atr,2.0,1.0,8,1.0,tick,none,5,3,2,1.0,624.5917153563641,0.0,624.5917153563641,0.0,inf,0.9999999999999863,0.0,6.4,1.0,0.0,0.0,0.0,0.0,124.91834307127283
1,atr,2.0,1.0,8,1.0,tick,exchange,5,3,2,0.8,634.5917153563641,434.30027291460544,200.2914424417587,0.6843774704350148,6.340463696261806,0.1393249814989332,37.504504071795964,6.4,1.0,0.0,0.0,0.0,0.0,40.05828848835174
1,atr,2.0,1.0,8,1.0,tick,cfd_std,5,3,2,1.0,559.9251668037905,81.0,478.9251668037905,0.14466218845345113,inf,0.8609993257636083,0.0,7.0,0.8,0.0,0.2,0.0,0.0,95.78503336075809
1,atr,2.0,1.0,8,1.0,tick,cfd_raw,5,3,2,1.0,664.5917153563641,70.0,594.5917153563641,0.1053278251632507,inf,0.9393148906316282,0.0,6.6,1.0,0.0,0.0,0.0,0.0,118.91834307127283
1,atr,2.0,1.0,8,2.0,off,none,1,1,0,1.0,209.5911395434814,0.0,209.5911395434814,0.0,inf,0.9999999999999996,0.0,18.0,1.0,0.0,0.0,0.0,0.0,209.5911395434814
1,atr,2.0,1.0,8,2.0,off,exchange,1,1,0,1.0,211.5911395434814,86.58734556977174,125.00379397370966,0.4092200919026587,inf,0.5964173592737996,0.0,18.0,1.0,0.0,0.0,0.0,0.0,125.00379397370966
1,atr,2.0,1.0,8,2.0,off,cfd_std,1,1,0,1.0,223.0911395434814,13.5,209.5911395434814,0.060513384922527565,inf,0.9999999999999996,0.0,24.0,1.0,0.0,0.0,0.0,0.0,209.5911395434814
1,atr,2.0,1.0,8,2.0,off,cfd_raw,1,1,0,1.0,217.5911395434814,14.0,203.5911395434814,0.06434085519002657,inf,0.9713728356405289,0.0,18.0,1.0,0.0,0.0,0.0,0.0,203.5911395434814
1,atr,2.0,1.0,8,2.0,bar,none,1,1,0,1.0,209.5911395434814,0.0,209.5911395434814,0.0,inf,0.9999999999999996,0.0,18.0,1.0,0.0,0.0,0.0,0.0,209.5911395434814
1,atr,2.0,1.0,8,2.0,bar,exchange,1,1,0,1.0,211.5911395434814,86.58734556977174,125.00379397370966,0.4092200919026587,inf,0.5964173592737996,0.0,18.0,1.0,0.0,0.0,0.0,0.0,125.00379397370966
1,atr,2.0,1.0,8,2.0,bar,cfd_std,1,1,0,1.0,223.0911395434814,13.5,209.5911395434814,0.060513384922527565,inf,0.9999999999999996,0.0,24.0,1.0,0.0,0.0,0.0,0.0,209.5911395434814
1,atr,2.0,1.0,8,2.0,bar,cfd_raw,1,1,0,1.0,217.5911395434814,14.0,203.5911395434814,0.06434085519002657,inf,0.9713728356405289,0.0,18.0,1.0,0.0,0.0,0.0,0.0,203.5911395434814
1,atr,2.0,1.0,8,2.0,tick,none,1,1,0,1.0,209.5911395434814,0.0,209.5911395434814,0.0,inf,0.9999999999999996,0.0,18.0,1.0,0.0,0.0,0.0,0.0,209.5911395434814
1,atr,2.0,1.0,8,2.0,tick,exchange,1,1,0,1.0,211.5911395434814,86.58734556977174,125.00379397370966,0.4092200919026587,inf,0.5964173592737996,0.0,18.0,1.0,0.0,0.0,0.0,0.0,125.00379397370966
1,atr,2.0,1.0,8,2.0,tick,cfd_std,1,1,0,1.0,90.92459099090775,27.0,63.924590990907745,0.29694936986518794,inf,0.3049966288181092,0.0,19.0,0.0,0.0,1.0,0.0,0.0,63.924590990907745
1,atr,2.0,1.0,8,2.0,tick,cfd_raw,1,1,0,1.0,217.5911395434814,14.0,203.5911395434814,0.06434085519002657,inf,0.9713728356405289,0.0,18.0,1.0,0.0,0.0,0.0,0.0,203.5911395434814
1,atr,2.0,1.5,3,0.5,off,none,19,11,8,0.42105263157894735,-191.69077388755977,0.0,-191.69077388755977,0.0,0.8317853210483577,-0.02469983884773228,415.7368544963974,13.894736842105264,0.3684210526315789,0.5789473684210527,0.0,0.05263157894736842,0.0,-10.08898809934525
1,atr,2.0,1.5,3,0.5,off,exchange,19,11,8,0.3157894736842105,-155.69077388755977,1679.1477553333407,-1834.8385292209005,0.807503911420641,0.15999220385275165,-1.0230307772298652,1834.8385292208986,13.526315789473685,0.3684210526315789,0.5789473684210527,0.0,0.05263157894736842,0.0,-96.57044890636318
1,atr,2.0,1.5,3,0.5,off,cfd_std,19,11,8,0.3157894736842105,-183.24862087321526,432.0,-615.2486208732153,0.21158752095784997,0.5795984462793529,-0.3160255023035988,662.5053353474796,13.0,0.3157894736842105,0.6842105263157895,0.0,0.0,0.0,-32.38150636174817
1,atr,2.0,1.5,3,0.5,off,cfd_raw,19,11,8,0.3684210526315789,-47.69077388755977,362.0,-409.69077388755977,0.17611887658858916,0.6879712160128655,-0.1549046178685824,528.7224950142117,13.68421052631579,0.3684210526315789,0.5789473684210527,0.0,0.05263157894736842,0.0,-21.562672309871566
1,atr,2.0,1.5,3,0.5,bar,none,24,13,11,0.7083333333333334,1036.670203337053,0.0,1036.670203337053,0.0,3.2011929688299237,0.48351405291324684,384.8158099995635,8.333333333333334,0.375,0.16666666666666666,0.4166666666666667,0.041666666666666664,0.041666666666666664,43.19459180571054
1,atr,2.0,1.5,3,0.5,bar,exchange,24,13,11,0.3333333333333333,1060.670203337053,2122.441071736269,-1061.7708683992164,1.0683857188984487,0.32641132689362007,-0.5543062419675482,1061.7708683992096,8.416666666666666,0.375,0.16666666666666666,0.4166666666666667,0.041666666666666664,0.041666666666666664,-44.24045284996735
1,atr,2.0,1.5,3,0.5,bar,cfd_std,23,13,10,0.5217391304347826,744.4153277751029,526.5,217.91532777510292,0.25918627293425844,1.2332267013595979,0.034333182447824726,425.3158099995635,8.91304347826087,0.30434782608695654,0.34782608695652173,0.34782608695652173,0.0,0.043478260869565216,9.474579468482736
1,atr,2.0,1.5,3,0.5,bar,cfd_raw,25,13,12,0.56,1013.5963417017047,478.0,535.5963417017047,0.2239454940508995,1.674780219306525,0.21321111598987205,426.8158099995635,8.2,0.36,0.24,0.36,0.04,0.04,21.423853668068187
1,atr,2.0,1.5,3,0.5,tick,none,26,15,11,0.7692307692307693,1063.5249567729625,0.0,1063.5249567729625,0.0,4.001158225716387,0.4795945050905288,260.80202671427105,6.576923076923077,0.3076923076923077,0.11538461538461539,0.5769230769230769,0.0,0.038461538461538464,40.90480602972933
1,atr,2.0,1.5,3,0.5,tick,exchange,25,14,11,0.28,1111.8461092953657,2213.13247715496,-1101.286367859594,1.2398453943319716,0.24338967726176755,-0.5113698435173427,1101.2863678595895,6.88,0.32,0.12,0.56,0.0,0.04,-44.051454714383766
1,atr,2.0,1.5,3,0.5,tick,cfd_std,26,14,12,0.5384615384615384,885.7581423509546,621.0,264.7581423509546,0.34135563873300434,1.351359659192832,0.08242611566133823,301.7218840173882,6.461538461538462,0.23076923076923078,0.23076923076923078,0.5384615384615384,0.0,0.038461538461538464,10.183005475036715
1,atr,2.0,1.5,3,0.5,tick,cfd_raw,26,14,12,0.5769230769230769,936.9250623433763,524.0,412.92506234337634,0.2874449577469683,1.6374155030796933,0.16361410052667053,297.7218840173882,6.6923076923076925,0.23076923076923078,0.19230769230769232,0.5769230769230769,0.0,0.038461538461538464,15.881733167052936
1,atr,2.0,1.5,3,1.0,off,none,13,8,5,0.46153846153846156,54.103192496768315,0.0,54.103192496768315,0.0,1.0762246158130317,0.04082331245331347,209.5911395434814,11.384615384615385,0.38461538461538464,0.5384615384615384,0.0,0.07692307692307693,0.0,4.161784038212947
1,atr,2.0,1.5,3,1.0,off,exchange,13,8,5,0.38461538461538464,78.10319249676832,1148.6717885312703,-1070.5685960345018,0.781581694908247,0.23910565133551925,-0.9831080490057575,1070.5685960345,10.76923076923077,0.38461538461538464,0.5384615384615384,0.0,0.07692307692307693,0.0,-82.35143046419245
1,atr,2.0,1.5,3,1.0,off,cfd_std,13,8,5,0.38461538461538464,143.32818584438064,283.5,-140.17181415561936,0.18721386534543738,0.8445111960557202,-0.14250348619247388,223.0911395434814,10.307692307692308,0.38461538461538464,0.6153846153846154,0.0,0.0,0.0,-10.78244724273995
1,atr,2.0,1.5,3,1.0,off,cfd_raw,13,8,5,0.38461538461538464,150.10319249676832,246.0,-95.89680750323168,0.16876179289895407,0.8840728831079503,-0.09897095725802116,228.91628751717508,10.692307692307692,0.38461538461538464,0.5384615384615384,0.0,0.07692307692307693,0.0,-7.376677500248591
1,atr,2.0,1.5,3,1.0,bar,none,13,8,5,0.7692307692307693,589.0812331896741,0.0,589.0812331896741,0.0,3.2321902729249175,0.3416972334510105,144.68233615935605,7.076923076923077,0.3076923076923077,0.23076923076923078,0.38461538461538464,0.07692307692307693,0.0,45.31394101459031
1,atr,2.0,1.5,3,1.0,bar,exchange,13,8,5,0.38461538461538464,603.0812331896741,1150.9332775516166,-547.8520443619424,1.028641388057418,0.39739921451652516,-0.6937480908808783,575.2318912438059,7.0,0.3076923076923077,0.23076923076923078,0.38461538461538464,0.07692307692307693,0.0,-42.142464950918644
1,atr,2.0,1.5,3,1.0,bar,cfd_std,13,8,5,0.46153846153846156,610.8062265372864,297.0,313.8062265372864,0.2479086747664701,1.6786697106806654,0.08162826381157372,158.18233615935605,6.846153846153846,0.3076923076923077,0.3076923076923077,0.38461538461538464,0.0,0.0,24.138940502868188
1,atr,2.0,1.5,3,1.0,bar,cfd_raw,13,8,5,0.46153846153846156,645.0812331896741,254.0,391.0812331896741,0.22580049705327204,2.0538168368681093,0.1564261216693651,158.68233615935605,7.0,0.3076923076923077,0.23076923076923078,0.38461538461538464,0.07692307692307693,0.0,30.083171783821083
1,atr,2.0,1.5,3,1.0,tick,none,13,8,5,0.7692307692307693,612.7304040334566,0.0,612.7304040334566,0.0,3.321803464019792,0.3947200672815037,144.68233615935605,5.6923076923076925,0.3076923076923077,0.23076923076923078,0.46153846153846156,0.0,0.0,47.133108002573586
1,atr,2.0,1.5,3,1.0,tick,exchange,13,8,5,0.38461538461538464,626.7304040334566,1150.9203013381,-524.1898973046433,1.007338345857654,0.37524337196134966,-0.6407289770735619,529.9297225931805,5.615384615384615,0.3076923076923077,0.23076923076923078,0.46153846153846156,0.0,0.0,-40.32229979266487
1,atr,2.0,1.5,3,1.0,tick,cfd_std,13,8,5,0.6153846153846154,707.2304040334566,297.0,410.2304040334566,0.2573576611753894,2.1675783930926933,0.20152974276358424,158.18233615935605,5.6923076923076925,0.3076923076923077,0.23076923076923078,0.46153846153846156,0.0,0.0,31.556184925650506
1,atr,2.0,1.5,3,1.0,tick,cfd_raw,13,8,5,0.6153846153846154,668.7304040334566,254.0,414.7304040334566,0.22115110457666676,2.209650301509941,0.20944895549985817,158.68233615935605,5.615384615384615,0.3076923076923077,0.23076923076923078,0.46153846153846156,0.0,0.0,31.902338771804352
1,atr,2.0,1.5,3,2.0,off,none,1,1,0,0.0,-209.5911395434814,0.0,-209.5911395434814,0.0,0.0,-0.9999999999999996,209.5911395434814,56.0,0.0,1.0,0.0,0.0,0.0,-209.5911395434814
1,atr,2.0,1.5,3,2.0,off,exchange,1,1,0,0.0,-207.5911395434814,88.37171443022825,-295.9628539737097,0.4257008012219047,0.0,-1.4120962108339015,295.96285397371685,56.0,0.0,1.0,0.0,0.0,0.0,-295.9628539737097
1,atr,2.0,1.5,3,2.0,off,cfd_std,1,1,0,0.0,-196.0911395434814,27.0,-223.0911395434814,0.13769107601117794,0.0,-1.0644111198088086,223.0911395434814,52.0,0.0,1.0,0.0,0.0,0.0,-223.0911395434814
1,atr,2.0,1.5,3,2.0,off,cfd_raw,1,1,0,0.0,-201.5911395434814,22.0,-223.5911395434814,0.10913178054264035,0.0,-1.0667967168387644,223.5911395434814,56.0,0.0,1.0,0.0,0.0,0.0,-223.5911395434814
1,atr,2.0,1.5,3,2.0,bar,none,1,1,0,1.0,142.44105015179957,0.0,142.44105015179957,0.0,inf,0.6796138923718622,0.0,27.0,0.0,0.0,1.0,0.0,0.0,142.44105015179957
1,atr,2.0,1.5,3,2.0,bar,exchange,1,1,0,1.0,142.44105015179957,88.5467305250759,53.89431962672367,0.6216377261380168,inf,0.2571402576660109,0.0,27.0,0.0,0.0,1.0,0.0,0.0,53.89431962672367
1,atr,2.0,1.5,3,2.0,bar,cfd_std,1,1,0,1.0,142.44105015179957,27.0,115.44105015179957,0.18955209871891615,inf,0.5507916527542441,0.0,27.0,0.0,0.0,1.0,0.0,0.0,115.44105015179957
1,atr,2.0,1.5,3,2.0,bar,cfd_raw,1,1,0,1.0,142.44105015179957,22.0,120.44105015179957,0.15444985821541315,inf,0.574647623053803,0.0,27.0,0.0,0.0,1.0,0.0,0.0,120.44105015179957
1,atr,2.0,1.5,3,2.0,tick,none,1,1,0,1.0,95.9645909909159,0.0,95.9645909909159,0.0,inf,0.45786568649772147,0.0,19.0,0.0,0.0,1.0,0.0,0.0,95.9645909909159
1,atr,2.0,1.5,3,2.0,tick,exchange,1,1,0,1.0,95.9645909909159,88.52349229549546,7.441098695420436,0.9224599550877592,inf,0.03550292589480729,0.0,19.0,0.0,0.0,1.0,0.0,0.0,7.441098695420436
1,atr,2.0,1.5,3,2.0,tick,cfd_std,1,1,0,1.0,95.9645909909159,27.0,68.9645909909159,0.28135377560829544,inf,0.3290434468801034,0.0,19.0,0.0,0.0,1.0,0.0,0.0,68.9645909909159
1,atr,2.0,1.5,3,2.0,tick,cfd_raw,1,1,0,1.0,95.9645909909159,22.0,73.9645909909159,0.22925122456972222,inf,0.35289941717966233,0.0,19.0,0.0,0.0,1.0,0.0,0.0,73.9645909909159
1,atr,2.0,1.5,5,0.5,off,none,17,8,9,0.5294117647058824,246.0797510745906,0.0,246.0797510745906,0.0,1.3133553793058756,0.237100180111339,271.0545183370414,10.823529411764707,0.47058823529411764,0.47058823529411764,0.0,0.058823529411764705,0.11764705882352941,14.475279474975919
1,atr,2.0,1.5,5,0.5,off,exchange,17,8,9,0.4117647058823529,274.0797510745906,1499.6783329547882,-1225.5985818801976,0.8254999249835947,0.22017500529710923,-0.8558076446336471,1228.3776862532977,10.823529411764707,0.47058823529411764,0.47058823529411764,0.0,0.058823529411764705,0.11764705882352941,-72.09403422824691
1,atr,2.0,1.5,5,0.5,off,cfd_std,17,8,9,0.47058823529411764,362.30474442220293,351.0,11.30474442220293,0.18627349395141818,1.0112595860436977,0.06273862923891754,311.5545183370414,10.470588235294118,0.47058823529411764,0.5294117647058824,0.0,0.0,0.11764705882352941,0.664984966011937
1,atr,2.0,1.5,5,0.5,off,cfd_raw,17,8,9,0.47058823529411764,358.0797510745906,310.0,48.079751074590604,0.17063991065384637,1.0519929677930693,0.08852942852789514,319.0545183370414,10.588235294117647,0.47058823529411764,0.47058823529411764,0.0,0.058823529411764705,0.11764705882352941,2.828220651446506
1,atr,2.0,1.5,5,0.5,bar,none,19,8,11,0.7368421052631579,869.1621801197616,0.0,869.1621801197616,0.0,3.193390148001836,0.5265142335209443,240.13347384020744,7.157894736842105,0.42105263157894735,0.21052631578947367,0.3157894736842105,0.05263157894736842,0.10526315789473684,45.74537790104009
1,atr,2.0,1.5,5,0.5,bar,exchange,19,8,11,0.42105263157894735,889.1621801197616,1679.1950488646523,-790.0328687448907,1.005692250175225,0.33557512085826335,-0.6001598465925113,792.8119731179904,7.157894736842105,0.42105263157894735,0.21052631578947367,0.3157894736842105,0.05263157894736842,0.10526315789473684,-41.580677302362666
1,atr,2.0,1.5,5,0.5,bar,cfd_std,18,8,10,0.5,606.4731641434337,405.0,201.47316414343368,0.24428559112836243,1.274453765808067,0.03362290572891127,293.06328700274753,7.5,0.3333333333333333,0.3888888888888889,0.2777777777777778,0.0,0.1111111111111111,11.192953563524092
1,atr,2.0,1.5,5,0.5,bar,cfd_raw,20,8,12,0.55,892.1541780700354,376.0,516.1541780700354,0.2141857085770918,1.8711867449682489,0.258214090483304,268.13347384020744,6.75,0.4,0.25,0.3,0.05,0.1,25.80770890350177
1,atr,2.0,1.5,5,0.5,tick,none,20,9,11,0.85,1023.6945884895395,0.0,1023.6945884895395,0.0,4.921775131048579,0.5762924005942544,116.119690554915,5.95,0.35,0.15,0.5,0.0,0.1,51.18472942447697
1,atr,2.0,1.5,5,0.5,tick,exchange,20,9,11,0.35,1039.6945884895395,1769.7140309255963,-730.0194424360568,1.138994372983357,0.30597970169322364,-0.5237064569537286,732.7985468091501,5.95,0.35,0.15,0.5,0.0,0.1,-36.50097212180284
1,atr,2.0,1.5,5,0.5,tick,cfd_std,21,9,12,0.6666666666666666,918.4037461065454,486.0,432.40374610654544,0.3043796933506186,1.8504527250717997,0.15911465350786108,188.07713426633563,5.333333333333333,0.2857142857142857,0.23809523809523808,0.47619047619047616,0.0,0.09523809523809523,20.590654576502164
1,atr,2.0,1.5,5,0.5,tick,cfd_raw,21,9,12,0.7142857142857143,980.5706660989672,414.0,566.5706660989672,0.260470635415376,2.359574854706969,0.2565113455101775,173.57713426633563,5.619047619047619,0.2857142857142857,0.19047619047619047,0.5238095238095238,0.0,0.09523809523809523,26.979555528522248
1,atr,2.0,1.5,5,1.0,off,none,9,3,6,0.6666666666666666,416.647059200026,0.0,416.647059200026,0.0,2.2941812553754386,0.5034114513214479,209.5911395434814,11.88888888888889,0.5555555555555556,0.3333333333333333,0.0,0.1111111111111111,0.1111111111111111,46.294117688891774
1,atr,2.0,1.5,5,1.0,off,exchange,9,3,6,0.5555555555555556,430.647059200026,791.2377755152866,-360.5907163152606,0.7418842917919349,0.46320669550487414,-0.5553434723239474,429.8132616755174,11.88888888888889,0.5555555555555556,0.3333333333333333,0.0,0.1111111111111111,0.1111111111111111,-40.06563514614007
1,atr,2.0,1.5,5,1.0,off,cfd_std,9,3,6,0.5555555555555556,438.3720525476383,175.5,262.8720525476383,0.15017205487567528,1.5555860443902276,0.2859067204641927,223.0911395434814,11.222222222222221,0.5555555555555556,0.4444444444444444,0.0,0.0,0.1111111111111111,29.208005838626477
1,atr,2.0,1.5,5,1.0,off,cfd_raw,9,3,6,0.5555555555555556,472.647059200026,158.0,314.647059200026,0.1456859661326278,1.80396577864299,0.35848638558932555,223.5911395434814,11.333333333333334,0.5555555555555556,0.3333333333333333,0.0,0.1111111111111111,0.1111111111111111,34.960784355558445
1,atr,2.0,1.5,5,1.0,bar,none,9,3,6,0.8888888888888888,757.4755201405933,0.0,757.4755201405933,0.0,12.845541235501694,0.7025288665520368,63.94604561169399,7.333333333333333,0.4444444444444444,0.1111111111111111,0.3333333333333333,0.1111111111111111,0.1111111111111111,84.16394668228814
1,atr,2.0,1.5,5,1.0,bar,exchange,9,3,6,0.5555555555555556,765.4755201405933,793.476857193421,-28.00133705282778,0.8881862819964466,0.9271278029974853,-0.36958112590409314,280.83922126212565,7.333333333333333,0.4444444444444444,0.1111111111111111,0.3333333333333333,0.1111111111111111,0.1111111111111111,-3.11125967253642
1,atr,2.0,1.5,5,1.0,bar,cfd_std,9,3,6,0.5555555555555556,738.7005134882056,189.0,549.7005134882056,0.18768570867501996,3.6488060257988146,0.3964217475159383,97.20500665238069,7.111111111111111,0.4444444444444444,0.2222222222222222,0.3333333333333333,0.0,0.1111111111111111,61.077834832022845
1,atr,2.0,1.5,5,1.0,bar,cfd_raw,9,3,6,0.5555555555555556,789.4755201405933,166.0,623.4755201405933,0.18095254066489674,6.4332122855299865,0.5050986818991183,85.94604561169399,7.333333333333333,0.4444444444444444,0.1111111111111111,0.3333333333333333,0.1111111111111111,0.1111111111111111,69.27505779339926
1,atr,2.0,1.5,5,1.0,tick,none,9,3,6,0.8888888888888888,761.5998599182058,0.0,761.5998599182058,0.0,12.910038418058644,0.766643888458191,63.94604561169399,5.555555555555555,0.4444444444444444,0.1111111111111111,0.4444444444444444,0.0,0.1111111111111111,84.62220665757842
1,atr,2.0,1.5,5,1.0,tick,exchange,9,3,6,0.5555555555555556,769.5998599182058,793.4461685643714,-23.846308646165625,0.8840705117802138,0.9285277786809676,-0.30545038445787076,255.04417126213957,5.555555555555555,0.4444444444444444,0.1111111111111111,0.4444444444444444,0.0,0.1111111111111111,-2.6495898495739585
1,atr,2.0,1.5,5,1.0,tick,cfd_std,9,3,6,0.8888888888888888,815.5998599182058,189.0,626.5998599182058,0.20031967392124153,7.8897977444072245,0.5571392568198399,90.94604561169399,5.666666666666667,0.4444444444444444,0.1111111111111111,0.4444444444444444,0.0,0.1111111111111111,69.62220665757842
1,atr,2.0,1.5,5,1.0,tick,cfd_raw,9,3,6,0.8888888888888888,793.5998599182058,166.0,627.5998599182058,0.18014264779453612,8.302254053126713,0.5692137038052725,85.94604561169399,5.555555555555555,0.4444444444444444,0.1111111111111111,0.4444444444444444,0.0,0.1111111111111111,69.73331776868953
1,atr,2.0,1.5,5,2.0,off,none,2,1,1,0.5,-120.40248075607815,0.0,-120.40248075607815,0.0,0.4255363990179572,0.25000000000002576,209.5911395434814,35.5,0.5,0.5,0.0,0.0,0.0,-60.201240378039074
1,atr,2.0,1.5,5,2.0,off,exchange,2,1,1,0.5,-116.40248075607815,175.80602010083456,-292.20850085691274,0.5884133434822713,0.01270203016388966,-0.6744468623419695,295.96789397370594,35.5,0.5,0.5,0.0,0.0,0.0,-146.10425042845637
1,atr,2.0,1.5,5,2.0,off,cfd_std,2,1,1,0.5,-93.40248075607815,40.5,-133.90248075607815,0.13555133321011262,0.3997857511056373,0.2177944400956212,223.0911395434814,34.0,0.5,0.5,0.0,0.0,0.0,-66.95124037803907
1,atr,2.0,1.5,5,2.0,off,cfd_raw,2,1,1,0.5,-104.40248075607815,36.0,-140.40248075607815,0.12049007396454456,0.3720570455397035,0.1661467960747065,223.5911395434814,33.5,0.5,0.5,0.0,0.0,0.0,-70.20124037803907
1,atr,2.0,1.5,5,2.0,bar,none,2,1,1,1.0,157.92226127498725,0.0,157.92226127498725,0.0,inf,0.5003492932908605,0.0,16.0,0.0,0.0,1.0,0.0,0.0,78.96113063749362
1,atr,2.0,1.5,5,2.0,bar,exchange,2,1,1,0.5,157.92226127498725,178.01484991951432,-20.09258864452707,1.1272308823487538,0.7085681786677351,-0.46322236835698605,68.94438827123668,16.0,0.0,0.0,1.0,0.0,0.0,-10.046294322263535
1,atr,2.0,1.5,5,2.0,bar,cfd_std,2,1,1,0.5,157.92226127498725,54.0,103.92226127498725,0.34194039246924635,17.040383974705087,0.20889136870533542,6.478788876804174,16.0,0.0,0.0,1.0,0.0,0.0,51.961130637493625
1,atr,2.0,1.5,5,2.0,bar,cfd_raw,2,1,1,0.5,157.92226127498725,44.0,113.92226127498725,0.27861809756753403,78.03754272292461,0.26286505844339564,1.478788876804174,16.0,0.0,0.0,1.0,0.0,0.0,56.961130637493625
1,atr,2.0,1.5,5,2.0,tick,none,2,1,1,1.0,119.39580211410066,0.0,119.39580211410066,0.0,inf,0.4563278606491321,0.0,11.5,0.0,0.0,1.0,0.0,0.0,59.69790105705033
1,atr,2.0,1.5,5,2.0,tick,exchange,2,1,1,0.5,119.39580211410066,177.98763668993388,-58.591834575833204,1.4907361359308084,0.039327142853500155,-0.5071549376120982,60.99041327123996,11.5,0.0,0.0,1.0,0.0,0.0,-29.295917287916602
1,atr,2.0,1.5,5,2.0,tick,cfd_std,2,1,1,1.0,119.39580211410066,54.0,65.39580211410066,0.45227720777314157,inf,0.164869936063607,0.0,11.5,0.0,0.0,1.0,0.0,0.0,32.69790105705033
1,atr,2.0,1.5,5,2.0,tick,cfd_raw,2,1,1,1.0,119.39580211410066,44.0,75.39580211410066,0.3685221692966339,inf,0.2188436258016672,0.0,11.5,0.0,0.0,1.0,0.0,0.0,37.69790105705033
1,atr,2.0,1.5,8,0.5,off,none,12,4,8,0.6666666666666666,708.721945100071,0.0,708.721945100071,0.0,2.7039270074470085,0.6666666666666565,209.5911395434814,10.75,0.6666666666666666,0.3333333333333333,0.0,0.0,0.08333333333333333,59.06016209167259
1,atr,2.0,1.5,8,0.5,off,exchange,12,4,8,0.5833333333333334,730.721945100071,1053.8848924295592,-323.1629473294882,0.6814244981695987,0.5786436858156155,-0.3730716003311607,585.2676196157845,10.75,0.6666666666666666,0.3333333333333333,0.0,0.0,0.08333333333333333,-26.93024561079068
1,atr,2.0,1.5,8,0.5,off,cfd_std,12,4,8,0.6666666666666666,857.221945100071,216.0,641.221945100071,0.13661454070255144,2.3644923098619217,0.5896576513045187,223.0911395434814,10.416666666666666,0.6666666666666666,0.3333333333333333,0.0,0.0,0.08333333333333333,53.43516209167259
1,atr,2.0,1.5,8,0.5,off,cfd_raw,12,4,8,0.6666666666666666,796.721945100071,200.0,596.721945100071,0.12782894663076744,2.264417003899957,0.5487308414905772,223.5911395434814,10.333333333333334,0.6666666666666666,0.3333333333333333,0.0,0.0,0.08333333333333333,49.72682875833925
1,atr,2.0,1.5,8,0.5,bar,none,12,4,8,0.9166666666666666,1011.0730303447053,0.0,1011.0730303447053,0.0,12.555294066953245,0.8323839828532948,87.49868454116222,6.916666666666667,0.5,0.08333333333333333,0.4166666666666667,0.0,0.08333333333333333,84.25608586205878
1,atr,2.0,1.5,8,0.5,bar,exchange,12,4,8,0.5,1023.0730303447053,1058.1462127955415,-35.07318245083617,0.8861673593979794,0.9178586361966313,-0.2219068865388856,377.46624743660504,6.916666666666667,0.5,0.08333333333333333,0.4166666666666667,0.0,0.08333333333333333,-2.9227652042363474
1,atr,2.0,1.5,8,0.5,bar,cfd_std,12,4,8,0.75,1092.0730303447053,243.0,849.0730303447053,0.1959566167471438,7.458819026547671,0.6582631960547408,100.99868454116222,7.0,0.5,0.08333333333333333,0.4166666666666667,0.0,0.08333333333333333,70.75608586205878
1,atr,2.0,1.5,8,0.5,bar,cfd_raw,12,4,8,0.75,1059.0730303447053,216.0,843.0730303447053,0.17732965196560446,7.9127302597058575,0.6569004412704503,101.49868454116222,6.916666666666667,0.5,0.08333333333333333,0.4166666666666667,0.0,0.08333333333333333,70.25608586205878
1,atr,2.0,1.5,8,0.5,tick,none,12,4,8,0.9166666666666666,937.4742271527502,0.0,937.4742271527502,0.0,11.714152242045786,0.7917385163773286,87.49868454116222,6.166666666666667,0.4166666666666667,0.08333333333333333,0.5,0.0,0.08333333333333333,78.12285226272918
1,atr,2.0,1.5,8,0.5,tick,exchange,12,4,8,0.4166666666666667,947.4742271527502,1060.0767839756254,-112.60255682287512,0.9477905273088615,0.7365104893823584,-0.2668015847712769,396.2209950607066,6.166666666666667,0.4166666666666667,0.08333333333333333,0.5,0.0,0.08333333333333333,-9.38354640190626
1,atr,2.0,1.5,8,0.5,tick,cfd_std,12,4,8,0.8333333333333334,1004.9742271527502,256.5,748.4742271527502,0.22246862007492443,7.885581780365006,0.588592196520234,100.99868454116222,6.25,0.4166666666666667,0.08333333333333333,0.5,0.0,0.08333333333333333,62.37285226272919
1,atr,2.0,1.5,8,0.5,tick,cfd_raw,12,4,8,0.8333333333333334,977.4742271527502,224.0,753.4742271527502,0.19710127445513956,8.230922873056798,0.5990546589079414,101.49868454116222,6.166666666666667,0.4166666666666667,0.08333333333333333,0.5,0.0,0.08333333333333333,62.789518929395854
1,atr,2.0,1.5,8,1.0,off,none,5,3,2,0.6,291.9058824344829,0.0,291.9058824344829,0.0,2.1314502670723217,0.4999999999999913,209.5911395434814,16.2,0.6,0.4,0.0,0.0,0.0,58.381176486896585
1,atr,2.0,1.5,8,1.0,off,exchange,5,3,2,0.6,301.9058824344829,437.99897352660815,-136.09309109212518,0.5408120925926878,0.6851344688139452,-0.3703926102081473,297.4625306795933,16.2,0.6,0.4,0.0,0.0,0.0,-27.218618218425036
1,atr,2.0,1.5,8,1.0,off,cfd_std,5,3,2,0.6,359.4058824344829,94.5,264.9058824344829,0.11504870758674718,1.9295182105359518,0.43133442318876,223.0911395434814,15.4,0.6,0.4,0.0,0.0,0.0,52.98117648689659
1,atr,2.0,1.5,8,1.0,off,cfd_raw,5,3,2,0.6,331.9058824344829,86.0,245.90588243448292,0.10540620651355334,1.859832795956281,0.3986241784471999,223.5911395434814,15.2,0.6,0.4,0.0,0.0,0.0,49.18117648689658
1,atr,2.0,1.5,8,1.0,bar,none,5,3,2,1.0,701.4017910392577,0.0,701.4017910392577,0.0,inf,1.0893850449606908,0.0,10.0,0.6,0.0,0.4,0.0,0.0,140.28035820785152
1,atr,2.0,1.5,8,1.0,bar,exchange,5,3,2,0.8,707.4017910392577,438.2017214809105,269.2000695583472,0.6194523777458067,4.552168683410449,0.2085301505229867,75.78470887815638,10.0,0.6,0.0,0.4,0.0,0.0,53.84001391166944
1,atr,2.0,1.5,8,1.0,bar,cfd_std,5,3,2,0.8,741.9017910392577,94.5,647.4017910392577,0.12737534959664162,51.19467647383994,0.9520538913382284,12.897817787044914,10.2,0.6,0.0,0.4,0.0,0.0,129.48035820785154
1,atr,2.0,1.5,8,1.0,bar,cfd_raw,5,3,2,0.8,725.4017910392577,86.0,639.4017910392577,0.11855498712898244,81.95929892027799,0.947318511223466,7.897817787044914,10.0,0.6,0.0,0.4,0.0,0.0,127.88035820785153
1,atr,2.0,1.5,8,1.0,tick,none,5,3,2,1.0,672.7753318783653,0.0,672.7753318783653,0.0,inf,1.1187933925534586,0.0,8.4,0.6,0.0,0.4,0.0,0.0,134.55506637567305
1,atr,2.0,1.5,8,1.0,tick,exchange,5,3,2,0.8,678.7753318783653,438.18740825133006,240.58792362703525,0.6455558822957521,5.152102785491966,0.237923793941958,57.94363387816702,8.4,0.6,0.0,0.4,0.0,0.0,48.11758472540705
1,atr,2.0,1.5,8,1.0,tick,cfd_std,5,3,2,1.0,713.2753318783653,94.5,618.7753318783653,0.13248740812491056,inf,0.981462238930996,0.0,8.6,0.6,0.0,0.4,0.0,0.0,123.75506637567305
1,atr,2.0,1.5,8,1.0,tick,cfd_raw,5,3,2,1.0,696.7753318783653,86.0,610.7753318783653,0.12342572428355264,inf,0.9767268588162337,0.0,8.4,0.6,0.0,0.4,0.0,0.0,122.15506637567304
1,atr,2.0,1.5,8,2.0,off,none,1,1,0,0.0,-209.5911395434814,0.0,-209.5911395434814,0.0,0.0,-0.9999999999999996,209.5911395434814,56.0,0.0,1.0,0.0,0.0,0.0,-209.5911395434814
1,atr,2.0,1.5,8,2.0,off,exchange,1,1,0,0.0,-207.5911395434814,88.37675443022826,-295.9678939737097,0.42572507971476853,0.0,-1.4121202576519634,295.96789397370594,56.0,0.0,1.0,0.0,0.0,0.0,-295.9678939737097
1,atr,2.0,1.5,8,2.0,off,cfd_std,1,1,0,0.0,-196.0911395434814,27.0,-223.0911395434814,0.13769107601117794,0.0,-1.0644111198088086,223.0911395434814,52.0,0.0,1.0,0.0,0.0,0.0,-223.0911395434814
1,atr,2.0,1.5,8,2.0,off,cfd_raw,1,1,0,0.0,-201.5911395434814,22.0,-223.5911395434814,0.10913178054264035,0.0,-1.0667967168387644,223.5911395434814,52.0,0.0,1.0,0.0,0.0,0.0,-223.5911395434814
1,atr,2.0,1.5,8,2.0,bar,none,1,1,0,1.0,137.40105015179142,0.0,137.40105015179142,0.0,inf,0.6555670743098679,0.0,27.0,0.0,0.0,1.0,0.0,0.0,137.40105015179142
1,atr,2.0,1.5,8,2.0,bar,exchange,1,1,0,1.0,137.40105015179142,88.5492505250759,48.85179962671552,0.6444583242067848,inf,0.23308141619498562,0.0,27.0,0.0,0.0,1.0,0.0,0.0,48.85179962671552
1,atr,2.0,1.5,8,2.0,bar,cfd_std,1,1,0,1.0,137.40105015179142,27.0,110.40105015179142,0.19650504832511992,inf,0.5267448346922499,0.0,27.0,0.0,0.0,1.0,0.0,0.0,110.40105015179142
1,atr,2.0,1.5,8,2.0,bar,cfd_raw,1,1,0,1.0,137.40105015179142,22.0,115.40105015179142,0.16011522456120883,inf,0.5506008049918087,0.0,27.0,0.0,0.0,1.0,0.0,0.0,115.40105015179142
1,atr,2.0,1.5,8,2.0,tick,none,1,1,0,1.0,90.92459099090775,0.0,90.92459099090775,0.0,inf,0.43381886843572726,0.0,19.0,0.0,0.0,1.0,0.0,0.0,90.92459099090775
1,atr,2.0,1.5,8,2.0,tick,exchange,1,1,0,1.0,90.92459099090775,88.52601229549546,2.398578695412283,0.9736201321416762,inf,0.011444084423782032,0.0,19.0,0.0,0.0,1.0,0.0,0.0,2.398578695412283
1,atr,2.0,1.5,8,2.0,tick,cfd_std,1,1,0,1.0,90.92459099090775,27.0,63.924590990907745,0.29694936986518794,inf,0.3049966288181092,0.0,19.0,0.0,0.0,1.0,0.0,0.0,63.924590990907745
1,atr,2.0,1.5,8,2.0,tick,cfd_raw,1,1,0,1.0,90.92459099090775,22.0,68.92459099090775,0.24195874581607907,inf,0.32885259911766807,0.0,19.0,0.0,0.0,1.0,0.0,0.0,68.92459099090775
1,atr,2.0,2.0,3,0.5,off,none,17,10,7,0.47058823529411764,320.67376258893637,0.0,320.67376258893637,0.0,1.3403112040833718,0.29592370952310404,260.80202671427105,16.235294117647058,0.4117647058823529,0.5294117647058824,0.0,0.058823529411764705,0.0,18.86316250523155
1,atr,2.0,2.0,3,0.5,off,exchange,17,10,7,0.4117647058823529,352.67376258893637,1501.2575220185738,-1148.5837594296374,0.6819976231989878,0.3664951490722593,-0.7085010287165999,1171.345704784413,15.823529411764707,0.4117647058823529,0.5294117647058824,0.0,0.058823529411764705,0.0,-67.56375055468456
1,atr,2.0,2.0,3,0.5,off,cfd_std,18,11,7,0.2777777777777778,0.1545329835062148,418.5,-418.3454670164938,0.19768666400043675,0.7031781453452856,-0.2827009486576579,560.2246520642948,14.0,0.2777777777777778,0.7222222222222222,0.0,0.0,0.0,-23.241414834249653
1,atr,2.0,2.0,3,0.5,off,cfd_raw,17,10,7,0.4117647058823529,448.67376258893637,318.0,130.67376258893637,0.14525422682547276,1.1201348559131445,0.1682839329651109,288.80202671427105,15.941176470588236,0.4117647058823529,0.5294117647058824,0.0,0.058823529411764705,0.0,7.686691916996257
1,atr,2.0,2.0,3,0.5,bar,none,24,13,11,0.7083333333333334,1301.970254016851,0.0,1301.970254016851,0.0,3.7645125320881,0.6207489998034553,384.8158099995635,9.0,0.3333333333333333,0.16666666666666666,0.4583333333333333,0.041666666666666664,0.0,54.24876058403546
1,atr,2.0,2.0,3,0.5,bar,exchange,24,13,11,0.4166666666666667,1325.970254016851,2124.396141592567,-798.4258875757156,0.9433848987585788,0.49292634328529644,-0.416993865648794,821.1878329305036,9.0,0.3333333333333333,0.16666666666666666,0.4583333333333333,0.041666666666666664,0.0,-33.267745315654814
1,atr,2.0,2.0,3,0.5,bar,cfd_std,23,13,10,0.5217391304347826,943.658012672604,540.0,403.65801267260395,0.24208730207938617,1.432020215072536,0.13441197268114366,425.3158099995635,9.304347826086957,0.2608695652173913,0.34782608695652173,0.391304347826087,0.0,0.0,17.550348377069735
1,atr,2.0,2.0,3,0.5,bar,cfd_raw,25,13,12,0.56,1279.69425684202,486.0,793.69425684202,0.2024539533612207,1.999949295756146,0.34515040604153696,426.8158099995635,8.6,0.32,0.24,0.4,0.04,0.0,31.7477702736808
1,atr,2.0,2.0,3,0.5,tick,none,26,15,11,0.7692307692307693,1133.315904003961,0.0,1133.315904003961,0.0,4.1981011126970476,0.5086148018408525,260.80202671427105,6.961538461538462,0.19230769230769232,0.11538461538461539,0.6923076923076923,0.0,0.0,43.58907323092157
1,atr,2.0,2.0,3,0.5,tick,exchange,25,14,11,0.28,1177.6370565263642,2219.0919728365348,-1041.4549163101701,1.1989921423903058,0.31342782537345404,-0.48566380188036234,1089.0300610029226,7.28,0.2,0.12,0.68,0.0,0.0,-41.65819665240681
1,atr,2.0,2.0,3,0.5,tick,cfd_std,26,14,12,0.5384615384615384,1053.2256262355368,634.5,418.72562623553677,0.3193763214024862,1.555689400231558,0.1640991359837753,301.7218840173882,6.8076923076923075,0.19230769230769232,0.23076923076923078,0.5769230769230769,0.0,0.0,16.104831778289874
1,atr,2.0,2.0,3,0.5,tick,cfd_raw,26,14,12,0.5769230769230769,1104.3925462279585,532.0,572.3925462279585,0.26727957595437796,1.8835789252955557,0.2451590468462381,297.7218840173882,6.961538461538462,0.19230769230769232,0.19230769230769232,0.6153846153846154,0.0,0.0,22.015097931844558
1,atr,2.0,2.0,3,1.0,off,none,13,8,5,0.46153846153846156,307.87637620946043,0.0,307.87637620946043,0.0,1.4337592184763648,0.23313100476099183,209.5911395434814,12.307692307692308,0.38461538461538464,0.5384615384615384,0.0,0.07692307692307693,0.0,23.682798169958495
1,atr,2.0,2.0,3,1.0,off,exchange,13,8,5,0.38461538461538464,331.87637620946043,1148.631219989414,-816.7548437799534,0.6664723804878819,0.4195008641403496,-0.7907811259288486,839.5167891347373,11.692307692307692,0.38461538461538464,0.5384615384615384,0.0,0.07692307692307693,0.0,-62.82729567538103
1,atr,2.0,2.0,3,1.0,off,cfd_std,13,8,5,0.38461538461538464,397.10136955707276,283.5,113.60136955707276,0.16034305154196124,1.1260149280742775,0.049804206115204454,223.0911395434814,11.461538461538462,0.38461538461538464,0.6153846153846154,0.0,0.0,0.0,8.738566889005597
1,atr,2.0,2.0,3,1.0,off,cfd_raw,13,8,5,0.38461538461538464,403.87637620946043,246.0,157.87637620946043,0.1437378423555923,1.1908525799329719,0.09333673504965721,223.5911395434814,11.76923076923077,0.38461538461538464,0.5384615384615384,0.0,0.07692307692307693,0.0,12.144336631496957
1,atr,2.0,2.0,3,1.0,bar,none,13,8,5,0.7692307692307693,660.996484878051,0.0,660.996484878051,0.0,3.5046968751545196,0.4027463661714042,144.68233615935605,7.384615384615385,0.23076923076923078,0.23076923076923078,0.46153846153846156,0.07692307692307693,0.0,50.845883452157764
1,atr,2.0,2.0,3,1.0,bar,exchange,13,8,5,0.38461538461538464,672.996484878051,1152.9474738328145,-479.9509889547635,0.9698397357639191,0.4720858561830308,-0.63529137481649,540.7159797365603,7.3076923076923075,0.23076923076923078,0.23076923076923078,0.46153846153846156,0.07692307692307693,0.0,-36.91930684267412
1,atr,2.0,2.0,3,1.0,bar,cfd_std,13,8,5,0.46153846153846156,669.2214782256633,310.5,358.7214782256633,0.24712738005636412,1.7758080664260638,0.12524087692541955,158.18233615935605,7.3076923076923075,0.23076923076923078,0.3076923076923077,0.46153846153846156,0.0,0.0,27.593959863512563
1,atr,2.0,2.0,3,1.0,bar,cfd_raw,13,8,5,0.46153846153846156,708.996484878051,262.0,446.996484878051,0.2203899280211206,2.2044874103096923,0.20714250203032297,158.68233615935605,7.3076923076923075,0.23076923076923078,0.23076923076923078,0.46153846153846156,0.07692307692307693,0.0,34.384344990619304
1,atr,2.0,2.0,3,1.0,tick,none,13,8,5,0.7692307692307693,722.9628099010151,0.0,722.9628099010151,0.0,3.739504267025086,0.48051430408013485,144.68233615935605,5.923076923076923,0.23076923076923078,0.23076923076923078,0.5384615384615384,0.0,0.0,55.61252383853962
1,atr,2.0,2.0,3,1.0,tick,exchange,13,8,5,0.38461538461538464,734.9628099010151,1152.9153390422082,-417.95252914119317,0.9217656559486782,0.5018625613939993,-0.5575147843788967,495.41381108593487,5.846153846153846,0.23076923076923078,0.23076923076923078,0.5384615384615384,0.0,0.0,-32.15019454932255
1,atr,2.0,2.0,3,1.0,tick,cfd_std,13,8,5,0.6153846153846154,803.9628099010151,310.5,493.46280990101513,0.24824740072400625,2.4044705340471144,0.2698874599556677,158.18233615935605,6.076923076923077,0.23076923076923078,0.23076923076923078,0.5384615384615384,0.0,0.0,37.95867768469347
1,atr,2.0,2.0,3,1.0,tick,cfd_raw,13,8,5,0.6153846153846154,770.9628099010151,262.0,508.96280990101513,0.20947123668177017,2.484499352992802,0.28491043993905374,158.68233615935605,5.846153846153846,0.23076923076923078,0.23076923076923078,0.5384615384615384,0.0,0.0,39.15098537700116
1,atr,2.0,2.0,3,2.0,off,none,1,1,0,0.0,-209.5911395434814,0.0,-209.5911395434814,0.0,0.0,-0.9999999999999996,209.5911395434814,56.0,0.0,1.0,0.0,0.0,0.0,-209.5911395434814
1,atr,2.0,2.0,3,2.0,off,exchange,1,1,0,0.0,-207.5911395434814,88.37171443022825,-295.9628539737097,0.4257008012219047,0.0,-1.4120962108339015,295.96285397371685,56.0,0.0,1.0,0.0,0.0,0.0,-295.9628539737097
1,atr,2.0,2.0,3,2.0,off,cfd_std,1,1,0,0.0,-196.0911395434814,27.0,-223.0911395434814,0.13769107601117794,0.0,-1.0644111198088086,223.0911395434814,52.0,0.0,1.0,0.0,0.0,0.0,-223.0911395434814
1,atr,2.0,2.0,3,2.0,off,cfd_raw,1,1,0,0.0,-201.5911395434814,22.0,-223.5911395434814,0.10913178054264035,0.0,-1.0667967168387644,223.5911395434814,56.0,0.0,1.0,0.0,0.0,0.0,-223.5911395434814
1,atr,2.0,2.0,3,2.0,bar,none,1,1,0,1.0,142.44105015179957,0.0,142.44105015179957,0.0,inf,0.6796138923718622,0.0,27.0,0.0,0.0,1.0,0.0,0.0,142.44105015179957
1,atr,2.0,2.0,3,2.0,bar,exchange,1,1,0,1.0,142.44105015179957,88.5467305250759,53.89431962672367,0.6216377261380168,inf,0.2571402576660109,0.0,27.0,0.0,0.0,1.0,0.0,0.0,53.89431962672367
1,atr,2.0,2.0,3,2.0,bar,cfd_std,1,1,0,1.0,142.44105015179957,27.0,115.44105015179957,0.18955209871891615,inf,0.5507916527542441,0.0,27.0,0.0,0.0,1.0,0.0,0.0,115.44105015179957
1,atr,2.0,2.0,3,2.0,bar,cfd_raw,1,1,0,1.0,142.44105015179957,22.0,120.44105015179957,0.15444985821541315,inf,0.574647623053803,0.0,27.0,0.0,0.0,1.0,0.0,0.0,120.44105015179957
1,atr,2.0,2.0,3,2.0,tick,none,1,1,0,1.0,95.9645909909159,0.0,95.9645909909159,0.0,inf,0.45786568649772147,0.0,19.0,0.0,0.0,1.0,0.0,0.0,95.9645909909159
1,atr,2.0,2.0,3,2.0,tick,exchange,1,1,0,1.0,95.9645909909159,88.52349229549546,7.441098695420436,0.9224599550877592,inf,0.03550292589480729,0.0,19.0,0.0,0.0,1.0,0.0,0.0,7.441098695420436
1,atr,2.0,2.0,3,2.0,tick,cfd_std,1,1,0,1.0,95.9645909909159,27.0,68.9645909909159,0.28135377560829544,inf,0.3290434468801034,0.0,19.0,0.0,0.0,1.0,0.0,0.0,68.9645909909159
1,atr,2.0,2.0,3,2.0,tick,cfd_raw,1,1,0,1.0,95.9645909909159,22.0,73.9645909909159,0.22925122456972222,inf,0.35289941717966233,0.0,19.0,0.0,0.0,1.0,0.0,0.0,73.9645909909159
1,atr,2.0,2.0,5,0.5,off,none,15,7,8,0.6,786.282906183158,0.0,786.282906183158,0.0,2.337122666627744,0.668713537459518,209.5911395434814,13.0,0.5333333333333333,0.4,0.0,0.06666666666666667,0.06666666666666667,52.418860412210535
1,atr,2.0,2.0,5,0.5,off,exchange,15,7,8,0.5333333333333333,812.282906183158,1321.7737751658417,-509.49086898268365,0.6715085272198615,0.5750703724240336,-0.44137353045155137,564.6686668349139,13.0,0.5333333333333333,0.4,0.0,0.06666666666666667,0.06666666666666667,-33.96605793217891
1,atr,2.0,2.0,5,0.5,off,cfd_std,16,8,8,0.4375,619.4030849776464,337.5,281.90308497764636,0.1659863727830872,1.2967562763982412,0.20107952311742788,385.06446530407993,11.5625,0.4375,0.5625,0.0,0.0,0.0625,17.618942811102897
1,atr,2.0,2.0,5,0.5,off,cfd_raw,15,7,8,0.5333333333333333,890.282906183158,266.0,624.282906183158,0.1339129622909707,1.892507245381843,0.5298789460989239,223.5911395434814,12.866666666666667,0.5333333333333333,0.4,0.0,0.06666666666666667,0.06666666666666667,41.61886041221054
1,atr,2.0,2.0,5,0.5,bar,none,19,8,11,0.7368421052631579,1069.7590204117296,0.0,1069.7590204117296,0.0,3.699609980480137,0.6735478506454268,240.13347384020744,7.7368421052631575,0.3684210526315789,0.21052631578947367,0.3684210526315789,0.05263157894736842,0.05263157894736842,56.303106337459454
1,atr,2.0,2.0,5,0.5,bar,exchange,19,8,11,0.47368421052631576,1089.7590204117296,1681.1826633296432,-591.4236429179135,0.8988899198200431,0.50195866164651,-0.4530415817688131,646.6014407701441,7.7368421052631575,0.3684210526315789,0.21052631578947367,0.3684210526315789,0.05263157894736842,0.05263157894736842,-31.127560153574397
1,atr,2.0,2.0,5,0.5,bar,cfd_std,18,8,10,0.5,741.0126386531047,418.5,322.51263865310466,0.2334812637463955,1.4393379563743043,0.13372358213816135,267.13347384020744,7.944444444444445,0.2777777777777778,0.3888888888888889,0.3333333333333333,0.0,0.05555555555555555,17.91736881406137
1,atr,2.0,2.0,5,0.5,bar,cfd_raw,20,8,12,0.55,1093.5488828225207,384.0,709.5488828225207,0.1962306699641759,2.1976064669927644,0.39813820304789355,268.13347384020744,7.25,0.35,0.25,0.35,0.05,0.05,35.477444141126036
1,atr,2.0,2.0,5,0.5,tick,none,20,9,11,0.85,1149.3771164585924,0.0,1149.3771164585924,0.0,5.403265038427714,0.6495181821631416,116.119690554915,6.4,0.25,0.15,0.6,0.0,0.05,57.46885582292962
1,atr,2.0,2.0,5,0.5,tick,exchange,20,9,11,0.35,1163.3771164585924,1773.7023435686542,-610.3252271100615,1.05739032674806,0.4373805529137372,-0.4535005960561017,690.3162243002735,6.4,0.25,0.15,0.6,0.0,0.05,-30.516261355503076
1,atr,2.0,2.0,5,0.5,tick,cfd_std,21,9,12,0.6666666666666666,1087.0000588769617,499.5,587.5000588769617,0.28295693909673536,2.155496525066279,0.2602336310499324,188.07713426633563,5.714285714285714,0.23809523809523808,0.23809523809523808,0.5238095238095238,0.0,0.047619047619047616,27.97619327985532
1,atr,2.0,2.0,5,0.5,tick,cfd_raw,21,9,12,0.7142857142857143,1149.1669788693835,422.0,727.1669788693835,0.24004183064328344,2.7449508045503976,0.3574717552391723,173.57713426633563,5.9523809523809526,0.23809523809523808,0.19047619047619047,0.5714285714285714,0.0,0.047619047619047616,34.62699899378016
1,atr,2.0,2.0,5,1.0,off,none,9,3,6,0.6666666666666666,661.98565288393,0.0,661.98565288393,0.0,3.0562473786201645,0.781189229099211,209.5911395434814,13.11111111111111,0.5555555555555556,0.3333333333333333,0.0,0.1111111111111111,0.1111111111111111,73.55396143154778
1,atr,2.0,2.0,5,1.0,off,exchange,9,3,6,0.5555555555555556,675.98565288393,791.1632601254869,-115.17760724155693,0.603083707578623,0.8285408758527695,-0.277482361212851,295.96789397370594,13.11111111111111,0.5555555555555556,0.3333333333333333,0.0,0.1111111111111111,0.1111111111111111,-12.797511915728547
1,atr,2.0,2.0,5,1.0,off,cfd_std,9,3,6,0.5555555555555556,683.7106462315423,175.5,508.21064623154234,0.12411614951808983,2.074114725853616,0.5636844982419558,223.0911395434814,12.777777777777779,0.5555555555555556,0.4444444444444444,0.0,0.0,0.1111111111111111,56.46784958128248
1,atr,2.0,2.0,5,1.0,off,cfd_raw,9,3,6,0.5555555555555556,717.98565288393,158.0,559.98565288393,0.11880922209620778,2.4308390569241802,0.6362641633670886,223.5911395434814,12.777777777777779,0.5555555555555556,0.3333333333333333,0.0,0.1111111111111111,0.1111111111111111,62.22062809821445
1,atr,2.0,2.0,5,1.0,bar,none,9,3,6,0.8888888888888888,829.3907718289702,0.0,829.3907718289702,0.0,13.970165143054556,0.7907109471481609,63.94604561169399,7.777777777777778,0.3333333333333333,0.1111111111111111,0.4444444444444444,0.1111111111111111,0.1111111111111111,92.15453020321891
1,atr,2.0,2.0,5,1.0,bar,exchange,9,3,6,0.5555555555555556,835.3907718289702,795.4910534746191,39.89971835435105,0.8258125250499563,1.1038371893019832,-0.2851436471444209,246.32330975486548,7.777777777777778,0.3333333333333333,0.1111111111111111,0.4444444444444444,0.1111111111111111,0.1111111111111111,4.4333020393723395
1,atr,2.0,2.0,5,1.0,bar,cfd_std,9,3,6,0.5555555555555556,797.1157651765825,202.5,594.6157651765825,0.19006626954372421,3.865236220792612,0.45941774423593784,97.20500665238069,7.777777777777778,0.3333333333333333,0.2222222222222222,0.4444444444444444,0.0,0.1111111111111111,66.06841835295361
1,atr,2.0,2.0,5,1.0,bar,cfd_raw,9,3,6,0.5555555555555556,853.3907718289702,174.0,679.3907718289702,0.1773189021754229,6.920479904879795,0.5783556757538354,85.94604561169399,7.777777777777778,0.3333333333333333,0.1111111111111111,0.4444444444444444,0.1111111111111111,0.1111111111111111,75.48786353655224
1,atr,2.0,2.0,5,1.0,tick,none,9,3,6,0.8888888888888888,871.8322657857643,0.0,871.8322657857643,0.0,14.633873016634666,0.8905688971673249,63.94604561169399,5.888888888888889,0.3333333333333333,0.1111111111111111,0.5555555555555556,0.0,0.1111111111111111,96.87025175397382
1,atr,2.0,2.0,5,1.0,tick,exchange,9,3,6,0.5555555555555556,877.8322657857643,795.4412062684798,82.3910595172845,0.7909137336933774,1.2469427083204254,-0.18525210612113222,220.5282597548794,5.888888888888889,0.3333333333333333,0.1111111111111111,0.5555555555555556,0.0,0.1111111111111111,9.154562168587168
1,atr,2.0,2.0,5,1.0,tick,cfd_std,9,3,6,0.8888888888888888,912.3322657857643,202.5,709.8322657857643,0.19466954281115562,8.804982184893293,0.6558781816528492,90.94604561169399,6.222222222222222,0.3333333333333333,0.1111111111111111,0.5555555555555556,0.0,0.1111111111111111,78.87025175397382
1,atr,2.0,2.0,5,1.0,tick,cfd_raw,9,3,6,0.8888888888888888,895.8322657857643,174.0,721.8322657857643,0.1699676273292425,9.39866756694098,0.6782136257729994,85.94604561169399,5.888888888888889,0.3333333333333333,0.1111111111111111,0.5555555555555556,0.0,0.1111111111111111,80.20358508730715
1,atr,2.0,2.0,5,2.0,off,none,2,1,1,0.5,-90.67292782694858,0.0,-90.67292782694858,0.0,0.5673818653572531,0.49999999999999356,209.5911395434814,36.0,0.5,0.5,0.0,0.0,0.0,-45.33646391347429
1,atr,2.0,2.0,5,2.0,off,exchange,2,1,1,0.5,-86.67292782694858,175.79115532436998,-262.4640831513186,0.5351176599695385,0.1132008285512454,-0.4243218623420018,295.9678939737205,36.0,0.5,0.5,0.0,0.0,0.0,-131.2320415756593
1,atr,2.0,2.0,5,2.0,off,cfd_std,2,1,1,0.5,-63.67292782694858,40.5,-104.17292782694858,0.12328416175874508,0.5330476681408279,0.467794440095589,223.0911395434814,35.0,0.5,0.5,0.0,0.0,0.0,-52.08646391347429
1,atr,2.0,2.0,5,2.0,off,cfd_raw,2,1,1,0.5,-74.67292782694858,36.0,-110.67292782694858,0.10958592156332896,0.5050209590017041,0.4161467960746742,223.5911395434814,35.0,0.5,0.5,0.0,0.0,0.0,-55.33646391347429
1,atr,2.0,2.0,5,2.0,bar,none,2,1,1,1.0,157.92226127498725,0.0,157.92226127498725,0.0,inf,0.5003492932908605,0.0,16.0,0.0,0.0,1.0,0.0,0.0,78.96113063749362
1,atr,2.0,2.0,5,2.0,bar,exchange,2,1,1,0.5,157.92226127498725,178.01484991951432,-20.09258864452707,1.1272308823487538,0.7085681786677351,-0.46322236835698605,68.94438827123668,16.0,0.0,0.0,1.0,0.0,0.0,-10.046294322263535
1,atr,2.0,2.0,5,2.0,bar,cfd_std,2,1,1,0.5,157.92226127498725,54.0,103.92226127498725,0.34194039246924635,17.040383974705087,0.20889136870533542,6.478788876804174,16.0,0.0,0.0,1.0,0.0,0.0,51.961130637493625
1,atr,2.0,2.0,5,2.0,bar,cfd_raw,2,1,1,0.5,157.92226127498725,44.0,113.92226127498725,0.27861809756753403,78.03754272292461,0.26286505844339564,1.478788876804174,16.0,0.0,0.0,1.0,0.0,0.0,56.961130637493625
1,atr,2.0,2.0,5,2.0,tick,none,2,1,1,1.0,119.39580211410066,0.0,119.39580211410066,0.0,inf,0.4563278606491321,0.0,11.5,0.0,0.0,1.0,0.0,0.0,59.69790105705033
1,atr,2.0,2.0,5,2.0,tick,exchange,2,1,1,0.5,119.39580211410066,177.98763668993388,-58.591834575833204,1.4907361359308084,0.039327142853500155,-0.5071549376120982,60.99041327123996,11.5,0.0,0.0,1.0,0.0,0.0,-29.295917287916602
1,atr,2.0,2.0,5,2.0,tick,cfd_std,2,1,1,1.0,119.39580211410066,54.0,65.39580211410066,0.45227720777314157,inf,0.164869936063607,0.0,11.5,0.0,0.0,1.0,0.0,0.0,32.69790105705033
1,atr,2.0,2.0,5,2.0,tick,cfd_raw,2,1,1,1.0,119.39580211410066,44.0,75.39580211410066,0.3685221692966339,inf,0.2188436258016672,0.0,11.5,0.0,0.0,1.0,0.0,0.0,37.69790105705033
1,atr,2.0,2.0,8,0.5,off,none,11,4,7,0.7272727272727273,989.7083091568202,0.0,989.7083091568202,0.0,3.864639818833649,1.0334342453292382,209.5911395434814,16.636363636363637,0.6363636363636364,0.2727272727272727,0.0,0.09090909090909091,0.0,89.97348265062001
1,atr,2.0,2.0,8,0.5,off,exchange,11,4,7,0.6363636363636364,1009.7083091568202,965.94149908156,43.76681007526018,0.5720060576564872,1.066474000264948,0.012151130766360783,295.96789397370594,16.636363636363637,0.6363636363636364,0.2727272727272727,0.0,0.09090909090909091,0.0,3.978800915932744
1,atr,2.0,2.0,8,0.5,off,cfd_std,12,4,8,0.5833333333333334,857.9113074371999,243.0,614.9113074371999,0.14338966411138698,2.1111802242034376,0.5181137629908118,229.29593102812942,13.666666666666666,0.5,0.4166666666666667,0.0,0.08333333333333333,0.0,51.24260895309999
1,atr,2.0,2.0,8,0.5,off,cfd_raw,11,4,7,0.7272727272727273,1069.7083091568202,186.0,883.7083091568202,0.10860102415664198,3.2805884171849566,0.9210498514765113,223.5911395434814,16.272727272727273,0.6363636363636364,0.2727272727272727,0.0,0.09090909090909091,0.0,80.33711901425637
1,atr,2.0,2.0,8,0.5,bar,none,12,4,8,0.9166666666666666,987.9995564620331,0.0,987.9995564620331,0.0,12.291593258150595,0.8503838508328868,87.49868454116222,7.583333333333333,0.3333333333333333,0.08333333333333333,0.5833333333333334,0.0,0.0,82.33329637183608
1,atr,2.0,2.0,8,0.5,bar,exchange,12,4,8,0.4166666666666667,997.9995564620331,1062.1154324245015,-64.11587596246844,0.9085699108489226,0.863563656971255,-0.20708141668493285,312.82299033211893,7.583333333333333,0.3333333333333333,0.08333333333333333,0.5833333333333334,0.0,0.0,-5.342989663539036
1,atr,2.0,2.0,8,0.5,bar,cfd_std,12,4,8,0.75,1055.499556462033,270.0,785.4995564620331,0.2243462316099191,6.975221564347703,0.6545975045572509,100.99868454116222,8.083333333333334,0.3333333333333333,0.08333333333333333,0.5833333333333334,0.0,0.0,65.45829637183608
1,atr,2.0,2.0,8,0.5,bar,cfd_raw,12,4,8,0.75,1027.999556462033,232.0,795.9995564620331,0.1954512223303398,7.526753937814534,0.6620614591895492,101.49868454116222,7.666666666666667,0.3333333333333333,0.08333333333333333,0.5833333333333334,0.0,0.0,66.33329637183608
1,atr,2.0,2.0,8,0.5,tick,none,12,4,8,0.9166666666666666,948.2289293546492,0.0,948.2289293546492,0.0,11.837064972200485,0.82324264467284,87.49868454116222,6.666666666666667,0.25,0.08333333333333333,0.6666666666666666,0.0,0.0,79.01907744622076
1,atr,2.0,2.0,8,0.5,tick,exchange,12,4,8,0.5,956.2289293546492,1064.0246005384486,-107.79567118379933,0.9439316683915543,0.7468429370790122,-0.23845179953547813,331.57773795620597,6.666666666666667,0.25,0.08333333333333333,0.6666666666666666,0.0,0.0,-8.982972598649944
1,atr,2.0,2.0,8,0.5,tick,cfd_std,12,4,8,0.8333333333333334,950.450490489733,297.0,653.450490489733,0.27038151825950824,7.011411787420755,0.5037978999978349,100.99868454116222,6.75,0.16666666666666666,0.08333333333333333,0.75,0.0,0.0,54.45420754081109
1,atr,2.0,2.0,8,0.5,tick,cfd_raw,12,4,8,0.8333333333333334,980.2289293546492,240.0,740.2289293546492,0.210669294001799,8.103810725942413,0.6177199371429596,101.49868454116222,6.666666666666667,0.25,0.08333333333333333,0.6666666666666666,0.0,0.0,61.68574411288743
1,atr,2.0,2.0,8,1.0,off,none,5,3,2,0.6,310.86320990555396,0.0,310.86320990555396,0.0,2.204930366381163,0.47355533972432473,209.5911395434814,21.6,0.4,0.4,0.0,0.2,0.0,62.17264198111079
1,atr,2.0,2.0,8,1.0,off,exchange,5,3,2,0.4,318.86320990555396,439.87349571880713,-121.01028581325328,0.5319879790921944,0.7496792089281642,-0.40456556174314073,295.9678939737205,21.6,0.4,0.4,0.0,0.2,0.0,-24.202057162650654
1,atr,2.0,2.0,8,1.0,off,cfd_std,5,3,2,0.6,364.86320990555396,108.0,256.86320990555396,0.13061642108731508,1.9012975817287918,0.3512577301678346,223.0911395434814,20.6,0.4,0.4,0.0,0.2,0.0,51.37264198111079
1,atr,2.0,2.0,8,1.0,off,cfd_raw,5,3,2,0.6,342.86320990555396,94.0,248.86320990555396,0.11368466279821868,1.8701733665958906,0.3403975728410095,223.5911395434814,20.6,0.4,0.4,0.0,0.2,0.0,49.772641981110795
1,atr,2.0,2.0,8,1.0,bar,none,5,3,2,1.0,576.9583874333039,0.0,576.9583874333039,0.0,inf,0.8325847281116934,0.0,10.8,0.2,0.0,0.8,0.0,0.0,115.39167748666077
1,atr,2.0,2.0,8,1.0,bar,exchange,5,3,2,0.4,578.9583874333039,442.1838670966375,136.77452033666637,0.7637575976003581,2.1371599620559096,-0.06290066639017818,75.78470887815638,10.8,0.2,0.0,0.8,0.0,0.0,27.354904067333273
1,atr,2.0,2.0,8,1.0,bar,cfd_std,5,3,2,0.8,590.4583874333039,121.5,468.95838743330387,0.205772333132831,37.3595140803078,0.5962865907669477,12.897817787044914,10.8,0.2,0.0,0.8,0.0,0.0,93.79167748666077
1,atr,2.0,2.0,8,1.0,bar,cfd_raw,5,3,2,0.8,584.9583874333039,102.0,482.95838743330387,0.17437137784716336,62.15086476488715,0.6318710929094119,7.897817787044914,10.8,0.2,0.0,0.8,0.0,0.0,96.59167748666077
1,atr,2.0,2.0,8,1.0,tick,none,5,3,2,1.0,620.9190824515827,0.0,620.9190824515827,0.0,inf,0.9944033004626736,0.0,8.8,0.2,0.0,0.8,0.0,0.0,124.18381649031653
1,atr,2.0,2.0,8,1.0,tick,exchange,5,3,2,0.8,622.9190824515827,442.16753028996743,180.75155216161522,0.7098314094822028,4.119437633850979,0.09890133394523001,57.94363387816702,8.8,0.2,0.0,0.8,0.0,0.0,36.150310432323046
1,atr,2.0,2.0,8,1.0,tick,cfd_std,5,3,2,1.0,634.4190824515827,121.5,512.9190824515827,0.19151378538376893,inf,0.758105163117928,0.0,8.8,0.2,0.0,0.8,0.0,0.0,102.58381649031654
1,atr,2.0,2.0,8,1.0,tick,cfd_raw,5,3,2,1.0,628.9190824515827,102.0,526.9190824515827,0.16218302615718846,inf,0.7936896652603921,0.0,8.8,0.2,0.0,0.8,0.0,0.0,105.38381649031653
1,atr,2.0,2.0,8,2.0,off,none,1,1,0,0.0,-209.5911395434814,0.0,-209.5911395434814,0.0,0.0,-0.9999999999999996,209.5911395434814,56.0,0.0,1.0,0.0,0.0,0.0,-209.5911395434814
1,atr,2.0,2.0,8,2.0,off,exchange,1,1,0,0.0,-207.5911395434814,88.37675443022826,-295.9678939737097,0.42572507971476853,0.0,-1.4121202576519634,295.96789397370594,56.0,0.0,1.0,0.0,0.0,0.0,-295.9678939737097
1,atr,2.0,2.0,8,2.0,off,cfd_std,1,1,0,0.0,-196.0911395434814,27.0,-223.0911395434814,0.13769107601117794,0.0,-1.0644111198088086,223.0911395434814,52.0,0.0,1.0,0.0,0.0,0.0,-223.0911395434814
1,atr,2.0,2.0,8,2.0,off,cfd_raw,1,1,0,0.0,-201.5911395434814,22.0,-223.5911395434814,0.10913178054264035,0.0,-1.0667967168387644,223.5911395434814,52.0,0.0,1.0,0.0,0.0,0.0,-223.5911395434814
1,atr,2.0,2.0,8,2.0,bar,none,1,1,0,1.0,137.40105015179142,0.0,137.40105015179142,0.0,inf,0.6555670743098679,0.0,27.0,0.0,0.0,1.0,0.0,0.0,137.40105015179142
1,atr,2.0,2.0,8,2.0,bar,exchange,1,1,0,1.0,137.40105015179142,88.5492505250759,48.85179962671552,0.6444583242067848,inf,0.23308141619498562,0.0,27.0,0.0,0.0,1.0,0.0,0.0,48.85179962671552
1,atr,2.0,2.0,8,2.0,bar,cfd_std,1,1,0,1.0,137.40105015179142,27.0,110.40105015179142,0.19650504832511992,inf,0.5267448346922499,0.0,27.0,0.0,0.0,1.0,0.0,0.0,110.40105015179142
1,atr,2.0,2.0,8,2.0,bar,cfd_raw,1,1,0,1.0,137.40105015179142,22.0,115.40105015179142,0.16011522456120883,inf,0.5506008049918087,0.0,27.0,0.0,0.0,1.0,0.0,0.0,115.40105015179142
1,atr,2.0,2.0,8,2.0,tick,none,1,1,0,1.0,90.92459099090775,0.0,90.92459099090775,0.0,inf,0.43381886843572726,0.0,19.0,0.0,0.0,1.0,0.0,0.0,90.92459099090775
1,atr,2.0,2.0,8,2.0,tick,exchange,1,1,0,1.0,90.92459099090775,88.52601229549546,2.398578695412283,0.9736201321416762,inf,0.011444084423782032,0.0,19.0,0.0,0.0,1.0,0.0,0.0,2.398578695412283
1,atr,2.0,2.0,8,2.0,tick,cfd_std,1,1,0,1.0,90.92459099090775,27.0,63.924590990907745,0.29694936986518794,inf,0.3049966288181092,0.0,19.0,0.0,0.0,1.0,0.0,0.0,63.924590990907745
1,atr,2.0,2.0,8,2.0,tick,cfd_raw,1,1,0,1.0,90.92459099090775,22.0,68.92459099090775,0.24195874581607907,inf,0.32885259911766807,0.0,19.0,0.0,0.0,1.0,0.0,0.0,68.92459099090775
1,atr,2.0,2.5,3,0.5,off,none,17,10,7,0.47058823529411764,635.7736123091017,0.0,635.7736123091017,0.0,1.674707159645901,0.5018060624642846,260.80202671427105,17.058823529411764,0.4117647058823529,0.5294117647058824,0.0,0.058823529411764705,0.0,37.39844778288834
1,atr,2.0,2.5,3,0.5,off,exchange,17,10,7,0.4117647058823529,667.7736123091017,1501.186290143714,-833.4126778346122,0.5965694002314138,0.5403287136019715,-0.5025745581283607,904.3044532780914,16.647058823529413,0.4117647058823529,0.5294117647058824,0.0,0.058823529411764705,0.0,-49.024275166741894
1,atr,2.0,2.5,3,0.5,off,cfd_std,18,11,7,0.2777777777777778,247.9221627900115,418.5,-170.5778372099885,0.17697400070360392,0.8789726816816147,-0.14381205976876302,531.7315437943325,14.722222222222221,0.2777777777777778,0.7222222222222222,0.0,0.0,0.0,-9.476546511666028
1,atr,2.0,2.5,3,0.5,off,cfd_raw,17,10,7,0.4117647058823529,763.7736123091017,318.0,445.77361230910174,0.12697830173163813,1.4098217394497066,0.3741662859062914,288.80202671427105,16.764705882352942,0.4117647058823529,0.5294117647058824,0.0,0.058823529411764705,0.0,26.221977194653043
1,atr,2.0,2.5,3,0.5,bar,none,23,13,10,0.6956521739130435,1435.0548816676164,0.0,1435.0548816676164,0.0,4.047095117852812,0.6652937418583981,384.8158099995635,10.043478260869565,0.2608695652173913,0.17391304347826086,0.5217391304347826,0.043478260869565216,0.0,62.39369050728767
1,atr,2.0,2.5,3,0.5,bar,exchange,23,13,10,0.391304347826087,1455.0548816676164,2038.730929160378,-583.6760474927618,0.8562600868388835,0.6293121849573384,-0.3548084833825528,658.1568989535008,10.043478260869565,0.2608695652173913,0.17391304347826086,0.5217391304347826,0.043478260869565216,0.0,-25.377219456207033
1,atr,2.0,2.5,3,0.5,bar,cfd_std,22,13,9,0.5,1071.072246937838,526.5,544.5722469378379,0.22328106986710944,1.5828354990080105,0.16324888053029027,425.3158099995635,10.227272727272727,0.22727272727272727,0.36363636363636365,0.4090909090909091,0.0,0.0,24.753283951719904
1,atr,2.0,2.5,3,0.5,bar,cfd_raw,24,13,11,0.5416666666666666,1393.577426650707,480.0,913.5774266507069,0.19089820946041838,2.1509861593718442,0.36972187775713344,426.8158099995635,9.666666666666666,0.25,0.25,0.4583333333333333,0.041666666666666664,0.0,38.06572611044612
1,atr,2.0,2.5,3,0.5,tick,none,26,15,11,0.7692307692307693,1163.6326108078501,0.0,1163.6326108078501,0.0,4.283651746390872,0.4888676411882906,260.80202671427105,7.384615384615385,0.07692307692307693,0.11538461538461539,0.8076923076923077,0.0,0.0,44.75510041568654
1,atr,2.0,2.5,3,0.5,tick,exchange,25,14,11,0.2,1201.9537633302534,2225.130968390175,-1023.1772050599212,1.1866640711032248,0.33050633915302546,-0.5142000136078174,1118.88217984137,7.72,0.08,0.12,0.8,0.0,0.0,-40.927088202396845
1,atr,2.0,2.5,3,0.5,tick,cfd_std,26,14,12,0.5384615384615384,1039.8408751973475,675.0,364.8408751973475,0.3420666256391625,1.4841791245046194,0.09162856453019987,301.7218840173882,7.1923076923076925,0.07692307692307693,0.23076923076923078,0.6923076923076923,0.0,0.0,14.032341353744133
1,atr,2.0,2.5,3,0.5,tick,cfd_raw,26,14,12,0.5769230769230769,1107.5077951897692,556.0,551.5077951897692,0.2789007887265961,1.8513399906710657,0.19360437547293458,297.7218840173882,7.461538461538462,0.07692307692307693,0.19230769230769232,0.7307692307692307,0.0,0.0,21.211838276529587
1,atr,2.0,2.5,3,1.0,off,none,13,8,5,0.38461538461538464,320.15892468899256,0.0,320.15892468899256,0.0,1.4111012232026725,0.15620792783791548,310.88947910265415,14.846153846153847,0.3076923076923077,0.6153846153846154,0.0,0.07692307692307693,0.0,24.627609591460967
1,atr,2.0,2.5,3,1.0,off,exchange,13,8,5,0.3076923076923077,344.15892468899256,1150.7123967651742,-806.5534720761816,0.6154443046040132,0.48424440475480635,-0.8700504432050923,877.4452475196595,14.23076923076923,0.3076923076923077,0.6153846153846154,0.0,0.07692307692307693,0.0,-62.04257477509089
1,atr,2.0,2.5,3,1.0,off,cfd_std,13,8,5,0.3076923076923077,409.3839180366049,297.0,112.38391803660488,0.15702975439936465,1.1142126116073823,-0.04216962166247935,378.38947910265415,13.615384615384615,0.3076923076923077,0.6923076923076923,0.0,0.0,0.0,8.64491677204653
1,atr,2.0,2.5,3,1.0,off,cfd_raw,13,8,5,0.3076923076923077,416.15892468899256,254.0,162.15892468899256,0.13761520398938348,1.1781547868580176,0.007494694657183861,380.88947910265415,14.23076923076923,0.3076923076923077,0.6153846153846154,0.0,0.07692307692307693,0.0,12.473763437614812
1,atr,2.0,2.5,3,1.0,bar,none,13,8,5,0.7692307692307693,739.1625325845816,0.0,739.1625325845816,0.0,3.8008894569801956,0.43129785440722773,144.68233615935605,8.076923076923077,0.15384615384615385,0.23076923076923078,0.5384615384615384,0.07692307692307693,0.0,56.85865635266013
1,atr,2.0,2.5,3,1.0,bar,exchange,13,8,5,0.38461538461538464,749.1625325845816,1154.9585447160036,-405.7960121314219,0.9130337274756645,0.5536513951659109,-0.6112257838505758,588.1273060760141,8.0,0.15384615384615385,0.23076923076923078,0.5384615384615384,0.07692307692307693,0.0,-31.21507785626322
1,atr,2.0,2.5,3,1.0,bar,cfd_std,13,8,5,0.46153846153846156,733.887525932194,324.0,409.88752593219397,0.24524959252785397,1.886465038331426,0.12369086345202832,158.18233615935605,7.923076923076923,0.15384615384615385,0.3076923076923077,0.5384615384615384,0.0,0.0,31.529809687091845
1,atr,2.0,2.5,3,1.0,bar,cfd_raw,13,8,5,0.46153846153846156,779.1625325845816,270.0,509.16253258458164,0.21446135034740887,2.3720015280810123,0.21785606332735258,158.68233615935605,8.153846153846153,0.15384615384615385,0.23076923076923078,0.5384615384615384,0.07692307692307693,0.0,39.16634866035243
1,atr,2.0,2.5,3,1.0,tick,none,13,8,5,0.7692307692307693,810.9888576075464,0.0,810.9888576075464,0.0,4.073059091697759,0.520058414791991,144.68233615935605,6.615384615384615,0.15384615384615385,0.23076923076923078,0.6153846153846154,0.0,0.0,62.38375827750357
1,atr,2.0,2.5,3,1.0,tick,exchange,13,8,5,0.38461538461538464,820.9888576075464,1154.9214799253973,-333.9326223178508,0.863948452621509,0.6020018314275958,-0.5224510746257122,532.9602074253926,6.538461538461538,0.15384615384615385,0.23076923076923078,0.6153846153846154,0.0,0.0,-25.68712479368083
1,atr,2.0,2.5,3,1.0,tick,cfd_std,13,8,5,0.6153846153846154,878.4888576075464,324.0,554.4888576075464,0.24447397686186573,2.578159987625935,0.27933006895830886,158.18233615935605,6.6923076923076925,0.15384615384615385,0.23076923076923078,0.6153846153846154,0.0,0.0,42.652989046734334
1,atr,2.0,2.5,3,1.0,tick,cfd_raw,13,8,5,0.6153846153846154,850.9888576075464,270.0,580.9888576075464,0.20288633147228718,2.694578791291583,0.30661662371211573,158.68233615935605,6.6923076923076925,0.15384615384615385,0.23076923076923078,0.6153846153846154,0.0,0.0,44.691450585195874
1,atr,2.0,2.5,3,2.0,off,none,1,1,0,0.0,-209.5911395434814,0.0,-209.5911395434814,0.0,0.0,-0.9999999999999996,209.5911395434814,56.0,0.0,1.0,0.0,0.0,0.0,-209.5911395434814
1,atr,2.0,2.5,3,2.0,off,exchange,1,1,0,0.0,-207.5911395434814,88.37171443022825,-295.9628539737097,0.4257008012219047,0.0,-1.4120962108339015,295.96285397371685,56.0,0.0,1.0,0.0,0.0,0.0,-295.9628539737097
1,atr,2.0,2.5,3,2.0,off,cfd_std,1,1,0,0.0,-196.0911395434814,27.0,-223.0911395434814,0.13769107601117794,0.0,-1.0644111198088086,223.0911395434814,52.0,0.0,1.0,0.0,0.0,0.0,-223.0911395434814
1,atr,2.0,2.5,3,2.0,off,cfd_raw,1,1,0,0.0,-201.5911395434814,22.0,-223.5911395434814,0.10913178054264035,0.0,-1.0667967168387644,223.5911395434814,56.0,0.0,1.0,0.0,0.0,0.0,-223.5911395434814
1,atr,2.0,2.5,3,2.0,bar,none,1,1,0,1.0,142.44105015179957,0.0,142.44105015179957,0.0,inf,0.6796138923718622,0.0,27.0,0.0,0.0,1.0,0.0,0.0,142.44105015179957
1,atr,2.0,2.5,3,2.0,bar,exchange,1,1,0,1.0,142.44105015179957,88.5467305250759,53.89431962672367,0.6216377261380168,inf,0.2571402576660109,0.0,27.0,0.0,0.0,1.0,0.0,0.0,53.89431962672367
1,atr,2.0,2.5,3,2.0,bar,cfd_std,1,1,0,1.0,142.44105015179957,27.0,115.44105015179957,0.18955209871891615,inf,0.5507916527542441,0.0,27.0,0.0,0.0,1.0,0.0,0.0,115.44105015179957
1,atr,2.0,2.5,3,2.0,bar,cfd_raw,1,1,0,1.0,142.44105015179957,22.0,120.44105015179957,0.15444985821541315,inf,0.574647623053803,0.0,27.0,0.0,0.0,1.0,0.0,0.0,120.44105015179957
1,atr,2.0,2.5,3,2.0,tick,none,1,1,0,1.0,95.9645909909159,0.0,95.9645909909159,0.0,inf,0.45786568649772147,0.0,19.0,0.0,0.0,1.0,0.0,0.0,95.9645909909159
1,atr,2.0,2.5,3,2.0,tick,exchange,1,1,0,1.0,95.9645909909159,88.52349229549546,7.441098695420436,0.9224599550877592,inf,0.03550292589480729,0.0,19.0,0.0,0.0,1.0,0.0,0.0,7.441098695420436
1,atr,2.0,2.5,3,2.0,tick,cfd_std,1,1,0,1.0,95.9645909909159,27.0,68.9645909909159,0.28135377560829544,inf,0.3290434468801034,0.0,19.0,0.0,0.0,1.0,0.0,0.0,68.9645909909159
1,atr,2.0,2.5,3,2.0,tick,cfd_raw,1,1,0,1.0,95.9645909909159,22.0,73.9645909909159,0.22925122456972222,inf,0.35289941717966233,0.0,19.0,0.0,0.0,1.0,0.0,0.0,73.9645909909159
1,atr,2.0,2.5,5,0.5,off,none,15,7,8,0.6,1129.2213745353802,0.0,1129.2213745353802,0.0,2.920310722334429,0.9353802041261976,209.5911395434814,14.4,0.5333333333333333,0.4,0.0,0.06666666666666667,0.06666666666666667,75.28142496902534
1,atr,2.0,2.5,5,0.5,off,exchange,15,7,8,0.5333333333333333,1155.2213745353802,1321.6892188168024,-166.46784428142232,0.5718372027063047,0.861161164251831,-0.17464019711820514,468.084696079939,14.4,0.5333333333333333,0.4,0.0,0.06666666666666667,0.06666666666666667,-11.097856285428154
1,atr,2.0,2.5,5,0.5,off,cfd_std,16,8,8,0.4375,927.365901482859,337.5,589.865901482859,0.1441530089352297,1.6209453454978169,0.4198295231174396,356.322495557004,12.75,0.4375,0.5625,0.0,0.0,0.0625,36.86661884267869
1,atr,2.0,2.5,5,0.5,off,cfd_raw,15,7,8,0.5333333333333333,1233.2213745353802,266.0,967.2213745353802,0.11419723613225435,2.3827898795738336,0.7965456127656033,223.5911395434814,14.2,0.5333333333333333,0.4,0.0,0.06666666666666667,0.06666666666666667,64.48142496902534
1,atr,2.0,2.5,5,0.5,bar,none,19,8,11,0.7368421052631579,1173.083994067434,0.0,1173.083994067434,0.0,3.9603576112936913,0.7270594815903568,240.13347384020744,8.736842105263158,0.2631578947368421,0.21052631578947367,0.47368421052631576,0.05263157894736842,0.05263157894736842,61.741262845654425
1,atr,2.0,2.5,5,0.5,bar,exchange,19,8,11,0.42105263157894735,1189.083994067434,1685.110391742995,-496.02639767556093,0.8555542452340048,0.5834425689539064,-0.40532232854652916,628.9707737408607,8.736842105263158,0.2631578947368421,0.21052631578947367,0.47368421052631576,0.05263157894736842,0.05263157894736842,-26.10665250924005
1,atr,2.0,2.5,5,0.5,bar,cfd_std,18,8,10,0.5,838.6672189232777,432.0,406.6672189232777,0.22856058978627866,1.5539762585191161,0.17620327790432994,267.13347384020744,8.722222222222221,0.2222222222222222,0.3888888888888889,0.3888888888888889,0.0,0.05555555555555555,22.59262327351543
1,atr,2.0,2.5,5,0.5,bar,cfd_raw,20,8,12,0.55,1177.6823986361414,400.0,777.6823986361414,0.19598100184116996,2.312605082497252,0.42543612104152667,268.13347384020744,8.25,0.25,0.25,0.45,0.05,0.05,38.88411993180707
1,atr,2.0,2.5,5,0.5,tick,none,20,9,11,0.85,1234.8481202980765,0.0,1234.8481202980765,0.0,5.7307045512007875,0.6712490974227423,116.119690554915,6.9,0.15,0.15,0.7,0.0,0.05,61.74240601490383
1,atr,2.0,2.5,5,0.5,tick,exchange,20,9,11,0.3,1244.8481202980765,1777.7117619737767,-532.8636416756999,1.0106923873779305,0.5133583799618961,-0.43823356007608594,707.2753614178218,6.9,0.15,0.15,0.7,0.0,0.05,-26.643182083784996
1,atr,2.0,2.5,5,0.5,tick,cfd_std,21,9,12,0.6666666666666666,1142.2796048743621,526.5,615.7796048743621,0.28919580657466115,2.21111680396959,0.23822188532341,206.9507047172665,6.142857142857143,0.14285714285714285,0.23809523809523808,0.6190476190476191,0.0,0.047619047619047616,29.322838327350578
1,atr,2.0,2.5,5,0.5,tick,cfd_raw,21,9,12,0.7142857142857143,1215.4465248667839,438.0,777.4465248667839,0.2400912392521432,2.8656044326579413,0.3521640223026308,173.57713426633563,6.523809523809524,0.14285714285714285,0.19047619047619047,0.6666666666666666,0.0,0.047619047619047616,37.02126308889447
1,atr,2.0,2.5,5,1.0,off,none,9,3,6,0.5555555555555556,665.8336113346595,0.0,665.8336113346595,0.0,2.703177841490478,0.6700781179880848,209.5911395434814,16.666666666666668,0.4444444444444444,0.4444444444444444,0.0,0.1111111111111111,0.1111111111111111,73.98151237051772
1,atr,2.0,2.5,5,1.0,off,exchange,9,3,6,0.4444444444444444,679.8336113346595,793.2104900533036,-113.37687871864429,0.547152769010584,0.8631691203444118,-0.39192693061188577,446.94885757721204,16.666666666666668,0.4444444444444444,0.4444444444444444,0.0,0.1111111111111111,0.1111111111111111,-12.597430968738255
1,atr,2.0,2.5,5,1.0,off,cfd_std,9,3,6,0.4444444444444444,687.5586046822718,189.0,498.55860468227183,0.12362308166895225,1.8972674033339998,0.43083341367417444,235.34490666058264,15.777777777777779,0.4444444444444444,0.5555555555555556,0.0,0.0,0.1111111111111111,55.39540052025242
1,atr,2.0,2.5,5,1.0,off,cfd_raw,9,3,6,0.4444444444444444,721.8336113346595,166.0,555.8336113346595,0.11403403831776905,2.171739874264858,0.512270105022389,231.34490666058264,16.22222222222222,0.4444444444444444,0.4444444444444444,0.0,0.1111111111111111,0.1111111111111111,61.7592901482955
1,atr,2.0,2.5,5,1.0,bar,none,9,3,6,0.8888888888888888,907.5668195354956,0.0,907.5668195354956,0.0,15.192696528048113,0.8319680893950507,63.94604561169399,8.777777777777779,0.2222222222222222,0.1111111111111111,0.5555555555555556,0.1111111111111111,0.1111111111111111,100.84075772616617
1,atr,2.0,2.5,5,1.0,bar,exchange,9,3,6,0.5555555555555556,911.5668195354956,797.5021193578082,114.06470017768751,0.7672281329288633,1.2968481571683304,-0.2503661262355583,293.7246310943301,8.777777777777779,0.2222222222222222,0.1111111111111111,0.5555555555555556,0.1111111111111111,0.1111111111111111,12.673855575298612
1,atr,2.0,2.5,5,1.0,bar,cfd_std,9,3,6,0.5555555555555556,861.7918128831079,216.0,645.7918128831079,0.19113455675860833,4.111834905377106,0.4571949395695174,97.20500665238069,8.666666666666666,0.2222222222222222,0.2222222222222222,0.5555555555555556,0.0,0.1111111111111111,71.75464587590088
1,atr,2.0,2.5,5,1.0,bar,cfd_raw,9,3,6,0.5555555555555556,923.5668195354956,182.0,741.5668195354956,0.1730928314342238,7.462306577061913,0.5938469235335784,85.94604561169399,9.0,0.2222222222222222,0.1111111111111111,0.5555555555555556,0.1111111111111111,0.1111111111111111,82.39631328172173
1,atr,2.0,2.5,5,1.0,tick,none,9,3,6,0.8888888888888888,959.8683134922903,0.0,959.8683134922903,0.0,16.010596891651367,0.947704271879595,63.94604561169399,6.888888888888889,0.2222222222222222,0.1111111111111111,0.6666666666666666,0.0,0.1111111111111111,106.6520348324767
1,atr,2.0,2.5,5,1.0,tick,exchange,9,3,6,0.5555555555555556,963.8683134922903,797.4473421516687,166.42097134062155,0.7304233957443657,1.4987973892427924,-0.13458841363065677,258.06465109434794,6.888888888888889,0.2222222222222222,0.1111111111111111,0.6666666666666666,0.0,0.1111111111111111,18.49121903784684
1,atr,2.0,2.5,5,1.0,tick,cfd_std,9,3,6,0.8888888888888888,986.8683134922903,216.0,770.8683134922903,0.19376360972839826,9.476105896716094,0.669533609451809,90.94604561169399,7.111111111111111,0.2222222222222222,0.1111111111111111,0.6666666666666666,0.0,0.1111111111111111,85.6520348324767
1,atr,2.0,2.5,5,1.0,tick,cfd_raw,9,3,6,0.8888888888888888,975.8683134922903,182.0,793.8683134922903,0.16489085785504515,10.236821867046725,0.7095831060181226,85.94604561169399,7.111111111111111,0.2222222222222222,0.1111111111111111,0.6666666666666666,0.0,0.1111111111111111,88.20759038803226
1,atr,2.0,2.5,5,2.0,off,none,2,1,1,0.5,-60.94337489781901,0.0,-60.94337489781901,0.0,0.7092273316965491,0.7499999999999614,209.5911395434814,37.5,0.5,0.5,0.0,0.0,0.0,-30.471687448909506
1,atr,2.0,2.5,5,2.0,off,exchange,2,1,1,0.5,-56.94337489781901,175.77629054790543,-232.71966544572447,0.4906677875920999,0.21369962693860114,-0.17419686234203413,295.96789397370594,37.5,0.5,0.5,0.0,0.0,0.0,-116.35983272286224
1,atr,2.0,2.5,5,2.0,off,cfd_std,2,1,1,0.5,-33.94337489781901,40.5,-74.44337489781901,0.11305304791412804,0.6663095851760187,0.7177944400955568,223.0911395434814,35.5,0.5,0.5,0.0,0.0,0.0,-37.221687448909506
1,atr,2.0,2.5,5,2.0,off,cfd_raw,2,1,1,0.5,-44.94337489781901,36.0,-80.94337489781901,0.10049159814589159,0.6379848724637047,0.6661467960746419,223.5911395434814,35.5,0.5,0.5,0.0,0.0,0.0,-40.471687448909506
1,atr,2.0,2.5,5,2.0,bar,none,2,1,1,1.0,157.92226127498725,0.0,157.92226127498725,0.0,inf,0.5003492932908605,0.0,16.0,0.0,0.0,1.0,0.0,0.0,78.96113063749362
1,atr,2.0,2.5,5,2.0,bar,exchange,2,1,1,0.5,157.92226127498725,178.01484991951432,-20.09258864452707,1.1272308823487538,0.7085681786677351,-0.46322236835698605,68.94438827123668,16.0,0.0,0.0,1.0,0.0,0.0,-10.046294322263535
1,atr,2.0,2.5,5,2.0,bar,cfd_std,2,1,1,0.5,157.92226127498725,54.0,103.92226127498725,0.34194039246924635,17.040383974705087,0.20889136870533542,6.478788876804174,16.0,0.0,0.0,1.0,0.0,0.0,51.961130637493625
1,atr,2.0,2.5,5,2.0,bar,cfd_raw,2,1,1,0.5,157.92226127498725,44.0,113.92226127498725,0.27861809756753403,78.03754272292461,0.26286505844339564,1.478788876804174,16.0,0.0,0.0,1.0,0.0,0.0,56.961130637493625
1,atr,2.0,2.5,5,2.0,tick,none,2,1,1,1.0,119.39580211410066,0.0,119.39580211410066,0.0,inf,0.4563278606491321,0.0,11.5,0.0,0.0,1.0,0.0,0.0,59.69790105705033
1,atr,2.0,2.5,5,2.0,tick,exchange,2,1,1,0.5,119.39580211410066,177.98763668993388,-58.591834575833204,1.4907361359308084,0.039327142853500155,-0.5071549376120982,60.99041327123996,11.5,0.0,0.0,1.0,0.0,0.0,-29.295917287916602
1,atr,2.0,2.5,5,2.0,tick,cfd_std,2,1,1,1.0,119.39580211410066,54.0,65.39580211410066,0.45227720777314157,inf,0.164869936063607,0.0,11.5,0.0,0.0,1.0,0.0,0.0,32.69790105705033
1,atr,2.0,2.5,5,2.0,tick,cfd_raw,2,1,1,1.0,119.39580211410066,44.0,75.39580211410066,0.3685221692966339,inf,0.2188436258016672,0.0,11.5,0.0,0.0,1.0,0.0,0.0,37.69790105705033
1,atr,2.0,2.5,8,0.5,off,none,11,4,7,0.7272727272727273,1314.2507266413304,0.0,1314.2507266413304,0.0,4.804004602805923,1.3516160635110646,209.5911395434814,19.636363636363637,0.6363636363636364,0.2727272727272727,0.0,0.09090909090909091,0.0,119.4773387855755
1,atr,2.0,2.5,8,0.5,off,exchange,11,4,7,0.6363636363636364,1334.2507266413304,965.8179868509123,368.43273979041805,0.47973472113363425,1.5595838033507474,0.33044658531182347,295.9678939737205,19.636363636363637,0.6363636363636364,0.2727272727272727,0.0,0.09090909090909091,0.0,33.49388543549255
1,atr,2.0,2.5,8,0.5,off,cfd_std,12,4,8,0.5,910.3951999034616,256.5,653.8951999034616,0.1382270458734894,2.030366783425004,0.4598389797304452,267.8227305971377,16.416666666666668,0.4166666666666667,0.5,0.0,0.08333333333333333,0.0,54.491266658621804
1,atr,2.0,2.5,8,0.5,off,cfd_raw,11,4,7,0.7272727272727273,1394.2507266413304,186.0,1208.2507266413304,0.09130028773285735,4.118135909418657,1.2392316696583376,223.5911395434814,19.181818181818183,0.6363636363636364,0.2727272727272727,0.0,0.09090909090909091,0.0,109.84097514921186
1,atr,2.0,2.5,8,0.5,bar,none,12,4,8,0.9166666666666666,1055.2472744158003,0.0,1055.2472744158003,0.0,13.06015016053616,0.9014622608740003,87.49868454116222,8.333333333333334,0.25,0.08333333333333333,0.6666666666666666,0.0,0.0,87.93727286798337
1,atr,2.0,2.5,8,0.5,bar,exchange,12,4,8,0.3333333333333333,1063.2472744158003,1064.011045558662,-0.7637711428618559,0.8620746714711415,0.9983859748974778,-0.1602014747809899,253.45716416441428,8.333333333333334,0.25,0.08333333333333333,0.6666666666666666,0.0,0.0,-0.063647595238488
1,atr,2.0,2.5,8,0.5,bar,cfd_std,12,4,8,0.75,1032.2100223926245,297.0,735.2100223926245,0.2516506862652572,6.592673788272603,0.5652686602305563,100.99868454116222,8.5,0.16666666666666666,0.08333333333333333,0.75,0.0,0.0,61.267501866052044
1,atr,2.0,2.5,8,0.5,bar,cfd_raw,12,4,8,0.75,1087.2472744158003,240.0,847.2472744158003,0.19257856092070025,7.946956740998775,0.6959395533441198,101.49868454116222,8.333333333333334,0.25,0.08333333333333333,0.6666666666666666,0.0,0.0,70.60393953465002
1,atr,2.0,2.5,8,0.5,tick,none,12,4,8,0.9166666666666666,1017.219245558852,0.0,1017.219245558852,0.0,12.62553758257153,0.8510844801464158,87.49868454116222,6.75,0.16666666666666666,0.08333333333333333,0.75,0.0,0.0,84.76827046323767
1,atr,2.0,2.5,8,0.5,tick,exchange,12,4,8,0.4166666666666667,1023.219245558852,1065.9921053803464,-42.77285982149438,0.8926287679397616,0.9025438595795028,-0.2163976636130265,339.9913996680116,6.75,0.16666666666666666,0.08333333333333333,0.75,0.0,0.0,-3.5644049851245314
1,atr,2.0,2.5,8,0.5,tick,cfd_std,12,4,8,0.8333333333333334,990.3860441037396,310.5,679.8860441037396,0.272755203917619,7.254605420167334,0.4876877344860235,100.99868454116222,6.833333333333333,0.08333333333333333,0.08333333333333333,0.8333333333333334,0.0,0.0,56.65717034197829
1,atr,2.0,2.5,8,0.5,tick,cfd_raw,12,4,8,0.8333333333333334,1041.219245558852,248.0,793.219245558852,0.20662936754474398,8.612346885088044,0.6223668881833077,101.49868454116222,6.75,0.16666666666666666,0.08333333333333333,0.75,0.0,0.0,66.101603796571
1,atr,2.0,2.5,8,1.0,off,none,5,3,2,0.6,443.8196814419498,0.0,443.8196814419498,0.0,2.720280156437596,0.6735553397243239,209.5911395434814,25.4,0.4,0.4,0.0,0.2,0.0,88.76393628838996
1,atr,2.0,2.5,8,1.0,off,exchange,5,3,2,0.4,451.8196814419498,439.807017483039,12.01266395891075,0.4582253707150047,1.0248492888423981,-0.2044655617431414,295.9678939737205,25.4,0.4,0.4,0.0,0.2,0.0,2.40253279178215
1,atr,2.0,2.5,8,1.0,off,cfd_std,5,3,2,0.6,497.8196814419498,108.0,389.8196814419498,0.11252285222831628,2.3678235054490786,0.551257730167834,223.0911395434814,24.4,0.4,0.4,0.0,0.2,0.0,77.96393628838996
1,atr,2.0,2.5,8,1.0,off,cfd_raw,5,3,2,0.6,475.8196814419498,94.0,381.8196814419498,0.09793655656909009,2.335068039020327,0.5403975728410088,223.5911395434814,24.4,0.4,0.4,0.0,0.2,0.0,76.36393628838997
1,atr,2.0,2.5,8,1.0,bar,none,5,3,2,1.0,650.3581606208172,0.0,650.3581606208172,0.0,inf,0.9325847281116924,0.0,10.8,0.2,0.0,0.8,0.0,0.0,130.07163212416344
1,atr,2.0,2.5,8,1.0,bar,exchange,5,3,2,0.4,652.3581606208172,442.1471672100438,210.2109934107735,0.6777675116216436,2.7477197119926418,0.0371493336098208,75.78470887815638,10.8,0.2,0.0,0.8,0.0,0.0,42.042198682154705
1,atr,2.0,2.5,8,1.0,bar,cfd_std,5,3,2,0.8,663.8581606208172,121.5,542.3581606208172,0.18302102347642665,43.05038166732232,0.6962865907669467,12.897817787044914,10.8,0.2,0.0,0.8,0.0,0.0,108.47163212416345
1,atr,2.0,2.5,8,1.0,bar,cfd_raw,5,3,2,0.8,658.3581606208172,102.0,556.3581606208172,0.15493086605597212,71.44454248278964,0.7318710929094108,7.897817787044914,10.8,0.2,0.0,0.8,0.0,0.0,111.27163212416345
1,atr,2.0,2.5,8,1.0,tick,none,5,3,2,1.0,694.318855639096,0.0,694.318855639096,0.0,inf,1.0944033004626728,0.0,8.8,0.2,0.0,0.8,0.0,0.0,138.8637711278192
1,atr,2.0,2.5,8,1.0,tick,exchange,5,3,2,0.8,696.318855639096,442.1308304033737,254.18802523572234,0.6349545568424637,5.386815396670003,0.198951333945229,57.94363387816702,8.8,0.2,0.0,0.8,0.0,0.0,50.837605047144464
1,atr,2.0,2.5,8,1.0,tick,cfd_std,5,3,2,1.0,707.818855639096,121.5,586.318855639096,0.17165408781078115,inf,0.858105163117927,0.0,8.8,0.2,0.0,0.8,0.0,0.0,117.2637711278192
1,atr,2.0,2.5,8,1.0,tick,cfd_raw,5,3,2,1.0,702.318855639096,102.0,600.318855639096,0.14523317889163329,inf,0.893689665260391,0.0,8.8,0.2,0.0,0.8,0.0,0.0,120.0637711278192
1,atr,2.0,2.5,8,2.0,off,none,1,1,0,0.0,-209.5911395434814,0.0,-209.5911395434814,0.0,0.0,-0.9999999999999996,209.5911395434814,56.0,0.0,1.0,0.0,0.0,0.0,-209.5911395434814
1,atr,2.0,2.5,8,2.0,off,exchange,1,1,0,0.0,-207.5911395434814,88.37675443022826,-295.9678939737097,0.42572507971476853,0.0,-1.4121202576519634,295.96789397370594,56.0,0.0,1.0,0.0,0.0,0.0,-295.9678939737097
1,atr,2.0,2.5,8,2.0,off,cfd_std,1,1,0,0.0,-196.0911395434814,27.0,-223.0911395434814,0.13769107601117794,0.0,-1.0644111198088086,223.0911395434814,52.0,0.0,1.0,0.0,0.0,0.0,-223.0911395434814
1,atr,2.0,2.5,8,2.0,off,cfd_raw,1,1,0,0.0,-201.5911395434814,22.0,-223.5911395434814,0.10913178054264035,0.0,-1.0667967168387644,223.5911395434814,52.0,0.0,1.0,0.0,0.0,0.0,-223.5911395434814
1,atr,2.0,2.5,8,2.0,bar,none,1,1,0,1.0,137.40105015179142,0.0,137.40105015179142,0.0,inf,0.6555670743098679,0.0,27.0,0.0,0.0,1.0,0.0,0.0,137.40105015179142
1,atr,2.0,2.5,8,2.0,bar,exchange,1,1,0,1.0,137.40105015179142,88.5492505250759,48.85179962671552,0.6444583242067848,inf,0.23308141619498562,0.0,27.0,0.0,0.0,1.0,0.0,0.0,48.85179962671552
1,atr,2.0,2.5,8,2.0,bar,cfd_std,1,1,0,1.0,137.40105015179142,27.0,110.40105015179142,0.19650504832511992,inf,0.5267448346922499,0.0,27.0,0.0,0.0,1.0,0.0,0.0,110.40105015179142
1,atr,2.0,2.5,8,2.0,bar,cfd_raw,1,1,0,1.0,137.40105015179142,22.0,115.40105015179142,0.16011522456120883,inf,0.5506008049918087,0.0,27.0,0.0,0.0,1.0,0.0,0.0,115.40105015179142
1,atr,2.0,2.5,8,2.0,tick,none,1,1,0,1.0,90.92459099090775,0.0,90.92459099090775,0.0,inf,0.43381886843572726,0.0,19.0,0.0,0.0,1.0,0.0,0.0,90.92459099090775
1,atr,2.0,2.5,8,2.0,tick,exchange,1,1,0,1.0,90.92459099090775,88.52601229549546,2.398578695412283,0.9736201321416762,inf,0.011444084423782032,0.0,19.0,0.0,0.0,1.0,0.0,0.0,2.398578695412283
1,atr,2.0,2.5,8,2.0,tick,cfd_std,1,1,0,1.0,90.92459099090775,27.0,63.924590990907745,0.29694936986518794,inf,0.3049966288181092,0.0,19.0,0.0,0.0,1.0,0.0,0.0,63.924590990907745
1,atr,2.0,2.5,8,2.0,tick,cfd_raw,1,1,0,1.0,90.92459099090775,22.0,68.92459099090775,0.24195874581607907,inf,0.32885259911766807,0.0,19.0,0.0,0.0,1.0,0.0,0.0,68.92459099090775
1,atr,2.0,3.0,3,0.5,off,none,14,7,7,0.35714285714285715,372.62094806802634,0.0,372.62094806802634,0.0,1.4191164052505232,0.2164787901352036,362.3378477008082,23.142857142857142,0.2857142857142857,0.6428571428571429,0.0,0.07142857142857142,0.0,26.615782004859025
1,atr,2.0,3.0,3,0.5,off,exchange,14,7,7,0.2857142857142857,398.62094806802634,1240.07796660232,-841.4570185342938,0.5792734182523539,0.5222516092822632,-0.7864499758204176,1062.4380313982983,22.642857142857142,0.2857142857142857,0.6428571428571429,0.0,0.07142857142857142,0.0,-60.104072752449554
1,atr,2.0,3.0,3,0.5,off,cfd_std,16,10,6,0.3125,528.5610475505237,378.0,150.56104755052365,0.1643661475082681,1.1273145244231926,0.037222409576648297,503.2384355243703,18.5625,0.25,0.6875,0.0,0.0625,0.0,9.410065471907728
1,atr,2.0,3.0,3,0.5,off,cfd_raw,13,7,6,0.3076923076923077,339.59750581473054,262.0,77.59750581473054,0.13274400469927958,1.0764459890352711,-0.017619300178785862,466.3378477008082,25.076923076923077,0.23076923076923078,0.6923076923076923,0.0,0.07692307692307693,0.0,5.969038908825426
1,atr,2.0,3.0,3,0.5,bar,none,23,13,10,0.6956521739130435,1340.5660930841404,0.0,1340.5660930841404,0.0,3.8464642360220336,0.6073740367582855,384.8158099995635,10.26086956521739,0.13043478260869565,0.17391304347826086,0.6521739130434783,0.043478260869565216,0.0,58.28548230800611
1,atr,2.0,3.0,3,0.5,bar,exchange,23,13,10,0.391304347826087,1354.5660930841404,2044.7420304942536,-690.1759374101131,0.8966268199912062,0.561674988493085,-0.41899033412039777,809.1975429422891,10.26086956521739,0.13043478260869565,0.17391304347826086,0.6521739130434783,0.043478260869565216,0.0,-30.007649452613613
1,atr,2.0,3.0,3,0.5,bar,cfd_std,22,13,9,0.5,908.6708393039735,567.0,341.6708393039735,0.2582422205187181,1.3656776400963901,0.06681494656221185,425.3158099995635,10.363636363636363,0.09090909090909091,0.36363636363636365,0.5454545454545454,0.0,0.0,15.530492695635159
1,atr,2.0,3.0,3,0.5,bar,cfd_raw,24,13,11,0.5416666666666666,1174.5582538033195,512.0,662.5582538033195,0.22305384721888594,1.834735357572233,0.243267185114443,426.8158099995635,9.833333333333334,0.08333333333333333,0.25,0.625,0.041666666666666664,0.0,27.60659390847165
1,atr,2.0,3.0,3,0.5,tick,none,26,15,11,0.7692307692307693,1285.1862910375785,0.0,1285.1862910375785,0.0,4.626663750918214,0.5273291796498287,260.80202671427105,7.5,0.07692307692307693,0.11538461538461539,0.8076923076923077,0.0,0.0,49.430241962983786
1,atr,2.0,3.0,3,0.5,tick,exchange,25,14,11,0.2,1323.5074435599818,2225.1183454571024,-901.6109018971202,1.114415706697037,0.41005059496483315,-0.4742000136078178,1045.445706767263,7.84,0.08,0.12,0.8,0.0,0.0,-36.06443607588481
1,atr,2.0,3.0,3,0.5,tick,cfd_std,26,14,12,0.5384615384615384,1089.634171163154,688.5,401.13417116315395,0.3403204752728068,1.5323438381119039,0.09604047181915686,301.7218840173882,7.230769230769231,0.038461538461538464,0.23076923076923078,0.7307692307692307,0.0,0.0,15.428237352428997
1,atr,2.0,3.0,3,0.5,tick,cfd_raw,26,14,12,0.5769230769230769,1162.8010911555757,564.0,598.8010911555757,0.27527856026567543,1.9243447142624694,0.20240924845319075,297.7218840173882,7.5,0.038461538461538464,0.19230769230769232,0.7692307692307693,0.0,0.0,23.030811198291374
1,atr,2.0,3.0,3,1.0,off,none,13,8,5,0.38461538461538464,539.4334462255356,0.0,539.4334462255356,0.0,1.6926614642873803,0.31005408168407467,310.88947910265415,16.46153846153846,0.3076923076923077,0.6153846153846154,0.0,0.07692307692307693,0.0,41.49488047888735
1,atr,2.0,3.0,3,1.0,off,exchange,13,8,5,0.3076923076923077,563.4334462255356,1150.6890775544061,-587.2556313288704,0.5508322786794176,0.6244757623850319,-0.7162042893589332,808.2366441928752,15.846153846153847,0.3076923076923077,0.6153846153846154,0.0,0.07692307692307693,0.0,-45.1735101022208
1,atr,2.0,3.0,3,1.0,off,cfd_std,12,8,4,0.3333333333333333,558.9100039722398,283.5,275.4100039722398,0.1491730469834642,1.310571799249261,0.08497593293878891,378.38947910265415,17.333333333333332,0.25,0.6666666666666666,0.0,0.08333333333333333,0.0,22.950833664353315
1,atr,2.0,3.0,3,1.0,off,cfd_raw,12,8,4,0.3333333333333333,498.4100039722398,240.0,258.4100039722398,0.1244827889266273,1.290092879905241,0.07086737044714775,380.88947910265415,17.75,0.25,0.6666666666666666,0.0,0.08333333333333333,0.0,21.53416699768665
1,atr,2.0,3.0,3,1.0,bar,none,13,8,5,0.7692307692307693,860.71621281431,0.0,860.71621281431,0.0,4.261489671958801,0.5082209313303039,144.68233615935605,8.307692307692308,0.15384615384615385,0.23076923076923078,0.5384615384615384,0.07692307692307693,0.0,66.20893944725461
1,atr,2.0,3.0,3,1.0,bar,exchange,13,8,5,0.38461538461538464,870.71621281431,1154.9459217829308,-284.22970896862086,0.8329807244826609,0.6873662375729405,-0.5343027069274997,588.1273060760141,8.23076923076923,0.15384615384615385,0.23076923076923078,0.5384615384615384,0.07692307692307693,0.0,-21.86382376681699
1,atr,2.0,3.0,3,1.0,bar,cfd_std,13,8,5,0.46153846153846156,749.4108218980109,337.5,411.9108218980109,0.2525013705333812,1.89084082686467,0.10514250816798304,158.18233615935605,8.076923076923077,0.07692307692307693,0.3076923076923077,0.6153846153846154,0.0,0.0,31.68544783830853
1,atr,2.0,3.0,3,1.0,bar,cfd_raw,13,8,5,0.46153846153846156,800.1858285503986,278.0,522.1858285503986,0.2171889589499211,2.407094412616431,0.20809363942590559,158.68233615935605,8.307692307692308,0.07692307692307693,0.23076923076923078,0.6153846153846154,0.07692307692307693,0.0,40.168140657722965
1,atr,2.0,3.0,3,1.0,tick,none,13,8,5,0.7692307692307693,932.5425378372747,0.0,932.5425378372747,0.0,4.5336593066763635,0.5969814917150671,144.68233615935605,6.846153846153846,0.15384615384615385,0.23076923076923078,0.6153846153846154,0.0,0.0,71.73404137209806
1,atr,2.0,3.0,3,1.0,tick,exchange,13,8,5,0.38461538461538464,942.5425378372747,1154.9088569923247,-212.3663191550499,0.7919294771198733,0.7468908383268958,-0.44552799770263596,532.9602074253926,6.769230769230769,0.15384615384615385,0.23076923076923078,0.6153846153846154,0.0,0.0,-16.33587070423461
1,atr,2.0,3.0,3,1.0,tick,cfd_std,13,8,5,0.6153846153846154,928.2821535733528,337.5,590.7821535733528,0.24543888614612047,2.681456251791518,0.2881538835362229,158.18233615935605,6.769230769230769,0.07692307692307693,0.23076923076923078,0.6923076923076923,0.0,0.0,45.44478104410406
1,atr,2.0,3.0,3,1.0,tick,cfd_raw,13,8,5,0.6153846153846154,906.2821535733528,278.0,628.2821535733528,0.20056450586812907,2.832519846897966,0.324226369672628,158.68233615935605,6.769230769230769,0.07692307692307693,0.23076923076923078,0.6923076923076923,0.0,0.0,48.32939642871945
1,atr,2.0,3.0,3,2.0,off,none,1,1,0,0.0,-209.5911395434814,0.0,-209.5911395434814,0.0,0.0,-0.9999999999999996,209.5911395434814,56.0,0.0,1.0,0.0,0.0,0.0,-209.5911395434814
1,atr,2.0,3.0,3,2.0,off,exchange,1,1,0,0.0,-207.5911395434814,88.37171443022825,-295.9628539737097,0.4257008012219047,0.0,-1.4120962108339015,295.96285397371685,56.0,0.0,1.0,0.0,0.0,0.0,-295.9628539737097
1,atr,2.0,3.0,3,2.0,off,cfd_std,1,1,0,0.0,-196.0911395434814,27.0,-223.0911395434814,0.13769107601117794,0.0,-1.0644111198088086,223.0911395434814,52.0,0.0,1.0,0.0,0.0,0.0,-223.0911395434814
1,atr,2.0,3.0,3,2.0,off,cfd_raw,1,1,0,0.0,-201.5911395434814,22.0,-223.5911395434814,0.10913178054264035,0.0,-1.0667967168387644,223.5911395434814,56.0,0.0,1.0,0.0,0.0,0.0,-223.5911395434814
1,atr,2.0,3.0,3,2.0,bar,none,1,1,0,1.0,142.44105015179957,0.0,142.44105015179957,0.0,inf,0.6796138923718622,0.0,27.0,0.0,0.0,1.0,0.0,0.0,142.44105015179957
1,atr,2.0,3.0,3,2.0,bar,exchange,1,1,0,1.0,142.44105015179957,88.5467305250759,53.89431962672367,0.6216377261380168,inf,0.2571402576660109,0.0,27.0,0.0,0.0,1.0,0.0,0.0,53.89431962672367
1,atr,2.0,3.0,3,2.0,bar,cfd_std,1,1,0,1.0,142.44105015179957,27.0,115.44105015179957,0.18955209871891615,inf,0.5507916527542441,0.0,27.0,0.0,0.0,1.0,0.0,0.0,115.44105015179957
1,atr,2.0,3.0,3,2.0,bar,cfd_raw,1,1,0,1.0,142.44105015179957,22.0,120.44105015179957,0.15444985821541315,inf,0.574647623053803,0.0,27.0,0.0,0.0,1.0,0.0,0.0,120.44105015179957
1,atr,2.0,3.0,3,2.0,tick,none,1,1,0,1.0,95.9645909909159,0.0,95.9645909909159,0.0,inf,0.45786568649772147,0.0,19.0,0.0,0.0,1.0,0.0,0.0,95.9645909909159
1,atr,2.0,3.0,3,2.0,tick,exchange,1,1,0,1.0,95.9645909909159,88.52349229549546,7.441098695420436,0.9224599550877592,inf,0.03550292589480729,0.0,19.0,0.0,0.0,1.0,0.0,0.0,7.441098695420436
1,atr,2.0,3.0,3,2.0,tick,cfd_std,1,1,0,1.0,95.9645909909159,27.0,68.9645909909159,0.28135377560829544,inf,0.3290434468801034,0.0,19.0,0.0,0.0,1.0,0.0,0.0,68.9645909909159
1,atr,2.0,3.0,3,2.0,tick,cfd_raw,1,1,0,1.0,95.9645909909159,22.0,73.9645909909159,0.22925122456972222,inf,0.35289941717966233,0.0,19.0,0.0,0.0,1.0,0.0,0.0,73.9645909909159
1,atr,2.0,3.0,5,0.5,off,none,13,5,8,0.6153846153846154,1356.875855362974,0.0,1356.875855362974,0.0,3.7496564849612746,1.233131004760987,209.5911395434814,20.46153846153846,0.5384615384615384,0.38461538461538464,0.0,0.07692307692307693,0.07692307692307693,104.37506579715185
1,atr,2.0,3.0,5,0.5,off,exchange,13,5,8,0.5384615384615384,1378.875855362974,1145.811095688777,233.06475967419723,0.48761696592225395,1.2288567588921644,0.14671069285816116,550.0231571303302,20.46153846153846,0.5384615384615384,0.38461538461538464,0.0,0.07692307692307693,0.07692307692307693,17.92805843647671
1,atr,2.0,3.0,5,0.5,off,cfd_std,14,7,7,0.5,1268.199972942064,297.0,971.199972942064,0.12711609017835457,2.3430624155507678,0.7786748570673545,327.5805258099426,16.785714285714285,0.42857142857142855,0.5,0.0,0.07142857142857142,0.07142857142857142,69.37142663871886
1,atr,2.0,3.0,5,0.5,off,cfd_raw,12,5,7,0.5833333333333334,1307.8524131096783,216.0,1091.8524131096783,0.09682648937712586,2.910599714906196,1.0830507167829373,223.5911395434814,22.666666666666668,0.5,0.4166666666666667,0.0,0.08333333333333333,0.08333333333333333,90.98770109247319
1,atr,2.0,3.0,5,0.5,bar,none,19,8,11,0.7368421052631579,1287.8838159864827,0.0,1287.8838159864827,0.0,4.250062805731524,0.7793619732974333,240.13347384020744,8.947368421052632,0.21052631578947367,0.21052631578947367,0.5263157894736842,0.05263157894736842,0.05263157894736842,67.78335873613067
1,atr,2.0,3.0,5,0.5,bar,exchange,19,8,11,0.42105263157894735,1301.8838159864827,1687.1031457390777,-385.2193297525952,0.8101676478978281,0.6764971075269346,-0.3562748518127209,598.0323287675419,8.947368421052632,0.21052631578947367,0.21052631578947367,0.5263157894736842,0.05263157894736842,0.05263157894736842,-20.274701565926062
1,atr,2.0,3.0,5,0.5,bar,cfd_std,18,8,10,0.5,912.5544217919378,445.5,467.0544217919378,0.22683566991298187,1.6362378108423843,0.21836279908805992,267.13347384020744,8.833333333333334,0.16666666666666666,0.3888888888888889,0.4444444444444444,0.0,0.05555555555555555,25.947467877329878
1,atr,2.0,3.0,5,0.5,bar,cfd_raw,20,8,12,0.55,1183.9518362912786,416.0,767.9518362912786,0.20319607909706058,2.2961814298444176,0.4064156621199003,268.13347384020744,8.4,0.15,0.25,0.55,0.05,0.05,38.39759181456393
1,atr,2.0,3.0,5,0.5,tick,none,20,9,11,0.85,1386.0237376835867,0.0,1386.0237376835867,0.0,6.309858513085257,0.7462490974227377,116.119690554915,7.05,0.15,0.15,0.7,0.0,0.05,69.30118688417933
1,atr,2.0,3.0,5,0.5,tick,exchange,20,9,11,0.3,1396.0237376835867,1777.6843280721262,-381.6605903885394,0.9306855601369063,0.6514456729918644,-0.36322106007609056,707.2753614178218,7.05,0.15,0.15,0.7,0.0,0.05,-19.08302951942697
1,atr,2.0,3.0,5,0.5,tick,cfd_std,21,9,12,0.6666666666666666,1221.6948379959504,540.0,681.6948379959504,0.28421336088444776,2.340759042587442,0.2674937705383052,206.9507047172665,6.190476190476191,0.09523809523809523,0.23809523809523808,0.6666666666666666,0.0,0.047619047619047616,32.46165895218811
1,atr,2.0,3.0,5,0.5,tick,cfd_raw,21,9,12,0.7142857142857143,1300.3617579883721,446.0,854.3617579883721,0.23360304379396934,3.0501745545388537,0.38687481742103924,173.57713426633563,6.571428571428571,0.09523809523809523,0.19047619047619047,0.7142857142857143,0.0,0.047619047619047616,40.68389323754153
1,atr,2.0,3.0,5,1.0,off,none,9,3,6,0.5555555555555556,876.6735428424145,0.0,876.6735428424145,0.0,3.2424986167297583,0.8923003402103262,209.5911395434814,19.0,0.4444444444444444,0.4444444444444444,0.0,0.1111111111111111,0.1111111111111111,97.40817142693494
1,atr,2.0,3.0,5,1.0,off,exchange,9,3,6,0.4444444444444444,890.6735428424145,793.153223994592,97.52031884782238,0.4776461466383737,1.1176941115600376,-0.16964915283408888,446.94885757721204,19.0,0.4444444444444444,0.4444444444444444,0.0,0.1111111111111111,0.1111111111111111,10.835590983091375
1,atr,2.0,3.0,5,1.0,off,cfd_std,8,3,5,0.5,828.6501005891187,175.5,653.1501005891187,0.11474171529089798,2.424735480548101,0.6806771249931712,235.34490666058264,21.75,0.375,0.5,0.0,0.125,0.125,81.64376257363983
1,atr,2.0,3.0,5,1.0,off,cfd_raw,8,3,5,0.5,795.6501005891187,152.0,643.6501005891187,0.0993774400240256,2.4148144688899986,0.6704260450029983,231.34490666058264,21.875,0.375,0.5,0.0,0.125,0.125,80.45626257363983
1,atr,2.0,3.0,5,1.0,bar,none,9,3,6,0.8888888888888888,1029.120499765224,0.0,1029.120499765224,0.0,17.093575293372414,0.9430792005061609,63.94604561169399,9.11111111111111,0.2222222222222222,0.1111111111111111,0.5555555555555556,0.1111111111111111,0.1111111111111111,114.346722196136
1,atr,2.0,3.0,5,1.0,bar,exchange,9,3,6,0.5555555555555556,1033.120499765224,797.4894964247354,235.6310033404885,0.6868913417602702,1.613218892474073,-0.1392550151244485,293.7246310943301,9.11111111111111,0.2222222222222222,0.1111111111111111,0.5555555555555556,0.1111111111111111,0.1111111111111111,26.18122259338761
1,atr,2.0,3.0,5,1.0,bar,cfd_std,9,3,6,0.5555555555555556,877.3151088489249,229.5,647.8151088489249,0.2003286938430989,4.121584429735782,0.43040287082589646,97.20500665238069,8.88888888888889,0.1111111111111111,0.2222222222222222,0.6666666666666666,0.0,0.1111111111111111,71.97945653876943
1,atr,2.0,3.0,5,1.0,bar,cfd_raw,9,3,6,0.5555555555555556,944.5901155013125,190.0,754.5901155013125,0.17715911630855785,7.575796729207123,0.5797456445648216,85.94604561169399,9.222222222222221,0.1111111111111111,0.1111111111111111,0.6666666666666666,0.1111111111111111,0.1111111111111111,83.84334616681251
1,atr,2.0,3.0,5,1.0,tick,none,9,3,6,0.8888888888888888,1081.4219937220187,0.0,1081.4219937220187,0.0,17.911475656975668,1.058815382990705,63.94604561169399,7.222222222222222,0.2222222222222222,0.1111111111111111,0.6666666666666666,0.0,0.1111111111111111,120.15799930244651
1,atr,2.0,3.0,5,1.0,tick,exchange,9,3,6,0.5555555555555556,1085.4219937220187,797.4347192185961,287.98727450342255,0.6572368433804813,1.8631562446745067,-0.02347730251954684,258.06465109434794,7.222222222222222,0.2222222222222222,0.1111111111111111,0.6666666666666666,0.0,0.1111111111111111,31.99858605593584
1,atr,2.0,3.0,5,1.0,tick,cfd_std,9,3,6,0.8888888888888888,1036.6616094580968,229.5,807.1616094580968,0.19707120407216858,9.87516993211974,0.6822791193976848,90.94604561169399,7.222222222222222,0.1111111111111111,0.1111111111111111,0.7777777777777778,0.0,0.1111111111111111,89.68462327312187
1,atr,2.0,3.0,5,1.0,tick,cfd_raw,9,3,6,0.8888888888888888,1031.1616094580968,190.0,841.1616094580968,0.16392683090376775,10.787089137974798,0.7350194057388627,85.94604561169399,7.222222222222222,0.1111111111111111,0.1111111111111111,0.7777777777777778,0.0,0.1111111111111111,93.46240105089964
1,atr,2.0,3.0,5,2.0,off,none,2,1,1,0.5,-31.213821968674893,0.0,-31.213821968674893,0.0,0.8510727980359144,1.0000000000000513,209.5911395434814,37.5,0.5,0.5,0.0,0.0,0.0,-15.606910984337446
1,atr,2.0,3.0,5,2.0,off,exchange,2,1,1,0.5,-27.213821968674893,175.76142577144086,-202.97524774011578,0.4530301949724043,0.3141984253260061,0.07592813765805606,295.9678939737205,37.5,0.5,0.5,0.0,0.0,0.0,-101.48762387005789
1,atr,2.0,3.0,5,2.0,off,cfd_std,2,1,1,0.5,-4.213821968674893,40.5,-44.71382196867489,0.10438992979177153,0.7995715022112746,0.9677944400956467,223.0911395434814,36.0,0.5,0.5,0.0,0.0,0.0,-22.356910984337446
1,atr,2.0,3.0,5,2.0,off,cfd_raw,2,1,1,0.5,-15.213821968674893,36.0,-51.21382196867489,0.09279104870379692,0.7709487859257704,0.916146796074732,223.5911395434814,36.0,0.5,0.5,0.0,0.0,0.0,-25.606910984337446
1,atr,2.0,3.0,5,2.0,bar,none,2,1,1,1.0,157.92226127498725,0.0,157.92226127498725,0.0,inf,0.5003492932908605,0.0,16.0,0.0,0.0,1.0,0.0,0.0,78.96113063749362
1,atr,2.0,3.0,5,2.0,bar,exchange,2,1,1,0.5,157.92226127498725,178.01484991951432,-20.09258864452707,1.1272308823487538,0.7085681786677351,-0.46322236835698605,68.94438827123668,16.0,0.0,0.0,1.0,0.0,0.0,-10.046294322263535
1,atr,2.0,3.0,5,2.0,bar,cfd_std,2,1,1,0.5,157.92226127498725,54.0,103.92226127498725,0.34194039246924635,17.040383974705087,0.20889136870533542,6.478788876804174,16.0,0.0,0.0,1.0,0.0,0.0,51.961130637493625
1,atr,2.0,3.0,5,2.0,bar,cfd_raw,2,1,1,0.5,157.92226127498725,44.0,113.92226127498725,0.27861809756753403,78.03754272292461,0.26286505844339564,1.478788876804174,16.0,0.0,0.0,1.0,0.0,0.0,56.961130637493625
1,atr,2.0,3.0,5,2.0,tick,none,2,1,1,1.0,119.39580211410066,0.0,119.39580211410066,0.0,inf,0.4563278606491321,0.0,11.5,0.0,0.0,1.0,0.0,0.0,59.69790105705033
1,atr,2.0,3.0,5,2.0,tick,exchange,2,1,1,0.5,119.39580211410066,177.98763668993388,-58.591834575833204,1.4907361359308084,0.039327142853500155,-0.5071549376120982,60.99041327123996,11.5,0.0,0.0,1.0,0.0,0.0,-29.295917287916602
1,atr,2.0,3.0,5,2.0,tick,cfd_std,2,1,1,1.0,119.39580211410066,54.0,65.39580211410066,0.45227720777314157,inf,0.164869936063607,0.0,11.5,0.0,0.0,1.0,0.0,0.0,32.69790105705033
1,atr,2.0,3.0,5,2.0,tick,cfd_raw,2,1,1,1.0,119.39580211410066,44.0,75.39580211410066,0.3685221692966339,inf,0.2188436258016672,0.0,11.5,0.0,0.0,1.0,0.0,0.0,37.69790105705033
1,atr,2.0,3.0,8,0.5,off,none,9,3,6,0.6666666666666666,1223.936295534615,0.0,1223.936295534615,0.0,4.5243459488692315,1.3741974109579438,209.5911395434814,28.333333333333332,0.5555555555555556,0.3333333333333333,0.0,0.1111111111111111,0.0,135.99292172606835
1,atr,2.0,3.0,8,0.5,off,exchange,9,3,6,0.5555555555555556,1239.936295534615,790.6297945812569,449.30650095335824,0.4112514867562334,1.680542299134296,0.4321141226612768,295.96789397370594,28.333333333333332,0.5555555555555556,0.3333333333333333,0.0,0.1111111111111111,0.0,49.92294455037314
1,atr,2.0,3.0,8,0.5,off,cfd_std,12,4,8,0.5,1166.0929836593423,256.5,909.5929836593423,0.1214868040221313,2.4332792119247775,0.6681723130637649,239.08076085007633,16.5,0.4166666666666667,0.5,0.0,0.08333333333333333,0.0,75.79941530494519
1,atr,2.0,3.0,8,0.5,off,cfd_raw,10,3,7,0.6,1208.4376109934528,180.0,1028.4376109934528,0.08937456598933705,3.0955204260279814,1.0188327944767184,223.5911395434814,24.9,0.5,0.4,0.0,0.1,0.0,102.84376109934529
1,atr,2.0,3.0,8,0.5,bar,none,12,4,8,0.9166666666666666,1093.8517653271992,0.0,1093.8517653271992,0.0,13.501350975312274,0.9066301060854727,87.49868454116222,8.5,0.16666666666666666,0.08333333333333333,0.75,0.0,0.0,91.15431377726661
1,atr,2.0,3.0,8,0.5,bar,exchange,12,4,8,0.3333333333333333,1099.8517653271992,1065.9937433132063,33.85802201399272,0.8388043194509476,1.0715498326469466,-0.15995442954380304,292.27184408166795,8.5,0.16666666666666666,0.08333333333333333,0.75,0.0,0.0,2.8215018344993936
1,atr,2.0,3.0,8,0.5,bar,cfd_std,12,4,8,0.75,1134.3517653271992,297.0,837.3517653271992,0.2316061921286031,7.369656461250383,0.6486019935638737,100.99868454116222,8.5,0.16666666666666666,0.08333333333333333,0.75,0.0,0.0,69.77931377726661
1,atr,2.0,3.0,8,0.5,bar,cfd_raw,12,4,8,0.75,1117.8517653271992,248.0,869.8517653271992,0.19422811459608116,8.132301002651392,0.6814237048148976,101.49868454116222,8.5,0.16666666666666666,0.08333333333333333,0.75,0.0,0.0,72.48764711059994
1,atr,2.0,3.0,8,0.5,tick,none,12,4,8,0.9166666666666666,1036.785817291253,0.0,1036.785817291253,0.0,12.84915890710923,0.8265238811553605,87.49868454116222,6.833333333333333,0.08333333333333333,0.08333333333333333,0.8333333333333334,0.0,0.0,86.39881810760441
1,atr,2.0,3.0,8,0.5,tick,exchange,12,4,8,0.4166666666666667,1040.785817291253,1067.9843220944801,-27.198504803227237,0.8813328441126218,0.9380293645458126,-0.2458939268004687,397.85351772385184,6.833333333333333,0.08333333333333333,0.08333333333333333,0.8333333333333334,0.0,0.0,-2.266542066935603
1,atr,2.0,3.0,8,0.5,tick,cfd_std,12,4,8,0.8333333333333334,1063.785817291253,310.5,753.2858172912529,0.25623395628157924,7.929845959665192,0.5293544011526897,100.99868454116222,6.833333333333333,0.08333333333333333,0.08333333333333333,0.8333333333333334,0.0,0.0,62.773818107604406
1,atr,2.0,3.0,8,0.5,tick,cfd_raw,12,4,8,0.8333333333333334,1052.785817291253,256.0,796.7858172912529,0.2112589140356982,8.646574472693356,0.5781225954515578,101.49868454116222,6.833333333333333,0.08333333333333333,0.08333333333333333,0.8333333333333334,0.0,0.0,66.39881810760441
1,atr,2.0,3.0,8,1.0,off,none,5,3,2,0.6,576.7761529783456,0.0,576.7761529783456,0.0,3.235629946494029,0.8735553397243233,209.5911395434814,25.6,0.4,0.4,0.0,0.2,0.0,115.35523059566913
1,atr,2.0,3.0,8,1.0,off,exchange,5,3,2,0.4,584.7761529783456,439.74053924727076,145.03561373107482,0.40241217964829773,1.300019368756632,-0.00436556174314211,295.9678939737205,25.6,0.4,0.4,0.0,0.2,0.0,29.007122746214964
1,atr,2.0,3.0,8,1.0,off,cfd_std,5,3,2,0.6,630.7761529783456,108.0,522.7761529783456,0.09883217834864629,2.834349429169366,0.7512577301678333,223.0911395434814,24.6,0.4,0.4,0.0,0.2,0.0,104.55523059566913
1,atr,2.0,3.0,8,1.0,off,cfd_raw,5,3,2,0.6,608.7761529783456,94.0,514.7761529783456,0.08602059967382177,2.7999627114447634,0.740397572841008,223.5911395434814,24.6,0.4,0.4,0.0,0.2,0.0,102.95523059566912
1,atr,2.0,3.0,8,1.0,bar,none,5,3,2,1.0,723.7579338083306,0.0,723.7579338083306,0.0,inf,1.0325847281116913,0.0,10.8,0.2,0.0,0.8,0.0,0.0,144.75158676166612
1,atr,2.0,3.0,8,1.0,bar,exchange,5,3,2,0.4,725.7579338083306,442.11046732344994,283.6474664848806,0.6091706982843805,3.3582794619293734,0.13719933360981967,75.78470887815638,10.8,0.2,0.0,0.8,0.0,0.0,56.72949329697612
1,atr,2.0,3.0,8,1.0,bar,cfd_std,5,3,2,0.8,737.2579338083306,121.5,615.7579338083306,0.1647998542008055,48.74124925433685,0.7962865907669456,12.897817787044914,10.8,0.2,0.0,0.8,0.0,0.0,123.15158676166611
1,atr,2.0,3.0,8,1.0,bar,cfd_raw,5,3,2,0.8,731.7579338083306,102.0,629.7579338083306,0.1393903575040935,80.73822020069215,0.8318710929094097,7.897817787044914,10.8,0.2,0.0,0.8,0.0,0.0,125.9515867616661
1,atr,2.0,3.0,8,1.0,tick,none,5,3,2,1.0,767.7186288266093,0.0,767.7186288266093,0.0,inf,1.1944033004626715,0.0,8.8,0.2,0.0,0.8,0.0,0.0,153.54372576532188
1,atr,2.0,3.0,8,1.0,tick,exchange,5,3,2,0.8,769.7186288266093,442.09413051677996,327.6244983098295,0.5743581017270251,6.654193159489026,0.2990013339452279,57.94363387816702,8.8,0.2,0.0,0.8,0.0,0.0,65.5248996619659
1,atr,2.0,3.0,8,1.0,tick,cfd_std,5,3,2,1.0,781.2186288266093,121.5,659.7186288266093,0.15552624517222924,inf,0.9581051631179258,0.0,8.8,0.2,0.0,0.8,0.0,0.0,131.94372576532186
1,atr,2.0,3.0,8,1.0,tick,cfd_raw,5,3,2,1.0,775.7186288266093,102.0,673.7186288266093,0.1314909765081835,inf,0.99368966526039,0.0,8.8,0.2,0.0,0.8,0.0,0.0,134.74372576532187
1,atr,2.0,3.0,8,2.0,off,none,1,1,0,0.0,-209.5911395434814,0.0,-209.5911395434814,0.0,0.0,-0.9999999999999996,209.5911395434814,56.0,0.0,1.0,0.0,0.0,0.0,-209.5911395434814
1,atr,2.0,3.0,8,2.0,off,exchange,1,1,0,0.0,-207.5911395434814,88.37675443022826,-295.9678939737097,0.42572507971476853,0.0,-1.4121202576519634,295.96789397370594,56.0,0.0,1.0,0.0,0.0,0.0,-295.9678939737097
1,atr,2.0,3.0,8,2.0,off,cfd_std,1,1,0,0.0,-196.0911395434814,27.0,-223.0911395434814,0.13769107601117794,0.0,-1.0644111198088086,223.0911395434814,52.0,0.0,1.0,0.0,0.0,0.0,-223.0911395434814
1,atr,2.0,3.0,8,2.0,off,cfd_raw,1,1,0,0.0,-201.5911395434814,22.0,-223.5911395434814,0.10913178054264035,0.0,-1.0667967168387644,223.5911395434814,52.0,0.0,1.0,0.0,0.0,0.0,-223.5911395434814
1,atr,2.0,3.0,8,2.0,bar,none,1,1,0,1.0,137.40105015179142,0.0,137.40105015179142,0.0,inf,0.6555670743098679,0.0,27.0,0.0,0.0,1.0,0.0,0.0,137.40105015179142
1,atr,2.0,3.0,8,2.0,bar,exchange,1,1,0,1.0,137.40105015179142,88.5492505250759,48.85179962671552,0.6444583242067848,inf,0.23308141619498562,0.0,27.0,0.0,0.0,1.0,0.0,0.0,48.85179962671552
1,atr,2.0,3.0,8,2.0,bar,cfd_std,1,1,0,1.0,137.40105015179142,27.0,110.40105015179142,0.19650504832511992,inf,0.5267448346922499,0.0,27.0,0.0,0.0,1.0,0.0,0.0,110.40105015179142
1,atr,2.0,3.0,8,2.0,bar,cfd_raw,1,1,0,1.0,137.40105015179142,22.0,115.40105015179142,0.16011522456120883,inf,0.5506008049918087,0.0,27.0,0.0,0.0,1.0,0.0,0.0,115.40105015179142
1,atr,2.0,3.0,8,2.0,tick,none,1,1,0,1.0,90.92459099090775,0.0,90.92459099090775,0.0,inf,0.43381886843572726,0.0,19.0,0.0,0.0,1.0,0.0,0.0,90.92459099090775
1,atr,2.0,3.0,8,2.0,tick,exchange,1,1,0,1.0,90.92459099090775,88.52601229549546,2.398578695412283,0.9736201321416762,inf,0.011444084423782032,0.0,19.0,0.0,0.0,1.0,0.0,0.0,2.398578695412283
1,atr,2.0,3.0,8,2.0,tick,cfd_std,1,1,0,1.0,90.92459099090775,27.0,63.924590990907745,0.29694936986518794,inf,0.3049966288181092,0.0,19.0,0.0,0.0,1.0,0.0,0.0,63.924590990907745
1,atr,2.0,3.0,8,2.0,tick,cfd_raw,1,1,0,1.0,90.92459099090775,22.0,68.92459099090775,0.24195874581607907,inf,0.32885259911766807,0.0,19.0,0.0,0.0,1.0,0.0,0.0,68.92459099090775
1,atr,3.0,1.0,3,0.5,off,none,16,9,7,0.5,-249.6798761318496,0.0,-249.6798761318496,0.0,0.8035425668707127,-0.06122070575443718,538.7607934355328,18.0,0.4375,0.5,0.0,0.0625,0.0,-15.6049922582406
1,atr,3.0,1.0,3,0.5,off,exchange,16,9,7,0.375,-219.6798761318496,1411.571398546141,-1631.2512746779908,0.6163685711443381,0.2057026959301872,-0.7062374546700817,1631.2512746779976,18.0,0.4375,0.5,0.0,0.0625,0.0,-101.95320466737442
1,atr,3.0,1.0,3,0.5,off,cfd_std,17,9,8,0.47058823529411764,63.38982806811691,351.0,-287.6101719318831,0.14691039560029512,0.7950532264217063,-0.05786401716521735,579.2607934355328,17.0,0.47058823529411764,0.47058823529411764,0.0,0.058823529411764705,0.0,-16.91824540775783
1,atr,3.0,1.0,3,0.5,off,cfd_raw,16,9,7,0.4375,-129.6798761318496,296.0,-425.6798761318496,0.12958915527898845,0.6964504833119268,-0.14315253184619867,586.7607934355328,18.0,0.4375,0.5,0.0,0.0625,0.0,-26.6049922582406
1,atr,3.0,1.0,3,0.5,bar,none,23,12,11,0.7391304347826086,987.1688198087795,0.0,987.1688198087795,0.0,2.8967246854601907,0.32186484840342017,403.0441791669582,8.73913043478261,0.391304347826087,0.13043478260869565,0.43478260869565216,0.043478260869565216,0.043478260869565216,42.920383469946934
1,atr,3.0,1.0,3,0.5,bar,exchange,23,12,11,0.34782608695652173,1009.1688198087795,2034.4147791042274,-1025.2459592954478,0.998197574176399,0.33415416160107325,-0.3786178091810749,1025.2459592954547,8.826086956521738,0.391304347826087,0.13043478260869565,0.43478260869565216,0.043478260869565216,0.043478260869565216,-44.57591127371512
1,atr,3.0,1.0,3,0.5,bar,cfd_std,22,12,10,0.5909090909090909,839.2512450072827,486.0,353.2512450072827,0.22470859970199147,1.39421683422678,0.09042296704177716,430.0441791669582,9.909090909090908,0.36363636363636365,0.22727272727272727,0.36363636363636365,0.045454545454545456,0.045454545454545456,16.056874773058304
1,atr,3.0,1.0,3,0.5,bar,cfd_raw,22,12,10,0.5909090909090909,867.9381615335151,420.0,447.9381615335151,0.2033721492520844,1.5685003884655777,0.1287639842108431,431.0441791669582,9.545454545454545,0.36363636363636365,0.18181818181818182,0.4090909090909091,0.045454545454545456,0.045454545454545456,20.360825524250686
1,atr,3.0,1.0,3,0.5,tick,none,26,15,11,0.7692307692307693,901.8509290549555,0.0,901.8509290549555,0.0,2.747618905928524,0.2812681315988162,391.2030400713993,6.615384615384615,0.3076923076923077,0.11538461538461539,0.5769230769230769,0.0,0.038461538461538464,34.68657419442137
1,atr,3.0,1.0,3,0.5,tick,exchange,25,14,11,0.28,950.1720815773588,2213.1239813091806,-1262.9518997318219,1.1368704791830802,0.21905918469584554,-0.38090656234489295,1262.9518997318228,6.92,0.32,0.12,0.56,0.0,0.04,-50.51807598927287
1,atr,3.0,1.0,3,0.5,tick,cfd_std,25,14,11,0.6,841.6639421854197,594.0,247.66394218541973,0.30176308332299423,1.3110656635022349,0.07957196207075973,432.12289737451647,7.2,0.24,0.16,0.6,0.0,0.04,9.90655768741679
1,atr,3.0,1.0,3,0.5,tick,cfd_raw,24,14,10,0.5833333333333334,737.2101583262993,480.0,257.2101583262993,0.2515752472106732,1.334831029689091,0.08195526099827603,428.12289737451647,7.458333333333333,0.25,0.16666666666666666,0.5833333333333334,0.0,0.041666666666666664,10.71708993026247
1,atr,3.0,1.0,3,1.0,off,none,12,7,5,0.5833333333333334,133.89124082338822,0.0,133.89124082338822,0.0,1.1672742660239204,0.08503905899407299,352.74011850760144,14.583333333333334,0.5,0.4166666666666667,0.0,0.08333333333333333,0.0,11.157603401949018
1,atr,3.0,1.0,3,1.0,off,exchange,12,7,5,0.5,155.89124082338822,1056.590803723513,-900.6995629001249,0.6083724057738487,0.3185636888120282,-0.5752078863976575,900.6995629001176,14.583333333333334,0.5,0.4166666666666667,0.0,0.08333333333333333,0.0,-75.05829690834373
1,atr,3.0,1.0,3,1.0,off,cfd_std,12,7,5,0.5,282.3912408233882,243.0,39.391240823388216,0.13899613533747712,1.0441427979676654,0.01952969200299831,379.74011850760144,14.166666666666666,0.5,0.4166666666666667,0.0,0.08333333333333333,0.0,3.282603401949018
1,atr,3.0,1.0,3,1.0,off,cfd_raw,12,7,5,0.5,221.89124082338822,216.0,5.891240823388216,0.12394204234485509,1.0066204175695561,0.00042346655083565915,386.74011850760144,14.583333333333334,0.5,0.4166666666666667,0.0,0.08333333333333333,0.0,0.4909367352823513
1,atr,3.0,1.0,3,1.0,bar,none,13,8,5,0.7692307692307693,457.12983990236535,0.0,457.12983990236535,0.0,2.154793515283318,0.15087507871093325,217.0235042390268,7.230769230769231,0.3076923076923077,0.23076923076923078,0.38461538461538464,0.07692307692307693,0.0,35.16383383864349
1,atr,3.0,1.0,3,1.0,bar,exchange,13,8,5,0.38461538461538464,471.12983990236535,1150.9396430230524,-679.8098031206871,0.9201347091629881,0.34702967798903733,-0.5394089836641721,679.80980312069,7.230769230769231,0.3076923076923077,0.23076923076923078,0.38461538461538464,0.07692307692307693,0.0,-52.29306177851439
1,atr,3.0,1.0,3,1.0,bar,cfd_std,13,8,5,0.46153846153846156,551.6298399023653,297.0,254.62983990236535,0.23527767763657612,1.4882074916309738,0.022081529032320295,230.5235042390268,7.3076923076923075,0.3076923076923077,0.23076923076923078,0.38461538461538464,0.07692307692307693,0.0,19.58691076172041
1,atr,3.0,1.0,3,1.0,bar,cfd_raw,13,8,5,0.46153846153846156,513.1298399023653,254.0,259.12983990236535,0.20209443035351202,1.5151065093043359,0.02736100418983633,231.0235042390268,7.230769230769231,0.3076923076923077,0.23076923076923078,0.38461538461538464,0.07692307692307693,0.0,19.933064607874257
1,atr,3.0,1.0,3,1.0,tick,none,13,8,5,0.7692307692307693,480.77901074614783,0.0,480.77901074614783,0.0,2.2145356426799023,0.18622363459792865,217.0235042390268,5.846153846153846,0.3076923076923077,0.23076923076923078,0.46153846153846156,0.0,0.0,36.98300082662676
1,atr,3.0,1.0,3,1.0,tick,exchange,13,8,5,0.38461538461538464,494.77901074614783,1150.9266668095358,-656.147656063388,0.9030506645076251,0.32424762474059465,-0.5040629077926279,656.1476560633891,5.846153846153846,0.3076923076923077,0.23076923076923078,0.46153846153846156,0.0,0.0,-50.47289662026061
1,atr,3.0,1.0,3,1.0,tick,cfd_std,13,8,5,0.6153846153846154,575.2790107461478,297.0,278.27901074614783,0.23095094619121045,1.575785956130009,0.05743008491931574,230.5235042390268,5.923076923076923,0.3076923076923077,0.23076923076923078,0.46153846153846156,0.0,0.0,21.40607774970368
1,atr,3.0,1.0,3,1.0,tick,cfd_raw,13,8,5,0.6153846153846154,536.7790107461478,254.0,282.77901074614783,0.19836197205659595,1.595571389257664,0.06270956007683173,231.0235042390268,5.846153846153846,0.3076923076923077,0.23076923076923078,0.46153846153846156,0.0,0.0,21.752231595857527
1,atr,3.0,1.0,3,2.0,off,none,1,1,0,0.0,-314.3867093152221,0.0,-314.3867093152221,0.0,0.0,-0.9999999999999997,314.3867093152221,62.0,0.0,1.0,0.0,0.0,0.0,-314.3867093152221
1,atr,3.0,1.0,3,2.0,off,exchange,1,1,0,0.0,-312.3867093152221,88.31931664534238,-400.7060259605645,0.28272430936305115,0.0,-1.274564140555934,400.70602596056415,62.0,0.0,1.0,0.0,0.0,0.0,-400.7060259605645
1,atr,3.0,1.0,3,2.0,off,cfd_std,1,1,0,0.0,-300.8867093152221,27.0,-327.8867093152221,0.08973477114176424,0.0,-1.0429407465392058,327.8867093152221,62.0,0.0,1.0,0.0,0.0,0.0,-327.8867093152221
1,atr,3.0,1.0,3,2.0,off,cfd_raw,1,1,0,0.0,-306.3867093152221,22.0,-328.3867093152221,0.07180468124472585,0.0,-1.0445311445591763,328.3867093152221,62.0,0.0,1.0,0.0,0.0,0.0,-328.3867093152221
1,atr,3.0,1.0,3,2.0,bar,none,1,1,0,1.0,142.44105015179957,0.0,142.44105015179957,0.0,inf,0.45307592824790816,0.0,27.0,0.0,0.0,1.0,0.0,0.0,142.44105015179957
1,atr,3.0,1.0,3,2.0,bar,exchange,1,1,0,1.0,142.44105015179957,88.5467305250759,53.89431962672367,0.6216377261380168,inf,0.17142683844400725,0.0,27.0,0.0,0.0,1.0,0.0,0.0,53.89431962672367
1,atr,3.0,1.0,3,2.0,bar,cfd_std,1,1,0,1.0,142.44105015179957,27.0,115.44105015179957,0.18955209871891615,inf,0.36719443516949607,0.0,27.0,0.0,0.0,1.0,0.0,0.0,115.44105015179957
1,atr,3.0,1.0,3,2.0,bar,cfd_raw,1,1,0,1.0,142.44105015179957,22.0,120.44105015179957,0.15444985821541315,inf,0.38309841536920203,0.0,27.0,0.0,0.0,1.0,0.0,0.0,120.44105015179957
1,atr,3.0,1.0,3,2.0,tick,none,1,1,0,1.0,95.9645909909159,0.0,95.9645909909159,0.0,inf,0.30524379099848103,0.0,19.0,0.0,0.0,1.0,0.0,0.0,95.9645909909159
1,atr,3.0,1.0,3,2.0,tick,exchange,1,1,0,1.0,95.9645909909159,88.52349229549546,7.441098695420436,0.9224599550877592,inf,0.023668617263204857,0.0,19.0,0.0,0.0,1.0,0.0,0.0,7.441098695420436
1,atr,3.0,1.0,3,2.0,tick,cfd_std,1,1,0,1.0,95.9645909909159,27.0,68.9645909909159,0.28135377560829544,inf,0.21936229792006895,0.0,19.0,0.0,0.0,1.0,0.0,0.0,68.9645909909159
1,atr,3.0,1.0,3,2.0,tick,cfd_raw,1,1,0,1.0,95.9645909909159,22.0,73.9645909909159,0.22925122456972222,inf,0.23526627811977488,0.0,19.0,0.0,0.0,1.0,0.0,0.0,73.9645909909159
1,atr,3.0,1.0,5,0.5,off,none,15,7,8,0.5333333333333333,-50.73840391266276,0.0,-50.73840391266276,0.0,0.9494526118939925,0.0013645805285945752,407.45249247996253,14.2,0.4666666666666667,0.4666666666666667,0.0,0.06666666666666667,0.0,-3.3825602608441843
1,atr,3.0,1.0,5,0.5,off,exchange,15,7,8,0.4666666666666667,-22.73840391266276,1323.7235586555717,-1346.4619625682344,0.676466872839701,0.20815238864568197,-0.7169501063318766,1349.2410669413366,14.133333333333333,0.4666666666666667,0.4666666666666667,0.0,0.06666666666666667,0.0,-89.76413083788229
1,atr,3.0,1.0,5,0.5,off,cfd_std,16,7,9,0.5,224.48750532855047,324.0,-99.51249467144953,0.15858678456006023,0.911363942451724,-0.00986025358105412,393.21869611524744,12.8125,0.5,0.4375,0.0,0.0625,0.0625,-6.219530916965596
1,atr,3.0,1.0,5,0.5,off,cfd_raw,15,7,8,0.4666666666666667,61.26159608733724,274.0,-212.73840391266276,0.14002313545460288,0.8102598049768693,-0.08878177304764986,474.44460535646067,14.266666666666667,0.4666666666666667,0.4666666666666667,0.0,0.06666666666666667,0.0,-14.182560260844184
1,atr,3.0,1.0,5,0.5,bar,none,17,7,10,0.7647058823529411,830.2994258244435,0.0,830.2994258244435,0.0,3.002623620151746,0.3591623107696552,186.0206749279314,8.823529411764707,0.47058823529411764,0.17647058823529413,0.29411764705882354,0.058823529411764705,0.058823529411764705,48.8411426955555
1,atr,3.0,1.0,5,0.5,bar,exchange,17,7,10,0.47058823529411764,850.2994258244435,1501.6773686130764,-651.3779427886329,0.900550157372225,0.37987202108446505,-0.3910268053547612,677.3164309743443,8.764705882352942,0.47058823529411764,0.17647058823529413,0.29411764705882354,0.058823529411764705,0.058823529411764705,-38.31634957580194
1,atr,3.0,1.0,5,0.5,bar,cfd_std,16,7,9,0.625,765.5428050982446,337.5,428.04280509824457,0.20040818927723023,1.7079910520575656,0.15081602477946948,303.95115581256687,9.9375,0.4375,0.25,0.25,0.0625,0.0625,26.752675318640286
1,atr,3.0,1.0,5,0.5,bar,cfd_raw,17,7,10,0.6470588235294118,910.2994258244435,310.0,600.2994258244435,0.18326808676257822,2.1865180935561983,0.2408029281080569,200.0206749279314,8.882352941176471,0.47058823529411764,0.17647058823529413,0.29411764705882354,0.058823529411764705,0.058823529411764705,35.31173093084961
1,atr,3.0,1.0,5,0.5,tick,none,19,9,10,0.8421052631578947,864.7091900044907,0.0,864.7091900044907,0.0,3.2084679259351763,0.33498284768500625,174.1795358323725,7.052631578947368,0.3684210526315789,0.15789473684210525,0.47368421052631576,0.0,0.05263157894736842,45.511010000236354
1,atr,3.0,1.0,5,0.5,tick,exchange,19,9,10,0.3684210526315789,882.7091900044907,1680.2181224602828,-797.5089324557921,1.0159776872239392,0.287531289066188,-0.3830467780385347,800.2880368288897,7.0,0.3684210526315789,0.15789473684210525,0.47368421052631576,0.0,0.05263157894736842,-41.97415433977853
1,atr,3.0,1.0,5,0.5,tick,cfd_std,19,9,10,0.7368421052631579,930.5932696636446,432.0,498.5932696636446,0.2645958944708794,2.06916498998459,0.17082980803653613,201.59939313548966,7.157894736842105,0.3157894736842105,0.15789473684210525,0.5263157894736842,0.0,0.05263157894736842,26.241751034928665
1,atr,3.0,1.0,5,0.5,tick,cfd_raw,19,9,10,0.7368421052631579,886.5932696636446,370.0,516.5932696636446,0.22815867893821726,2.128329687354248,0.17925124624888392,197.09939313548966,7.105263157894737,0.3157894736842105,0.15789473684210525,0.5263157894736842,0.0,0.05263157894736842,27.189119455981295
1,atr,3.0,1.0,5,1.0,off,none,9,3,6,0.6666666666666666,255.6776982741867,0.0,255.6776982741867,0.0,1.5294541702503615,0.22449652310321236,314.3867093152221,13.666666666666666,0.5555555555555556,0.3333333333333333,0.0,0.1111111111111111,0.0,28.4086331415763
1,atr,3.0,1.0,5,1.0,off,exchange,9,3,6,0.5555555555555556,271.6776982741867,791.1882638576294,-519.5105655834428,0.645607691078434,0.37458813182689005,-0.4790036478212566,588.7331109437073,13.555555555555555,0.5555555555555556,0.3333333333333333,0.0,0.1111111111111111,0.0,-57.72339617593809
1,atr,3.0,1.0,5,1.0,off,cfd_std,9,3,6,0.5555555555555556,363.6776982741867,175.5,188.1776982741867,0.14056937329408759,1.343491451561966,0.15953321103586754,327.8867093152221,12.666666666666666,0.5555555555555556,0.3333333333333333,0.0,0.1111111111111111,0.0,20.9086331415763
1,atr,3.0,1.0,5,1.0,off,cfd_raw,9,3,6,0.5555555555555556,319.6776982741867,158.0,161.6776982741867,0.1276774007679389,1.297017062354347,0.13714688436169503,328.3867093152221,13.555555555555555,0.5555555555555556,0.3333333333333333,0.0,0.1111111111111111,0.0,17.964188697131856
1,atr,3.0,1.0,5,1.0,bar,none,9,3,6,0.8888888888888888,725.5024973347608,0.0,725.5024973347608,0.0,8.563694157002429,0.43131554066433475,95.91906841752643,7.666666666666667,0.4444444444444444,0.1111111111111111,0.3333333333333333,0.1111111111111111,0.0,80.61138859275121
1,atr,3.0,1.0,5,1.0,bar,exchange,9,3,6,0.5555555555555556,735.5024973347608,793.4918437048241,-57.9893463700632,0.8593706529749574,0.8600105017305106,-0.2811250465043276,310.8272305793653,7.555555555555555,0.4444444444444444,0.1111111111111111,0.3333333333333333,0.1111111111111111,0.0,-6.4432607077848
1,atr,3.0,1.0,5,1.0,bar,cfd_std,9,3,6,0.5555555555555556,793.0024973347608,189.0,604.0024973347608,0.1973188370357783,4.9419144148917145,0.30728396981109457,109.41906841752643,7.555555555555555,0.4444444444444444,0.1111111111111111,0.3333333333333333,0.1111111111111111,0.0,67.11138859275121
1,atr,3.0,1.0,5,1.0,bar,cfd_raw,9,3,6,0.5555555555555556,765.5024973347608,166.0,599.5024973347608,0.17634424136635574,5.321496341489252,0.3089624893089535,109.91906841752643,7.555555555555555,0.4444444444444444,0.1111111111111111,0.3333333333333333,0.1111111111111111,0.0,66.61138859275121
1,atr,3.0,1.0,5,1.0,tick,none,9,3,6,0.8888888888888888,729.6268371123733,0.0,729.6268371123733,0.0,8.606692278707069,0.47405888860177087,95.91906841752643,5.888888888888889,0.4444444444444444,0.1111111111111111,0.4444444444444444,0.0,0.0,81.06964856804149
1,atr,3.0,1.0,5,1.0,tick,exchange,9,3,6,0.5555555555555556,739.6268371123733,793.4611550757743,-53.83431796340099,0.8555160328035762,0.8519540284953161,-0.23837121887351267,285.03218057936465,5.777777777777778,0.4444444444444444,0.1111111111111111,0.4444444444444444,0.0,0.0,-5.9815908848223325
1,atr,3.0,1.0,5,1.0,tick,cfd_std,9,3,6,0.8888888888888888,797.1268371123733,189.0,608.1268371123733,0.19647284996712294,6.5577775053965395,0.35002731774853063,109.41906841752643,5.777777777777778,0.4444444444444444,0.1111111111111111,0.4444444444444444,0.0,0.0,67.56964856804149
1,atr,3.0,1.0,5,1.0,tick,cfd_raw,9,3,6,0.8888888888888888,769.6268371123733,166.0,603.6268371123733,0.17557498646082118,6.4915570683287,0.35170583724638954,109.91906841752643,5.777777777777778,0.4444444444444444,0.1111111111111111,0.4444444444444444,0.0,0.0,67.06964856804149
1,atr,3.0,1.0,5,2.0,off,none,2,1,1,0.5,-225.19805052781885,0.0,-225.19805052781885,0.0,0.28369093267863815,1.7263968032921184e-14,314.3867093152221,38.5,0.5,0.5,0.0,0.0,0.0,-112.59902526390943
1,atr,3.0,1.0,5,2.0,off,exchange,2,1,1,0.5,-221.19805052781885,175.7536223159487,-396.95167284376754,0.43549145018993385,0.009381805086378456,-0.6162145748946463,400.7110659605678,38.5,0.5,0.5,0.0,0.0,0.0,-198.47583642188377
1,atr,3.0,1.0,5,2.0,off,cfd_std,2,1,1,0.5,-198.19805052781885,40.5,-238.69805052781885,0.10035300268796692,0.27201059467664945,-0.021470373269585785,327.8867093152221,38.0,0.5,0.5,0.0,0.0,0.0,-119.34902526390943
1,atr,3.0,1.0,5,2.0,off,cfd_raw,2,1,1,0.5,-209.19805052781885,36.0,-245.19805052781885,0.08920266905597059,0.2533252912728253,-0.05590213595019572,328.3867093152221,38.5,0.5,0.5,0.0,0.0,0.0,-122.59902526390943
1,atr,3.0,1.0,5,2.0,bar,none,2,1,1,1.0,157.92226127498725,0.0,157.92226127498725,0.0,inf,0.3335661955272404,0.0,16.0,0.0,0.0,1.0,0.0,0.0,78.96113063749362
1,atr,3.0,1.0,5,2.0,bar,exchange,2,1,1,0.5,157.92226127498725,178.01484991951432,-20.09258864452707,1.1272308823487538,0.7085681786677351,-0.30881491223799074,68.94438827123668,16.0,0.0,0.0,1.0,0.0,0.0,-10.046294322263535
1,atr,3.0,1.0,5,2.0,bar,cfd_std,2,1,1,0.5,157.92226127498725,54.0,103.92226127498725,0.34194039246924635,17.040383974705087,0.1392609124702236,6.478788876804174,16.0,0.0,0.0,1.0,0.0,0.0,51.961130637493625
1,atr,3.0,1.0,5,2.0,bar,cfd_raw,2,1,1,0.5,157.92226127498725,44.0,113.92226127498725,0.27861809756753403,78.03754272292461,0.17524337229559708,1.478788876804174,16.0,0.0,0.0,1.0,0.0,0.0,56.961130637493625
1,atr,3.0,1.0,5,2.0,tick,none,2,1,1,1.0,119.39580211410066,0.0,119.39580211410066,0.0,inf,0.3042185737660881,0.0,11.5,0.0,0.0,1.0,0.0,0.0,59.69790105705033
1,atr,3.0,1.0,5,2.0,tick,exchange,2,1,1,0.5,119.39580211410066,177.98763668993388,-58.591834575833204,1.4907361359308084,0.039327142853500155,-0.33810329174139875,60.99041327123996,11.5,0.0,0.0,1.0,0.0,0.0,-29.295917287916602
1,atr,3.0,1.0,5,2.0,tick,cfd_std,2,1,1,1.0,119.39580211410066,54.0,65.39580211410066,0.45227720777314157,inf,0.10991329070907134,0.0,11.5,0.0,0.0,1.0,0.0,0.0,32.69790105705033
1,atr,3.0,1.0,5,2.0,tick,cfd_raw,2,1,1,1.0,119.39580211410066,44.0,75.39580211410066,0.3685221692966339,inf,0.1458957505344448,0.0,11.5,0.0,0.0,1.0,0.0,0.0,37.69790105705033
1,atr,3.0,1.0,8,0.5,off,none,10,4,6,0.6,248.80771701601043,0.0,248.80771701601043,0.0,1.3987931530514424,0.2000000000000036,314.3867093152221,13.7,0.6,0.4,0.0,0.0,0.0,24.88077170160104
1,atr,3.0,1.0,8,0.5,off,exchange,10,4,6,0.6,268.80771701601043,879.977893205481,-611.1701761894706,0.5864130353639224,0.37209964421699004,-0.4792438265451423,791.6641447957227,13.7,0.6,0.4,0.0,0.0,0.0,-61.11701761894706
1,atr,3.0,1.0,8,0.5,off,cfd_std,11,4,7,0.6363636363636364,470.03362625722366,202.5,267.53362625722366,0.12578913421122245,1.3946496007955098,0.2167207161002634,327.8867093152221,11.727272727272727,0.6363636363636364,0.36363636363636365,0.0,0.0,0.09090909090909091,24.321238750656697
1,atr,3.0,1.0,8,0.5,off,cfd_raw,10,4,6,0.6,328.80771701601043,172.0,156.80771701601043,0.11371065785954416,1.2306329316296996,0.1255082998884526,328.3867093152221,13.8,0.6,0.4,0.0,0.0,0.0,15.680771701601042
1,atr,3.0,1.0,8,0.5,bar,none,12,4,8,0.9166666666666666,967.323688074117,0.0,967.323688074117,0.0,8.370196044635032,0.5271448774577494,131.2480268117506,7.166666666666667,0.5,0.08333333333333333,0.4166666666666667,0.0,0.08333333333333333,80.61030733950975
1,atr,3.0,1.0,8,0.5,bar,exchange,12,4,8,0.5,979.323688074117,1058.168087466677,-78.84439939255985,0.8548644457838777,0.8325156629590339,-0.17572959102592647,421.23746437832597,7.166666666666667,0.5,0.08333333333333333,0.4166666666666667,0.0,0.08333333333333333,-6.5703666160466545
1,atr,3.0,1.0,8,0.5,bar,cfd_std,12,4,8,0.75,1048.323688074117,243.0,805.323688074117,0.1892789089523399,5.596364779952475,0.4110643529253801,144.7480268117506,7.166666666666667,0.5,0.08333333333333333,0.4166666666666667,0.0,0.08333333333333333,67.11030733950975
1,atr,3.0,1.0,8,0.5,bar,cfd_raw,12,4,8,0.75,1015.323688074117,216.0,799.323688074117,0.17118134457890113,5.823663866967269,0.410155849735853,145.2480268117506,7.166666666666667,0.5,0.08333333333333333,0.4166666666666667,0.0,0.08333333333333333,66.61030733950975
1,atr,3.0,1.0,8,0.5,tick,none,12,4,8,0.9166666666666666,893.7248848821619,0.0,893.7248848821619,0.0,7.809434828030092,0.5000478998071053,131.2480268117506,6.416666666666667,0.4166666666666667,0.08333333333333333,0.5,0.0,0.08333333333333333,74.47707374018016
1,atr,3.0,1.0,8,0.5,tick,exchange,12,4,8,0.4166666666666667,903.7248848821619,1060.0986586467607,-156.37377376459875,0.9121317845209301,0.6680824976336769,-0.20565938984752072,439.99221200242755,6.416666666666667,0.4166666666666667,0.08333333333333333,0.5,0.0,0.08333333333333333,-13.031147813716563
1,atr,3.0,1.0,8,0.5,tick,cfd_std,12,4,8,0.8333333333333334,961.2248848821619,256.5,704.7248848821619,0.21433568323814048,5.6226317685177944,0.36461701990237544,144.7480268117506,6.416666666666667,0.4166666666666667,0.08333333333333333,0.5,0.0,0.08333333333333333,58.72707374018015
1,atr,3.0,1.0,8,0.5,tick,cfd_raw,12,4,8,0.8333333333333334,933.7248848821619,224.0,709.7248848821619,0.1897949720190676,5.797026271457742,0.3715919948275137,145.2480268117506,6.416666666666667,0.4166666666666667,0.08333333333333333,0.5,0.0,0.08333333333333333,59.143740406846824
1,atr,3.0,1.0,8,1.0,off,none,5,3,2,0.6,162.90954431447608,0.0,162.90954431447608,0.0,1.4209668447149078,0.20000000000001386,314.3867093152221,18.8,0.6,0.4,0.0,0.0,0.0,32.58190886289522
1,atr,3.0,1.0,8,1.0,off,exchange,5,3,2,0.6,172.90954431447608,437.93447535754814,-265.02493104307206,0.46643973989570997,0.5277177308031425,-0.3801950734720785,426.394370630529,18.8,0.6,0.4,0.0,0.0,0.0,-53.00498620861441
1,atr,3.0,1.0,8,1.0,off,cfd_std,5,3,2,0.6,230.40954431447608,94.5,135.90954431447608,0.09943311832062955,1.3282926348289021,0.15422294879252635,327.8867093152221,17.2,0.6,0.4,0.0,0.0,0.0,27.181908862895217
1,atr,3.0,1.0,8,1.0,off,cfd_raw,5,3,2,0.6,202.90954431447608,86.0,116.90954431447608,0.09101611922337742,1.2817172027909347,0.13241611896481953,328.3867093152221,18.8,0.6,0.4,0.0,0.0,0.0,23.381908862895216
1,atr,3.0,1.0,8,1.0,bar,none,5,3,2,1.0,701.4017910392577,0.0,701.4017910392577,0.0,inf,0.7262566966404607,0.0,10.0,0.6,0.0,0.4,0.0,0.0,140.28035820785152
1,atr,3.0,1.0,8,1.0,bar,exchange,5,3,2,0.8,707.4017910392577,438.2017214809105,269.2000695583472,0.6194523777458067,4.552168683410449,0.1390201003486578,75.78470887815638,10.0,0.6,0.0,0.4,0.0,0.0,53.84001391166944
1,atr,3.0,1.0,8,1.0,bar,cfd_std,5,3,2,0.8,741.9017910392577,94.5,647.4017910392577,0.12737534959664162,51.19467647383994,0.6347025942254855,12.897817787044914,10.2,0.6,0.0,0.4,0.0,0.0,129.48035820785154
1,atr,3.0,1.0,8,1.0,bar,cfd_raw,5,3,2,0.8,725.4017910392577,86.0,639.4017910392577,0.11855498712898244,81.95929892027799,0.6315456741489773,7.897817787044914,10.0,0.6,0.0,0.4,0.0,0.0,127.88035820785153
1,atr,3.0,1.0,8,1.0,tick,none,5,3,2,1.0,672.7753318783653,0.0,672.7753318783653,0.0,inf,0.7458622617023056,0.0,8.4,0.6,0.0,0.4,0.0,0.0,134.55506637567305
1,atr,3.0,1.0,8,1.0,tick,exchange,5,3,2,0.8,678.7753318783653,438.18740825133006,240.58792362703525,0.6455558822957521,5.152102785491966,0.15861586262797198,57.94363387816702,8.4,0.6,0.0,0.4,0.0,0.0,48.11758472540705
1,atr,3.0,1.0,8,1.0,tick,cfd_std,5,3,2,1.0,713.2753318783653,94.5,618.7753318783653,0.13248740812491056,inf,0.6543081592873305,0.0,8.6,0.6,0.0,0.4,0.0,0.0,123.75506637567305
1,atr,3.0,1.0,8,1.0,tick,cfd_raw,5,3,2,1.0,696.7753318783653,86.0,610.7753318783653,0.12342572428355264,inf,0.6511512392108225,0.0,8.4,0.6,0.0,0.4,0.0,0.0,122.15506637567304
1,atr,3.0,1.0,8,2.0,off,none,1,1,0,0.0,-314.3867093152221,0.0,-314.3867093152221,0.0,0.0,-0.9999999999999997,314.3867093152221,62.0,0.0,1.0,0.0,0.0,0.0,-314.3867093152221
1,atr,3.0,1.0,8,2.0,off,exchange,1,1,0,0.0,-312.3867093152221,88.32435664534239,-400.7110659605645,0.28274044321205855,0.0,-1.2745801717679754,400.7110659605678,62.0,0.0,1.0,0.0,0.0,0.0,-400.7110659605645
1,atr,3.0,1.0,8,2.0,off,cfd_std,1,1,0,0.0,-300.8867093152221,27.0,-327.8867093152221,0.08973477114176424,0.0,-1.0429407465392058,327.8867093152221,60.0,0.0,1.0,0.0,0.0,0.0,-327.8867093152221
1,atr,3.0,1.0,8,2.0,off,cfd_raw,1,1,0,0.0,-306.3867093152221,22.0,-328.3867093152221,0.07180468124472585,0.0,-1.0445311445591763,328.3867093152221,62.0,0.0,1.0,0.0,0.0,0.0,-328.3867093152221
1,atr,3.0,1.0,8,2.0,bar,none,1,1,0,1.0,137.40105015179142,0.0,137.40105015179142,0.0,inf,0.43704471620657864,0.0,27.0,0.0,0.0,1.0,0.0,0.0,137.40105015179142
1,atr,3.0,1.0,8,2.0,bar,exchange,1,1,0,1.0,137.40105015179142,88.5492505250759,48.85179962671552,0.6444583242067848,inf,0.15538761079665708,0.0,27.0,0.0,0.0,1.0,0.0,0.0,48.85179962671552
1,atr,3.0,1.0,8,2.0,bar,cfd_std,1,1,0,1.0,137.40105015179142,27.0,110.40105015179142,0.19650504832511992,inf,0.35116322312816656,0.0,27.0,0.0,0.0,1.0,0.0,0.0,110.40105015179142
1,atr,3.0,1.0,8,2.0,bar,cfd_raw,1,1,0,1.0,137.40105015179142,22.0,115.40105015179142,0.16011522456120883,inf,0.3670672033278725,0.0,27.0,0.0,0.0,1.0,0.0,0.0,115.40105015179142
1,atr,3.0,1.0,8,2.0,tick,none,1,1,0,1.0,90.92459099090775,0.0,90.92459099090775,0.0,inf,0.2892125789571515,0.0,19.0,0.0,0.0,1.0,0.0,0.0,90.92459099090775
1,atr,3.0,1.0,8,2.0,tick,exchange,1,1,0,1.0,90.92459099090775,88.52601229549546,2.398578695412283,0.9736201321416762,inf,0.007629389615854689,0.0,19.0,0.0,0.0,1.0,0.0,0.0,2.398578695412283
1,atr,3.0,1.0,8,2.0,tick,cfd_std,1,1,0,1.0,90.92459099090775,27.0,63.924590990907745,0.29694936986518794,inf,0.20333108587873946,0.0,19.0,0.0,0.0,1.0,0.0,0.0,63.924590990907745
1,atr,3.0,1.0,8,2.0,tick,cfd_raw,1,1,0,1.0,90.92459099090775,22.0,68.92459099090775,0.24195874581607907,inf,0.2192350660784454,0.0,19.0,0.0,0.0,1.0,0.0,0.0,68.92459099090775
1,atr,3.0,1.5,3,0.5,off,none,14,9,5,0.42857142857142855,-375.0086232579051,0.0,-375.0086232579051,0.0,0.7158216989386554,-0.03425223514794188,660.8095084994711,21.642857142857142,0.35714285714285715,0.5714285714285714,0.0,0.07142857142857142,0.0,-26.78633023270751
1,atr,3.0,1.5,3,0.5,off,exchange,14,9,5,0.35714285714285715,-349.0086232579051,1236.1537646295137,-1585.1623878874188,0.5473969354232435,0.2459078674512296,-0.6896260114864322,1631.9892482865544,21.642857142857142,0.35714285714285715,0.5714285714285714,0.0,0.07142857142857142,0.0,-113.22588484910135
1,atr,3.0,1.5,3,0.5,off,cfd_std,15,9,6,0.4,-40.40406695796992,324.0,-364.4040669579699,0.1359719298615319,0.7490424159670741,0.003668835446913691,662.0156990989781,20.466666666666665,0.4,0.5333333333333333,0.0,0.06666666666666667,0.0,-24.29360446386466
1,atr,3.0,1.5,3,0.5,off,cfd_raw,14,9,5,0.35714285714285715,-271.0086232579051,268.0,-539.0086232579051,0.11963002898777368,0.6285400333440109,-0.12055947835336363,756.8095084994711,21.785714285714285,0.35714285714285715,0.5714285714285714,0.0,0.07142857142857142,0.0,-38.50061594699322
1,atr,3.0,1.5,3,0.5,bar,none,22,12,10,0.7272727272727273,1298.9684539724258,0.0,1298.9684539724258,0.0,3.4958097164786963,0.42872654531160337,403.0441791669582,10.045454545454545,0.3181818181818182,0.13636363636363635,0.5,0.045454545454545456,0.0,59.044020635110265
1,atr,3.0,1.5,3,0.5,bar,exchange,22,12,10,0.4090909090909091,1318.9684539724258,1948.7025691096012,-629.7341151371755,0.8299810888112584,0.5905635269251324,-0.2579936738091129,676.5609755363112,10.045454545454545,0.3181818181818182,0.13636363636363635,0.5,0.045454545454545456,0.0,-28.624277960780706
1,atr,3.0,1.5,3,0.5,bar,cfd_std,21,12,9,0.5714285714285714,1086.9996825974667,486.0,600.9996825974667,0.20161378074018685,1.670695986478373,0.16780222500777617,430.0441791669582,11.095238095238095,0.2857142857142857,0.23809523809523808,0.42857142857142855,0.047619047619047616,0.0,28.619032504641275
1,atr,3.0,1.5,3,0.5,bar,cfd_raw,21,12,9,0.5714285714285714,1123.2029435971926,414.0,709.2029435971926,0.17841410694639218,1.9000843945861683,0.21120578884193547,431.0441791669582,10.761904761904763,0.2857142857142857,0.19047619047619047,0.47619047619047616,0.047619047619047616,0.0,33.77156874272346
1,atr,3.0,1.5,3,0.5,tick,none,26,15,11,0.7692307692307693,1028.1372305287077,0.0,1028.1372305287077,0.0,2.99233820587601,0.31047527556890725,391.2030400713993,7.153846153846154,0.15384615384615385,0.11538461538461539,0.7307692307692307,0.0,0.0,39.543739635719525
1,atr,3.0,1.5,3,0.5,tick,exchange,25,14,11,0.24,1070.458383051111,2221.0813062671546,-1150.622923216044,1.0745605287498634,0.3186522893345564,-0.35537256847628035,1222.2629829531506,7.48,0.16,0.12,0.72,0.0,0.0,-46.02491692864176
1,atr,3.0,1.5,3,0.5,tick,cfd_std,25,14,11,0.6,937.3734282985242,648.0,289.37342829852423,0.3139320237552564,1.3634527363139746,0.0733317799340017,432.12289737451647,7.72,0.08,0.16,0.76,0.0,0.0,11.574937131940969
1,atr,3.0,1.5,3,0.5,tick,cfd_raw,24,14,10,0.5833333333333334,904.5962179783382,504.0,400.59621797833825,0.2428489755300306,1.5214881287273319,0.11660989320808605,428.12289737451647,7.958333333333333,0.125,0.16666666666666666,0.7083333333333334,0.0,0.0,16.69150908243076
1,atr,3.0,1.5,3,1.0,off,none,11,7,4,0.45454545454545453,-156.61014751601033,0.0,-156.61014751601033,0.0,0.8386893396713319,0.0018607916298941137,484.8178015975427,17.818181818181817,0.36363636363636365,0.5454545454545454,0.0,0.09090909090909091,0.0,-14.23728613781912
1,atr,3.0,1.5,3,1.0,off,exchange,11,7,4,0.36363636363636365,-136.61014751601033,970.9777893081183,-1107.5879368241287,0.5451529271954106,0.2989101817154024,-0.6841118892728659,1154.4147972232604,17.818181818181817,0.36363636363636365,0.5454545454545454,0.0,0.09090909090909091,0.0,-100.68981243855715
1,atr,3.0,1.5,3,1.0,off,cfd_std,10,6,4,0.3,-221.24780879245372,229.5,-450.7478087924537,0.14164388613871734,0.5928881405502986,-0.22893499259873637,680.4920288133726,21.6,0.3,0.6,0.0,0.1,0.0,-45.074780879245374
1,atr,3.0,1.5,3,1.0,off,cfd_raw,10,6,4,0.3,-270.7478087924537,196.0,-466.7478087924537,0.11974873216881528,0.5776741842898755,-0.23990764928765884,688.9920288133726,21.6,0.3,0.6,0.0,0.1,0.0,-46.674780879245375
1,atr,3.0,1.5,3,1.0,bar,none,13,8,5,0.7692307692307693,607.0712627937028,0.0,607.0712627937028,0.0,2.5335729510433023,0.23003603898607208,217.0235042390268,7.769230769230769,0.23076923076923078,0.23076923076923078,0.46153846153846156,0.07692307692307693,0.0,46.69778944566944
1,atr,3.0,1.5,3,1.0,bar,exchange,13,8,5,0.38461538461538464,619.0712627937028,1152.93890317217,-533.8676403784674,0.824246281981904,0.4872099174667632,-0.46196989090329327,583.0384440779744,7.769230769230769,0.23076923076923078,0.23076923076923078,0.46153846153846156,0.07692307692307693,0.0,-41.06674156757442
1,atr,3.0,1.5,3,1.0,bar,cfd_std,13,8,5,0.46153846153846156,613.9342991824233,324.0,289.9342991824233,0.24459426685496566,1.5558975216569668,0.02448223648493774,230.5235042390268,7.923076923076923,0.15384615384615385,0.23076923076923078,0.5384615384615384,0.07692307692307693,0.0,22.302638398647943
1,atr,3.0,1.5,3,1.0,bar,cfd_raw,13,8,5,0.46153846153846156,586.4342991824233,270.0,316.4342991824233,0.2029857460717819,1.629018129820309,0.04267327298747569,231.0235042390268,7.923076923076923,0.15384615384615385,0.23076923076923078,0.5384615384615384,0.07692307692307693,0.0,24.341099937109483
1,atr,3.0,1.5,3,1.0,tick,none,13,8,5,0.7692307692307693,669.0375878166669,0.0,669.0375878166669,0.0,2.6901112122903497,0.28188133092522594,217.0235042390268,6.3076923076923075,0.23076923076923078,0.23076923076923078,0.5384615384615384,0.0,0.0,51.4644298320513
1,atr,3.0,1.5,3,1.0,tick,exchange,13,8,5,0.38461538461538464,681.0375878166669,1152.9067683815638,-471.8691805648971,0.7892589196107015,0.5140320678862048,-0.41011883061156446,543.5092403020099,6.3076923076923075,0.23076923076923078,0.23076923076923078,0.5384615384615384,0.0,0.0,-36.29762927422285
1,atr,3.0,1.5,3,1.0,tick,cfd_std,13,8,5,0.6153846153846154,685.760624205388,324.0,361.760624205388,0.23201374590386922,1.7485174190456676,0.0836559434081132,230.5235042390268,6.461538461538462,0.15384615384615385,0.23076923076923078,0.6153846153846154,0.0,0.0,27.827740323491387
1,atr,3.0,1.5,3,1.0,tick,cfd_raw,13,8,5,0.6153846153846154,658.260624205388,270.0,388.260624205388,0.19258628621246424,1.8177301375441663,0.10184697991065114,231.0235042390268,6.461538461538462,0.15384615384615385,0.23076923076923078,0.6153846153846154,0.0,0.0,29.866201861952923
1,atr,3.0,1.5,3,2.0,off,none,1,1,0,0.0,-314.3867093152221,0.0,-314.3867093152221,0.0,0.0,-0.9999999999999997,314.3867093152221,62.0,0.0,1.0,0.0,0.0,0.0,-314.3867093152221
1,atr,3.0,1.5,3,2.0,off,exchange,1,1,0,0.0,-312.3867093152221,88.31931664534238,-400.7060259605645,0.28272430936305115,0.0,-1.274564140555934,400.70602596056415,62.0,0.0,1.0,0.0,0.0,0.0,-400.7060259605645
1,atr,3.0,1.5,3,2.0,off,cfd_std,1,1,0,0.0,-300.8867093152221,27.0,-327.8867093152221,0.08973477114176424,0.0,-1.0429407465392058,327.8867093152221,62.0,0.0,1.0,0.0,0.0,0.0,-327.8867093152221
1,atr,3.0,1.5,3,2.0,off,cfd_raw,1,1,0,0.0,-306.3867093152221,22.0,-328.3867093152221,0.07180468124472585,0.0,-1.0445311445591763,328.3867093152221,62.0,0.0,1.0,0.0,0.0,0.0,-328.3867093152221
1,atr,3.0,1.5,3,2.0,bar,none,1,1,0,1.0,142.44105015179957,0.0,142.44105015179957,0.0,inf,0.45307592824790816,0.0,27.0,0.0,0.0,1.0,0.0,0.0,142.44105015179957
1,atr,3.0,1.5,3,2.0,bar,exchange,1,1,0,1.0,142.44105015179957,88.5467305250759,53.89431962672367,0.6216377261380168,inf,0.17142683844400725,0.0,27.0,0.0,0.0,1.0,0.0,0.0,53.89431962672367
1,atr,3.0,1.5,3,2.0,bar,cfd_std,1,1,0,1.0,142.44105015179957,27.0,115.44105015179957,0.18955209871891615,inf,0.36719443516949607,0.0,27.0,0.0,0.0,1.0,0.0,0.0,115.44105015179957
1,atr,3.0,1.5,3,2.0,bar,cfd_raw,1,1,0,1.0,142.44105015179957,22.0,120.44105015179957,0.15444985821541315,inf,0.38309841536920203,0.0,27.0,0.0,0.0,1.0,0.0,0.0,120.44105015179957
1,atr,3.0,1.5,3,2.0,tick,none,1,1,0,1.0,95.9645909909159,0.0,95.9645909909159,0.0,inf,0.30524379099848103,0.0,19.0,0.0,0.0,1.0,0.0,0.0,95.9645909909159
1,atr,3.0,1.5,3,2.0,tick,exchange,1,1,0,1.0,95.9645909909159,88.52349229549546,7.441098695420436,0.9224599550877592,inf,0.023668617263204857,0.0,19.0,0.0,0.0,1.0,0.0,0.0,7.441098695420436
1,atr,3.0,1.5,3,2.0,tick,cfd_std,1,1,0,1.0,95.9645909909159,27.0,68.9645909909159,0.28135377560829544,inf,0.21936229792006895,0.0,19.0,0.0,0.0,1.0,0.0,0.0,68.9645909909159
1,atr,3.0,1.5,3,2.0,tick,cfd_raw,1,1,0,1.0,95.9645909909159,22.0,73.9645909909159,0.22925122456972222,inf,0.23526627811977488,0.0,19.0,0.0,0.0,1.0,0.0,0.0,73.9645909909159
1,atr,3.0,1.5,5,0.5,off,none,14,7,7,0.5714285714285714,546.2143610034836,0.0,546.2143610034836,0.0,1.6192475144268588,0.3228906219949235,314.3867093152221,16.0,0.5,0.42857142857142855,0.0,0.07142857142857142,0.0,39.015311500248835
1,atr,3.0,1.5,5,0.5,off,exchange,14,7,7,0.5,572.2143610034836,1233.8334184201929,-661.6190574167094,0.5335871364153567,0.5562299095611783,-0.3918557382740783,755.6801443754957,15.928571428571429,0.5,0.42857142857142855,0.0,0.07142857142857142,0.0,-47.25850410119353
1,atr,3.0,1.5,5,0.5,off,cfd_std,15,7,8,0.5333333333333333,864.5532248653035,297.0,567.5532248653035,0.12040494364224712,1.5747424186643761,0.3411155423281101,327.8867093152221,14.866666666666667,0.5333333333333333,0.4,0.0,0.06666666666666667,0.0,37.8368816576869
1,atr,3.0,1.5,5,0.5,off,cfd_raw,14,7,7,0.5,650.2143610034836,252.0,398.21436100348365,0.10869859362422421,1.4040769310222552,0.23504092629613957,339.57613727336866,15.857142857142858,0.5,0.42857142857142855,0.0,0.07142857142857142,0.0,28.443882928820262
1,atr,3.0,1.5,5,0.5,bar,none,17,7,10,0.7647058823529411,1173.2632316211675,0.0,1173.2632316211675,0.0,3.829828116485912,0.5373442215682934,186.0206749279314,10.0,0.4117647058823529,0.17647058823529413,0.35294117647058826,0.058823529411764705,0.0,69.01548421300986
1,atr,3.0,1.5,5,0.5,bar,exchange,17,7,10,0.5294117647058824,1193.2632316211675,1503.6372560378832,-310.37402441671577,0.7479015351480943,0.7040799472482816,-0.21276711783906027,581.6044477046817,9.941176470588236,0.4117647058823529,0.17647058823529413,0.35294117647058826,0.058823529411764705,0.0,-18.257295553924457
1,atr,3.0,1.5,5,0.5,bar,cfd_std,16,7,9,0.625,1057.9554143215064,351.0,706.9554143215064,0.17758884195016805,2.1693178849914236,0.3092248654197471,247.33820119196025,11.0,0.375,0.25,0.3125,0.0625,0.0,44.18471339509415
1,atr,3.0,1.5,5,0.5,bar,cfd_raw,17,7,10,0.6470588235294118,1253.2632316211675,318.0,935.2632316211675,0.15630568933641967,2.8485887189252264,0.41917478109989914,200.0206749279314,10.058823529411764,0.4117647058823529,0.17647058823529413,0.35294117647058826,0.058823529411764705,0.0,55.015484213009856
1,atr,3.0,1.5,5,0.5,tick,none,19,9,10,0.8421052631578947,1047.4514866592217,0.0,1047.4514866592217,0.0,3.6751918899439415,0.3998623750780961,174.1795358323725,7.7368421052631575,0.21052631578947367,0.15789473684210525,0.631578947368421,0.0,0.0,55.12902561364325
1,atr,3.0,1.5,5,0.5,tick,exchange,19,9,10,0.3157894736842105,1061.4514866592217,1686.2039821725186,-624.752495513297,0.9201475005775961,0.46256515396615994,-0.3227313062104229,743.6267818100605,7.684210526315789,0.21052631578947367,0.15789473684210525,0.631578947368421,0.0,0.0,-32.88171029017353
1,atr,3.0,1.5,5,0.5,tick,cfd_std,19,9,10,0.7368421052631579,1081.2749131202872,472.5,608.7749131202872,0.26494930362891167,2.305434436225366,0.20373634958921819,201.59939313548966,7.7368421052631575,0.15789473684210525,0.15789473684210525,0.6842105263157895,0.0,0.0,32.04078490106775
1,atr,3.0,1.5,5,0.5,tick,cfd_raw,19,9,10,0.7368421052631579,1103.4514866592217,386.0,717.4514866592217,0.20994958584243845,2.5670390211647978,0.25736987398346484,197.09939313548966,7.684210526315789,0.21052631578947367,0.15789473684210525,0.631578947368421,0.0,0.0,37.76060456101167
1,atr,3.0,1.5,5,1.0,off,none,9,3,6,0.6666666666666666,623.6855888000573,0.0,623.6855888000573,0.0,2.291520293495152,0.5022743008809891,314.3867093152221,15.444444444444445,0.5555555555555556,0.3333333333333333,0.0,0.1111111111111111,0.0,69.29839875556192
1,atr,3.0,1.5,5,1.0,off,exchange,9,3,6,0.5555555555555556,639.6855888000573,791.0764907729299,-151.3909019728726,0.4964390460260545,0.8177483325658007,-0.20114253671014634,400.7110659605678,15.333333333333334,0.5555555555555556,0.3333333333333333,0.0,0.1111111111111111,0.0,-16.821211330319176
1,atr,3.0,1.5,5,1.0,off,cfd_std,8,2,6,0.5,532.0479275236139,162.0,370.0479275236139,0.10955928750997485,1.639411814549321,0.31141294601012814,327.8867093152221,19.5,0.5,0.375,0.0,0.125,0.0,46.25599094045174
1,atr,3.0,1.5,5,1.0,off,cfd_raw,8,2,6,0.5,493.5479275236139,144.0,349.5479275236139,0.09774962337307129,1.607664508882829,0.29373195237963523,328.3867093152221,19.75,0.5,0.375,0.0,0.125,0.0,43.69349094045174
1,atr,3.0,1.5,5,1.0,bar,none,9,3,6,0.8888888888888888,875.4439202260983,0.0,875.4439202260983,0.0,10.126901821182996,0.5456591499506465,95.91906841752643,8.444444444444445,0.3333333333333333,0.1111111111111111,0.4444444444444444,0.1111111111111111,0.0,97.2715466917887
1,atr,3.0,1.5,5,1.0,bar,exchange,9,3,6,0.5555555555555556,883.4439202260983,795.4911038539417,87.9528163721566,0.7425599062456185,1.2123229766508117,-0.16926857918305802,259.0533633184823,8.333333333333334,0.3333333333333333,0.1111111111111111,0.4444444444444444,0.1111111111111111,0.0,9.772535152461845
1,atr,3.0,1.5,5,1.0,bar,cfd_std,9,3,6,0.5555555555555556,855.3169566148135,216.0,639.3169566148135,0.2117325114454422,5.17238792568747,0.3107623941431199,109.41906841752643,8.444444444444445,0.2222222222222222,0.1111111111111111,0.5555555555555556,0.1111111111111111,0.0,71.03521740164595
1,atr,3.0,1.5,5,1.0,bar,cfd_raw,9,3,6,0.5555555555555556,838.8169566148135,182.0,656.8169566148135,0.17937129688197098,5.734645956702408,0.3310909466948993,109.91906841752643,8.555555555555555,0.2222222222222222,0.1111111111111111,0.5555555555555556,0.1111111111111111,0.0,72.9796618460904
1,atr,3.0,1.5,5,1.0,tick,none,9,3,6,0.8888888888888888,917.8854141828924,0.0,917.8854141828924,0.0,10.569373736903135,0.612231116630089,95.91906841752643,6.555555555555555,0.3333333333333333,0.1111111111111111,0.5555555555555556,0.0,0.0,101.9872682425436
1,atr,3.0,1.5,5,1.0,tick,exchange,9,3,6,0.5555555555555556,925.8854141828924,795.4412566478023,130.44415753509006,0.714217864855931,1.3587253031146684,-0.10267421850086549,233.25831331849622,6.444444444444445,0.3333333333333333,0.1111111111111111,0.5555555555555556,0.0,0.0,14.493795281676674
1,atr,3.0,1.5,5,1.0,tick,cfd_std,9,3,6,0.8888888888888888,907.6184505716083,216.0,691.6184505716083,0.2014067539296075,7.320821960688772,0.38791984913281596,109.41906841752643,6.555555555555555,0.2222222222222222,0.1111111111111111,0.6666666666666666,0.0,0.0,76.84649450795648
1,atr,3.0,1.5,5,1.0,tick,cfd_raw,9,3,6,0.8888888888888888,891.1184505716083,182.0,709.1184505716083,0.17057863660823183,7.451277842694493,0.40824840168459553,109.91906841752643,6.666666666666667,0.2222222222222222,0.1111111111111111,0.6666666666666666,0.0,0.0,78.79093895240092
1,atr,3.0,1.5,5,2.0,off,none,2,1,1,0.5,-180.60372113411722,0.0,-180.60372113411722,0.0,0.4255363990179572,0.2500000000000257,314.3867093152221,40.0,0.5,0.5,0.0,0.0,0.0,-90.30186056705861
1,atr,3.0,1.5,5,2.0,off,exchange,2,1,1,0.5,-176.60372113411722,175.73132515125184,-352.33504628536906,0.39210889565484747,0.12072543981092927,-0.3660895748946377,400.7110659605678,40.0,0.5,0.5,0.0,0.0,0.0,-176.16752314268453
1,atr,3.0,1.5,5,2.0,off,cfd_std,2,1,1,0.5,-153.60372113411722,40.5,-194.10372113411722,0.09036755547340843,0.4080158920149742,0.22852962673042265,327.8867093152221,39.5,0.5,0.5,0.0,0.0,0.0,-97.05186056705861
1,atr,3.0,1.5,5,2.0,off,cfd_raw,2,1,1,0.5,-164.60372113411722,36.0,-200.60372113411722,0.08032671597636304,0.38912350760957426,0.19409786404981277,328.3867093152221,40.0,0.5,0.5,0.0,0.0,0.0,-100.30186056705861
1,atr,3.0,1.5,5,2.0,bar,none,2,1,1,1.0,157.92226127498725,0.0,157.92226127498725,0.0,inf,0.3335661955272404,0.0,16.0,0.0,0.0,1.0,0.0,0.0,78.96113063749362
1,atr,3.0,1.5,5,2.0,bar,exchange,2,1,1,0.5,157.92226127498725,178.01484991951432,-20.09258864452707,1.1272308823487538,0.7085681786677351,-0.30881491223799074,68.94438827123668,16.0,0.0,0.0,1.0,0.0,0.0,-10.046294322263535
1,atr,3.0,1.5,5,2.0,bar,cfd_std,2,1,1,0.5,157.92226127498725,54.0,103.92226127498725,0.34194039246924635,17.040383974705087,0.1392609124702236,6.478788876804174,16.0,0.0,0.0,1.0,0.0,0.0,51.961130637493625
1,atr,3.0,1.5,5,2.0,bar,cfd_raw,2,1,1,0.5,157.92226127498725,44.0,113.92226127498725,0.27861809756753403,78.03754272292461,0.17524337229559708,1.478788876804174,16.0,0.0,0.0,1.0,0.0,0.0,56.961130637493625
1,atr,3.0,1.5,5,2.0,tick,none,2,1,1,1.0,119.39580211410066,0.0,119.39580211410066,0.0,inf,0.3042185737660881,0.0,11.5,0.0,0.0,1.0,0.0,0.0,59.69790105705033
1,atr,3.0,1.5,5,2.0,tick,exchange,2,1,1,0.5,119.39580211410066,177.98763668993388,-58.591834575833204,1.4907361359308084,0.039327142853500155,-0.33810329174139875,60.99041327123996,11.5,0.0,0.0,1.0,0.0,0.0,-29.295917287916602
1,atr,3.0,1.5,5,2.0,tick,cfd_std,2,1,1,1.0,119.39580211410066,54.0,65.39580211410066,0.45227720777314157,inf,0.10991329070907134,0.0,11.5,0.0,0.0,1.0,0.0,0.0,32.69790105705033
1,atr,3.0,1.5,5,2.0,tick,cfd_raw,2,1,1,1.0,119.39580211410066,44.0,75.39580211410066,0.3685221692966339,inf,0.1458957505344448,0.0,11.5,0.0,0.0,1.0,0.0,0.0,37.69790105705033
1,atr,3.0,1.5,8,0.5,off,none,9,4,5,0.6666666666666666,601.3133339464548,0.0,601.3133339464548,0.0,2.160305586391172,0.5272427184164313,314.3867093152221,21.11111111111111,0.5555555555555556,0.3333333333333333,0.0,0.1111111111111111,0.0,66.8125926607172
1,atr,3.0,1.5,8,0.5,off,exchange,9,4,5,0.5555555555555556,617.3133339464548,792.0191197200926,-174.70578577363767,0.4824127118173625,0.7897917157792305,-0.1379867021175093,400.7110659605678,21.11111111111111,0.5555555555555556,0.3333333333333333,0.0,0.1111111111111111,0.0,-19.41175397484863
1,atr,3.0,1.5,8,0.5,off,cfd_std,10,4,6,0.7,852.1521978082747,189.0,663.1521978082747,0.10455701052549614,2.186877097708627,0.5734667078010522,327.8867093152221,19.0,0.6,0.3,0.0,0.1,0.0,66.31521978082746
1,atr,3.0,1.5,8,0.5,off,cfd_raw,9,4,5,0.6666666666666666,665.3133339464548,158.0,507.3133339464548,0.0955382768327289,1.9055333665288603,0.44742470074682594,328.3867093152221,21.11111111111111,0.5555555555555556,0.3333333333333333,0.0,0.1111111111111111,0.0,56.36814821627276
1,atr,3.0,1.5,8,0.5,bar,none,12,4,8,0.9166666666666666,1031.6350656468567,0.0,1031.6350656468567,0.0,8.860194859359932,0.5947003449997089,131.2480268117506,8.333333333333334,0.3333333333333333,0.08333333333333333,0.5833333333333334,0.0,0.0,85.96958880390473
1,atr,3.0,1.5,8,0.5,bar,exchange,12,4,8,0.4166666666666667,1041.6350656468567,1062.1129941589563,-20.477928512099766,0.8169275993909146,0.9601366962863696,-0.11027650001217089,325.27307872158417,8.333333333333334,0.3333333333333333,0.08333333333333333,0.5833333333333334,0.0,0.0,-1.7064940426749804
1,atr,3.0,1.5,8,0.5,bar,cfd_std,12,4,8,0.75,1099.1350656468567,270.0,829.1350656468567,0.20230309042067657,5.732267621081145,0.4641761141492849,144.7480268117506,8.416666666666666,0.3333333333333333,0.08333333333333333,0.5833333333333334,0.0,0.0,69.09458880390473
1,atr,3.0,1.5,8,0.5,bar,cfd_raw,12,4,8,0.75,1071.6350656468567,232.0,839.6350656468567,0.17600676943916016,6.066930191144152,0.4691520839041505,145.2480268117506,8.5,0.3333333333333333,0.08333333333333333,0.5833333333333334,0.0,0.0,69.96958880390473
1,atr,3.0,1.5,8,0.5,tick,none,12,4,8,0.9166666666666666,919.8355257537187,0.0,919.8355257537187,0.0,8.008376035039683,0.5118340978753946,131.2480268117506,7.0,0.16666666666666666,0.08333333333333333,0.75,0.0,0.0,76.65296047947656
1,atr,3.0,1.5,8,0.5,tick,exchange,12,4,8,0.4166666666666667,925.8355257537187,1066.040797240249,-140.20527148653028,0.9001202161651605,0.7095182501078799,-0.19984844240867808,400.70557479599665,7.0,0.16666666666666666,0.08333333333333333,0.75,0.0,0.0,-11.683772623877523
1,atr,3.0,1.5,8,0.5,tick,cfd_std,12,4,8,0.8333333333333334,960.3355257537187,297.0,663.3355257537187,0.24836273361728362,5.351138920045833,0.33586526666522887,144.7480268117506,6.916666666666667,0.16666666666666666,0.08333333333333333,0.75,0.0,0.0,55.277960479476555
1,atr,3.0,1.5,8,0.5,tick,cfd_raw,12,4,8,0.8333333333333334,943.8355257537187,248.0,695.8355257537187,0.20834530839697063,5.703148175801119,0.3593557032333225,145.2480268117506,7.0,0.16666666666666666,0.08333333333333333,0.75,0.0,0.0,57.98629381280989
1,atr,3.0,1.5,8,1.0,off,none,5,3,2,0.6,248.34510755374504,0.0,248.34510755374504,0.0,1.6417368409396171,0.24903689314956767,314.3867093152221,24.4,0.4,0.4,0.0,0.2,0.0,49.669021510749005
1,atr,3.0,1.5,8,1.0,off,exchange,5,3,2,0.4,256.34510755374504,439.7757584318631,-183.43065087811806,0.43017294906849807,0.7004493351446615,-0.3362770411620759,400.7110659605678,24.4,0.4,0.4,0.0,0.2,0.0,-36.68613017562361
1,atr,3.0,1.5,8,1.0,off,cfd_std,5,3,2,0.6,302.34510755374504,108.0,194.34510755374504,0.10564174493168633,1.4694450838367619,0.16750515344524092,327.8867093152221,22.6,0.4,0.4,0.0,0.2,0.0,38.86902151074901
1,atr,3.0,1.5,8,1.0,off,cfd_raw,5,3,2,0.6,280.34510755374504,94.0,186.34510755374504,0.09194744466276404,1.4490362421788743,0.16026504856069085,328.3867093152221,24.4,0.4,0.4,0.0,0.2,0.0,37.269021510749006
1,atr,3.0,1.5,8,1.0,bar,none,5,3,2,1.0,613.6582740270678,0.0,613.6582740270678,0.0,inf,0.5883898187411352,0.0,10.8,0.2,0.0,0.8,0.0,0.0,122.73165480541357
1,atr,3.0,1.5,8,1.0,bar,exchange,5,3,2,0.4,615.6582740270678,442.1655171533406,173.4927568737272,0.7181995853984097,2.442439837024336,-0.00858377759344589,75.78470887815638,10.8,0.2,0.0,0.8,0.0,0.0,34.698551374745435
1,atr,3.0,1.5,8,1.0,bar,cfd_std,5,3,2,0.8,627.1582740270678,121.5,505.6582740270678,0.1937310006608573,40.20494787381562,0.4308577271779715,12.897817787044914,10.8,0.2,0.0,0.8,0.0,0.0,101.13165480541356
1,atr,3.0,1.5,8,1.0,bar,cfd_raw,5,3,2,0.8,621.6582740270678,102.0,519.6582740270678,0.1640772821042816,66.79770362383933,0.4545807286062809,7.897817787044914,10.8,0.2,0.0,0.8,0.0,0.0,103.93165480541356
1,atr,3.0,1.5,8,1.0,tick,none,5,3,2,1.0,657.6189690453466,0.0,657.6189690453466,0.0,inf,0.696268866975122,0.0,8.8,0.2,0.0,0.8,0.0,0.0,131.52379380906933
1,atr,3.0,1.5,8,1.0,tick,exchange,5,3,2,0.8,659.6189690453466,442.1491803466705,217.46978869867604,0.6703099836358317,4.753126515260616,0.09928422263015958,57.94363387816702,8.8,0.2,0.0,0.8,0.0,0.0,43.49395773973521
1,atr,3.0,1.5,8,1.0,tick,cfd_std,5,3,2,1.0,671.1189690453466,121.5,549.6189690453466,0.18104092657793794,inf,0.5387367754119582,0.0,8.8,0.2,0.0,0.8,0.0,0.0,109.92379380906932
1,atr,3.0,1.5,8,1.0,tick,cfd_raw,5,3,2,1.0,665.6189690453466,102.0,563.6189690453466,0.1532408250718754,inf,0.5624597768402677,0.0,8.8,0.2,0.0,0.8,0.0,0.0,112.72379380906932
1,atr,3.0,1.5,8,2.0,off,none,1,1,0,0.0,-314.3867093152221,0.0,-314.3867093152221,0.0,0.0,-0.9999999999999997,314.3867093152221,62.0,0.0,1.0,0.0,0.0,0.0,-314.3867093152221
1,atr,3.0,1.5,8,2.0,off,exchange,1,1,0,0.0,-312.3867093152221,88.32435664534239,-400.7110659605645,0.28274044321205855,0.0,-1.2745801717679754,400.7110659605678,62.0,0.0,1.0,0.0,0.0,0.0,-400.7110659605645
1,atr,3.0,1.5,8,2.0,off,cfd_std,1,1,0,0.0,-300.8867093152221,27.0,-327.8867093152221,0.08973477114176424,0.0,-1.0429407465392058,327.8867093152221,60.0,0.0,1.0,0.0,0.0,0.0,-327.8867093152221
1,atr,3.0,1.5,8,2.0,off,cfd_raw,1,1,0,0.0,-306.3867093152221,22.0,-328.3867093152221,0.07180468124472585,0.0,-1.0445311445591763,328.3867093152221,62.0,0.0,1.0,0.0,0.0,0.0,-328.3867093152221
1,atr,3.0,1.5,8,2.0,bar,none,1,1,0,1.0,137.40105015179142,0.0,137.40105015179142,0.0,inf,0.43704471620657864,0.0,27.0,0.0,0.0,1.0,0.0,0.0,137.40105015179142
1,atr,3.0,1.5,8,2.0,bar,exchange,1,1,0,1.0,137.40105015179142,88.5492505250759,48.85179962671552,0.6444583242067848,inf,0.15538761079665708,0.0,27.0,0.0,0.0,1.0,0.0,0.0,48.85179962671552
1,atr,3.0,1.5,8,2.0,bar,cfd_std,1,1,0,1.0,137.40105015179142,27.0,110.40105015179142,0.19650504832511992,inf,0.35116322312816656,0.0,27.0,0.0,0.0,1.0,0.0,0.0,110.40105015179142
1,atr,3.0,1.5,8,2.0,bar,cfd_raw,1,1,0,1.0,137.40105015179142,22.0,115.40105015179142,0.16011522456120883,inf,0.3670672033278725,0.0,27.0,0.0,0.0,1.0,0.0,0.0,115.40105015179142
1,atr,3.0,1.5,8,2.0,tick,none,1,1,0,1.0,90.92459099090775,0.0,90.92459099090775,0.0,inf,0.2892125789571515,0.0,19.0,0.0,0.0,1.0,0.0,0.0,90.92459099090775
1,atr,3.0,1.5,8,2.0,tick,exchange,1,1,0,1.0,90.92459099090775,88.52601229549546,2.398578695412283,0.9736201321416762,inf,0.007629389615854689,0.0,19.0,0.0,0.0,1.0,0.0,0.0,2.398578695412283
1,atr,3.0,1.5,8,2.0,tick,cfd_std,1,1,0,1.0,90.92459099090775,27.0,63.924590990907745,0.29694936986518794,inf,0.20333108587873946,0.0,19.0,0.0,0.0,1.0,0.0,0.0,63.924590990907745
1,atr,3.0,1.5,8,2.0,tick,cfd_raw,1,1,0,1.0,90.92459099090775,22.0,68.92459099090775,0.24195874581607907,inf,0.2192350660784454,0.0,19.0,0.0,0.0,1.0,0.0,0.0,68.92459099090775
1,atr,3.0,2.0,3,0.5,off,none,11,7,4,0.45454545454545453,49.89339117075724,0.0,49.89339117075724,0.0,1.0480770864410671,0.18367897344808232,484.8178015975427,32.45454545454545,0.36363636363636365,0.5454545454545454,0.0,0.09090909090909091,0.0,4.535762833705204
1,atr,3.0,2.0,3,0.5,off,exchange,11,7,4,0.36363636363636365,69.89339117075724,970.665046098649,-900.7716549278917,0.4575476209271178,0.4528760516789331,-0.4403157465827483,1019.7932604600646,32.45454545454545,0.36363636363636365,0.5454545454545454,0.0,0.09090909090909091,0.0,-81.88833226617197
1,atr,3.0,2.0,3,0.5,off,cfd_std,11,6,5,0.2727272727272727,-412.5136611707276,270.0,-682.5136611707276,0.14586412970520127,0.49359995399002476,-0.35249820860256365,944.8003470249969,32.54545454545455,0.18181818181818182,0.7272727272727273,0.0,0.09090909090909091,0.0,-62.046696470066145
1,atr,3.0,2.0,3,0.5,off,cfd_raw,10,7,3,0.4,-7.130051082538557,196.0,-203.13005108253856,0.09936991519466618,0.8189215083623728,0.026142008851717847,542.3653965611447,36.5,0.3,0.6,0.0,0.1,0.0,-20.313005108253854
1,atr,3.0,2.0,3,0.5,bar,none,22,12,10,0.7272727272727273,1291.064709555867,0.0,1291.064709555867,0.0,3.4806236339752408,0.40816978319517094,403.0441791669582,10.772727272727273,0.13636363636363635,0.13636363636363635,0.6818181818181818,0.045454545454545456,0.0,58.684759525266685
1,atr,3.0,2.0,3,0.5,bar,exchange,22,12,10,0.4090909090909091,1303.064709555867,1956.7157378622119,-653.6510283063446,0.8390776239062,0.5750133822856136,-0.28471946346348725,772.6726338385197,10.772727272727273,0.13636363636363635,0.13636363636363635,0.6818181818181818,0.045454545454545456,0.0,-29.71141037756112
1,atr,3.0,2.0,3,0.5,bar,cfd_std,21,12,9,0.5714285714285714,989.6021274559316,540.0,449.6021274559316,0.23344769862486736,1.5017412673057913,0.10288079137323607,430.0441791669582,11.619047619047619,0.09523809523809523,0.23809523809523808,0.6190476190476191,0.047619047619047616,0.0,21.409625116949126
1,atr,3.0,2.0,3,0.5,bar,cfd_raw,21,12,9,0.5714285714285714,1039.7082960969128,446.0,593.7082960969128,0.19937864793317367,1.7535044476023671,0.15993537636033886,431.0441791669582,11.333333333333334,0.09523809523809523,0.19047619047619047,0.6666666666666666,0.047619047619047616,0.0,28.271823623662517
1,atr,3.0,2.0,3,0.5,tick,none,26,15,11,0.7692307692307693,1123.5122633195715,0.0,1123.5122633195715,0.0,3.1771572320464756,0.3130912479716828,391.2030400713993,7.538461538461538,0.07692307692307693,0.11538461538461539,0.8076923076923077,0.0,0.0,43.212010127675825
1,atr,3.0,2.0,3,0.5,tick,exchange,25,14,11,0.2,1161.8334158419748,2225.109849611323,-1063.2764337693482,1.0309347027547562,0.3708239778158168,-0.35612667573854295,1207.1112386394962,7.88,0.08,0.12,0.8,0.0,0.0,-42.53105735077393
1,atr,3.0,2.0,3,0.5,tick,cfd_std,25,14,11,0.6,1047.9435643791803,661.5,386.4435643791803,0.30417831208434676,1.4853727300754207,0.08972403565434178,432.12289737451647,8.0,0.04,0.16,0.8,0.0,0.0,15.457742575167213
1,atr,3.0,2.0,3,0.5,tick,cfd_raw,24,14,10,0.5833333333333334,965.4897805200599,520.0,445.48978052005987,0.24341635129560937,1.5799296687896291,0.11082130983125311,428.12289737451647,8.333333333333334,0.041666666666666664,0.16666666666666666,0.7916666666666666,0.0,0.0,18.562074188335828
1,atr,3.0,2.0,3,1.0,off,none,10,6,4,0.4,-123.93568626891647,0.0,-123.93568626891647,0.0,0.8762813380834884,0.0020468707928761086,555.7458143764816,24.5,0.3,0.6,0.0,0.1,0.0,-12.393568626891646
1,atr,3.0,2.0,3,1.0,off,exchange,10,6,4,0.3,-105.93568626891647,883.2836914575397,-989.2193777264562,0.471443519256585,0.3858525325383502,-0.6336123406685157,1108.2409832586272,24.4,0.3,0.6,0.0,0.1,0.0,-98.92193777264562
1,atr,3.0,2.0,3,1.0,off,cfd_std,9,6,3,0.3333333333333333,-144.95912852221227,216.0,-360.95912852221227,0.12731726077759584,0.6666287358644422,-0.1841134073098623,623.2458143764816,28.11111111111111,0.2222222222222222,0.6666666666666666,0.0,0.1111111111111111,0.0,-40.106569835801366
1,atr,3.0,2.0,3,1.0,off,cfd_raw,9,6,3,0.3333333333333333,-188.95912852221227,182.0,-370.95912852221227,0.10590328018349672,0.6583396715407477,-0.19226943144389386,631.7458143764816,28.11111111111111,0.2222222222222222,0.6666666666666666,0.0,0.1111111111111111,0.0,-41.21768094691247
1,atr,3.0,2.0,3,1.0,bar,none,13,8,5,0.7692307692307693,728.7648195270012,0.0,728.7648195270012,0.0,2.8409931146392524,0.26189087729712884,217.0235042390268,8.461538461538462,0.15384615384615385,0.23076923076923078,0.5384615384615384,0.07692307692307693,0.0,56.058832271307786
1,atr,3.0,2.0,3,1.0,bar,exchange,13,8,5,0.38461538461538464,738.7648195270012,1154.9522872543669,-416.1874677273655,0.7606010452052543,0.6002439747538921,-0.43311206102858635,647.707726171051,8.461538461538462,0.15384615384615385,0.23076923076923078,0.5384615384615384,0.07692307692307693,0.0,-32.014420594412734
1,atr,3.0,2.0,3,1.0,bar,cfd_std,13,8,5,0.46153846153846156,690.2344352630898,337.5,352.73443526308984,0.24090919429949936,1.676305628270795,0.03775769193659318,230.5235042390268,8.538461538461538,0.07692307692307693,0.23076923076923078,0.6153846153846154,0.07692307692307693,0.0,27.133418097160757
1,atr,3.0,2.0,3,1.0,bar,cfd_raw,13,8,5,0.46153846153846156,668.2344352630898,278.0,390.23443526308984,0.19689182946152237,1.7757203795381353,0.061806016027530025,231.0235042390268,8.538461538461538,0.07692307692307693,0.23076923076923078,0.6153846153846154,0.07692307692307693,0.0,30.01803348177614
1,atr,3.0,2.0,3,1.0,tick,none,13,8,5,0.7692307692307693,800.591144549966,0.0,800.591144549966,0.0,3.0224395377842983,0.3210645842203043,217.0235042390268,7.0,0.15384615384615385,0.23076923076923078,0.6153846153846154,0.0,0.0,61.583934196151226
1,atr,3.0,2.0,3,1.0,tick,exchange,13,8,5,0.38461538461538464,810.591144549966,1154.9152224637605,-344.32407791379455,0.7262249779742657,0.6453880291134146,-0.3739289215453439,592.5406275204296,7.0,0.15384615384615385,0.23076923076923078,0.6153846153846154,0.0,0.0,-26.48646753183035
1,atr,3.0,2.0,3,1.0,tick,cfd_std,13,8,5,0.6153846153846154,796.3307602860441,337.5,458.8307602860441,0.22394906377598026,1.9493648382060589,0.11517951210107487,230.5235042390268,7.0,0.07692307692307693,0.23076923076923078,0.6923076923076923,0.0,0.0,35.29467386815724
1,atr,3.0,2.0,3,1.0,tick,cfd_raw,13,8,5,0.6153846153846154,774.3307602860441,278.0,496.3307602860441,0.18313098545061363,2.045340669574072,0.13922783619201168,231.0235042390268,7.0,0.07692307692307693,0.23076923076923078,0.6923076923076923,0.0,0.0,38.17928925277262
1,atr,3.0,2.0,3,2.0,off,none,1,1,0,0.0,-314.3867093152221,0.0,-314.3867093152221,0.0,0.0,-0.9999999999999997,314.3867093152221,62.0,0.0,1.0,0.0,0.0,0.0,-314.3867093152221
1,atr,3.0,2.0,3,2.0,off,exchange,1,1,0,0.0,-312.3867093152221,88.31931664534238,-400.7060259605645,0.28272430936305115,0.0,-1.274564140555934,400.70602596056415,62.0,0.0,1.0,0.0,0.0,0.0,-400.7060259605645
1,atr,3.0,2.0,3,2.0,off,cfd_std,1,1,0,0.0,-300.8867093152221,27.0,-327.8867093152221,0.08973477114176424,0.0,-1.0429407465392058,327.8867093152221,62.0,0.0,1.0,0.0,0.0,0.0,-327.8867093152221
1,atr,3.0,2.0,3,2.0,off,cfd_raw,1,1,0,0.0,-306.3867093152221,22.0,-328.3867093152221,0.07180468124472585,0.0,-1.0445311445591763,328.3867093152221,62.0,0.0,1.0,0.0,0.0,0.0,-328.3867093152221
1,atr,3.0,2.0,3,2.0,bar,none,1,1,0,1.0,142.44105015179957,0.0,142.44105015179957,0.0,inf,0.45307592824790816,0.0,27.0,0.0,0.0,1.0,0.0,0.0,142.44105015179957
1,atr,3.0,2.0,3,2.0,bar,exchange,1,1,0,1.0,142.44105015179957,88.5467305250759,53.89431962672367,0.6216377261380168,inf,0.17142683844400725,0.0,27.0,0.0,0.0,1.0,0.0,0.0,53.89431962672367
1,atr,3.0,2.0,3,2.0,bar,cfd_std,1,1,0,1.0,142.44105015179957,27.0,115.44105015179957,0.18955209871891615,inf,0.36719443516949607,0.0,27.0,0.0,0.0,1.0,0.0,0.0,115.44105015179957
1,atr,3.0,2.0,3,2.0,bar,cfd_raw,1,1,0,1.0,142.44105015179957,22.0,120.44105015179957,0.15444985821541315,inf,0.38309841536920203,0.0,27.0,0.0,0.0,1.0,0.0,0.0,120.44105015179957
1,atr,3.0,2.0,3,2.0,tick,none,1,1,0,1.0,95.9645909909159,0.0,95.9645909909159,0.0,inf,0.30524379099848103,0.0,19.0,0.0,0.0,1.0,0.0,0.0,95.9645909909159
1,atr,3.0,2.0,3,2.0,tick,exchange,1,1,0,1.0,95.9645909909159,88.52349229549546,7.441098695420436,0.9224599550877592,inf,0.023668617263204857,0.0,19.0,0.0,0.0,1.0,0.0,0.0,7.441098695420436
1,atr,3.0,2.0,3,2.0,tick,cfd_std,1,1,0,1.0,95.9645909909159,27.0,68.9645909909159,0.28135377560829544,inf,0.21936229792006895,0.0,19.0,0.0,0.0,1.0,0.0,0.0,68.9645909909159
1,atr,3.0,2.0,3,2.0,tick,cfd_raw,1,1,0,1.0,95.9645909909159,22.0,73.9645909909159,0.22925122456972222,inf,0.23526627811977488,0.0,19.0,0.0,0.0,1.0,0.0,0.0,73.9645909909159
1,atr,3.0,2.0,5,0.5,off,none,11,4,7,0.5454545454545454,744.4684913271776,0.0,744.4684913271776,0.0,2.0165483559983755,0.4564062461753371,322.0435364285222,27.727272727272727,0.45454545454545453,0.45454545454545453,0.0,0.09090909090909091,0.0,67.67895375701615
1,atr,3.0,2.0,5,0.5,off,exchange,11,4,7,0.45454545454545453,764.4684913271776,970.3549586550458,-205.88646732786827,0.43924017790419734,0.8359207268972708,-0.2333632100988207,689.9472817945789,27.636363636363637,0.45454545454545453,0.45454545454545453,0.0,0.09090909090909091,0.0,-18.71695157526075
1,atr,3.0,2.0,5,0.5,off,cfd_std,11,4,7,0.45454545454545453,608.1160009332234,243.0,365.1160009332234,0.11458650674437328,1.3976101887633363,0.20407062619726316,417.93774190465047,27.09090909090909,0.36363636363636365,0.5454545454545454,0.0,0.09090909090909091,0.0,33.19236372120213
1,atr,3.0,2.0,5,0.5,off,cfd_raw,10,4,6,0.5,687.4450490738818,188.0,499.4450490738818,0.09072729948736734,1.622478314941881,0.3201618701567014,364.0435364285222,31.1,0.4,0.5,0.0,0.1,0.0,49.94450490738818
1,atr,3.0,2.0,5,0.5,bar,none,17,7,10,0.7647058823529411,1249.0210616911645,0.0,1249.0210616911645,0.0,4.01255065632023,0.5475586658972353,186.0206749279314,10.823529411764707,0.23529411764705882,0.17647058823529413,0.5294117647058824,0.058823529411764705,0.0,73.4718271583038
1,atr,3.0,2.0,5,0.5,bar,exchange,17,7,10,0.47058823529411764,1263.0210616911645,1509.5854654875018,-246.56440379633736,0.7256810507189743,0.7656500578414935,-0.2093085739502114,599.5370284324599,10.764705882352942,0.23529411764705882,0.17647058823529413,0.5294117647058824,0.058823529411764705,0.0,-14.50378845860808
1,atr,3.0,2.0,5,0.5,bar,cfd_std,16,7,9,0.625,1057.719433666527,391.5,666.219433666527,0.19810351468011705,2.1019397876212413,0.2717260026242307,243.93563089448435,11.625,0.1875,0.25,0.5,0.0625,0.0,41.63871460415794
1,atr,3.0,2.0,5,0.5,bar,cfd_raw,17,7,10,0.6470588235294118,1204.490677427253,350.0,854.4906774272531,0.17626005359570107,2.688938229701111,0.35809732674551237,200.0206749279314,10.823529411764707,0.17647058823529413,0.17647058823529413,0.5882352941176471,0.058823529411764705,0.0,50.264157495720774
1,atr,3.0,2.0,5,0.5,tick,none,19,9,10,0.8421052631578947,1227.0383391985379,0.0,1227.0383391985379,0.0,4.133856847292979,0.4542507051085033,174.1795358323725,8.210526315789474,0.15789473684210525,0.15789473684210525,0.6842105263157895,0.0,0.0,64.58096522097567
1,atr,3.0,2.0,5,0.5,tick,exchange,19,9,10,0.3157894736842105,1239.0383391985379,1688.1884196068124,-449.15008040827456,0.8398431491251742,0.6136247457291345,-0.2704254468963325,716.7340360827366,8.157894736842104,0.15789473684210525,0.15789473684210525,0.6842105263157895,0.0,0.0,-23.639477916224976
1,atr,3.0,2.0,5,0.5,tick,cfd_std,19,9,10,0.7368421052631579,1236.277954934616,486.0,750.277954934616,0.2507270207727053,2.6088683321266632,0.25162089658966125,201.59939313548966,8.105263157894736,0.10526315789473684,0.15789473684210525,0.7368421052631579,0.0,0.0,39.488313417611366
1,atr,3.0,2.0,5,0.5,tick,cfd_raw,19,9,10,0.7368421052631579,1208.777954934616,402.0,806.777954934616,0.20680468924021583,2.7621435878333864,0.2763737686653556,197.09939313548966,8.157894736842104,0.10526315789473684,0.15789473684210525,0.7368421052631579,0.0,0.0,42.46199762813768
1,atr,3.0,2.0,5,1.0,off,none,8,2,6,0.625,753.8078247852245,0.0,753.8078247852245,0.0,2.4671180155814607,0.6275585884910992,314.3867093152221,23.375,0.5,0.375,0.0,0.125,0.0,94.22597809815306
1,atr,3.0,2.0,5,1.0,off,exchange,8,2,6,0.5,767.8078247852245,703.2764228205455,64.53140196467905,0.39434335859540376,1.0748988886472843,-0.015053181884373087,400.7110659605678,23.125,0.5,0.375,0.0,0.125,0.0,8.066425245584881
1,atr,3.0,2.0,5,1.0,off,cfd_std,7,2,5,0.5714285714285714,705.7843825319287,148.5,557.2843825319287,0.08986993853352379,2.005380856535158,0.5176618326113703,327.8867093152221,27.428571428571427,0.42857142857142855,0.42857142857142855,0.0,0.14285714285714285,0.0,79.61205464741839
1,atr,3.0,2.0,5,1.0,off,cfd_raw,7,2,5,0.5714285714285714,672.7843825319287,130.0,542.7843825319287,0.07867402026503766,1.97657909246361,0.5026438898455129,328.3867093152221,27.857142857142858,0.42857142857142855,0.42857142857142855,0.0,0.14285714285714285,0.0,77.54062607598982
1,atr,3.0,2.0,5,1.0,bar,none,9,3,6,0.8888888888888888,997.1474769593915,0.0,997.1474769593915,0.0,11.395716862250005,0.5916824299670841,95.91906841752643,9.444444444444445,0.2222222222222222,0.1111111111111111,0.5555555555555556,0.1111111111111111,0.0,110.79416410659906
1,atr,3.0,2.0,5,1.0,bar,exchange,9,3,6,0.5555555555555556,1003.1474769593915,797.5044829361383,205.64299402325318,0.6696172260177963,1.4964335926850951,-0.12757430598456448,323.71264041156974,9.333333333333334,0.2222222222222222,0.1111111111111111,0.5555555555555556,0.1111111111111111,0.0,22.84922155813924
1,atr,3.0,2.0,5,1.0,bar,cfd_std,9,3,6,0.5555555555555556,931.6170926954801,229.5,702.1170926954801,0.2093108718157736,5.5822417967656515,0.3299380520177333,109.41906841752643,9.333333333333334,0.1111111111111111,0.1111111111111111,0.6666666666666666,0.1111111111111111,0.0,78.0130102994978
1,atr,3.0,2.0,5,1.0,bar,cfd_raw,9,3,6,0.5555555555555556,920.6170926954801,190.0,730.6170926954801,0.17328568908495418,6.26663209436135,0.35872713108608895,109.91906841752643,9.444444444444445,0.1111111111111111,0.1111111111111111,0.6666666666666666,0.1111111111111111,0.0,81.17967696616445
1,atr,3.0,2.0,5,1.0,tick,none,9,3,6,0.8888888888888888,1049.4489709161862,0.0,1049.4489709161862,0.0,11.940983771318924,0.6688398849567803,95.91906841752643,7.555555555555555,0.2222222222222222,0.1111111111111111,0.6666666666666666,0.0,0.0,116.60544121290958
1,atr,3.0,2.0,5,1.0,tick,exchange,9,3,6,0.5555555555555556,1055.4489709161862,797.4497057299991,257.99926518618713,0.641404306984542,1.7095056333387724,-0.050389164247963296,288.05266041158757,7.444444444444445,0.2222222222222222,0.1111111111111111,0.6666666666666666,0.0,0.0,28.66658502068746
1,atr,3.0,2.0,5,1.0,tick,cfd_std,9,3,6,0.8888888888888888,1018.1885866522643,229.5,788.6885866522643,0.1939939271392633,8.207962908647232,0.4334538928004273,109.41906841752643,7.333333333333333,0.1111111111111111,0.1111111111111111,0.7777777777777778,0.0,0.0,87.63206518358493
1,atr,3.0,2.0,5,1.0,tick,cfd_raw,9,3,6,0.8888888888888888,1007.1885866522643,190.0,817.1885866522643,0.16060499414579532,8.43445699110351,0.4622429718687829,109.91906841752643,7.444444444444445,0.1111111111111111,0.1111111111111111,0.7777777777777778,0.0,0.0,90.7987318502516
1,atr,3.0,2.0,5,2.0,off,none,2,1,1,0.5,-136.0093917404156,0.0,-136.0093917404156,0.0,0.5673818653572763,0.5000000000000344,314.3867093152221,40.5,0.5,0.5,0.0,0.0,0.0,-68.0046958702078
1,atr,3.0,2.0,5,2.0,off,exchange,2,1,1,0.5,-132.0093917404156,175.709027986555,-307.7184197269706,0.3565784399796871,0.2320690745354801,-0.11596457489462919,400.7110659605678,40.5,0.5,0.5,0.0,0.0,0.0,-153.8592098634853
1,atr,3.0,2.0,5,2.0,off,cfd_std,2,1,1,0.5,-109.0093917404156,40.5,-149.5093917404156,0.0821894411724955,0.5440211893532989,0.4785296267304313,327.8867093152221,40.0,0.5,0.5,0.0,0.0,0.0,-74.7546958702078
1,atr,3.0,2.0,5,2.0,off,cfd_raw,2,1,1,0.5,-120.0093917404156,36.0,-156.0093917404156,0.07305728104221823,0.5249217239463232,0.4440978640498213,328.3867093152221,41.0,0.5,0.5,0.0,0.0,0.0,-78.0046958702078
1,atr,3.0,2.0,5,2.0,bar,none,2,1,1,1.0,157.92226127498725,0.0,157.92226127498725,0.0,inf,0.3335661955272404,0.0,16.0,0.0,0.0,1.0,0.0,0.0,78.96113063749362
1,atr,3.0,2.0,5,2.0,bar,exchange,2,1,1,0.5,157.92226127498725,178.01484991951432,-20.09258864452707,1.1272308823487538,0.7085681786677351,-0.30881491223799074,68.94438827123668,16.0,0.0,0.0,1.0,0.0,0.0,-10.046294322263535
1,atr,3.0,2.0,5,2.0,bar,cfd_std,2,1,1,0.5,157.92226127498725,54.0,103.92226127498725,0.34194039246924635,17.040383974705087,0.1392609124702236,6.478788876804174,16.0,0.0,0.0,1.0,0.0,0.0,51.961130637493625
1,atr,3.0,2.0,5,2.0,bar,cfd_raw,2,1,1,0.5,157.92226127498725,44.0,113.92226127498725,0.27861809756753403,78.03754272292461,0.17524337229559708,1.478788876804174,16.0,0.0,0.0,1.0,0.0,0.0,56.961130637493625
1,atr,3.0,2.0,5,2.0,tick,none,2,1,1,1.0,119.39580211410066,0.0,119.39580211410066,0.0,inf,0.3042185737660881,0.0,11.5,0.0,0.0,1.0,0.0,0.0,59.69790105705033
1,atr,3.0,2.0,5,2.0,tick,exchange,2,1,1,0.5,119.39580211410066,177.98763668993388,-58.591834575833204,1.4907361359308084,0.039327142853500155,-0.33810329174139875,60.99041327123996,11.5,0.0,0.0,1.0,0.0,0.0,-29.295917287916602
1,atr,3.0,2.0,5,2.0,tick,cfd_std,2,1,1,1.0,119.39580211410066,54.0,65.39580211410066,0.45227720777314157,inf,0.10991329070907134,0.0,11.5,0.0,0.0,1.0,0.0,0.0,32.69790105705033
1,atr,3.0,2.0,5,2.0,tick,cfd_raw,2,1,1,1.0,119.39580211410066,44.0,75.39580211410066,0.3685221692966339,inf,0.1458957505344448,0.0,11.5,0.0,0.0,1.0,0.0,0.0,37.69790105705033
1,atr,3.0,2.0,8,0.5,off,none,7,3,4,0.7142857142857143,861.1829539079772,0.0,861.1829539079772,0.0,3.0701829069741557,0.8921692093925413,314.3867093152221,37.57142857142857,0.5714285714285714,0.2857142857142857,0.0,0.14285714285714285,0.0,123.02613627256817
1,atr,3.0,2.0,8,0.5,off,exchange,7,3,4,0.5714285714285714,873.1829539079772,614.6984156822984,258.4845382256788,0.36219018726843266,1.4032487069242299,0.3020499810519685,400.71106596055324,37.57142857142857,0.5714285714285714,0.2857142857142857,0.0,0.14285714285714285,0.0,36.9263626036684
1,atr,3.0,2.0,8,0.5,off,cfd_std,8,3,5,0.625,813.3539057673188,162.0,651.3539057673188,0.09130900967751954,2.1601888024488205,0.5952430513679616,327.8867093152221,31.25,0.5,0.375,0.0,0.125,0.0,81.41923822091485
1,atr,3.0,2.0,8,0.5,off,cfd_raw,7,3,4,0.7142857142857143,909.1829539079772,122.0,787.1829539079772,0.07137966449682709,2.7729599175889725,0.8210838778913779,328.3867093152221,37.57142857142857,0.5714285714285714,0.2857142857142857,0.0,0.14285714285714285,0.0,112.4547077011396
1,atr,3.0,2.0,8,0.5,bar,none,12,4,8,0.9166666666666666,1050.1024230566109,0.0,1050.1024230566109,0.0,9.000900650207683,0.5766422929458679,131.2480268117506,8.75,0.16666666666666666,0.08333333333333333,0.75,0.0,0.0,87.50853525471757
1,atr,3.0,2.0,8,0.5,bar,exchange,12,4,8,0.3333333333333333,1056.1024230566109,1066.0156179843418,-9.913194927730956,0.8109058673766749,0.980824806563196,-0.13442795302920477,336.0430610233889,8.75,0.16666666666666666,0.08333333333333333,0.75,0.0,0.0,-0.826099577310913
1,atr,3.0,2.0,8,0.5,bar,cfd_std,12,4,8,0.75,1090.6024230566109,297.0,793.6024230566109,0.22396526745399753,5.529465953429946,0.40462355126480193,144.7480268117506,8.666666666666666,0.16666666666666666,0.08333333333333333,0.75,0.0,0.0,66.13353525471757
1,atr,3.0,2.0,8,0.5,bar,cfd_raw,12,4,8,0.75,1074.1024230566109,248.0,826.1024230566109,0.1877936438511226,5.985265003359678,0.426504692098818,145.2480268117506,8.75,0.16666666666666666,0.08333333333333333,0.75,0.0,0.0,68.8418685880509
1,atr,3.0,2.0,8,0.5,tick,none,12,4,8,0.9166666666666666,993.0364750206645,0.0,993.0364750206645,0.0,8.566105938072344,0.5232381429924597,131.2480268117506,7.083333333333333,0.08333333333333333,0.08333333333333333,0.8333333333333334,0.0,0.0,82.75303958505538
1,atr,3.0,2.0,8,0.5,tick,exchange,12,4,8,0.4166666666666667,997.0364750206645,1068.0061967656154,-70.96972174495092,0.8506400052565283,0.852962668641095,-0.1917209512003152,441.62473466557276,7.083333333333333,0.08333333333333333,0.08333333333333333,0.8333333333333334,0.0,0.0,-5.91414347874591
1,atr,3.0,2.0,8,0.5,tick,cfd_std,12,4,8,0.8333333333333334,1020.0364750206645,310.5,709.5364750206645,0.24730542054159693,5.6541933181501,0.3251251563240127,144.7480268117506,7.0,0.08333333333333333,0.08333333333333333,0.8333333333333334,0.0,0.0,59.128039585055376
1,atr,3.0,2.0,8,0.5,tick,cfd_raw,12,4,8,0.8333333333333334,1009.0364750206645,256.0,753.0364750206645,0.20389754479436012,6.089769051341392,0.35763728585659127,145.2480268117506,7.083333333333333,0.08333333333333333,0.08333333333333333,0.8333333333333334,0.0,0.0,62.753039585055376
1,atr,3.0,2.0,8,1.0,off,none,5,3,2,0.6,447.7798148583388,0.0,447.7798148583388,0.0,2.15708663099606,0.4490368931495685,314.3867093152221,28.2,0.4,0.4,0.0,0.2,0.0,89.55596297166775
1,atr,3.0,2.0,8,1.0,off,exchange,5,3,2,0.4,455.7798148583388,439.67604107821074,16.10377378012801,0.3598716745623198,1.026298201088119,-0.13617704116207505,400.71106596055324,28.2,0.4,0.4,0.0,0.2,0.0,3.2207547560256016
1,atr,3.0,2.0,8,1.0,off,cfd_std,5,3,2,0.6,501.7798148583388,108.0,393.7798148583388,0.08839722254917438,1.951184213105421,0.36750515344524176,327.8867093152221,26.4,0.4,0.4,0.0,0.2,0.0,78.75596297166776
1,atr,3.0,2.0,8,1.0,off,cfd_raw,5,3,2,0.6,479.7798148583388,94.0,385.7798148583388,0.07693832332983697,1.9296145235392785,0.3602650485606917,328.3867093152221,28.2,0.4,0.4,0.0,0.2,0.0,77.15596297166776
1,atr,3.0,2.0,8,1.0,bar,none,5,3,2,1.0,723.7579338083306,0.0,723.7579338083306,0.0,inf,0.6883898187411276,0.0,10.8,0.2,0.0,0.8,0.0,0.0,144.75158676166612
1,atr,3.0,2.0,8,1.0,bar,exchange,5,3,2,0.4,725.7579338083306,442.11046732344994,283.6474664848806,0.6091706982843805,3.3582794619293734,0.09146622240654645,75.78470887815638,10.8,0.2,0.0,0.8,0.0,0.0,56.72949329697612
1,atr,3.0,2.0,8,1.0,bar,cfd_std,5,3,2,0.8,737.2579338083306,121.5,615.7579338083306,0.1647998542008055,48.74124925433685,0.5308577271779638,12.897817787044914,10.8,0.2,0.0,0.8,0.0,0.0,123.15158676166611
1,atr,3.0,2.0,8,1.0,bar,cfd_raw,5,3,2,0.8,731.7579338083306,102.0,629.7579338083306,0.1393903575040935,80.73822020069215,0.5545807286062733,7.897817787044914,10.8,0.2,0.0,0.8,0.0,0.0,125.9515867616661
1,atr,3.0,2.0,8,1.0,tick,none,5,3,2,1.0,767.7186288266093,0.0,767.7186288266093,0.0,inf,0.7962688669751145,0.0,8.8,0.2,0.0,0.8,0.0,0.0,153.54372576532188
1,atr,3.0,2.0,8,1.0,tick,exchange,5,3,2,0.8,769.7186288266093,442.09413051677996,327.6244983098295,0.5743581017270251,6.654193159489026,0.1993342226301519,57.94363387816702,8.8,0.2,0.0,0.8,0.0,0.0,65.5248996619659
1,atr,3.0,2.0,8,1.0,tick,cfd_std,5,3,2,1.0,781.2186288266093,121.5,659.7186288266093,0.15552624517222924,inf,0.6387367754119506,0.0,8.8,0.2,0.0,0.8,0.0,0.0,131.94372576532186
1,atr,3.0,2.0,8,1.0,tick,cfd_raw,5,3,2,1.0,775.7186288266093,102.0,673.7186288266093,0.1314909765081835,inf,0.66245977684026,0.0,8.8,0.2,0.0,0.8,0.0,0.0,134.74372576532187
1,atr,3.0,2.0,8,2.0,off,none,1,1,0,0.0,-314.3867093152221,0.0,-314.3867093152221,0.0,0.0,-0.9999999999999997,314.3867093152221,62.0,0.0,1.0,0.0,0.0,0.0,-314.3867093152221
1,atr,3.0,2.0,8,2.0,off,exchange,1,1,0,0.0,-312.3867093152221,88.32435664534239,-400.7110659605645,0.28274044321205855,0.0,-1.2745801717679754,400.7110659605678,62.0,0.0,1.0,0.0,0.0,0.0,-400.7110659605645
1,atr,3.0,2.0,8,2.0,off,cfd_std,1,1,0,0.0,-300.8867093152221,27.0,-327.8867093152221,0.08973477114176424,0.0,-1.0429407465392058,327.8867093152221,60.0,0.0,1.0,0.0,0.0,0.0,-327.8867093152221
1,atr,3.0,2.0,8,2.0,off,cfd_raw,1,1,0,0.0,-306.3867093152221,22.0,-328.3867093152221,0.07180468124472585,0.0,-1.0445311445591763,328.3867093152221,62.0,0.0,1.0,0.0,0.0,0.0,-328.3867093152221
1,atr,3.0,2.0,8,2.0,bar,none,1,1,0,1.0,137.40105015179142,0.0,137.40105015179142,0.0,inf,0.43704471620657864,0.0,27.0,0.0,0.0,1.0,0.0,0.0,137.40105015179142
1,atr,3.0,2.0,8,2.0,bar,exchange,1,1,0,1.0,137.40105015179142,88.5492505250759,48.85179962671552,0.6444583242067848,inf,0.15538761079665708,0.0,27.0,0.0,0.0,1.0,0.0,0.0,48.85179962671552
1,atr,3.0,2.0,8,2.0,bar,cfd_std,1,1,0,1.0,137.40105015179142,27.0,110.40105015179142,0.19650504832511992,inf,0.35116322312816656,0.0,27.0,0.0,0.0,1.0,0.0,0.0,110.40105015179142
1,atr,3.0,2.0,8,2.0,bar,cfd_raw,1,1,0,1.0,137.40105015179142,22.0,115.40105015179142,0.16011522456120883,inf,0.3670672033278725,0.0,27.0,0.0,0.0,1.0,0.0,0.0,115.40105015179142
1,atr,3.0,2.0,8,2.0,tick,none,1,1,0,1.0,90.92459099090775,0.0,90.92459099090775,0.0,inf,0.2892125789571515,0.0,19.0,0.0,0.0,1.0,0.0,0.0,90.92459099090775
1,atr,3.0,2.0,8,2.0,tick,exchange,1,1,0,1.0,90.92459099090775,88.52601229549546,2.398578695412283,0.9736201321416762,inf,0.007629389615854689,0.0,19.0,0.0,0.0,1.0,0.0,0.0,2.398578695412283
1,atr,3.0,2.0,8,2.0,tick,cfd_std,1,1,0,1.0,90.92459099090775,27.0,63.924590990907745,0.29694936986518794,inf,0.20333108587873946,0.0,19.0,0.0,0.0,1.0,0.0,0.0,63.924590990907745
1,atr,3.0,2.0,8,2.0,tick,cfd_raw,1,1,0,1.0,90.92459099090775,22.0,68.92459099090775,0.24195874581607907,inf,0.2192350660784454,0.0,19.0,0.0,0.0,1.0,0.0,0.0,68.92459099090775
1,atr,3.0,2.5,3,0.5,off,none,9,6,3,0.5555555555555556,1057.867584075866,0.0,1057.867584075866,0.0,2.626676720328472,0.7916286433164986,314.3867093152221,38.44444444444444,0.4444444444444444,0.4444444444444444,0.0,0.1111111111111111,0.0,117.54084267509623
1,atr,3.0,2.5,3,0.5,off,exchange,9,6,3,0.5555555555555556,1073.867584075866,794.1177228666625,279.7498612092036,0.3367022248173027,1.2798111954658282,0.16210722287110066,422.48111776981386,38.44444444444444,0.4444444444444444,0.4444444444444444,0.0,0.1111111111111111,0.0,31.08331791213373
1,atr,3.0,2.5,3,0.5,off,cfd_std,10,5,5,0.1,-861.7874874510162,256.5,-1118.2874874510162,0.19357657329818187,0.16161068169086806,-0.6523162562615944,1118.2874874510162,37.7,0.1,0.8,0.0,0.1,0.0,-111.82874874510162
1,atr,3.0,2.5,3,0.5,off,cfd_raw,9,5,4,0.3333333333333333,336.62225141261297,174.0,162.62225141261297,0.0908800668130778,1.1770665415634087,0.18988138323891743,540.4868043618626,40.22222222222222,0.3333333333333333,0.5555555555555556,0.0,0.1111111111111111,0.0,18.069139045845887
1,atr,3.0,2.5,3,0.5,bar,none,22,12,10,0.7272727272727273,1351.746939693854,0.0,1351.746939693854,0.0,3.597217150263358,0.42450985787747547,403.0441791669582,10.909090909090908,0.09090909090909091,0.13636363636363635,0.7272727272727273,0.045454545454545456,0.0,61.443042713357
1,atr,3.0,2.5,3,0.5,bar,exchange,22,12,10,0.4090909090909091,1361.746939693854,1958.5908663628788,-596.8439266690248,0.8192656511062294,0.6119478579332023,-0.26960006569918255,718.4758561193303,10.909090909090908,0.09090909090909091,0.13636363636363635,0.7272727272727273,0.045454545454545456,0.0,-27.12926939404658
1,atr,3.0,2.5,3,0.5,bar,cfd_std,21,12,9,0.5714285714285714,1142.81474185783,540.0,602.8147418578301,0.21894573378763219,1.6727215332405356,0.15049983899229216,430.0441791669582,11.714285714285714,0.09523809523809523,0.23809523809523808,0.6190476190476191,0.047619047619047616,0.0,28.70546389799191
1,atr,3.0,2.5,3,0.5,bar,cfd_raw,21,12,9,0.5714285714285714,1192.9209104988113,446.0,746.9209104988113,0.186598208650902,1.9479541245557985,0.20755442397939494,431.0441791669582,11.428571428571429,0.09523809523809523,0.19047619047619047,0.6666666666666666,0.047619047619047616,0.0,35.5676624047053
1,atr,3.0,2.5,3,0.5,tick,none,26,15,11,0.7692307692307693,1175.351538836927,0.0,1175.351538836927,0.0,3.2776120800097663,0.31681075240043405,391.2030400713993,7.576923076923077,0.038461538461538464,0.11538461538461539,0.8461538461538461,0.0,0.0,45.205828416804884
1,atr,3.0,2.5,3,0.5,tick,exchange,25,14,11,0.2,1211.6726913593302,2227.0236695893004,-1015.35097822997,1.0085329120504487,0.3991830634872029,-0.3533473313299244,1096.9565290283208,7.92,0.04,0.12,0.84,0.0,0.0,-40.6140391291988
1,atr,3.0,2.5,3,0.5,tick,cfd_std,25,14,11,0.6,1158.0432241604576,661.5,496.5432241604576,0.28952067525337216,1.623657792563817,0.10972403565434291,432.12289737451647,8.04,0.04,0.16,0.8,0.0,0.0,19.861728966418305
1,atr,3.0,2.5,3,0.5,tick,cfd_raw,24,14,10,0.5833333333333334,1075.5894403013372,520.0,555.5894403013372,0.23148589863181826,1.7232551995263143,0.1316546431645876,428.12289737451647,8.375,0.041666666666666664,0.16666666666666666,0.7916666666666666,0.0,0.0,23.149560012555714
1,atr,3.0,2.5,3,1.0,off,none,8,5,3,0.5,831.5750288656855,0.0,831.5750288656855,0.0,2.3536962357681275,0.578082223731051,314.3867093152221,29.125,0.375,0.5,0.0,0.125,0.0,103.94687860821068
1,atr,3.0,2.5,3,1.0,off,exchange,8,5,3,0.5,845.5750288656855,706.7625999644384,138.81242890124702,0.34339299554750274,1.143977689555056,-0.06674189855436974,563.4185500777676,29.0,0.375,0.5,0.0,0.125,0.0,17.351553612655877
1,atr,3.0,2.5,3,1.0,off,cfd_std,8,4,4,0.25,140.8296962024324,189.0,-48.17030379756761,0.11873581816244992,0.9455641072490567,-0.09043650437440354,544.4868043618626,31.125,0.25,0.625,0.0,0.125,0.0,-6.021287974695952
1,atr,3.0,2.5,3,1.0,off,cfd_raw,8,4,4,0.25,102.32969620243239,160.0,-57.67030379756761,0.0994858418745389,0.9346437839464712,-0.09786406529523792,540.4868043618626,31.125,0.25,0.625,0.0,0.125,0.0,-7.208787974695952
1,atr,3.0,2.5,3,1.0,bar,none,13,8,5,0.7692307692307693,746.3340950443671,0.0,746.3340950443671,0.0,2.885376315350922,0.2510817729133251,217.0235042390268,8.615384615384615,0.07692307692307693,0.23076923076923078,0.6153846153846154,0.07692307692307693,0.0,57.410315003412855
1,atr,3.0,2.5,3,1.0,bar,exchange,13,8,5,0.38461538461538464,754.3340950443671,1156.8489722323443,-402.51487718797705,0.7541179637085808,0.6133767595508238,-0.44600615711977465,647.707726171051,8.615384615384615,0.07692307692307693,0.23076923076923078,0.6153846153846154,0.07692307692307693,0.0,-30.96268286061362
1,atr,3.0,2.5,3,1.0,bar,cfd_std,13,8,5,0.46153846153846156,800.3340950443671,337.5,462.83409504436713,0.2233557362567705,1.8874021704193953,0.0762192303981338,230.5235042390268,8.615384615384615,0.07692307692307693,0.23076923076923078,0.6153846153846154,0.07692307692307693,0.0,35.60262269572055
1,atr,3.0,2.5,3,1.0,bar,cfd_raw,13,8,5,0.46153846153846156,778.3340950443671,278.0,500.33409504436713,0.18264930727068926,1.9945799730411335,0.10026755448907063,231.0235042390268,8.615384615384615,0.07692307692307693,0.23076923076923078,0.6153846153846154,0.07692307692307693,0.0,38.487238080335935
1,atr,3.0,2.5,3,1.0,tick,none,13,8,5,0.7692307692307693,852.4304200673214,0.0,852.4304200673214,0.0,3.1533950212793442,0.32850359307780674,217.0235042390268,7.076923076923077,0.07692307692307693,0.23076923076923078,0.6923076923076923,0.0,0.0,65.57157077440934
1,atr,3.0,2.5,3,1.0,tick,exchange,13,8,5,0.38461538461538464,860.4304200673214,1156.829042441738,-296.39862237441656,0.7053238766715872,0.6947454262127576,-0.3685840284518467,592.5406275204296,7.076923076923077,0.07692307692307693,0.23076923076923078,0.6923076923076923,0.0,0.0,-22.799894028801273
1,atr,3.0,2.5,3,1.0,tick,cfd_std,13,8,5,0.6153846153846154,906.4304200673214,337.5,568.9304200673214,0.20870193963413353,2.1771715912442198,0.15364105056261548,230.5235042390268,7.076923076923077,0.07692307692307693,0.23076923076923078,0.6923076923076923,0.0,0.0,43.76387846671703
1,atr,3.0,2.5,3,1.0,tick,cfd_raw,13,8,5,0.6153846153846154,884.4304200673214,278.0,606.4304200673214,0.1707471153261588,2.277225656934736,0.17768937465355228,231.0235042390268,7.076923076923077,0.07692307692307693,0.23076923076923078,0.6923076923076923,0.0,0.0,46.64849385133242
1,atr,3.0,2.5,3,2.0,off,none,1,1,0,0.0,-314.3867093152221,0.0,-314.3867093152221,0.0,0.0,-0.9999999999999997,314.3867093152221,62.0,0.0,1.0,0.0,0.0,0.0,-314.3867093152221
1,atr,3.0,2.5,3,2.0,off,exchange,1,1,0,0.0,-312.3867093152221,88.31931664534238,-400.7060259605645,0.28272430936305115,0.0,-1.274564140555934,400.70602596056415,62.0,0.0,1.0,0.0,0.0,0.0,-400.7060259605645
1,atr,3.0,2.5,3,2.0,off,cfd_std,1,1,0,0.0,-300.8867093152221,27.0,-327.8867093152221,0.08973477114176424,0.0,-1.0429407465392058,327.8867093152221,62.0,0.0,1.0,0.0,0.0,0.0,-327.8867093152221
1,atr,3.0,2.5,3,2.0,off,cfd_raw,1,1,0,0.0,-306.3867093152221,22.0,-328.3867093152221,0.07180468124472585,0.0,-1.0445311445591763,328.3867093152221,62.0,0.0,1.0,0.0,0.0,0.0,-328.3867093152221
1,atr,3.0,2.5,3,2.0,bar,none,1,1,0,1.0,142.44105015179957,0.0,142.44105015179957,0.0,inf,0.45307592824790816,0.0,27.0,0.0,0.0,1.0,0.0,0.0,142.44105015179957
1,atr,3.0,2.5,3,2.0,bar,exchange,1,1,0,1.0,142.44105015179957,88.5467305250759,53.89431962672367,0.6216377261380168,inf,0.17142683844400725,0.0,27.0,0.0,0.0,1.0,0.0,0.0,53.89431962672367
1,atr,3.0,2.5,3,2.0,bar,cfd_std,1,1,0,1.0,142.44105015179957,27.0,115.44105015179957,0.18955209871891615,inf,0.36719443516949607,0.0,27.0,0.0,0.0,1.0,0.0,0.0,115.44105015179957
1,atr,3.0,2.5,3,2.0,bar,cfd_raw,1,1,0,1.0,142.44105015179957,22.0,120.44105015179957,0.15444985821541315,inf,0.38309841536920203,0.0,27.0,0.0,0.0,1.0,0.0,0.0,120.44105015179957
1,atr,3.0,2.5,3,2.0,tick,none,1,1,0,1.0,95.9645909909159,0.0,95.9645909909159,0.0,inf,0.30524379099848103,0.0,19.0,0.0,0.0,1.0,0.0,0.0,95.9645909909159
1,atr,3.0,2.5,3,2.0,tick,exchange,1,1,0,1.0,95.9645909909159,88.52349229549546,7.441098695420436,0.9224599550877592,inf,0.023668617263204857,0.0,19.0,0.0,0.0,1.0,0.0,0.0,7.441098695420436
1,atr,3.0,2.5,3,2.0,tick,cfd_std,1,1,0,1.0,95.9645909909159,27.0,68.9645909909159,0.28135377560829544,inf,0.21936229792006895,0.0,19.0,0.0,0.0,1.0,0.0,0.0,68.9645909909159
1,atr,3.0,2.5,3,2.0,tick,cfd_raw,1,1,0,1.0,95.9645909909159,22.0,73.9645909909159,0.22925122456972222,inf,0.23526627811977488,0.0,19.0,0.0,0.0,1.0,0.0,0.0,73.9645909909159
1,atr,3.0,2.5,5,0.5,off,none,10,4,6,0.5,911.7761398826697,0.0,911.7761398826697,0.0,2.245001698304161,0.6124657789848504,322.0435364285222,32.1,0.4,0.5,0.0,0.1,0.0,91.17761398826697
1,atr,3.0,2.5,5,0.5,off,exchange,10,4,6,0.5,929.7761398826697,883.897001388515,45.87913849415477,0.3722494815376052,1.0392423139938425,-0.07862218311192395,591.819464769258,32.0,0.4,0.5,0.0,0.1,0.0,4.587913849415477
1,atr,3.0,2.5,5,0.5,off,cfd_std,11,3,8,0.2727272727272727,109.85123592887248,256.5,-146.64876407112752,0.13135362573963597,0.8707799645615409,-0.04210096578698317,544.4868043618626,29.454545454545453,0.2727272727272727,0.6363636363636364,0.0,0.09090909090909091,0.0,-13.331705824647957
1,atr,3.0,2.5,5,0.5,off,cfd_raw,10,3,7,0.3,198.5308072194166,196.0,2.5308072194166016,0.10184095051136705,1.0024947594196862,0.0529725325269948,540.4868043618626,33.7,0.3,0.6,0.0,0.1,0.0,0.25308072194166015
1,atr,3.0,2.5,5,0.5,bar,none,17,7,10,0.7647058823529411,1354.1361975628388,0.0,1354.1361975628388,0.0,4.266080945978149,0.5981164096037519,186.0206749279314,11.0,0.17647058823529413,0.17647058823529413,0.5882352941176471,0.058823529411764705,0.0,79.65507044487288
1,atr,3.0,2.5,5,0.5,bar,exchange,17,7,10,0.47058823529411764,1366.1361975628388,1511.4383775353022,-145.30217997246325,0.6922572479458808,0.8618958902916972,-0.1603158239022831,556.402517334529,10.941176470588236,0.17647058823529413,0.17647058823529413,0.5882352941176471,0.058823529411764705,0.0,-8.54718705720372
1,atr,3.0,2.5,5,0.5,bar,cfd_std,16,7,9,0.625,1255.3649538021127,391.5,863.8649538021127,0.18009231767544687,2.4288492884202117,0.36547600262424684,243.93563089448435,11.875,0.1875,0.25,0.5,0.0625,0.0,53.991559612632045
1,atr,3.0,2.5,5,0.5,bar,cfd_raw,17,7,10,0.6470588235294118,1402.1361975628388,350.0,1052.1361975628388,0.16030427729125146,3.0795932522827587,0.4463326208631746,200.0206749279314,11.058823529411764,0.17647058823529413,0.17647058823529413,0.5882352941176471,0.058823529411764705,0.0,61.89036456251993
1,atr,3.0,2.5,5,0.5,tick,none,19,9,10,0.8421052631578947,1323.3105204495805,0.0,1323.3105204495805,0.0,4.379736071094961,0.48565634274785124,174.1795358323725,8.263157894736842,0.10526315789473684,0.15789473684210525,0.7368421052631579,0.0,0.0,69.64792212892529
1,atr,3.0,2.5,5,0.5,tick,exchange,19,9,10,0.3157894736842105,1333.3105204495805,1690.080023131923,-356.7695026823425,0.8031189512542971,0.6930938825844618,-0.24043946741130387,716.7340360827366,8.210526315789474,0.10526315789473684,0.15789473684210525,0.7368421052631579,0.0,0.0,-18.777342246439076
1,atr,3.0,2.5,5,0.5,tick,cfd_std,19,9,10,0.7368421052631579,1335.322696652598,499.5,835.8226966525981,0.2451644657955827,2.7923073163388676,0.26339381420683816,201.59939313548966,8.210526315789474,0.05263157894736842,0.15789473684210525,0.7894736842105263,0.0,0.0,43.99066824487358
1,atr,3.0,2.5,5,0.5,tick,cfd_raw,19,9,10,0.7368421052631579,1313.322696652598,410.0,903.3226966525981,0.20015545529167109,2.973014121065991,0.2946615355689051,197.09939313548966,8.263157894736842,0.05263157894736842,0.15789473684210525,0.7894736842105263,0.0,0.0,47.54329982382095
1,atr,3.0,2.5,5,1.0,off,none,7,2,5,0.42857142857142855,556.6531134743127,0.0,556.6531134743127,0.0,1.9231541533610634,0.3035225414069244,314.3867093152221,31.714285714285715,0.2857142857142857,0.5714285714285714,0.0,0.14285714285714285,0.0,79.52187335347324
1,atr,3.0,2.5,5,1.0,off,exchange,7,2,5,0.42857142857142855,568.6531134743127,619.0016967339477,-50.34858325963498,0.35197870106223006,0.9471469086058497,-0.3377267947250889,551.9027155903023,31.428571428571427,0.2857142857142857,0.5714285714285714,0.0,0.14285714285714285,0.0,-7.192654751376425
1,atr,3.0,2.5,5,1.0,off,cfd_std,7,1,6,0.14285714285714285,-147.59221918894036,175.5,-323.09221918894036,0.137031350954424,0.6301559912836702,-0.4622313171521801,544.4868043618626,33.42857142857143,0.14285714285714285,0.7142857142857143,0.0,0.14285714285714285,0.0,-46.156031312705764
1,atr,3.0,2.5,5,1.0,off,cfd_raw,7,1,6,0.14285714285714285,-180.59221918894036,146.0,-326.59221918894036,0.11207244216492444,0.6250765994984565,-0.4632976643571799,540.4868043618626,33.857142857142854,0.14285714285714285,0.7142857142857143,0.0,0.14285714285714285,0.0,-46.656031312705764
1,atr,3.0,2.5,5,1.0,bar,none,9,3,6,0.8888888888888888,1014.7167524767574,0.0,1014.7167524767574,0.0,11.578884566098926,0.5760692791904787,95.91906841752643,9.666666666666666,0.1111111111111111,0.1111111111111111,0.6666666666666666,0.1111111111111111,0.0,112.74630583075083
1,atr,3.0,2.5,5,1.0,bar,exchange,9,3,6,0.5555555555555556,1018.7167524767574,799.4011679141157,219.31558456264176,0.6625485296985326,1.5294399845391904,-0.14619911144961428,323.71264041156974,9.555555555555555,0.1111111111111111,0.1111111111111111,0.6666666666666666,0.1111111111111111,0.0,24.368398284737975
1,atr,3.0,2.5,5,1.0,bar,cfd_std,9,3,6,0.5555555555555556,1041.7167524767574,229.5,812.2167524767574,0.19021099001215042,6.3007875608669375,0.3854936075732919,109.41906841752643,9.444444444444445,0.1111111111111111,0.1111111111111111,0.6666666666666666,0.1111111111111111,0.0,90.24630583075083
1,atr,3.0,2.5,5,1.0,bar,cfd_raw,9,3,6,0.5555555555555556,1030.7167524767574,190.0,840.7167524767574,0.15747315077258642,7.060282294417678,0.4142826866416476,109.91906841752643,9.555555555555555,0.1111111111111111,0.1111111111111111,0.6666666666666666,0.1111111111111111,0.0,93.41297249741748
1,atr,3.0,2.5,5,1.0,tick,none,9,3,6,0.8888888888888888,1101.2882464335416,0.0,1101.2882464335416,0.0,12.481431842516864,0.6795851199731727,95.91906841752643,7.666666666666667,0.1111111111111111,0.1111111111111111,0.7777777777777778,0.0,0.0,122.36536071483796
1,atr,3.0,2.5,5,1.0,tick,exchange,9,3,6,0.5555555555555556,1105.2882464335416,799.3635257079765,305.9247207255652,0.6181634958892809,1.8413020578788843,-0.042668763112911755,288.05266041158757,7.555555555555555,0.1111111111111111,0.1111111111111111,0.7777777777777778,0.0,0.0,33.99163563617391
1,atr,3.0,2.5,5,1.0,tick,cfd_std,9,3,6,0.8888888888888888,1128.2882464335416,229.5,898.7882464335416,0.1774768522005561,9.214182952133198,0.4890094483559861,109.41906841752643,7.444444444444445,0.1111111111111111,0.1111111111111111,0.7777777777777778,0.0,0.0,99.86536071483796
1,atr,3.0,2.5,5,1.0,tick,cfd_raw,9,3,6,0.8888888888888888,1117.2882464335416,190.0,927.2882464335416,0.14693072731200724,9.436099939559595,0.5177985274243415,109.91906841752643,7.555555555555555,0.1111111111111111,0.1111111111111111,0.7777777777777778,0.0,0.0,103.03202738150463
1,atr,3.0,2.5,5,2.0,off,none,2,1,1,0.0,-403.57536810262536,0.0,-403.57536810262536,0.0,0.0,-1.0000000000000169,403.57536810262536,50.5,0.0,1.0,0.0,0.0,0.0,-201.78768405131268
1,atr,3.0,2.5,5,2.0,off,exchange,2,1,1,0.0,-399.57536810262536,177.8438109747361,-577.4191790773615,0.44508201749077636,0.0,-1.6279323688788336,577.4191790773621,50.5,0.0,1.0,0.0,0.0,0.0,-288.70958953868075
1,atr,3.0,2.5,5,2.0,off,cfd_std,2,1,1,0.0,-376.57536810262536,54.0,-430.57536810262536,0.14339758936459107,0.0,-1.0971526415285253,430.57536810262536,49.5,0.0,1.0,0.0,0.0,0.0,-215.28768405131268
1,atr,3.0,2.5,5,2.0,off,cfd_raw,2,1,1,0.0,-387.57536810262536,44.0,-431.57536810262536,0.1135263064198376,0.0,-1.1007508875110625,431.57536810262536,50.5,0.0,1.0,0.0,0.0,0.0,-215.78768405131268
1,atr,3.0,2.5,5,2.0,bar,none,2,1,1,1.0,157.92226127498725,0.0,157.92226127498725,0.0,inf,0.3335661955272404,0.0,16.0,0.0,0.0,1.0,0.0,0.0,78.96113063749362
1,atr,3.0,2.5,5,2.0,bar,exchange,2,1,1,0.5,157.92226127498725,178.01484991951432,-20.09258864452707,1.1272308823487538,0.7085681786677351,-0.30881491223799074,68.94438827123668,16.0,0.0,0.0,1.0,0.0,0.0,-10.046294322263535
1,atr,3.0,2.5,5,2.0,bar,cfd_std,2,1,1,0.5,157.92226127498725,54.0,103.92226127498725,0.34194039246924635,17.040383974705087,0.1392609124702236,6.478788876804174,16.0,0.0,0.0,1.0,0.0,0.0,51.961130637493625
1,atr,3.0,2.5,5,2.0,bar,cfd_raw,2,1,1,0.5,157.92226127498725,44.0,113.92226127498725,0.27861809756753403,78.03754272292461,0.17524337229559708,1.478788876804174,16.0,0.0,0.0,1.0,0.0,0.0,56.961130637493625
1,atr,3.0,2.5,5,2.0,tick,none,2,1,1,1.0,119.39580211410066,0.0,119.39580211410066,0.0,inf,0.3042185737660881,0.0,11.5,0.0,0.0,1.0,0.0,0.0,59.69790105705033
1,atr,3.0,2.5,5,2.0,tick,exchange,2,1,1,0.5,119.39580211410066,177.98763668993388,-58.591834575833204,1.4907361359308084,0.039327142853500155,-0.33810329174139875,60.99041327123996,11.5,0.0,0.0,1.0,0.0,0.0,-29.295917287916602
1,atr,3.0,2.5,5,2.0,tick,cfd_std,2,1,1,1.0,119.39580211410066,54.0,65.39580211410066,0.45227720777314157,inf,0.10991329070907134,0.0,11.5,0.0,0.0,1.0,0.0,0.0,32.69790105705033
1,atr,3.0,2.5,5,2.0,tick,cfd_raw,2,1,1,1.0,119.39580211410066,44.0,75.39580211410066,0.3685221692966339,inf,0.1458957505344448,0.0,11.5,0.0,0.0,1.0,0.0,0.0,37.69790105705033
1,atr,3.0,2.5,8,0.5,off,none,6,2,4,0.5,508.8442734617129,0.0,508.8442734617129,0.0,1.855684028925576,0.7499999999999917,493.0568043618696,45.833333333333336,0.5,0.5,0.0,0.0,0.0,84.80737891028548
1,atr,3.0,2.5,8,0.5,off,exchange,6,2,4,0.5,520.8442734617129,528.6904434896634,-7.846170027950507,0.31132919045507856,0.9908200393935699,0.15681220167915352,665.6068660547317,45.833333333333336,0.5,0.5,0.0,0.0,0.0,-1.3076950046584177
1,atr,3.0,2.5,8,0.5,off,cfd_std,7,2,5,0.42857142857142855,451.66470217116876,148.5,303.16470217116876,0.08520545725156883,1.4022935791794655,0.44571073372169856,520.0568043618696,37.42857142857143,0.42857142857142855,0.5714285714285714,0.0,0.0,0.0,43.30924316730982
1,atr,3.0,2.5,8,0.5,off,cfd_raw,6,2,4,0.5,556.8442734617129,108.0,448.8442734617129,0.06359780658642805,1.7049942351154734,0.683882444783192,521.0568043618696,45.833333333333336,0.5,0.5,0.0,0.0,0.0,74.80737891028548
1,atr,3.0,2.5,8,0.5,bar,none,12,4,8,0.9166666666666666,1203.3150374585093,0.0,1203.3150374585093,0.0,10.168252404925122,0.659975626279216,131.2480268117506,8.916666666666666,0.16666666666666666,0.08333333333333333,0.75,0.0,0.0,100.27625312154244
1,atr,3.0,2.5,8,0.5,bar,exchange,12,4,8,0.3333333333333333,1209.3150374585093,1065.9390116771408,143.37602578136847,0.7262099449673555,1.2773337000432836,-0.05105295302918989,292.9085499254579,8.916666666666666,0.16666666666666666,0.08333333333333333,0.75,0.0,0.0,11.948002148447372
1,atr,3.0,2.5,8,0.5,bar,cfd_std,12,4,8,0.75,1243.8150374585093,297.0,946.8150374585093,0.20076912948902836,6.403923112842986,0.4879568845981501,144.7480268117506,8.833333333333334,0.16666666666666666,0.08333333333333333,0.75,0.0,0.0,78.90125312154244
1,atr,3.0,2.5,8,0.5,bar,cfd_raw,12,4,8,0.75,1227.3150374585093,248.0,979.3150374585093,0.16827122655043175,6.909854331914018,0.509838025432166,145.2480268117506,8.916666666666666,0.16666666666666666,0.08333333333333333,0.75,0.0,0.0,81.60958645487578
1,atr,3.0,2.5,8,0.5,tick,none,12,4,8,0.9166666666666666,1103.1361348019418,0.0,1103.1361348019418,0.0,9.404973100160758,0.5649048096591287,131.2480268117506,7.166666666666667,0.08333333333333333,0.08333333333333333,0.8333333333333334,0.0,0.0,91.92801123349516
1,atr,3.0,2.5,8,0.5,tick,exchange,12,4,8,0.4166666666666667,1107.1361348019418,1067.9511469357249,39.18498786621704,0.7820196067339766,1.0811847067103593,-0.15003345120031295,441.62473466557276,7.166666666666667,0.08333333333333333,0.08333333333333333,0.8333333333333334,0.0,0.0,3.265415655518087
1,atr,3.0,2.5,8,0.5,tick,cfd_std,12,4,8,0.8333333333333334,1130.1361348019418,310.5,819.6361348019418,0.22736722422895045,6.376390300158244,0.36679182299068164,144.7480268117506,7.083333333333333,0.08333333333333333,0.08333333333333333,0.8333333333333334,0.0,0.0,68.30301123349516
1,atr,3.0,2.5,8,0.5,tick,cfd_raw,12,4,8,0.8333333333333334,1119.1361348019418,256.0,863.1361348019418,0.18745896748022967,6.833931996307085,0.39930395252326023,145.2480268117506,7.166666666666667,0.08333333333333333,0.08333333333333333,0.8333333333333334,0.0,0.0,71.92801123349516
1,atr,3.0,2.5,8,1.0,off,none,4,2,2,0.25,-15.16081050032517,0.0,-15.16081050032517,0.0,0.9731979733938568,-0.1249999999999756,493.0568043618696,37.75,0.25,0.75,0.0,0.0,0.0,-3.7902026250812924
1,atr,3.0,2.5,8,1.0,off,exchange,4,2,2,0.25,-7.160810500325169,353.66523139089014,-360.82604189121525,0.31799925869067597,0.5631930011980035,-0.713590465774785,665.6068660547317,37.75,0.25,0.75,0.0,0.0,0.0,-90.20651047280381
1,atr,3.0,2.5,8,1.0,off,cfd_std,4,2,2,0.25,38.83918949967483,94.5,-55.66081050032517,0.08676431825071818,0.9081745871066644,-0.20111087691642848,520.0568043618696,35.5,0.25,0.75,0.0,0.0,0.0,-13.915202625081292
1,atr,3.0,2.5,8,1.0,off,cfd_raw,4,2,2,0.25,16.83918949967483,80.0,-63.16081050032517,0.07271686705511574,0.8960588107335455,-0.2107418084342353,521.0568043618696,37.75,0.25,0.75,0.0,0.0,0.0,-15.790202625081292
1,atr,3.0,2.5,8,1.0,bar,none,5,3,2,1.0,833.8575935896079,0.0,833.8575935896079,0.0,inf,0.7883898187411331,0.0,11.0,0.2,0.0,0.8,0.0,0.0,166.77151871792157
1,atr,3.0,2.5,8,1.0,bar,exchange,5,3,2,0.4,835.8575935896079,442.0554174935594,393.8021760960486,0.5288645109930068,4.274119086834531,0.19151622240655203,75.78470887815638,11.0,0.2,0.0,0.8,0.0,0.0,78.76043521920971
1,atr,3.0,2.5,8,1.0,bar,cfd_std,5,3,2,0.8,847.3575935896079,121.5,725.8575935896079,0.14338692533018696,57.2775506348592,0.6308577271779694,12.897817787044914,11.0,0.2,0.0,0.8,0.0,0.0,145.17151871792157
1,atr,3.0,2.5,8,1.0,bar,cfd_raw,5,3,2,0.8,841.8575935896079,102.0,739.8575935896079,0.12116063426485332,94.67873677754682,0.6545807286062788,7.897817787044914,11.0,0.2,0.0,0.8,0.0,0.0,147.97151871792158
1,atr,3.0,2.5,8,1.0,tick,none,5,3,2,1.0,877.8182886078866,0.0,877.8182886078866,0.0,inf,0.8962688669751199,0.0,9.0,0.2,0.0,0.8,0.0,0.0,175.56365772157733
1,atr,3.0,2.5,8,1.0,tick,exchange,5,3,2,0.8,879.8182886078866,442.0390806868893,437.77920792099746,0.5024208821418297,8.555259803717686,0.29938422263015757,57.94363387816702,9.0,0.2,0.0,0.8,0.0,0.0,87.5558415841995
1,atr,3.0,2.5,8,1.0,tick,cfd_std,5,3,2,1.0,891.3182886078866,121.5,769.8182886078866,0.1363149410854857,inf,0.7387367754119563,0.0,9.0,0.2,0.0,0.8,0.0,0.0,153.96365772157733
1,atr,3.0,2.5,8,1.0,tick,cfd_raw,5,3,2,1.0,885.8182886078866,102.0,783.8182886078866,0.11514776936960598,inf,0.7624597768402654,0.0,9.0,0.2,0.0,0.8,0.0,0.0,156.76365772157732
1,atr,3.0,2.5,8,2.0,off,none,1,1,0,0.0,-314.3867093152221,0.0,-314.3867093152221,0.0,0.0,-0.9999999999999997,314.3867093152221,62.0,0.0,1.0,0.0,0.0,0.0,-314.3867093152221
1,atr,3.0,2.5,8,2.0,off,exchange,1,1,0,0.0,-312.3867093152221,88.32435664534239,-400.7110659605645,0.28274044321205855,0.0,-1.2745801717679754,400.7110659605678,62.0,0.0,1.0,0.0,0.0,0.0,-400.7110659605645
1,atr,3.0,2.5,8,2.0,off,cfd_std,1,1,0,0.0,-300.8867093152221,27.0,-327.8867093152221,0.08973477114176424,0.0,-1.0429407465392058,327.8867093152221,60.0,0.0,1.0,0.0,0.0,0.0,-327.8867093152221
1,atr,3.0,2.5,8,2.0,off,cfd_raw,1,1,0,0.0,-306.3867093152221,22.0,-328.3867093152221,0.07180468124472585,0.0,-1.0445311445591763,328.3867093152221,62.0,0.0,1.0,0.0,0.0,0.0,-328.3867093152221
1,atr,3.0,2.5,8,2.0,bar,none,1,1,0,1.0,137.40105015179142,0.0,137.40105015179142,0.0,inf,0.43704471620657864,0.0,27.0,0.0,0.0,1.0,0.0,0.0,137.40105015179142
1,atr,3.0,2.5,8,2.0,bar,exchange,1,1,0,1.0,137.40105015179142,88.5492505250759,48.85179962671552,0.6444583242067848,inf,0.15538761079665708,0.0,27.0,0.0,0.0,1.0,0.0,0.0,48.85179962671552
1,atr,3.0,2.5,8,2.0,bar,cfd_std,1,1,0,1.0,137.40105015179142,27.0,110.40105015179142,0.19650504832511992,inf,0.35116322312816656,0.0,27.0,0.0,0.0,1.0,0.0,0.0,110.40105015179142
1,atr,3.0,2.5,8,2.0,bar,cfd_raw,1,1,0,1.0,137.40105015179142,22.0,115.40105015179142,0.16011522456120883,inf,0.3670672033278725,0.0,27.0,0.0,0.0,1.0,0.0,0.0,115.40105015179142
1,atr,3.0,2.5,8,2.0,tick,none,1,1,0,1.0,90.92459099090775,0.0,90.92459099090775,0.0,inf,0.2892125789571515,0.0,19.0,0.0,0.0,1.0,0.0,0.0,90.92459099090775
1,atr,3.0,2.5,8,2.0,tick,exchange,1,1,0,1.0,90.92459099090775,88.52601229549546,2.398578695412283,0.9736201321416762,inf,0.007629389615854689,0.0,19.0,0.0,0.0,1.0,0.0,0.0,2.398578695412283
1,atr,3.0,2.5,8,2.0,tick,cfd_std,1,1,0,1.0,90.92459099090775,27.0,63.924590990907745,0.29694936986518794,inf,0.20333108587873946,0.0,19.0,0.0,0.0,1.0,0.0,0.0,63.924590990907745
1,atr,3.0,2.5,8,2.0,tick,cfd_raw,1,1,0,1.0,90.92459099090775,22.0,68.92459099090775,0.24195874581607907,inf,0.2192350660784454,0.0,19.0,0.0,0.0,1.0,0.0,0.0,68.92459099090775
1,atr,3.0,3.0,3,0.5,off,none,9,5,4,0.4444444444444444,492.43160340128816,0.0,492.43160340128816,0.0,1.5940106940805134,0.44671874532542166,493.0568043618696,41.0,0.3333333333333333,0.5555555555555556,0.0,0.1111111111111111,0.0,54.71462260014313
1,atr,3.0,3.0,3,0.5,off,exchange,9,5,4,0.3333333333333333,508.43160340128816,796.4612570714366,-288.0296536701484,0.37106485535892225,0.7867054972448733,-0.19449619348147346,751.3100210547273,41.0,0.3333333333333333,0.5555555555555556,0.0,0.1111111111111111,0.0,-32.00329485223871
1,atr,3.0,3.0,3,0.5,off,cfd_std,10,5,5,0.1,-818.6745328304096,256.5,-1075.1745328304096,0.18747670406283734,0.1939328180290395,-0.6023162562615962,1090.5200535553158,38.1,0.1,0.8,0.0,0.1,0.0,-107.51745328304096
1,atr,3.0,3.0,3,0.5,off,cfd_raw,9,5,4,0.3333333333333333,556.4316034012882,174.0,382.43160340128816,0.08152095155558992,1.4163996059001995,0.35654804990558975,540.4868043618626,41.0,0.3333333333333333,0.5555555555555556,0.0,0.1111111111111111,0.0,42.49240037792091
1,atr,3.0,3.0,3,0.5,bar,none,22,12,10,0.7272727272727273,1504.9595540957234,0.0,1504.9595540957234,0.0,3.891596533028112,0.4699644033320185,403.0441791669582,11.0,0.09090909090909091,0.13636363636363635,0.7272727272727273,0.045454545454545456,0.0,68.40725245889652
1,atr,3.0,3.0,3,0.5,bar,exchange,22,12,10,0.4090909090909091,1514.9595540957234,1958.514260055678,-443.5547059599544,0.769892847684365,0.7116124566564986,-0.2241227929719124,675.3413450214139,11.0,0.09090909090909091,0.13636363636363635,0.7272727272727273,0.045454545454545456,0.0,-20.16157754363429
1,atr,3.0,3.0,3,0.5,bar,cfd_std,21,12,9,0.5714285714285714,1296.0273562596994,540.0,756.0273562596994,0.2061401373277861,1.8437017991752476,0.19811888661133709,430.0441791669582,11.952380952380953,0.09523809523809523,0.23809523809523808,0.6190476190476191,0.047619047619047616,0.0,36.00130267903331
1,atr,3.0,3.0,3,0.5,bar,cfd_raw,21,12,9,0.5714285714285714,1346.1335249006806,446.0,900.1335249006806,0.17535755378599233,2.142403801509193,0.25517347159843984,431.0441791669582,11.666666666666666,0.09523809523809523,0.19047619047619047,0.6666666666666666,0.047619047619047616,0.0,42.8635011857467
1,atr,3.0,3.0,3,0.5,tick,none,26,15,11,0.7692307692307693,1285.4511986181897,0.0,1285.4511986181897,0.0,3.4909646871547864,0.3360415216312018,391.2030400713993,7.615384615384615,0.038461538461538464,0.11538461538461539,0.8461538461538461,0.0,0.0,49.440430716084215
1,atr,3.0,3.0,3,0.5,tick,exchange,25,14,11,0.2,1321.772351140593,2226.9686197594096,-905.1962686188166,0.9606119848662678,0.46436526805493217,-0.33333733132992593,986.8018194171746,7.96,0.04,0.12,0.84,0.0,0.0,-36.20785074475266
1,atr,3.0,3.0,3,0.5,tick,cfd_std,25,14,11,0.6,1268.1428839417204,661.5,606.6428839417204,0.2762107303511146,1.761942855052195,0.12972403565434135,432.12289737451647,8.08,0.04,0.16,0.8,0.0,0.0,24.265715357668814
1,atr,3.0,3.0,3,0.5,tick,cfd_raw,24,14,10,0.5833333333333334,1185.6891000826,520.0,665.6891000825999,0.22067028820263576,1.8665807302629807,0.15248797649791934,428.12289737451647,8.416666666666666,0.041666666666666664,0.16666666666666666,0.7916666666666666,0.0,0.0,27.737045836774996
1,atr,3.0,3.0,3,1.0,off,none,8,4,4,0.375,213.67557042058615,0.0,213.67557042058615,0.0,1.2694624740229385,0.12755858849107987,493.0568043618696,31.5,0.25,0.625,0.0,0.125,0.0,26.70944630257327
1,atr,3.0,3.0,3,1.0,off,exchange,8,4,4,0.25,227.67557042058615,709.1323659080979,-481.4567954875116,0.39536489015718046,0.6337975715605019,-0.530451991951025,751.3100210547273,31.375,0.25,0.625,0.0,0.125,0.0,-60.18209943593895
1,atr,3.0,3.0,3,1.0,off,cfd_std,8,4,4,0.25,308.17557042058615,189.0,119.17557042058615,0.10744039393333021,1.1346769286988616,0.03456349562559341,544.4868043618626,31.375,0.25,0.625,0.0,0.125,0.0,14.89694630257327
1,atr,3.0,3.0,3,1.0,off,cfd_raw,8,4,4,0.25,269.67557042058615,160.0,109.67557042058615,0.09010962803929275,1.1242923966789329,0.02713593470475903,540.4868043618626,31.375,0.25,0.625,0.0,0.125,0.0,13.70944630257327
1,atr,3.0,3.0,3,1.0,bar,none,13,8,5,0.7692307692307693,856.4337548256299,0.0,856.4337548256299,0.0,3.163508176481355,0.2895433113748606,217.0235042390268,8.692307692307692,0.07692307692307693,0.23076923076923078,0.6153846153846154,0.07692307692307693,0.0,65.87951960197152
1,atr,3.0,3.0,3,1.0,bar,exchange,13,8,5,0.38461538461538464,864.4337548256299,1156.7939224024537,-292.3601675768237,0.703585117226567,0.7191824656110077,-0.40752538788900833,647.707726171051,8.692307692307692,0.07692307692307693,0.23076923076923078,0.6153846153846154,0.07692307692307693,0.0,-22.48924365975567
1,atr,3.0,3.0,3,1.0,bar,cfd_std,13,8,5,0.46153846153846156,910.4337548256299,337.5,572.9337548256299,0.20818655993881552,2.0984987125679675,0.11468076885966932,230.5235042390268,8.692307692307692,0.07692307692307693,0.23076923076923078,0.6153846153846154,0.07692307692307693,0.0,44.071827294279224
1,atr,3.0,3.0,3,1.0,bar,cfd_raw,13,8,5,0.46153846153846156,888.4337548256299,278.0,610.4337548256299,0.17032830506719138,2.2134395665441033,0.13872909295060615,231.0235042390268,8.692307692307692,0.07692307692307693,0.23076923076923078,0.6153846153846154,0.07692307692307693,0.0,46.956442678894604
1,atr,3.0,3.0,3,1.0,tick,none,13,8,5,0.7692307692307693,962.5300798485841,0.0,962.5300798485841,0.0,3.431526882409777,0.3669651315393423,217.0235042390268,7.153846153846154,0.07692307692307693,0.23076923076923078,0.6923076923076923,0.0,0.0,74.04077537296801
1,atr,3.0,3.0,3,1.0,tick,exchange,13,8,5,0.38461538461538464,970.5300798485841,1156.7739926118475,-186.24391276326315,0.6609236584327419,0.8081913952379917,-0.33010325922108036,592.5406275204296,7.153846153846154,0.07692307692307693,0.23076923076923078,0.6923076923076923,0.0,0.0,-14.32645482794332
1,atr,3.0,3.0,3,1.0,tick,cfd_std,13,8,5,0.6153846153846154,1016.5300798485841,337.5,679.0300798485841,0.19539861565583244,2.4049783442823505,0.192102589024151,230.5235042390268,7.153846153846154,0.07692307692307693,0.23076923076923078,0.6923076923076923,0.0,0.0,52.2330830652757
1,atr,3.0,3.0,3,1.0,tick,cfd_raw,13,8,5,0.6153846153846154,994.5300798485841,278.0,716.5300798485841,0.15993202869703907,2.509110644295369,0.2161509131150878,231.0235042390268,7.153846153846154,0.07692307692307693,0.23076923076923078,0.6923076923076923,0.0,0.0,55.11769844989109
1,atr,3.0,3.0,3,2.0,off,none,1,1,0,0.0,-314.3867093152221,0.0,-314.3867093152221,0.0,0.0,-0.9999999999999997,314.3867093152221,62.0,0.0,1.0,0.0,0.0,0.0,-314.3867093152221
1,atr,3.0,3.0,3,2.0,off,exchange,1,1,0,0.0,-312.3867093152221,88.31931664534238,-400.7060259605645,0.28272430936305115,0.0,-1.274564140555934,400.70602596056415,62.0,0.0,1.0,0.0,0.0,0.0,-400.7060259605645
1,atr,3.0,3.0,3,2.0,off,cfd_std,1,1,0,0.0,-300.8867093152221,27.0,-327.8867093152221,0.08973477114176424,0.0,-1.0429407465392058,327.8867093152221,62.0,0.0,1.0,0.0,0.0,0.0,-327.8867093152221
1,atr,3.0,3.0,3,2.0,off,cfd_raw,1,1,0,0.0,-306.3867093152221,22.0,-328.3867093152221,0.07180468124472585,0.0,-1.0445311445591763,328.3867093152221,62.0,0.0,1.0,0.0,0.0,0.0,-328.3867093152221
1,atr,3.0,3.0,3,2.0,bar,none,1,1,0,1.0,142.44105015179957,0.0,142.44105015179957,0.0,inf,0.45307592824790816,0.0,27.0,0.0,0.0,1.0,0.0,0.0,142.44105015179957
1,atr,3.0,3.0,3,2.0,bar,exchange,1,1,0,1.0,142.44105015179957,88.5467305250759,53.89431962672367,0.6216377261380168,inf,0.17142683844400725,0.0,27.0,0.0,0.0,1.0,0.0,0.0,53.89431962672367
1,atr,3.0,3.0,3,2.0,bar,cfd_std,1,1,0,1.0,142.44105015179957,27.0,115.44105015179957,0.18955209871891615,inf,0.36719443516949607,0.0,27.0,0.0,0.0,1.0,0.0,0.0,115.44105015179957
1,atr,3.0,3.0,3,2.0,bar,cfd_raw,1,1,0,1.0,142.44105015179957,22.0,120.44105015179957,0.15444985821541315,inf,0.38309841536920203,0.0,27.0,0.0,0.0,1.0,0.0,0.0,120.44105015179957
1,atr,3.0,3.0,3,2.0,tick,none,1,1,0,1.0,95.9645909909159,0.0,95.9645909909159,0.0,inf,0.30524379099848103,0.0,19.0,0.0,0.0,1.0,0.0,0.0,95.9645909909159
1,atr,3.0,3.0,3,2.0,tick,exchange,1,1,0,1.0,95.9645909909159,88.52349229549546,7.441098695420436,0.9224599550877592,inf,0.023668617263204857,0.0,19.0,0.0,0.0,1.0,0.0,0.0,7.441098695420436
1,atr,3.0,3.0,3,2.0,tick,cfd_std,1,1,0,1.0,95.9645909909159,27.0,68.9645909909159,0.28135377560829544,inf,0.21936229792006895,0.0,19.0,0.0,0.0,1.0,0.0,0.0,68.9645909909159
1,atr,3.0,3.0,3,2.0,tick,cfd_raw,1,1,0,1.0,95.9645909909159,22.0,73.9645909909159,0.22925122456972222,inf,0.23526627811977488,0.0,19.0,0.0,0.0,1.0,0.0,0.0,73.9645909909159
1,atr,3.0,3.0,5,0.5,off,none,10,3,7,0.4,333.52685050487344,0.0,333.52685050487344,0.0,1.3661029031147172,0.30204687079287124,493.0568043618696,34.6,0.3,0.6,0.0,0.1,0.0,33.352685050487345
1,atr,3.0,3.0,5,0.5,off,exchange,10,3,7,0.3,351.52685050487344,886.1896960332037,-534.6628455283303,0.41226453736496305,0.6481852140542839,-0.3995152578292504,760.5087777522713,34.5,0.3,0.6,0.0,0.1,0.0,-53.46628455283303
1,atr,3.0,3.0,5,0.5,off,cfd_std,11,3,8,0.2727272727272727,307.4967560644145,256.5,50.99675606441451,0.11928071715479373,1.0449359574738313,0.09426267057664042,544.4868043618626,29.90909090909091,0.2727272727272727,0.6363636363636364,0.0,0.09090909090909091,0.0,4.636068733128592
1,atr,3.0,3.0,5,0.5,off,cfd_raw,10,3,7,0.3,405.52685050487344,196.0,209.52685050487344,0.09195119008425483,1.2065424343521214,0.20297253252699007,540.4868043618626,34.3,0.3,0.6,0.0,0.1,0.0,20.952685050487343
1,atr,3.0,3.0,5,0.5,bar,none,17,7,10,0.7647058823529411,1551.7817176983808,0.0,1551.7817176983808,0.0,4.742787992532585,0.6863517037213906,186.0206749279314,11.235294117647058,0.17647058823529413,0.17647058823529413,0.5882352941176471,0.058823529411764705,0.0,91.28127751166946
1,atr,3.0,3.0,5,0.5,bar,exchange,17,7,10,0.47058823529411764,1563.7817176983808,1511.3395547752343,52.44216292314658,0.6347516840844118,1.0498442502586782,-0.07203641213758549,513.268006236598,11.176470588235293,0.17647058823529413,0.17647058823529413,0.5882352941176471,0.058823529411764705,0.0,3.0848331131262694
1,atr,3.0,3.0,5,0.5,bar,cfd_std,16,7,9,0.625,1453.0104739376548,391.5,1061.5104739376548,0.16508325981264618,2.7557587892191098,0.459226002624238,243.93563089448435,12.1875,0.1875,0.25,0.5,0.0625,0.0,66.34440462110342
1,atr,3.0,3.0,5,0.5,bar,cfd_raw,17,7,10,0.6470588235294118,1599.7817176983808,350.0,1249.7817176983808,0.1469974690516084,3.470248274864321,0.5345679149808134,200.0206749279314,11.352941176470589,0.17647058823529413,0.17647058823529413,0.5882352941176471,0.058823529411764705,0.0,73.51657162931652
1,atr,3.0,3.0,5,0.5,tick,none,19,9,10,0.8421052631578947,1391.4223564338608,0.0,1391.4223564338608,0.0,4.553693751765684,0.48710446459425083,174.1795358323725,8.368421052631579,0.05263157894736842,0.15789473684210525,0.7894736842105263,0.0,0.0,73.23275560178215
1,atr,3.0,3.0,5,0.5,tick,exchange,19,9,10,0.3157894736842105,1399.4223564338608,1692.0479672139309,-292.62561078006996,0.779563296755962,0.7482727940991505,-0.24136084212616868,716.7340360827366,8.31578947368421,0.05263157894736842,0.15789473684210525,0.7894736842105263,0.0,0.0,-15.401347935793156
1,atr,3.0,3.0,5,0.5,tick,cfd_std,19,9,10,0.7368421052631579,1445.4223564338608,499.5,945.9223564338608,0.23259523168658486,3.0284009598145447,0.28970960368052034,201.59939313548966,8.263157894736842,0.05263157894736842,0.15789473684210525,0.7894736842105263,0.0,0.0,49.785387180729515
1,atr,3.0,3.0,5,0.5,tick,cfd_raw,19,9,10,0.7368421052631579,1423.4223564338608,410.0,1013.4223564338608,0.18994606397429664,3.2134909565069307,0.32097732504258736,197.09939313548966,8.31578947368421,0.05263157894736842,0.15789473684210525,0.7894736842105263,0.0,0.0,53.338018759676885
1,atr,3.0,3.0,5,1.0,off,none,7,1,6,0.2857142857142857,-118.49255940767762,0.0,-118.49255940767762,0.0,0.84840917935012,-0.28279018458161587,493.0568043618696,34.42857142857143,0.14285714285714285,0.7142857142857143,0.0,0.14285714285714285,0.0,-16.92750848681109
1,atr,3.0,3.0,5,1.0,off,exchange,7,1,6,0.14285714285714285,-106.49255940767762,621.3428395703886,-727.8353989780662,0.43244051020034013,0.44150900024415973,-0.9390740443212683,751.3150610547164,34.142857142857146,0.14285714285714285,0.7142857142857143,0.0,0.14285714285714285,0.0,-103.97648556829517
1,atr,3.0,3.0,5,1.0,off,cfd_std,7,1,6,0.14285714285714285,-37.49255940767762,175.5,-212.99255940767762,0.12618378393138874,0.7561871895403942,-0.3908027457236141,544.4868043618626,33.57142857142857,0.14285714285714285,0.7142857142857143,0.0,0.14285714285714285,0.0,-30.42750848681109
1,atr,3.0,3.0,5,1.0,off,cfd_raw,7,1,6,0.14285714285714285,-70.49255940767762,146.0,-216.49255940767762,0.10333880042710349,0.7514695029845415,-0.39186909292861394,540.4868043618626,34.0,0.14285714285714285,0.7142857142857143,0.0,0.14285714285714285,0.0,-30.92750848681109
1,atr,3.0,3.0,5,1.0,bar,none,9,3,6,0.8888888888888888,1124.8164122580201,0.0,1124.8164122580201,0.0,12.726723693372449,0.63162483474603,95.91906841752643,9.777777777777779,0.1111111111111111,0.1111111111111111,0.6666666666666666,0.1111111111111111,0.0,124.97960136200224
1,atr,3.0,3.0,5,1.0,bar,exchange,9,3,6,0.5555555555555556,1128.8164122580201,799.346118084225,329.4702941737952,0.6071039048433957,1.795359562802405,-0.09061577811628521,323.71264041156974,9.666666666666666,0.1111111111111111,0.1111111111111111,0.6666666666666666,0.1111111111111111,0.0,36.60781046375502
1,atr,3.0,3.0,5,1.0,bar,cfd_std,9,3,6,0.5555555555555556,1151.8164122580201,229.5,922.3164122580201,0.1743054016393915,7.0193333249681285,0.4410491631288433,109.41906841752643,9.555555555555555,0.1111111111111111,0.1111111111111111,0.6666666666666666,0.1111111111111111,0.0,102.47960136200224
1,atr,3.0,3.0,5,1.0,bar,cfd_raw,9,3,6,0.5555555555555556,1140.8164122580201,190.0,950.8164122580201,0.14430512554023697,7.853932494473901,0.4698382421971988,109.91906841752643,9.666666666666666,0.1111111111111111,0.1111111111111111,0.6666666666666666,0.1111111111111111,0.0,105.6462680286689
1,atr,3.0,3.0,5,1.0,tick,none,9,3,6,0.8888888888888888,1211.3879062148044,0.0,1211.3879062148044,0.0,13.629270969790385,0.7351406755287241,95.91906841752643,7.777777777777778,0.1111111111111111,0.1111111111111111,0.7777777777777778,0.0,0.0,134.59865624608938
1,atr,3.0,3.0,5,1.0,tick,exchange,9,3,6,0.5555555555555556,1215.3879062148044,799.3084758780858,416.0794303367186,0.5696220361908477,2.1442307772746876,0.012914570220417322,288.05266041158757,7.666666666666667,0.1111111111111111,0.1111111111111111,0.7777777777777778,0.0,0.0,46.231047815190955
1,atr,3.0,3.0,5,1.0,tick,cfd_std,9,3,6,0.8888888888888888,1238.3879062148044,229.5,1008.8879062148044,0.16355169656143972,10.22040299561903,0.5445650039115373,109.41906841752643,7.555555555555555,0.1111111111111111,0.1111111111111111,0.7777777777777778,0.0,0.0,112.09865624608938
1,atr,3.0,3.0,5,1.0,tick,cfd_raw,9,3,6,0.8888888888888888,1227.3879062148044,190.0,1037.3879062148044,0.13540227602036403,10.437742888015547,0.5733540829798929,109.91906841752643,7.666666666666667,0.1111111111111111,0.1111111111111111,0.7777777777777778,0.0,0.0,115.26532291275605
1,atr,3.0,3.0,5,2.0,off,none,2,1,1,0.0,-403.57536810262536,0.0,-403.57536810262536,0.0,0.0,-1.0000000000000169,403.57536810262536,50.5,0.0,1.0,0.0,0.0,0.0,-201.78768405131268
1,atr,3.0,3.0,5,2.0,off,exchange,2,1,1,0.0,-399.57536810262536,177.8438109747361,-577.4191790773615,0.44508201749077636,0.0,-1.6279323688788336,577.4191790773621,50.5,0.0,1.0,0.0,0.0,0.0,-288.70958953868075
1,atr,3.0,3.0,5,2.0,off,cfd_std,2,1,1,0.0,-376.57536810262536,54.0,-430.57536810262536,0.14339758936459107,0.0,-1.0971526415285253,430.57536810262536,49.5,0.0,1.0,0.0,0.0,0.0,-215.28768405131268
1,atr,3.0,3.0,5,2.0,off,cfd_raw,2,1,1,0.0,-387.57536810262536,44.0,-431.57536810262536,0.1135263064198376,0.0,-1.1007508875110625,431.57536810262536,50.5,0.0,1.0,0.0,0.0,0.0,-215.78768405131268
1,atr,3.0,3.0,5,2.0,bar,none,2,1,1,1.0,157.92226127498725,0.0,157.92226127498725,0.0,inf,0.3335661955272404,0.0,16.0,0.0,0.0,1.0,0.0,0.0,78.96113063749362
1,atr,3.0,3.0,5,2.0,bar,exchange,2,1,1,0.5,157.92226127498725,178.01484991951432,-20.09258864452707,1.1272308823487538,0.7085681786677351,-0.30881491223799074,68.94438827123668,16.0,0.0,0.0,1.0,0.0,0.0,-10.046294322263535
1,atr,3.0,3.0,5,2.0,bar,cfd_std,2,1,1,0.5,157.92226127498725,54.0,103.92226127498725,0.34194039246924635,17.040383974705087,0.1392609124702236,6.478788876804174,16.0,0.0,0.0,1.0,0.0,0.0,51.961130637493625
1,atr,3.0,3.0,5,2.0,bar,cfd_raw,2,1,1,0.5,157.92226127498725,44.0,113.92226127498725,0.27861809756753403,78.03754272292461,0.17524337229559708,1.478788876804174,16.0,0.0,0.0,1.0,0.0,0.0,56.961130637493625
1,atr,3.0,3.0,5,2.0,tick,none,2,1,1,1.0,119.39580211410066,0.0,119.39580211410066,0.0,inf,0.3042185737660881,0.0,11.5,0.0,0.0,1.0,0.0,0.0,59.69790105705033
1,atr,3.0,3.0,5,2.0,tick,exchange,2,1,1,0.5,119.39580211410066,177.98763668993388,-58.591834575833204,1.4907361359308084,0.039327142853500155,-0.33810329174139875,60.99041327123996,11.5,0.0,0.0,1.0,0.0,0.0,-29.295917287916602
1,atr,3.0,3.0,5,2.0,tick,cfd_std,2,1,1,1.0,119.39580211410066,54.0,65.39580211410066,0.45227720777314157,inf,0.10991329070907134,0.0,11.5,0.0,0.0,1.0,0.0,0.0,32.69790105705033
1,atr,3.0,3.0,5,2.0,tick,cfd_raw,2,1,1,1.0,119.39580211410066,44.0,75.39580211410066,0.3685221692966339,inf,0.1458957505344448,0.0,11.5,0.0,0.0,1.0,0.0,0.0,37.69790105705033
1,atr,3.0,3.0,8,0.5,off,none,6,2,4,0.5,729.5458781553898,0.0,729.5458781553898,0.0,2.2268208347106864,0.9999999999999929,493.0568043618696,47.166666666666664,0.5,0.5,0.0,0.0,0.0,121.59097969256497
1,atr,3.0,3.0,8,0.5,off,exchange,6,2,4,0.5,741.5458781553898,528.6382311544585,212.90764700093143,0.27549406707541774,1.249100364294142,0.4068538683458214,665.6068660547317,47.166666666666664,0.5,0.5,0.0,0.0,0.0,35.484607833488575
1,atr,3.0,3.0,8,0.5,off,cfd_std,7,2,5,0.42857142857142855,663.0157837149309,148.5,514.5157837149309,0.07599028408922201,1.6827522950153393,0.6599964480074006,520.0568043618696,41.42857142857143,0.42857142857142855,0.5714285714285714,0.0,0.0,0.0,73.5022548164187
1,atr,3.0,3.0,8,0.5,off,cfd_raw,6,2,4,0.5,777.5458781553898,108.0,669.5458781553898,0.05628302587795949,2.0516475583042983,0.9338824447831932,521.0568043618696,47.5,0.5,0.5,0.0,0.0,0.0,111.59097969256497
1,atr,3.0,3.0,8,0.5,bar,none,12,4,8,0.9166666666666666,1356.5276518603787,0.0,1356.5276518603787,0.0,11.335604159642338,0.7433089596125445,131.2480268117506,9.083333333333334,0.16666666666666666,0.08333333333333333,0.75,0.0,0.0,113.04397098836489
1,atr,3.0,3.0,8,0.5,bar,exchange,12,4,8,0.3333333333333333,1362.5276518603787,1065.8624053699398,296.6652464904388,0.6575242556689058,1.573842593523315,0.0323220469708054,249.77403882754152,9.333333333333334,0.16666666666666666,0.08333333333333333,0.75,0.0,0.0,24.72210387420323
1,atr,3.0,3.0,8,0.5,bar,cfd_std,12,4,8,0.75,1397.0276518603787,297.0,1100.0276518603787,0.18192691414056325,7.27838027225586,0.5712902179314787,144.7480268117506,9.25,0.16666666666666666,0.08333333333333333,0.75,0.0,0.0,91.66897098836489
1,atr,3.0,3.0,8,0.5,bar,cfd_raw,12,4,8,0.75,1380.5276518603787,248.0,1132.5276518603787,0.15242556034316926,7.834443660468183,0.5931713587654946,145.2480268117506,9.333333333333334,0.16666666666666666,0.08333333333333333,0.75,0.0,0.0,94.37730432169822
1,atr,3.0,3.0,8,0.5,tick,none,12,4,8,0.9166666666666666,1213.2357945832046,0.0,1213.2357945832046,0.0,10.243840262249062,0.6065714763257922,131.2480268117506,7.25,0.08333333333333333,0.08333333333333333,0.8333333333333334,0.0,0.0,101.10298288193371
1,atr,3.0,3.0,8,0.5,tick,exchange,12,4,8,0.4166666666666667,1217.2357945832046,1067.8960971058343,149.33969747737044,0.7236383075987217,1.3094067447795932,-0.10834595120031613,441.62473466557276,7.25,0.08333333333333333,0.08333333333333333,0.8333333333333334,0.0,0.0,12.44497478978087
1,atr,3.0,3.0,8,0.5,tick,cfd_std,12,4,8,0.8333333333333334,1240.2357945832046,310.5,929.7357945832046,0.210404078747312,7.098587282166291,0.4084584896573451,144.7480268117506,7.166666666666667,0.08333333333333333,0.08333333333333333,0.8333333333333334,0.0,0.0,77.47798288193371
1,atr,3.0,3.0,8,0.5,tick,cfd_raw,12,4,8,0.8333333333333334,1229.2357945832046,256.0,973.2357945832046,0.1734732501105052,7.578094941272679,0.4409706191899238,145.2480268117506,7.25,0.08333333333333333,0.08333333333333333,0.8333333333333334,0.0,0.0,81.10298288193371
1,atr,3.0,3.0,8,1.0,off,none,4,2,2,0.25,94.93884928093757,0.0,94.93884928093757,0.0,1.1678375680726127,1.4876988529977098e-14,493.0568043618696,38.0,0.25,0.75,0.0,0.0,0.0,23.734712320234394
1,atr,3.0,3.0,8,1.0,off,exchange,4,2,2,0.25,102.93884928093757,353.61018156099954,-250.67133228006185,0.28930917299773545,0.6965435427968271,-0.5885279657747946,665.6068660547317,38.0,0.25,0.75,0.0,0.0,0.0,-62.66783307001546
1,atr,3.0,3.0,8,1.0,off,cfd_std,4,2,2,0.25,148.93884928093757,94.5,54.438849280937575,0.0787987851096568,1.089809504527983,-0.07611087691643803,520.0568043618696,35.75,0.25,0.75,0.0,0.0,0.0,13.609712320234394
1,atr,3.0,3.0,8,1.0,off,cfd_raw,4,2,2,0.25,126.93884928093757,80.0,46.938849280937575,0.06610165898553251,1.077245364307578,-0.08574180843424484,521.0568043618696,38.0,0.25,0.75,0.0,0.0,0.0,11.734712320234394
1,atr,3.0,3.0,8,1.0,bar,none,5,3,2,1.0,943.9572533708706,0.0,943.9572533708706,0.0,inf,0.8883898187411254,0.0,11.2,0.2,0.0,0.8,0.0,0.0,188.79145067417411
1,atr,3.0,3.0,8,1.0,bar,exchange,5,3,2,0.4,945.9572533708706,442.0003676636687,503.956885707202,0.46725194620435845,5.189958711739569,0.2915662224065444,75.78470887815638,11.2,0.2,0.0,0.8,0.0,0.0,100.79137714144039
1,atr,3.0,3.0,8,1.0,bar,cfd_std,5,3,2,0.8,957.4572533708706,121.5,835.9572533708706,0.12689861565332675,65.81385201538043,0.7308577271779617,12.897817787044914,11.2,0.2,0.0,0.8,0.0,0.0,167.19145067417412
1,atr,3.0,3.0,8,1.0,bar,cfd_raw,5,3,2,0.8,951.9572533708706,102.0,849.9572533708706,0.10714766827903152,108.61925335439965,0.7545807286062711,7.897817787044914,11.2,0.2,0.0,0.8,0.0,0.0,169.99145067417413
1,atr,3.0,3.0,8,1.0,tick,none,5,3,2,1.0,987.9179483891494,0.0,987.9179483891494,0.0,inf,0.9962688669751122,0.0,9.2,0.2,0.0,0.8,0.0,0.0,197.58358967782988
1,atr,3.0,3.0,8,1.0,tick,exchange,5,3,2,0.8,989.9179483891494,441.98403085699863,547.9339175321509,0.44648552092243615,10.456326447946095,0.3994342226301499,57.94363387816702,9.2,0.2,0.0,0.8,0.0,0.0,109.58678350643018
1,atr,3.0,3.0,8,1.0,tick,cfd_std,5,3,2,1.0,1001.4179483891494,121.5,879.9179483891494,0.12132796321000759,inf,0.8387367754119486,0.0,9.2,0.2,0.0,0.8,0.0,0.0,175.98358967782988
1,atr,3.0,3.0,8,1.0,tick,cfd_raw,5,3,2,1.0,995.9179483891494,102.0,893.9179483891494,0.10241807587159185,inf,0.8624597768402579,0.0,9.2,0.2,0.0,0.8,0.0,0.0,178.78358967782987
1,atr,3.0,3.0,8,2.0,off,none,1,1,0,0.0,-314.3867093152221,0.0,-314.3867093152221,0.0,0.0,-0.9999999999999997,314.3867093152221,62.0,0.0,1.0,0.0,0.0,0.0,-314.3867093152221
1,atr,3.0,3.0,8,2.0,off,exchange,1,1,0,0.0,-312.3867093152221,88.32435664534239,-400.7110659605645,0.28274044321205855,0.0,-1.2745801717679754,400.7110659605678,62.0,0.0,1.0,0.0,0.0,0.0,-400.7110659605645
1,atr,3.0,3.0,8,2.0,off,cfd_std,1,1,0,0.0,-300.8867093152221,27.0,-327.8867093152221,0.08973477114176424,0.0,-1.0429407465392058,327.8867093152221,60.0,0.0,1.0,0.0,0.0,0.0,-327.8867093152221
1,atr,3.0,3.0,8,2.0,off,cfd_raw,1,1,0,0.0,-306.3867093152221,22.0,-328.3867093152221,0.07180468124472585,0.0,-1.0445311445591763,328.3867093152221,62.0,0.0,1.0,0.0,0.0,0.0,-328.3867093152221
1,atr,3.0,3.0,8,2.0,bar,none,1,1,0,1.0,137.40105015179142,0.0,137.40105015179142,0.0,inf,0.43704471620657864,0.0,27.0,0.0,0.0,1.0,0.0,0.0,137.40105015179142
1,atr,3.0,3.0,8,2.0,bar,exchange,1,1,0,1.0,137.40105015179142,88.5492505250759,48.85179962671552,0.6444583242067848,inf,0.15538761079665708,0.0,27.0,0.0,0.0,1.0,0.0,0.0,48.85179962671552
1,atr,3.0,3.0,8,2.0,bar,cfd_std,1,1,0,1.0,137.40105015179142,27.0,110.40105015179142,0.19650504832511992,inf,0.35116322312816656,0.0,27.0,0.0,0.0,1.0,0.0,0.0,110.40105015179142
1,atr,3.0,3.0,8,2.0,bar,cfd_raw,1,1,0,1.0,137.40105015179142,22.0,115.40105015179142,0.16011522456120883,inf,0.3670672033278725,0.0,27.0,0.0,0.0,1.0,0.0,0.0,115.40105015179142
1,atr,3.0,3.0,8,2.0,tick,none,1,1,0,1.0,90.92459099090775,0.0,90.92459099090775,0.0,inf,0.2892125789571515,0.0,19.0,0.0,0.0,1.0,0.0,0.0,90.92459099090775
1,atr,3.0,3.0,8,2.0,tick,exchange,1,1,0,1.0,90.92459099090775,88.52601229549546,2.398578695412283,0.9736201321416762,inf,0.007629389615854689,0.0,19.0,0.0,0.0,1.0,0.0,0.0,2.398578695412283
1,atr,3.0,3.0,8,2.0,tick,cfd_std,1,1,0,1.0,90.92459099090775,27.0,63.924590990907745,0.29694936986518794,inf,0.20333108587873946,0.0,19.0,0.0,0.0,1.0,0.0,0.0,63.924590990907745
1,atr,3.0,3.0,8,2.0,tick,cfd_raw,1,1,0,1.0,90.92459099090775,22.0,68.92459099090775,0.24195874581607907,inf,0.2192350660784454,0.0,19.0,0.0,0.0,1.0,0.0,0.0,68.92459099090775
